"area_fips","own_code","industry_code","agglvl_code","size_code","year","qtr","disclosure_code","qtrly_estabs","month1_emplvl","month2_emplvl","month3_emplvl","total_qtrly_wages","taxable_qtrly_wages","qtrly_contributions","avg_wkly_wage","lq_disclosure_code","lq_qtrly_estabs","lq_month1_emplvl","lq_month2_emplvl","lq_month3_emplvl","lq_total_qtrly_wages","lq_taxable_qtrly_wages","lq_qtrly_contributions","lq_avg_wkly_wage","oty_disclosure_code","oty_qtrly_estabs_chg","oty_qtrly_estabs_pct_chg","oty_month1_emplvl_chg","oty_month1_emplvl_pct_chg","oty_month2_emplvl_chg","oty_month2_emplvl_pct_chg","oty_month3_emplvl_chg","oty_month3_emplvl_pct_chg","oty_total_qtrly_wages_chg","oty_total_qtrly_wages_pct_chg","oty_taxable_qtrly_wages_chg","oty_taxable_qtrly_wages_pct_chg","oty_qtrly_contributions_chg","oty_qtrly_contributions_pct_chg","oty_avg_wkly_wage_chg","oty_avg_wkly_wage_pct_chg"
"20000","0","10","50","0","2023","1","",95380,1396580,1402660,1405745,21049340067,12455240330,140767685,1155,"",1.00,1.00,1.00,1.00,1.00,1.00,1.00,1.00,"",4205,4.6,39136,2.9,33311,2.4,35140,2.6,2004267784,10.5,897182710,7.8,-27361467,-16.3,82,7.6
"20000","1","10","51","0","2023","1","",1215,26092,26107,26260,532673987,0,0,1567,"",2.47,0.98,0.98,0.98,1.04,0.00,0.00,1.06,"",6,0.5,529,2.1,759,3.0,860,3.4,83399258,18.6,0,0.0,0,0.0,208,15.3
"20000","1","102","52","0","2023","1","",1215,26092,26107,26260,532673987,0,0,1567,"",2.47,1.00,0.99,1.00,1.06,0.00,0.00,1.06,"",6,0.5,529,2.1,759,3.0,860,3.4,83399258,18.6,0,0.0,0,0.0,208,15.3
"20000","1","1021","53","0","2023","1","",582,6504,6528,6572,114617826,0,0,1349,"",2.37,1.05,1.05,1.06,1.23,0.00,0.00,1.17,"",4,0.7,-224,-3.3,-41,-0.6,-19,-0.3,21750062,23.4,0,0.0,0,0.0,271,25.1
"20000","1","1022","53","0","2023","1","",4,62,63,62,928550,0,0,1146,"",3.38,1.03,1.05,1.03,0.92,0.00,0.00,0.88,"",0,0.0,-6,-8.8,-4,-6.0,-6,-8.8,10831,1.2,0,0.0,0,0.0,103,9.9
"20000","1","1023","53","0","2023","1","",10,107,104,102,2796070,0,0,2061,"",1.51,0.91,0.90,0.88,0.85,0.00,0.00,0.95,"",2,25.0,4,3.9,3,3.0,2,2.0,478465,20.6,0,0.0,0,0.0,302,17.2
"20000","1","1024","53","0","2023","1","",32,290,292,305,6049770,0,0,1574,"",2.75,0.45,0.45,0.47,0.49,0.00,0.00,1.08,"",0,0.0,15,5.5,19,7.0,23,8.2,832937,16.0,0,0.0,0,0.0,124,8.6
"20000","1","1025","53","0","2023","1","",30,5740,5772,5809,124264640,0,0,1656,"",2.61,1.43,1.43,1.44,1.50,0.00,0.00,1.05,"",2,7.1,40,0.7,69,1.2,115,2.0,21107501,20.5,0,0.0,0,0.0,264,19.0
"20000","1","1026","53","0","2023","1","",19,207,213,231,1892094,0,0,671,"",1.64,0.52,0.52,0.56,0.41,0.00,0.00,0.77,"",0,0.0,4,2.0,28,15.1,36,18.5,384265,25.5,0,0.0,0,0.0,74,12.4
"20000","1","1027","53","0","2023","1","",2,24,23,22,405576,0,0,1356,"",1.50,0.53,0.51,0.49,0.70,0.00,0.00,1.38,"",0,0.0,2,9.1,0,0.0,-1,-4.3,78502,24.0,0,0.0,0,0.0,246,22.2
"20000","1","1028","53","0","2023","1","",536,13158,13112,13157,281719461,0,0,1649,"",2.67,0.89,0.89,0.89,0.92,0.00,0.00,1.03,"",-2,-0.4,694,5.6,685,5.5,710,5.7,38756695,16.0,0,0.0,0,0.0,147,9.8
"20000","1","44-45","54","0","2023","1","",8,149,146,152,1726161,0,0,891,"",1.39,0.39,0.38,0.40,0.61,0.00,0.00,1.55,"",0,0.0,-3,-2.0,-10,-6.4,-4,-2.6,229011,15.3,0,0.0,0,0.0,146,19.6
"20000","1","441","55","0","2023","1","",1,1,1,0,295,0,0,34,"",3.08,0.96,0.96,0.00,0.04,0.00,0.00,0.07,"",1,100.0,1,100.0,1,100.0,0,0.0,295,100.0,0,0.0,0,0.0,34,100.0
"20000","1","4413","56","0","2023","1","",1,1,1,0,295,0,0,34,"",3.08,0.96,0.96,0.00,0.04,0.00,0.00,0.07,"",1,100.0,1,100.0,1,100.0,0,0.0,295,100.0,0,0.0,0,0.0,34,100.0
"20000","1","44133","57","0","2023","1","",1,1,1,0,295,0,0,34,"",3.08,0.96,0.96,0.00,0.04,0.00,0.00,0.07,"",1,100.0,1,100.0,1,100.0,0,0.0,295,100.0,0,0.0,0,0.0,34,100.0
"20000","1","441330","58","0","2023","1","",1,1,1,0,295,0,0,34,"",3.08,0.96,0.96,0.00,0.04,0.00,0.00,0.07,"",1,100.0,1,100.0,1,100.0,0,0.0,295,100.0,0,0.0,0,0.0,34,100.0
"20000","1","445","55","0","2023","1","",4,141,138,145,1674399,0,0,911,"",2.42,1.51,1.48,1.55,1.77,0.00,0.00,1.17,"",0,0.0,-4,-2.8,-11,-7.4,-3,-2.0,217030,14.9,0,0.0,0,0.0,150,19.7
"20000","1","4451","56","0","2023","1","",4,141,138,145,1674399,0,0,911,"",2.42,1.51,1.48,1.55,1.77,0.00,0.00,1.17,"",0,0.0,-4,-2.8,-11,-7.4,-3,-2.0,217030,14.9,0,0.0,0,0.0,150,19.7
"20000","1","44511","57","0","2023","1","",4,141,138,145,1674399,0,0,911,"",2.82,1.61,1.57,1.64,1.84,0.00,0.00,1.14,"",0,0.0,-4,-2.8,-11,-7.4,-3,-2.0,217030,14.9,0,0.0,0,0.0,150,19.7
"20000","1","445110","58","0","2023","1","",4,141,138,145,1674399,0,0,911,"",2.82,1.61,1.57,1.64,1.84,0.00,0.00,1.14,"",0,0.0,-4,-2.8,-11,-7.4,-3,-2.0,217030,14.9,0,0.0,0,0.0,150,19.7
"20000","1","449","55","0","2023","1","",1,3,3,3,27083,0,0,694,"",1.93,0.19,0.19,0.19,0.53,0.00,0.00,2.74,"",0,0.0,-1,-25.0,-1,-25.0,-1,-25.0,-1500,-5.2,0,0.0,0,0.0,144,26.2
"20000","1","4491","56","0","2023","1","",1,3,3,3,27083,0,0,694,"",2.20,1.55,1.52,1.52,2.39,0.00,0.00,1.56,"",0,0.0,-1,-25.0,-1,-25.0,-1,-25.0,-1500,-5.2,0,0.0,0,0.0,144,26.2
"20000","1","44912","57","0","2023","1","",1,3,3,3,27083,0,0,694,"",2.24,1.79,1.76,1.76,2.66,0.00,0.00,1.50,"",0,0.0,-1,-25.0,-1,-25.0,-1,-25.0,-1500,-5.2,0,0.0,0,0.0,144,26.2
"20000","1","449129","58","0","2023","1","",1,3,3,3,27083,0,0,694,"",2.24,1.79,1.76,1.76,2.66,0.00,0.00,1.50,"",0,0.0,-1,-25.0,-1,-25.0,-1,-25.0,-1500,-5.2,0,0.0,0,0.0,144,26.2
"20000","1","459","55","0","2023","1","",2,4,4,4,24384,0,0,469,"",3.52,0.38,0.38,0.37,0.72,0.00,0.00,1.91,"",0,0.0,1,33.3,1,33.3,0,0.0,13186,117.8,0,0.0,0,0.0,211,81.8
"20000","1","4591","56","0","2023","1","",2,4,4,4,24384,0,0,469,"",4.93,3.01,2.78,2.45,3.24,0.00,0.00,1.19,"",0,0.0,1,33.3,1,33.3,0,0.0,13186,117.8,0,0.0,0,0.0,211,81.8
"20000","1","45911","57","0","2023","1","",2,4,4,4,24384,0,0,469,"",5.14,3.07,2.83,2.49,3.32,0.00,0.00,1.19,"",0,0.0,1,33.3,1,33.3,0,0.0,13186,117.8,0,0.0,0,0.0,211,81.8
"20000","1","459110","58","0","2023","1","",2,4,4,4,24384,0,0,469,"",5.14,3.07,2.83,2.49,3.32,0.00,0.00,1.19,"",0,0.0,1,33.3,1,33.3,0,0.0,13186,117.8,0,0.0,0,0.0,211,81.8
"20000","1","48-49","54","0","2023","1","",574,6355,6382,6420,112891665,0,0,1360,"",2.41,1.12,1.12,1.12,1.29,0.00,0.00,1.16,"",4,0.7,-221,-3.4,-31,-0.5,-15,-0.2,21521051,23.6,0,0.0,0,0.0,274,25.2
"20000","1","481","55","0","2023","1","",2,6,6,7,93369,0,0,1134,"",82.24,49.65,32.31,34.31,63.37,0.00,0.00,1.70,"",0,0.0,1,20.0,1,20.0,1,16.7,16173,21.0,0,0.0,0,0.0,21,1.9
"20000","1","4812","56","0","2023","1","",2,6,6,7,93369,0,0,1134,"",82.24,49.65,32.31,34.31,63.37,0.00,0.00,1.70,"",0,0.0,1,20.0,1,20.0,1,16.7,16173,21.0,0,0.0,0,0.0,21,1.9
"20000","1","48121","57","0","2023","1","",2,6,6,7,93369,0,0,1134,"",82.24,49.65,32.31,34.31,63.37,0.00,0.00,1.70,"",0,0.0,1,20.0,1,20.0,1,16.7,16173,21.0,0,0.0,0,0.0,21,1.9
"20000","1","481219","58","0","2023","1","",2,6,6,7,93369,0,0,1134,"",82.24,49.65,32.31,34.31,63.37,0.00,0.00,1.70,"",0,0.0,1,20.0,1,20.0,1,16.7,16173,21.0,0,0.0,0,0.0,21,1.9
"20000","1","487","55","0","2023","1","",2,96,103,105,1161618,0,0,882,"",123.36,107.57,107.69,107.82,136.60,0.00,0.00,1.27,"",0,0.0,-7,-6.8,2,2.0,4,4.0,116820,11.2,0,0.0,0,0.0,91,11.5
"20000","1","4879","56","0","2023","1","",2,96,103,105,1161618,0,0,882,"",123.36,107.57,107.69,107.82,136.60,0.00,0.00,1.27,"",0,0.0,-7,-6.8,2,2.0,4,4.0,116820,11.2,0,0.0,0,0.0,91,11.5
"20000","1","48799","57","0","2023","1","",2,96,103,105,1161618,0,0,882,"",123.36,107.57,107.69,107.82,136.60,0.00,0.00,1.27,"",0,0.0,-7,-6.8,2,2.0,4,4.0,116820,11.2,0,0.0,0,0.0,91,11.5
"20000","1","487990","58","0","2023","1","",2,96,103,105,1161618,0,0,882,"",123.36,107.57,107.69,107.82,136.60,0.00,0.00,1.27,"",0,0.0,-7,-6.8,2,2.0,4,4.0,116820,11.2,0,0.0,0,0.0,91,11.5
"20000","1","488","55","0","2023","1","",4,7,7,7,153458,0,0,1686,"",3.83,0.06,0.06,0.06,0.05,0.00,0.00,0.78,"",0,0.0,-2,-22.2,-2,-22.2,-2,-22.2,-27991,-15.4,0,0.0,0,0.0,135,8.7
"20000","1","4881","56","0","2023","1","",4,7,7,7,153458,0,0,1686,"",3.83,0.06,0.06,0.06,0.05,0.00,0.00,0.78,"",0,0.0,-2,-22.2,-2,-22.2,-2,-22.2,-27991,-15.4,0,0.0,0,0.0,135,8.7
"20000","1","48811","57","0","2023","1","",4,7,7,7,153458,0,0,1686,"",3.83,0.06,0.06,0.06,0.05,0.00,0.00,0.78,"",0,0.0,-2,-22.2,-2,-22.2,-2,-22.2,-27991,-15.4,0,0.0,0,0.0,135,8.7
"20000","1","488111","58","0","2023","1","",4,7,7,7,153458,0,0,1686,"",3.86,0.06,0.06,0.06,0.05,0.00,0.00,0.78,"",0,0.0,-2,-22.2,-2,-22.2,-2,-22.2,-27991,-15.4,0,0.0,0,0.0,135,8.7
"20000","1","491","55","0","2023","1","",566,6246,6266,6301,111483220,0,0,1368,"",2.38,1.12,1.12,1.13,1.33,0.00,0.00,1.18,"",4,0.7,-213,-3.3,-32,-0.5,-18,-0.3,21416049,23.8,0,0.0,0,0.0,278,25.5
"20000","1","4911","56","0","2023","1","",566,6246,6266,6301,111483220,0,0,1368,"",2.38,1.12,1.12,1.13,1.33,0.00,0.00,1.18,"",4,0.7,-213,-3.3,-32,-0.5,-18,-0.3,21416049,23.8,0,0.0,0,0.0,278,25.5
"20000","1","49111","57","0","2023","1","",566,6246,6266,6301,111483220,0,0,1368,"",2.38,1.12,1.12,1.13,1.33,0.00,0.00,1.18,"",4,0.7,-213,-3.3,-32,-0.5,-18,-0.3,21416049,23.8,0,0.0,0,0.0,278,25.5
"20000","1","491110","58","0","2023","1","",566,6246,6266,6301,111483220,0,0,1368,"",2.38,1.12,1.12,1.13,1.33,0.00,0.00,1.18,"",4,0.7,-213,-3.3,-32,-0.5,-18,-0.3,21416049,23.8,0,0.0,0,0.0,278,25.5
"20000","1","51","54","0","2023","1","",4,62,63,62,928550,0,0,1146,"",3.38,1.03,1.05,1.03,0.92,0.00,0.00,0.88,"",0,0.0,-6,-8.8,-4,-6.0,-6,-8.8,10831,1.2,0,0.0,0,0.0,103,9.9
"20000","1","519","55","0","2023","1","",4,62,63,62,928550,0,0,1146,"",3.83,1.33,1.35,1.32,1.10,0.00,0.00,0.83,"",0,0.0,-6,-8.8,-4,-6.0,-6,-8.8,10831,1.2,0,0.0,0,0.0,103,9.9
"20000","1","5192","56","0","2023","1","",4,62,63,62,928550,0,0,1146,"",3.83,1.33,1.35,1.32,1.10,0.00,0.00,0.83,"",0,0.0,-6,-8.8,-4,-6.0,-6,-8.8,10831,1.2,0,0.0,0,0.0,103,9.9
"20000","1","51921","57","0","2023","1","",4,62,63,62,928550,0,0,1146,"",3.83,1.33,1.35,1.32,1.10,0.00,0.00,0.83,"",0,0.0,-6,-8.8,-4,-6.0,-6,-8.8,10831,1.2,0,0.0,0,0.0,103,9.9
"20000","1","519210","58","0","2023","1","",4,62,63,62,928550,0,0,1146,"",3.83,1.33,1.35,1.32,1.10,0.00,0.00,0.83,"",0,0.0,-6,-8.8,-4,-6.0,-6,-8.8,10831,1.2,0,0.0,0,0.0,103,9.9
"20000","1","52","54","0","2023","1","",10,107,104,102,2796070,0,0,2061,"",1.53,0.92,0.90,0.88,0.85,0.00,0.00,0.95,"",2,25.0,4,3.9,3,3.0,2,2.0,478465,20.6,0,0.0,0,0.0,302,17.2
"20000","1","522","55","0","2023","1","",7,63,63,62,1383962,0,0,1699,"",1.35,1.07,1.07,1.06,1.11,0.00,0.00,1.04,"",1,16.7,4,6.8,5,8.6,3,5.1,229065,19.8,0,0.0,0,0.0,185,12.2
"20000","1","5222","56","0","2023","1","",7,63,63,62,1383962,0,0,1699,"",1.36,1.07,1.07,1.06,1.11,0.00,0.00,1.04,"",1,16.7,4,6.8,5,8.6,3,5.1,229065,19.8,0,0.0,0,0.0,185,12.2
"20000","1","52229","57","0","2023","1","",7,63,63,62,1383962,0,0,1699,"",1.36,1.07,1.07,1.06,1.11,0.00,0.00,1.04,"",1,16.7,4,6.8,5,8.6,3,5.1,229065,19.8,0,0.0,0,0.0,185,12.2
"20000","1","522292","58","0","2023","1","",4,56,56,55,1145170,0,0,1582,"",1.70,1.88,1.89,1.86,2.31,0.00,0.00,1.23,"",0,0.0,3,5.7,4,7.7,2,3.8,146484,14.7,0,0.0,0,0.0,123,8.4
"20000","1","522299","58","0","2023","1","",3,7,7,7,238792,0,0,2624,"",1.07,0.24,0.24,0.24,0.32,0.00,0.00,1.32,"",1,50.0,1,16.7,1,16.7,1,16.7,82581,52.9,0,0.0,0,0.0,621,31.0
"20000","1","524","55","0","2023","1","",3,44,41,40,1412108,0,0,2607,"",2.26,0.76,0.72,0.70,0.70,0.00,0.00,0.96,"",1,50.0,0,0.0,-2,-4.7,-1,-2.4,249400,21.4,0,0.0,0,0.0,511,24.4
"20000","1","5241","56","0","2023","1","",3,44,41,40,1412108,0,0,2607,"",3.06,0.80,0.76,0.74,0.72,0.00,0.00,0.94,"",1,50.0,0,0.0,-2,-4.7,-1,-2.4,249400,21.4,0,0.0,0,0.0,511,24.4
"20000","1","52412","57","0","2023","1","",3,44,41,40,1412108,0,0,2607,"",3.06,0.80,0.76,0.74,0.72,0.00,0.00,0.94,"",1,50.0,0,0.0,-2,-4.7,-1,-2.4,249400,21.4,0,0.0,0,0.0,511,24.4
"20000","1","524128","58","0","2023","1","",3,44,41,40,1412108,0,0,2607,"",3.11,0.80,0.76,0.74,0.72,0.00,0.00,0.94,"",1,50.0,0,0.0,-2,-4.7,-1,-2.4,249400,21.4,0,0.0,0,0.0,511,24.4
"20000","1","54","54","0","2023","1","",28,284,287,299,6016743,0,0,1596,"",2.69,0.45,0.46,0.48,0.50,0.00,0.00,1.08,"",0,0.0,16,6.0,21,7.9,24,8.7,831762,16.0,0,0.0,0,0.0,117,7.9
"20000","1","541","55","0","2023","1","",28,284,287,299,6016743,0,0,1596,"",2.69,0.45,0.46,0.48,0.50,0.00,0.00,1.08,"",0,0.0,16,6.0,21,7.9,24,8.7,831762,16.0,0,0.0,0,0.0,117,7.9
"20000","1","5412","56","0","2023","1","",2,9,9,9,121799,0,0,1041,"",3.33,1.24,1.24,1.23,1.45,0.00,0.00,1.17,"",0,0.0,1,12.5,1,12.5,-2,-18.2,9033,8.0,0,0.0,0,0.0,77,8.0
"20000","1","54121","57","0","2023","1","",2,9,9,9,121799,0,0,1041,"",3.33,1.24,1.24,1.23,1.45,0.00,0.00,1.17,"",0,0.0,1,12.5,1,12.5,-2,-18.2,9033,8.0,0,0.0,0,0.0,77,8.0
"20000","1","541219","58","0","2023","1","",2,9,9,9,121799,0,0,1041,"",3.58,1.56,1.58,1.56,1.60,0.00,0.00,1.02,"",0,0.0,1,12.5,1,12.5,-2,-18.2,9033,8.0,0,0.0,0,0.0,77,8.0
"20000","1","5413","56","0","2023","1","",18,169,170,183,3181545,0,0,1407,"",2.80,0.34,0.34,0.37,0.34,0.00,0.00,0.99,"",0,0.0,5,3.0,6,3.7,12,7.0,310729,10.8,0,0.0,0,0.0,79,5.9
"20000","1","54133","57","0","2023","1","",18,169,170,183,3181545,0,0,1407,"",2.83,0.35,0.35,0.38,0.36,0.00,0.00,0.99,"",0,0.0,5,3.0,6,3.7,12,7.0,310729,10.8,0,0.0,0,0.0,79,5.9
"20000","1","541330","58","0","2023","1","",18,169,170,183,3181545,0,0,1407,"",2.83,0.35,0.35,0.38,0.36,0.00,0.00,0.99,"",0,0.0,5,3.0,6,3.7,12,7.0,310729,10.8,0,0.0,0,0.0,79,5.9
"20000","1","5415","56","0","2023","1","",2,5,5,5,83877,0,0,1290,"",3.52,3.36,3.43,3.39,4.25,0.00,0.00,1.25,"",0,0.0,0,0.0,1,25.0,1,25.0,17149,25.7,0,0.0,0,0.0,105,8.9
"20000","1","54151","57","0","2023","1","",2,5,5,5,83877,0,0,1290,"",3.52,3.36,3.43,3.39,4.25,0.00,0.00,1.25,"",0,0.0,0,0.0,1,25.0,1,25.0,17149,25.7,0,0.0,0,0.0,105,8.9
"20000","1","541513","58","0","2023","1","",2,5,5,5,83877,0,0,1290,"",5.48,4.52,4.56,4.42,5.19,0.00,0.00,1.15,"",0,0.0,0,0.0,1,25.0,1,25.0,17149,25.7,0,0.0,0,0.0,105,8.9
"20000","1","5417","56","0","2023","1","",1,7,9,9,257112,0,0,2373,"",1.27,0.10,0.13,0.13,0.15,0.00,0.00,1.27,"",0,0.0,5,250.0,7,350.0,6,200.0,194779,312.5,0,0.0,0,0.0,318,15.5
"20000","1","54171","57","0","2023","1","",1,7,9,9,257112,0,0,2373,"",1.29,0.10,0.13,0.13,0.15,0.00,0.00,1.27,"",0,0.0,5,250.0,7,350.0,6,200.0,194779,312.5,0,0.0,0,0.0,318,15.5
"20000","1","541715","58","0","2023","1","",1,7,9,9,257112,0,0,2373,"",1.54,0.14,0.18,0.18,0.21,0.00,0.00,1.23,"",0,0.0,5,250.0,7,350.0,6,200.0,194779,312.5,0,0.0,0,0.0,318,15.5
"20000","1","5419","56","0","2023","1","",5,94,94,93,2372410,0,0,1948,"",4.47,2.31,2.30,2.28,2.87,0.00,0.00,1.25,"",0,0.0,5,5.6,6,6.8,7,8.1,300072,14.5,0,0.0,0,0.0,130,7.2
"20000","1","54199","57","0","2023","1","",5,94,94,93,2372410,0,0,1948,"",4.54,2.54,2.55,2.53,2.96,0.00,0.00,1.17,"",0,0.0,5,5.6,6,6.8,7,8.1,300072,14.5,0,0.0,0,0.0,130,7.2
"20000","1","541990","58","0","2023","1","",5,94,94,93,2372410,0,0,1948,"",4.54,2.54,2.55,2.53,2.96,0.00,0.00,1.17,"",0,0.0,5,5.6,6,6.8,7,8.1,300072,14.5,0,0.0,0,0.0,130,7.2
"20000","1","56","54","0","2023","1","",4,6,5,6,33027,0,0,448,"",3.25,0.40,0.33,0.39,0.22,0.00,0.00,0.59,"",0,0.0,-1,-14.3,-2,-28.6,-1,-14.3,1175,3.7,0,0.0,0,0.0,98,28.0
"20000","1","561","55","0","2023","1","",4,6,5,6,33027,0,0,448,"",3.68,0.43,0.36,0.42,0.24,0.00,0.00,0.59,"",0,0.0,-1,-14.3,-2,-28.6,-1,-14.3,1175,3.7,0,0.0,0,0.0,98,28.0
"20000","1","5611","56","0","2023","1","",1,0,0,0,0,0,0,0,"",9.49,0.00,0.00,0.00,0.00,0.00,0.00,0.00,"",0,0.0,0,0.0,0,0.0,0,0.0,0,0.0,0,0.0,0,0.0,0,0.0
"20000","1","56111","57","0","2023","1","",1,0,0,0,0,0,0,0,"",9.49,0.00,0.00,0.00,0.00,0.00,0.00,0.00,"",0,0.0,0,0.0,0,0.0,0,0.0,0,0.0,0,0.0,0,0.0,0,0.0
"20000","1","561110","58","0","2023","1","",1,0,0,0,0,0,0,0,"",9.49,0.00,0.00,0.00,0.00,0.00,0.00,0.00,"",0,0.0,0,0.0,0,0.0,0,0.0,0,0.0,0,0.0,0,0.0,0,0.0
"20000","1","5615","56","0","2023","1","",3,6,5,6,33027,0,0,448,"",3.66,1.19,0.98,1.15,0.91,0.00,0.00,0.82,"",0,0.0,-1,-14.3,-2,-28.6,-1,-14.3,1175,3.7,0,0.0,0,0.0,98,28.0
"20000","1","56152","57","0","2023","1","",1,2,1,2,14031,0,0,648,"",2.37,2.31,1.15,2.27,2.66,0.00,0.00,1.40,"",0,0.0,0,0.0,-1,-50.0,0,0.0,1373,10.8,0,0.0,0,0.0,161,33.1
"20000","1","561520","58","0","2023","1","",1,2,1,2,14031,0,0,648,"",2.37,2.31,1.15,2.27,2.66,0.00,0.00,1.40,"",0,0.0,0,0.0,-1,-50.0,0,0.0,1373,10.8,0,0.0,0,0.0,161,33.1
"20000","1","56159","57","0","2023","1","",2,4,4,4,18996,0,0,365,"",5.61,0.97,0.96,0.94,0.61,0.00,0.00,0.64,"",0,0.0,-1,-20.0,-1,-20.0,-1,-20.0,-198,-1.0,0,0.0,0,0.0,70,23.7
"20000","1","561599","58","0","2023","1","",2,4,4,4,18996,0,0,365,"",5.61,0.97,0.96,0.94,0.61,0.00,0.00,0.64,"",0,0.0,-1,-20.0,-1,-20.0,-1,-20.0,-198,-1.0,0,0.0,0,0.0,70,23.7
"20000","1","61","54","0","2023","1","",7,168,177,179,3055463,0,0,1346,"",5.05,1.45,1.52,1.54,1.46,0.00,0.00,0.97,"",0,0.0,11,7.0,21,13.5,19,11.9,483228,18.8,0,0.0,0,0.0,91,7.3
"20000","1","611","55","0","2023","1","",7,168,177,179,3055463,0,0,1346,"",5.05,1.45,1.52,1.54,1.46,0.00,0.00,0.97,"",0,0.0,11,7.0,21,13.5,19,11.9,483228,18.8,0,0.0,0,0.0,91,7.3
"20000","1","6111","56","0","2023","1","",1,0,0,0,0,0,0,0,"",2.42,0.00,0.00,0.00,0.00,0.00,0.00,0.00,"",0,0.0,0,0.0,-1,-100.0,-1,-100.0,-25527,-100.0,0,0.0,0,0.0,-2945,-100.0
"20000","1","61111","57","0","2023","1","",1,0,0,0,0,0,0,0,"",2.42,0.00,0.00,0.00,0.00,0.00,0.00,0.00,"",0,0.0,0,0.0,-1,-100.0,-1,-100.0,-25527,-100.0,0,0.0,0,0.0,-2945,-100.0
"20000","1","611110","58","0","2023","1","",1,0,0,0,0,0,0,0,"",2.42,0.00,0.00,0.00,0.00,0.00,0.00,0.00,"",0,0.0,0,0.0,-1,-100.0,-1,-100.0,-25527,-100.0,0,0.0,0,0.0,-2945,-100.0
"20000","1","6113","56","0","2023","1","",2,144,153,154,2668144,0,0,1365,"",6.17,2.98,3.15,3.18,2.58,0.00,0.00,0.83,"",0,0.0,13,9.9,22,16.8,20,14.9,511938,23.7,0,0.0,0,0.0,108,8.6
"20000","1","61131","57","0","2023","1","",2,144,153,154,2668144,0,0,1365,"",6.17,2.98,3.15,3.18,2.58,0.00,0.00,0.83,"",0,0.0,13,9.9,22,16.8,20,14.9,511938,23.7,0,0.0,0,0.0,108,8.6
"20000","1","611310","58","0","2023","1","",2,144,153,154,2668144,0,0,1365,"",6.17,2.98,3.15,3.18,2.58,0.00,0.00,0.83,"",0,0.0,13,9.9,22,16.8,20,14.9,511938,23.7,0,0.0,0,0.0,108,8.6
"20000","1","6115","56","0","2023","1","",1,2,2,2,56641,0,0,2179,"",8.22,0.17,0.17,0.17,0.24,0.00,0.00,1.44,"",0,0.0,0,0.0,0,0.0,0,0.0,2156,4.0,0,0.0,0,0.0,83,4.0
"20000","1","61151","57","0","2023","1","",1,2,2,2,56641,0,0,2179,"",8.22,0.17,0.17,0.17,0.24,0.00,0.00,1.44,"",0,0.0,0,0.0,0,0.0,0,0.0,2156,4.0,0,0.0,0,0.0,83,4.0
"20000","1","611519","58","0","2023","1","",1,2,2,2,56641,0,0,2179,"",8.81,0.17,0.17,0.17,0.24,0.00,0.00,1.43,"",0,0.0,0,0.0,0,0.0,0,0.0,2156,4.0,0,0.0,0,0.0,83,4.0
"20000","1","6116","56","0","2023","1","",3,22,22,23,330678,0,0,1139,"",5.78,4.23,4.21,4.44,5.08,0.00,0.00,1.18,"",0,0.0,-2,-8.3,0,0.0,0,0.0,-5339,-1.6,0,0.0,0,0.0,15,1.3
"20000","1","61161","57","0","2023","1","",1,1,1,1,13320,0,0,1025,"",11.21,5.66,5.98,4.69,17.16,0.00,0.00,3.19,"",0,0.0,0,0.0,0,0.0,0,0.0,3578,36.7,0,0.0,0,0.0,276,36.8
"20000","1","611610","58","0","2023","1","",1,1,1,1,13320,0,0,1025,"",11.21,5.66,5.98,4.69,17.16,0.00,0.00,3.19,"",0,0.0,0,0.0,0,0.0,0,0.0,3578,36.7,0,0.0,0,0.0,276,36.8
"20000","1","61169","57","0","2023","1","",2,21,21,22,317358,0,0,1144,"",4.66,4.18,4.15,4.43,4.94,0.00,0.00,1.16,"",0,0.0,-2,-8.7,0,0.0,0,0.0,-8917,-2.7,0,0.0,0,0.0,3,0.3
"20000","1","611692","58","0","2023","1","",2,21,21,22,317358,0,0,1144,"",123.36,107.57,107.69,107.82,136.60,0.00,0.00,1.27,"",0,0.0,-2,-8.7,0,0.0,0,0.0,-8917,-2.7,0,0.0,0,0.0,3,0.3
"20000","1","62","54","0","2023","1","",23,5572,5595,5630,121209177,0,0,1665,"",2.27,1.43,1.43,1.44,1.50,0.00,0.00,1.05,"",2,9.5,29,0.5,48,0.9,96,1.7,20624273,20.5,0,0.0,0,0.0,269,19.3
"20000","1","621","55","0","2023","1","",6,308,303,310,6032575,0,0,1512,"",1.58,0.87,0.85,0.87,0.82,0.00,0.00,0.95,"",0,0.0,-25,-7.5,-30,-9.0,-20,-6.1,158348,2.7,0,0.0,0,0.0,151,11.1
"20000","1","6211","56","0","2023","1","",5,69,67,71,1516790,0,0,1691,"",1.83,0.31,0.29,0.31,0.31,0.00,0.00,1.02,"",0,0.0,9,15.0,3,4.7,7,10.9,373077,32.6,0,0.0,0,0.0,287,20.4
"20000","1","62111","57","0","2023","1","",5,69,67,71,1516790,0,0,1691,"",1.83,0.31,0.29,0.31,0.31,0.00,0.00,1.02,"",0,0.0,9,15.0,3,4.7,7,10.9,373077,32.6,0,0.0,0,0.0,287,20.4
"20000","1","621111","58","0","2023","1","",5,69,67,71,1516790,0,0,1691,"",1.83,0.31,0.29,0.31,0.31,0.00,0.00,1.02,"",0,0.0,9,15.0,3,4.7,7,10.9,373077,32.6,0,0.0,0,0.0,287,20.4
"20000","1","6214","56","0","2023","1","",1,239,236,239,4515785,0,0,1460,"",1.02,1.92,1.90,1.93,1.94,0.00,0.00,1.01,"",0,0.0,-34,-12.5,-33,-12.3,-27,-10.2,-214729,-4.5,0,0.0,0,0.0,109,8.1
"20000","1","62149","57","0","2023","1","",1,239,236,239,4515785,0,0,1460,"",1.04,1.93,1.91,1.94,1.95,0.00,0.00,1.01,"",0,0.0,-34,-12.5,-33,-12.3,-27,-10.2,-214729,-4.5,0,0.0,0,0.0,109,8.1
"20000","1","621493","58","0","2023","1","",1,239,236,239,4515785,0,0,1460,"",2.33,6.08,6.17,6.27,6.67,0.00,0.00,1.08,"",0,0.0,-34,-12.5,-33,-12.3,-27,-10.2,-214729,-4.5,0,0.0,0,0.0,109,8.1
"20000","1","622","55","0","2023","1","",7,4855,4878,4879,111386607,0,0,1759,"",2.06,1.43,1.43,1.43,1.55,0.00,0.00,1.08,"",2,40.0,47,1.0,63,1.3,70,1.5,20011579,21.9,0,0.0,0,0.0,298,20.4
"20000","1","6221","56","0","2023","1","",7,4855,4878,4879,111386607,0,0,1759,"",2.09,1.46,1.46,1.46,1.58,0.00,0.00,1.08,"",2,40.0,47,1.0,63,1.3,70,1.5,20011579,21.9,0,0.0,0,0.0,298,20.4
"20000","1","62211","57","0","2023","1","",7,4855,4878,4879,111386607,0,0,1759,"",2.09,1.46,1.46,1.46,1.58,0.00,0.00,1.08,"",2,40.0,47,1.0,63,1.3,70,1.5,20011579,21.9,0,0.0,0,0.0,298,20.4
"20000","1","622110","58","0","2023","1","",7,4855,4878,4879,111386607,0,0,1759,"",2.09,1.46,1.46,1.46,1.58,0.00,0.00,1.08,"",2,40.0,47,1.0,63,1.3,70,1.5,20011579,21.9,0,0.0,0,0.0,298,20.4
"20000","1","623","55","0","2023","1","",1,23,23,24,380278,0,0,1254,"",15.42,1.84,1.83,1.89,1.83,0.00,0.00,0.99,"",0,0.0,-5,-17.9,-4,-14.8,-2,-7.7,-62635,-14.1,0,0.0,0,0.0,-8,-0.6
"20000","1","6233","56","0","2023","1","",1,23,23,24,380278,0,0,1254,"",30.84,2.23,2.23,2.31,2.14,0.00,0.00,0.95,"",0,0.0,-5,-17.9,-4,-14.8,-2,-7.7,-62635,-14.1,0,0.0,0,0.0,-8,-0.6
"20000","1","62331","57","0","2023","1","",1,23,23,24,380278,0,0,1254,"",30.84,2.23,2.23,2.31,2.14,0.00,0.00,0.95,"",0,0.0,-5,-17.9,-4,-14.8,-2,-7.7,-62635,-14.1,0,0.0,0,0.0,-8,-0.6
"20000","1","623312","58","0","2023","1","",1,23,23,24,380278,0,0,1254,"",123.36,107.57,107.69,107.82,136.60,0.00,0.00,1.27,"",0,0.0,-5,-17.9,-4,-14.8,-2,-7.7,-62635,-14.1,0,0.0,0,0.0,-8,-0.6
"20000","1","624","55","0","2023","1","",9,386,391,417,3409717,0,0,659,"",3.15,2.82,2.85,3.01,2.82,0.00,0.00,0.97,"",0,0.0,12,3.2,19,5.1,48,13.0,516981,17.9,0,0.0,0,0.0,60,10.0
"20000","1","6241","56","0","2023","1","",3,16,17,20,206855,0,0,901,"",2.55,0.73,0.80,0.93,0.95,0.00,0.00,1.16,"",0,0.0,-4,-20.0,-1,-5.6,1,5.3,-22844,-9.9,0,0.0,0,0.0,-29,-3.1
"20000","1","62412","57","0","2023","1","",1,1,1,1,11289,0,0,868,"",3.86,0.39,0.39,0.37,0.24,0.00,0.00,0.63,"",0,0.0,0,0.0,0,0.0,0,0.0,545,5.1,0,0.0,0,0.0,42,5.1
"20000","1","624120","58","0","2023","1","",1,1,1,1,11289,0,0,868,"",3.86,0.39,0.39,0.37,0.24,0.00,0.00,0.63,"",0,0.0,0,0.0,0,0.0,0,0.0,545,5.1,0,0.0,0,0.0,42,5.1
"20000","1","62419","57","0","2023","1","",2,15,16,19,195566,0,0,903,"",3.80,1.30,1.40,1.69,1.72,0.00,0.00,1.17,"",0,0.0,-4,-21.1,-1,-5.9,1,5.6,-23389,-10.7,0,0.0,0,0.0,-33,-3.5
"20000","1","624190","58","0","2023","1","",2,15,16,19,195566,0,0,903,"",3.80,1.30,1.40,1.69,1.72,0.00,0.00,1.17,"",0,0.0,-4,-21.1,-1,-5.9,1,5.6,-23389,-10.7,0,0.0,0,0.0,-33,-3.5
"20000","1","6242","56","0","2023","1","",2,63,65,64,507467,0,0,610,"",22.43,40.34,40.69,40.59,48.17,0.00,0.00,1.19,"",0,0.0,4,6.8,11,20.4,10,18.5,63079,14.2,0,0.0,0,0.0,-4,-0.7
"20000","1","62422","57","0","2023","1","",2,63,65,64,507467,0,0,610,"",82.24,92.84,93.33,94.53,112.37,0.00,0.00,1.20,"",0,0.0,4,6.8,11,20.4,10,18.5,63079,14.2,0,0.0,0,0.0,-4,-0.7
"20000","1","624221","58","0","2023","1","",2,63,65,64,507467,0,0,610,"",82.24,92.84,93.33,94.53,112.37,0.00,0.00,1.20,"",0,0.0,4,6.8,11,20.4,10,18.5,63079,14.2,0,0.0,0,0.0,-4,-0.7
"20000","1","6243","56","0","2023","1","",1,3,3,3,52580,0,0,1348,"",1.71,0.15,0.15,0.15,0.16,0.00,0.00,1.07,"",0,0.0,0,0.0,0,0.0,0,0.0,17279,48.9,0,0.0,0,0.0,443,49.0
"20000","1","62431","57","0","2023","1","",1,3,3,3,52580,0,0,1348,"",1.71,0.15,0.15,0.15,0.16,0.00,0.00,1.07,"",0,0.0,0,0.0,0,0.0,0,0.0,17279,48.9,0,0.0,0,0.0,443,49.0
"20000","1","624310","58","0","2023","1","",1,3,3,3,52580,0,0,1348,"",1.71,0.15,0.15,0.15,0.16,0.00,0.00,1.07,"",0,0.0,0,0.0,0,0.0,0,0.0,17279,48.9,0,0.0,0,0.0,443,49.0
"20000","1","6244","56","0","2023","1","",3,304,306,330,2642815,0,0,649,"",2.96,3.27,3.27,3.46,4.07,0.00,0.00,1.22,"",0,0.0,12,4.1,9,3.0,37,12.6,459467,21.0,0,0.0,0,0.0,78,13.7
"20000","1","62441","57","0","2023","1","",3,304,306,330,2642815,0,0,649,"",2.96,3.27,3.27,3.46,4.07,0.00,0.00,1.22,"",0,0.0,12,4.1,9,3.0,37,12.6,459467,21.0,0,0.0,0,0.0,78,13.7
"20000","1","624410","58","0","2023","1","",3,304,306,330,2642815,0,0,649,"",2.96,3.27,3.27,3.46,4.07,0.00,0.00,1.22,"",0,0.0,12,4.1,9,3.0,37,12.6,459467,21.0,0,0.0,0,0.0,78,13.7
"20000","1","71","54","0","2023","1","",16,196,196,210,1776593,0,0,681,"",1.90,0.59,0.58,0.62,0.43,0.00,0.00,0.72,"",0,0.0,6,3.2,25,14.6,30,16.7,357223,25.2,0,0.0,0,0.0,76,12.6
"20000","1","712","55","0","2023","1","",6,47,51,54,914829,0,0,1389,"",1.55,0.25,0.27,0.28,0.30,0.00,0.00,1.12,"",0,0.0,-3,-6.0,4,8.5,6,12.5,132180,16.9,0,0.0,0,0.0,143,11.5
"20000","1","7121","56","0","2023","1","",6,47,51,54,914829,0,0,1389,"",1.55,0.25,0.27,0.28,0.30,0.00,0.00,1.12,"",0,0.0,-3,-6.0,4,8.5,6,12.5,132180,16.9,0,0.0,0,0.0,143,11.5
"20000","1","71212","57","0","2023","1","",1,0,0,1,3650,0,0,842,"",5.14,0.00,0.00,0.20,0.05,0.00,0.00,0.70,"",0,0.0,0,0.0,0,0.0,1,100.0,3650,100.0,0,0.0,0,0.0,842,100.0
"20000","1","712120","58","0","2023","1","",1,0,0,1,3650,0,0,842,"",5.14,0.00,0.00,0.20,0.05,0.00,0.00,0.70,"",0,0.0,0,0.0,0,0.0,1,100.0,3650,100.0,0,0.0,0,0.0,842,100.0
"20000","1","71219","57","0","2023","1","",5,47,51,53,911179,0,0,1393,"",1.50,0.37,0.38,0.39,0.46,0.00,0.00,1.21,"",0,0.0,-3,-6.0,4,8.5,5,10.4,128530,16.4,0,0.0,0,0.0,147,11.8
"20000","1","712190","58","0","2023","1","",5,47,51,53,911179,0,0,1393,"",1.50,0.37,0.38,0.39,0.46,0.00,0.00,1.21,"",0,0.0,-3,-6.0,4,8.5,5,10.4,128530,16.4,0,0.0,0,0.0,147,11.8
"20000","1","713","55","0","2023","1","",10,149,145,156,861764,0,0,442,"",2.24,1.12,1.08,1.16,0.92,0.00,0.00,0.82,"",0,0.0,9,6.4,21,16.9,24,18.2,225043,35.3,0,0.0,0,0.0,71,19.1
"20000","1","7139","56","0","2023","1","",10,149,145,156,861764,0,0,442,"",2.27,1.13,1.09,1.17,0.93,0.00,0.00,0.83,"",0,0.0,9,6.4,21,16.9,24,18.2,225043,35.3,0,0.0,0,0.0,71,19.1
"20000","1","71394","57","0","2023","1","",4,118,114,123,622096,0,0,404,"",2.94,2.20,2.12,2.27,1.61,0.00,0.00,0.73,"",0,0.0,2,1.7,16,16.3,17,16.0,148492,31.4,0,0.0,0,0.0,62,18.1
"20000","1","713940","58","0","2023","1","",4,118,114,123,622096,0,0,404,"",2.94,2.20,2.12,2.27,1.61,0.00,0.00,0.73,"",0,0.0,2,1.7,16,16.3,17,16.0,148492,31.4,0,0.0,0,0.0,62,18.1
"20000","1","71395","57","0","2023","1","",3,23,23,25,172204,0,0,560,"",3.90,2.35,2.33,2.52,3.14,0.00,0.00,1.31,"",0,0.0,7,43.8,6,35.3,8,47.1,62205,56.6,0,0.0,0,0.0,52,10.2
"20000","1","713950","58","0","2023","1","",3,23,23,25,172204,0,0,560,"",3.90,2.35,2.33,2.52,3.14,0.00,0.00,1.31,"",0,0.0,7,43.8,6,35.3,8,47.1,62205,56.6,0,0.0,0,0.0,52,10.2
"20000","1","71399","57","0","2023","1","",3,8,8,8,67464,0,0,649,"",1.88,0.15,0.14,0.14,0.17,0.00,0.00,1.18,"",0,0.0,0,0.0,-1,-11.1,-1,-11.1,14346,27.0,0,0.0,0,0.0,178,37.8
"20000","1","713990","58","0","2023","1","",3,8,8,8,67464,0,0,649,"",1.88,0.15,0.14,0.14,0.17,0.00,0.00,1.18,"",0,0.0,0,0.0,-1,-11.1,-1,-11.1,14346,27.0,0,0.0,0,0.0,178,37.8
"20000","1","72","54","0","2023","1","",3,11,17,21,115501,0,0,544,"",0.94,0.16,0.24,0.30,0.24,0.00,0.00,1.03,"",0,0.0,-2,-15.4,3,21.4,6,40.0,27042,30.6,0,0.0,0,0.0,58,11.9
"20000","1","721","55","0","2023","1","",1,6,7,6,33881,0,0,412,"",0.59,0.14,0.17,0.14,0.11,0.00,0.00,0.71,"",0,0.0,1,20.0,1,16.7,0,0.0,12867,61.2,0,0.0,0,0.0,127,44.6
"20000","1","7211","56","0","2023","1","",1,6,7,6,33881,0,0,412,"",0.98,0.20,0.24,0.20,0.14,0.00,0.00,0.67,"",0,0.0,1,20.0,1,16.7,0,0.0,12867,61.2,0,0.0,0,0.0,127,44.6
"20000","1","72119","57","0","2023","1","",1,6,7,6,33881,0,0,412,"",1.43,0.33,0.39,0.33,0.30,0.00,0.00,0.86,"",0,0.0,1,20.0,1,16.7,0,0.0,12867,61.2,0,0.0,0,0.0,127,44.6
"20000","1","721199","58","0","2023","1","",1,6,7,6,33881,0,0,412,"",1.43,0.33,0.39,0.33,0.30,0.00,0.00,0.86,"",0,0.0,1,20.0,1,16.7,0,0.0,12867,61.2,0,0.0,0,0.0,127,44.6
"20000","1","722","55","0","2023","1","",2,5,10,15,81620,0,0,628,"",1.33,0.18,0.34,0.52,0.47,0.00,0.00,1.36,"",0,0.0,-3,-37.5,2,25.0,6,66.7,14175,21.0,0,0.0,0,0.0,5,0.8
"20000","1","7225","56","0","2023","1","",2,5,10,15,81620,0,0,628,"",1.43,0.21,0.41,0.61,0.60,0.00,0.00,1.46,"",0,0.0,-3,-37.5,2,25.0,6,66.7,14175,21.0,0,0.0,0,0.0,5,0.8
"20000","1","72251","57","0","2023","1","",2,5,10,15,81620,0,0,628,"",1.43,0.21,0.41,0.61,0.60,0.00,0.00,1.46,"",0,0.0,-3,-37.5,2,25.0,6,66.7,14175,21.0,0,0.0,0,0.0,5,0.8
"20000","1","722511","58","0","2023","1","",2,5,10,15,81620,0,0,628,"",2.22,0.28,0.55,0.84,0.84,0.00,0.00,1.49,"",0,0.0,-3,-37.5,2,25.0,6,66.7,14175,21.0,0,0.0,0,0.0,5,0.8
"20000","1","81","54","0","2023","1","",2,24,23,22,405576,0,0,1356,"",1.50,0.53,0.51,0.49,0.70,0.00,0.00,1.38,"",0,0.0,2,9.1,0,0.0,-1,-4.3,78502,24.0,0,0.0,0,0.0,246,22.2
"20000","1","811","55","0","2023","1","",1,1,1,1,13400,0,0,1031,"",2.87,0.17,0.17,0.17,0.10,0.00,0.00,0.55,"",0,0.0,0,0.0,0,0.0,0,0.0,4190,45.5,0,0.0,0,0.0,323,45.6
"20000","1","8111","56","0","2023","1","",1,1,1,1,13400,0,0,1031,"",2.94,0.99,0.97,0.96,1.61,0.00,0.00,1.66,"",0,0.0,0,0.0,0,0.0,0,0.0,4190,45.5,0,0.0,0,0.0,323,45.6
"20000","1","81112","57","0","2023","1","",1,1,1,1,13400,0,0,1031,"",4.25,2.83,2.83,2.70,4.61,0.00,0.00,1.66,"",0,0.0,0,0.0,0,0.0,0,0.0,4190,45.5,0,0.0,0,0.0,323,45.6
"20000","1","811121","58","0","2023","1","",1,1,1,1,13400,0,0,1031,"",4.25,2.83,2.83,2.70,4.61,0.00,0.00,1.66,"",0,0.0,0,0.0,0,0.0,0,0.0,4190,45.5,0,0.0,0,0.0,323,45.6
"20000","1","812","55","0","2023","1","",1,23,22,21,392176,0,0,1371,"",1.47,1.63,1.54,1.47,2.00,0.00,0.00,1.30,"",0,0.0,2,9.5,0,0.0,-1,-4.5,74312,23.4,0,0.0,0,0.0,242,21.4
"20000","1","8122","56","0","2023","1","",1,23,22,21,392176,0,0,1371,"",1.67,1.66,1.56,1.49,2.02,0.00,0.00,1.28,"",0,0.0,2,9.5,0,0.0,-1,-4.5,74312,23.4,0,0.0,0,0.0,242,21.4
"20000","1","81222","57","0","2023","1","",1,23,22,21,392176,0,0,1371,"",1.67,1.66,1.56,1.49,2.02,0.00,0.00,1.28,"",0,0.0,2,9.5,0,0.0,-1,-4.5,74312,23.4,0,0.0,0,0.0,242,21.4
"20000","1","812220","58","0","2023","1","",1,23,22,21,392176,0,0,1371,"",1.67,1.66,1.56,1.49,2.02,0.00,0.00,1.28,"",0,0.0,2,9.5,0,0.0,-1,-4.5,74312,23.4,0,0.0,0,0.0,242,21.4
"20000","1","92","54","0","2023","1","",536,13158,13112,13157,281719461,0,0,1649,"",2.67,0.89,0.89,0.89,0.92,0.00,0.00,1.03,"",-2,-0.4,694,5.6,685,5.5,710,5.7,38756695,16.0,0,0.0,0,0.0,147,9.8
"20000","1","921","55","0","2023","1","",26,318,322,362,9240382,0,0,2128,"",1.91,0.23,0.23,0.26,0.35,0.00,0.00,1.45,"",1,4.0,111,53.6,36,12.6,77,27.0,3295962,55.4,0,0.0,0,0.0,365,20.7
"20000","1","9211","56","0","2023","1","",26,318,322,362,9240382,0,0,2128,"",1.91,0.23,0.23,0.26,0.35,0.00,0.00,1.45,"",1,4.0,111,53.6,36,12.6,77,27.0,3295962,55.4,0,0.0,0,0.0,365,20.7
"20000","1","92113","57","0","2023","1","",4,113,118,129,3276341,0,0,2100,"",0.88,0.12,0.13,0.15,0.19,0.00,0.00,1.47,"",0,0.0,4,3.7,11,10.3,23,21.7,333192,11.3,0,0.0,0,0.0,-9,-0.4
"20000","1","921130","58","0","2023","1","",4,113,118,129,3276341,0,0,2100,"",0.88,0.12,0.13,0.15,0.19,0.00,0.00,1.47,"",0,0.0,4,3.7,11,10.3,23,21.7,333192,11.3,0,0.0,0,0.0,-9,-0.4
"20000","1","92119","57","0","2023","1","",22,205,204,233,5964041,0,0,2144,"",2.47,0.66,0.65,0.74,0.89,0.00,0.00,1.30,"",1,4.8,107,109.2,25,14.0,54,30.2,2962770,98.7,0,0.0,0,0.0,625,41.1
"20000","1","921190","58","0","2023","1","",22,205,204,233,5964041,0,0,2144,"",2.47,0.66,0.65,0.74,0.89,0.00,0.00,1.30,"",1,4.8,107,109.2,25,14.0,54,30.2,2962770,98.7,0,0.0,0,0.0,625,41.1
"20000","1","922","55","0","2023","1","",31,1004,1007,1004,25863583,0,0,1980,"",1.15,0.41,0.41,0.41,0.47,0.00,0.00,1.15,"",1,3.3,11,1.1,16,1.6,20,2.0,2929289,12.8,0,0.0,0,0.0,197,11.0
"20000","1","9221","56","0","2023","1","",31,1004,1007,1004,25863583,0,0,1980,"",1.15,0.41,0.41,0.41,0.47,0.00,0.00,1.15,"",1,3.3,11,1.1,16,1.6,20,2.0,2929289,12.8,0,0.0,0,0.0,197,11.0
"20000","1","92211","57","0","2023","1","",6,259,263,261,7460038,0,0,2199,"",1.26,0.85,0.86,0.86,1.07,0.00,0.00,1.25,"",0,0.0,-7,-2.6,-5,-1.9,-9,-3.3,1437173,23.9,0,0.0,0,0.0,470,27.2
"20000","1","922110","58","0","2023","1","",6,259,263,261,7460038,0,0,2199,"",1.26,0.85,0.86,0.86,1.07,0.00,0.00,1.25,"",0,0.0,-7,-2.6,-5,-1.9,-9,-3.3,1437173,23.9,0,0.0,0,0.0,470,27.2
"20000","1","92212","57","0","2023","1","",14,193,194,194,5290105,0,0,2101,"",1.02,0.14,0.15,0.15,0.17,0.00,0.00,1.18,"",0,0.0,3,1.6,-1,-0.5,-1,-0.5,120505,2.3,0,0.0,0,0.0,44,2.1
"20000","1","922120","58","0","2023","1","",14,193,194,194,5290105,0,0,2101,"",1.02,0.14,0.15,0.15,0.17,0.00,0.00,1.18,"",0,0.0,3,1.6,-1,-0.5,-1,-0.5,120505,2.3,0,0.0,0,0.0,44,2.1
"20000","1","92213","57","0","2023","1","",5,103,100,101,2925581,0,0,2221,"",1.72,0.49,0.48,0.49,0.58,0.00,0.00,1.18,"",1,25.0,-1,-1.0,-5,-4.8,-3,-2.9,127458,4.6,0,0.0,0,0.0,158,7.7
"20000","1","922130","58","0","2023","1","",5,103,100,101,2925581,0,0,2221,"",1.72,0.49,0.48,0.49,0.58,0.00,0.00,1.18,"",1,25.0,-1,-1.0,-5,-4.8,-3,-2.9,127458,4.6,0,0.0,0,0.0,158,7.7
"20000","1","92214","57","0","2023","1","",2,412,406,406,9232933,0,0,1741,"",1.96,1.32,1.31,1.31,1.65,0.00,0.00,1.26,"",0,0.0,12,3.0,12,3.0,19,4.9,869759,10.4,0,0.0,0,0.0,107,6.5
"20000","1","922140","58","0","2023","1","",2,412,406,406,9232933,0,0,1741,"",1.96,1.32,1.31,1.31,1.65,0.00,0.00,1.26,"",0,0.0,12,3.0,12,3.0,19,4.9,869759,10.4,0,0.0,0,0.0,107,6.5
"20000","1","92219","57","0","2023","1","",4,37,44,42,954926,0,0,1792,"",0.87,0.13,0.16,0.15,0.16,0.00,0.00,1.09,"",0,0.0,4,12.1,15,51.7,14,50.0,374394,64.5,0,0.0,0,0.0,303,20.3
"20000","1","922190","58","0","2023","1","",4,37,44,42,954926,0,0,1792,"",0.87,0.13,0.16,0.15,0.16,0.00,0.00,1.09,"",0,0.0,4,12.1,15,51.7,14,50.0,374394,64.5,0,0.0,0,0.0,303,20.3
"20000","1","923","55","0","2023","1","",41,2050,2059,2070,45115755,0,0,1685,"",1.97,1.00,1.00,1.01,0.99,0.00,0.00,0.98,"",4,10.8,147,7.7,153,8.0,156,8.2,10854215,31.7,0,0.0,0,0.0,303,21.9
"20000","1","9231","56","0","2023","1","",41,2050,2059,2070,45115755,0,0,1685,"",1.97,1.00,1.00,1.01,0.99,0.00,0.00,0.98,"",4,10.8,147,7.7,153,8.0,156,8.2,10854215,31.7,0,0.0,0,0.0,303,21.9
"20000","1","92311","57","0","2023","1","",2,25,27,27,709680,0,0,2073,"",2.11,0.96,0.99,0.99,1.10,0.00,0.00,1.12,"",1,100.0,22,733.3,17,170.0,8,42.1,244384,52.5,0,0.0,0,0.0,-1283,-38.2
"20000","1","923110","58","0","2023","1","",2,25,27,27,709680,0,0,2073,"",2.11,0.96,0.99,0.99,1.10,0.00,0.00,1.12,"",1,100.0,22,733.3,17,170.0,8,42.1,244384,52.5,0,0.0,0,0.0,-1283,-38.2
"20000","1","92312","57","0","2023","1","",15,256,258,259,7134851,0,0,2130,"",2.54,0.42,0.43,0.44,0.43,0.00,0.00,0.99,"",2,15.4,30,13.3,26,11.2,35,15.6,2197499,44.5,0,0.0,0,0.0,459,27.5
"20000","1","923120","58","0","2023","1","",15,256,258,259,7134851,0,0,2130,"",2.54,0.42,0.43,0.44,0.43,0.00,0.00,0.99,"",2,15.4,30,13.3,26,11.2,35,15.6,2197499,44.5,0,0.0,0,0.0,459,27.5
"20000","1","92313","57","0","2023","1","",20,294,294,295,6027692,0,0,1575,"",1.81,0.47,0.47,0.47,0.52,0.00,0.00,1.12,"",1,5.3,10,3.5,14,5.0,20,7.3,651734,12.1,0,0.0,0,0.0,96,6.5
"20000","1","923130","58","0","2023","1","",20,294,294,295,6027692,0,0,1575,"",1.81,0.47,0.47,0.47,0.52,0.00,0.00,1.12,"",1,5.3,10,3.5,14,5.0,20,7.3,651734,12.1,0,0.0,0,0.0,96,6.5
"20000","1","92314","57","0","2023","1","",4,1475,1480,1489,31243532,0,0,1622,"",1.37,1.89,1.85,1.83,1.86,0.00,0.00,1.00,"",0,0.0,85,6.1,96,6.9,93,6.7,7760598,33.0,0,0.0,0,0.0,322,24.8
"20000","1","923140","58","0","2023","1","",4,1475,1480,1489,31243532,0,0,1622,"",1.37,1.89,1.85,1.83,1.86,0.00,0.00,1.00,"",0,0.0,85,6.1,96,6.9,93,6.7,7760598,33.0,0,0.0,0,0.0,322,24.8
"20000","1","924","55","0","2023","1","",107,910,931,938,20080739,0,0,1668,"",2.59,1.06,1.07,1.06,1.31,0.00,0.00,1.24,"",-1,-0.9,38,4.4,62,7.1,63,7.2,1286720,6.8,0,0.0,0,0.0,10,0.6
"20000","1","9241","56","0","2023","1","",107,910,931,938,20080739,0,0,1668,"",2.59,1.06,1.07,1.06,1.31,0.00,0.00,1.24,"",-1,-0.9,38,4.4,62,7.1,63,7.2,1286720,6.8,0,0.0,0,0.0,10,0.6
"20000","1","92411","57","0","2023","1","",5,493,499,502,12463116,0,0,1925,"",1.90,3.00,3.01,3.02,3.25,0.00,0.00,1.08,"",1,25.0,17,3.6,29,6.2,25,5.2,534306,4.5,0,0.0,0,0.0,-10,-0.5
"20000","1","924110","58","0","2023","1","",5,493,499,502,12463116,0,0,1925,"",1.90,3.00,3.01,3.02,3.25,0.00,0.00,1.08,"",1,25.0,17,3.6,29,6.2,25,5.2,534306,4.5,0,0.0,0,0.0,-10,-0.5
"20000","1","92412","57","0","2023","1","",102,417,432,436,7617623,0,0,1368,"",2.64,0.60,0.61,0.61,0.67,0.00,0.00,1.10,"",-2,-1.9,21,5.3,33,8.3,38,9.5,752414,11.0,0,0.0,0,0.0,40,3.0
"20000","1","924120","58","0","2023","1","",102,417,432,436,7617623,0,0,1368,"",2.64,0.60,0.61,0.61,0.67,0.00,0.00,1.10,"",-2,-1.9,21,5.3,33,8.3,38,9.5,752414,11.0,0,0.0,0,0.0,40,3.0
"20000","1","925","55","0","2023","1","",4,179,181,178,4637575,0,0,1989,"",2.92,2.03,2.05,2.02,2.15,0.00,0.00,1.06,"",0,0.0,8,4.7,8,4.6,2,1.1,288981,6.6,0,0.0,0,0.0,59,3.1
"20000","1","9251","56","0","2023","1","",4,179,181,178,4637575,0,0,1989,"",2.92,2.03,2.05,2.02,2.15,0.00,0.00,1.06,"",0,0.0,8,4.7,8,4.6,2,1.1,288981,6.6,0,0.0,0,0.0,59,3.1
"20000","1","92511","57","0","2023","1","",3,179,181,178,4637575,0,0,1989,"",3.46,2.29,2.33,2.28,2.36,0.00,0.00,1.03,"",0,0.0,8,4.7,8,4.6,2,1.1,288981,6.6,0,0.0,0,0.0,59,3.1
"20000","1","925110","58","0","2023","1","",3,179,181,178,4637575,0,0,1989,"",3.46,2.29,2.33,2.28,2.36,0.00,0.00,1.03,"",0,0.0,8,4.7,8,4.6,2,1.1,288981,6.6,0,0.0,0,0.0,59,3.1
"20000","1","92512","57","0","2023","1","",1,0,0,0,0,0,0,0,"",1.99,0.00,0.00,0.00,0.00,0.00,0.00,0.00,"",0,0.0,0,0.0,0,0.0,0,0.0,0,0.0,0,0.0,0,0.0,0,0.0
"20000","1","925120","58","0","2023","1","",1,0,0,0,0,0,0,0,"",1.99,0.00,0.00,0.00,0.00,0.00,0.00,0.00,"",0,0.0,0,0.0,0,0.0,0,0.0,0,0.0,0,0.0,0,0.0,0,0.0
"20000","1","926","55","0","2023","1","",290,3092,2996,2977,64617641,0,0,1645,"",3.82,1.37,1.32,1.30,1.42,0.00,0.00,1.07,"",-6,-2.0,380,14.0,370,14.1,314,11.8,11755175,22.2,0,0.0,0,0.0,120,7.9
"20000","1","9261","56","0","2023","1","",290,3092,2996,2977,64617641,0,0,1645,"",3.82,1.37,1.32,1.30,1.42,0.00,0.00,1.07,"",-6,-2.0,380,14.0,370,14.1,314,11.8,11755175,22.2,0,0.0,0,0.0,120,7.9
"20000","1","92611","57","0","2023","1","",122,138,148,145,2012603,0,0,1078,"",3.65,0.31,0.33,0.32,0.22,0.00,0.00,0.68,"",-2,-1.6,28,25.5,35,31.0,28,23.9,766007,61.4,0,0.0,0,0.0,232,27.4
"20000","1","926110","58","0","2023","1","",122,138,148,145,2012603,0,0,1078,"",3.65,0.31,0.33,0.32,0.22,0.00,0.00,0.68,"",-2,-1.6,28,25.5,35,31.0,28,23.9,766007,61.4,0,0.0,0,0.0,232,27.4
"20000","1","92612","57","0","2023","1","",14,1069,1064,1069,29668212,0,0,2138,"",1.78,1.06,1.06,1.06,1.61,0.00,0.00,1.52,"",-3,-17.6,23,2.2,18,1.7,24,2.3,1783929,6.4,0,0.0,0,0.0,87,4.2
"20000","1","926120","58","0","2023","1","",14,1069,1064,1069,29668212,0,0,2138,"",1.78,1.06,1.06,1.06,1.61,0.00,0.00,1.52,"",-3,-17.6,23,2.2,18,1.7,24,2.3,1783929,6.4,0,0.0,0,0.0,87,4.2
"20000","1","92613","57","0","2023","1","",2,8,8,8,274489,0,0,2639,"",1.16,0.10,0.10,0.10,0.12,0.00,0.00,1.19,"",0,0.0,4,100.0,4,100.0,2,33.3,72701,36.0,0,0.0,0,0.0,-687,-20.7
"20000","1","926130","58","0","2023","1","",2,8,8,8,274489,0,0,2639,"",1.16,0.10,0.10,0.10,0.12,0.00,0.00,1.19,"",0,0.0,4,100.0,4,100.0,2,33.3,72701,36.0,0,0.0,0,0.0,-687,-20.7
"20000","1","92614","57","0","2023","1","",140,1674,1569,1548,27402829,0,0,1320,"",5.46,3.97,3.77,3.56,3.82,0.00,0.00,1.02,"",-1,-0.7,288,20.8,271,20.9,221,16.7,7828896,40.0,0,0.0,0,0.0,194,17.2
"20000","1","926140","58","0","2023","1","",140,1674,1569,1548,27402829,0,0,1320,"",5.46,3.97,3.77,3.56,3.82,0.00,0.00,1.02,"",-1,-0.7,288,20.8,271,20.9,221,16.7,7828896,40.0,0,0.0,0,0.0,194,17.2
"20000","1","92615","57","0","2023","1","",12,203,207,207,5259508,0,0,1967,"",1.64,0.64,0.65,0.66,0.64,0.00,0.00,0.98,"",0,0.0,37,22.3,42,25.5,39,23.2,1303642,33.0,0,0.0,0,0.0,138,7.5
"20000","1","926150","58","0","2023","1","",12,203,207,207,5259508,0,0,1967,"",1.64,0.64,0.65,0.66,0.64,0.00,0.00,0.98,"",0,0.0,37,22.3,42,25.5,39,23.2,1303642,33.0,0,0.0,0,0.0,138,7.5
"20000","1","927","55","0","2023","1","",1,5,5,5,137026,0,0,2108,"",1.22,0.03,0.03,0.03,0.03,0.00,0.00,1.07,"",0,0.0,3,150.0,3,150.0,3,150.0,87590,177.2,0,0.0,0,0.0,207,10.9
"20000","1","9271","56","0","2023","1","",1,5,5,5,137026,0,0,2108,"",1.22,0.03,0.03,0.03,0.03,0.00,0.00,1.07,"",0,0.0,3,150.0,3,150.0,3,150.0,87590,177.2,0,0.0,0,0.0,207,10.9
"20000","1","92711","57","0","2023","1","",1,5,5,5,137026,0,0,2108,"",1.22,0.03,0.03,0.03,0.03,0.00,0.00,1.07,"",0,0.0,3,150.0,3,150.0,3,150.0,87590,177.2,0,0.0,0,0.0,207,10.9
"20000","1","927110","58","0","2023","1","",1,5,5,5,137026,0,0,2108,"",1.22,0.03,0.03,0.03,0.03,0.00,0.00,1.07,"",0,0.0,3,150.0,3,150.0,3,150.0,87590,177.2,0,0.0,0,0.0,207,10.9
"20000","1","928","55","0","2023","1","",36,5600,5611,5623,112026760,0,0,1536,"",1.79,1.03,1.03,1.03,1.00,0.00,0.00,0.97,"",-1,-2.7,-4,-0.1,37,0.7,75,1.4,8258763,8.0,0,0.0,0,0.0,104,7.3
"20000","1","9281","56","0","2023","1","",36,5600,5611,5623,112026760,0,0,1536,"",1.79,1.03,1.03,1.03,1.00,0.00,0.00,0.97,"",-1,-2.7,-4,-0.1,37,0.7,75,1.4,8258763,8.0,0,0.0,0,0.0,104,7.3
"20000","1","92811","57","0","2023","1","",29,5187,5194,5203,102375161,0,0,1516,"",1.93,1.02,1.03,1.03,1.00,0.00,0.00,0.97,"",-1,-3.3,-78,-1.5,-33,-0.6,-4,-0.1,6077069,6.3,0,0.0,0,0.0,100,7.1
"20000","1","928110","58","0","2023","1","",29,5187,5194,5203,102375161,0,0,1516,"",1.93,1.02,1.03,1.03,1.00,0.00,0.00,0.97,"",-1,-3.3,-78,-1.5,-33,-0.6,-4,-0.1,6077069,6.3,0,0.0,0,0.0,100,7.1
"20000","1","92812","57","0","2023","1","",7,413,417,420,9651599,0,0,1782,"",1.37,1.08,1.08,1.09,1.09,0.00,0.00,1.01,"",0,0.0,74,21.8,70,20.2,79,23.2,2181694,29.2,0,0.0,0,0.0,103,6.1
"20000","1","928120","58","0","2023","1","",7,413,417,420,9651599,0,0,1782,"",1.37,1.08,1.08,1.09,1.09,0.00,0.00,1.01,"",0,0.0,74,21.8,70,20.2,79,23.2,2181694,29.2,0,0.0,0,0.0,103,6.1
"20000","2","10","51","0","2023","1","",985,39323,39660,39875,639028463,334740,5111,1241,"",1.69,0.94,0.93,0.93,1.00,0.01,0.13,1.08,"",22,2.3,1013,2.6,1024,2.7,1539,4.0,136821607,27.2,61358,22.4,1141,28.7,236,23.5
"20000","2","102","52","0","2023","1","",985,39323,39660,39875,639028463,334740,5111,1241,"",1.74,0.95,0.94,0.94,1.01,0.01,0.14,1.07,"",23,2.4,1015,2.6,1027,2.7,1541,4.0,136835329,27.2,75080,28.9,1251,32.4,236,23.5
"20000","2","1022","53","0","2023","1","",2,22,22,22,236346,0,0,826,"",0.79,0.39,0.39,0.39,0.38,0.00,0.00,0.98,"",0,0.0,-1,-4.3,-2,-8.3,-2,-8.3,45546,23.9,0,0.0,0,0.0,206,33.2
"20000","2","1024","53","0","2023","1","",109,562,558,553,9580287,22425,491,1321,"",11.27,1.66,1.64,1.62,1.67,0.05,0.50,1.02,"",1,0.9,14,2.6,8,1.5,12,2.2,2434825,34.1,8685,63.2,120,32.3,315,31.3
"20000","2","1025","53","0","2023","1","",62,21847,22120,22242,388361093,199733,4444,1354,"",0.51,0.92,0.90,0.90,1.06,0.01,0.85,1.17,"",6,10.7,699,3.3,646,3.0,940,4.4,83521963,27.4,179121,869.0,4127,1301.9,254,23.1
"20000","2","1026","53","0","2023","1","",1,26,25,25,301606,0,0,916,"",0.13,0.17,0.16,0.16,0.21,0.00,0.00,1.30,"",-1,-50.0,6,30.0,4,19.0,3,13.6,89033,41.9,0,0.0,0,0.0,137,17.6
"20000","2","1028","53","0","2023","1","",811,16866,16935,17033,240549131,112582,176,1092,"",1.96,1.03,1.03,1.03,0.98,0.01,0.01,0.95,"",18,2.3,305,1.8,380,2.3,596,3.6,50935290,26.9,1774,1.6,-19,-9.7,209,23.7
"20000","2","51","54","0","2023","1","",2,22,22,22,236346,0,0,826,"",0.79,0.39,0.39,0.39,0.38,0.00,0.00,0.98,"",0,0.0,-1,-4.3,-2,-8.3,-2,-8.3,45546,23.9,0,0.0,0,0.0,206,33.2
"20000","2","519","55","0","2023","1","",2,22,22,22,236346,0,0,826,"",1.09,0.55,0.55,0.55,0.62,0.00,0.00,1.12,"",0,0.0,-1,-4.3,-2,-8.3,-2,-8.3,45546,23.9,0,0.0,0,0.0,206,33.2
"20000","2","5192","56","0","2023","1","",2,22,22,22,236346,0,0,826,"",1.09,0.55,0.55,0.55,0.62,0.00,0.00,1.12,"",0,0.0,-1,-4.3,-2,-8.3,-2,-8.3,45546,23.9,0,0.0,0,0.0,206,33.2
"20000","2","51921","57","0","2023","1","",2,22,22,22,236346,0,0,826,"",1.09,0.55,0.55,0.55,0.62,0.00,0.00,1.12,"",0,0.0,-1,-4.3,-2,-8.3,-2,-8.3,45546,23.9,0,0.0,0,0.0,206,33.2
"20000","2","519210","58","0","2023","1","",2,22,22,22,236346,0,0,826,"",1.09,0.55,0.55,0.55,0.62,0.00,0.00,1.12,"",0,0.0,-1,-4.3,-2,-8.3,-2,-8.3,45546,23.9,0,0.0,0,0.0,206,33.2
"20000","2","54","54","0","2023","1","",107,561,557,552,9564369,8425,113,1322,"",19.97,2.32,2.29,2.26,2.12,0.02,0.53,0.93,"",0,0.0,13,2.4,8,1.5,12,2.2,2432647,34.1,8425,100.0,113,100.0,317,31.5
"20000","2","541","55","0","2023","1","",107,561,557,552,9564369,8425,113,1322,"",19.97,2.32,2.29,2.26,2.12,0.02,0.53,0.93,"",0,0.0,13,2.4,8,1.5,12,2.2,2432647,34.1,8425,100.0,113,100.0,317,31.5
"20000","2","5411","56","0","2023","1","",9,196,194,196,3628070,0,0,1429,"",38.28,70.99,71.54,70.68,91.40,0.00,0.00,1.29,"",0,0.0,17,9.5,13,7.2,21,12.0,1373481,60.9,0,0.0,0,0.0,456,46.9
"20000","2","54111","57","0","2023","1","",9,196,194,196,3628070,0,0,1429,"",38.28,70.99,71.54,70.68,91.40,0.00,0.00,1.29,"",0,0.0,17,9.5,13,7.2,21,12.0,1373481,60.9,0,0.0,0,0.0,456,46.9
"20000","2","541110","58","0","2023","1","",9,196,194,196,3628070,0,0,1429,"",38.28,70.99,71.54,70.68,91.40,0.00,0.00,1.29,"",0,0.0,17,9.5,13,7.2,21,12.0,1373481,60.9,0,0.0,0,0.0,456,46.9
"20000","2","5415","56","0","2023","1","",2,3,2,2,8425,8425,113,278,"",0.77,0.03,0.02,0.02,0.00,0.56,1.12,0.19,"",2,100.0,3,100.0,2,100.0,2,100.0,8425,100.0,8425,100.0,113,100.0,278,100.0
"20000","2","54151","57","0","2023","1","",2,3,2,2,8425,8425,113,278,"",0.77,0.03,0.02,0.02,0.00,0.56,1.12,0.19,"",2,100.0,3,100.0,2,100.0,2,100.0,8425,100.0,8425,100.0,113,100.0,278,100.0
"20000","2","541511","58","0","2023","1","",1,2,1,1,4405,4405,4,254,"N",1.25,0,0,0,0,0,0,0,"",1,100.0,2,100.0,1,100.0,1,100.0,4405,100.0,4405,100.0,4,100.0,254,100.0
"20000","2","541512","58","0","2023","1","",1,1,1,1,4020,4020,109,309,"",0.71,0.02,0.02,0.02,0.00,3.53,12.77,0.19,"",1,100.0,1,100.0,1,100.0,1,100.0,4020,100.0,4020,100.0,109,100.0,309,100.0
"20000","2","5417","56","0","2023","1","",96,362,361,354,5927874,0,0,1270,"",68.85,4.02,3.97,3.87,3.10,0.00,0.00,0.78,"",-2,-2.0,-7,-1.9,-7,-1.9,-11,-3.0,1050741,21.5,0,0.0,0,0.0,249,24.4
"20000","2","54171","57","0","2023","1","",96,362,361,354,5927874,0,0,1270,"",72.66,4.08,4.02,3.92,3.13,0.00,0.00,0.78,"",-2,-2.0,-7,-1.9,-7,-1.9,-11,-3.0,1050741,21.5,0,0.0,0,0.0,249,24.4
"20000","2","541715","58","0","2023","1","",96,362,361,354,5927874,0,0,1270,"",76.41,4.17,4.12,4.01,3.18,0.00,0.00,0.78,"",-2,-2.0,-7,-1.9,-7,-1.9,-11,-3.0,1050741,21.5,0,0.0,0,0.0,249,24.4
"20000","2","56","54","0","2023","1","",2,1,1,1,15918,14000,378,1224,"",0.46,0.01,0.01,0.01,0.01,0.13,0.50,1.26,"",1,100.0,1,100.0,0,0.0,0,0.0,2178,15.9,260,1.9,7,1.9,-361,-22.8
"20000","2","561","55","0","2023","1","",2,1,1,1,15918,14000,378,1224,"",0.47,0.01,0.01,0.01,0.01,0.19,1.62,1.27,"",1,100.0,1,100.0,0,0.0,0,0.0,2178,15.9,260,1.9,7,1.9,-361,-22.8
"20000","2","5611","56","0","2023","1","",2,1,1,1,15918,14000,378,1224,"",6.17,0.06,0.06,0.06,0.06,0.99,3.83,1.06,"",1,100.0,1,100.0,0,0.0,0,0.0,2178,15.9,260,1.9,7,1.9,-361,-22.8
"20000","2","56111","57","0","2023","1","",2,1,1,1,15918,14000,378,1224,"",6.17,0.06,0.06,0.06,0.06,0.99,3.83,1.06,"",1,100.0,1,100.0,0,0.0,0,0.0,2178,15.9,260,1.9,7,1.9,-361,-22.8
"20000","2","561110","58","0","2023","1","",2,1,1,1,15918,14000,378,1224,"",6.17,0.06,0.06,0.06,0.06,0.99,3.83,1.06,"",1,100.0,1,100.0,0,0.0,0,0.0,2178,15.9,260,1.9,7,1.9,-361,-22.8
"20000","2","5614","56","0","2023","1","-",0,0,0,0,0,0,0,0,"N",0.00,0,0,0,0,0,0,0,"N",0,0,0,0,0,0,0,0,0,0,0,0,0,0,0,0
"20000","2","56142","57","0","2023","1","-",0,0,0,0,0,0,0,0,"N",0.00,0,0,0,0,0,0,0,"N",0,0,0,0,0,0,0,0,0,0,0,0,0,0,0,0
"20000","2","561422","58","0","2023","1","-",0,0,0,0,0,0,0,0,"N",0.00,0,0,0,0,0,0,0,"N",0,0,0,0,0,0,0,0,0,0,0,0,0,0,0,0
"20000","2","61","54","0","2023","1","",39,15643,15894,15960,286701684,199733,4444,1393,"",0.58,0.88,0.85,0.86,1.04,0.02,1.01,1.21,"",6,18.2,427,2.8,358,2.3,530,3.4,61343515,27.2,179121,869.0,4127,1301.9,267,23.7
"20000","2","611","55","0","2023","1","",39,15643,15894,15960,286701684,199733,4444,1393,"",0.58,0.88,0.85,0.86,1.04,0.02,1.01,1.21,"",6,18.2,427,2.8,358,2.3,530,3.4,61343515,27.2,179121,869.0,4127,1301.9,267,23.7
"20000","2","6111","56","0","2023","1","",2,220,224,224,2686007,0,0,928,"",0.27,0.41,0.38,0.38,0.41,0.00,0.00,1.06,"",0,0.0,-3,-1.3,1,0.4,6,2.8,422243,18.7,0,0.0,0,0.0,141,17.9
"20000","2","61111","57","0","2023","1","",2,220,224,224,2686007,0,0,928,"",0.27,0.41,0.38,0.38,0.41,0.00,0.00,1.06,"",0,0.0,-3,-1.3,1,0.4,6,2.8,422243,18.7,0,0.0,0,0.0,141,17.9
"20000","2","611110","58","0","2023","1","",2,220,224,224,2686007,0,0,928,"",0.27,0.41,0.38,0.38,0.41,0.00,0.00,1.06,"",0,0.0,-3,-1.3,1,0.4,6,2.8,422243,18.7,0,0.0,0,0.0,141,17.9
"20000","2","6112","56","0","2023","1","",1,0,0,0,0,0,0,0,"",0.14,0.00,0.00,0.00,0.00,0.00,0.00,0.00,"N",1,100.0,0,0,0,0,0,0,0,0,0,0,0,0,0,0
"20000","2","61121","57","0","2023","1","",1,0,0,0,0,0,0,0,"",0.14,0.00,0.00,0.00,0.00,0.00,0.00,0.00,"N",1,100.0,0,0,0,0,0,0,0,0,0,0,0,0,0,0
"20000","2","611210","58","0","2023","1","",1,0,0,0,0,0,0,0,"",0.14,0.00,0.00,0.00,0.00,0.00,0.00,0.00,"N",1,100.0,0,0,0,0,0,0,0,0,0,0,0,0,0,0
"20000","2","6113","56","0","2023","1","",33,15418,15665,15731,283951006,178494,4223,1400,"",0.66,1.00,0.98,0.98,1.13,0.02,1.19,1.15,"",4,13.8,428,2.9,354,2.3,523,3.4,60883331,27.3,160682,902.1,3912,1257.9,269,23.8
"20000","2","61131","57","0","2023","1","",33,15418,15665,15731,283951006,178494,4223,1400,"",0.66,1.00,0.98,0.98,1.13,0.02,1.19,1.15,"",4,13.8,428,2.9,354,2.3,523,3.4,60883331,27.3,160682,902.1,3912,1257.9,269,23.8
"20000","2","611310","58","0","2023","1","",33,15418,15665,15731,283951006,178494,4223,1400,"",0.66,1.00,0.98,0.98,1.13,0.02,1.19,1.15,"",4,13.8,428,2.9,354,2.3,523,3.4,60883331,27.3,160682,902.1,3912,1257.9,269,23.8
"20000","2","6116","56","0","2023","1","",1,3,3,3,43432,0,0,1114,"",3.98,0.29,0.24,0.24,0.43,0.00,0.00,1.68,"",0,0.0,1,50.0,1,50.0,1,50.0,19502,81.5,0,0.0,0,0.0,194,21.1
"20000","2","61169","57","0","2023","1","",1,3,3,3,43432,0,0,1114,"",4.93,0.85,0.58,0.56,1.50,0.00,0.00,2.34,"",0,0.0,1,50.0,1,50.0,1,50.0,19502,81.5,0,0.0,0,0.0,194,21.1
"20000","2","611699","58","0","2023","1","",1,3,3,3,43432,0,0,1114,"",6.49,1.08,1.07,1.07,1.82,0.00,0.00,1.69,"",0,0.0,1,50.0,1,50.0,1,50.0,19502,81.5,0,0.0,0,0.0,194,21.1
"20000","2","6117","56","0","2023","1","",2,2,2,2,21239,21239,221,817,"",7.96,1.50,1.51,1.46,1.28,9.79,12.03,0.86,"",1,100.0,1,100.0,2,100.0,0,0.0,18439,658.5,18439,658.5,215,3583.3,602,280.0
"20000","2","61171","57","0","2023","1","",2,2,2,2,21239,21239,221,817,"",7.96,1.50,1.51,1.46,1.28,9.79,12.03,0.86,"",1,100.0,1,100.0,2,100.0,0,0.0,18439,658.5,18439,658.5,215,3583.3,602,280.0
"20000","2","611710","58","0","2023","1","",2,2,2,2,21239,21239,221,817,"",7.96,1.50,1.51,1.46,1.28,9.79,12.03,0.86,"",1,100.0,1,100.0,2,100.0,0,0.0,18439,658.5,18439,658.5,215,3583.3,602,280.0
"20000","2","62","54","0","2023","1","",23,6204,6226,6282,101659409,0,0,1254,"",0.42,1.04,1.05,1.05,1.11,0.00,0.00,1.06,"",0,0.0,272,4.6,288,4.9,410,7.0,22178448,27.9,0,0.0,0,0.0,220,21.3
"20000","2","621","55","0","2023","1","",3,465,458,457,7998472,0,0,1338,"",0.32,1.34,1.32,1.31,1.71,0.00,0.00,1.29,"",0,0.0,47,11.2,36,8.5,34,8.0,2162822,37.1,0,0.0,0,0.0,272,25.5
"20000","2","6211","56","0","2023","1","",3,465,458,457,7998472,0,0,1338,"",1.78,3.65,3.58,3.56,3.81,0.00,0.00,1.06,"",0,0.0,47,11.2,36,8.5,34,8.0,2162822,37.1,0,0.0,0,0.0,272,25.5
"20000","2","62111","57","0","2023","1","",3,465,458,457,7998472,0,0,1338,"",1.78,3.65,3.58,3.56,3.81,0.00,0.00,1.06,"",0,0.0,47,11.2,36,8.5,34,8.0,2162822,37.1,0,0.0,0,0.0,272,25.5
"20000","2","621111","58","0","2023","1","",3,465,458,457,7998472,0,0,1338,"N",1.81,0,0,0,0,0,0,0,"",0,0.0,47,11.2,36,8.5,34,8.0,2162822,37.1,0,0.0,0,0.0,272,25.5
"20000","2","622","55","0","2023","1","",5,5439,5471,5528,89805459,0,0,1261,"",0.55,1.46,1.46,1.47,1.43,0.00,0.00,0.98,"",0,0.0,169,3.2,202,3.8,320,6.1,18776873,26.4,0,0.0,0,0.0,220,21.1
"20000","2","6221","56","0","2023","1","",1,3758,3774,3818,64843201,0,0,1318,"",1.07,1.54,1.54,1.55,1.56,0.00,0.00,1.01,"",0,0.0,214,6.0,228,6.4,307,8.7,14725193,29.4,0,0.0,0,0.0,227,20.8
"20000","2","62211","57","0","2023","1","",1,3758,3774,3818,64843201,0,0,1318,"",1.07,1.54,1.54,1.55,1.56,0.00,0.00,1.01,"",0,0.0,214,6.0,228,6.4,307,8.7,14725193,29.4,0,0.0,0,0.0,227,20.8
"20000","2","622110","58","0","2023","1","",1,3758,3774,3818,64843201,0,0,1318,"",1.07,1.54,1.54,1.55,1.56,0.00,0.00,1.01,"",0,0.0,214,6.0,228,6.4,307,8.7,14725193,29.4,0,0.0,0,0.0,227,20.8
"20000","2","6222","56","0","2023","1","",3,1325,1339,1346,20668820,0,0,1189,"",0.38,1.37,1.38,1.39,1.40,0.00,0.00,1.01,"",0,0.0,-27,-2.0,-17,-1.3,8,0.6,3242208,18.6,0,0.0,0,0.0,195,19.6
"20000","2","62221","57","0","2023","1","",3,1325,1339,1346,20668820,0,0,1189,"",0.38,1.37,1.38,1.39,1.40,0.00,0.00,1.01,"",0,0.0,-27,-2.0,-17,-1.3,8,0.6,3242208,18.6,0,0.0,0,0.0,195,19.6
"20000","2","622210","58","0","2023","1","",3,1325,1339,1346,20668820,0,0,1189,"",0.38,1.37,1.38,1.39,1.40,0.00,0.00,1.01,"",0,0.0,-27,-2.0,-17,-1.3,8,0.6,3242208,18.6,0,0.0,0,0.0,195,19.6
"20000","2","6223","56","0","2023","1","",1,356,358,364,4293438,0,0,919,"",4.41,1.09,1.10,1.11,0.66,0.00,0.00,0.60,"",0,0.0,-18,-4.8,-9,-2.5,5,1.4,809472,23.2,0,0.0,0,0.0,188,25.7
"20000","2","62231","57","0","2023","1","",1,356,358,364,4293438,0,0,919,"",4.41,1.09,1.10,1.11,0.66,0.00,0.00,0.60,"",0,0.0,-18,-4.8,-9,-2.5,5,1.4,809472,23.2,0,0.0,0,0.0,188,25.7
"20000","2","622310","58","0","2023","1","",1,356,358,364,4293438,0,0,919,"",4.41,1.09,1.10,1.11,0.66,0.00,0.00,0.60,"",0,0.0,-18,-4.8,-9,-2.5,5,1.4,809472,23.2,0,0.0,0,0.0,188,25.7
"20000","2","624","55","0","2023","1","",15,300,297,297,3855478,0,0,995,"",0.69,0.33,0.33,0.33,0.36,0.00,0.00,1.08,"",0,0.0,56,23.0,50,20.2,56,23.2,1238753,47.3,0,0.0,0,0.0,170,20.6
"20000","2","6243","56","0","2023","1","",15,300,297,297,3855478,0,0,995,"",2.82,2.77,2.72,2.73,3.13,0.00,0.00,1.14,"",0,0.0,56,23.0,50,20.2,56,23.2,1238753,47.3,0,0.0,0,0.0,170,20.6
"20000","2","62431","57","0","2023","1","",15,300,297,297,3855478,0,0,995,"",2.82,2.77,2.72,2.73,3.13,0.00,0.00,1.14,"",0,0.0,56,23.0,50,20.2,56,23.2,1238753,47.3,0,0.0,0,0.0,170,20.6
"20000","2","624310","58","0","2023","1","",15,300,297,297,3855478,0,0,995,"",2.82,2.77,2.72,2.73,3.13,0.00,0.00,1.14,"",0,0.0,56,23.0,50,20.2,56,23.2,1238753,47.3,0,0.0,0,0.0,170,20.6
"20000","2","71","54","0","2023","1","",1,26,25,25,301606,0,0,916,"N",0.13,0,0,0,0,0,0,0,"",-1,-50.0,6,30.0,4,19.0,3,13.6,89033,41.9,0,0.0,0,0.0,137,17.6
"20000","2","711","55","0","2023","1","",1,26,25,25,301606,0,0,916,"",3.74,0.99,0.91,0.95,1.38,0.00,0.00,1.45,"",-1,-50.0,6,30.0,4,19.0,3,13.6,89033,41.9,0,0.0,0,0.0,137,17.6
"20000","2","7113","56","0","2023","1","",1,26,25,25,301606,0,0,916,"N",4.11,0,0,0,0,0,0,0,"",-1,-50.0,6,30.0,4,19.0,3,13.6,89033,41.9,0,0.0,0,0.0,137,17.6
"20000","2","71131","57","0","2023","1","",1,26,25,25,301606,0,0,916,"N",4.25,0,0,0,0,0,0,0,"",-1,-50.0,6,30.0,4,19.0,3,13.6,89033,41.9,0,0.0,0,0.0,137,17.6
"20000","2","711310","58","0","2023","1","",1,26,25,25,301606,0,0,916,"N",4.25,0,0,0,0,0,0,0,"",-1,-50.0,6,30.0,4,19.0,3,13.6,89033,41.9,0,0.0,0,0.0,137,17.6
"20000","2","92","54","0","2023","1","",811,16866,16935,17033,240549131,112582,176,1092,"",1.96,1.03,1.03,1.03,0.98,0.01,0.01,0.95,"",18,2.3,305,1.8,380,2.3,596,3.6,50935290,26.9,1774,1.6,-19,-9.7,209,23.7
"20000","2","921","55","0","2023","1","",92,2289,2316,2339,31913958,90464,154,1061,"",1.81,1.08,1.08,1.09,0.94,0.06,0.11,0.86,"",-1,-1.1,20,0.9,41,1.8,78,3.4,6869726,27.4,-14242,-13.6,-35,-18.5,212,25.0
"20000","2","9211","56","0","2023","1","",92,2289,2316,2339,31913958,90464,154,1061,"",1.81,1.08,1.08,1.09,0.94,0.06,0.11,0.86,"",-1,-1.1,20,0.9,41,1.8,78,3.4,6869726,27.4,-14242,-13.6,-35,-18.5,212,25.0
"20000","2","92111","57","0","2023","1","",2,45,46,46,597029,0,0,1006,"",0.44,0.38,0.39,0.39,0.33,0.00,0.00,0.86,"",0,0.0,0,0.0,0,0.0,0,0.0,132953,28.6,0,0.0,0,0.0,224,28.6
"20000","2","921110","58","0","2023","1","",2,45,46,46,597029,0,0,1006,"",0.44,0.38,0.39,0.39,0.33,0.00,0.00,0.86,"",0,0.0,0,0.0,0,0.0,0,0.0,132953,28.6,0,0.0,0,0.0,224,28.6
"20000","2","92112","57","0","2023","1","",3,301,304,303,3777664,0,0,960,"",0.72,1.11,1.09,1.09,1.01,0.00,0.00,0.92,"",0,0.0,20,7.1,21,7.4,23,8.2,1078549,40.0,0,0.0,0,0.0,222,30.1
"20000","2","921120","58","0","2023","1","",3,301,304,303,3777664,0,0,960,"",0.72,1.11,1.09,1.09,1.01,0.00,0.00,0.92,"",0,0.0,20,7.1,21,7.4,23,8.2,1078549,40.0,0,0.0,0,0.0,222,30.1
"20000","2","92113","57","0","2023","1","",75,1368,1380,1408,18469480,90464,154,1026,"",3.86,1.50,1.51,1.53,1.26,0.21,0.32,0.83,"",-1,-1.3,1,0.1,8,0.6,40,2.9,3786636,25.8,-14242,-13.6,-35,-18.5,201,24.4
"20000","2","921130","58","0","2023","1","",75,1368,1380,1408,18469480,90464,154,1026,"",3.86,1.50,1.51,1.53,1.26,0.21,0.32,0.83,"",-1,-1.3,1,0.1,8,0.6,40,2.9,3786636,25.8,-14242,-13.6,-35,-18.5,201,24.4
"20000","2","92114","57","0","2023","1","",10,469,477,474,6872878,0,0,1117,"",14.69,25.53,25.15,24.58,25.12,0.00,0.00,1.00,"",0,0.0,-1,-0.2,7,1.5,10,2.2,1467675,27.2,0,0.0,0,0.0,229,25.8
"20000","2","921140","58","0","2023","1","",10,469,477,474,6872878,0,0,1117,"",14.69,25.53,25.15,24.58,25.12,0.00,0.00,1.00,"",0,0.0,-1,-0.2,7,1.5,10,2.2,1467675,27.2,0,0.0,0,0.0,229,25.8
"20000","2","92119","57","0","2023","1","",2,106,109,108,2196907,0,0,1570,"",0.09,0.13,0.14,0.13,0.16,0.00,0.00,1.21,"",0,0.0,0,0.0,5,4.8,5,4.9,403913,22.5,0,0.0,0,0.0,248,18.8
"20000","2","921190","58","0","2023","1","",2,106,109,108,2196907,0,0,1570,"",0.09,0.13,0.14,0.13,0.16,0.00,0.00,1.21,"",0,0.0,0,0.0,5,4.8,5,4.9,403913,22.5,0,0.0,0,0.0,248,18.8
"20000","2","922","55","0","2023","1","",271,5744,5744,5724,92497451,0,0,1240,"",2.30,0.93,0.93,0.93,0.96,0.00,0.00,1.03,"",0,0.0,219,4.0,212,3.8,221,4.0,21173239,29.7,0,0.0,0,0.0,246,24.7
"20000","2","9221","56","0","2023","1","",271,5744,5744,5724,92497451,0,0,1240,"",2.30,0.93,0.93,0.93,0.96,0.00,0.00,1.03,"",0,0.0,219,4.0,212,3.8,221,4.0,21173239,29.7,0,0.0,0,0.0,246,24.7
"20000","2","92211","57","0","2023","1","",1,10,10,10,137239,0,0,1056,"",0.03,0.01,0.01,0.01,0.01,0.00,0.00,0.82,"",0,0.0,2,25.0,3,42.9,3,42.9,51376,59.8,0,0.0,0,0.0,155,17.2
"20000","2","922110","58","0","2023","1","",1,10,10,10,137239,0,0,1056,"",0.03,0.01,0.01,0.01,0.01,0.00,0.00,0.82,"",0,0.0,2,25.0,3,42.9,3,42.9,51376,59.8,0,0.0,0,0.0,155,17.2
"20000","2","92212","57","0","2023","1","",82,729,729,722,13328557,0,0,1411,"",4.01,0.77,0.77,0.76,0.74,0.00,0.00,0.97,"",-2,-2.4,-4,-0.5,-3,-0.4,-13,-1.8,3272441,32.5,0,0.0,0,0.0,356,33.7
"20000","2","922120","58","0","2023","1","",82,729,729,722,13328557,0,0,1411,"",4.01,0.77,0.77,0.76,0.74,0.00,0.00,0.97,"",-2,-2.4,-4,-0.5,-3,-0.4,-13,-1.8,3272441,32.5,0,0.0,0,0.0,356,33.7
"20000","2","92213","57","0","2023","1","",125,2127,2118,2115,32236022,0,0,1170,"",7.69,3.87,3.87,3.85,3.70,0.00,0.00,0.96,"",-1,-0.8,55,2.7,36,1.7,35,1.7,8154579,33.9,0,0.0,0,0.0,279,31.3
"20000","2","922130","58","0","2023","1","",125,2127,2118,2115,32236022,0,0,1170,"",7.69,3.87,3.87,3.85,3.70,0.00,0.00,0.96,"",-1,-0.8,55,2.7,36,1.7,35,1.7,8154579,33.9,0,0.0,0,0.0,279,31.3
"20000","2","92214","57","0","2023","1","",40,2813,2818,2808,45864731,0,0,1254,"",1.18,0.86,0.86,0.85,0.97,0.00,0.00,1.14,"",1,2.6,162,6.1,172,6.5,192,7.3,9461132,26.0,0,0.0,0,0.0,192,18.1
"20000","2","922140","58","0","2023","1","",40,2813,2818,2808,45864731,0,0,1254,"",1.18,0.86,0.86,0.85,0.97,0.00,0.00,1.14,"",1,2.6,162,6.1,172,6.5,192,7.3,9461132,26.0,0,0.0,0,0.0,192,18.1
"20000","2","92216","57","0","2023","1","",22,61,65,65,838977,0,0,1014,"",20.88,3.02,3.02,2.93,3.64,0.00,0.00,1.22,"",2,10.0,5,8.9,5,8.3,5,8.3,218467,35.2,0,0.0,0,0.0,200,24.6
"20000","2","922160","58","0","2023","1","",22,61,65,65,838977,0,0,1014,"",20.88,3.02,3.02,2.93,3.64,0.00,0.00,1.22,"",2,10.0,5,8.9,5,8.3,5,8.3,218467,35.2,0,0.0,0,0.0,200,24.6
"20000","2","92219","57","0","2023","1","",1,4,4,4,91925,0,0,1768,"",0.17,0.02,0.02,0.02,0.02,0.00,0.00,1.31,"",0,0.0,-1,-20.0,-1,-20.0,-1,-20.0,15244,19.9,0,0.0,0,0.0,588,49.8
"20000","2","922190","58","0","2023","1","",1,4,4,4,91925,0,0,1768,"",0.17,0.02,0.02,0.02,0.02,0.00,0.00,1.31,"",0,0.0,-1,-20.0,-1,-20.0,-1,-20.0,15244,19.9,0,0.0,0,0.0,588,49.8
"20000","2","923","55","0","2023","1","",130,4860,4869,4904,62037116,0,0,978,"",1.46,1.28,1.28,1.29,1.17,0.00,0.00,0.91,"",8,6.6,59,1.2,91,1.9,176,3.7,12429037,25.1,0,0.0,0,0.0,178,22.2
"20000","2","9231","56","0","2023","1","",130,4860,4869,4904,62037116,0,0,978,"",1.46,1.28,1.28,1.29,1.17,0.00,0.00,0.91,"",8,6.6,59,1.2,91,1.9,176,3.7,12429037,25.1,0,0.0,0,0.0,178,22.2
"20000","2","92311","57","0","2023","1","",20,318,329,328,5156548,0,0,1220,"",1.97,0.76,0.79,0.78,0.76,0.00,0.00,0.98,"",1,5.3,21,7.1,22,7.2,18,5.8,1097156,27.0,0,0.0,0,0.0,195,19.0
"20000","2","923110","58","0","2023","1","",20,318,329,328,5156548,0,0,1220,"",1.97,0.76,0.79,0.78,0.76,0.00,0.00,0.98,"",1,5.3,21,7.1,22,7.2,18,5.8,1097156,27.0,0,0.0,0,0.0,195,19.0
"20000","2","92312","57","0","2023","1","",31,1510,1509,1524,20204479,0,0,1026,"",1.07,1.19,1.18,1.19,1.13,0.00,0.00,0.95,"",7,29.2,112,8.0,110,7.9,135,9.7,4646822,29.9,0,0.0,0,0.0,168,19.6
"20000","2","923120","58","0","2023","1","",31,1510,1509,1524,20204479,0,0,1026,"",1.07,1.19,1.18,1.19,1.13,0.00,0.00,0.95,"",7,29.2,112,8.0,110,7.9,135,9.7,4646822,29.9,0,0.0,0,0.0,168,19.6
"20000","2","92313","57","0","2023","1","",79,3032,3031,3052,36676089,0,0,929,"",1.74,1.49,1.49,1.50,1.34,0.00,0.00,0.90,"",0,0.0,-74,-2.4,-41,-1.3,23,0.8,6685059,22.3,0,0.0,0,0.0,177,23.5
"20000","2","923130","58","0","2023","1","",79,3032,3031,3052,36676089,0,0,929,"",1.74,1.49,1.49,1.50,1.34,0.00,0.00,0.90,"",0,0.0,-74,-2.4,-41,-1.3,23,0.8,6685059,22.3,0,0.0,0,0.0,177,23.5
"20000","2","924","55","0","2023","1","",74,509,518,557,6349974,0,0,925,"",1.30,0.40,0.41,0.43,0.35,0.00,0.00,0.85,"",3,4.2,-3,-0.6,1,0.2,34,6.5,1224096,23.9,0,0.0,0,0.0,163,21.4
"20000","2","9241","56","0","2023","1","",74,509,518,557,6349974,0,0,925,"",1.30,0.40,0.41,0.43,0.35,0.00,0.00,0.85,"",3,4.2,-3,-0.6,1,0.2,34,6.5,1224096,23.9,0,0.0,0,0.0,163,21.4
"20000","2","92411","57","0","2023","1","",1,16,16,16,271900,0,0,1307,"",0.09,0.04,0.04,0.04,0.04,0.00,0.00,0.98,"",0,0.0,1,6.7,1,6.7,0,0.0,64276,31.0,0,0.0,0,0.0,265,25.4
"20000","2","924110","58","0","2023","1","",1,16,16,16,271900,0,0,1307,"",0.09,0.04,0.04,0.04,0.04,0.00,0.00,0.98,"",0,0.0,1,6.7,1,6.7,0,0.0,64276,31.0,0,0.0,0,0.0,265,25.4
"20000","2","92412","57","0","2023","1","",73,493,502,541,6078074,0,0,913,"",1.59,0.55,0.57,0.60,0.53,0.00,0.00,0.93,"",3,4.3,-4,-0.8,0,0.0,34,6.7,1159820,23.6,0,0.0,0,0.0,159,21.1
"20000","2","924120","58","0","2023","1","",73,493,502,541,6078074,0,0,913,"",1.59,0.55,0.57,0.60,0.53,0.00,0.00,0.93,"",3,4.3,-4,-0.8,0,0.0,34,6.7,1159820,23.6,0,0.0,0,0.0,159,21.1
"20000","2","926","55","0","2023","1","",233,3193,3216,3225,44001866,22118,22,1054,"",2.62,1.15,1.15,1.15,1.06,0.03,0.01,0.92,"",9,4.0,15,0.5,40,1.3,74,2.3,8513621,24.0,22118,100.0,22,100.0,192,22.3
"20000","2","9261","56","0","2023","1","",233,3193,3216,3225,44001866,22118,22,1054,"",2.62,1.15,1.15,1.15,1.06,0.03,0.01,0.92,"",9,4.0,15,0.5,40,1.3,74,2.3,8513621,24.0,22118,100.0,22,100.0,192,22.3
"20000","2","92611","57","0","2023","1","",37,356,352,361,4554141,0,0,983,"",5.18,1.32,1.30,1.33,1.24,0.00,0.00,0.94,"",6,19.4,12,3.5,21,6.3,36,11.1,959617,26.7,0,0.0,0,0.0,153,18.4
"20000","2","926110","58","0","2023","1","",37,356,352,361,4554141,0,0,983,"",5.18,1.32,1.30,1.33,1.24,0.00,0.00,0.94,"",6,19.4,12,3.5,21,6.3,36,11.1,959617,26.7,0,0.0,0,0.0,153,18.4
"20000","2","92612","57","0","2023","1","",101,2075,2095,2099,28031258,0,0,1032,"",3.13,1.25,1.26,1.26,1.09,0.00,0.00,0.87,"",0,0.0,0,0.0,20,1.0,36,1.7,5138383,22.4,0,0.0,0,0.0,182,21.4
"20000","2","926120","58","0","2023","1","",101,2075,2095,2099,28031258,0,0,1032,"",3.13,1.25,1.26,1.26,1.09,0.00,0.00,0.87,"",0,0.0,0,0.0,20,1.0,36,1.7,5138383,22.4,0,0.0,0,0.0,182,21.4
"20000","2","92613","57","0","2023","1","",15,166,166,165,2673983,0,0,1242,"",4.18,2.09,2.07,2.04,1.52,0.00,0.00,0.74,"",0,0.0,2,1.2,0,0.0,-1,-0.6,488198,22.3,0,0.0,0,0.0,225,22.1
"20000","2","926130","58","0","2023","1","",15,166,166,165,2673983,0,0,1242,"",4.18,2.09,2.07,2.04,1.52,0.00,0.00,0.74,"",0,0.0,2,1.2,0,0.0,-1,-0.6,488198,22.3,0,0.0,0,0.0,225,22.1
"20000","2","92614","57","0","2023","1","",59,320,322,325,4287192,22118,22,1023,"",2.38,1.09,1.08,1.09,1.28,0.53,0.14,1.18,"",3,5.4,5,1.6,3,0.9,9,2.8,874811,25.6,22118,100.0,22,100.0,194,23.4
"20000","2","926140","58","0","2023","1","",59,320,322,325,4287192,22118,22,1023,"",2.38,1.09,1.08,1.09,1.28,0.53,0.14,1.18,"",3,5.4,5,1.6,3,0.9,9,2.8,874811,25.6,22118,100.0,22,100.0,194,23.4
"20000","2","92615","57","0","2023","1","",21,276,281,275,4455292,0,0,1236,"",1.00,0.57,0.58,0.56,0.64,0.00,0.00,1.11,"",0,0.0,-4,-1.4,-4,-1.4,-6,-2.1,1052612,30.9,0,0.0,0,0.0,308,33.2
"20000","2","926150","58","0","2023","1","",21,276,281,275,4455292,0,0,1236,"",1.00,0.57,0.58,0.56,0.64,0.00,0.00,1.11,"",0,0.0,-4,-1.4,-4,-1.4,-6,-2.1,1052612,30.9,0,0.0,0,0.0,308,33.2
"20000","2","928","55","0","2023","1","",11,271,272,284,3748766,0,0,1046,"",1.79,1.58,1.58,1.65,1.91,0.00,0.00,1.19,"",0,0.0,-3,-1.1,-3,-1.1,13,4.8,731673,24.3,0,0.0,0,0.0,197,23.2
"20000","2","9281","56","0","2023","1","",11,271,272,284,3748766,0,0,1046,"",1.79,1.58,1.58,1.65,1.91,0.00,0.00,1.19,"",0,0.0,-3,-1.1,-3,-1.1,13,4.8,731673,24.3,0,0.0,0,0.0,197,23.2
"20000","2","92811","57","0","2023","1","",11,271,272,284,3748766,0,0,1046,"N",1.80,0,0,0,0,0,0,0,"",0,0.0,-3,-1.1,-3,-1.1,13,4.8,731673,24.3,0,0.0,0,0.0,197,23.2
"20000","2","928110","58","0","2023","1","",11,271,272,284,3748766,0,0,1046,"N",1.80,0,0,0,0,0,0,0,"",0,0.0,-3,-1.1,-3,-1.1,13,4.8,731673,24.3,0,0.0,0,0.0,197,23.2
"20000","3","10","51","0","2023","1","",2726,176208,178261,178306,1909158622,1779587291,2589579,827,"",1.96,1.33,1.33,1.33,1.17,14.09,4.06,0.88,"",24,0.9,1306,0.7,1285,0.7,538,0.3,127424222,7.2,115810581,7.0,-1187198,-31.4,51,6.6
"20000","3","101","52","0","2023","1","",379,607,627,646,3057802,2194268,4688,375,"",10.65,0.62,0.64,0.66,0.25,1.59,0.53,0.39,"",1,0.3,-44,-6.8,-34,-5.1,-23,-3.4,131638,4.5,-195804,-8.2,306,7.0,34,10.0
"20000","3","1012","53","0","2023","1","",379,607,627,646,3057802,2194268,4688,375,"",10.94,0.63,0.65,0.67,0.25,1.79,0.66,0.39,"",1,0.3,-44,-6.8,-34,-5.1,-23,-3.4,131638,4.5,-195804,-8.2,306,7.0,34,10.0
"20000","3","102","52","0","2023","1","",2347,175601,177634,177660,1906100820,1777393023,2584891,829,"",1.73,1.33,1.34,1.33,1.18,14.23,4.11,0.88,"",23,1.0,1350,0.8,1319,0.7,561,0.3,127292584,7.2,116006385,7.0,-1187504,-31.5,51,6.6
"20000","3","1021","53","0","2023","1","",224,2413,2405,2409,36696713,35257410,58765,1172,"",2.29,0.47,0.47,0.47,0.45,4.39,1.40,0.96,"",-9,-3.9,21,0.9,15,0.6,35,1.5,2765043,8.1,2418790,7.4,-3647,-5.8,78,7.1
"20000","3","1022","53","0","2023","1","",229,1616,1616,1622,10134269,9480197,17634,482,"",5.53,1.43,1.43,1.43,1.11,7.61,3.43,0.78,"",7,3.2,21,1.3,33,2.1,48,3.0,720496,7.7,577998,6.5,-22861,-56.5,25,5.5
"20000","3","1023","53","0","2023","1","",37,268,278,274,3217117,2842279,18654,905,"",2.40,0.64,0.66,0.65,0.58,1.14,0.94,0.90,"",1,2.8,-5,-1.8,9,3.3,6,2.2,515018,19.1,381047,15.5,-19735,-51.4,135,17.5
"20000","3","1024","53","0","2023","1","",26,105,107,104,1228496,1175329,2790,897,"",0.68,0.12,0.12,0.12,0.11,0.53,0.14,0.93,"",7,36.8,8,8.2,13,13.8,4,4.0,56628,4.8,3748,0.3,915,48.8,-32,-3.4
"20000","3","1025","53","0","2023","1","",528,117790,119993,119841,1213872761,1138885822,1372171,783,"",0.89,1.42,1.43,1.42,1.26,25.81,8.55,0.89,"",5,1.0,623,0.5,598,0.5,39,0.0,41463033,3.5,35233366,3.2,-688200,-33.4,24,3.2
"20000","3","1026","53","0","2023","1","",92,3554,3659,3534,22268228,21158983,200498,478,"",2.44,1.06,1.09,1.04,0.79,1.90,1.80,0.74,"",5,5.7,36,1.0,49,1.4,-38,-1.1,1589745,7.7,1432483,7.3,436,0.2,32,7.2
"20000","3","1027","53","0","2023","1","",72,141,137,148,558258,472171,1735,302,"",4.25,0.48,0.47,0.50,0.17,0.65,0.22,0.36,"",2,2.9,7,5.2,4,3.0,4,2.8,-14013,-2.4,6926,1.5,-1585,-47.7,-19,-5.9
"20000","3","1028","53","0","2023","1","",1139,49714,49439,49728,618124978,568120832,912644,958,"",2.23,1.33,1.32,1.32,1.18,10.35,3.49,0.89,"",5,0.4,639,1.3,598,1.2,463,0.9,80196634,14.9,75952027,15.4,-452827,-33.2,115,13.6
"20000","3","22","54","0","2023","1","",208,1896,1887,1888,29891560,28523199,48303,1216,"",3.07,0.83,0.82,0.82,0.76,6.18,2.41,0.92,"",-9,-4.1,2,0.1,-4,-0.2,11,0.6,1394187,4.9,1052307,3.8,-2603,-5.1,55,4.7
"20000","3","221","55","0","2023","1","",208,1896,1887,1888,29891560,28523199,48303,1216,"",3.07,0.83,0.82,0.82,0.76,6.18,2.41,0.92,"",-9,-4.1,2,0.1,-4,-0.2,11,0.6,1394187,4.9,1052307,3.8,-2603,-5.1,55,4.7
"20000","3","2211","56","0","2023","1","",8,696,701,694,14909285,14909285,14910,1645,"",1.05,0.97,0.97,0.96,0.95,16.97,3.54,0.98,"",0,0.0,1,0.1,-1,-0.1,6,0.9,492072,3.4,492072,3.4,494,3.4,49,3.1
"20000","3","22111","57","0","2023","1","",4,143,148,144,1189043,1189043,1190,631,"",1.91,0.74,0.76,0.74,0.29,2.76,0.40,0.39,"",0,0.0,-1,-0.7,5,3.5,4,2.9,139701,13.3,139701,13.3,141,13.4,64,11.3
"20000","3","221112","58","0","2023","1","",4,143,148,144,1189043,1189043,1190,631,"",2.58,1.02,1.05,1.03,0.41,23.81,8.65,0.39,"",0,0.0,-1,-0.7,5,3.5,4,2.9,139701,13.3,139701,13.3,141,13.4,64,11.3
"20000","3","22112","57","0","2023","1","",4,553,553,550,13720242,13720242,13720,1912,"",0.72,1.06,1.05,1.04,1.18,30.60,11.24,1.12,"",0,0.0,2,0.4,-6,-1.1,2,0.4,352371,2.6,352371,2.6,353,2.6,51,2.7
"20000","3","221122","58","0","2023","1","",4,553,553,550,13720242,13720242,13720,1912,"",0.80,1.20,1.19,1.19,1.34,32.42,12.14,1.12,"",0,0.0,2,0.4,-6,-1.1,2,0.4,352371,2.6,352371,2.6,353,2.6,51,2.7
"20000","3","2212","56","0","2023","1","",2,7,7,7,45441,45441,60,499,"",1.20,0.11,0.11,0.11,0.05,0.28,0.18,0.49,"",0,0.0,0,0.0,0,0.0,0,0.0,2887,6.8,2887,6.8,-5,-7.7,31,6.6
"20000","3","22121","57","0","2023","1","",2,7,7,7,45441,45441,60,499,"",1.20,0.11,0.11,0.11,0.05,0.28,0.18,0.49,"",0,0.0,0,0.0,0,0.0,0,0.0,2887,6.8,2887,6.8,-5,-7.7,31,6.6
"20000","3","221210","58","0","2023","1","",2,7,7,7,45441,45441,60,499,"",1.20,0.11,0.11,0.11,0.05,0.28,0.18,0.49,"",0,0.0,0,0.0,0,0.0,0,0.0,2887,6.8,2887,6.8,-5,-7.7,31,6.6
"20000","3","2213","56","0","2023","1","",198,1193,1179,1187,14936834,13568473,33333,969,"",3.39,0.79,0.78,0.79,0.65,3.80,2.15,0.83,"",-9,-4.3,1,0.1,-3,-0.3,5,0.4,899228,6.4,557348,4.3,-3092,-8.5,58,6.4
"20000","3","22131","57","0","2023","1","",196,1191,1177,1185,14935304,13568473,33333,970,"",4.95,1.16,1.14,1.15,0.98,5.30,3.20,0.85,"",-9,-4.4,1,0.1,-2,-0.2,5,0.4,899528,6.4,557648,4.3,-3092,-8.5,57,6.2
"20000","3","221310","58","0","2023","1","",196,1191,1177,1185,14935304,13568473,33333,970,"",4.95,1.16,1.14,1.15,0.98,5.30,3.20,0.85,"",-9,-4.4,1,0.1,-2,-0.2,5,0.4,899528,6.4,557648,4.3,-3092,-8.5,57,6.2
"20000","3","22132","57","0","2023","1","",2,2,2,2,1530,0,0,59,"",0.11,0.00,0.00,0.00,0.00,0.00,0.00,0.05,"",0,0.0,0,0.0,-1,-33.3,0,0.0,-300,-16.4,-300,-100.0,0,0.0,-1,-1.7
"20000","3","221320","58","0","2023","1","",2,2,2,2,1530,0,0,59,"",0.11,0.00,0.00,0.00,0.00,0.00,0.00,0.05,"",0,0.0,0,0.0,-1,-33.3,0,0.0,-300,-16.4,-300,-100.0,0,0.0,-1,-1.7
"20000","3","23","54","0","2023","1","",379,607,627,646,3057802,2194268,4688,375,"",10.94,0.63,0.65,0.67,0.25,1.79,0.66,0.39,"",1,0.3,-44,-6.8,-34,-5.1,-23,-3.4,131638,4.5,-195804,-8.2,306,7.0,34,10.0
"20000","3","237","55","0","2023","1","",377,605,625,644,3042824,2179290,4673,375,"",11.40,0.65,0.68,0.70,0.26,1.87,0.70,0.39,"",1,0.3,-44,-6.8,-34,-5.2,-23,-3.4,128719,4.4,-198723,-8.4,303,6.9,35,10.3
"20000","3","2373","56","0","2023","1","",377,605,625,644,3042824,2179290,4673,375,"",11.85,0.68,0.70,0.72,0.27,2.01,0.82,0.39,"",1,0.3,-44,-6.8,-34,-5.2,-23,-3.4,128719,4.4,-198723,-8.4,303,6.9,35,10.3
"20000","3","23731","57","0","2023","1","",377,605,625,644,3042824,2179290,4673,375,"",11.85,0.68,0.70,0.72,0.27,2.01,0.82,0.39,"",1,0.3,-44,-6.8,-34,-5.2,-23,-3.4,128719,4.4,-198723,-8.4,303,6.9,35,10.3
"20000","3","237310","58","0","2023","1","",377,605,625,644,3042824,2179290,4673,375,"",11.85,0.68,0.70,0.72,0.27,2.01,0.82,0.39,"",1,0.3,-44,-6.8,-34,-5.2,-23,-3.4,128719,4.4,-198723,-8.4,303,6.9,35,10.3
"20000","3","238","55","0","2023","1","",2,2,2,2,14978,14978,15,576,"",3.20,0.20,0.20,0.20,0.13,2.73,0.15,0.65,"",0,0.0,0,0.0,0,0.0,0,0.0,2919,24.2,2919,24.2,3,25.0,112,24.1
"20000","3","2389","56","0","2023","1","",2,2,2,2,14978,14978,15,576,"",13.71,0.60,0.60,0.60,0.35,11.31,0.49,0.58,"",0,0.0,0,0.0,0,0.0,0,0.0,2919,24.2,2919,24.2,3,25.0,112,24.1
"20000","3","23891","57","0","2023","1","",2,2,2,2,14978,14978,15,576,"",35.25,0.81,0.82,0.82,0.45,15.61,0.52,0.55,"",0,0.0,0,0.0,0,0.0,0,0.0,2919,24.2,2919,24.2,3,25.0,112,24.1
"20000","3","238912","58","0","2023","1","",2,2,2,2,14978,14978,15,576,"N",41.12,0,0,0,0,0,0,0,"",0,0.0,0,0.0,0,0.0,0,0.0,2919,24.2,2919,24.2,3,25.0,112,24.1
"20000","3","44-45","54","0","2023","1","",1,49,50,47,401414,392175,3961,634,"",0.17,0.53,0.54,0.51,0.65,0.94,1.16,1.24,"",0,0.0,2,4.3,4,8.7,3,6.8,33422,9.1,35627,10.0,-2457,-38.3,14,2.3
"20000","3","457","55","0","2023","1","",1,49,50,47,401414,392175,3961,634,"",1.17,2.57,2.60,2.35,3.08,3.16,2.80,1.23,"",0,0.0,2,4.3,4,8.7,3,6.8,33422,9.1,35627,10.0,-2457,-38.3,14,2.3
"20000","3","4571","56","0","2023","1","",1,49,50,47,401414,392175,3961,634,"N",1.20,0,0,0,0,0,0,0,"",0,0.0,2,4.3,4,8.7,3,6.8,33422,9.1,35627,10.0,-2457,-38.3,14,2.3
"20000","3","45711","57","0","2023","1","",1,49,50,47,401414,392175,3961,634,"",1.29,2.71,2.75,2.48,3.30,3.39,2.89,1.25,"",0,0.0,2,4.3,4,8.7,3,6.8,33422,9.1,35627,10.0,-2457,-38.3,14,2.3
"20000","3","457110","58","0","2023","1","",1,49,50,47,401414,392175,3961,634,"",1.29,2.71,2.75,2.48,3.30,3.39,2.89,1.25,"",0,0.0,2,4.3,4,8.7,3,6.8,33422,9.1,35627,10.0,-2457,-38.3,14,2.3
"20000","3","48-49","54","0","2023","1","",15,468,468,474,6403739,6342036,6501,1048,"",0.63,0.17,0.17,0.17,0.16,2.14,0.36,0.91,"",0,0.0,17,3.8,15,3.3,21,4.6,1337434,26.4,1330856,26.6,1413,27.8,186,21.6
"20000","3","485","55","0","2023","1","",2,79,78,79,964459,964458,964,943,"",0.14,0.04,0.04,0.04,0.03,0.42,0.07,0.84,"",0,0.0,2,2.6,0,0.0,1,1.3,43725,4.7,43724,4.7,43,4.7,31,3.4
"20000","3","4851","56","0","2023","1","",2,79,78,79,964459,964458,964,943,"",0.49,0.05,0.05,0.05,0.04,0.61,0.10,0.72,"",0,0.0,2,2.6,0,0.0,1,1.3,43725,4.7,43724,4.7,43,4.7,31,3.4
"20000","3","48511","57","0","2023","1","",2,79,78,79,964459,964458,964,943,"",0.49,0.05,0.05,0.05,0.04,0.61,0.10,0.72,"",0,0.0,2,2.6,0,0.0,1,1.3,43725,4.7,43724,4.7,43,4.7,31,3.4
"20000","3","485113","58","0","2023","1","",2,79,78,79,964459,964458,964,943,"",0.67,0.14,0.13,0.14,0.11,1.05,0.11,0.82,"",0,0.0,2,2.6,0,0.0,1,1.3,43725,4.7,43724,4.7,43,4.7,31,3.4
"20000","3","488","55","0","2023","1","",13,389,390,395,5439280,5377578,5537,1069,"",1.85,0.92,0.92,0.93,0.73,8.29,1.28,0.79,"",0,0.0,15,4.0,15,4.0,20,5.3,1293709,31.2,1287132,31.5,1370,32.9,218,25.6
"20000","3","4881","56","0","2023","1","",4,25,27,27,376075,314374,462,1099,"",0.83,0.08,0.09,0.09,0.07,0.80,0.16,0.86,"",0,0.0,0,0.0,2,8.0,2,8.0,61613,19.6,55037,21.2,159,52.5,131,13.5
"20000","3","48811","57","0","2023","1","",3,21,23,23,321187,314374,462,1106,"N",0.63,0,0,0,0,0,0,0,"",0,0.0,0,0.0,2,9.5,2,9.5,59010,22.5,55037,21.2,159,52.5,146,15.2
"20000","3","488119","58","0","2023","1","",3,21,23,23,321187,314374,462,1106,"",0.66,0.07,0.08,0.08,0.07,0.81,0.17,0.86,"",0,0.0,0,0.0,2,9.5,2,9.5,59010,22.5,55037,21.2,159,52.5,146,15.2
"20000","3","48819","57","0","2023","1","",1,4,4,4,54888,0,0,1056,"N",17.62,0,0,0,0,0,0,0,"",0,0.0,0,0.0,0,0.0,0,0.0,2603,5.0,0,0.0,0,0.0,51,5.1
"20000","3","488190","58","0","2023","1","",1,4,4,4,54888,0,0,1056,"N",17.62,0,0,0,0,0,0,0,"",0,0.0,0,0.0,0,0.0,0,0.0,2603,5.0,0,0.0,0,0.0,51,5.1
"20000","3","4884","56","0","2023","1","",9,364,363,368,5063205,5063204,5075,1067,"",7.71,8.39,8.39,8.39,6.93,38.43,6.56,0.83,"",0,0.0,15,4.3,13,3.7,18,5.1,1232096,32.2,1232095,32.2,1211,31.3,224,26.6
"20000","3","48849","57","0","2023","1","",9,364,363,368,5063205,5063204,5075,1067,"N",7.82,0,0,0,0,0,0,0,"",0,0.0,15,4.3,13,3.7,18,5.1,1232096,32.2,1232095,32.2,1211,31.3,224,26.6
"20000","3","488490","58","0","2023","1","",9,364,363,368,5063205,5063204,5075,1067,"N",7.82,0,0,0,0,0,0,0,"",0,0.0,15,4.3,13,3.7,18,5.1,1232096,32.2,1232095,32.2,1211,31.3,224,26.6
"20000","3","51","54","0","2023","1","",229,1616,1616,1622,10134269,9480197,17634,482,"",5.53,1.43,1.43,1.43,1.11,7.61,3.43,0.78,"",7,3.2,21,1.3,33,2.1,48,3.0,720496,7.7,577998,6.5,-22861,-56.5,25,5.5
"20000","3","519","55","0","2023","1","",229,1616,1616,1622,10134269,9480197,17634,482,"",5.74,1.48,1.48,1.48,1.18,8.12,3.61,0.80,"",7,3.2,21,1.3,33,2.1,48,3.0,720496,7.7,577998,6.5,-22861,-56.5,25,5.5
"20000","3","5192","56","0","2023","1","",229,1616,1616,1622,10134269,9480197,17634,482,"",5.74,1.48,1.48,1.48,1.18,8.12,3.61,0.80,"",7,3.2,21,1.3,33,2.1,48,3.0,720496,7.7,577998,6.5,-22861,-56.5,25,5.5
"20000","3","51921","57","0","2023","1","",229,1616,1616,1622,10134269,9480197,17634,482,"N",5.75,0,0,0,0,0,0,0,"",7,3.2,21,1.3,33,2.1,48,3.0,720496,7.7,577998,6.5,-22861,-56.5,25,5.5
"20000","3","519210","58","0","2023","1","",229,1616,1616,1622,10134269,9480197,17634,482,"N",5.75,0,0,0,0,0,0,0,"",7,3.2,21,1.3,33,2.1,48,3.0,720496,7.7,577998,6.5,-22861,-56.5,25,5.5
"20000","3","52","54","0","2023","1","",1,41,43,45,886293,551373,7444,1585,"",0.65,0.40,0.41,0.43,0.44,0.85,1.11,1.06,"",0,0.0,-1,-2.4,-1,-2.3,2,4.7,157414,21.6,29246,5.6,-5087,-40.6,281,21.5
"20000","3","522","55","0","2023","1","",1,41,43,45,886293,551373,7444,1585,"",2.62,3.25,3.37,3.51,3.86,6.12,12.90,1.14,"",0,0.0,-1,-2.4,-1,-2.3,2,4.7,157414,21.6,29246,5.6,-5087,-40.6,281,21.5
"20000","3","5222","56","0","2023","1","",1,41,43,45,886293,551373,7444,1585,"",3.43,3.40,3.51,3.65,3.96,6.52,13.70,1.13,"",0,0.0,-1,-2.4,-1,-2.3,2,4.7,157414,21.6,29246,5.6,-5087,-40.6,281,21.5
"20000","3","52229","57","0","2023","1","",1,41,43,45,886293,551373,7444,1585,"N",3.52,0,0,0,0,0,0,0,"",0,0.0,-1,-2.4,-1,-2.3,2,4.7,157414,21.6,29246,5.6,-5087,-40.6,281,21.5
"20000","3","522291","58","0","2023","1","",1,41,43,45,886293,551373,7444,1585,"N",4.74,0,0,0,0,0,0,0,"",0,0.0,-1,-2.4,-1,-2.3,2,4.7,157414,21.6,29246,5.6,-5087,-40.6,281,21.5
"20000","3","53","54","0","2023","1","",36,227,235,229,2330824,2290906,11210,778,"",2.59,0.72,0.74,0.72,0.66,1.23,0.85,0.91,"",1,2.9,-4,-1.7,10,4.4,4,1.8,357604,18.1,351801,18.1,-14648,-56.6,109,16.3
"20000","3","531","55","0","2023","1","",36,227,235,229,2330824,2290906,11210,778,"",2.60,0.72,0.75,0.72,0.67,1.24,0.85,0.91,"",1,2.9,-4,-1.7,10,4.4,4,1.8,357604,18.1,351801,18.1,-14648,-56.6,109,16.3
"20000","3","5311","56","0","2023","1","",31,206,214,208,2186380,2161848,11081,803,"",3.19,0.84,0.87,0.84,0.78,1.57,1.04,0.92,"",1,3.3,-4,-1.9,11,5.4,5,2.5,368069,20.2,377652,21.2,-14638,-56.9,122,17.9
"20000","3","53111","57","0","2023","1","",31,206,214,208,2186380,2161848,11081,803,"",3.45,0.90,0.95,0.91,0.84,1.71,1.19,0.91,"",1,3.3,-4,-1.9,11,5.4,5,2.5,368069,20.2,377652,21.2,-14638,-56.9,122,17.9
"20000","3","531110","58","0","2023","1","",31,206,214,208,2186380,2161848,11081,803,"",3.45,0.90,0.95,0.91,0.84,1.71,1.19,0.91,"",1,3.3,-4,-1.9,11,5.4,5,2.5,368069,20.2,377652,21.2,-14638,-56.9,122,17.9
"20000","3","5313","56","0","2023","1","",5,21,21,21,144444,129058,129,529,"",1.36,0.34,0.33,0.33,0.23,0.28,0.06,0.68,"",0,0.0,0,0.0,-1,-4.5,-1,-4.5,-10465,-6.8,-25851,-16.7,-10,-7.2,-21,-3.8
"20000","3","53131","57","0","2023","1","",5,21,21,21,144444,129058,129,529,"",1.40,0.35,0.35,0.35,0.24,0.29,0.06,0.69,"",0,0.0,0,0.0,-1,-4.5,-1,-4.5,-10465,-6.8,-25851,-16.7,-10,-7.2,-21,-3.8
"20000","3","531311","58","0","2023","1","",5,21,21,21,144444,129058,129,529,"",1.48,0.41,0.41,0.40,0.27,0.32,0.07,0.66,"",0,0.0,0,0.0,-1,-4.5,-1,-4.5,-10465,-6.8,-25851,-16.7,-10,-7.2,-21,-3.8
"20000","3","54","54","0","2023","1","",6,17,17,17,181187,161226,890,820,"",0.62,0.09,0.09,0.09,0.06,0.35,0.29,0.68,"",3,100.0,1,6.2,1,6.2,1,6.2,39538,27.9,19577,13.8,570,178.1,139,20.4
"20000","3","541","55","0","2023","1","",6,17,17,17,181187,161226,890,820,"",0.62,0.09,0.09,0.09,0.06,0.35,0.29,0.68,"",3,100.0,1,6.2,1,6.2,1,6.2,39538,27.9,19577,13.8,570,178.1,139,20.4
"20000","3","5413","56","0","2023","1","",1,5,5,5,64009,64009,64,985,"",0.25,0.07,0.07,0.07,0.05,1.42,0.16,0.83,"",0,0.0,-1,-16.7,-1,-16.7,-1,-16.7,-4711,-6.9,-4711,-6.9,-183,-74.1,104,11.8
"20000","3","54132","57","0","2023","1","",1,5,5,5,64009,64009,64,985,"",4.93,0.59,0.58,0.58,0.41,17.74,4.37,0.69,"",0,0.0,-1,-16.7,-1,-16.7,-1,-16.7,-4711,-6.9,-4711,-6.9,-183,-74.1,104,11.8
"20000","3","541320","58","0","2023","1","",1,5,5,5,64009,64009,64,985,"",4.93,0.59,0.58,0.58,0.41,17.74,4.37,0.69,"",0,0.0,-1,-16.7,-1,-16.7,-1,-16.7,-4711,-6.9,-4711,-6.9,-183,-74.1,104,11.8
"20000","3","5414","56","0","2023","1","",1,1,1,1,12461,0,0,959,"N",41.12,0,0,0,0,0,0,0,"",1,100.0,1,100.0,1,100.0,1,100.0,12461,100.0,0,0.0,0,0.0,959,100.0
"20000","3","54143","57","0","2023","1","",1,1,1,1,12461,0,0,959,"",61.68,21.51,21.54,26.96,30.32,0.00,0.00,1.32,"",1,100.0,1,100.0,1,100.0,1,100.0,12461,100.0,0,0.0,0,0.0,959,100.0
"20000","3","541430","58","0","2023","1","",1,1,1,1,12461,0,0,959,"",61.68,21.51,21.54,26.96,30.32,0.00,0.00,1.32,"",1,100.0,1,100.0,1,100.0,1,100.0,12461,100.0,0,0.0,0,0.0,959,100.0
"20000","3","5415","56","0","2023","1","",2,2,2,2,35500,28000,756,1365,"",0.86,0.05,0.05,0.05,0.05,0.37,2.01,1.17,"",2,100.0,2,100.0,2,100.0,2,100.0,35500,100.0,28000,100.0,756,100.0,1365,100.0
"20000","3","54151","57","0","2023","1","",2,2,2,2,35500,28000,756,1365,"",0.86,0.05,0.05,0.05,0.05,0.37,2.01,1.17,"",2,100.0,2,100.0,2,100.0,2,100.0,35500,100.0,28000,100.0,756,100.0,1365,100.0
"20000","3","541511","58","0","2023","1","",1,1,1,1,16153,14000,378,1243,"",2.68,0.23,0.23,0.24,0.26,0.85,2.90,1.09,"N",1,100.0,0,0,0,0,0,0,0,0,0,0,0,0,0,0
"20000","3","541512","58","0","2023","1","",1,1,1,1,19347,14000,378,1488,"",0.96,0.05,0.05,0.05,0.06,0.30,2.02,1.16,"",1,100.0,1,100.0,1,100.0,1,100.0,19347,100.0,14000,100.0,378,100.0,1488,100.0
"20000","3","5416","56","0","2023","1","",1,1,1,1,10550,10550,11,812,"",0.76,0.06,0.06,0.06,0.04,0.14,0.01,0.63,"",0,0.0,0,0.0,0,0.0,0,0.0,0,0.0,0,0.0,0,0.0,0,0.0
"20000","3","54162","57","0","2023","1","",1,1,1,1,10550,10550,11,812,"",6.85,0.92,0.88,0.89,0.93,1.66,0.17,1.04,"",0,0.0,0,0.0,0,0.0,0,0.0,0,0.0,0,0.0,0,0.0,0,0.0
"20000","3","541620","58","0","2023","1","",1,1,1,1,10550,10550,11,812,"",6.85,0.92,0.88,0.89,0.93,1.66,0.17,1.04,"",0,0.0,0,0.0,0,0.0,0,0.0,0,0.0,0,0.0,0,0.0,0,0.0
"20000","3","5419","56","0","2023","1","",1,8,8,8,58667,58667,59,564,"N",3.86,0,0,0,0,0,0,0,"",0,0.0,-1,-11.1,-1,-11.1,-1,-11.1,-3712,-6.0,-3712,-6.0,-3,-4.8,31,5.8
"20000","3","54191","57","0","2023","1","",1,8,8,8,58667,58667,59,564,"",123.36,107.57,107.69,107.82,136.60,89.55,133.14,1.27,"",0,0.0,-1,-11.1,-1,-11.1,-1,-11.1,-3712,-6.0,-3712,-6.0,-3,-4.8,31,5.8
"20000","3","541910","58","0","2023","1","",1,8,8,8,58667,58667,59,564,"",123.36,107.57,107.69,107.82,136.60,89.55,133.14,1.27,"",0,0.0,-1,-11.1,-1,-11.1,-1,-11.1,-3712,-6.0,-3712,-6.0,-3,-4.8,31,5.8
"20000","3","56","54","0","2023","1","",20,88,90,87,1047309,1014103,1900,912,"",0.70,0.13,0.13,0.13,0.13,0.58,0.11,1.02,"",4,25.0,7,8.6,12,15.4,3,3.6,17090,1.7,-15829,-1.5,345,22.2,-66,-6.7
"20000","3","561","55","0","2023","1","",19,41,42,41,422277,389071,1275,786,"",0.99,0.09,0.09,0.09,0.08,0.27,0.08,0.88,"",4,26.7,6,17.1,8,23.5,5,13.9,-50173,-10.6,-83092,-17.6,278,27.9,-252,-24.3
"20000","3","5611","56","0","2023","1","",3,5,5,5,60411,60411,394,929,"",2.23,0.14,0.14,0.14,0.11,0.81,0.49,0.77,"",1,50.0,1,25.0,1,25.0,1,25.0,19209,46.6,19209,46.6,30,8.2,137,17.3
"20000","3","56111","57","0","2023","1","",3,5,5,5,60411,60411,394,929,"",2.23,0.14,0.14,0.14,0.11,0.81,0.49,0.77,"",1,50.0,1,25.0,1,25.0,1,25.0,19209,46.6,19209,46.6,30,8.2,137,17.3
"20000","3","561110","58","0","2023","1","",3,5,5,5,60411,60411,394,929,"",2.23,0.14,0.14,0.14,0.11,0.81,0.49,0.77,"",1,50.0,1,25.0,1,25.0,1,25.0,19209,46.6,19209,46.6,30,8.2,137,17.3
"20000","3","5612","56","0","2023","1","",1,1,1,1,7444,7444,7,573,"",0.68,0.01,0.01,0.01,0.01,0.01,0.00,0.51,"",0,0.0,0,0.0,0,0.0,0,0.0,-1672,-18.3,-1672,-18.3,-2,-22.2,-128,-18.3
"20000","3","56121","57","0","2023","1","",1,1,1,1,7444,7444,7,573,"",0.68,0.01,0.01,0.01,0.01,0.01,0.00,0.51,"",0,0.0,0,0.0,0,0.0,0,0.0,-1672,-18.3,-1672,-18.3,-2,-22.2,-128,-18.3
"20000","3","561210","58","0","2023","1","",1,1,1,1,7444,7444,7,573,"",0.68,0.01,0.01,0.01,0.01,0.01,0.00,0.51,"",0,0.0,0,0.0,0,0.0,0,0.0,-1672,-18.3,-1672,-18.3,-2,-22.2,-128,-18.3
"20000","3","5614","56","0","2023","1","",1,1,1,1,24276,14000,378,1867,"",1.23,0.06,0.06,0.06,0.10,0.22,0.94,1.67,"",1,100.0,1,100.0,1,100.0,1,100.0,24276,100.0,14000,100.0,378,100.0,1867,100.0
"20000","3","56149","57","0","2023","1","",1,1,1,1,24276,14000,378,1867,"",6.17,0.45,0.45,0.45,0.85,2.31,47.08,1.89,"",1,100.0,1,100.0,1,100.0,1,100.0,24276,100.0,14000,100.0,378,100.0,1867,100.0
"20000","3","561499","58","0","2023","1","",1,1,1,1,24276,14000,378,1867,"N",6.85,0,0,0,0,0,0,0,"",1,100.0,1,100.0,1,100.0,1,100.0,24276,100.0,14000,100.0,378,100.0,1867,100.0
"20000","3","5615","56","0","2023","1","",3,7,7,7,78475,55810,56,862,"",3.30,0.57,0.52,0.49,0.86,1.05,0.17,1.65,"",1,50.0,2,40.0,2,40.0,1,16.7,32710,71.5,10045,21.9,10,21.7,202,30.6
"20000","3","56159","57","0","2023","1","",3,7,7,7,78475,55810,56,862,"",3.36,0.60,0.54,0.51,0.90,1.10,0.17,1.64,"",1,50.0,2,40.0,2,40.0,1,16.7,32710,71.5,10045,21.9,10,21.7,202,30.6
"20000","3","561591","58","0","2023","1","",2,5,5,5,74875,52210,52,1152,"",2.44,0.60,0.59,0.55,1.02,1.27,0.22,1.77,"",1,100.0,1,25.0,1,25.0,1,25.0,29960,66.7,7295,16.2,7,15.6,288,33.3
"20000","3","561599","58","0","2023","1","",1,2,2,2,3600,3600,4,138,"",13.71,0.59,0.46,0.43,0.25,0.38,0.05,0.51,"",0,0.0,1,100.0,1,100.0,0,0.0,2750,323.5,2750,323.5,3,300.0,89,181.6
"20000","3","5617","56","0","2023","1","",11,27,28,27,251671,251406,440,708,"",0.90,0.12,0.13,0.12,0.11,2.70,0.75,0.91,"",1,10.0,2,8.0,4,16.7,2,8.0,-124696,-33.1,-124674,-33.2,-138,-23.9,-466,-39.7
"20000","3","56172","57","0","2023","1","",1,8,8,8,65260,65260,65,628,"",0.14,0.07,0.07,0.07,0.05,1.15,0.26,0.79,"",0,0.0,1,14.3,1,14.3,0,0.0,10949,20.2,10949,20.2,11,20.4,58,10.2
"20000","3","561720","58","0","2023","1","",1,8,8,8,65260,65260,65,628,"",0.14,0.07,0.07,0.07,0.05,1.15,0.26,0.79,"",0,0.0,1,14.3,1,14.3,0,0.0,10949,20.2,10949,20.2,11,20.4,58,10.2
"20000","3","56173","57","0","2023","1","",10,19,20,19,186411,186146,375,742,"",5.12,0.51,0.53,0.49,0.52,14.08,3.39,1.01,"",1,11.1,1,5.6,3,17.6,2,11.8,-135645,-42.1,-135623,-42.1,-149,-28.4,-687,-48.1
"20000","3","561730","58","0","2023","1","",10,19,20,19,186411,186146,375,742,"",5.12,0.51,0.53,0.49,0.52,14.08,3.39,1.01,"",1,11.1,1,5.6,3,17.6,2,11.8,-135645,-42.1,-135623,-42.1,-149,-28.4,-687,-48.1
"20000","3","562","55","0","2023","1","",1,47,48,46,625032,625032,625,1023,"",0.11,0.21,0.21,0.20,0.24,1.93,0.54,1.14,"",0,0.0,1,2.2,4,9.1,-2,-4.2,67263,12.1,67263,12.1,67,12.0,90,9.6
"20000","3","5622","56","0","2023","1","",1,47,48,46,625032,625032,625,1023,"",0.16,0.28,0.28,0.27,0.31,2.57,0.82,1.12,"",0,0.0,1,2.2,4,9.1,-2,-4.2,67263,12.1,67263,12.1,67,12.0,90,9.6
"20000","3","56221","57","0","2023","1","",1,47,48,46,625032,625032,625,1023,"",0.16,0.28,0.28,0.27,0.31,2.57,0.82,1.12,"",0,0.0,1,2.2,4,9.1,-2,-4.2,67263,12.1,67263,12.1,67,12.0,90,9.6
"20000","3","562212","58","0","2023","1","",1,47,48,46,625032,625032,625,1023,"",0.22,0.39,0.40,0.38,0.48,3.10,1.15,1.24,"",0,0.0,1,2.2,4,9.1,-2,-4.2,67263,12.1,67263,12.1,67,12.0,90,9.6
"20000","3","61","54","0","2023","1","",420,106279,108498,108292,1042965763,984921100,1173865,745,"",0.78,1.43,1.44,1.43,1.25,29.51,9.38,0.87,"",3,0.7,755,0.7,708,0.7,154,0.1,33447481,3.3,28295107,3.0,-494124,-29.6,20,2.8
"20000","3","611","55","0","2023","1","",420,106279,108498,108292,1042965763,984921100,1173865,745,"",0.78,1.43,1.44,1.43,1.25,29.51,9.38,0.87,"",3,0.7,755,0.7,708,0.7,154,0.1,33447481,3.3,28295107,3.0,-494124,-29.6,20,2.8
"20000","3","6111","56","0","2023","1","",345,97372,97948,97817,939172936,895467789,963780,739,"",0.67,1.39,1.39,1.38,1.20,29.23,8.30,0.86,"",0,0.0,595,0.6,551,0.6,301,0.3,27337136,3.0,23432546,2.7,-344067,-26.3,18,2.5
"20000","3","61111","57","0","2023","1","",345,97372,97948,97817,939172936,895467789,963780,739,"",0.67,1.39,1.39,1.38,1.20,29.23,8.30,0.86,"",0,0.0,595,0.6,551,0.6,301,0.3,27337136,3.0,23432546,2.7,-344067,-26.3,18,2.5
"20000","3","611110","58","0","2023","1","",345,97372,97948,97817,939172936,895467789,963780,739,"",0.67,1.39,1.39,1.38,1.20,29.23,8.30,0.86,"",0,0.0,595,0.6,551,0.6,301,0.3,27337136,3.0,23432546,2.7,-344067,-26.3,18,2.5
"20000","3","6112","56","0","2023","1","",59,6552,7956,7936,78515173,78515171,134631,807,"",5.13,2.04,2.18,2.13,2.07,40.29,23.52,0.98,"",2,3.5,75,1.2,70,0.9,-161,-2.0,3701257,4.9,3701255,4.9,-154735,-53.5,38,4.9
"20000","3","61121","57","0","2023","1","",59,6552,7956,7936,78515173,78515171,134631,807,"",5.13,2.04,2.18,2.13,2.07,40.29,23.52,0.98,"",2,3.5,75,1.2,70,0.9,-161,-2.0,3701257,4.9,3701255,4.9,-154735,-53.5,38,4.9
"20000","3","611210","58","0","2023","1","",59,6552,7956,7936,78515173,78515171,134631,807,"",5.13,2.04,2.18,2.13,2.07,40.29,23.52,0.98,"",2,3.5,75,1.2,70,0.9,-161,-2.0,3701257,4.9,3701255,4.9,-154735,-53.5,38,4.9
"20000","3","6113","56","0","2023","1","",2,926,1106,1104,13723325,5775,6,1010,"",0.59,1.40,1.65,1.64,1.41,0.06,0.01,0.90,"",1,100.0,0,0.0,3,0.3,-7,-0.6,888791,6.9,5775,100.0,6,100.0,67,7.1
"20000","3","61131","57","0","2023","1","",2,926,1106,1104,13723325,5775,6,1010,"",0.59,1.40,1.65,1.64,1.41,0.06,0.01,0.90,"",1,100.0,0,0.0,3,0.3,-7,-0.6,888791,6.9,5775,100.0,6,100.0,67,7.1
"20000","3","611310","58","0","2023","1","",2,926,1106,1104,13723325,5775,6,1010,"",0.59,1.40,1.65,1.64,1.41,0.06,0.01,0.90,"",1,100.0,0,0.0,3,0.3,-7,-0.6,888791,6.9,5775,100.0,6,100.0,67,7.1
"20000","3","6114","56","0","2023","1","",1,47,47,46,523356,455901,775,863,"",1.67,2.73,2.70,2.58,2.74,18.08,10.89,1.03,"",0,0.0,4,9.3,4,9.3,3,7.0,47062,9.9,58243,14.6,-20,-2.5,11,1.3
"20000","3","61143","57","0","2023","1","",1,47,47,46,523356,455901,775,863,"",1.87,3.33,3.32,3.16,3.49,18.08,10.89,1.07,"",0,0.0,4,9.3,4,9.3,3,7.0,47062,9.9,58243,14.6,-20,-2.5,11,1.3
"20000","3","611430","58","0","2023","1","",1,47,47,46,523356,455901,775,863,"",1.87,3.33,3.32,3.16,3.49,18.08,10.89,1.07,"",0,0.0,4,9.3,4,9.3,3,7.0,47062,9.9,58243,14.6,-20,-2.5,11,1.3
"20000","3","6115","56","0","2023","1","",4,609,658,608,6096245,5693825,47314,750,"",2.77,6.58,6.87,6.29,6.47,21.80,50.01,0.98,"",-1,-20.0,27,4.6,19,3.0,-20,-3.2,888244,17.1,557322,10.9,-2361,-4.8,100,15.4
"20000","3","61151","57","0","2023","1","",4,609,658,608,6096245,5693825,47314,750,"",2.77,6.58,6.87,6.29,6.47,21.80,50.01,0.98,"",-1,-20.0,27,4.6,19,3.0,-20,-3.2,888244,17.1,557322,10.9,-2361,-4.8,100,15.4
"20000","3","611519","58","0","2023","1","",4,609,658,608,6096245,5693825,47314,750,"",3.52,8.42,8.63,7.92,8.27,26.65,73.81,0.99,"",-1,-20.0,27,4.6,19,3.0,-20,-3.2,888244,17.1,557322,10.9,-2361,-4.8,100,15.4
"20000","3","6116","56","0","2023","1","",5,8,23,11,86447,86447,87,475,"",3.18,0.11,0.32,0.15,0.14,4.61,0.38,0.74,"",1,25.0,0,0.0,19,475.0,-13,-54.2,48723,129.2,48723,129.2,50,135.1,233,96.3
"20000","3","61162","57","0","2023","1","",4,3,18,6,31811,31811,32,272,"",7.83,0.13,0.79,0.25,0.17,5.14,0.27,0.43,"",0,0.0,-5,-62.5,14,350.0,-18,-75.0,-5913,-15.7,-5913,-15.7,-5,-13.5,30,12.4
"20000","3","611620","58","0","2023","1","",4,3,18,6,31811,31811,32,272,"",7.83,0.13,0.79,0.25,0.17,5.14,0.27,0.43,"",0,0.0,-5,-62.5,14,350.0,-18,-75.0,-5913,-15.7,-5913,-15.7,-5,-13.5,30,12.4
"20000","3","61169","57","0","2023","1","",1,5,5,5,54636,54636,55,841,"",1.06,0.12,0.11,0.11,0.15,10.25,0.79,1.29,"N",1,100.0,0,0,0,0,0,0,0,0,0,0,0,0,0,0
"20000","3","611699","58","0","2023","1","",1,5,5,5,54636,54636,55,841,"",1.90,0.29,0.27,0.27,0.34,12.35,0.84,1.22,"N",1,100.0,0,0,0,0,0,0,0,0,0,0,0,0,0,0
"20000","3","6117","56","0","2023","1","",4,765,760,770,4848281,4696192,27272,488,"",1.26,2.07,1.97,2.01,1.40,12.24,18.25,0.70,"",0,0.0,54,7.6,42,5.8,51,7.1,536268,12.4,491243,11.7,7003,34.6,25,5.4
"20000","3","61171","57","0","2023","1","",4,765,760,770,4848281,4696192,27272,488,"",1.26,2.07,1.97,2.01,1.40,12.24,18.25,0.70,"",0,0.0,54,7.6,42,5.8,51,7.1,536268,12.4,491243,11.7,7003,34.6,25,5.4
"20000","3","611710","58","0","2023","1","",4,765,760,770,4848281,4696192,27272,488,"",1.26,2.07,1.97,2.01,1.40,12.24,18.25,0.70,"",0,0.0,54,7.6,42,5.8,51,7.1,536268,12.4,491243,11.7,7003,34.6,25,5.4
"20000","3","62","54","0","2023","1","",108,11511,11495,11549,170906998,153964722,198306,1141,"",1.87,1.34,1.34,1.35,1.37,14.33,5.59,1.02,"",2,1.9,-132,-1.1,-110,-0.9,-115,-1.0,8015552,4.9,6938259,4.7,-194076,-49.5,64,5.9
"20000","3","621","55","0","2023","1","",13,278,286,287,2746010,1556024,8564,745,"",0.72,0.40,0.41,0.41,0.29,0.72,0.87,0.71,"",3,30.0,33,13.5,56,24.3,62,27.6,483685,21.4,457506,41.6,-305,-3.4,-1,-0.1
"20000","3","6211","56","0","2023","1","",2,25,25,24,333234,256894,6761,1039,"",0.32,0.12,0.12,0.12,0.09,0.42,2.48,0.75,"",0,0.0,1,4.2,-2,-7.4,-2,-7.7,-51813,-13.5,17045,7.1,-758,-10.1,-115,-10.0
"20000","3","62111","57","0","2023","1","",2,25,25,24,333234,256894,6761,1039,"",0.32,0.12,0.12,0.12,0.09,0.42,2.48,0.75,"",0,0.0,1,4.2,-2,-7.4,-2,-7.7,-51813,-13.5,17045,7.1,-758,-10.1,-115,-10.0
"20000","3","621111","58","0","2023","1","",2,25,25,24,333234,256894,6761,1039,"",0.33,0.12,0.12,0.12,0.09,0.44,2.99,0.74,"",0,0.0,1,4.2,-2,-7.4,-2,-7.7,-51813,-13.5,17045,7.1,-758,-10.1,-115,-10.0
"20000","3","6214","56","0","2023","1","",4,191,200,202,2130658,1017012,1520,829,"",0.99,0.71,0.74,0.75,0.61,1.14,0.42,0.84,"",0,0.0,22,13.0,30,17.6,35,21.0,391461,22.5,296424,41.1,370,32.2,36,4.5
"20000","3","62142","57","0","2023","1","",4,191,200,202,2130658,1017012,1520,829,"",2.04,1.49,1.55,1.57,1.48,2.03,0.78,0.97,"",0,0.0,22,13.0,30,17.6,35,21.0,391461,22.5,296424,41.1,370,32.2,36,4.5
"20000","3","621420","58","0","2023","1","",4,191,200,202,2130658,1017012,1520,829,"",2.04,1.49,1.55,1.57,1.48,2.03,0.78,0.97,"",0,0.0,22,13.0,30,17.6,35,21.0,391461,22.5,296424,41.1,370,32.2,36,4.5
"20000","3","6219","56","0","2023","1","",7,62,61,61,282118,282118,283,354,"",1.19,0.36,0.35,0.35,0.16,0.58,0.21,0.45,"",3,75.0,10,19.2,28,84.8,29,90.6,144037,104.3,144037,104.3,83,41.5,82,30.1
"20000","3","62191","57","0","2023","1","",7,62,61,61,282118,282118,283,354,"",1.41,0.40,0.39,0.39,0.17,0.64,0.22,0.44,"",3,75.0,10,19.2,28,84.8,29,90.6,144037,104.3,144037,104.3,83,41.5,82,30.1
"20000","3","621910","58","0","2023","1","",7,62,61,61,282118,282118,283,354,"",1.41,0.40,0.39,0.39,0.17,0.64,0.22,0.44,"",3,75.0,10,19.2,28,84.8,29,90.6,144037,104.3,144037,104.3,83,41.5,82,30.1
"20000","3","622","55","0","2023","1","",57,10450,10422,10472,160526092,145910987,180333,1182,"",5.12,1.66,1.65,1.66,1.62,32.74,20.94,0.98,"",-1,-1.7,-206,-1.9,-208,-2.0,-215,-2.0,6659889,4.3,5698463,4.1,-191714,-51.5,71,6.4
"20000","3","6221","56","0","2023","1","",57,10450,10422,10472,160526092,145910987,180333,1182,"",5.19,1.67,1.66,1.67,1.63,32.80,21.02,0.98,"",-1,-1.7,-206,-1.9,-208,-2.0,-215,-2.0,6659889,4.3,5698463,4.1,-191714,-51.5,71,6.4
"20000","3","62211","57","0","2023","1","",57,10450,10422,10472,160526092,145910987,180333,1182,"",5.19,1.67,1.66,1.67,1.63,32.80,21.02,0.98,"",-1,-1.7,-206,-1.9,-208,-2.0,-215,-2.0,6659889,4.3,5698463,4.1,-191714,-51.5,71,6.4
"20000","3","622110","58","0","2023","1","",57,10450,10422,10472,160526092,145910987,180333,1182,"",5.19,1.67,1.66,1.67,1.63,32.80,21.02,0.98,"",-1,-1.7,-206,-1.9,-208,-2.0,-215,-2.0,6659889,4.3,5698463,4.1,-191714,-51.5,71,6.4
"20000","3","623","55","0","2023","1","",23,324,317,319,2982276,1845095,2052,717,"",3.91,0.65,0.64,0.64,0.60,1.81,0.89,0.93,"",0,0.0,21,6.9,13,4.3,10,3.2,413185,16.1,323501,21.3,431,26.6,70,10.8
"20000","3","6231","56","0","2023","1","",4,155,151,154,1300501,591846,592,652,"",1.60,0.43,0.42,0.42,0.35,1.85,0.53,0.83,"",0,0.0,3,2.0,0,0.0,-11,-6.7,162189,14.2,54697,10.2,55,10.2,91,16.2
"20000","3","62311","57","0","2023","1","",4,155,151,154,1300501,591846,592,652,"",1.60,0.43,0.42,0.42,0.35,1.85,0.53,0.83,"",0,0.0,3,2.0,0,0.0,-11,-6.7,162189,14.2,54697,10.2,55,10.2,91,16.2
"20000","3","623110","58","0","2023","1","",4,155,151,154,1300501,591846,592,652,"",1.60,0.43,0.42,0.42,0.35,1.85,0.53,0.83,"",0,0.0,3,2.0,0,0.0,-11,-6.7,162189,14.2,54697,10.2,55,10.2,91,16.2
"20000","3","6232","56","0","2023","1","",15,60,61,62,852267,852267,852,1075,"",5.80,0.65,0.66,0.67,0.97,1.42,0.92,1.47,"",0,0.0,17,39.5,18,41.9,19,44.2,266370,45.5,266370,45.5,268,45.9,27,2.6
"20000","3","62321","57","0","2023","1","",15,60,61,62,852267,852267,852,1075,"",8.57,0.99,1.01,1.02,1.57,2.22,1.47,1.56,"",0,0.0,17,39.5,18,41.9,19,44.2,266370,45.5,266370,45.5,268,45.9,27,2.6
"20000","3","623210","58","0","2023","1","",15,60,61,62,852267,852267,852,1075,"",8.57,0.99,1.01,1.02,1.57,2.22,1.47,1.56,"",0,0.0,17,39.5,18,41.9,19,44.2,266370,45.5,266370,45.5,268,45.9,27,2.6
"20000","3","6233","56","0","2023","1","",4,109,105,103,829508,400982,608,604,"",9.49,3.72,3.60,3.51,3.22,5.68,3.18,0.89,"",0,0.0,1,0.9,-5,-4.5,2,2.0,-15374,-1.8,2434,0.6,108,21.6,-7,-1.1
"20000","3","62331","57","0","2023","1","",4,109,105,103,829508,400982,608,604,"",9.49,3.72,3.60,3.51,3.22,5.68,3.18,0.89,"",0,0.0,1,0.9,-5,-4.5,2,2.0,-15374,-1.8,2434,0.6,108,21.6,-7,-1.1
"20000","3","623311","58","0","2023","1","",2,103,99,97,792073,363547,364,611,"",9.49,4.37,4.24,4.11,3.69,5.75,2.61,0.87,"",0,0.0,1,1.0,-5,-4.8,-3,-3.0,-17726,-2.2,82,0.0,1,0.3,0,0.0
"20000","3","623312","58","0","2023","1","",2,6,6,6,37435,37435,244,480,"",9.49,1.04,1.03,1.05,0.87,5.08,4.68,0.84,"",0,0.0,0,0.0,0,0.0,5,500.0,2352,6.7,2352,6.7,107,78.1,-143,-23.0
"20000","3","624","55","0","2023","1","",15,459,470,471,4652620,4652616,7357,767,"",0.67,0.44,0.44,0.44,0.40,1.50,0.50,0.92,"",0,0.0,20,4.6,29,6.6,28,6.3,458793,10.9,458789,10.9,-2488,-25.3,35,4.8
"20000","3","6241","56","0","2023","1","",12,342,346,347,3561134,3561133,6266,794,"",0.83,0.39,0.40,0.40,0.36,1.41,0.70,0.91,"",0,0.0,6,1.8,6,1.8,8,2.4,89264,2.6,89263,2.6,-2857,-31.3,5,0.6
"20000","3","62411","57","0","2023","1","",3,184,186,184,2469305,2469304,5174,1029,"",1.45,1.25,1.25,1.23,1.57,12.82,6.90,1.26,"",0,0.0,6,3.4,9,5.1,10,5.7,124306,5.3,124305,5.3,-2542,-32.9,6,0.6
"20000","3","624110","58","0","2023","1","",3,184,186,184,2469305,2469304,5174,1029,"",1.45,1.25,1.25,1.23,1.57,12.82,6.90,1.26,"",0,0.0,6,3.4,9,5.1,10,5.7,124306,5.3,124305,5.3,-2542,-32.9,6,0.6
"20000","3","62412","57","0","2023","1","",8,79,80,83,348814,348814,349,333,"",1.29,0.34,0.35,0.36,0.15,0.39,0.19,0.43,"",0,0.0,-7,-8.1,-8,-9.1,-7,-7.8,15485,4.6,15485,4.6,-264,-43.1,42,14.4
"20000","3","624120","58","0","2023","1","",8,79,80,83,348814,348814,349,333,"",1.29,0.34,0.35,0.36,0.15,0.39,0.19,0.43,"",0,0.0,-7,-8.1,-8,-9.1,-7,-7.8,15485,4.6,15485,4.6,-264,-43.1,42,14.4
"20000","3","62419","57","0","2023","1","",1,79,80,80,743015,743015,743,717,"",0.16,0.16,0.16,0.16,0.12,0.52,0.12,0.77,"",0,0.0,7,9.7,5,6.7,5,6.7,-50527,-6.4,-50527,-6.4,-51,-6.4,-108,-13.1
"20000","3","624190","58","0","2023","1","",1,79,80,80,743015,743015,743,717,"",0.16,0.16,0.16,0.16,0.12,0.52,0.12,0.77,"",0,0.0,7,9.7,5,6.7,5,6.7,-50527,-6.4,-50527,-6.4,-51,-6.4,-108,-13.1
"20000","3","6243","56","0","2023","1","",2,114,121,121,1073577,1073576,1073,696,"",1.25,2.28,2.36,2.33,2.29,4.15,0.59,0.98,"",0,0.0,14,14.0,23,23.5,20,19.8,369248,52.4,369247,52.4,369,52.4,152,27.9
"20000","3","62431","57","0","2023","1","",2,114,121,121,1073577,1073576,1073,696,"",1.25,2.28,2.36,2.33,2.29,4.15,0.59,0.98,"",0,0.0,14,14.0,23,23.5,20,19.8,369248,52.4,369247,52.4,369,52.4,152,27.9
"20000","3","624310","58","0","2023","1","",2,114,121,121,1073577,1073576,1073,696,"",1.25,2.28,2.36,2.33,2.29,4.15,0.59,0.98,"",0,0.0,14,14.0,23,23.5,20,19.8,369248,52.4,369247,52.4,369,52.4,152,27.9
"20000","3","6244","56","0","2023","1","",1,3,3,3,17909,17907,18,459,"",0.20,0.03,0.03,0.03,0.02,0.10,0.01,0.71,"",0,0.0,0,0.0,0,0.0,0,0.0,281,1.6,279,1.6,0,0.0,7,1.5
"20000","3","62441","57","0","2023","1","",1,3,3,3,17909,17907,18,459,"",0.20,0.03,0.03,0.03,0.02,0.10,0.01,0.71,"",0,0.0,0,0.0,0,0.0,0,0.0,281,1.6,279,1.6,0,0.0,7,1.5
"20000","3","624410","58","0","2023","1","",1,3,3,3,17909,17907,18,459,"",0.20,0.03,0.03,0.03,0.02,0.10,0.01,0.71,"",0,0.0,0,0.0,0,0.0,0,0.0,281,1.6,279,1.6,0,0.0,7,1.5
"20000","3","71","54","0","2023","1","",90,2864,2969,2812,15491062,14995999,35748,414,"",2.81,1.19,1.22,1.15,0.80,2.23,0.59,0.68,"",5,5.9,-49,-1.7,-25,-0.8,-134,-4.5,706240,4.8,627953,4.4,-20308,-36.2,29,7.5
"20000","3","711","55","0","2023","1","",8,13,13,13,22977,19097,20,136,"",5.61,0.23,0.20,0.22,0.06,0.21,0.05,0.26,"",2,33.3,3,30.0,4,44.4,4,44.4,8291,56.5,8022,72.4,5,33.3,15,12.4
"20000","3","7111","56","0","2023","1","",1,0,0,0,0,0,0,0,"",9.49,0.00,0.00,0.00,0.00,0.00,0.00,0.00,"",0,0.0,0,0.0,0,0.0,0,0.0,0,0.0,0,0.0,0,0.0,0,0.0
"20000","3","71113","57","0","2023","1","",1,0,0,0,0,0,0,0,"N",24.67,0,0,0,0,0,0,0,"",0,0.0,0,0.0,0,0.0,0,0.0,0,0.0,0,0.0,0,0.0,0,0.0
"20000","3","711130","58","0","2023","1","",1,0,0,0,0,0,0,0,"N",24.67,0,0,0,0,0,0,0,"",0,0.0,0,0.0,0,0.0,0,0.0,0,0.0,0,0.0,0,0.0,0,0.0
"20000","3","7113","56","0","2023","1","",7,13,13,13,22977,19097,20,136,"",5.96,0.28,0.23,0.27,0.07,0.64,0.08,0.27,"",2,40.0,3,30.0,4,44.4,4,44.4,8291,56.5,8022,72.4,5,33.3,15,12.4
"20000","3","71131","57","0","2023","1","",5,9,9,9,12485,8605,8,107,"N",4.47,0,0,0,0,0,0,0,"",2,66.7,2,28.6,2,28.6,2,28.6,2984,31.4,2715,46.1,2,33.3,3,2.9
"20000","3","711310","58","0","2023","1","",5,9,9,9,12485,8605,8,107,"N",4.47,0,0,0,0,0,0,0,"",2,66.7,2,28.6,2,28.6,2,28.6,2984,31.4,2715,46.1,2,33.3,3,2.9
"20000","3","71132","57","0","2023","1","",2,4,4,4,10492,10492,12,202,"N",35.25,0,0,0,0,0,0,0,"",0,0.0,1,33.3,2,100.0,2,100.0,5307,102.4,5307,102.4,3,33.3,31,18.1
"20000","3","711320","58","0","2023","1","",2,4,4,4,10492,10492,12,202,"N",35.25,0,0,0,0,0,0,0,"",0,0.0,1,33.3,2,100.0,2,100.0,5307,102.4,5307,102.4,3,33.3,31,18.1
"20000","3","712","55","0","2023","1","",10,31,32,33,192227,192227,217,462,"",1.69,0.10,0.10,0.10,0.08,0.78,0.22,0.79,"",-1,-9.1,-11,-26.2,-10,-23.8,-12,-26.7,-22153,-10.3,-21056,-9.9,-109,-33.4,78,20.3
"20000","3","7121","56","0","2023","1","",10,31,32,33,192227,192227,217,462,"",1.69,0.10,0.10,0.10,0.08,0.78,0.22,0.79,"",-1,-9.1,-11,-26.2,-10,-23.8,-12,-26.7,-22153,-10.3,-21056,-9.9,-109,-33.4,78,20.3
"20000","3","71211","57","0","2023","1","",10,31,32,33,192227,192227,217,462,"",7.39,1.30,1.32,1.35,0.85,10.18,3.13,0.64,"",-1,-9.1,-11,-26.2,-10,-23.8,-12,-26.7,-22153,-10.3,-21056,-9.9,-109,-33.4,78,20.3
"20000","3","712110","58","0","2023","1","",10,31,32,33,192227,192227,217,462,"",7.39,1.30,1.32,1.35,0.85,10.18,3.13,0.64,"",-1,-9.1,-11,-26.2,-10,-23.8,-12,-26.7,-22153,-10.3,-21056,-9.9,-109,-33.4,78,20.3
"20000","3","713","55","0","2023","1","",72,2820,2924,2766,15275858,14784675,35511,414,"",2.92,1.40,1.44,1.35,0.93,2.31,0.60,0.67,"",4,5.9,-41,-1.4,-19,-0.6,-126,-4.4,720102,4.9,640987,4.5,-20204,-36.3,28,7.3
"20000","3","7132","56","0","2023","1","",5,469,474,478,4622802,4324431,23264,751,"",1.69,0.47,0.47,0.47,0.45,0.77,0.44,0.95,"",0,0.0,-124,-20.9,-115,-19.5,-114,-19.3,-598484,-11.5,-658077,-13.2,-19758,-45.9,72,10.6
"20000","3","71321","57","0","2023","1","",4,456,461,465,4509164,4210793,21730,753,"",1.93,0.50,0.50,0.50,0.47,0.89,0.43,0.95,"",0,0.0,-123,-21.2,-114,-19.8,-113,-19.6,-602910,-11.8,-662503,-13.6,-18671,-46.2,72,10.6
"20000","3","713210","58","0","2023","1","",4,456,461,465,4509164,4210793,21730,753,"",1.93,0.50,0.50,0.50,0.47,0.89,0.43,0.95,"",0,0.0,-123,-21.2,-114,-19.8,-113,-19.6,-602910,-11.8,-662503,-13.6,-18671,-46.2,72,10.6
"20000","3","71329","57","0","2023","1","",1,13,13,13,113638,113638,1534,672,"",1.14,0.16,0.16,0.16,0.14,0.14,0.79,0.87,"",0,0.0,-1,-7.1,-1,-7.1,-1,-7.1,4426,4.1,4426,4.1,-1087,-41.5,72,12.0
"20000","3","713290","58","0","2023","1","",1,13,13,13,113638,113638,1534,672,"",1.14,0.16,0.16,0.16,0.14,0.14,0.79,0.87,"",0,0.0,-1,-7.1,-1,-7.1,-1,-7.1,4426,4.1,4426,4.1,-1087,-41.5,72,12.0
"20000","3","7139","56","0","2023","1","",67,2351,2450,2288,10653056,10460244,12247,347,"",3.10,2.32,2.39,2.21,1.78,12.94,1.73,0.77,"",4,6.3,83,3.7,96,4.1,-12,-0.5,1318586,14.1,1299064,14.2,-446,-3.5,36,11.6
"20000","3","71394","57","0","2023","1","",31,474,460,458,1425279,1425279,1656,236,"",3.26,1.17,1.14,1.11,0.71,4.97,0.67,0.63,"",1,3.3,4,0.9,-18,-3.8,-8,-1.7,65344,4.8,65344,4.8,-671,-28.8,14,6.3
"20000","3","713940","58","0","2023","1","",31,474,460,458,1425279,1425279,1656,236,"",3.26,1.17,1.14,1.11,0.71,4.97,0.67,0.63,"",1,3.3,4,0.9,-18,-3.8,-8,-1.7,65344,4.8,65344,4.8,-671,-28.8,14,6.3
"20000","3","71399","57","0","2023","1","",36,1877,1990,1830,9227777,9034965,10591,374,"",3.65,3.39,3.54,3.24,2.53,24.31,2.87,0.75,"",3,9.1,79,4.4,114,6.1,-4,-0.2,1253242,15.7,1233720,15.8,225,2.2,40,12.0
"20000","3","713990","58","0","2023","1","",36,1877,1990,1830,9227777,9034965,10591,374,"",3.65,3.39,3.54,3.24,2.53,24.31,2.87,0.75,"",3,9.1,79,4.4,114,6.1,-4,-0.2,1253242,15.7,1233720,15.8,225,2.2,40,12.0
"20000","3","72","54","0","2023","1","",2,690,690,722,6777166,6162984,164750,744,"",0.35,0.73,0.73,0.77,0.76,1.40,3.26,1.02,"",0,0.0,85,14.0,74,12.0,96,15.3,883505,15.0,804530,15.0,20744,14.4,8,1.1
"20000","3","721","55","0","2023","1","",2,690,690,722,6777166,6162984,164750,744,"",1.35,0.83,0.83,0.87,0.81,1.45,3.28,0.97,"",0,0.0,85,14.0,74,12.0,96,15.3,883505,15.0,804530,15.0,20744,14.4,8,1.1
"20000","3","7211","56","0","2023","1","",2,690,690,722,6777166,6162984,164750,744,"",1.74,0.83,0.83,0.87,0.82,1.46,3.30,0.97,"",0,0.0,85,14.0,74,12.0,96,15.3,883505,15.0,804530,15.0,20744,14.4,8,1.1
"20000","3","72111","57","0","2023","1","",1,16,15,16,104121,97659,986,511,"",3.25,0.51,0.47,0.50,0.44,0.55,1.94,0.90,"",0,0.0,1,6.7,0,0.0,1,6.7,28121,37.0,23034,30.9,-357,-26.6,121,31.0
"20000","3","721110","58","0","2023","1","",1,16,15,16,104121,97659,986,511,"",3.25,0.51,0.47,0.50,0.44,0.55,1.94,0.90,"",0,0.0,1,6.7,0,0.0,1,6.7,28121,37.0,23034,30.9,-357,-26.6,121,31.0
"20000","3","72112","57","0","2023","1","",1,674,675,706,6673045,6065325,163764,749,"",1.20,0.85,0.85,0.88,0.83,1.50,3.32,0.96,"",0,0.0,84,14.2,74,12.3,95,15.5,855384,14.7,781496,14.8,21101,14.8,4,0.5
"20000","3","721120","58","0","2023","1","",1,674,675,706,6673045,6065325,163764,749,"",1.20,0.85,0.85,0.88,0.83,1.50,3.32,0.96,"",0,0.0,84,14.2,74,12.3,95,15.5,855384,14.7,781496,14.8,21101,14.8,4,0.5
"20000","3","81","54","0","2023","1","",72,141,137,148,558258,472171,1735,302,"",4.25,0.48,0.47,0.50,0.17,0.65,0.22,0.36,"",2,2.9,7,5.2,4,3.0,4,2.8,-14013,-2.4,6926,1.5,-1585,-47.7,-19,-5.9
"20000","3","812","55","0","2023","1","",66,109,106,116,365945,292130,1053,255,"",7.87,1.76,1.72,1.86,0.65,2.26,0.78,0.36,"",2,3.1,4,3.8,1,1.0,2,1.8,26398,7.8,31854,12.2,327,45.0,13,5.4
"20000","3","8122","56","0","2023","1","",66,109,106,116,365945,292130,1053,255,"",11.17,5.24,5.13,5.51,2.45,4.69,1.21,0.46,"",2,3.1,4,3.8,1,1.0,2,1.8,26398,7.8,31854,12.2,327,45.0,13,5.4
"20000","3","81222","57","0","2023","1","",66,109,106,116,365945,292130,1053,255,"",11.20,5.27,5.15,5.53,2.46,4.74,1.23,0.46,"",2,3.1,4,3.8,1,1.0,2,1.8,26398,7.8,31854,12.2,327,45.0,13,5.4
"20000","3","812220","58","0","2023","1","",66,109,106,116,365945,292130,1053,255,"",11.20,5.27,5.15,5.53,2.46,4.74,1.23,0.46,"",2,3.1,4,3.8,1,1.0,2,1.8,26398,7.8,31854,12.2,327,45.0,13,5.4
"20000","3","813","55","0","2023","1","",6,32,31,32,192313,180041,682,467,"",1.60,0.31,0.30,0.31,0.16,0.33,0.11,0.53,"",0,0.0,3,10.3,3,10.7,2,6.7,-40411,-17.4,-24928,-12.2,-1912,-73.7,-150,-24.3
"20000","3","8133","56","0","2023","1","",3,26,26,26,137071,134549,560,406,"",1.95,0.45,0.45,0.45,0.22,0.46,0.12,0.48,"",0,0.0,5,23.8,6,30.0,5,23.8,10344,8.2,8656,6.9,-167,-23.0,-66,-14.0
"20000","3","81331","57","0","2023","1","",3,26,26,26,137071,134549,560,406,"",1.95,0.45,0.45,0.45,0.22,0.46,0.12,0.48,"",0,0.0,5,23.8,6,30.0,5,23.8,10344,8.2,8656,6.9,-167,-23.0,-66,-14.0
"20000","3","813311","58","0","2023","1","",2,21,21,21,96601,96601,431,354,"",7.48,1.14,1.14,1.14,0.47,1.63,1.10,0.41,"",0,0.0,5,31.2,6,40.0,5,31.2,5146,5.6,5146,5.6,-158,-26.8,-95,-21.2
"20000","3","813319","58","0","2023","1","",1,5,5,5,40470,37948,129,623,"",1.39,0.16,0.16,0.16,0.12,0.19,0.03,0.78,"",0,0.0,0,0.0,0,0.0,0,0.0,5198,14.7,3510,10.2,-9,-6.5,80,14.7
"20000","3","8134","56","0","2023","1","",1,2,2,2,2246,2246,2,86,"",2.28,0.15,0.15,0.16,0.02,0.04,0.00,0.12,"",0,0.0,0,0.0,0,0.0,-1,-33.3,93,4.3,93,4.3,0,0.0,15,21.1
"20000","3","81341","57","0","2023","1","",1,2,2,2,2246,2246,2,86,"",2.28,0.15,0.15,0.16,0.02,0.04,0.00,0.12,"",0,0.0,0,0.0,0,0.0,-1,-33.3,93,4.3,93,4.3,0,0.0,15,21.1
"20000","3","813410","58","0","2023","1","",1,2,2,2,2246,2246,2,86,"",2.28,0.15,0.15,0.16,0.02,0.04,0.00,0.12,"",0,0.0,0,0.0,0,0.0,-1,-33.3,93,4.3,93,4.3,0,0.0,15,21.1
"20000","3","8139","56","0","2023","1","",2,4,3,4,52996,43246,120,1112,"",1.43,0.20,0.15,0.19,0.17,0.33,0.17,0.94,"",0,0.0,-2,-33.3,-3,-50.0,-2,-33.3,-50848,-49.0,-33677,-43.8,-1745,-93.6,-219,-16.5
"20000","3","81391","57","0","2023","1","",2,4,3,4,52996,43246,120,1112,"",2.20,0.32,0.24,0.30,0.27,0.81,0.30,0.93,"",0,0.0,-2,-33.3,-3,-50.0,-2,-33.3,-50848,-49.0,-33677,-43.8,-1745,-93.6,-219,-16.5
"20000","3","813910","58","0","2023","1","",2,4,3,4,52996,43246,120,1112,"",2.20,0.32,0.24,0.30,0.27,0.81,0.30,0.93,"",0,0.0,-2,-33.3,-3,-50.0,-2,-33.3,-50848,-49.0,-33677,-43.8,-1745,-93.6,-219,-16.5
"20000","3","92","54","0","2023","1","",1139,49714,49439,49728,618124978,568120832,912644,958,"",2.23,1.33,1.32,1.32,1.18,10.35,3.49,0.89,"",5,0.4,639,1.3,598,1.2,463,0.9,80196634,14.9,75952027,15.4,-452827,-33.2,115,13.6
"20000","3","921","55","0","2023","1","",765,46010,45838,46175,576353796,531348253,851221,964,"",2.56,1.88,1.87,1.87,1.89,13.36,4.61,1.01,"",2,0.3,603,1.3,536,1.2,409,0.9,73936565,14.7,70203206,15.2,-420953,-33.1,114,13.4
"20000","3","9211","56","0","2023","1","",765,46010,45838,46175,576353796,531348253,851221,964,"",2.56,1.88,1.87,1.87,1.89,13.36,4.61,1.01,"",2,0.3,603,1.3,536,1.2,409,0.9,73936565,14.7,70203206,15.2,-420953,-33.1,114,13.4
"20000","3","92111","57","0","2023","1","",75,669,654,639,4875775,4747445,27337,573,"",2.04,0.40,0.39,0.38,0.23,1.55,1.09,0.60,"",1,1.4,0,0.0,-3,-0.5,-12,-1.8,391379,8.7,336532,7.6,7930,40.9,50,9.6
"20000","3","921110","58","0","2023","1","",75,669,654,639,4875775,4747445,27337,573,"",2.04,0.40,0.39,0.38,0.23,1.55,1.09,0.60,"",1,1.4,0,0.0,-3,-0.5,-12,-1.8,391379,8.7,336532,7.6,7930,40.9,50,9.6
"20000","3","92112","57","0","2023","1","",12,580,605,592,5278594,5275271,6221,686,"",0.54,0.24,0.25,0.25,0.17,6.89,0.74,0.68,"",0,0.0,4,0.7,34,6.0,24,4.2,472154,9.8,470653,9.8,627,11.2,39,6.0
"20000","3","921120","58","0","2023","1","",12,580,605,592,5278594,5275271,6221,686,"",0.54,0.24,0.25,0.25,0.17,6.89,0.74,0.68,"",0,0.0,4,0.7,34,6.0,24,4.2,472154,9.8,470653,9.8,627,11.2,39,6.0
"20000","3","92113","57","0","2023","1","",4,15,14,16,185292,79108,359,950,"",0.19,0.02,0.02,0.02,0.02,0.10,0.23,0.88,"",2,100.0,4,36.4,4,40.0,6,60.0,129235,230.5,23051,41.1,-129,-26.4,533,127.8
"20000","3","921130","58","0","2023","1","",4,15,14,16,185292,79108,359,950,"",0.19,0.02,0.02,0.02,0.02,0.10,0.23,0.88,"",2,100.0,4,36.4,4,40.0,6,60.0,129235,230.5,23051,41.1,-129,-26.4,533,127.8
"20000","3","92114","57","0","2023","1","",658,44180,44008,44370,558706348,519795918,786133,973,"",3.83,2.77,2.75,2.76,2.83,23.44,12.14,1.03,"",-1,-0.2,570,1.3,488,1.1,372,0.8,71502267,14.7,69202712,15.4,-415384,-34.6,116,13.5
"20000","3","921140","58","0","2023","1","",658,44180,44008,44370,558706348,519795918,786133,973,"",3.83,2.77,2.75,2.76,2.83,23.44,12.14,1.03,"",-1,-0.2,570,1.3,488,1.1,372,0.8,71502267,14.7,69202712,15.4,-415384,-34.6,116,13.5
"20000","3","92115","57","0","2023","1","",7,491,486,486,6698990,1176171,30884,1057,"",0.78,0.47,0.46,0.46,0.55,0.14,0.43,1.19,"",0,0.0,21,4.5,17,3.6,18,3.8,1332003,24.8,100555,9.3,-14035,-31.2,177,20.1
"20000","3","921150","58","0","2023","1","",7,491,486,486,6698990,1176171,30884,1057,"",0.78,0.47,0.46,0.46,0.55,0.14,0.43,1.19,"",0,0.0,21,4.5,17,3.6,18,3.8,1332003,24.8,100555,9.3,-14035,-31.2,177,20.1
"20000","3","92119","57","0","2023","1","",9,75,71,72,608797,274340,287,644,"",0.24,0.03,0.03,0.03,0.02,0.06,0.02,0.69,"",0,0.0,4,5.6,-4,-5.3,1,1.4,109527,21.9,69703,34.1,38,15.3,113,21.3
"20000","3","921190","58","0","2023","1","",9,75,71,72,608797,274340,287,644,"",0.24,0.03,0.03,0.03,0.02,0.06,0.02,0.69,"",0,0.0,4,5.6,-4,-5.3,1,1.4,109527,21.9,69703,34.1,38,15.3,113,21.3
"20000","3","922","55","0","2023","1","",44,1213,1094,1123,16260068,14574822,18155,1094,"",0.41,0.14,0.13,0.13,0.10,1.92,0.68,0.79,"",0,0.0,-12,-1.0,12,1.1,65,6.1,2541037,18.5,2500131,20.7,-5479,-23.2,153,16.3
"20000","3","9221","56","0","2023","1","",44,1213,1094,1123,16260068,14574822,18155,1094,"",0.41,0.14,0.13,0.13,0.10,1.92,0.68,0.79,"",0,0.0,-12,-1.0,12,1.1,65,6.1,2541037,18.5,2500131,20.7,-5479,-23.2,153,16.3
"20000","3","92211","57","0","2023","1","",1,127,127,127,2617753,2617752,2618,1586,"",0.07,0.18,0.18,0.18,0.29,7.02,1.70,1.61,"",0,0.0,7,5.8,8,6.7,8,6.7,544976,26.3,544975,26.3,545,26.3,250,18.7
"20000","3","922110","58","0","2023","1","",1,127,127,127,2617753,2617752,2618,1586,"",0.07,0.18,0.18,0.18,0.29,7.02,1.70,1.61,"",0,0.0,7,5.8,8,6.7,8,6.7,544976,26.3,544975,26.3,545,26.3,250,18.7
"20000","3","92212","57","0","2023","1","",2,262,251,256,4314373,4314373,4315,1295,"",0.07,0.07,0.06,0.07,0.06,1.71,0.70,0.96,"",0,0.0,8,3.1,4,1.6,9,3.6,513611,13.5,513611,13.5,514,13.5,122,10.4
"20000","3","922120","58","0","2023","1","",2,262,251,256,4314373,4314373,4315,1295,"",0.07,0.07,0.06,0.07,0.06,1.71,0.70,0.96,"",0,0.0,8,3.1,4,1.6,9,3.6,513611,13.5,513611,13.5,514,13.5,122,10.4
"20000","3","92214","57","0","2023","1","",2,37,38,53,534820,534820,3267,964,"",0.41,0.07,0.07,0.10,0.07,1.57,3.44,0.81,"",0,0.0,-13,-26.0,-14,-26.9,2,3.9,132938,33.1,132938,33.1,-3605,-52.5,358,59.1
"20000","3","922140","58","0","2023","1","",2,37,38,53,534820,534820,3267,964,"",0.41,0.07,0.07,0.10,0.07,1.57,3.44,0.81,"",0,0.0,-13,-26.0,-14,-26.9,2,3.9,132938,33.1,132938,33.1,-3605,-52.5,358,59.1
"20000","3","92216","57","0","2023","1","",39,787,678,687,8793122,7107877,7955,943,"",0.90,0.39,0.34,0.34,0.24,1.91,0.52,0.66,"",0,0.0,-14,-1.7,14,2.1,46,7.2,1349512,18.1,1308607,22.6,-2933,-26.9,127,15.6
"20000","3","922160","58","0","2023","1","",39,787,678,687,8793122,7107877,7955,943,"",0.90,0.39,0.34,0.34,0.24,1.91,0.52,0.66,"",0,0.0,-14,-1.7,14,2.1,46,7.2,1349512,18.1,1308607,22.6,-2933,-26.9,127,15.6
"20000","3","923","55","0","2023","1","",33,1259,1274,1273,13753417,11407093,20367,834,"",1.85,0.63,0.63,0.63,0.47,5.97,1.70,0.75,"",0,0.0,45,3.7,53,4.3,52,4.3,2990380,27.8,2682591,30.7,-5908,-22.5,155,22.8
"20000","3","9231","56","0","2023","1","",33,1259,1274,1273,13753417,11407093,20367,834,"",1.85,0.63,0.63,0.63,0.47,5.97,1.70,0.75,"",0,0.0,45,3.7,53,4.3,52,4.3,2990380,27.8,2682591,30.7,-5908,-22.5,155,22.8
"20000","3","92311","57","0","2023","1","",6,383,391,387,3212702,3212702,3213,639,"",2.73,1.61,1.62,1.55,1.25,9.61,2.27,0.79,"",0,0.0,-20,-5.0,-15,-3.7,-17,-4.2,-9284,-0.3,-9284,-0.3,-6799,-67.9,26,4.2
"20000","3","923110","58","0","2023","1","",6,383,391,387,3212702,3212702,3213,639,"",2.73,1.61,1.62,1.55,1.25,9.61,2.27,0.79,"",0,0.0,-20,-5.0,-15,-3.7,-17,-4.2,-9284,-0.3,-9284,-0.3,-6799,-67.9,26,4.2
"20000","3","92312","57","0","2023","1","",25,739,745,749,9821453,7475129,16435,1015,"",2.63,1.03,1.03,1.04,0.96,5.88,2.00,0.93,"",0,0.0,61,9.0,65,9.6,66,9.7,2892031,41.7,2584242,52.8,784,5.0,232,29.6
"20000","3","923120","58","0","2023","1","",25,739,745,749,9821453,7475129,16435,1015,"",2.63,1.03,1.03,1.04,0.96,5.88,2.00,0.93,"",0,0.0,61,9.0,65,9.6,66,9.7,2892031,41.7,2584242,52.8,784,5.0,232,29.6
"20000","3","92313","57","0","2023","1","",2,137,138,137,719262,719262,719,403,"",0.46,0.13,0.13,0.13,0.05,2.39,0.31,0.34,"",0,0.0,4,3.0,3,2.2,3,2.2,107633,17.6,107633,17.6,107,17.5,52,14.8
"20000","3","923130","58","0","2023","1","",2,137,138,137,719262,719262,719,403,"",0.46,0.13,0.13,0.13,0.05,2.39,0.31,0.34,"",0,0.0,4,3.0,3,2.2,3,2.2,107633,17.6,107633,17.6,107,17.5,52,14.8
"20000","3","924","55","0","2023","1","",162,470,471,403,3127756,2875253,6632,537,"",4.78,0.53,0.53,0.45,0.25,2.37,0.79,0.50,"",1,0.6,31,7.1,18,4.0,-36,-8.2,302379,10.7,278597,10.7,-319,-4.6,47,9.6
"20000","3","9241","56","0","2023","1","",162,470,471,403,3127756,2875253,6632,537,"",4.78,0.53,0.53,0.45,0.25,2.37,0.79,0.50,"",1,0.6,31,7.1,18,4.0,-36,-8.2,302379,10.7,278597,10.7,-319,-4.6,47,9.6
"20000","3","92411","57","0","2023","1","",33,81,80,78,908349,844395,3448,877,"",2.45,0.15,0.15,0.15,0.10,1.54,0.95,0.67,"",0,0.0,3,3.8,-2,-2.4,-2,-2.5,122266,15.6,115509,15.8,373,12.1,121,16.0
"20000","3","924110","58","0","2023","1","",33,81,80,78,908349,844395,3448,877,"",2.45,0.15,0.15,0.15,0.10,1.54,0.95,0.67,"",0,0.0,3,3.8,-2,-2.4,-2,-2.5,122266,15.6,115509,15.8,373,12.1,121,16.0
"20000","3","92412","57","0","2023","1","",129,389,391,325,2219407,2030858,3184,464,"",6.33,1.12,1.12,0.91,0.69,3.06,0.67,0.66,"",1,0.8,28,7.8,20,5.4,-34,-9.5,180113,8.8,163088,8.7,-692,-17.9,33,7.7
"20000","3","924120","58","0","2023","1","",129,389,391,325,2219407,2030858,3184,464,"",6.33,1.12,1.12,0.91,0.69,3.06,0.67,0.66,"",1,0.8,28,7.8,20,5.4,-34,-9.5,180113,8.8,163088,8.7,-692,-17.9,33,7.7
"20000","3","925","55","0","2023","1","",63,418,413,403,4688019,4364742,8346,877,"",2.07,0.56,0.56,0.56,0.49,1.42,0.46,0.87,"",0,0.0,-44,-9.5,-46,-10.0,-43,-9.6,-54074,-1.1,-78606,-1.8,-19072,-69.6,76,9.5
"20000","3","9251","56","0","2023","1","",63,418,413,403,4688019,4364742,8346,877,"",2.07,0.56,0.56,0.56,0.49,1.42,0.46,0.87,"",0,0.0,-44,-9.5,-46,-10.0,-43,-9.6,-54074,-1.1,-78606,-1.8,-19072,-69.6,76,9.5
"20000","3","92511","57","0","2023","1","",55,355,351,340,3950943,3780513,7089,872,"",2.81,0.77,0.77,0.74,0.64,1.69,0.53,0.85,"",0,0.0,-49,-12.1,-51,-12.7,-49,-12.6,-157463,-3.8,-188095,-4.7,-12880,-64.5,79,10.0
"20000","3","925110","58","0","2023","1","",55,355,351,340,3950943,3780513,7089,872,"",2.81,0.77,0.77,0.74,0.64,1.69,0.53,0.85,"",0,0.0,-49,-12.1,-51,-12.7,-49,-12.6,-157463,-3.8,-188095,-4.7,-12880,-64.5,79,10.0
"20000","3","92512","57","0","2023","1","",8,63,62,63,737076,584229,1257,905,"",0.74,0.22,0.22,0.24,0.21,0.69,0.28,0.94,"",0,0.0,5,8.6,5,8.8,6,10.5,103389,16.3,109489,23.1,-6192,-83.1,55,6.5
"20000","3","925120","58","0","2023","1","",8,63,62,63,737076,584229,1257,905,"",0.74,0.22,0.22,0.24,0.21,0.69,0.28,0.94,"",0,0.0,5,8.6,5,8.8,6,10.5,103389,16.3,109489,23.1,-6192,-83.1,55,6.5
"20000","3","926","55","0","2023","1","",72,344,349,351,3941922,3550669,7923,871,"N",3.14,0,0,0,0,0,0,0,"",2,2.9,16,4.9,25,7.7,16,4.8,480347,13.9,366108,11.5,-1096,-12.2,62,7.7
"20000","3","9261","56","0","2023","1","",72,344,349,351,3941922,3550669,7923,871,"N",3.14,0,0,0,0,0,0,0,"",2,2.9,16,4.9,25,7.7,16,4.8,480347,13.9,366108,11.5,-1096,-12.2,62,7.7
"20000","3","92611","57","0","2023","1","",8,29,30,28,432594,229362,1499,1147,"",1.58,0.26,0.26,0.25,0.26,0.51,0.65,1.00,"",1,14.3,-3,-9.4,0,0.0,-3,-9.7,-12840,-2.9,-5602,-2.4,-800,-34.8,42,3.8
"20000","3","926110","58","0","2023","1","",8,29,30,28,432594,229362,1499,1147,"",1.58,0.26,0.26,0.25,0.26,0.51,0.65,1.00,"",1,14.3,-3,-9.4,0,0.0,-3,-9.7,-12840,-2.9,-5602,-2.4,-800,-34.8,42,3.8
"20000","3","92612","57","0","2023","1","",3,53,54,59,703047,698109,1178,977,"",0.92,0.21,0.22,0.24,0.16,1.35,0.23,0.70,"",0,0.0,8,17.8,7,14.9,12,25.5,171098,32.2,172162,32.7,-139,-10.6,94,10.6
"20000","3","926120","58","0","2023","1","",3,53,54,59,703047,698109,1178,977,"",0.92,0.21,0.22,0.24,0.16,1.35,0.23,0.70,"",0,0.0,8,17.8,7,14.9,12,25.5,171098,32.2,172162,32.7,-139,-10.6,94,10.6
"20000","3","92613","57","0","2023","1","",4,76,78,76,1323360,1322443,2411,1328,"",1.14,0.66,0.68,0.66,0.71,8.77,1.14,1.07,"",0,0.0,4,5.6,8,11.4,3,4.1,134123,11.3,133280,11.2,309,14.7,52,4.1
"20000","3","926130","58","0","2023","1","",4,76,78,76,1323360,1322443,2411,1328,"",1.14,0.66,0.68,0.66,0.71,8.77,1.14,1.07,"",0,0.0,4,5.6,8,11.4,3,4.1,134123,11.3,133280,11.2,309,14.7,52,4.1
"20000","3","92614","57","0","2023","1","",56,176,177,178,1377236,1300755,2835,599,"N",13.39,0,0,0,0,0,0,0,"",0,0.0,-3,-1.7,0,0.0,-6,-3.3,82281,6.4,66268,5.4,-466,-14.1,46,8.3
"20000","3","926140","58","0","2023","1","",56,176,177,178,1377236,1300755,2835,599,"N",13.39,0,0,0,0,0,0,0,"",0,0.0,-3,-1.7,0,0.0,-6,-3.3,82281,6.4,66268,5.4,-466,-14.1,46,8.3
"20000","3","92615","57","0","2023","1","",1,10,10,10,105685,0,0,813,"",0.14,0.07,0.07,0.07,0.06,0.00,0.00,0.79,"",1,100.0,10,100.0,10,100.0,10,100.0,105685,100.0,0,0.0,0,0.0,813,100.0
"20000","3","926150","58","0","2023","1","",1,10,10,10,105685,0,0,813,"",0.14,0.07,0.07,0.07,0.06,0.00,0.00,0.79,"",1,100.0,10,100.0,10,100.0,10,100.0,105685,100.0,0,0.0,0,0.0,813,100.0
"20000","5","10","51","0","2023","1","",90454,1154957,1158632,1161304,17968478995,10675318299,138172995,1193,"",0.97,0.97,0.97,0.97,0.98,0.87,0.99,1.02,"",4153,4.8,36288,3.2,30243,2.7,32203,2.9,1656622697,10.2,781310771,7.9,-26175410,-15.9,78,7.0
"20000","5","101","52","0","2023","1","",13480,254930,256442,258165,4547169748,3017802140,52155417,1364,"",1.14,1.25,1.25,1.25,1.37,1.15,1.43,1.09,"",272,2.1,11911,4.9,11365,4.6,11255,4.6,474054283,11.6,269640161,9.8,-10550820,-16.8,85,6.6
"20000","5","1011","53","0","2023","1","",2672,18525,18462,18937,251304471,196450686,2379513,1037,"",2.28,1.21,1.18,1.20,1.02,1.05,0.87,0.85,"",52,2.0,536,3.0,382,2.1,581,3.2,11924795,5.0,13297395,7.3,-625148,-20.8,22,2.2
"20000","5","1012","53","0","2023","1","",7496,63950,64405,66330,1050508937,748453016,17625931,1245,"",1.01,0.92,0.91,0.93,1.01,0.83,1.08,1.10,"",137,1.9,3171,5.2,3294,5.4,4624,7.5,165709697,18.7,89134569,13.5,-1468373,-7.7,133,12.0
"20000","5","1013","53","0","2023","1","",3312,172455,173575,172898,3245356340,2072898438,32149973,1443,"",1.05,1.45,1.45,1.45,1.59,1.35,1.84,1.09,"",83,2.6,8204,5.0,7689,4.6,6050,3.6,296419791,10.1,167208197,8.8,-8457299,-20.8,74,5.4
"20000","5","102","52","0","2023","1","",76974,900027,902190,903139,13421309247,7657516159,86017578,1145,"",0.95,0.91,0.91,0.91,0.90,0.79,0.83,0.99,"",3881,5.3,24377,2.8,18878,2.1,20948,2.4,1182568414,9.7,511670610,7.2,-15624590,-15.4,76,7.1
"20000","5","1021","53","0","2023","1","",19569,270404,269390,268863,3669925990,2407577590,24644532,1047,"",1.18,1.02,1.02,1.02,1.12,0.90,0.92,1.10,"",384,2.0,3525,1.3,1579,0.6,2161,0.8,303746336,9.0,146932267,6.5,-5567927,-18.4,78,8.0
"20000","5","1022","53","0","2023","1","",2550,18146,18183,18064,424590820,205766551,2915900,1801,"",1.12,0.64,0.64,0.64,0.46,0.46,0.55,0.73,"",412,19.3,184,1.0,38,0.2,-137,-0.8,26745370,6.7,6118519,3.1,-383557,-11.6,110,6.5
"20000","5","1023","53","0","2023","1","",9220,73049,72744,72586,1763350564,846760267,8847474,1863,"",1.08,0.91,0.91,0.91,0.71,0.78,0.79,0.78,"",269,3.0,842,1.2,578,0.8,963,1.3,127552677,7.8,40315280,5.0,-2337972,-20.9,115,6.6
"20000","5","1024","53","0","2023","1","",21391,175986,176319,176366,3780338345,1959459184,26500313,1650,"",1.09,0.85,0.84,0.84,0.89,0.74,0.86,1.06,"",2032,10.5,3804,2.2,610,0.3,1434,0.8,298091165,8.6,106423245,5.7,-4511985,-14.5,113,7.4
"20000","5","1025","53","0","2023","1","",11144,200842,201805,200947,2683931964,1325313263,12946713,1026,"",0.67,0.91,0.90,0.90,0.99,0.96,0.91,1.10,"",576,5.5,7234,3.7,7254,3.7,6762,3.5,259372407,10.7,96363482,7.8,-2210401,-14.6,65,6.8
"20000","5","1026","53","0","2023","1","",7050,126611,128457,130650,700343792,636534136,6587931,419,"",0.91,0.88,0.88,0.88,0.78,0.63,0.61,0.89,"",107,1.5,6722,5.6,6568,5.4,7253,5.9,98096559,16.3,82147435,14.8,-511565,-7.2,38,10.0
"20000","5","1027","53","0","2023","1","",6050,34989,35292,35663,398827772,276105168,3574715,869,"",0.85,0.85,0.85,0.85,0.97,0.75,0.89,1.14,"",101,1.7,2066,6.3,2251,6.8,2512,7.6,68963900,20.9,33370382,13.7,-101183,-2.8,101,13.2
"20000","5","1029","53","0","2023","1","-",0,0,0,0,0,0,0,0,"N",0.00,0,0,0,0,0,0,0,"N",0,0,0,0,0,0,0,0,0,0,0,0,0,0,0,0
"20000","5","11","54","0","2023","1","",1822,12187,12168,12630,146009189,121592516,1236186,911,"",1.98,1.22,1.18,1.22,1.65,1.21,0.81,1.37,"",56,3.2,205,1.7,102,0.8,288,2.3,6931334,5.0,6212254,5.4,-301494,-19.6,29,3.3
"20000","5","111","55","0","2023","1","",901,3538,3545,3934,37857168,32364078,346711,793,"",2.16,0.86,0.83,0.88,1.08,0.81,0.57,1.26,"",33,3.8,105,3.1,3,0.1,98,2.6,1202537,3.3,1050772,3.4,-71176,-17.0,11,1.4
"20000","5","1111","56","0","2023","1","",753,2785,2757,2816,30346317,25706152,239118,838,"",6.56,6.02,5.93,5.90,7.31,5.24,5.12,1.23,"",29,4.0,20,0.7,17,0.6,1,0.0,-32075,-0.1,191383,0.8,-69689,-22.6,-5,-0.6
"20000","5","11111","57","0","2023","1","",10,48,49,48,505567,455249,6482,805,"",0.88,1.09,1.10,1.04,1.32,1.02,1.49,1.23,"",0,0.0,-8,-14.3,-5,-9.3,-5,-9.4,-142860,-22.0,-111920,-19.7,-8724,-57.4,-113,-12.3
"20000","5","111110","58","0","2023","1","",10,48,49,48,505567,455249,6482,805,"",0.88,1.09,1.10,1.04,1.32,1.02,1.49,1.23,"",0,0.0,-8,-14.3,-5,-9.3,-5,-9.4,-142860,-22.0,-111920,-19.7,-8724,-57.4,-113,-12.3
"20000","5","11114","57","0","2023","1","",210,667,648,686,6353643,5750145,54126,733,"",12.95,14.51,14.10,14.54,17.79,11.45,16.73,1.24,"",11,5.5,15,2.3,23,3.7,39,6.0,394642,6.6,337830,6.2,-13910,-20.4,18,2.5
"20000","5","111140","58","0","2023","1","",210,667,648,686,6353643,5750145,54126,733,"",12.95,14.51,14.10,14.54,17.79,11.45,16.73,1.24,"",11,5.5,15,2.3,23,3.7,39,6.0,394642,6.6,337830,6.2,-13910,-20.4,18,2.5
"20000","5","11115","57","0","2023","1","",112,444,453,449,5032566,4361963,36927,863,"",3.50,2.83,2.89,2.81,3.27,2.46,2.01,1.15,"",-4,-3.4,-24,-5.1,-19,-4.0,-54,-10.7,171920,3.5,-36947,-0.8,-11312,-23.4,86,11.1
"20000","5","111150","58","0","2023","1","",112,444,453,449,5032566,4361963,36927,863,"",3.50,2.83,2.89,2.81,3.27,2.46,2.01,1.15,"",-4,-3.4,-24,-5.1,-19,-4.0,-54,-10.7,171920,3.5,-36947,-0.8,-11312,-23.4,86,11.1
"20000","5","11119","57","0","2023","1","",421,1626,1607,1633,18454541,15138795,141583,875,"",8.94,8.71,8.55,8.46,11.60,7.84,8.83,1.35,"",22,5.5,37,2.3,18,1.1,21,1.3,-455777,-2.4,2420,0.0,-35743,-20.2,-36,-4.0
"20000","5","111191","58","0","2023","1","",377,1318,1293,1322,13943079,11939163,113017,818,"",10.57,9.07,8.87,8.80,11.33,7.92,9.54,1.27,"",19,5.3,-4,-0.3,-27,-2.0,-1,-0.1,-653453,-4.5,-370966,-3.0,-31245,-21.7,-32,-3.8
"20000","5","111199","58","0","2023","1","",44,308,314,311,4511462,3199632,28566,1116,"",3.84,7.46,7.46,7.25,12.54,7.57,6.81,1.70,"",3,7.3,41,15.4,45,16.7,22,7.6,197676,4.6,373386,13.2,-4498,-13.6,-91,-7.5
"20000","5","1112","56","0","2023","1","",14,57,64,70,429040,399602,8331,518,"",0.32,0.10,0.11,0.11,0.08,0.07,0.07,0.77,"",0,0.0,29,103.6,32,100.0,34,94.4,190851,80.1,173969,77.1,1577,23.3,-55,-9.6
"20000","5","11121","57","0","2023","1","",14,57,64,70,429040,399602,8331,518,"",0.32,0.10,0.11,0.11,0.08,0.07,0.07,0.77,"",0,0.0,29,103.6,32,100.0,34,94.4,190851,80.1,173969,77.1,1577,23.3,-55,-9.6
"20000","5","111211","58","0","2023","1","N",4,0,0,0,0,0,0,0,"N",0.47,0,0,0,0,0,0,0,"N",0,0.0,0,0,0,0,0,0,0,0,0,0,0,0,0,0
"20000","5","111219","58","0","2023","1","N",10,0,0,0,0,0,0,0,"N",0.29,0,0,0,0,0,0,0,"N",0,0.0,0,0,0,0,0,0,0,0,0,0,0,0,0,0
"20000","5","1113","56","0","2023","1","",5,11,14,21,35975,35975,591,180,"",0.06,0.01,0.01,0.02,0.00,0.00,0.00,0.33,"",0,0.0,4,57.1,-4,-22.2,9,75.0,-19984,-35.7,-15522,-30.1,-1485,-71.5,-169,-48.4
"20000","5","11133","57","0","2023","1","",5,11,14,21,35975,35975,591,180,"",0.06,0.01,0.01,0.02,0.00,0.00,0.00,0.33,"",0,0.0,4,57.1,-4,-22.2,9,75.0,-19984,-35.7,-15522,-30.1,-1485,-71.5,-169,-48.4
"20000","5","111331","58","0","2023","1","N",4,0,0,0,0,0,0,0,"N",0.32,0,0,0,0,0,0,0,"N",0,0.0,0,0,0,0,0,0,0,0,0,0,0,0,0,0
"20000","5","111332","58","0","2023","1","N",1,0,0,0,0,0,0,0,"N",0.07,0,0,0,0,0,0,0,"N",1,100.0,0,0,0,0,0,0,0,0,0,0,0,0,0,0
"20000","5","1114","56","0","2023","1","",38,370,394,689,3463833,3116791,57542,550,"",0.46,0.25,0.26,0.43,0.27,0.21,0.31,0.86,"",0,0.0,40,12.1,-48,-10.9,36,5.5,614154,21.6,468471,17.7,-5719,-9.0,89,19.3
"20000","5","11141","57","0","2023","1","",5,8,11,11,79506,65810,1847,612,"",0.22,0.02,0.03,0.03,0.02,0.01,0.03,0.86,"N",2,66.7,0,0,0,0,0,0,0,0,0,0,0,0,0,0
"20000","5","111411","58","0","2023","1","N",1,0,0,0,0,0,0,0,"N",0.42,0,0,0,0,0,0,0,"N",0,0.0,0,0,0,0,0,0,0,0,0,0,0,0,0,0
"20000","5","111419","58","0","2023","1","N",4,0,0,0,0,0,0,0,"N",0.20,0,0,0,0,0,0,0,"N",2,100.0,0,0,0,0,0,0,0,0,0,0,0,0,0,0
"20000","5","11142","57","0","2023","1","",33,362,383,678,3384327,3050981,55695,549,"",0.56,0.35,0.36,0.57,0.39,0.30,0.47,0.89,"N",-2,-5.7,0,0,0,0,0,0,0,0,0,0,0,0,0,0
"20000","5","111421","58","0","2023","1","",17,169,156,171,1592043,1400701,33466,741,"",0.41,0.25,0.22,0.22,0.27,0.21,0.42,1.18,"N",-1,-5.6,0,0,0,0,0,0,0,0,0,0,0,0,0,0
"20000","5","111422","58","0","2023","1","",16,193,227,507,1792284,1650280,22229,446,"",0.90,0.56,0.60,1.20,0.61,0.47,0.57,0.75,"",-1,-5.9,17,9.7,-34,-13.0,52,11.4,367523,25.8,286817,21.0,-1332,-5.7,77,20.9
"20000","5","1119","56","0","2023","1","",91,315,316,338,3582003,3105558,41129,853,"",0.97,0.59,0.57,0.59,0.74,0.56,0.56,1.27,"",4,4.6,12,4.0,6,1.9,18,5.6,449591,14.4,232471,8.1,4140,11.2,78,10.1
"20000","5","11192","57","0","2023","1","",4,8,8,8,111882,98351,167,1076,"",0.19,0.10,0.10,0.09,0.17,0.13,0.02,1.76,"",0,0.0,1,14.3,1,14.3,0,0.0,22481,25.1,15846,19.2,2,1.2,138,14.7
"20000","5","111920","58","0","2023","1","",4,8,8,8,111882,98351,167,1076,"",0.19,0.10,0.10,0.09,0.17,0.13,0.02,1.76,"",0,0.0,1,14.3,1,14.3,0,0.0,22481,25.1,15846,19.2,2,1.2,138,14.7
"20000","5","11194","57","0","2023","1","",29,130,131,140,1332623,1227156,12682,767,"",1.99,1.89,1.83,1.88,2.17,1.69,1.21,1.16,"",0,0.0,-5,-3.7,-8,-5.8,-7,-4.8,-74310,-5.3,-87301,-6.6,-3022,-19.2,-4,-0.5
"20000","5","111940","58","0","2023","1","",29,130,131,140,1332623,1227156,12682,767,"",1.99,1.89,1.83,1.88,2.17,1.69,1.21,1.16,"",0,0.0,-5,-3.7,-8,-5.8,-7,-4.8,-74310,-5.3,-87301,-6.6,-3022,-19.2,-4,-0.5
"20000","5","11199","57","0","2023","1","",58,177,177,190,2137498,1780051,28280,907,"",1.08,0.52,0.50,0.52,0.70,0.49,0.57,1.37,"",4,7.4,16,9.9,13,7.9,25,15.2,501420,30.6,303926,20.6,7160,33.9,136,17.6
"20000","5","111998","58","0","2023","1","",58,177,177,190,2137498,1780051,28280,907,"",1.19,0.55,0.53,0.55,0.74,0.52,0.59,1.37,"",4,7.4,16,9.9,13,7.9,25,15.2,501420,30.6,303926,20.6,7160,33.9,136,17.6
"20000","5","112","55","0","2023","1","",648,7416,7397,7471,92678593,77435342,739347,960,"",2.80,3.06,3.04,3.05,4.01,2.87,4.04,1.32,"",17,2.7,101,1.4,81,1.1,186,2.6,5343917,6.1,4740018,6.5,-206858,-21.9,40,4.3
"20000","5","1121","56","0","2023","1","",572,6713,6713,6780,84961251,70585469,676024,970,"",3.91,4.57,4.56,4.59,6.48,4.45,6.24,1.42,"",19,3.4,248,3.8,250,3.9,311,4.8,5707409,7.2,5315044,8.1,-191727,-22.1,27,2.9
"20000","5","11211","57","0","2023","1","",530,5139,5127,5172,66282446,53035443,546874,991,"",5.85,10.14,10.12,10.13,14.65,10.16,16.58,1.45,"",21,4.1,205,4.2,201,4.1,242,4.9,4002566,6.4,3805413,7.7,-137484,-20.1,19,2.0
"20000","5","112111","58","0","2023","1","",386,1881,1883,1902,18609583,17142197,211879,758,"",4.75,5.11,5.10,5.11,6.05,4.72,8.74,1.19,"",22,6.0,103,5.8,113,6.4,139,7.9,1503634,8.8,1576752,10.1,-37331,-15.0,15,2.0
"20000","5","112112","58","0","2023","1","",144,3258,3244,3270,47672863,35893246,334995,1126,"",15.29,23.55,23.62,23.69,32.98,22.59,38.42,1.40,"",-1,-0.7,102,3.2,88,2.8,103,3.3,2498932,5.5,2228661,6.6,-100153,-23.0,26,2.4
"20000","5","11212","57","0","2023","1","",42,1574,1586,1608,18678805,17550026,129150,904,"",0.76,1.64,1.64,1.66,2.17,1.65,1.71,1.32,"",-2,-4.5,43,2.8,49,3.2,69,4.5,1704843,10.0,1509631,9.4,-54243,-29.6,54,6.4
"20000","5","112120","58","0","2023","1","",42,1574,1586,1608,18678805,17550026,129150,904,"",0.76,1.64,1.64,1.66,2.17,1.65,1.71,1.32,"",-2,-4.5,43,2.8,49,3.2,69,4.5,1704843,10.0,1509631,9.4,-54243,-29.6,54,6.4
"20000","5","1122","56","0","2023","1","",39,440,422,431,5001434,4521261,45958,893,"",1.98,1.64,1.57,1.61,1.88,1.31,3.38,1.17,"",1,2.6,-122,-21.7,-137,-24.5,-89,-17.1,-543828,-9.8,-610823,-11.9,-11196,-19.6,113,14.5
"20000","5","11221","57","0","2023","1","",39,440,422,431,5001434,4521261,45958,893,"",1.98,1.64,1.57,1.61,1.88,1.31,3.38,1.17,"",1,2.6,-122,-21.7,-137,-24.5,-89,-17.1,-543828,-9.8,-610823,-11.9,-11196,-19.6,113,14.5
"20000","5","112210","58","0","2023","1","",39,440,422,431,5001434,4521261,45958,893,"",1.98,1.64,1.57,1.61,1.88,1.31,3.38,1.17,"",1,2.6,-122,-21.7,-137,-24.5,-89,-17.1,-543828,-9.8,-610823,-11.9,-11196,-19.6,113,14.5
"20000","5","1123","56","0","2023","1","",8,147,147,142,1761091,1552294,9496,932,"",0.41,0.36,0.36,0.34,0.39,0.32,0.28,1.12,"N",0,0.0,0,0,0,0,0,0,0,0,0,0,0,0,0,0
"20000","5","11231","57","0","2023","1","N",5,0,0,0,0,0,0,0,"N",0.74,0,0,0,0,0,0,0,"N",1,25.0,0,0,0,0,0,0,0,0,0,0,0,0,0,0
"20000","5","112310","58","0","2023","1","N",5,0,0,0,0,0,0,0,"N",0.74,0,0,0,0,0,0,0,"N",1,25.0,0,0,0,0,0,0,0,0,0,0,0,0,0,0
"20000","5","11233","57","0","2023","1","N",2,0,0,0,0,0,0,0,"N",0.69,0,0,0,0,0,0,0,"N",-1,-33.3,0,0,0,0,0,0,0,0,0,0,0,0,0,0
"20000","5","112330","58","0","2023","1","N",2,0,0,0,0,0,0,0,"N",0.69,0,0,0,0,0,0,0,"N",-1,-33.3,0,0,0,0,0,0,0,0,0,0,0,0,0,0
"20000","5","11239","57","0","2023","1","N",1,0,0,0,0,0,0,0,"N",0.70,0,0,0,0,0,0,0,"N",0,0.0,0,0,0,0,0,0,0,0,0,0,0,0,0,0
"20000","5","112390","58","0","2023","1","N",1,0,0,0,0,0,0,0,"N",0.70,0,0,0,0,0,0,0,"N",0,0.0,0,0,0,0,0,0,0,0,0,0,0,0,0,0
"20000","5","1125","56","0","2023","1","N",2,0,0,0,0,0,0,0,"N",0.24,0,0,0,0,0,0,0,"N",0,0.0,0,0,0,0,0,0,0,0,0,0,0,0,0,0
"20000","5","11251","57","0","2023","1","N",2,0,0,0,0,0,0,0,"N",0.24,0,0,0,0,0,0,0,"N",0,0.0,0,0,0,0,0,0,0,0,0,0,0,0,0,0
"20000","5","112511","58","0","2023","1","N",2,0,0,0,0,0,0,0,"N",0.52,0,0,0,0,0,0,0,"N",0,0.0,0,0,0,0,0,0,0,0,0,0,0,0,0,0
"20000","5","1129","56","0","2023","1","N",27,0,0,0,0,0,0,0,"N",0.79,0,0,0,0,0,0,0,"N",-3,-10.0,0,0,0,0,0,0,0,0,0,0,0,0,0,0
"20000","5","11291","57","0","2023","1","N",1,0,0,0,0,0,0,0,"N",0.15,0,0,0,0,0,0,0,"N",0,0.0,0,0,0,0,0,0,0,0,0,0,0,0,0,0
"20000","5","112910","58","0","2023","1","N",1,0,0,0,0,0,0,0,"N",0.15,0,0,0,0,0,0,0,"N",0,0.0,0,0,0,0,0,0,0,0,0,0,0,0,0,0
"20000","5","11292","57","0","2023","1","",8,26,25,24,328396,206363,3153,1010,"",0.63,0.47,0.44,0.42,0.70,0.39,0.84,1.58,"N",-1,-11.1,0,0,0,0,0,0,0,0,0,0,0,0,0,0
"20000","5","112920","58","0","2023","1","",8,26,25,24,328396,206363,3153,1010,"",0.63,0.47,0.44,0.42,0.70,0.39,0.84,1.58,"N",-1,-11.1,0,0,0,0,0,0,0,0,0,0,0,0,0,0
"20000","5","11299","57","0","2023","1","",18,83,81,81,605665,549199,4510,570,"",1.29,0.79,0.77,0.76,0.47,0.50,0.43,0.61,"",-2,-10.0,-39,-32.0,-42,-34.1,-41,-33.6,-200076,-24.8,-179544,-24.6,-2368,-34.4,63,12.4
"20000","5","112990","58","0","2023","1","",18,83,81,81,605665,549199,4510,570,"",1.29,0.79,0.77,0.76,0.47,0.50,0.43,0.61,"",-2,-10.0,-39,-32.0,-42,-34.1,-41,-33.6,-200076,-24.8,-179544,-24.6,-2368,-34.4,63,12.4
"20000","5","113","55","0","2023","1","",4,5,5,5,24987,24987,390,384,"",0.05,0.01,0.01,0.01,0.01,0.00,0.01,0.45,"N",-1,-20.0,0,0,0,0,0,0,0,0,0,0,0,0,0,0
"20000","5","1133","56","0","2023","1","",4,5,5,5,24987,24987,390,384,"",0.06,0.01,0.01,0.01,0.01,0.00,0.01,0.47,"N",-1,-20.0,0,0,0,0,0,0,0,0,0,0,0,0,0,0
"20000","5","11331","57","0","2023","1","",4,5,5,5,24987,24987,390,384,"",0.06,0.01,0.01,0.01,0.01,0.00,0.01,0.47,"N",-1,-20.0,0,0,0,0,0,0,0,0,0,0,0,0,0,0
"20000","5","113310","58","0","2023","1","",4,5,5,5,24987,24987,390,384,"",0.06,0.01,0.01,0.01,0.01,0.00,0.01,0.47,"N",-1,-20.0,0,0,0,0,0,0,0,0,0,0,0,0,0,0
"20000","5","114","55","0","2023","1","",6,14,44,37,282093,255673,1181,685,"",0.26,0.21,0.65,0.55,0.31,0.26,0.05,0.65,"N",1,20.0,0,0,0,0,0,0,0,0,0,0,0,0,0,0
"20000","5","1142","56","0","2023","1","",6,14,44,37,282093,255673,1181,685,"",1.26,0.70,2.23,1.86,1.58,1.32,0.72,1.00,"N",1,20.0,0,0,0,0,0,0,0,0,0,0,0,0,0,0
"20000","5","11421","57","0","2023","1","",6,14,44,37,282093,255673,1181,685,"",1.26,0.70,2.23,1.86,1.58,1.32,0.72,1.00,"N",1,20.0,0,0,0,0,0,0,0,0,0,0,0,0,0,0
"20000","5","114210","58","0","2023","1","",6,14,44,37,282093,255673,1181,685,"",1.26,0.70,2.23,1.86,1.58,1.32,0.72,1.00,"N",1,20.0,0,0,0,0,0,0,0,0,0,0,0,0,0,0
"20000","5","115","55","0","2023","1","",263,1214,1177,1183,15166348,11512436,148557,979,"",1.49,0.41,0.38,0.40,0.61,0.42,0.23,1.55,"",6,2.3,26,2.2,3,0.3,15,1.3,415039,2.8,430513,3.9,-23899,-13.9,15,1.6
"20000","5","1151","56","0","2023","1","",197,816,789,792,11107691,8243767,114399,1069,"",1.93,0.32,0.30,0.32,0.56,0.37,0.19,1.78,"",3,1.5,-15,-1.8,-39,-4.7,-30,-3.6,-260342,-2.3,-955,0.0,-27047,-19.1,12,1.1
"20000","5","11511","57","0","2023","1","",197,816,789,792,11107691,8243767,114399,1069,"",1.93,0.32,0.30,0.32,0.56,0.37,0.19,1.78,"",3,1.5,-15,-1.8,-39,-4.7,-30,-3.6,-260342,-2.3,-955,0.0,-27047,-19.1,12,1.1
"20000","5","115111","58","0","2023","1","",3,65,44,43,1122227,665215,19596,1704,"",0.70,1.17,0.99,1.03,2.18,1.41,2.80,2.03,"",0,0.0,-10,-13.3,-32,-42.1,-4,-8.5,-136661,-10.9,-165295,-19.9,-12892,-39.7,237,16.2
"20000","5","115112","58","0","2023","1","",88,391,400,399,5640055,4149977,49066,1094,"",2.79,1.75,1.69,1.70,2.52,1.84,1.22,1.47,"",-1,-1.1,-59,-13.1,-44,-9.9,-54,-11.9,-994569,-15.0,-518204,-11.1,-17352,-26.1,-43,-3.8
"20000","5","115113","58","0","2023","1","",68,168,160,162,1755260,1605705,20383,827,"",7.40,2.00,1.88,1.85,2.59,2.12,0.95,1.36,"",-1,-1.4,0,0.0,-10,-5.9,-19,-10.5,135437,8.4,119770,8.1,-3690,-15.3,107,14.9
"20000","5","115114","58","0","2023","1","",19,132,125,130,1437502,1251359,21195,857,"",1.04,0.19,0.18,0.18,0.21,0.17,0.12,1.13,"",5,35.7,44,50.0,35,38.9,38,41.3,611933,74.1,484585,63.2,7787,58.1,151,21.4
"20000","5","115115","58","0","2023","1","",5,20,20,20,173423,169959,1421,667,"",0.21,0.02,0.01,0.02,0.02,0.02,0.00,1.46,"",0,0.0,-1,-4.8,1,5.3,-1,-4.8,3366,2.0,6215,3.8,-424,-23.0,24,3.7
"20000","5","115116","58","0","2023","1","",14,40,40,38,979224,401552,2738,1915,"",0.96,0.26,0.22,0.22,0.56,0.25,0.09,2.43,"",0,0.0,11,37.9,11,37.9,10,35.7,120152,14.0,71974,21.8,-476,-14.8,-390,-16.9
"20000","5","1152","56","0","2023","1","",62,392,382,385,3970175,3207507,32771,791,"",1.22,1.37,1.32,1.34,1.54,1.13,1.59,1.15,"N",2,3.3,0,0,0,0,0,0,0,0,0,0,0,0,0,0
"20000","5","11521","57","0","2023","1","",62,392,382,385,3970175,3207507,32771,791,"",1.22,1.37,1.32,1.34,1.54,1.13,1.59,1.15,"N",2,3.3,0,0,0,0,0,0,0,0,0,0,0,0,0,0
"20000","5","115210","58","0","2023","1","",62,392,382,385,3970175,3207507,32771,791,"",1.22,1.37,1.32,1.34,1.54,1.13,1.59,1.15,"N",2,3.3,0,0,0,0,0,0,0,0,0,0,0,0,0,0
"20000","5","1153","56","0","2023","1","",4,6,6,6,88482,61162,1387,1134,"",0.17,0.04,0.04,0.04,0.04,0.03,0.07,1.17,"N",1,33.3,0,0,0,0,0,0,0,0,0,0,0,0,0,0
"20000","5","11531","57","0","2023","1","",4,6,6,6,88482,61162,1387,1134,"",0.17,0.04,0.04,0.04,0.04,0.03,0.07,1.17,"N",1,33.3,0,0,0,0,0,0,0,0,0,0,0,0,0,0
"20000","5","115310","58","0","2023","1","",4,6,6,6,88482,61162,1387,1134,"",0.17,0.04,0.04,0.04,0.04,0.03,0.07,1.17,"N",1,33.3,0,0,0,0,0,0,0,0,0,0,0,0,0,0
"20000","5","21","54","0","2023","1","",850,6338,6294,6307,105295282,74858170,1143327,1283,"",3.40,1.19,1.17,1.17,0.67,0.86,0.94,0.56,"",-4,-0.5,331,5.5,280,4.7,293,4.9,4993461,5.0,7085141,10.5,-323654,-22.1,0,0.0
"20000","5","211","55","0","2023","1","",307,1776,1777,1779,35549448,21419624,204307,1539,"",5.94,1.67,1.67,1.67,0.56,1.18,0.93,0.34,"",0,0.0,41,2.4,49,2.8,103,6.1,-4061093,-10.3,1321431,6.6,-62092,-23.3,-240,-13.5
"20000","5","2111","56","0","2023","1","",307,1776,1777,1779,35549448,21419624,204307,1539,"",5.94,1.67,1.67,1.67,0.56,1.18,0.93,0.34,"",0,0.0,41,2.4,49,2.8,103,6.1,-4061093,-10.3,1321431,6.6,-62092,-23.3,-240,-13.5
"20000","5","21112","57","0","2023","1","",284,1534,1538,1543,30442899,18289890,181974,1522,"",7.86,1.99,1.99,2.00,0.61,1.40,1.18,0.31,"",1,0.4,32,2.1,37,2.5,81,5.5,4161648,15.8,1242688,7.3,-49410,-21.4,164,12.1
"20000","5","211120","58","0","2023","1","",284,1534,1538,1543,30442899,18289890,181974,1522,"",7.86,1.99,1.99,2.00,0.61,1.40,1.18,0.31,"",1,0.4,32,2.1,37,2.5,81,5.5,4161648,15.8,1242688,7.3,-49410,-21.4,164,12.1
"20000","5","21113","57","0","2023","1","",23,242,239,236,5106549,3129734,22333,1644,"",1.48,0.83,0.81,0.80,0.37,0.62,0.35,0.46,"",-1,-4.2,9,3.9,12,5.3,22,10.3,-8222741,-61.7,78743,2.6,-12682,-36.2,-2920,-64.0
"20000","5","211130","58","0","2023","1","",23,242,239,236,5106549,3129734,22333,1644,"",1.48,0.83,0.81,0.80,0.37,0.62,0.35,0.46,"",-1,-4.2,9,3.9,12,5.3,22,10.3,-8222741,-61.7,78743,2.6,-12682,-36.2,-2920,-64.0
"20000","5","212","55","0","2023","1","",87,1484,1495,1496,23762473,17846700,390477,1225,"",1.49,0.89,0.89,0.88,0.69,0.62,1.07,0.78,"",-2,-2.2,47,3.3,58,4.0,38,2.6,1777965,8.1,1748726,10.9,-102516,-20.8,54,4.6
"20000","5","2121","56","0","2023","1","N",1,0,0,0,0,0,0,0,"N",0.17,0,0,0,0,0,0,0,"N",0,0.0,0,0,0,0,0,0,0,0,0,0,0,0,0,0
"20000","5","21211","57","0","2023","1","N",1,0,0,0,0,0,0,0,"N",0.17,0,0,0,0,0,0,0,"N",0,0.0,0,0,0,0,0,0,0,0,0,0,0,0,0,0
"20000","5","212114","58","0","2023","1","N",1,0,0,0,0,0,0,0,"N",0.28,0,0,0,0,0,0,0,"N",0,0.0,0,0,0,0,0,0,0,0,0,0,0,0,0,0
"20000","5","2123","56","0","2023","1","N",86,0,0,0,0,0,0,0,"N",1.77,0,0,0,0,0,0,0,"N",-2,-2.3,0,0,0,0,0,0,0,0,0,0,0,0,0,0
"20000","5","21231","57","0","2023","1","",35,807,799,803,12895153,9671363,260146,1235,"",1.70,2.07,2.03,2.00,2.23,1.96,2.59,1.10,"",-2,-5.4,20,2.5,19,2.4,12,1.5,1123430,9.5,1196908,14.1,-54857,-17.4,83,7.2
"20000","5","212311","58","0","2023","1","N",9,0,0,0,0,0,0,0,"N",1.92,0,0,0,0,0,0,0,"N",0,0.0,0,0,0,0,0,0,0,0,0,0,0,0,0,0
"20000","5","212312","58","0","2023","1","",24,442,439,439,7194222,5346257,116825,1258,"",2.56,2.20,2.17,2.11,2.39,2.18,1.93,1.11,"",-2,-7.7,-3,-0.7,0,0.0,-7,-1.6,608506,9.2,506738,10.5,-32588,-21.8,115,10.1
"20000","5","212319","58","0","2023","1","N",2,0,0,0,0,0,0,0,"N",0.49,0,0,0,0,0,0,0,"N",0,0.0,0,0,0,0,0,0,0,0,0,0,0,0,0,0
"20000","5","21232","57","0","2023","1","",43,505,523,524,7859254,6094757,104219,1169,"",1.78,1.34,1.37,1.35,1.20,1.17,0.99,0.89,"",-1,-2.3,13,2.6,26,5.2,15,2.9,348827,4.6,368443,6.4,-44868,-30.1,12,1.0
"20000","5","212321","58","0","2023","1","",40,492,510,511,7672128,5969765,97901,1170,"",1.93,1.91,1.97,1.93,1.92,1.65,1.23,1.00,"",-1,-2.4,13,2.7,27,5.6,16,3.2,347583,4.7,360955,6.4,-44569,-31.3,10,0.9
"20000","5","212322","58","0","2023","1","",3,13,13,13,187126,124992,6318,1107,"",1.64,0.21,0.20,0.20,0.15,0.15,0.34,0.77,"",0,0.0,0,0.0,-1,-7.1,-1,-7.1,1244,0.7,7488,6.4,-299,-4.5,61,5.8
"20000","5","21239","57","0","2023","1","N",8,0,0,0,0,0,0,0,"N",2.10,0,0,0,0,0,0,0,"N",1,14.3,0,0,0,0,0,0,0,0,0,0,0,0,0,0
"20000","5","212390","58","0","2023","1","N",8,0,0,0,0,0,0,0,"N",2.10,0,0,0,0,0,0,0,"N",1,14.3,0,0,0,0,0,0,0,0,0,0,0,0,0,0
"20000","5","213","55","0","2023","1","",456,3078,3022,3032,45983361,35591846,548543,1162,"",3.25,1.19,1.15,1.15,0.76,0.89,0.87,0.65,"",-2,-0.4,243,8.6,173,6.1,152,5.3,7276589,18.8,4014984,12.7,-159046,-22.5,119,11.4
"20000","5","2131","56","0","2023","1","",456,3078,3022,3032,45983361,35591846,548543,1162,"",3.25,1.19,1.15,1.15,0.76,0.89,0.87,0.65,"",-2,-0.4,243,8.6,173,6.1,152,5.3,7276589,18.8,4014984,12.7,-159046,-22.5,119,11.4
"20000","5","21311","57","0","2023","1","",456,3078,3022,3032,45983361,35591846,548543,1162,"",3.25,1.19,1.15,1.15,0.76,0.89,0.87,0.65,"",-2,-0.4,243,8.6,173,6.1,152,5.3,7276589,18.8,4014984,12.7,-159046,-22.5,119,11.4
"20000","5","213111","58","0","2023","1","N",70,0,0,0,0,0,0,0,"N",4.12,0,0,0,0,0,0,0,"N",6,9.4,0,0,0,0,0,0,0,0,0,0,0,0,0,0
"20000","5","213112","58","0","2023","1","",384,2166,2187,2195,32531957,25262125,278677,1147,"",3.36,1.08,1.07,1.07,0.70,0.82,0.59,0.65,"",-8,-2.0,57,2.7,70,3.3,60,2.8,4223311,14.9,2138823,9.2,-89572,-24.3,120,11.7
"20000","5","213115","58","0","2023","1","N",2,0,0,0,0,0,0,0,"N",0.76,0,0,0,0,0,0,0,"N",0,0.0,0,0,0,0,0,0,0,0,0,0,0,0,0,0
"20000","5","22","54","0","2023","1","",238,5613,5713,5767,171306948,74993996,496885,2313,"",1.27,1.07,1.09,1.09,1.06,0.94,0.86,0.98,"",4,1.7,-436,-7.2,-303,-5.0,-247,-4.1,-154270,-0.1,-3745316,-4.8,-170051,-25.5,124,5.7
"20000","5","221","55","0","2023","1","",238,5613,5713,5767,171306948,74993996,496885,2313,"",1.27,1.07,1.09,1.09,1.06,0.94,0.86,0.98,"",4,1.7,-436,-7.2,-303,-5.0,-247,-4.1,-154270,-0.1,-3745316,-4.8,-170051,-25.5,124,5.7
"20000","5","2211","56","0","2023","1","",138,3963,4075,4142,126595659,53130763,373388,2399,"",1.27,1.08,1.11,1.12,1.07,0.92,0.93,0.97,"",4,3.0,-277,-6.5,-154,-3.6,-83,-2.0,2529828,2.0,-1439858,-2.6,-101462,-21.4,144,6.4
"20000","5","22111","57","0","2023","1","",41,1865,1870,1944,61801766,25042789,215720,2511,"",0.82,1.35,1.34,1.39,1.28,1.11,1.06,0.94,"",3,7.9,-241,-11.4,-241,-11.4,-170,-8.0,-4480877,-6.8,-2823981,-10.1,-76760,-26.2,95,3.9
"20000","5","221111","58","0","2023","1","N",1,0,0,0,0,0,0,0,"N",0.18,0,0,0,0,0,0,0,"N",0,0.0,0,0,0,0,0,0,0,0,0,0,0,0,0,0
"20000","5","221112","58","0","2023","1","",22,825,814,822,25056911,9697403,61714,2350,"",1.46,1.19,1.16,1.17,1.08,0.85,0.68,0.92,"",3,15.8,-37,-4.3,-58,-6.7,-39,-4.5,-1584912,-5.9,-1506570,-13.4,-27241,-30.6,-19,-0.8
"20000","5","221113","58","0","2023","1","N",1,0,0,0,0,0,0,0,"N",0.71,0,0,0,0,0,0,0,"N",0,0.0,0,0,0,0,0,0,0,0,0,0,0,0,0,0
"20000","5","221114","58","0","2023","1","N",4,0,0,0,0,0,0,0,"N",0.26,0,0,0,0,0,0,0,"N",2,100.0,0,0,0,0,0,0,0,0,0,0,0,0,0,0
"20000","5","221115","58","0","2023","1","",13,292,311,338,7381877,4203079,58118,1810,"",2.54,3.49,3.69,3.95,2.97,3.10,3.81,0.80,"",-2,-13.3,-157,-35.0,-136,-30.4,-111,-24.7,-2344183,-24.1,-1542278,-26.8,-58051,-50.0,141,8.4
"20000","5","22112","57","0","2023","1","",97,2098,2205,2198,64793893,28087974,157668,2300,"",1.65,0.92,0.96,0.96,0.93,0.80,0.80,0.98,"",1,1.0,-36,-1.7,87,4.1,87,4.1,7010705,12.1,1384123,5.2,-24702,-13.5,204,9.7
"20000","5","221121","58","0","2023","1","N",31,0,0,0,0,0,0,0,"N",4.65,0,0,0,0,0,0,0,"N",0,0.0,0,0,0,0,0,0,0,0,0,0,0,0,0,0
"20000","5","221122","58","0","2023","1","N",66,0,0,0,0,0,0,0,"N",1.27,0,0,0,0,0,0,0,"N",1,1.5,0,0,0,0,0,0,0,0,0,0,0,0,0,0
"20000","5","2212","56","0","2023","1","",73,1476,1466,1457,42354891,20099288,99074,2222,"",2.78,1.41,1.40,1.39,1.20,1.32,0.79,0.86,"",-11,-13.1,-179,-10.8,-173,-10.6,-185,-11.3,-2953818,-6.5,-2437253,-10.8,-64103,-39.3,104,4.9
"20000","5","22121","57","0","2023","1","",73,1476,1466,1457,42354891,20099288,99074,2222,"",2.78,1.41,1.40,1.39,1.20,1.32,0.79,0.86,"",-11,-13.1,-179,-10.8,-173,-10.6,-185,-11.3,-2953818,-6.5,-2437253,-10.8,-64103,-39.3,104,4.9
"20000","5","221210","58","0","2023","1","",73,1476,1466,1457,42354891,20099288,99074,2222,"",2.78,1.41,1.40,1.39,1.20,1.32,0.79,0.86,"",-11,-13.1,-179,-10.8,-173,-10.6,-185,-11.3,-2953818,-6.5,-2437253,-10.8,-64103,-39.3,104,4.9
"20000","5","2213","56","0","2023","1","",27,174,172,168,2356398,1763945,24423,1058,"",0.51,0.33,0.33,0.32,0.29,0.27,0.44,0.89,"",11,68.8,20,13.0,24,16.2,21,14.3,269720,12.9,131795,8.1,-4486,-15.5,-14,-1.3
"20000","5","22131","57","0","2023","1","",21,141,139,136,1948781,1378990,18135,1081,"",0.46,0.31,0.31,0.30,0.28,0.25,0.40,0.91,"N",7,50.0,0,0,0,0,0,0,0,0,0,0,0,0,0,0
"20000","5","221310","58","0","2023","1","",21,141,139,136,1948781,1378990,18135,1081,"",0.46,0.31,0.31,0.30,0.28,0.25,0.40,0.91,"N",7,50.0,0,0,0,0,0,0,0,0,0,0,0,0,0,0
"20000","5","22132","57","0","2023","1","",6,33,33,32,407617,384955,6288,960,"",1.00,0.53,0.54,0.52,0.46,0.49,0.90,0.88,"N",4,200.0,0,0,0,0,0,0,0,0,0,0,0,0,0,0
"20000","5","221320","58","0","2023","1","",6,33,33,32,407617,384955,6288,960,"",1.00,0.53,0.54,0.52,0.46,0.49,0.90,0.88,"N",4,200.0,0,0,0,0,0,0,0,0,0,0,0,0,0,0
"20000","5","23","54","0","2023","1","",7496,63950,64405,66330,1050508937,748453016,17625931,1245,"",1.01,0.92,0.91,0.93,1.01,0.83,1.08,1.10,"",137,1.9,3171,5.2,3294,5.4,4624,7.5,165709697,18.7,89134569,13.5,-1468373,-7.7,133,12.0
"20000","5","236","55","0","2023","1","",2070,13287,13350,13570,226838374,154597532,3096327,1302,"",0.89,0.83,0.82,0.83,0.84,0.73,0.88,1.01,"",80,4.0,291,2.2,443,3.4,702,5.5,27204710,13.6,12579296,8.9,-552837,-15.1,114,9.6
"20000","5","2361","56","0","2023","1","",1433,5669,5634,5670,75190310,58261982,1040391,1022,"",0.79,0.68,0.67,0.68,0.62,0.58,0.80,0.91,"",54,3.9,168,3.1,159,2.9,204,3.7,8094206,12.1,5530631,10.5,-73411,-6.6,80,8.5
"20000","5","23611","57","0","2023","1","",1433,5669,5634,5670,75190310,58261982,1040391,1022,"",0.79,0.68,0.67,0.68,0.62,0.58,0.80,0.91,"",54,3.9,168,3.1,159,2.9,204,3.7,8094206,12.1,5530631,10.5,-73411,-6.6,80,8.5
"20000","5","236115","58","0","2023","1","",582,2146,2112,2134,29842393,22543783,365176,1077,"",0.79,0.62,0.61,0.62,0.54,0.53,0.73,0.88,"",14,2.5,15,0.7,5,0.2,16,0.8,2326740,8.5,1708361,8.2,-87741,-19.4,78,7.8
"20000","5","236116","58","0","2023","1","",23,110,109,105,2203733,1369879,37868,1570,"",0.57,0.27,0.26,0.25,0.26,0.23,0.43,1.00,"",-1,-4.2,8,7.8,-2,-1.8,-2,-1.9,-93901,-4.1,-257315,-15.8,1899,5.3,-87,-5.3
"20000","5","236117","58","0","2023","1","",22,146,143,143,2193160,1649797,21501,1172,"",0.51,0.29,0.29,0.29,0.17,0.23,0.28,0.57,"",0,0.0,-13,-8.2,-12,-7.7,-18,-11.2,-265632,-10.8,-29946,-1.8,-10004,-31.8,-23,-1.9
"20000","5","236118","58","0","2023","1","",806,3267,3270,3288,40951024,32698523,615846,962,"",0.80,0.82,0.82,0.82,0.92,0.72,0.97,1.12,"",41,5.4,158,5.1,168,5.4,208,6.8,6126999,17.6,4109531,14.4,22435,3.8,97,11.2
"20000","5","2362","56","0","2023","1","",637,7618,7716,7900,151648064,96335550,2055936,1506,"",1.26,0.98,0.98,1.00,1.02,0.87,0.93,1.03,"",26,4.3,123,1.6,284,3.8,498,6.7,19110504,14.4,7048665,7.9,-479426,-18.9,136,9.9
"20000","5","23621","57","0","2023","1","",46,1102,1127,1232,23419983,14738675,455705,1562,"",0.87,0.82,0.82,0.89,0.90,0.76,0.94,1.07,"",3,7.0,-68,-5.8,-29,-2.5,80,6.9,-83848,-0.4,-627591,-4.1,-103738,-18.5,2,0.1
"20000","5","236210","58","0","2023","1","",46,1102,1127,1232,23419983,14738675,455705,1562,"",0.87,0.82,0.82,0.89,0.90,0.76,0.94,1.07,"",3,7.0,-68,-5.8,-29,-2.5,80,6.9,-83848,-0.4,-627591,-4.1,-103738,-18.5,2,0.1
"20000","5","23622","57","0","2023","1","",591,6516,6589,6668,128228081,81596875,1600231,1497,"",1.30,1.01,1.02,1.02,1.04,0.89,0.93,1.02,"",23,4.0,191,3.0,313,5.0,418,6.7,19194352,17.6,7676256,10.4,-375688,-19.0,162,12.1
"20000","5","236220","58","0","2023","1","",591,6516,6589,6668,128228081,81596875,1600231,1497,"",1.30,1.01,1.02,1.02,1.04,0.89,0.93,1.02,"",23,4.0,191,3.0,313,5.0,418,6.7,19194352,17.6,7676256,10.4,-375688,-19.0,162,12.1
"20000","5","237","55","0","2023","1","",560,9384,9677,10283,175628479,118864290,3783739,1381,"",1.21,1.02,1.02,1.07,1.07,0.92,1.33,1.03,"",2,0.4,744,8.6,778,8.7,940,10.1,31640793,22.0,18579274,18.5,-93148,-2.4,145,11.7
"20000","5","2371","56","0","2023","1","",351,4796,4913,5168,91906123,61603500,1646083,1426,"",1.47,0.95,0.95,0.99,1.02,0.87,1.16,1.06,"",4,1.2,173,3.7,225,4.8,315,6.5,17867696,24.1,9074258,17.3,76273,4.9,220,18.2
"20000","5","23711","57","0","2023","1","",129,1614,1635,1660,26374870,19172939,329241,1240,"",1.24,0.92,0.92,0.92,1.00,0.84,0.77,1.09,"",-1,-0.8,-35,-2.1,-13,-0.8,27,1.7,4667986,21.5,1927983,11.2,-60972,-15.6,224,22.0
"20000","5","237110","58","0","2023","1","",129,1614,1635,1660,26374870,19172939,329241,1240,"",1.24,0.92,0.92,0.92,1.00,0.84,0.77,1.09,"",-1,-0.8,-35,-2.1,-13,-0.8,27,1.7,4667986,21.5,1927983,11.2,-60972,-15.6,224,22.0
"20000","5","23712","57","0","2023","1","",80,1339,1404,1628,28213116,20019473,848394,1490,"",2.26,1.14,1.15,1.32,1.29,1.19,1.81,1.07,"",5,6.7,95,7.6,157,12.6,299,22.5,8497907,43.1,5810682,40.9,159378,23.1,299,25.1
"20000","5","237120","58","0","2023","1","",80,1339,1404,1628,28213116,20019473,848394,1490,"",2.26,1.14,1.15,1.32,1.29,1.19,1.81,1.07,"",5,6.7,95,7.6,157,12.6,299,22.5,8497907,43.1,5810682,40.9,159378,23.1,299,25.1
"20000","5","23713","57","0","2023","1","",142,1843,1874,1880,37318137,22411088,468448,1539,"",1.43,0.86,0.86,0.85,0.90,0.72,0.89,1.04,"",0,0.0,113,6.5,81,4.5,-11,-0.6,4701803,14.4,1335593,6.3,-22133,-4.5,149,10.7
"20000","5","237130","58","0","2023","1","",142,1843,1874,1880,37318137,22411088,468448,1539,"",1.43,0.86,0.86,0.85,0.90,0.72,0.89,1.04,"",0,0.0,113,6.5,81,4.5,-11,-0.6,4701803,14.4,1335593,6.3,-22133,-4.5,149,10.7
"20000","5","2372","56","0","2023","1","",26,122,124,124,1894896,1204488,14209,1182,"",0.54,0.37,0.37,0.37,0.22,0.29,0.32,0.60,"",-9,-25.7,-38,-23.8,-28,-18.4,-29,-19.0,-351565,-15.6,-197421,-14.1,-7565,-34.7,67,6.0
"20000","5","23721","57","0","2023","1","",26,122,124,124,1894896,1204488,14209,1182,"",0.54,0.37,0.37,0.37,0.22,0.29,0.32,0.60,"",-9,-25.7,-38,-23.8,-28,-18.4,-29,-19.0,-351565,-15.6,-197421,-14.1,-7565,-34.7,67,6.0
"20000","5","237210","58","0","2023","1","",26,122,124,124,1894896,1204488,14209,1182,"",0.54,0.37,0.37,0.37,0.22,0.29,0.32,0.60,"",-9,-25.7,-38,-23.8,-28,-18.4,-29,-19.0,-351565,-15.6,-197421,-14.1,-7565,-34.7,67,6.0
"20000","5","2373","56","0","2023","1","",116,3515,3708,4067,60274823,43920802,1791900,1232,"",1.19,1.28,1.31,1.38,1.33,1.13,1.69,1.00,"",2,1.8,306,9.5,300,8.8,412,11.3,8610140,16.7,6390121,17.0,-126590,-6.6,71,6.1
"20000","5","23731","57","0","2023","1","",116,3515,3708,4067,60274823,43920802,1791900,1232,"",1.19,1.28,1.31,1.38,1.33,1.13,1.69,1.00,"",2,1.8,306,9.5,300,8.8,412,11.3,8610140,16.7,6390121,17.0,-126590,-6.6,71,6.1
"20000","5","237310","58","0","2023","1","",116,3515,3708,4067,60274823,43920802,1791900,1232,"",1.19,1.28,1.31,1.38,1.33,1.13,1.69,1.00,"",2,1.8,306,9.5,300,8.8,412,11.3,8610140,16.7,6390121,17.0,-126590,-6.6,71,6.1
"20000","5","2379","56","0","2023","1","",67,951,932,924,21552637,12135500,331547,1772,"",0.87,0.88,0.84,0.81,1.03,0.81,1.03,1.22,"",5,8.1,303,46.8,281,43.2,242,35.5,5514522,34.4,3312316,37.5,-35266,-9.6,-96,-5.1
"20000","5","23799","57","0","2023","1","",67,951,932,924,21552637,12135500,331547,1772,"",0.87,0.88,0.84,0.81,1.03,0.81,1.03,1.22,"",5,8.1,303,46.8,281,43.2,242,35.5,5514522,34.4,3312316,37.5,-35266,-9.6,-96,-5.1
"20000","5","237990","58","0","2023","1","",67,951,932,924,21552637,12135500,331547,1772,"",0.87,0.88,0.84,0.81,1.03,0.81,1.03,1.22,"",5,8.1,303,46.8,281,43.2,242,35.5,5514522,34.4,3312316,37.5,-35266,-9.6,-96,-5.1
"20000","5","238","55","0","2023","1","",4866,41279,41378,42477,648042084,474991194,10745865,1195,"",1.04,0.93,0.92,0.94,1.07,0.84,1.08,1.15,"",55,1.1,2136,5.5,2073,5.3,2982,7.6,106864194,19.7,57975999,13.9,-822388,-7.1,136,12.8
"20000","5","2381","56","0","2023","1","",1089,8135,8106,8297,112408233,89099376,1884524,1057,"",1.17,0.97,0.95,0.96,1.08,0.87,1.04,1.12,"",4,0.4,227,2.9,66,0.8,218,2.7,18761214,20.0,11504538,14.8,-22336,-1.2,158,17.6
"20000","5","23811","57","0","2023","1","",259,2774,2745,2813,37839449,30515572,598007,1048,"",1.34,1.29,1.25,1.27,1.40,1.16,1.33,1.10,"",-5,-1.9,104,3.9,13,0.5,68,2.5,6808563,21.9,3801651,14.2,-48674,-7.5,169,19.2
"20000","5","238111","58","0","2023","1","",202,1559,1531,1592,18366112,16100213,277438,905,"",1.43,1.57,1.51,1.53,1.68,1.39,1.57,1.09,"",6,3.1,70,4.7,-8,-0.5,26,1.7,2976741,19.3,2037077,14.5,12737,4.8,132,17.1
"20000","5","238112","58","0","2023","1","",57,1215,1214,1221,19473337,14415359,320569,1231,"",1.09,1.05,1.03,1.03,1.21,0.99,1.17,1.17,"",-11,-16.2,34,2.9,21,1.8,42,3.6,3831822,24.5,1764574,13.9,-61411,-16.1,215,21.2
"20000","5","23812","57","0","2023","1","",47,320,313,325,4560874,3737329,85608,1099,"",1.04,0.40,0.38,0.40,0.39,0.35,0.38,0.99,"",-1,-2.1,-44,-12.1,-41,-11.6,-20,-5.8,-413318,-8.3,-222190,-5.6,-39622,-31.6,19,1.8
"20000","5","238121","58","0","2023","1","",6,31,30,30,313280,272486,2781,794,"",0.50,0.24,0.23,0.23,0.19,0.18,0.10,0.83,"",2,50.0,7,29.2,7,30.4,9,42.9,60026,23.7,49280,22.1,1280,85.3,-65,-7.6
"20000","5","238122","58","0","2023","1","",41,289,283,295,4247594,3464843,82827,1131,"",1.24,0.42,0.41,0.43,0.42,0.38,0.41,0.99,"",-3,-6.8,-51,-15.0,-48,-14.5,-29,-9.0,-473344,-10.0,-271470,-7.3,-40902,-33.1,36,3.3
"20000","5","23813","57","0","2023","1","",132,538,548,569,6143530,5404585,59555,857,"",1.38,0.74,0.73,0.76,0.77,0.64,0.51,1.04,"",-1,-0.8,18,3.5,12,2.2,37,7.0,1023093,20.0,779990,16.9,5459,10.1,113,15.2
"20000","5","238131","58","0","2023","1","",119,414,420,436,4107811,3911297,44610,746,"",1.44,0.74,0.73,0.76,0.73,0.62,0.59,0.98,"",-2,-1.7,5,1.2,0,0.0,19,4.6,612382,17.5,537828,15.9,2087,4.9,99,15.3
"20000","5","238132","58","0","2023","1","",13,124,128,133,2035719,1493288,14945,1220,"",0.99,0.73,0.74,0.76,0.88,0.68,0.37,1.18,"",1,8.3,13,11.7,12,10.3,18,15.7,410711,25.3,242162,19.4,3372,29.1,124,11.3
"20000","5","23814","57","0","2023","1","",190,1168,1159,1189,13828042,12353206,320476,908,"",1.18,0.97,0.95,0.95,1.02,0.86,1.00,1.06,"",2,1.1,-22,-1.8,-40,-3.3,-19,-1.6,2513242,22.2,2023420,19.6,-7651,-2.3,182,25.1
"20000","5","238141","58","0","2023","1","",145,748,734,745,8289965,7466241,169714,859,"",1.19,1.23,1.20,1.19,1.38,1.11,1.63,1.15,"",7,5.1,-27,-3.5,-51,-6.5,-51,-6.4,993609,13.6,752024,11.2,-33294,-16.4,144,20.1
"20000","5","238142","58","0","2023","1","",45,420,425,444,5538077,4886965,150762,991,"",1.14,0.70,0.70,0.72,0.73,0.63,0.70,1.03,"",-5,-10.0,5,1.2,11,2.7,32,7.8,1519633,37.8,1271396,35.2,25643,20.5,244,32.7
"20000","5","23815","57","0","2023","1","",39,397,396,397,5510607,4539547,66710,1069,"",0.63,0.59,0.59,0.59,0.61,0.53,0.43,1.04,"",2,5.4,-19,-4.6,-23,-5.5,-21,-5.0,447046,8.8,158752,3.6,-11025,-14.2,136,14.6
"20000","5","238151","58","0","2023","1","",15,84,84,83,1010443,903078,12654,929,"",0.42,0.35,0.35,0.34,0.37,0.33,0.33,1.08,"",2,15.4,-2,-2.3,-2,-2.3,-3,-3.5,58557,6.2,35363,4.1,-2698,-17.6,78,9.2
"20000","5","238152","58","0","2023","1","",24,313,312,314,4500164,3636469,54056,1106,"",0.92,0.72,0.72,0.73,0.72,0.63,0.46,0.99,"",0,0.0,-17,-5.2,-21,-6.3,-18,-5.4,388489,9.4,123389,3.5,-8327,-13.3,152,15.9
"20000","5","23816","57","0","2023","1","",268,2129,2120,2172,32682490,23708598,511752,1175,"",1.13,1.04,1.02,1.03,1.29,1.00,1.33,1.26,"",3,1.1,132,6.6,60,2.9,98,4.7,5272427,19.2,3047503,14.7,12718,2.5,143,13.9
"20000","5","238161","58","0","2023","1","",189,822,834,847,11939824,8661774,155175,1101,"",1.00,0.76,0.76,0.76,0.98,0.73,1.05,1.28,"",2,1.1,16,2.0,-12,-1.4,-6,-0.7,993491,9.1,530414,6.5,-29211,-15.8,93,9.2
"20000","5","238162","58","0","2023","1","",79,1307,1286,1325,20742666,15046824,356577,1222,"",1.60,1.34,1.31,1.33,1.59,1.27,1.50,1.20,"",1,1.3,116,9.7,72,5.9,104,8.5,4278936,26.0,2517089,20.1,41929,13.3,174,16.6
"20000","5","23817","57","0","2023","1","",106,426,418,430,4725590,3832045,76514,856,"",1.51,1.16,1.14,1.16,1.20,0.88,1.29,1.04,"",-3,-2.8,-15,-3.4,-27,-6.1,-20,-4.4,227088,5.0,266042,7.5,-10880,-12.4,79,10.2
"20000","5","238171","58","0","2023","1","N",104,0,0,0,0,0,0,0,"N",1.59,0,0,0,0,0,0,0,"N",-3,-2.8,0,0,0,0,0,0,0,0,0,0,0,0,0,0
"20000","5","238172","58","0","2023","1","N",2,0,0,0,0,0,0,0,"N",0.43,0,0,0,0,0,0,0,"N",0,0.0,0,0,0,0,0,0,0,0,0,0,0,0,0,0
"20000","5","23819","57","0","2023","1","",48,383,407,402,7117651,5008494,165902,1378,"",0.75,0.86,0.90,0.87,1.20,0.89,1.84,1.38,"",7,17.1,73,23.5,112,38.0,95,30.9,2883073,68.1,1649370,49.1,77339,87.3,306,28.5
"20000","5","238191","58","0","2023","1","",20,201,197,195,3210323,2431072,63300,1249,"",0.54,1.06,1.03,1.01,1.42,1.12,2.22,1.37,"",2,11.1,-9,-4.3,-3,-1.5,-13,-6.2,457015,16.6,153958,6.8,7235,12.9,221,21.5
"20000","5","238192","58","0","2023","1","",28,182,210,207,3907328,2577422,102602,1505,"",1.04,0.72,0.80,0.76,1.07,0.74,1.66,1.41,"",5,21.7,82,82.0,115,121.1,108,109.1,2426058,163.8,1495412,138.2,70104,215.7,342,29.4
"20000","5","2382","56","0","2023","1","",1851,20648,20748,21104,361933583,248993046,5222764,1336,"",1.00,0.93,0.93,0.94,1.10,0.85,1.06,1.18,"",39,2.2,957,4.9,1069,5.4,1374,7.0,54295808,17.6,24579501,11.0,-881516,-14.4,135,11.2
"20000","5","23821","57","0","2023","1","",714,7298,7325,7472,123263512,88138197,1744049,1287,"",0.91,0.77,0.77,0.78,0.86,0.69,0.77,1.12,"",21,3.0,485,7.1,521,7.7,583,8.5,18022557,17.1,10187830,13.1,-346149,-16.6,103,8.7
"20000","5","238211","58","0","2023","1","",410,2406,2399,2435,31273653,25857908,395557,997,"",0.86,0.74,0.74,0.74,0.78,0.65,0.77,1.05,"",15,3.8,254,11.8,231,10.7,264,12.2,7406924,31.0,4519599,21.2,-26266,-6.2,148,17.4
"20000","5","238212","58","0","2023","1","",304,4892,4926,5037,91989859,62280289,1348492,1429,"",0.98,0.78,0.78,0.79,0.90,0.71,0.77,1.14,"",6,2.0,231,5.0,290,6.3,319,6.8,10615633,13.0,5668231,10.0,-319883,-19.2,89,6.6
"20000","5","23822","57","0","2023","1","",1024,11260,11281,11482,195371008,134545183,3076413,1325,"",1.06,1.00,1.00,1.01,1.22,0.92,1.32,1.22,"",16,1.6,500,4.6,539,5.0,733,6.8,31694822,19.4,12817481,10.5,-383120,-11.1,154,13.2
"20000","5","238221","58","0","2023","1","",796,5914,5945,5997,82173869,65048293,1076591,1062,"",1.09,0.99,1.00,1.00,1.15,0.91,1.29,1.15,"",17,2.2,546,10.2,649,12.3,684,12.9,18556350,29.2,11515817,21.5,44751,4.3,143,15.6
"20000","5","238222","58","0","2023","1","",228,5346,5336,5485,113197139,69496890,1999822,1616,"",0.96,1.00,1.00,1.02,1.28,0.93,1.33,1.28,"",-1,-0.4,-46,-0.9,-110,-2.0,49,0.9,13138472,13.1,1301664,1.9,-427871,-17.6,197,13.9
"20000","5","23829","57","0","2023","1","",113,2090,2142,2150,43299063,26309666,402302,1566,"",1.14,1.48,1.51,1.51,1.69,1.30,1.15,1.13,"",2,1.8,-28,-1.3,9,0.4,58,2.8,4578429,11.8,1574190,6.4,-152247,-27.5,157,11.1
"20000","5","238291","58","0","2023","1","",19,141,147,147,1761568,1539533,14380,935,"",0.78,0.91,0.94,0.94,0.96,0.86,0.58,1.03,"",-1,-5.0,15,11.9,11,8.1,15,11.4,400145,29.4,332993,27.6,-4077,-22.1,138,17.3
"20000","5","238292","58","0","2023","1","",94,1949,1995,2003,41537495,24770133,387922,1612,"",1.26,1.55,1.58,1.58,1.75,1.35,1.20,1.11,"",3,3.3,-43,-2.2,-2,-0.1,43,2.2,4178284,11.2,1241197,5.3,-148170,-27.6,163,11.2
"20000","5","2383","56","0","2023","1","",1002,5773,5807,5902,77880148,62177174,1302793,1028,"",0.90,0.77,0.77,0.78,0.88,0.70,0.82,1.14,"",-17,-1.7,65,1.1,123,2.2,193,3.4,10608646,15.8,5667420,10.0,-214386,-14.1,120,13.2
"20000","5","23831","57","0","2023","1","",172,1374,1388,1395,19476670,15315467,265083,1081,"",0.97,0.62,0.62,0.62,0.67,0.54,0.45,1.09,"",6,3.6,-62,-4.3,-47,-3.3,-11,-0.8,1437725,8.0,386791,2.6,-116507,-30.5,108,11.1
"20000","5","238311","58","0","2023","1","",129,905,913,915,12104173,9802730,153071,1022,"",1.01,0.86,0.85,0.86,1.04,0.80,0.95,1.22,"",7,5.7,-7,-0.8,1,0.1,32,3.6,1345451,12.5,758449,8.4,-55108,-26.5,105,11.5
"20000","5","238312","58","0","2023","1","",43,469,475,480,7372497,5512737,112012,1195,"",0.86,0.40,0.40,0.40,0.43,0.34,0.26,1.06,"",-1,-2.3,-55,-10.5,-48,-9.2,-43,-8.2,92274,1.3,-371658,-6.3,-61399,-35.4,125,11.7
"20000","5","23832","57","0","2023","1","",333,1352,1420,1475,15244460,13584074,270560,828,"",0.98,0.77,0.80,0.82,0.84,0.70,0.77,1.05,"",-5,-1.5,85,6.7,154,12.2,145,10.9,3464572,29.4,2668693,24.4,31974,13.4,124,17.6
"20000","5","238321","58","0","2023","1","",274,1000,1045,1073,10538392,9571346,166221,780,"",0.95,0.91,0.94,0.96,1.07,0.84,1.09,1.14,"",-2,-0.7,96,10.6,126,13.7,107,11.1,2482967,30.8,2049494,27.2,38073,29.7,113,16.9
"20000","5","238322","58","0","2023","1","",59,352,375,402,4706068,4012728,104339,962,"",1.09,0.53,0.56,0.59,0.56,0.50,0.53,1.00,"",-3,-4.8,-11,-3.0,28,8.1,38,10.4,981605,26.4,619199,18.2,-6099,-5.5,162,20.2
"20000","5","23833","57","0","2023","1","",160,692,678,680,8779337,7284318,124222,988,"",1.02,0.94,0.92,0.92,1.00,0.85,0.89,1.08,"",-4,-2.4,-18,-2.5,-38,-5.3,-45,-6.2,684132,8.5,249657,3.5,-26575,-17.6,120,13.8
"20000","5","238331","58","0","2023","1","",134,456,440,442,5125079,4490552,59007,884,"",1.03,0.95,0.91,0.91,1.01,0.85,0.90,1.09,"",-4,-2.9,12,2.7,-19,-4.1,-17,-3.7,469646,10.1,205464,4.8,-14852,-20.1,95,12.0
"20000","5","238332","58","0","2023","1","",26,236,238,238,3654258,2793766,65215,1184,"",0.95,0.93,0.94,0.93,0.99,0.84,0.87,1.06,"",0,0.0,-30,-11.3,-19,-7.4,-28,-10.5,214486,6.2,44193,1.6,-11723,-15.2,178,17.7
"20000","5","23834","57","0","2023","1","",40,358,343,332,4934584,3996533,116770,1102,"",0.46,0.69,0.66,0.64,0.86,0.66,1.19,1.31,"",-1,-2.4,-4,-1.1,-1,-0.3,-2,-0.6,508969,11.5,273186,7.3,-18676,-13.8,120,12.2
"20000","5","238341","58","0","2023","1","",29,129,134,133,1603510,1411009,16406,934,"",0.38,0.32,0.33,0.33,0.39,0.32,0.28,1.17,"",0,0.0,-28,-17.8,-22,-14.1,-20,-13.1,-108816,-6.4,-172444,-10.9,-10029,-37.9,86,10.1
"20000","5","238342","58","0","2023","1","",11,229,209,199,3331074,2585524,100364,1207,"",1.07,1.89,1.71,1.62,2.11,1.63,2.53,1.21,"",-1,-8.3,24,11.7,21,11.2,18,9.9,617785,22.8,445630,20.8,-8647,-7.9,116,10.6
"20000","5","23835","57","0","2023","1","",225,1346,1327,1354,20634156,14771435,291754,1182,"",0.85,0.92,0.91,0.92,1.20,0.85,1.17,1.32,"",-15,-6.2,63,4.9,39,3.0,93,7.4,3489303,20.4,1581016,12.0,-48958,-14.4,150,14.5
"20000","5","238351","58","0","2023","1","",202,1082,1056,1072,16015390,11454549,181323,1151,"",0.86,0.94,0.91,0.92,1.26,0.86,1.14,1.36,"",-17,-7.8,41,3.9,12,1.1,22,2.1,2304295,16.8,906892,8.6,-41056,-18.5,142,14.1
"20000","5","238352","58","0","2023","1","",23,264,271,282,4618766,3316886,110431,1305,"",0.76,0.85,0.88,0.91,1.05,0.79,1.21,1.19,"",2,9.5,22,9.1,27,11.1,71,33.6,1185008,34.5,674124,25.5,-7902,-6.7,168,14.8
"20000","5","23839","57","0","2023","1","",72,651,651,666,8810941,7225347,234404,1033,"",0.84,0.84,0.84,0.84,0.91,0.78,1.39,1.09,"",2,2.9,1,0.2,16,2.5,13,2.0,1023945,13.1,508077,7.6,-35644,-13.2,106,11.4
"20000","5","238391","58","0","2023","1","",35,282,281,280,3519436,3051069,68118,963,"",0.71,0.84,0.84,0.83,0.92,0.80,1.35,1.11,"",1,2.9,18,6.8,21,8.1,10,3.7,564712,19.1,414675,15.7,-856,-1.2,104,12.1
"20000","5","238392","58","0","2023","1","",37,369,370,386,5291505,4174278,166286,1085,"",1.00,0.84,0.84,0.85,0.91,0.77,1.41,1.07,"",1,2.8,-17,-4.4,-5,-1.3,3,0.8,459233,9.5,93402,2.3,-34788,-17.3,110,11.3
"20000","5","2389","56","0","2023","1","",924,6723,6717,7174,95820120,74721598,2335784,1073,"",1.20,1.06,1.04,1.09,1.15,0.94,1.49,1.09,"",29,3.2,887,15.2,815,13.8,1197,20.0,23198526,31.9,16224540,27.7,295850,14.5,127,13.4
"20000","5","23891","57","0","2023","1","",439,3023,3056,3259,44517092,35141358,1053040,1100,"",1.32,0.91,0.91,0.96,1.03,0.83,1.27,1.11,"",16,3.8,61,2.1,104,3.5,379,13.2,7764510,21.1,4855295,16.0,14139,1.4,136,14.1
"20000","5","238911","58","0","2023","1","",178,889,865,891,11390821,9489315,178965,994,"",0.92,0.73,0.70,0.72,0.82,0.64,0.74,1.15,"",2,1.1,-29,-3.2,-47,-5.2,-29,-3.2,1109891,10.8,289894,3.2,-76835,-30.0,131,15.2
"20000","5","238912","58","0","2023","1","",261,2134,2191,2368,33126271,25652043,874075,1142,"",1.89,1.01,1.03,1.10,1.13,0.93,1.49,1.08,"",14,5.7,90,4.4,151,7.4,408,20.8,6654619,25.1,4565401,21.7,90974,11.6,131,13.0
"20000","5","23899","57","0","2023","1","",485,3700,3661,3915,51303028,39580240,1282744,1050,"",1.11,1.22,1.18,1.22,1.29,1.08,1.73,1.07,"",13,2.8,826,28.7,711,24.1,818,26.4,15434016,43.0,11369245,40.3,281711,28.1,122,13.1
"20000","5","238991","58","0","2023","1","",313,1563,1542,1646,17437330,15408706,382100,847,"",1.06,1.05,1.02,1.05,1.05,0.93,1.34,1.00,"",13,4.3,135,9.5,70,4.8,104,6.7,3564022,25.7,2887292,23.1,-2048,-0.5,126,17.5
"20000","5","238992","58","0","2023","1","",172,2137,2119,2269,33865698,24171534,900644,1198,"",1.20,1.37,1.34,1.38,1.46,1.19,1.97,1.07,"",0,0.0,691,47.8,641,43.4,714,45.9,11869994,54.0,8481953,54.1,283759,46.0,65,5.7
"20000","5","31-33","54","0","2023","1","",3312,172455,173575,172898,3245356340,2072898438,32149973,1443,"",1.05,1.45,1.45,1.45,1.59,1.35,1.84,1.09,"",83,2.6,8204,5.0,7689,4.6,6050,3.6,296419791,10.1,167208197,8.8,-8457299,-20.8,74,5.4
"20000","5","311","55","0","2023","1","",376,37165,37310,37080,637048421,437889017,4273598,1318,"",1.16,2.34,2.34,2.33,3.32,2.32,2.23,1.42,"",6,1.6,1229,3.4,814,2.2,243,0.7,-31200821,-4.7,20199148,4.8,-1019323,-19.3,-93,-6.6
"20000","5","3111","56","0","2023","1","",91,5094,5163,5088,86134949,59421661,718765,1295,"",4.07,7.53,7.64,7.52,8.23,6.49,9.31,1.09,"",2,2.2,177,3.6,150,3.0,-233,-4.4,-5923849,-6.4,1943567,3.4,-161598,-18.4,-98,-7.0
"20000","5","31111","57","0","2023","1","",91,5094,5163,5088,86134949,59421661,718765,1295,"",4.07,7.53,7.64,7.52,8.23,6.49,9.31,1.09,"",2,2.2,177,3.6,150,3.0,-233,-4.4,-5923849,-6.4,1943567,3.4,-161598,-18.4,-98,-7.0
"20000","5","311111","58","0","2023","1","",29,3909,4001,3941,65426219,45658668,584672,1274,"",4.15,11.60,11.82,11.60,11.68,9.84,14.29,1.00,"",0,0.0,395,11.2,357,9.8,321,8.9,6246413,10.6,6374253,16.2,-56625,-8.8,7,0.6
"20000","5","311119","58","0","2023","1","",62,1185,1162,1147,20708730,13762993,134093,1368,"",4.04,3.50,3.44,3.40,4.25,3.05,3.70,1.23,"",2,3.3,-218,-15.5,-207,-15.1,-554,-32.6,-12170262,-37.0,-4430686,-24.4,-104973,-43.9,-328,-19.3
"20000","5","3112","56","0","2023","1","",33,1401,1413,1432,26902990,15997437,152702,1462,"",3.38,2.36,2.38,2.40,2.27,1.78,1.99,0.95,"",-4,-10.8,-598,-29.9,-594,-29.6,-576,-28.7,-7614148,-22.1,-7147974,-30.9,-134783,-46.9,138,10.4
"20000","5","31121","57","0","2023","1","",22,647,659,664,12516437,6761208,40186,1466,"",5.03,3.33,3.40,3.42,4.42,2.67,1.88,1.31,"",-5,-18.5,-638,-49.6,-627,-48.8,-620,-48.3,-10451587,-45.5,-7724018,-53.3,-122610,-75.3,91,6.6
"20000","5","311211","58","0","2023","1","",22,647,659,664,12516437,6761208,40186,1466,"",7.14,4.80,4.91,4.94,5.92,3.55,2.58,1.21,"",-5,-18.5,-638,-49.6,-627,-48.8,-620,-48.3,-10451587,-45.5,-7724018,-53.3,-122610,-75.3,91,6.6
"20000","5","31122","57","0","2023","1","",11,754,754,768,14386553,9236229,112516,1459,"",2.65,2.66,2.65,2.69,2.03,2.07,2.85,0.76,"",1,10.0,40,5.6,33,4.6,44,6.1,2837439,24.6,576044,6.7,-12173,-9.8,225,18.2
"20000","5","311221","58","0","2023","1","N",1,0,0,0,0,0,0,0,"N",1.69,0,0,0,0,0,0,0,"N",0,0.0,0,0,0,0,0,0,0,0,0,0,0,0,0,0
"20000","5","311224","58","0","2023","1","N",5,0,0,0,0,0,0,0,"N",2.55,0,0,0,0,0,0,0,"N",0,0.0,0,0,0,0,0,0,0,0,0,0,0,0,0,0
"20000","5","311225","58","0","2023","1","",5,557,553,568,10239761,6899643,89198,1408,"",3.13,7.94,7.78,7.96,9.52,7.58,9.32,1.21,"N",1,25.0,0,0,0,0,0,0,0,0,0,0,0,0,0,0
"20000","5","3113","56","0","2023","1","",18,1438,1462,1291,21508016,14215206,190928,1184,"",0.98,1.92,1.96,1.75,2.19,1.71,1.34,1.17,"",1,5.9,-121,-7.8,-98,-6.3,-260,-16.8,2619645,13.9,6127,0.0,-145221,-43.2,251,26.9
"20000","5","31131","57","0","2023","1","N",1,0,0,0,0,0,0,0,"N",1.15,0,0,0,0,0,0,0,"N",0,0.0,0,0,0,0,0,0,0,0,0,0,0,0,0,0
"20000","5","311314","58","0","2023","1","N",1,0,0,0,0,0,0,0,"N",1.62,0,0,0,0,0,0,0,"N",0,0.0,0,0,0,0,0,0,0,0,0,0,0,0,0,0
"20000","5","31134","57","0","2023","1","N",3,0,0,0,0,0,0,0,"N",0.56,0,0,0,0,0,0,0,"N",0,0.0,0,0,0,0,0,0,0,0,0,0,0,0,0,0
"20000","5","311340","58","0","2023","1","N",3,0,0,0,0,0,0,0,"N",0.56,0,0,0,0,0,0,0,"N",0,0.0,0,0,0,0,0,0,0,0,0,0,0,0,0,0
"20000","5","31135","57","0","2023","1","",14,1310,1334,1168,18979760,12622449,181994,1149,"",1.15,3.36,3.41,3.03,4.00,3.22,2.74,1.22,"",1,7.7,-110,-7.7,-85,-6.0,-237,-16.9,2393150,14.4,170616,1.4,-145549,-44.4,247,27.4
"20000","5","311351","58","0","2023","1","N",3,0,0,0,0,0,0,0,"N",1.15,0,0,0,0,0,0,0,"N",0,0.0,0,0,0,0,0,0,0,0,0,0,0,0,0,0
"20000","5","311352","58","0","2023","1","N",11,0,0,0,0,0,0,0,"N",1.15,0,0,0,0,0,0,0,"N",1,10.0,0,0,0,0,0,0,0,0,0,0,0,0,0,0
"20000","5","3114","56","0","2023","1","",12,1545,1581,1593,22470741,18239666,78696,1099,"",0.54,0.99,1.01,1.02,1.17,0.95,0.30,1.17,"",1,9.1,245,18.8,266,20.2,275,20.9,4426590,24.5,3288149,22.0,-40511,-34.0,40,3.8
"20000","5","31141","57","0","2023","1","N",5,0,0,0,0,0,0,0,"N",0.56,0,0,0,0,0,0,0,"N",0,0.0,0,0,0,0,0,0,0,0,0,0,0,0,0,0
"20000","5","311411","58","0","2023","1","N",2,0,0,0,0,0,0,0,"N",0.79,0,0,0,0,0,0,0,"N",0,0.0,0,0,0,0,0,0,0,0,0,0,0,0,0,0
"20000","5","311412","58","0","2023","1","N",3,0,0,0,0,0,0,0,"N",0.46,0,0,0,0,0,0,0,"N",0,0.0,0,0,0,0,0,0,0,0,0,0,0,0,0,0
"20000","5","31142","57","0","2023","1","N",7,0,0,0,0,0,0,0,"N",0.54,0,0,0,0,0,0,0,"N",1,16.7,0,0,0,0,0,0,0,0,0,0,0,0,0,0
"20000","5","311421","58","0","2023","1","",6,152,155,150,1296552,1185200,14154,655,"",0.66,0.33,0.33,0.32,0.21,0.22,0.15,0.65,"N",1,20.0,0,0,0,0,0,0,0,0,0,0,0,0,0,0
"20000","5","311423","58","0","2023","1","N",1,0,0,0,0,0,0,0,"N",0.39,0,0,0,0,0,0,0,"N",0,0.0,0,0,0,0,0,0,0,0,0,0,0,0,0,0
"20000","5","3115","56","0","2023","1","",18,895,875,857,14950287,10400250,123654,1313,"",0.86,0.59,0.58,0.57,0.67,0.53,0.59,1.15,"",4,28.6,142,18.9,87,11.0,71,9.0,3471192,30.2,1766774,20.5,47162,61.7,175,15.4
"20000","5","31151","57","0","2023","1","N",15,0,0,0,0,0,0,0,"N",1.05,0,0,0,0,0,0,0,"N",4,36.4,0,0,0,0,0,0,0,0,0,0,0,0,0,0
"20000","5","311511","58","0","2023","1","",8,526,514,506,9668425,6511202,45419,1443,"",1.40,1.03,1.01,0.99,1.19,0.99,0.60,1.18,"",1,14.3,83,18.7,44,9.4,49,10.7,2001837,26.1,1071312,19.7,-3369,-6.9,152,11.8
"20000","5","311513","58","0","2023","1","",5,16,14,16,337542,133279,3565,1693,"",0.84,0.03,0.02,0.03,0.04,0.02,0.05,1.59,"N",3,150.0,0,0,0,0,0,0,0,0,0,0,0,0,0,0
"20000","5","311514","58","0","2023","1","N",2,0,0,0,0,0,0,0,"N",0.98,0,0,0,0,0,0,0,"N",0,0.0,0,0,0,0,0,0,0,0,0,0,0,0,0,0
"20000","5","31152","57","0","2023","1","N",3,0,0,0,0,0,0,0,"N",0.45,0,0,0,0,0,0,0,"N",0,0.0,0,0,0,0,0,0,0,0,0,0,0,0,0,0
"20000","5","311520","58","0","2023","1","N",3,0,0,0,0,0,0,0,"N",0.45,0,0,0,0,0,0,0,"N",0,0.0,0,0,0,0,0,0,0,0,0,0,0,0,0,0
"20000","5","3116","56","0","2023","1","",97,20114,20142,20086,349431682,244036929,2137648,1336,"",2.65,3.97,3.96,3.98,6.45,4.04,5.24,1.62,"",6,6.6,1017,5.3,664,3.4,691,3.6,-43370943,-11.0,14002940,6.1,-436089,-16.9,-228,-14.6
"20000","5","31161","57","0","2023","1","",97,20114,20142,20086,349431682,244036929,2137648,1336,"",2.65,3.97,3.96,3.98,6.45,4.04,5.24,1.62,"",6,6.6,1017,5.3,664,3.4,691,3.6,-43370943,-11.0,14002940,6.1,-436089,-16.9,-228,-14.6
"20000","5","311611","58","0","2023","1","",51,11674,11742,11797,229944440,142402227,1118121,1507,"",4.07,8.45,8.48,8.61,14.11,7.62,10.22,1.66,"",3,6.2,421,3.7,453,4.0,574,5.1,-41591115,-15.3,10732912,8.2,-310579,-21.7,-349,-18.8
"20000","5","311612","58","0","2023","1","",42,8307,8266,8156,116985956,99828525,1002886,1092,"",2.67,5.93,5.90,5.86,7.37,5.66,6.56,1.25,"",3,7.7,591,7.7,209,2.6,114,1.4,-2063785,-1.7,3133621,3.2,-124408,-11.0,-62,-5.4
"20000","5","311613","58","0","2023","1","N",1,0,0,0,0,0,0,0,"N",0.57,0,0,0,0,0,0,0,"N",0,0.0,0,0,0,0,0,0,0,0,0,0,0,0,0,0
"20000","5","311615","58","0","2023","1","N",3,0,0,0,0,0,0,0,"N",0.45,0,0,0,0,0,0,0,"N",0,0.0,0,0,0,0,0,0,0,0,0,0,0,0,0,0
"20000","5","3118","56","0","2023","1","",66,2405,2391,2389,40501138,24662593,336563,1301,"",0.53,0.79,0.78,0.77,1.39,0.80,1.01,1.79,"",-6,-8.3,111,4.8,77,3.3,57,2.4,4575550,12.7,1304572,5.6,-63542,-15.9,106,8.9
"20000","5","31181","57","0","2023","1","",48,1466,1452,1460,20791372,12822103,195826,1096,"",0.44,0.63,0.62,0.62,1.01,0.58,0.82,1.61,"",-5,-9.4,14,1.0,-12,-0.8,-24,-1.6,1479033,7.7,191512,1.5,-22163,-10.2,83,8.2
"20000","5","311811","58","0","2023","1","",32,272,275,270,1859911,1650098,16379,525,"",0.44,0.30,0.30,0.30,0.37,0.26,0.24,1.23,"",-2,-5.9,-14,-4.9,-21,-7.1,-34,-11.2,249546,15.5,101899,6.6,-3082,-15.8,106,25.3
"20000","5","311812","58","0","2023","1","",16,1194,1177,1190,18931461,11172005,179447,1227,"",0.47,0.92,0.90,0.91,1.33,0.77,1.15,1.46,"",-3,-15.8,28,2.4,9,0.8,10,0.8,1229487,6.9,89613,0.8,-19081,-9.6,64,5.5
"20000","5","31182","57","0","2023","1","N",7,0,0,0,0,0,0,0,"N",0.69,0,0,0,0,0,0,0,"N",0,0.0,0,0,0,0,0,0,0,0,0,0,0,0,0,0
"20000","5","311821","58","0","2023","1","N",2,0,0,0,0,0,0,0,"N",0.33,0,0,0,0,0,0,0,"N",0,0.0,0,0,0,0,0,0,0,0,0,0,0,0,0,0
"20000","5","311824","58","0","2023","1","",5,79,79,81,1308539,722132,7503,1263,"",1.21,0.40,0.40,0.41,0.50,0.29,0.26,1.24,"",0,0.0,-5,-6.0,-4,-4.8,-6,-6.9,-46176,-3.4,-88174,-10.9,-5208,-41.0,32,2.6
"20000","5","31183","57","0","2023","1","N",11,0,0,0,0,0,0,0,"N",2.72,0,0,0,0,0,0,0,"N",-1,-8.3,0,0,0,0,0,0,0,0,0,0,0,0,0,0
"20000","5","311830","58","0","2023","1","N",11,0,0,0,0,0,0,0,"N",2.72,0,0,0,0,0,0,0,"N",-1,-8.3,0,0,0,0,0,0,0,0,0,0,0,0,0,0
"20000","5","3119","56","0","2023","1","",41,4273,4283,4344,75148618,50915275,534642,1344,"",0.65,1.79,1.79,1.82,2.41,1.82,1.62,1.34,"",2,5.1,256,6.4,262,6.5,218,5.3,10615142,16.4,5034993,11.0,-84741,-13.7,120,9.8
"20000","5","31191","57","0","2023","1","N",4,0,0,0,0,0,0,0,"N",0.47,0,0,0,0,0,0,0,"N",0,0.0,0,0,0,0,0,0,0,0,0,0,0,0,0,0
"20000","5","311919","58","0","2023","1","N",4,0,0,0,0,0,0,0,"N",0.68,0,0,0,0,0,0,0,"N",0,0.0,0,0,0,0,0,0,0,0,0,0,0,0,0,0
"20000","5","31192","57","0","2023","1","N",8,0,0,0,0,0,0,0,"N",0.64,0,0,0,0,0,0,0,"N",0,0.0,0,0,0,0,0,0,0,0,0,0,0,0,0,0
"20000","5","311920","58","0","2023","1","N",8,0,0,0,0,0,0,0,"N",0.64,0,0,0,0,0,0,0,"N",0,0.0,0,0,0,0,0,0,0,0,0,0,0,0,0,0
"20000","5","31193","57","0","2023","1","-",0,0,0,0,0,0,0,0,"N",0.00,0,0,0,0,0,0,0,"N",0,0,0,0,0,0,0,0,0,0,0,0,0,0,0,0
"20000","5","311930","58","0","2023","1","-",0,0,0,0,0,0,0,0,"N",0.00,0,0,0,0,0,0,0,"N",0,0,0,0,0,0,0,0,0,0,0,0,0,0,0,0
"20000","5","31194","57","0","2023","1","",11,762,738,723,20013190,9780764,100906,2078,"",1.12,1.66,1.62,1.59,2.94,1.70,1.60,1.81,"",2,22.2,57,8.1,18,2.5,21,3.0,3365407,20.2,988086,11.2,-19176,-16.0,272,15.1
"20000","5","311941","58","0","2023","1","N",1,0,0,0,0,0,0,0,"N",0.25,0,0,0,0,0,0,0,"N",1,100.0,0,0,0,0,0,0,0,0,0,0,0,0,0,0
"20000","5","311942","58","0","2023","1","N",10,0,0,0,0,0,0,0,"N",1.71,0,0,0,0,0,0,0,"N",1,11.1,0,0,0,0,0,0,0,0,0,0,0,0,0,0
"20000","5","31199","57","0","2023","1","",18,2020,2069,2094,30763895,23018288,215146,1148,"",0.60,2.05,2.09,2.13,2.71,1.99,1.62,1.30,"",0,0.0,-102,-4.8,-63,-3.0,-110,-5.0,-332942,-1.1,-589062,-2.5,-112439,-34.3,37,3.3
"20000","5","311991","58","0","2023","1","N",9,0,0,0,0,0,0,0,"N",0.63,0,0,0,0,0,0,0,"N",0,0.0,0,0,0,0,0,0,0,0,0,0,0,0,0,0
"20000","5","311999","58","0","2023","1","N",9,0,0,0,0,0,0,0,"N",0.58,0,0,0,0,0,0,0,"N",0,0.0,0,0,0,0,0,0,0,0,0,0,0,0,0,0
"20000","5","312","55","0","2023","1","",86,1833,1922,1986,35957914,18802750,241766,1445,"",0.65,0.62,0.65,0.66,0.98,0.62,0.60,1.53,"",0,0.0,190,11.6,251,15.0,316,18.9,5517094,18.1,3287919,21.2,5183,2.2,36,2.6
"20000","5","3121","56","0","2023","1","N",85,0,0,0,0,0,0,0,"N",0.66,0,0,0,0,0,0,0,"N",0,0.0,0,0,0,0,0,0,0,0,0,0,0,0,0,0
"20000","5","31211","57","0","2023","1","",20,1045,1104,1164,18021804,12748642,161919,1255,"",0.98,1.06,1.11,1.17,1.27,1.07,1.00,1.14,"",0,0.0,175,20.1,220,24.9,266,29.6,3358374,22.9,2996779,30.7,14531,9.9,-21,-1.6
"20000","5","312111","58","0","2023","1","",9,817,880,940,15114742,10306707,138019,1323,"",0.92,1.11,1.19,1.26,1.38,1.14,1.19,1.16,"",0,0.0,156,23.6,206,30.6,247,35.6,2819947,22.9,2630999,34.3,22960,20.0,-76,-5.4
"20000","5","312112","58","0","2023","1","",6,74,72,73,926098,756907,7471,976,"",0.96,0.39,0.38,0.38,0.34,0.33,0.21,0.88,"",0,0.0,-2,-2.6,-4,-5.3,1,1.4,150697,19.4,63868,9.2,-2854,-27.6,177,22.2
"20000","5","312113","58","0","2023","1","",5,154,152,151,1980964,1685028,16429,1000,"",1.17,2.55,2.51,2.46,3.73,2.93,1.86,1.49,"",0,0.0,21,15.8,18,13.4,18,13.5,387730,24.3,301912,21.8,-5575,-25.3,81,8.8
"20000","5","31212","57","0","2023","1","",36,371,401,417,1992804,1794186,33282,387,"",0.75,0.38,0.41,0.42,0.21,0.19,0.33,0.51,"",1,2.9,28,8.2,62,18.3,52,14.2,261787,15.1,249960,16.2,707,2.2,5,1.3
"20000","5","312120","58","0","2023","1","",36,371,401,417,1992804,1794186,33282,387,"",0.75,0.38,0.41,0.42,0.21,0.19,0.33,0.51,"",1,2.9,28,8.2,62,18.3,52,14.2,261787,15.1,249960,16.2,707,2.2,5,1.3
"20000","5","31213","57","0","2023","1","N",19,0,0,0,0,0,0,0,"N",0.41,0,0,0,0,0,0,0,"N",-1,-5.0,0,0,0,0,0,0,0,0,0,0,0,0,0,0
"20000","5","312130","58","0","2023","1","N",19,0,0,0,0,0,0,0,"N",0.41,0,0,0,0,0,0,0,"N",-1,-5.0,0,0,0,0,0,0,0,0,0,0,0,0,0,0
"20000","5","31214","57","0","2023","1","",10,273,274,277,15077453,3533396,37424,4223,"",0.72,1.14,1.14,1.15,4.72,1.34,1.60,4.12,"",0,0.0,-13,-4.5,-20,-6.8,2,0.7,1846251,14.0,36718,1.1,-8645,-18.8,652,18.3
"20000","5","312140","58","0","2023","1","",10,273,274,277,15077453,3533396,37424,4223,"",0.72,1.14,1.14,1.15,4.72,1.34,1.60,4.12,"",0,0.0,-13,-4.5,-20,-6.8,2,0.7,1846251,14.0,36718,1.1,-8645,-18.8,652,18.3
"20000","5","3122","56","0","2023","1","N",1,0,0,0,0,0,0,0,"N",0.26,0,0,0,0,0,0,0,"N",0,0.0,0,0,0,0,0,0,0,0,0,0,0,0,0,0
"20000","5","31223","57","0","2023","1","N",1,0,0,0,0,0,0,0,"N",0.26,0,0,0,0,0,0,0,"N",0,0.0,0,0,0,0,0,0,0,0,0,0,0,0,0,0
"20000","5","312230","58","0","2023","1","N",1,0,0,0,0,0,0,0,"N",0.26,0,0,0,0,0,0,0,"N",0,0.0,0,0,0,0,0,0,0,0,0,0,0,0,0,0
"20000","5","313","55","0","2023","1","",11,87,88,84,748873,728585,3053,667,"",0.49,0.10,0.10,0.10,0.08,0.07,0.03,0.77,"",1,10.0,12,16.0,8,10.0,7,9.1,154179,25.9,153366,26.7,240,8.5,75,12.7
"20000","5","3131","56","0","2023","1","N",3,0,0,0,0,0,0,0,"N",0.95,0,0,0,0,0,0,0,"N",0,0.0,0,0,0,0,0,0,0,0,0,0,0,0,0,0
"20000","5","31311","57","0","2023","1","N",3,0,0,0,0,0,0,0,"N",0.95,0,0,0,0,0,0,0,"N",0,0.0,0,0,0,0,0,0,0,0,0,0,0,0,0,0
"20000","5","313110","58","0","2023","1","N",3,0,0,0,0,0,0,0,"N",0.95,0,0,0,0,0,0,0,"N",0,0.0,0,0,0,0,0,0,0,0,0,0,0,0,0,0
"20000","5","3132","56","0","2023","1","N",2,0,0,0,0,0,0,0,"N",0.22,0,0,0,0,0,0,0,"N",0,0.0,0,0,0,0,0,0,0,0,0,0,0,0,0,0
"20000","5","31322","57","0","2023","1","N",1,0,0,0,0,0,0,0,"N",0.50,0,0,0,0,0,0,0,"N",0,0.0,0,0,0,0,0,0,0,0,0,0,0,0,0,0
"20000","5","313220","58","0","2023","1","N",1,0,0,0,0,0,0,0,"N",0.50,0,0,0,0,0,0,0,"N",0,0.0,0,0,0,0,0,0,0,0,0,0,0,0,0,0
"20000","5","31324","57","0","2023","1","N",1,0,0,0,0,0,0,0,"N",0.89,0,0,0,0,0,0,0,"N",0,0.0,0,0,0,0,0,0,0,0,0,0,0,0,0,0
"20000","5","313240","58","0","2023","1","N",1,0,0,0,0,0,0,0,"N",0.89,0,0,0,0,0,0,0,"N",0,0.0,0,0,0,0,0,0,0,0,0,0,0,0,0,0
"20000","5","3133","56","0","2023","1","",6,36,39,40,277189,267683,952,556,"",0.57,0.15,0.17,0.17,0.10,0.10,0.03,0.59,"",1,20.0,2,5.9,4,11.4,6,17.6,55486,25.0,49455,22.7,-586,-38.1,59,11.9
"20000","5","31331","57","0","2023","1","",6,36,39,40,277189,267683,952,556,"",0.68,0.21,0.23,0.24,0.15,0.14,0.05,0.66,"",1,20.0,2,5.9,4,11.4,6,17.6,55486,25.0,49455,22.7,-586,-38.1,59,11.9
"20000","5","313310","58","0","2023","1","",6,36,39,40,277189,267683,952,556,"",0.68,0.21,0.23,0.24,0.15,0.14,0.05,0.66,"",1,20.0,2,5.9,4,11.4,6,17.6,55486,25.0,49455,22.7,-586,-38.1,59,11.9
"20000","5","314","55","0","2023","1","",46,725,706,701,7080153,6129010,34584,766,"",0.89,0.77,0.75,0.75,0.75,0.63,0.37,0.99,"",-4,-8.0,-235,-24.5,-250,-26.2,-239,-25.4,-2086355,-22.8,-1763529,-22.3,-31203,-47.4,25,3.4
"20000","5","3141","56","0","2023","1","",7,27,25,26,472765,272828,2512,1399,"",0.54,0.07,0.06,0.07,0.11,0.07,0.06,1.67,"",0,0.0,7,35.0,3,13.6,4,18.2,345538,271.6,157212,136.0,317,14.4,940,204.8
"20000","5","31411","57","0","2023","1","N",2,0,0,0,0,0,0,0,"N",0.57,0,0,0,0,0,0,0,"N",0,0.0,0,0,0,0,0,0,0,0,0,0,0,0,0,0
"20000","5","314110","58","0","2023","1","N",2,0,0,0,0,0,0,0,"N",0.57,0,0,0,0,0,0,0,"N",0,0.0,0,0,0,0,0,0,0,0,0,0,0,0,0,0
"20000","5","31412","57","0","2023","1","N",5,0,0,0,0,0,0,0,"N",0.53,0,0,0,0,0,0,0,"N",0,0.0,0,0,0,0,0,0,0,0,0,0,0,0,0,0
"20000","5","314120","58","0","2023","1","N",5,0,0,0,0,0,0,0,"N",0.53,0,0,0,0,0,0,0,"N",0,0.0,0,0,0,0,0,0,0,0,0,0,0,0,0,0
"20000","5","3149","56","0","2023","1","",39,698,681,675,6607388,5856182,32072,742,"",1.00,1.26,1.23,1.22,1.25,1.02,0.60,1.01,"",-4,-9.3,-242,-25.7,-253,-27.1,-243,-26.5,-2431893,-26.9,-1920741,-24.7,-31520,-49.6,-5,-0.7
"20000","5","31491","57","0","2023","1","",13,292,280,281,2848546,2448209,10143,771,"",0.95,1.30,1.25,1.26,1.33,1.03,0.40,1.05,"",-2,-13.3,-74,-20.2,-80,-22.2,-72,-20.4,-364694,-11.3,-384319,-13.6,-10142,-50.0,84,12.2
"20000","5","314910","58","0","2023","1","",13,292,280,281,2848546,2448209,10143,771,"",0.95,1.30,1.25,1.26,1.33,1.03,0.40,1.05,"",-2,-13.3,-74,-20.2,-80,-22.2,-72,-20.4,-364694,-11.3,-384319,-13.6,-10142,-50.0,84,12.2
"20000","5","31499","57","0","2023","1","",26,406,401,394,3758842,3407973,21929,722,"",1.03,1.23,1.22,1.20,1.20,1.01,0.77,0.99,"",-2,-7.1,-168,-29.3,-173,-30.1,-171,-30.3,-2067199,-35.5,-1536422,-31.1,-21378,-49.4,-63,-8.0
"20000","5","314994","58","0","2023","1","N",1,0,0,0,0,0,0,0,"N",0.78,0,0,0,0,0,0,0,"N",-1,-50.0,0,0,0,0,0,0,0,0,0,0,0,0,0,0
"20000","5","314999","58","0","2023","1","N",25,0,0,0,0,0,0,0,"N",1.05,0,0,0,0,0,0,0,"N",-1,-3.8,0,0,0,0,0,0,0,0,0,0,0,0,0,0
"20000","5","315","55","0","2023","1","",18,295,315,296,3428239,2664638,36744,873,"",0.34,0.35,0.38,0.36,0.39,0.33,0.30,1.06,"",2,12.5,13,4.6,19,6.4,-3,-1.0,643921,23.1,522534,24.4,-2048,-5.3,140,19.1
"20000","5","3152","56","0","2023","1","",15,271,291,278,3161068,2441180,32440,868,"",0.37,0.42,0.45,0.43,0.45,0.40,0.33,1.03,"",2,15.4,12,4.6,19,7.0,2,0.7,652806,26.0,521762,27.2,-1049,-3.1,151,21.1
"20000","5","31521","57","0","2023","1","",5,9,7,7,230126,95843,1759,2309,"",0.26,0.04,0.03,0.03,0.13,0.05,0.06,3.56,"N",1,25.0,0,0,0,0,0,0,0,0,0,0,0,0,0,0
"20000","5","315210","58","0","2023","1","",5,9,7,7,230126,95843,1759,2309,"",0.26,0.04,0.03,0.03,0.13,0.05,0.06,3.56,"N",1,25.0,0,0,0,0,0,0,0,0,0,0,0,0,0,0
"20000","5","31525","57","0","2023","1","",10,262,284,271,2930942,2345337,30681,828,"",0.48,0.60,0.66,0.63,0.56,0.54,0.43,0.88,"N",1,11.1,0,0,0,0,0,0,0,0,0,0,0,0,0,0
"20000","5","315250","58","0","2023","1","",10,262,284,271,2930942,2345337,30681,828,"",0.48,0.60,0.66,0.63,0.56,0.54,0.43,0.88,"N",1,11.1,0,0,0,0,0,0,0,0,0,0,0,0,0,0
"20000","5","3159","56","0","2023","1","",3,24,24,18,267171,223458,4304,934,"",0.28,0.20,0.20,0.15,0.21,0.18,0.25,1.18,"",0,0.0,1,4.3,0,0.0,-5,-21.7,-8885,-3.2,772,0.3,-999,-18.8,24,2.6
"20000","5","31599","57","0","2023","1","",3,24,24,18,267171,223458,4304,934,"",0.28,0.20,0.20,0.15,0.21,0.18,0.25,1.18,"",0,0.0,1,4.3,0,0.0,-5,-21.7,-8885,-3.2,772,0.3,-999,-18.8,24,2.6
"20000","5","315990","58","0","2023","1","",3,24,24,18,267171,223458,4304,934,"",0.28,0.20,0.20,0.15,0.21,0.18,0.25,1.18,"",0,0.0,1,4.3,0,0.0,-5,-21.7,-8885,-3.2,772,0.3,-999,-18.8,24,2.6
"20000","5","316","55","0","2023","1","",6,39,39,41,301528,253769,2932,585,"",0.49,0.16,0.16,0.17,0.10,0.09,0.10,0.64,"",1,20.0,11,39.3,9,30.0,11,36.7,105083,53.5,78850,45.1,1250,74.3,70,13.6
"20000","5","3161","56","0","2023","1","N",2,0,0,0,0,0,0,0,"N",1.23,0,0,0,0,0,0,0,"N",1,100.0,0,0,0,0,0,0,0,0,0,0,0,0,0,0
"20000","5","31611","57","0","2023","1","N",2,0,0,0,0,0,0,0,"N",1.23,0,0,0,0,0,0,0,"N",1,100.0,0,0,0,0,0,0,0,0,0,0,0,0,0,0
"20000","5","316110","58","0","2023","1","N",2,0,0,0,0,0,0,0,"N",1.23,0,0,0,0,0,0,0,"N",1,100.0,0,0,0,0,0,0,0,0,0,0,0,0,0,0
"20000","5","3169","56","0","2023","1","N",4,0,0,0,0,0,0,0,"N",0.53,0,0,0,0,0,0,0,"N",0,0.0,0,0,0,0,0,0,0,0,0,0,0,0,0,0
"20000","5","31699","57","0","2023","1","N",4,0,0,0,0,0,0,0,"N",0.53,0,0,0,0,0,0,0,"N",0,0.0,0,0,0,0,0,0,0,0,0,0,0,0,0,0
"20000","5","316990","58","0","2023","1","N",4,0,0,0,0,0,0,0,"N",0.53,0,0,0,0,0,0,0,"N",0,0.0,0,0,0,0,0,0,0,0,0,0,0,0,0,0
"20000","5","321","55","0","2023","1","",92,1875,1878,1882,23944618,18746617,292902,981,"",0.71,0.48,0.48,0.49,0.50,0.40,0.66,1.03,"",4,4.5,91,5.1,101,5.7,73,4.0,1993842,9.1,896781,5.0,-99638,-25.4,38,4.0
"20000","5","3211","56","0","2023","1","",5,30,31,31,342566,308715,2160,859,"",0.18,0.03,0.04,0.04,0.03,0.03,0.02,0.89,"",1,25.0,15,100.0,15,93.8,14,82.4,187318,120.7,153467,98.9,1023,90.0,113,15.1
"20000","5","32111","57","0","2023","1","",5,30,31,31,342566,308715,2160,859,"",0.18,0.03,0.04,0.04,0.03,0.03,0.02,0.89,"",1,25.0,15,100.0,15,93.8,14,82.4,187318,120.7,153467,98.9,1023,90.0,113,15.1
"20000","5","321113","58","0","2023","1","N",3,0,0,0,0,0,0,0,"N",0.12,0,0,0,0,0,0,0,"N",0,0.0,0,0,0,0,0,0,0,0,0,0,0,0,0,0
"20000","5","321114","58","0","2023","1","N",2,0,0,0,0,0,0,0,"N",0.56,0,0,0,0,0,0,0,"N",1,100.0,0,0,0,0,0,0,0,0,0,0,0,0,0,0
"20000","5","3212","56","0","2023","1","",17,397,388,379,5615565,3715987,46945,1113,"",1.16,0.52,0.51,0.50,0.53,0.39,0.52,1.04,"",0,0.0,93,30.6,86,28.5,63,19.9,1448891,34.8,589839,18.9,-455,-1.0,70,6.7
"20000","5","32121","57","0","2023","1","",17,397,388,379,5615565,3715987,46945,1113,"",1.16,0.52,0.51,0.50,0.53,0.39,0.52,1.04,"",0,0.0,93,30.6,86,28.5,63,19.9,1448891,34.8,589839,18.9,-455,-1.0,70,6.7
"20000","5","321215","58","0","2023","1","N",15,0,0,0,0,0,0,0,"N",1.60,0,0,0,0,0,0,0,"N",1,7.1,0,0,0,0,0,0,0,0,0,0,0,0,0,0
"20000","5","321219","58","0","2023","1","N",2,0,0,0,0,0,0,0,"N",1.21,0,0,0,0,0,0,0,"N",-1,-33.3,0,0,0,0,0,0,0,0,0,0,0,0,0,0
"20000","5","3219","56","0","2023","1","",70,1448,1459,1472,17986487,14721915,243797,948,"",0.81,0.63,0.64,0.65,0.67,0.55,0.92,1.05,"",3,4.5,-17,-1.2,0,0.0,-4,-0.3,357633,2.0,153475,1.1,-100206,-29.1,23,2.5
"20000","5","32191","57","0","2023","1","",15,326,328,338,4370189,3468088,41806,1017,"",0.53,0.33,0.34,0.35,0.35,0.28,0.39,1.02,"",0,0.0,16,5.2,17,5.5,20,6.3,326532,8.1,192865,5.9,1010,2.5,23,2.3
"20000","5","321911","58","0","2023","1","",7,249,252,262,3435938,2687147,32060,1039,"",0.72,0.46,0.47,0.49,0.44,0.36,0.56,0.93,"",0,0.0,28,12.7,29,13.0,32,13.9,426951,14.2,278625,11.6,-2836,-8.1,9,0.9
"20000","5","321912","58","0","2023","1","N",1,0,0,0,0,0,0,0,"N",0.22,0,0,0,0,0,0,0,"N",0,0.0,0,0,0,0,0,0,0,0,0,0,0,0,0,0
"20000","5","321918","58","0","2023","1","N",7,0,0,0,0,0,0,0,"N",0.50,0,0,0,0,0,0,0,"N",0,0.0,0,0,0,0,0,0,0,0,0,0,0,0,0,0
"20000","5","32192","57","0","2023","1","",28,464,460,451,5103895,4492622,52389,857,"",1.09,0.77,0.76,0.75,0.85,0.69,0.90,1.12,"",1,3.7,12,2.7,5,1.1,-14,-3.0,384818,8.2,378316,9.2,-7699,-12.8,63,7.9
"20000","5","321920","58","0","2023","1","",28,464,460,451,5103895,4492622,52389,857,"",1.09,0.77,0.76,0.75,0.85,0.69,0.90,1.12,"",1,3.7,12,2.7,5,1.1,-14,-3.0,384818,8.2,378316,9.2,-7699,-12.8,63,7.9
"20000","5","32199","57","0","2023","1","",27,658,671,683,8512403,6761205,149602,976,"",0.83,0.94,0.96,0.99,1.04,0.87,1.50,1.08,"",2,8.0,-45,-6.4,-22,-3.2,-10,-1.4,-353717,-4.0,-417706,-5.8,-93517,-38.5,-3,-0.3
"20000","5","321991","58","0","2023","1","N",4,0,0,0,0,0,0,0,"N",1.31,0,0,0,0,0,0,0,"N",0,0.0,0,0,0,0,0,0,0,0,0,0,0,0,0,0
"20000","5","321992","58","0","2023","1","N",8,0,0,0,0,0,0,0,"N",1.07,0,0,0,0,0,0,0,"N",1,14.3,0,0,0,0,0,0,0,0,0,0,0,0,0,0
"20000","5","321999","58","0","2023","1","",15,329,334,355,4427659,3469257,45248,1004,"",0.68,1.29,1.31,1.40,1.46,1.21,1.50,1.09,"",1,7.1,-8,-2.4,6,1.8,23,6.9,445971,11.2,238418,7.4,-9398,-17.2,82,8.9
"20000","5","322","55","0","2023","1","",29,1940,1951,1957,37806700,24319690,214903,1492,"",0.65,0.58,0.58,0.59,0.69,0.54,0.51,1.19,"",2,7.4,118,6.5,109,5.9,90,4.8,2741386,7.8,2210499,10.0,-54555,-20.2,29,2.0
"20000","5","3221","56","0","2023","1","N",3,0,0,0,0,0,0,0,"N",0.43,0,0,0,0,0,0,0,"N",0,0.0,0,0,0,0,0,0,0,0,0,0,0,0,0,0
"20000","5","32212","57","0","2023","1","N",2,0,0,0,0,0,0,0,"N",0.50,0,0,0,0,0,0,0,"N",0,0.0,0,0,0,0,0,0,0,0,0,0,0,0,0,0
"20000","5","322120","58","0","2023","1","N",2,0,0,0,0,0,0,0,"N",0.50,0,0,0,0,0,0,0,"N",0,0.0,0,0,0,0,0,0,0,0,0,0,0,0,0,0
"20000","5","32213","57","0","2023","1","N",1,0,0,0,0,0,0,0,"N",0.45,0,0,0,0,0,0,0,"N",0,0.0,0,0,0,0,0,0,0,0,0,0,0,0,0,0
"20000","5","322130","58","0","2023","1","N",1,0,0,0,0,0,0,0,"N",0.45,0,0,0,0,0,0,0,"N",0,0.0,0,0,0,0,0,0,0,0,0,0,0,0,0,0
"20000","5","3222","56","0","2023","1","N",26,0,0,0,0,0,0,0,"N",0.69,0,0,0,0,0,0,0,"N",2,8.3,0,0,0,0,0,0,0,0,0,0,0,0,0,0
"20000","5","32221","57","0","2023","1","",14,1242,1261,1272,28244358,16459864,130781,1727,"",0.72,0.84,0.85,0.87,1.25,0.88,0.64,1.47,"",1,7.7,80,6.9,90,7.7,91,7.7,1714539,6.5,1615025,10.9,-33269,-20.3,-15,-0.9
"20000","5","322211","58","0","2023","1","",7,621,634,649,11700284,8088681,55685,1418,"",0.54,0.64,0.66,0.68,0.77,0.65,0.42,1.17,"N",1,16.7,0,0,0,0,0,0,0,0,0,0,0,0,0,0
"20000","5","322212","58","0","2023","1","N",1,0,0,0,0,0,0,0,"N",0.31,0,0,0,0,0,0,0,"N",0,0.0,0,0,0,0,0,0,0,0,0,0,0,0,0,0
"20000","5","322219","58","0","2023","1","N",6,0,0,0,0,0,0,0,"N",1.86,0,0,0,0,0,0,0,"N",0,0.0,0,0,0,0,0,0,0,0,0,0,0,0,0,0
"20000","5","32222","57","0","2023","1","",6,360,360,352,4628781,3959337,50766,996,"",0.70,0.70,0.70,0.69,0.62,0.58,0.76,0.88,"N",1,20.0,0,0,0,0,0,0,0,0,0,0,0,0,0,0
"20000","5","322220","58","0","2023","1","",6,360,360,352,4628781,3959337,50766,996,"",0.70,0.70,0.70,0.69,0.62,0.58,0.76,0.88,"N",1,20.0,0,0,0,0,0,0,0,0,0,0,0,0,0,0
"20000","5","32223","57","0","2023","1","",4,212,206,211,2636235,2222878,20376,967,"",1.21,1.62,1.58,1.63,1.50,1.37,1.10,0.93,"",0,0.0,20,10.4,11,5.6,14,7.1,697250,36.0,388549,21.2,-6479,-24.1,201,26.2
"20000","5","322230","58","0","2023","1","",4,212,206,211,2636235,2222878,20376,967,"",1.21,1.62,1.58,1.63,1.50,1.37,1.10,0.93,"",0,0.0,20,10.4,11,5.6,14,7.1,697250,36.0,388549,21.2,-6479,-24.1,201,26.2
"20000","5","32229","57","0","2023","1","N",2,0,0,0,0,0,0,0,"N",0.31,0,0,0,0,0,0,0,"N",0,0.0,0,0,0,0,0,0,0,0,0,0,0,0,0,0
"20000","5","322299","58","0","2023","1","N",2,0,0,0,0,0,0,0,"N",0.45,0,0,0,0,0,0,0,"N",0,0.0,0,0,0,0,0,0,0,0,0,0,0,0,0,0
"20000","5","323","55","0","2023","1","",311,7054,7033,7035,92219154,72683683,621461,1008,"",1.36,2.02,2.02,2.03,2.27,1.80,1.42,1.12,"",-6,-1.9,257,3.8,183,2.7,177,2.6,9870401,12.0,5716232,8.5,-279355,-31.0,81,8.7
"20000","5","3231","56","0","2023","1","",311,7054,7033,7035,92219154,72683683,621461,1008,"",1.36,2.02,2.02,2.03,2.27,1.80,1.42,1.12,"",-6,-1.9,257,3.8,183,2.7,177,2.6,9870401,12.0,5716232,8.5,-279355,-31.0,81,8.7
"20000","5","32311","57","0","2023","1","N",303,0,0,0,0,0,0,0,"N",1.39,0,0,0,0,0,0,0,"N",-6,-1.9,0,0,0,0,0,0,0,0,0,0,0,0,0,0
"20000","5","323111","58","0","2023","1","",194,3746,3739,3748,50169087,38528102,339500,1031,"",1.28,1.51,1.52,1.53,1.62,1.29,1.03,1.06,"",-4,-2.0,142,3.9,102,2.8,103,2.8,6658985,15.3,3496883,10.0,-123853,-26.7,109,11.8
"20000","5","323113","58","0","2023","1","",100,2009,1970,1975,22814583,18968253,144379,884,"",1.62,2.79,2.75,2.75,3.77,2.70,2.10,1.37,"",-2,-2.0,39,2.0,-21,-1.1,-20,-1.0,1312494,6.1,706437,3.9,-72369,-33.4,51,6.1
"20000","5","323117","58","0","2023","1","N",9,0,0,0,0,0,0,0,"N",2.13,0,0,0,0,0,0,0,"N",0,0.0,0,0,0,0,0,0,0,0,0,0,0,0,0,0
"20000","5","32312","57","0","2023","1","N",8,0,0,0,0,0,0,0,"N",0.75,0,0,0,0,0,0,0,"N",0,0.0,0,0,0,0,0,0,0,0,0,0,0,0,0,0
"20000","5","323120","58","0","2023","1","N",8,0,0,0,0,0,0,0,"N",0.75,0,0,0,0,0,0,0,"N",0,0.0,0,0,0,0,0,0,0,0,0,0,0,0,0,0
"20000","5","324","55","0","2023","1","",39,2488,2515,2527,76829319,33630473,331587,2355,"",1.93,2.59,2.61,2.60,2.32,2.22,2.04,0.89,"",1,2.6,124,5.2,159,6.7,150,6.3,16530407,27.4,2986732,9.7,-113819,-25.6,394,20.1
"20000","5","3241","56","0","2023","1","",39,2488,2515,2527,76829319,33630473,331587,2355,"",1.93,2.59,2.61,2.60,2.32,2.22,2.04,0.89,"",1,2.6,124,5.2,159,6.7,150,6.3,16530407,27.4,2986732,9.7,-113819,-25.6,394,20.1
"20000","5","32411","57","0","2023","1","",12,1456,1457,1458,55384278,21113371,152683,2924,"",2.27,2.57,2.56,2.56,2.18,2.14,2.27,0.85,"",0,0.0,12,0.8,32,2.2,39,2.7,11109116,25.1,477213,2.3,-110412,-42.0,541,22.7
"20000","5","324110","58","0","2023","1","",12,1456,1457,1458,55384278,21113371,152683,2924,"",2.27,2.57,2.56,2.56,2.18,2.14,2.27,0.85,"",0,0.0,12,0.8,32,2.2,39,2.7,11109116,25.1,477213,2.3,-110412,-42.0,541,22.7
"20000","5","32412","57","0","2023","1","",19,336,345,357,8399455,3669687,80073,1867,"",1.83,1.36,1.39,1.39,1.75,1.05,1.09,1.27,"",1,5.6,35,11.6,36,11.7,27,8.2,2806303,50.2,1108114,43.3,8175,11.4,494,36.0
"20000","5","324121","58","0","2023","1","N",13,0,0,0,0,0,0,0,"N",1.64,0,0,0,0,0,0,0,"N",0,0.0,0,0,0,0,0,0,0,0,0,0,0,0,0,0
"20000","5","324122","58","0","2023","1","N",6,0,0,0,0,0,0,0,"N",2.42,0,0,0,0,0,0,0,"N",1,20.0,0,0,0,0,0,0,0,0,0,0,0,0,0,0
"20000","5","32419","57","0","2023","1","",8,696,713,712,13045586,8847415,98831,1419,"",1.78,4.78,4.88,4.89,4.38,4.97,4.64,0.90,"",0,0.0,77,12.4,91,14.6,84,13.4,2614988,25.1,1401405,18.8,-11582,-10.5,131,10.2
"20000","5","324191","58","0","2023","1","",8,696,713,712,13045586,8847415,98831,1419,"",2.38,6.83,6.97,6.99,6.26,6.61,6.32,0.90,"",0,0.0,77,12.4,91,14.6,84,13.4,2614988,25.1,1401405,18.8,-11582,-10.5,131,10.2
"20000","5","325","55","0","2023","1","",212,9213,9170,9175,239486743,117855067,1355197,2005,"",1.09,1.11,1.10,1.10,1.06,0.99,1.19,0.96,"",34,19.1,600,7.0,609,7.1,567,6.6,29791755,14.2,10708825,10.0,-144102,-9.6,128,6.8
"20000","5","3251","56","0","2023","1","",53,2044,2043,2038,54321003,27656113,215395,2047,"",1.73,1.44,1.44,1.43,1.39,1.42,1.30,0.97,"",2,3.9,85,4.3,87,4.4,59,3.0,3912909,7.8,1335012,5.1,-107317,-33.3,73,3.7
"20000","5","32511","57","0","2023","1","N",1,0,0,0,0,0,0,0,"N",0.57,0,0,0,0,0,0,0,"N",0,0.0,0,0,0,0,0,0,0,0,0,0,0,0,0,0
"20000","5","325110","58","0","2023","1","N",1,0,0,0,0,0,0,0,"N",0.57,0,0,0,0,0,0,0,"N",0,0.0,0,0,0,0,0,0,0,0,0,0,0,0,0,0
"20000","5","32512","57","0","2023","1","",8,75,73,74,1921948,1055940,2559,1998,"",1.17,0.40,0.39,0.39,0.32,0.40,0.10,0.81,"N",0,0.0,0,0,0,0,0,0,0,0,0,0,0,0,0,0
"20000","5","325120","58","0","2023","1","",8,75,73,74,1921948,1055940,2559,1998,"",1.17,0.40,0.39,0.39,0.32,0.40,0.10,0.81,"N",0,0.0,0,0,0,0,0,0,0,0,0,0,0,0,0,0
"20000","5","32513","57","0","2023","1","N",3,0,0,0,0,0,0,0,"N",1.32,0,0,0,0,0,0,0,"N",-1,-25.0,0,0,0,0,0,0,0,0,0,0,0,0,0,0
"20000","5","325130","58","0","2023","1","N",3,0,0,0,0,0,0,0,"N",1.32,0,0,0,0,0,0,0,"N",-1,-25.0,0,0,0,0,0,0,0,0,0,0,0,0,0,0
"20000","5","32518","57","0","2023","1","",9,678,681,679,19694293,9488167,57937,2230,"",1.12,1.80,1.81,1.80,1.97,1.81,1.39,1.09,"",1,12.5,14,2.1,17,2.6,14,2.1,954783,5.1,83933,0.9,-62803,-52.0,60,2.8
"20000","5","325180","58","0","2023","1","",9,678,681,679,19694293,9488167,57937,2230,"",1.12,1.80,1.81,1.80,1.97,1.81,1.39,1.09,"",1,12.5,14,2.1,17,2.6,14,2.1,954783,5.1,83933,0.9,-62803,-52.0,60,2.8
"20000","5","32519","57","0","2023","1","",32,1168,1168,1161,30371092,15601249,141502,2004,"",2.71,2.24,2.24,2.22,2.47,2.04,2.21,1.11,"",2,6.7,81,7.5,87,8.0,60,5.4,2643156,9.5,1237446,8.6,-31811,-18.4,47,2.4
"20000","5","325193","58","0","2023","1","",12,430,428,425,12110942,5726006,39488,2178,"",6.38,4.59,4.58,4.56,5.83,3.58,3.58,1.27,"",-1,-7.7,-7,-1.6,-6,-1.4,-3,-0.7,-891100,-6.9,65056,1.1,-9524,-19.4,-132,-5.7
"20000","5","325199","58","0","2023","1","",20,738,740,736,18260150,9875243,102014,1903,"",2.20,1.88,1.89,1.87,1.91,1.76,2.10,1.02,"",3,17.6,88,13.5,93,14.4,63,9.4,3534256,24.0,1172390,13.5,-22287,-17.9,178,10.3
"20000","5","3252","56","0","2023","1","",5,389,382,387,6997914,4864674,47729,1395,"",0.32,0.43,0.42,0.43,0.34,0.43,0.52,0.78,"",-1,-16.7,112,40.4,105,37.9,114,41.8,1532860,28.0,1208435,33.1,11531,31.9,-130,-8.5
"20000","5","32521","57","0","2023","1","N",3,0,0,0,0,0,0,0,"N",0.22,0,0,0,0,0,0,0,"N",-2,-40.0,0,0,0,0,0,0,0,0,0,0,0,0,0,0
"20000","5","325211","58","0","2023","1","N",3,0,0,0,0,0,0,0,"N",0.25,0,0,0,0,0,0,0,"N",-2,-40.0,0,0,0,0,0,0,0,0,0,0,0,0,0,0
"20000","5","32522","57","0","2023","1","N",2,0,0,0,0,0,0,0,"N",1.05,0,0,0,0,0,0,0,"N",1,100.0,0,0,0,0,0,0,0,0,0,0,0,0,0,0
"20000","5","325220","58","0","2023","1","N",2,0,0,0,0,0,0,0,"N",1.05,0,0,0,0,0,0,0,"N",1,100.0,0,0,0,0,0,0,0,0,0,0,0,0,0,0
"20000","5","3253","56","0","2023","1","",22,435,436,439,12428143,5362080,50119,2189,"",1.80,1.23,1.24,1.24,1.59,1.06,1.35,1.29,"",5,29.4,52,13.6,55,14.4,60,15.8,1495545,13.7,789036,17.3,-10884,-17.8,-18,-0.8
"20000","5","32531","57","0","2023","1","",14,331,334,336,10739955,4421765,34194,2476,"",1.66,1.55,1.56,1.56,2.36,1.42,1.41,1.52,"N",3,27.3,0,0,0,0,0,0,0,0,0,0,0,0,0,0
"20000","5","325311","58","0","2023","1","",6,253,255,256,9371107,3487533,27512,2831,"",2.20,3.06,3.07,3.10,4.63,2.53,2.32,1.50,"",1,20.0,11,4.5,16,6.7,18,7.6,771165,9.0,158182,4.8,-11717,-29.9,71,2.6
"20000","5","325312","58","0","2023","1","N",1,0,0,0,0,0,0,0,"N",1.67,0,0,0,0,0,0,0,"N",0,0.0,0,0,0,0,0,0,0,0,0,0,0,0,0,0
"20000","5","325314","58","0","2023","1","N",7,0,0,0,0,0,0,0,"N",1.60,0,0,0,0,0,0,0,"N",3,75.0,0,0,0,0,0,0,0,0,0,0,0,0,0,0
"20000","5","32532","57","0","2023","1","",8,104,102,103,1688188,940315,15925,1261,"",2.12,0.75,0.74,0.74,0.52,0.48,1.24,0.70,"N",2,33.3,0,0,0,0,0,0,0,0,0,0,0,0,0,0
"20000","5","325320","58","0","2023","1","",8,104,102,103,1688188,940315,15925,1261,"",2.12,0.75,0.74,0.74,0.52,0.48,1.24,0.70,"N",2,33.3,0,0,0,0,0,0,0,0,0,0,0,0,0,0
"20000","5","3254","56","0","2023","1","",68,4278,4257,4267,107287372,56009537,825267,1934,"",1.18,1.34,1.33,1.33,0.93,1.10,1.64,0.70,"",19,38.8,532,14.2,539,14.5,519,13.8,20259788,23.3,8963146,19.1,32094,4.0,143,8.0
"20000","5","32541","57","0","2023","1","",68,4278,4257,4267,107287372,56009537,825267,1934,"",1.18,1.34,1.33,1.33,0.93,1.10,1.64,0.70,"",19,38.8,532,14.2,539,14.5,519,13.8,20259788,23.3,8963146,19.1,32094,4.0,143,8.0
"20000","5","325411","58","0","2023","1","N",8,0,0,0,0,0,0,0,"N",0.70,0,0,0,0,0,0,0,"N",4,100.0,0,0,0,0,0,0,0,0,0,0,0,0,0,0
"20000","5","325412","58","0","2023","1","",37,2773,2766,2770,71584210,37160937,559422,1988,"",1.00,1.32,1.31,1.31,0.88,1.10,1.66,0.67,"",12,48.0,502,22.1,516,22.9,475,20.7,16806252,30.7,8490357,29.6,34565,6.6,133,7.2
"20000","5","325413","58","0","2023","1","N",5,0,0,0,0,0,0,0,"N",1.38,0,0,0,0,0,0,0,"N",2,66.7,0,0,0,0,0,0,0,0,0,0,0,0,0,0
"20000","5","325414","58","0","2023","1","",18,809,819,831,22585508,10725690,111172,2120,"",3.12,1.94,1.96,1.99,1.88,1.56,1.91,0.96,"",1,5.9,68,9.2,76,10.2,95,12.9,3391643,17.7,1062688,11.0,-36876,-24.9,125,6.3
"20000","5","3255","56","0","2023","1","",15,51,51,51,907785,575826,5720,1369,"",0.76,0.08,0.08,0.08,0.08,0.07,0.07,0.98,"",2,15.4,-171,-77.0,-174,-77.3,-172,-77.1,-3155099,-77.7,-2237771,-79.5,-33667,-85.5,-30,-2.1
"20000","5","32551","57","0","2023","1","N",13,0,0,0,0,0,0,0,"N",0.93,0,0,0,0,0,0,0,"N",3,30.0,0,0,0,0,0,0,0,0,0,0,0,0,0,0
"20000","5","325510","58","0","2023","1","N",13,0,0,0,0,0,0,0,"N",0.93,0,0,0,0,0,0,0,"N",3,30.0,0,0,0,0,0,0,0,0,0,0,0,0,0,0
"20000","5","32552","57","0","2023","1","N",2,0,0,0,0,0,0,0,"N",0.34,0,0,0,0,0,0,0,"N",-1,-33.3,0,0,0,0,0,0,0,0,0,0,0,0,0,0
"20000","5","325520","58","0","2023","1","N",2,0,0,0,0,0,0,0,"N",0.34,0,0,0,0,0,0,0,"N",-1,-33.3,0,0,0,0,0,0,0,0,0,0,0,0,0,0
"20000","5","3256","56","0","2023","1","",15,618,614,609,10818407,6875092,71639,1356,"",0.48,0.57,0.57,0.57,0.61,0.49,0.45,1.06,"",2,15.4,-51,-7.6,-37,-5.7,-39,-6.0,472978,4.6,-243002,-3.4,-6967,-8.9,143,11.8
"20000","5","32561","57","0","2023","1","N",14,0,0,0,0,0,0,0,"N",0.83,0,0,0,0,0,0,0,"N",2,16.7,0,0,0,0,0,0,0,0,0,0,0,0,0,0
"20000","5","325611","58","0","2023","1","N",7,0,0,0,0,0,0,0,"N",0.77,0,0,0,0,0,0,0,"N",1,16.7,0,0,0,0,0,0,0,0,0,0,0,0,0,0
"20000","5","325612","58","0","2023","1","",7,267,272,271,3894589,2759768,38793,1110,"",1.04,1.16,1.19,1.18,1.08,0.90,1.24,0.91,"N",1,16.7,0,0,0,0,0,0,0,0,0,0,0,0,0,0
"20000","5","32562","57","0","2023","1","N",1,0,0,0,0,0,0,0,"N",0.07,0,0,0,0,0,0,0,"N",0,0.0,0,0,0,0,0,0,0,0,0,0,0,0,0,0
"20000","5","325620","58","0","2023","1","N",1,0,0,0,0,0,0,0,"N",0.07,0,0,0,0,0,0,0,"N",0,0.0,0,0,0,0,0,0,0,0,0,0,0,0,0,0
"20000","5","3259","56","0","2023","1","",34,1398,1387,1384,46726119,16511745,139328,2586,"",1.25,1.85,1.84,1.84,3.47,1.71,1.36,1.88,"",5,17.2,41,3.0,34,2.5,26,1.9,5272774,12.7,893969,5.7,-28892,-17.2,234,9.9
"20000","5","32591","57","0","2023","1","N",4,0,0,0,0,0,0,0,"N",1.12,0,0,0,0,0,0,0,"N",0,0.0,0,0,0,0,0,0,0,0,0,0,0,0,0,0
"20000","5","325910","58","0","2023","1","N",4,0,0,0,0,0,0,0,"N",1.12,0,0,0,0,0,0,0,"N",0,0.0,0,0,0,0,0,0,0,0,0,0,0,0,0,0
"20000","5","32592","57","0","2023","1","N",2,0,0,0,0,0,0,0,"N",2.33,0,0,0,0,0,0,0,"N",1,100.0,0,0,0,0,0,0,0,0,0,0,0,0,0,0
"20000","5","325920","58","0","2023","1","N",2,0,0,0,0,0,0,0,"N",2.33,0,0,0,0,0,0,0,"N",1,100.0,0,0,0,0,0,0,0,0,0,0,0,0,0,0
"20000","5","32599","57","0","2023","1","",28,852,842,846,36303488,10610645,110619,3298,"",1.23,1.38,1.36,1.37,3.26,1.32,1.29,2.38,"",4,16.7,35,4.3,19,2.3,21,2.5,4756140,15.1,579225,5.8,-11561,-9.5,345,11.7
"20000","5","325991","58","0","2023","1","N",1,0,0,0,0,0,0,0,"N",0.27,0,0,0,0,0,0,0,"N",0,0.0,0,0,0,0,0,0,0,0,0,0,0,0,0,0
"20000","5","325992","58","0","2023","1","N",3,0,0,0,0,0,0,0,"N",1.73,0,0,0,0,0,0,0,"N",0,0.0,0,0,0,0,0,0,0,0,0,0,0,0,0,0
"20000","5","325998","58","0","2023","1","",24,791,785,789,35480872,9950247,95568,3462,"",1.38,2.00,1.98,2.00,4.50,1.93,1.72,2.26,"",4,20.0,21,2.7,7,0.9,10,1.3,4541509,14.7,406644,4.3,-11818,-11.0,394,12.8
"20000","5","326","55","0","2023","1","",132,11253,11308,11162,174251525,129675843,1206251,1192,"",1.15,1.63,1.64,1.63,1.92,1.52,1.36,1.17,"",3,2.3,861,8.3,799,7.6,467,4.4,25793714,17.4,13438606,11.6,-368149,-23.4,108,10.0
"20000","5","3261","56","0","2023","1","",110,8044,8082,7954,117500521,88930699,868544,1126,"",1.13,1.43,1.44,1.42,1.59,1.29,1.16,1.12,"",3,2.8,658,8.9,640,8.6,382,5.0,17839904,17.9,10102630,12.8,-221269,-20.3,99,9.6
"20000","5","32611","57","0","2023","1","",12,1022,1026,1008,17062858,11637655,95550,1288,"",0.90,1.09,1.09,1.07,1.30,0.96,0.81,1.19,"",2,20.0,76,8.0,71,7.4,29,3.0,2856187,20.1,1081808,10.2,-18570,-16.3,150,13.2
"20000","5","326111","58","0","2023","1","N",5,0,0,0,0,0,0,0,"N",1.18,0,0,0,0,0,0,0,"N",2,66.7,0,0,0,0,0,0,0,0,0,0,0,0,0,0
"20000","5","326112","58","0","2023","1","N",4,0,0,0,0,0,0,0,"N",0.87,0,0,0,0,0,0,0,"N",0,0.0,0,0,0,0,0,0,0,0,0,0,0,0,0,0
"20000","5","326113","58","0","2023","1","N",3,0,0,0,0,0,0,0,"N",0.66,0,0,0,0,0,0,0,"N",0,0.0,0,0,0,0,0,0,0,0,0,0,0,0,0,0
"20000","5","32612","57","0","2023","1","",15,1029,1045,1043,15327251,11986997,109401,1135,"",1.68,2.03,2.06,2.06,1.98,1.82,1.53,0.97,"",1,7.1,103,11.1,116,12.5,65,6.6,2559958,20.1,1391939,13.1,-30587,-21.8,95,9.1
"20000","5","326121","58","0","2023","1","",4,62,61,60,705059,599312,10162,889,"",1.03,0.30,0.29,0.29,0.24,0.21,0.31,0.82,"",1,33.3,-23,-27.1,-20,-24.7,-20,-25.0,-195128,-21.7,-175782,-22.7,-10110,-49.9,45,5.3
"20000","5","326122","58","0","2023","1","",11,967,984,983,14622192,11387685,99239,1150,"",2.18,3.25,3.30,3.30,3.05,3.06,2.57,0.93,"",0,0.0,126,15.0,136,16.0,85,9.5,2755086,23.2,1567721,16.0,-20477,-17.1,91,8.6
"20000","5","32613","57","0","2023","1","",7,741,749,749,11118833,7846109,109603,1146,"",1.97,3.91,3.96,3.99,4.42,3.36,4.49,1.12,"",0,0.0,40,5.7,43,6.1,55,7.9,1041173,10.3,998359,14.6,-34472,-23.9,39,3.5
"20000","5","326130","58","0","2023","1","",7,741,749,749,11118833,7846109,109603,1146,"",1.97,3.91,3.96,3.99,4.42,3.36,4.49,1.12,"",0,0.0,40,5.7,43,6.1,55,7.9,1041173,10.3,998359,14.6,-34472,-23.9,39,3.5
"20000","5","32614","57","0","2023","1","",3,19,22,21,426420,218191,3046,1587,"",0.65,0.07,0.08,0.08,0.12,0.07,0.08,1.56,"N",1,50.0,0,0,0,0,0,0,0,0,0,0,0,0,0,0
"20000","5","326140","58","0","2023","1","",3,19,22,21,426420,218191,3046,1587,"",0.65,0.07,0.08,0.08,0.12,0.07,0.08,1.56,"N",1,50.0,0,0,0,0,0,0,0,0,0,0,0,0,0,0
"20000","5","32615","57","0","2023","1","",9,650,650,602,11045644,7692893,93787,1340,"",1.23,1.82,1.82,1.70,2.51,1.87,2.22,1.41,"N",1,12.5,0,0,0,0,0,0,0,0,0,0,0,0,0,0
"20000","5","326150","58","0","2023","1","",9,650,650,602,11045644,7692893,93787,1340,"",1.23,1.82,1.82,1.70,2.51,1.87,2.22,1.41,"N",1,12.5,0,0,0,0,0,0,0,0,0,0,0,0,0,0
"20000","5","32616","57","0","2023","1","",7,263,257,258,4371388,2867862,40949,1297,"",1.53,0.81,0.79,0.80,1.02,0.77,0.96,1.27,"",0,0.0,-22,-7.7,-42,-14.0,-69,-21.1,500900,12.9,-309648,-9.7,-7981,-16.3,317,32.3
"20000","5","326160","58","0","2023","1","",7,263,257,258,4371388,2867862,40949,1297,"",1.53,0.81,0.79,0.80,1.02,0.77,0.96,1.27,"",0,0.0,-22,-7.7,-42,-14.0,-69,-21.1,500900,12.9,-309648,-9.7,-7981,-16.3,317,32.3
"20000","5","32619","57","0","2023","1","",57,4320,4333,4273,58148127,46680992,416208,1038,"",1.04,1.42,1.43,1.41,1.53,1.27,1.02,1.08,"",-2,-3.4,20,0.5,11,0.3,-95,-2.2,2829949,5.1,1433311,3.2,-173930,-29.5,55,5.6
"20000","5","326191","58","0","2023","1","N",3,0,0,0,0,0,0,0,"N",1.03,0,0,0,0,0,0,0,"N",0,0.0,0,0,0,0,0,0,0,0,0,0,0,0,0,0
"20000","5","326199","58","0","2023","1","N",54,0,0,0,0,0,0,0,"N",1.04,0,0,0,0,0,0,0,"N",-2,-3.6,0,0,0,0,0,0,0,0,0,0,0,0,0,0
"20000","5","3262","56","0","2023","1","",22,3209,3226,3208,56751004,40745144,337707,1358,"",1.27,2.55,2.57,2.56,3.29,2.52,2.44,1.28,"",0,0.0,203,6.8,159,5.2,85,2.7,7953810,16.3,3335976,8.9,-146880,-30.3,133,10.9
"20000","5","32621","57","0","2023","1","N",2,0,0,0,0,0,0,0,"N",0.50,0,0,0,0,0,0,0,"N",-1,-33.3,0,0,0,0,0,0,0,0,0,0,0,0,0,0
"20000","5","326211","58","0","2023","1","N",2,0,0,0,0,0,0,0,"N",1.34,0,0,0,0,0,0,0,"N",-1,-33.3,0,0,0,0,0,0,0,0,0,0,0,0,0,0
"20000","5","32622","57","0","2023","1","",12,1036,1019,1006,13225489,10911688,80731,997,"",3.12,4.75,4.68,4.65,4.31,4.24,3.14,0.92,"",-1,-7.7,65,6.7,25,2.5,-24,-2.3,427415,3.3,400847,3.8,-40227,-33.3,11,1.1
"20000","5","326220","58","0","2023","1","",12,1036,1019,1006,13225489,10911688,80731,997,"",3.12,4.75,4.68,4.65,4.31,4.24,3.14,0.92,"",-1,-7.7,65,6.7,25,2.5,-24,-2.3,427415,3.3,400847,3.8,-40227,-33.3,11,1.1
"20000","5","32629","57","0","2023","1","N",8,0,0,0,0,0,0,0,"N",0.84,0,0,0,0,0,0,0,"N",2,33.3,0,0,0,0,0,0,0,0,0,0,0,0,0,0
"20000","5","326299","58","0","2023","1","N",8,0,0,0,0,0,0,0,"N",1.40,0,0,0,0,0,0,0,"N",2,33.3,0,0,0,0,0,0,0,0,0,0,0,0,0,0
"20000","5","327","55","0","2023","1","",208,5014,4982,5016,86719266,60769219,1012115,1333,"",1.47,1.31,1.30,1.31,1.60,1.25,1.53,1.23,"",-2,-1.0,98,2.0,16,0.3,21,0.4,9122361,11.8,4179193,7.4,-258538,-20.3,129,10.7
"20000","5","3271","56","0","2023","1","",9,219,215,211,2329819,2175003,19711,834,"",0.76,0.65,0.64,0.63,0.51,0.57,0.36,0.80,"",1,12.5,-10,-4.4,-12,-5.3,-8,-3.7,13370,0.6,2293,0.1,-10986,-35.8,42,5.3
"20000","5","32711","57","0","2023","1","N",3,0,0,0,0,0,0,0,"N",0.47,0,0,0,0,0,0,0,"N",1,50.0,0,0,0,0,0,0,0,0,0,0,0,0,0,0
"20000","5","327110","58","0","2023","1","N",3,0,0,0,0,0,0,0,"N",0.47,0,0,0,0,0,0,0,"N",1,50.0,0,0,0,0,0,0,0,0,0,0,0,0,0,0
"20000","5","32712","57","0","2023","1","N",6,0,0,0,0,0,0,0,"N",1.11,0,0,0,0,0,0,0,"N",0,0.0,0,0,0,0,0,0,0,0,0,0,0,0,0,0
"20000","5","327120","58","0","2023","1","N",6,0,0,0,0,0,0,0,"N",1.11,0,0,0,0,0,0,0,"N",0,0.0,0,0,0,0,0,0,0,0,0,0,0,0,0,0
"20000","5","3272","56","0","2023","1","",12,537,539,540,8868437,6467754,58054,1266,"",0.73,0.70,0.70,0.71,0.83,0.63,0.52,1.18,"",2,20.0,41,8.3,30,5.9,27,5.3,1847782,26.3,709334,12.3,-1545,-2.6,199,18.7
"20000","5","32721","57","0","2023","1","",12,537,539,540,8868437,6467754,58054,1266,"",0.73,0.70,0.70,0.71,0.83,0.63,0.52,1.18,"",2,20.0,41,8.3,30,5.9,27,5.3,1847782,26.3,709334,12.3,-1545,-2.6,199,18.7
"20000","5","327211","58","0","2023","1","N",2,0,0,0,0,0,0,0,"N",1.33,0,0,0,0,0,0,0,"N",0,0.0,0,0,0,0,0,0,0,0,0,0,0,0,0,0
"20000","5","327212","58","0","2023","1","N",3,0,0,0,0,0,0,0,"N",0.84,0,0,0,0,0,0,0,"N",0,0.0,0,0,0,0,0,0,0,0,0,0,0,0,0,0
"20000","5","327215","58","0","2023","1","",7,118,116,120,1681546,1371979,11396,1096,"",0.69,0.28,0.27,0.28,0.31,0.26,0.20,1.13,"",2,40.0,-15,-11.3,-15,-11.5,-9,-7.0,165906,10.9,73193,5.6,-8525,-42.8,206,23.1
"20000","5","3273","56","0","2023","1","",150,2707,2677,2729,43452896,31903729,524835,1236,"",1.99,1.48,1.47,1.48,1.72,1.39,1.40,1.16,"",-2,-1.3,33,1.2,-18,-0.7,4,0.1,4899865,12.7,2519155,8.6,-140774,-21.1,137,12.5
"20000","5","32731","57","0","2023","1","",5,347,341,339,8764108,4664192,29584,1969,"",1.48,2.58,2.53,2.50,3.26,2.44,1.29,1.29,"",0,0.0,22,6.8,8,2.4,1,0.3,1925050,28.1,229111,5.2,-8722,-22.8,384,24.2
"20000","5","327310","58","0","2023","1","",5,347,341,339,8764108,4664192,29584,1969,"",1.48,2.58,2.53,2.50,3.26,2.44,1.29,1.29,"",0,0.0,22,6.8,8,2.4,1,0.3,1925050,28.1,229111,5.2,-8722,-22.8,384,24.2
"20000","5","32732","57","0","2023","1","",103,1494,1482,1511,21236394,17320796,389392,1092,"",2.24,1.65,1.64,1.64,1.73,1.52,1.75,1.05,"",-1,-1.0,59,4.1,46,3.2,54,3.7,2123085,11.1,2178328,14.4,-92089,-19.1,73,7.2
"20000","5","327320","58","0","2023","1","",103,1494,1482,1511,21236394,17320796,389392,1092,"",2.24,1.65,1.64,1.64,1.73,1.52,1.75,1.05,"",-1,-1.0,59,4.1,46,3.2,54,3.7,2123085,11.1,2178328,14.4,-92089,-19.1,73,7.2
"20000","5","32733","57","0","2023","1","",11,293,301,301,5292634,3774692,49055,1365,"",1.24,1.13,1.16,1.15,1.49,1.17,1.04,1.30,"",1,10.0,0,0.0,9,3.1,7,2.4,474903,9.9,239372,6.8,-10715,-17.9,100,7.9
"20000","5","327331","58","0","2023","1","",8,128,130,128,2259275,1599904,18871,1351,"",1.17,0.74,0.75,0.74,0.96,0.74,0.62,1.29,"",1,14.3,10,8.5,11,9.2,9,7.6,389964,20.9,130955,8.9,-1996,-9.6,139,11.5
"20000","5","327332","58","0","2023","1","",3,165,171,173,3033359,2174788,30184,1375,"",1.47,1.92,1.96,1.97,2.53,2.02,1.80,1.30,"",0,0.0,-10,-5.7,-2,-1.2,-2,-1.1,84939,2.9,108417,5.2,-8719,-22.4,74,5.7
"20000","5","32739","57","0","2023","1","",31,573,553,578,8159760,6144049,56804,1105,"",1.84,1.09,1.05,1.10,1.20,0.96,0.69,1.11,"",-2,-6.1,-48,-7.7,-81,-12.8,-58,-9.1,376827,4.8,-127656,-2.0,-29248,-34.0,155,16.3
"20000","5","327390","58","0","2023","1","",31,573,553,578,8159760,6144049,56804,1105,"",1.84,1.09,1.05,1.10,1.20,0.96,0.69,1.11,"",-2,-6.1,-48,-7.7,-81,-12.8,-58,-9.1,376827,4.8,-127656,-2.0,-29248,-34.0,155,16.3
"20000","5","3274","56","0","2023","1","",6,287,284,285,5618418,3800717,22023,1515,"",1.98,1.97,1.95,1.95,2.08,1.80,1.29,1.06,"",-1,-14.3,-5,-1.7,-9,-3.1,-7,-2.4,340602,6.5,25730,0.7,-11839,-35.0,126,9.1
"20000","5","32742","57","0","2023","1","",6,287,284,285,5618418,3800717,22023,1515,"",2.66,2.65,2.63,2.63,2.81,2.38,1.68,1.07,"",-1,-14.3,-5,-1.7,-9,-3.1,-7,-2.4,340602,6.5,25730,0.7,-11839,-35.0,126,9.1
"20000","5","327420","58","0","2023","1","",6,287,284,285,5618418,3800717,22023,1515,"",2.66,2.65,2.63,2.63,2.81,2.38,1.68,1.07,"",-1,-14.3,-5,-1.7,-9,-3.1,-7,-2.4,340602,6.5,25730,0.7,-11839,-35.0,126,9.1
"20000","5","3279","56","0","2023","1","",31,1264,1267,1251,26449696,16422016,387492,1614,"",0.88,1.68,1.69,1.67,2.45,1.77,3.79,1.46,"",-2,-6.1,39,3.2,25,2.0,5,0.4,2020742,8.3,922681,6.0,-93394,-19.4,96,6.3
"20000","5","32791","57","0","2023","1","",4,32,31,32,391701,342564,4529,952,"",1.25,0.34,0.33,0.35,0.31,0.29,0.34,0.90,"",0,0.0,2,6.7,2,6.9,-1,-3.0,61965,18.8,38791,12.8,-2676,-37.1,125,15.1
"20000","5","327910","58","0","2023","1","",4,32,31,32,391701,342564,4529,952,"",1.25,0.34,0.33,0.35,0.31,0.29,0.34,0.90,"",0,0.0,2,6.7,2,6.9,-1,-3.0,61965,18.8,38791,12.8,-2676,-37.1,125,15.1
"20000","5","32799","57","0","2023","1","",27,1232,1236,1219,26057995,16079452,382963,1631,"",0.85,1.87,1.88,1.86,2.74,1.98,4.31,1.46,"",-2,-6.9,37,3.1,23,1.9,6,0.5,1958777,8.1,883890,5.8,-90718,-19.2,95,6.2
"20000","5","327991","58","0","2023","1","",23,404,401,400,4814853,4370717,61324,922,"",0.97,1.22,1.21,1.22,1.37,1.10,1.54,1.12,"",-2,-8.0,-9,-2.2,-22,-5.2,-13,-3.1,656702,15.8,430269,10.9,-16907,-21.6,154,20.1
"20000","5","327993","58","0","2023","1","",4,828,835,819,21243142,11708735,321639,1975,"",1.70,5.19,5.24,5.18,6.52,6.25,15.24,1.25,"",0,0.0,46,5.9,45,5.7,19,2.4,1302075,6.5,453621,4.0,-73811,-18.7,35,1.8
"20000","5","331","55","0","2023","1","",30,1718,1747,1732,33138563,19681648,319038,1471,"",0.63,0.50,0.50,0.50,0.53,0.44,0.56,1.06,"",-3,-9.1,46,2.8,45,2.6,41,2.4,7003771,26.8,899912,4.8,-141329,-30.7,280,23.5
"20000","5","3311","56","0","2023","1","",4,88,90,91,1066190,962668,7334,915,"",0.50,0.11,0.11,0.12,0.06,0.10,0.05,0.48,"N",-1,-20.0,0,0,0,0,0,0,0,0,0,0,0,0,0,0
"20000","5","33111","57","0","2023","1","",4,88,90,91,1066190,962668,7334,915,"",0.50,0.11,0.11,0.12,0.06,0.10,0.05,0.48,"N",-1,-20.0,0,0,0,0,0,0,0,0,0,0,0,0,0,0
"20000","5","331110","58","0","2023","1","",4,88,90,91,1066190,962668,7334,915,"",0.50,0.11,0.11,0.12,0.06,0.10,0.05,0.48,"N",-1,-20.0,0,0,0,0,0,0,0,0,0,0,0,0,0,0
"20000","5","3312","56","0","2023","1","N",5,0,0,0,0,0,0,0,"N",0.46,0,0,0,0,0,0,0,"N",-2,-28.6,0,0,0,0,0,0,0,0,0,0,0,0,0,0
"20000","5","33121","57","0","2023","1","N",4,0,0,0,0,0,0,0,"N",0.84,0,0,0,0,0,0,0,"N",-1,-20.0,0,0,0,0,0,0,0,0,0,0,0,0,0,0
"20000","5","331210","58","0","2023","1","N",4,0,0,0,0,0,0,0,"N",0.84,0,0,0,0,0,0,0,"N",-1,-20.0,0,0,0,0,0,0,0,0,0,0,0,0,0,0
"20000","5","33122","57","0","2023","1","N",1,0,0,0,0,0,0,0,"N",0.16,0,0,0,0,0,0,0,"N",-1,-50.0,0,0,0,0,0,0,0,0,0,0,0,0,0,0
"20000","5","331221","58","0","2023","1","N",1,0,0,0,0,0,0,0,"N",0.25,0,0,0,0,0,0,0,"N",0,0.0,0,0,0,0,0,0,0,0,0,0,0,0,0,0
"20000","5","3313","56","0","2023","1","N",5,0,0,0,0,0,0,0,"N",0.80,0,0,0,0,0,0,0,"N",0,0.0,0,0,0,0,0,0,0,0,0,0,0,0,0,0
"20000","5","33131","57","0","2023","1","N",5,0,0,0,0,0,0,0,"N",0.80,0,0,0,0,0,0,0,"N",0,0.0,0,0,0,0,0,0,0,0,0,0,0,0,0,0
"20000","5","331315","58","0","2023","1","N",4,0,0,0,0,0,0,0,"N",2.71,0,0,0,0,0,0,0,"N",0,0.0,0,0,0,0,0,0,0,0,0,0,0,0,0,0
"20000","5","331318","58","0","2023","1","N",1,0,0,0,0,0,0,0,"N",0.36,0,0,0,0,0,0,0,"N",0,0.0,0,0,0,0,0,0,0,0,0,0,0,0,0,0
"20000","5","3314","56","0","2023","1","",4,404,412,407,7737143,5254359,44631,1460,"",0.46,0.71,0.72,0.71,0.76,0.66,0.46,1.06,"",0,0.0,27,7.2,27,7.0,22,5.7,1082933,16.3,490540,10.3,-34441,-43.6,121,9.0
"20000","5","33142","57","0","2023","1","N",3,0,0,0,0,0,0,0,"N",1.13,0,0,0,0,0,0,0,"N",0,0.0,0,0,0,0,0,0,0,0,0,0,0,0,0,0
"20000","5","331420","58","0","2023","1","N",3,0,0,0,0,0,0,0,"N",1.13,0,0,0,0,0,0,0,"N",0,0.0,0,0,0,0,0,0,0,0,0,0,0,0,0,0
"20000","5","33149","57","0","2023","1","N",1,0,0,0,0,0,0,0,"N",0.21,0,0,0,0,0,0,0,"N",0,0.0,0,0,0,0,0,0,0,0,0,0,0,0,0,0
"20000","5","331492","58","0","2023","1","N",1,0,0,0,0,0,0,0,"N",0.46,0,0,0,0,0,0,0,"N",0,0.0,0,0,0,0,0,0,0,0,0,0,0,0,0,0
"20000","5","3315","56","0","2023","1","",12,998,1012,1003,15683906,11123830,245908,1201,"",0.87,1.00,1.01,1.01,1.09,0.85,1.48,1.09,"",0,0.0,32,3.3,33,3.4,46,4.8,2367849,17.8,471105,4.4,-84519,-25.6,142,13.4
"20000","5","33151","57","0","2023","1","",8,978,991,985,15520268,10965233,244524,1212,"",1.36,1.86,1.89,1.89,1.90,1.58,2.65,1.01,"",0,0.0,34,3.6,36,3.8,50,5.3,2396554,18.3,475924,4.5,-83228,-25.4,143,13.4
"20000","5","331511","58","0","2023","1","N",5,0,0,0,0,0,0,0,"N",1.68,0,0,0,0,0,0,0,"N",0,0.0,0,0,0,0,0,0,0,0,0,0,0,0,0,0
"20000","5","331513","58","0","2023","1","N",3,0,0,0,0,0,0,0,"N",1.53,0,0,0,0,0,0,0,"N",0,0.0,0,0,0,0,0,0,0,0,0,0,0,0,0,0
"20000","5","33152","57","0","2023","1","",4,20,21,18,163638,158597,1384,640,"",0.51,0.04,0.04,0.04,0.03,0.03,0.02,0.64,"",0,0.0,-2,-9.1,-3,-12.5,-4,-18.2,-28705,-14.9,-4819,-2.9,-1291,-48.3,-13,-2.0
"20000","5","331524","58","0","2023","1","",4,20,21,18,163638,158597,1384,640,"",1.37,0.13,0.14,0.12,0.09,0.08,0.06,0.67,"",0,0.0,-2,-9.1,-3,-12.5,-4,-18.2,-28705,-14.9,-4819,-2.9,-1291,-48.3,-13,-2.0
"20000","5","332","55","0","2023","1","",516,16339,16499,16471,242077985,187240971,2167762,1133,"",1.05,1.22,1.23,1.23,1.31,1.12,1.11,1.07,"",2,0.4,723,4.6,724,4.6,629,4.0,32329387,15.4,17305881,10.2,-951312,-30.5,108,10.5
"20000","5","3321","56","0","2023","1","N",3,0,0,0,0,0,0,0,"N",0.17,0,0,0,0,0,0,0,"N",1,50.0,0,0,0,0,0,0,0,0,0,0,0,0,0,0
"20000","5","33211","57","0","2023","1","N",3,0,0,0,0,0,0,0,"N",0.17,0,0,0,0,0,0,0,"N",1,50.0,0,0,0,0,0,0,0,0,0,0,0,0,0,0
"20000","5","332119","58","0","2023","1","N",3,0,0,0,0,0,0,0,"N",0.30,0,0,0,0,0,0,0,"N",1,50.0,0,0,0,0,0,0,0,0,0,0,0,0,0,0
"20000","5","3322","56","0","2023","1","",15,589,588,585,7811266,6173009,84529,1023,"",1.31,1.74,1.75,1.76,1.61,1.39,1.83,0.92,"",1,7.1,35,6.3,16,2.8,3,0.5,834268,12.0,497144,8.8,-16275,-16.1,80,8.5
"20000","5","33221","57","0","2023","1","",15,589,588,585,7811266,6173009,84529,1023,"",1.31,1.74,1.75,1.76,1.61,1.39,1.83,0.92,"",1,7.1,35,6.3,16,2.8,3,0.5,834268,12.0,497144,8.8,-16275,-16.1,80,8.5
"20000","5","332215","58","0","2023","1","N",4,0,0,0,0,0,0,0,"N",1.34,0,0,0,0,0,0,0,"N",1,33.3,0,0,0,0,0,0,0,0,0,0,0,0,0,0
"20000","5","332216","58","0","2023","1","N",11,0,0,0,0,0,0,0,"N",1.29,0,0,0,0,0,0,0,"N",0,0.0,0,0,0,0,0,0,0,0,0,0,0,0,0,0
"20000","5","3323","56","0","2023","1","",138,6140,6189,6167,94127678,70405649,720656,1174,"",1.04,1.63,1.65,1.64,1.86,1.53,1.33,1.13,"",-1,-0.7,250,4.2,246,4.1,161,2.7,15398887,19.6,5554255,8.6,-334122,-31.7,156,15.3
"20000","5","33231","57","0","2023","1","",59,2413,2454,2471,38868046,29056216,401996,1222,"",1.02,1.46,1.48,1.48,1.59,1.39,1.69,1.08,"",-2,-3.3,-54,-2.2,-12,-0.5,-22,-0.9,4330524,12.5,1376202,5.0,-148808,-27.0,149,13.9
"20000","5","332311","58","0","2023","1","",13,619,635,640,9597842,7340249,101704,1169,"",1.17,1.83,1.87,1.89,1.83,1.80,2.18,0.98,"",2,18.2,146,30.9,156,32.6,142,28.5,2801295,41.2,1859424,33.9,-8907,-8.1,87,8.0
"20000","5","332312","58","0","2023","1","",34,1354,1375,1382,20700465,16353603,250599,1162,"",1.10,1.54,1.56,1.56,1.60,1.44,2.01,1.03,"",-2,-5.6,-157,-10.4,-128,-8.5,-123,-8.2,620759,3.1,-522663,-3.1,-95226,-27.5,137,13.4
"20000","5","332313","58","0","2023","1","",12,440,444,449,8569739,5362364,49693,1484,"",0.77,1.01,1.02,1.02,1.38,0.99,0.75,1.36,"",-2,-14.3,-43,-8.9,-40,-8.3,-41,-8.4,908470,11.9,39441,0.7,-44675,-47.3,271,22.3
"20000","5","33232","57","0","2023","1","",79,3727,3735,3696,55259632,41349433,318660,1143,"",1.05,1.77,1.78,1.77,2.10,1.63,1.04,1.18,"",1,1.3,304,8.9,258,7.4,183,5.2,11068363,25.0,4178053,11.2,-185314,-36.8,164,16.8
"20000","5","332321","58","0","2023","1","",20,1766,1746,1708,23201119,19834232,124379,1026,"",1.66,2.77,2.76,2.72,2.91,2.75,1.53,1.06,"",1,5.3,147,9.1,108,6.6,45,2.7,2073295,9.8,1503743,8.2,-115214,-48.1,35,3.5
"20000","5","332322","58","0","2023","1","",37,1618,1632,1630,27412705,17893608,157030,1296,"",1.01,1.52,1.53,1.53,2.06,1.36,0.96,1.35,"",-1,-2.6,104,6.9,100,6.5,93,6.1,7503745,37.7,1844677,11.5,-71249,-31.2,294,29.3
"20000","5","332323","58","0","2023","1","",22,343,357,358,4645808,3621593,37251,1013,"",0.83,0.86,0.89,0.90,0.92,0.73,0.60,1.04,"",1,4.8,53,18.3,50,16.3,45,14.4,1491323,47.3,829633,29.7,1149,3.2,213,26.6
"20000","5","3324","56","0","2023","1","",27,1830,1846,1886,28611100,22162788,243638,1187,"",1.59,2.10,2.11,2.15,2.15,1.88,1.69,1.01,"",3,12.5,199,12.2,205,12.5,211,12.6,4570875,19.0,2779289,14.3,-67397,-21.7,66,5.9
"20000","5","33241","57","0","2023","1","N",3,0,0,0,0,0,0,0,"N",0.86,0,0,0,0,0,0,0,"N",0,0.0,0,0,0,0,0,0,0,0,0,0,0,0,0,0
"20000","5","332410","58","0","2023","1","N",3,0,0,0,0,0,0,0,"N",0.86,0,0,0,0,0,0,0,"N",0,0.0,0,0,0,0,0,0,0,0,0,0,0,0,0,0
"20000","5","33242","57","0","2023","1","",19,1189,1216,1237,18654057,14705331,163859,1182,"",2.42,3.47,3.55,3.60,3.76,3.25,3.01,1.06,"",1,5.6,87,7.9,105,9.5,101,8.9,2290762,14.0,1511375,11.5,-69874,-29.9,54,4.8
"20000","5","332420","58","0","2023","1","",19,1189,1216,1237,18654057,14705331,163859,1182,"",2.42,3.47,3.55,3.60,3.76,3.25,3.01,1.06,"",1,5.6,87,7.9,105,9.5,101,8.9,2290762,14.0,1511375,11.5,-69874,-29.9,54,4.8
"20000","5","33243","57","0","2023","1","N",5,0,0,0,0,0,0,0,"N",0.88,0,0,0,0,0,0,0,"N",2,66.7,0,0,0,0,0,0,0,0,0,0,0,0,0,0
"20000","5","332439","58","0","2023","1","N",5,0,0,0,0,0,0,0,"N",1.34,0,0,0,0,0,0,0,"N",2,66.7,0,0,0,0,0,0,0,0,0,0,0,0,0,0
"20000","5","3325","56","0","2023","1","N",7,0,0,0,0,0,0,0,"N",1.02,0,0,0,0,0,0,0,"N",1,16.7,0,0,0,0,0,0,0,0,0,0,0,0,0,0
"20000","5","33251","57","0","2023","1","N",7,0,0,0,0,0,0,0,"N",1.02,0,0,0,0,0,0,0,"N",1,16.7,0,0,0,0,0,0,0,0,0,0,0,0,0,0
"20000","5","332510","58","0","2023","1","N",7,0,0,0,0,0,0,0,"N",1.02,0,0,0,0,0,0,0,"N",1,16.7,0,0,0,0,0,0,0,0,0,0,0,0,0,0
"20000","5","3326","56","0","2023","1","",5,111,109,113,1706804,1333091,62141,1183,"",0.48,0.30,0.29,0.30,0.36,0.29,1.16,1.21,"N",-1,-16.7,0,0,0,0,0,0,0,0,0,0,0,0,0,0
"20000","5","33261","57","0","2023","1","",5,111,109,113,1706804,1333091,62141,1183,"",0.48,0.30,0.29,0.30,0.36,0.29,1.16,1.21,"N",-1,-16.7,0,0,0,0,0,0,0,0,0,0,0,0,0,0
"20000","5","332613","58","0","2023","1","N",1,0,0,0,0,0,0,0,"N",0.31,0,0,0,0,0,0,0,"N",0,0.0,0,0,0,0,0,0,0,0,0,0,0,0,0,0
"20000","5","332618","58","0","2023","1","N",4,0,0,0,0,0,0,0,"N",0.56,0,0,0,0,0,0,0,"N",-1,-20.0,0,0,0,0,0,0,0,0,0,0,0,0,0,0
"20000","5","3327","56","0","2023","1","",182,3073,3090,3070,43693480,34791290,398787,1092,"",1.05,0.97,0.98,0.97,1.08,0.89,0.87,1.11,"",-5,-2.7,-25,-0.8,-20,-0.6,21,0.7,803706,1.9,1494008,4.5,-303038,-43.2,23,2.2
"20000","5","33271","57","0","2023","1","",170,2748,2773,2752,39105031,31130023,361819,1091,"",1.09,1.12,1.13,1.12,1.27,1.02,1.05,1.14,"",-6,-3.4,-28,-1.0,-16,-0.6,21,0.8,190360,0.5,1130314,3.8,-291032,-44.6,9,0.8
"20000","5","332710","58","0","2023","1","",170,2748,2773,2752,39105031,31130023,361819,1091,"",1.09,1.12,1.13,1.12,1.27,1.02,1.05,1.14,"",-6,-3.4,-28,-1.0,-16,-0.6,21,0.8,190360,0.5,1130314,3.8,-291032,-44.6,9,0.8
"20000","5","33272","57","0","2023","1","",12,325,317,318,4588449,3661267,36968,1103,"",0.66,0.46,0.45,0.45,0.47,0.43,0.33,1.03,"",1,9.1,3,0.9,-4,-1.2,0,0.0,613346,15.4,363694,11.0,-12006,-24.5,148,15.5
"20000","5","332721","58","0","2023","1","",4,26,25,24,333163,276748,4530,1025,"",0.34,0.07,0.07,0.07,0.07,0.06,0.08,1.05,"N",1,33.3,0,0,0,0,0,0,0,0,0,0,0,0,0,0
"20000","5","332722","58","0","2023","1","",8,299,292,294,4255286,3384519,32438,1110,"",1.29,0.90,0.88,0.89,0.85,0.86,0.58,0.95,"N",0,0.0,0,0,0,0,0,0,0,0,0,0,0,0,0,0
"20000","5","3328","56","0","2023","1","",59,1607,1634,1621,21895904,17984831,179572,1039,"",1.16,1.32,1.34,1.33,1.48,1.28,1.08,1.11,"",3,5.4,372,30.1,394,31.8,361,28.7,7806842,55.4,5725687,46.7,-35763,-16.6,168,19.3
"20000","5","33281","57","0","2023","1","",59,1607,1634,1621,21895904,17984831,179572,1039,"",1.16,1.32,1.34,1.33,1.48,1.28,1.08,1.11,"",3,5.4,372,30.1,394,31.8,361,28.7,7806842,55.4,5725687,46.7,-35763,-16.6,168,19.3
"20000","5","332811","58","0","2023","1","N",3,0,0,0,0,0,0,0,"N",0.54,0,0,0,0,0,0,0,"N",-1,-25.0,0,0,0,0,0,0,0,0,0,0,0,0,0,0
"20000","5","332812","58","0","2023","1","N",30,0,0,0,0,0,0,0,"N",1.18,0,0,0,0,0,0,0,"N",6,25.0,0,0,0,0,0,0,0,0,0,0,0,0,0,0
"20000","5","332813","58","0","2023","1","",26,920,928,916,11273184,9795981,95741,941,"",1.31,1.83,1.84,1.82,1.98,1.71,1.43,1.08,"",-2,-7.1,119,14.9,125,15.6,90,10.9,1959621,21.0,1669345,20.5,-49600,-34.1,57,6.4
"20000","5","3329","56","0","2023","1","",80,2665,2713,2701,39914293,31096012,427622,1140,"",1.14,1.04,1.05,1.05,0.97,0.94,1.19,0.93,"",0,0.0,-108,-3.9,-102,-3.6,-110,-3.9,2716161,7.3,1072208,3.6,-169650,-28.4,118,11.5
"20000","5","33291","57","0","2023","1","",16,769,806,808,10997733,8839971,91077,1065,"",1.04,0.94,0.98,0.98,0.76,0.83,0.81,0.78,"",1,6.7,-100,-11.5,-88,-9.8,-90,-10.0,157896,1.5,-102955,-1.2,-46172,-33.6,125,13.3
"20000","5","332911","58","0","2023","1","N",7,0,0,0,0,0,0,0,"N",1.21,0,0,0,0,0,0,0,"N",-1,-12.5,0,0,0,0,0,0,0,0,0,0,0,0,0,0
"20000","5","332912","58","0","2023","1","",8,188,187,191,2795654,2030789,20774,1140,"",1.69,0.57,0.56,0.57,0.44,0.49,0.44,0.78,"N",2,33.3,0,0,0,0,0,0,0,0,0,0,0,0,0,0
"20000","5","332919","58","0","2023","1","N",1,0,0,0,0,0,0,0,"N",0.37,0,0,0,0,0,0,0,"N",0,0.0,0,0,0,0,0,0,0,0,0,0,0,0,0,0
"20000","5","33299","57","0","2023","1","",64,1896,1907,1893,28916560,22256041,336545,1172,"",1.17,1.08,1.09,1.08,1.09,1.00,1.36,1.01,"",-1,-1.5,-8,-0.4,-14,-0.7,-20,-1.0,2558265,9.7,1175163,5.6,-123478,-26.8,112,10.6
"20000","5","332991","58","0","2023","1","N",2,0,0,0,0,0,0,0,"N",0.98,0,0,0,0,0,0,0,"N",0,0.0,0,0,0,0,0,0,0,0,0,0,0,0,0,0
"20000","5","332992","58","0","2023","1","",4,28,22,22,205641,193965,1665,659,"",2.25,0.24,0.19,0.19,0.13,0.12,0.14,0.61,"N",-1,-20.0,0,0,0,0,0,0,0,0,0,0,0,0,0,0
"20000","5","332993","58","0","2023","1","N",1,0,0,0,0,0,0,0,"N",1.45,0,0,0,0,0,0,0,"N",0,0.0,0,0,0,0,0,0,0,0,0,0,0,0,0,0
"20000","5","332994","58","0","2023","1","",8,53,55,56,852023,606337,11844,1199,"",1.23,0.23,0.24,0.25,0.20,0.18,0.42,0.82,"",1,14.3,8,17.8,10,22.2,8,16.7,209014,32.5,74910,14.1,1785,17.7,124,11.5
"20000","5","332996","58","0","2023","1","",12,764,765,771,13265673,9411059,106093,1331,"",1.53,2.60,2.59,2.60,3.09,2.68,1.86,1.19,"",1,9.1,104,15.8,102,15.4,112,17.0,3155879,31.2,1634096,21.0,-1883,-1.7,154,13.1
"20000","5","332999","58","0","2023","1","",37,898,917,890,12638483,10440046,144434,1078,"",1.03,1.16,1.19,1.16,1.23,1.08,1.38,1.06,"",-2,-5.1,-98,-9.8,-87,-8.7,-109,-10.9,-600366,-4.5,-283172,-2.6,-80074,-35.7,59,5.8
"20000","5","333","55","0","2023","1","",371,21207,21355,21302,363349514,254939001,3950453,1313,"",1.37,2.03,2.04,2.04,1.99,1.79,2.33,0.98,"",8,2.2,1140,5.7,1178,5.8,1185,5.9,52150280,16.8,27794552,12.2,-1240283,-23.9,123,10.3
"20000","5","3331","56","0","2023","1","",126,9230,9344,9314,159576805,112325615,2353356,1320,"",3.32,4.56,4.59,4.57,4.18,3.84,5.33,0.91,"",-2,-1.6,598,6.9,646,7.4,663,7.7,24614224,18.2,13469944,13.6,-659746,-21.9,121,10.1
"20000","5","33311","57","0","2023","1","",99,7201,7246,7208,117462359,85589231,1406339,1252,"",6.52,8.84,8.86,8.83,10.23,7.16,8.58,1.16,"",2,2.1,568,8.6,556,8.3,515,7.7,17740948,17.8,10928196,14.6,-550123,-28.1,102,8.9
"20000","5","333111","58","0","2023","1","N",96,0,0,0,0,0,0,0,"N",7.38,0,0,0,0,0,0,0,"N",2,2.1,0,0,0,0,0,0,0,0,0,0,0,0,0,0
"20000","5","333112","58","0","2023","1","N",3,0,0,0,0,0,0,0,"N",1.39,0,0,0,0,0,0,0,"N",0,0.0,0,0,0,0,0,0,0,0,0,0,0,0,0,0
"20000","5","33312","57","0","2023","1","",19,1888,1949,1955,39797515,25309077,919980,1586,"",2.13,2.77,2.83,2.86,3.02,2.40,7.01,1.07,"",-1,-5.0,10,0.5,61,3.2,122,6.7,6071910,18.0,2300843,10.0,-109786,-10.7,196,14.1
"20000","5","333120","58","0","2023","1","",19,1888,1949,1955,39797515,25309077,919980,1586,"",2.13,2.77,2.83,2.86,3.02,2.40,7.01,1.07,"",-1,-5.0,10,0.5,61,3.2,122,6.7,6071910,18.0,2300843,10.0,-109786,-10.7,196,14.1
"20000","5","33313","57","0","2023","1","",8,141,149,151,2316931,1427307,27037,1212,"",0.58,0.27,0.28,0.28,0.17,0.21,0.18,0.62,"",-3,-27.3,20,16.5,29,24.2,26,20.8,801366,52.9,240905,20.3,163,0.6,256,26.8
"20000","5","333131","58","0","2023","1","N",1,0,0,0,0,0,0,0,"N",0.36,0,0,0,0,0,0,0,"N",0,0.0,0,0,0,0,0,0,0,0,0,0,0,0,0,0
"20000","5","333132","58","0","2023","1","N",7,0,0,0,0,0,0,0,"N",0.63,0,0,0,0,0,0,0,"N",-3,-30.0,0,0,0,0,0,0,0,0,0,0,0,0,0,0
"20000","5","3332","56","0","2023","1","",50,2256,2260,2281,42439239,28674823,259856,1441,"",1.19,1.81,1.81,1.83,1.57,1.65,1.29,0.86,"",1,2.0,87,4.0,64,2.9,42,1.9,5672556,15.4,2392136,9.1,-123289,-32.2,156,12.1
"20000","5","33324","57","0","2023","1","",50,2256,2260,2281,42439239,28674823,259856,1441,"",1.19,1.81,1.81,1.83,1.57,1.65,1.29,0.86,"",1,2.0,87,4.0,64,2.9,42,1.9,5672556,15.4,2392136,9.1,-123289,-32.2,156,12.1
"20000","5","333241","58","0","2023","1","N",17,0,0,0,0,0,0,0,"N",2.35,0,0,0,0,0,0,0,"N",0,0.0,0,0,0,0,0,0,0,0,0,0,0,0,0,0
"20000","5","333243","58","0","2023","1","N",2,0,0,0,0,0,0,0,"N",0.45,0,0,0,0,0,0,0,"N",-1,-33.3,0,0,0,0,0,0,0,0,0,0,0,0,0,0
"20000","5","333248","58","0","2023","1","",31,1491,1498,1513,27440497,18989529,182320,1407,"",1.13,2.30,2.31,2.32,2.53,2.19,1.73,1.09,"",2,6.9,90,6.4,72,5.0,52,3.6,5128382,23.0,2006856,11.8,-78018,-30.0,206,17.2
"20000","5","3333","56","0","2023","1","",18,939,950,953,18168691,11638590,107353,1475,"",0.71,1.13,1.14,1.15,1.18,1.00,0.87,1.04,"",-1,-5.3,14,1.5,25,2.7,12,1.3,1045828,6.1,504424,4.5,-70899,-39.8,59,4.2
"20000","5","33331","57","0","2023","1","",18,939,950,953,18168691,11638590,107353,1475,"",0.71,1.13,1.14,1.15,1.18,1.00,0.87,1.04,"",-1,-5.3,14,1.5,25,2.7,12,1.3,1045828,6.1,504424,4.5,-70899,-39.8,59,4.2
"20000","5","333310","58","0","2023","1","",18,939,950,953,18168691,11638590,107353,1475,"",0.71,1.13,1.14,1.15,1.18,1.00,0.87,1.04,"",-1,-5.3,14,1.5,25,2.7,12,1.3,1045828,6.1,504424,4.5,-70899,-39.8,59,4.2
"20000","5","3334","56","0","2023","1","",30,2838,2882,2833,40869880,31498192,393327,1103,"",1.33,2.10,2.14,2.11,2.23,1.89,2.08,1.05,"",4,15.4,9,0.3,67,2.4,37,1.3,5385262,15.2,2489813,8.6,-155675,-28.4,133,13.7
"20000","5","33341","57","0","2023","1","",30,2838,2882,2833,40869880,31498192,393327,1103,"",1.33,2.10,2.14,2.11,2.23,1.89,2.08,1.05,"",4,15.4,9,0.3,67,2.4,37,1.3,5385262,15.2,2489813,8.6,-155675,-28.4,133,13.7
"20000","5","333413","58","0","2023","1","",12,175,220,223,3303250,2468276,43354,1233,"",1.74,0.59,0.75,0.76,0.86,0.67,1.14,1.23,"",4,50.0,40,29.6,54,32.5,62,38.5,1118881,51.2,664293,36.8,8050,22.8,142,13.0
"20000","5","333414","58","0","2023","1","",6,544,558,577,7542968,6391036,55617,1037,"",1.45,3.57,3.66,3.80,3.66,3.29,2.81,0.99,"",-1,-14.3,39,7.7,60,12.0,84,17.0,1567192,26.2,1223120,23.7,-24366,-30.5,115,12.5
"20000","5","333415","58","0","2023","1","",12,2119,2104,2033,30023662,22638880,294356,1108,"",1.04,2.35,2.33,2.27,2.41,2.05,2.24,1.04,"",1,9.1,-70,-3.2,-47,-2.2,-109,-5.1,2699189,9.9,602400,2.7,-139359,-32.1,135,13.9
"20000","5","3335","56","0","2023","1","",43,1291,1292,1263,20432118,14813620,132293,1226,"",0.68,0.85,0.86,0.84,0.96,0.78,0.58,1.13,"",2,4.9,156,13.7,129,11.1,149,13.4,273437,1.4,2616793,21.5,-34552,-20.7,-137,-10.1
"20000","5","33351","57","0","2023","1","",43,1291,1292,1263,20432118,14813620,132293,1226,"",0.68,0.85,0.86,0.84,0.96,0.78,0.58,1.13,"",2,4.9,156,13.7,129,11.1,149,13.4,273437,1.4,2616793,21.5,-34552,-20.7,-137,-10.1
"20000","5","333511","58","0","2023","1","",9,300,301,289,4062780,3267705,19529,1053,"",0.73,0.95,0.95,0.92,0.97,0.80,0.41,1.04,"",-1,-10.0,114,61.3,113,60.1,102,54.5,1484668,57.6,1235826,60.8,-2338,-10.7,-8,-0.8
"20000","5","333514","58","0","2023","1","",9,208,207,204,2730434,2241103,23267,1018,"",0.41,0.42,0.42,0.41,0.41,0.37,0.32,0.98,"",0,0.0,11,5.6,8,4.0,7,3.6,129607,5.0,115865,5.5,-7293,-23.9,6,0.6
"20000","5","333515","58","0","2023","1","N",7,0,0,0,0,0,0,0,"N",0.78,0,0,0,0,0,0,0,"N",0,0.0,0,0,0,0,0,0,0,0,0,0,0,0,0,0
"20000","5","333517","58","0","2023","1","",13,286,282,276,6489582,3384393,43646,1774,"",0.77,0.73,0.72,0.70,1.12,0.68,0.78,1.56,"",3,30.0,11,4.0,-11,-3.8,31,12.7,-2016860,-23.7,780596,30.0,-2495,-5.4,-641,-26.5
"20000","5","333519","58","0","2023","1","N",5,0,0,0,0,0,0,0,"N",1.53,0,0,0,0,0,0,0,"N",0,0.0,0,0,0,0,0,0,0,0,0,0,0,0,0,0
"20000","5","3336","56","0","2023","1","",15,501,498,495,9833200,6090591,94348,1519,"",1.32,0.59,0.59,0.58,0.55,0.51,0.73,0.93,"",2,15.4,28,5.9,21,4.4,17,3.6,945933,10.6,868110,16.6,-45615,-32.6,83,5.8
"20000","5","33361","57","0","2023","1","",15,501,498,495,9833200,6090591,94348,1519,"",1.32,0.59,0.59,0.58,0.55,0.51,0.73,0.93,"",2,15.4,28,5.9,21,4.4,17,3.6,945933,10.6,868110,16.6,-45615,-32.6,83,5.8
"20000","5","333611","58","0","2023","1","",6,20,24,24,325865,224750,1481,1106,"",1.85,0.12,0.15,0.15,0.08,0.09,0.06,0.54,"",1,20.0,-6,-23.1,-1,-4.0,-3,-11.1,11738,3.7,7985,3.7,-166,-10.1,177,19.1
"20000","5","333612","58","0","2023","1","N",2,0,0,0,0,0,0,0,"N",0.87,0,0,0,0,0,0,0,"N",0,0.0,0,0,0,0,0,0,0,0,0,0,0,0,0,0
"20000","5","333613","58","0","2023","1","",4,346,336,335,7482063,4418993,82384,1698,"",1.44,2.75,2.68,2.67,4.01,2.60,4.19,1.48,"",1,33.3,6,1.8,-5,-1.5,-7,-2.0,570248,8.3,573504,14.9,-45174,-35.4,139,8.9
"20000","5","333618","58","0","2023","1","N",3,0,0,0,0,0,0,0,"N",0.98,0,0,0,0,0,0,0,"N",0,0.0,0,0,0,0,0,0,0,0,0,0,0,0,0,0
"20000","5","3339","56","0","2023","1","",89,4152,4129,4163,72029581,49897570,609920,1336,"",1.30,1.57,1.56,1.58,1.62,1.38,1.58,1.03,"",2,2.3,248,6.4,226,5.8,265,6.8,14213040,24.6,5453332,12.3,-150507,-19.8,196,17.2
"20000","5","33391","57","0","2023","1","",13,637,626,637,10190362,7018270,74057,1238,"",1.19,1.46,1.44,1.46,1.25,1.16,1.13,0.86,"",2,18.2,109,20.6,96,18.1,106,20.0,2969396,41.1,1461240,26.3,-12147,-14.1,189,18.0
"20000","5","333912","58","0","2023","1","-",0,0,0,0,0,0,0,0,"N",0.00,0,0,0,0,0,0,0,"N",0,0,0,0,0,0,0,0,0,0,0,0,0,0,0,0
"20000","5","333914","58","0","2023","1","",13,637,626,637,10190362,7018270,74057,1238,"",1.79,2.50,2.46,2.50,2.29,1.93,2.08,0.92,"",2,18.2,109,20.6,96,18.1,106,20.0,2969396,41.1,1461240,26.3,-12147,-14.1,189,18.0
"20000","5","33392","57","0","2023","1","",37,2176,2164,2191,37349206,26746166,352676,1320,"",2.07,2.53,2.52,2.54,2.77,2.28,2.90,1.10,"",2,5.7,3,0.1,-6,-0.3,32,1.5,6038055,19.3,2017509,8.2,-104641,-22.9,209,18.8
"20000","5","333921","58","0","2023","1","N",2,0,0,0,0,0,0,0,"N",0.95,0,0,0,0,0,0,0,"N",0,0.0,0,0,0,0,0,0,0,0,0,0,0,0,0,0
"20000","5","333922","58","0","2023","1","",20,1288,1288,1299,23420424,16360228,121442,1395,"",2.35,3.75,3.79,3.83,4.31,3.65,2.41,1.14,"",2,11.1,1,0.1,1,0.1,9,0.7,2985086,14.6,1031432,6.7,-62461,-34.0,175,14.3
"20000","5","333923","58","0","2023","1","N",4,0,0,0,0,0,0,0,"N",1.10,0,0,0,0,0,0,0,"N",0,0.0,0,0,0,0,0,0,0,0,0,0,0,0,0,0
"20000","5","333924","58","0","2023","1","",11,595,582,608,10482418,7299409,96012,1355,"",3.02,2.11,2.05,2.13,2.52,1.93,3.04,1.20,"",0,0.0,-34,-5.4,-42,-6.7,2,0.3,2487572,31.1,570473,8.5,-47096,-32.9,363,36.6
"20000","5","33399","57","0","2023","1","",39,1339,1339,1335,24490013,16133134,183187,1408,"",0.98,1.00,1.00,0.99,1.07,0.87,0.92,1.08,"",-2,-4.9,136,11.3,136,11.3,127,10.5,5205589,27.0,1974583,13.9,-33719,-15.5,177,14.4
"20000","5","333991","58","0","2023","1","N",3,0,0,0,0,0,0,0,"N",1.50,0,0,0,0,0,0,0,"N",0,0.0,0,0,0,0,0,0,0,0,0,0,0,0,0,0
"20000","5","333992","58","0","2023","1","",4,18,18,18,367631,208207,3135,1571,"",0.67,0.13,0.13,0.13,0.15,0.12,0.16,1.18,"",-1,-20.0,-1,-5.3,0,0.0,0,0.0,111777,43.7,12417,6.3,-894,-22.2,497,46.3
"20000","5","333993","58","0","2023","1","N",2,0,0,0,0,0,0,0,"N",0.28,0,0,0,0,0,0,0,"N",0,0.0,0,0,0,0,0,0,0,0,0,0,0,0,0,0
"20000","5","333994","58","0","2023","1","",4,44,43,43,937647,515944,5895,1664,"",1.35,0.50,0.49,0.49,0.64,0.41,0.34,1.30,"",0,0.0,4,10.0,2,4.9,2,4.9,190939,25.6,31825,6.6,-3161,-34.9,252,17.8
"20000","5","333995","58","0","2023","1","",6,221,229,231,2950582,2290146,31720,1000,"",1.93,1.49,1.54,1.55,1.38,1.11,1.47,0.90,"",-1,-14.3,13,6.2,21,10.1,17,7.9,567673,23.8,304544,15.3,-10556,-25.0,127,14.5
"20000","5","333996","58","0","2023","1","",6,429,430,433,8296244,5336237,70456,1482,"",2.55,2.50,2.51,2.52,2.36,2.08,2.67,0.94,"",0,0.0,1,0.2,4,0.9,-4,-0.9,684816,9.0,55608,1.1,-29151,-29.3,121,8.9
"20000","5","333998","58","0","2023","1","",14,534,528,520,10636619,6685392,60477,1552,"",0.86,1.23,1.21,1.19,1.52,1.16,0.93,1.26,"",0,0.0,113,26.8,105,24.8,105,25.3,3483875,48.7,1432897,27.3,11570,23.7,241,18.4
"20000","5","334","55","0","2023","1","",148,7976,7949,7995,179173375,100149572,966499,1729,"",0.73,0.78,0.78,0.78,0.58,0.66,0.59,0.74,"",20,15.6,352,4.6,322,4.2,374,4.9,9475697,5.6,6840352,7.3,-205193,-17.5,17,1.0
"20000","5","3341","56","0","2023","1","",12,45,42,43,989671,555390,6185,1757,"",0.63,0.03,0.03,0.03,0.02,0.03,0.03,0.53,"",5,71.4,8,21.6,6,16.7,5,13.2,440454,80.2,153431,38.2,-699,-10.2,615,53.9
"20000","5","33411","57","0","2023","1","",12,45,42,43,989671,555390,6185,1757,"",0.63,0.03,0.03,0.03,0.02,0.03,0.03,0.53,"",5,71.4,8,21.6,6,16.7,5,13.2,440454,80.2,153431,38.2,-699,-10.2,615,53.9
"20000","5","334111","58","0","2023","1","",8,16,15,13,489197,212256,2475,2566,"",0.95,0.01,0.01,0.01,0.01,0.02,0.02,0.70,"N",3,60.0,0,0,0,0,0,0,0,0,0,0,0,0,0,0
"20000","5","334112","58","0","2023","1","-",0,0,0,0,0,0,0,0,"N",0.00,0,0,0,0,0,0,0,"N",0,0,0,0,0,0,0,0,0,0,0,0,0,0,0,0
"20000","5","334118","58","0","2023","1","",4,29,27,30,500474,343134,3710,1343,"",0.47,0.10,0.09,0.10,0.06,0.06,0.08,0.61,"N",2,100.0,0,0,0,0,0,0,0,0,0,0,0,0,0,0
"20000","5","3342","56","0","2023","1","N",18,0,0,0,0,0,0,0,"N",0.80,0,0,0,0,0,0,0,"N",-1,-5.3,0,0,0,0,0,0,0,0,0,0,0,0,0,0
"20000","5","33421","57","0","2023","1","N",2,0,0,0,0,0,0,0,"N",0.54,0,0,0,0,0,0,0,"N",1,100.0,0,0,0,0,0,0,0,0,0,0,0,0,0,0
"20000","5","334210","58","0","2023","1","N",2,0,0,0,0,0,0,0,"N",0.54,0,0,0,0,0,0,0,"N",1,100.0,0,0,0,0,0,0,0,0,0,0,0,0,0,0
"20000","5","33422","57","0","2023","1","N",9,0,0,0,0,0,0,0,"N",0.73,0,0,0,0,0,0,0,"N",-2,-18.2,0,0,0,0,0,0,0,0,0,0,0,0,0,0
"20000","5","334220","58","0","2023","1","N",9,0,0,0,0,0,0,0,"N",0.73,0,0,0,0,0,0,0,"N",-2,-18.2,0,0,0,0,0,0,0,0,0,0,0,0,0,0
"20000","5","33429","57","0","2023","1","",7,50,48,47,1412882,667736,10543,2249,"",1.09,0.29,0.28,0.28,0.43,0.30,0.42,1.53,"",0,0.0,-17,-25.4,-18,-27.3,-18,-27.7,480987,51.6,-708,-0.1,-4594,-30.3,1163,107.1
"20000","5","334290","58","0","2023","1","",7,50,48,47,1412882,667736,10543,2249,"",1.09,0.29,0.28,0.28,0.43,0.30,0.42,1.53,"",0,0.0,-17,-25.4,-18,-27.3,-18,-27.7,480987,51.6,-708,-0.1,-4594,-30.3,1163,107.1
"20000","5","3343","56","0","2023","1","",9,214,216,222,3802681,2683040,25960,1346,"",1.07,1.21,1.22,1.26,0.82,1.14,0.77,0.67,"",0,0.0,37,20.9,38,21.3,48,27.6,1015393,36.4,728853,37.3,-5442,-17.3,130,10.7
"20000","5","33431","57","0","2023","1","",9,214,216,222,3802681,2683040,25960,1346,"",1.07,1.21,1.22,1.26,0.82,1.14,0.77,0.67,"",0,0.0,37,20.9,38,21.3,48,27.6,1015393,36.4,728853,37.3,-5442,-17.3,130,10.7
"20000","5","334310","58","0","2023","1","",9,214,216,222,3802681,2683040,25960,1346,"",1.07,1.21,1.22,1.26,0.82,1.14,0.77,0.67,"",0,0.0,37,20.9,38,21.3,48,27.6,1015393,36.4,728853,37.3,-5442,-17.3,130,10.7
"20000","5","3344","56","0","2023","1","",47,1533,1514,1519,21617537,15774775,197060,1093,"",0.86,0.42,0.41,0.41,0.20,0.28,0.32,0.48,"",5,11.9,73,5.0,40,2.7,53,3.6,4200699,24.1,1787865,12.8,-29048,-12.8,180,19.7
"20000","5","33441","57","0","2023","1","",47,1533,1514,1519,21617537,15774775,197060,1093,"",0.86,0.42,0.41,0.41,0.20,0.28,0.32,0.48,"",5,11.9,73,5.0,40,2.7,53,3.6,4200699,24.1,1787865,12.8,-29048,-12.8,180,19.7
"20000","5","334412","58","0","2023","1","N",3,0,0,0,0,0,0,0,"N",0.69,0,0,0,0,0,0,0,"N",2,200.0,0,0,0,0,0,0,0,0,0,0,0,0,0,0
"20000","5","334413","58","0","2023","1","N",9,0,0,0,0,0,0,0,"N",0.47,0,0,0,0,0,0,0,"N",1,12.5,0,0,0,0,0,0,0,0,0,0,0,0,0,0
"20000","5","334416","58","0","2023","1","",3,240,238,242,3163795,2551733,23925,1014,"",0.85,1.42,1.42,1.44,1.35,1.15,1.07,0.95,"",0,0.0,-4,-1.6,-3,-1.2,0,0.0,382594,13.8,186998,7.9,-12117,-33.6,131,14.8
"20000","5","334417","58","0","2023","1","",5,143,143,143,2769908,1756582,26955,1490,"",1.53,0.66,0.66,0.66,0.69,0.67,0.85,1.05,"",0,0.0,26,22.2,24,20.2,23,19.2,707935,34.3,239878,15.8,4519,20.1,153,11.4
"20000","5","334418","58","0","2023","1","",7,215,208,210,2276640,1891859,33135,830,"",0.70,0.39,0.38,0.38,0.28,0.29,0.39,0.74,"",0,0.0,30,16.2,10,5.1,10,5.0,110147,5.1,167010,9.7,-6133,-15.6,-28,-3.3
"20000","5","334419","58","0","2023","1","",20,701,690,688,9610694,6856112,93430,1067,"",1.35,1.18,1.16,1.16,0.91,0.90,0.97,0.78,"",2,11.1,2,0.3,-10,-1.4,-1,-0.1,2207817,29.8,715090,11.6,-3458,-3.6,249,30.4
"20000","5","3345","56","0","2023","1","",59,1459,1456,1471,30953984,18363649,141050,1629,"",0.70,0.37,0.37,0.37,0.29,0.30,0.23,0.78,"",10,20.4,94,6.9,90,6.6,113,8.3,5359385,20.9,1891653,11.5,-48405,-25.5,185,12.8
"20000","5","33451","57","0","2023","1","",59,1459,1456,1471,30953984,18363649,141050,1629,"",0.70,0.37,0.37,0.37,0.29,0.30,0.23,0.78,"",10,20.4,94,6.9,90,6.6,113,8.3,5359385,20.9,1891653,11.5,-48405,-25.5,185,12.8
"20000","5","334510","58","0","2023","1","",7,15,15,18,989767,207743,2867,4758,"",0.41,0.02,0.02,0.03,0.05,0.02,0.02,2.17,"",1,16.7,2,15.4,0,0.0,4,28.6,797633,415.1,86069,70.7,842,41.6,3702,350.6
"20000","5","334511","58","0","2023","1","",17,678,681,691,14700215,8706130,73213,1655,"",1.70,0.56,0.56,0.57,0.42,0.47,0.47,0.75,"",2,13.3,38,5.9,35,5.4,48,7.5,2752673,23.0,1006935,13.1,-24682,-25.2,226,15.8
"20000","5","334512","58","0","2023","1","N",2,0,0,0,0,0,0,0,"N",0.46,0,0,0,0,0,0,0,"N",2,100.0,0,0,0,0,0,0,0,0,0,0,0,0,0,0
"20000","5","334513","58","0","2023","1","",12,336,336,342,6687858,4185213,29175,1522,"",0.70,0.63,0.63,0.64,0.69,0.55,0.36,1.09,"",-1,-7.7,13,4.0,21,6.7,26,8.2,970727,17.0,393126,10.4,-14089,-32.6,139,10.1
"20000","5","334515","58","0","2023","1","N",7,0,0,0,0,0,0,0,"N",0.69,0,0,0,0,0,0,0,"N",2,40.0,0,0,0,0,0,0,0,0,0,0,0,0,0,0
"20000","5","334516","58","0","2023","1","",4,27,27,27,586712,333594,5071,1672,"",0.40,0.06,0.06,0.06,0.05,0.05,0.07,0.79,"N",1,33.3,0,0,0,0,0,0,0,0,0,0,0,0,0,0
"20000","5","334517","58","0","2023","1","N",1,0,0,0,0,0,0,0,"N",0.42,0,0,0,0,0,0,0,"N",0,0.0,0,0,0,0,0,0,0,0,0,0,0,0,0,0
"20000","5","334519","58","0","2023","1","",9,98,97,101,1868086,1136372,10402,1456,"",0.80,0.25,0.25,0.26,0.13,0.22,0.19,0.54,"",3,50.0,18,22.5,16,19.8,21,26.2,611881,48.7,227649,25.1,-1507,-12.7,253,21.0
"20000","5","3346","56","0","2023","1","N",3,0,0,0,0,0,0,0,"N",0.23,0,0,0,0,0,0,0,"N",1,50.0,0,0,0,0,0,0,0,0,0,0,0,0,0,0
"20000","5","33461","57","0","2023","1","N",3,0,0,0,0,0,0,0,"N",0.23,0,0,0,0,0,0,0,"N",1,50.0,0,0,0,0,0,0,0,0,0,0,0,0,0,0
"20000","5","334610","58","0","2023","1","N",3,0,0,0,0,0,0,0,"N",0.23,0,0,0,0,0,0,0,"N",1,50.0,0,0,0,0,0,0,0,0,0,0,0,0,0,0
"20000","5","335","55","0","2023","1","",60,3501,3520,3525,57732109,41466402,600867,1263,"",0.76,0.91,0.92,0.92,0.91,0.82,1.06,0.99,"",8,15.4,46,1.3,36,1.0,31,0.9,4011913,7.5,1487340,3.7,-243722,-28.9,75,6.3
"20000","5","3351","56","0","2023","1","",12,189,186,185,4444083,2138425,74008,1831,"",0.79,0.53,0.52,0.52,0.80,0.49,1.26,1.53,"N",2,20.0,0,0,0,0,0,0,0,0,0,0,0,0,0,0
"20000","5","33513","57","0","2023","1","",12,189,186,185,4444083,2138425,74008,1831,"",0.79,0.53,0.52,0.52,0.80,0.49,1.26,1.53,"N",2,20.0,0,0,0,0,0,0,0,0,0,0,0,0,0,0
"20000","5","335131","58","0","2023","1","",6,108,105,103,3390763,1235100,62545,2476,"",1.63,1.70,1.67,1.65,3.72,1.67,5.31,2.22,"",0,0.0,-7,-6.1,-8,-7.1,-10,-8.8,172323,5.4,-43004,-3.4,-15644,-20.0,298,13.7
"20000","5","335132","58","0","2023","1","N",4,0,0,0,0,0,0,0,"N",0.59,0,0,0,0,0,0,0,"N",1,33.3,0,0,0,0,0,0,0,0,0,0,0,0,0,0
"20000","5","335139","58","0","2023","1","N",2,0,0,0,0,0,0,0,"N",0.41,0,0,0,0,0,0,0,"N",1,100.0,0,0,0,0,0,0,0,0,0,0,0,0,0,0
"20000","5","3352","56","0","2023","1","",5,266,264,262,4075804,3001654,44469,1188,"",0.89,0.44,0.44,0.44,0.49,0.42,0.60,1.10,"N",1,25.0,0,0,0,0,0,0,0,0,0,0,0,0,0,0
"20000","5","33521","57","0","2023","1","N",3,0,0,0,0,0,0,0,"N",0.99,0,0,0,0,0,0,0,"N",1,50.0,0,0,0,0,0,0,0,0,0,0,0,0,0,0
"20000","5","335210","58","0","2023","1","N",3,0,0,0,0,0,0,0,"N",0.99,0,0,0,0,0,0,0,"N",1,50.0,0,0,0,0,0,0,0,0,0,0,0,0,0,0
"20000","5","33522","57","0","2023","1","N",2,0,0,0,0,0,0,0,"N",0.77,0,0,0,0,0,0,0,"N",0,0.0,0,0,0,0,0,0,0,0,0,0,0,0,0,0
"20000","5","335220","58","0","2023","1","N",2,0,0,0,0,0,0,0,"N",0.77,0,0,0,0,0,0,0,"N",0,0.0,0,0,0,0,0,0,0,0,0,0,0,0,0,0
"20000","5","3353","56","0","2023","1","",21,1053,1069,1071,15815447,12169783,101512,1143,"",0.86,0.78,0.79,0.78,0.68,0.67,0.59,0.87,"",1,5.0,26,2.5,39,3.8,55,5.4,1166293,8.0,1097297,9.9,-56930,-35.9,43,3.9
"20000","5","33531","57","0","2023","1","",21,1053,1069,1071,15815447,12169783,101512,1143,"",0.86,0.78,0.79,0.78,0.68,0.67,0.59,0.87,"",1,5.0,26,2.5,39,3.8,55,5.4,1166293,8.0,1097297,9.9,-56930,-35.9,43,3.9
"20000","5","335311","58","0","2023","1","N",3,0,0,0,0,0,0,0,"N",0.65,0,0,0,0,0,0,0,"N",0,0.0,0,0,0,0,0,0,0,0,0,0,0,0,0,0
"20000","5","335312","58","0","2023","1","",6,217,215,214,3654957,2665945,42640,1306,"",0.99,0.63,0.64,0.63,0.68,0.58,0.87,1.07,"",0,0.0,36,19.9,32,17.5,19,9.7,234403,6.9,415603,18.5,-15285,-26.4,-106,-7.5
"20000","5","335313","58","0","2023","1","N",5,0,0,0,0,0,0,0,"N",0.79,0,0,0,0,0,0,0,"N",1,25.0,0,0,0,0,0,0,0,0,0,0,0,0,0,0
"20000","5","335314","58","0","2023","1","",7,375,379,382,5140134,4052144,26681,1044,"",0.94,0.97,0.98,0.98,0.69,0.70,0.51,0.71,"",0,0.0,1,0.3,6,1.6,23,6.4,399609,8.4,90062,2.3,-15215,-36.3,55,5.6
"20000","5","3359","56","0","2023","1","",22,1993,2001,2007,33396775,24156540,380878,1284,"",0.65,1.32,1.32,1.32,1.27,1.16,1.46,0.96,"",4,22.2,17,0.9,-6,-0.3,-21,-1.0,3134923,10.4,181240,0.8,-165137,-30.2,122,10.5
"20000","5","33591","57","0","2023","1","",9,1216,1214,1222,17102852,15045858,201603,1081,"",1.63,2.58,2.55,2.56,2.21,2.21,2.05,0.86,"",1,12.5,-47,-3.7,-74,-5.7,-80,-6.1,-1600538,-8.6,-935042,-5.9,-129652,-39.1,-39,-3.5
"20000","5","335910","58","0","2023","1","",9,1216,1214,1222,17102852,15045858,201603,1081,"",1.63,2.58,2.55,2.56,2.21,2.21,2.05,0.86,"",1,12.5,-47,-3.7,-74,-5.7,-80,-6.1,-1600538,-8.6,-935042,-5.9,-129652,-39.1,-39,-3.5
"20000","5","33592","57","0","2023","1","N",2,0,0,0,0,0,0,0,"N",0.45,0,0,0,0,0,0,0,"N",0,0.0,0,0,0,0,0,0,0,0,0,0,0,0,0,0
"20000","5","335921","58","0","2023","1","N",1,0,0,0,0,0,0,0,"N",0.46,0,0,0,0,0,0,0,"N",0,0.0,0,0,0,0,0,0,0,0,0,0,0,0,0,0
"20000","5","335929","58","0","2023","1","N",1,0,0,0,0,0,0,0,"N",0.44,0,0,0,0,0,0,0,"N",0,0.0,0,0,0,0,0,0,0,0,0,0,0,0,0,0
"20000","5","33593","57","0","2023","1","",5,497,504,501,12739367,6186081,151519,1957,"",0.80,1.35,1.36,1.35,1.95,1.30,2.72,1.45,"",0,0.0,27,5.7,27,5.7,15,3.1,3833460,43.0,483565,8.5,-26675,-15.0,523,36.5
"20000","5","335931","58","0","2023","1","N",4,0,0,0,0,0,0,0,"N",0.88,0,0,0,0,0,0,0,"N",0,0.0,0,0,0,0,0,0,0,0,0,0,0,0,0,0
"20000","5","335932","58","0","2023","1","N",1,0,0,0,0,0,0,0,"N",0.59,0,0,0,0,0,0,0,"N",0,0.0,0,0,0,0,0,0,0,0,0,0,0,0,0,0
"20000","5","33599","57","0","2023","1","N",6,0,0,0,0,0,0,0,"N",0.34,0,0,0,0,0,0,0,"N",3,100.0,0,0,0,0,0,0,0,0,0,0,0,0,0,0
"20000","5","335991","58","0","2023","1","N",1,0,0,0,0,0,0,0,"N",0.48,0,0,0,0,0,0,0,"N",1,100.0,0,0,0,0,0,0,0,0,0,0,0,0,0,0
"20000","5","335999","58","0","2023","1","",5,177,181,179,2226086,1805414,12340,957,"",0.32,0.54,0.55,0.54,0.34,0.41,0.24,0.62,"N",2,66.7,0,0,0,0,0,0,0,0,0,0,0,0,0,0
"20000","5","336","55","0","2023","1","",239,36348,36927,36586,869530349,481101308,13897118,1826,"",1.67,2.25,2.26,2.24,2.88,2.19,4.60,1.28,"",0,0.0,3352,10.2,3474,10.4,2870,8.5,126589122,17.0,56061939,13.2,-2909339,-17.3,114,6.7
"20000","5","3361","56","0","2023","1","N",6,0,0,0,0,0,0,0,"N",0.91,0,0,0,0,0,0,0,"N",-2,-25.0,0,0,0,0,0,0,0,0,0,0,0,0,0,0
"20000","5","33611","57","0","2023","1","N",3,0,0,0,0,0,0,0,"N",0.67,0,0,0,0,0,0,0,"N",0,0.0,0,0,0,0,0,0,0,0,0,0,0,0,0,0
"20000","5","336110","58","0","2023","1","N",3,0,0,0,0,0,0,0,"N",0.67,0,0,0,0,0,0,0,"N",0,0.0,0,0,0,0,0,0,0,0,0,0,0,0,0,0
"20000","5","33612","57","0","2023","1","",3,95,99,99,1497987,1193961,8339,1180,"",1.45,0.27,0.28,0.28,0.28,0.24,0.07,1.00,"",-2,-40.0,-3,-3.1,-4,-3.9,-9,-8.3,240270,19.1,129421,12.2,-8224,-49.7,241,25.7
"20000","5","336120","58","0","2023","1","",3,95,99,99,1497987,1193961,8339,1180,"",1.45,0.27,0.28,0.28,0.28,0.24,0.07,1.00,"",-2,-40.0,-3,-3.1,-4,-3.9,-9,-8.3,240270,19.1,129421,12.2,-8224,-49.7,241,25.7
"20000","5","3362","56","0","2023","1","",34,1265,1299,1286,17956685,14698305,147512,1076,"",1.64,0.85,0.83,0.83,0.93,0.82,0.72,1.12,"",-1,-2.9,-25,-1.9,15,1.2,-25,-1.9,3003262,20.1,1549003,11.8,-62907,-29.9,188,21.2
"20000","5","33621","57","0","2023","1","",34,1265,1299,1286,17956685,14698305,147512,1076,"",1.64,0.85,0.83,0.83,0.93,0.82,0.72,1.12,"",-1,-2.9,-25,-1.9,15,1.2,-25,-1.9,3003262,20.1,1549003,11.8,-62907,-29.9,188,21.2
"20000","5","336211","58","0","2023","1","",10,455,488,488,7758062,5932088,67143,1251,"",1.37,0.86,0.92,0.91,1.11,0.89,0.68,1.24,"",2,25.0,10,2.2,73,17.6,42,9.4,1569761,25.4,1017367,20.7,-20440,-23.3,158,14.5
"20000","5","336212","58","0","2023","1","",14,533,534,534,7013471,5959268,53244,1011,"",2.40,1.33,1.32,1.31,1.37,1.23,1.23,1.04,"",-2,-12.5,-16,-2.9,-30,-5.3,-21,-3.8,1278889,22.3,557482,10.3,-36797,-40.9,218,27.5
"20000","5","336214","58","0","2023","1","",10,277,277,264,3185152,2806949,27125,899,"",1.42,0.73,0.62,0.60,0.69,0.59,0.64,1.07,"",-1,-9.1,-19,-6.4,-28,-9.2,-46,-14.8,154612,5.1,-25846,-0.9,-5670,-17.3,131,17.1
"20000","5","3363","56","0","2023","1","",34,2416,2436,2441,33299702,27434417,367988,1054,"",0.67,0.46,0.47,0.47,0.45,0.45,0.36,0.97,"",3,9.7,21,0.9,50,2.1,47,2.0,3623170,12.2,2911991,11.9,-70128,-16.0,100,10.5
"20000","5","33631","57","0","2023","1","",6,223,227,220,3399542,2658226,34032,1171,"",0.81,0.42,0.43,0.42,0.43,0.44,0.36,1.01,"",0,0.0,-12,-5.1,-14,-5.8,-18,-7.6,164795,5.1,9541,0.4,-10610,-23.8,126,12.1
"20000","5","336310","58","0","2023","1","",6,223,227,220,3399542,2658226,34032,1171,"",0.81,0.42,0.43,0.42,0.43,0.44,0.36,1.01,"",0,0.0,-12,-5.1,-14,-5.8,-18,-7.6,164795,5.1,9541,0.4,-10610,-23.8,126,12.1
"20000","5","33632","57","0","2023","1","N",5,0,0,0,0,0,0,0,"N",0.65,0,0,0,0,0,0,0,"N",2,66.7,0,0,0,0,0,0,0,0,0,0,0,0,0,0
"20000","5","336320","58","0","2023","1","N",5,0,0,0,0,0,0,0,"N",0.65,0,0,0,0,0,0,0,"N",2,66.7,0,0,0,0,0,0,0,0,0,0,0,0,0,0
"20000","5","33635","57","0","2023","1","N",3,0,0,0,0,0,0,0,"N",0.59,0,0,0,0,0,0,0,"N",1,50.0,0,0,0,0,0,0,0,0,0,0,0,0,0,0
"20000","5","336350","58","0","2023","1","N",3,0,0,0,0,0,0,0,"N",0.59,0,0,0,0,0,0,0,"N",1,50.0,0,0,0,0,0,0,0,0,0,0,0,0,0,0
"20000","5","33636","57","0","2023","1","",7,513,514,517,6648130,5779352,75301,994,"",1.38,0.75,0.75,0.75,0.82,0.77,0.48,1.10,"",0,0.0,-28,-5.2,-18,-3.4,-17,-3.2,556003,9.1,168943,3.0,-29268,-28.0,119,13.6
"20000","5","336360","58","0","2023","1","",7,513,514,517,6648130,5779352,75301,994,"",1.38,0.75,0.75,0.75,0.82,0.77,0.48,1.10,"",0,0.0,-28,-5.2,-18,-3.4,-17,-3.2,556003,9.1,168943,3.0,-29268,-28.0,119,13.6
"20000","5","33639","57","0","2023","1","",13,1071,1084,1101,13774236,11688231,189113,976,"",0.81,0.75,0.76,0.77,0.75,0.68,0.72,0.99,"",0,0.0,-35,-3.2,-5,-0.5,6,0.5,1490790,12.1,1282288,12.3,-28637,-13.2,114,13.2
"20000","5","336390","58","0","2023","1","",13,1071,1084,1101,13774236,11688231,189113,976,"",0.81,0.75,0.76,0.77,0.75,0.68,0.72,0.99,"",0,0.0,-35,-3.2,-5,-0.5,6,0.5,1490790,12.1,1282288,12.3,-28637,-13.2,114,13.2
"20000","5","3364","56","0","2023","1","",145,29416,29930,29600,726951693,395827902,11373126,1886,"",4.33,6.13,6.19,6.12,5.72,4.67,14.80,0.93,"",-1,-0.7,2982,11.3,3189,11.9,2686,10.0,95730088,15.2,47061353,13.5,-2555760,-18.3,67,3.7
"20000","5","33641","57","0","2023","1","",145,29416,29930,29600,726951693,395827902,11373126,1886,"",4.33,6.13,6.19,6.12,5.72,4.67,14.80,0.93,"",-1,-0.7,2982,11.3,3189,11.9,2686,10.0,95730088,15.2,47061353,13.5,-2555760,-18.3,67,3.7
"20000","5","336411","58","0","2023","1","",21,22555,23082,22768,606109535,311626927,10407907,2045,"",2.50,10.49,10.63,10.53,9.93,6.74,25.16,0.94,"",3,16.7,2546,12.7,2858,14.1,2407,11.8,76592394,14.5,37697921,13.8,-2007990,-16.2,28,1.4
"20000","5","336412","58","0","2023","1","N",13,0,0,0,0,0,0,0,"N",1.86,0,0,0,0,0,0,0,"N",1,8.3,0,0,0,0,0,0,0,0,0,0,0,0,0,0
"20000","5","336413","58","0","2023","1","",110,6211,6202,6198,104680644,75406201,913838,1298,"",7.41,6.73,6.70,6.69,6.00,5.76,5.81,0.89,"N",-6,-5.2,0,0,0,0,0,0,0,0,0,0,0,0,0,0
"20000","5","336414","58","0","2023","1","N",1,0,0,0,0,0,0,0,"N",0.48,0,0,0,0,0,0,0,"N",1,100.0,0,0,0,0,0,0,0,0,0,0,0,0,0,0
"20000","5","3365","56","0","2023","1","",7,109,113,114,2102453,1355069,16443,1444,"",2.27,0.55,0.57,0.57,0.64,0.55,0.30,1.14,"",1,16.7,41,60.3,47,71.2,46,67.6,1047743,99.3,552322,68.8,7506,84.0,239,19.8
"20000","5","33651","57","0","2023","1","",7,109,113,114,2102453,1355069,16443,1444,"",2.27,0.55,0.57,0.57,0.64,0.55,0.30,1.14,"",1,16.7,41,60.3,47,71.2,46,67.6,1047743,99.3,552322,68.8,7506,84.0,239,19.8
"20000","5","336510","58","0","2023","1","",7,109,113,114,2102453,1355069,16443,1444,"",2.27,0.55,0.57,0.57,0.64,0.55,0.30,1.14,"",1,16.7,41,60.3,47,71.2,46,67.6,1047743,99.3,552322,68.8,7506,84.0,239,19.8
"20000","5","3366","56","0","2023","1","N",3,0,0,0,0,0,0,0,"N",0.17,0,0,0,0,0,0,0,"N",0,0.0,0,0,0,0,0,0,0,0,0,0,0,0,0,0
"20000","5","33661","57","0","2023","1","N",3,0,0,0,0,0,0,0,"N",0.17,0,0,0,0,0,0,0,"N",0,0.0,0,0,0,0,0,0,0,0,0,0,0,0,0,0
"20000","5","336612","58","0","2023","1","N",3,0,0,0,0,0,0,0,"N",0.33,0,0,0,0,0,0,0,"N",0,0.0,0,0,0,0,0,0,0,0,0,0,0,0,0,0
"20000","5","3369","56","0","2023","1","",10,115,115,113,2972445,1526744,11518,2000,"",0.90,0.31,0.31,0.30,0.52,0.33,0.15,1.71,"",0,0.0,-62,-35.0,-64,-35.8,-67,-37.2,-172847,-5.5,-514704,-25.2,-24371,-67.9,646,47.7
"20000","5","33699","57","0","2023","1","",10,115,115,113,2972445,1526744,11518,2000,"",0.90,0.31,0.31,0.30,0.52,0.33,0.15,1.71,"",0,0.0,-62,-35.0,-64,-35.8,-67,-37.2,-172847,-5.5,-514704,-25.2,-24371,-67.9,646,47.7
"20000","5","336991","58","0","2023","1","",4,20,22,20,277042,224003,2870,1031,"",0.85,0.20,0.22,0.21,0.19,0.18,0.14,0.89,"",0,0.0,2,11.1,3,15.8,0,0.0,2417,0.9,-6742,-2.9,-1165,-28.9,-81,-7.3
"20000","5","336999","58","0","2023","1","",6,95,93,93,2695403,1302741,8648,2214,"",1.08,0.49,0.48,0.48,1.01,0.51,0.25,2.10,"",0,0.0,-64,-40.3,-67,-41.9,-67,-41.9,-175264,-6.1,-507962,-28.1,-23206,-72.9,831,60.1
"20000","5","337","55","0","2023","1","",141,3268,3241,3228,38831039,31807904,292504,920,"",0.95,0.96,0.96,0.96,1.05,0.82,0.71,1.09,"",-1,-0.7,-85,-2.5,-153,-4.5,-168,-4.9,1856737,5.0,87016,0.3,-169757,-36.7,79,9.4
"20000","5","3371","56","0","2023","1","",102,2558,2532,2518,27915897,23802550,195601,847,"",0.98,1.19,1.18,1.18,1.28,0.97,0.89,1.09,"",-1,-1.0,9,0.4,-52,-2.0,-74,-2.9,1449173,5.5,211825,0.9,-134114,-40.7,56,7.1
"20000","5","33711","57","0","2023","1","",75,2306,2302,2280,25522882,21522088,164879,855,"",1.15,2.08,2.09,2.08,2.28,1.71,1.36,1.09,"",-1,-1.3,5,0.2,-17,-0.7,-52,-2.2,1206727,5.0,17155,0.1,-135031,-45.0,48,5.9
"20000","5","337110","58","0","2023","1","",75,2306,2302,2280,25522882,21522088,164879,855,"",1.15,2.08,2.09,2.08,2.28,1.71,1.36,1.09,"",-1,-1.3,5,0.2,-17,-0.7,-52,-2.2,1206727,5.0,17155,0.1,-135031,-45.0,48,5.9
"20000","5","33712","57","0","2023","1","",27,252,230,238,2393015,2280462,30722,767,"",0.70,0.24,0.22,0.23,0.23,0.19,0.31,0.99,"",0,0.0,4,1.6,-35,-13.2,-22,-8.5,242446,11.3,194670,9.3,917,3.1,125,19.5
"20000","5","337121","58","0","2023","1","N",1,0,0,0,0,0,0,0,"N",0.14,0,0,0,0,0,0,0,"N",0,0.0,0,0,0,0,0,0,0,0,0,0,0,0,0,0
"20000","5","337122","58","0","2023","1","",17,125,122,114,1139721,1119478,20777,729,"",0.82,0.47,0.46,0.43,0.46,0.40,0.70,1.01,"",0,0.0,28,28.9,13,11.9,4,3.6,237653,26.3,237772,27.0,765,3.8,70,10.6
"20000","5","337126","58","0","2023","1","N",1,0,0,0,0,0,0,0,"N",0.20,0,0,0,0,0,0,0,"N",0,0.0,0,0,0,0,0,0,0,0,0,0,0,0,0,0
"20000","5","337127","58","0","2023","1","",8,84,84,90,816378,757933,8876,730,"",1.37,0.39,0.39,0.42,0.31,0.30,0.31,0.77,"",0,0.0,2,2.4,3,3.7,6,7.1,62788,8.3,44833,6.3,493,5.9,26,3.7
"20000","5","3372","56","0","2023","1","",31,508,509,508,7883722,5483801,57215,1193,"",0.87,0.54,0.55,0.55,0.66,0.49,0.37,1.22,"",-1,-3.1,-4,-0.8,-2,-0.4,-12,-2.3,1270562,19.2,472551,9.4,-33352,-36.8,204,20.6
"20000","5","33721","57","0","2023","1","",31,508,509,508,7883722,5483801,57215,1193,"",0.87,0.54,0.55,0.55,0.66,0.49,0.37,1.22,"",-1,-3.1,-4,-0.8,-2,-0.4,-12,-2.3,1270562,19.2,472551,9.4,-33352,-36.8,204,20.6
"20000","5","337211","58","0","2023","1","",5,55,55,56,586127,550688,7832,815,"",1.13,0.36,0.36,0.37,0.33,0.31,0.36,0.92,"",-1,-16.7,1,1.9,1,1.9,0,0.0,19904,3.5,24421,4.6,-1123,-12.5,18,2.3
"20000","5","337212","58","0","2023","1","",11,145,147,145,1743758,1531511,29009,921,"",0.67,0.60,0.60,0.59,0.57,0.50,0.66,0.96,"",-1,-8.3,-2,-1.4,-1,-0.7,-5,-3.3,226087,14.9,181413,13.4,-17881,-38.1,134,17.0
"20000","5","337214","58","0","2023","1","",5,72,72,71,1352690,793262,7517,1452,"",1.34,0.40,0.40,0.40,0.47,0.35,0.24,1.20,"",0,0.0,2,2.9,0,0.0,1,1.4,182980,15.6,34078,4.5,-6453,-46.2,179,14.1
"20000","5","337215","58","0","2023","1","",10,236,235,236,4201147,2608340,12857,1371,"",0.90,0.66,0.66,0.66,0.99,0.63,0.23,1.50,"",1,11.1,-5,-2.1,-2,-0.8,-8,-3.3,841591,25.1,232639,9.8,-7895,-38.0,297,27.7
"20000","5","3379","56","0","2023","1","",8,202,200,202,3031420,2521553,39688,1158,"",0.91,0.68,0.68,0.69,0.93,0.75,1.05,1.36,"",1,14.3,-90,-30.8,-99,-33.1,-82,-28.9,-862998,-22.2,-597360,-19.2,-2291,-5.5,131,12.8
"20000","5","33791","57","0","2023","1","N",7,0,0,0,0,0,0,0,"N",1.42,0,0,0,0,0,0,0,"N",1,16.7,0,0,0,0,0,0,0,0,0,0,0,0,0,0
"20000","5","337910","58","0","2023","1","N",7,0,0,0,0,0,0,0,"N",1.42,0,0,0,0,0,0,0,"N",1,16.7,0,0,0,0,0,0,0,0,0,0,0,0,0,0
"20000","5","33792","57","0","2023","1","N",1,0,0,0,0,0,0,0,"N",0.26,0,0,0,0,0,0,0,"N",0,0.0,0,0,0,0,0,0,0,0,0,0,0,0,0,0
"20000","5","337920","58","0","2023","1","N",1,0,0,0,0,0,0,0,"N",0.26,0,0,0,0,0,0,0,"N",0,0.0,0,0,0,0,0,0,0,0,0,0,0,0,0,0
"20000","5","339","55","0","2023","1","",241,3117,3120,3117,45700953,32363271,328639,1127,"",0.81,0.54,0.54,0.54,0.48,0.44,0.40,0.89,"",7,3.0,-739,-19.2,-764,-19.7,-792,-20.3,-5974083,-11.6,-5883951,-15.4,-232307,-41.4,103,10.1
"20000","5","3391","56","0","2023","1","",90,1202,1197,1185,19940375,13182965,104216,1284,"",0.80,0.39,0.39,0.38,0.34,0.32,0.25,0.88,"",6,7.1,-127,-9.6,-127,-9.6,-149,-11.2,544837,2.8,-211014,-1.6,-39355,-27.4,161,14.3
"20000","5","33911","57","0","2023","1","",90,1202,1197,1185,19940375,13182965,104216,1284,"",0.80,0.39,0.39,0.38,0.34,0.32,0.25,0.88,"",6,7.1,-127,-9.6,-127,-9.6,-149,-11.2,544837,2.8,-211014,-1.6,-39355,-27.4,161,14.3
"20000","5","339112","58","0","2023","1","",22,301,299,291,6375563,3682383,26090,1651,"",0.72,0.23,0.23,0.22,0.22,0.19,0.14,0.99,"",4,22.2,1,0.3,-7,-2.3,-18,-5.8,550159,9.4,239800,7.0,-6074,-18.9,182,12.4
"20000","5","339113","58","0","2023","1","",24,334,332,335,4989093,3277106,43902,1150,"",0.86,0.34,0.34,0.34,0.26,0.25,0.32,0.76,"",2,9.1,-91,-21.4,-87,-20.8,-91,-21.4,-698351,-12.3,-651080,-16.6,-15249,-25.8,117,11.3
"20000","5","339114","58","0","2023","1","",3,11,11,10,329623,133443,2039,2377,"",0.44,0.07,0.07,0.06,0.13,0.06,0.08,1.86,"",0,0.0,-1,-8.3,-1,-8.3,-2,-16.7,-15067,-4.4,1191,0.9,-442,-17.8,167,7.6
"20000","5","339115","58","0","2023","1","",6,86,86,85,1208450,883662,4571,1085,"",1.13,0.39,0.39,0.39,0.33,0.37,0.18,0.85,"",0,0.0,-10,-10.4,-13,-13.1,-15,-15.0,4721,0.4,-80187,-8.3,-10041,-68.7,143,15.2
"20000","5","339116","58","0","2023","1","",35,470,469,464,7037646,5206371,27614,1158,"",0.84,1.15,1.16,1.14,1.60,1.22,0.63,1.39,"",0,0.0,-26,-5.2,-19,-3.9,-23,-4.7,703375,11.1,279262,5.7,-7549,-21.5,164,16.5
"20000","5","3399","56","0","2023","1","",151,1915,1923,1932,25760578,19180306,224423,1030,"",0.82,0.70,0.71,0.71,0.70,0.58,0.58,0.99,"",1,0.7,-612,-24.2,-637,-24.9,-643,-25.0,-6518920,-20.2,-5672937,-22.8,-192952,-46.2,58,6.0
"20000","5","33991","57","0","2023","1","",6,9,10,8,39880,39880,567,341,"",0.33,0.04,0.05,0.04,0.02,0.02,0.02,0.37,"",-2,-25.0,-6,-40.0,-6,-37.5,-8,-50.0,-24581,-38.1,-18236,-31.4,-600,-51.4,24,7.6
"20000","5","339910","58","0","2023","1","",6,9,10,8,39880,39880,567,341,"",0.33,0.04,0.05,0.04,0.02,0.02,0.02,0.37,"",-2,-25.0,-6,-40.0,-6,-37.5,-8,-50.0,-24581,-38.1,-18236,-31.4,-600,-51.4,24,7.6
"20000","5","33992","57","0","2023","1","",14,115,113,114,1359982,926910,10123,918,"",0.76,0.28,0.27,0.28,0.21,0.18,0.16,0.76,"",-2,-12.5,-526,-82.1,-535,-82.6,-529,-82.3,-7838617,-85.2,-5805174,-86.2,-131623,-92.9,-181,-16.5
"20000","5","339920","58","0","2023","1","",14,115,113,114,1359982,926910,10123,918,"",0.76,0.28,0.27,0.28,0.21,0.18,0.16,0.76,"",-2,-12.5,-526,-82.1,-535,-82.6,-529,-82.3,-7838617,-85.2,-5805174,-86.2,-131623,-92.9,-181,-16.5
"20000","5","33993","57","0","2023","1","N",3,0,0,0,0,0,0,0,"N",0.42,0,0,0,0,0,0,0,"N",-1,-25.0,0,0,0,0,0,0,0,0,0,0,0,0,0,0
"20000","5","339930","58","0","2023","1","N",3,0,0,0,0,0,0,0,"N",0.42,0,0,0,0,0,0,0,"N",-1,-25.0,0,0,0,0,0,0,0,0,0,0,0,0,0,0
"20000","5","33994","57","0","2023","1","N",3,0,0,0,0,0,0,0,"N",0.72,0,0,0,0,0,0,0,"N",0,0.0,0,0,0,0,0,0,0,0,0,0,0,0,0,0
"20000","5","339940","58","0","2023","1","N",3,0,0,0,0,0,0,0,"N",0.72,0,0,0,0,0,0,0,"N",0,0.0,0,0,0,0,0,0,0,0,0,0,0,0,0,0
"20000","5","33995","57","0","2023","1","",85,913,910,908,13422648,10054240,115263,1134,"",1.40,1.30,1.30,1.29,1.65,1.22,1.33,1.28,"",1,1.2,25,2.8,17,1.9,5,0.6,1561938,13.2,639646,6.8,-32605,-22.1,114,11.2
"20000","5","339950","58","0","2023","1","",85,913,910,908,13422648,10054240,115263,1134,"",1.40,1.30,1.30,1.29,1.65,1.22,1.33,1.28,"",1,1.2,25,2.8,17,1.9,5,0.6,1561938,13.2,639646,6.8,-32605,-22.1,114,11.2
"20000","5","33999","57","0","2023","1","",40,694,707,721,9422440,6911690,93412,1025,"",0.53,0.58,0.59,0.60,0.58,0.47,0.53,0.98,"",5,14.3,-55,-7.3,-65,-8.4,-66,-8.4,191229,2.1,-192386,-2.7,-18403,-16.5,102,11.1
"20000","5","339991","58","0","2023","1","",8,53,52,54,834898,519311,4075,1212,"",1.25,0.20,0.19,0.20,0.22,0.16,0.10,1.12,"",3,60.0,7,15.2,6,13.0,9,20.0,186905,28.8,94063,22.1,-1496,-26.9,120,11.0
"20000","5","339992","58","0","2023","1","N",4,0,0,0,0,0,0,0,"N",0.68,0,0,0,0,0,0,0,"N",0,0.0,0,0,0,0,0,0,0,0,0,0,0,0,0,0
"20000","5","339993","58","0","2023","1","N",1,0,0,0,0,0,0,0,"N",0.65,0,0,0,0,0,0,0,"N",0,0.0,0,0,0,0,0,0,0,0,0,0,0,0,0,0
"20000","5","339994","58","0","2023","1","",5,244,245,245,3893787,2792813,24630,1224,"",2.82,3.17,3.18,3.21,4.18,2.91,3.02,1.31,"",0,0.0,0,0.0,-8,-3.2,-6,-2.4,410446,11.8,94868,3.5,-21127,-46.2,149,13.9
"20000","5","339999","58","0","2023","1","",22,361,372,382,4304908,3295125,62824,891,"",0.37,0.55,0.56,0.58,0.47,0.39,0.60,0.83,"",3,15.8,-48,-11.7,-51,-12.1,-59,-13.4,-337201,-7.3,-280872,-7.9,4392,7.5,49,5.8
"20000","5","42","54","0","2023","1","",7498,58469,58494,58643,1344433273,695075679,7747439,1767,"",1.45,1.04,1.04,1.04,1.15,0.92,0.96,1.11,"",237,3.3,2083,3.7,2075,3.7,2029,3.6,133630505,11.0,49464739,7.7,-1940942,-20.0,118,7.2
"20000","5","423","55","0","2023","1","",3911,31332,31334,31440,718551866,378279625,4374120,1762,"",1.45,1.01,1.00,1.01,1.11,0.89,0.98,1.11,"",107,2.8,831,2.7,902,3.0,947,3.1,85210194,13.5,23396253,6.6,-1150880,-20.8,163,10.2
"20000","5","4231","56","0","2023","1","",314,3649,3687,3670,57905970,40240444,403765,1214,"",1.44,1.06,1.07,1.06,1.08,0.95,0.92,1.02,"",9,3.0,219,6.4,223,6.4,213,6.2,7446180,14.8,4374299,12.2,-100540,-19.9,89,7.9
"20000","5","42311","57","0","2023","1","",92,1448,1451,1450,25439206,16838089,197244,1350,"",1.50,1.16,1.16,1.15,1.15,1.04,1.29,1.00,"",1,1.1,25,1.8,5,0.3,13,0.9,1518066,6.3,895480,5.6,-45819,-18.9,68,5.3
"20000","5","423110","58","0","2023","1","",92,1448,1451,1450,25439206,16838089,197244,1350,"",1.50,1.16,1.16,1.15,1.15,1.04,1.29,1.00,"",1,1.1,25,1.8,5,0.3,13,0.9,1518066,6.3,895480,5.6,-45819,-18.9,68,5.3
"20000","5","42312","57","0","2023","1","",164,1781,1805,1791,27082041,18925386,163605,1162,"",1.36,1.07,1.08,1.07,1.09,0.96,0.72,1.02,"",7,4.5,193,12.2,191,11.8,183,11.4,5383717,24.8,3056790,19.3,-41916,-20.4,121,11.6
"20000","5","423120","58","0","2023","1","",164,1781,1805,1791,27082041,18925386,163605,1162,"",1.36,1.07,1.08,1.07,1.09,0.96,0.72,1.02,"",7,4.5,193,12.2,191,11.8,183,11.4,5383717,24.8,3056790,19.3,-41916,-20.4,121,11.6
"20000","5","42313","57","0","2023","1","",19,206,206,206,2997819,2377274,25783,1119,"",0.99,0.66,0.66,0.66,0.69,0.64,0.67,1.05,"",0,0.0,10,5.1,10,5.1,6,3.0,183193,6.5,179030,8.1,-10323,-28.6,22,2.0
"20000","5","423130","58","0","2023","1","",19,206,206,206,2997819,2377274,25783,1119,"",0.99,0.66,0.66,0.66,0.69,0.64,0.67,1.05,"",0,0.0,10,5.1,10,5.1,6,3.0,183193,6.5,179030,8.1,-10323,-28.6,22,2.0
"20000","5","42314","57","0","2023","1","",39,214,225,223,2386904,2099695,17133,832,"",2.27,1.02,1.07,1.05,0.96,0.82,0.79,0.92,"",1,2.6,-9,-4.0,17,8.2,11,5.2,361204,17.8,242999,13.1,-2482,-12.7,105,14.4
"20000","5","423140","58","0","2023","1","",39,214,225,223,2386904,2099695,17133,832,"",2.27,1.02,1.07,1.05,0.96,0.82,0.79,0.92,"",1,2.6,-9,-4.0,17,8.2,11,5.2,361204,17.8,242999,13.1,-2482,-12.7,105,14.4
"20000","5","4232","56","0","2023","1","",93,650,616,604,12157500,6943793,95609,1500,"",0.87,0.61,0.58,0.57,0.70,0.52,0.60,1.20,"",7,8.1,-142,-17.9,-166,-21.2,-168,-21.8,525159,4.5,-918643,-11.7,-48955,-33.9,356,31.1
"20000","5","42321","57","0","2023","1","",38,154,153,151,3192942,1949242,28294,1609,"",0.78,0.32,0.32,0.32,0.39,0.32,0.39,1.23,"",2,5.6,-85,-35.6,-80,-34.3,-65,-30.1,-411286,-11.4,-915610,-32.0,-30013,-51.5,400,33.1
"20000","5","423210","58","0","2023","1","",38,154,153,151,3192942,1949242,28294,1609,"",0.78,0.32,0.32,0.32,0.39,0.32,0.39,1.23,"",2,5.6,-85,-35.6,-80,-34.3,-65,-30.1,-411286,-11.4,-915610,-32.0,-30013,-51.5,400,33.1
"20000","5","42322","57","0","2023","1","",55,496,463,453,8964558,4994551,67315,1465,"",0.95,0.84,0.79,0.78,0.98,0.68,0.78,1.22,"",5,10.0,-57,-10.3,-86,-15.7,-103,-18.5,936445,11.7,-3033,-0.1,-18942,-22.0,348,31.2
"20000","5","423220","58","0","2023","1","",55,496,463,453,8964558,4994551,67315,1465,"",0.95,0.84,0.79,0.78,0.98,0.68,0.78,1.22,"",5,10.0,-57,-10.3,-86,-15.7,-103,-18.5,936445,11.7,-3033,-0.1,-18942,-22.0,348,31.2
"20000","5","4233","56","0","2023","1","",258,2532,2503,2540,67195710,30645489,415228,2047,"",1.29,1.06,1.05,1.06,1.51,0.96,1.19,1.43,"",6,2.4,180,7.7,236,10.4,202,8.6,13546650,25.3,3063320,11.1,-202702,-32.8,267,15.0
"20000","5","42331","57","0","2023","1","",79,933,915,927,22504665,11154395,143443,1871,"",1.03,0.88,0.87,0.88,1.11,0.77,1.05,1.27,"",-5,-6.0,55,6.3,127,16.1,66,7.7,2323492,11.5,573942,5.4,-30754,-17.7,28,1.5
"20000","5","423310","58","0","2023","1","",79,933,915,927,22504665,11154395,143443,1871,"",1.03,0.88,0.87,0.88,1.11,0.77,1.05,1.27,"",-5,-6.0,55,6.3,127,16.1,66,7.7,2323492,11.5,573942,5.4,-30754,-17.7,28,1.5
"20000","5","42332","57","0","2023","1","",66,653,645,670,16852288,7848036,102387,1976,"",1.26,1.08,1.07,1.10,1.72,1.03,1.03,1.59,"",3,4.8,40,6.5,37,6.1,59,9.7,3439043,25.6,1065528,15.7,-7622,-6.9,286,16.9
"20000","5","423320","58","0","2023","1","",66,653,645,670,16852288,7848036,102387,1976,"",1.26,1.08,1.07,1.10,1.72,1.03,1.03,1.59,"",3,4.8,40,6.5,37,6.1,59,9.7,3439043,25.6,1065528,15.7,-7622,-6.9,286,16.9
"20000","5","42333","57","0","2023","1","",45,568,567,573,19754751,7113011,91429,2669,"",1.40,1.41,1.42,1.42,2.23,1.34,1.38,1.57,"",4,9.8,46,8.8,40,7.6,42,7.9,6168267,45.4,834232,13.3,-169201,-64.9,685,34.5
"20000","5","423330","58","0","2023","1","",45,568,567,573,19754751,7113011,91429,2669,"",1.40,1.41,1.42,1.42,2.23,1.34,1.38,1.57,"",4,9.8,46,8.8,40,7.6,42,7.9,6168267,45.4,834232,13.3,-169201,-64.9,685,34.5
"20000","5","42339","57","0","2023","1","",68,378,376,370,8084006,4530047,77969,1660,"",1.72,1.17,1.16,1.14,1.45,1.00,1.71,1.25,"",4,6.2,39,11.5,32,9.3,35,10.4,1615848,25.0,589618,15.0,4875,6.7,194,13.2
"20000","5","423390","58","0","2023","1","",68,378,376,370,8084006,4530047,77969,1660,"",1.72,1.17,1.16,1.14,1.45,1.00,1.71,1.25,"",4,6.2,39,11.5,32,9.3,35,10.4,1615848,25.0,589618,15.0,4875,6.7,194,13.2
"20000","5","4234","56","0","2023","1","",963,4954,4974,4947,157305024,63566309,805323,2440,"",1.64,0.72,0.72,0.72,0.82,0.62,0.72,1.15,"",16,1.7,-124,-2.4,-115,-2.3,-92,-1.8,5524648,3.6,-428605,-0.7,-278121,-25.7,137,5.9
"20000","5","42341","57","0","2023","1","",10,103,103,97,1359745,1084642,7655,1036,"",0.96,0.89,0.88,0.84,0.52,0.55,0.34,0.59,"",0,0.0,13,14.4,11,12.0,7,7.8,29706,2.2,143707,15.3,-4247,-35.7,-92,-8.2
"20000","5","423410","58","0","2023","1","",10,103,103,97,1359745,1084642,7655,1036,"",0.96,0.89,0.88,0.84,0.52,0.55,0.34,0.59,"",0,0.0,13,14.4,11,12.0,7,7.8,29706,2.2,143707,15.3,-4247,-35.7,-92,-8.2
"20000","5","42342","57","0","2023","1","",69,631,635,632,11525583,7599405,91103,1401,"",1.42,0.99,0.99,0.99,1.09,0.87,0.87,1.11,"",1,1.5,-19,-2.9,-11,-1.7,-2,-0.3,1009153,9.6,298642,4.1,-15731,-14.7,144,11.5
"20000","5","423420","58","0","2023","1","",69,631,635,632,11525583,7599405,91103,1401,"",1.42,0.99,0.99,0.99,1.09,0.87,0.87,1.11,"",1,1.5,-19,-2.9,-11,-1.7,-2,-0.3,1009153,9.6,298642,4.1,-15731,-14.7,144,11.5
"20000","5","42343","57","0","2023","1","",284,1040,1035,1034,39634930,13360787,215211,2942,"",1.97,0.47,0.47,0.47,0.50,0.39,0.56,1.07,"",5,1.8,-176,-14.5,-199,-16.1,-202,-16.3,-1924249,-4.6,-2282264,-14.6,-117743,-35.4,340,13.1
"20000","5","423430","58","0","2023","1","",284,1040,1035,1034,39634930,13360787,215211,2942,"",1.97,0.47,0.47,0.47,0.50,0.39,0.56,1.07,"",5,1.8,-176,-14.5,-199,-16.1,-202,-16.3,-1924249,-4.6,-2282264,-14.6,-117743,-35.4,340,13.1
"20000","5","42344","57","0","2023","1","",64,412,406,418,8745125,5322176,58461,1633,"",1.19,0.77,0.76,0.78,0.99,0.77,0.80,1.28,"",-5,-7.2,-58,-12.3,-52,-11.4,-45,-9.7,-963170,-9.9,-552161,-9.4,-41980,-41.8,22,1.4
"20000","5","423440","58","0","2023","1","",64,412,406,418,8745125,5322176,58461,1633,"",1.19,0.77,0.76,0.78,0.99,0.77,0.80,1.28,"",-5,-7.2,-58,-12.3,-52,-11.4,-45,-9.7,-963170,-9.9,-552161,-9.4,-41980,-41.8,22,1.4
"20000","5","42345","57","0","2023","1","",462,2312,2328,2302,86421761,30441728,373909,2873,"",1.70,0.81,0.82,0.81,1.10,0.71,0.83,1.36,"",9,2.0,105,4.8,115,5.2,125,5.7,6554882,8.2,1495744,5.2,-69138,-15.6,79,2.8
"20000","5","423450","58","0","2023","1","",462,2312,2328,2302,86421761,30441728,373909,2873,"",1.70,0.81,0.82,0.81,1.10,0.71,0.83,1.36,"",9,2.0,105,4.8,115,5.2,125,5.7,6554882,8.2,1495744,5.2,-69138,-15.6,79,2.8
"20000","5","42346","57","0","2023","1","",21,35,35,34,1123699,461762,8422,2493,"",1.09,0.17,0.17,0.17,0.30,0.18,0.26,1.80,"",1,5.0,2,6.1,4,12.9,1,3.0,204657,22.3,10057,2.2,-1246,-12.9,307,14.0
"20000","5","423460","58","0","2023","1","",21,35,35,34,1123699,461762,8422,2493,"",1.09,0.17,0.17,0.17,0.30,0.18,0.26,1.80,"",1,5.0,2,6.1,4,12.9,1,3.0,204657,22.3,10057,2.2,-1246,-12.9,307,14.0
"20000","5","42349","57","0","2023","1","",53,421,432,430,8494181,5295809,50562,1528,"",1.40,1.20,1.23,1.21,1.08,1.01,1.00,0.89,"",5,10.4,9,2.2,17,4.1,24,5.9,613669,7.8,457670,9.5,-28036,-35.7,53,3.6
"20000","5","423490","58","0","2023","1","",53,421,432,430,8494181,5295809,50562,1528,"",1.40,1.20,1.23,1.21,1.08,1.01,1.00,0.89,"",5,10.4,9,2.2,17,4.1,24,5.9,613669,7.8,457670,9.5,-28036,-35.7,53,3.6
"20000","5","4235","56","0","2023","1","",101,1392,1416,1398,36100894,16414565,178603,1981,"",1.10,1.14,1.15,1.13,1.42,1.02,0.98,1.25,"",0,0.0,183,15.1,193,15.8,163,13.2,7970867,28.3,1735974,11.8,-66478,-27.1,211,11.9
"20000","5","42351","57","0","2023","1","",94,1383,1407,1389,35843346,16289377,176263,1979,"",1.07,1.15,1.17,1.15,1.47,1.03,0.99,1.27,"",0,0.0,191,16.0,202,16.8,173,14.2,8048958,29.0,1831854,12.7,-64793,-26.9,204,11.5
"20000","5","423510","58","0","2023","1","",94,1383,1407,1389,35843346,16289377,176263,1979,"",1.07,1.15,1.17,1.15,1.47,1.03,0.99,1.27,"",0,0.0,191,16.0,202,16.8,173,14.2,8048958,29.0,1831854,12.7,-64793,-26.9,204,11.5
"20000","5","42352","57","0","2023","1","",7,9,9,9,257548,125188,2340,2201,"",1.66,0.36,0.36,0.36,0.26,0.39,0.50,0.71,"",0,0.0,-8,-47.1,-9,-50.0,-10,-52.6,-78091,-23.3,-95880,-43.4,-1685,-41.9,767,53.5
"20000","5","423520","58","0","2023","1","",7,9,9,9,257548,125188,2340,2201,"",1.66,0.36,0.36,0.36,0.26,0.39,0.50,0.71,"",0,0.0,-8,-47.1,-9,-50.0,-10,-52.6,-78091,-23.3,-95880,-43.4,-1685,-41.9,767,53.5
"20000","5","4236","56","0","2023","1","",413,2789,2808,2810,75581745,34809349,443317,2075,"",1.32,0.81,0.82,0.82,0.89,0.71,0.85,1.09,"",17,4.3,61,2.2,75,2.7,87,3.2,10472475,16.1,2403374,7.4,-60439,-12.0,239,13.0
"20000","5","42361","57","0","2023","1","",218,1592,1606,1607,43819401,19786592,241282,2105,"",1.45,0.90,0.90,0.90,1.09,0.79,0.98,1.21,"",14,6.9,112,7.6,117,7.9,130,8.8,8448105,23.9,2416170,13.9,-21814,-8.3,269,14.7
"20000","5","423610","58","0","2023","1","",218,1592,1606,1607,43819401,19786592,241282,2105,"",1.45,0.90,0.90,0.90,1.09,0.79,0.98,1.21,"",14,6.9,112,7.6,117,7.9,130,8.8,8448105,23.9,2416170,13.9,-21814,-8.3,269,14.7
"20000","5","42362","57","0","2023","1","",53,499,493,497,10706930,5734534,98096,1659,"",1.38,1.54,1.53,1.54,1.49,1.23,1.69,0.97,"",-2,-3.6,55,12.4,45,10.0,48,10.7,1657306,18.3,795352,16.1,26725,37.4,102,6.6
"20000","5","423620","58","0","2023","1","",53,499,493,497,10706930,5734534,98096,1659,"",1.38,1.54,1.53,1.54,1.49,1.23,1.69,0.97,"",-2,-3.6,55,12.4,45,10.0,48,10.7,1657306,18.3,795352,16.1,26725,37.4,102,6.6
"20000","5","42369","57","0","2023","1","",142,698,709,706,21055414,9288223,103939,2300,"",1.15,0.52,0.53,0.53,0.56,0.47,0.47,1.07,"",5,3.6,-106,-13.2,-87,-10.9,-91,-11.4,367064,1.8,-808148,-8.0,-65350,-38.6,308,15.5
"20000","5","423690","58","0","2023","1","",142,698,709,706,21055414,9288223,103939,2300,"",1.15,0.52,0.53,0.53,0.56,0.47,0.47,1.07,"",5,3.6,-106,-13.2,-87,-10.9,-91,-11.4,367064,1.8,-808148,-8.0,-65350,-38.6,308,15.5
"20000","5","4237","56","0","2023","1","",290,2448,2442,2435,61605687,31198436,328521,1941,"",1.32,0.86,0.85,0.85,1.15,0.82,0.88,1.34,"",1,0.3,-11,-0.4,-17,-0.7,-20,-0.8,4357520,7.6,836590,2.8,-97389,-22.9,149,8.3
"20000","5","42371","57","0","2023","1","",80,436,435,441,8543988,4847383,53211,1503,"",1.21,0.51,0.51,0.52,0.64,0.45,0.48,1.25,"",2,2.6,5,1.2,1,0.2,0,0.0,547472,6.8,318660,7.0,-12024,-18.4,90,6.4
"20000","5","423710","58","0","2023","1","",80,436,435,441,8543988,4847383,53211,1503,"",1.21,0.51,0.51,0.52,0.64,0.45,0.48,1.25,"",2,2.6,5,1.2,1,0.2,0,0.0,547472,6.8,318660,7.0,-12024,-18.4,90,6.4
"20000","5","42372","57","0","2023","1","",106,1003,1002,995,24497808,13242824,116414,1884,"",1.27,0.90,0.90,0.90,1.15,0.87,0.83,1.27,"",0,0.0,7,0.7,0,0.0,5,0.5,2211752,9.9,389001,3.0,-36226,-23.7,163,9.5
"20000","5","423720","58","0","2023","1","",106,1003,1002,995,24497808,13242824,116414,1884,"",1.27,0.90,0.90,0.90,1.15,0.87,0.83,1.27,"",0,0.0,7,0.7,0,0.0,5,0.5,2211752,9.9,389001,3.0,-36226,-23.7,163,9.5
"20000","5","42373","57","0","2023","1","",75,828,827,826,23990075,10912390,125406,2231,"",1.33,1.10,1.09,1.09,1.46,1.08,1.20,1.33,"",0,0.0,-19,-2.2,-5,-0.6,-13,-1.5,1301327,5.7,232222,2.2,-40372,-24.4,152,7.3
"20000","5","423730","58","0","2023","1","",75,828,827,826,23990075,10912390,125406,2231,"",1.33,1.10,1.09,1.09,1.46,1.08,1.20,1.33,"",0,0.0,-19,-2.2,-5,-0.6,-13,-1.5,1301327,5.7,232222,2.2,-40372,-24.4,152,7.3
"20000","5","42374","57","0","2023","1","",29,181,178,173,4573816,2195839,33490,1984,"",2.07,1.28,1.26,1.23,1.88,1.19,1.85,1.50,"",-1,-3.3,-4,-2.2,-13,-6.8,-12,-6.5,296969,6.9,-103293,-4.5,-8767,-20.7,225,12.8
"20000","5","423740","58","0","2023","1","",29,181,178,173,4573816,2195839,33490,1984,"",2.07,1.28,1.26,1.23,1.88,1.19,1.85,1.50,"",-1,-3.3,-4,-2.2,-13,-6.8,-12,-6.5,296969,6.9,-103293,-4.5,-8767,-20.7,225,12.8
"20000","5","4238","56","0","2023","1","",1174,11059,11049,11177,216736900,133676488,1439563,1503,"",1.91,1.60,1.59,1.60,1.66,1.39,1.58,1.04,"",25,2.2,438,4.1,472,4.5,544,5.1,30056711,16.1,10714883,8.7,-273219,-16.0,150,11.1
"20000","5","42381","57","0","2023","1","",78,1266,1252,1261,26105233,15473465,148180,1594,"",1.65,1.37,1.35,1.35,1.38,1.11,1.34,1.02,"",6,8.3,101,8.7,106,9.2,119,10.4,3954995,17.9,1990444,14.8,-32686,-18.1,114,7.7
"20000","5","423810","58","0","2023","1","",78,1266,1252,1261,26105233,15473465,148180,1594,"",1.65,1.37,1.35,1.35,1.38,1.11,1.34,1.02,"",6,8.3,101,8.7,106,9.2,119,10.4,3954995,17.9,1990444,14.8,-32686,-18.1,114,7.7
"20000","5","42382","57","0","2023","1","",291,3801,3792,3876,66812815,44010685,515783,1344,"",3.86,3.57,3.57,3.62,3.96,3.01,5.03,1.10,"",5,1.7,107,2.9,114,3.1,128,3.4,7842859,13.3,2314771,5.6,6751,1.3,120,9.8
"20000","5","423820","58","0","2023","1","",291,3801,3792,3876,66812815,44010685,515783,1344,"",3.86,3.57,3.57,3.62,3.96,3.01,5.03,1.10,"",5,1.7,107,2.9,114,3.1,128,3.4,7842859,13.3,2314771,5.6,6751,1.3,120,9.8
"20000","5","42383","57","0","2023","1","",484,3932,3931,3968,83109447,49231964,529608,1621,"",1.64,1.27,1.27,1.27,1.33,1.13,1.17,1.05,"",8,1.7,112,2.9,103,2.7,134,3.5,11107301,15.4,3532329,7.7,-188502,-26.2,174,12.0
"20000","5","423830","58","0","2023","1","",484,3932,3931,3968,83109447,49231964,529608,1621,"",1.64,1.27,1.27,1.27,1.33,1.13,1.17,1.05,"",8,1.7,112,2.9,103,2.7,134,3.5,11107301,15.4,3532329,7.7,-188502,-26.2,174,12.0
"20000","5","42384","57","0","2023","1","",188,1037,1025,1018,22539557,13437956,126382,1689,"",1.76,1.06,1.05,1.04,1.30,1.02,0.95,1.23,"",-3,-1.6,67,6.9,51,5.2,51,5.3,4284843,23.5,1627568,13.8,-30510,-19.4,242,16.7
"20000","5","423840","58","0","2023","1","",188,1037,1025,1018,22539557,13437956,126382,1689,"",1.76,1.06,1.05,1.04,1.30,1.02,0.95,1.23,"",-3,-1.6,67,6.9,51,5.2,51,5.3,4284843,23.5,1627568,13.8,-30510,-19.4,242,16.7
"20000","5","42385","57","0","2023","1","",68,493,511,507,7573778,5365699,55388,1157,"",1.27,0.94,0.98,0.97,1.04,0.84,0.88,1.08,"",10,17.2,-31,-5.9,15,3.0,11,2.2,197959,2.7,122061,2.3,-26583,-32.4,34,3.0
"20000","5","423850","58","0","2023","1","",68,493,511,507,7573778,5365699,55388,1157,"",1.27,0.94,0.98,0.97,1.04,0.84,0.88,1.08,"",10,17.2,-31,-5.9,15,3.0,11,2.2,197959,2.7,122061,2.3,-26583,-32.4,34,3.0
"20000","5","42386","57","0","2023","1","",65,530,538,547,10596070,6156719,64222,1514,"",1.76,1.54,1.55,1.57,1.37,1.39,1.23,0.88,"",-1,-1.5,82,18.3,83,18.2,101,22.6,2668754,33.7,1127710,22.4,-1689,-2.6,158,11.7
"20000","5","423860","58","0","2023","1","",65,530,538,547,10596070,6156719,64222,1514,"",1.76,1.54,1.55,1.57,1.37,1.39,1.23,0.88,"",-1,-1.5,82,18.3,83,18.2,101,22.6,2668754,33.7,1127710,22.4,-1689,-2.6,158,11.7
"20000","5","4239","56","0","2023","1","",305,1859,1839,1859,33962436,20784752,264191,1410,"",0.89,0.64,0.63,0.64,0.75,0.58,0.65,1.18,"",26,9.3,27,1.5,1,0.1,18,1.0,5309984,18.5,1615061,8.4,-23037,-8.0,210,17.5
"20000","5","42391","57","0","2023","1","",85,723,724,725,14874739,8665449,124998,1580,"",1.21,1.19,1.20,1.20,1.50,1.16,1.57,1.25,"",7,9.0,-68,-8.6,-62,-7.9,-62,-7.9,895336,6.4,39980,0.5,5850,4.9,215,15.8
"20000","5","423910","58","0","2023","1","",85,723,724,725,14874739,8665449,124998,1580,"",1.21,1.19,1.20,1.20,1.50,1.16,1.57,1.25,"",7,9.0,-68,-8.6,-62,-7.9,-62,-7.9,895336,6.4,39980,0.5,5850,4.9,215,15.8
"20000","5","42392","57","0","2023","1","",19,62,59,60,1205387,605381,6807,1537,"",0.77,0.28,0.27,0.28,0.31,0.21,0.18,1.13,"",4,26.7,13,26.5,9,18.0,8,15.4,252842,26.5,101335,20.1,-188,-2.7,81,5.6
"20000","5","423920","58","0","2023","1","",19,62,59,60,1205387,605381,6807,1537,"",0.77,0.28,0.27,0.28,0.31,0.21,0.18,1.13,"",4,26.7,13,26.5,9,18.0,8,15.4,252842,26.5,101335,20.1,-188,-2.7,81,5.6
"20000","5","42393","57","0","2023","1","",84,692,686,689,11248348,7505689,68480,1256,"",1.29,0.74,0.74,0.74,0.90,0.68,0.60,1.22,"",5,6.3,74,12.0,65,10.5,65,10.4,3320472,41.9,1244832,19.9,-27089,-28.3,274,27.9
"20000","5","423930","58","0","2023","1","",84,692,686,689,11248348,7505689,68480,1256,"",1.29,0.74,0.74,0.74,0.90,0.68,0.60,1.22,"",5,6.3,74,12.0,65,10.5,65,10.4,3320472,41.9,1244832,19.9,-27089,-28.3,274,27.9
"20000","5","42394","57","0","2023","1","",28,56,60,58,847579,480929,5609,1124,"",0.46,0.17,0.18,0.17,0.16,0.12,0.10,0.91,"",4,16.7,1,1.8,6,11.1,5,9.4,77811,10.1,29552,6.5,-1151,-17.0,27,2.5
"20000","5","423940","58","0","2023","1","",28,56,60,58,847579,480929,5609,1124,"",0.46,0.17,0.18,0.17,0.16,0.12,0.10,0.91,"",4,16.7,1,1.8,6,11.1,5,9.4,77811,10.1,29552,6.5,-1151,-17.0,27,2.5
"20000","5","42399","57","0","2023","1","",89,326,310,327,5786383,3527304,58297,1387,"",0.72,0.39,0.38,0.40,0.43,0.34,0.49,1.10,"",6,7.2,7,2.2,-17,-5.2,2,0.6,763523,15.2,199362,6.0,-459,-0.8,193,16.2
"20000","5","423990","58","0","2023","1","",89,326,310,327,5786383,3527304,58297,1387,"",0.72,0.39,0.38,0.40,0.43,0.34,0.49,1.10,"",6,7.2,7,2.2,-17,-5.2,2,0.6,763523,15.2,199362,6.0,-459,-0.8,193,16.2
"20000","5","424","55","0","2023","1","",2265,22987,23002,23094,508351651,266733133,2681012,1698,"",1.55,1.14,1.14,1.14,1.29,1.00,0.94,1.13,"",49,2.2,614,2.7,531,2.4,469,2.1,37260526,7.9,18818573,7.6,-735157,-21.5,87,5.4
"20000","5","4241","56","0","2023","1","",93,860,857,846,18949365,8791510,92892,1706,"",1.17,0.79,0.78,0.78,0.94,0.62,0.58,1.20,"",-8,-7.9,72,9.1,60,7.5,55,7.0,3087305,19.5,614604,7.5,-14387,-13.4,165,10.7
"20000","5","42411","57","0","2023","1","",20,163,155,152,4376142,1971476,21309,2149,"",1.81,1.48,1.40,1.39,1.46,1.23,1.16,1.03,"",0,0.0,17,11.6,11,7.6,12,8.6,1539228,54.3,284561,16.9,-9892,-31.7,627,41.2
"20000","5","424110","58","0","2023","1","",20,163,155,152,4376142,1971476,21309,2149,"",1.81,1.48,1.40,1.39,1.46,1.23,1.16,1.03,"",0,0.0,17,11.6,11,7.6,12,8.6,1539228,54.3,284561,16.9,-9892,-31.7,627,41.2
"20000","5","42412","57","0","2023","1","",38,482,489,481,6629317,3819651,29899,1054,"",1.37,1.28,1.30,1.30,1.32,0.98,0.63,1.02,"",-4,-9.5,56,13.1,45,10.1,42,9.6,1204931,22.2,349610,10.1,-16950,-36.2,98,10.3
"20000","5","424120","58","0","2023","1","",38,482,489,481,6629317,3819651,29899,1054,"",1.37,1.28,1.30,1.30,1.32,0.98,0.63,1.02,"",-4,-9.5,56,13.1,45,10.1,42,9.6,1204931,22.2,349610,10.1,-16950,-36.2,98,10.3
"20000","5","42413","57","0","2023","1","",35,215,213,213,7943906,3000383,41684,2860,"",0.86,0.35,0.35,0.35,0.65,0.35,0.45,1.85,"",-4,-10.3,-1,-0.5,4,1.9,1,0.5,343146,4.5,-19567,-0.6,12455,42.6,106,3.8
"20000","5","424130","58","0","2023","1","",35,215,213,213,7943906,3000383,41684,2860,"",0.86,0.35,0.35,0.35,0.65,0.35,0.45,1.85,"",-4,-10.3,-1,-0.5,4,1.9,1,0.5,343146,4.5,-19567,-0.6,12455,42.6,106,3.8
"20000","5","4242","56","0","2023","1","",304,2063,2081,2091,95207584,27961340,378311,3524,"",1.62,0.87,0.87,0.87,1.03,0.73,0.89,1.19,"",-8,-2.6,78,3.9,88,4.4,101,5.1,4527349,5.0,2189534,8.5,-118598,-23.9,18,0.5
"20000","5","42421","57","0","2023","1","",304,2063,2081,2091,95207584,27961340,378311,3524,"",1.62,0.87,0.87,0.87,1.03,0.73,0.89,1.19,"",-8,-2.6,78,3.9,88,4.4,101,5.1,4527349,5.0,2189534,8.5,-118598,-23.9,18,0.5
"20000","5","424210","58","0","2023","1","",304,2063,2081,2091,95207584,27961340,378311,3524,"",1.62,0.87,0.87,0.87,1.03,0.73,0.89,1.19,"",-8,-2.6,78,3.9,88,4.4,101,5.1,4527349,5.0,2189534,8.5,-118598,-23.9,18,0.5
"20000","5","4243","56","0","2023","1","",95,1273,1260,1302,23949018,14048384,153182,1441,"",0.70,0.94,0.94,0.97,1.06,0.85,0.66,1.12,"",3,3.3,39,3.2,6,0.5,17,1.3,2118552,9.7,851673,6.5,-83263,-35.2,106,7.9
"20000","5","42431","57","0","2023","1","",16,93,94,104,2567170,1001036,18809,2036,"",0.52,0.44,0.45,0.50,0.89,0.40,0.62,1.91,"",-2,-11.1,-45,-32.6,-42,-30.9,-42,-28.8,-450555,-14.9,-504716,-33.5,-9469,-33.5,378,22.8
"20000","5","424310","58","0","2023","1","",16,93,94,104,2567170,1001036,18809,2036,"",0.52,0.44,0.45,0.50,0.89,0.40,0.62,1.91,"",-2,-11.1,-45,-32.6,-42,-30.9,-42,-28.8,-450555,-14.9,-504716,-33.5,-9469,-33.5,378,22.8
"20000","5","42434","57","0","2023","1","",18,83,83,82,2208531,1111315,8430,2055,"",1.14,0.37,0.37,0.37,0.48,0.37,0.23,1.28,"",0,0.0,3,3.8,3,3.8,0,0.0,113363,5.4,39782,3.7,-1783,-17.5,57,2.9
"20000","5","424340","58","0","2023","1","",18,83,83,82,2208531,1111315,8430,2055,"",1.14,0.37,0.37,0.37,0.48,0.37,0.23,1.28,"",0,0.0,3,3.8,3,3.8,0,0.0,113363,5.4,39782,3.7,-1783,-17.5,57,2.9
"20000","5","42435","57","0","2023","1","",61,1097,1083,1116,19173317,11936033,125943,1342,"",0.69,1.20,1.19,1.22,1.27,1.09,0.76,1.06,"",5,8.9,81,8.0,45,4.3,59,5.6,2455744,14.7,1316607,12.4,-72011,-36.4,102,8.2
"20000","5","424350","58","0","2023","1","",61,1097,1083,1116,19173317,11936033,125943,1342,"",0.69,1.20,1.19,1.22,1.27,1.09,0.76,1.06,"",5,8.9,81,8.0,45,4.3,59,5.6,2455744,14.7,1316607,12.4,-72011,-36.4,102,8.2
"20000","5","4244","56","0","2023","1","",380,4491,4553,4537,89814484,56210096,447533,1526,"",0.97,0.60,0.61,0.61,0.78,0.59,0.44,1.29,"",16,4.4,-76,-1.7,-76,-1.6,-105,-2.3,7471579,9.1,2982205,5.6,-182373,-29.0,153,11.1
"20000","5","42441","57","0","2023","1","",43,1820,1872,1876,35656549,23004524,176916,1478,"",0.64,0.76,0.78,0.79,0.98,0.73,0.56,1.26,"",4,10.3,39,2.2,78,4.3,67,3.7,3436831,10.7,1405096,6.5,-74690,-29.7,97,7.0
"20000","5","424410","58","0","2023","1","",43,1820,1872,1876,35656549,23004524,176916,1478,"",0.64,0.76,0.78,0.79,0.98,0.73,0.56,1.26,"",4,10.3,39,2.2,78,4.3,67,3.7,3436831,10.7,1405096,6.5,-74690,-29.7,97,7.0
"20000","5","42442","57","0","2023","1","",31,219,221,205,4501232,2726138,29350,1610,"",1.39,0.69,0.69,0.65,0.84,0.69,0.68,1.25,"",-4,-11.4,3,1.4,5,2.3,16,8.5,637388,16.5,217518,8.7,-9554,-24.6,174,12.1
"20000","5","424420","58","0","2023","1","",31,219,221,205,4501232,2726138,29350,1610,"",1.39,0.69,0.69,0.65,0.84,0.69,0.68,1.25,"",-4,-11.4,3,1.4,5,2.3,16,8.5,637388,16.5,217518,8.7,-9554,-24.6,174,12.1
"20000","5","42443","57","0","2023","1","",30,119,119,120,2118996,1421829,13215,1366,"",1.39,0.39,0.39,0.39,0.44,0.34,0.30,1.12,"",3,11.1,16,15.5,16,15.5,17,16.5,439030,26.1,162719,12.9,-3328,-20.1,111,8.8
"20000","5","424430","58","0","2023","1","",30,119,119,120,2118996,1421829,13215,1366,"",1.39,0.39,0.39,0.39,0.44,0.34,0.30,1.12,"",3,11.1,16,15.5,16,15.5,17,16.5,439030,26.1,162719,12.9,-3328,-20.1,111,8.8
"20000","5","42444","57","0","2023","1","",7,8,8,8,500156,90608,1330,4809,"",1.17,0.08,0.08,0.08,0.33,0.07,0.09,4.40,"",0,0.0,-3,-27.3,-3,-27.3,-3,-27.3,28618,6.1,-25676,-22.1,-668,-33.4,1512,45.9
"20000","5","424440","58","0","2023","1","",7,8,8,8,500156,90608,1330,4809,"",1.17,0.08,0.08,0.08,0.33,0.07,0.09,4.40,"",0,0.0,-3,-27.3,-3,-27.3,-3,-27.3,28618,6.1,-25676,-22.1,-668,-33.4,1512,45.9
"20000","5","42445","57","0","2023","1","",35,273,267,267,5349749,3228892,11828,1530,"",1.11,0.48,0.47,0.47,0.56,0.44,0.16,1.18,"",-2,-5.4,-281,-50.7,-295,-52.5,-308,-53.6,-3624051,-40.4,-2930884,-47.6,-63965,-84.4,305,24.9
"20000","5","424450","58","0","2023","1","",35,273,267,267,5349749,3228892,11828,1530,"",1.11,0.48,0.47,0.47,0.56,0.44,0.16,1.18,"",-2,-5.4,-281,-50.7,-295,-52.5,-308,-53.6,-3624051,-40.4,-2930884,-47.6,-63965,-84.4,305,24.9
"20000","5","42446","57","0","2023","1","",6,8,8,11,623934,126781,971,5333,"",0.27,0.03,0.03,0.04,0.19,0.04,0.03,5.23,"",0,0.0,1,14.3,1,14.3,4,57.1,107987,20.9,14781,13.2,-443,-31.3,-337,-5.9
"20000","5","424460","58","0","2023","1","",6,8,8,11,623934,126781,971,5333,"",0.27,0.03,0.03,0.04,0.19,0.04,0.03,5.23,"",0,0.0,1,14.3,1,14.3,4,57.1,107987,20.9,14781,13.2,-443,-31.3,-337,-5.9
"20000","5","42447","57","0","2023","1","",38,187,198,198,4155200,2170585,26435,1645,"",1.52,0.43,0.45,0.45,0.65,0.41,0.46,1.45,"",3,8.6,13,7.5,26,15.1,27,15.8,-76111,-1.8,217695,11.1,2,0.0,-244,-12.9
"20000","5","424470","58","0","2023","1","",38,187,198,198,4155200,2170585,26435,1645,"",1.52,0.43,0.45,0.45,0.65,0.41,0.46,1.45,"",3,8.6,13,7.5,26,15.1,27,15.8,-76111,-1.8,217695,11.1,2,0.0,-244,-12.9
"20000","5","42448","57","0","2023","1","",17,318,314,305,4892718,3515079,9543,1205,"",0.40,0.37,0.36,0.35,0.43,0.36,0.08,1.21,"",2,13.3,13,4.3,4,1.3,-8,-2.6,34700,0.7,209962,6.4,-8688,-47.7,-3,-0.2
"20000","5","424480","58","0","2023","1","",17,318,314,305,4892718,3515079,9543,1205,"",0.40,0.37,0.36,0.35,0.43,0.36,0.08,1.21,"",2,13.3,13,4.3,4,1.3,-8,-2.6,34700,0.7,209962,6.4,-8688,-47.7,-3,-0.2
"20000","5","42449","57","0","2023","1","",173,1539,1546,1547,32015950,19925660,177945,1595,"",1.12,0.70,0.70,0.69,0.88,0.70,0.56,1.26,"",10,6.1,123,8.7,92,6.3,83,5.7,6487187,25.4,3710994,22.9,-21039,-10.6,236,17.4
"20000","5","424490","58","0","2023","1","",173,1539,1546,1547,32015950,19925660,177945,1595,"",1.12,0.70,0.70,0.69,0.88,0.70,0.56,1.26,"",10,6.1,123,8.7,92,6.3,83,5.7,6487187,25.4,3710994,22.9,-21039,-10.6,236,17.4
"20000","5","4245","56","0","2023","1","",422,5263,5198,5152,82011188,50965956,402126,1212,"",7.31,8.20,8.15,8.07,10.72,6.73,7.07,1.32,"",16,3.9,38,0.7,33,0.6,-31,-0.6,8006384,10.8,2338544,4.8,-106556,-20.9,115,10.5
"20000","5","42451","57","0","2023","1","",356,3440,3412,3418,57986648,36412424,279658,1303,"",11.07,9.70,9.68,9.65,11.27,7.10,8.32,1.17,"",9,2.6,-70,-2.0,-48,-1.4,-30,-0.9,6353326,12.3,617502,1.7,-100010,-26.3,159,13.9
"20000","5","424510","58","0","2023","1","",356,3440,3412,3418,57986648,36412424,279658,1303,"",11.07,9.70,9.68,9.65,11.27,7.10,8.32,1.17,"",9,2.6,-70,-2.0,-48,-1.4,-30,-0.9,6353326,12.3,617502,1.7,-100010,-26.3,159,13.9
"20000","5","42452","57","0","2023","1","",55,1722,1683,1635,22503212,13427437,101795,1030,"",5.28,11.31,11.21,11.00,26.61,13.76,21.21,2.38,"",5,10.0,102,6.3,59,3.6,-21,-1.3,1471770,7.0,1562074,13.2,-21518,-17.4,40,4.0
"20000","5","424520","58","0","2023","1","",55,1722,1683,1635,22503212,13427437,101795,1030,"",5.28,11.31,11.21,11.00,26.61,13.76,21.21,2.38,"",5,10.0,102,6.3,59,3.6,-21,-1.3,1471770,7.0,1562074,13.2,-21518,-17.4,40,4.0
"20000","5","42459","57","0","2023","1","",11,101,103,99,1521328,1126095,20673,1159,"",0.73,0.75,0.76,0.73,0.91,0.77,1.12,1.23,"",2,22.2,6,6.3,22,27.2,20,25.3,181288,13.5,158968,16.4,14972,262.6,-54,-4.5
"20000","5","424590","58","0","2023","1","",11,101,103,99,1521328,1126095,20673,1159,"",0.73,0.75,0.76,0.73,0.91,0.77,1.12,1.23,"",2,22.2,6,6.3,22,27.2,20,25.3,181288,13.5,158968,16.4,14972,262.6,-54,-4.5
"20000","5","4246","56","0","2023","1","",250,1509,1515,1516,48647304,20275419,219293,2473,"",1.65,1.09,1.10,1.10,1.51,1.01,1.05,1.38,"",10,4.2,72,5.0,70,4.8,85,5.9,3966347,8.9,1398770,7.4,-51385,-19.0,82,3.4
"20000","5","42461","57","0","2023","1","",60,325,327,323,9933848,4083996,56819,2351,"",1.65,1.19,1.19,1.18,1.61,1.05,1.32,1.35,"",-3,-4.8,-1,-0.3,-2,-0.6,-3,-0.9,-77841,-0.8,96086,2.4,-7341,-11.4,-4,-0.2
"20000","5","424610","58","0","2023","1","",60,325,327,323,9933848,4083996,56819,2351,"",1.65,1.19,1.19,1.18,1.61,1.05,1.32,1.35,"",-3,-4.8,-1,-0.3,-2,-0.6,-3,-0.9,-77841,-0.8,96086,2.4,-7341,-11.4,-4,-0.2
"20000","5","42469","57","0","2023","1","",190,1184,1188,1193,38713456,16191423,162474,2506,"",1.66,1.07,1.07,1.08,1.48,1.00,0.98,1.39,"",13,7.3,73,6.6,72,6.5,88,8.0,4044188,11.7,1302684,8.7,-44044,-21.3,105,4.4
"20000","5","424690","58","0","2023","1","",190,1184,1188,1193,38713456,16191423,162474,2506,"",1.66,1.07,1.07,1.08,1.48,1.00,0.98,1.39,"",13,7.3,73,6.6,72,6.5,88,8.0,4044188,11.7,1302684,8.7,-44044,-21.3,105,4.4
"20000","5","4247","56","0","2023","1","",140,1695,1683,1689,36413628,20648309,277740,1658,"",2.04,1.80,1.78,1.79,1.35,1.61,2.07,0.76,"",-2,-1.4,46,2.8,24,1.4,22,1.3,-2159455,-5.6,1300453,6.7,-18085,-6.1,-131,-7.3
"20000","5","42471","57","0","2023","1","",62,593,579,595,10688508,7097707,84980,1396,"",2.80,1.85,1.81,1.85,1.50,1.58,2.14,0.81,"",0,0.0,51,9.4,31,5.7,30,5.3,1652622,18.3,906900,14.6,-6271,-6.9,136,10.8
"20000","5","424710","58","0","2023","1","",62,593,579,595,10688508,7097707,84980,1396,"",2.80,1.85,1.81,1.85,1.50,1.58,2.14,0.81,"",0,0.0,51,9.4,31,5.7,30,5.3,1652622,18.3,906900,14.6,-6271,-6.9,136,10.8
"20000","5","42472","57","0","2023","1","",78,1102,1104,1094,25725120,13550602,192760,1799,"",1.68,1.77,1.77,1.75,1.30,1.62,2.04,0.74,"",-2,-2.5,-5,-0.5,-7,-0.6,-8,-0.7,-3812077,-12.9,393553,3.0,-11814,-5.8,-254,-12.4
"20000","5","424720","58","0","2023","1","",78,1102,1104,1094,25725120,13550602,192760,1799,"",1.68,1.77,1.77,1.75,1.30,1.62,2.04,0.74,"",-2,-2.5,-5,-0.5,-7,-0.6,-8,-0.7,-3812077,-12.9,393553,3.0,-11814,-5.8,-254,-12.4
"20000","5","4248","56","0","2023","1","",93,1851,1847,1846,29723047,21726431,207798,1237,"",1.23,0.94,0.94,0.94,0.89,0.85,0.93,0.95,"",10,12.0,171,10.2,156,9.2,148,8.7,4426704,17.5,2844762,15.1,-28449,-12.0,85,7.4
"20000","5","42481","57","0","2023","1","",39,1041,1027,1033,14485598,11627756,93259,1078,"",1.59,0.97,0.96,0.97,1.01,0.88,0.87,1.04,"",4,11.4,96,10.2,87,9.3,85,9.0,2057910,16.6,1463098,14.4,-16452,-15.0,66,6.5
"20000","5","424810","58","0","2023","1","",39,1041,1027,1033,14485598,11627756,93259,1078,"",1.59,0.97,0.96,0.97,1.01,0.88,0.87,1.04,"",4,11.4,96,10.2,87,9.3,85,9.0,2057910,16.6,1463098,14.4,-16452,-15.0,66,6.5
"20000","5","42482","57","0","2023","1","",54,810,820,813,15237449,10098675,114539,1439,"",1.06,0.90,0.91,0.90,0.80,0.80,0.99,0.89,"",6,12.5,75,10.2,69,9.2,63,8.4,2368794,18.4,1381664,15.9,-11997,-9.5,111,8.4
"20000","5","424820","58","0","2023","1","",54,810,820,813,15237449,10098675,114539,1439,"",1.06,0.90,0.91,0.90,0.80,0.80,0.99,0.89,"",6,12.5,75,10.2,69,9.2,63,8.4,2368794,18.4,1381664,15.9,-11997,-9.5,111,8.4
"20000","5","4249","56","0","2023","1","",488,3982,4008,4115,83636033,46105688,502137,1594,"",1.56,1.35,1.35,1.37,1.87,1.27,1.31,1.38,"",12,2.5,174,4.6,170,4.4,177,4.5,5815761,7.5,4298028,10.3,-132061,-20.8,44,2.8
"20000","5","42491","57","0","2023","1","",324,2712,2708,2759,61580235,32030914,346001,1737,"",3.09,2.52,2.51,2.51,3.27,2.14,2.61,1.30,"",10,3.2,19,0.7,17,0.6,39,1.4,1981323,3.3,2007745,6.7,-82077,-19.2,40,2.4
"20000","5","424910","58","0","2023","1","",324,2712,2708,2759,61580235,32030914,346001,1737,"",3.09,2.52,2.51,2.51,3.27,2.14,2.61,1.30,"",10,3.2,19,0.7,17,0.6,39,1.4,1981323,3.3,2007745,6.7,-82077,-19.2,40,2.4
"20000","5","42492","57","0","2023","1","",19,70,73,74,1487567,834520,12260,1582,"",1.18,0.27,0.28,0.29,0.42,0.27,0.29,1.49,"",-1,-5.0,-7,-9.1,-14,-16.1,-24,-24.5,-107081,-6.7,-102460,-10.9,-9271,-43.1,177,12.6
"20000","5","424920","58","0","2023","1","",19,70,73,74,1487567,834520,12260,1582,"",1.18,0.27,0.28,0.29,0.42,0.27,0.29,1.49,"",-1,-5.0,-7,-9.1,-14,-16.1,-24,-24.5,-107081,-6.7,-102460,-10.9,-9271,-43.1,177,12.6
"20000","5","42493","57","0","2023","1","",24,222,242,295,1593565,1519853,16257,485,"",0.79,0.53,0.57,0.67,0.39,0.37,0.34,0.66,"",3,14.3,77,53.1,83,52.2,87,41.8,610744,62.1,595337,64.4,2460,17.8,42,9.5
"20000","5","424930","58","0","2023","1","",24,222,242,295,1593565,1519853,16257,485,"",0.79,0.53,0.57,0.67,0.39,0.37,0.34,0.66,"",3,14.3,77,53.1,83,52.2,87,41.8,610744,62.1,595337,64.4,2460,17.8,42,9.5
"20000","5","42494","57","0","2023","1","",19,159,157,159,2561587,1650236,15639,1244,"",1.05,0.68,0.67,0.69,0.79,0.63,0.62,1.16,"",-2,-9.5,4,2.6,3,1.9,3,1.9,115253,4.7,115521,7.5,-2822,-15.3,30,2.5
"20000","5","424940","58","0","2023","1","",19,159,157,159,2561587,1650236,15639,1244,"",1.05,0.68,0.67,0.69,0.79,0.63,0.62,1.16,"",-2,-9.5,4,2.6,3,1.9,3,1.9,115253,4.7,115521,7.5,-2822,-15.3,30,2.5
"20000","5","42495","57","0","2023","1","",34,298,309,309,7279114,4083880,39053,1834,"",1.48,1.39,1.45,1.44,2.04,1.46,1.44,1.43,"",-1,-2.9,104,53.6,113,57.7,123,66.1,2681267,58.3,1574548,62.7,-4125,-9.6,-8,-0.4
"20000","5","424950","58","0","2023","1","",34,298,309,309,7279114,4083880,39053,1834,"",1.48,1.39,1.45,1.44,2.04,1.46,1.44,1.43,"",-1,-2.9,104,53.6,113,57.7,123,66.1,2681267,58.3,1574548,62.7,-4125,-9.6,-8,-0.4
"20000","5","42499","57","0","2023","1","",68,521,519,519,9133965,5986285,72927,1352,"",0.57,0.68,0.68,0.68,0.80,0.69,0.67,1.19,"",3,4.6,-23,-4.2,-32,-5.8,-51,-8.9,534255,6.2,107337,1.8,-36226,-33.2,160,13.4
"20000","5","424990","58","0","2023","1","",68,521,519,519,9133965,5986285,72927,1352,"",0.57,0.68,0.68,0.68,0.80,0.69,0.67,1.19,"",3,4.6,-23,-4.2,-32,-5.8,-51,-8.9,534255,6.2,107337,1.8,-36226,-33.2,160,13.4
"20000","5","425","55","0","2023","1","",1322,4150,4158,4109,117529756,50062921,692307,2184,"",1.32,0.88,0.88,0.87,0.93,0.75,0.95,1.06,"",81,6.5,638,18.2,642,18.3,613,17.5,11159785,10.5,7249913,16.9,-54905,-7.3,-148,-6.3
"20000","5","4251","56","0","2023","1","",1322,4150,4158,4109,117529756,50062921,692307,2184,"",1.32,0.88,0.88,0.87,0.93,0.75,0.95,1.06,"",81,6.5,638,18.2,642,18.3,613,17.5,11159785,10.5,7249913,16.9,-54905,-7.3,-148,-6.3
"20000","5","42512","57","0","2023","1","",1322,4150,4158,4109,117529756,50062921,692307,2184,"",1.32,0.88,0.88,0.87,0.93,0.75,0.95,1.06,"",81,6.5,638,18.2,642,18.3,613,17.5,11159785,10.5,7249913,16.9,-54905,-7.3,-148,-6.3
"20000","5","425120","58","0","2023","1","",1322,4150,4158,4109,117529756,50062921,692307,2184,"",1.32,0.88,0.88,0.87,0.93,0.75,0.95,1.06,"",81,6.5,638,18.2,642,18.3,613,17.5,11159785,10.5,7249913,16.9,-54905,-7.3,-148,-6.3
"20000","5","44-45","54","0","2023","1","",8958,141670,141298,140731,1269246055,986165098,8153753,691,"",1.03,0.99,0.99,0.99,1.08,0.83,0.78,1.09,"",49,0.6,2228,1.6,1196,0.9,666,0.5,92475286,7.9,62877730,6.8,-1647609,-16.8,44,6.8
"20000","5","441","55","0","2023","1","",1253,18297,18263,18131,262783518,180753431,1689946,1109,"",1.25,0.98,0.98,0.97,1.06,0.85,0.83,1.08,"",-2,-0.2,430,2.4,281,1.6,279,1.6,10958284,4.4,11092921,6.5,-498072,-22.8,27,2.5
"20000","5","4411","56","0","2023","1","",480,11656,11670,11537,196899846,124327318,1151985,1303,"",1.23,1.00,1.00,0.99,1.08,0.87,0.81,1.09,"",-3,-0.6,228,2.0,119,1.0,173,1.5,3906667,2.0,5168989,4.3,-446287,-27.9,6,0.5
"20000","5","44111","57","0","2023","1","",226,9577,9585,9454,170115393,103358771,899135,1372,"",1.32,0.95,0.95,0.94,1.04,0.82,0.73,1.10,"",0,0.0,302,3.3,189,2.0,247,2.7,3346955,2.0,4584437,4.6,-383321,-29.9,-8,-0.6
"20000","5","441110","58","0","2023","1","",226,9577,9585,9454,170115393,103358771,899135,1372,"",1.32,0.95,0.95,0.94,1.04,0.82,0.73,1.10,"",0,0.0,302,3.3,189,2.0,247,2.7,3346955,2.0,4584437,4.6,-383321,-29.9,-8,-0.6
"20000","5","44112","57","0","2023","1","",254,2079,2085,2083,26784453,20968547,252850,989,"",1.16,1.28,1.29,1.30,1.47,1.18,1.35,1.14,"",-3,-1.2,-74,-3.4,-70,-3.2,-74,-3.4,559712,2.1,584552,2.9,-62966,-19.9,53,5.7
"20000","5","441120","58","0","2023","1","",254,2079,2085,2083,26784453,20968547,252850,989,"",1.16,1.28,1.29,1.30,1.47,1.18,1.35,1.14,"",-3,-1.2,-74,-3.4,-70,-3.2,-74,-3.4,559712,2.1,584552,2.9,-62966,-19.9,53,5.7
"20000","5","4412","56","0","2023","1","",104,1104,1104,1103,12828326,10875887,182980,894,"",0.84,0.69,0.69,0.68,0.68,0.59,0.91,0.99,"",-5,-4.6,95,9.4,77,7.5,29,2.7,975094,8.2,1206613,12.5,-4658,-2.5,14,1.6
"20000","5","44121","57","0","2023","1","",24,304,302,290,3773610,3095192,54926,972,"",0.97,0.59,0.59,0.57,0.58,0.49,0.77,1.00,"",0,0.0,23,8.2,9,3.1,-10,-3.3,194789,5.4,310611,11.2,3241,6.3,27,2.9
"20000","5","441210","58","0","2023","1","",24,304,302,290,3773610,3095192,54926,972,"",0.97,0.59,0.59,0.57,0.58,0.49,0.77,1.00,"",0,0.0,23,8.2,9,3.1,-10,-3.3,194789,5.4,310611,11.2,3241,6.3,27,2.9
"20000","5","44122","57","0","2023","1","",80,800,802,813,9054716,7780695,128054,865,"",0.81,0.74,0.73,0.74,0.73,0.64,0.98,0.99,"",-5,-5.9,72,9.9,68,9.3,39,5.0,780305,9.4,896002,13.0,-7899,-5.8,11,1.3
"20000","5","441222","58","0","2023","1","",13,98,99,107,1051475,964158,16245,798,"",0.35,0.29,0.29,0.30,0.26,0.25,0.36,0.88,"",-2,-13.3,3,3.2,6,6.5,11,11.5,156382,17.5,146187,17.9,-2748,-14.5,71,9.8
"20000","5","441227","58","0","2023","1","",67,702,703,706,8003241,6816537,111809,875,"",1.08,0.95,0.94,0.94,0.96,0.82,1.31,1.02,"",-3,-4.3,69,10.9,62,9.7,28,4.1,623923,8.5,749815,12.4,-5151,-4.4,3,0.3
"20000","5","4413","56","0","2023","1","",669,5537,5489,5491,53055346,45550226,354981,741,"",1.37,1.04,1.03,1.03,1.13,0.90,0.87,1.09,"",6,0.9,107,2.0,85,1.6,77,1.4,6076523,12.9,4717319,11.6,-47127,-11.7,74,11.1
"20000","5","44133","57","0","2023","1","",417,3277,3246,3270,26348583,23836792,172990,621,"",1.30,0.92,0.91,0.90,0.91,0.75,0.68,1.00,"",7,1.7,-21,-0.6,-41,-1.2,-28,-0.8,2680630,11.3,2437778,11.4,-7902,-4.4,68,12.3
"20000","5","441330","58","0","2023","1","",417,3277,3246,3270,26348583,23836792,172990,621,"",1.30,0.92,0.91,0.90,0.91,0.75,0.68,1.00,"",7,1.7,-21,-0.6,-41,-1.2,-28,-0.8,2680630,11.3,2437778,11.4,-7902,-4.4,68,12.3
"20000","5","44134","57","0","2023","1","",252,2260,2243,2221,26706763,21713434,181991,917,"",1.51,1.29,1.29,1.28,1.48,1.14,1.20,1.16,"",-1,-0.4,128,6.0,126,6.0,105,5.0,3395893,14.6,2279541,11.7,-39225,-17.7,72,8.5
"20000","5","441340","58","0","2023","1","",252,2260,2243,2221,26706763,21713434,181991,917,"",1.51,1.29,1.29,1.28,1.48,1.14,1.20,1.16,"",-1,-0.4,128,6.0,126,6.0,105,5.0,3395893,14.6,2279541,11.7,-39225,-17.7,72,8.5
"20000","5","444","55","0","2023","1","",808,13130,13173,13674,128533610,99922312,1087148,742,"",1.38,1.03,1.03,1.05,1.14,0.86,1.11,1.10,"",9,1.1,225,1.7,-60,-0.5,-9,-0.1,8581879,7.2,5728531,6.1,-248601,-18.6,47,6.8
"20000","5","4441","56","0","2023","1","",618,11465,11459,11690,114208208,87951781,866848,761,"",1.39,1.02,1.02,1.03,1.14,0.86,1.04,1.11,"",-1,-0.2,109,1.0,-193,-1.7,-159,-1.3,7236752,6.8,4350609,5.2,-235455,-21.4,53,7.5
"20000","5","44411","57","0","2023","1","",136,6540,6561,6732,57581027,47640364,456547,670,"",1.81,0.94,0.95,0.95,1.14,0.83,1.03,1.20,"",1,0.7,-147,-2.2,-378,-5.4,-395,-5.5,-1253406,-2.1,-462305,-1.0,-172544,-27.4,16,2.4
"20000","5","444110","58","0","2023","1","",136,6540,6561,6732,57581027,47640364,456547,670,"",1.81,0.94,0.95,0.95,1.14,0.83,1.03,1.20,"",1,0.7,-147,-2.2,-378,-5.4,-395,-5.5,-1253406,-2.1,-462305,-1.0,-172544,-27.4,16,2.4
"20000","5","44412","57","0","2023","1","",73,524,531,528,7884114,5518777,33020,1149,"",1.30,1.31,1.32,1.31,1.57,1.23,1.06,1.19,"",0,0.0,99,23.3,91,20.7,95,21.9,1984061,33.6,1342386,32.1,7360,28.7,100,9.5
"20000","5","444120","58","0","2023","1","",73,524,531,528,7884114,5518777,33020,1149,"",1.30,1.31,1.32,1.31,1.57,1.23,1.06,1.19,"",0,0.0,99,23.3,91,20.7,95,21.9,1984061,33.6,1342386,32.1,7360,28.7,100,9.5
"20000","5","44414","57","0","2023","1","",219,2528,2508,2567,17811184,14729808,164409,541,"",1.74,1.59,1.58,1.61,1.52,1.12,1.61,0.96,"",0,0.0,128,5.3,90,3.7,140,5.8,2561132,16.8,2154307,17.1,2199,1.4,55,11.3
"20000","5","444140","58","0","2023","1","",219,2528,2508,2567,17811184,14729808,164409,541,"",1.74,1.59,1.58,1.61,1.52,1.12,1.61,0.96,"",0,0.0,128,5.3,90,3.7,140,5.8,2561132,16.8,2154307,17.1,2199,1.4,55,11.3
"20000","5","44418","57","0","2023","1","",190,1873,1859,1863,30931883,20062832,212872,1276,"",1.02,0.81,0.81,0.81,0.94,0.73,0.81,1.16,"",-2,-1.0,29,1.6,4,0.2,1,0.1,3944965,14.6,1316221,7.0,-72470,-25.4,156,13.9
"20000","5","444180","58","0","2023","1","",190,1873,1859,1863,30931883,20062832,212872,1276,"",1.02,0.81,0.81,0.81,0.94,0.73,0.81,1.16,"",-2,-1.0,29,1.6,4,0.2,1,0.1,3944965,14.6,1316221,7.0,-72470,-25.4,156,13.9
"20000","5","4442","56","0","2023","1","",190,1665,1714,1984,14325402,11970531,220300,616,"",1.33,1.07,1.09,1.18,1.17,0.91,1.58,1.05,"",10,5.6,116,7.5,133,8.4,150,8.2,1345127,10.4,1377922,13.0,-13146,-5.6,13,2.2
"20000","5","44423","57","0","2023","1","",35,194,189,199,2006008,1740059,24471,795,"",1.11,0.68,0.67,0.69,0.68,0.56,0.85,1.00,"",-4,-10.3,-28,-12.6,-34,-15.2,-33,-14.2,-383574,-16.1,-303496,-14.9,-5907,-19.4,-20,-2.5
"20000","5","444230","58","0","2023","1","",35,194,189,199,2006008,1740059,24471,795,"",1.11,0.68,0.67,0.69,0.68,0.56,0.85,1.00,"",-4,-10.3,-28,-12.6,-34,-15.2,-33,-14.2,-383574,-16.1,-303496,-14.9,-5907,-19.4,-20,-2.5
"20000","5","44424","57","0","2023","1","",155,1471,1525,1785,12319394,10230472,195829,595,"",1.39,1.15,1.19,1.29,1.32,1.01,1.77,1.09,"",14,9.9,144,10.9,167,12.3,183,11.4,1728701,16.3,1681418,19.7,-7239,-3.6,25,4.4
"20000","5","444240","58","0","2023","1","",155,1471,1525,1785,12319394,10230472,195829,595,"",1.39,1.15,1.19,1.29,1.32,1.01,1.77,1.09,"",14,9.9,144,10.9,167,12.3,183,11.4,1728701,16.3,1681418,19.7,-7239,-3.6,25,4.4
"20000","5","445","55","0","2023","1","",1316,27390,27361,26831,175347482,151354587,1050530,496,"",1.02,0.92,0.92,0.90,0.93,0.68,0.63,1.02,"",-9,-0.7,3,0.0,-325,-1.2,-754,-2.7,12704605,7.8,8020454,5.6,-191101,-15.4,42,9.3
"20000","5","4451","56","0","2023","1","",549,22673,22748,22190,151732472,129102532,811576,518,"",0.70,0.87,0.87,0.85,0.92,0.67,0.59,1.06,"",-18,-3.2,15,0.1,-212,-0.9,-728,-3.2,11054222,7.9,6682136,5.5,-163847,-16.8,44,9.3
"20000","5","44511","57","0","2023","1","",445,21812,21920,21349,144653100,122890695,737443,513,"",0.94,0.90,0.90,0.89,0.94,0.68,0.60,1.05,"",-6,-1.3,96,0.4,-121,-0.5,-650,-3.0,10896408,8.1,6655064,5.7,-133081,-15.3,44,9.4
"20000","5","445110","58","0","2023","1","",445,21812,21920,21349,144653100,122890695,737443,513,"",0.94,0.90,0.90,0.89,0.94,0.68,0.60,1.05,"",-6,-1.3,96,0.4,-121,-0.5,-650,-3.0,10896408,8.1,6655064,5.7,-133081,-15.3,44,9.4
"20000","5","44513","57","0","2023","1","",104,861,828,841,7079372,6211837,74133,646,"",0.33,0.46,0.44,0.44,0.61,0.44,0.48,1.35,"",-12,-10.3,-81,-8.6,-91,-9.9,-78,-8.5,157814,2.3,27072,0.4,-30766,-29.3,71,12.3
"20000","5","445131","58","0","2023","1","",72,432,426,437,2155911,2084052,35595,384,"",0.25,0.28,0.28,0.28,0.25,0.19,0.32,0.89,"",-7,-8.9,-118,-21.5,-113,-21.0,-103,-19.1,-520667,-19.5,-442134,-17.5,-16152,-31.2,5,1.3
"20000","5","445132","58","0","2023","1","",32,429,402,404,4923461,4127785,38538,920,"",1.16,1.31,1.18,1.19,1.64,1.24,0.89,1.34,"",-5,-13.5,37,9.4,22,5.8,25,6.6,678481,16.0,469206,12.8,-14614,-27.5,69,8.1
"20000","5","4452","56","0","2023","1","",177,1398,1365,1401,9082627,8182859,93280,503,"",0.76,0.66,0.65,0.66,0.64,0.50,0.51,0.97,"",8,4.7,-70,-4.8,-136,-9.1,-84,-5.7,535758,6.3,365053,4.7,-8898,-8.7,60,13.5
"20000","5","44523","57","0","2023","1","N",11,0,0,0,0,0,0,0,"N",0.40,0,0,0,0,0,0,0,"N",3,37.5,0,0,0,0,0,0,0,0,0,0,0,0,0,0
"20000","5","445230","58","0","2023","1","N",11,0,0,0,0,0,0,0,"N",0.40,0,0,0,0,0,0,0,"N",3,37.5,0,0,0,0,0,0,0,0,0,0,0,0,0,0
"20000","5","44524","57","0","2023","1","",53,437,431,445,3385712,3172703,31756,595,"",0.98,0.77,0.77,0.79,0.89,0.69,0.74,1.15,"",1,1.9,43,10.9,19,4.6,50,12.7,502480,17.4,456414,16.8,-842,-2.6,41,7.4
"20000","5","445240","58","0","2023","1","",53,437,431,445,3385712,3172703,31756,595,"",0.98,0.77,0.77,0.79,0.89,0.69,0.74,1.15,"",1,1.9,43,10.9,19,4.6,50,12.7,502480,17.4,456414,16.8,-842,-2.6,41,7.4
"20000","5","44525","57","0","2023","1","N",2,0,0,0,0,0,0,0,"N",0.11,0,0,0,0,0,0,0,"N",0,0.0,0,0,0,0,0,0,0,0,0,0,0,0,0,0
"20000","5","445250","58","0","2023","1","N",2,0,0,0,0,0,0,0,"N",0.11,0,0,0,0,0,0,0,"N",0,0.0,0,0,0,0,0,0,0,0,0,0,0,0,0,0
"20000","5","44529","57","0","2023","1","",111,917,889,895,5467552,4780793,58105,467,"",0.85,0.81,0.79,0.79,0.74,0.57,0.58,0.93,"",4,3.7,-113,-11.0,-150,-14.4,-150,-14.4,-14732,-0.3,-139371,-2.8,-9902,-14.6,61,15.0
"20000","5","445291","58","0","2023","1","",8,40,40,37,261870,251587,2016,517,"",0.39,0.22,0.22,0.20,0.22,0.18,0.14,1.04,"",-1,-11.1,-25,-38.5,-21,-34.4,-21,-36.2,-41777,-13.8,-46997,-15.7,-1417,-41.3,136,35.7
"20000","5","445292","58","0","2023","1","",14,147,130,137,610119,576859,10942,340,"",0.56,0.76,0.67,0.70,0.61,0.51,0.65,0.86,"",3,27.3,-11,-7.0,-15,-10.3,-9,-6.2,-21441,-3.4,-36802,-6.0,-4439,-28.9,15,4.6
"20000","5","445298","58","0","2023","1","",89,730,719,721,4595563,3952347,45147,489,"",1.04,0.98,0.96,0.95,0.88,0.68,0.66,0.91,"",2,2.3,-77,-9.5,-114,-13.7,-120,-14.3,48486,1.1,-55572,-1.4,-4046,-8.2,66,15.6
"20000","5","4453","56","0","2023","1","",590,3319,3248,3240,14532383,14069196,145674,342,"",2.16,2.07,2.03,2.03,1.51,1.20,1.31,0.74,"",1,0.2,58,1.8,23,0.7,58,1.8,1114625,8.3,973265,7.4,-18356,-11.2,22,6.9
"20000","5","44532","57","0","2023","1","",590,3319,3248,3240,14532383,14069196,145674,342,"",2.16,2.07,2.03,2.03,1.51,1.20,1.31,0.74,"",1,0.2,58,1.8,23,0.7,58,1.8,1114625,8.3,973265,7.4,-18356,-11.2,22,6.9
"20000","5","445320","58","0","2023","1","",590,3319,3248,3240,14532383,14069196,145674,342,"",2.16,2.07,2.03,2.03,1.51,1.20,1.31,0.74,"",1,0.2,58,1.8,23,0.7,58,1.8,1114625,8.3,973265,7.4,-18356,-11.2,22,6.9
"20000","5","449","55","0","2023","1","",749,7975,7858,7761,95598140,71784381,551919,935,"",1.01,0.98,0.98,0.98,1.01,0.87,0.66,1.03,"",-19,-2.5,-647,-7.5,-709,-8.3,-737,-8.7,-258825,-0.3,-962240,-1.3,-265298,-32.5,74,8.6
"20000","5","4491","56","0","2023","1","",420,4828,4774,4690,54005663,42933432,328935,872,"",1.08,1.16,1.17,1.16,1.30,1.06,0.81,1.12,"",0,0.0,-194,-3.9,-189,-3.8,-240,-4.9,247169,0.5,678697,1.6,-132535,-28.7,40,4.8
"20000","5","44911","57","0","2023","1","",177,2830,2867,2838,35910365,28883220,204124,971,"",0.94,1.41,1.43,1.42,1.63,1.32,0.93,1.15,"",-7,-3.8,-44,-1.5,-31,-1.1,-65,-2.2,345205,1.0,1194109,4.3,-71231,-25.9,25,2.6
"20000","5","449110","58","0","2023","1","",177,2830,2867,2838,35910365,28883220,204124,971,"",0.94,1.41,1.43,1.42,1.63,1.32,0.93,1.15,"",-7,-3.8,-44,-1.5,-31,-1.1,-65,-2.2,345205,1.0,1194109,4.3,-71231,-25.9,25,2.6
"20000","5","44912","57","0","2023","1","",243,1998,1907,1852,18095298,14050212,124811,725,"",1.20,0.93,0.91,0.90,0.92,0.75,0.66,1.01,"",7,3.0,-150,-7.0,-158,-7.7,-175,-8.6,-98036,-0.5,-515412,-3.5,-61304,-32.9,52,7.7
"20000","5","449121","58","0","2023","1","",121,760,770,732,10654999,7799183,63422,1087,"",1.61,1.16,1.18,1.13,1.28,1.00,0.79,1.10,"",1,0.8,-60,-7.3,-43,-5.3,-55,-7.0,-3357,0.0,-196112,-2.5,-34658,-35.3,71,7.0
"20000","5","449122","58","0","2023","1","",18,121,117,115,1452579,1125875,12695,950,"",0.79,1.02,0.99,0.98,1.08,0.85,0.88,1.09,"",-1,-5.3,3,2.5,-2,-1.7,-3,-2.5,163224,12.7,70164,6.6,-2288,-15.3,112,13.4
"20000","5","449129","58","0","2023","1","",104,1117,1020,1005,5987720,5125154,48694,440,"",1.00,0.81,0.77,0.78,0.60,0.54,0.52,0.77,"",7,7.2,-93,-7.7,-113,-10.0,-117,-10.4,-257903,-4.1,-389464,-7.1,-24358,-33.3,24,5.8
"20000","5","4492","56","0","2023","1","",329,3147,3084,3071,41592477,28850949,222984,1032,"",0.93,0.79,0.79,0.79,0.79,0.68,0.51,1.00,"",-19,-5.5,-453,-12.6,-520,-14.4,-497,-13.9,-505994,-1.2,-1640937,-5.4,-132763,-37.3,130,14.4
"20000","5","44921","57","0","2023","1","",329,3147,3084,3071,41592477,28850949,222984,1032,"",0.93,0.79,0.79,0.79,0.79,0.68,0.51,1.00,"",-19,-5.5,-453,-12.6,-520,-14.4,-497,-13.9,-505994,-1.2,-1640937,-5.4,-132763,-37.3,130,14.4
"20000","5","449210","58","0","2023","1","",329,3147,3084,3071,41592477,28850949,222984,1032,"",0.93,0.79,0.79,0.79,0.79,0.68,0.51,1.00,"",-19,-5.5,-453,-12.6,-520,-14.4,-497,-13.9,-505994,-1.2,-1640937,-5.4,-132763,-37.3,130,14.4
"20000","5","455","55","0","2023","1","",738,30738,30752,30951,251504423,206104732,1332144,628,"",1.16,1.04,1.06,1.06,1.24,0.94,0.76,1.18,"",36,5.1,624,2.1,617,2.0,1046,3.5,15742609,6.7,10992528,5.6,-64907,-4.6,25,4.1
"20000","5","4551","56","0","2023","1","",109,7259,6919,6916,42922069,37723358,273237,470,"",1.16,0.80,0.80,0.80,0.83,0.64,0.52,1.04,"",5,4.8,74,1.0,92,1.3,107,1.6,3820961,9.8,2369590,6.7,-7389,-2.6,37,8.5
"20000","5","45511","57","0","2023","1","",109,7259,6919,6916,42922069,37723358,273237,470,"",1.16,0.80,0.80,0.80,0.83,0.64,0.52,1.04,"",5,4.8,74,1.0,92,1.3,107,1.6,3820961,9.8,2369590,6.7,-7389,-2.6,37,8.5
"20000","5","455110","58","0","2023","1","",109,7259,6919,6916,42922069,37723358,273237,470,"",1.16,0.80,0.80,0.80,0.83,0.64,0.52,1.04,"",5,4.8,74,1.0,92,1.3,107,1.6,3820961,9.8,2369590,6.7,-7389,-2.6,37,8.5
"20000","5","4552","56","0","2023","1","",629,23479,23833,24035,208582354,168381374,1058907,675,"",1.16,1.14,1.17,1.17,1.39,1.05,0.86,1.20,"",31,5.2,550,2.4,525,2.3,939,4.1,11921648,6.1,8622938,5.4,-57518,-5.2,20,3.1
"20000","5","45521","57","0","2023","1","",629,23479,23833,24035,208582354,168381374,1058907,675,"",1.16,1.14,1.17,1.17,1.39,1.05,0.86,1.20,"",31,5.2,550,2.4,525,2.3,939,4.1,11921648,6.1,8622938,5.4,-57518,-5.2,20,3.1
"20000","5","455211","58","0","2023","1","N",75,0,0,0,0,0,0,0,"N",1.46,0,0,0,0,0,0,0,"N",0,0.0,0,0,0,0,0,0,0,0,0,0,0,0,0,0
"20000","5","455219","58","0","2023","1","N",554,0,0,0,0,0,0,0,"N",1.13,0,0,0,0,0,0,0,"N",31,5.9,0,0,0,0,0,0,0,0,0,0,0,0,0,0
"20000","5","456","55","0","2023","1","",825,10356,10220,10230,134679960,89942621,671117,1009,"",0.86,1.00,1.00,1.01,1.37,0.98,0.80,1.36,"",6,0.7,182,1.8,20,0.2,91,0.9,18897610,16.3,8634087,10.6,-174794,-20.7,133,15.2
"20000","5","4561","56","0","2023","1","",825,10356,10220,10230,134679960,89942621,671117,1009,"",0.86,1.00,1.00,1.01,1.37,0.98,0.80,1.36,"",6,0.7,182,1.8,20,0.2,91,0.9,18897610,16.3,8634087,10.6,-174794,-20.7,133,15.2
"20000","5","45611","57","0","2023","1","",474,7685,7665,7657,111405175,71889337,484293,1117,"",0.90,1.13,1.13,1.14,1.63,1.13,0.91,1.44,"",0,0.0,13,0.2,-51,-0.7,-2,0.0,16367850,17.2,6497642,9.9,-128637,-21.0,165,17.3
"20000","5","456110","58","0","2023","1","",474,7685,7665,7657,111405175,71889337,484293,1117,"",0.90,1.13,1.13,1.14,1.63,1.13,0.91,1.44,"",0,0.0,13,0.2,-51,-0.7,-2,0.0,16367850,17.2,6497642,9.9,-128637,-21.0,165,17.3
"20000","5","45612","57","0","2023","1","",119,1270,1165,1160,6629248,5752766,60957,426,"",0.74,0.74,0.71,0.72,0.54,0.52,0.51,0.75,"",-2,-1.7,92,7.8,22,1.9,32,2.8,927234,16.3,671457,13.2,-15202,-20.0,44,11.5
"20000","5","456120","58","0","2023","1","",119,1270,1165,1160,6629248,5752766,60957,426,"",0.74,0.74,0.71,0.72,0.54,0.52,0.51,0.75,"",-2,-1.7,92,7.8,22,1.9,32,2.8,927234,16.3,671457,13.2,-15202,-20.0,44,11.5
"20000","5","45613","57","0","2023","1","",55,421,417,420,4263656,3503455,32873,782,"",0.63,0.62,0.61,0.62,0.68,0.55,0.54,1.10,"",5,10.0,28,7.1,20,5.0,18,4.5,855002,25.1,558919,19.0,-8732,-21.0,122,18.5
"20000","5","456130","58","0","2023","1","",55,421,417,420,4263656,3503455,32873,782,"",0.63,0.62,0.61,0.62,0.68,0.55,0.54,1.10,"",5,10.0,28,7.1,20,5.0,18,4.5,855002,25.1,558919,19.0,-8732,-21.0,122,18.5
"20000","5","45619","57","0","2023","1","",177,980,973,993,12381881,8797063,92994,970,"",0.96,0.89,0.88,0.90,1.05,0.82,0.77,1.19,"",3,1.7,49,5.3,29,3.1,43,4.5,747524,6.4,906069,11.5,-22223,-19.3,20,2.1
"20000","5","456191","58","0","2023","1","",65,273,273,265,1757112,1631431,17675,500,"",0.74,0.60,0.60,0.58,0.46,0.44,0.44,0.77,"",-1,-1.5,7,2.6,1,0.4,-18,-6.4,91211,5.5,141683,9.5,-6224,-26.0,32,6.8
"20000","5","456199","58","0","2023","1","",112,707,700,728,10624769,7165632,75319,1148,"",1.17,1.09,1.08,1.12,1.34,1.02,0.94,1.23,"",4,3.7,42,6.3,28,4.2,61,9.1,656313,6.6,764386,11.9,-15999,-17.5,0,0.0
"20000","5","457","55","0","2023","1","",1009,12018,12050,11736,73708779,66799397,657357,475,"",1.06,1.25,1.26,1.23,1.16,0.91,1.04,0.93,"",2,0.2,721,6.4,613,5.4,297,2.6,7254550,10.9,6029831,9.9,-80534,-10.9,26,5.8
"20000","5","4571","56","0","2023","1","",961,11776,11812,11500,70383563,64298490,629677,463,"",1.08,1.32,1.32,1.29,1.30,1.00,1.25,0.99,"",4,0.4,744,6.7,630,5.6,308,2.8,6872412,10.8,5912231,10.1,-72062,-10.3,24,5.5
"20000","5","45711","57","0","2023","1","",873,11115,11163,10835,63951375,59560936,596877,446,"",1.07,1.38,1.39,1.35,1.36,1.04,1.35,0.99,"",1,0.1,714,6.9,637,6.1,292,2.8,5999501,10.4,5466337,10.1,-62300,-9.5,21,4.9
"20000","5","457110","58","0","2023","1","",873,11115,11163,10835,63951375,59560936,596877,446,"",1.07,1.38,1.39,1.35,1.36,1.04,1.35,0.99,"",1,0.1,714,6.9,637,6.1,292,2.8,5999501,10.4,5466337,10.1,-62300,-9.5,21,4.9
"20000","5","45712","57","0","2023","1","",88,661,649,665,6432188,4737554,32800,752,"",1.14,0.76,0.75,0.77,0.92,0.67,0.54,1.21,"",3,3.5,30,4.8,-7,-1.1,16,2.5,872911,15.7,445894,10.4,-9762,-22.9,89,13.4
"20000","5","457120","58","0","2023","1","",88,661,649,665,6432188,4737554,32800,752,"",1.14,0.76,0.75,0.77,0.92,0.67,0.54,1.21,"",3,3.5,30,4.8,-7,-1.1,16,2.5,872911,15.7,445894,10.4,-9762,-22.9,89,13.4
"20000","5","4572","56","0","2023","1","",48,242,238,236,3325216,2500907,27680,1072,"",0.77,0.35,0.35,0.35,0.34,0.27,0.22,0.97,"",-2,-4.0,-23,-8.7,-17,-6.7,-11,-4.5,382138,13.0,117600,4.9,-8472,-23.4,187,21.1
"20000","5","45721","57","0","2023","1","",48,242,238,236,3325216,2500907,27680,1072,"",0.77,0.35,0.35,0.35,0.34,0.27,0.22,0.97,"",-2,-4.0,-23,-8.7,-17,-6.7,-11,-4.5,382138,13.0,117600,4.9,-8472,-23.4,187,21.1
"20000","5","457210","58","0","2023","1","",48,242,238,236,3325216,2500907,27680,1072,"",0.77,0.35,0.35,0.35,0.34,0.27,0.22,0.97,"",-2,-4.0,-23,-8.7,-17,-6.7,-11,-4.5,382138,13.0,117600,4.9,-8472,-23.4,187,21.1
"20000","5","458","55","0","2023","1","",800,7506,7278,7246,43218834,35936658,299034,453,"",0.82,0.70,0.70,0.70,0.62,0.51,0.41,0.89,"",7,0.9,263,3.6,255,3.6,136,1.9,3877437,9.9,2550729,7.6,-61714,-17.1,28,6.6
"20000","5","4581","56","0","2023","1","",553,5871,5684,5676,30757593,25617194,217968,412,"",0.82,0.74,0.74,0.74,0.64,0.52,0.42,0.86,"",12,2.2,310,5.6,291,5.4,208,3.8,3587011,13.2,2120247,9.0,-34464,-13.7,30,7.9
"20000","5","45811","57","0","2023","1","",553,5871,5684,5676,30757593,25617194,217968,412,"",0.82,0.74,0.74,0.74,0.64,0.52,0.42,0.86,"",12,2.2,310,5.6,291,5.4,208,3.8,3587011,13.2,2120247,9.0,-34464,-13.7,30,7.9
"20000","5","458110","58","0","2023","1","",553,5871,5684,5676,30757593,25617194,217968,412,"",0.82,0.74,0.74,0.74,0.64,0.52,0.42,0.86,"",12,2.2,310,5.6,291,5.4,208,3.8,3587011,13.2,2120247,9.0,-34464,-13.7,30,7.9
"20000","5","4582","56","0","2023","1","",105,956,907,901,4966413,4598824,46156,415,"",0.83,0.59,0.58,0.57,0.54,0.47,0.50,0.93,"",-3,-2.8,28,3.0,-6,-0.7,-39,-4.1,247661,5.2,339675,8.0,-14414,-23.8,23,5.9
"20000","5","45821","57","0","2023","1","",105,956,907,901,4966413,4598824,46156,415,"",0.83,0.59,0.58,0.57,0.54,0.47,0.50,0.93,"",-3,-2.8,28,3.0,-6,-0.7,-39,-4.1,247661,5.2,339675,8.0,-14414,-23.8,23,5.9
"20000","5","458210","58","0","2023","1","",105,956,907,901,4966413,4598824,46156,415,"",0.83,0.59,0.58,0.57,0.54,0.47,0.50,0.93,"",-3,-2.8,28,3.0,-6,-0.7,-39,-4.1,247661,5.2,339675,8.0,-14414,-23.8,23,5.9
"20000","5","4583","56","0","2023","1","",142,679,687,669,7494828,5720640,34910,850,"",0.82,0.59,0.60,0.60,0.61,0.52,0.30,1.02,"",-2,-1.4,-75,-9.9,-30,-4.2,-33,-4.7,42765,0.6,90807,1.6,-12836,-26.9,59,7.5
"20000","5","45831","57","0","2023","1","N",140,0,0,0,0,0,0,0,"N",0.86,0,0,0,0,0,0,0,"N",-2,-1.4,0,0,0,0,0,0,0,0,0,0,0,0,0,0
"20000","5","458310","58","0","2023","1","N",140,0,0,0,0,0,0,0,"N",0.86,0,0,0,0,0,0,0,"N",-2,-1.4,0,0,0,0,0,0,0,0,0,0,0,0,0,0
"20000","5","45832","57","0","2023","1","N",2,0,0,0,0,0,0,0,"N",0.20,0,0,0,0,0,0,0,"N",0,0.0,0,0,0,0,0,0,0,0,0,0,0,0,0,0
"20000","5","458320","58","0","2023","1","N",2,0,0,0,0,0,0,0,"N",0.20,0,0,0,0,0,0,0,"N",0,0.0,0,0,0,0,0,0,0,0,0,0,0,0,0,0
"20000","5","459","55","0","2023","1","",1460,14260,14343,14171,103871309,83566979,814558,560,"",0.96,1.02,1.04,1.03,1.03,0.81,0.79,1.00,"",19,1.3,427,3.1,504,3.6,317,2.3,14717137,16.5,10790889,14.8,-62588,-7.1,65,13.1
"20000","5","4591","56","0","2023","1","",419,5433,5340,5405,36110623,30660264,229861,515,"",1.15,1.17,1.19,1.21,1.28,0.96,0.89,1.08,"",16,4.0,204,3.9,199,3.9,254,4.9,5606974,18.4,4131067,15.6,-16951,-6.9,61,13.4
"20000","5","45911","57","0","2023","1","",210,3513,3463,3541,25702832,21028341,167991,564,"",1.04,1.25,1.27,1.30,1.38,1.04,1.02,1.09,"",13,6.6,262,8.1,255,7.9,289,8.9,5345999,26.3,3487625,19.9,-9560,-5.4,80,16.5
"20000","5","459110","58","0","2023","1","",210,3513,3463,3541,25702832,21028341,167991,564,"",1.04,1.25,1.27,1.30,1.38,1.04,1.02,1.09,"",13,6.6,262,8.1,255,7.9,289,8.9,5345999,26.3,3487625,19.9,-9560,-5.4,80,16.5
"20000","5","45912","57","0","2023","1","",108,1212,1182,1164,6893611,6286126,39921,447,"",1.09,1.00,1.03,1.03,1.14,0.85,0.67,1.12,"",4,3.8,-53,-4.2,-18,-1.5,-21,-1.8,31511,0.5,418193,7.1,-2526,-6.0,13,3.0
"20000","5","459120","58","0","2023","1","",108,1212,1182,1164,6893611,6286126,39921,447,"",1.09,1.00,1.03,1.03,1.14,0.85,0.67,1.12,"",4,3.8,-53,-4.2,-18,-1.5,-21,-1.8,31511,0.5,418193,7.1,-2526,-6.0,13,3.0
"20000","5","45913","57","0","2023","1","",58,369,347,350,1459719,1405414,10836,316,"",1.68,1.19,1.14,1.15,1.07,0.83,0.86,0.92,"",-4,-6.5,-14,-3.7,-37,-9.6,-16,-4.4,44953,3.2,59010,4.4,-1247,-10.3,28,9.7
"20000","5","459130","58","0","2023","1","",58,369,347,350,1459719,1405414,10836,316,"",1.68,1.19,1.14,1.15,1.07,0.83,0.86,0.92,"",-4,-6.5,-14,-3.7,-37,-9.6,-16,-4.4,44953,3.2,59010,4.4,-1247,-10.3,28,9.7
"20000","5","45914","57","0","2023","1","",43,339,348,350,2054461,1940383,11113,457,"",1.40,1.09,1.12,1.13,0.92,0.79,0.55,0.82,"",3,7.5,9,2.7,-1,-0.3,2,0.6,184511,9.9,166239,9.4,-3618,-24.6,37,8.8
"20000","5","459140","58","0","2023","1","",43,339,348,350,2054461,1940383,11113,457,"",1.40,1.09,1.12,1.13,0.92,0.79,0.55,0.82,"",3,7.5,9,2.7,-1,-0.3,2,0.6,184511,9.9,166239,9.4,-3618,-24.6,37,8.8
"20000","5","4592","56","0","2023","1","",51,327,312,300,1375962,1336611,7115,338,"",0.78,0.48,0.47,0.47,0.38,0.31,0.16,0.80,"",-2,-3.8,4,1.2,-12,-3.7,-33,-9.9,79343,6.1,74939,5.9,655,10.1,33,10.8
"20000","5","45921","57","0","2023","1","",51,327,312,300,1375962,1336611,7115,338,"",0.78,0.48,0.47,0.47,0.38,0.31,0.16,0.80,"",-2,-3.8,4,1.2,-12,-3.7,-33,-9.9,79343,6.1,74939,5.9,655,10.1,33,10.8
"20000","5","459210","58","0","2023","1","",51,327,312,300,1375962,1336611,7115,338,"",0.78,0.48,0.47,0.47,0.38,0.31,0.16,0.80,"",-2,-3.8,4,1.2,-12,-3.7,-33,-9.9,79343,6.1,74939,5.9,655,10.1,33,10.8
"20000","5","4593","56","0","2023","1","",119,479,545,465,2188817,2141735,17047,339,"",1.17,0.87,0.92,0.84,0.72,0.55,0.43,0.82,"",-3,-2.5,-2,-0.4,-18,-3.2,-29,-5.9,56507,2.7,38869,1.8,-3628,-17.5,19,5.9
"20000","5","45931","57","0","2023","1","",119,479,545,465,2188817,2141735,17047,339,"",1.17,0.87,0.92,0.84,0.72,0.55,0.43,0.82,"",-3,-2.5,-2,-0.4,-18,-3.2,-29,-5.9,56507,2.7,38869,1.8,-3628,-17.5,19,5.9
"20000","5","459310","58","0","2023","1","",119,479,545,465,2188817,2141735,17047,339,"",1.17,0.87,0.92,0.84,0.72,0.55,0.43,0.82,"",-3,-2.5,-2,-0.4,-18,-3.2,-29,-5.9,56507,2.7,38869,1.8,-3628,-17.5,19,5.9
"20000","5","4594","56","0","2023","1","",215,2338,2329,2199,17268955,13666945,113169,580,"",1.00,1.23,1.26,1.20,1.28,1.00,0.83,1.04,"",-9,-4.0,-10,-0.4,73,3.2,-40,-1.8,1366070,8.6,1168204,9.3,-17099,-13.1,44,8.2
"20000","5","45941","57","0","2023","1","",66,700,703,692,7766130,5850721,34020,855,"",1.22,1.04,1.04,1.04,1.10,0.95,0.55,1.06,"",-5,-7.0,-50,-6.7,-46,-6.1,-47,-6.4,-286286,-3.6,-3467,-0.1,-14802,-30.3,25,3.0
"20000","5","459410","58","0","2023","1","",66,700,703,692,7766130,5850721,34020,855,"",1.22,1.04,1.04,1.04,1.10,0.95,0.55,1.06,"",-5,-7.0,-50,-6.7,-46,-6.1,-47,-6.4,-286286,-3.6,-3467,-0.1,-14802,-30.3,25,3.0
"20000","5","45942","57","0","2023","1","",149,1638,1626,1507,9502825,7816224,79149,460,"",0.92,1.34,1.38,1.29,1.46,1.05,1.07,1.10,"",-4,-2.6,40,2.5,119,7.9,7,0.5,1652356,21.0,1171671,17.6,-2297,-2.8,67,17.0
"20000","5","459420","58","0","2023","1","",149,1638,1626,1507,9502825,7816224,79149,460,"",0.92,1.34,1.38,1.29,1.46,1.05,1.07,1.10,"",-4,-2.6,40,2.5,119,7.9,7,0.5,1652356,21.0,1171671,17.6,-2297,-2.8,67,17.0
"20000","5","4595","56","0","2023","1","",161,2058,2158,2115,15989925,9867729,101018,583,"",1.05,1.13,1.17,1.14,1.48,1.15,1.21,1.30,"",2,1.3,70,3.5,110,5.4,56,2.7,2867521,21.9,1908985,24.0,-2400,-2.3,86,17.3
"20000","5","45951","57","0","2023","1","",161,2058,2158,2115,15989925,9867729,101018,583,"",1.05,1.13,1.17,1.14,1.48,1.15,1.21,1.30,"",2,1.3,70,3.5,110,5.4,56,2.7,2867521,21.9,1908985,24.0,-2400,-2.3,86,17.3
"20000","5","459510","58","0","2023","1","",161,2058,2158,2115,15989925,9867729,101018,583,"",1.05,1.13,1.17,1.14,1.48,1.15,1.21,1.30,"",2,1.3,70,3.5,110,5.4,56,2.7,2867521,21.9,1908985,24.0,-2400,-2.3,86,17.3
"20000","5","4599","56","0","2023","1","",495,3625,3659,3687,30937027,25893695,346348,651,"",0.81,0.82,0.83,0.83,0.74,0.63,0.73,0.89,"",15,3.1,161,4.6,152,4.3,109,3.0,4740722,18.1,3468825,15.5,-23165,-6.3,78,13.6
"20000","5","45991","57","0","2023","1","",91,1309,1342,1345,9274128,8350685,71814,536,"",1.01,1.01,1.04,1.04,0.99,0.80,0.89,0.96,"",-2,-2.2,-5,-0.4,17,1.3,10,0.7,324141,3.6,663331,8.6,-13182,-15.5,16,3.1
"20000","5","459910","58","0","2023","1","",91,1309,1342,1345,9274128,8350685,71814,536,"",1.01,1.01,1.04,1.04,0.99,0.80,0.89,0.96,"",-2,-2.2,-5,-0.4,17,1.3,10,0.7,324141,3.6,663331,8.6,-13182,-15.5,16,3.1
"20000","5","45992","57","0","2023","1","",20,72,67,77,538077,511328,6123,575,"",0.46,0.43,0.40,0.46,0.24,0.30,0.27,0.56,"",0,0.0,4,5.9,-6,-8.2,3,4.1,12898,2.5,6332,1.3,-177,-2.8,11,2.0
"20000","5","459920","58","0","2023","1","",20,72,67,77,538077,511328,6123,575,"",0.46,0.43,0.40,0.46,0.24,0.30,0.27,0.56,"",0,0.0,4,5.9,-6,-8.2,3,4.1,12898,2.5,6332,1.3,-177,-2.8,11,2.0
"20000","5","45993","57","0","2023","1","",13,43,44,41,689648,440371,7215,1243,"",0.79,0.36,0.37,0.35,0.33,0.31,0.50,0.93,"",-3,-18.8,-4,-8.5,-2,-4.3,-3,-6.8,92121,15.4,-34653,-7.3,334,4.9,236,23.4
"20000","5","459930","58","0","2023","1","",13,43,44,41,689648,440371,7215,1243,"",0.79,0.36,0.37,0.35,0.33,0.31,0.50,0.93,"",-3,-18.8,-4,-8.5,-2,-4.3,-3,-6.8,92121,15.4,-34653,-7.3,334,4.9,236,23.4
"20000","5","45999","57","0","2023","1","",371,2201,2206,2224,20435174,16591311,261196,711,"",0.80,0.78,0.78,0.78,0.72,0.61,0.73,0.93,"",20,5.7,166,8.2,143,6.9,99,4.7,4311562,26.7,2833815,20.6,-10140,-3.7,113,18.9
"20000","5","459991","58","0","2023","1","",130,695,700,712,4016846,3858304,66189,440,"",0.69,0.61,0.61,0.62,0.54,0.41,0.55,0.88,"",9,7.4,102,17.2,83,13.5,59,9.0,977229,32.1,963006,33.3,7110,12.0,63,16.7
"20000","5","459999","58","0","2023","1","",241,1506,1506,1512,16418328,12733007,195007,837,"",0.88,0.89,0.89,0.89,0.79,0.71,0.83,0.88,"",11,4.8,64,4.4,60,4.1,40,2.7,3334333,25.5,1870809,17.2,-17250,-8.1,144,20.8
"20000","5","48-49","54","0","2023","1","",2875,64652,63885,63722,884939714,651342817,8246455,1062,"",1.11,1.07,1.08,1.08,1.17,0.99,1.09,1.08,"",94,3.4,-350,-0.5,-1389,-2.1,-287,-0.4,77794815,9.6,38335114,6.3,-1809325,-18.0,103,10.7
"20000","5","481","55","0","2023","1","N",50,0,0,0,0,0,0,0,"N",0.86,0,0,0,0,0,0,0,"N",8,19.0,0,0,0,0,0,0,0,0,0,0,0,0,0,0
"20000","5","4811","56","0","2023","1","N",13,0,0,0,0,0,0,0,"N",0.60,0,0,0,0,0,0,0,"N",2,18.2,0,0,0,0,0,0,0,0,0,0,0,0,0,0
"20000","5","48111","57","0","2023","1","N",13,0,0,0,0,0,0,0,"N",0.60,0,0,0,0,0,0,0,"N",2,18.2,0,0,0,0,0,0,0,0,0,0,0,0,0,0
"20000","5","481111","58","0","2023","1","",10,137,133,141,1651119,995689,9868,927,"",0.62,0.03,0.03,0.03,0.02,0.02,0.02,0.55,"",0,0.0,12,9.6,10,8.1,30,27.0,400508,32.0,229853,30.0,2287,30.2,123,15.3
"20000","5","481112","58","0","2023","1","N",3,0,0,0,0,0,0,0,"N",0.54,0,0,0,0,0,0,0,"N",2,200.0,0,0,0,0,0,0,0,0,0,0,0,0,0,0
"20000","5","4812","56","0","2023","1","",37,258,260,256,5950572,3222834,36429,1774,"",1.01,0.49,0.49,0.48,0.44,0.44,0.46,0.89,"",6,19.4,45,21.1,36,16.1,25,10.8,790444,15.3,404534,14.4,-4663,-11.3,-9,-0.5
"20000","5","48121","57","0","2023","1","",37,258,260,256,5950572,3222834,36429,1774,"",1.01,0.49,0.49,0.48,0.44,0.44,0.46,0.89,"",6,19.4,45,21.1,36,16.1,25,10.8,790444,15.3,404534,14.4,-4663,-11.3,-9,-0.5
"20000","5","481211","58","0","2023","1","",26,119,117,118,2646725,1407398,12528,1725,"",1.07,0.32,0.32,0.32,0.28,0.28,0.24,0.88,"",1,4.0,14,13.3,3,2.6,-1,-0.8,315844,13.6,92563,7.0,-649,-4.9,134,8.4
"20000","5","481212","58","0","2023","1","N",3,0,0,0,0,0,0,0,"N",0.64,0,0,0,0,0,0,0,"N",0,0.0,0,0,0,0,0,0,0,0,0,0,0,0,0,0
"20000","5","481219","58","0","2023","1","N",8,0,0,0,0,0,0,0,"N",1.06,0,0,0,0,0,0,0,"N",5,166.7,0,0,0,0,0,0,0,0,0,0,0,0,0,0
"20000","5","484","55","0","2023","1","",1659,17036,17020,17089,273132647,207294955,2488699,1232,"",1.14,1.18,1.19,1.19,1.48,1.17,1.35,1.24,"",26,1.6,845,5.2,735,4.5,731,4.5,37323955,15.8,19920016,10.6,-362466,-12.7,118,10.6
"20000","5","4841","56","0","2023","1","",1030,11862,11924,11927,197323997,149381308,1652305,1275,"",1.01,1.15,1.17,1.17,1.50,1.18,1.32,1.29,"",29,2.9,472,4.1,470,4.1,475,4.1,25232202,14.7,13570419,10.0,-290922,-15.0,117,10.1
"20000","5","48411","57","0","2023","1","",158,1095,1122,1139,15391551,12856755,218149,1058,"",0.40,0.40,0.41,0.42,0.49,0.40,0.52,1.19,"",-1,-0.6,-114,-9.4,-109,-8.9,-90,-7.3,135492,0.9,-424777,-3.2,-65227,-23.0,98,10.2
"20000","5","484110","58","0","2023","1","",158,1095,1122,1139,15391551,12856755,218149,1058,"",0.40,0.40,0.41,0.42,0.49,0.40,0.52,1.19,"",-1,-0.6,-114,-9.4,-109,-8.9,-90,-7.3,135492,0.9,-424777,-3.2,-65227,-23.0,98,10.2
"20000","5","48412","57","0","2023","1","",872,10767,10802,10788,181932446,136524553,1434156,1298,"",1.41,1.43,1.44,1.44,1.82,1.44,1.73,1.27,"",30,3.6,586,5.8,579,5.7,565,5.5,25096710,16.0,13995196,11.4,-225695,-13.6,116,9.8
"20000","5","484121","58","0","2023","1","",787,7175,7356,7359,118075268,91428870,1051304,1245,"",1.52,1.43,1.47,1.47,1.83,1.47,1.96,1.26,"",31,4.1,575,8.7,700,10.5,686,10.3,22379159,23.4,13565733,17.4,-81437,-7.2,137,12.4
"20000","5","484122","58","0","2023","1","",85,3592,3446,3429,63857178,45095683,382852,1408,"",0.83,1.42,1.39,1.39,1.81,1.40,1.31,1.29,"",-1,-1.2,11,0.3,-121,-3.4,-121,-3.4,2717551,4.4,429463,1.0,-144258,-27.4,89,6.7
"20000","5","4842","56","0","2023","1","",629,5174,5096,5162,75808650,57913647,836394,1134,"",1.43,1.25,1.23,1.24,1.41,1.15,1.41,1.14,"",-3,-0.5,373,7.8,265,5.5,256,5.2,12091753,19.0,6349597,12.3,-71544,-7.9,123,12.2
"20000","5","48421","57","0","2023","1","",82,950,926,956,8253474,7240653,96770,673,"",1.00,1.07,1.05,1.07,0.99,0.85,0.96,0.94,"",-1,-1.2,25,2.7,-1,-0.1,3,0.3,701326,9.3,417344,6.1,-15423,-13.7,52,8.4
"20000","5","484210","58","0","2023","1","",82,950,926,956,8253474,7240653,96770,673,"",1.00,1.07,1.05,1.07,0.99,0.85,0.96,0.94,"",-1,-1.2,25,2.7,-1,-0.1,3,0.3,701326,9.3,417344,6.1,-15423,-13.7,52,8.4
"20000","5","48422","57","0","2023","1","",369,2181,2148,2197,30535314,24429415,388098,1080,"",1.45,1.09,1.06,1.08,1.21,0.96,1.13,1.12,"",1,0.3,86,4.1,32,1.5,57,2.7,3226286,11.8,1951010,8.7,-53837,-12.2,88,8.9
"20000","5","484220","58","0","2023","1","",369,2181,2148,2197,30535314,24429415,388098,1080,"",1.45,1.09,1.06,1.08,1.21,0.96,1.13,1.12,"",1,0.3,86,4.1,32,1.5,57,2.7,3226286,11.8,1951010,8.7,-53837,-12.2,88,8.9
"20000","5","48423","57","0","2023","1","",178,2043,2022,2009,37019862,26243579,351526,1406,"",1.70,1.65,1.63,1.62,1.85,1.60,2.39,1.13,"",-3,-1.7,262,14.7,234,13.1,196,10.8,8164141,28.3,3981243,17.9,-2284,-0.6,169,13.7
"20000","5","484230","58","0","2023","1","",178,2043,2022,2009,37019862,26243579,351526,1406,"",1.70,1.65,1.63,1.62,1.85,1.60,2.39,1.13,"",-3,-1.7,262,14.7,234,13.1,196,10.8,8164141,28.3,3981243,17.9,-2284,-0.6,169,13.7
"20000","5","485","55","0","2023","1","",120,3828,3822,3712,28900115,26714326,254905,587,"",0.69,0.94,0.93,0.90,0.75,0.68,0.27,0.81,"",-2,-1.6,174,4.8,85,2.3,226,6.5,5454836,23.3,4770569,21.7,-94349,-27.0,90,18.1
"20000","5","4851","56","0","2023","1","N",4,0,0,0,0,0,0,0,"N",0.60,0,0,0,0,0,0,0,"N",0,0.0,0,0,0,0,0,0,0,0,0,0,0,0,0,0
"20000","5","48511","57","0","2023","1","N",4,0,0,0,0,0,0,0,"N",0.60,0,0,0,0,0,0,0,"N",0,0.0,0,0,0,0,0,0,0,0,0,0,0,0,0,0
"20000","5","485113","58","0","2023","1","N",4,0,0,0,0,0,0,0,"N",0.78,0,0,0,0,0,0,0,"N",0,0.0,0,0,0,0,0,0,0,0,0,0,0,0,0,0
"20000","5","4852","56","0","2023","1","N",1,0,0,0,0,0,0,0,"N",0.25,0,0,0,0,0,0,0,"N",-1,-50.0,0,0,0,0,0,0,0,0,0,0,0,0,0,0
"20000","5","48521","57","0","2023","1","N",1,0,0,0,0,0,0,0,"N",0.25,0,0,0,0,0,0,0,"N",-1,-50.0,0,0,0,0,0,0,0,0,0,0,0,0,0,0
"20000","5","485210","58","0","2023","1","N",1,0,0,0,0,0,0,0,"N",0.25,0,0,0,0,0,0,0,"N",-1,-50.0,0,0,0,0,0,0,0,0,0,0,0,0,0,0
"20000","5","4853","56","0","2023","1","",28,193,189,172,1488855,1256450,17569,620,"",0.47,0.31,0.30,0.27,0.14,0.20,0.24,0.48,"",-4,-12.5,15,8.4,7,3.8,13,8.2,287119,23.9,226393,22.0,-2629,-13.0,86,16.1
"20000","5","48531","57","0","2023","1","",17,105,103,88,684485,529199,8995,534,"",0.69,0.29,0.29,0.24,0.08,0.14,0.22,0.30,"",-3,-15.0,-4,-3.7,-1,-1.0,-1,-1.1,132490,24.0,74661,16.4,-406,-4.3,112,26.5
"20000","5","485310","58","0","2023","1","",17,105,103,88,684485,529199,8995,534,"",0.69,0.29,0.29,0.24,0.08,0.14,0.22,0.30,"",-3,-15.0,-4,-3.7,-1,-1.0,-1,-1.1,132490,24.0,74661,16.4,-406,-4.3,112,26.5
"20000","5","48532","57","0","2023","1","",11,88,86,84,804370,727251,8574,719,"",0.32,0.34,0.32,0.31,0.39,0.31,0.26,1.21,"",-1,-8.3,19,27.5,8,10.3,14,20.0,154629,23.8,151732,26.4,-2223,-20.6,28,4.1
"20000","5","485320","58","0","2023","1","",11,88,86,84,804370,727251,8574,719,"",0.32,0.34,0.32,0.31,0.39,0.31,0.26,1.21,"",-1,-8.3,19,27.5,8,10.3,14,20.0,154629,23.8,151732,26.4,-2223,-20.6,28,4.1
"20000","5","4854","56","0","2023","1","",34,2967,2951,2913,22217331,21116007,192632,581,"",1.00,1.64,1.62,1.61,1.81,1.30,0.30,1.12,"",0,0.0,81,2.8,2,0.1,149,5.4,4019022,22.1,3531754,20.1,-92984,-32.6,93,19.1
"20000","5","48541","57","0","2023","1","",34,2967,2951,2913,22217331,21116007,192632,581,"",1.00,1.64,1.62,1.61,1.81,1.30,0.30,1.12,"",0,0.0,81,2.8,2,0.1,149,5.4,4019022,22.1,3531754,20.1,-92984,-32.6,93,19.1
"20000","5","485410","58","0","2023","1","",34,2967,2951,2913,22217331,21116007,192632,581,"",1.00,1.64,1.62,1.61,1.81,1.30,0.30,1.12,"",0,0.0,81,2.8,2,0.1,149,5.4,4019022,22.1,3531754,20.1,-92984,-32.6,93,19.1
"20000","5","4855","56","0","2023","1","",9,111,119,132,1057083,1003607,4935,674,"",0.82,0.58,0.60,0.65,0.55,0.49,0.19,0.90,"",-1,-10.0,29,35.4,26,28.0,34,34.7,285492,37.0,276396,38.0,-459,-8.5,22,3.4
"20000","5","48551","57","0","2023","1","",9,111,119,132,1057083,1003607,4935,674,"",0.82,0.58,0.60,0.65,0.55,0.49,0.19,0.90,"",-1,-10.0,29,35.4,26,28.0,34,34.7,285492,37.0,276396,38.0,-459,-8.5,22,3.4
"20000","5","485510","58","0","2023","1","",9,111,119,132,1057083,1003607,4935,674,"",0.82,0.58,0.60,0.65,0.55,0.49,0.19,0.90,"",-1,-10.0,29,35.4,26,28.0,34,34.7,285492,37.0,276396,38.0,-459,-8.5,22,3.4
"20000","5","4859","56","0","2023","1","",44,489,493,427,3480641,3246313,38582,570,"",0.76,0.52,0.52,0.45,0.44,0.38,0.30,0.87,"",4,10.0,56,12.9,57,13.1,38,9.8,875208,33.6,776458,31.4,3147,8.9,92,19.2
"20000","5","48599","57","0","2023","1","",44,489,493,427,3480641,3246313,38582,570,"",0.76,0.52,0.52,0.45,0.44,0.38,0.30,0.87,"",4,10.0,56,12.9,57,13.1,38,9.8,875208,33.6,776458,31.4,3147,8.9,92,19.2
"20000","5","485991","58","0","2023","1","",31,397,402,335,2585324,2504407,27199,526,"",0.95,0.64,0.64,0.53,0.52,0.44,0.30,0.86,"",2,6.9,11,2.8,14,3.6,-3,-0.9,280638,12.2,305715,13.9,-3472,-11.3,48,10.0
"20000","5","485999","58","0","2023","1","",13,92,91,92,895317,741906,11383,751,"",0.51,0.30,0.29,0.29,0.30,0.25,0.30,1.03,"",2,18.2,45,95.7,43,89.6,41,80.4,594570,197.7,470743,173.6,6619,138.9,276,58.1
"20000","5","486","55","0","2023","1","",87,1202,1199,1207,42785399,16291687,73588,2737,"",3.23,2.50,2.49,2.51,2.12,2.06,1.20,0.85,"",10,13.0,203,20.3,210,21.2,218,22.0,10248188,31.5,3004600,22.6,-8362,-10.2,215,8.5
"20000","5","4861","56","0","2023","1","",5,34,34,34,1583425,519991,4069,3582,"",1.05,0.32,0.32,0.32,0.36,0.31,0.25,1.13,"",0,0.0,3,9.7,3,9.7,3,9.7,568637,56.0,98666,23.4,-2927,-41.8,1064,42.3
"20000","5","48611","57","0","2023","1","",5,34,34,34,1583425,519991,4069,3582,"",1.05,0.32,0.32,0.32,0.36,0.31,0.25,1.13,"",0,0.0,3,9.7,3,9.7,3,9.7,568637,56.0,98666,23.4,-2927,-41.8,1064,42.3
"20000","5","486110","58","0","2023","1","",5,34,34,34,1583425,519991,4069,3582,"",1.05,0.32,0.32,0.32,0.36,0.31,0.25,1.13,"",0,0.0,3,9.7,3,9.7,3,9.7,568637,56.0,98666,23.4,-2927,-41.8,1064,42.3
"20000","5","4862","56","0","2023","1","",71,978,975,980,33733250,13138645,57442,2654,"",4.22,3.29,3.28,3.29,2.57,2.72,1.62,0.78,"",11,18.3,206,26.7,213,28.0,219,28.8,9128845,37.1,2915761,28.5,1035,1.8,180,7.3
"20000","5","48621","57","0","2023","1","",71,978,975,980,33733250,13138645,57442,2654,"",4.22,3.29,3.28,3.29,2.57,2.72,1.62,0.78,"",11,18.3,206,26.7,213,28.0,219,28.8,9128845,37.1,2915761,28.5,1035,1.8,180,7.3
"20000","5","486210","58","0","2023","1","",71,978,975,980,33733250,13138645,57442,2654,"",4.22,3.29,3.28,3.29,2.57,2.72,1.62,0.78,"",11,18.3,206,26.7,213,28.0,219,28.8,9128845,37.1,2915761,28.5,1035,1.8,180,7.3
"20000","5","4869","56","0","2023","1","",11,190,190,193,7468724,2633051,12077,3008,"",2.06,2.43,2.41,2.48,2.76,1.88,1.22,1.13,"",-1,-8.3,-6,-3.1,-6,-3.1,-4,-2.0,550706,8.0,-9827,-0.4,-6470,-34.9,298,11.0
"20000","5","48691","57","0","2023","1","",11,190,190,193,7468724,2633051,12077,3008,"",2.34,2.80,2.77,2.84,3.11,2.10,1.54,1.11,"",-1,-8.3,-6,-3.1,-6,-3.1,-4,-2.0,550706,8.0,-9827,-0.4,-6470,-34.9,298,11.0
"20000","5","486910","58","0","2023","1","",11,190,190,193,7468724,2633051,12077,3008,"",2.34,2.80,2.77,2.84,3.11,2.10,1.54,1.11,"",-1,-8.3,-6,-3.1,-6,-3.1,-4,-2.0,550706,8.0,-9827,-0.4,-6470,-34.9,298,11.0
"20000","5","487","55","0","2023","1","N",3,0,0,0,0,0,0,0,"N",0.10,0,0,0,0,0,0,0,"N",0,0.0,0,0,0,0,0,0,0,0,0,0,0,0,0,0
"20000","5","4871","56","0","2023","1","N",2,0,0,0,0,0,0,0,"N",0.29,0,0,0,0,0,0,0,"N",0,0.0,0,0,0,0,0,0,0,0,0,0,0,0,0,0
"20000","5","48711","57","0","2023","1","N",2,0,0,0,0,0,0,0,"N",0.29,0,0,0,0,0,0,0,"N",0,0.0,0,0,0,0,0,0,0,0,0,0,0,0,0,0
"20000","5","487110","58","0","2023","1","N",2,0,0,0,0,0,0,0,"N",0.29,0,0,0,0,0,0,0,"N",0,0.0,0,0,0,0,0,0,0,0,0,0,0,0,0,0
"20000","5","4879","56","0","2023","1","N",1,0,0,0,0,0,0,0,"N",0.43,0,0,0,0,0,0,0,"N",0,0.0,0,0,0,0,0,0,0,0,0,0,0,0,0,0
"20000","5","48799","57","0","2023","1","N",1,0,0,0,0,0,0,0,"N",0.43,0,0,0,0,0,0,0,"N",0,0.0,0,0,0,0,0,0,0,0,0,0,0,0,0,0
"20000","5","487990","58","0","2023","1","N",1,0,0,0,0,0,0,0,"N",0.43,0,0,0,0,0,0,0,"N",0,0.0,0,0,0,0,0,0,0,0,0,0,0,0,0,0
"20000","5","488","55","0","2023","1","",476,7635,7706,7749,147865155,89553973,1289912,1478,"",1.05,1.02,1.03,1.03,1.35,1.02,1.28,1.32,"",43,9.9,882,13.1,864,12.6,870,12.6,24036542,19.4,14355357,19.1,-137455,-9.6,82,5.9
"20000","5","4881","56","0","2023","1","",129,1794,1763,1764,26392979,18986506,211762,1145,"",1.77,0.77,0.75,0.75,0.93,0.75,0.78,1.22,"",6,4.9,94,5.5,54,3.2,63,3.7,4568487,20.9,2221530,13.3,-53329,-20.1,159,16.1
"20000","5","48811","57","0","2023","1","",19,323,324,320,3550885,2637994,15308,847,"",1.00,0.30,0.30,0.29,0.39,0.26,0.12,1.31,"",0,0.0,12,3.9,5,1.6,0,0.0,561135,18.8,453276,20.7,-3019,-16.5,121,16.7
"20000","5","488111","58","0","2023","1","N",9,0,0,0,0,0,0,0,"N",4.61,0,0,0,0,0,0,0,"N",0,0.0,0,0,0,0,0,0,0,0,0,0,0,0,0,0
"20000","5","488119","58","0","2023","1","N",10,0,0,0,0,0,0,0,"N",0.59,0,0,0,0,0,0,0,"N",0,0.0,0,0,0,0,0,0,0,0,0,0,0,0,0,0
"20000","5","48819","57","0","2023","1","",110,1471,1439,1444,22842094,16348512,196454,1211,"",2.05,1.18,1.15,1.15,1.18,1.07,1.33,1.02,"",6,5.8,82,5.9,49,3.5,63,4.6,4007352,21.3,1768254,12.1,-50310,-20.4,166,15.9
"20000","5","488190","58","0","2023","1","",110,1471,1439,1444,22842094,16348512,196454,1211,"",2.05,1.18,1.15,1.15,1.18,1.07,1.33,1.02,"",6,5.8,82,5.9,49,3.5,63,4.6,4007352,21.3,1768254,12.1,-50310,-20.4,166,15.9
"20000","5","4882","56","0","2023","1","",36,782,791,802,17709637,9654154,110518,1721,"",2.30,2.31,2.33,2.34,3.87,2.24,1.67,1.67,"",0,0.0,87,12.5,63,8.7,47,6.2,1872684,11.8,1247037,14.8,-25156,-18.5,43,2.6
"20000","5","48821","57","0","2023","1","",36,782,791,802,17709637,9654154,110518,1721,"",2.30,2.31,2.33,2.34,3.87,2.24,1.67,1.67,"",0,0.0,87,12.5,63,8.7,47,6.2,1872684,11.8,1247037,14.8,-25156,-18.5,43,2.6
"20000","5","488210","58","0","2023","1","",36,782,791,802,17709637,9654154,110518,1721,"",2.30,2.31,2.33,2.34,3.87,2.24,1.67,1.67,"",0,0.0,87,12.5,63,8.7,47,6.2,1872684,11.8,1247037,14.8,-25156,-18.5,43,2.6
"20000","5","4884","56","0","2023","1","",112,1092,1097,1099,14976099,11848603,149594,1051,"",0.92,1.03,1.04,1.04,1.31,1.02,1.13,1.27,"",-1,-0.9,107,10.9,77,7.5,110,11.1,3490661,30.4,2057657,21.0,-10641,-6.6,166,18.8
"20000","5","48841","57","0","2023","1","",78,612,619,624,8087201,6523675,79362,1006,"",0.91,0.90,0.91,0.92,1.12,0.89,1.05,1.24,"",3,4.0,34,5.9,36,6.2,64,11.4,1142433,16.5,705292,12.1,621,0.8,75,8.1
"20000","5","488410","58","0","2023","1","",78,612,619,624,8087201,6523675,79362,1006,"",0.91,0.90,0.91,0.92,1.12,0.89,1.05,1.24,"",3,4.0,34,5.9,36,6.2,64,11.4,1142433,16.5,705292,12.1,621,0.8,75,8.1
"20000","5","48849","57","0","2023","1","",34,480,478,475,6888898,5324928,70232,1109,"",0.96,1.28,1.27,1.26,1.63,1.25,1.23,1.29,"",-4,-10.5,73,17.9,41,9.4,46,10.7,2348228,51.7,1352365,34.0,-11262,-13.8,286,34.8
"20000","5","488490","58","0","2023","1","",34,480,478,475,6888898,5324928,70232,1109,"",0.96,1.28,1.27,1.26,1.63,1.25,1.23,1.29,"",-4,-10.5,73,17.9,41,9.4,46,10.7,2348228,51.7,1352365,34.0,-11262,-13.8,286,34.8
"20000","5","4885","56","0","2023","1","",192,3916,4008,4036,88244706,48738823,813846,1703,"",1.00,1.53,1.57,1.59,2.01,1.51,2.18,1.29,"",38,24.7,593,17.8,674,20.2,654,19.3,14017293,18.9,8807947,22.1,-48493,-5.6,-3,-0.2
"20000","5","48851","57","0","2023","1","",192,3916,4008,4036,88244706,48738823,813846,1703,"",1.00,1.53,1.57,1.59,2.01,1.51,2.18,1.29,"",38,24.7,593,17.8,674,20.2,654,19.3,14017293,18.9,8807947,22.1,-48493,-5.6,-3,-0.2
"20000","5","488510","58","0","2023","1","",192,3916,4008,4036,88244706,48738823,813846,1703,"",1.00,1.53,1.57,1.59,2.01,1.51,2.18,1.29,"",38,24.7,593,17.8,674,20.2,654,19.3,14017293,18.9,8807947,22.1,-48493,-5.6,-3,-0.2
"20000","5","4889","56","0","2023","1","",7,51,47,48,541734,325887,4192,856,"",0.25,0.15,0.14,0.14,0.12,0.10,0.09,0.83,"",0,0.0,1,2.0,-4,-7.8,-4,-7.7,87417,19.2,21186,7.0,164,4.1,171,25.0
"20000","5","48899","57","0","2023","1","",7,51,47,48,541734,325887,4192,856,"",0.25,0.15,0.14,0.14,0.12,0.10,0.09,0.83,"",0,0.0,1,2.0,-4,-7.8,-4,-7.7,87417,19.2,21186,7.0,164,4.1,171,25.0
"20000","5","488991","58","0","2023","1","",4,13,12,12,108812,88542,1255,679,"",0.35,0.06,0.06,0.06,0.05,0.04,0.05,0.89,"",0,0.0,1,8.3,0,0.0,-1,-7.7,21744,25.0,9284,11.7,11,0.9,136,25.0
"20000","5","488999","58","0","2023","1","",3,38,35,36,432922,237345,2937,917,"",0.19,0.27,0.25,0.26,0.17,0.17,0.16,0.64,"",0,0.0,0,0.0,-4,-10.3,-3,-7.7,65673,17.9,11902,5.3,153,5.5,186,25.4
"20000","5","491","55","0","2023","1","-",0,0,0,0,0,0,0,0,"N",0.00,0,0,0,0,0,0,0,"N",0,0,0,0,0,0,0,0,0,0,0,0,0,0,0,0
"20000","5","4911","56","0","2023","1","-",0,0,0,0,0,0,0,0,"N",0.00,0,0,0,0,0,0,0,"N",0,0,0,0,0,0,0,0,0,0,0,0,0,0,0,0
"20000","5","49111","57","0","2023","1","-",0,0,0,0,0,0,0,0,"N",0.00,0,0,0,0,0,0,0,"N",0,0,0,0,0,0,0,0,0,0,0,0,0,0,0,0
"20000","5","491110","58","0","2023","1","-",0,0,0,0,0,0,0,0,"N",0.00,0,0,0,0,0,0,0,"N",0,0,0,0,0,0,0,0,0,0,0,0,0,0,0,0
"20000","5","492","55","0","2023","1","",201,11376,11027,10915,127993877,94424393,1284956,887,"",1.06,1.10,1.13,1.14,1.26,1.00,1.36,1.12,"",8,4.1,-546,-4.6,-504,-4.4,-409,-3.6,-162180,-0.1,-578828,-0.6,-316253,-19.8,37,4.4
"20000","5","4921","56","0","2023","1","",128,10240,9938,9800,116931366,84235154,1087256,900,"",1.11,1.18,1.22,1.22,1.38,1.07,1.53,1.14,"",10,8.5,-205,-2.0,-142,-1.4,-162,-1.6,-276686,-0.2,-364908,-0.4,-290595,-21.1,13,1.5
"20000","5","49211","57","0","2023","1","",128,10240,9938,9800,116931366,84235154,1087256,900,"",1.11,1.18,1.22,1.22,1.38,1.07,1.53,1.14,"",10,8.5,-205,-2.0,-142,-1.4,-162,-1.6,-276686,-0.2,-364908,-0.4,-290595,-21.1,13,1.5
"20000","5","492110","58","0","2023","1","",128,10240,9938,9800,116931366,84235154,1087256,900,"",1.11,1.18,1.22,1.22,1.38,1.07,1.53,1.14,"",10,8.5,-205,-2.0,-142,-1.4,-162,-1.6,-276686,-0.2,-364908,-0.4,-290595,-21.1,13,1.5
"20000","5","4922","56","0","2023","1","",73,1136,1089,1115,11062511,10189239,197700,764,"",0.99,0.68,0.68,0.71,0.67,0.62,0.83,0.97,"",-2,-2.7,-341,-23.1,-362,-24.9,-247,-18.1,114506,1.0,-213920,-2.1,-25658,-11.5,175,29.7
"20000","5","49221","57","0","2023","1","",73,1136,1089,1115,11062511,10189239,197700,764,"",0.99,0.68,0.68,0.71,0.67,0.62,0.83,0.97,"",-2,-2.7,-341,-23.1,-362,-24.9,-247,-18.1,114506,1.0,-213920,-2.1,-25658,-11.5,175,29.7
"20000","5","492210","58","0","2023","1","",73,1136,1089,1115,11062511,10189239,197700,764,"",0.99,0.68,0.68,0.71,0.67,0.62,0.83,0.97,"",-2,-2.7,-341,-23.1,-362,-24.9,-247,-18.1,114506,1.0,-213920,-2.1,-25658,-11.5,175,29.7
"20000","5","493","55","0","2023","1","",279,23174,22713,22649,256567530,212789133,2807449,864,"",1.58,1.32,1.32,1.34,1.47,1.23,1.38,1.11,"",1,0.4,-1965,-7.8,-2824,-11.1,-1976,-8.0,-312354,-0.1,-3767670,-1.7,-888304,-24.0,77,9.8
"20000","5","4931","56","0","2023","1","",279,23174,22713,22649,256567530,212789133,2807449,864,"",1.58,1.32,1.32,1.34,1.47,1.23,1.38,1.11,"",1,0.4,-1965,-7.8,-2824,-11.1,-1976,-8.0,-312354,-0.1,-3767670,-1.7,-888304,-24.0,77,9.8
"20000","5","49311","57","0","2023","1","",148,20203,19798,19707,217403681,183611119,2498950,840,"",1.10,1.24,1.24,1.26,1.38,1.16,1.37,1.10,"",3,2.1,-1931,-8.7,-2749,-12.2,-1946,-9.0,-1837646,-0.8,-4848471,-2.6,-761489,-23.4,77,10.1
"20000","5","493110","58","0","2023","1","",148,20203,19798,19707,217403681,183611119,2498950,840,"",1.10,1.24,1.24,1.26,1.38,1.16,1.37,1.10,"",3,2.1,-1931,-8.7,-2749,-12.2,-1946,-9.0,-1837646,-0.8,-4848471,-2.6,-761489,-23.4,77,10.1
"20000","5","49312","57","0","2023","1","",19,1419,1421,1436,20817540,14907251,174803,1123,"",1.35,2.10,2.09,2.12,2.39,1.73,1.47,1.14,"",0,0.0,77,5.7,74,5.5,76,5.6,2572027,14.1,1701752,12.9,-58731,-25.1,83,8.0
"20000","5","493120","58","0","2023","1","",19,1419,1421,1436,20817540,14907251,174803,1123,"",1.35,2.10,2.09,2.12,2.39,1.73,1.47,1.14,"",0,0.0,77,5.7,74,5.5,76,5.6,2572027,14.1,1701752,12.9,-58731,-25.1,83,8.0
"20000","5","49313","57","0","2023","1","",87,711,706,730,8283085,6827996,38329,890,"",11.82,8.10,8.09,8.31,8.16,6.57,3.31,1.00,"",-2,-2.2,-95,-11.8,-86,-10.9,-64,-8.1,-1684935,-16.9,-1195555,-14.9,-32517,-45.9,-72,-7.5
"20000","5","493130","58","0","2023","1","",87,711,706,730,8283085,6827996,38329,890,"",11.82,8.10,8.09,8.31,8.16,6.57,3.31,1.00,"",-2,-2.2,-95,-11.8,-86,-10.9,-64,-8.1,-1684935,-16.9,-1195555,-14.9,-32517,-45.9,-72,-7.5
"20000","5","49319","57","0","2023","1","",25,841,788,776,10063224,7442767,95367,966,"",1.18,1.74,1.64,1.61,1.51,1.33,1.33,0.91,"",0,0.0,-16,-1.9,-63,-7.4,-42,-5.1,638200,6.8,574604,8.4,-35567,-27.2,105,12.2
"20000","5","493190","58","0","2023","1","",25,841,788,776,10063224,7442767,95367,966,"",1.18,1.74,1.64,1.61,1.51,1.33,1.33,0.91,"",0,0.0,-16,-1.9,-63,-7.4,-42,-5.1,638200,6.8,574604,8.4,-35567,-27.2,105,12.2
"20000","5","51","54","0","2023","1","",2550,18146,18183,18064,424590820,205766551,2915900,1801,"",1.12,0.64,0.64,0.64,0.46,0.46,0.55,0.73,"",412,19.3,184,1.0,38,0.2,-137,-0.8,26745370,6.7,6118519,3.1,-383557,-11.6,110,6.5
"20000","5","512","55","0","2023","1","",172,1449,1420,1372,7739451,5333492,46810,421,"",0.53,0.38,0.36,0.36,0.12,0.15,0.06,0.32,"",18,11.7,138,10.5,87,6.5,38,2.8,872787,12.7,842971,18.8,-29844,-38.9,23,5.8
"20000","5","5121","56","0","2023","1","",163,1392,1364,1313,6931372,4668364,37997,393,"",0.58,0.38,0.36,0.36,0.11,0.14,0.05,0.31,"",17,11.6,136,10.8,87,6.8,36,2.8,797955,13.0,797061,20.6,-25682,-40.3,22,5.9
"20000","5","51211","57","0","2023","1","",77,165,173,168,1918028,1354919,17881,875,"",0.38,0.07,0.07,0.07,0.04,0.05,0.03,0.52,"",7,10.0,30,22.2,29,20.1,31,22.6,224338,13.2,198582,17.2,-2822,-13.6,-65,-6.9
"20000","5","512110","58","0","2023","1","",77,165,173,168,1918028,1354919,17881,875,"",0.38,0.07,0.07,0.07,0.04,0.05,0.03,0.52,"",7,10.0,30,22.2,29,20.1,31,22.6,224338,13.2,198582,17.2,-2822,-13.6,-65,-6.9
"20000","5","51212","57","0","2023","1","N",5,0,0,0,0,0,0,0,"N",0.78,0,0,0,0,0,0,0,"N",1,25.0,0,0,0,0,0,0,0,0,0,0,0,0,0,0
"20000","5","512120","58","0","2023","1","N",5,0,0,0,0,0,0,0,"N",0.78,0,0,0,0,0,0,0,"N",1,25.0,0,0,0,0,0,0,0,0,0,0,0,0,0,0
"20000","5","51213","57","0","2023","1","",63,1196,1156,1113,4471594,2927208,14064,298,"",1.78,1.10,1.08,1.03,1.02,0.55,0.31,0.96,"",2,3.3,101,9.2,37,3.3,-8,-0.7,252242,6.0,380793,15.0,-26059,-64.9,6,2.1
"20000","5","512131","58","0","2023","1","N",59,0,0,0,0,0,0,0,"N",1.75,0,0,0,0,0,0,0,"N",2,3.5,0,0,0,0,0,0,0,0,0,0,0,0,0,0
"20000","5","512132","58","0","2023","1","N",4,0,0,0,0,0,0,0,"N",2.30,0,0,0,0,0,0,0,"N",0,0.0,0,0,0,0,0,0,0,0,0,0,0,0,0,0
"20000","5","51219","57","0","2023","1","N",18,0,0,0,0,0,0,0,"N",0.49,0,0,0,0,0,0,0,"N",7,63.6,0,0,0,0,0,0,0,0,0,0,0,0,0,0
"20000","5","512191","58","0","2023","1","N",15,0,0,0,0,0,0,0,"N",0.48,0,0,0,0,0,0,0,"N",7,87.5,0,0,0,0,0,0,0,0,0,0,0,0,0,0
"20000","5","512199","58","0","2023","1","",3,14,19,17,246505,187560,1655,1138,"",0.52,0.44,0.55,0.59,0.53,0.63,0.41,1.01,"",0,0.0,0,0.0,14,280.0,8,88.9,160443,186.4,129714,224.2,1096,196.1,429,60.5
"20000","5","5122","56","0","2023","1","",9,57,56,59,808079,665128,8813,1084,"",0.21,0.30,0.29,0.31,0.18,0.33,0.30,0.59,"",1,12.5,2,3.6,0,0.0,2,3.5,74832,10.2,45910,7.4,-4162,-32.1,77,7.6
"20000","5","51223","57","0","2023","1","N",2,0,0,0,0,0,0,0,"N",0.21,0,0,0,0,0,0,0,"N",1,100.0,0,0,0,0,0,0,0,0,0,0,0,0,0,0
"20000","5","512230","58","0","2023","1","N",2,0,0,0,0,0,0,0,"N",0.21,0,0,0,0,0,0,0,"N",1,100.0,0,0,0,0,0,0,0,0,0,0,0,0,0,0
"20000","5","51224","57","0","2023","1","",3,14,14,14,130522,122812,1763,717,"",0.19,0.30,0.30,0.30,0.21,0.26,0.28,0.70,"",-1,-25.0,-1,-6.7,-1,-6.7,-2,-12.5,-12581,-8.8,-13974,-10.2,-361,-17.0,-1,-0.1
"20000","5","512240","58","0","2023","1","",3,14,14,14,130522,122812,1763,717,"",0.19,0.30,0.30,0.30,0.21,0.26,0.28,0.70,"",-1,-25.0,-1,-6.7,-1,-6.7,-2,-12.5,-12581,-8.8,-13974,-10.2,-361,-17.0,-1,-0.1
"20000","5","51225","57","0","2023","1","",3,6,5,5,81039,64039,463,1169,"",0.29,0.09,0.08,0.07,0.04,0.09,0.04,0.45,"N",1,50.0,0,0,0,0,0,0,0,0,0,0,0,0,0,0
"20000","5","512250","58","0","2023","1","",3,6,5,5,81039,64039,463,1169,"",0.29,0.09,0.08,0.07,0.04,0.09,0.04,0.45,"N",1,50.0,0,0,0,0,0,0,0,0,0,0,0,0,0,0
"20000","5","51229","57","0","2023","1","N",1,0,0,0,0,0,0,0,"N",0.14,0,0,0,0,0,0,0,"N",0,0.0,0,0,0,0,0,0,0,0,0,0,0,0,0,0
"20000","5","512290","58","0","2023","1","N",1,0,0,0,0,0,0,0,"N",0.14,0,0,0,0,0,0,0,"N",0,0.0,0,0,0,0,0,0,0,0,0,0,0,0,0,0
"20000","5","513","55","0","2023","1","",1114,5514,5564,5557,137729318,66416010,1267925,1911,"",1.19,0.62,0.63,0.63,0.46,0.39,0.74,0.74,"",229,25.9,204,3.8,199,3.7,138,2.5,24320723,21.4,5394814,8.8,-50503,-3.8,285,17.5
"20000","5","5131","56","0","2023","1","",301,2140,2175,2241,31602714,20570509,476748,1112,"",1.24,0.78,0.80,0.83,0.51,0.57,0.98,0.63,"",-9,-2.9,-227,-9.6,-237,-9.8,-220,-8.9,-80440,-0.3,-1236995,-5.7,-77125,-13.9,102,10.1
"20000","5","51311","57","0","2023","1","",125,912,924,939,9925830,6680392,76283,825,"",2.10,0.99,1.01,1.04,0.66,0.63,0.56,0.65,"",-9,-6.7,-6,-0.7,-22,-2.3,-11,-1.2,1015134,11.4,135875,2.1,-7828,-9.3,94,12.9
"20000","5","513110","58","0","2023","1","",125,912,924,939,9925830,6680392,76283,825,"",2.10,0.99,1.01,1.04,0.66,0.63,0.56,0.65,"",-9,-6.7,-6,-0.7,-22,-2.3,-11,-1.2,1015134,11.4,135875,2.1,-7828,-9.3,94,12.9
"20000","5","51312","57","0","2023","1","",63,402,414,412,6797784,4291056,60235,1277,"",0.97,0.62,0.63,0.63,0.41,0.50,0.49,0.65,"",6,10.5,-119,-22.8,-113,-21.4,-117,-22.1,-560647,-7.6,-756818,-15.0,-1184,-1.9,200,18.6
"20000","5","513120","58","0","2023","1","",63,402,414,412,6797784,4291056,60235,1277,"",0.97,0.62,0.63,0.63,0.41,0.50,0.49,0.65,"",6,10.5,-119,-22.8,-113,-21.4,-117,-22.1,-560647,-7.6,-756818,-15.0,-1184,-1.9,200,18.6
"20000","5","51313","57","0","2023","1","",43,459,478,529,7090043,5531600,272693,1116,"",1.00,0.90,0.94,1.03,0.62,0.73,3.03,0.65,"",3,7.5,1,0.2,-13,-2.6,-16,-2.9,454635,6.9,306980,5.9,-45987,-14.4,91,8.9
"20000","5","513130","58","0","2023","1","",43,459,478,529,7090043,5531600,272693,1116,"",1.00,0.90,0.94,1.03,0.62,0.73,3.03,0.65,"",3,7.5,1,0.2,-13,-2.6,-16,-2.9,454635,6.9,306980,5.9,-45987,-14.4,91,8.9
"20000","5","51314","57","0","2023","1","",13,255,250,250,5676555,2965643,44602,1735,"",1.01,1.58,1.57,1.57,1.47,1.06,1.14,0.93,"",-1,-7.1,-68,-21.1,-63,-20.1,-53,-17.5,-581092,-9.3,-523701,-15.0,-9019,-16.8,197,12.8
"20000","5","513140","58","0","2023","1","",13,255,250,250,5676555,2965643,44602,1735,"",1.01,1.58,1.57,1.57,1.47,1.06,1.14,0.93,"",-1,-7.1,-68,-21.1,-63,-20.1,-53,-17.5,-581092,-9.3,-523701,-15.0,-9019,-16.8,197,12.8
"20000","5","51319","57","0","2023","1","",57,112,109,111,2112502,1101818,22935,1468,"",0.92,0.23,0.23,0.23,0.14,0.16,0.23,0.59,"",-8,-12.3,-35,-23.8,-26,-19.3,-23,-17.2,-408470,-16.2,-399331,-26.6,-13107,-36.4,70,5.0
"20000","5","513199","58","0","2023","1","",57,112,109,111,2112502,1101818,22935,1468,"",0.93,0.24,0.24,0.24,0.14,0.17,0.23,0.57,"",-8,-12.3,-35,-23.8,-26,-19.3,-23,-17.2,-408470,-16.2,-399331,-26.6,-13107,-36.4,70,5.0
"20000","5","5132","56","0","2023","1","",813,3374,3389,3316,106126604,45845501,791177,2430,"",1.17,0.55,0.55,0.54,0.45,0.34,0.65,0.82,"",238,41.4,431,14.6,436,14.8,358,12.1,24401163,29.9,6631809,16.9,26622,3.5,300,14.1
"20000","5","51321","57","0","2023","1","",813,3374,3389,3316,106126604,45845501,791177,2430,"",1.17,0.55,0.55,0.54,0.45,0.34,0.65,0.82,"",238,41.4,431,14.6,436,14.8,358,12.1,24401163,29.9,6631809,16.9,26622,3.5,300,14.1
"20000","5","513210","58","0","2023","1","",813,3374,3389,3316,106126604,45845501,791177,2430,"",1.17,0.55,0.55,0.54,0.45,0.34,0.65,0.82,"",238,41.4,431,14.6,436,14.8,358,12.1,24401163,29.9,6631809,16.9,26622,3.5,300,14.1
"20000","5","516","55","0","2023","1","",190,1912,1935,1903,34533111,19775935,165876,1386,"",1.18,0.57,0.58,0.58,0.28,0.40,0.29,0.48,"",15,8.6,-72,-3.6,-70,-3.5,-85,-4.3,-92144,-0.3,-1008580,-4.9,-58750,-26.2,49,3.7
"20000","5","5161","56","0","2023","1","",75,1321,1345,1332,18514401,12183495,91483,1069,"",1.56,1.16,1.19,1.18,0.86,0.96,0.62,0.73,"",2,2.7,50,3.9,63,4.9,55,4.3,2111265,12.9,974609,8.7,-29613,-24.5,81,8.2
"20000","5","51611","57","0","2023","1","",59,867,880,866,11050278,7372448,55807,976,"",1.70,1.73,1.76,1.75,1.50,1.41,0.93,0.86,"",2,3.5,54,6.6,55,6.7,42,5.1,1215784,12.4,714480,10.7,-20580,-26.9,54,5.9
"20000","5","516110","58","0","2023","1","",59,867,880,866,11050278,7372448,55807,976,"",1.70,1.73,1.76,1.75,1.50,1.41,0.93,0.86,"",2,3.5,54,6.6,55,6.7,42,5.1,1215784,12.4,714480,10.7,-20580,-26.9,54,5.9
"20000","5","51612","57","0","2023","1","",16,454,465,466,7464123,4811047,35676,1244,"",1.19,0.72,0.73,0.74,0.53,0.64,0.40,0.72,"",0,0.0,-4,-0.9,8,1.8,13,2.9,895481,13.6,260129,5.7,-9033,-20.2,136,12.3
"20000","5","516120","58","0","2023","1","",16,454,465,466,7464123,4811047,35676,1244,"",1.19,0.72,0.73,0.74,0.53,0.64,0.40,0.72,"",0,0.0,-4,-0.9,8,1.8,13,2.9,895481,13.6,260129,5.7,-9033,-20.2,136,12.3
"20000","5","5162","56","0","2023","1","",115,591,590,571,16018710,7592440,74393,2110,"",1.01,0.27,0.27,0.27,0.16,0.21,0.18,0.58,"",13,12.7,-122,-17.1,-133,-18.4,-140,-19.7,-2203409,-12.1,-1983189,-20.7,-29137,-28.1,151,7.7
"20000","5","51621","57","0","2023","1","",115,591,590,571,16018710,7592440,74393,2110,"",1.01,0.27,0.27,0.27,0.16,0.21,0.18,0.58,"",13,12.7,-122,-17.1,-133,-18.4,-140,-19.7,-2203409,-12.1,-1983189,-20.7,-29137,-28.1,151,7.7
"20000","5","516210","58","0","2023","1","",115,591,590,571,16018710,7592440,74393,2110,"",1.01,0.27,0.27,0.27,0.16,0.21,0.18,0.58,"",13,12.7,-122,-17.1,-133,-18.4,-140,-19.7,-2203409,-12.1,-1983189,-20.7,-29137,-28.1,151,7.7
"20000","5","517","55","0","2023","1","",441,6441,6476,6464,160861778,78804559,858143,1915,"",1.46,1.05,1.06,1.06,1.02,0.85,0.79,0.97,"",30,7.3,-291,-4.3,-300,-4.4,-318,-4.7,-8987378,-5.3,-1614779,-2.0,-148565,-14.8,-17,-0.9
"20000","5","5171","56","0","2023","1","",397,6268,6302,6289,156807961,76704864,803999,1919,"",1.57,1.12,1.12,1.13,1.11,0.90,0.81,0.99,"",16,4.2,-376,-5.7,-382,-5.7,-403,-6.0,-10379703,-6.2,-2735219,-3.4,-170257,-17.5,-8,-0.4
"20000","5","51711","57","0","2023","1","",362,6067,6102,6088,150215756,73837114,766215,1899,"",1.67,1.16,1.17,1.17,1.14,0.93,0.82,0.97,"",17,4.9,-352,-5.5,-349,-5.4,-375,-5.8,-10596290,-6.6,-2698017,-3.5,-143818,-15.8,-21,-1.1
"20000","5","517111","58","0","2023","1","",274,4273,4290,4263,104239643,56431922,594184,1876,"",1.69,0.97,0.98,0.97,0.95,0.87,0.76,0.98,"",16,6.2,-106,-2.4,-64,-1.5,-116,-2.6,-407027,-0.4,451068,0.8,-163008,-21.5,34,1.8
"20000","5","517112","58","0","2023","1","",88,1794,1812,1825,45976113,17405192,172031,1954,"",1.60,2.16,2.19,2.20,2.02,1.18,1.16,0.92,"",1,1.1,-246,-12.1,-285,-13.6,-259,-12.4,-10189263,-18.1,-3149085,-15.3,19190,12.6,-129,-6.2
"20000","5","51712","57","0","2023","1","",35,201,200,201,6592205,2867750,37784,2527,"",0.97,0.52,0.52,0.53,0.78,0.52,0.62,1.49,"",-1,-2.8,-24,-10.7,-33,-14.2,-28,-12.2,216587,3.4,-37202,-1.3,-26439,-41.2,385,18.0
"20000","5","517121","58","0","2023","1","",35,201,200,201,6592205,2867750,37784,2527,"",0.97,0.52,0.52,0.53,0.78,0.52,0.62,1.49,"",-1,-2.8,-24,-10.7,-33,-14.2,-28,-12.2,216587,3.4,-37202,-1.3,-26439,-41.2,385,18.0
"20000","5","5174","56","0","2023","1","",3,3,3,3,116807,38531,733,2995,"",0.36,0.03,0.03,0.03,0.05,0.03,0.06,1.44,"N",0,0.0,0,0,0,0,0,0,0,0,0,0,0,0,0,0
"20000","5","51741","57","0","2023","1","",3,3,3,3,116807,38531,733,2995,"",0.36,0.03,0.03,0.03,0.05,0.03,0.06,1.44,"N",0,0.0,0,0,0,0,0,0,0,0,0,0,0,0,0,0
"20000","5","517410","58","0","2023","1","",3,3,3,3,116807,38531,733,2995,"",0.36,0.03,0.03,0.03,0.05,0.03,0.06,1.44,"N",0,0.0,0,0,0,0,0,0,0,0,0,0,0,0,0,0
"20000","5","5178","56","0","2023","1","",41,170,171,172,3937010,2061164,53411,1771,"",1.01,0.41,0.41,0.42,0.28,0.34,0.69,0.67,"N",14,51.9,0,0,0,0,0,0,0,0,0,0,0,0,0,0
"20000","5","51781","57","0","2023","1","",41,170,171,172,3937010,2061164,53411,1771,"",1.01,0.41,0.41,0.42,0.28,0.34,0.69,0.67,"N",14,51.9,0,0,0,0,0,0,0,0,0,0,0,0,0,0
"20000","5","517810","58","0","2023","1","",41,170,171,172,3937010,2061164,53411,1771,"",1.01,0.41,0.41,0.42,0.28,0.34,0.69,0.67,"N",14,51.9,0,0,0,0,0,0,0,0,0,0,0,0,0,0
"20000","5","518","55","0","2023","1","",588,2585,2549,2532,79751750,33433290,539542,2401,"",1.41,0.56,0.56,0.56,0.50,0.45,0.67,0.89,"",114,24.1,165,6.8,94,3.8,58,2.3,9541474,13.6,2108739,6.7,-104995,-16.3,196,8.9
"20000","5","5182","56","0","2023","1","",588,2585,2549,2532,79751750,33433290,539542,2401,"",1.41,0.56,0.56,0.56,0.50,0.45,0.67,0.89,"",114,24.1,165,6.8,94,3.8,58,2.3,9541474,13.6,2108739,6.7,-104995,-16.3,196,8.9
"20000","5","51821","57","0","2023","1","",588,2585,2549,2532,79751750,33433290,539542,2401,"",1.41,0.56,0.56,0.56,0.50,0.45,0.67,0.89,"",114,24.1,165,6.8,94,3.8,58,2.3,9541474,13.6,2108739,6.7,-104995,-16.3,196,8.9
"20000","5","518210","58","0","2023","1","",588,2585,2549,2532,79751750,33433290,539542,2401,"",1.41,0.56,0.56,0.56,0.50,0.45,0.67,0.89,"",114,24.1,165,6.8,94,3.8,58,2.3,9541474,13.6,2108739,6.7,-104995,-16.3,196,8.9
"20000","5","519","55","0","2023","1","",45,245,239,236,3975412,2003265,37604,1274,"",0.32,0.14,0.14,0.14,0.04,0.08,0.14,0.27,"",6,15.4,40,19.5,28,13.3,32,15.7,1089908,37.8,395354,24.6,9100,31.9,200,18.6
"20000","5","5192","56","0","2023","1","",45,245,239,236,3975412,2003265,37604,1274,"",0.32,0.14,0.14,0.14,0.04,0.08,0.14,0.27,"",6,15.4,40,19.5,28,13.3,32,15.7,1089908,37.8,395354,24.6,9100,31.9,200,18.6
"20000","5","51921","57","0","2023","1","",6,43,42,40,341622,279401,1406,631,"",0.32,0.17,0.17,0.16,0.14,0.25,0.10,0.84,"",-5,-45.5,-13,-23.2,-13,-23.6,-12,-23.1,-81958,-19.3,-81464,-22.6,-478,-25.4,31,5.2
"20000","5","519210","58","0","2023","1","",6,43,42,40,341622,279401,1406,631,"",0.32,0.17,0.17,0.16,0.14,0.25,0.10,0.84,"",-5,-45.5,-13,-23.2,-13,-23.6,-12,-23.1,-81958,-19.3,-81464,-22.6,-478,-25.4,31,5.2
"20000","5","51929","57","0","2023","1","",39,202,197,196,3633790,1723864,36198,1409,"",0.32,0.14,0.13,0.13,0.03,0.07,0.14,0.26,"",11,39.3,53,35.6,41,26.3,44,28.9,1171866,47.6,476818,38.2,9578,36.0,166,13.4
"20000","5","519290","58","0","2023","1","",39,202,197,196,3633790,1723864,36198,1409,"",0.32,0.14,0.13,0.13,0.03,0.07,0.14,0.26,"",11,39.3,53,35.6,41,26.3,44,28.9,1171866,47.6,476818,38.2,9578,36.0,166,13.4
"20000","5","52","54","0","2023","1","",6199,57841,57610,57443,1552654370,697160742,6870811,2072,"",1.34,0.99,0.99,0.99,0.73,0.83,0.84,0.74,"",225,3.8,246,0.4,175,0.3,419,0.7,101422106,7.0,25828779,3.8,-1961309,-22.2,126,6.5
"20000","5","521","55","0","2023","1","",14,21,24,20,855233,332902,7567,3036,"",1.83,0.10,0.12,0.10,0.15,0.12,0.38,1.42,"",4,40.0,5,31.2,8,50.0,1,5.3,182103,27.1,76841,30.0,2133,39.3,-10,-0.3
"20000","5","5211","56","0","2023","1","",14,21,24,20,855233,332902,7567,3036,"",1.83,0.10,0.12,0.10,0.15,0.12,0.38,1.42,"",4,40.0,5,31.2,8,50.0,1,5.3,182103,27.1,76841,30.0,2133,39.3,-10,-0.3
"20000","5","52111","57","0","2023","1","",14,21,24,20,855233,332902,7567,3036,"",1.83,0.10,0.12,0.10,0.15,0.12,0.38,1.42,"",4,40.0,5,31.2,8,50.0,1,5.3,182103,27.1,76841,30.0,2133,39.3,-10,-0.3
"20000","5","521110","58","0","2023","1","",14,21,24,20,855233,332902,7567,3036,"",1.83,0.10,0.12,0.10,0.15,0.12,0.38,1.42,"",4,40.0,5,31.2,8,50.0,1,5.3,182103,27.1,76841,30.0,2133,39.3,-10,-0.3
"20000","5","522","55","0","2023","1","",2160,25741,25725,25673,590683699,296479207,2394940,1767,"",1.37,1.05,1.05,1.05,0.84,0.88,0.76,0.80,"",40,1.9,-113,-0.4,-126,-0.5,-56,-0.2,21555490,3.8,8713086,3.0,-966762,-28.8,71,4.2
"20000","5","5221","56","0","2023","1","",1444,20141,20144,20165,405261060,226593208,1530315,1547,"",1.66,1.21,1.21,1.21,0.87,0.97,0.79,0.72,"",15,1.0,244,1.2,272,1.4,293,1.5,19720546,5.1,12749952,6.0,-651719,-29.9,55,3.7
"20000","5","52211","57","0","2023","1","",1132,15838,15853,15860,328164644,180026950,1098617,1593,"",1.74,1.22,1.23,1.23,0.82,0.98,0.71,0.67,"",16,1.4,-21,-0.1,61,0.4,69,0.4,12023716,3.8,8020689,4.7,-532749,-32.7,55,3.6
"20000","5","522110","58","0","2023","1","",1132,15838,15853,15860,328164644,180026950,1098617,1593,"",1.74,1.22,1.23,1.23,0.82,0.98,0.71,0.67,"",16,1.4,-21,-0.1,61,0.4,69,0.4,12023716,3.8,8020689,4.7,-532749,-32.7,55,3.6
"20000","5","52213","57","0","2023","1","",183,2839,2841,2861,50690399,31960466,305376,1370,"",1.18,1.01,1.01,1.02,1.17,0.89,1.09,1.16,"",6,3.4,172,6.4,139,5.1,151,5.6,5584064,12.4,3317518,11.6,-82985,-21.4,82,6.4
"20000","5","522130","58","0","2023","1","",183,2839,2841,2861,50690399,31960466,305376,1370,"",1.18,1.01,1.01,1.02,1.17,0.89,1.09,1.16,"",6,3.4,172,6.4,139,5.1,151,5.6,5584064,12.4,3317518,11.6,-82985,-21.4,82,6.4
"20000","5","52218","57","0","2023","1","",129,1464,1450,1444,26406017,14605792,126322,1398,"",2.07,1.60,1.59,1.59,1.30,1.11,1.00,0.81,"",-7,-5.1,93,6.8,72,5.2,73,5.3,2112766,8.7,1411745,10.7,-35985,-22.2,37,2.7
"20000","5","522180","58","0","2023","1","",129,1464,1450,1444,26406017,14605792,126322,1398,"",2.07,1.60,1.59,1.59,1.30,1.11,1.00,0.81,"",-7,-5.1,93,6.8,72,5.2,73,5.3,2112766,8.7,1411745,10.7,-35985,-22.2,37,2.7
"20000","5","5222","56","0","2023","1","",481,3658,3633,3569,105926897,45055664,503253,2251,"",1.11,0.72,0.72,0.71,0.78,0.66,0.67,1.08,"",14,3.0,-373,-9.3,-402,-10.0,-406,-10.2,-12708100,-10.7,-4334690,-8.8,-226433,-31.0,-23,-1.0
"20000","5","52221","57","0","2023","1","",8,25,27,27,636525,222395,3194,1859,"",0.91,0.04,0.04,0.04,0.03,0.03,0.04,0.75,"",2,33.3,2,8.7,5,22.7,5,22.7,68783,12.1,77825,53.8,660,26.0,-96,-4.9
"20000","5","522210","58","0","2023","1","",8,25,27,27,636525,222395,3194,1859,"",0.91,0.04,0.04,0.04,0.03,0.03,0.04,0.75,"",2,33.3,2,8.7,5,22.7,5,22.7,68783,12.1,77825,53.8,660,26.0,-96,-4.9
"20000","5","52222","57","0","2023","1","",77,640,641,645,22971282,8510261,55622,2752,"",1.48,0.80,0.80,0.81,0.99,0.78,0.43,1.23,"",15,24.2,-18,-2.7,-21,-3.2,-16,-2.4,53581,0.2,-329642,-3.7,-28759,-34.1,82,3.1
"20000","5","522220","58","0","2023","1","",77,640,641,645,22971282,8510261,55622,2752,"",1.48,0.80,0.80,0.81,0.99,0.78,0.43,1.23,"",15,24.2,-18,-2.7,-21,-3.2,-16,-2.4,53581,0.2,-329642,-3.7,-28759,-34.1,82,3.1
"20000","5","52229","57","0","2023","1","",396,2993,2965,2897,82319090,36323008,444437,2145,"",1.07,0.83,0.83,0.82,0.90,0.74,0.81,1.09,"",-3,-0.8,-357,-10.7,-386,-11.5,-395,-12.0,-12830464,-13.5,-4082873,-10.1,-198334,-30.9,-52,-2.4
"20000","5","522291","58","0","2023","1","",75,504,498,481,8597024,4985015,49100,1338,"",0.59,0.58,0.58,0.56,0.44,0.45,0.39,0.77,"",-21,-21.9,83,19.7,77,18.3,69,16.7,2242114,35.3,1275677,34.4,3598,7.9,169,14.5
"20000","5","522292","58","0","2023","1","",220,1647,1627,1579,42312712,21105196,302218,2012,"",1.40,0.86,0.87,0.85,0.90,0.78,0.91,1.05,"",17,8.4,-468,-22.1,-494,-23.3,-489,-23.6,-18588767,-30.5,-5803922,-21.6,-186456,-38.2,-217,-9.7
"20000","5","522299","58","0","2023","1","",101,842,840,837,31409354,10232797,93119,2877,"",1.16,1.02,1.02,1.02,1.27,0.94,1.00,1.24,"",1,1.0,28,3.4,31,3.8,25,3.1,3516189,12.6,445372,4.6,-15476,-14.3,234,8.9
"20000","5","5223","56","0","2023","1","",235,1942,1948,1939,79495742,24830335,361372,3147,"",0.84,0.70,0.71,0.71,0.80,0.68,0.80,1.14,"",11,4.9,16,0.8,4,0.2,57,3.0,14543044,22.4,297824,1.2,-88610,-19.7,541,20.8
"20000","5","52231","57","0","2023","1","",91,275,275,262,4908044,3219251,59784,1395,"",0.64,0.32,0.33,0.32,0.27,0.28,0.36,0.84,"",9,11.0,-87,-24.0,-80,-22.5,-35,-11.8,-4815197,-49.5,-1071137,-25.0,-17016,-22.2,-818,-37.0
"20000","5","522310","58","0","2023","1","",91,275,275,262,4908044,3219251,59784,1395,"",0.64,0.32,0.33,0.32,0.27,0.28,0.36,0.84,"",9,11.0,-87,-24.0,-80,-22.5,-35,-11.8,-4815197,-49.5,-1071137,-25.0,-17016,-22.2,-818,-37.0
"20000","5","52232","57","0","2023","1","",75,1423,1424,1430,71216894,19246798,271731,3843,"",1.01,1.14,1.14,1.16,1.16,1.11,1.43,1.01,"",-1,-1.3,79,5.9,57,4.2,64,4.7,18993940,36.4,1029720,5.7,-69664,-20.4,887,30.0
"20000","5","522320","58","0","2023","1","",75,1423,1424,1430,71216894,19246798,271731,3843,"",1.01,1.14,1.14,1.16,1.16,1.11,1.43,1.01,"",-1,-1.3,79,5.9,57,4.2,64,4.7,18993940,36.4,1029720,5.7,-69664,-20.4,887,30.0
"20000","5","52239","57","0","2023","1","",69,244,249,247,3370804,2364286,29857,1051,"",1.09,0.36,0.36,0.36,0.17,0.31,0.31,0.47,"",3,4.5,24,10.9,27,12.2,28,12.8,364301,12.1,339241,16.8,-1930,-6.1,1,0.1
"20000","5","522390","58","0","2023","1","",69,244,249,247,3370804,2364286,29857,1051,"",1.09,0.36,0.36,0.36,0.17,0.31,0.31,0.47,"",3,4.5,24,10.9,27,12.2,28,12.8,364301,12.1,339241,16.8,-1930,-6.1,1,0.1
"20000","5","523","55","0","2023","1","",1265,7039,7092,7047,306856787,91665383,1174457,3344,"",1.07,0.72,0.72,0.72,0.39,0.56,0.66,0.54,"",94,8.0,756,12.0,765,12.1,774,12.3,29291783,10.6,12219761,15.4,-108944,-8.5,-48,-1.4
"20000","5","5231","56","0","2023","1","N",286,0,0,0,0,0,0,0,"N",0.82,0,0,0,0,0,0,0,"N",7,2.5,0,0,0,0,0,0,0,0,0,0,0,0,0,0
"20000","5","52315","57","0","2023","1","",227,1819,1836,1796,94055974,24669715,211707,3982,"",0.71,0.44,0.44,0.44,0.26,0.34,0.30,0.58,"",7,3.2,93,5.4,108,6.2,75,4.4,-3842486,-3.9,2540090,11.5,-40128,-15.9,-384,-8.8
"20000","5","523150","58","0","2023","1","",227,1819,1836,1796,94055974,24669715,211707,3982,"",0.71,0.44,0.44,0.44,0.26,0.34,0.30,0.58,"",7,3.2,93,5.4,108,6.2,75,4.4,-3842486,-3.9,2540090,11.5,-40128,-15.9,-384,-8.8
"20000","5","52316","57","0","2023","1","N",59,0,0,0,0,0,0,0,"N",2.03,0,0,0,0,0,0,0,"N",0,0.0,0,0,0,0,0,0,0,0,0,0,0,0,0,0
"20000","5","523160","58","0","2023","1","N",59,0,0,0,0,0,0,0,"N",2.03,0,0,0,0,0,0,0,"N",0,0.0,0,0,0,0,0,0,0,0,0,0,0,0,0,0
"20000","5","5232","56","0","2023","1","N",2,0,0,0,0,0,0,0,"N",0.31,0,0,0,0,0,0,0,"N",1,100.0,0,0,0,0,0,0,0,0,0,0,0,0,0,0
"20000","5","52321","57","0","2023","1","N",2,0,0,0,0,0,0,0,"N",0.31,0,0,0,0,0,0,0,"N",1,100.0,0,0,0,0,0,0,0,0,0,0,0,0,0,0
"20000","5","523210","58","0","2023","1","N",2,0,0,0,0,0,0,0,"N",0.31,0,0,0,0,0,0,0,"N",1,100.0,0,0,0,0,0,0,0,0,0,0,0,0,0,0
"20000","5","5239","56","0","2023","1","",977,4782,4807,4805,180252991,60791719,878895,2890,"",1.17,0.90,0.90,0.90,0.46,0.70,0.87,0.51,"",86,9.7,630,15.2,617,14.7,654,15.8,27326630,17.9,8873425,17.1,-37034,-4.0,65,2.3
"20000","5","52391","57","0","2023","1","",60,144,137,138,10054729,1363573,17968,5538,"",0.77,0.46,0.44,0.44,0.48,0.29,0.29,1.08,"",-6,-9.1,-30,-17.2,-38,-21.7,-36,-20.7,5548155,123.1,-350476,-20.4,-11583,-39.2,3550,178.6
"20000","5","523910","58","0","2023","1","",60,144,137,138,10054729,1363573,17968,5538,"",0.77,0.46,0.44,0.44,0.48,0.29,0.29,1.08,"",-6,-9.1,-30,-17.2,-38,-21.7,-36,-20.7,5548155,123.1,-350476,-20.4,-11583,-39.2,3550,178.6
"20000","5","52394","57","0","2023","1","",866,4351,4369,4361,163669238,55819619,830556,2887,"",1.28,0.96,0.96,0.96,0.47,0.76,0.97,0.49,"",90,11.6,646,17.4,631,16.9,650,17.5,21614973,15.2,8908540,19.0,-12146,-1.4,-52,-1.8
"20000","5","523940","58","0","2023","1","",866,4351,4369,4361,163669238,55819619,830556,2887,"",1.28,0.96,0.96,0.96,0.47,0.76,0.97,0.49,"",90,11.6,646,17.4,631,16.9,650,17.5,21614973,15.2,8908540,19.0,-12146,-1.4,-52,-1.8
"20000","5","52399","57","0","2023","1","",51,287,301,306,6529024,3608527,30371,1685,"",0.66,0.57,0.59,0.60,0.29,0.43,0.31,0.49,"",2,4.1,14,5.1,24,8.7,40,15.0,163502,2.6,315361,9.6,-13305,-30.5,-115,-6.4
"20000","5","523991","58","0","2023","1","",31,262,273,277,5868225,3350474,25582,1668,"",1.31,1.35,1.42,1.43,0.93,1.05,0.72,0.67,"",-2,-6.1,38,17.0,46,20.3,61,28.2,940250,19.1,633097,23.3,-11127,-30.3,-37,-2.2
"20000","5","523999","58","0","2023","1","",20,25,28,29,660799,258053,4789,1860,"",0.37,0.08,0.09,0.09,0.04,0.05,0.07,0.47,"",4,25.0,-24,-49.0,-22,-44.0,-21,-42.0,-776748,-54.0,-317736,-55.2,-2178,-31.3,-366,-16.4
"20000","5","524","55","0","2023","1","",2728,24984,24713,24646,652373040,307767810,3276601,2025,"",1.53,1.06,1.05,1.05,1.07,0.93,1.02,1.01,"",81,3.1,-425,-1.7,-495,-2.0,-320,-1.3,49377670,8.2,4496050,1.5,-893012,-21.4,184,10.0
"20000","5","5241","56","0","2023","1","",338,8604,8613,8610,245020192,114835249,990525,2189,"",1.20,0.77,0.77,0.77,0.74,0.70,0.63,0.96,"",15,4.6,-532,-5.8,-514,-5.6,-499,-5.5,8851775,3.7,-2862069,-2.4,-297034,-23.1,198,9.9
"20000","5","52411","57","0","2023","1","",95,3308,3334,3352,100993004,44554879,403049,2332,"",0.96,0.55,0.56,0.56,0.56,0.50,0.46,1.01,"",1,1.1,67,2.1,103,3.2,123,3.8,7094409,7.6,2009551,4.7,-57657,-12.5,98,4.4
"20000","5","524113","58","0","2023","1","",40,477,486,495,23102402,6614137,66936,3657,"",0.96,0.23,0.24,0.24,0.30,0.20,0.23,1.29,"",-6,-13.0,11,2.4,30,6.6,38,8.3,4477250,24.0,701443,11.9,-33038,-33.0,540,17.3
"20000","5","524114","58","0","2023","1","",55,2831,2848,2857,77890602,37940742,336113,2106,"",0.95,0.72,0.73,0.73,0.75,0.68,0.58,1.04,"",7,14.6,56,2.0,73,2.6,85,3.1,2617159,3.5,1308108,3.6,-24619,-6.8,19,0.9
"20000","5","52412","57","0","2023","1","",230,5044,5030,5011,130441711,66801264,570911,1995,"",1.33,1.02,1.02,1.02,0.95,0.96,0.89,0.93,"",14,6.5,-586,-10.4,-601,-10.7,-609,-10.8,1759935,1.4,-4668933,-6.5,-228420,-28.6,236,13.4
"20000","5","524126","58","0","2023","1","",148,4470,4455,4447,117897119,60221290,468160,2035,"",1.35,1.06,1.06,1.06,0.98,1.00,0.89,0.92,"",9,6.5,-358,-7.4,-383,-7.9,-384,-7.9,4065848,3.6,-2885438,-4.6,-183649,-28.2,223,12.3
"20000","5","524127","58","0","2023","1","",50,375,378,369,6202203,4091347,68415,1276,"",1.04,0.68,0.70,0.69,0.47,0.57,0.83,0.68,"",0,0.0,-210,-35.9,-195,-34.0,-194,-34.5,-1552159,-20.0,-1537527,-27.3,-25182,-26.9,236,22.7
"20000","5","524128","58","0","2023","1","",32,199,197,195,6342389,2488627,34336,2477,"",2.04,1.16,1.15,1.14,1.71,1.11,1.19,1.48,"",5,18.5,-18,-8.3,-23,-10.5,-31,-13.7,-753754,-10.6,-245968,-9.0,-19589,-36.3,7,0.3
"20000","5","52413","57","0","2023","1","",13,252,249,247,13585477,3479106,16565,4191,"",1.43,0.90,0.89,0.88,0.98,0.66,0.34,1.10,"",0,0.0,-13,-4.9,-16,-6.0,-13,-5.0,-2569,0.0,-202687,-5.5,-10957,-39.8,222,5.6
"20000","5","524130","58","0","2023","1","",13,252,249,247,13585477,3479106,16565,4191,"",1.43,0.90,0.89,0.88,0.98,0.66,0.34,1.10,"",0,0.0,-13,-4.9,-16,-6.0,-13,-5.0,-2569,0.0,-202687,-5.5,-10957,-39.8,222,5.6
"20000","5","5242","56","0","2023","1","",2390,16380,16100,16036,407352848,192932561,2286076,1938,"",1.60,1.33,1.31,1.30,1.45,1.16,1.40,1.10,"",66,2.8,107,0.7,19,0.1,179,1.1,40525895,11.0,7358119,4.0,-595978,-20.7,182,10.4
"20000","5","52421","57","0","2023","1","",2022,12465,12187,12162,309122348,144183314,1704085,1938,"",1.59,1.42,1.38,1.38,1.52,1.23,1.57,1.09,"",45,2.3,177,1.4,98,0.8,266,2.2,35334412,12.9,6880527,5.0,-432194,-20.2,196,11.3
"20000","5","524210","58","0","2023","1","",2022,12465,12187,12162,309122348,144183314,1704085,1938,"",1.59,1.42,1.38,1.38,1.52,1.23,1.57,1.09,"",45,2.3,177,1.4,98,0.8,266,2.2,35334412,12.9,6880527,5.0,-432194,-20.2,196,11.3
"20000","5","52429","57","0","2023","1","",368,3915,3913,3874,98230500,48749247,581991,1937,"",1.63,1.11,1.11,1.10,1.28,1.00,1.06,1.15,"",21,6.1,-70,-1.8,-79,-2.0,-87,-2.2,5191483,5.6,477592,1.0,-163784,-22.0,138,7.7
"20000","5","524291","58","0","2023","1","",94,582,573,569,13387168,7354710,111878,1792,"",1.43,0.99,0.98,0.97,1.09,0.90,1.04,1.12,"",-3,-3.1,-88,-13.1,-92,-13.8,-93,-14.0,-1286978,-8.8,-1110246,-13.1,-14895,-11.7,96,5.7
"20000","5","524292","58","0","2023","1","",121,2018,2021,2011,49805326,24638071,324607,1900,"",1.62,1.00,1.01,1.00,1.22,0.88,1.07,1.22,"",6,5.2,9,0.4,-4,-0.2,2,0.1,3520484,7.6,805827,3.4,-110395,-25.4,132,7.5
"20000","5","524298","58","0","2023","1","",153,1315,1319,1294,35038006,16756466,145506,2058,"",1.81,1.44,1.44,1.41,1.47,1.33,1.07,1.03,"",18,13.3,9,0.7,17,1.3,4,0.3,2957977,9.2,782011,4.9,-38494,-20.9,159,8.4
"20000","5","525","55","0","2023","1","",32,56,56,57,1885611,915440,17246,2575,"",0.42,0.21,0.21,0.21,0.15,0.20,0.27,0.70,"",6,23.1,23,69.7,23,69.7,20,54.1,1015060,116.6,323041,54.5,5276,44.1,625,32.1
"20000","5","5251","56","0","2023","1","",6,24,24,25,647419,330341,3470,2047,"",0.40,0.23,0.23,0.23,0.24,0.24,0.24,1.05,"",0,0.0,7,41.2,6,33.3,6,31.6,317242,96.1,110653,50.4,852,32.5,636,45.1
"20000","5","52512","57","0","2023","1","N",4,0,0,0,0,0,0,0,"N",0.73,0,0,0,0,0,0,0,"N",0,0.0,0,0,0,0,0,0,0,0,0,0,0,0,0,0
"20000","5","525120","58","0","2023","1","N",4,0,0,0,0,0,0,0,"N",0.73,0,0,0,0,0,0,0,"N",0,0.0,0,0,0,0,0,0,0,0,0,0,0,0,0,0
"20000","5","52519","57","0","2023","1","N",2,0,0,0,0,0,0,0,"N",0.75,0,0,0,0,0,0,0,"N",0,0.0,0,0,0,0,0,0,0,0,0,0,0,0,0,0
"20000","5","525190","58","0","2023","1","N",2,0,0,0,0,0,0,0,"N",0.75,0,0,0,0,0,0,0,"N",0,0.0,0,0,0,0,0,0,0,0,0,0,0,0,0,0
"20000","5","5259","56","0","2023","1","",26,32,32,32,1238192,585099,13776,2976,"",0.43,0.20,0.19,0.20,0.12,0.18,0.28,0.62,"",6,30.0,16,100.0,17,113.3,14,77.8,697818,129.1,212388,57.0,4424,47.3,431,16.9
"20000","5","52591","57","0","2023","1","N",1,0,0,0,0,0,0,0,"N",0.10,0,0,0,0,0,0,0,"N",1,100.0,0,0,0,0,0,0,0,0,0,0,0,0,0,0
"20000","5","525910","58","0","2023","1","N",1,0,0,0,0,0,0,0,"N",0.10,0,0,0,0,0,0,0,"N",1,100.0,0,0,0,0,0,0,0,0,0,0,0,0,0,0
"20000","5","52592","57","0","2023","1","",21,24,24,24,804534,489724,11917,2579,"",0.85,0.75,0.70,0.74,0.68,0.62,1.06,0.93,"N",3,16.7,0,0,0,0,0,0,0,0,0,0,0,0,0,0
"20000","5","525920","58","0","2023","1","",21,24,24,24,804534,489724,11917,2579,"",0.85,0.75,0.70,0.74,0.68,0.62,1.06,0.93,"N",3,16.7,0,0,0,0,0,0,0,0,0,0,0,0,0,0
"20000","5","52599","57","0","2023","1","N",4,0,0,0,0,0,0,0,"N",0.15,0,0,0,0,0,0,0,"N",2,100.0,0,0,0,0,0,0,0,0,0,0,0,0,0,0
"20000","5","525990","58","0","2023","1","N",4,0,0,0,0,0,0,0,"N",0.15,0,0,0,0,0,0,0,"N",2,100.0,0,0,0,0,0,0,0,0,0,0,0,0,0,0
"20000","5","53","54","0","2023","1","",3021,15208,15134,15143,210696194,149599525,1976663,1069,"",0.77,0.70,0.70,0.69,0.61,0.60,0.66,0.87,"",44,1.5,596,4.1,403,2.7,544,3.7,26130571,14.2,14486501,10.7,-376663,-16.0,100,10.3
"20000","5","531","55","0","2023","1","",2589,11713,11666,11646,156040367,113981387,1571126,1028,"",0.76,0.71,0.71,0.71,0.58,0.61,0.69,0.82,"",37,1.4,254,2.2,101,0.9,257,2.3,17650373,12.8,9535239,9.1,-291779,-15.7,100,10.8
"20000","5","5311","56","0","2023","1","",724,3131,3133,3123,35139698,26492629,306612,864,"",0.74,0.55,0.55,0.54,0.38,0.42,0.39,0.69,"",10,1.4,37,1.2,34,1.1,96,3.2,5058314,16.8,2332179,9.7,-59596,-16.3,111,14.7
"20000","5","53111","57","0","2023","1","",362,1865,1863,1850,20329044,16831936,189115,841,"",0.68,0.55,0.55,0.55,0.47,0.46,0.40,0.86,"",5,1.4,-8,-0.4,-6,-0.3,26,1.4,2953333,17.0,1654192,10.9,-41955,-18.2,121,16.8
"20000","5","531110","58","0","2023","1","",362,1865,1863,1850,20329044,16831936,189115,841,"",0.68,0.55,0.55,0.55,0.47,0.46,0.40,0.86,"",5,1.4,-8,-0.4,-6,-0.3,26,1.4,2953333,17.0,1654192,10.9,-41955,-18.2,121,16.8
"20000","5","53112","57","0","2023","1","",182,758,769,773,9121768,5583066,65387,915,"",0.83,0.53,0.54,0.54,0.24,0.33,0.31,0.44,"",2,1.1,42,5.9,41,5.6,70,10.0,1230078,15.6,164806,3.0,-14546,-18.2,67,7.9
"20000","5","531120","58","0","2023","1","",182,758,769,773,9121768,5583066,65387,915,"",0.83,0.53,0.54,0.54,0.24,0.33,0.31,0.44,"",2,1.1,42,5.9,41,5.6,70,10.0,1230078,15.6,164806,3.0,-14546,-18.2,67,7.9
"20000","5","53113","57","0","2023","1","",112,327,321,324,2963817,2486506,32370,704,"",0.79,0.61,0.59,0.60,0.53,0.50,0.52,0.89,"",0,0.0,-26,-7.4,-28,-8.0,-14,-4.1,201960,7.3,119926,5.1,-2587,-7.4,91,14.8
"20000","5","531130","58","0","2023","1","",112,327,321,324,2963817,2486506,32370,704,"",0.79,0.61,0.59,0.60,0.53,0.50,0.52,0.89,"",0,0.0,-26,-7.4,-28,-8.0,-14,-4.1,201960,7.3,119926,5.1,-2587,-7.4,91,14.8
"20000","5","53119","57","0","2023","1","",68,181,180,176,2725069,1591121,19740,1171,"",0.82,0.47,0.47,0.46,0.45,0.41,0.40,0.98,"",3,4.6,29,19.1,27,17.6,14,8.6,672943,32.8,393255,32.8,-508,-2.5,157,15.5
"20000","5","531190","58","0","2023","1","",68,181,180,176,2725069,1591121,19740,1171,"",0.82,0.47,0.47,0.46,0.45,0.41,0.40,0.98,"",3,4.6,29,19.1,27,17.6,14,8.6,672943,32.8,393255,32.8,-508,-2.5,157,15.5
"20000","5","5312","56","0","2023","1","",914,2065,2058,2016,29668632,20613051,292254,1115,"",0.70,0.63,0.63,0.62,0.52,0.54,0.70,0.83,"",10,1.1,-10,-0.5,-14,-0.7,-32,-1.6,1772792,6.4,554017,2.8,-53606,-15.5,76,7.3
"20000","5","53121","57","0","2023","1","",914,2065,2058,2016,29668632,20613051,292254,1115,"",0.70,0.63,0.63,0.62,0.52,0.54,0.70,0.83,"",10,1.1,-10,-0.5,-14,-0.7,-32,-1.6,1772792,6.4,554017,2.8,-53606,-15.5,76,7.3
"20000","5","531210","58","0","2023","1","",914,2065,2058,2016,29668632,20613051,292254,1115,"",0.70,0.63,0.63,0.62,0.52,0.54,0.70,0.83,"",10,1.1,-10,-0.5,-14,-0.7,-32,-1.6,1772792,6.4,554017,2.8,-53606,-15.5,76,7.3
"20000","5","5313","56","0","2023","1","",951,6517,6475,6507,91232037,66875707,972260,1080,"",0.84,0.88,0.87,0.87,0.78,0.77,0.91,0.89,"",17,1.8,227,3.6,81,1.3,193,3.1,10819267,13.5,6649043,11.0,-178577,-15.5,103,10.5
"20000","5","53131","57","0","2023","1","",715,5765,5726,5764,76073564,58379930,856076,1017,"",0.91,0.91,0.90,0.90,0.82,0.80,0.95,0.90,"",9,1.3,265,4.8,132,2.4,234,4.2,10528524,16.1,7107312,13.9,-141877,-14.2,107,11.8
"20000","5","531311","58","0","2023","1","",499,4179,4172,4167,51340030,42157242,610606,946,"",0.84,0.87,0.87,0.87,0.88,0.80,0.92,1.01,"",19,4.0,284,7.3,222,5.6,276,7.1,9382175,22.4,6630579,18.7,-39234,-6.0,121,14.7
"20000","5","531312","58","0","2023","1","",216,1586,1554,1597,24733534,16222688,245470,1205,"",1.17,1.01,0.99,1.02,0.72,0.79,1.04,0.72,"",-10,-4.4,-19,-1.2,-90,-5.5,-42,-2.6,1146349,4.9,476733,3.0,-102643,-29.5,91,8.2
"20000","5","53132","57","0","2023","1","",121,385,387,382,5614474,3971067,42647,1123,"",1.07,1.32,1.35,1.35,1.33,1.20,1.38,0.99,"",-4,-3.2,-62,-13.9,-57,-12.8,-57,-13.0,-1473770,-20.8,-688070,-14.8,-22811,-34.8,-107,-8.7
"20000","5","531320","58","0","2023","1","",121,385,387,382,5614474,3971067,42647,1123,"",1.07,1.32,1.35,1.35,1.33,1.20,1.38,0.99,"",-4,-3.2,-62,-13.9,-57,-12.8,-57,-13.0,-1473770,-20.8,-688070,-14.8,-22811,-34.8,-107,-8.7
"20000","5","53139","57","0","2023","1","",115,367,362,361,9543999,4524710,73537,2021,"",0.48,0.46,0.45,0.45,0.48,0.44,0.56,1.07,"",12,11.7,24,7.0,6,1.7,16,4.6,1764513,22.7,229801,5.4,-13889,-15.9,301,17.5
"20000","5","531390","58","0","2023","1","",115,367,362,361,9543999,4524710,73537,2021,"",0.48,0.46,0.45,0.45,0.48,0.44,0.56,1.07,"",12,11.7,24,7.0,6,1.7,16,4.6,1764513,22.7,229801,5.4,-13889,-15.9,301,17.5
"20000","5","532","55","0","2023","1","",390,3341,3321,3347,51388665,33826692,380515,1185,"",0.84,0.66,0.65,0.65,0.69,0.58,0.55,1.06,"",5,1.3,318,10.5,295,9.7,275,9.0,7943471,18.3,4720359,16.2,-85257,-18.3,86,7.8
"20000","5","5321","56","0","2023","1","",107,1088,1077,1095,16437578,10202204,98421,1164,"",0.75,0.56,0.55,0.56,0.63,0.49,0.48,1.14,"",4,3.9,94,9.5,91,9.2,99,9.9,3092929,23.2,1735236,20.5,-24817,-20.1,129,12.5
"20000","5","53211","57","0","2023","1","",51,532,528,539,7535416,4338351,24357,1088,"",0.60,0.50,0.49,0.49,0.56,0.39,0.23,1.13,"",5,10.9,36,7.3,60,12.8,71,15.2,1515096,25.2,1040616,31.6,-14370,-37.1,118,12.2
"20000","5","532111","58","0","2023","1","",42,479,472,480,5908021,3665753,17310,953,"",0.54,0.50,0.49,0.49,0.53,0.38,0.19,1.08,"",6,16.7,30,6.7,49,11.6,58,13.7,1002411,20.4,943973,34.7,-10458,-37.7,78,8.9
"20000","5","532112","58","0","2023","1","",9,53,56,59,1627395,672598,7047,2235,"",1.33,0.50,0.53,0.55,0.67,0.43,0.45,1.27,"",-1,-10.0,6,12.8,11,24.4,13,28.3,512685,46.0,96643,16.8,-3912,-35.7,371,19.9
"20000","5","53212","57","0","2023","1","",56,556,549,556,8902162,5863853,74064,1237,"",0.96,0.64,0.63,0.63,0.72,0.59,0.74,1.13,"",-1,-1.8,58,11.6,31,6.0,28,5.3,1577833,21.5,694620,13.4,-10447,-12.4,142,13.0
"20000","5","532120","58","0","2023","1","",56,556,549,556,8902162,5863853,74064,1237,"",0.96,0.64,0.63,0.63,0.72,0.59,0.74,1.13,"",-1,-1.8,58,11.6,31,6.0,28,5.3,1577833,21.5,694620,13.4,-10447,-12.4,142,13.0
"20000","5","5322","56","0","2023","1","",109,926,924,947,11056486,8854966,88523,912,"",0.75,0.82,0.82,0.82,0.89,0.75,0.59,1.08,"",-10,-8.4,-25,-2.6,-30,-3.1,-36,-3.7,-813768,-6.9,-202571,-2.2,-47906,-35.1,-37,-3.9
"20000","5","53221","57","0","2023","1","",8,117,115,120,1188533,1076804,10572,779,"",0.67,1.43,1.39,1.44,1.15,1.29,1.13,0.81,"",-2,-20.0,58,98.3,56,94.9,61,103.4,676453,132.1,609032,130.2,5211,97.2,111,16.6
"20000","5","532210","58","0","2023","1","",8,117,115,120,1188533,1076804,10572,779,"",0.67,1.43,1.39,1.44,1.15,1.29,1.13,0.81,"",-2,-20.0,58,98.3,56,94.9,61,103.4,676453,132.1,609032,130.2,5211,97.2,111,16.6
"20000","5","53228","57","0","2023","1","",101,809,809,827,9867953,7778162,77951,931,"",0.76,0.78,0.77,0.77,0.86,0.71,0.55,1.11,"",-8,-7.3,-83,-9.3,-86,-9.6,-97,-10.5,-1490221,-13.1,-811603,-9.4,-53117,-40.5,-36,-3.7
"20000","5","532281","58","0","2023","1","N",3,0,0,0,0,0,0,0,"N",0.46,0,0,0,0,0,0,0,"N",0,0.0,0,0,0,0,0,0,0,0,0,0,0,0,0,0
"20000","5","532282","58","0","2023","1","N",5,0,0,0,0,0,0,0,"N",1.11,0,0,0,0,0,0,0,"N",0,0.0,0,0,0,0,0,0,0,0,0,0,0,0,0,0
"20000","5","532283","58","0","2023","1","",15,304,313,285,4144932,3155687,30246,1060,"",0.68,0.98,1.01,0.92,1.17,0.88,0.80,1.21,"",-3,-16.7,-144,-32.1,-132,-29.7,-150,-34.5,-2235710,-35.0,-1424056,-31.1,-49629,-62.1,-49,-4.4
"20000","5","532284","58","0","2023","1","",7,19,16,22,98071,95871,2215,397,"",0.26,0.14,0.12,0.15,0.07,0.08,0.13,0.54,"",-2,-22.2,11,137.5,2,14.3,6,37.5,9212,10.4,11287,13.3,-513,-18.8,-143,-26.5
"20000","5","532289","58","0","2023","1","",71,435,431,445,5137675,4123571,31376,904,"",0.96,0.83,0.82,0.83,0.98,0.79,0.42,1.18,"",-3,-4.1,40,10.1,33,8.3,18,4.2,703508,15.9,549660,15.4,-113,-0.4,65,7.7
"20000","5","5323","56","0","2023","1","",18,131,135,118,1515896,1281825,8284,911,"",0.60,0.47,0.48,0.41,0.39,0.41,0.23,0.85,"",-1,-5.3,-29,-18.1,-21,-13.5,-40,-25.3,-306396,-16.8,-236706,-15.6,-8514,-50.7,24,2.7
"20000","5","53231","57","0","2023","1","",18,131,135,118,1515896,1281825,8284,911,"",0.60,0.47,0.48,0.41,0.39,0.41,0.23,0.85,"",-1,-5.3,-29,-18.1,-21,-13.5,-40,-25.3,-306396,-16.8,-236706,-15.6,-8514,-50.7,24,2.7
"20000","5","532310","58","0","2023","1","",18,131,135,118,1515896,1281825,8284,911,"",0.60,0.47,0.48,0.41,0.39,0.41,0.23,0.85,"",-1,-5.3,-29,-18.1,-21,-13.5,-40,-25.3,-306396,-16.8,-236706,-15.6,-8514,-50.7,24,2.7
"20000","5","5324","56","0","2023","1","",156,1196,1185,1187,22378705,13487697,185287,1447,"",1.08,0.71,0.69,0.69,0.70,0.61,0.62,1.01,"",12,8.3,278,30.3,255,27.4,252,27.0,5970706,36.4,3424400,34.0,-4020,-2.1,86,6.3
"20000","5","53241","57","0","2023","1","",58,477,471,463,10810823,5447543,77364,1768,"",0.92,0.54,0.53,0.52,0.59,0.45,0.52,1.12,"",3,5.5,26,5.8,20,4.4,5,1.1,1904362,21.4,522492,10.6,-9686,-11.1,257,17.0
"20000","5","532411","58","0","2023","1","",4,8,8,8,133635,72310,588,1285,"",0.57,0.17,0.17,0.17,0.08,0.12,0.08,0.46,"",0,0.0,-2,-20.0,-2,-20.0,-2,-20.0,-68792,-34.0,1646,2.3,-133,-18.4,-272,-17.5
"20000","5","532412","58","0","2023","1","",54,469,463,455,10677188,5375233,76776,1776,"",0.96,0.56,0.55,0.54,0.65,0.47,0.54,1.18,"",3,5.9,28,6.3,22,5.0,7,1.6,1973154,22.7,520846,10.7,-9553,-11.1,266,17.6
"20000","5","53242","57","0","2023","1","",13,82,85,83,1750893,1024527,10832,1616,"",1.43,0.82,0.85,0.83,0.86,0.79,0.65,1.03,"",0,0.0,-18,-18.0,-15,-15.0,-12,-12.6,82991,5.0,-132187,-11.4,-5547,-33.9,311,23.8
"20000","5","532420","58","0","2023","1","",13,82,85,83,1750893,1024527,10832,1616,"",1.43,0.82,0.85,0.83,0.86,0.79,0.65,1.03,"",0,0.0,-18,-18.0,-15,-15.0,-12,-12.6,82991,5.0,-132187,-11.4,-5547,-33.9,311,23.8
"20000","5","53249","57","0","2023","1","",85,637,629,641,9816989,7015627,97091,1188,"",1.17,0.89,0.87,0.88,0.85,0.79,0.72,0.97,"",9,11.8,270,73.6,250,66.0,259,67.8,3983353,68.3,3034095,76.2,11213,13.1,-5,-0.4
"20000","5","532490","58","0","2023","1","",85,637,629,641,9816989,7015627,97091,1188,"",1.17,0.89,0.87,0.88,0.85,0.79,0.72,0.97,"",9,11.8,270,73.6,250,66.0,259,67.8,3983353,68.3,3034095,76.2,11213,13.1,-5,-0.4
"20000","5","533","55","0","2023","1","",42,154,147,150,3267162,1791446,25022,1672,"",1.39,0.74,0.71,0.72,0.51,0.60,0.66,0.70,"",2,5.0,24,18.5,7,5.0,12,8.7,536727,19.7,230903,14.8,373,1.5,128,8.3
"20000","5","5331","56","0","2023","1","",42,154,147,150,3267162,1791446,25022,1672,"",1.39,0.74,0.71,0.72,0.51,0.60,0.66,0.70,"",2,5.0,24,18.5,7,5.0,12,8.7,536727,19.7,230903,14.8,373,1.5,128,8.3
"20000","5","53311","57","0","2023","1","",42,154,147,150,3267162,1791446,25022,1672,"",1.39,0.74,0.71,0.72,0.51,0.60,0.66,0.70,"",2,5.0,24,18.5,7,5.0,12,8.7,536727,19.7,230903,14.8,373,1.5,128,8.3
"20000","5","533110","58","0","2023","1","",42,154,147,150,3267162,1791446,25022,1672,"",1.39,0.74,0.71,0.72,0.51,0.60,0.66,0.70,"",2,5.0,24,18.5,7,5.0,12,8.7,536727,19.7,230903,14.8,373,1.5,128,8.3
"20000","5","54","54","0","2023","1","",13752,78288,78469,78236,1758047797,920257235,13260835,1726,"",1.03,0.79,0.79,0.79,0.72,0.68,0.86,0.92,"",1486,12.1,5692,7.8,5040,6.9,5187,7.1,237102560,15.6,89510448,10.8,-1631789,-11.0,124,7.7
"20000","5","541","55","0","2023","1","",13752,78288,78469,78236,1758047797,920257235,13260835,1726,"",1.03,0.79,0.79,0.79,0.72,0.68,0.86,0.92,"",1486,12.1,5692,7.8,5040,6.9,5187,7.1,237102560,15.6,89510448,10.8,-1631789,-11.0,124,7.7
"20000","5","5411","56","0","2023","1","",1394,6763,6739,6771,111613360,72852394,784945,1271,"",0.84,0.62,0.62,0.63,0.46,0.53,0.57,0.75,"",16,1.2,-125,-1.8,-126,-1.8,-57,-0.8,4575403,4.3,2797591,4.0,-193159,-19.7,71,5.9
"20000","5","54111","57","0","2023","1","",1213,5463,5480,5524,93401042,58798252,603679,1309,"",0.80,0.55,0.55,0.56,0.41,0.46,0.48,0.75,"",9,0.7,3,0.1,36,0.7,84,1.5,3636883,4.1,2842945,5.1,-141329,-19.0,42,3.3
"20000","5","541110","58","0","2023","1","",1213,5463,5480,5524,93401042,58798252,603679,1309,"",0.80,0.55,0.55,0.56,0.41,0.46,0.48,0.75,"",9,0.7,3,0.1,36,0.7,84,1.5,3636883,4.1,2842945,5.1,-141329,-19.0,42,3.3
"20000","5","54119","57","0","2023","1","",181,1300,1259,1247,18212318,14054142,181266,1104,"",1.13,1.40,1.37,1.37,1.27,1.28,1.41,0.92,"",7,4.0,-128,-9.0,-162,-11.4,-141,-10.2,938520,5.4,-45354,-0.3,-51830,-22.2,163,17.3
"20000","5","541191","58","0","2023","1","",107,955,894,882,11553765,9820106,102072,976,"",1.29,1.65,1.59,1.59,1.47,1.42,1.33,0.91,"",-5,-4.5,-104,-9.8,-152,-14.5,-138,-13.5,-168916,-1.4,-467622,-4.5,-52687,-34.0,110,12.7
"20000","5","541199","58","0","2023","1","",74,345,365,365,6658553,4234036,79194,1429,"",0.96,0.98,1.03,1.03,1.03,1.03,1.53,1.01,"",12,19.4,-24,-6.5,-10,-2.7,-3,-0.8,1107436,19.9,422268,11.1,857,1.1,277,24.0
"20000","5","5412","56","0","2023","1","",1612,9227,9516,9447,162111550,91254964,1275343,1327,"",1.12,0.85,0.84,0.84,0.83,0.67,0.83,0.99,"",128,8.6,709,8.3,598,6.7,515,5.8,26864912,19.9,6684099,7.9,-175468,-12.1,143,12.1
"20000","5","54121","57","0","2023","1","",1612,9227,9516,9447,162111550,91254964,1275343,1327,"",1.12,0.85,0.84,0.84,0.83,0.67,0.83,0.99,"",128,8.6,709,8.3,598,6.7,515,5.8,26864912,19.9,6684099,7.9,-175468,-12.1,143,12.1
"20000","5","541211","58","0","2023","1","",475,3412,3576,3565,62785120,39939984,407660,1373,"",0.95,0.67,0.68,0.68,0.60,0.56,0.65,0.88,"",19,4.2,311,10.0,316,9.7,242,7.3,12140851,24.0,4012662,11.2,-66827,-14.1,166,13.8
"20000","5","541213","58","0","2023","1","",273,1160,1243,1219,9115648,8039280,256818,581,"",0.92,0.92,0.91,0.91,0.85,0.76,0.99,0.93,"",14,5.4,111,10.6,39,3.2,32,2.7,1309338,16.8,1105234,15.9,-4261,-1.6,57,10.9
"20000","5","541214","58","0","2023","1","",104,1163,1165,1127,14594349,8615452,126594,975,"",1.04,0.60,0.58,0.56,0.37,0.36,0.38,0.65,"",14,15.6,266,29.7,256,28.2,263,30.4,4224876,40.7,2405970,38.7,9723,8.3,79,8.8
"20000","5","541219","58","0","2023","1","",760,3492,3532,3536,75616433,34660248,484271,1652,"",1.41,1.33,1.32,1.32,1.92,1.19,1.53,1.45,"",81,11.9,21,0.6,-13,-0.4,-22,-0.6,9189847,13.8,-839767,-2.4,-114103,-19.1,202,13.9
"20000","5","5413","56","0","2023","1","",1333,15168,15220,15261,387971840,202197873,2237292,1961,"",1.00,1.01,1.01,1.01,1.22,0.95,0.90,1.21,"",125,10.3,1432,10.4,1386,10.0,1478,10.7,71040580,22.4,22928786,12.8,-609721,-21.4,192,10.9
"20000","5","54131","57","0","2023","1","",200,1529,1536,1541,30455679,19342395,207882,1526,"",0.86,0.81,0.82,0.82,0.87,0.74,0.77,1.07,"",13,7.0,58,3.9,60,4.1,66,4.5,2986771,10.9,862881,4.7,-54188,-20.7,92,6.4
"20000","5","541310","58","0","2023","1","",200,1529,1536,1541,30455679,19342395,207882,1526,"",0.86,0.81,0.82,0.82,0.87,0.74,0.77,1.07,"",13,7.0,58,3.9,60,4.1,66,4.5,2986771,10.9,862881,4.7,-54188,-20.7,92,6.4
"20000","5","54132","57","0","2023","1","",24,83,84,96,1234187,905425,13981,1083,"",0.40,0.28,0.29,0.32,0.26,0.26,0.33,0.87,"",2,9.1,6,7.8,5,6.3,21,28.0,312026,33.8,149245,19.7,-1540,-9.9,162,17.6
"20000","5","541320","58","0","2023","1","",24,83,84,96,1234187,905425,13981,1083,"",0.40,0.28,0.29,0.32,0.26,0.26,0.33,0.87,"",2,9.1,6,7.8,5,6.3,21,28.0,312026,33.8,149245,19.7,-1540,-9.9,162,17.6
"20000","5","54133","57","0","2023","1","",872,12236,12277,12267,334196420,166389416,1795542,2097,"",1.15,1.19,1.19,1.19,1.44,1.11,1.04,1.20,"",107,14.0,1289,11.8,1263,11.5,1291,11.8,64321873,23.8,20258711,13.9,-502766,-21.9,206,10.9
"20000","5","541330","58","0","2023","1","",872,12236,12277,12267,334196420,166389416,1795542,2097,"",1.15,1.19,1.19,1.19,1.44,1.11,1.04,1.20,"",107,14.0,1289,11.8,1263,11.5,1291,11.8,64321873,23.8,20258711,13.9,-502766,-21.9,206,10.9
"20000","5","54134","57","0","2023","1","",19,32,32,31,505075,398553,7489,1227,"",0.67,0.36,0.36,0.35,0.43,0.37,0.67,1.20,"",0,0.0,3,10.3,2,6.7,-1,-3.1,29012,6.1,32511,8.9,-689,-8.4,20,1.7
"20000","5","541340","58","0","2023","1","",19,32,32,31,505075,398553,7489,1227,"",0.67,0.36,0.36,0.35,0.43,0.37,0.67,1.20,"",0,0.0,3,10.3,2,6.7,-1,-3.1,29012,6.1,32511,8.9,-689,-8.4,20,1.7
"20000","5","54135","57","0","2023","1","",47,69,70,74,798034,642517,10465,865,"",0.68,0.29,0.29,0.31,0.27,0.25,0.31,0.89,"",1,2.2,-6,-8.0,-4,-5.4,2,2.8,-45453,-5.4,-41842,-6.1,-3445,-24.8,-16,-1.8
"20000","5","541350","58","0","2023","1","",47,69,70,74,798034,642517,10465,865,"",0.68,0.29,0.29,0.31,0.27,0.25,0.31,0.89,"",1,2.2,-6,-8.0,-4,-5.4,2,2.8,-45453,-5.4,-41842,-6.1,-3445,-24.8,-16,-1.8
"20000","5","54136","57","0","2023","1","",18,103,104,107,1649982,1184820,40876,1213,"",0.91,0.80,0.81,0.83,0.57,0.63,1.54,0.70,"",0,0.0,9,9.6,-12,-10.3,2,1.9,147955,9.9,-11873,-1.0,-16578,-28.9,113,10.3
"20000","5","541360","58","0","2023","1","",18,103,104,107,1649982,1184820,40876,1213,"",0.91,0.80,0.81,0.83,0.57,0.63,1.54,0.70,"",0,0.0,9,9.6,-12,-10.3,2,1.9,147955,9.9,-11873,-1.0,-16578,-28.9,113,10.3
"20000","5","54137","57","0","2023","1","",44,229,234,246,3375793,2633412,38907,1099,"",0.64,0.45,0.46,0.49,0.49,0.44,0.57,1.05,"",0,0.0,6,2.7,11,4.9,22,9.8,510060,17.8,292187,12.5,-8796,-18.4,112,11.3
"20000","5","541370","58","0","2023","1","",44,229,234,246,3375793,2633412,38907,1099,"",0.64,0.45,0.46,0.49,0.49,0.44,0.57,1.05,"",0,0.0,6,2.7,11,4.9,22,9.8,510060,17.8,292187,12.5,-8796,-18.4,112,11.3
"20000","5","54138","57","0","2023","1","",109,887,883,899,15756670,10701335,122150,1362,"",1.18,0.55,0.55,0.56,0.51,0.50,0.39,0.92,"",2,1.9,67,8.2,61,7.4,75,9.1,2778336,21.4,1386966,14.9,-21719,-15.1,147,12.1
"20000","5","541380","58","0","2023","1","",109,887,883,899,15756670,10701335,122150,1362,"",1.18,0.55,0.55,0.56,0.51,0.50,0.39,0.92,"",2,1.9,67,8.2,61,7.4,75,9.1,2778336,21.4,1386966,14.9,-21719,-15.1,147,12.1
"20000","5","5414","56","0","2023","1","",282,963,945,962,17113185,10609629,134213,1376,"",0.74,0.69,0.68,0.69,0.75,0.64,0.61,1.08,"",8,2.9,28,3.0,0,0.0,21,2.2,1440482,9.2,744690,7.5,-28355,-17.4,94,7.3
"20000","5","54141","57","0","2023","1","",90,304,299,301,4481945,3120344,37940,1144,"",0.61,0.60,0.59,0.59,0.67,0.56,0.54,1.14,"",2,2.3,18,6.3,8,2.7,8,2.7,785455,21.2,313649,11.2,-9175,-19.5,163,16.6
"20000","5","541410","58","0","2023","1","",90,304,299,301,4481945,3120344,37940,1144,"",0.61,0.60,0.59,0.59,0.67,0.56,0.54,1.14,"",2,2.3,18,6.3,8,2.7,8,2.7,785455,21.2,313649,11.2,-9175,-19.5,163,16.6
"20000","5","54142","57","0","2023","1","",43,153,158,152,3066052,1785815,35345,1528,"",1.89,0.89,0.91,0.87,0.66,0.76,0.93,0.74,"",-3,-6.5,-14,-8.4,-15,-8.7,-20,-11.6,-588122,-16.1,-81224,-4.4,-1872,-5.0,-119,-7.2
"20000","5","541420","58","0","2023","1","",43,153,158,152,3066052,1785815,35345,1528,"",1.89,0.89,0.91,0.87,0.66,0.76,0.93,0.74,"",-3,-6.5,-14,-8.4,-15,-8.7,-20,-11.6,-588122,-16.1,-81224,-4.4,-1872,-5.0,-119,-7.2
"20000","5","54143","57","0","2023","1","",129,326,323,331,4776427,3452257,38899,1125,"",0.80,0.61,0.61,0.62,0.57,0.53,0.49,0.93,"",10,8.4,13,4.2,15,4.9,29,9.6,572352,13.6,329601,10.6,-11488,-22.8,74,7.0
"20000","5","541430","58","0","2023","1","",129,326,323,331,4776427,3452257,38899,1125,"",0.80,0.61,0.61,0.62,0.57,0.53,0.49,0.93,"",10,8.4,13,4.2,15,4.9,29,9.6,572352,13.6,329601,10.6,-11488,-22.8,74,7.0
"20000","5","54149","57","0","2023","1","",20,180,165,178,4788761,2251213,22029,2113,"",0.40,1.04,0.94,1.01,1.45,1.11,0.72,1.46,"",-1,-4.8,11,6.5,-8,-4.6,4,2.3,670797,16.3,182664,8.8,-5820,-20.9,271,14.7
"20000","5","541490","58","0","2023","1","",20,180,165,178,4788761,2251213,22029,2113,"",0.40,1.04,0.94,1.01,1.45,1.11,0.72,1.46,"",-1,-4.8,11,6.5,-8,-4.6,4,2.3,670797,16.3,182664,8.8,-5820,-20.9,271,14.7
"20000","5","5415","56","0","2023","1","",3949,17346,17370,17129,507836299,230530609,3782257,2260,"",1.22,0.75,0.75,0.75,0.72,0.65,0.95,0.96,"",603,18.0,2010,13.1,1749,11.2,1658,10.7,78266730,18.2,27246382,13.4,-221377,-5.5,125,5.9
"20000","5","54151","57","0","2023","1","",3949,17346,17370,17129,507836299,230530609,3782257,2260,"",1.22,0.75,0.75,0.75,0.72,0.65,0.95,0.96,"",603,18.0,2010,13.1,1749,11.2,1658,10.7,78266730,18.2,27246382,13.4,-221377,-5.5,125,5.9
"20000","5","541511","58","0","2023","1","",1620,6924,6928,6763,203599408,92485351,1589214,2279,"",1.05,0.66,0.66,0.65,0.57,0.57,0.84,0.87,"",254,18.6,453,7.0,387,5.9,262,4.0,16354486,8.7,5844074,6.7,-86694,-5.2,65,2.9
"20000","5","541512","58","0","2023","1","",2216,9285,9310,9235,268546702,124191781,1912539,2227,"",1.59,0.87,0.87,0.88,0.91,0.76,1.07,1.05,"",325,17.2,1387,17.6,1219,15.1,1248,15.6,52623037,24.4,18923789,18.0,-157731,-7.6,149,7.2
"20000","5","541513","58","0","2023","1","",37,365,360,361,9034802,4118910,49064,1920,"",0.72,0.49,0.49,0.49,0.41,0.42,0.43,0.84,"",3,8.8,-11,-2.9,-41,-10.2,-35,-8.8,2291,0.0,-466875,-10.2,-13915,-22.1,143,8.0
"20000","5","541519","58","0","2023","1","",76,772,772,770,26655387,9734567,231440,2658,"",0.31,0.64,0.64,0.64,0.82,0.52,1.07,1.28,"",21,38.2,181,30.6,184,31.3,183,31.2,9286916,53.5,2945394,43.4,36963,19.0,388,17.1
"20000","5","5416","56","0","2023","1","",2777,13058,13022,12963,280002075,149515822,2662378,1655,"",0.89,0.77,0.76,0.76,0.68,0.64,0.97,0.89,"",329,13.4,308,2.4,301,2.4,297,2.3,5172708,1.9,6978190,4.9,-380736,-12.5,-8,-0.5
"20000","5","54161","57","0","2023","1","",2267,10871,10827,10773,229759767,122809183,2252249,1633,"",0.88,0.77,0.76,0.76,0.66,0.63,0.98,0.86,"",298,15.1,202,1.9,159,1.5,169,1.6,5320492,2.4,4769532,4.0,-325933,-12.6,11,0.7
"20000","5","541611","58","0","2023","1","",1206,6449,6452,6292,133906149,71220050,1218740,1610,"",0.92,0.84,0.84,0.82,0.64,0.66,1.00,0.76,"",178,17.3,-12,-0.2,82,1.3,-41,-0.6,-3962942,-2.9,833316,1.2,-354106,-22.5,-50,-3.0
"20000","5","541612","58","0","2023","1","",156,649,619,639,11739738,7240084,140170,1421,"",1.22,0.73,0.70,0.72,0.58,0.61,0.96,0.81,"",24,18.2,276,74.0,244,65.1,255,66.4,2232250,23.5,2659743,58.1,47767,51.7,-517,-26.7
"20000","5","541613","58","0","2023","1","",654,2025,1995,1983,45273090,22920959,421769,1740,"",0.94,0.68,0.67,0.67,0.70,0.58,0.81,1.05,"",80,13.9,-261,-11.4,-326,-14.0,-301,-13.2,247760,0.6,-2449666,-9.7,-26877,-6.0,232,15.4
"20000","5","541614","58","0","2023","1","",147,1257,1261,1352,27145708,15596755,379654,1619,"",0.94,0.83,0.83,0.89,0.98,0.81,1.66,1.16,"",1,0.7,188,17.6,147,13.2,230,20.5,4508548,19.9,2741942,21.3,8488,2.3,38,2.4
"20000","5","541618","58","0","2023","1","",104,491,500,507,11695082,5831335,91916,1802,"",0.39,0.44,0.45,0.45,0.44,0.40,0.52,0.99,"",15,16.9,11,2.3,12,2.5,26,5.4,2294876,24.4,984197,20.3,-1205,-1.3,305,20.4
"20000","5","54162","57","0","2023","1","",106,489,485,481,9731185,5972414,94017,1543,"",0.89,0.55,0.55,0.54,0.60,0.49,0.69,1.10,"",7,7.1,2,0.4,34,7.5,41,9.3,1558584,19.1,512447,9.4,-11564,-11.0,174,12.7
"20000","5","541620","58","0","2023","1","",106,489,485,481,9731185,5972414,94017,1543,"",0.89,0.55,0.55,0.54,0.60,0.49,0.69,1.10,"",7,7.1,2,0.4,34,7.5,41,9.3,1558584,19.1,512447,9.4,-11564,-11.0,174,12.7
"20000","5","54169","57","0","2023","1","",404,1698,1710,1709,40511123,20734225,316112,1827,"",0.91,0.88,0.88,0.89,0.88,0.78,0.97,1.00,"",24,6.3,104,6.5,108,6.7,87,5.4,-1706368,-4.0,1696211,8.9,-43239,-12.0,-195,-9.6
"20000","5","541690","58","0","2023","1","",404,1698,1710,1709,40511123,20734225,316112,1827,"",0.91,0.88,0.88,0.89,0.88,0.78,0.97,1.00,"",24,6.3,104,6.5,108,6.7,87,5.4,-1706368,-4.0,1696211,8.9,-43239,-12.0,-195,-9.6
"20000","5","5417","56","0","2023","1","",432,3794,3775,3724,109910295,50414423,631290,2246,"",0.99,0.45,0.44,0.44,0.34,0.41,0.47,0.76,"",40,10.2,163,4.5,135,3.7,117,3.2,10390332,10.4,2842934,6.0,-78049,-11.0,135,6.4
"20000","5","54171","57","0","2023","1","",407,3620,3595,3544,106215597,48259138,606275,2278,"",1.05,0.46,0.46,0.45,0.34,0.41,0.48,0.75,"",38,10.3,151,4.4,117,3.4,84,2.4,10225666,10.7,2576589,5.6,-71995,-10.6,149,7.0
"20000","5","541713","58","0","2023","1","",8,10,11,11,536147,154000,3093,3866,"",0.38,0.04,0.05,0.05,0.07,0.04,0.07,1.49,"",1,14.3,5,100.0,7,175.0,6,120.0,391894,271.7,110268,252.1,1984,178.9,1488,62.6
"20000","5","541714","58","0","2023","1","",157,581,550,521,23922434,7541639,135974,3342,"",0.96,0.22,0.20,0.19,0.17,0.16,0.26,0.84,"",13,9.0,-319,-35.4,-348,-38.8,-350,-40.2,-4930563,-17.1,-4403260,-36.9,-35874,-20.9,847,33.9
"20000","5","541715","58","0","2023","1","",242,3029,3034,3012,81757016,40563499,467208,2079,"",1.19,0.62,0.62,0.61,0.50,0.61,0.66,0.81,"",24,11.0,465,18.1,458,17.8,428,16.6,14764335,22.0,6869581,20.4,-38105,-7.5,77,3.8
"20000","5","54172","57","0","2023","1","",25,174,180,180,3694698,2155285,25015,1597,"",0.51,0.29,0.29,0.29,0.31,0.39,0.39,1.07,"",2,8.7,12,7.4,18,11.1,33,22.4,164666,4.7,266345,14.1,-6054,-19.5,-133,-7.7
"20000","5","541720","58","0","2023","1","",25,174,180,180,3694698,2155285,25015,1597,"",0.51,0.29,0.29,0.29,0.31,0.39,0.39,1.07,"",2,8.7,12,7.4,18,11.1,33,22.4,164666,4.7,266345,14.1,-6054,-19.5,-133,-7.7
"20000","5","5418","56","0","2023","1","",579,2996,2973,2984,52638466,32098198,441866,1357,"",0.93,0.65,0.64,0.65,0.53,0.53,0.56,0.82,"",78,15.6,429,16.7,388,15.0,412,16.0,11127935,26.8,5673814,21.5,-44522,-9.2,117,9.4
"20000","5","54181","57","0","2023","1","",294,1163,1170,1172,26916009,15120095,263745,1772,"",0.99,0.56,0.56,0.56,0.51,0.49,0.63,0.91,"",57,24.1,240,26.0,244,26.3,232,24.7,7895842,41.5,3830760,33.9,22848,9.5,198,12.6
"20000","5","541810","58","0","2023","1","",294,1163,1170,1172,26916009,15120095,263745,1772,"",0.99,0.56,0.56,0.56,0.51,0.49,0.63,0.91,"",57,24.1,240,26.0,244,26.3,232,24.7,7895842,41.5,3830760,33.9,22848,9.5,198,12.6
"20000","5","54182","57","0","2023","1","",79,165,174,172,4268369,2054346,26144,1928,"",0.66,0.27,0.28,0.28,0.25,0.25,0.24,0.90,"",12,17.9,-3,-1.8,-2,-1.1,-2,-1.1,-228333,-5.1,-42141,-2.0,-13285,-33.7,-75,-3.7
"20000","5","541820","58","0","2023","1","",79,165,174,172,4268369,2054346,26144,1928,"",0.66,0.27,0.28,0.28,0.25,0.25,0.24,0.90,"",12,17.9,-3,-1.8,-2,-1.1,-2,-1.1,-228333,-5.1,-42141,-2.0,-13285,-33.7,-75,-3.7
"20000","5","54183","57","0","2023","1","",13,29,32,31,520006,314637,4426,1304,"",1.04,0.18,0.19,0.19,0.13,0.13,0.13,0.68,"",1,8.3,-3,-9.4,-2,-5.9,-1,-3.1,-5690,-1.1,9766,3.2,275,6.6,66,5.3
"20000","5","541830","58","0","2023","1","",13,29,32,31,520006,314637,4426,1304,"",1.04,0.18,0.19,0.19,0.13,0.13,0.13,0.68,"",1,8.3,-3,-9.4,-2,-5.9,-1,-3.1,-5690,-1.1,9766,3.2,275,6.6,66,5.3
"20000","5","54184","57","0","2023","1","",32,120,116,116,2343799,1380991,6886,1537,"",1.01,0.68,0.66,0.66,0.52,0.53,0.20,0.79,"",1,3.2,-33,-21.6,-35,-23.2,-32,-21.6,-123412,-5.0,-400855,-22.5,-20365,-74.7,277,22.0
"20000","5","541840","58","0","2023","1","",32,120,116,116,2343799,1380991,6886,1537,"",1.01,0.68,0.66,0.66,0.52,0.53,0.20,0.79,"",1,3.2,-33,-21.6,-35,-23.2,-32,-21.6,-123412,-5.0,-400855,-22.5,-20365,-74.7,277,22.0
"20000","5","54185","57","0","2023","1","",27,134,135,137,2420592,1403222,15049,1376,"",1.09,0.48,0.48,0.49,0.44,0.43,0.39,0.92,"",-1,-3.6,9,7.2,10,8.0,15,12.3,428376,21.5,171077,13.9,-8420,-35.9,140,11.3
"20000","5","541850","58","0","2023","1","",27,134,135,137,2420592,1403222,15049,1376,"",1.09,0.48,0.48,0.49,0.44,0.43,0.39,0.92,"",-1,-3.6,9,7.2,10,8.0,15,12.3,428376,21.5,171077,13.9,-8420,-35.9,140,11.3
"20000","5","54186","57","0","2023","1","",21,704,666,672,7652458,6515709,72533,865,"",1.00,2.21,2.09,2.13,1.69,1.68,1.63,0.79,"",4,23.5,55,8.5,19,2.9,22,3.4,1460031,23.6,1066816,19.6,-15416,-17.5,131,17.8
"20000","5","541860","58","0","2023","1","",21,704,666,672,7652458,6515709,72533,865,"",1.00,2.21,2.09,2.13,1.69,1.68,1.63,0.79,"",4,23.5,55,8.5,19,2.9,22,3.4,1460031,23.6,1066816,19.6,-15416,-17.5,131,17.8
"20000","5","54187","57","0","2023","1","",22,89,86,86,2000542,984421,13244,1769,"",0.64,0.58,0.55,0.56,0.88,0.59,0.59,1.57,"",-2,-8.3,-8,-8.2,-12,-12.2,-11,-11.3,-214177,-9.7,-78343,-7.4,-6464,-32.8,19,1.1
"20000","5","541870","58","0","2023","1","",22,89,86,86,2000542,984421,13244,1769,"",0.64,0.58,0.55,0.56,0.88,0.59,0.59,1.57,"",-2,-8.3,-8,-8.2,-12,-12.2,-11,-11.3,-214177,-9.7,-78343,-7.4,-6464,-32.8,19,1.1
"20000","5","54189","57","0","2023","1","",91,592,594,598,6516691,4324777,39839,843,"",1.11,0.73,0.72,0.72,0.73,0.56,0.47,1.00,"",6,7.1,172,41.0,166,38.8,189,46.2,1915298,41.6,1116734,34.8,-3695,-8.5,-2,-0.2
"20000","5","541890","58","0","2023","1","",91,592,594,598,6516691,4324777,39839,843,"",1.11,0.73,0.72,0.72,0.73,0.56,0.47,1.00,"",6,7.1,172,41.0,166,38.8,189,46.2,1915298,41.6,1116734,34.8,-3695,-8.5,-2,-0.2
"20000","5","5419","56","0","2023","1","",1394,8973,8909,8995,128850727,80783323,1311251,1106,"",1.31,1.14,1.13,1.14,1.12,0.92,1.38,0.98,"",159,12.9,738,9.0,609,7.3,746,9.0,28223478,28.0,13613962,20.3,99598,8.2,169,18.0
"20000","5","54191","57","0","2023","1","",76,549,566,590,6305314,3756211,56294,853,"",0.90,0.78,0.81,0.84,0.38,0.41,0.46,0.47,"",9,13.4,33,6.4,50,9.7,62,11.7,817081,14.9,218963,6.2,-7010,-11.1,41,5.0
"20000","5","541910","58","0","2023","1","",76,549,566,590,6305314,3756211,56294,853,"",0.90,0.78,0.81,0.84,0.38,0.41,0.46,0.47,"",9,13.4,33,6.4,50,9.7,62,11.7,817081,14.9,218963,6.2,-7010,-11.1,41,5.0
"20000","5","54192","57","0","2023","1","",98,232,257,246,1675341,1501623,35487,526,"",0.76,0.59,0.63,0.57,0.51,0.43,0.64,0.86,"",-4,-3.9,-3,-1.3,13,5.3,-34,-12.1,81089,5.1,82826,5.8,-2781,-7.3,41,8.5
"20000","5","541921","58","0","2023","1","",74,189,215,206,1394890,1229089,32109,528,"",0.80,0.64,0.70,0.63,0.67,0.51,0.78,1.02,"",-6,-7.5,-6,-3.1,15,7.5,-28,-12.0,86637,6.6,79608,6.9,-1374,-4.1,48,10.0
"20000","5","541922","58","0","2023","1","",24,43,42,40,280451,272534,3378,518,"",0.65,0.42,0.41,0.38,0.23,0.26,0.23,0.58,"",2,9.1,3,7.5,-2,-4.5,-6,-13.0,-5548,-1.9,3218,1.2,-1407,-29.4,10,2.0
"20000","5","54193","57","0","2023","1","",41,233,245,241,5826374,2550728,41785,1870,"",1.01,0.66,0.70,0.69,1.41,0.69,0.97,2.06,"",6,17.1,-45,-16.2,-28,-10.3,-12,-4.7,1908186,48.7,149335,6.2,-2222,-5.0,745,66.2
"20000","5","541930","58","0","2023","1","",41,233,245,241,5826374,2550728,41785,1870,"",1.01,0.66,0.70,0.69,1.41,0.69,0.97,2.06,"",6,17.1,-45,-16.2,-28,-10.3,-12,-4.7,1908186,48.7,149335,6.2,-2222,-5.0,745,66.2
"20000","5","54194","57","0","2023","1","",443,4976,4879,4865,50019756,37262291,424857,784,"",1.58,1.17,1.16,1.15,1.13,0.89,1.20,0.97,"",4,0.9,186,3.9,74,1.5,123,2.6,6792016,15.7,4232291,12.8,-2368,-0.6,88,12.6
"20000","5","541940","58","0","2023","1","",443,4976,4879,4865,50019756,37262291,424857,784,"",1.58,1.17,1.16,1.15,1.13,0.89,1.20,0.97,"",4,0.9,186,3.9,74,1.5,123,2.6,6792016,15.7,4232291,12.8,-2368,-0.6,88,12.6
"20000","5","54199","57","0","2023","1","",736,2983,2962,3053,65023942,35712470,752828,1668,"",1.39,1.38,1.36,1.40,1.39,1.20,1.99,1.01,"",144,24.3,567,23.5,500,20.3,607,24.8,18625106,40.1,8930547,33.3,113979,17.8,206,14.1
"20000","5","541990","58","0","2023","1","",736,2983,2962,3053,65023942,35712470,752828,1668,"",1.39,1.38,1.36,1.40,1.39,1.20,1.99,1.01,"",144,24.3,567,23.5,500,20.3,607,24.8,18625106,40.1,8930547,33.3,113979,17.8,206,14.1
"20000","5","55","54","0","2023","1","",745,22863,22744,22719,988711648,349410802,3292267,3339,"",0.98,0.97,0.97,0.96,1.19,0.84,0.84,1.23,"",50,7.2,1803,8.6,1618,7.7,1479,7.0,48598296,5.2,25624701,7.9,-342019,-9.4,-82,-2.4
"20000","5","551","55","0","2023","1","",745,22863,22744,22719,988711648,349410802,3292267,3339,"",0.98,0.97,0.97,0.96,1.19,0.84,0.84,1.23,"",50,7.2,1803,8.6,1618,7.7,1479,7.0,48598296,5.2,25624701,7.9,-342019,-9.4,-82,-2.4
"20000","5","5511","56","0","2023","1","",745,22863,22744,22719,988711648,349410802,3292267,3339,"",0.98,0.97,0.97,0.96,1.19,0.84,0.84,1.23,"",50,7.2,1803,8.6,1618,7.7,1479,7.0,48598296,5.2,25624701,7.9,-342019,-9.4,-82,-2.4
"20000","5","55111","57","0","2023","1","",745,22863,22744,22719,988711648,349410802,3292267,3339,"",0.98,0.97,0.97,0.96,1.19,0.84,0.84,1.23,"",50,7.2,1803,8.6,1618,7.7,1479,7.0,48598296,5.2,25624701,7.9,-342019,-9.4,-82,-2.4
"20000","5","551111","58","0","2023","1","",15,96,96,97,6817469,1245459,10294,5444,"",1.88,1.17,1.17,1.18,1.92,0.97,1.27,1.63,"",1,7.1,-13,-11.9,-15,-13.5,-12,-11.0,-29541,-0.4,-199323,-13.8,-6721,-39.5,641,13.3
"20000","5","551112","58","0","2023","1","",106,1183,1198,1206,43563659,17085528,251062,2803,"",0.97,1.52,1.53,1.54,1.28,1.49,1.92,0.83,"",9,9.3,268,29.3,276,29.9,295,32.4,7598767,21.1,5245172,44.3,633,0.3,-217,-7.2
"20000","5","551114","58","0","2023","1","",624,21584,21450,21416,938330520,331079815,3030911,3360,"",0.97,0.95,0.95,0.94,1.18,0.82,0.80,1.25,"",40,6.8,1548,7.7,1357,6.8,1196,5.9,41029070,4.6,20578852,6.6,-335931,-10.0,-71,-2.1
"20000","5","56","54","0","2023","1","",6894,74835,75106,75411,1033578900,689791147,9947211,1058,"",1.26,0.88,0.88,0.88,1.06,0.79,0.86,1.21,"",496,7.8,-3691,-4.7,-6048,-7.5,-5232,-6.5,12390309,1.2,-8711904,-1.2,-2538177,-20.3,77,7.8
"20000","5","561","55","0","2023","1","",6593,71522,71795,72097,976846690,650500406,9479391,1046,"",1.27,0.89,0.88,0.89,1.08,0.80,0.88,1.21,"",480,7.9,-3755,-5.0,-6130,-7.9,-5300,-6.8,4350752,0.4,-11875212,-1.8,-2468707,-20.7,73,7.5
"20000","5","5611","56","0","2023","1","",1400,9859,9840,9806,288996385,113456006,1700846,2260,"",2.27,1.77,1.75,1.75,2.24,1.70,2.12,1.28,"",232,19.9,578,6.2,523,5.6,442,4.7,59636999,26.0,11095056,10.8,-198768,-10.5,367,19.4
"20000","5","56111","57","0","2023","1","",1400,9859,9840,9806,288996385,113456006,1700846,2260,"",2.27,1.77,1.75,1.75,2.24,1.70,2.12,1.28,"",232,19.9,578,6.2,523,5.6,442,4.7,59636999,26.0,11095056,10.8,-198768,-10.5,367,19.4
"20000","5","561110","58","0","2023","1","",1400,9859,9840,9806,288996385,113456006,1700846,2260,"",2.27,1.77,1.75,1.75,2.24,1.70,2.12,1.28,"",232,19.9,578,6.2,523,5.6,442,4.7,59636999,26.0,11095056,10.8,-198768,-10.5,367,19.4
"20000","5","5612","56","0","2023","1","",96,1408,1502,1515,16358986,13132448,141849,853,"",1.59,0.93,0.98,0.98,0.81,0.80,0.66,0.84,"",-20,-17.2,-143,-9.2,-23,-1.5,115,8.2,789804,5.1,-68583,-0.5,-68766,-32.7,50,6.2
"20000","5","56121","57","0","2023","1","",96,1408,1502,1515,16358986,13132448,141849,853,"",1.59,0.93,0.98,0.98,0.81,0.80,0.66,0.84,"",-20,-17.2,-143,-9.2,-23,-1.5,115,8.2,789804,5.1,-68583,-0.5,-68766,-32.7,50,6.2
"20000","5","561210","58","0","2023","1","",96,1408,1502,1515,16358986,13132448,141849,853,"",1.59,0.93,0.98,0.98,0.81,0.80,0.66,0.84,"",-20,-17.2,-143,-9.2,-23,-1.5,115,8.2,789804,5.1,-68583,-0.5,-68766,-32.7,50,6.2
"20000","5","5613","56","0","2023","1","",1761,27179,27028,26659,305946407,235729310,3822877,873,"",1.41,0.80,0.80,0.79,0.83,0.67,0.77,1.04,"",135,8.3,-3281,-10.8,-5801,-17.7,-4872,-15.5,-86487838,-22.0,-37778121,-13.8,-1248074,-24.6,-82,-8.6
"20000","5","56131","57","0","2023","1","",278,987,966,1026,19188560,11528886,243614,1486,"",0.99,0.34,0.33,0.35,0.42,0.35,0.50,1.23,"",28,11.2,13,1.3,9,0.9,79,8.3,2701589,16.4,1716304,17.5,39464,19.3,164,12.4
"20000","5","561311","58","0","2023","1","",200,823,798,860,14501507,9436700,202176,1349,"",0.98,0.33,0.32,0.34,0.46,0.34,0.50,1.38,"",23,13.0,22,2.7,5,0.6,76,9.7,3954887,37.5,1764399,23.0,41903,26.1,326,31.9
"20000","5","561312","58","0","2023","1","",78,164,168,166,4687053,2092186,41438,2172,"",1.02,0.39,0.40,0.41,0.33,0.36,0.49,0.84,"",5,6.8,-9,-5.2,4,2.4,3,1.8,-1253298,-21.1,-48095,-2.2,-2439,-5.6,-570,-20.8
"20000","5","56132","57","0","2023","1","",1230,25431,25290,24873,269357512,214561780,3410872,822,"",1.53,0.95,0.94,0.93,1.03,0.79,0.87,1.09,"",98,8.7,-3259,-11.4,-5795,-18.6,-4961,-16.6,-91861747,-25.4,-40238326,-15.8,-1281456,-27.3,-108,-11.6
"20000","5","561320","58","0","2023","1","",1230,25431,25290,24873,269357512,214561780,3410872,822,"",1.53,0.95,0.94,0.93,1.03,0.79,0.87,1.09,"",98,8.7,-3259,-11.4,-5795,-18.6,-4961,-16.6,-91861747,-25.4,-40238326,-15.8,-1281456,-27.3,-108,-11.6
"20000","5","56133","57","0","2023","1","",253,761,772,760,17400335,9638644,168391,1751,"",1.52,0.19,0.19,0.18,0.29,0.21,0.29,1.56,"",9,3.7,-35,-4.4,-15,-1.9,10,1.3,2672320,18.1,743901,8.4,-6082,-3.5,294,20.2
"20000","5","561330","58","0","2023","1","",253,761,772,760,17400335,9638644,168391,1751,"",1.52,0.19,0.19,0.18,0.29,0.21,0.29,1.56,"",9,3.7,-35,-4.4,-15,-1.9,10,1.3,2672320,18.1,743901,8.4,-6082,-3.5,294,20.2
"20000","5","5614","56","0","2023","1","",745,8122,7988,7903,104466610,74404026,937420,1004,"",1.51,1.14,1.14,1.14,1.17,1.02,1.09,1.02,"",89,13.6,-840,-9.4,-963,-10.8,-1099,-12.2,1428142,1.4,-2702425,-3.5,-344648,-26.9,121,13.7
"20000","5","56141","57","0","2023","1","",98,294,295,283,4990469,2858577,33949,1321,"",1.52,0.81,0.81,0.78,1.36,0.88,0.97,1.70,"",-3,-3.0,24,8.9,15,5.4,8,2.9,499632,11.1,212593,8.0,1830,5.7,65,5.2
"20000","5","561410","58","0","2023","1","",98,294,295,283,4990469,2858577,33949,1321,"",1.52,0.81,0.81,0.78,1.36,0.88,0.97,1.70,"",-3,-3.0,24,8.9,15,5.4,8,2.9,499632,11.1,212593,8.0,1830,5.7,65,5.2
"20000","5","56142","57","0","2023","1","",339,5012,4885,4839,58743663,43584951,573005,920,"",2.77,1.27,1.26,1.28,1.41,1.11,1.28,1.11,"",79,30.4,-392,-7.3,-535,-9.9,-545,-10.1,3895063,7.1,824444,1.9,-193202,-25.2,139,17.8
"20000","5","561421","58","0","2023","1","",75,387,383,377,4071297,3233323,42973,819,"",2.93,1.11,1.11,1.12,1.17,0.94,1.04,1.04,"",32,74.4,15,4.0,17,4.6,-1,-0.3,864135,26.9,417668,14.8,-207,-0.5,156,23.5
"20000","5","561422","58","0","2023","1","",264,4625,4502,4462,54672366,40351628,530032,928,"",2.73,1.28,1.28,1.30,1.43,1.12,1.31,1.11,"",47,21.7,-407,-8.1,-552,-10.9,-544,-10.9,3030928,5.9,406776,1.0,-192995,-26.7,138,17.5
"20000","5","56143","57","0","2023","1","",71,406,401,408,5053223,3426615,34518,960,"",0.76,0.55,0.54,0.55,0.78,0.50,0.44,1.43,"",-5,-6.6,-22,-5.1,-20,-4.8,-70,-14.6,436508,9.5,-231693,-6.3,-17895,-34.1,157,19.6
"20000","5","561431","58","0","2023","1","",29,183,181,187,1255669,1192461,14191,526,"",0.64,0.54,0.54,0.56,0.55,0.45,0.48,1.01,"",0,0.0,5,2.8,4,2.3,12,6.9,77770,6.6,97333,8.9,-1827,-11.4,13,2.5
"20000","5","561439","58","0","2023","1","",42,223,220,221,3797554,2234154,20327,1320,"",0.87,0.55,0.55,0.55,0.91,0.54,0.42,1.65,"",-5,-10.6,-27,-10.8,-24,-9.8,-82,-27.1,358738,10.4,-329026,-12.8,-16068,-44.1,324,32.5
"20000","5","56144","57","0","2023","1","",79,1459,1450,1430,22106996,15762273,172293,1176,"",1.58,1.66,1.66,1.64,1.93,1.61,1.48,1.17,"",5,6.8,-274,-15.8,-258,-15.1,-296,-17.1,-373042,-1.7,-1584594,-9.1,-72634,-29.7,172,17.1
"20000","5","561440","58","0","2023","1","",79,1459,1450,1430,22106996,15762273,172293,1176,"",1.58,1.66,1.66,1.64,1.93,1.61,1.48,1.17,"",5,6.8,-274,-15.8,-258,-15.1,-296,-17.1,-373042,-1.7,-1584594,-9.1,-72634,-29.7,172,17.1
"20000","5","56145","57","0","2023","1","",13,28,28,26,1007721,363155,3638,2836,"",1.23,0.12,0.12,0.12,0.12,0.12,0.08,0.99,"",0,0.0,2,7.7,2,7.7,1,4.0,-63615,-5.9,11894,3.4,-1234,-25.3,-375,-11.7
"20000","5","561450","58","0","2023","1","",13,28,28,26,1007721,363155,3638,2836,"",1.23,0.12,0.12,0.12,0.12,0.12,0.08,0.99,"",0,0.0,2,7.7,2,7.7,1,4.0,-63615,-5.9,11894,3.4,-1234,-25.3,-375,-11.7
"20000","5","56149","57","0","2023","1","",145,923,929,917,12564538,8408455,120017,1047,"",0.95,0.97,0.97,0.95,0.71,0.80,0.85,0.73,"",13,9.8,-178,-16.2,-167,-15.2,-197,-17.7,-2966404,-19.1,-1935069,-18.7,-61513,-33.9,-35,-3.2
"20000","5","561491","58","0","2023","1","",13,33,33,31,303954,284870,4372,723,"",1.94,0.57,0.56,0.52,0.52,0.48,0.53,0.94,"",3,30.0,9,37.5,10,43.5,8,34.8,111751,58.1,94341,49.5,-708,-13.9,89,14.0
"20000","5","561492","58","0","2023","1","",22,83,87,81,993361,761260,5606,913,"",0.84,0.81,0.85,0.79,0.70,0.70,0.44,0.85,"",-3,-12.0,-8,-8.8,-6,-6.5,-10,-11.0,-67155,-6.3,-84497,-10.0,-1457,-20.6,23,2.6
"20000","5","561499","58","0","2023","1","",110,807,809,805,11267223,7362325,110039,1074,"",0.92,1.03,1.02,1.01,0.71,0.84,0.91,0.70,"",13,13.4,-179,-18.2,-171,-17.4,-195,-19.5,-3011000,-21.1,-1944913,-20.9,-59348,-35.0,-37,-3.3
"20000","5","5615","56","0","2023","1","",143,950,932,954,18916566,10692505,117431,1539,"",0.81,0.57,0.55,0.56,0.54,0.50,0.45,0.97,"",20,16.3,144,17.9,106,12.8,137,16.8,6702104,54.9,2137460,25.0,-22105,-15.8,388,33.7
"20000","5","56151","57","0","2023","1","",80,385,394,397,6406957,4487628,48113,1257,"",0.77,0.55,0.56,0.56,0.47,0.44,0.37,0.84,"",12,17.6,64,19.9,58,17.3,56,16.4,1417882,28.4,1036770,30.0,-6567,-12.0,103,8.9
"20000","5","561510","58","0","2023","1","",80,385,394,397,6406957,4487628,48113,1257,"",0.77,0.55,0.56,0.56,0.47,0.44,0.37,0.84,"",12,17.6,64,19.9,58,17.3,56,16.4,1417882,28.4,1036770,30.0,-6567,-12.0,103,8.9
"20000","5","56152","57","0","2023","1","",11,158,140,152,1748343,1426170,16496,897,"",0.41,0.85,0.73,0.76,0.66,0.63,0.52,0.85,"",1,10.0,22,16.2,4,2.9,38,33.3,437666,33.4,291199,25.7,-3024,-15.5,113,14.4
"20000","5","561520","58","0","2023","1","",11,158,140,152,1748343,1426170,16496,897,"",0.41,0.85,0.73,0.76,0.66,0.63,0.52,0.85,"",1,10.0,22,16.2,4,2.9,38,33.3,437666,33.4,291199,25.7,-3024,-15.5,113,14.4
"20000","5","56159","57","0","2023","1","",52,407,398,405,10761266,4778707,52822,2052,"",1.15,0.52,0.50,0.51,0.58,0.53,0.55,1.14,"",7,15.6,58,16.6,44,12.4,43,11.9,4846556,81.9,809491,20.4,-12514,-19.2,770,60.1
"20000","5","561591","58","0","2023","1","",6,40,40,41,748514,488762,2388,1428,"",0.74,0.52,0.51,0.51,0.66,0.57,0.25,1.29,"",0,0.0,1,2.6,-1,-2.4,0,0.0,69405,10.2,22756,4.9,-3289,-57.9,133,10.3
"20000","5","561599","58","0","2023","1","",46,367,358,364,10012752,4289945,50434,2122,"",1.23,0.52,0.50,0.51,0.57,0.52,0.58,1.13,"",7,17.9,57,18.4,45,14.4,43,13.4,4777151,91.2,786735,22.5,-9225,-15.5,842,65.8
"20000","5","5616","56","0","2023","1","",236,5543,5548,5450,62654840,48241622,587500,874,"",0.76,0.60,0.60,0.59,0.76,0.55,0.54,1.27,"",-1,-0.4,263,5.0,305,5.8,276,5.3,6852470,12.3,4273511,9.7,-128970,-18.0,54,6.6
"20000","5","56161","57","0","2023","1","",123,3920,3905,3848,34079962,29950769,342766,674,"",0.65,0.51,0.50,0.50,0.57,0.43,0.38,1.14,"",2,1.7,372,10.5,369,10.4,371,10.7,5062805,17.4,4134193,16.0,-53242,-13.4,40,6.3
"20000","5","561611","58","0","2023","1","N",42,0,0,0,0,0,0,0,"N",0.90,0,0,0,0,0,0,0,"N",0,0.0,0,0,0,0,0,0,0,0,0,0,0,0,0,0
"20000","5","561612","58","0","2023","1","",75,3635,3615,3563,30015871,27034197,296369,641,"",0.55,0.51,0.51,0.50,0.58,0.43,0.37,1.14,"",2,2.7,374,11.5,367,11.3,370,11.6,4237652,16.4,3954878,17.1,-54062,-15.4,28,4.6
"20000","5","561613","58","0","2023","1","N",6,0,0,0,0,0,0,0,"N",0.80,0,0,0,0,0,0,0,"N",0,0.0,0,0,0,0,0,0,0,0,0,0,0,0,0,0
"20000","5","56162","57","0","2023","1","",113,1623,1643,1602,28574878,18290853,244734,1355,"",0.92,1.11,1.12,1.09,1.26,1.03,1.23,1.14,"",-3,-2.6,-109,-6.3,-64,-3.7,-95,-5.6,1789665,6.7,139318,0.8,-75728,-23.6,151,12.5
"20000","5","561621","58","0","2023","1","",88,1543,1559,1515,27661422,17434077,239134,1383,"",1.00,1.19,1.19,1.16,1.32,1.09,1.31,1.12,"",-2,-2.2,-101,-6.1,-60,-3.7,-95,-5.9,1676077,6.5,43655,0.3,-73685,-23.6,152,12.3
"20000","5","561622","58","0","2023","1","",25,80,84,87,913456,856776,5600,840,"",0.72,0.50,0.53,0.54,0.55,0.50,0.34,1.05,"",-1,-3.8,-8,-9.1,-4,-4.5,0,0.0,113588,14.2,95663,12.6,-2043,-26.7,138,19.7
"20000","5","5617","56","0","2023","1","",1996,16673,17070,17945,155403503,137019318,1903840,694,"",0.99,0.88,0.90,0.92,1.06,0.81,0.90,1.17,"",23,1.2,-20,-0.1,130,0.8,200,1.1,15962945,11.4,12176838,9.8,-400695,-17.4,68,10.9
"20000","5","56171","57","0","2023","1","",169,1161,1180,1211,13930266,11660272,140165,905,"",1.21,0.90,0.91,0.92,1.01,0.85,1.03,1.11,"",0,0.0,66,6.0,84,7.7,105,9.5,1793334,14.8,1455167,14.3,-24469,-14.9,55,6.5
"20000","5","561710","58","0","2023","1","",169,1161,1180,1211,13930266,11660272,140165,905,"",1.21,0.90,0.91,0.92,1.01,0.85,1.03,1.11,"",0,0.0,66,6.0,84,7.7,105,9.5,1793334,14.8,1455167,14.3,-24469,-14.9,55,6.5
"20000","5","56172","57","0","2023","1","",708,8829,8915,8848,66196550,59800534,675611,574,"",1.06,0.91,0.91,0.91,1.08,0.79,0.83,1.19,"",4,0.6,57,0.6,65,0.7,88,1.0,7994289,13.7,5761810,10.7,-116381,-14.7,65,12.8
"20000","5","561720","58","0","2023","1","",708,8829,8915,8848,66196550,59800534,675611,574,"",1.06,0.91,0.91,0.91,1.08,0.79,0.83,1.19,"",4,0.6,57,0.6,65,0.7,88,1.0,7994289,13.7,5761810,10.7,-116381,-14.7,65,12.8
"20000","5","56173","57","0","2023","1","",928,5729,6024,6933,64183835,56521061,972300,793,"",0.95,0.87,0.90,0.96,1.06,0.83,0.97,1.17,"",21,2.3,-142,-2.4,-16,-0.3,40,0.6,5220378,8.9,4301512,8.2,-223463,-18.7,69,9.5
"20000","5","561730","58","0","2023","1","",928,5729,6024,6933,64183835,56521061,972300,793,"",0.95,0.87,0.90,0.96,1.06,0.83,0.97,1.17,"",21,2.3,-142,-2.4,-16,-0.3,40,0.6,5220378,8.9,4301512,8.2,-223463,-18.7,69,9.5
"20000","5","56174","57","0","2023","1","",69,337,329,325,2513955,2448469,24961,585,"",1.18,1.00,0.99,0.97,0.91,0.77,0.74,0.92,"",-7,-9.2,-41,-10.8,-47,-12.5,-61,-15.8,-485993,-16.2,-296694,-10.8,-17286,-40.9,-22,-3.6
"20000","5","561740","58","0","2023","1","",69,337,329,325,2513955,2448469,24961,585,"",1.18,1.00,0.99,0.97,0.91,0.77,0.74,0.92,"",-7,-9.2,-41,-10.8,-47,-12.5,-61,-15.8,-485993,-16.2,-296694,-10.8,-17286,-40.9,-22,-3.6
"20000","5","56179","57","0","2023","1","",122,617,622,628,8578897,6588982,90803,1060,"",0.75,0.66,0.67,0.66,0.94,0.71,0.70,1.42,"",5,4.3,40,6.9,44,7.6,28,4.7,1440937,20.2,955043,17.0,-19096,-17.4,121,12.9
"20000","5","561790","58","0","2023","1","",122,617,622,628,8578897,6588982,90803,1060,"",0.75,0.66,0.67,0.66,0.94,0.71,0.70,1.42,"",5,4.3,40,6.9,44,7.6,28,4.7,1440937,20.2,955043,17.0,-19096,-17.4,121,12.9
"20000","5","5619","56","0","2023","1","",216,1788,1887,1865,24103393,17825171,267628,1004,"",0.79,0.60,0.62,0.61,0.67,0.54,0.55,1.10,"",2,0.9,-456,-20.3,-407,-17.7,-499,-21.1,-533874,-2.2,-1008948,-5.4,-56681,-17.5,180,21.8
"20000","5","56191","57","0","2023","1","",15,262,242,221,2830018,2198710,23089,901,"",0.62,0.43,0.40,0.36,0.43,0.33,0.29,1.07,"",2,15.4,-123,-31.9,-125,-34.1,-170,-43.5,-535485,-15.9,-805623,-26.8,-2244,-8.9,222,32.7
"20000","5","561910","58","0","2023","1","",15,262,242,221,2830018,2198710,23089,901,"",0.62,0.43,0.40,0.36,0.43,0.33,0.29,1.07,"",2,15.4,-123,-31.9,-125,-34.1,-170,-43.5,-535485,-15.9,-805623,-26.8,-2244,-8.9,222,32.7
"20000","5","56192","57","0","2023","1","",45,69,112,111,1530878,1105177,15522,1210,"",0.73,0.14,0.23,0.22,0.22,0.18,0.12,1.10,"",3,7.1,-35,-33.7,15,15.5,17,18.1,384704,33.6,243247,28.2,-1486,-8.7,313,34.9
"20000","5","561920","58","0","2023","1","",45,69,112,111,1530878,1105177,15522,1210,"",0.73,0.14,0.23,0.22,0.22,0.18,0.12,1.10,"",3,7.1,-35,-33.7,15,15.5,17,18.1,384704,33.6,243247,28.2,-1486,-8.7,313,34.9
"20000","5","56199","57","0","2023","1","",156,1457,1533,1533,19742497,14521284,229017,1007,"",0.84,0.76,0.79,0.78,0.88,0.70,0.83,1.13,"",-3,-1.9,-298,-17.0,-297,-16.2,-346,-18.4,-383093,-1.9,-446572,-3.0,-52951,-18.8,157,18.5
"20000","5","561990","58","0","2023","1","",156,1457,1533,1533,19742497,14521284,229017,1007,"",0.84,0.76,0.79,0.78,0.88,0.70,0.83,1.13,"",-3,-1.9,-298,-17.0,-297,-16.2,-346,-18.4,-383093,-1.9,-446572,-3.0,-52951,-18.8,157,18.5
"20000","5","562","55","0","2023","1","",301,3313,3311,3314,56732210,39290741,467820,1317,"",1.06,0.74,0.73,0.73,0.84,0.67,0.64,1.15,"",16,5.6,64,2.0,82,2.5,68,2.1,8039557,16.5,3163308,8.8,-69470,-12.9,161,13.9
"20000","5","5621","56","0","2023","1","",134,1693,1700,1677,30551677,20331797,220714,1391,"",1.21,0.88,0.88,0.87,1.16,0.85,0.85,1.33,"",7,5.5,26,1.6,46,2.8,25,1.5,3941901,14.8,1648572,8.8,-28880,-11.6,156,12.6
"20000","5","56211","57","0","2023","1","",134,1693,1700,1677,30551677,20331797,220714,1391,"",1.21,0.88,0.88,0.87,1.16,0.85,0.85,1.33,"",7,5.5,26,1.6,46,2.8,25,1.5,3941901,14.8,1648572,8.8,-28880,-11.6,156,12.6
"20000","5","562111","58","0","2023","1","",118,1412,1413,1401,22881574,16559352,166899,1249,"",1.38,0.85,0.85,0.84,1.01,0.80,0.76,1.20,"",4,3.5,41,3.0,46,3.4,38,2.8,3330432,17.0,1413151,9.3,-16176,-8.8,149,13.5
"20000","5","562112","58","0","2023","1","",4,5,5,5,69388,45919,600,1068,"",0.63,0.04,0.04,0.04,0.04,0.03,0.03,0.83,"",1,33.3,-18,-78.3,-16,-76.2,-15,-75.0,-97367,-58.4,-116293,-71.7,-3715,-86.1,467,77.7
"20000","5","562119","58","0","2023","1","",12,276,282,271,7600715,3726526,53215,2116,"",0.64,1.78,1.85,1.75,4.32,2.16,2.36,2.41,"",2,20.0,3,1.1,16,6.0,2,0.7,708836,10.3,351714,10.4,-8989,-14.5,148,7.5
"20000","5","5622","56","0","2023","1","",43,565,571,570,10396577,6946835,67510,1406,"",1.15,0.59,0.59,0.59,0.56,0.50,0.46,0.96,"",0,0.0,11,2.0,19,3.4,19,3.4,1809959,21.1,563485,8.8,-31464,-31.8,210,17.6
"20000","5","56221","57","0","2023","1","",43,565,571,570,10396577,6946835,67510,1406,"",1.15,0.59,0.59,0.59,0.56,0.50,0.46,0.96,"",0,0.0,11,2.0,19,3.4,19,3.4,1809959,21.1,563485,8.8,-31464,-31.8,210,17.6
"20000","5","562211","58","0","2023","1","",15,246,251,247,3991060,3007885,34575,1238,"",1.37,0.65,0.66,0.65,0.54,0.49,0.63,0.82,"",0,0.0,28,12.8,31,14.1,23,10.3,832863,26.4,462659,18.2,-21510,-38.4,137,12.4
"20000","5","562212","58","0","2023","1","",16,210,212,216,4655629,2685163,20932,1684,"",1.17,0.59,0.60,0.61,0.67,0.60,0.41,1.12,"",-2,-11.1,-13,-5.8,-10,-4.5,-4,-1.8,763232,19.6,105399,4.1,-9497,-31.2,333,24.6
"20000","5","562219","58","0","2023","1","",12,109,108,107,1749888,1253787,12003,1246,"",1.08,0.59,0.58,0.57,0.59,0.49,0.36,1.02,"",2,20.0,-4,-3.5,-2,-1.8,0,0.0,213864,13.9,-4573,-0.4,-457,-3.7,172,16.0
"20000","5","5629","56","0","2023","1","",124,1055,1040,1067,15783956,12012109,179596,1152,"",0.91,0.65,0.64,0.65,0.69,0.57,0.54,1.06,"",9,7.8,27,2.6,17,1.7,24,2.3,2287697,17.0,951251,8.6,-9126,-4.8,145,14.4
"20000","5","56291","57","0","2023","1","",58,587,580,586,9815116,6838603,96231,1292,"",0.86,0.68,0.67,0.66,0.73,0.56,0.45,1.09,"",8,16.0,2,0.3,8,1.4,-2,-0.3,1095308,12.6,110310,1.6,-6746,-6.6,139,12.1
"20000","5","562910","58","0","2023","1","",58,587,580,586,9815116,6838603,96231,1292,"",0.86,0.68,0.67,0.66,0.73,0.56,0.45,1.09,"",8,16.0,2,0.3,8,1.4,-2,-0.3,1095308,12.6,110310,1.6,-6746,-6.6,139,12.1
"20000","5","56292","57","0","2023","1","",13,246,250,246,3089874,2675897,45921,961,"",0.95,1.07,1.09,1.06,1.03,0.97,1.37,0.96,"",2,18.2,23,10.3,20,8.7,9,3.8,712067,29.9,506791,23.4,-2693,-5.5,166,20.9
"20000","5","562920","58","0","2023","1","",13,246,250,246,3089874,2675897,45921,961,"",0.95,1.07,1.09,1.06,1.03,0.97,1.37,0.96,"",2,18.2,23,10.3,20,8.7,9,3.8,712067,29.9,506791,23.4,-2693,-5.5,166,20.9
"20000","5","56299","57","0","2023","1","",53,222,210,235,2878966,2497609,37444,996,"",0.96,0.43,0.41,0.46,0.45,0.41,0.46,1.05,"",-1,-1.9,2,0.9,-11,-5.0,17,7.8,480322,20.0,334150,15.4,313,0.8,156,18.6
"20000","5","562991","58","0","2023","1","",28,121,109,136,1483769,1337662,21041,936,"",0.79,0.40,0.36,0.45,0.44,0.39,0.45,1.08,"",0,0.0,6,5.2,-6,-5.2,15,12.4,364853,32.6,287947,27.4,6846,48.2,200,27.2
"20000","5","562998","58","0","2023","1","",25,101,101,99,1395197,1159947,16403,1070,"",1.26,0.48,0.47,0.46,0.48,0.45,0.46,1.01,"",-1,-3.8,-4,-3.8,-5,-4.7,2,2.1,115469,9.0,46203,4.1,-6533,-28.5,111,11.6
"20000","5","61","54","0","2023","1","",1075,13437,14014,13616,136859101,66169073,732989,769,"",0.83,0.48,0.48,0.46,0.40,0.53,0.54,0.85,"",74,7.4,627,4.9,651,4.9,507,3.9,9778926,7.7,4746350,7.7,-156278,-17.6,22,2.9
"20000","5","611","55","0","2023","1","",1075,13437,14014,13616,136859101,66169073,732989,769,"",0.83,0.48,0.48,0.46,0.40,0.53,0.54,0.85,"",74,7.4,627,4.9,651,4.9,507,3.9,9778926,7.7,4746350,7.7,-156278,-17.6,22,2.9
"20000","5","6111","56","0","2023","1","",78,1986,2032,1948,15909649,7756611,79096,615,"",0.46,0.23,0.23,0.22,0.19,0.17,0.18,0.82,"",11,16.4,116,6.2,154,8.2,121,6.6,1942854,13.9,831336,12.0,-3965,-4.8,37,6.4
"20000","5","61111","57","0","2023","1","",78,1986,2032,1948,15909649,7756611,79096,615,"",0.46,0.23,0.23,0.22,0.19,0.17,0.18,0.82,"",11,16.4,116,6.2,154,8.2,121,6.6,1942854,13.9,831336,12.0,-3965,-4.8,37,6.4
"20000","5","611110","58","0","2023","1","",78,1986,2032,1948,15909649,7756611,79096,615,"",0.46,0.23,0.23,0.22,0.19,0.17,0.18,0.82,"",11,16.4,116,6.2,154,8.2,121,6.6,1942854,13.9,831336,12.0,-3965,-4.8,37,6.4
"20000","5","6112","56","0","2023","1","",21,381,430,430,5033729,1864690,15825,936,"",2.52,2.09,2.24,2.27,2.70,1.21,0.65,1.23,"",-2,-8.7,4,1.1,-7,-1.6,-12,-2.7,55897,1.1,-12814,-0.7,-7956,-33.5,21,2.3
"20000","5","61121","57","0","2023","1","",21,381,430,430,5033729,1864690,15825,936,"",2.52,2.09,2.24,2.27,2.70,1.21,0.65,1.23,"",-2,-8.7,4,1.1,-7,-1.6,-12,-2.7,55897,1.1,-12814,-0.7,-7956,-33.5,21,2.3
"20000","5","611210","58","0","2023","1","",21,381,430,430,5033729,1864690,15825,936,"",2.52,2.09,2.24,2.27,2.70,1.21,0.65,1.23,"",-2,-8.7,4,1.1,-7,-1.6,-12,-2.7,55897,1.1,-12814,-0.7,-7956,-33.5,21,2.3
"20000","5","6113","56","0","2023","1","",125,4946,5310,5138,49484161,11631828,61343,742,"",1.16,0.44,0.44,0.42,0.28,0.73,0.41,0.63,"",2,1.6,176,3.7,198,3.9,138,2.8,2492253,5.3,-215674,-1.8,-14669,-19.3,13,1.8
"20000","5","61131","57","0","2023","1","",125,4946,5310,5138,49484161,11631828,61343,742,"",1.16,0.44,0.44,0.42,0.28,0.73,0.41,0.63,"",2,1.6,176,3.7,198,3.9,138,2.8,2492253,5.3,-215674,-1.8,-14669,-19.3,13,1.8
"20000","5","611310","58","0","2023","1","",125,4946,5310,5138,49484161,11631828,61343,742,"",1.16,0.44,0.44,0.42,0.28,0.73,0.41,0.63,"",2,1.6,176,3.7,198,3.9,138,2.8,2492253,5.3,-215674,-1.8,-14669,-19.3,13,1.8
"20000","5","6114","56","0","2023","1","",143,791,785,788,11444892,7114383,106590,1117,"",0.96,1.06,1.05,1.05,0.80,0.74,0.94,0.76,"",16,12.6,55,7.5,41,5.5,33,4.4,-53167,-0.5,1270971,21.8,-30142,-22.0,-70,-5.9
"20000","5","61141","57","0","2023","1","",5,6,6,6,113270,72460,1837,1452,"",1.53,0.17,0.17,0.17,0.32,0.25,0.45,1.83,"",0,0.0,1,20.0,1,20.0,1,20.0,9752,9.4,15057,26.2,457,33.1,-141,-8.9
"20000","5","611410","58","0","2023","1","",5,6,6,6,113270,72460,1837,1452,"",1.53,0.17,0.17,0.17,0.32,0.25,0.45,1.83,"",0,0.0,1,20.0,1,20.0,1,20.0,9752,9.4,15057,26.2,457,33.1,-141,-8.9
"20000","5","61142","57","0","2023","1","",28,55,57,59,1223417,624742,11069,1651,"",0.82,0.26,0.27,0.28,0.30,0.21,0.32,1.10,"",2,7.7,-7,-11.3,-7,-10.9,-2,-3.3,-100949,-7.6,96647,18.3,-2437,-18.0,17,1.0
"20000","5","611420","58","0","2023","1","",28,55,57,59,1223417,624742,11069,1651,"",0.82,0.26,0.27,0.28,0.30,0.21,0.32,1.10,"",2,7.7,-7,-11.3,-7,-10.9,-2,-3.3,-100949,-7.6,96647,18.3,-2437,-18.0,17,1.0
"20000","5","61143","57","0","2023","1","",110,730,722,723,10108205,6417181,93684,1072,"",0.98,1.46,1.44,1.44,1.03,1.01,1.26,0.71,"",14,14.6,61,9.1,47,7.0,34,4.9,38030,0.4,1159267,22.0,-28162,-23.1,-71,-6.2
"20000","5","611430","58","0","2023","1","",110,730,722,723,10108205,6417181,93684,1072,"",0.98,1.46,1.44,1.44,1.03,1.01,1.26,0.71,"",14,14.6,61,9.1,47,7.0,34,4.9,38030,0.4,1159267,22.0,-28162,-23.1,-71,-6.2
"20000","5","6115","56","0","2023","1","",93,1010,1029,1039,19913513,11611747,131630,1493,"",0.95,0.92,0.91,0.92,1.53,1.03,0.95,1.67,"",6,6.9,-34,-3.3,-15,-1.4,-8,-0.8,1599558,8.7,216624,1.9,-50143,-27.6,145,10.8
"20000","5","61151","57","0","2023","1","",93,1010,1029,1039,19913513,11611747,131630,1493,"",0.95,0.92,0.91,0.92,1.53,1.03,0.95,1.67,"",6,6.9,-34,-3.3,-15,-1.4,-8,-0.8,1599558,8.7,216624,1.9,-50143,-27.6,145,10.8
"20000","5","611511","58","0","2023","1","",16,188,187,194,1884870,1744646,17596,764,"",1.00,1.10,1.08,1.12,1.34,1.11,0.84,1.22,"",0,0.0,-14,-6.9,-14,-7.0,-8,-4.0,261597,16.1,200848,13.0,-447,-2.5,145,23.4
"20000","5","611512","58","0","2023","1","",20,485,498,507,12776039,6376741,58242,1979,"",1.45,2.22,2.24,2.26,3.64,2.33,2.88,1.63,"",1,5.3,42,9.5,55,12.4,62,13.9,2131091,20.0,690808,12.1,-43452,-42.7,133,7.2
"20000","5","611513","58","0","2023","1","",5,19,19,18,295750,228365,2020,1219,"",0.38,0.13,0.12,0.12,0.18,0.15,0.10,1.43,"",1,25.0,3,18.8,4,26.7,2,12.5,50307,20.5,35193,18.2,938,86.7,14,1.2
"20000","5","611519","58","0","2023","1","",52,318,325,320,4956854,3261995,53772,1188,"",0.95,0.57,0.57,0.56,0.78,0.59,0.70,1.38,"",4,8.3,-65,-17.0,-60,-15.6,-64,-16.7,-843437,-14.5,-710225,-17.9,-7182,-11.8,26,2.2
"20000","5","6116","56","0","2023","1","",422,3140,3222,3051,16464446,13689853,143632,404,"",0.82,0.70,0.70,0.66,0.70,0.56,0.52,1.03,"",22,5.5,190,6.4,183,6.0,147,5.1,1494450,10.0,1226027,9.8,-17401,-10.8,16,4.1
"20000","5","61161","57","0","2023","1","",134,1081,1096,1010,3331893,3074923,28481,241,"",1.06,1.00,0.98,0.91,0.71,0.60,0.49,0.73,"",12,9.8,98,10.0,77,7.6,65,6.9,412651,14.1,375808,13.9,-3172,-10.0,12,5.2
"20000","5","611610","58","0","2023","1","",134,1081,1096,1010,3331893,3074923,28481,241,"",1.06,1.00,0.98,0.91,0.71,0.60,0.49,0.73,"",12,9.8,98,10.0,77,7.6,65,6.9,412651,14.1,375808,13.9,-3172,-10.0,12,5.2
"20000","5","61162","57","0","2023","1","",140,1319,1338,1290,6861845,5980943,51642,401,"",0.86,0.89,0.88,0.84,1.03,0.78,0.71,1.18,"",3,2.2,123,10.3,89,7.1,118,10.1,514525,8.1,497320,9.1,-8058,-13.5,-4,-1.0
"20000","5","611620","58","0","2023","1","",140,1319,1338,1290,6861845,5980943,51642,401,"",0.86,0.89,0.88,0.84,1.03,0.78,0.71,1.18,"",3,2.2,123,10.3,89,7.1,118,10.1,514525,8.1,497320,9.1,-8058,-13.5,-4,-1.0
"20000","5","61163","57","0","2023","1","",10,36,62,39,126144,125284,835,212,"",0.60,0.23,0.38,0.24,0.14,0.13,0.08,0.50,"",0,0.0,3,9.1,29,87.9,-14,-26.4,-32120,-20.3,30350,32.0,440,111.4,-95,-30.9
"20000","5","611630","58","0","2023","1","",10,36,62,39,126144,125284,835,212,"",0.60,0.23,0.38,0.24,0.14,0.13,0.08,0.50,"",0,0.0,3,9.1,29,87.9,-14,-26.4,-32120,-20.3,30350,32.0,440,111.4,-95,-30.9
"20000","5","61169","57","0","2023","1","",138,704,726,712,6144564,4508703,62674,662,"",0.66,0.40,0.40,0.39,0.55,0.41,0.48,1.39,"",7,5.3,-34,-4.6,-12,-1.6,-22,-3.0,599394,10.8,322549,7.7,-6611,-9.5,83,14.3
"20000","5","611691","58","0","2023","1","",55,345,362,344,2355325,1600821,24054,517,"",0.61,0.37,0.37,0.36,0.45,0.32,0.37,1.22,"",6,12.2,-46,-11.8,-20,-5.2,-32,-8.5,374149,18.9,140904,9.7,-985,-3.9,119,29.9
"20000","5","611692","58","0","2023","1","",15,119,120,124,565116,561414,8356,359,"",0.67,0.85,0.84,0.86,0.72,0.58,0.85,0.85,"",-1,-6.2,14,13.3,11,10.1,11,9.7,98232,21.0,103218,22.5,-60,-0.7,30,9.1
"20000","5","611699","58","0","2023","1","",68,240,244,244,3224123,2346468,30264,1022,"",0.70,0.35,0.35,0.34,0.64,0.48,0.53,1.84,"",2,3.0,-2,-0.8,-3,-1.2,-1,-0.4,127013,4.1,78427,3.5,-5566,-15.5,48,4.9
"20000","5","6117","56","0","2023","1","",193,1183,1206,1222,18608711,12499961,194873,1189,"",0.80,0.65,0.64,0.65,0.78,0.70,0.85,1.21,"",19,10.9,120,11.3,97,8.7,88,7.8,2247081,13.7,1429880,12.9,-32002,-14.1,47,4.1
"20000","5","61171","57","0","2023","1","",193,1183,1206,1222,18608711,12499961,194873,1189,"",0.80,0.65,0.64,0.65,0.78,0.70,0.85,1.21,"",19,10.9,120,11.3,97,8.7,88,7.8,2247081,13.7,1429880,12.9,-32002,-14.1,47,4.1
"20000","5","611710","58","0","2023","1","",193,1183,1206,1222,18608711,12499961,194873,1189,"",0.80,0.65,0.64,0.65,0.78,0.70,0.85,1.21,"",19,10.9,120,11.3,97,8.7,88,7.8,2247081,13.7,1429880,12.9,-32002,-14.1,47,4.1
"20000","5","62","54","0","2023","1","",10069,187405,187791,187331,2547072863,1259144190,12213724,1045,"",0.66,0.97,0.97,0.97,1.08,1.00,0.95,1.11,"",502,5.2,6607,3.7,6603,3.6,6255,3.5,249593481,10.9,91617132,7.8,-2054123,-14.4,69,7.1
"20000","5","621","55","0","2023","1","",5106,63027,63261,62735,1103524167,555443910,6271561,1347,"",0.90,0.82,0.82,0.81,1.00,0.80,0.91,1.22,"",172,3.5,3045,5.1,2745,4.5,2423,4.0,112173453,11.3,48576116,9.6,-849209,-11.9,82,6.5
"20000","5","6211","56","0","2023","1","",1382,20771,20790,20578,540279610,191749884,1868134,2006,"",0.74,0.78,0.78,0.77,1.01,0.78,0.84,1.29,"",48,3.6,525,2.6,470,2.3,427,2.1,46089407,9.3,10677435,5.9,-520747,-21.8,128,6.8
"20000","5","62111","57","0","2023","1","",1382,20771,20790,20578,540279610,191749884,1868134,2006,"",0.74,0.78,0.78,0.77,1.01,0.78,0.84,1.29,"",48,3.6,525,2.6,470,2.3,427,2.1,46089407,9.3,10677435,5.9,-520747,-21.8,128,6.8
"20000","5","621111","58","0","2023","1","",1307,20414,20429,20215,533470665,188253228,1828735,2016,"",0.74,0.79,0.79,0.78,1.02,0.78,0.85,1.29,"",39,3.1,475,2.4,424,2.1,375,1.9,44302505,9.1,10270341,5.8,-520532,-22.2,128,6.8
"20000","5","621112","58","0","2023","1","",75,357,361,363,6808945,3496656,39399,1454,"",0.65,0.51,0.51,0.52,0.66,0.48,0.48,1.29,"",9,13.6,50,16.3,46,14.6,52,16.7,1786902,35.6,407094,13.2,-215,-0.5,212,17.1
"20000","5","6212","56","0","2023","1","",932,8717,8710,8629,120586458,83812668,884248,1068,"",0.85,0.92,0.92,0.92,1.10,0.83,0.97,1.19,"",-5,-0.5,267,3.2,203,2.4,202,2.4,8376278,7.5,6403355,8.3,-154497,-14.9,48,4.7
"20000","5","62121","57","0","2023","1","",932,8717,8710,8629,120586458,83812668,884248,1068,"",0.85,0.92,0.92,0.92,1.10,0.83,0.97,1.19,"",-5,-0.5,267,3.2,203,2.4,202,2.4,8376278,7.5,6403355,8.3,-154497,-14.9,48,4.7
"20000","5","621210","58","0","2023","1","",932,8717,8710,8629,120586458,83812668,884248,1068,"",0.85,0.92,0.92,0.92,1.10,0.83,0.97,1.19,"",-5,-0.5,267,3.2,203,2.4,202,2.4,8376278,7.5,6403355,8.3,-154497,-14.9,48,4.7
"20000","5","6213","56","0","2023","1","",1716,10788,10813,10760,124204372,94403454,1250938,886,"",1.13,1.04,1.03,1.03,1.21,0.94,1.24,1.18,"",77,4.7,898,9.1,848,8.5,887,9.0,18090502,17.0,12306608,15.0,41225,3.4,62,7.5
"20000","5","62131","57","0","2023","1","",534,1597,1568,1575,13779026,11874518,112001,671,"",1.67,1.19,1.17,1.17,1.30,0.99,1.10,1.11,"",-1,-0.2,-14,-0.9,-28,-1.8,12,0.8,976817,7.6,596782,5.3,-24892,-18.2,52,8.4
"20000","5","621310","58","0","2023","1","",534,1597,1568,1575,13779026,11874518,112001,671,"",1.67,1.19,1.17,1.17,1.30,0.99,1.10,1.11,"",-1,-0.2,-14,-0.9,-28,-1.8,12,0.8,976817,7.6,596782,5.3,-24892,-18.2,52,8.4
"20000","5","62132","57","0","2023","1","",308,2468,2431,2402,30203192,21334076,213387,955,"",1.78,1.78,1.75,1.73,2.19,1.52,1.81,1.25,"",1,0.3,13,0.5,-27,-1.1,-17,-0.7,2482215,9.0,1405340,7.1,-28956,-11.9,83,9.5
"20000","5","621320","58","0","2023","1","",308,2468,2431,2402,30203192,21334076,213387,955,"",1.78,1.78,1.75,1.73,2.19,1.52,1.81,1.25,"",1,0.3,13,0.5,-27,-1.1,-17,-0.7,2482215,9.0,1405340,7.1,-28956,-11.9,83,9.5
"20000","5","62133","57","0","2023","1","",246,1119,1158,1092,11745566,9847106,192080,805,"",0.82,0.63,0.64,0.60,0.69,0.58,0.93,1.11,"",35,16.6,280,33.4,276,31.3,240,28.2,4504766,62.2,3373797,52.1,55056,40.2,156,24.0
"20000","5","621330","58","0","2023","1","",246,1119,1158,1092,11745566,9847106,192080,805,"",0.82,0.63,0.64,0.60,0.69,0.58,0.93,1.11,"",35,16.6,280,33.4,276,31.3,240,28.2,4504766,62.2,3373797,52.1,55056,40.2,156,24.0
"20000","5","62134","57","0","2023","1","",361,4104,4101,4163,44787734,36817316,496661,836,"",0.92,0.96,0.96,0.97,1.07,0.89,1.22,1.11,"",10,2.8,420,11.4,385,10.4,446,12.0,6796708,17.9,4807614,15.0,24866,5.3,47,6.0
"20000","5","621340","58","0","2023","1","",361,4104,4101,4163,44787734,36817316,496661,836,"",0.92,0.96,0.96,0.97,1.07,0.89,1.22,1.11,"",10,2.8,420,11.4,385,10.4,446,12.0,6796708,17.9,4807614,15.0,24866,5.3,47,6.0
"20000","5","62139","57","0","2023","1","",267,1500,1555,1528,23688854,14530438,236809,1193,"",0.81,0.91,0.94,0.92,1.23,0.88,1.35,1.33,"",32,13.6,199,15.3,242,18.4,206,15.6,3329996,16.4,2123075,17.1,15151,6.8,-1,-0.1
"20000","5","621391","58","0","2023","1","",35,173,176,172,1914515,1417721,12053,848,"",0.64,0.56,0.57,0.56,0.58,0.47,0.40,1.04,"",-2,-5.4,-1,-0.6,-3,-1.7,-16,-8.5,28290,1.5,51591,3.8,-2269,-15.8,43,5.3
"20000","5","621399","58","0","2023","1","",232,1327,1379,1356,21774339,13112717,224756,1237,"",0.84,0.99,1.02,1.00,1.36,0.97,1.55,1.35,"",34,17.2,200,17.7,245,21.6,222,19.6,3301706,17.9,2071484,18.8,17420,8.4,-19,-1.5
"20000","5","6214","56","0","2023","1","",393,8338,8478,8497,116217041,53738478,664082,1060,"",1.00,0.85,0.87,0.87,0.76,0.72,0.86,0.88,"",25,6.8,1002,13.7,1057,14.2,1025,13.7,25791428,28.5,9065775,20.3,-49025,-6.9,121,12.9
"20000","5","62141","57","0","2023","1","",17,140,144,149,1988708,801833,15132,1060,"",0.75,0.53,0.54,0.56,0.58,0.41,0.63,1.06,"",1,6.2,31,28.4,36,33.3,36,31.9,666228,50.4,210940,35.7,3791,33.4,135,14.6
"20000","5","621410","58","0","2023","1","",17,140,144,149,1988708,801833,15132,1060,"",0.75,0.53,0.54,0.56,0.58,0.41,0.63,1.06,"",1,6.2,31,28.4,36,33.3,36,31.9,666228,50.4,210940,35.7,3791,33.4,135,14.6
"20000","5","62142","57","0","2023","1","",157,3485,3563,3559,40106228,15213027,126926,873,"",1.25,1.31,1.33,1.32,1.39,0.87,0.62,1.05,"",13,9.0,344,11.0,399,12.6,376,11.8,8989547,28.9,2858504,23.1,-14740,-10.4,116,15.3
"20000","5","621420","58","0","2023","1","",157,3485,3563,3559,40106228,15213027,126926,873,"",1.25,1.31,1.33,1.32,1.39,0.87,0.62,1.05,"",13,9.0,344,11.0,399,12.6,376,11.8,8989547,28.9,2858504,23.1,-14740,-10.4,116,15.3
"20000","5","62149","57","0","2023","1","",219,4713,4771,4789,74122105,37723618,522024,1198,"",0.89,0.69,0.70,0.70,0.62,0.68,0.96,0.89,"",11,5.3,627,15.3,622,15.0,613,14.7,16135653,27.8,5996331,18.9,-38076,-6.8,120,11.1
"20000","5","621491","58","0","2023","1","-",0,0,0,0,0,0,0,0,"N",0.00,0,0,0,0,0,0,0,"N",0,0,0,0,0,0,0,0,0,0,0,0,0,0,0,0
"20000","5","621492","58","0","2023","1","",65,794,804,806,11696664,8887453,55028,1123,"",0.99,0.66,0.67,0.67,0.74,0.66,0.52,1.11,"",-1,-1.5,-21,-2.6,-16,-2.0,-16,-1.9,221531,1.9,29658,0.3,-28892,-34.4,45,4.2
"20000","5","621493","58","0","2023","1","",52,1005,996,983,14085867,9809627,122972,1089,"",0.73,0.61,0.61,0.60,0.61,0.63,0.79,1.01,"",2,4.0,107,11.9,52,5.5,48,5.1,1797710,14.6,1352377,16.0,-7998,-6.1,68,6.7
"20000","5","621498","58","0","2023","1","",102,2914,2971,3000,48339574,19026538,344024,1256,"",1.18,1.39,1.41,1.42,1.51,1.32,2.09,1.08,"",10,10.9,541,22.8,586,24.6,581,24.0,14116412,41.2,4614296,32.0,-1186,-0.3,156,14.2
"20000","5","6215","56","0","2023","1","",255,4819,4800,4754,89787723,55633871,603454,1442,"",1.06,1.64,1.63,1.62,1.84,1.67,1.76,1.13,"",16,6.7,308,6.8,249,5.5,183,4.0,7339786,8.9,5980243,12.0,-65175,-9.7,46,3.3
"20000","5","62151","57","0","2023","1","",255,4819,4800,4754,89787723,55633871,603454,1442,"",1.06,1.64,1.63,1.62,1.84,1.67,1.76,1.13,"",16,6.7,308,6.8,249,5.5,183,4.0,7339786,8.9,5980243,12.0,-65175,-9.7,46,3.3
"20000","5","621511","58","0","2023","1","",200,4448,4432,4400,81566325,51845021,554653,1417,"",1.10,2.03,2.03,2.03,2.21,2.06,2.18,1.09,"",16,8.7,303,7.3,254,6.1,204,4.9,6571547,8.8,5819177,12.6,-56091,-9.2,35,2.5
"20000","5","621512","58","0","2023","1","",55,371,368,354,8221398,3788850,48801,1736,"",0.95,0.49,0.48,0.47,0.69,0.47,0.55,1.43,"",0,0.0,5,1.4,-5,-1.3,-21,-5.6,768239,10.3,161066,4.4,-9084,-15.7,192,12.4
"20000","5","6216","56","0","2023","1","",274,7571,7661,7447,79103143,58050809,745549,805,"",0.69,0.52,0.52,0.50,0.68,0.53,0.58,1.33,"",0,0.0,-172,-2.2,-250,-3.2,-537,-6.7,1847993,2.4,1425160,2.5,-117341,-13.6,51,6.8
"20000","5","62161","57","0","2023","1","",274,7571,7661,7447,79103143,58050809,745549,805,"",0.69,0.52,0.52,0.50,0.68,0.53,0.58,1.33,"",0,0.0,-172,-2.2,-250,-3.2,-537,-6.7,1847993,2.4,1425160,2.5,-117341,-13.6,51,6.8
"20000","5","621610","58","0","2023","1","",274,7571,7661,7447,79103143,58050809,745549,805,"",0.69,0.52,0.52,0.50,0.68,0.53,0.58,1.33,"",0,0.0,-172,-2.2,-250,-3.2,-537,-6.7,1847993,2.4,1425160,2.5,-117341,-13.6,51,6.8
"20000","5","6219","56","0","2023","1","",154,2023,2009,2070,33345820,18054746,255156,1261,"",0.98,0.63,0.63,0.64,0.81,0.58,0.81,1.28,"",11,7.7,217,12.0,168,9.1,236,12.9,4638059,16.2,2717540,17.7,16351,6.8,52,4.3
"20000","5","62191","57","0","2023","1","",34,737,724,784,11955459,7886091,98440,1229,"",0.73,0.48,0.47,0.51,0.71,0.52,0.70,1.46,"",0,0.0,40,5.7,16,2.3,57,7.8,1365733,12.9,413372,5.5,20872,26.9,83,7.2
"20000","5","621910","58","0","2023","1","",34,737,724,784,11955459,7886091,98440,1229,"",0.73,0.48,0.47,0.51,0.71,0.52,0.70,1.46,"",0,0.0,40,5.7,16,2.3,57,7.8,1365733,12.9,413372,5.5,20872,26.9,83,7.2
"20000","5","62199","57","0","2023","1","",120,1286,1285,1286,21390361,10168655,156716,1280,"",1.08,0.77,0.77,0.77,0.88,0.64,0.90,1.15,"",11,10.1,177,16.0,152,13.4,179,16.2,3272326,18.1,2304168,29.3,-4521,-2.8,32,2.6
"20000","5","621991","58","0","2023","1","",15,815,814,808,11849857,4830826,57776,1122,"",0.79,0.99,0.99,0.99,1.21,0.79,0.99,1.22,"",-2,-11.8,126,18.3,112,16.0,119,17.3,2610143,28.2,1553940,47.4,8196,16.5,97,9.5
"20000","5","621999","58","0","2023","1","",105,471,471,478,9540504,5337829,98940,1550,"",1.14,0.55,0.55,0.56,0.66,0.55,0.86,1.19,"",13,14.1,51,12.1,40,9.3,60,14.4,662183,7.5,750228,16.4,-12717,-11.4,-65,-4.0
"20000","5","622","55","0","2023","1","",154,51947,52037,52290,863526818,333097370,1511279,1275,"",1.33,1.08,1.08,1.09,1.13,3.15,1.87,1.05,"",-5,-3.1,182,0.4,273,0.5,486,0.9,57971056,7.2,-2046700,-0.6,-586367,-28.0,78,6.5
"20000","5","6221","56","0","2023","1","",131,49478,49544,49734,829120436,312568525,1284794,1286,"",1.54,1.11,1.11,1.11,1.17,3.64,1.99,1.05,"",-6,-4.4,180,0.4,238,0.5,432,0.9,53658621,6.9,-4373854,-1.4,-577527,-31.0,76,6.3
"20000","5","62211","57","0","2023","1","",131,49478,49544,49734,829120436,312568525,1284794,1286,"",1.54,1.11,1.11,1.11,1.17,3.64,1.99,1.05,"",-6,-4.4,180,0.4,238,0.5,432,0.9,53658621,6.9,-4373854,-1.4,-577527,-31.0,76,6.3
"20000","5","622110","58","0","2023","1","",131,49478,49544,49734,829120436,312568525,1284794,1286,"",1.54,1.11,1.11,1.11,1.17,3.64,1.99,1.05,"",-6,-4.4,180,0.4,238,0.5,432,0.9,53658621,6.9,-4373854,-1.4,-577527,-31.0,76,6.3
"20000","5","6222","56","0","2023","1","",11,1039,1053,1060,13560116,6543990,96021,993,"",0.92,0.91,0.92,0.92,0.96,0.72,1.17,1.05,"",-1,-8.3,-129,-11.0,-110,-9.5,-108,-9.2,1187377,9.6,638885,10.8,-18390,-16.1,177,21.7
"20000","5","62221","57","0","2023","1","",11,1039,1053,1060,13560116,6543990,96021,993,"",0.92,0.91,0.92,0.92,0.96,0.72,1.17,1.05,"",-1,-8.3,-129,-11.0,-110,-9.5,-108,-9.2,1187377,9.6,638885,10.8,-18390,-16.1,177,21.7
"20000","5","622210","58","0","2023","1","",11,1039,1053,1060,13560116,6543990,96021,993,"",0.92,0.91,0.92,0.92,0.96,0.72,1.17,1.05,"",-1,-8.3,-129,-11.0,-110,-9.5,-108,-9.2,1187377,9.6,638885,10.8,-18390,-16.1,177,21.7
"20000","5","6223","56","0","2023","1","",12,1430,1440,1496,20846266,13984855,130464,1102,"",0.64,0.62,0.62,0.64,0.57,1.29,1.58,0.92,"",2,20.0,131,10.1,145,11.2,162,12.1,3125058,17.6,1688269,13.7,9550,7.9,61,5.9
"20000","5","62231","57","0","2023","1","",12,1430,1440,1496,20846266,13984855,130464,1102,"",0.64,0.62,0.62,0.64,0.57,1.29,1.58,0.92,"",2,20.0,131,10.1,145,11.2,162,12.1,3125058,17.6,1688269,13.7,9550,7.9,61,5.9
"20000","5","622310","58","0","2023","1","",12,1430,1440,1496,20846266,13984855,130464,1102,"",0.64,0.62,0.62,0.64,0.57,1.29,1.58,0.92,"",2,20.0,131,10.1,145,11.2,162,12.1,3125058,17.6,1688269,13.7,9550,7.9,61,5.9
"20000","5","623","55","0","2023","1","",740,34945,34851,34719,324991589,201296674,2273857,718,"",1.02,1.23,1.22,1.21,1.33,0.98,1.13,1.09,"",-12,-1.6,1144,3.4,1192,3.5,924,2.7,33696560,11.6,15582540,8.4,-448417,-16.5,54,8.1
"20000","5","6231","56","0","2023","1","",285,15984,15907,15905,154440389,107693280,1220417,746,"",1.78,1.25,1.24,1.24,1.31,1.01,1.21,1.05,"",2,0.7,640,4.2,569,3.7,485,3.1,17380976,12.7,9822647,10.0,-200660,-14.1,60,8.7
"20000","5","62311","57","0","2023","1","",285,15984,15907,15905,154440389,107693280,1220417,746,"",1.78,1.25,1.24,1.24,1.31,1.01,1.21,1.05,"",2,0.7,640,4.2,569,3.7,485,3.1,17380976,12.7,9822647,10.0,-200660,-14.1,60,8.7
"20000","5","623110","58","0","2023","1","",285,15984,15907,15905,154440389,107693280,1220417,746,"",1.78,1.25,1.24,1.24,1.31,1.01,1.21,1.05,"",2,0.7,640,4.2,569,3.7,485,3.1,17380976,12.7,9822647,10.0,-200660,-14.1,60,8.7
"20000","5","6232","56","0","2023","1","",107,3697,3668,3651,36810673,17359984,120647,771,"",0.39,0.64,0.64,0.63,0.73,0.56,0.37,1.14,"",-4,-3.6,338,10.1,297,8.8,317,9.5,6831965,22.8,1337741,8.3,-29271,-19.5,84,12.2
"20000","5","62321","57","0","2023","1","",73,2761,2757,2733,25714508,6900817,40980,719,"",0.37,0.79,0.79,0.78,0.89,0.42,0.28,1.14,"",-5,-6.4,333,13.7,317,13.0,323,13.4,6055554,30.8,744010,12.1,-21197,-34.1,96,15.4
"20000","5","623210","58","0","2023","1","",73,2761,2757,2733,25714508,6900817,40980,719,"",0.37,0.79,0.79,0.78,0.89,0.42,0.28,1.14,"",-5,-6.4,333,13.7,317,13.0,323,13.4,6055554,30.8,744010,12.1,-21197,-34.1,96,15.4
"20000","5","62322","57","0","2023","1","",34,936,911,918,11096165,10459167,79667,926,"",0.43,0.42,0.40,0.40,0.51,0.72,0.44,1.25,"",1,3.0,5,0.5,-20,-2.1,-6,-0.6,776411,7.5,593731,6.0,-8074,-9.2,71,8.3
"20000","5","623220","58","0","2023","1","",34,936,911,918,11096165,10459167,79667,926,"",0.43,0.42,0.40,0.40,0.51,0.72,0.44,1.25,"",1,3.0,5,0.5,-20,-2.1,-6,-0.6,776411,7.5,593731,6.0,-8074,-9.2,71,8.3
"20000","5","6233","56","0","2023","1","",287,13889,13915,13808,120463293,68519279,781975,668,"",1.23,1.63,1.63,1.61,1.87,1.16,1.31,1.16,"",-10,-3.4,143,1.0,320,2.4,95,0.7,8189473,7.3,3584716,5.5,-198363,-20.2,37,5.9
"20000","5","62331","57","0","2023","1","",287,13889,13915,13808,120463293,68519279,781975,668,"",1.23,1.63,1.63,1.61,1.87,1.16,1.31,1.16,"",-10,-3.4,143,1.0,320,2.4,95,0.7,8189473,7.3,3584716,5.5,-198363,-20.2,37,5.9
"20000","5","623311","58","0","2023","1","",163,10483,10549,10535,91944255,43800317,599123,672,"",2.79,2.47,2.48,2.46,2.75,1.77,2.62,1.11,"",-4,-2.4,393,3.9,626,6.3,577,5.8,8843836,10.6,4698846,12.0,-119146,-16.6,32,5.0
"20000","5","623312","58","0","2023","1","",124,3406,3366,3273,28519038,24718962,182852,655,"",0.71,0.80,0.78,0.76,0.93,0.72,0.49,1.19,"",-6,-4.6,-250,-6.8,-306,-8.3,-482,-12.8,-654363,-2.2,-1114130,-4.3,-79217,-30.2,48,7.9
"20000","5","6239","56","0","2023","1","",61,1375,1361,1355,13277234,7724131,150818,749,"",1.03,0.96,0.95,0.94,1.06,0.97,1.77,1.12,"",0,0.0,23,1.7,6,0.4,27,2.0,1294146,10.8,837436,12.2,-20123,-11.8,64,9.3
"20000","5","62399","57","0","2023","1","",61,1375,1361,1355,13277234,7724131,150818,749,"",1.03,0.96,0.95,0.94,1.06,0.97,1.77,1.12,"",0,0.0,23,1.7,6,0.4,27,2.0,1294146,10.8,837436,12.2,-20123,-11.8,64,9.3
"20000","5","623990","58","0","2023","1","",61,1375,1361,1355,13277234,7724131,150818,749,"",1.03,0.96,0.95,0.94,1.06,0.97,1.77,1.12,"",0,0.0,23,1.7,6,0.4,27,2.0,1294146,10.8,837436,12.2,-20123,-11.8,64,9.3
"20000","5","624","55","0","2023","1","",4069,37486,37642,37587,255030289,169306236,2157027,522,"",0.46,0.94,0.94,0.94,1.00,0.69,0.68,1.07,"",347,9.3,2236,6.3,2393,6.8,2422,6.9,45752412,21.9,29505176,21.1,-170130,-7.3,65,14.2
"20000","5","6241","56","0","2023","1","",3390,25992,26102,26029,173056064,113026558,1533465,511,"",0.42,0.98,0.98,0.97,1.06,0.71,0.70,1.09,"",342,11.2,1179,4.8,1294,5.2,1397,5.7,29914493,20.9,18479257,19.5,-132312,-7.9,66,14.8
"20000","5","62411","57","0","2023","1","",175,3298,3355,3365,33196738,13701562,131553,765,"",1.60,1.66,1.66,1.66,1.96,1.28,1.02,1.18,"",26,17.4,201,6.5,223,7.1,266,8.6,5163393,18.4,1989188,17.0,-62255,-32.1,71,10.2
"20000","5","624110","58","0","2023","1","",175,3298,3355,3365,33196738,13701562,131553,765,"",1.60,1.66,1.66,1.66,1.96,1.28,1.02,1.18,"",26,17.4,201,6.5,223,7.1,266,8.6,5163393,18.4,1989188,17.0,-62255,-32.1,71,10.2
"20000","5","62412","57","0","2023","1","",2951,19663,19721,19651,107404971,79927094,1052132,420,"",0.39,0.98,0.98,0.98,1.04,0.68,0.64,1.07,"",298,11.2,856,4.6,884,4.7,950,5.1,21146587,24.5,15121958,23.3,2625,0.3,67,19.0
"20000","5","624120","58","0","2023","1","",2951,19663,19721,19651,107404971,79927094,1052132,420,"",0.39,0.98,0.98,0.98,1.04,0.68,0.64,1.07,"",298,11.2,856,4.6,884,4.7,950,5.1,21146587,24.5,15121958,23.3,2625,0.3,67,19.0
"20000","5","62419","57","0","2023","1","",264,3031,3026,3013,32454355,19397902,349780,826,"",0.78,0.67,0.67,0.66,0.76,0.63,0.83,1.14,"",18,7.3,122,4.2,187,6.6,181,6.4,3604513,12.5,1368111,7.6,-72682,-17.2,50,6.4
"20000","5","624190","58","0","2023","1","",264,3031,3026,3013,32454355,19397902,349780,826,"",0.78,0.67,0.67,0.66,0.76,0.63,0.83,1.14,"",18,7.3,122,4.2,187,6.6,181,6.4,3604513,12.5,1368111,7.6,-72682,-17.2,50,6.4
"20000","5","6242","56","0","2023","1","",125,1383,1391,1416,13181104,9732039,126943,726,"",1.09,0.70,0.70,0.71,0.66,0.75,0.73,0.94,"",-3,-2.3,125,9.9,103,8.0,93,7.0,2071329,18.6,1590131,19.5,-7731,-5.7,63,9.5
"20000","5","62421","57","0","2023","1","",36,176,176,183,1012291,893941,8463,437,"",1.12,0.41,0.41,0.42,0.26,0.31,0.25,0.63,"",-1,-2.7,-1,-0.6,1,0.6,5,2.8,92659,10.1,71408,8.7,-212,-2.4,37,9.2
"20000","5","624210","58","0","2023","1","",36,176,176,183,1012291,893941,8463,437,"",1.12,0.41,0.41,0.42,0.26,0.31,0.25,0.63,"",-1,-2.7,-1,-0.6,1,0.6,5,2.8,92659,10.1,71408,8.7,-212,-2.4,37,9.2
"20000","5","62422","57","0","2023","1","",62,920,931,943,8913909,7509622,100486,736,"",1.01,0.75,0.75,0.76,0.75,0.91,0.88,0.99,"",0,0.0,56,6.5,56,6.4,62,7.0,1269074,16.6,908245,13.8,-12615,-11.2,63,9.4
"20000","5","624221","58","0","2023","1","",40,703,710,722,6034952,5469045,70481,652,"",1.19,0.88,0.88,0.89,0.86,1.12,1.07,0.97,"",-1,-2.4,27,4.0,35,5.2,42,6.2,861728,16.7,592336,12.1,-13589,-16.2,64,10.9
"20000","5","624229","58","0","2023","1","",22,217,221,221,2878957,2040577,30005,1008,"",0.79,0.51,0.52,0.52,0.59,0.61,0.62,1.14,"",1,4.8,29,15.4,21,10.5,20,10.0,407346,16.5,315909,18.3,974,3.4,40,4.1
"20000","5","62423","57","0","2023","1","",27,287,284,290,3254904,1328476,17994,872,"",1.31,0.88,0.87,0.88,0.79,0.68,0.69,0.90,"",-2,-6.9,70,32.3,46,19.3,26,9.8,709596,27.9,610478,85.0,5096,39.5,55,6.7
"20000","5","624230","58","0","2023","1","",27,287,284,290,3254904,1328476,17994,872,"",1.31,0.88,0.87,0.88,0.79,0.68,0.69,0.90,"",-2,-6.9,70,32.3,46,19.3,26,9.8,709596,27.9,610478,85.0,5096,39.5,55,6.7
"20000","5","6243","56","0","2023","1","",85,3205,3227,3151,26897464,7579017,35719,648,"",1.10,1.26,1.26,1.22,1.43,0.76,0.34,1.15,"",0,0.0,365,12.9,415,14.8,336,11.9,5411008,25.2,1444124,23.5,-15867,-30.8,62,10.6
"20000","5","62431","57","0","2023","1","",85,3205,3227,3151,26897464,7579017,35719,648,"",1.10,1.26,1.26,1.22,1.43,0.76,0.34,1.15,"",0,0.0,365,12.9,415,14.8,336,11.9,5411008,25.2,1444124,23.5,-15867,-30.8,62,10.6
"20000","5","624310","58","0","2023","1","",85,3205,3227,3151,26897464,7579017,35719,648,"",1.10,1.26,1.26,1.22,1.43,0.76,0.34,1.15,"",0,0.0,365,12.9,415,14.8,336,11.9,5411008,25.2,1444124,23.5,-15867,-30.8,62,10.6
"20000","5","6244","56","0","2023","1","",469,6906,6922,6991,41895657,38968622,460900,464,"",0.75,0.80,0.79,0.80,0.79,0.61,0.65,1.00,"",8,1.7,567,8.9,581,9.2,596,9.3,8355582,24.9,7991664,25.8,-14220,-3.0,58,14.3
"20000","5","62441","57","0","2023","1","",469,6906,6922,6991,41895657,38968622,460900,464,"",0.75,0.80,0.79,0.80,0.79,0.61,0.65,1.00,"",8,1.7,567,8.9,581,9.2,596,9.3,8355582,24.9,7991664,25.8,-14220,-3.0,58,14.3
"20000","5","624410","58","0","2023","1","",469,6906,6922,6991,41895657,38968622,460900,464,"",0.75,0.80,0.79,0.80,0.79,0.61,0.65,1.00,"",8,1.7,567,8.9,581,9.2,596,9.3,8355582,24.9,7991664,25.8,-14220,-3.0,58,14.3
"20000","5","71","54","0","2023","1","",954,14929,15444,15998,104570228,77942052,742337,520,"",0.66,0.74,0.75,0.75,0.54,0.55,0.42,0.72,"",26,2.8,1333,9.8,1467,10.5,1312,8.9,18461009,21.4,11251301,16.9,-143018,-16.2,50,10.6
"20000","5","711","55","0","2023","1","",250,1558,1842,2082,21193487,10640142,139397,892,"",0.41,0.37,0.41,0.44,0.23,0.27,0.23,0.57,"",15,6.4,173,12.5,318,20.9,395,23.4,5383233,34.0,1546697,17.0,-17078,-10.9,98,12.3
"20000","5","7111","56","0","2023","1","",39,501,569,510,3065111,2540441,19488,448,"",0.39,0.47,0.48,0.43,0.27,0.29,0.10,0.59,"",-3,-7.1,69,16.0,80,16.4,22,4.5,308391,11.2,227932,9.9,-17424,-47.2,-4,-0.9
"20000","5","71111","57","0","2023","1","",17,430,482,411,2453888,2020214,11657,428,"",0.52,0.74,0.77,0.64,0.44,0.41,0.11,0.61,"",1,6.2,53,14.1,57,13.4,11,2.8,248847,11.3,166105,9.0,-12589,-51.9,5,1.2
"20000","5","711110","58","0","2023","1","",17,430,482,411,2453888,2020214,11657,428,"",0.52,0.74,0.77,0.64,0.44,0.41,0.11,0.61,"",1,6.2,53,14.1,57,13.4,11,2.8,248847,11.3,166105,9.0,-12589,-51.9,5,1.2
"20000","5","71112","57","0","2023","1","N",5,0,0,0,0,0,0,0,"N",0.44,0,0,0,0,0,0,0,"N",1,25.0,0,0,0,0,0,0,0,0,0,0,0,0,0,0
"20000","5","711120","58","0","2023","1","N",5,0,0,0,0,0,0,0,"N",0.44,0,0,0,0,0,0,0,"N",1,25.0,0,0,0,0,0,0,0,0,0,0,0,0,0,0
"20000","5","71113","57","0","2023","1","",15,57,71,84,521094,446151,6576,567,"",0.32,0.19,0.21,0.25,0.14,0.21,0.17,0.66,"",-5,-25.0,17,42.5,23,47.9,18,27.3,46443,9.8,55065,14.1,-4838,-42.4,-144,-20.3
"20000","5","711130","58","0","2023","1","",15,57,71,84,521094,446151,6576,567,"",0.32,0.19,0.21,0.25,0.14,0.21,0.17,0.66,"",-5,-25.0,17,42.5,23,47.9,18,27.3,46443,9.8,55065,14.1,-4838,-42.4,-144,-20.3
"20000","5","71119","57","0","2023","1","N",2,0,0,0,0,0,0,0,"N",0.20,0,0,0,0,0,0,0,"N",0,0.0,0,0,0,0,0,0,0,0,0,0,0,0,0,0
"20000","5","711190","58","0","2023","1","N",2,0,0,0,0,0,0,0,"N",0.20,0,0,0,0,0,0,0,"N",0,0.0,0,0,0,0,0,0,0,0,0,0,0,0,0,0
"20000","5","7112","56","0","2023","1","",51,223,248,346,10025105,2684467,49624,2832,"",0.77,0.19,0.21,0.26,0.21,0.22,0.39,0.94,"",4,8.5,2,0.9,25,11.2,115,49.8,3321371,49.5,420291,18.6,17553,54.7,540,23.6
"20000","5","71121","57","0","2023","1","",51,223,248,346,10025105,2684467,49624,2832,"",0.77,0.19,0.21,0.26,0.21,0.22,0.39,0.94,"",4,8.5,2,0.9,25,11.2,115,49.8,3321371,49.5,420291,18.6,17553,54.7,540,23.6
"20000","5","711211","58","0","2023","1","",27,157,176,243,8315208,2095690,45314,3331,"",1.00,0.20,0.22,0.27,0.19,0.25,0.51,0.84,"",5,22.7,18,12.9,36,25.7,103,73.6,2894423,53.4,535970,34.4,19819,77.7,345,11.6
"20000","5","711212","58","0","2023","1","",6,33,39,72,604174,297806,1738,968,"",0.96,0.18,0.20,0.34,0.24,0.18,0.09,1.00,"",0,0.0,-2,-5.7,1,2.6,27,60.0,-239,0.0,-11926,-3.9,-452,-20.6,-214,-18.1
"20000","5","711219","58","0","2023","1","",18,33,33,31,1105723,290971,2572,2631,"",0.55,0.18,0.17,0.16,0.47,0.13,0.15,2.75,"",-1,-5.3,-14,-29.8,-12,-26.7,-15,-32.6,427187,63.0,-103753,-26.3,-1814,-41.4,1496,131.8
"20000","5","7113","56","0","2023","1","",84,663,805,1054,6511429,4319511,54697,596,"",0.97,0.52,0.61,0.75,0.43,0.42,0.35,0.68,"",8,10.5,59,9.8,145,22.0,250,31.1,1605431,32.7,799233,22.7,-15248,-21.8,49,9.0
"20000","5","71131","57","0","2023","1","",31,402,512,755,3872828,2451038,29966,535,"",0.85,0.41,0.51,0.70,0.37,0.35,0.26,0.67,"",2,6.9,25,6.6,67,15.1,166,28.2,825070,27.1,363210,17.4,-12327,-29.1,37,7.4
"20000","5","711310","58","0","2023","1","",31,402,512,755,3872828,2451038,29966,535,"",0.85,0.41,0.51,0.70,0.37,0.35,0.26,0.67,"",2,6.9,25,6.6,67,15.1,166,28.2,825070,27.1,363210,17.4,-12327,-29.1,37,7.4
"20000","5","71132","57","0","2023","1","",53,261,293,299,2638601,1868473,24731,714,"",1.07,0.89,0.94,0.91,0.57,0.58,0.57,0.63,"",6,12.8,34,15.0,78,36.3,84,39.1,780361,42.0,436023,30.4,-2921,-10.6,61,9.3
"20000","5","711320","58","0","2023","1","",53,261,293,299,2638601,1868473,24731,714,"",1.07,0.89,0.94,0.91,0.57,0.58,0.57,0.63,"",6,12.8,34,15.0,78,36.3,84,39.1,780361,42.0,436023,30.4,-2921,-10.6,61,9.3
"20000","5","7114","56","0","2023","1","",17,57,81,37,427458,278039,4651,564,"",0.32,0.22,0.29,0.13,0.06,0.10,0.10,0.29,"",4,30.8,35,159.1,52,179.3,5,15.6,17966,4.4,33385,13.6,802,20.8,-575,-50.5
"20000","5","71141","57","0","2023","1","",17,57,81,37,427458,278039,4651,564,"",0.32,0.22,0.29,0.13,0.06,0.10,0.10,0.29,"",4,30.8,35,159.1,52,179.3,5,15.6,17966,4.4,33385,13.6,802,20.8,-575,-50.5
"20000","5","711410","58","0","2023","1","",17,57,81,37,427458,278039,4651,564,"",0.32,0.22,0.29,0.13,0.06,0.10,0.10,0.29,"",4,30.8,35,159.1,52,179.3,5,15.6,17966,4.4,33385,13.6,802,20.8,-575,-50.5
"20000","5","7115","56","0","2023","1","",59,114,139,135,1164384,817684,10937,693,"",0.19,0.23,0.27,0.25,0.11,0.16,0.14,0.43,"",2,3.5,8,7.5,16,13.0,3,2.3,130074,12.6,65856,8.8,-2761,-20.2,32,4.8
"20000","5","71151","57","0","2023","1","",59,114,139,135,1164384,817684,10937,693,"",0.19,0.23,0.27,0.25,0.11,0.16,0.14,0.43,"",2,3.5,8,7.5,16,13.0,3,2.3,130074,12.6,65856,8.8,-2761,-20.2,32,4.8
"20000","5","711510","58","0","2023","1","",59,114,139,135,1164384,817684,10937,693,"",0.19,0.23,0.27,0.25,0.11,0.16,0.14,0.43,"",2,3.5,8,7.5,16,13.0,3,2.3,130074,12.6,65856,8.8,-2761,-20.2,32,4.8
"20000","5","712","55","0","2023","1","",58,738,787,838,5091153,4533008,30558,497,"",0.94,0.52,0.55,0.56,0.38,0.65,0.43,0.71,"",3,5.5,98,15.3,89,12.8,101,13.7,776186,18.0,588281,14.9,-12082,-28.3,17,3.5
"20000","5","7121","56","0","2023","1","",58,738,787,838,5091153,4533008,30558,497,"",0.94,0.52,0.55,0.56,0.38,0.65,0.43,0.71,"",3,5.5,98,15.3,89,12.8,101,13.7,776186,18.0,588281,14.9,-12082,-28.3,17,3.5
"20000","5","71211","57","0","2023","1","",49,465,468,471,3065219,2646898,16708,504,"",1.18,0.56,0.55,0.54,0.37,0.65,0.36,0.68,"",2,4.3,96,26.0,57,13.9,64,15.7,573860,23.0,441710,20.0,-7328,-30.5,20,4.1
"20000","5","712110","58","0","2023","1","",49,465,468,471,3065219,2646898,16708,504,"",1.18,0.56,0.55,0.54,0.37,0.65,0.36,0.68,"",2,4.3,96,26.0,57,13.9,64,15.7,573860,23.0,441710,20.0,-7328,-30.5,20,4.1
"20000","5","71212","57","0","2023","1","N",1,0,0,0,0,0,0,0,"N",0.18,0,0,0,0,0,0,0,"N",0,0.0,0,0,0,0,0,0,0,0,0,0,0,0,0,0
"20000","5","712120","58","0","2023","1","N",1,0,0,0,0,0,0,0,"N",0.18,0,0,0,0,0,0,0,"N",0,0.0,0,0,0,0,0,0,0,0,0,0,0,0,0,0
"20000","5","71213","57","0","2023","1","",5,226,268,312,1746943,1632689,12492,500,"",0.70,0.60,0.72,0.79,0.52,1.01,0.94,0.74,"",0,0.0,-1,-0.4,27,11.2,30,10.6,143642,9.0,109832,7.2,-4321,-25.7,7,1.4
"20000","5","712130","58","0","2023","1","",5,226,268,312,1746943,1632689,12492,500,"",0.70,0.60,0.72,0.79,0.52,1.01,0.94,0.74,"",0,0.0,-1,-0.4,27,11.2,30,10.6,143642,9.0,109832,7.2,-4321,-25.7,7,1.4
"20000","5","71219","57","0","2023","1","N",3,0,0,0,0,0,0,0,"N",0.41,0,0,0,0,0,0,0,"N",1,50.0,0,0,0,0,0,0,0,0,0,0,0,0,0,0
"20000","5","712190","58","0","2023","1","N",3,0,0,0,0,0,0,0,"N",0.41,0,0,0,0,0,0,0,"N",1,50.0,0,0,0,0,0,0,0,0,0,0,0,0,0,0
"20000","5","713","55","0","2023","1","",646,12633,12815,13078,78285588,62768902,572382,469,"",0.84,0.87,0.87,0.87,0.88,0.66,0.52,1.00,"",8,1.3,1062,9.2,1060,9.0,816,6.7,12301590,18.6,9116323,17.0,-113858,-16.6,41,9.6
"20000","5","7131","56","0","2023","1","",19,228,233,269,1035029,909092,15023,327,"",0.59,0.13,0.13,0.14,0.08,0.07,0.18,0.58,"",0,0.0,-57,-20.0,-48,-17.1,-55,-17.0,16597,1.6,-58541,-6.0,-8179,-35.3,63,23.9
"20000","5","71311","57","0","2023","1","N",8,0,0,0,0,0,0,0,"N",0.79,0,0,0,0,0,0,0,"N",0,0.0,0,0,0,0,0,0,0,0,0,0,0,0,0,0
"20000","5","713110","58","0","2023","1","N",8,0,0,0,0,0,0,0,"N",0.79,0,0,0,0,0,0,0,"N",0,0.0,0,0,0,0,0,0,0,0,0,0,0,0,0,0
"20000","5","71312","57","0","2023","1","N",11,0,0,0,0,0,0,0,"N",0.50,0,0,0,0,0,0,0,"N",0,0.0,0,0,0,0,0,0,0,0,0,0,0,0,0,0
"20000","5","713120","58","0","2023","1","N",11,0,0,0,0,0,0,0,"N",0.50,0,0,0,0,0,0,0,"N",0,0.0,0,0,0,0,0,0,0,0,0,0,0,0,0,0
"20000","5","7132","56","0","2023","1","",16,1714,1698,1699,19228389,16225073,99091,868,"",0.47,1.64,1.62,1.61,1.78,1.49,0.67,1.10,"",1,6.7,183,12.0,149,9.6,88,5.5,1823571,10.5,1916863,13.4,-58221,-37.0,12,1.4
"20000","5","71321","57","0","2023","1","",6,1681,1665,1667,18620043,15903237,93654,857,"",1.69,2.89,2.84,2.83,3.26,2.62,1.13,1.14,"",0,0.0,170,11.3,137,9.0,75,4.7,1430200,8.3,1747167,12.3,-60480,-39.2,0,0.0
"20000","5","713210","58","0","2023","1","",6,1681,1665,1667,18620043,15903237,93654,857,"",1.69,2.89,2.84,2.83,3.26,2.62,1.13,1.14,"",0,0.0,170,11.3,137,9.0,75,4.7,1430200,8.3,1747167,12.3,-60480,-39.2,0,0.0
"20000","5","71329","57","0","2023","1","",10,33,33,32,608346,321836,5437,1433,"",0.33,0.07,0.07,0.07,0.12,0.07,0.08,1.70,"",1,11.1,13,65.0,12,57.1,13,68.4,393371,183.0,169696,111.5,2259,71.1,606,73.3
"20000","5","713290","58","0","2023","1","",10,33,33,32,608346,321836,5437,1433,"",0.33,0.07,0.07,0.07,0.12,0.07,0.08,1.70,"",1,11.1,13,65.0,12,57.1,13,68.4,393371,183.0,169696,111.5,2259,71.1,606,73.3
"20000","5","7139","56","0","2023","1","",611,10691,10884,11110,58022170,45634737,458268,410,"",0.87,0.91,0.92,0.92,0.88,0.63,0.52,0.96,"",7,1.2,936,9.6,959,9.7,783,7.6,10461422,22.0,7258001,18.9,-47458,-9.4,44,12.0
"20000","5","71391","57","0","2023","1","",116,2780,2896,3105,20762518,16821438,148748,546,"",1.30,0.99,1.02,1.03,0.97,0.76,0.49,0.96,"",-2,-1.7,273,10.9,297,11.4,257,9.0,3457841,20.0,2760403,19.6,-2658,-1.8,44,8.8
"20000","5","713910","58","0","2023","1","",116,2780,2896,3105,20762518,16821438,148748,546,"",1.30,0.99,1.02,1.03,0.97,0.76,0.49,0.96,"",-2,-1.7,273,10.9,297,11.4,257,9.0,3457841,20.0,2760403,19.6,-2658,-1.8,44,8.8
"20000","5","71393","57","0","2023","1","",15,55,54,62,520857,459567,7904,703,"",0.46,0.19,0.18,0.20,0.18,0.16,0.22,0.96,"",-1,-6.2,0,0.0,2,3.8,3,5.1,8474,1.7,-3514,-0.8,-1225,-13.4,-9,-1.3
"20000","5","713930","58","0","2023","1","",15,55,54,62,520857,459567,7904,703,"",0.46,0.19,0.18,0.20,0.18,0.16,0.22,0.96,"",-1,-6.2,0,0.0,2,3.8,3,5.1,8474,1.7,-3514,-0.8,-1225,-13.4,-9,-1.3
"20000","5","71394","57","0","2023","1","",282,5556,5555,5579,23777894,17085577,187003,329,"",0.79,1.04,1.03,1.02,1.03,0.67,0.66,1.00,"",-2,-0.7,371,7.2,318,6.1,327,6.2,4233928,21.7,2658106,18.4,-16367,-8.0,41,14.2
"20000","5","713940","58","0","2023","1","",282,5556,5555,5579,23777894,17085577,187003,329,"",0.79,1.04,1.03,1.02,1.03,0.67,0.66,1.00,"",-2,-0.7,371,7.2,318,6.1,327,6.2,4233928,21.7,2658106,18.4,-16367,-8.0,41,14.2
"20000","5","71395","57","0","2023","1","",40,850,877,894,3966618,3745029,32141,349,"",1.44,1.31,1.33,1.34,1.20,0.90,0.80,0.91,"",-4,-9.1,-156,-15.5,-153,-14.9,-143,-13.8,-458427,-10.4,-525856,-12.3,-19334,-37.6,17,5.1
"20000","5","713950","58","0","2023","1","",40,850,877,894,3966618,3745029,32141,349,"",1.44,1.31,1.33,1.34,1.20,0.90,0.80,0.91,"",-4,-9.1,-156,-15.5,-153,-14.9,-143,-13.8,-458427,-10.4,-525856,-12.3,-19334,-37.6,17,5.1
"20000","5","71399","57","0","2023","1","",158,1450,1502,1470,8994283,7523126,82472,469,"",0.81,0.80,0.80,0.76,0.85,0.65,0.64,1.08,"",16,11.3,448,44.7,495,49.2,339,30.0,3219606,55.8,2368862,46.0,-7874,-8.7,45,10.6
"20000","5","713990","58","0","2023","1","",158,1450,1502,1470,8994283,7523126,82472,469,"",0.81,0.80,0.80,0.76,0.85,0.65,0.64,1.08,"",16,11.3,448,44.7,495,49.2,339,30.0,3219606,55.8,2368862,46.0,-7874,-8.7,45,10.6
"20000","5","72","54","0","2023","1","",6096,111682,113013,114652,595773564,558592084,5845594,405,"",0.97,0.90,0.90,0.90,0.85,0.64,0.65,0.95,"",81,1.3,5389,5.1,5101,4.7,5941,5.5,79635550,15.4,70896134,14.5,-368547,-5.9,36,9.8
"20000","5","721","55","0","2023","1","",700,9349,9414,9567,63176302,55921633,611662,515,"",1.12,0.57,0.57,0.57,0.45,0.36,0.35,0.79,"",-7,-1.0,599,6.8,640,7.3,602,6.7,11242381,21.6,9059444,19.3,-83041,-12.0,63,13.9
"20000","5","7211","56","0","2023","1","",614,9056,9099,9252,60830515,53897560,584925,512,"",1.13,0.57,0.57,0.57,0.45,0.36,0.34,0.78,"",-12,-1.9,597,7.1,647,7.7,618,7.2,10948582,21.9,8892730,19.8,-74230,-11.3,61,13.5
"20000","5","72111","57","0","2023","1","",594,8955,8997,9156,60482438,53559124,580846,515,"",1.20,0.67,0.67,0.67,0.54,0.45,0.40,0.81,"",-16,-2.6,561,6.7,620,7.4,600,7.0,10870353,21.9,8800871,19.7,-75079,-11.4,63,13.9
"20000","5","721110","58","0","2023","1","",594,8955,8997,9156,60482438,53559124,580846,515,"",1.20,0.67,0.67,0.67,0.54,0.45,0.40,0.81,"",-16,-2.6,561,6.7,620,7.4,600,7.0,10870353,21.9,8800871,19.7,-75079,-11.4,63,13.9
"20000","5","72112","57","0","2023","1","N",1,0,0,0,0,0,0,0,"N",0.31,0,0,0,0,0,0,0,"N",0,0.0,0,0,0,0,0,0,0,0,0,0,0,0,0,0
"20000","5","721120","58","0","2023","1","N",1,0,0,0,0,0,0,0,"N",0.31,0,0,0,0,0,0,0,"N",0,0.0,0,0,0,0,0,0,0,0,0,0,0,0,0,0
"20000","5","72119","57","0","2023","1","N",19,0,0,0,0,0,0,0,"N",0.43,0,0,0,0,0,0,0,"N",4,26.7,0,0,0,0,0,0,0,0,0,0,0,0,0,0
"20000","5","721191","58","0","2023","1","",14,69,72,67,243365,240965,2421,270,"",0.70,0.59,0.61,0.56,0.35,0.29,0.23,0.60,"",1,7.7,17,32.7,15,26.3,7,11.7,45697,23.1,44497,22.6,-33,-1.3,0,0.0
"20000","5","721199","58","0","2023","1","N",5,0,0,0,0,0,0,0,"N",0.21,0,0,0,0,0,0,0,"N",3,150.0,0,0,0,0,0,0,0,0,0,0,0,0,0,0
"20000","5","7212","56","0","2023","1","",33,162,167,173,1424816,1186823,13391,655,"",0.47,0.37,0.37,0.36,0.44,0.36,0.33,1.19,"",4,13.8,6,3.8,1,0.6,6,3.6,247099,21.0,142722,13.7,-5109,-27.6,99,17.8
"20000","5","72121","57","0","2023","1","",33,162,167,173,1424816,1186823,13391,655,"",0.47,0.37,0.37,0.36,0.44,0.36,0.33,1.19,"",4,13.8,6,3.8,1,0.6,6,3.6,247099,21.0,142722,13.7,-5109,-27.6,99,17.8
"20000","5","721211","58","0","2023","1","",23,61,57,65,317571,317571,5708,400,"",0.52,0.26,0.24,0.26,0.20,0.17,0.23,0.79,"",2,9.5,4,7.0,-6,-9.5,3,4.8,2424,0.8,2424,0.8,-1722,-23.2,0,0.0
"20000","5","721214","58","0","2023","1","",10,101,110,108,1107245,869252,7683,801,"",0.38,0.49,0.51,0.49,0.67,0.60,0.50,1.34,"",2,25.0,2,2.0,7,6.8,3,2.9,244675,28.4,140298,19.2,-3387,-30.6,153,23.6
"20000","5","7213","56","0","2023","1","",53,131,148,142,920971,837250,13346,505,"",3.56,1.41,1.50,1.45,1.35,1.12,1.12,0.93,"",1,1.9,-4,-3.0,-8,-5.1,-22,-13.4,46700,5.3,23992,3.0,-3702,-21.7,62,14.0
"20000","5","72131","57","0","2023","1","",53,131,148,142,920971,837250,13346,505,"",3.56,1.41,1.50,1.45,1.35,1.12,1.12,0.93,"",1,1.9,-4,-3.0,-8,-5.1,-22,-13.4,46700,5.3,23992,3.0,-3702,-21.7,62,14.0
"20000","5","721310","58","0","2023","1","",53,131,148,142,920971,837250,13346,505,"",3.56,1.41,1.50,1.45,1.35,1.12,1.12,0.93,"",1,1.9,-4,-3.0,-8,-5.1,-22,-13.4,46700,5.3,23992,3.0,-3702,-21.7,62,14.0
"20000","5","722","55","0","2023","1","",5396,102333,103599,105085,532597262,502670451,5233932,395,"",0.96,0.95,0.95,0.95,0.95,0.70,0.73,1.00,"",88,1.7,4790,4.9,4461,4.5,5339,5.4,68393169,14.7,61836690,14.0,-285506,-5.2,34,9.4
"20000","5","7223","56","0","2023","1","",337,5033,5416,5554,37906149,33613274,542074,547,"",0.86,0.84,0.85,0.85,0.88,0.66,0.55,1.04,"",16,5.0,516,11.4,603,12.5,627,12.7,7282070,23.8,5654517,20.2,-126823,-19.0,51,10.3
"20000","5","72231","57","0","2023","1","",187,4063,4416,4521,31615937,28068545,467224,561,"",0.93,0.91,0.92,0.94,0.95,0.71,0.57,1.03,"",7,3.9,366,9.9,412,10.3,449,11.0,5873610,22.8,4555712,19.4,-120069,-20.4,56,11.1
"20000","5","722310","58","0","2023","1","",187,4063,4416,4521,31615937,28068545,467224,561,"",0.93,0.91,0.92,0.94,0.95,0.71,0.57,1.03,"",7,3.9,366,9.9,412,10.3,449,11.0,5873610,22.8,4555712,19.4,-120069,-20.4,56,11.1
"20000","5","72232","57","0","2023","1","",80,811,825,839,5327759,4678282,53675,497,"",0.73,0.62,0.62,0.60,0.63,0.48,0.39,1.03,"",-1,-1.2,130,19.1,160,24.1,137,19.5,1108996,26.3,878782,23.1,-12781,-19.2,22,4.6
"20000","5","722320","58","0","2023","1","",80,811,825,839,5327759,4678282,53675,497,"",0.73,0.62,0.62,0.60,0.63,0.48,0.39,1.03,"",-1,-1.2,130,19.1,160,24.1,137,19.5,1108996,26.3,878782,23.1,-12781,-19.2,22,4.6
"20000","5","72233","57","0","2023","1","",70,159,175,194,962453,866447,21175,421,"",0.84,0.58,0.60,0.62,0.63,0.46,0.85,1.06,"",10,16.7,20,14.4,31,21.5,41,26.8,299464,45.2,220023,34.0,6027,39.8,70,19.9
"20000","5","722330","58","0","2023","1","",70,159,175,194,962453,866447,21175,421,"",0.84,0.58,0.60,0.62,0.63,0.46,0.85,1.06,"",10,16.7,20,14.4,31,21.5,41,26.8,299464,45.2,220023,34.0,6027,39.8,70,19.9
"20000","5","7224","56","0","2023","1","",298,3388,3666,3539,13795750,13373736,140638,301,"",0.87,0.92,0.98,0.93,0.73,0.55,0.51,0.78,"",-5,-1.7,338,11.1,264,7.8,198,5.9,1902786,16.0,1823766,15.8,-3668,-2.5,21,7.5
"20000","5","72241","57","0","2023","1","",298,3388,3666,3539,13795750,13373736,140638,301,"",0.87,0.92,0.98,0.93,0.73,0.55,0.51,0.78,"",-5,-1.7,338,11.1,264,7.8,198,5.9,1902786,16.0,1823766,15.8,-3668,-2.5,21,7.5
"20000","5","722410","58","0","2023","1","",298,3388,3666,3539,13795750,13373736,140638,301,"",0.87,0.92,0.98,0.93,0.73,0.55,0.51,0.78,"",-5,-1.7,338,11.1,264,7.8,198,5.9,1902786,16.0,1823766,15.8,-3668,-2.5,21,7.5
"20000","5","7225","56","0","2023","1","",4761,93912,94517,95992,480895363,455683441,4551220,390,"",0.97,0.96,0.96,0.96,0.97,0.71,0.77,1.01,"",77,1.6,3936,4.4,3594,4.0,4514,4.9,59208313,14.0,54358407,13.5,-155015,-3.3,33,9.2
"20000","5","72251","57","0","2023","1","",4761,93912,94517,95992,480895363,455683441,4551220,390,"",0.97,0.96,0.96,0.96,0.97,0.71,0.77,1.01,"",77,1.6,3936,4.4,3594,4.0,4514,4.9,59208313,14.0,54358407,13.5,-155015,-3.3,33,9.2
"20000","5","722511","58","0","2023","1","",2078,43527,43795,44272,243979393,232651804,2334079,428,"",0.99,0.91,0.91,0.91,0.88,0.66,0.69,0.96,"",24,1.2,1713,4.1,1552,3.7,1892,4.5,28906729,13.4,26120884,12.6,-159620,-6.4,35,8.9
"20000","5","722513","58","0","2023","1","",2048,42378,42626,43502,202160427,190120193,1704012,363,"",0.97,1.02,1.02,1.03,1.12,0.79,0.84,1.10,"",22,1.1,1373,3.3,1202,2.9,1737,4.2,23243517,13.0,21558527,12.8,-41265,-2.4,31,9.3
"20000","5","722514","58","0","2023","1","",31,479,478,472,2914863,2779767,13139,471,"",0.72,0.71,0.70,0.68,0.86,0.64,0.35,1.23,"",-3,-8.8,32,7.2,20,4.4,60,14.6,438146,17.7,388095,16.2,-10185,-43.7,37,8.5
"20000","5","722515","58","0","2023","1","",604,7528,7618,7746,31840680,30131677,499990,321,"",0.95,0.91,0.92,0.92,0.88,0.62,1.03,0.96,"",34,6.0,818,12.2,820,12.1,825,11.9,6619921,26.2,6290901,26.4,56055,12.6,36,12.6
"20000","5","81","54","0","2023","1","",6050,34989,35292,35663,398827772,276105168,3574715,869,"",0.85,0.85,0.85,0.85,0.97,0.75,0.89,1.14,"",101,1.7,2066,6.3,2251,6.8,2512,7.6,68963900,20.9,33370382,13.7,-101183,-2.8,101,13.2
"20000","5","811","55","0","2023","1","",2220,13296,13492,13890,182942024,135848139,1993084,1038,"",1.12,1.02,1.03,1.05,1.23,0.93,1.30,1.19,"",34,1.6,921,7.4,1146,9.3,1393,11.1,39749023,27.8,20560622,17.8,126943,6.8,150,16.9
"20000","5","8111","56","0","2023","1","",1501,8753,8781,8769,94833994,79537075,965398,832,"",1.08,0.95,0.95,0.95,1.03,0.82,1.02,1.09,"",11,0.7,430,5.2,464,5.6,383,4.6,15170642,19.0,8875486,12.6,-86005,-8.2,97,13.2
"20000","5","81111","57","0","2023","1","",882,3993,3964,3967,47668758,40028383,471436,923,"",1.13,1.00,0.99,0.99,1.14,0.89,1.11,1.14,"",9,1.0,128,3.3,148,3.9,153,4.0,7409590,18.4,4226719,11.8,-42671,-8.3,115,14.2
"20000","5","811111","58","0","2023","1","",805,3668,3649,3658,43809929,36784925,437844,921,"",1.16,1.03,1.02,1.02,1.16,0.91,1.14,1.14,"",14,1.8,118,3.3,146,4.2,152,4.3,6877716,18.6,3950992,12.0,-42743,-8.9,114,14.1
"20000","5","811114","58","0","2023","1","",77,325,315,309,3858829,3243458,33592,938,"",0.90,0.78,0.76,0.74,0.91,0.71,0.81,1.19,"",-5,-6.1,10,3.2,2,0.6,1,0.3,531874,16.0,275727,9.3,72,0.2,118,14.4
"20000","5","81112","57","0","2023","1","",372,2202,2208,2199,29883007,23582593,277077,1043,"",1.09,0.82,0.82,0.81,0.91,0.74,0.86,1.11,"",-5,-1.3,50,2.3,44,2.0,49,2.3,4674653,18.5,2023065,9.4,-23777,-7.9,143,15.9
"20000","5","811121","58","0","2023","1","",338,2014,2019,2004,27564066,21636899,254575,1054,"",1.17,0.86,0.86,0.85,0.95,0.77,0.91,1.11,"",-5,-1.5,48,2.4,44,2.2,44,2.2,4417231,19.1,1880259,9.5,-19119,-7.0,149,16.5
"20000","5","811122","58","0","2023","1","",34,188,189,195,2318941,1945694,22502,936,"",0.63,0.56,0.55,0.56,0.64,0.51,0.53,1.15,"",0,0.0,2,1.1,0,0.0,5,2.6,257422,12.5,142806,7.9,-4658,-17.2,94,11.2
"20000","5","81119","57","0","2023","1","",247,2558,2609,2603,17282229,15926099,216885,513,"",0.90,1.01,1.02,1.01,1.01,0.79,1.09,0.99,"",7,2.9,252,10.9,272,11.6,181,7.5,3086399,21.7,2625702,19.7,-19557,-8.3,49,10.6
"20000","5","811191","58","0","2023","1","",40,413,415,410,3497765,3331962,33750,652,"",0.64,0.64,0.64,0.63,0.71,0.57,0.61,1.12,"",0,0.0,52,14.4,56,15.6,38,10.2,573324,19.6,524688,18.7,-6610,-16.4,34,5.5
"20000","5","811192","58","0","2023","1","",167,2023,2069,2074,12525957,11582982,164023,469,"",1.09,1.25,1.26,1.25,1.31,1.00,1.43,1.04,"",4,2.5,156,8.4,175,9.2,106,5.4,2037715,19.4,1715687,17.4,-17945,-9.9,47,11.1
"20000","5","811198","58","0","2023","1","",40,122,125,119,1258507,1011155,19112,794,"",0.69,0.47,0.48,0.45,0.49,0.38,0.66,1.05,"",3,8.1,44,56.4,41,48.8,37,45.1,475360,60.7,385327,61.6,4998,35.4,53,7.2
"20000","5","8112","56","0","2023","1","",149,873,909,905,13773233,9658058,126837,1183,"",1.11,0.89,0.93,0.92,0.90,0.78,0.92,0.99,"",5,3.5,33,3.9,73,8.7,86,10.5,2598183,23.2,1203223,14.2,-34255,-21.3,149,14.4
"20000","5","81121","57","0","2023","1","",149,873,909,905,13773233,9658058,126837,1183,"",1.11,0.89,0.93,0.92,0.90,0.78,0.92,0.99,"",5,3.5,33,3.9,73,8.7,86,10.5,2598183,23.2,1203223,14.2,-34255,-21.3,149,14.4
"20000","5","811210","58","0","2023","1","",149,873,909,905,13773233,9658058,126837,1183,"",1.11,0.89,0.93,0.92,0.90,0.78,0.92,0.99,"",5,3.5,33,3.9,73,8.7,86,10.5,2598183,23.2,1203223,14.2,-34255,-21.3,149,14.4
"20000","5","8113","56","0","2023","1","",421,3248,3384,3785,70526544,43268678,852450,1562,"",1.67,1.53,1.56,1.72,2.05,1.50,2.32,1.28,"",19,4.7,435,15.5,589,21.1,891,30.8,21600033,44.1,10145733,30.6,247007,40.8,234,17.6
"20000","5","81131","57","0","2023","1","",421,3248,3384,3785,70526544,43268678,852450,1562,"",1.67,1.53,1.56,1.72,2.05,1.50,2.32,1.28,"",19,4.7,435,15.5,589,21.1,891,30.8,21600033,44.1,10145733,30.6,247007,40.8,234,17.6
"20000","5","811310","58","0","2023","1","",421,3248,3384,3785,70526544,43268678,852450,1562,"",1.67,1.53,1.56,1.72,2.05,1.50,2.32,1.28,"",19,4.7,435,15.5,589,21.1,891,30.8,21600033,44.1,10145733,30.6,247007,40.8,234,17.6
"20000","5","8114","56","0","2023","1","",149,422,418,431,3808253,3384328,48399,691,"",0.74,0.56,0.55,0.56,0.54,0.45,0.60,0.97,"",-1,-0.7,23,5.8,20,5.0,33,8.3,380165,11.1,336180,11.0,196,0.4,29,4.4
"20000","5","81141","57","0","2023","1","",60,141,134,141,1407773,1261418,20175,781,"",0.91,0.53,0.50,0.53,0.54,0.45,0.67,1.03,"",0,0.0,6,4.4,0,0.0,7,5.2,147925,11.7,158117,14.3,3144,18.5,60,8.3
"20000","5","811411","58","0","2023","1","",18,32,32,35,216748,208061,3898,505,"",1.11,0.65,0.65,0.69,0.52,0.45,0.73,0.78,"",1,5.9,-1,-3.0,-3,-8.6,0,0.0,-31338,-12.6,-4120,-1.9,-1390,-26.3,-51,-9.2
"20000","5","811412","58","0","2023","1","",42,109,102,106,1191025,1053357,16277,867,"",0.85,0.51,0.47,0.49,0.54,0.45,0.66,1.10,"",-1,-2.3,7,6.9,3,3.0,7,7.1,179263,17.7,162237,18.2,4534,38.6,89,11.4
"20000","5","81142","57","0","2023","1","",27,74,79,76,674060,613053,7398,679,"",0.92,0.60,0.64,0.62,0.63,0.52,0.57,1.02,"",1,3.8,-8,-9.8,-4,-4.8,-5,-6.2,-8877,-1.3,-17308,-2.7,-3476,-32.0,38,5.9
"20000","5","811420","58","0","2023","1","",27,74,79,76,674060,613053,7398,679,"",0.92,0.60,0.64,0.62,0.63,0.52,0.57,1.02,"",1,3.8,-8,-9.8,-4,-4.8,-5,-6.2,-8877,-1.3,-17308,-2.7,-3476,-32.0,38,5.9
"20000","5","81143","57","0","2023","1","",6,14,12,12,77473,77473,220,470,"",1.00,0.81,0.69,0.68,0.59,0.51,0.15,0.81,"",0,0.0,1,7.7,-1,-7.7,-1,-7.7,-7451,-8.8,-7451,-8.8,-27,-10.9,-33,-6.6
"20000","5","811430","58","0","2023","1","",6,14,12,12,77473,77473,220,470,"",1.00,0.81,0.69,0.68,0.59,0.51,0.15,0.81,"",0,0.0,1,7.7,-1,-7.7,-1,-7.7,-7451,-8.8,-7451,-8.8,-27,-10.9,-33,-6.6
"20000","5","81149","57","0","2023","1","",56,193,193,202,1648947,1432384,20606,647,"",0.56,0.55,0.54,0.56,0.51,0.43,0.57,0.93,"",-2,-3.4,24,14.2,25,14.9,32,18.8,248568,17.8,202822,16.5,555,2.8,10,1.6
"20000","5","811490","58","0","2023","1","",56,193,193,202,1648947,1432384,20606,647,"",0.56,0.55,0.54,0.56,0.51,0.43,0.57,0.93,"",-2,-3.4,24,14.2,25,14.9,32,18.8,248568,17.8,202822,16.5,555,2.8,10,1.6
"20000","5","812","55","0","2023","1","",1640,11604,11555,11820,90061554,80171214,902200,594,"",0.78,0.84,0.83,0.84,0.91,0.72,0.77,1.09,"",59,3.7,492,4.4,450,4.1,718,6.5,11290456,14.3,8426710,11.7,-122050,-11.9,48,8.8
"20000","5","8121","56","0","2023","1","",914,5873,5864,6056,44111667,40873976,521328,572,"",0.75,0.88,0.88,0.90,1.05,0.80,0.96,1.18,"",32,3.6,407,7.4,341,6.2,573,10.5,6718555,18.0,5320822,15.0,-34024,-6.1,48,9.2
"20000","5","81211","57","0","2023","1","",738,4728,4721,4818,36211161,33720473,416523,586,"",0.78,0.95,0.95,0.96,1.18,0.88,1.07,1.24,"",17,2.4,317,7.2,279,6.3,416,9.5,5499034,17.9,4488297,15.4,-24193,-5.5,51,9.5
"20000","5","812111","58","0","2023","1","",30,181,182,183,1792462,1671829,30834,758,"",0.49,0.60,0.59,0.60,0.82,0.62,1.07,1.38,"",5,20.0,32,21.5,37,25.5,38,26.2,696419,63.5,605486,56.8,10703,53.2,182,31.6
"20000","5","812112","58","0","2023","1","",487,3352,3332,3376,25881237,23744306,231184,594,"",0.78,0.99,0.99,1.00,1.17,0.88,0.92,1.18,"",7,1.5,263,8.5,221,7.1,329,10.8,4138636,19.0,3269781,16.0,-24108,-9.4,51,9.4
"20000","5","812113","58","0","2023","1","",221,1195,1207,1259,8537462,8304338,154505,538,"",0.84,0.92,0.93,0.95,1.34,0.95,1.42,1.44,"",5,2.3,22,1.9,21,1.8,49,4.0,663979,8.4,613030,8.0,-10788,-6.5,29,5.7
"20000","5","81219","57","0","2023","1","",176,1145,1143,1238,7900506,7153503,104805,517,"",0.68,0.69,0.67,0.72,0.69,0.55,0.69,1.00,"",15,9.3,90,8.5,62,5.7,157,14.5,1219521,18.3,832525,13.2,-9831,-8.6,38,7.9
"20000","5","812191","58","0","2023","1","",18,101,91,92,667804,635510,8801,543,"",0.73,0.79,0.72,0.73,0.59,0.70,0.88,0.79,"",-1,-5.3,-34,-25.2,-40,-30.5,-39,-29.8,-176339,-20.9,-172461,-21.3,-7633,-46.4,52,10.6
"20000","5","812199","58","0","2023","1","",158,1044,1052,1146,7232702,6517993,96004,515,"",0.67,0.68,0.67,0.72,0.71,0.54,0.68,1.02,"",16,11.3,124,13.5,102,10.7,196,20.6,1395860,23.9,1004986,18.2,-2198,-2.2,37,7.7
"20000","5","8122","56","0","2023","1","",219,1413,1420,1412,13088610,10167114,63185,712,"",1.48,1.13,1.14,1.13,1.09,0.89,0.60,0.96,"",-3,-1.4,-64,-4.3,-38,-2.6,-32,-2.2,576967,4.6,269086,2.7,-21564,-25.4,53,8.0
"20000","5","81221","57","0","2023","1","",184,1277,1290,1284,11606394,8994125,51600,696,"",1.64,1.30,1.32,1.31,1.28,1.03,0.78,0.98,"",-2,-1.1,-60,-4.5,-26,-2.0,-25,-1.9,357454,3.2,138988,1.6,-21338,-29.3,41,6.3
"20000","5","812210","58","0","2023","1","",184,1277,1290,1284,11606394,8994125,51600,696,"",1.64,1.30,1.32,1.31,1.28,1.03,0.78,0.98,"",-2,-1.1,-60,-4.5,-26,-2.0,-25,-1.9,357454,3.2,138988,1.6,-21338,-29.3,41,6.3
"20000","5","81222","57","0","2023","1","",35,136,130,128,1482216,1172989,11585,868,"",0.98,0.50,0.48,0.47,0.50,0.45,0.30,1.03,"",-1,-2.8,-4,-2.9,-12,-8.5,-7,-5.2,219513,17.4,130098,12.5,-226,-1.9,169,24.2
"20000","5","812220","58","0","2023","1","",35,136,130,128,1482216,1172989,11585,868,"",0.98,0.50,0.48,0.47,0.50,0.45,0.30,1.03,"",-1,-2.8,-4,-2.9,-12,-8.5,-7,-5.2,219513,17.4,130098,12.5,-226,-1.9,169,24.2
"20000","5","8123","56","0","2023","1","",155,2011,2001,2026,18852029,16136331,129390,721,"",0.67,0.85,0.85,0.86,1.01,0.76,0.64,1.18,"",-3,-1.9,-148,-6.9,-114,-5.4,-90,-4.3,1240940,7.0,297040,1.9,-69440,-34.9,85,13.4
"20000","5","81231","57","0","2023","1","",56,263,251,266,1545440,1306660,13374,457,"",0.70,0.75,0.71,0.75,0.83,0.56,0.51,1.13,"",2,3.7,23,9.6,8,3.3,23,9.5,267708,21.0,188929,16.9,-1231,-8.4,51,12.6
"20000","5","812310","58","0","2023","1","",56,263,251,266,1545440,1306660,13374,457,"",0.70,0.75,0.71,0.75,0.83,0.56,0.51,1.13,"",2,3.7,23,9.6,8,3.3,23,9.5,267708,21.0,188929,16.9,-1231,-8.4,51,12.6
"20000","5","81232","57","0","2023","1","",70,562,556,547,3544043,3330280,22980,491,"",0.55,0.67,0.66,0.65,0.72,0.53,0.41,1.10,"",-4,-5.4,-4,-0.7,17,3.2,-4,-0.7,603130,20.5,481650,16.9,-6626,-22.4,81,19.8
"20000","5","812320","58","0","2023","1","",70,562,556,547,3544043,3330280,22980,491,"",0.55,0.67,0.66,0.65,0.72,0.53,0.41,1.10,"",-4,-5.4,-4,-0.7,17,3.2,-4,-0.7,603130,20.5,481650,16.9,-6626,-22.4,81,19.8
"20000","5","81233","57","0","2023","1","",29,1186,1194,1213,13762546,11499391,93036,884,"",1.27,1.02,1.03,1.05,1.15,0.90,0.78,1.12,"",-1,-3.3,-167,-12.3,-139,-10.4,-109,-8.2,370102,2.8,-373539,-3.1,-61583,-39.8,113,14.7
"20000","5","812331","58","0","2023","1","",9,332,343,368,3070374,2760480,14509,679,"",0.78,0.59,0.60,0.65,0.58,0.45,0.25,0.95,"",0,0.0,21,6.8,38,12.5,75,25.6,559080,22.3,442912,19.1,-6394,-30.6,41,6.4
"20000","5","812332","58","0","2023","1","",20,854,851,845,10692172,8738911,78527,968,"",1.78,1.44,1.44,1.43,1.61,1.32,1.27,1.12,"",-1,-4.8,-188,-18.0,-177,-17.2,-184,-17.9,-188978,-1.7,-816451,-8.5,-55189,-41.3,158,19.5
"20000","5","8129","56","0","2023","1","",352,2307,2270,2326,14009248,12993793,188297,468,"",0.70,0.64,0.63,0.64,0.54,0.47,0.59,0.84,"",33,10.3,297,14.8,261,13.0,267,13.0,2753994,24.5,2539762,24.3,2978,1.6,41,9.6
"20000","5","81291","57","0","2023","1","",201,1795,1753,1796,10583674,9983159,145558,457,"",0.98,1.10,1.08,1.09,1.14,0.87,1.28,1.04,"",9,4.7,216,13.7,164,10.3,187,11.6,2153875,25.6,2026022,25.5,4738,3.4,50,12.3
"20000","5","812910","58","0","2023","1","",201,1795,1753,1796,10583674,9983159,145558,457,"",0.98,1.10,1.08,1.09,1.14,0.87,1.28,1.04,"",9,4.7,216,13.7,164,10.3,187,11.6,2153875,25.6,2026022,25.5,4738,3.4,50,12.3
"20000","5","81292","57","0","2023","1","",3,47,47,39,205764,205764,2391,357,"",0.58,0.85,0.84,0.70,0.35,0.37,0.25,0.43,"",0,0.0,-14,-23.0,-15,-24.2,-22,-36.1,-33848,-14.1,-33848,-14.1,1380,136.5,56,18.6
"20000","5","812921","58","0","2023","1","N",2,0,0,0,0,0,0,0,"N",0.49,0,0,0,0,0,0,0,"N",0,0.0,0,0,0,0,0,0,0,0,0,0,0,0,0,0
"20000","5","812922","58","0","2023","1","N",1,0,0,0,0,0,0,0,"N",0.90,0,0,0,0,0,0,0,"N",0,0.0,0,0,0,0,0,0,0,0,0,0,0,0,0,0
"20000","5","81293","57","0","2023","1","",18,134,143,147,921333,845347,5942,501,"",0.29,0.12,0.13,0.13,0.12,0.10,0.06,0.94,"",3,20.0,30,28.8,30,26.5,37,33.6,198047,27.4,182021,27.4,-5358,-47.4,-9,-1.8
"20000","5","812930","58","0","2023","1","",18,134,143,147,921333,845347,5942,501,"",0.29,0.12,0.13,0.13,0.12,0.10,0.06,0.94,"",3,20.0,30,28.8,30,26.5,37,33.6,198047,27.4,182021,27.4,-5358,-47.4,-9,-1.8
"20000","5","81299","57","0","2023","1","",130,331,327,344,2298477,1959523,34406,529,"",0.57,0.41,0.40,0.42,0.27,0.27,0.38,0.66,"",21,19.3,65,24.4,82,33.5,65,23.3,435920,23.4,365567,22.9,2218,6.9,-15,-2.8
"20000","5","812990","58","0","2023","1","",130,331,327,344,2298477,1959523,34406,529,"",0.57,0.41,0.40,0.42,0.27,0.27,0.38,0.66,"",21,19.3,65,24.4,82,33.5,65,23.3,435920,23.4,365567,22.9,2218,6.9,-15,-2.8
"20000","5","813","55","0","2023","1","",1245,9034,9173,8917,118679505,53423661,552810,1010,"",0.88,0.73,0.73,0.71,0.79,0.58,0.50,1.10,"",14,1.1,620,7.4,619,7.2,378,4.4,16988982,16.7,3624344,7.3,-108533,-16.4,90,9.8
"20000","5","8131","56","0","2023","1","",41,358,373,366,4169533,1168151,13217,877,"",0.20,0.20,0.20,0.20,0.31,0.17,0.14,1.58,"",-4,-8.9,46,14.7,51,15.8,19,5.5,881514,26.8,117485,11.2,-965,-6.8,104,13.5
"20000","5","81311","57","0","2023","1","",41,358,373,366,4169533,1168151,13217,877,"",0.20,0.20,0.20,0.20,0.31,0.17,0.14,1.58,"",-4,-8.9,46,14.7,51,15.8,19,5.5,881514,26.8,117485,11.2,-965,-6.8,104,13.5
"20000","5","813110","58","0","2023","1","",41,358,373,366,4169533,1168151,13217,877,"",0.20,0.20,0.20,0.20,0.31,0.17,0.14,1.58,"",-4,-8.9,46,14.7,51,15.8,19,5.5,881514,26.8,117485,11.2,-965,-6.8,104,13.5
"20000","5","8132","56","0","2023","1","",136,1073,1091,1087,19789771,8427455,97898,1405,"",0.75,0.74,0.74,0.74,0.77,0.65,0.60,1.04,"",2,1.5,79,7.9,72,7.1,73,7.2,2430597,14.0,396284,4.9,-18971,-16.2,82,6.2
"20000","5","81321","57","0","2023","1","",136,1073,1091,1087,19789771,8427455,97898,1405,"",0.75,0.74,0.74,0.74,0.77,0.65,0.60,1.04,"",2,1.5,79,7.9,72,7.1,73,7.2,2430597,14.0,396284,4.9,-18971,-16.2,82,6.2
"20000","5","813211","58","0","2023","1","",69,760,776,772,14470864,5857103,62874,1447,"",0.75,1.11,1.11,1.10,1.06,0.85,0.82,0.96,"",-1,-1.4,77,11.3,72,10.2,73,10.4,2267202,18.6,259203,4.6,-12792,-16.9,97,7.2
"20000","5","813212","58","0","2023","1","",37,145,146,145,2883249,958655,18141,1526,"",0.87,0.39,0.39,0.39,0.44,0.31,0.41,1.12,"",4,12.1,-1,-0.7,-1,-0.7,-7,-4.6,167628,6.2,25418,2.7,-2338,-11.4,118,8.4
"20000","5","813219","58","0","2023","1","",30,168,169,170,2435658,1611697,16883,1109,"",0.64,0.43,0.42,0.42,0.45,0.54,0.41,1.05,"",-1,-3.2,3,1.8,1,0.6,7,4.3,-4233,-0.2,111663,7.4,-3841,-18.5,-26,-2.3
"20000","5","8133","56","0","2023","1","",197,1114,1114,1112,13958668,9664159,151440,964,"",0.72,0.48,0.48,0.47,0.47,0.46,0.56,0.98,"",12,6.5,120,12.1,104,10.3,86,8.4,2535977,22.2,1589626,19.7,862,0.6,94,10.8
"20000","5","81331","57","0","2023","1","",197,1114,1114,1112,13958668,9664159,151440,964,"",0.72,0.48,0.48,0.47,0.47,0.46,0.56,0.98,"",12,6.5,120,12.1,104,10.3,86,8.4,2535977,22.2,1589626,19.7,862,0.6,94,10.8
"20000","5","813311","58","0","2023","1","",59,280,277,281,3644104,2357478,32763,1004,"",1.11,0.54,0.52,0.53,0.53,0.50,0.52,1.00,"",0,0.0,29,11.6,22,8.6,27,10.6,515927,16.5,176150,8.1,-2514,-7.1,54,5.7
"20000","5","813312","58","0","2023","1","",46,356,358,365,3709821,2350179,27245,793,"",0.64,0.52,0.52,0.52,0.43,0.41,0.43,0.83,"",5,12.2,7,2.0,6,1.7,0,0.0,515627,16.1,292661,14.2,-6134,-18.4,102,14.8
"20000","5","813319","58","0","2023","1","",92,478,479,466,6604743,4956502,91432,1071,"",0.62,0.44,0.43,0.42,0.47,0.48,0.64,1.09,"",7,8.2,84,21.3,76,18.9,59,14.5,1504423,29.5,1120815,29.2,9510,11.6,93,9.5
"20000","5","8134","56","0","2023","1","",250,2833,2867,2831,14395575,5999797,42572,389,"",1.13,0.95,0.94,0.92,0.83,0.58,0.35,0.88,"",3,1.2,187,7.1,239,9.1,205,7.8,2860290,24.8,253968,4.4,-16331,-27.7,52,15.4
"20000","5","81341","57","0","2023","1","",250,2833,2867,2831,14395575,5999797,42572,389,"",1.13,0.95,0.94,0.92,0.83,0.58,0.35,0.88,"",3,1.2,187,7.1,239,9.1,205,7.8,2860290,24.8,253968,4.4,-16331,-27.7,52,15.4
"20000","5","813410","58","0","2023","1","",250,2833,2867,2831,14395575,5999797,42572,389,"",1.13,0.95,0.94,0.92,0.83,0.58,0.35,0.88,"",3,1.2,187,7.1,239,9.1,205,7.8,2860290,24.8,253968,4.4,-16331,-27.7,52,15.4
"20000","5","8139","56","0","2023","1","",621,3656,3728,3521,66365958,28164099,247683,1404,"",1.18,0.95,0.97,0.90,1.04,0.68,0.55,1.11,"",1,0.2,188,5.4,153,4.3,-5,-0.1,8280604,14.3,1266981,4.7,-73128,-22.8,136,10.7
"20000","5","81391","57","0","2023","1","",340,1059,1066,1066,21614893,11892014,101043,1563,"",1.97,0.99,0.99,0.99,0.95,0.88,0.75,0.95,"",2,0.6,47,4.6,30,2.9,54,5.3,2662969,14.1,824497,7.4,-18363,-15.4,134,9.4
"20000","5","813910","58","0","2023","1","",340,1059,1066,1066,21614893,11892014,101043,1563,"",1.97,0.99,0.99,0.99,0.95,0.88,0.75,0.95,"",2,0.6,47,4.6,30,2.9,54,5.3,2662969,14.1,824497,7.4,-18363,-15.4,134,9.4
"20000","5","81392","57","0","2023","1","",123,890,918,918,20304816,11619773,108056,1719,"",1.32,1.10,1.13,1.13,1.13,1.23,1.00,1.01,"",2,1.7,27,3.1,43,4.9,41,4.7,2533367,14.3,735821,6.8,-31906,-22.8,151,9.6
"20000","5","813920","58","0","2023","1","",123,890,918,918,20304816,11619773,108056,1719,"",1.32,1.10,1.13,1.13,1.13,1.23,1.00,1.01,"",2,1.7,27,3.1,43,4.9,41,4.7,2533367,14.3,735821,6.8,-31906,-22.8,151,9.6
"20000","5","81393","57","0","2023","1","",93,498,484,518,4009769,2748230,24356,617,"",0.89,0.52,0.51,0.52,0.38,0.33,0.26,0.73,"",-1,-1.1,28,6.0,-30,-5.8,29,5.9,454623,12.8,256272,10.3,-6730,-21.6,60,10.8
"20000","5","813930","58","0","2023","1","",93,498,484,518,4009769,2748230,24356,617,"",0.89,0.52,0.51,0.52,0.38,0.33,0.26,0.73,"",-1,-1.1,28,6.0,-30,-5.8,29,5.9,454623,12.8,256272,10.3,-6730,-21.6,60,10.8
"20000","5","81394","57","0","2023","1","",18,22,23,23,253253,210811,4432,859,"",0.61,0.30,0.32,0.31,0.20,0.24,0.31,0.66,"",-1,-5.3,-4,-15.4,-6,-20.7,-8,-25.8,-130932,-34.1,-100519,-32.3,-5271,-54.3,-172,-16.7
"20000","5","813940","58","0","2023","1","",18,22,23,23,253253,210811,4432,859,"",0.61,0.30,0.32,0.31,0.20,0.24,0.31,0.66,"",-1,-5.3,-4,-15.4,-6,-20.7,-8,-25.8,-130932,-34.1,-100519,-32.3,-5271,-54.3,-172,-16.7
"20000","5","81399","57","0","2023","1","",47,1187,1237,996,20183227,1693271,9796,1362,"",0.37,1.26,1.30,1.04,1.86,0.19,0.10,1.55,"",-1,-2.1,90,8.2,116,10.3,-121,-10.8,2760577,15.8,-449090,-21.0,-10858,-52.6,156,12.9
"20000","5","813990","58","0","2023","1","",47,1187,1237,996,20183227,1693271,9796,1362,"",0.37,1.26,1.30,1.04,1.86,0.19,0.10,1.55,"",-1,-2.1,90,8.2,116,10.3,-121,-10.8,2760577,15.8,-449090,-21.0,-10858,-52.6,156,12.9
"20000","5","814","55","0","2023","1","",945,1055,1072,1036,7144689,6662154,126621,521,"",0.58,0.55,0.56,0.54,0.48,0.42,0.62,0.88,"",-6,-0.6,33,3.2,36,3.5,23,2.3,935439,15.1,758706,12.9,2457,2.0,54,11.6
"20000","5","8141","56","0","2023","1","",945,1055,1072,1036,7144689,6662154,126621,521,"",0.58,0.55,0.56,0.54,0.48,0.42,0.62,0.88,"",-6,-0.6,33,3.2,36,3.5,23,2.3,935439,15.1,758706,12.9,2457,2.0,54,11.6
"20000","5","81411","57","0","2023","1","",945,1055,1072,1036,7144689,6662154,126621,521,"",0.58,0.55,0.56,0.54,0.48,0.42,0.62,0.88,"",-6,-0.6,33,3.2,36,3.5,23,2.3,935439,15.1,758706,12.9,2457,2.0,54,11.6
"20000","5","814110","58","0","2023","1","",945,1055,1072,1036,7144689,6662154,126621,521,"",0.58,0.55,0.56,0.54,0.48,0.42,0.62,0.88,"",-6,-0.6,33,3.2,36,3.5,23,2.3,935439,15.1,758706,12.9,2457,2.0,54,11.6
"20000","5","99","54","0","2023","1","-",0,0,0,0,0,0,0,0,"N",0.00,0,0,0,0,0,0,0,"N",0,0,0,0,0,0,0,0,0,0,0,0,0,0,0,0
"20000","5","999","55","0","2023","1","-",0,0,0,0,0,0,0,0,"N",0.00,0,0,0,0,0,0,0,"N",0,0,0,0,0,0,0,0,0,0,0,0,0,0,0,0
"20000","5","9999","56","0","2023","1","-",0,0,0,0,0,0,0,0,"N",0.00,0,0,0,0,0,0,0,"N",0,0,0,0,0,0,0,0,0,0,0,0,0,0,0,0
"20000","5","99999","57","0","2023","1","-",0,0,0,0,0,0,0,0,"N",0.00,0,0,0,0,0,0,0,"N",0,0,0,0,0,0,0,0,0,0,0,0,0,0,0,0
"20000","5","999999","58","0","2023","1","-",0,0,0,0,0,0,0,0,"N",0.00,0,0,0,0,0,0,0,"N",0,0,0,0,0,0,0,0,0,0,0,0,0,0,0,0
"20000","8","10","96","0","2023","1","",4926,241623,244028,244441,3080861072,1779922031,2594690,974,"",2.00,1.20,1.20,1.20,1.11,11.34,3.84,0.92,"",52,1.1,2848,1.2,3068,1.3,2937,1.2,347645087,12.7,115871939,7.0,-1186057,-31.4,99,11.3
