"area_fips","own_code","industry_code","agglvl_code","size_code","year","qtr","disclosure_code","qtrly_estabs","month1_emplvl","month2_emplvl","month3_emplvl","total_qtrly_wages","taxable_qtrly_wages","qtrly_contributions","avg_wkly_wage","lq_disclosure_code","lq_qtrly_estabs","lq_month1_emplvl","lq_month2_emplvl","lq_month3_emplvl","lq_total_qtrly_wages","lq_taxable_qtrly_wages","lq_qtrly_contributions","lq_avg_wkly_wage","oty_disclosure_code","oty_qtrly_estabs_chg","oty_qtrly_estabs_pct_chg","oty_month1_emplvl_chg","oty_month1_emplvl_pct_chg","oty_month2_emplvl_chg","oty_month2_emplvl_pct_chg","oty_month3_emplvl_chg","oty_month3_emplvl_pct_chg","oty_total_qtrly_wages_chg","oty_total_qtrly_wages_pct_chg","oty_taxable_qtrly_wages_chg","oty_taxable_qtrly_wages_pct_chg","oty_qtrly_contributions_chg","oty_qtrly_contributions_pct_chg","oty_avg_wkly_wage_chg","oty_avg_wkly_wage_pct_chg"
"20000","0","10","50","0","2024","1","",98434,1399931,1414577,1417095,21975005542,12837234294,126064867,1198,"",1.00,1.00,1.00,1.00,1.00,1.00,1.00,1.00,"",3054,3.2,3351,0.2,11917,0.8,11350,0.8,925665475,4.4,381993964,3.1,-14702818,-10.4,43,3.7
"20000","1","10","51","0","2024","1","",1218,26778,26817,26938,587019616,0,0,1682,"",2.40,0.98,0.97,0.98,1.07,0.00,0.00,1.09,"",3,0.2,686,2.6,710,2.7,678,2.6,54345629,10.2,0,0.0,0,0.0,115,7.3
"20000","1","102","52","0","2024","1","",1218,26778,26817,26938,587019616,0,0,1682,"",2.41,1.00,0.99,1.00,1.09,0.00,0.00,1.09,"",3,0.2,686,2.6,710,2.7,678,2.6,54345629,10.2,0,0.0,0,0.0,115,7.3
"20000","1","1021","53","0","2024","1","",585,6544,6494,6510,118231923,0,0,1396,"",2.29,1.07,1.05,1.05,1.27,0.00,0.00,1.21,"",3,0.5,40,0.6,-34,-0.5,-62,-0.9,3614097,3.2,0,0.0,0,0.0,47,3.5
"20000","1","1022","53","0","2024","1","",3,67,75,74,991020,0,0,1059,"",2.50,1.10,1.22,1.21,0.92,0.00,0.00,0.78,"",-1,-25.0,5,8.1,12,19.0,12,19.4,62470,6.7,0,0.0,0,0.0,-87,-7.6
"20000","1","1023","53","0","2024","1","",10,101,100,101,2978765,0,0,2276,"",1.46,0.86,0.85,0.85,0.85,0.00,0.00,1.00,"",0,0.0,-6,-5.6,-4,-3.8,-1,-1.0,182695,6.5,0,0.0,0,0.0,215,10.4
"20000","1","1024","53","0","2024","1","",31,321,320,321,6906221,0,0,1657,"",2.45,0.49,0.48,0.48,0.53,0.00,0.00,1.09,"",-1,-3.1,31,10.7,28,9.6,16,5.2,856451,14.2,0,0.0,0,0.0,83,5.3
"20000","1","1025","53","0","2024","1","",30,6033,6062,6063,146806742,0,0,1866,"",2.47,1.43,1.43,1.43,1.57,0.00,0.00,1.10,"",0,0.0,293,5.1,290,5.0,254,4.4,22542102,18.1,0,0.0,0,0.0,210,12.7
"20000","1","1026","53","0","2024","1","",18,220,242,254,2024865,0,0,653,"",1.51,0.53,0.57,0.60,0.41,0.00,0.00,0.72,"",-1,-5.3,13,6.3,29,13.6,23,10.0,132771,7.0,0,0.0,0,0.0,-18,-2.7
"20000","1","1027","53","0","2024","1","",2,23,23,23,426143,0,0,1425,"",1.46,0.50,0.50,0.50,0.69,0.00,0.00,1.37,"",0,0.0,-1,-4.2,0,0.0,1,4.5,20567,5.1,0,0.0,0,0.0,69,5.1
"20000","1","1028","53","0","2024","1","",539,13469,13501,13592,308653937,0,0,1756,"",2.63,0.89,0.88,0.89,0.94,0.00,0.00,1.05,"",3,0.6,311,2.4,389,3.0,435,3.3,26934476,9.6,0,0.0,0,0.0,107,6.5
"20000","1","44-45","54","0","2024","1","",8,158,154,153,1861374,0,0,924,"",1.36,0.43,0.42,0.42,0.66,0.00,0.00,1.55,"",0,0.0,9,6.0,8,5.5,1,0.7,135213,7.8,0,0.0,0,0.0,33,3.7
"20000","1","441","55","0","2024","1","",1,1,1,1,729,0,0,56,"",3.27,0.85,0.85,0.84,0.09,0.00,0.00,0.11,"",0,0.0,0,0.0,0,0.0,1,100.0,434,147.1,0,0.0,0,0.0,22,64.7
"20000","1","4413","56","0","2024","1","",1,1,1,1,729,0,0,56,"",3.27,0.85,0.85,0.84,0.09,0.00,0.00,0.11,"",0,0.0,0,0.0,0,0.0,1,100.0,434,147.1,0,0.0,0,0.0,22,64.7
"20000","1","44133","57","0","2024","1","",1,1,1,1,729,0,0,56,"",3.27,0.85,0.85,0.84,0.09,0.00,0.00,0.11,"",0,0.0,0,0.0,0,0.0,1,100.0,434,147.1,0,0.0,0,0.0,22,64.7
"20000","1","441330","58","0","2024","1","",1,1,1,1,729,0,0,56,"",3.27,0.85,0.85,0.84,0.09,0.00,0.00,0.11,"",0,0.0,0,0.0,0,0.0,1,100.0,434,147.1,0,0.0,0,0.0,22,64.7
"20000","1","445","55","0","2024","1","",4,151,147,146,1809657,0,0,941,"",2.38,1.64,1.58,1.58,1.82,0.00,0.00,1.14,"",0,0.0,10,7.1,9,6.5,1,0.7,135258,8.1,0,0.0,0,0.0,30,3.3
"20000","1","4451","56","0","2024","1","",4,151,147,146,1809657,0,0,941,"",2.38,1.64,1.58,1.58,1.82,0.00,0.00,1.14,"",0,0.0,10,7.1,9,6.5,1,0.7,135258,8.1,0,0.0,0,0.0,30,3.3
"20000","1","44511","57","0","2024","1","",4,151,147,146,1809657,0,0,941,"",2.77,1.74,1.68,1.68,1.88,0.00,0.00,1.11,"",0,0.0,10,7.1,9,6.5,1,0.7,135258,8.1,0,0.0,0,0.0,30,3.3
"20000","1","445110","58","0","2024","1","",4,151,147,146,1809657,0,0,941,"",2.77,1.74,1.68,1.68,1.88,0.00,0.00,1.11,"",0,0.0,10,7.1,9,6.5,1,0.7,135258,8.1,0,0.0,0,0.0,30,3.3
"20000","1","449","55","0","2024","1","",1,4,4,4,38356,0,0,738,"",1.95,0.26,0.26,0.26,0.75,0.00,0.00,2.88,"",0,0.0,1,33.3,1,33.3,1,33.3,11273,41.6,0,0.0,0,0.0,44,6.3
"20000","1","4491","56","0","2024","1","",1,4,4,4,38356,0,0,738,"",2.24,2.12,2.15,2.18,3.38,0.00,0.00,1.57,"",0,0.0,1,33.3,1,33.3,1,33.3,11273,41.6,0,0.0,0,0.0,44,6.3
"20000","1","44912","57","0","2024","1","",1,4,4,4,38356,0,0,738,"",2.28,2.38,2.39,2.45,3.73,0.00,0.00,1.55,"",0,0.0,1,33.3,1,33.3,1,33.3,11273,41.6,0,0.0,0,0.0,44,6.3
"20000","1","449129","58","0","2024","1","",1,4,4,4,38356,0,0,738,"",2.28,2.38,2.39,2.45,3.73,0.00,0.00,1.55,"",0,0.0,1,33.3,1,33.3,1,33.3,11273,41.6,0,0.0,0,0.0,44,6.3
"20000","1","459","55","0","2024","1","",2,2,2,2,12632,0,0,486,"",3.72,0.19,0.18,0.18,0.35,0.00,0.00,1.89,"",0,0.0,-2,-50.0,-2,-50.0,-2,-50.0,-11752,-48.2,0,0.0,0,0.0,17,3.6
"20000","1","4591","56","0","2024","1","",2,2,2,2,12632,0,0,486,"",5.26,1.29,1.02,1.06,1.29,0.00,0.00,1.17,"",0,0.0,-2,-50.0,-2,-50.0,-2,-50.0,-11752,-48.2,0,0.0,0,0.0,17,3.6
"20000","1","45911","57","0","2024","1","",2,2,2,2,12632,0,0,486,"",5.50,1.31,1.04,1.07,1.32,0.00,0.00,1.17,"",0,0.0,-2,-50.0,-2,-50.0,-2,-50.0,-11752,-48.2,0,0.0,0,0.0,17,3.6
"20000","1","459110","58","0","2024","1","",2,2,2,2,12632,0,0,486,"",5.50,1.31,1.04,1.07,1.32,0.00,0.00,1.17,"",0,0.0,-2,-50.0,-2,-50.0,-2,-50.0,-11752,-48.2,0,0.0,0,0.0,17,3.6
"20000","1","48-49","54","0","2024","1","",577,6386,6340,6357,116370549,0,0,1407,"",2.33,1.12,1.10,1.11,1.33,0.00,0.00,1.20,"",3,0.5,31,0.5,-42,-0.7,-63,-1.0,3478884,3.1,0,0.0,0,0.0,47,3.5
"20000","1","481","55","0","2024","1","",2,7,7,7,103213,0,0,1134,"",80.65,40.11,47.36,42.22,67.17,0.00,0.00,1.56,"",0,0.0,1,16.7,1,16.7,0,0.0,9844,10.5,0,0.0,0,0.0,0,0.0
"20000","1","4812","56","0","2024","1","",2,7,7,7,103213,0,0,1134,"",80.65,40.11,47.36,42.22,67.17,0.00,0.00,1.56,"",0,0.0,1,16.7,1,16.7,0,0.0,9844,10.5,0,0.0,0,0.0,0,0.0
"20000","1","48121","57","0","2024","1","",2,7,7,7,103213,0,0,1134,"",80.65,40.11,47.36,42.22,67.17,0.00,0.00,1.56,"",0,0.0,1,16.7,1,16.7,0,0.0,9844,10.5,0,0.0,0,0.0,0,0.0
"20000","1","481219","58","0","2024","1","",2,7,7,7,103213,0,0,1134,"",80.65,40.11,47.36,42.22,67.17,0.00,0.00,1.56,"",0,0.0,1,16.7,1,16.7,0,0.0,9844,10.5,0,0.0,0,0.0,0,0.0
"20000","1","487","55","0","2024","1","",2,109,106,108,1283938,0,0,917,"",120.97,108.86,108.25,108.57,138.24,0.00,0.00,1.27,"",0,0.0,13,13.5,3,2.9,3,2.9,122320,10.5,0,0.0,0,0.0,35,4.0
"20000","1","4879","56","0","2024","1","",2,109,106,108,1283938,0,0,917,"",120.97,108.86,108.25,108.57,138.24,0.00,0.00,1.27,"",0,0.0,13,13.5,3,2.9,3,2.9,122320,10.5,0,0.0,0,0.0,35,4.0
"20000","1","48799","57","0","2024","1","",2,109,106,108,1283938,0,0,917,"",120.97,108.86,108.25,108.57,138.24,0.00,0.00,1.27,"",0,0.0,13,13.5,3,2.9,3,2.9,122320,10.5,0,0.0,0,0.0,35,4.0
"20000","1","487990","58","0","2024","1","",2,109,106,108,1283938,0,0,917,"",120.97,108.86,108.25,108.57,138.24,0.00,0.00,1.27,"",0,0.0,13,13.5,3,2.9,3,2.9,122320,10.5,0,0.0,0,0.0,35,4.0
"20000","1","488","55","0","2024","1","",4,7,7,7,158187,0,0,1738,"",3.72,0.06,0.06,0.06,0.05,0.00,0.00,0.78,"",0,0.0,0,0.0,0,0.0,0,0.0,4729,3.1,0,0.0,0,0.0,52,3.1
"20000","1","4881","56","0","2024","1","",4,7,7,7,158187,0,0,1738,"",3.72,0.06,0.06,0.06,0.05,0.00,0.00,0.78,"",0,0.0,0,0.0,0,0.0,0,0.0,4729,3.1,0,0.0,0,0.0,52,3.1
"20000","1","48811","57","0","2024","1","",4,7,7,7,158187,0,0,1738,"",3.72,0.06,0.06,0.06,0.05,0.00,0.00,0.78,"",0,0.0,0,0.0,0,0.0,0,0.0,4729,3.1,0,0.0,0,0.0,52,3.1
"20000","1","488111","58","0","2024","1","",4,7,7,7,158187,0,0,1738,"",3.75,0.06,0.06,0.06,0.05,0.00,0.00,0.78,"",0,0.0,0,0.0,0,0.0,0,0.0,4729,3.1,0,0.0,0,0.0,52,3.1
"20000","1","491","55","0","2024","1","",569,6263,6220,6235,114825211,0,0,1416,"",2.31,1.13,1.11,1.11,1.37,0.00,0.00,1.22,"",3,0.5,17,0.3,-46,-0.7,-66,-1.0,3341991,3.0,0,0.0,0,0.0,48,3.5
"20000","1","4911","56","0","2024","1","",569,6263,6220,6235,114825211,0,0,1416,"",2.31,1.13,1.11,1.11,1.37,0.00,0.00,1.22,"",3,0.5,17,0.3,-46,-0.7,-66,-1.0,3341991,3.0,0,0.0,0,0.0,48,3.5
"20000","1","49111","57","0","2024","1","",569,6263,6220,6235,114825211,0,0,1416,"",2.31,1.13,1.11,1.11,1.37,0.00,0.00,1.22,"",3,0.5,17,0.3,-46,-0.7,-66,-1.0,3341991,3.0,0,0.0,0,0.0,48,3.5
"20000","1","491110","58","0","2024","1","",569,6263,6220,6235,114825211,0,0,1416,"",2.31,1.13,1.11,1.11,1.37,0.00,0.00,1.22,"",3,0.5,17,0.3,-46,-0.7,-66,-1.0,3341991,3.0,0,0.0,0,0.0,48,3.5
"20000","1","51","54","0","2024","1","",3,67,75,74,991020,0,0,1059,"",2.50,1.10,1.22,1.21,0.92,0.00,0.00,0.78,"",-1,-25.0,5,8.1,12,19.0,12,19.4,62470,6.7,0,0.0,0,0.0,-87,-7.6
"20000","1","519","55","0","2024","1","",3,67,75,74,991020,0,0,1059,"",2.81,1.39,1.55,1.54,1.10,0.00,0.00,0.73,"",-1,-25.0,5,8.1,12,19.0,12,19.4,62470,6.7,0,0.0,0,0.0,-87,-7.6
"20000","1","5192","56","0","2024","1","",3,67,75,74,991020,0,0,1059,"",2.81,1.39,1.55,1.54,1.10,0.00,0.00,0.73,"",-1,-25.0,5,8.1,12,19.0,12,19.4,62470,6.7,0,0.0,0,0.0,-87,-7.6
"20000","1","51921","57","0","2024","1","",3,67,75,74,991020,0,0,1059,"",2.81,1.39,1.55,1.54,1.10,0.00,0.00,0.73,"",-1,-25.0,5,8.1,12,19.0,12,19.4,62470,6.7,0,0.0,0,0.0,-87,-7.6
"20000","1","519210","58","0","2024","1","",3,67,75,74,991020,0,0,1059,"",2.81,1.39,1.55,1.54,1.10,0.00,0.00,0.73,"",-1,-25.0,5,8.1,12,19.0,12,19.4,62470,6.7,0,0.0,0,0.0,-87,-7.6
"20000","1","52","54","0","2024","1","",10,101,100,101,2978765,0,0,2276,"",1.48,0.86,0.85,0.86,0.85,0.00,0.00,1.00,"",0,0.0,-6,-5.6,-4,-3.8,-1,-1.0,182695,6.5,0,0.0,0,0.0,215,10.4
"20000","1","522","55","0","2024","1","",7,61,60,61,1479311,0,0,1876,"",1.32,1.06,1.04,1.07,1.13,0.00,0.00,1.07,"",0,0.0,-2,-3.2,-3,-4.8,-1,-1.6,95349,6.9,0,0.0,0,0.0,177,10.4
"20000","1","5222","56","0","2024","1","",7,61,60,61,1479311,0,0,1876,"",1.32,1.06,1.05,1.07,1.13,0.00,0.00,1.07,"",0,0.0,-2,-3.2,-3,-4.8,-1,-1.6,95349,6.9,0,0.0,0,0.0,177,10.4
"20000","1","52229","57","0","2024","1","",7,61,60,61,1479311,0,0,1876,"",1.32,1.06,1.05,1.07,1.13,0.00,0.00,1.07,"",0,0.0,-2,-3.2,-3,-4.8,-1,-1.6,95349,6.9,0,0.0,0,0.0,177,10.4
"20000","1","522292","58","0","2024","1","",4,55,54,55,1270921,0,0,1788,"",1.68,1.86,1.83,1.87,2.35,0.00,0.00,1.27,"",0,0.0,-1,-1.8,-2,-3.6,0,0.0,125751,11.0,0,0.0,0,0.0,206,13.0
"20000","1","522299","58","0","2024","1","",3,6,6,6,208390,0,0,2672,"",1.03,0.22,0.21,0.22,0.27,0.00,0.00,1.26,"",0,0.0,-1,-14.3,-1,-14.3,-1,-14.3,-30402,-12.7,0,0.0,0,0.0,48,1.8
"20000","1","524","55","0","2024","1","",3,40,40,40,1499454,0,0,2884,"",2.13,0.67,0.66,0.66,0.69,0.00,0.00,1.04,"",0,0.0,-4,-9.1,-1,-2.4,0,0.0,87346,6.2,0,0.0,0,0.0,277,10.6
"20000","1","5241","56","0","2024","1","",3,40,40,40,1499454,0,0,2884,"",2.97,0.70,0.70,0.69,0.71,0.00,0.00,1.01,"",0,0.0,-4,-9.1,-1,-2.4,0,0.0,87346,6.2,0,0.0,0,0.0,277,10.6
"20000","1","52412","57","0","2024","1","",3,40,40,40,1499454,0,0,2884,"",2.97,0.70,0.70,0.69,0.71,0.00,0.00,1.01,"",0,0.0,-4,-9.1,-1,-2.4,0,0.0,87346,6.2,0,0.0,0,0.0,277,10.6
"20000","1","524128","58","0","2024","1","",3,40,40,40,1499454,0,0,2884,"",3.02,0.71,0.70,0.70,0.71,0.00,0.00,1.01,"",0,0.0,-4,-9.1,-1,-2.4,0,0.0,87346,6.2,0,0.0,0,0.0,277,10.6
"20000","1","54","54","0","2024","1","",28,313,312,313,6857900,0,0,1687,"",2.47,0.49,0.48,0.48,0.53,0.00,0.00,1.10,"",0,0.0,29,10.2,25,8.7,14,4.7,841157,14.0,0,0.0,0,0.0,91,5.7
"20000","1","541","55","0","2024","1","",28,313,312,313,6857900,0,0,1687,"",2.47,0.49,0.48,0.48,0.53,0.00,0.00,1.10,"",0,0.0,29,10.2,25,8.7,14,4.7,841157,14.0,0,0.0,0,0.0,91,5.7
"20000","1","5412","56","0","2024","1","",2,9,9,9,132131,0,0,1129,"",3.23,1.25,1.23,1.24,1.50,0.00,0.00,1.21,"",0,0.0,0,0.0,0,0.0,0,0.0,10332,8.5,0,0.0,0,0.0,88,8.5
"20000","1","54121","57","0","2024","1","",2,9,9,9,132131,0,0,1129,"",3.23,1.25,1.23,1.24,1.50,0.00,0.00,1.21,"",0,0.0,0,0.0,0,0.0,0,0.0,10332,8.5,0,0.0,0,0.0,88,8.5
"20000","1","541219","58","0","2024","1","",2,9,9,9,132131,0,0,1129,"",3.46,1.60,1.58,1.58,1.68,0.00,0.00,1.06,"",0,0.0,0,0.0,0,0.0,0,0.0,10332,8.5,0,0.0,0,0.0,88,8.5
"20000","1","5413","56","0","2024","1","",18,194,201,202,3780564,0,0,1461,"",2.57,0.38,0.39,0.39,0.38,0.00,0.00,0.99,"",0,0.0,25,14.8,31,18.2,19,10.4,599019,18.8,0,0.0,0,0.0,54,3.8
"20000","1","54133","57","0","2024","1","",18,194,201,202,3780564,0,0,1461,"",2.61,0.39,0.41,0.41,0.40,0.00,0.00,0.99,"",0,0.0,25,14.8,31,18.2,19,10.4,599019,18.8,0,0.0,0,0.0,54,3.8
"20000","1","541330","58","0","2024","1","",18,194,201,202,3780564,0,0,1461,"",2.61,0.39,0.41,0.41,0.40,0.00,0.00,0.99,"",0,0.0,25,14.8,31,18.2,19,10.4,599019,18.8,0,0.0,0,0.0,54,3.8
"20000","1","5415","56","0","2024","1","",2,5,5,5,82424,0,0,1268,"",3.14,3.30,3.26,3.17,3.82,0.00,0.00,1.18,"",0,0.0,0,0.0,0,0.0,0,0.0,-1453,-1.7,0,0.0,0,0.0,-22,-1.7
"20000","1","54151","57","0","2024","1","",2,5,5,5,82424,0,0,1268,"",3.14,3.30,3.26,3.17,3.82,0.00,0.00,1.18,"",0,0.0,0,0.0,0,0.0,0,0.0,-1453,-1.7,0,0.0,0,0.0,-22,-1.7
"20000","1","541513","58","0","2024","1","",2,5,5,5,82424,0,0,1268,"",4.94,4.35,4.30,4.18,4.68,0.00,0.00,1.09,"",0,0.0,0,0.0,0,0.0,0,0.0,-1453,-1.7,0,0.0,0,0.0,-22,-1.7
"20000","1","5417","56","0","2024","1","",1,12,12,12,407423,0,0,2612,"",1.11,0.17,0.17,0.17,0.22,0.00,0.00,1.32,"",0,0.0,5,71.4,3,33.3,3,33.3,150311,58.5,0,0.0,0,0.0,239,10.1
"20000","1","54171","57","0","2024","1","",1,12,12,12,407423,0,0,2612,"",1.12,0.17,0.17,0.17,0.22,0.00,0.00,1.32,"",0,0.0,5,71.4,3,33.3,3,33.3,150311,58.5,0,0.0,0,0.0,239,10.1
"20000","1","541715","58","0","2024","1","",1,12,12,12,407423,0,0,2612,"",1.55,0.24,0.24,0.24,0.31,0.00,0.00,1.30,"",0,0.0,5,71.4,3,33.3,3,33.3,150311,58.5,0,0.0,0,0.0,239,10.1
"20000","1","5419","56","0","2024","1","",5,93,85,85,2455358,0,0,2154,"",4.42,2.33,2.10,2.09,2.88,0.00,0.00,1.32,"",0,0.0,-1,-1.1,-9,-9.6,-8,-8.6,82948,3.5,0,0.0,0,0.0,206,10.6
"20000","1","54199","57","0","2024","1","",5,93,85,85,2455358,0,0,2154,"",4.48,2.58,2.34,2.33,2.97,0.00,0.00,1.23,"",0,0.0,-1,-1.1,-9,-9.6,-8,-8.6,82948,3.5,0,0.0,0,0.0,206,10.6
"20000","1","541990","58","0","2024","1","",5,93,85,85,2455358,0,0,2154,"",4.48,2.58,2.34,2.33,2.97,0.00,0.00,1.23,"",0,0.0,-1,-1.1,-9,-9.6,-8,-8.6,82948,3.5,0,0.0,0,0.0,206,10.6
"20000","1","56","54","0","2024","1","",3,8,8,8,48321,0,0,465,"",2.25,0.53,0.52,0.52,0.30,0.00,0.00,0.58,"",-1,-25.0,2,33.3,3,60.0,2,33.3,15294,46.3,0,0.0,0,0.0,17,3.8
"20000","1","561","55","0","2024","1","",3,8,8,8,48321,0,0,465,"",2.56,0.57,0.56,0.56,0.32,0.00,0.00,0.58,"",-1,-25.0,2,33.3,3,60.0,2,33.3,15294,46.3,0,0.0,0,0.0,17,3.8
"20000","1","5615","56","0","2024","1","",3,8,8,8,48321,0,0,465,"",3.46,1.62,1.58,1.58,1.26,0.00,0.00,0.79,"",0,0.0,2,33.3,3,60.0,2,33.3,15294,46.3,0,0.0,0,0.0,17,3.8
"20000","1","56152","57","0","2024","1","",1,3,3,3,22084,0,0,566,"",2.33,3.23,3.28,3.26,3.73,0.00,0.00,1.15,"",0,0.0,1,50.0,2,200.0,1,50.0,8053,57.4,0,0.0,0,0.0,-82,-12.7
"20000","1","561520","58","0","2024","1","",1,3,3,3,22084,0,0,566,"",2.33,3.23,3.28,3.26,3.73,0.00,0.00,1.15,"",0,0.0,1,50.0,2,200.0,1,50.0,8053,57.4,0,0.0,0,0.0,-82,-12.7
"20000","1","56159","57","0","2024","1","",2,5,5,5,26237,0,0,404,"",5.15,1.25,1.21,1.22,0.81,0.00,0.00,0.66,"",0,0.0,1,25.0,1,25.0,1,25.0,7241,38.1,0,0.0,0,0.0,39,10.7
"20000","1","561599","58","0","2024","1","",2,5,5,5,26237,0,0,404,"",5.15,1.25,1.21,1.22,0.81,0.00,0.00,0.66,"",0,0.0,1,25.0,1,25.0,1,25.0,7241,38.1,0,0.0,0,0.0,39,10.7
"20000","1","61","54","0","2024","1","",6,200,199,198,3474027,0,0,1343,"",3.68,1.71,1.69,1.68,1.58,0.00,0.00,0.94,"",-1,-14.3,32,19.0,22,12.4,19,10.6,418564,13.7,0,0.0,0,0.0,-3,-0.2
"20000","1","611","55","0","2024","1","",6,200,199,198,3474027,0,0,1343,"",3.68,1.71,1.69,1.68,1.58,0.00,0.00,0.94,"",-1,-14.3,32,19.0,22,12.4,19,10.6,418564,13.7,0,0.0,0,0.0,-3,-0.2
"20000","1","6113","56","0","2024","1","",2,172,171,172,3063815,0,0,1373,"",6.05,3.51,3.47,3.50,2.81,0.00,0.00,0.81,"",0,0.0,28,19.4,18,11.8,18,11.7,395671,14.8,0,0.0,0,0.0,8,0.6
"20000","1","61131","57","0","2024","1","",2,172,171,172,3063815,0,0,1373,"",6.05,3.51,3.47,3.50,2.81,0.00,0.00,0.81,"",0,0.0,28,19.4,18,11.8,18,11.7,395671,14.8,0,0.0,0,0.0,8,0.6
"20000","1","611310","58","0","2024","1","",2,172,171,172,3063815,0,0,1373,"",6.05,3.51,3.47,3.50,2.81,0.00,0.00,0.81,"",0,0.0,28,19.4,18,11.8,18,11.7,395671,14.8,0,0.0,0,0.0,8,0.6
"20000","1","6115","56","0","2024","1","",1,0,0,0,0,0,0,0,"",5.04,0.00,0.00,0.00,0.00,0.00,0.00,0.00,"",0,0.0,-2,-100.0,-2,-100.0,-2,-100.0,-56641,-100.0,0,0.0,0,0.0,-2179,-100.0
"20000","1","61151","57","0","2024","1","",1,0,0,0,0,0,0,0,"",5.04,0.00,0.00,0.00,0.00,0.00,0.00,0.00,"",0,0.0,-2,-100.0,-2,-100.0,-2,-100.0,-56641,-100.0,0,0.0,0,0.0,-2179,-100.0
"20000","1","611519","58","0","2024","1","",1,0,0,0,0,0,0,0,"",5.26,0.00,0.00,0.00,0.00,0.00,0.00,0.00,"",0,0.0,-2,-100.0,-2,-100.0,-2,-100.0,-56641,-100.0,0,0.0,0,0.0,-2179,-100.0
"20000","1","6116","56","0","2024","1","",3,28,28,26,410212,0,0,1154,"",5.58,4.97,4.96,4.57,5.63,0.00,0.00,1.16,"",0,0.0,6,27.3,6,27.3,3,13.0,79534,24.1,0,0.0,0,0.0,15,1.3
"20000","1","61161","57","0","2024","1","",1,1,1,1,14238,0,0,1095,"",11.00,5.44,6.01,5.17,20.45,0.00,0.00,3.71,"",0,0.0,0,0.0,0,0.0,0,0.0,918,6.9,0,0.0,0,0.0,70,6.8
"20000","1","611610","58","0","2024","1","",1,1,1,1,14238,0,0,1095,"",11.00,5.44,6.01,5.17,20.45,0.00,0.00,3.71,"",0,0.0,0,0.0,0,0.0,0,0.0,918,6.9,0,0.0,0,0.0,70,6.8
"20000","1","61169","57","0","2024","1","",2,27,27,25,395974,0,0,1157,"",4.48,4.96,4.93,4.55,5.49,0.00,0.00,1.14,"",0,0.0,6,28.6,6,28.6,3,13.6,78616,24.8,0,0.0,0,0.0,13,1.1
"20000","1","611692","58","0","2024","1","",2,27,27,25,395974,0,0,1157,"",120.97,108.86,108.25,108.57,138.24,0.00,0.00,1.27,"",0,0.0,6,28.6,6,28.6,3,13.6,78616,24.8,0,0.0,0,0.0,13,1.1
"20000","1","62","54","0","2024","1","",24,5833,5863,5865,143332715,0,0,1884,"",2.29,1.43,1.42,1.42,1.57,0.00,0.00,1.11,"",1,4.3,261,4.7,268,4.8,235,4.2,22123538,18.3,0,0.0,0,0.0,219,13.2
"20000","1","621","55","0","2024","1","",6,308,306,304,7367405,0,0,1852,"",1.56,0.81,0.80,0.79,0.87,0.00,0.00,1.08,"",0,0.0,0,0.0,3,1.0,-6,-1.9,1334830,22.1,0,0.0,0,0.0,340,22.5
"20000","1","6211","56","0","2024","1","",5,73,74,73,1959565,0,0,2055,"",1.79,0.30,0.30,0.29,0.34,0.00,0.00,1.16,"",0,0.0,4,5.8,7,10.4,2,2.8,442775,29.2,0,0.0,0,0.0,364,21.5
"20000","1","62111","57","0","2024","1","",5,73,74,73,1959565,0,0,2055,"",1.79,0.30,0.30,0.29,0.34,0.00,0.00,1.16,"",0,0.0,4,5.8,7,10.4,2,2.8,442775,29.2,0,0.0,0,0.0,364,21.5
"20000","1","621111","58","0","2024","1","",5,73,74,73,1959565,0,0,2055,"",1.79,0.30,0.30,0.29,0.34,0.00,0.00,1.16,"",0,0.0,4,5.8,7,10.4,2,2.8,442775,29.2,0,0.0,0,0.0,364,21.5
"20000","1","6214","56","0","2024","1","",1,235,232,231,5407840,0,0,1788,"",1.03,1.81,1.77,1.76,1.99,0.00,0.00,1.12,"",0,0.0,-4,-1.7,-4,-1.7,-8,-3.3,892055,19.8,0,0.0,0,0.0,328,22.5
"20000","1","62149","57","0","2024","1","",1,235,232,231,5407840,0,0,1788,"",1.05,1.83,1.79,1.79,2.02,0.00,0.00,1.12,"",0,0.0,-4,-1.7,-4,-1.7,-8,-3.3,892055,19.8,0,0.0,0,0.0,328,22.5
"20000","1","621493","58","0","2024","1","",1,235,232,231,5407840,0,0,1788,"",2.47,6.19,6.09,6.08,7.50,0.00,0.00,1.23,"",0,0.0,-4,-1.7,-4,-1.7,-8,-3.3,892055,19.8,0,0.0,0,0.0,328,22.5
"20000","1","622","55","0","2024","1","",8,5072,5090,5085,131753589,0,0,1994,"",2.15,1.43,1.42,1.42,1.63,0.00,0.00,1.14,"",1,14.3,217,4.5,212,4.3,206,4.2,20366982,18.3,0,0.0,0,0.0,235,13.4
"20000","1","6221","56","0","2024","1","",8,5072,5090,5085,131753589,0,0,1994,"",2.18,1.45,1.45,1.45,1.65,0.00,0.00,1.14,"",1,14.3,217,4.5,212,4.3,206,4.2,20366982,18.3,0,0.0,0,0.0,235,13.4
"20000","1","62211","57","0","2024","1","",8,5072,5090,5085,131753589,0,0,1994,"",2.18,1.45,1.45,1.45,1.65,0.00,0.00,1.14,"",1,14.3,217,4.5,212,4.3,206,4.2,20366982,18.3,0,0.0,0,0.0,235,13.4
"20000","1","622110","58","0","2024","1","",8,5072,5090,5085,131753589,0,0,1994,"",2.18,1.45,1.45,1.45,1.65,0.00,0.00,1.14,"",1,14.3,217,4.5,212,4.3,206,4.2,20366982,18.3,0,0.0,0,0.0,235,13.4
"20000","1","623","55","0","2024","1","",1,24,25,25,426398,0,0,1330,"",15.12,1.88,1.92,1.94,1.93,0.00,0.00,1.01,"",0,0.0,1,4.3,2,8.7,1,4.2,46120,12.1,0,0.0,0,0.0,76,6.1
"20000","1","6233","56","0","2024","1","",1,24,25,25,426398,0,0,1330,"",30.24,2.28,2.33,2.35,2.27,0.00,0.00,0.98,"",0,0.0,1,4.3,2,8.7,1,4.2,46120,12.1,0,0.0,0,0.0,76,6.1
"20000","1","62331","57","0","2024","1","",1,24,25,25,426398,0,0,1330,"",30.24,2.28,2.33,2.35,2.27,0.00,0.00,0.98,"",0,0.0,1,4.3,2,8.7,1,4.2,46120,12.1,0,0.0,0,0.0,76,6.1
"20000","1","623312","58","0","2024","1","",1,24,25,25,426398,0,0,1330,"",120.97,108.86,108.25,108.57,138.24,0.00,0.00,1.27,"",0,0.0,1,4.3,2,8.7,1,4.2,46120,12.1,0,0.0,0,0.0,76,6.1
"20000","1","624","55","0","2024","1","",9,429,442,451,3785323,0,0,661,"",3.14,2.97,3.04,3.11,2.88,0.00,0.00,0.95,"",0,0.0,43,11.1,51,13.0,34,8.2,375606,11.0,0,0.0,0,0.0,2,0.3
"20000","1","6241","56","0","2024","1","",3,18,20,20,236907,0,0,943,"",2.54,0.81,0.90,0.91,1.00,0.00,0.00,1.15,"",0,0.0,2,12.5,3,17.6,0,0.0,30052,14.5,0,0.0,0,0.0,42,4.7
"20000","1","62412","57","0","2024","1","",1,1,1,1,11890,0,0,915,"",3.67,0.37,0.37,0.37,0.22,0.00,0.00,0.59,"",0,0.0,0,0.0,0,0.0,0,0.0,601,5.3,0,0.0,0,0.0,47,5.4
"20000","1","624120","58","0","2024","1","",1,1,1,1,11890,0,0,915,"",3.67,0.37,0.37,0.37,0.22,0.00,0.00,0.59,"",0,0.0,0,0.0,0,0.0,0,0.0,601,5.3,0,0.0,0,0.0,47,5.4
"20000","1","62419","57","0","2024","1","",2,17,19,19,225017,0,0,944,"",3.78,1.50,1.67,1.70,1.90,0.00,0.00,1.17,"",0,0.0,2,13.3,3,18.8,0,0.0,29451,15.1,0,0.0,0,0.0,41,4.5
"20000","1","624190","58","0","2024","1","",2,17,19,19,225017,0,0,944,"",3.78,1.50,1.67,1.70,1.90,0.00,0.00,1.17,"",0,0.0,2,13.3,3,18.8,0,0.0,29451,15.1,0,0.0,0,0.0,41,4.5
"20000","1","6242","56","0","2024","1","",2,62,60,62,527363,0,0,661,"",20.16,34.43,33.14,34.17,44.26,0.00,0.00,1.31,"",0,0.0,-1,-1.6,-5,-7.7,-2,-3.1,19896,3.9,0,0.0,0,0.0,51,8.4
"20000","1","62422","57","0","2024","1","",2,62,60,62,527363,0,0,661,"",80.65,91.21,90.21,89.75,114.25,0.00,0.00,1.26,"",0,0.0,-1,-1.6,-5,-7.7,-2,-3.1,19896,3.9,0,0.0,0,0.0,51,8.4
"20000","1","624221","58","0","2024","1","",2,62,60,62,527363,0,0,661,"",80.65,91.21,90.21,89.75,114.25,0.00,0.00,1.26,"",0,0.0,-1,-1.6,-5,-7.7,-2,-3.1,19896,3.9,0,0.0,0,0.0,51,8.4
"20000","1","6243","56","0","2024","1","",1,3,3,3,42394,0,0,1087,"",1.78,0.14,0.14,0.14,0.12,0.00,0.00,0.86,"",0,0.0,0,0.0,0,0.0,0,0.0,-10186,-19.4,0,0.0,0,0.0,-261,-19.4
"20000","1","62431","57","0","2024","1","",1,3,3,3,42394,0,0,1087,"",1.78,0.14,0.14,0.14,0.12,0.00,0.00,0.86,"",0,0.0,0,0.0,0,0.0,0,0.0,-10186,-19.4,0,0.0,0,0.0,-261,-19.4
"20000","1","624310","58","0","2024","1","",1,3,3,3,42394,0,0,1087,"",1.78,0.14,0.14,0.14,0.12,0.00,0.00,0.86,"",0,0.0,0,0.0,0,0.0,0,0.0,-10186,-19.4,0,0.0,0,0.0,-261,-19.4
"20000","1","6244","56","0","2024","1","",3,346,359,366,2978659,0,0,642,"",2.93,3.51,3.59,3.67,4.18,0.00,0.00,1.16,"",0,0.0,42,13.8,53,17.3,36,10.9,335844,12.7,0,0.0,0,0.0,-7,-1.1
"20000","1","62441","57","0","2024","1","",3,346,359,366,2978659,0,0,642,"",2.93,3.51,3.59,3.67,4.18,0.00,0.00,1.16,"",0,0.0,42,13.8,53,17.3,36,10.9,335844,12.7,0,0.0,0,0.0,-7,-1.1
"20000","1","624410","58","0","2024","1","",3,346,359,366,2978659,0,0,642,"",2.93,3.51,3.59,3.67,4.18,0.00,0.00,1.16,"",0,0.0,42,13.8,53,17.3,36,10.9,335844,12.7,0,0.0,0,0.0,-7,-1.1
"20000","1","71","54","0","2024","1","",16,203,219,228,1863489,0,0,662,"",1.84,0.60,0.63,0.65,0.42,0.00,0.00,0.68,"",0,0.0,7,3.6,23,11.7,18,8.6,86896,4.9,0,0.0,0,0.0,-19,-2.8
"20000","1","712","55","0","2024","1","",6,54,57,61,974699,0,0,1308,"",1.47,0.28,0.29,0.31,0.30,0.00,0.00,1.03,"",0,0.0,7,14.9,6,11.8,7,13.0,59870,6.5,0,0.0,0,0.0,-81,-5.8
"20000","1","7121","56","0","2024","1","",6,54,57,61,974699,0,0,1308,"",1.47,0.28,0.29,0.31,0.30,0.00,0.00,1.03,"",0,0.0,7,14.9,6,11.8,7,13.0,59870,6.5,0,0.0,0,0.0,-81,-5.8
"20000","1","71212","57","0","2024","1","",1,0,0,0,0,0,0,0,"",4.65,0.00,0.00,0.00,0.00,0.00,0.00,0.00,"",0,0.0,0,0.0,0,0.0,-1,-100.0,-3650,-100.0,0,0.0,0,0.0,-842,-100.0
"20000","1","712120","58","0","2024","1","",1,0,0,0,0,0,0,0,"",4.65,0.00,0.00,0.00,0.00,0.00,0.00,0.00,"",0,0.0,0,0.0,0,0.0,-1,-100.0,-3650,-100.0,0,0.0,0,0.0,-842,-100.0
"20000","1","71219","57","0","2024","1","",5,54,57,61,974699,0,0,1308,"",1.43,0.41,0.42,0.44,0.47,0.00,0.00,1.11,"",0,0.0,7,14.9,6,11.8,8,15.1,63520,7.0,0,0.0,0,0.0,-85,-6.1
"20000","1","712190","58","0","2024","1","",5,54,57,61,974699,0,0,1308,"",1.43,0.41,0.42,0.44,0.47,0.00,0.00,1.11,"",0,0.0,7,14.9,6,11.8,8,15.1,63520,7.0,0,0.0,0,0.0,-85,-6.1
"20000","1","713","55","0","2024","1","",10,149,162,167,888790,0,0,429,"",2.21,1.10,1.17,1.20,0.89,0.00,0.00,0.77,"",0,0.0,0,0.0,17,11.7,11,7.1,27026,3.1,0,0.0,0,0.0,-13,-2.9
"20000","1","7139","56","0","2024","1","",10,149,162,167,888790,0,0,429,"",2.24,1.11,1.18,1.21,0.89,0.00,0.00,0.77,"",0,0.0,0,0.0,17,11.7,11,7.1,27026,3.1,0,0.0,0,0.0,-13,-2.9
"20000","1","71394","57","0","2024","1","",4,115,126,130,618132,0,0,384,"",2.97,2.13,2.28,2.35,1.51,0.00,0.00,0.67,"",0,0.0,-3,-2.5,12,10.5,7,5.7,-3964,-0.6,0,0.0,0,0.0,-20,-5.0
"20000","1","713940","58","0","2024","1","",4,115,126,130,618132,0,0,384,"",2.97,2.13,2.28,2.35,1.51,0.00,0.00,0.67,"",0,0.0,-3,-2.5,12,10.5,7,5.7,-3964,-0.6,0,0.0,0,0.0,-20,-5.0
"20000","1","71395","57","0","2024","1","",3,27,30,29,211268,0,0,567,"",3.82,2.66,2.88,2.83,3.63,0.00,0.00,1.30,"",0,0.0,4,17.4,7,30.4,4,16.0,39064,22.7,0,0.0,0,0.0,7,1.2
"20000","1","713950","58","0","2024","1","",3,27,30,29,211268,0,0,567,"",3.82,2.66,2.88,2.83,3.63,0.00,0.00,1.30,"",0,0.0,4,17.4,7,30.4,4,16.0,39064,22.7,0,0.0,0,0.0,7,1.2
"20000","1","71399","57","0","2024","1","",3,7,6,8,59390,0,0,653,"",1.82,0.12,0.10,0.14,0.14,0.00,0.00,1.13,"",0,0.0,-1,-12.5,-2,-25.0,0,0.0,-8074,-12.0,0,0.0,0,0.0,4,0.6
"20000","1","713990","58","0","2024","1","",3,7,6,8,59390,0,0,653,"",1.82,0.12,0.10,0.14,0.14,0.00,0.00,1.13,"",0,0.0,-1,-12.5,-2,-25.0,0,0.0,-8074,-12.0,0,0.0,0,0.0,4,0.6
"20000","1","72","54","0","2024","1","",2,17,23,26,161376,0,0,564,"",0.62,0.23,0.31,0.35,0.31,0.00,0.00,1.03,"",-1,-33.3,6,54.5,6,35.3,5,23.8,45875,39.7,0,0.0,0,0.0,20,3.7
"20000","1","721","55","0","2024","1","",1,6,8,10,47730,0,0,459,"",0.59,0.14,0.18,0.23,0.14,0.00,0.00,0.76,"",0,0.0,0,0.0,1,14.3,4,66.7,13849,40.9,0,0.0,0,0.0,47,11.4
"20000","1","7211","56","0","2024","1","",1,6,8,10,47730,0,0,459,"",0.98,0.20,0.27,0.34,0.20,0.00,0.00,0.72,"",0,0.0,0,0.0,1,14.3,4,66.7,13849,40.9,0,0.0,0,0.0,47,11.4
"20000","1","72119","57","0","2024","1","",1,6,8,10,47730,0,0,459,"",1.44,0.34,0.45,0.56,0.42,0.00,0.00,0.93,"",0,0.0,0,0.0,1,14.3,4,66.7,13849,40.9,0,0.0,0,0.0,47,11.4
"20000","1","721199","58","0","2024","1","",1,6,8,10,47730,0,0,459,"",1.44,0.34,0.45,0.56,0.42,0.00,0.00,0.93,"",0,0.0,0,0.0,1,14.3,4,66.7,13849,40.9,0,0.0,0,0.0,47,11.4
"20000","1","722","55","0","2024","1","",1,11,15,16,113646,0,0,624,"",0.65,0.37,0.48,0.51,0.61,0.00,0.00,1.34,"",-1,-50.0,6,120.0,5,50.0,1,6.7,32026,39.2,0,0.0,0,0.0,-4,-0.6
"20000","1","7225","56","0","2024","1","",1,11,15,16,113646,0,0,624,"",0.71,0.43,0.56,0.60,0.77,0.00,0.00,1.44,"",-1,-50.0,6,120.0,5,50.0,1,6.7,32026,39.2,0,0.0,0,0.0,-4,-0.6
"20000","1","72251","57","0","2024","1","",1,11,15,16,113646,0,0,624,"",0.71,0.43,0.56,0.60,0.77,0.00,0.00,1.44,"",-1,-50.0,6,120.0,5,50.0,1,6.7,32026,39.2,0,0.0,0,0.0,-4,-0.6
"20000","1","722511","58","0","2024","1","",1,11,15,16,113646,0,0,624,"",1.11,0.60,0.77,0.81,1.05,0.00,0.00,1.45,"",-1,-50.0,6,120.0,5,50.0,1,6.7,32026,39.2,0,0.0,0,0.0,-4,-0.6
"20000","1","81","54","0","2024","1","",2,23,23,23,426143,0,0,1425,"",1.46,0.50,0.50,0.50,0.69,0.00,0.00,1.37,"",0,0.0,-1,-4.2,0,0.0,1,4.5,20567,5.1,0,0.0,0,0.0,69,5.1
"20000","1","811","55","0","2024","1","",1,1,1,1,11434,0,0,880,"",2.75,0.17,0.16,0.16,0.08,0.00,0.00,0.46,"",0,0.0,0,0.0,0,0.0,0,0.0,-1966,-14.7,0,0.0,0,0.0,-151,-14.6
"20000","1","8111","56","0","2024","1","",1,1,1,1,11434,0,0,880,"",2.88,1.01,1.03,1.02,1.36,0.00,0.00,1.33,"",0,0.0,0,0.0,0,0.0,0,0.0,-1966,-14.7,0,0.0,0,0.0,-151,-14.6
"20000","1","81112","57","0","2024","1","",1,1,1,1,11434,0,0,880,"",4.03,2.86,2.93,2.86,3.81,0.00,0.00,1.32,"",0,0.0,0,0.0,0,0.0,0,0.0,-1966,-14.7,0,0.0,0,0.0,-151,-14.6
"20000","1","811121","58","0","2024","1","",1,1,1,1,11434,0,0,880,"",4.03,2.86,2.93,2.86,3.81,0.00,0.00,1.32,"",0,0.0,0,0.0,0,0.0,0,0.0,-1966,-14.7,0,0.0,0,0.0,-151,-14.6
"20000","1","812","55","0","2024","1","",1,22,22,22,414709,0,0,1450,"",1.48,1.51,1.50,1.52,1.90,0.00,0.00,1.26,"",0,0.0,-1,-4.3,0,0.0,1,4.8,22533,5.7,0,0.0,0,0.0,79,5.8
"20000","1","8122","56","0","2024","1","",1,22,22,22,414709,0,0,1450,"",1.63,1.53,1.52,1.54,1.91,0.00,0.00,1.25,"",0,0.0,-1,-4.3,0,0.0,1,4.8,22533,5.7,0,0.0,0,0.0,79,5.8
"20000","1","81222","57","0","2024","1","",1,22,22,22,414709,0,0,1450,"",1.63,1.53,1.52,1.54,1.91,0.00,0.00,1.25,"",0,0.0,-1,-4.3,0,0.0,1,4.8,22533,5.7,0,0.0,0,0.0,79,5.8
"20000","1","812220","58","0","2024","1","",1,22,22,22,414709,0,0,1450,"",1.63,1.53,1.52,1.54,1.91,0.00,0.00,1.25,"",0,0.0,-1,-4.3,0,0.0,1,4.8,22533,5.7,0,0.0,0,0.0,79,5.8
"20000","1","92","54","0","2024","1","",539,13469,13501,13592,308653937,0,0,1756,"",2.63,0.89,0.88,0.89,0.94,0.00,0.00,1.05,"",3,0.6,311,2.4,389,3.0,435,3.3,26934476,9.6,0,0.0,0,0.0,107,6.5
"20000","1","921","55","0","2024","1","",26,403,405,405,11534216,0,0,2194,"",1.79,0.28,0.27,0.27,0.41,0.00,0.00,1.48,"",0,0.0,85,26.7,83,25.8,43,11.9,2293834,24.8,0,0.0,0,0.0,66,3.1
"20000","1","9211","56","0","2024","1","",26,403,405,405,11534216,0,0,2194,"",1.79,0.28,0.27,0.27,0.41,0.00,0.00,1.48,"",0,0.0,85,26.7,83,25.8,43,11.9,2293834,24.8,0,0.0,0,0.0,66,3.1
"20000","1","92113","57","0","2024","1","",4,166,165,162,4495422,0,0,2104,"",0.84,0.17,0.17,0.16,0.24,0.00,0.00,1.46,"",0,0.0,53,46.9,47,39.8,33,25.6,1219081,37.2,0,0.0,0,0.0,4,0.2
"20000","1","921130","58","0","2024","1","",4,166,165,162,4495422,0,0,2104,"",0.84,0.17,0.17,0.16,0.24,0.00,0.00,1.46,"",0,0.0,53,46.9,47,39.8,33,25.6,1219081,37.2,0,0.0,0,0.0,4,0.2
"20000","1","92119","57","0","2024","1","",22,237,240,243,7038794,0,0,2256,"",2.30,0.80,0.80,0.81,1.06,0.00,0.00,1.32,"",0,0.0,32,15.6,36,17.6,10,4.3,1074753,18.0,0,0.0,0,0.0,112,5.2
"20000","1","921190","58","0","2024","1","",22,237,240,243,7038794,0,0,2256,"",2.30,0.80,0.80,0.81,1.06,0.00,0.00,1.32,"",0,0.0,32,15.6,36,17.6,10,4.3,1074753,18.0,0,0.0,0,0.0,112,5.2
"20000","1","922","55","0","2024","1","",33,1007,1020,1019,28023113,0,0,2123,"",1.14,0.41,0.41,0.41,0.49,0.00,0.00,1.19,"",2,6.5,3,0.3,13,1.3,15,1.5,2159530,8.3,0,0.0,0,0.0,143,7.2
"20000","1","9221","56","0","2024","1","",33,1007,1020,1019,28023113,0,0,2123,"",1.14,0.41,0.41,0.41,0.49,0.00,0.00,1.19,"",2,6.5,3,0.3,13,1.3,15,1.5,2159530,8.3,0,0.0,0,0.0,143,7.2
"20000","1","92211","57","0","2024","1","",7,256,260,260,7488218,0,0,2227,"",1.18,0.85,0.85,0.86,1.05,0.00,0.00,1.23,"",1,16.7,-3,-1.2,-3,-1.1,-1,-0.4,28180,0.4,0,0.0,0,0.0,28,1.3
"20000","1","922110","58","0","2024","1","",7,256,260,260,7488218,0,0,2227,"",1.18,0.85,0.85,0.86,1.05,0.00,0.00,1.23,"",1,16.7,-3,-1.2,-3,-1.1,-1,-0.4,28180,0.4,0,0.0,0,0.0,28,1.3
"20000","1","92212","57","0","2024","1","",14,197,202,201,5662957,0,0,2178,"",1.00,0.15,0.15,0.15,0.18,0.00,0.00,1.18,"",0,0.0,4,2.1,8,4.1,7,3.6,372852,7.0,0,0.0,0,0.0,77,3.7
"20000","1","922120","58","0","2024","1","",14,197,202,201,5662957,0,0,2178,"",1.00,0.15,0.15,0.15,0.18,0.00,0.00,1.18,"",0,0.0,4,2.1,8,4.1,7,3.6,372852,7.0,0,0.0,0,0.0,77,3.7
"20000","1","92213","57","0","2024","1","",5,102,100,101,3017253,0,0,2298,"",1.65,0.48,0.46,0.47,0.56,0.00,0.00,1.18,"",0,0.0,-1,-1.0,0,0.0,0,0.0,91672,3.1,0,0.0,0,0.0,77,3.5
"20000","1","922130","58","0","2024","1","",5,102,100,101,3017253,0,0,2298,"",1.65,0.48,0.46,0.47,0.56,0.00,0.00,1.18,"",0,0.0,-1,-1.0,0,0.0,0,0.0,91672,3.1,0,0.0,0,0.0,77,3.5
"20000","1","92214","57","0","2024","1","",3,412,410,413,10791828,0,0,2017,"",2.57,1.33,1.32,1.33,1.76,0.00,0.00,1.33,"",1,50.0,0,0.0,4,1.0,7,1.7,1558895,16.9,0,0.0,0,0.0,276,15.9
"20000","1","922140","58","0","2024","1","",3,412,410,413,10791828,0,0,2017,"",2.57,1.33,1.32,1.33,1.76,0.00,0.00,1.33,"",1,50.0,0,0.0,4,1.0,7,1.7,1558895,16.9,0,0.0,0,0.0,276,15.9
"20000","1","92219","57","0","2024","1","",4,40,48,44,1062857,0,0,1858,"",0.84,0.14,0.16,0.15,0.17,0.00,0.00,1.11,"",0,0.0,3,8.1,4,9.1,2,4.8,107931,11.3,0,0.0,0,0.0,66,3.7
"20000","1","922190","58","0","2024","1","",4,40,48,44,1062857,0,0,1858,"",0.84,0.14,0.16,0.15,0.17,0.00,0.00,1.11,"",0,0.0,3,8.1,4,9.1,2,4.8,107931,11.3,0,0.0,0,0.0,66,3.7
"20000","1","923","55","0","2024","1","",41,2122,2141,2140,52046876,0,0,1876,"",1.86,0.97,0.97,0.97,1.02,0.00,0.00,1.05,"",0,0.0,72,3.5,82,4.0,70,3.4,6931121,15.4,0,0.0,0,0.0,191,11.3
"20000","1","9231","56","0","2024","1","",41,2122,2141,2140,52046876,0,0,1876,"",1.86,0.97,0.97,0.97,1.02,0.00,0.00,1.05,"",0,0.0,72,3.5,82,4.0,70,3.4,6931121,15.4,0,0.0,0,0.0,191,11.3
"20000","1","92311","57","0","2024","1","",2,31,31,31,882265,0,0,2189,"",1.97,1.10,1.09,1.10,1.26,0.00,0.00,1.15,"",0,0.0,6,24.0,4,14.8,4,14.8,172585,24.3,0,0.0,0,0.0,116,5.6
"20000","1","923110","58","0","2024","1","",2,31,31,31,882265,0,0,2189,"",1.97,1.10,1.09,1.10,1.26,0.00,0.00,1.15,"",0,0.0,6,24.0,4,14.8,4,14.8,172585,24.3,0,0.0,0,0.0,116,5.6
"20000","1","92312","57","0","2024","1","",15,261,263,249,7531351,0,0,2248,"",2.32,0.45,0.45,0.42,0.44,0.00,0.00,1.00,"",0,0.0,5,2.0,5,1.9,-10,-3.9,396500,5.6,0,0.0,0,0.0,118,5.5
"20000","1","923120","58","0","2024","1","",15,261,263,249,7531351,0,0,2248,"",2.32,0.45,0.45,0.42,0.44,0.00,0.00,1.00,"",0,0.0,5,2.0,5,1.9,-10,-3.9,396500,5.6,0,0.0,0,0.0,118,5.5
"20000","1","92313","57","0","2024","1","",20,290,287,284,6271872,0,0,1681,"",1.72,0.46,0.45,0.45,0.52,0.00,0.00,1.15,"",0,0.0,-4,-1.4,-7,-2.4,-11,-3.7,244180,4.1,0,0.0,0,0.0,106,6.7
"20000","1","923130","58","0","2024","1","",20,290,287,284,6271872,0,0,1681,"",1.72,0.46,0.45,0.45,0.52,0.00,0.00,1.15,"",0,0.0,-4,-1.4,-7,-2.4,-11,-3.7,244180,4.1,0,0.0,0,0.0,106,6.7
"20000","1","92314","57","0","2024","1","",4,1540,1560,1576,37361388,0,0,1844,"",1.34,1.66,1.64,1.64,1.76,0.00,0.00,1.07,"",0,0.0,65,4.4,80,5.4,87,5.8,6117856,19.6,0,0.0,0,0.0,222,13.7
"20000","1","923140","58","0","2024","1","",4,1540,1560,1576,37361388,0,0,1844,"",1.34,1.66,1.64,1.64,1.76,0.00,0.00,1.07,"",0,0.0,65,4.4,80,5.4,87,5.8,6117856,19.6,0,0.0,0,0.0,222,13.7
"20000","1","924","55","0","2024","1","",104,1016,1023,1032,22683353,0,0,1705,"",2.46,1.11,1.11,1.10,1.36,0.00,0.00,1.23,"",-3,-2.8,106,11.6,92,9.9,94,10.0,2602614,13.0,0,0.0,0,0.0,37,2.2
"20000","1","9241","56","0","2024","1","",104,1016,1023,1032,22683353,0,0,1705,"",2.46,1.11,1.11,1.10,1.36,0.00,0.00,1.23,"",-3,-2.8,106,11.6,92,9.9,94,10.0,2602614,13.0,0,0.0,0,0.0,37,2.2
"20000","1","92411","57","0","2024","1","",5,563,569,568,14234084,0,0,1932,"",1.78,3.24,3.24,3.24,3.42,0.00,0.00,1.06,"",0,0.0,70,14.2,70,14.0,66,13.1,1770968,14.2,0,0.0,0,0.0,7,0.4
"20000","1","924110","58","0","2024","1","",5,563,569,568,14234084,0,0,1932,"",1.78,3.24,3.24,3.24,3.42,0.00,0.00,1.06,"",0,0.0,70,14.2,70,14.0,66,13.1,1770968,14.2,0,0.0,0,0.0,7,0.4
"20000","1","92412","57","0","2024","1","",99,453,454,464,8449269,0,0,1422,"",2.51,0.61,0.61,0.61,0.68,0.00,0.00,1.11,"",-3,-2.9,36,8.6,22,5.1,28,6.4,831646,10.9,0,0.0,0,0.0,54,3.9
"20000","1","924120","58","0","2024","1","",99,453,454,464,8449269,0,0,1422,"",2.51,0.61,0.61,0.61,0.68,0.00,0.00,1.11,"",-3,-2.9,36,8.6,22,5.1,28,6.4,831646,10.9,0,0.0,0,0.0,54,3.9
"20000","1","925","55","0","2024","1","",4,193,189,188,5103715,0,0,2066,"",2.80,2.10,2.04,2.03,2.19,0.00,0.00,1.06,"",0,0.0,14,7.8,8,4.4,10,5.6,466140,10.1,0,0.0,0,0.0,77,3.9
"20000","1","9251","56","0","2024","1","",4,193,189,188,5103715,0,0,2066,"",2.80,2.10,2.04,2.03,2.19,0.00,0.00,1.06,"",0,0.0,14,7.8,8,4.4,10,5.6,466140,10.1,0,0.0,0,0.0,77,3.9
"20000","1","92511","57","0","2024","1","",3,193,189,188,5103715,0,0,2066,"",3.30,2.38,2.31,2.30,2.41,0.00,0.00,1.03,"",0,0.0,14,7.8,8,4.4,10,5.6,466140,10.1,0,0.0,0,0.0,77,3.9
"20000","1","925110","58","0","2024","1","",3,193,189,188,5103715,0,0,2066,"",3.30,2.38,2.31,2.30,2.41,0.00,0.00,1.03,"",0,0.0,14,7.8,8,4.4,10,5.6,466140,10.1,0,0.0,0,0.0,77,3.9
"20000","1","92512","57","0","2024","1","",1,0,0,0,0,0,0,0,"",1.92,0.00,0.00,0.00,0.00,0.00,0.00,0.00,"",0,0.0,0,0.0,0,0.0,0,0.0,0,0.0,0,0.0,0,0.0,0,0.0
"20000","1","925120","58","0","2024","1","",1,0,0,0,0,0,0,0,"",1.92,0.00,0.00,0.00,0.00,0.00,0.00,0.00,"",0,0.0,0,0.0,0,0.0,0,0.0,0,0.0,0,0.0,0,0.0,0,0.0
"20000","1","926","55","0","2024","1","",291,3069,3060,3144,69928293,0,0,1740,"",3.95,1.30,1.29,1.33,1.38,0.00,0.00,1.05,"",1,0.3,-23,-0.7,64,2.1,167,5.6,5310652,8.2,0,0.0,0,0.0,95,5.8
"20000","1","9261","56","0","2024","1","",291,3069,3060,3144,69928293,0,0,1740,"",3.95,1.30,1.29,1.33,1.38,0.00,0.00,1.05,"",1,0.3,-23,-0.7,64,2.1,167,5.6,5310652,8.2,0,0.0,0,0.0,95,5.8
"20000","1","92611","57","0","2024","1","",122,149,150,146,2461050,0,0,1276,"",4.12,0.33,0.33,0.33,0.25,0.00,0.00,0.76,"",0,0.0,11,8.0,2,1.4,1,0.7,448447,22.3,0,0.0,0,0.0,198,18.4
"20000","1","926110","58","0","2024","1","",122,149,150,146,2461050,0,0,1276,"",4.12,0.33,0.33,0.33,0.25,0.00,0.00,0.76,"",0,0.0,11,8.0,2,1.4,1,0.7,448447,22.3,0,0.0,0,0.0,198,18.4
"20000","1","92612","57","0","2024","1","",14,1081,1080,1083,31906943,0,0,2270,"",1.71,1.07,1.05,1.06,1.56,0.00,0.00,1.47,"",0,0.0,12,1.1,16,1.5,14,1.3,2238731,7.5,0,0.0,0,0.0,132,6.2
"20000","1","926120","58","0","2024","1","",14,1081,1080,1083,31906943,0,0,2270,"",1.71,1.07,1.05,1.06,1.56,0.00,0.00,1.47,"",0,0.0,12,1.1,16,1.5,14,1.3,2238731,7.5,0,0.0,0,0.0,132,6.2
"20000","1","92613","57","0","2024","1","",2,8,8,8,255689,0,0,2459,"",1.05,0.06,0.06,0.06,0.07,0.00,0.00,1.12,"",0,0.0,0,0.0,0,0.0,0,0.0,-18800,-6.8,0,0.0,0,0.0,-180,-6.8
"20000","1","926130","58","0","2024","1","",2,8,8,8,255689,0,0,2459,"",1.05,0.06,0.06,0.06,0.07,0.00,0.00,1.12,"",0,0.0,0,0.0,0,0.0,0,0.0,-18800,-6.8,0,0.0,0,0.0,-180,-6.8
"20000","1","92614","57","0","2024","1","",140,1620,1605,1688,29527475,0,0,1387,"",5.37,3.64,3.65,3.78,3.63,0.00,0.00,0.98,"",0,0.0,-54,-3.2,36,2.3,140,9.0,2124646,7.8,0,0.0,0,0.0,67,5.1
"20000","1","926140","58","0","2024","1","",140,1620,1605,1688,29527475,0,0,1387,"",5.37,3.64,3.65,3.78,3.63,0.00,0.00,0.98,"",0,0.0,-54,-3.2,36,2.3,140,9.0,2124646,7.8,0,0.0,0,0.0,67,5.1
"20000","1","92615","57","0","2024","1","",13,211,217,219,5777136,0,0,2061,"",1.66,0.66,0.67,0.68,0.66,0.00,0.00,0.98,"",1,8.3,8,3.9,10,4.8,12,5.8,517628,9.8,0,0.0,0,0.0,94,4.8
"20000","1","926150","58","0","2024","1","",13,211,217,219,5777136,0,0,2061,"",1.66,0.66,0.67,0.68,0.66,0.00,0.00,0.98,"",1,8.3,8,3.9,10,4.8,12,5.8,517628,9.8,0,0.0,0,0.0,94,4.8
"20000","1","927","55","0","2024","1","",1,4,4,4,121030,0,0,2328,"",1.12,0.02,0.02,0.02,0.03,0.00,0.00,1.14,"",0,0.0,-1,-20.0,-1,-20.0,-1,-20.0,-15996,-11.7,0,0.0,0,0.0,220,10.4
"20000","1","9271","56","0","2024","1","",1,4,4,4,121030,0,0,2328,"",1.12,0.02,0.02,0.02,0.03,0.00,0.00,1.14,"",0,0.0,-1,-20.0,-1,-20.0,-1,-20.0,-15996,-11.7,0,0.0,0,0.0,220,10.4
"20000","1","92711","57","0","2024","1","",1,4,4,4,121030,0,0,2328,"",1.12,0.02,0.02,0.02,0.03,0.00,0.00,1.14,"",0,0.0,-1,-20.0,-1,-20.0,-1,-20.0,-15996,-11.7,0,0.0,0,0.0,220,10.4
"20000","1","927110","58","0","2024","1","",1,4,4,4,121030,0,0,2328,"",1.12,0.02,0.02,0.02,0.03,0.00,0.00,1.14,"",0,0.0,-1,-20.0,-1,-20.0,-1,-20.0,-15996,-11.7,0,0.0,0,0.0,220,10.4
"20000","1","928","55","0","2024","1","",39,5655,5659,5660,119213341,0,0,1621,"",1.84,1.03,1.02,1.02,1.01,0.00,0.00,0.98,"",3,8.3,55,1.0,48,0.9,37,0.7,7186581,6.4,0,0.0,0,0.0,85,5.5
"20000","1","9281","56","0","2024","1","",39,5655,5659,5660,119213341,0,0,1621,"",1.84,1.03,1.02,1.02,1.01,0.00,0.00,0.98,"",3,8.3,55,1.0,48,0.9,37,0.7,7186581,6.4,0,0.0,0,0.0,85,5.5
"20000","1","92811","57","0","2024","1","",33,5221,5217,5214,108804227,0,0,1604,"",2.07,1.03,1.02,1.02,1.00,0.00,0.00,0.98,"",4,13.8,34,0.7,23,0.4,11,0.2,6429066,6.3,0,0.0,0,0.0,88,5.8
"20000","1","928110","58","0","2024","1","",33,5221,5217,5214,108804227,0,0,1604,"",2.07,1.03,1.02,1.02,1.00,0.00,0.00,0.98,"",4,13.8,34,0.7,23,0.4,11,0.2,6429066,6.3,0,0.0,0,0.0,88,5.8
"20000","1","92812","57","0","2024","1","",6,434,442,446,10409114,0,0,1817,"",1.15,1.09,1.10,1.11,1.08,0.00,0.00,0.98,"",-1,-14.3,21,5.1,25,6.0,26,6.2,757515,7.8,0,0.0,0,0.0,35,2.0
"20000","1","928120","58","0","2024","1","",6,434,442,446,10409114,0,0,1817,"",1.15,1.09,1.10,1.11,1.08,0.00,0.00,0.98,"",-1,-14.3,21,5.1,25,6.0,26,6.2,757515,7.8,0,0.0,0,0.0,35,2.0
"20000","2","10","51","0","2024","1","",1062,40688,41014,41099,692507329,1091798,21967,1301,"",1.77,0.94,0.93,0.93,1.02,0.03,0.43,1.09,"",77,7.8,1365,3.5,1354,3.4,1224,3.1,53478866,8.4,757058,226.2,16856,329.8,60,4.8
"20000","2","102","52","0","2024","1","",1062,40688,41014,41099,692507329,1091798,21967,1301,"",1.82,0.96,0.94,0.94,1.03,0.03,0.44,1.09,"",77,7.8,1365,3.5,1354,3.4,1224,3.1,53478866,8.4,757058,226.2,16856,329.8,60,4.8
"20000","2","1022","53","0","2024","1","",2,23,23,22,250470,0,0,850,"",0.79,0.40,0.40,0.38,0.37,0.00,0.00,0.95,"",0,0.0,1,4.5,1,4.5,0,0.0,14124,6.0,0,0.0,0,0.0,24,2.9
"20000","2","1024","53","0","2024","1","",115,587,600,590,10430420,30745,815,1355,"",11.18,1.70,1.72,1.69,1.79,0.05,0.59,1.05,"",6,5.5,25,4.4,42,7.5,37,6.7,850133,8.9,8320,37.1,324,66.0,34,2.6
"20000","2","1025","53","0","2024","1","",68,22440,22707,22710,415894535,854683,19493,1414,"",0.54,0.92,0.90,0.90,1.08,0.05,1.22,1.19,"",6,9.7,593,2.7,587,2.7,468,2.1,27533442,7.1,654950,327.9,15049,338.6,60,4.4
"20000","2","1026","53","0","2024","1","",1,27,27,27,367516,0,0,1047,"",0.13,0.17,0.17,0.17,0.24,0.00,0.00,1.43,"",0,0.0,1,3.8,2,8.0,2,8.0,65910,21.9,0,0.0,0,0.0,131,14.3
"20000","2","1028","53","0","2024","1","",876,17611,17657,17750,265564388,206370,1659,1156,"",2.06,1.05,1.04,1.04,1.00,0.01,0.06,0.95,"",65,8.0,745,4.4,722,4.3,717,4.2,25015257,10.4,93788,83.3,1483,842.6,64,5.9
"20000","2","51","54","0","2024","1","",2,23,23,22,250470,0,0,850,"",0.79,0.40,0.40,0.38,0.37,0.00,0.00,0.95,"",0,0.0,1,4.5,1,4.5,0,0.0,14124,6.0,0,0.0,0,0.0,24,2.9
"20000","2","519","55","0","2024","1","",2,23,23,22,250470,0,0,850,"",1.08,0.57,0.57,0.54,0.61,0.00,0.00,1.09,"",0,0.0,1,4.5,1,4.5,0,0.0,14124,6.0,0,0.0,0,0.0,24,2.9
"20000","2","5192","56","0","2024","1","",2,23,23,22,250470,0,0,850,"",1.08,0.57,0.57,0.54,0.61,0.00,0.00,1.09,"",0,0.0,1,4.5,1,4.5,0,0.0,14124,6.0,0,0.0,0,0.0,24,2.9
"20000","2","51921","57","0","2024","1","",2,23,23,22,250470,0,0,850,"",1.08,0.57,0.57,0.54,0.61,0.00,0.00,1.09,"",0,0.0,1,4.5,1,4.5,0,0.0,14124,6.0,0,0.0,0,0.0,24,2.9
"20000","2","519210","58","0","2024","1","",2,23,23,22,250470,0,0,850,"",1.08,0.57,0.57,0.54,0.61,0.00,0.00,1.09,"",0,0.0,1,4.5,1,4.5,0,0.0,14124,6.0,0,0.0,0,0.0,24,2.9
"20000","2","54","54","0","2024","1","",110,584,597,585,10379671,2745,59,1356,"",19.74,2.35,2.39,2.34,2.28,0.01,0.10,0.96,"",3,2.8,23,4.1,40,7.2,33,6.0,815302,8.5,-5680,-67.4,-54,-47.8,34,2.6
"20000","2","541","55","0","2024","1","",110,584,597,585,10379671,2745,59,1356,"",19.74,2.35,2.39,2.34,2.28,0.01,0.10,0.96,"",3,2.8,23,4.1,40,7.2,33,6.0,815302,8.5,-5680,-67.4,-54,-47.8,34,2.6
"20000","2","5411","56","0","2024","1","",12,218,227,221,4209623,0,0,1459,"",38.20,73.47,74.02,72.05,89.67,0.00,0.00,1.23,"",3,33.3,22,11.2,33,17.0,25,12.8,581553,16.0,0,0.0,0,0.0,30,2.1
"20000","2","54111","57","0","2024","1","",12,218,227,221,4209623,0,0,1459,"",38.20,73.47,74.02,72.05,89.67,0.00,0.00,1.23,"",3,33.3,22,11.2,33,17.0,25,12.8,581553,16.0,0,0.0,0,0.0,30,2.1
"20000","2","541110","58","0","2024","1","",12,218,227,221,4209623,0,0,1459,"",38.20,73.47,74.02,72.05,89.67,0.00,0.00,1.23,"",3,33.3,22,11.2,33,17.0,25,12.8,581553,16.0,0,0.0,0,0.0,30,2.1
"20000","2","54119","57","0","2024","1","-",0,0,0,0,0,0,0,0,"N",0.00,0,0,0,0,0,0,0,"N",0,0,0,0,0,0,0,0,0,0,0,0,0,0,0,0
"20000","2","541199","58","0","2024","1","-",0,0,0,0,0,0,0,0,"N",0.00,0,0,0,0,0,0,0,"N",0,0,0,0,0,0,0,0,0,0,0,0,0,0,0,0
"20000","2","5415","56","0","2024","1","",2,2,2,1,2745,2745,59,127,"",0.75,0.02,0.02,0.01,0.00,0.19,0.70,0.08,"",0,0.0,-1,-33.3,0,0.0,-1,-50.0,-5680,-67.4,-5680,-67.4,-54,-47.8,-151,-54.3
"20000","2","54151","57","0","2024","1","",2,2,2,1,2745,2745,59,127,"",0.75,0.02,0.02,0.01,0.00,0.19,0.70,0.08,"",0,0.0,-1,-33.3,0,0.0,-1,-50.0,-5680,-67.4,-5680,-67.4,-54,-47.8,-151,-54.3
"20000","2","541511","58","0","2024","1","",1,1,1,0,585,585,1,68,"N",1.26,0,0,0,0,0,0,0,"",0,0.0,-1,-50.0,0,0.0,-1,-100.0,-3820,-86.7,-3820,-86.7,-3,-75.0,-186,-73.2
"20000","2","541512","58","0","2024","1","",1,1,1,1,2160,2160,58,166,"",0.68,0.02,0.02,0.02,0.00,89.73,155.12,0.10,"",0,0.0,0,0.0,0,0.0,0,0.0,-1860,-46.3,-1860,-46.3,-51,-46.8,-143,-46.3
"20000","2","5417","56","0","2024","1","",96,364,368,363,6167303,0,0,1300,"",66.74,3.91,3.89,3.83,3.49,0.00,0.00,0.90,"",0,0.0,2,0.6,7,1.9,9,2.5,239429,4.0,0,0.0,0,0.0,30,2.4
"20000","2","54171","57","0","2024","1","",96,364,368,363,6167303,0,0,1300,"",70.38,3.96,3.94,3.89,3.52,0.00,0.00,0.90,"",0,0.0,2,0.6,7,1.9,9,2.5,239429,4.0,0,0.0,0,0.0,30,2.4
"20000","2","541715","58","0","2024","1","",96,364,368,363,6167303,0,0,1300,"",73.97,4.06,4.04,3.98,3.59,0.00,0.00,0.89,"",0,0.0,2,0.6,7,1.9,9,2.5,239429,4.0,0,0.0,0,0.0,30,2.4
"20000","2","56","54","0","2024","1","",5,3,3,5,50749,28000,756,1065,"",1.06,0.03,0.03,0.05,0.04,0.17,0.97,1.07,"",3,150.0,2,200.0,2,200.0,4,400.0,34831,218.8,14000,100.0,378,100.0,-159,-13.0
"20000","2","561","55","0","2024","1","",5,3,3,5,50749,28000,756,1065,"",1.07,0.03,0.03,0.05,0.04,0.21,2.31,1.07,"",3,150.0,2,200.0,2,200.0,4,400.0,34831,218.8,14000,100.0,378,100.0,-159,-13.0
"20000","2","5611","56","0","2024","1","",4,2,2,4,33369,28000,756,963,"",16.13,0.11,0.11,0.22,0.12,1.23,5.37,0.82,"",2,100.0,1,100.0,1,100.0,3,300.0,17451,109.6,14000,100.0,378,100.0,-261,-21.3
"20000","2","56111","57","0","2024","1","",4,2,2,4,33369,28000,756,963,"",16.13,0.11,0.11,0.22,0.12,1.23,5.37,0.82,"",2,100.0,1,100.0,1,100.0,3,300.0,17451,109.6,14000,100.0,378,100.0,-261,-21.3
"20000","2","561110","58","0","2024","1","",4,2,2,4,33369,28000,756,963,"",16.13,0.11,0.11,0.22,0.12,1.23,5.37,0.82,"",2,100.0,1,100.0,1,100.0,3,300.0,17451,109.6,14000,100.0,378,100.0,-261,-21.3
"20000","2","5614","56","0","2024","1","",1,1,1,1,17380,0,0,1337,"",12.10,0.14,0.14,0.14,0.19,0.00,0.00,1.37,"",1,100.0,1,100.0,1,100.0,1,100.0,17380,100.0,0,0.0,0,0.0,1337,100.0
"20000","2","56142","57","0","2024","1","",1,1,1,1,17380,0,0,1337,"",12.10,0.14,0.14,0.14,0.19,0.00,0.00,1.37,"",1,100.0,1,100.0,1,100.0,1,100.0,17380,100.0,0,0.0,0,0.0,1337,100.0
"20000","2","561422","58","0","2024","1","",1,1,1,1,17380,0,0,1337,"N",13.44,0,0,0,0,0,0,0,"",1,100.0,1,100.0,1,100.0,1,100.0,17380,100.0,0,0.0,0,0.0,1337,100.0
"20000","2","61","54","0","2024","1","",45,16055,16291,16287,306907854,854683,19493,1456,"",0.65,0.88,0.85,0.86,1.08,0.06,1.55,1.25,"",6,15.4,412,2.6,397,2.5,327,2.0,20206170,7.0,654950,327.9,15049,338.6,63,4.5
"20000","2","611","55","0","2024","1","",45,16055,16291,16287,306907854,854683,19493,1456,"",0.65,0.88,0.85,0.86,1.08,0.06,1.55,1.25,"",6,15.4,412,2.6,397,2.5,327,2.0,20206170,7.0,654950,327.9,15049,338.6,63,4.5
"20000","2","6111","56","0","2024","1","",2,240,236,232,3006765,0,0,980,"",0.26,0.42,0.39,0.38,0.44,0.00,0.00,1.12,"",0,0.0,20,9.1,12,5.4,8,3.6,320758,11.9,0,0.0,0,0.0,52,5.6
"20000","2","61111","57","0","2024","1","",2,240,236,232,3006765,0,0,980,"",0.26,0.42,0.39,0.38,0.44,0.00,0.00,1.12,"",0,0.0,20,9.1,12,5.4,8,3.6,320758,11.9,0,0.0,0,0.0,52,5.6
"20000","2","611110","58","0","2024","1","",2,240,236,232,3006765,0,0,980,"",0.26,0.42,0.39,0.38,0.44,0.00,0.00,1.12,"",0,0.0,20,9.1,12,5.4,8,3.6,320758,11.9,0,0.0,0,0.0,52,5.6
"20000","2","6112","56","0","2024","1","",2,0,4,4,10508,1600,43,303,"",0.27,0.00,0.00,0.00,0.00,0.00,0.02,0.41,"",1,100.0,0,0.0,4,100.0,4,100.0,10508,100.0,1600,100.0,43,100.0,303,100.0
"20000","2","61121","57","0","2024","1","",2,0,4,4,10508,1600,43,303,"",0.27,0.00,0.00,0.00,0.00,0.00,0.02,0.41,"",1,100.0,0,0.0,4,100.0,4,100.0,10508,100.0,1600,100.0,43,100.0,303,100.0
"20000","2","611210","58","0","2024","1","",2,0,4,4,10508,1600,43,303,"",0.27,0.00,0.00,0.00,0.00,0.00,0.02,0.41,"",1,100.0,0,0.0,4,100.0,4,100.0,10508,100.0,1600,100.0,43,100.0,303,100.0
"20000","2","6113","56","0","2024","1","",37,15810,16044,16044,303811123,806535,18566,1464,"",0.72,1.00,0.98,0.98,1.17,0.07,1.88,1.19,"",4,12.1,392,2.5,379,2.4,313,2.0,19860117,7.0,628041,351.9,14343,339.6,64,4.6
"20000","2","61131","57","0","2024","1","",37,15810,16044,16044,303811123,806535,18566,1464,"",0.72,1.00,0.98,0.98,1.17,0.07,1.88,1.19,"",4,12.1,392,2.5,379,2.4,313,2.0,19860117,7.0,628041,351.9,14343,339.6,64,4.6
"20000","2","611310","58","0","2024","1","",37,15810,16044,16044,303811123,806535,18566,1464,"",0.72,1.00,0.98,0.98,1.17,0.07,1.88,1.19,"",4,12.1,392,2.5,379,2.4,313,2.0,19860117,7.0,628041,351.9,14343,339.6,64,4.6
"20000","2","6116","56","0","2024","1","",1,2,2,2,29858,0,0,1148,"",3.67,0.20,0.17,0.18,0.31,0.00,0.00,1.68,"",0,0.0,-1,-33.3,-1,-33.3,-1,-33.3,-13574,-31.3,0,0.0,0,0.0,34,3.1
"20000","2","61169","57","0","2024","1","",1,2,2,2,29858,0,0,1148,"N",4.65,0,0,0,0,0,0,0,"",0,0.0,-1,-33.3,-1,-33.3,-1,-33.3,-13574,-31.3,0,0.0,0,0.0,34,3.1
"20000","2","611699","58","0","2024","1","",1,2,2,2,29858,0,0,1148,"N",6.05,0,0,0,0,0,0,0,"",0,0.0,-1,-33.3,-1,-33.3,-1,-33.3,-13574,-31.3,0,0.0,0,0.0,34,3.1
"20000","2","6117","56","0","2024","1","",3,3,5,5,49600,46548,884,880,"",10.08,2.04,3.38,3.35,2.53,13.65,35.50,0.87,"",1,50.0,1,50.0,3,150.0,3,150.0,28361,133.5,25309,119.2,663,300.0,63,7.7
"20000","2","61171","57","0","2024","1","",3,3,5,5,49600,46548,884,880,"",10.08,2.04,3.38,3.35,2.53,13.65,35.50,0.87,"",1,50.0,1,50.0,3,150.0,3,150.0,28361,133.5,25309,119.2,663,300.0,63,7.7
"20000","2","611710","58","0","2024","1","",3,3,5,5,49600,46548,884,880,"",10.08,2.04,3.38,3.35,2.53,13.65,35.50,0.87,"",1,50.0,1,50.0,3,150.0,3,150.0,28361,133.5,25309,119.2,663,300.0,63,7.7
"20000","2","62","54","0","2024","1","",23,6385,6416,6423,108986681,0,0,1308,"",0.42,1.03,1.03,1.03,1.08,0.00,0.00,1.05,"",0,0.0,181,2.9,190,3.1,141,2.2,7327272,7.2,0,0.0,0,0.0,54,4.3
"20000","2","621","55","0","2024","1","",3,423,420,416,7367415,0,0,1350,"",0.31,1.14,1.11,1.10,1.36,0.00,0.00,1.22,"",0,0.0,-42,-9.0,-38,-8.3,-41,-9.0,-631057,-7.9,0,0.0,0,0.0,12,0.9
"20000","2","6211","56","0","2024","1","",3,423,420,416,7367415,0,0,1350,"",1.61,2.93,2.83,2.78,2.97,0.00,0.00,1.04,"",0,0.0,-42,-9.0,-38,-8.3,-41,-9.0,-631057,-7.9,0,0.0,0,0.0,12,0.9
"20000","2","62111","57","0","2024","1","",3,423,420,416,7367415,0,0,1350,"",1.61,2.93,2.83,2.78,2.97,0.00,0.00,1.04,"",0,0.0,-42,-9.0,-38,-8.3,-41,-9.0,-631057,-7.9,0,0.0,0,0.0,12,0.9
"20000","2","621111","58","0","2024","1","",3,423,420,416,7367415,0,0,1350,"N",1.63,0,0,0,0,0,0,0,"",0,0.0,-42,-9.0,-38,-8.3,-41,-9.0,-631057,-7.9,0,0.0,0,0.0,12,0.9
"20000","2","622","55","0","2024","1","",5,5627,5654,5662,96791524,0,0,1318,"",0.53,1.42,1.41,1.41,1.38,0.00,0.00,0.97,"",0,0.0,188,3.5,183,3.3,134,2.4,6986065,7.8,0,0.0,0,0.0,57,4.5
"20000","2","6221","56","0","2024","1","",1,3909,3953,3968,69716053,0,0,1360,"",0.99,1.49,1.49,1.49,1.48,0.00,0.00,0.99,"",0,0.0,151,4.0,179,4.7,150,3.9,4872852,7.5,0,0.0,0,0.0,42,3.2
"20000","2","62211","57","0","2024","1","",1,3909,3953,3968,69716053,0,0,1360,"",0.99,1.49,1.49,1.49,1.48,0.00,0.00,0.99,"",0,0.0,151,4.0,179,4.7,150,3.9,4872852,7.5,0,0.0,0,0.0,42,3.2
"20000","2","622110","58","0","2024","1","",1,3909,3953,3968,69716053,0,0,1360,"",0.99,1.49,1.49,1.49,1.48,0.00,0.00,0.99,"",0,0.0,151,4.0,179,4.7,150,3.9,4872852,7.5,0,0.0,0,0.0,42,3.2
"20000","2","6222","56","0","2024","1","",3,1354,1346,1336,22271917,0,0,1273,"",0.37,1.36,1.34,1.33,1.40,0.00,0.00,1.04,"",0,0.0,29,2.2,7,0.5,-10,-0.7,1603097,7.8,0,0.0,0,0.0,84,7.1
"20000","2","62221","57","0","2024","1","",3,1354,1346,1336,22271917,0,0,1273,"",0.37,1.36,1.34,1.33,1.40,0.00,0.00,1.04,"",0,0.0,29,2.2,7,0.5,-10,-0.7,1603097,7.8,0,0.0,0,0.0,84,7.1
"20000","2","622210","58","0","2024","1","",3,1354,1346,1336,22271917,0,0,1273,"",0.37,1.36,1.34,1.33,1.40,0.00,0.00,1.04,"",0,0.0,29,2.2,7,0.5,-10,-0.7,1603097,7.8,0,0.0,0,0.0,84,7.1
"20000","2","6223","56","0","2024","1","",1,364,355,358,4803554,0,0,1029,"",3.67,1.06,1.02,1.03,0.66,0.00,0.00,0.64,"",0,0.0,8,2.2,-3,-0.8,-6,-1.6,510116,11.9,0,0.0,0,0.0,110,12.0
"20000","2","62231","57","0","2024","1","",1,364,355,358,4803554,0,0,1029,"",3.67,1.06,1.02,1.03,0.66,0.00,0.00,0.64,"",0,0.0,8,2.2,-3,-0.8,-6,-1.6,510116,11.9,0,0.0,0,0.0,110,12.0
"20000","2","622310","58","0","2024","1","",1,364,355,358,4803554,0,0,1029,"",3.67,1.06,1.02,1.03,0.66,0.00,0.00,0.64,"",0,0.0,8,2.2,-3,-0.8,-6,-1.6,510116,11.9,0,0.0,0,0.0,110,12.0
"20000","2","624","55","0","2024","1","",15,335,342,345,4827742,0,0,1090,"",0.72,0.38,0.38,0.39,0.44,0.00,0.00,1.15,"",0,0.0,35,11.7,45,15.2,48,16.2,972264,25.2,0,0.0,0,0.0,95,9.5
"20000","2","6243","56","0","2024","1","",15,335,342,345,4827742,0,0,1090,"",2.76,3.03,3.06,3.09,3.62,0.00,0.00,1.18,"",0,0.0,35,11.7,45,15.2,48,16.2,972264,25.2,0,0.0,0,0.0,95,9.5
"20000","2","62431","57","0","2024","1","",15,335,342,345,4827742,0,0,1090,"",2.76,3.03,3.06,3.09,3.62,0.00,0.00,1.18,"",0,0.0,35,11.7,45,15.2,48,16.2,972264,25.2,0,0.0,0,0.0,95,9.5
"20000","2","624310","58","0","2024","1","",15,335,342,345,4827742,0,0,1090,"",2.76,3.03,3.06,3.09,3.62,0.00,0.00,1.18,"",0,0.0,35,11.7,45,15.2,48,16.2,972264,25.2,0,0.0,0,0.0,95,9.5
"20000","2","71","54","0","2024","1","",1,27,27,27,367516,0,0,1047,"N",0.13,0,0,0,0,0,0,0,"",0,0.0,1,3.8,2,8.0,2,8.0,65910,21.9,0,0.0,0,0.0,131,14.3
"20000","2","711","55","0","2024","1","",1,27,27,27,367516,0,0,1047,"",3.67,0.98,0.94,0.99,1.53,0.00,0.00,1.58,"",0,0.0,1,3.8,2,8.0,2,8.0,65910,21.9,0,0.0,0,0.0,131,14.3
"20000","2","7113","56","0","2024","1","",1,27,27,27,367516,0,0,1047,"N",4.03,0,0,0,0,0,0,0,"",0,0.0,1,3.8,2,8.0,2,8.0,65910,21.9,0,0.0,0,0.0,131,14.3
"20000","2","71131","57","0","2024","1","",1,27,27,27,367516,0,0,1047,"N",4.17,0,0,0,0,0,0,0,"",0,0.0,1,3.8,2,8.0,2,8.0,65910,21.9,0,0.0,0,0.0,131,14.3
"20000","2","711310","58","0","2024","1","",1,27,27,27,367516,0,0,1047,"N",4.17,0,0,0,0,0,0,0,"",0,0.0,1,3.8,2,8.0,2,8.0,65910,21.9,0,0.0,0,0.0,131,14.3
"20000","2","92","54","0","2024","1","",876,17611,17657,17750,265564388,206370,1659,1156,"",2.06,1.05,1.04,1.04,1.00,0.01,0.06,0.95,"",65,8.0,745,4.4,722,4.3,717,4.2,25015257,10.4,93788,83.3,1483,842.6,64,5.9
"20000","2","921","55","0","2024","1","",95,2402,2410,2424,34530811,144368,1233,1101,"",1.77,1.10,1.09,1.10,0.92,0.06,0.40,0.84,"",3,3.3,113,4.9,94,4.1,85,3.6,2616853,8.2,53904,59.6,1079,700.6,40,3.8
"20000","2","9211","56","0","2024","1","",95,2402,2410,2424,34530811,144368,1233,1101,"",1.77,1.10,1.09,1.10,0.92,0.06,0.40,0.84,"",3,3.3,113,4.9,94,4.1,85,3.6,2616853,8.2,53904,59.6,1079,700.6,40,3.8
"20000","2","92111","57","0","2024","1","",2,46,45,46,638443,0,0,1075,"",0.42,0.38,0.37,0.38,0.33,0.00,0.00,0.87,"",0,0.0,1,2.2,-1,-2.2,0,0.0,41414,6.9,0,0.0,0,0.0,69,6.9
"20000","2","921110","58","0","2024","1","",2,46,45,46,638443,0,0,1075,"",0.42,0.38,0.37,0.38,0.33,0.00,0.00,0.87,"",0,0.0,1,2.2,-1,-2.2,0,0.0,41414,6.9,0,0.0,0,0.0,69,6.9
"20000","2","92112","57","0","2024","1","",3,326,324,321,4268358,0,0,1014,"",0.73,1.20,1.14,1.16,1.08,0.00,0.00,0.93,"",0,0.0,25,8.3,20,6.6,18,5.9,490694,13.0,0,0.0,0,0.0,54,5.6
"20000","2","921120","58","0","2024","1","",3,326,324,321,4268358,0,0,1014,"",0.73,1.20,1.14,1.16,1.08,0.00,0.00,0.93,"",0,0.0,25,8.3,20,6.6,18,5.9,490694,13.0,0,0.0,0,0.0,54,5.6
"20000","2","92113","57","0","2024","1","",75,1431,1434,1451,19784146,91846,147,1058,"",3.70,1.55,1.54,1.55,1.23,0.12,0.13,0.79,"",0,0.0,63,4.6,54,3.9,43,3.1,1314666,7.1,1382,1.5,-7,-4.5,32,3.1
"20000","2","921130","58","0","2024","1","",75,1431,1434,1451,19784146,91846,147,1058,"",3.70,1.55,1.54,1.55,1.23,0.12,0.13,0.79,"",0,0.0,63,4.6,54,3.9,43,3.1,1314666,7.1,1382,1.5,-7,-4.5,32,3.1
"20000","2","92114","57","0","2024","1","",11,481,486,485,7325626,0,0,1164,"",18.48,25.58,25.00,25.10,23.50,0.00,0.00,0.93,"",1,10.0,12,2.6,9,1.9,11,2.3,452748,6.6,0,0.0,0,0.0,47,4.2
"20000","2","921140","58","0","2024","1","",11,481,486,485,7325626,0,0,1164,"",18.48,25.58,25.00,25.10,23.50,0.00,0.00,0.93,"",1,10.0,12,2.6,9,1.9,11,2.3,452748,6.6,0,0.0,0,0.0,47,4.2
"20000","2","92119","57","0","2024","1","",4,118,121,121,2514238,52522,1086,1612,"",0.17,0.14,0.14,0.14,0.17,0.05,0.70,1.19,"",2,100.0,12,11.3,12,11.0,13,12.0,317331,14.4,52522,100.0,1086,100.0,42,2.7
"20000","2","921190","58","0","2024","1","",4,118,121,121,2514238,52522,1086,1612,"",0.17,0.14,0.14,0.14,0.17,0.05,0.70,1.19,"",2,100.0,12,11.3,12,11.0,13,12.0,317331,14.4,52522,100.0,1086,100.0,42,2.7
"20000","2","922","55","0","2024","1","",278,6094,6104,6103,102981310,14000,378,1299,"",2.31,0.98,0.97,0.96,1.01,0.00,0.04,1.04,"",7,2.6,350,6.1,360,6.3,379,6.6,10483859,11.3,14000,100.0,378,100.0,59,4.8
"20000","2","9221","56","0","2024","1","",278,6094,6104,6103,102981310,14000,378,1299,"",2.31,0.98,0.97,0.96,1.01,0.00,0.04,1.04,"",7,2.6,350,6.1,360,6.3,379,6.6,10483859,11.3,14000,100.0,378,100.0,59,4.8
"20000","2","92211","57","0","2024","1","",1,9,9,9,158579,0,0,1355,"",0.03,0.01,0.01,0.01,0.01,0.00,0.00,1.06,"",0,0.0,-1,-10.0,-1,-10.0,-1,-10.0,21340,15.5,0,0.0,0,0.0,299,28.3
"20000","2","922110","58","0","2024","1","",1,9,9,9,158579,0,0,1355,"",0.03,0.01,0.01,0.01,0.01,0.00,0.00,1.06,"",0,0.0,-1,-10.0,-1,-10.0,-1,-10.0,21340,15.5,0,0.0,0,0.0,299,28.3
"20000","2","92212","57","0","2024","1","",84,733,724,728,14261602,0,0,1506,"",4.08,0.77,0.76,0.76,0.75,0.00,0.00,0.99,"",2,2.4,4,0.5,-5,-0.7,6,0.8,933045,7.0,0,0.0,0,0.0,95,6.7
"20000","2","922120","58","0","2024","1","",84,733,724,728,14261602,0,0,1506,"",4.08,0.77,0.76,0.76,0.75,0.00,0.00,0.99,"",2,2.4,4,0.5,-5,-0.7,6,0.8,933045,7.0,0,0.0,0,0.0,95,6.7
"20000","2","92213","57","0","2024","1","",133,2180,2175,2181,34723402,14000,378,1226,"",7.83,3.89,3.85,3.86,3.63,0.04,1.34,0.94,"",8,6.4,53,2.5,57,2.7,66,3.1,2487380,7.7,14000,100.0,378,100.0,56,4.8
"20000","2","922130","58","0","2024","1","",133,2180,2175,2181,34723402,14000,378,1226,"",7.83,3.89,3.85,3.86,3.63,0.04,1.34,0.94,"",8,6.4,53,2.5,57,2.7,66,3.1,2487380,7.7,14000,100.0,378,100.0,56,4.8
"20000","2","92214","57","0","2024","1","",39,3104,3128,3117,52727354,0,0,1302,"",1.12,0.94,0.94,0.92,1.05,0.00,0.00,1.12,"",-1,-2.5,291,10.3,310,11.0,309,11.0,6862623,15.0,0,0.0,0,0.0,48,3.8
"20000","2","922140","58","0","2024","1","",39,3104,3128,3117,52727354,0,0,1302,"",1.12,0.94,0.94,0.92,1.05,0.00,0.00,1.12,"",-1,-2.5,291,10.3,310,11.0,309,11.0,6862623,15.0,0,0.0,0,0.0,48,3.8
"20000","2","92216","57","0","2024","1","",20,63,63,63,1001179,0,0,1222,"",16.02,2.85,2.72,2.60,3.86,0.00,0.00,1.42,"",-2,-9.1,2,3.3,-2,-3.1,-2,-3.1,162202,19.3,0,0.0,0,0.0,208,20.5
"20000","2","922160","58","0","2024","1","",20,63,63,63,1001179,0,0,1222,"",16.02,2.85,2.72,2.60,3.86,0.00,0.00,1.42,"",-2,-9.1,2,3.3,-2,-3.1,-2,-3.1,162202,19.3,0,0.0,0,0.0,208,20.5
"20000","2","92219","57","0","2024","1","",1,5,5,5,109194,0,0,1680,"",0.18,0.02,0.02,0.02,0.02,0.00,0.00,1.26,"",0,0.0,1,25.0,1,25.0,1,25.0,17269,18.8,0,0.0,0,0.0,-88,-5.0
"20000","2","922190","58","0","2024","1","",1,5,5,5,109194,0,0,1680,"",0.18,0.02,0.02,0.02,0.02,0.00,0.00,1.26,"",0,0.0,1,25.0,1,25.0,1,25.0,17269,18.8,0,0.0,0,0.0,-88,-5.0
"20000","2","923","55","0","2024","1","",173,4988,4997,5016,67996829,0,0,1046,"",1.88,1.27,1.26,1.27,1.16,0.00,0.00,0.92,"",43,33.1,128,2.6,128,2.6,112,2.3,5959713,9.6,0,0.0,0,0.0,68,7.0
"20000","2","9231","56","0","2024","1","",173,4988,4997,5016,67996829,0,0,1046,"",1.88,1.27,1.26,1.27,1.16,0.00,0.00,0.92,"",43,33.1,128,2.6,128,2.6,112,2.3,5959713,9.6,0,0.0,0,0.0,68,7.0
"20000","2","92311","57","0","2024","1","",20,323,328,326,5365996,0,0,1267,"",1.97,0.76,0.77,0.76,0.74,0.00,0.00,0.98,"",0,0.0,5,1.6,-1,-0.3,-2,-0.6,209448,4.1,0,0.0,0,0.0,47,3.9
"20000","2","923110","58","0","2024","1","",20,323,328,326,5365996,0,0,1267,"",1.97,0.76,0.77,0.76,0.74,0.00,0.00,0.98,"",0,0.0,5,1.6,-1,-0.3,-2,-0.6,209448,4.1,0,0.0,0,0.0,47,3.9
"20000","2","92312","57","0","2024","1","",57,1594,1593,1582,22829122,0,0,1105,"",1.91,1.22,1.21,1.20,1.15,0.00,0.00,0.96,"",26,83.9,84,5.6,84,5.6,58,3.8,2624643,13.0,0,0.0,0,0.0,79,7.7
"20000","2","923120","58","0","2024","1","",57,1594,1593,1582,22829122,0,0,1105,"",1.91,1.22,1.21,1.20,1.15,0.00,0.00,0.96,"",26,83.9,84,5.6,84,5.6,58,3.8,2624643,13.0,0,0.0,0,0.0,79,7.7
"20000","2","92313","57","0","2024","1","",96,3071,3076,3108,39801711,0,0,992,"",2.04,1.45,1.44,1.45,1.30,0.00,0.00,0.90,"",17,21.5,39,1.3,45,1.5,56,1.8,3125622,8.5,0,0.0,0,0.0,63,6.8
"20000","2","923130","58","0","2024","1","",96,3071,3076,3108,39801711,0,0,992,"",2.04,1.45,1.44,1.45,1.30,0.00,0.00,0.90,"",17,21.5,39,1.3,45,1.5,56,1.8,3125622,8.5,0,0.0,0,0.0,63,6.8
"20000","2","924","55","0","2024","1","",72,509,517,544,6998569,0,0,1029,"",1.24,0.39,0.39,0.40,0.35,0.00,0.00,0.90,"",-2,-2.7,0,0.0,-1,-0.2,-13,-2.3,648595,10.2,0,0.0,0,0.0,104,11.2
"20000","2","9241","56","0","2024","1","",72,509,517,544,6998569,0,0,1029,"",1.24,0.39,0.39,0.40,0.35,0.00,0.00,0.90,"",-2,-2.7,0,0.0,-1,-0.2,-13,-2.3,648595,10.2,0,0.0,0,0.0,104,11.2
"20000","2","92411","57","0","2024","1","",1,15,14,16,326529,0,0,1675,"",0.09,0.04,0.04,0.04,0.05,0.00,0.00,1.20,"",0,0.0,-1,-6.2,-2,-12.5,0,0.0,54629,20.1,0,0.0,0,0.0,368,28.2
"20000","2","924110","58","0","2024","1","",1,15,14,16,326529,0,0,1675,"",0.09,0.04,0.04,0.04,0.05,0.00,0.00,1.20,"",0,0.0,-1,-6.2,-2,-12.5,0,0.0,54629,20.1,0,0.0,0,0.0,368,28.2
"20000","2","92412","57","0","2024","1","",71,494,503,528,6672040,0,0,1010,"",1.52,0.53,0.54,0.56,0.53,0.00,0.00,0.97,"",-2,-2.7,1,0.2,1,0.2,-13,-2.4,593966,9.8,0,0.0,0,0.0,97,10.6
"20000","2","924120","58","0","2024","1","",71,494,503,528,6672040,0,0,1010,"",1.52,0.53,0.54,0.56,0.53,0.00,0.00,0.97,"",-2,-2.7,1,0.2,1,0.2,-13,-2.4,593966,9.8,0,0.0,0,0.0,97,10.6
"20000","2","926","55","0","2024","1","",245,3319,3331,3367,48837324,48002,48,1125,"",2.68,1.17,1.16,1.17,1.09,0.03,0.02,0.93,"",12,5.2,126,3.9,115,3.6,142,4.4,4835458,11.0,25884,117.0,26,118.2,71,6.7
"20000","2","9261","56","0","2024","1","",245,3319,3331,3367,48837324,48002,48,1125,"",2.68,1.17,1.16,1.17,1.09,0.03,0.02,0.93,"",12,5.2,126,3.9,115,3.6,142,4.4,4835458,11.0,25884,117.0,26,118.2,71,6.7
"20000","2","92611","57","0","2024","1","",46,358,364,371,5102258,0,0,1077,"",6.14,1.26,1.27,1.29,1.25,0.00,0.00,0.98,"",9,24.3,2,0.6,12,3.4,10,2.8,548117,12.0,0,0.0,0,0.0,94,9.6
"20000","2","926110","58","0","2024","1","",46,358,364,371,5102258,0,0,1077,"",6.14,1.26,1.27,1.29,1.25,0.00,0.00,0.98,"",9,24.3,2,0.6,12,3.4,10,2.8,548117,12.0,0,0.0,0,0.0,94,9.6
"20000","2","92612","57","0","2024","1","",101,2185,2192,2216,31412120,0,0,1099,"",3.06,1.30,1.29,1.31,1.14,0.00,0.00,0.87,"",0,0.0,110,5.3,97,4.6,117,5.6,3380862,12.1,0,0.0,0,0.0,67,6.5
"20000","2","926120","58","0","2024","1","",101,2185,2192,2216,31412120,0,0,1099,"",3.06,1.30,1.29,1.31,1.14,0.00,0.00,0.87,"",0,0.0,110,5.3,97,4.6,117,5.6,3380862,12.1,0,0.0,0,0.0,67,6.5
"20000","2","92613","57","0","2024","1","",20,170,169,169,2906817,0,0,1320,"",5.51,2.05,2.01,2.01,1.53,0.00,0.00,0.76,"",5,33.3,4,2.4,3,1.8,4,2.4,232834,8.7,0,0.0,0,0.0,78,6.3
"20000","2","926130","58","0","2024","1","",20,170,169,169,2906817,0,0,1320,"",5.51,2.05,2.01,2.01,1.53,0.00,0.00,0.76,"",5,33.3,4,2.4,3,1.8,4,2.4,232834,8.7,0,0.0,0,0.0,78,6.3
"20000","2","92614","57","0","2024","1","",57,327,329,334,4626951,48002,48,1079,"",2.26,1.08,1.07,1.08,1.28,0.65,0.32,1.19,"",-2,-3.4,7,2.2,7,2.2,9,2.8,339759,7.9,25884,117.0,26,118.2,56,5.5
"20000","2","926140","58","0","2024","1","",57,327,329,334,4626951,48002,48,1079,"",2.26,1.08,1.07,1.08,1.28,0.65,0.32,1.19,"",-2,-3.4,7,2.2,7,2.2,9,2.8,339759,7.9,25884,117.0,26,118.2,56,5.5
"20000","2","92615","57","0","2024","1","",21,279,277,277,4789178,0,0,1327,"",0.95,0.57,0.56,0.56,0.64,0.00,0.00,1.14,"",0,0.0,3,1.1,-4,-1.4,2,0.7,333886,7.5,0,0.0,0,0.0,91,7.4
"20000","2","926150","58","0","2024","1","",21,279,277,277,4789178,0,0,1327,"",0.95,0.57,0.56,0.56,0.64,0.00,0.00,1.14,"",0,0.0,3,1.1,-4,-1.4,2,0.7,333886,7.5,0,0.0,0,0.0,91,7.4
"20000","2","928","55","0","2024","1","",13,299,298,296,4219545,0,0,1090,"",1.99,1.69,1.66,1.67,1.98,0.00,0.00,1.18,"",2,18.2,28,10.3,26,9.6,12,4.2,470779,12.6,0,0.0,0,0.0,44,4.2
"20000","2","9281","56","0","2024","1","",13,299,298,296,4219545,0,0,1090,"",1.99,1.69,1.66,1.67,1.98,0.00,0.00,1.18,"",2,18.2,28,10.3,26,9.6,12,4.2,470779,12.6,0,0.0,0,0.0,44,4.2
"20000","2","92811","57","0","2024","1","",13,299,298,296,4219545,0,0,1090,"N",2.00,0,0,0,0,0,0,0,"",2,18.2,28,10.3,26,9.6,12,4.2,470779,12.6,0,0.0,0,0.0,44,4.2
"20000","2","928110","58","0","2024","1","",13,299,298,296,4219545,0,0,1090,"N",2.00,0,0,0,0,0,0,0,"",2,18.2,28,10.3,26,9.6,12,4.2,470779,12.6,0,0.0,0,0.0,44,4.2
"20000","3","10","51","0","2024","1","",2737,177139,180059,181007,2020299881,1886126799,2436229,866,"",1.93,1.32,1.32,1.32,1.17,13.98,3.77,0.89,"",11,0.4,931,0.5,1798,1.0,2701,1.5,111141259,5.8,106539508,6.0,-153350,-5.9,39,4.7
"20000","3","101","52","0","2024","1","",378,643,662,671,3465859,2571053,6425,405,"",10.42,0.63,0.65,0.66,0.26,1.61,0.69,0.41,"",-1,-0.3,36,5.9,35,5.6,25,3.9,408057,13.3,376785,17.2,1737,37.1,30,8.0
"20000","3","1012","53","0","2024","1","",378,643,662,671,3465859,2571053,6425,405,"",10.73,0.65,0.67,0.68,0.27,2.01,0.88,0.41,"",-1,-0.3,36,5.9,35,5.6,25,3.9,408057,13.3,376785,17.2,1737,37.1,30,8.0
"20000","3","102","52","0","2024","1","",2359,176496,179397,180336,2016834022,1883555746,2429804,868,"",1.70,1.32,1.32,1.33,1.18,14.12,3.82,0.89,"",12,0.5,895,0.5,1763,1.0,2676,1.5,110733202,5.8,106162723,6.0,-155087,-6.0,39,4.7
"20000","3","1021","53","0","2024","1","",224,2446,2434,2446,39276921,37622727,62349,1237,"",2.25,0.47,0.46,0.47,0.46,4.20,1.21,0.98,"",0,0.0,33,1.4,29,1.2,37,1.5,2580208,7.0,2365317,6.7,3584,6.1,65,5.5
"20000","3","1022","53","0","2024","1","",230,1658,1663,1664,10597704,9914437,16421,491,"",5.42,1.44,1.44,1.44,1.09,7.43,3.10,0.76,"",1,0.4,42,2.6,47,2.9,42,2.6,463435,4.6,434240,4.6,-1213,-6.9,9,1.9
"20000","3","1023","53","0","2024","1","",37,278,273,278,3535328,3096623,13982,984,"",2.35,0.64,0.62,0.63,0.57,1.14,0.67,0.91,"",0,0.0,10,3.7,-5,-1.8,4,1.5,318211,9.9,254344,8.9,-4672,-25.0,79,8.7
"20000","3","1024","53","0","2024","1","",35,112,119,117,1610034,1406738,4882,1068,"",0.89,0.13,0.13,0.13,0.14,0.60,0.22,1.06,"",9,34.6,7,6.7,12,11.2,13,12.5,381538,31.1,231409,19.7,2092,75.0,171,19.1
"20000","3","1025","53","0","2024","1","",528,116994,119620,119605,1260701483,1185759982,1288475,817,"",0.87,1.40,1.40,1.40,1.25,25.40,7.89,0.89,"",0,0.0,-796,-0.7,-373,-0.3,-236,-0.2,46828722,3.9,46874160,4.1,-83696,-6.1,34,4.3
"20000","3","1026","53","0","2024","1","",91,3961,4114,3974,25931529,24600254,224859,497,"",2.38,1.14,1.17,1.12,0.87,2.10,2.38,0.76,"",-1,-1.1,407,11.5,455,12.4,440,12.5,3663301,16.5,3441271,16.3,24361,12.2,19,4.0
"20000","3","1027","53","0","2024","1","",71,137,135,137,608227,508781,1451,343,"",4.10,0.45,0.44,0.45,0.17,0.67,0.21,0.38,"",-1,-1.4,-4,-2.8,-2,-1.5,-11,-7.4,49969,9.0,36610,7.8,-284,-16.4,41,13.6
"20000","3","1028","53","0","2024","1","",1143,50910,51039,52115,674572796,620646204,817385,1010,"",2.19,1.33,1.32,1.34,1.21,10.55,3.01,0.91,"",4,0.4,1196,2.4,1600,3.2,2387,4.8,56447818,9.1,52525372,9.2,-95259,-10.4,52,5.4
"20000","3","22","54","0","2024","1","",208,1897,1894,1891,31770494,30200460,49656,1290,"",3.03,0.82,0.81,0.81,0.76,5.70,1.62,0.94,"",0,0.0,1,0.1,7,0.4,3,0.2,1878934,6.3,1677261,5.9,1353,2.8,74,6.1
"20000","3","221","55","0","2024","1","",208,1897,1894,1891,31770494,30200460,49656,1290,"",3.03,0.82,0.81,0.81,0.76,5.70,1.62,0.94,"",0,0.0,1,0.1,7,0.4,3,0.2,1878934,6.3,1677261,5.9,1353,2.8,74,6.1
"20000","3","2211","56","0","2024","1","",8,699,706,702,16102448,16102448,18913,1764,"",1.04,0.95,0.95,0.95,0.97,11.48,1.54,1.02,"",0,0.0,3,0.4,5,0.7,8,1.2,1193163,8.0,1193163,8.0,4003,26.8,119,7.2
"20000","3","22111","57","0","2024","1","",4,150,149,147,1196094,1196094,4006,619,"",1.94,0.75,0.74,0.73,0.27,2.58,1.33,0.36,"",0,0.0,7,4.9,1,0.7,3,2.1,7051,0.6,7051,0.6,2816,236.6,-12,-1.9
"20000","3","221112","58","0","2024","1","",4,150,149,147,1196094,1196094,4006,619,"",2.69,1.03,1.02,1.01,0.38,22.72,20.32,0.37,"",0,0.0,7,4.9,1,0.7,3,2.1,7051,0.6,7051,0.6,2816,236.6,-12,-1.9
"20000","3","22112","57","0","2024","1","",4,549,557,555,14906354,14906354,14907,2071,"",0.71,1.03,1.03,1.03,1.22,15.86,1.60,1.18,"",0,0.0,-4,-0.7,4,0.7,5,0.9,1186112,8.6,1186112,8.6,1187,8.7,159,8.3
"20000","3","221122","58","0","2024","1","",4,549,557,555,14906354,14906354,14907,2071,"",0.79,1.16,1.17,1.17,1.39,16.23,1.61,1.19,"",0,0.0,-4,-0.7,4,0.7,5,0.9,1186112,8.6,1186112,8.6,1187,8.7,159,8.3
"20000","3","2212","56","0","2024","1","",2,3,4,4,24953,24953,40,523,"",1.16,0.05,0.07,0.07,0.03,0.15,0.13,0.48,"",0,0.0,-4,-57.1,-3,-42.9,-3,-42.9,-20488,-45.1,-20488,-45.1,-20,-33.3,24,4.8
"20000","3","22121","57","0","2024","1","",2,3,4,4,24953,24953,40,523,"",1.16,0.05,0.07,0.07,0.03,0.15,0.13,0.48,"",0,0.0,-4,-57.1,-3,-42.9,-3,-42.9,-20488,-45.1,-20488,-45.1,-20,-33.3,24,4.8
"20000","3","221210","58","0","2024","1","",2,3,4,4,24953,24953,40,523,"",1.16,0.05,0.07,0.07,0.03,0.15,0.13,0.48,"",0,0.0,-4,-57.1,-3,-42.9,-3,-42.9,-20488,-45.1,-20488,-45.1,-20,-33.3,24,4.8
"20000","3","2213","56","0","2024","1","",198,1195,1184,1185,15643093,14073059,30703,1013,"",3.34,0.78,0.77,0.77,0.65,3.78,1.71,0.83,"",0,0.0,2,0.2,5,0.4,-2,-0.2,706259,4.7,504586,3.7,-2630,-7.9,44,4.5
"20000","3","22131","57","0","2024","1","",196,1193,1182,1183,15641563,14073059,30703,1015,"",4.88,1.14,1.12,1.12,0.96,5.25,2.37,0.86,"",0,0.0,2,0.2,5,0.4,-2,-0.2,706259,4.7,504586,3.7,-2630,-7.9,45,4.6
"20000","3","221310","58","0","2024","1","",196,1193,1182,1183,15641563,14073059,30703,1015,"",4.88,1.14,1.12,1.12,0.96,5.25,2.37,0.86,"",0,0.0,2,0.2,5,0.4,-2,-0.2,706259,4.7,504586,3.7,-2630,-7.9,45,4.6
"20000","3","22132","57","0","2024","1","",2,2,2,2,1530,0,0,59,"",0.10,0.00,0.00,0.00,0.00,0.00,0.00,0.05,"",0,0.0,0,0.0,0,0.0,0,0.0,0,0.0,0,0.0,0,0.0,0,0.0
"20000","3","221320","58","0","2024","1","",2,2,2,2,1530,0,0,59,"",0.10,0.00,0.00,0.00,0.00,0.00,0.00,0.05,"",0,0.0,0,0.0,0,0.0,0,0.0,0,0.0,0,0.0,0,0.0,0,0.0
"20000","3","23","54","0","2024","1","",378,643,662,671,3465859,2571053,6425,405,"",10.73,0.65,0.67,0.68,0.27,2.01,0.88,0.41,"",-1,-0.3,36,5.9,35,5.6,25,3.9,408057,13.3,376785,17.2,1737,37.1,30,8.0
"20000","3","237","55","0","2024","1","",376,641,661,669,3451485,2556679,6410,404,"",11.18,0.68,0.69,0.70,0.28,2.09,0.94,0.41,"",-1,-0.3,36,6.0,36,5.8,25,3.9,408661,13.4,377389,17.3,1737,37.2,29,7.7
"20000","3","2373","56","0","2024","1","",376,641,661,669,3451485,2556679,6410,404,"",11.62,0.70,0.72,0.73,0.29,2.25,1.05,0.41,"",-1,-0.3,36,6.0,36,5.8,25,3.9,408661,13.4,377389,17.3,1737,37.2,29,7.7
"20000","3","23731","57","0","2024","1","",376,641,661,669,3451485,2556679,6410,404,"",11.62,0.70,0.72,0.73,0.29,2.25,1.05,0.41,"",-1,-0.3,36,6.0,36,5.8,25,3.9,408661,13.4,377389,17.3,1737,37.2,29,7.7
"20000","3","237310","58","0","2024","1","",376,641,661,669,3451485,2556679,6410,404,"",11.62,0.70,0.72,0.73,0.29,2.25,1.05,0.41,"",-1,-0.3,36,6.0,36,5.8,25,3.9,408661,13.4,377389,17.3,1737,37.2,29,7.7
"20000","3","238","55","0","2024","1","",2,2,1,2,14374,14374,15,663,"",3.10,0.21,0.10,0.20,0.12,3.16,0.20,0.70,"",0,0.0,0,0.0,-1,-50.0,0,0.0,-604,-4.0,-604,-4.0,0,0.0,87,15.1
"20000","3","2389","56","0","2024","1","",2,2,1,2,14374,14374,15,663,"",15.12,0.60,0.30,0.60,0.32,10.89,0.56,0.63,"",0,0.0,0,0.0,-1,-50.0,0,0.0,-604,-4.0,-604,-4.0,0,0.0,87,15.1
"20000","3","23891","57","0","2024","1","",2,2,1,2,14374,14374,15,663,"",34.56,0.81,0.40,0.81,0.41,14.24,0.56,0.60,"",0,0.0,0,0.0,-1,-50.0,0,0.0,-604,-4.0,-604,-4.0,0,0.0,87,15.1
"20000","3","238912","58","0","2024","1","",2,2,1,2,14374,14374,15,663,"N",40.32,0,0,0,0,0,0,0,"",0,0.0,0,0.0,-1,-50.0,0,0.0,-604,-4.0,-604,-4.0,0,0.0,87,15.1
"20000","3","44-45","54","0","2024","1","",1,46,45,45,382375,365537,3473,649,"",0.17,0.49,0.48,0.48,0.58,0.81,1.07,1.21,"",0,0.0,-3,-6.1,-5,-10.0,-2,-4.3,-19039,-4.7,-26638,-6.8,-488,-12.3,15,2.4
"20000","3","457","55","0","2024","1","",1,46,45,45,382375,365537,3473,649,"",1.12,2.26,2.17,2.19,2.62,2.53,2.29,1.19,"",0,0.0,-3,-6.1,-5,-10.0,-2,-4.3,-19039,-4.7,-26638,-6.8,-488,-12.3,15,2.4
"20000","3","4571","56","0","2024","1","",1,46,45,45,382375,365537,3473,649,"N",1.14,0,0,0,0,0,0,0,"",0,0.0,-3,-6.1,-5,-10.0,-2,-4.3,-19039,-4.7,-26638,-6.8,-488,-12.3,15,2.4
"20000","3","45711","57","0","2024","1","",1,46,45,45,382375,365537,3473,649,"",1.22,2.45,2.36,2.39,2.90,2.85,2.43,1.21,"",0,0.0,-3,-6.1,-5,-10.0,-2,-4.3,-19039,-4.7,-26638,-6.8,-488,-12.3,15,2.4
"20000","3","457110","58","0","2024","1","",1,46,45,45,382375,365537,3473,649,"",1.22,2.45,2.36,2.39,2.90,2.85,2.43,1.21,"",0,0.0,-3,-6.1,-5,-10.0,-2,-4.3,-19039,-4.7,-26638,-6.8,-488,-12.3,15,2.4
"20000","3","48-49","54","0","2024","1","",15,503,495,510,7124052,7056730,9220,1090,"",0.62,0.18,0.18,0.18,0.16,2.22,0.52,0.91,"",0,0.0,35,7.5,27,5.8,36,7.6,720313,11.2,714694,11.3,2719,41.8,42,4.0
"20000","3","485","55","0","2024","1","",2,76,73,74,1012580,1012580,3138,1048,"",0.14,0.03,0.03,0.03,0.03,0.41,0.24,0.90,"",0,0.0,-3,-3.8,-5,-6.4,-5,-6.3,48121,5.0,48122,5.0,2174,225.5,105,11.1
"20000","3","4851","56","0","2024","1","",2,76,73,74,1012580,1012580,3138,1048,"",0.47,0.05,0.04,0.05,0.04,0.61,0.34,0.78,"",0,0.0,-3,-3.8,-5,-6.4,-5,-6.3,48121,5.0,48122,5.0,2174,225.5,105,11.1
"20000","3","48511","57","0","2024","1","",2,76,73,74,1012580,1012580,3138,1048,"",0.47,0.05,0.04,0.05,0.04,0.61,0.34,0.78,"",0,0.0,-3,-3.8,-5,-6.4,-5,-6.3,48121,5.0,48122,5.0,2174,225.5,105,11.1
"20000","3","485113","58","0","2024","1","",2,76,73,74,1012580,1012580,3138,1048,"",0.65,0.13,0.12,0.12,0.11,1.05,0.40,0.88,"",0,0.0,-3,-3.8,-5,-6.4,-5,-6.3,48121,5.0,48122,5.0,2174,225.5,105,11.1
"20000","3","488","55","0","2024","1","",13,427,422,436,6111472,6044150,6082,1098,"",1.82,0.97,0.95,0.98,0.75,8.55,1.43,0.78,"",0,0.0,38,9.8,32,8.2,41,10.4,672192,12.4,666572,12.4,545,9.8,29,2.7
"20000","3","4881","56","0","2024","1","",4,28,28,28,433122,365800,402,1190,"",0.82,0.09,0.09,0.09,0.08,0.86,0.15,0.89,"",0,0.0,3,12.0,1,3.7,1,3.7,57047,15.2,51426,16.4,-60,-13.0,91,8.3
"20000","3","48811","57","0","2024","1","",3,24,24,24,371995,365800,402,1192,"N",0.62,0,0,0,0,0,0,0,"",0,0.0,3,14.3,1,4.3,1,4.3,50808,15.8,51426,16.4,-60,-13.0,86,7.8
"20000","3","488119","58","0","2024","1","",3,24,24,24,371995,365800,402,1192,"",0.66,0.08,0.08,0.08,0.07,0.87,0.15,0.89,"",0,0.0,3,14.3,1,4.3,1,4.3,50808,15.8,51426,16.4,-60,-13.0,86,7.8
"20000","3","48819","57","0","2024","1","",1,4,4,4,61127,0,0,1176,"N",17.28,0,0,0,0,0,0,0,"",0,0.0,0,0.0,0,0.0,0,0.0,6239,11.4,0,0.0,0,0.0,120,11.4
"20000","3","488190","58","0","2024","1","",1,4,4,4,61127,0,0,1176,"N",17.28,0,0,0,0,0,0,0,"",0,0.0,0,0.0,0,0.0,0,0.0,6239,11.4,0,0.0,0,0.0,120,11.4
"20000","3","4884","56","0","2024","1","",9,399,394,408,5678350,5678350,5680,1091,"",7.61,9.13,9.05,9.36,7.54,38.77,7.96,0.82,"",0,0.0,35,9.6,31,8.5,40,10.9,615145,12.1,615146,12.1,605,11.9,24,2.2
"20000","3","48849","57","0","2024","1","",9,399,394,408,5678350,5678350,5680,1091,"N",7.72,0,0,0,0,0,0,0,"",0,0.0,35,9.6,31,8.5,40,10.9,615145,12.1,615146,12.1,605,11.9,24,2.2
"20000","3","488490","58","0","2024","1","",9,399,394,408,5678350,5678350,5680,1091,"N",7.72,0,0,0,0,0,0,0,"",0,0.0,35,9.6,31,8.5,40,10.9,615145,12.1,615146,12.1,605,11.9,24,2.2
"20000","3","51","54","0","2024","1","",230,1658,1663,1664,10597704,9914437,16421,491,"",5.42,1.44,1.44,1.44,1.09,7.43,3.10,0.76,"",1,0.4,42,2.6,47,2.9,42,2.6,463435,4.6,434240,4.6,-1213,-6.9,9,1.9
"20000","3","519","55","0","2024","1","",230,1658,1663,1664,10597704,9914437,16421,491,"",5.63,1.49,1.49,1.48,1.17,7.92,3.26,0.78,"",1,0.4,42,2.6,47,2.9,42,2.6,463435,4.6,434240,4.6,-1213,-6.9,9,1.9
"20000","3","5192","56","0","2024","1","",230,1658,1663,1664,10597704,9914437,16421,491,"",5.63,1.49,1.49,1.48,1.17,7.92,3.26,0.78,"",1,0.4,42,2.6,47,2.9,42,2.6,463435,4.6,434240,4.6,-1213,-6.9,9,1.9
"20000","3","51921","57","0","2024","1","",230,1658,1663,1664,10597704,9914437,16421,491,"N",5.63,0,0,0,0,0,0,0,"",1,0.4,42,2.6,47,2.9,42,2.6,463435,4.6,434240,4.6,-1213,-6.9,9,1.9
"20000","3","519210","58","0","2024","1","",230,1658,1663,1664,10597704,9914437,16421,491,"N",5.63,0,0,0,0,0,0,0,"",1,0.4,42,2.6,47,2.9,42,2.6,463435,4.6,434240,4.6,-1213,-6.9,9,1.9
"20000","3","52","54","0","2024","1","",1,42,41,42,938877,554781,4383,1733,"",0.60,0.38,0.36,0.37,0.41,0.76,0.60,1.12,"",0,0.0,1,2.4,-2,-4.7,-3,-6.7,52584,5.9,3408,0.6,-3061,-41.1,148,9.3
"20000","3","522","55","0","2024","1","",1,42,41,42,938877,554781,4383,1733,"",2.42,3.13,3.04,3.13,3.82,5.76,7.11,1.23,"",0,0.0,1,2.4,-2,-4.7,-3,-6.7,52584,5.9,3408,0.6,-3061,-41.1,148,9.3
"20000","3","5222","56","0","2024","1","",1,42,41,42,938877,554781,4383,1733,"",3.27,3.28,3.18,3.27,3.93,6.20,7.59,1.21,"",0,0.0,1,2.4,-2,-4.7,-3,-6.7,52584,5.9,3408,0.6,-3061,-41.1,148,9.3
"20000","3","52229","57","0","2024","1","",1,42,41,42,938877,554781,4383,1733,"N",3.36,0,0,0,0,0,0,0,"",0,0.0,1,2.4,-2,-4.7,-3,-6.7,52584,5.9,3408,0.6,-3061,-41.1,148,9.3
"20000","3","522291","58","0","2024","1","",1,42,41,42,938877,554781,4383,1733,"N",4.65,0,0,0,0,0,0,0,"",0,0.0,1,2.4,-2,-4.7,-3,-6.7,52584,5.9,3408,0.6,-3061,-41.1,148,9.3
"20000","3","53","54","0","2024","1","",36,236,232,236,2596451,2541842,9599,851,"",2.56,0.74,0.71,0.73,0.67,1.27,0.70,0.92,"",0,0.0,9,4.0,-3,-1.3,7,3.1,265627,11.4,250936,11.0,-1611,-14.4,73,9.4
"20000","3","531","55","0","2024","1","",36,236,232,236,2596451,2541842,9599,851,"",2.57,0.75,0.71,0.73,0.67,1.27,0.70,0.92,"",0,0.0,9,4.0,-3,-1.3,7,3.1,265627,11.4,250936,11.0,-1611,-14.4,73,9.4
"20000","3","5311","56","0","2024","1","",31,213,210,211,2414876,2379171,9437,879,"",3.16,0.86,0.82,0.83,0.77,1.60,0.89,0.92,"",0,0.0,7,3.4,-4,-1.9,3,1.4,228496,10.5,217323,10.1,-1644,-14.8,76,9.5
"20000","3","53111","57","0","2024","1","",31,213,210,211,2414876,2379171,9437,879,"",3.42,0.93,0.89,0.91,0.83,1.76,1.04,0.91,"",0,0.0,7,3.4,-4,-1.9,3,1.4,228496,10.5,217323,10.1,-1644,-14.8,76,9.5
"20000","3","531110","58","0","2024","1","",31,213,210,211,2414876,2379171,9437,879,"",3.42,0.93,0.89,0.91,0.83,1.76,1.04,0.91,"",0,0.0,7,3.4,-4,-1.9,3,1.4,228496,10.5,217323,10.1,-1644,-14.8,76,9.5
"20000","3","5313","56","0","2024","1","",5,23,22,25,181575,162671,162,599,"",1.33,0.36,0.35,0.39,0.27,0.33,0.06,0.72,"",0,0.0,2,9.5,1,4.8,4,19.0,37131,25.7,33613,26.0,33,25.6,70,13.2
"20000","3","53131","57","0","2024","1","",5,23,22,25,181575,162671,162,599,"",1.37,0.38,0.36,0.41,0.28,0.35,0.06,0.73,"",0,0.0,2,9.5,1,4.8,4,19.0,37131,25.7,33613,26.0,33,25.6,70,13.2
"20000","3","531311","58","0","2024","1","",5,23,22,25,181575,162671,162,599,"",1.45,0.43,0.41,0.47,0.31,0.37,0.07,0.71,"",0,0.0,2,9.5,1,4.8,4,19.0,37131,25.7,33613,26.0,33,25.6,70,13.2
"20000","3","54","54","0","2024","1","",10,23,25,25,420972,331935,2152,1331,"",0.96,0.12,0.13,0.13,0.13,0.62,0.64,1.03,"",4,66.7,6,35.3,8,47.1,8,47.1,239785,132.3,170709,105.9,1262,141.8,511,62.3
"20000","3","541","55","0","2024","1","",10,23,25,25,420972,331935,2152,1331,"",0.96,0.12,0.13,0.13,0.13,0.62,0.64,1.03,"",4,66.7,6,35.3,8,47.1,8,47.1,239785,132.3,170709,105.9,1262,141.8,511,62.3
"20000","3","5413","56","0","2024","1","",1,2,2,2,90187,90187,90,3469,"",0.24,0.03,0.03,0.03,0.07,1.76,0.22,2.70,"",0,0.0,-3,-60.0,-3,-60.0,-3,-60.0,26178,40.9,26178,40.9,26,40.6,2484,252.2
"20000","3","54132","57","0","2024","1","",1,2,2,2,90187,90187,90,3469,"",4.65,0.28,0.27,0.27,0.46,15.52,6.99,1.69,"",0,0.0,-3,-60.0,-3,-60.0,-3,-60.0,26178,40.9,26178,40.9,26,40.6,2484,252.2
"20000","3","541320","58","0","2024","1","",1,2,2,2,90187,90187,90,3469,"",4.65,0.28,0.27,0.27,0.46,15.52,6.99,1.69,"",0,0.0,-3,-60.0,-3,-60.0,-3,-60.0,26178,40.9,26178,40.9,26,40.6,2484,252.2
"20000","3","5414","56","0","2024","1","",1,1,1,1,13153,0,0,1012,"N",40.32,0,0,0,0,0,0,0,"",0,0.0,0,0.0,0,0.0,0,0.0,692,5.6,0,0.0,0,0.0,53,5.5
"20000","3","54143","57","0","2024","1","",1,1,1,1,13153,0,0,1012,"",60.49,27.21,27.06,27.14,10.46,0.00,0.00,0.39,"",0,0.0,0,0.0,0,0.0,0,0.0,692,5.6,0,0.0,0,0.0,53,5.5
"20000","3","541430","58","0","2024","1","",1,1,1,1,13153,0,0,1012,"",60.49,27.21,27.06,27.14,10.46,0.00,0.00,0.39,"",0,0.0,0,0.0,0,0.0,0,0.0,692,5.6,0,0.0,0,0.0,53,5.5
"20000","3","5415","56","0","2024","1","",3,4,4,4,113188,56000,1512,2177,"",1.19,0.09,0.09,0.09,0.15,0.73,3.16,1.71,"",1,50.0,2,100.0,2,100.0,2,100.0,77688,218.8,28000,100.0,756,100.0,812,59.5
"20000","3","54151","57","0","2024","1","",3,4,4,4,113188,56000,1512,2177,"",1.19,0.09,0.09,0.09,0.15,0.73,3.16,1.71,"",1,50.0,2,100.0,2,100.0,2,100.0,77688,218.8,28000,100.0,756,100.0,812,59.5
"20000","3","541511","58","0","2024","1","",1,1,1,1,16461,14000,378,1266,"",2.57,0.26,0.25,0.26,0.27,1.11,3.39,1.04,"",0,0.0,0,0.0,0,0.0,0,0.0,308,1.9,0,0.0,0,0.0,23,1.9
"20000","3","541512","58","0","2024","1","",2,3,3,3,96727,42000,1134,2480,"",1.69,0.15,0.15,0.15,0.26,0.81,3.62,1.72,"",1,100.0,2,200.0,2,200.0,2,200.0,77380,400.0,28000,200.0,756,200.0,992,66.7
"20000","3","5416","56","0","2024","1","",4,9,11,11,148993,130297,495,1109,"",2.34,0.45,0.54,0.53,0.41,1.15,0.39,0.81,"",3,300.0,8,800.0,10,1000.0,10,1000.0,138443,1312.3,119747,1135.0,484,4400.0,297,36.6
"20000","3","54161","57","0","2024","1","",3,8,10,10,138443,119747,484,1141,"",3.49,0.63,0.78,0.77,0.59,2.22,0.85,0.82,"N",3,100.0,0,0,0,0,0,0,0,0,0,0,0,0,0,0
"20000","3","541611","58","0","2024","1","",3,8,10,10,138443,119747,484,1141,"",5.58,0.82,1.01,1.01,0.76,2.48,0.90,0.81,"N",3,100.0,0,0,0,0,0,0,0,0,0,0,0,0,0,0
"20000","3","54162","57","0","2024","1","",1,1,1,1,10550,10550,11,812,"",7.56,0.95,0.93,0.85,0.93,1.73,0.25,1.02,"",0,0.0,0,0.0,0,0.0,0,0.0,0,0.0,0,0.0,0,0.0,0,0.0
"20000","3","541620","58","0","2024","1","",1,1,1,1,10550,10550,11,812,"",7.56,0.95,0.93,0.85,0.93,1.73,0.25,1.02,"",0,0.0,0,0.0,0,0.0,0,0.0,0,0.0,0,0.0,0,0.0,0,0.0
"20000","3","5419","56","0","2024","1","",1,7,7,7,55451,55451,55,609,"N",3.27,0,0,0,0,0,0,0,"",0,0.0,-1,-12.5,-1,-12.5,-1,-12.5,-3216,-5.5,-3216,-5.5,-4,-6.8,45,8.0
"20000","3","54191","57","0","2024","1","",1,7,7,7,55451,55451,55,609,"",120.97,108.86,108.25,108.57,138.24,89.73,155.12,1.27,"",0,0.0,-1,-12.5,-1,-12.5,-1,-12.5,-3216,-5.5,-3216,-5.5,-4,-6.8,45,8.0
"20000","3","541910","58","0","2024","1","",1,7,7,7,55451,55451,55,609,"",120.97,108.86,108.25,108.57,138.24,89.73,155.12,1.27,"",0,0.0,-1,-12.5,-1,-12.5,-1,-12.5,-3216,-5.5,-3216,-5.5,-4,-6.8,45,8.0
"20000","3","56","54","0","2024","1","",25,89,94,92,1189062,1074803,2730,998,"",0.86,0.13,0.13,0.13,0.14,0.59,0.15,1.08,"",5,25.0,1,1.1,4,4.4,5,5.7,141753,13.5,60700,6.0,830,43.7,86,9.4
"20000","3","561","55","0","2024","1","",24,42,46,44,535794,421535,2077,937,"",1.22,0.09,0.10,0.09,0.09,0.28,0.12,1.01,"",5,26.3,1,2.4,4,9.5,3,7.3,113517,26.9,32464,8.3,802,62.9,151,19.2
"20000","3","5611","56","0","2024","1","",8,11,11,11,192108,87453,1156,1343,"",4.99,0.29,0.29,0.29,0.30,0.88,1.47,1.04,"",5,166.7,6,120.0,6,120.0,6,120.0,131697,218.0,27042,44.8,762,193.4,414,44.6
"20000","3","56111","57","0","2024","1","",8,11,11,11,192108,87453,1156,1343,"",4.99,0.29,0.29,0.29,0.30,0.88,1.47,1.04,"",5,166.7,6,120.0,6,120.0,6,120.0,131697,218.0,27042,44.8,762,193.4,414,44.6
"20000","3","561110","58","0","2024","1","",8,11,11,11,192108,87453,1156,1343,"",4.99,0.29,0.29,0.29,0.30,0.88,1.47,1.04,"",5,166.7,6,120.0,6,120.0,6,120.0,131697,218.0,27042,44.8,762,193.4,414,44.6
"20000","3","5612","56","0","2024","1","",1,1,1,1,12603,12603,13,969,"",0.65,0.01,0.01,0.01,0.01,0.01,0.00,0.86,"",0,0.0,0,0.0,0,0.0,0,0.0,5159,69.3,5159,69.3,6,85.7,396,69.1
"20000","3","56121","57","0","2024","1","",1,1,1,1,12603,12603,13,969,"",0.65,0.01,0.01,0.01,0.01,0.01,0.00,0.86,"",0,0.0,0,0.0,0,0.0,0,0.0,5159,69.3,5159,69.3,6,85.7,396,69.1
"20000","3","561210","58","0","2024","1","",1,1,1,1,12603,12603,13,969,"",0.65,0.01,0.01,0.01,0.01,0.01,0.00,0.86,"",0,0.0,0,0.0,0,0.0,0,0.0,5159,69.3,5159,69.3,6,85.7,396,69.1
"20000","3","5614","56","0","2024","1","",1,1,1,1,22151,14000,378,1704,"",1.22,0.06,0.06,0.06,0.09,0.20,0.81,1.45,"",0,0.0,0,0.0,0,0.0,0,0.0,-2125,-8.8,0,0.0,0,0.0,-163,-8.7
"20000","3","56149","57","0","2024","1","",1,1,1,1,22151,14000,378,1704,"N",7.12,0,0,0,0,0,0,0,"",0,0.0,0,0.0,0,0.0,0,0.0,-2125,-8.8,0,0.0,0,0.0,-163,-8.7
"20000","3","561499","58","0","2024","1","",1,1,1,1,22151,14000,378,1704,"N",7.56,0,0,0,0,0,0,0,"",0,0.0,0,0.0,0,0.0,0,0.0,-2125,-8.8,0,0.0,0,0.0,-163,-8.7
"20000","3","5615","56","0","2024","1","",3,6,6,6,59665,59665,60,765,"",3.33,0.48,0.47,0.42,0.63,1.07,0.22,1.39,"",0,0.0,-1,-14.3,-1,-14.3,-1,-14.3,-18810,-24.0,3855,6.9,4,7.1,-97,-11.3
"20000","3","56159","57","0","2024","1","",3,6,6,6,59665,59665,60,765,"",3.39,0.51,0.50,0.44,0.66,1.12,0.22,1.38,"",0,0.0,-1,-14.3,-1,-14.3,-1,-14.3,-18810,-24.0,3855,6.9,4,7.1,-97,-11.3
"20000","3","561591","58","0","2024","1","",2,4,4,4,56065,56065,56,1078,"",2.47,0.47,0.47,0.44,0.73,1.25,0.27,1.59,"",0,0.0,-1,-20.0,-1,-20.0,-1,-20.0,-18810,-25.1,3855,7.4,4,7.7,-74,-6.4
"20000","3","561599","58","0","2024","1","",1,2,2,2,3600,3600,4,138,"",13.44,0.61,0.56,0.43,0.26,0.42,0.06,0.50,"",0,0.0,0,0.0,0,0.0,0,0.0,0,0.0,0,0.0,0,0.0,0,0.0
"20000","3","5617","56","0","2024","1","",11,23,27,25,249267,247814,470,767,"",0.88,0.10,0.12,0.11,0.10,2.10,0.54,0.95,"",0,0.0,-4,-14.8,-1,-3.6,-2,-7.4,-2404,-1.0,-3592,-1.4,30,6.8,59,8.3
"20000","3","56172","57","0","2024","1","",1,7,8,8,66968,66968,67,672,"",0.13,0.06,0.06,0.06,0.05,0.86,0.13,0.81,"",0,0.0,-1,-12.5,0,0.0,0,0.0,1708,2.6,1708,2.6,2,3.1,44,7.0
"20000","3","561720","58","0","2024","1","",1,7,8,8,66968,66968,67,672,"",0.13,0.06,0.06,0.06,0.05,0.86,0.13,0.81,"",0,0.0,-1,-12.5,0,0.0,0,0.0,1708,2.6,1708,2.6,2,3.1,44,7.0
"20000","3","56173","57","0","2024","1","",10,16,19,17,182299,180846,403,809,"",5.13,0.42,0.49,0.43,0.47,12.12,3.58,1.05,"",0,0.0,-3,-15.8,-1,-5.0,-2,-10.5,-4112,-2.2,-5300,-2.8,28,7.5,67,9.0
"20000","3","561730","58","0","2024","1","",10,16,19,17,182299,180846,403,809,"",5.13,0.42,0.49,0.43,0.47,12.12,3.58,1.05,"",0,0.0,-3,-15.8,-1,-5.0,-2,-10.5,-4112,-2.2,-5300,-2.8,28,7.5,67,9.0
"20000","3","562","55","0","2024","1","",1,47,48,48,653268,653268,653,1054,"",0.11,0.21,0.21,0.21,0.24,1.99,0.44,1.15,"",0,0.0,0,0.0,0,0.0,2,4.3,28236,4.5,28236,4.5,28,4.5,31,3.0
"20000","3","5622","56","0","2024","1","",1,47,48,48,653268,653268,653,1054,"",0.16,0.28,0.28,0.28,0.31,2.61,0.62,1.12,"",0,0.0,0,0.0,0,0.0,2,4.3,28236,4.5,28236,4.5,28,4.5,31,3.0
"20000","3","56221","57","0","2024","1","",1,47,48,48,653268,653268,653,1054,"",0.16,0.28,0.28,0.28,0.31,2.61,0.62,1.12,"",0,0.0,0,0.0,0,0.0,2,4.3,28236,4.5,28236,4.5,28,4.5,31,3.0
"20000","3","562212","58","0","2024","1","",1,47,48,48,653268,653268,653,1054,"",0.22,0.38,0.39,0.39,0.47,3.12,0.83,1.22,"",0,0.0,0,0.0,0,0.0,2,4.3,28236,4.5,28236,4.5,28,4.5,31,3.0
"20000","3","61","54","0","2024","1","",422,105414,108114,108121,1083382341,1025944636,1102986,777,"",0.77,1.40,1.41,1.41,1.24,29.18,9.77,0.88,"",2,0.5,-865,-0.8,-384,-0.4,-171,-0.2,40416578,3.9,41023536,4.2,-70879,-6.0,32,4.3
"20000","3","611","55","0","2024","1","",422,105414,108114,108121,1083382341,1025944636,1102986,777,"",0.77,1.40,1.41,1.41,1.24,29.18,9.77,0.88,"",2,0.5,-865,-0.8,-384,-0.4,-171,-0.2,40416578,3.9,41023536,4.2,-70879,-6.0,32,4.3
"20000","3","6111","56","0","2024","1","",345,96621,97483,97381,974316445,932738972,945398,771,"",0.66,1.37,1.36,1.36,1.19,28.90,9.05,0.87,"",0,0.0,-751,-0.8,-465,-0.5,-436,-0.4,35143509,3.7,37271183,4.2,-18382,-1.9,32,4.3
"20000","3","61111","57","0","2024","1","",345,96621,97483,97381,974316445,932738972,945398,771,"",0.66,1.37,1.36,1.36,1.19,28.90,9.05,0.87,"",0,0.0,-751,-0.8,-465,-0.5,-436,-0.4,35143509,3.7,37271183,4.2,-18382,-1.9,32,4.3
"20000","3","611110","58","0","2024","1","",345,96621,97483,97381,974316445,932738972,945398,771,"",0.66,1.37,1.36,1.36,1.19,28.90,9.05,0.87,"",0,0.0,-751,-0.8,-465,-0.5,-436,-0.4,35143509,3.7,37271183,4.2,-18382,-1.9,32,4.3
"20000","3","6112","56","0","2024","1","",60,6444,8072,8196,81993740,81993737,100366,833,"",5.07,1.97,2.18,2.16,2.03,39.88,17.12,0.96,"",1,1.7,-108,-1.6,116,1.5,260,3.3,3478567,4.4,3478566,4.4,-34265,-25.5,26,3.2
"20000","3","61121","57","0","2024","1","",60,6444,8072,8196,81993740,81993737,100366,833,"",5.07,1.97,2.18,2.16,2.03,39.88,17.12,0.96,"",1,1.7,-108,-1.6,116,1.5,260,3.3,3478567,4.4,3478566,4.4,-34265,-25.5,26,3.2
"20000","3","611210","58","0","2024","1","",60,6444,8072,8196,81993740,81993737,100366,833,"",5.07,1.97,2.18,2.16,2.03,39.88,17.12,0.96,"",1,1.7,-108,-1.6,116,1.5,260,3.3,3478567,4.4,3478566,4.4,-34265,-25.5,26,3.2
"20000","3","6113","56","0","2024","1","",2,942,1161,1164,15162879,7008,7,1071,"",0.52,1.39,1.66,1.66,1.42,0.06,0.02,0.91,"",0,0.0,16,1.7,55,5.0,60,5.4,1439554,10.5,1233,21.4,1,16.7,61,6.0
"20000","3","61131","57","0","2024","1","",2,942,1161,1164,15162879,7008,7,1071,"",0.52,1.39,1.66,1.66,1.42,0.06,0.02,0.91,"",0,0.0,16,1.7,55,5.0,60,5.4,1439554,10.5,1233,21.4,1,16.7,61,6.0
"20000","3","611310","58","0","2024","1","",2,942,1161,1164,15162879,7008,7,1071,"",0.52,1.39,1.66,1.66,1.42,0.06,0.02,0.91,"",0,0.0,16,1.7,55,5.0,60,5.4,1439554,10.5,1233,21.4,1,16.7,61,6.0
"20000","3","6114","56","0","2024","1","",1,49,48,50,621270,522616,836,975,"",1.57,2.60,2.46,2.52,2.91,16.90,9.30,1.15,"",0,0.0,2,4.3,1,2.1,4,8.7,97914,18.7,66715,14.6,61,7.9,112,13.0
"20000","3","61143","57","0","2024","1","",1,49,48,50,621270,522616,836,975,"",1.73,3.11,2.94,2.99,3.60,16.90,9.30,1.19,"",0,0.0,2,4.3,1,2.1,4,8.7,97914,18.7,66715,14.6,61,7.9,112,13.0
"20000","3","611430","58","0","2024","1","",1,49,48,50,621270,522616,836,975,"",1.73,3.11,2.94,2.99,3.60,16.90,9.30,1.19,"",0,0.0,2,4.3,1,2.1,4,8.7,97914,18.7,66715,14.6,61,7.9,112,13.0
"20000","3","6115","56","0","2024","1","",4,703,680,663,6601960,6153144,40642,745,"",2.77,7.44,6.96,6.77,6.57,22.10,51.59,0.93,"",0,0.0,94,15.4,22,3.3,55,9.0,505715,8.3,459319,8.1,-6672,-14.1,-5,-0.7
"20000","3","61151","57","0","2024","1","",4,703,680,663,6601960,6153144,40642,745,"",2.77,7.44,6.96,6.77,6.57,22.10,51.59,0.93,"",0,0.0,94,15.4,22,3.3,55,9.0,505715,8.3,459319,8.1,-6672,-14.1,-5,-0.7
"20000","3","611519","58","0","2024","1","",4,703,680,663,6601960,6153144,40642,745,"",3.53,9.57,8.80,8.57,8.42,27.18,82.32,0.94,"",0,0.0,94,15.4,22,3.3,55,9.0,505715,8.3,459319,8.1,-6672,-14.1,-5,-0.7
"20000","3","6116","56","0","2024","1","",5,8,24,11,91524,91524,92,491,"",2.99,0.11,0.32,0.14,0.15,5.18,0.59,0.79,"",0,0.0,0,0.0,1,4.3,0,0.0,5077,5.9,5077,5.9,5,5.7,16,3.4
"20000","3","61162","57","0","2024","1","",4,3,19,6,38289,38289,39,316,"",7.12,0.14,0.85,0.26,0.26,6.63,0.36,0.63,"",0,0.0,0,0.0,1,5.6,0,0.0,6478,20.4,6478,20.4,7,21.9,44,16.2
"20000","3","611620","58","0","2024","1","",4,3,19,6,38289,38289,39,316,"",7.12,0.14,0.85,0.26,0.26,6.63,0.36,0.63,"",0,0.0,0,0.0,1,5.6,0,0.0,6478,20.4,6478,20.4,7,21.9,44,16.2
"20000","3","61169","57","0","2024","1","",1,5,5,5,53235,53235,53,819,"",1.02,0.11,0.10,0.10,0.12,11.62,2.84,1.21,"",0,0.0,0,0.0,0,0.0,0,0.0,-1401,-2.6,-1401,-2.6,-2,-3.6,-22,-2.6
"20000","3","611699","58","0","2024","1","",1,5,5,5,53235,53235,53,819,"",1.81,0.28,0.27,0.26,0.31,18.73,3.43,1.15,"",0,0.0,0,0.0,0,0.0,0,0.0,-1401,-2.6,-1401,-2.6,-2,-3.6,-22,-2.6
"20000","3","6117","56","0","2024","1","",5,647,646,656,4594523,4437635,15645,544,"",1.48,1.72,1.64,1.74,1.27,11.22,14.00,0.74,"",1,25.0,-118,-15.4,-114,-15.0,-114,-14.8,-253758,-5.2,-258557,-5.5,-11627,-42.6,56,11.5
"20000","3","61171","57","0","2024","1","",5,647,646,656,4594523,4437635,15645,544,"",1.48,1.72,1.64,1.74,1.27,11.22,14.00,0.74,"",1,25.0,-118,-15.4,-114,-15.0,-114,-14.8,-253758,-5.2,-258557,-5.5,-11627,-42.6,56,11.5
"20000","3","611710","58","0","2024","1","",5,647,646,656,4594523,4437635,15645,544,"",1.48,1.72,1.64,1.74,1.27,11.22,14.00,0.74,"",1,25.0,-118,-15.4,-114,-15.0,-114,-14.8,-253758,-5.2,-258557,-5.5,-11627,-42.6,56,11.5
"20000","3","62","54","0","2024","1","",106,11580,11506,11484,177319142,159815346,185489,1184,"",1.76,1.34,1.31,1.31,1.35,13.87,3.69,1.02,"",-2,-1.9,69,0.6,11,0.1,-65,-0.6,6412144,3.8,5850624,3.8,-12817,-6.5,43,3.8
"20000","3","621","55","0","2024","1","",13,299,310,293,3409955,1859115,9121,872,"",0.70,0.40,0.40,0.38,0.30,0.77,0.72,0.77,"",0,0.0,21,7.6,24,8.4,6,2.1,663945,24.2,303091,19.5,557,6.5,127,17.0
"20000","3","6211","56","0","2024","1","",2,28,30,29,461017,318823,6924,1223,"",0.31,0.14,0.14,0.14,0.12,0.46,2.50,0.86,"",0,0.0,3,12.0,5,20.0,5,20.8,127783,38.3,61929,24.1,163,2.4,184,17.7
"20000","3","62111","57","0","2024","1","",2,28,30,29,461017,318823,6924,1223,"",0.31,0.14,0.14,0.14,0.12,0.46,2.50,0.86,"",0,0.0,3,12.0,5,20.0,5,20.8,127783,38.3,61929,24.1,163,2.4,184,17.7
"20000","3","621111","58","0","2024","1","",2,28,30,29,461017,318823,6924,1223,"",0.31,0.14,0.15,0.14,0.12,0.48,2.95,0.86,"",0,0.0,3,12.0,5,20.0,5,20.8,127783,38.3,61929,24.1,163,2.4,184,17.7
"20000","3","6214","56","0","2024","1","",4,216,220,214,2623703,1215057,1694,931,"",0.96,0.69,0.69,0.67,0.56,1.26,0.32,0.82,"",0,0.0,25,13.1,20,10.0,12,5.9,493045,23.1,198045,19.5,174,11.4,102,12.3
"20000","3","62142","57","0","2024","1","",4,216,220,214,2623703,1215057,1694,931,"",1.98,1.63,1.58,1.54,1.63,2.28,0.53,1.03,"",0,0.0,25,13.1,20,10.0,12,5.9,493045,23.1,198045,19.5,174,11.4,102,12.3
"20000","3","621420","58","0","2024","1","",4,216,220,214,2623703,1215057,1694,931,"",1.98,1.63,1.58,1.54,1.63,2.28,0.53,1.03,"",0,0.0,25,13.1,20,10.0,12,5.9,493045,23.1,198045,19.5,174,11.4,102,12.3
"20000","3","6219","56","0","2024","1","",7,55,60,50,325235,325235,503,455,"",1.16,0.30,0.33,0.27,0.16,0.59,0.20,0.53,"",0,0.0,-7,-11.3,-1,-1.6,-11,-18.0,43117,15.3,43117,15.3,220,77.7,101,28.5
"20000","3","62191","57","0","2024","1","",7,55,60,50,325235,325235,503,455,"",1.37,0.33,0.36,0.30,0.17,0.64,0.22,0.53,"",0,0.0,-7,-11.3,-1,-1.6,-11,-18.0,43117,15.3,43117,15.3,220,77.7,101,28.5
"20000","3","621910","58","0","2024","1","",7,55,60,50,325235,325235,503,455,"",1.37,0.33,0.36,0.30,0.17,0.64,0.22,0.53,"",0,0.0,-7,-11.3,-1,-1.6,-11,-18.0,43117,15.3,43117,15.3,220,77.7,101,28.5
"20000","3","622","55","0","2024","1","",56,10494,10425,10414,165865963,150734880,168888,1222,"",4.68,1.66,1.63,1.63,1.61,31.75,15.89,0.98,"",-1,-1.8,44,0.4,3,0.0,-58,-0.6,5339871,3.3,4823893,3.3,-11445,-6.3,40,3.4
"20000","3","6221","56","0","2024","1","",56,10494,10425,10414,165865963,150734880,168888,1222,"",4.75,1.67,1.64,1.64,1.62,31.82,15.99,0.98,"",-1,-1.8,44,0.4,3,0.0,-58,-0.6,5339871,3.3,4823893,3.3,-11445,-6.3,40,3.4
"20000","3","62211","57","0","2024","1","",56,10494,10425,10414,165865963,150734880,168888,1222,"",4.75,1.67,1.64,1.64,1.62,31.82,15.99,0.98,"",-1,-1.8,44,0.4,3,0.0,-58,-0.6,5339871,3.3,4823893,3.3,-11445,-6.3,40,3.4
"20000","3","622110","58","0","2024","1","",56,10494,10425,10414,165865963,150734880,168888,1222,"",4.75,1.67,1.64,1.64,1.62,31.82,15.99,0.98,"",-1,-1.8,44,0.4,3,0.0,-58,-0.6,5339871,3.3,4823893,3.3,-11445,-6.3,40,3.4
"20000","3","623","55","0","2024","1","",22,308,294,299,2794164,1972297,2231,716,"",3.67,0.61,0.58,0.59,0.54,1.81,0.44,0.91,"",-1,-4.3,-16,-4.9,-23,-7.3,-20,-6.3,-188112,-6.3,127202,6.9,179,8.7,-1,-0.1
"20000","3","6231","56","0","2024","1","",3,128,121,124,1005468,626276,626,622,"",1.17,0.35,0.33,0.33,0.26,1.77,0.48,0.78,"",-1,-25.0,-27,-17.4,-30,-19.9,-30,-19.5,-295033,-22.7,34430,5.8,34,5.7,-30,-4.6
"20000","3","62311","57","0","2024","1","",3,128,121,124,1005468,626276,626,622,"",1.17,0.35,0.33,0.33,0.26,1.77,0.48,0.78,"",-1,-25.0,-27,-17.4,-30,-19.9,-30,-19.5,-295033,-22.7,34430,5.8,34,5.7,-30,-4.6
"20000","3","623110","58","0","2024","1","",3,128,121,124,1005468,626276,626,622,"",1.17,0.35,0.33,0.33,0.26,1.77,0.48,0.78,"",-1,-25.0,-27,-17.4,-30,-19.9,-30,-19.5,-295033,-22.7,34430,5.8,34,5.7,-30,-4.6
"20000","3","6232","56","0","2024","1","",15,71,72,71,943758,943758,943,1018,"",5.67,0.75,0.76,0.76,1.00,1.51,0.26,1.32,"",0,0.0,11,18.3,11,18.0,9,14.5,91491,10.7,91491,10.7,91,10.7,-57,-5.3
"20000","3","62321","57","0","2024","1","",15,71,72,71,943758,943758,943,1018,"",8.44,1.17,1.18,1.17,1.63,2.38,0.47,1.40,"",0,0.0,11,18.3,11,18.0,9,14.5,91491,10.7,91491,10.7,91,10.7,-57,-5.3
"20000","3","623210","58","0","2024","1","",15,71,72,71,943758,943758,943,1018,"",8.44,1.17,1.18,1.17,1.63,2.38,0.47,1.40,"",0,0.0,11,18.3,11,18.0,9,14.5,91491,10.7,91491,10.7,91,10.7,-57,-5.3
"20000","3","6233","56","0","2024","1","",4,109,101,104,844938,402263,662,621,"",9.31,3.62,3.34,3.39,3.10,5.17,4.01,0.90,"",0,0.0,0,0.0,-4,-3.8,1,1.0,15430,1.9,1281,0.3,54,8.9,17,2.8
"20000","3","62331","57","0","2024","1","",4,109,101,104,844938,402263,662,621,"",9.31,3.62,3.34,3.39,3.10,5.17,4.01,0.90,"",0,0.0,0,0.0,-4,-3.8,1,1.0,15430,1.9,1281,0.3,54,8.9,17,2.8
"20000","3","623311","58","0","2024","1","",2,103,95,98,806057,363382,363,628,"",9.68,4.30,3.95,3.99,3.56,5.18,3.27,0.87,"",0,0.0,0,0.0,-4,-4.0,1,1.0,13984,1.8,-165,0.0,-1,-0.3,17,2.8
"20000","3","623312","58","0","2024","1","",2,6,6,6,38881,38881,299,498,"",8.96,0.98,0.97,0.98,0.85,5.04,5.50,0.87,"",0,0.0,0,0.0,0,0.0,0,0.0,1446,3.9,1446,3.9,55,22.5,18,3.8
"20000","3","624","55","0","2024","1","",15,479,477,478,5249060,5249054,5249,845,"",0.64,0.44,0.43,0.43,0.42,1.60,0.24,0.97,"",0,0.0,20,4.4,7,1.5,7,1.5,596440,12.8,596438,12.8,-2108,-28.7,78,10.2
"20000","3","6241","56","0","2024","1","",12,366,371,371,4170100,4170100,4170,869,"",0.80,0.41,0.41,0.41,0.39,1.55,0.25,0.96,"",0,0.0,24,7.0,25,7.2,24,6.9,608966,17.1,608967,17.1,-2096,-33.5,75,9.4
"20000","3","62411","57","0","2024","1","",3,188,188,187,2545828,2545828,2545,1044,"",1.40,1.21,1.21,1.20,1.47,12.86,2.29,1.22,"",0,0.0,4,2.2,2,1.1,3,1.6,76523,3.1,76524,3.1,-2629,-50.8,15,1.5
"20000","3","624110","58","0","2024","1","",3,188,188,187,2545828,2545828,2545,1044,"",1.40,1.21,1.21,1.20,1.47,12.86,2.29,1.22,"",0,0.0,4,2.2,2,1.1,3,1.6,76523,3.1,76524,3.1,-2629,-50.8,15,1.5
"20000","3","62412","57","0","2024","1","",8,82,86,85,410207,410207,411,374,"",1.25,0.35,0.36,0.36,0.17,0.43,0.07,0.47,"",0,0.0,3,3.8,6,7.5,2,2.4,61393,17.6,61393,17.6,62,17.8,41,12.3
"20000","3","624120","58","0","2024","1","",8,82,86,85,410207,410207,411,374,"",1.25,0.35,0.36,0.36,0.17,0.43,0.07,0.47,"",0,0.0,3,3.8,6,7.5,2,2.4,61393,17.6,61393,17.6,62,17.8,41,12.3
"20000","3","62419","57","0","2024","1","",1,96,97,99,1214065,1214065,1214,959,"",0.16,0.19,0.19,0.19,0.19,0.79,0.12,0.99,"",0,0.0,17,21.5,17,21.2,19,23.8,471050,63.4,471050,63.4,471,63.4,242,33.8
"20000","3","624190","58","0","2024","1","",1,96,97,99,1214065,1214065,1214,959,"",0.16,0.19,0.19,0.19,0.19,0.79,0.12,0.99,"",0,0.0,17,21.5,17,21.2,19,23.8,471050,63.4,471050,63.4,471,63.4,242,33.8
"20000","3","6243","56","0","2024","1","",2,110,103,104,1057794,1057793,1058,770,"",1.25,2.31,2.08,2.10,2.18,3.92,0.67,1.01,"",0,0.0,-4,-3.5,-18,-14.9,-17,-14.0,-15783,-1.5,-15783,-1.5,-15,-1.4,74,10.6
"20000","3","62431","57","0","2024","1","",2,110,103,104,1057794,1057793,1058,770,"",1.25,2.31,2.08,2.10,2.18,3.92,0.67,1.01,"",0,0.0,-4,-3.5,-18,-14.9,-17,-14.0,-15783,-1.5,-15783,-1.5,-15,-1.4,74,10.6
"20000","3","624310","58","0","2024","1","",2,110,103,104,1057794,1057793,1058,770,"",1.25,2.31,2.08,2.10,2.18,3.92,0.67,1.01,"",0,0.0,-4,-3.5,-18,-14.9,-17,-14.0,-15783,-1.5,-15783,-1.5,-15,-1.4,74,10.6
"20000","3","6244","56","0","2024","1","",1,3,3,3,21166,21161,21,543,"",0.19,0.03,0.03,0.03,0.02,0.12,0.01,0.79,"",0,0.0,0,0.0,0,0.0,0,0.0,3257,18.2,3254,18.2,3,16.7,84,18.3
"20000","3","62441","57","0","2024","1","",1,3,3,3,21166,21161,21,543,"",0.19,0.03,0.03,0.03,0.02,0.12,0.01,0.79,"",0,0.0,0,0.0,0,0.0,0,0.0,3257,18.2,3254,18.2,3,16.7,84,18.3
"20000","3","624410","58","0","2024","1","",1,3,3,3,21166,21161,21,543,"",0.19,0.03,0.03,0.03,0.02,0.12,0.01,0.79,"",0,0.0,0,0.0,0,0.0,0,0.0,3257,18.2,3254,18.2,3,16.7,84,18.3
"20000","3","71","54","0","2024","1","",90,3226,3377,3230,18472518,17837039,43605,434,"",2.78,1.29,1.32,1.25,0.90,2.49,0.82,0.70,"",0,0.0,362,12.6,408,13.7,418,14.9,2981456,19.2,2841040,18.9,7857,22.0,20,4.8
"20000","3","711","55","0","2024","1","",8,12,12,12,23432,19593,23,150,"",5.50,0.20,0.17,0.19,0.05,0.20,0.06,0.27,"",0,0.0,-1,-7.7,-1,-7.7,-1,-7.7,455,2.0,496,2.6,3,15.0,14,10.3
"20000","3","7111","56","0","2024","1","",1,0,0,0,0,0,0,0,"",9.31,0.00,0.00,0.00,0.00,0.00,0.00,0.00,"",0,0.0,0,0.0,0,0.0,0,0.0,0,0.0,0,0.0,0,0.0,0,0.0
"20000","3","71113","57","0","2024","1","",1,0,0,0,0,0,0,0,"N",24.19,0,0,0,0,0,0,0,"",0,0.0,0,0.0,0,0.0,0,0.0,0,0.0,0,0.0,0,0.0,0,0.0
"20000","3","711130","58","0","2024","1","",1,0,0,0,0,0,0,0,"N",24.19,0,0,0,0,0,0,0,"",0,0.0,0,0.0,0,0.0,0,0.0,0,0.0,0,0.0,0,0.0,0,0.0
"20000","3","7113","56","0","2024","1","",7,12,12,12,23432,19593,23,150,"",5.80,0.24,0.21,0.23,0.06,0.62,0.10,0.28,"",0,0.0,-1,-7.7,-1,-7.7,-1,-7.7,455,2.0,496,2.6,3,15.0,14,10.3
"20000","3","71131","57","0","2024","1","",5,8,8,8,11969,8130,9,115,"N",4.35,0,0,0,0,0,0,0,"",0,0.0,-1,-11.1,-1,-11.1,-1,-11.1,-516,-4.1,-475,-5.5,1,12.5,8,7.5
"20000","3","711310","58","0","2024","1","",5,8,8,8,11969,8130,9,115,"N",4.35,0,0,0,0,0,0,0,"",0,0.0,-1,-11.1,-1,-11.1,-1,-11.1,-516,-4.1,-475,-5.5,1,12.5,8,7.5
"20000","3","71132","57","0","2024","1","",2,4,4,4,11463,11463,14,220,"N",34.56,0,0,0,0,0,0,0,"",0,0.0,0,0.0,0,0.0,0,0.0,971,9.3,971,9.3,2,16.7,18,8.9
"20000","3","711320","58","0","2024","1","",2,4,4,4,11463,11463,14,220,"N",34.56,0,0,0,0,0,0,0,"",0,0.0,0,0.0,0,0.0,0,0.0,971,9.3,971,9.3,2,16.7,18,8.9
"20000","3","712","55","0","2024","1","",10,33,35,40,200445,200445,223,428,"",1.65,0.10,0.10,0.11,0.07,0.75,0.12,0.72,"",0,0.0,2,6.5,3,9.4,7,21.2,8218,4.3,8218,4.3,6,2.8,-34,-7.4
"20000","3","7121","56","0","2024","1","",10,33,35,40,200445,200445,223,428,"",1.65,0.10,0.10,0.11,0.07,0.75,0.12,0.72,"",0,0.0,2,6.5,3,9.4,7,21.2,8218,4.3,8218,4.3,6,2.8,-34,-7.4
"20000","3","71211","57","0","2024","1","",10,33,35,40,200445,200445,223,428,"",7.24,1.33,1.36,1.56,0.82,9.08,1.52,0.58,"",0,0.0,2,6.5,3,9.4,7,21.2,8218,4.3,8218,4.3,6,2.8,-34,-7.4
"20000","3","712110","58","0","2024","1","",10,33,35,40,200445,200445,223,428,"",7.24,1.33,1.36,1.56,0.82,9.08,1.52,0.58,"",0,0.0,2,6.5,3,9.4,7,21.2,8218,4.3,8218,4.3,6,2.8,-34,-7.4
"20000","3","713","55","0","2024","1","",72,3181,3330,3178,18248641,17617001,43359,435,"",2.89,1.51,1.56,1.48,1.06,2.60,0.85,0.70,"",0,0.0,361,12.8,406,13.9,412,14.9,2972783,19.5,2832326,19.2,7848,22.1,21,5.1
"20000","3","7132","56","0","2024","1","",6,620,633,629,6235872,5793388,26922,765,"",2.03,0.61,0.61,0.61,0.58,0.98,0.60,0.95,"",1,20.0,151,32.2,159,33.5,151,31.6,1613070,34.9,1468957,34.0,3658,15.7,14,1.9
"20000","3","71321","57","0","2024","1","",5,608,620,616,6137455,5694971,26459,768,"",2.36,0.65,0.66,0.65,0.62,1.13,0.61,0.95,"",1,25.0,152,33.3,159,34.5,151,32.5,1628291,36.1,1484178,35.2,4729,21.8,15,2.0
"20000","3","713210","58","0","2024","1","",5,608,620,616,6137455,5694971,26459,768,"",2.36,0.65,0.66,0.65,0.62,1.13,0.61,0.95,"",1,25.0,152,33.3,159,34.5,151,32.5,1628291,36.1,1484178,35.2,4729,21.8,15,2.0
"20000","3","71329","57","0","2024","1","",1,12,13,13,98417,98417,463,598,"",1.20,0.14,0.15,0.15,0.11,0.11,0.27,0.74,"",0,0.0,-1,-7.7,0,0.0,0,0.0,-15221,-13.4,-15221,-13.4,-1071,-69.8,-74,-11.0
"20000","3","713290","58","0","2024","1","",1,12,13,13,98417,98417,463,598,"",1.20,0.14,0.15,0.15,0.11,0.11,0.27,0.74,"",0,0.0,-1,-7.7,0,0.0,0,0.0,-15221,-13.4,-15221,-13.4,-1071,-69.8,-74,-11.0
"20000","3","7139","56","0","2024","1","",66,2561,2697,2549,12012769,11823613,16437,355,"",3.02,2.37,2.45,2.28,1.86,13.93,2.70,0.79,"",-1,-1.5,210,8.9,247,10.1,261,11.4,1359713,12.8,1363369,13.0,4190,34.2,8,2.3
"20000","3","71394","57","0","2024","1","",30,482,506,495,1509103,1509103,2795,235,"",3.14,1.13,1.17,1.12,0.69,5.13,1.25,0.61,"",-1,-3.2,8,1.7,46,10.0,37,8.1,83824,5.9,83824,5.9,1139,68.8,-1,-0.4
"20000","3","713940","58","0","2024","1","",30,482,506,495,1509103,1509103,2795,235,"",3.14,1.13,1.17,1.12,0.69,5.13,1.25,0.61,"",-1,-3.2,8,1.7,46,10.0,37,8.1,83824,5.9,83824,5.9,1139,68.8,-1,-0.4
"20000","3","71399","57","0","2024","1","",36,2079,2191,2054,10503666,10314510,13642,383,"",3.58,3.53,3.64,3.40,2.70,25.03,4.69,0.76,"",0,0.0,202,10.8,201,10.1,224,12.2,1275889,13.8,1279545,14.2,3051,28.8,9,2.4
"20000","3","713990","58","0","2024","1","",36,2079,2191,2054,10503666,10314510,13642,383,"",3.58,3.53,3.64,3.40,2.70,25.03,4.69,0.76,"",0,0.0,202,10.8,201,10.1,224,12.2,1275889,13.8,1279545,14.2,3051,28.8,9,2.4
"20000","3","72","54","0","2024","1","",1,735,737,744,7459011,6763215,181254,777,"",0.17,0.76,0.75,0.76,0.78,1.48,4.41,1.04,"",-1,-50.0,45,6.5,47,6.8,22,3.0,681845,10.1,600231,9.7,16504,10.0,33,4.4
"20000","3","721","55","0","2024","1","",1,735,737,744,7459011,6763215,181254,777,"",0.65,0.85,0.85,0.86,0.84,1.53,4.45,0.99,"",-1,-50.0,45,6.5,47,6.8,22,3.0,681845,10.1,600231,9.7,16504,10.0,33,4.4
"20000","3","7211","56","0","2024","1","",1,735,737,744,7459011,6763215,181254,777,"",0.83,0.85,0.85,0.86,0.85,1.54,4.48,0.99,"",-1,-50.0,45,6.5,47,6.8,22,3.0,681845,10.1,600231,9.7,16504,10.0,33,4.4
"20000","3","72112","57","0","2024","1","",1,735,737,744,7459011,6763215,181254,777,"",1.14,0.89,0.89,0.90,0.87,1.61,4.53,0.98,"",0,0.0,61,9.1,62,9.2,38,5.4,785966,11.8,697890,11.5,17490,10.7,28,3.7
"20000","3","721120","58","0","2024","1","",1,735,737,744,7459011,6763215,181254,777,"",1.14,0.89,0.89,0.90,0.87,1.61,4.53,0.98,"",0,0.0,61,9.1,62,9.2,38,5.4,785966,11.8,697890,11.5,17490,10.7,28,3.7
"20000","3","81","54","0","2024","1","",71,137,135,137,608227,508781,1451,343,"",4.10,0.45,0.44,0.45,0.17,0.67,0.21,0.38,"",-1,-1.4,-4,-2.8,-2,-1.5,-11,-7.4,49969,9.0,36610,7.8,-284,-16.4,41,13.6
"20000","3","812","55","0","2024","1","",65,107,105,107,364670,281021,881,264,"",7.69,1.67,1.62,1.64,0.58,2.07,0.65,0.35,"",-1,-1.5,-2,-1.8,-1,-0.9,-9,-7.8,-1275,-0.3,-11109,-3.8,-172,-16.3,9,3.5
"20000","3","8122","56","0","2024","1","",65,107,105,107,364670,281021,881,264,"",11.01,5.17,5.09,5.09,2.31,4.49,1.18,0.45,"",-1,-1.5,-2,-1.8,-1,-0.9,-9,-7.8,-1275,-0.3,-11109,-3.8,-172,-16.3,9,3.5
"20000","3","81222","57","0","2024","1","",65,107,105,107,364670,281021,881,264,"",11.04,5.19,5.11,5.11,2.32,4.53,1.20,0.45,"",-1,-1.5,-2,-1.8,-1,-0.9,-9,-7.8,-1275,-0.3,-11109,-3.8,-172,-16.3,9,3.5
"20000","3","812220","58","0","2024","1","",65,107,105,107,364670,281021,881,264,"",11.04,5.19,5.11,5.11,2.32,4.53,1.20,0.45,"",-1,-1.5,-2,-1.8,-1,-0.9,-9,-7.8,-1275,-0.3,-11109,-3.8,-172,-16.3,9,3.5
"20000","3","813","55","0","2024","1","",6,30,30,30,243557,227760,570,625,"",1.53,0.29,0.29,0.28,0.19,0.40,0.11,0.67,"",0,0.0,-2,-6.2,-1,-3.2,-2,-6.2,51244,26.6,47719,26.5,-112,-16.4,158,33.8
"20000","3","8133","56","0","2024","1","",3,24,24,24,191532,186735,506,614,"",1.90,0.41,0.41,0.41,0.28,0.62,0.13,0.68,"",0,0.0,-2,-7.7,-2,-7.7,-2,-7.7,54461,39.7,52186,38.8,-54,-9.6,208,51.2
"20000","3","81331","57","0","2024","1","",3,24,24,24,191532,186735,506,614,"",1.90,0.41,0.41,0.41,0.28,0.62,0.13,0.68,"",0,0.0,-2,-7.7,-2,-7.7,-2,-7.7,54461,39.7,52186,38.8,-54,-9.6,208,51.2
"20000","3","813311","58","0","2024","1","",2,19,19,19,147056,146718,378,595,"",7.56,1.02,1.00,1.00,0.62,2.24,0.90,0.61,"",0,0.0,-2,-9.5,-2,-9.5,-2,-9.5,50455,52.2,50117,51.9,-53,-12.3,241,68.1
"20000","3","813319","58","0","2024","1","",1,5,5,5,44476,40017,128,684,"",1.34,0.16,0.16,0.16,0.13,0.20,0.04,0.83,"",0,0.0,0,0.0,0,0.0,0,0.0,4006,9.9,2069,5.5,-1,-0.8,61,9.8
"20000","3","8134","56","0","2024","1","",1,3,3,3,3105,3105,3,80,"",2.24,0.24,0.24,0.24,0.02,0.06,0.00,0.10,"",0,0.0,1,50.0,1,50.0,1,50.0,859,38.2,859,38.2,1,50.0,-6,-7.0
"20000","3","81341","57","0","2024","1","",1,3,3,3,3105,3105,3,80,"",2.24,0.24,0.24,0.24,0.02,0.06,0.00,0.10,"",0,0.0,1,50.0,1,50.0,1,50.0,859,38.2,859,38.2,1,50.0,-6,-7.0
"20000","3","813410","58","0","2024","1","",1,3,3,3,3105,3105,3,80,"",2.24,0.24,0.24,0.24,0.02,0.06,0.00,0.10,"",0,0.0,1,50.0,1,50.0,1,50.0,859,38.2,859,38.2,1,50.0,-6,-7.0
"20000","3","8139","56","0","2024","1","",2,3,3,3,48920,37920,61,1254,"",1.34,0.15,0.14,0.14,0.14,0.28,0.11,1.01,"",0,0.0,-1,-25.0,0,0.0,-1,-25.0,-4076,-7.7,-5326,-12.3,-59,-49.2,142,12.8
"20000","3","81391","57","0","2024","1","",2,3,3,3,48920,37920,61,1254,"",2.09,0.24,0.24,0.22,0.23,0.75,0.26,0.99,"",0,0.0,-1,-25.0,0,0.0,-1,-25.0,-4076,-7.7,-5326,-12.3,-59,-49.2,142,12.8
"20000","3","813910","58","0","2024","1","",2,3,3,3,48920,37920,61,1254,"",2.09,0.24,0.24,0.22,0.23,0.75,0.26,0.99,"",0,0.0,-1,-25.0,0,0.0,-1,-25.0,-4076,-7.7,-5326,-12.3,-59,-49.2,142,12.8
"20000","3","92","54","0","2024","1","",1143,50910,51039,52115,674572796,620646204,817385,1010,"",2.19,1.33,1.32,1.34,1.21,10.55,3.01,0.91,"",4,0.4,1196,2.4,1600,3.2,2387,4.8,56447818,9.1,52525372,9.2,-95259,-10.4,52,5.4
"20000","3","921","55","0","2024","1","",765,46961,47204,48254,626313459,578658063,746313,1015,"",2.51,1.88,1.86,1.89,1.91,13.59,4.07,1.02,"",0,0.0,951,2.1,1366,3.0,2079,4.5,49959663,8.7,47309810,8.9,-104908,-12.3,51,5.3
"20000","3","9211","56","0","2024","1","",765,46961,47204,48254,626313459,578658063,746313,1015,"",2.51,1.88,1.86,1.89,1.91,13.59,4.07,1.02,"",0,0.0,951,2.1,1366,3.0,2079,4.5,49959663,8.7,47309810,8.9,-104908,-12.3,51,5.3
"20000","3","92111","57","0","2024","1","",74,655,653,650,5119009,5073220,9605,603,"",1.98,0.39,0.39,0.38,0.23,1.58,0.45,0.61,"",-1,-1.3,-14,-2.1,-1,-0.2,11,1.7,243234,5.0,325775,6.9,-17732,-64.9,30,5.2
"20000","3","921110","58","0","2024","1","",74,655,653,650,5119009,5073220,9605,603,"",1.98,0.39,0.39,0.38,0.23,1.58,0.45,0.61,"",-1,-1.3,-14,-2.1,-1,-0.2,11,1.7,243234,5.0,325775,6.9,-17732,-64.9,30,5.2
"20000","3","92112","57","0","2024","1","",13,638,617,620,5716878,5709379,6358,704,"",0.57,0.26,0.25,0.25,0.17,7.07,0.86,0.68,"",1,8.3,58,10.0,12,2.0,28,4.7,438284,8.3,434108,8.2,137,2.2,18,2.6
"20000","3","921120","58","0","2024","1","",13,638,617,620,5716878,5709379,6358,704,"",0.57,0.26,0.25,0.25,0.17,7.07,0.86,0.68,"",1,8.3,58,10.0,12,2.0,28,4.7,438284,8.3,434108,8.2,137,2.2,18,2.6
"20000","3","92113","57","0","2024","1","",4,17,17,15,201996,80889,286,951,"",0.19,0.03,0.03,0.02,0.02,0.10,0.07,0.85,"",0,0.0,2,13.3,3,21.4,-1,-6.2,16704,9.0,1781,2.3,-73,-20.3,1,0.1
"20000","3","921130","58","0","2024","1","",4,17,17,15,201996,80889,286,951,"",0.19,0.03,0.03,0.02,0.02,0.10,0.07,0.85,"",0,0.0,2,13.3,3,21.4,-1,-6.2,16704,9.0,1781,2.3,-73,-20.3,1,0.1
"20000","3","92114","57","0","2024","1","",657,45096,45357,46397,607589851,566476425,705877,1025,"",3.77,2.77,2.75,2.79,2.87,24.04,9.79,1.04,"",-1,-0.2,916,2.1,1349,3.1,2027,4.6,48883503,8.7,46680507,9.0,-80256,-10.2,52,5.3
"20000","3","921140","58","0","2024","1","",657,45096,45357,46397,607589851,566476425,705877,1025,"",3.77,2.77,2.75,2.79,2.87,24.04,9.79,1.04,"",-1,-0.2,916,2.1,1349,3.1,2027,4.6,48883503,8.7,46680507,9.0,-80256,-10.2,52,5.3
"20000","3","92115","57","0","2024","1","",7,476,485,493,7061277,1057206,23459,1121,"",0.75,0.44,0.44,0.45,0.53,0.11,0.35,1.20,"",0,0.0,-15,-3.1,-1,-0.2,7,1.4,362287,5.4,-118965,-10.1,-7425,-24.0,64,6.1
"20000","3","921150","58","0","2024","1","",7,476,485,493,7061277,1057206,23459,1121,"",0.75,0.44,0.44,0.45,0.53,0.11,0.35,1.20,"",0,0.0,-15,-3.1,-1,-0.2,7,1.4,362287,5.4,-118965,-10.1,-7425,-24.0,64,6.1
"20000","3","92119","57","0","2024","1","",10,79,75,79,624448,260944,728,618,"",0.25,0.03,0.03,0.03,0.02,0.06,0.06,0.61,"",1,11.1,4,5.3,4,5.6,7,9.7,15651,2.6,-13396,-4.9,441,153.7,-26,-4.0
"20000","3","921190","58","0","2024","1","",10,79,75,79,624448,260944,728,618,"",0.25,0.03,0.03,0.03,0.02,0.06,0.06,0.61,"",1,11.1,4,5.3,4,5.6,7,9.7,15651,2.6,-13396,-4.9,441,153.7,-26,-4.0
"20000","3","922","55","0","2024","1","",43,1257,1134,1129,17612312,15776800,16262,1155,"",0.39,0.14,0.13,0.13,0.11,1.93,0.43,0.81,"",-1,-2.3,44,3.6,40,3.7,6,0.5,1352244,8.3,1201978,8.2,-1893,-10.4,61,5.6
"20000","3","9221","56","0","2024","1","",43,1257,1134,1129,17612312,15776800,16262,1155,"",0.39,0.14,0.13,0.13,0.11,1.93,0.43,0.81,"",-1,-2.3,44,3.6,40,3.7,6,0.5,1352244,8.3,1201978,8.2,-1893,-10.4,61,5.6
"20000","3","92211","57","0","2024","1","",1,139,136,134,2785312,2785312,2785,1572,"",0.06,0.19,0.19,0.19,0.29,7.35,1.70,1.54,"",0,0.0,12,9.4,9,7.1,7,5.5,167559,6.4,167560,6.4,167,6.4,-14,-0.9
"20000","3","922110","58","0","2024","1","",1,139,136,134,2785312,2785312,2785,1572,"",0.06,0.19,0.19,0.19,0.29,7.35,1.70,1.54,"",0,0.0,12,9.4,9,7.1,7,5.5,167559,6.4,167560,6.4,167,6.4,-14,-0.9
"20000","3","92212","57","0","2024","1","",2,259,262,267,4543501,4543501,4544,1331,"",0.07,0.07,0.07,0.07,0.06,1.73,0.37,0.95,"",0,0.0,-3,-1.1,11,4.4,11,4.3,229128,5.3,229128,5.3,229,5.3,36,2.8
"20000","3","922120","58","0","2024","1","",2,259,262,267,4543501,4543501,4544,1331,"",0.07,0.07,0.07,0.07,0.06,1.73,0.37,0.95,"",0,0.0,-3,-1.1,11,4.4,11,4.3,229128,5.3,229128,5.3,229,5.3,36,2.8
"20000","3","92214","57","0","2024","1","",2,58,59,55,529781,529781,529,711,"",0.40,0.11,0.11,0.10,0.07,1.51,0.54,0.61,"",0,0.0,21,56.8,21,55.3,2,3.8,-5039,-0.9,-5039,-0.9,-2738,-83.8,-253,-26.2
"20000","3","922140","58","0","2024","1","",2,58,59,55,529781,529781,529,711,"",0.40,0.11,0.11,0.10,0.07,1.51,0.54,0.61,"",0,0.0,21,56.8,21,55.3,2,3.8,-5039,-0.9,-5039,-0.9,-2738,-83.8,-253,-26.2
"20000","3","92216","57","0","2024","1","",38,801,677,673,9753718,7918206,8404,1046,"",0.86,0.39,0.33,0.33,0.26,1.92,0.43,0.73,"",-1,-2.6,14,1.8,-1,-0.1,-14,-2.0,960596,10.9,810329,11.4,449,5.6,103,10.9
"20000","3","922160","58","0","2024","1","",38,801,677,673,9753718,7918206,8404,1046,"",0.86,0.39,0.33,0.33,0.26,1.92,0.43,0.73,"",-1,-2.6,14,1.8,-1,-0.1,-14,-2.0,960596,10.9,810329,11.4,449,5.6,103,10.9
"20000","3","923","55","0","2024","1","",35,1461,1474,1501,18319167,14916919,18022,953,"",1.89,0.71,0.71,0.72,0.60,7.31,1.56,0.84,"",2,6.1,202,16.0,200,15.7,228,17.9,4565750,33.2,3509826,30.8,-2345,-11.5,119,14.3
"20000","3","9231","56","0","2024","1","",35,1461,1474,1501,18319167,14916919,18022,953,"",1.89,0.71,0.71,0.72,0.60,7.31,1.56,0.84,"",2,6.1,202,16.0,200,15.7,228,17.9,4565750,33.2,3509826,30.8,-2345,-11.5,119,14.3
"20000","3","92311","57","0","2024","1","",6,384,387,390,3352246,3352246,3352,666,"",2.68,1.54,1.47,1.48,1.21,9.21,1.72,0.81,"",0,0.0,1,0.3,-4,-1.0,3,0.8,139544,4.3,139544,4.3,139,4.3,27,4.2
"20000","3","923110","58","0","2024","1","",6,384,387,390,3352246,3352246,3352,666,"",2.68,1.54,1.47,1.48,1.21,9.21,1.72,0.81,"",0,0.0,1,0.3,-4,-1.0,3,0.8,139544,4.3,139544,4.3,139,4.3,27,4.2
"20000","3","92312","57","0","2024","1","",27,950,959,985,14276262,10874015,13980,1138,"",2.73,1.28,1.28,1.33,1.32,7.90,1.80,1.02,"",2,8.0,211,28.6,214,28.7,236,31.5,4454809,45.4,3398886,45.5,-2455,-14.9,123,12.1
"20000","3","923120","58","0","2024","1","",27,950,959,985,14276262,10874015,13980,1138,"",2.73,1.28,1.28,1.33,1.32,7.90,1.80,1.02,"",2,8.0,211,28.6,214,28.7,236,31.5,4454809,45.4,3398886,45.5,-2455,-14.9,123,12.1
"20000","3","92313","57","0","2024","1","",2,127,128,126,690659,690658,690,418,"",0.45,0.12,0.12,0.12,0.04,2.33,0.39,0.34,"",0,0.0,-10,-7.3,-10,-7.2,-11,-8.0,-28603,-4.0,-28604,-4.0,-29,-4.0,15,3.7
"20000","3","923130","58","0","2024","1","",2,127,128,126,690659,690658,690,418,"",0.45,0.12,0.12,0.12,0.04,2.33,0.39,0.34,"",0,0.0,-10,-7.3,-10,-7.2,-11,-8.0,-28603,-4.0,-28604,-4.0,-29,-4.0,15,3.7
"20000","3","924","55","0","2024","1","",164,486,477,483,3419589,3127359,5177,546,"",4.74,0.53,0.51,0.52,0.26,2.38,0.61,0.50,"",2,1.2,16,3.4,6,1.3,80,19.9,291833,9.3,252106,8.8,-1455,-21.9,9,1.7
"20000","3","9241","56","0","2024","1","",164,486,477,483,3419589,3127359,5177,546,"",4.74,0.53,0.51,0.52,0.26,2.38,0.61,0.50,"",2,1.2,16,3.4,6,1.3,80,19.9,291833,9.3,252106,8.8,-1455,-21.9,9,1.7
"20000","3","92411","57","0","2024","1","",34,83,82,85,928699,851545,1851,857,"",2.46,0.15,0.15,0.15,0.10,1.45,0.49,0.64,"",1,3.0,2,2.5,2,2.5,7,9.0,20350,2.2,7150,0.8,-1597,-46.3,-20,-2.3
"20000","3","924110","58","0","2024","1","",34,83,82,85,928699,851545,1851,857,"",2.46,0.15,0.15,0.15,0.10,1.45,0.49,0.64,"",1,3.0,2,2.5,2,2.5,7,9.0,20350,2.2,7150,0.8,-1597,-46.3,-20,-2.3
"20000","3","92412","57","0","2024","1","",130,403,395,398,2490890,2275814,3326,481,"",6.27,1.11,1.08,1.07,0.73,3.14,0.71,0.67,"",1,0.8,14,3.6,4,1.0,73,22.5,271483,12.2,244956,12.1,142,4.5,17,3.7
"20000","3","924120","58","0","2024","1","",130,403,395,398,2490890,2275814,3326,481,"",6.27,1.11,1.08,1.07,0.73,3.14,0.71,0.67,"",1,0.8,14,3.6,4,1.0,73,22.5,271483,12.2,244956,12.1,142,4.5,17,3.7
"20000","3","925","55","0","2024","1","",63,387,381,384,4657422,4369983,23293,933,"",2.04,0.51,0.50,0.51,0.45,1.34,1.22,0.89,"",0,0.0,-31,-7.4,-32,-7.7,-19,-4.7,-30597,-0.7,5241,0.1,14947,179.1,56,6.4
"20000","3","9251","56","0","2024","1","",63,387,381,384,4657422,4369983,23293,933,"",2.04,0.51,0.50,0.51,0.45,1.34,1.22,0.89,"",0,0.0,-31,-7.4,-32,-7.7,-19,-4.7,-30597,-0.7,5241,0.1,14947,179.1,56,6.4
"20000","3","92511","57","0","2024","1","",55,324,320,320,3876484,3734287,22348,928,"",2.77,0.70,0.68,0.68,0.59,1.59,1.72,0.86,"",0,0.0,-31,-8.7,-31,-8.8,-20,-5.9,-74459,-1.9,-46226,-1.2,15259,215.2,56,6.4
"20000","3","925110","58","0","2024","1","",55,324,320,320,3876484,3734287,22348,928,"",2.77,0.70,0.68,0.68,0.59,1.59,1.72,0.86,"",0,0.0,-31,-8.7,-31,-8.8,-20,-5.9,-74459,-1.9,-46226,-1.2,15259,215.2,56,6.4
"20000","3","92512","57","0","2024","1","",8,63,61,64,780938,635696,945,959,"",0.72,0.21,0.21,0.23,0.21,0.70,0.16,0.97,"",0,0.0,0,0.0,-1,-1.6,1,1.6,43862,6.0,51467,8.8,-312,-24.8,54,6.0
"20000","3","925120","58","0","2024","1","",8,63,61,64,780938,635696,945,959,"",0.72,0.21,0.21,0.23,0.21,0.70,0.16,0.97,"",0,0.0,0,0.0,-1,-1.6,1,1.6,43862,6.0,51467,8.8,-312,-24.8,54,6.0
"20000","3","926","55","0","2024","1","",73,358,369,364,4250847,3797080,8318,899,"",3.11,0.56,0.58,0.56,0.40,2.64,0.74,0.71,"",1,1.4,14,4.1,20,5.7,13,3.7,308925,7.8,246411,6.9,395,5.0,28,3.2
"20000","3","9261","56","0","2024","1","",73,358,369,364,4250847,3797080,8318,899,"",3.11,0.56,0.58,0.56,0.40,2.64,0.74,0.71,"",1,1.4,14,4.1,20,5.7,13,3.7,308925,7.8,246411,6.9,395,5.0,28,3.2
"20000","3","92611","57","0","2024","1","",8,27,33,31,469356,240854,1360,1190,"",1.56,0.22,0.27,0.25,0.26,0.48,0.64,1.04,"",0,0.0,-2,-6.9,3,10.0,3,10.7,36762,8.5,11492,5.0,-139,-9.3,43,3.7
"20000","3","926110","58","0","2024","1","",8,27,33,31,469356,240854,1360,1190,"",1.56,0.22,0.27,0.25,0.26,0.48,0.64,1.04,"",0,0.0,-2,-6.9,3,10.0,3,10.7,36762,8.5,11492,5.0,-139,-9.3,43,3.7
"20000","3","92612","57","0","2024","1","",3,55,56,58,775852,770054,1390,1059,"",0.89,0.23,0.23,0.23,0.17,1.38,0.28,0.73,"",0,0.0,2,3.8,2,3.7,-1,-1.7,72805,10.4,71945,10.3,212,18.0,82,8.4
"20000","3","926120","58","0","2024","1","",3,55,56,58,775852,770054,1390,1059,"",0.89,0.23,0.23,0.23,0.17,1.38,0.28,0.73,"",0,0.0,2,3.8,2,3.7,-1,-1.7,72805,10.4,71945,10.3,212,18.0,82,8.4
"20000","3","92613","57","0","2024","1","",5,88,90,92,1384278,1382464,2136,1183,"",1.37,0.78,0.80,0.82,0.73,8.35,1.05,0.91,"",1,25.0,12,15.8,12,15.4,16,21.1,60918,4.6,60021,4.5,-275,-11.4,-145,-10.9
"20000","3","926130","58","0","2024","1","",5,88,90,92,1384278,1382464,2136,1183,"",1.37,0.78,0.80,0.82,0.73,8.35,1.05,0.91,"",1,25.0,12,15.8,12,15.4,16,21.1,60918,4.6,60021,4.5,-275,-11.4,-145,-10.9
"20000","3","92614","57","0","2024","1","",56,176,177,171,1492967,1403708,3432,658,"",13.31,7.64,7.67,7.41,7.01,21.18,3.76,0.93,"",0,0.0,0,0.0,0,0.0,-7,-3.9,115731,8.4,102953,7.9,597,21.1,59,9.8
"20000","3","926140","58","0","2024","1","",56,176,177,171,1492967,1403708,3432,658,"",13.31,7.64,7.67,7.41,7.01,21.18,3.76,0.93,"",0,0.0,0,0.0,0,0.0,-7,-3.9,115731,8.4,102953,7.9,597,21.1,59,9.8
"20000","3","92615","57","0","2024","1","",1,12,13,12,128394,0,0,801,"",0.14,0.09,0.09,0.09,0.07,0.00,0.00,0.75,"",0,0.0,2,20.0,3,30.0,2,20.0,22709,21.5,0,0.0,0,0.0,-12,-1.5
"20000","3","926150","58","0","2024","1","",1,12,13,12,128394,0,0,801,"",0.14,0.09,0.09,0.09,0.07,0.00,0.00,0.75,"",0,0.0,2,20.0,3,30.0,2,20.0,22709,21.5,0,0.0,0,0.0,-12,-1.5
"20000","5","10","51","0","2024","1","",93417,1155326,1166687,1168051,18675178716,10950015697,123606671,1235,"",0.97,0.97,0.97,0.97,0.98,0.86,0.99,1.02,"",2963,3.3,369,0.0,8055,0.7,6747,0.6,706699721,3.9,274697398,2.6,-14566324,-10.5,42,3.5
"20000","5","101","52","0","2024","1","",13732,255772,260071,262337,4735091117,3113174037,42554769,1404,"",1.13,1.26,1.27,1.27,1.37,1.15,1.33,1.08,"",252,1.9,842,0.3,3629,1.4,4172,1.6,187921369,4.1,95371897,3.2,-9600648,-18.4,40,2.9
"20000","5","1011","53","0","2024","1","",2742,18114,18362,18770,253280665,197052388,1988754,1058,"",2.30,1.17,1.17,1.18,0.99,1.03,0.89,0.85,"",70,2.6,-411,-2.2,-100,-0.5,-167,-0.9,1976194,0.8,601702,0.3,-390759,-16.4,21,2.0
"20000","5","1012","53","0","2024","1","",7563,63471,66720,68846,1151551806,788747077,16545873,1335,"",0.98,0.89,0.93,0.94,1.04,0.83,1.13,1.13,"",67,0.9,-479,-0.7,2315,3.6,2516,3.8,101042869,9.6,40294061,5.4,-1080058,-6.1,90,7.2
"20000","5","1013","53","0","2024","1","",3427,174187,174989,174721,3330258646,2127374572,24020142,1467,"",1.05,1.49,1.49,1.49,1.58,1.36,1.60,1.06,"",115,3.5,1732,1.0,1414,0.8,1823,1.1,84902306,2.6,54476134,2.6,-8129831,-25.3,24,1.7
"20000","5","102","52","0","2024","1","",79685,899554,906616,905714,13940087599,7836841660,81051902,1186,"",0.95,0.91,0.91,0.90,0.90,0.79,0.87,0.99,"",2711,3.5,-473,-0.1,4426,0.5,2575,0.3,518778352,3.9,179325501,2.3,-4965676,-5.8,41,3.6
"20000","5","1021","53","0","2024","1","",19611,268645,268373,267713,3758357277,2449899338,23301624,1078,"",1.16,1.02,1.02,1.02,1.12,0.89,0.98,1.10,"",42,0.2,-1759,-0.7,-1017,-0.4,-1150,-0.4,88431287,2.4,42321748,1.8,-1342908,-5.4,31,3.0
"20000","5","1022","53","0","2024","1","",2639,17781,17716,17781,430803438,204264314,2634608,1866,"",1.10,0.67,0.65,0.66,0.43,0.46,0.55,0.66,"",89,3.5,-365,-2.0,-467,-2.6,-283,-1.6,6212618,1.5,-1502237,-0.7,-281292,-9.6,65,3.6
"20000","5","1023","53","0","2024","1","",9350,72950,72881,72731,1860509707,860827540,8367432,1964,"",1.06,0.92,0.91,0.91,0.74,0.77,0.81,0.80,"",130,1.4,-99,-0.1,137,0.2,145,0.2,97159143,5.5,14067273,1.7,-480042,-5.4,101,5.4
"20000","5","1024","53","0","2024","1","",22331,171060,173357,172934,3900612526,1966068647,24334416,1740,"",1.09,0.84,0.84,0.84,0.89,0.73,0.87,1.05,"",940,4.4,-4926,-2.8,-2962,-1.7,-3432,-1.9,120274181,3.2,6609463,0.3,-2165897,-8.2,90,5.5
"20000","5","1025","53","0","2024","1","",12359,206834,208425,206627,2846596970,1413523488,12615797,1056,"",0.70,0.90,0.90,0.89,0.99,0.96,0.96,1.10,"",1215,10.9,5992,3.0,6620,3.3,5680,2.8,162665006,6.1,88210225,6.7,-330916,-2.6,30,2.9
"20000","5","1026","53","0","2024","1","",7201,127214,130013,131856,723280473,656455241,6491093,429,"",0.90,0.87,0.88,0.88,0.77,0.62,0.68,0.88,"",151,2.1,603,0.5,1556,1.2,1206,0.9,22936681,3.3,19921105,3.1,-96838,-1.5,10,2.4
"20000","5","1027","53","0","2024","1","",6194,35070,35851,36072,419927208,285803092,3306932,906,"",0.85,0.84,0.85,0.85,0.96,0.75,0.92,1.14,"",144,2.4,81,0.2,559,1.6,409,1.1,21099436,5.3,9697924,3.5,-267783,-7.5,37,4.3
"20000","5","1029","53","0","2024","1","-",0,0,0,0,0,0,0,0,"N",0.00,0,0,0,0,0,0,0,"N",0,0.0,0,0,0,0,0,0,0,0,0,0,0,0,0,0
"20000","5","11","54","0","2024","1","",1901,12079,12256,12650,149947047,124950565,1117293,936,"",2.02,1.20,1.19,1.20,1.65,1.21,0.82,1.39,"",79,4.3,-108,-0.9,88,0.7,20,0.2,3937858,2.7,3358049,2.8,-118893,-9.6,25,2.7
"20000","5","111","55","0","2024","1","",932,3414,3524,3906,38718528,33016445,326615,824,"",2.20,0.83,0.82,0.86,1.08,0.81,0.59,1.28,"",31,3.4,-124,-3.5,-21,-0.6,-28,-0.7,861360,2.3,652367,2.0,-20096,-5.8,31,3.9
"20000","5","1111","56","0","2024","1","",783,2700,2734,2776,30673576,26009089,226677,862,"",6.55,5.79,5.76,5.68,7.13,5.05,5.84,1.24,"",30,4.0,-85,-3.1,-23,-0.8,-40,-1.4,327259,1.1,302937,1.2,-12441,-5.2,24,2.9
"20000","5","11111","57","0","2024","1","",11,40,38,38,486038,421345,5601,967,"",0.91,0.89,0.82,0.79,1.21,0.90,1.44,1.45,"",1,10.0,-8,-16.7,-11,-22.4,-10,-20.8,-19529,-3.9,-33904,-7.4,-881,-13.6,162,20.1
"20000","5","111110","58","0","2024","1","",11,40,38,38,486038,421345,5601,967,"",0.91,0.89,0.82,0.79,1.21,0.90,1.44,1.45,"",1,10.0,-8,-16.7,-11,-22.4,-10,-20.8,-19529,-3.9,-33904,-7.4,-881,-13.6,162,20.1
"20000","5","11114","57","0","2024","1","",208,626,645,664,6524677,5928683,47052,778,"",12.67,14.27,14.40,14.46,17.90,11.38,17.10,1.24,"",-2,-1.0,-41,-6.1,-3,-0.5,-22,-3.2,171034,2.7,178538,3.1,-7074,-13.1,45,6.1
"20000","5","111140","58","0","2024","1","",208,626,645,664,6524677,5928683,47052,778,"",12.67,14.27,14.40,14.46,17.90,11.38,17.10,1.24,"",-2,-1.0,-41,-6.1,-3,-0.5,-22,-3.2,171034,2.7,178538,3.1,-7074,-13.1,45,6.1
"20000","5","11115","57","0","2024","1","",114,422,433,430,5005690,4272803,34659,899,"",3.36,2.64,2.68,2.60,3.17,2.29,2.53,1.20,"",2,1.8,-22,-5.0,-20,-4.4,-19,-4.2,-26876,-0.5,-89160,-2.0,-2268,-6.1,36,4.2
"20000","5","111150","58","0","2024","1","",114,422,433,430,5005690,4272803,34659,899,"",3.36,2.64,2.68,2.60,3.17,2.29,2.53,1.20,"",2,1.8,-22,-5.0,-20,-4.4,-19,-4.2,-26876,-0.5,-89160,-2.0,-2268,-6.1,36,4.2
"20000","5","11119","57","0","2024","1","",450,1612,1618,1644,18657171,15386258,139365,883,"",9.14,8.54,8.41,8.26,11.12,7.56,9.69,1.32,"",29,6.9,-14,-0.9,11,0.7,11,0.7,202630,1.1,247463,1.6,-2218,-1.6,8,0.9
"20000","5","111191","58","0","2024","1","",408,1327,1333,1363,14769076,12515963,117629,847,"",10.99,9.10,8.98,8.91,11.38,7.93,11.41,1.26,"",31,8.2,9,0.7,40,3.1,41,3.1,825997,5.9,576800,4.8,4612,4.1,29,3.5
"20000","5","111199","58","0","2024","1","",42,285,285,281,3888095,2870295,21736,1054,"",3.47,6.63,6.48,6.10,10.22,6.30,5.34,1.60,"",-2,-4.5,-23,-7.5,-29,-9.2,-30,-9.6,-623367,-13.8,-329337,-10.3,-6830,-23.9,-62,-5.6
"20000","5","1112","56","0","2024","1","",16,46,49,34,322974,283001,5652,578,"",0.36,0.08,0.08,0.05,0.06,0.05,0.05,0.85,"",2,14.3,-11,-19.3,-15,-23.4,-36,-51.4,-106066,-24.7,-116601,-29.2,-2679,-32.2,60,11.6
"20000","5","11121","57","0","2024","1","",16,46,49,34,322974,283001,5652,578,"",0.36,0.08,0.08,0.05,0.06,0.05,0.05,0.85,"",2,14.3,-11,-19.3,-15,-23.4,-36,-51.4,-106066,-24.7,-116601,-29.2,-2679,-32.2,60,11.6
"20000","5","111211","58","0","2024","1","N",5,0,0,0,0,0,0,0,"N",0.58,0,0,0,0,0,0,0,"N",1,25.0,0,0,0,0,0,0,0,0,0,0,0,0,0,0
"20000","5","111219","58","0","2024","1","N",11,0,0,0,0,0,0,0,"N",0.31,0,0,0,0,0,0,0,"N",1,10.0,0,0,0,0,0,0,0,0,0,0,0,0,0,0
"20000","5","1113","56","0","2024","1","",6,16,22,20,65863,59556,1193,262,"",0.07,0.01,0.02,0.02,0.01,0.01,0.01,0.47,"",1,20.0,5,45.5,8,57.1,-1,-4.8,29888,83.1,23581,65.5,602,101.9,82,45.6
"20000","5","11133","57","0","2024","1","",6,16,22,20,65863,59556,1193,262,"",0.08,0.02,0.02,0.02,0.01,0.01,0.01,0.48,"",1,20.0,5,45.5,8,57.1,-1,-4.8,29888,83.1,23581,65.5,602,101.9,82,45.6
"20000","5","111331","58","0","2024","1","",4,10,16,12,34819,28512,581,211,"",0.33,0.05,0.08,0.05,0.03,0.01,0.03,0.42,"N",0,0.0,0,0,0,0,0,0,0,0,0,0,0,0,0,0
"20000","5","111332","58","0","2024","1","N",1,0,0,0,0,0,0,0,"N",0.07,0,0,0,0,0,0,0,"N",0,0.0,0,0,0,0,0,0,0,0,0,0,0,0,0,0
"20000","5","111333","58","0","2024","1","N",1,0,0,0,0,0,0,0,"N",0.24,0,0,0,0,0,0,0,"N",1,100.0,0,0,0,0,0,0,0,0,0,0,0,0,0,0
"20000","5","1114","56","0","2024","1","",35,304,366,723,3627971,3221870,54585,601,"",0.42,0.21,0.24,0.45,0.28,0.21,0.31,0.91,"",-3,-7.9,-66,-17.8,-28,-7.1,34,4.9,164138,4.7,105079,3.4,-2957,-5.1,51,9.3
"20000","5","11141","57","0","2024","1","",6,14,13,13,130711,103649,2279,754,"",0.26,0.03,0.03,0.03,0.03,0.02,0.03,1.05,"",1,20.0,6,75.0,2,18.2,2,18.2,51205,64.4,37839,57.5,432,23.4,142,23.2
"20000","5","111411","58","0","2024","1","N",1,0,0,0,0,0,0,0,"N",0.38,0,0,0,0,0,0,0,"N",0,0.0,0,0,0,0,0,0,0,0,0,0,0,0,0,0
"20000","5","111419","58","0","2024","1","N",5,0,0,0,0,0,0,0,"N",0.24,0,0,0,0,0,0,0,"N",1,25.0,0,0,0,0,0,0,0,0,0,0,0,0,0,0
"20000","5","11142","57","0","2024","1","",29,290,353,710,3497260,3118221,52306,596,"",0.48,0.29,0.33,0.61,0.40,0.31,0.50,0.94,"",-4,-12.1,-72,-19.9,-30,-7.8,32,4.7,112933,3.3,67240,2.2,-3389,-6.1,47,8.6
"20000","5","111421","58","0","2024","1","",17,139,158,190,1714870,1486570,32030,813,"",0.40,0.21,0.23,0.25,0.29,0.22,0.44,1.26,"",0,0.0,-30,-17.8,2,1.3,19,11.1,122827,7.7,85869,6.1,-1436,-4.3,72,9.7
"20000","5","111422","58","0","2024","1","",12,151,195,520,1782390,1631651,20276,475,"",0.68,0.47,0.53,1.26,0.61,0.47,0.62,0.78,"",-4,-25.0,-42,-21.8,-32,-14.1,13,2.6,-9894,-0.6,-18629,-1.1,-1953,-8.8,29,6.5
"20000","5","1119","56","0","2024","1","",92,348,353,353,4028144,3442929,38508,882,"",0.97,0.66,0.64,0.61,0.82,0.62,0.59,1.28,"",1,1.1,33,10.5,37,11.7,15,4.4,446141,12.5,337371,10.9,-2621,-6.4,29,3.4
"20000","5","11192","57","0","2024","1","",3,7,7,8,96003,83845,380,1007,"",0.15,0.09,0.08,0.09,0.14,0.11,0.06,1.64,"",-1,-25.0,-1,-12.5,-1,-12.5,0,0.0,-15879,-14.2,-14506,-14.7,213,127.5,-69,-6.4
"20000","5","111920","58","0","2024","1","",3,7,7,8,96003,83845,380,1007,"",0.15,0.09,0.08,0.09,0.14,0.11,0.06,1.64,"",-1,-25.0,-1,-12.5,-1,-12.5,0,0.0,-15879,-14.2,-14506,-14.7,213,127.5,-69,-6.4
"20000","5","11194","57","0","2024","1","",28,138,149,151,1533749,1397785,11843,808,"",1.86,1.99,2.05,1.96,2.45,1.86,1.28,1.23,"",-1,-3.4,8,6.2,18,13.7,11,7.9,201126,15.1,170629,13.9,-839,-6.6,41,5.3
"20000","5","111940","58","0","2024","1","",28,138,149,151,1533749,1397785,11843,808,"",1.86,1.99,2.05,1.96,2.45,1.86,1.28,1.23,"",-1,-3.4,8,6.2,18,13.7,11,7.9,201126,15.1,170629,13.9,-839,-6.6,41,5.3
"20000","5","11199","57","0","2024","1","",61,203,197,194,2398392,1961299,26285,932,"",1.12,0.61,0.56,0.52,0.80,0.53,0.58,1.43,"",3,5.2,26,14.7,20,11.3,4,2.1,260894,12.2,181248,10.2,-1995,-7.1,25,2.8
"20000","5","111998","58","0","2024","1","",61,203,197,194,2398392,1961299,26285,932,"",1.23,0.64,0.59,0.55,0.85,0.56,0.59,1.43,"",3,5.2,26,14.7,20,11.3,4,2.1,260894,12.2,181248,10.2,-1995,-7.1,25,2.8
"20000","5","112","55","0","2024","1","",680,7369,7430,7454,94898917,79469479,644519,984,"",2.86,3.08,3.07,3.07,4.05,2.89,4.07,1.32,"",32,4.9,-47,-0.6,33,0.4,-17,-0.2,2220324,2.4,2034137,2.6,-94828,-12.8,24,2.5
"20000","5","1121","56","0","2024","1","",612,6711,6781,6804,87775713,73051927,602101,998,"",4.10,4.62,4.63,4.63,6.52,4.50,6.35,1.41,"",40,7.0,-2,0.0,68,1.0,24,0.4,2814462,3.3,2466458,3.5,-73923,-10.9,28,2.9
"20000","5","11211","57","0","2024","1","",569,5167,5214,5251,68334659,54890201,495645,1009,"",6.07,10.11,10.09,10.08,14.42,10.06,17.27,1.43,"",39,7.4,28,0.5,87,1.7,79,1.5,2052213,3.1,1854758,3.5,-51229,-9.4,18,1.8
"20000","5","112111","58","0","2024","1","",420,1900,1883,1893,19767255,17715467,202595,804,"",5.00,5.11,5.01,4.98,6.10,4.67,9.65,1.21,"",34,8.8,19,1.0,0,0.0,-9,-0.5,1157672,6.2,573270,3.3,-9284,-4.4,46,6.1
"20000","5","112112","58","0","2024","1","",149,3267,3331,3358,48567404,37174734,293050,1126,"",15.19,23.53,23.70,23.84,32.49,22.38,37.97,1.37,"",5,3.5,9,0.3,87,2.7,88,2.7,894541,1.9,1281488,3.6,-41945,-12.5,0,0.0
"20000","5","11212","57","0","2024","1","",43,1544,1567,1553,19441054,18161726,106456,962,"",0.77,1.64,1.65,1.63,2.23,1.68,1.61,1.36,"",1,2.4,-30,-1.9,-19,-1.2,-55,-3.4,762249,4.1,611700,3.5,-22694,-17.6,58,6.4
"20000","5","112120","58","0","2024","1","",43,1544,1567,1553,19441054,18161726,106456,962,"",0.77,1.64,1.65,1.63,2.23,1.68,1.61,1.36,"",1,2.4,-30,-1.9,-19,-1.2,-55,-3.4,762249,4.1,611700,3.5,-22694,-17.6,58,6.4
"20000","5","1122","56","0","2024","1","",34,429,426,421,5059845,4547408,32030,915,"",1.78,1.69,1.67,1.66,1.97,1.36,3.00,1.17,"",-5,-12.8,-11,-2.5,4,0.9,-10,-2.3,58411,1.2,26147,0.6,-13928,-30.3,22,2.5
"20000","5","11221","57","0","2024","1","",34,429,426,421,5059845,4547408,32030,915,"",1.78,1.69,1.67,1.66,1.97,1.36,3.00,1.17,"",-5,-12.8,-11,-2.5,4,0.9,-10,-2.3,58411,1.2,26147,0.6,-13928,-30.3,22,2.5
"20000","5","112210","58","0","2024","1","",34,429,426,421,5059845,4547408,32030,915,"",1.78,1.69,1.67,1.66,1.97,1.36,3.00,1.17,"",-5,-12.8,-11,-2.5,4,0.9,-10,-2.3,58411,1.2,26147,0.6,-13928,-30.3,22,2.5
"20000","5","1123","56","0","2024","1","",9,132,129,127,1443103,1305462,5114,858,"",0.42,0.32,0.31,0.30,0.31,0.26,0.18,1.02,"",1,12.5,-15,-10.2,-18,-12.2,-15,-10.6,-317988,-18.1,-246832,-15.9,-4382,-46.1,-74,-7.9
"20000","5","11231","57","0","2024","1","",6,126,123,121,1346027,1228767,4039,840,"",0.89,0.63,0.61,0.60,0.58,0.49,0.23,0.95,"N",1,20.0,0,0,0,0,0,0,0,0,0,0,0,0,0,0
"20000","5","112310","58","0","2024","1","",6,126,123,121,1346027,1228767,4039,840,"",0.89,0.63,0.61,0.60,0.58,0.49,0.23,0.95,"N",1,20.0,0,0,0,0,0,0,0,0,0,0,0,0,0,0
"20000","5","11233","57","0","2024","1","N",2,0,0,0,0,0,0,0,"N",0.54,0,0,0,0,0,0,0,"N",0,0.0,0,0,0,0,0,0,0,0,0,0,0,0,0,0
"20000","5","112330","58","0","2024","1","N",2,0,0,0,0,0,0,0,"N",0.54,0,0,0,0,0,0,0,"N",0,0.0,0,0,0,0,0,0,0,0,0,0,0,0,0,0
"20000","5","11239","57","0","2024","1","N",1,0,0,0,0,0,0,0,"N",0.60,0,0,0,0,0,0,0,"N",0,0.0,0,0,0,0,0,0,0,0,0,0,0,0,0,0
"20000","5","112390","58","0","2024","1","N",1,0,0,0,0,0,0,0,"N",0.60,0,0,0,0,0,0,0,"N",0,0.0,0,0,0,0,0,0,0,0,0,0,0,0,0,0
"20000","5","1125","56","0","2024","1","N",2,0,0,0,0,0,0,0,"N",0.23,0,0,0,0,0,0,0,"N",0,0.0,0,0,0,0,0,0,0,0,0,0,0,0,0,0
"20000","5","11251","57","0","2024","1","N",2,0,0,0,0,0,0,0,"N",0.23,0,0,0,0,0,0,0,"N",0,0.0,0,0,0,0,0,0,0,0,0,0,0,0,0,0
"20000","5","112511","58","0","2024","1","N",2,0,0,0,0,0,0,0,"N",0.51,0,0,0,0,0,0,0,"N",0,0.0,0,0,0,0,0,0,0,0,0,0,0,0,0,0
"20000","5","1129","56","0","2024","1","N",23,0,0,0,0,0,0,0,"N",0.65,0,0,0,0,0,0,0,"N",-4,-14.8,0,0,0,0,0,0,0,0,0,0,0,0,0,0
"20000","5","11291","57","0","2024","1","N",1,0,0,0,0,0,0,0,"N",0.14,0,0,0,0,0,0,0,"N",0,0.0,0,0,0,0,0,0,0,0,0,0,0,0,0,0
"20000","5","112910","58","0","2024","1","N",1,0,0,0,0,0,0,0,"N",0.14,0,0,0,0,0,0,0,"N",0,0.0,0,0,0,0,0,0,0,0,0,0,0,0,0,0
"20000","5","11292","57","0","2024","1","",5,25,29,29,243616,189492,2879,677,"",0.37,0.45,0.50,0.50,0.49,0.34,0.74,1.01,"",-3,-37.5,-1,-3.8,4,16.0,5,20.8,-84780,-25.8,-16871,-8.2,-274,-8.7,-333,-33.0
"20000","5","112920","58","0","2024","1","",5,25,29,29,243616,189492,2879,677,"",0.37,0.45,0.50,0.50,0.49,0.34,0.74,1.01,"",-3,-37.5,-1,-3.8,4,16.0,5,20.8,-84780,-25.8,-16871,-8.2,-274,-8.7,-333,-33.0
"20000","5","11299","57","0","2024","1","",17,66,59,64,360321,358871,2309,440,"",1.19,0.64,0.57,0.62,0.30,0.33,0.24,0.48,"",-1,-5.6,-17,-20.5,-22,-27.2,-17,-21.0,-245344,-40.5,-190328,-34.7,-2201,-48.8,-130,-22.8
"20000","5","112990","58","0","2024","1","",17,66,59,64,360321,358871,2309,440,"",1.19,0.64,0.57,0.62,0.30,0.33,0.24,0.48,"",-1,-5.6,-17,-20.5,-22,-27.2,-17,-21.0,-245344,-40.5,-190328,-34.7,-2201,-48.8,-130,-22.8
"20000","5","113","55","0","2024","1","",4,5,4,6,30872,30872,328,475,"",0.06,0.01,0.01,0.01,0.01,0.01,0.01,0.56,"",0,0.0,0,0.0,-1,-20.0,1,20.0,5885,23.6,5885,23.6,-62,-15.9,91,23.7
"20000","5","1133","56","0","2024","1","",4,5,4,6,30872,30872,328,475,"",0.06,0.01,0.01,0.02,0.01,0.01,0.01,0.57,"",0,0.0,0,0.0,-1,-20.0,1,20.0,5885,23.6,5885,23.6,-62,-15.9,91,23.7
"20000","5","11331","57","0","2024","1","",4,5,4,6,30872,30872,328,475,"",0.06,0.01,0.01,0.02,0.01,0.01,0.01,0.57,"",0,0.0,0,0.0,-1,-20.0,1,20.0,5885,23.6,5885,23.6,-62,-15.9,91,23.7
"20000","5","113310","58","0","2024","1","",4,5,4,6,30872,30872,328,475,"",0.06,0.01,0.01,0.02,0.01,0.01,0.01,0.57,"",0,0.0,0,0.0,-1,-20.0,1,20.0,5885,23.6,5885,23.6,-62,-15.9,91,23.7
"20000","5","114","55","0","2024","1","",5,47,47,21,252879,233314,912,507,"",0.22,0.72,0.71,0.32,0.30,0.25,0.05,0.52,"",-1,-16.7,33,235.7,3,6.8,-16,-43.2,-29214,-10.4,-22359,-8.7,-269,-22.8,-178,-26.0
"20000","5","1142","56","0","2024","1","",5,47,47,21,252879,233314,912,507,"",0.98,2.28,2.25,1.02,1.32,1.13,0.58,0.72,"",-1,-16.7,33,235.7,3,6.8,-16,-43.2,-29214,-10.4,-22359,-8.7,-269,-22.8,-178,-26.0
"20000","5","11421","57","0","2024","1","",5,47,47,21,252879,233314,912,507,"",0.98,2.28,2.25,1.02,1.32,1.13,0.58,0.72,"",-1,-16.7,33,235.7,3,6.8,-16,-43.2,-29214,-10.4,-22359,-8.7,-269,-22.8,-178,-26.0
"20000","5","114210","58","0","2024","1","",5,47,47,21,252879,233314,912,507,"",0.98,2.28,2.25,1.02,1.32,1.13,0.58,0.72,"",-1,-16.7,33,235.7,3,6.8,-16,-43.2,-29214,-10.4,-22359,-8.7,-269,-22.8,-178,-26.0
"20000","5","115","55","0","2024","1","",280,1244,1251,1263,16045851,12200455,144919,985,"",1.53,0.40,0.40,0.41,0.63,0.43,0.25,1.55,"",17,6.5,30,2.5,74,6.3,80,6.8,879503,5.8,688019,6.0,-3638,-2.4,6,0.6
"20000","5","1151","56","0","2024","1","",210,858,855,881,11907557,8867710,111250,1059,"",2.00,0.32,0.32,0.33,0.57,0.38,0.21,1.75,"",13,6.6,42,5.1,66,8.4,89,11.2,799866,7.2,623943,7.6,-3149,-2.8,-10,-0.9
"20000","5","11511","57","0","2024","1","",210,858,855,881,11907557,8867710,111250,1059,"",2.00,0.32,0.32,0.33,0.57,0.38,0.21,1.75,"",13,6.6,42,5.1,66,8.4,89,11.2,799866,7.2,623943,7.6,-3149,-2.8,-10,-0.9
"20000","5","115111","58","0","2024","1","",3,76,54,40,680876,597236,15824,924,"",0.69,1.64,1.34,1.05,1.48,1.39,3.16,1.09,"",0,0.0,11,16.9,10,22.7,-3,-7.0,-441351,-39.3,-67979,-10.2,-3772,-19.2,-780,-45.8
"20000","5","115112","58","0","2024","1","",94,407,421,430,6170441,4360989,44184,1132,"",2.91,1.78,1.78,1.83,2.62,1.84,1.21,1.46,"",6,6.8,16,4.1,21,5.2,31,7.8,530386,9.4,211012,5.1,-4882,-9.9,38,3.5
"20000","5","115113","58","0","2024","1","",69,167,171,185,1961519,1744567,20328,866,"",7.39,2.01,2.11,2.14,2.74,2.25,1.05,1.31,"",1,1.5,-1,-0.6,11,6.9,23,14.2,206259,11.8,138862,8.6,-55,-0.3,39,4.7
"20000","5","115114","58","0","2024","1","",20,127,130,142,1468538,1297060,20542,849,"",1.10,0.18,0.18,0.20,0.20,0.18,0.14,1.10,"",1,5.3,-5,-3.8,5,4.0,12,9.2,31036,2.2,45701,3.7,-653,-3.1,-8,-0.9
"20000","5","115115","58","0","2024","1","",7,25,23,24,243303,234331,1744,780,"",0.27,0.02,0.02,0.02,0.03,0.02,0.01,1.69,"",2,40.0,5,25.0,3,15.0,4,20.0,69880,40.3,64372,37.9,323,22.7,113,16.9
"20000","5","115116","58","0","2024","1","",17,56,56,60,1382880,633527,8628,1855,"",1.14,0.33,0.30,0.32,0.78,0.38,0.32,2.44,"",3,21.4,16,40.0,16,40.0,22,57.9,403656,41.2,231975,57.8,5890,215.1,-60,-3.1
"20000","5","1152","56","0","2024","1","",66,378,388,375,4016544,3246004,31676,812,"",1.26,1.33,1.35,1.30,1.53,1.11,1.73,1.15,"",4,6.5,-14,-3.6,6,1.6,-10,-2.6,46369,1.2,38497,1.2,-1095,-3.3,21,2.7
"20000","5","11521","57","0","2024","1","",66,378,388,375,4016544,3246004,31676,812,"",1.26,1.33,1.35,1.30,1.53,1.11,1.73,1.15,"",4,6.5,-14,-3.6,6,1.6,-10,-2.6,46369,1.2,38497,1.2,-1095,-3.3,21,2.7
"20000","5","115210","58","0","2024","1","",66,378,388,375,4016544,3246004,31676,812,"",1.26,1.33,1.35,1.30,1.53,1.11,1.73,1.15,"",4,6.5,-14,-3.6,6,1.6,-10,-2.6,46369,1.2,38497,1.2,-1095,-3.3,21,2.7
"20000","5","1153","56","0","2024","1","",4,8,8,7,121750,86741,1993,1222,"",0.16,0.05,0.04,0.04,0.06,0.04,0.10,1.30,"",0,0.0,2,33.3,2,33.3,1,16.7,33268,37.6,25579,41.8,606,43.7,88,7.8
"20000","5","11531","57","0","2024","1","",4,8,8,7,121750,86741,1993,1222,"",0.16,0.05,0.04,0.04,0.06,0.04,0.10,1.30,"",0,0.0,2,33.3,2,33.3,1,16.7,33268,37.6,25579,41.8,606,43.7,88,7.8
"20000","5","115310","58","0","2024","1","",4,8,8,7,121750,86741,1993,1222,"",0.16,0.05,0.04,0.04,0.06,0.04,0.10,1.30,"",0,0.0,2,33.3,2,33.3,1,16.7,33268,37.6,25579,41.8,606,43.7,88,7.8
"20000","5","21","54","0","2024","1","",841,6035,6106,6120,103333618,72101823,871461,1306,"",3.31,1.13,1.13,1.13,0.63,0.81,0.99,0.56,"",-9,-1.1,-303,-4.8,-188,-3.0,-187,-3.0,-1961664,-1.9,-2756347,-3.7,-271866,-23.8,23,1.8
"20000","5","211","55","0","2024","1","",310,1800,1805,1751,35914670,21700802,175863,1547,"",5.95,1.62,1.61,1.57,0.54,1.13,1.06,0.34,"",3,1.0,24,1.4,28,1.6,-28,-1.6,365222,1.0,281178,1.3,-28444,-13.9,8,0.5
"20000","5","2111","56","0","2024","1","",310,1800,1805,1751,35914670,21700802,175863,1547,"",5.95,1.62,1.61,1.57,0.54,1.13,1.06,0.34,"",3,1.0,24,1.4,28,1.6,-28,-1.6,365222,1.0,281178,1.3,-28444,-13.9,8,0.5
"20000","5","21112","57","0","2024","1","",284,1544,1548,1500,29769203,18309304,156043,1496,"",7.91,2.00,1.99,1.94,0.60,1.36,1.38,0.30,"",0,0.0,10,0.7,10,0.7,-43,-2.8,-673696,-2.2,19414,0.1,-25931,-14.2,-26,-1.7
"20000","5","211120","58","0","2024","1","",284,1544,1548,1500,29769203,18309304,156043,1496,"",7.91,2.00,1.99,1.94,0.60,1.36,1.38,0.30,"",0,0.0,10,0.7,10,0.7,-43,-2.8,-673696,-2.2,19414,0.1,-25931,-14.2,-26,-1.7
"20000","5","21113","57","0","2024","1","",26,256,257,251,6145467,3391498,19820,1856,"",1.61,0.75,0.74,0.72,0.37,0.59,0.37,0.50,"",3,13.0,14,5.8,18,7.5,15,6.4,1038918,20.3,261764,8.4,-2513,-11.3,212,12.9
"20000","5","211130","58","0","2024","1","",26,256,257,251,6145467,3391498,19820,1856,"",1.61,0.75,0.74,0.72,0.37,0.59,0.37,0.50,"",3,13.0,14,5.8,18,7.5,15,6.4,1038918,20.3,261764,8.4,-2513,-11.3,212,12.9
"20000","5","212","55","0","2024","1","",94,1535,1585,1597,26513656,18764703,263400,1297,"",1.56,0.90,0.92,0.92,0.75,0.63,0.83,0.82,"",7,8.0,51,3.4,90,6.0,101,6.8,2751183,11.6,918003,5.1,-127077,-32.5,72,5.9
"20000","5","2121","56","0","2024","1","N",1,0,0,0,0,0,0,0,"N",0.18,0,0,0,0,0,0,0,"N",0,0.0,0,0,0,0,0,0,0,0,0,0,0,0,0,0
"20000","5","21211","57","0","2024","1","N",1,0,0,0,0,0,0,0,"N",0.18,0,0,0,0,0,0,0,"N",0,0.0,0,0,0,0,0,0,0,0,0,0,0,0,0,0
"20000","5","212114","58","0","2024","1","N",1,0,0,0,0,0,0,0,"N",0.29,0,0,0,0,0,0,0,"N",0,0.0,0,0,0,0,0,0,0,0,0,0,0,0,0,0
"20000","5","2123","56","0","2024","1","N",93,0,0,0,0,0,0,0,"N",1.86,0,0,0,0,0,0,0,"N",7,8.1,0,0,0,0,0,0,0,0,0,0,0,0,0,0
"20000","5","21231","57","0","2024","1","",40,841,860,859,14348527,10058339,150623,1293,"",1.92,2.16,2.19,2.13,2.33,1.99,1.77,1.08,"",5,14.3,34,4.2,61,7.6,56,7.0,1453374,11.3,386976,4.0,-109523,-42.1,58,4.7
"20000","5","212311","58","0","2024","1","N",11,0,0,0,0,0,0,0,"N",2.35,0,0,0,0,0,0,0,"N",2,22.2,0,0,0,0,0,0,0,0,0,0,0,0,0,0
"20000","5","212312","58","0","2024","1","",27,448,460,470,7487327,5306712,97529,1254,"",2.84,2.23,2.26,2.23,2.36,2.13,1.87,1.06,"",3,12.5,6,1.4,21,4.8,31,7.1,293105,4.1,-39545,-0.7,-19296,-16.5,-4,-0.3
"20000","5","212319","58","0","2024","1","N",2,0,0,0,0,0,0,0,"N",0.48,0,0,0,0,0,0,0,"N",0,0.0,0,0,0,0,0,0,0,0,0,0,0,0,0,0
"20000","5","21232","57","0","2024","1","",43,469,483,500,7425345,5592118,80564,1180,"",1.70,1.16,1.17,1.17,1.06,0.97,0.79,0.91,"",0,0.0,-36,-7.1,-40,-7.6,-24,-4.6,-433909,-5.5,-502639,-8.2,-23655,-22.7,11,0.9
"20000","5","212321","58","0","2024","1","",39,452,465,483,7189788,5447636,77775,1185,"",1.80,1.68,1.71,1.72,1.64,1.37,1.04,0.96,"",-1,-2.5,-40,-8.1,-45,-8.8,-28,-5.5,-482340,-6.3,-522129,-8.7,-20126,-20.6,15,1.3
"20000","5","212322","58","0","2024","1","",4,17,18,17,235557,144482,2789,1045,"",1.97,0.21,0.21,0.19,0.16,0.14,0.13,0.80,"",1,33.3,4,30.8,5,38.5,4,30.8,48431,25.9,19490,15.6,-3529,-55.9,-62,-5.6
"20000","5","21239","57","0","2024","1","N",10,0,0,0,0,0,0,0,"N",2.46,0,0,0,0,0,0,0,"N",2,25.0,0,0,0,0,0,0,0,0,0,0,0,0,0,0
"20000","5","212390","58","0","2024","1","N",10,0,0,0,0,0,0,0,"N",2.46,0,0,0,0,0,0,0,"N",2,25.0,0,0,0,0,0,0,0,0,0,0,0,0,0,0
"20000","5","213","55","0","2024","1","",437,2700,2716,2772,40905292,31636318,432198,1153,"",3.07,1.06,1.05,1.09,0.65,0.79,1.10,0.61,"",-19,-4.2,-378,-12.3,-306,-10.1,-260,-8.6,-5078069,-11.0,-3955528,-11.1,-116345,-21.2,-9,-0.8
"20000","5","2131","56","0","2024","1","",437,2700,2716,2772,40905292,31636318,432198,1153,"",3.07,1.06,1.05,1.09,0.65,0.79,1.10,0.61,"",-19,-4.2,-378,-12.3,-306,-10.1,-260,-8.6,-5078069,-11.0,-3955528,-11.1,-116345,-21.2,-9,-0.8
"20000","5","21311","57","0","2024","1","",437,2700,2716,2772,40905292,31636318,432198,1153,"",3.07,1.06,1.05,1.09,0.65,0.79,1.10,0.61,"",-19,-4.2,-378,-12.3,-306,-10.1,-260,-8.6,-5078069,-11.0,-3955528,-11.1,-116345,-21.2,-9,-0.8
"20000","5","213111","58","0","2024","1","N",67,0,0,0,0,0,0,0,"N",3.91,0,0,0,0,0,0,0,"N",-3,-4.3,0,0,0,0,0,0,0,0,0,0,0,0,0,0
"20000","5","213112","58","0","2024","1","",368,2072,2073,2094,31238692,24206366,242552,1155,"",3.18,1.03,1.02,1.04,0.64,0.77,0.79,0.63,"",-16,-4.2,-94,-4.3,-114,-5.2,-101,-4.6,-1293265,-4.0,-1055759,-4.2,-36125,-13.0,8,0.7
"20000","5","213115","58","0","2024","1","N",2,0,0,0,0,0,0,0,"N",0.72,0,0,0,0,0,0,0,"N",0,0.0,0,0,0,0,0,0,0,0,0,0,0,0,0,0
"20000","5","22","54","0","2024","1","",242,5957,5960,5970,185616827,78871131,485976,2395,"",1.21,1.11,1.10,1.10,1.08,0.94,0.89,0.98,"",4,1.7,344,6.1,247,4.3,203,3.5,14309879,8.4,3877135,5.2,-10909,-2.2,82,3.5
"20000","5","221","55","0","2024","1","",242,5957,5960,5970,185616827,78871131,485976,2395,"",1.21,1.11,1.10,1.10,1.08,0.94,0.89,0.98,"",4,1.7,344,6.1,247,4.3,203,3.5,14309879,8.4,3877135,5.2,-10909,-2.2,82,3.5
"20000","5","2211","56","0","2024","1","",142,4302,4312,4316,138234993,56580685,361537,2467,"",1.21,1.14,1.13,1.14,1.09,0.93,0.98,0.96,"",4,2.9,339,8.6,237,5.8,174,4.2,11639334,9.2,3449922,6.5,-11851,-3.2,68,2.8
"20000","5","22111","57","0","2024","1","",45,2018,2015,2026,65706921,26575912,210772,2503,"",0.80,1.42,1.40,1.41,1.27,1.13,1.14,0.90,"",4,9.8,153,8.2,145,7.8,82,4.2,3905155,6.3,1533123,6.1,-4948,-2.3,-8,-0.3
"20000","5","221111","58","0","2024","1","N",1,0,0,0,0,0,0,0,"N",0.18,0,0,0,0,0,0,0,"N",0,0.0,0,0,0,0,0,0,0,0,0,0,0,0,0,0
"20000","5","221112","58","0","2024","1","",21,848,851,856,27303373,10666463,56473,2466,"",1.33,1.25,1.24,1.25,1.14,0.94,0.76,0.92,"",-1,-4.5,23,2.8,37,4.5,34,4.1,2246462,9.0,969060,10.0,-5241,-8.5,116,4.9
"20000","5","221113","58","0","2024","1","N",1,0,0,0,0,0,0,0,"N",0.70,0,0,0,0,0,0,0,"N",0,0.0,0,0,0,0,0,0,0,0,0,0,0,0,0,0
"20000","5","221114","58","0","2024","1","",7,5,6,3,119784,66083,1598,1974,"",0.36,0.03,0.04,0.02,0.03,0.03,0.05,0.89,"N",3,75.0,0,0,0,0,0,0,0,0,0,0,0,0,0,0
"20000","5","221115","58","0","2024","1","",15,395,392,391,8594651,5009923,67311,1684,"",2.58,3.92,3.82,3.82,2.55,2.88,3.70,0.66,"",2,15.4,103,35.3,81,26.0,53,15.7,1212774,16.4,806844,19.2,9193,15.8,-126,-7.0
"20000","5","221118","58","0","2024","1","-",0,0,0,0,0,0,0,0,"N",0.00,0,0,0,0,0,0,0,"N",0,0,0,0,0,0,0,0,0,0,0,0,0,0,0,0
"20000","5","22112","57","0","2024","1","",97,2284,2297,2290,72528072,30004773,150765,2436,"",1.60,0.98,0.97,0.98,0.97,0.80,0.81,1.00,"",0,0.0,186,8.9,92,4.2,92,4.2,7734179,11.9,1916799,6.8,-6903,-4.4,136,5.9
"20000","5","221121","58","0","2024","1","N",32,0,0,0,0,0,0,0,"N",4.50,0,0,0,0,0,0,0,"N",1,3.2,0,0,0,0,0,0,0,0,0,0,0,0,0,0
"20000","5","221122","58","0","2024","1","N",65,0,0,0,0,0,0,0,"N",1.22,0,0,0,0,0,0,0,"N",-1,-1.5,0,0,0,0,0,0,0,0,0,0,0,0,0,0
"20000","5","2212","56","0","2024","1","",73,1481,1475,1480,44771474,20392940,99332,2329,"",2.67,1.39,1.38,1.38,1.23,1.29,0.81,0.89,"",0,0.0,5,0.3,9,0.6,23,1.6,2416583,5.7,293652,1.5,258,0.3,107,4.8
"20000","5","22121","57","0","2024","1","",73,1481,1475,1480,44771474,20392940,99332,2329,"",2.67,1.39,1.38,1.38,1.23,1.29,0.81,0.89,"",0,0.0,5,0.3,9,0.6,23,1.6,2416583,5.7,293652,1.5,258,0.3,107,4.8
"20000","5","221210","58","0","2024","1","",73,1481,1475,1480,44771474,20392940,99332,2329,"",2.67,1.39,1.38,1.38,1.23,1.29,0.81,0.89,"",0,0.0,5,0.3,9,0.6,23,1.6,2416583,5.7,293652,1.5,258,0.3,107,4.8
"20000","5","2213","56","0","2024","1","",27,174,173,174,2610360,1897506,25107,1156,"",0.49,0.32,0.31,0.31,0.29,0.27,0.48,0.92,"",0,0.0,0,0.0,1,0.6,6,3.6,253962,10.8,133561,7.6,684,2.8,98,9.3
"20000","5","22131","57","0","2024","1","N",22,0,0,0,0,0,0,0,"N",0.46,0,0,0,0,0,0,0,"N",1,4.8,0,0,0,0,0,0,0,0,0,0,0,0,0,0
"20000","5","221310","58","0","2024","1","N",22,0,0,0,0,0,0,0,"N",0.46,0,0,0,0,0,0,0,"N",1,4.8,0,0,0,0,0,0,0,0,0,0,0,0,0,0
"20000","5","22132","57","0","2024","1","N",5,0,0,0,0,0,0,0,"N",0.80,0,0,0,0,0,0,0,"N",-1,-16.7,0,0,0,0,0,0,0,0,0,0,0,0,0,0
"20000","5","221320","58","0","2024","1","N",5,0,0,0,0,0,0,0,"N",0.80,0,0,0,0,0,0,0,"N",-1,-16.7,0,0,0,0,0,0,0,0,0,0,0,0,0,0
"20000","5","23","54","0","2024","1","",7563,63471,66720,68846,1151551806,788747077,16545873,1335,"",0.98,0.89,0.93,0.94,1.04,0.83,1.13,1.13,"",67,0.9,-479,-0.7,2315,3.6,2516,3.8,101042869,9.6,40294061,5.4,-1080058,-6.1,90,7.2
"20000","5","236","55","0","2024","1","",2048,13636,14035,14200,256338597,167185235,3207608,1413,"",0.86,0.83,0.85,0.85,0.89,0.75,1.01,1.05,"",-22,-1.1,349,2.6,685,5.1,630,4.6,29500223,13.0,12587703,8.1,111281,3.6,111,8.5
"20000","5","2361","56","0","2024","1","",1412,5568,5658,5760,77612917,59896133,1055119,1054,"",0.76,0.67,0.67,0.68,0.60,0.57,0.89,0.90,"",-21,-1.5,-101,-1.8,24,0.4,90,1.6,2422607,3.2,1634151,2.8,14728,1.4,32,3.1
"20000","5","23611","57","0","2024","1","",1412,5568,5658,5760,77612917,59896133,1055119,1054,"",0.76,0.67,0.67,0.68,0.60,0.57,0.89,0.90,"",-21,-1.5,-101,-1.8,24,0.4,90,1.6,2422607,3.2,1634151,2.8,14728,1.4,32,3.1
"20000","5","236115","58","0","2024","1","",563,2078,2110,2139,29580008,22446695,344166,1079,"",0.77,0.62,0.62,0.63,0.52,0.53,0.78,0.84,"",-19,-3.3,-68,-3.2,-2,-0.1,5,0.2,-262385,-0.9,-97088,-0.4,-21010,-5.8,2,0.2
"20000","5","236116","58","0","2024","1","",23,111,103,107,2058185,1301246,21584,1480,"",0.54,0.26,0.24,0.25,0.22,0.21,0.26,0.89,"",0,0.0,1,0.9,-6,-5.5,2,1.9,-145548,-6.6,-68633,-5.0,-16284,-43.0,-90,-5.7
"20000","5","236117","58","0","2024","1","",20,137,138,134,2063079,1541191,19917,1164,"",0.45,0.27,0.26,0.25,0.14,0.20,0.26,0.52,"",-2,-9.1,-9,-6.2,-5,-3.5,-9,-6.3,-130081,-5.9,-108606,-6.6,-1584,-7.4,-8,-0.7
"20000","5","236118","58","0","2024","1","",806,3242,3307,3380,43911645,34607001,669452,1021,"",0.78,0.80,0.81,0.82,0.92,0.73,1.15,1.14,"",0,0.0,-25,-0.8,37,1.1,92,2.8,2960621,7.2,1908478,5.8,53606,8.7,59,6.1
"20000","5","2362","56","0","2024","1","",636,8068,8377,8440,178725680,107289102,2152489,1657,"",1.21,1.00,1.03,1.03,1.11,0.91,1.08,1.09,"",-1,-0.2,450,5.9,661,8.6,540,6.8,27077616,17.9,10953552,11.4,96553,4.7,151,10.0
"20000","5","23621","57","0","2024","1","",54,1096,1212,1303,26985881,16302628,438916,1725,"",0.96,0.77,0.82,0.88,0.94,0.77,0.98,1.14,"",8,17.4,-6,-0.5,85,7.5,71,5.8,3565898,15.2,1563953,10.6,-16789,-3.7,163,10.4
"20000","5","236210","58","0","2024","1","",54,1096,1212,1303,26985881,16302628,438916,1725,"",0.96,0.77,0.82,0.88,0.94,0.77,0.98,1.14,"",8,17.4,-6,-0.5,85,7.5,71,5.8,3565898,15.2,1563953,10.6,-16789,-3.7,163,10.4
"20000","5","23622","57","0","2024","1","",582,6972,7165,7137,151739799,90986474,1713573,1646,"",1.24,1.05,1.07,1.07,1.15,0.94,1.11,1.08,"",-9,-1.5,456,7.0,576,8.7,469,7.0,23511718,18.3,9389599,11.5,113342,7.1,149,10.0
"20000","5","236220","58","0","2024","1","",582,6972,7165,7137,151739799,90986474,1713573,1646,"",1.24,1.05,1.07,1.07,1.15,0.94,1.11,1.08,"",-9,-1.5,456,7.0,576,8.7,469,7.0,23511718,18.3,9389599,11.5,113342,7.1,149,10.0
"20000","5","237","55","0","2024","1","",572,9324,10090,10671,193078575,125256014,3652954,1481,"",1.19,0.99,1.04,1.07,1.09,0.91,1.41,1.06,"",12,2.1,-60,-0.6,413,4.3,388,3.8,17450096,9.9,6391724,5.4,-130785,-3.5,100,7.2
"20000","5","2371","56","0","2024","1","",363,4950,5128,5297,99603358,65248417,1694723,1495,"",1.45,0.96,0.97,0.98,1.04,0.87,1.32,1.07,"",12,3.4,154,3.2,215,4.4,129,2.5,7697235,8.4,3644917,5.9,48640,3.0,69,4.8
"20000","5","23711","57","0","2024","1","",130,1645,1721,1773,28446020,20384690,309477,1277,"",1.22,0.91,0.93,0.94,0.99,0.84,0.79,1.07,"",1,0.8,31,1.9,86,5.3,113,6.8,2071150,7.9,1211751,6.3,-19764,-6.0,37,3.0
"20000","5","237110","58","0","2024","1","",130,1645,1721,1773,28446020,20384690,309477,1277,"",1.22,0.91,0.93,0.94,0.99,0.84,0.79,1.07,"",1,0.8,31,1.9,86,5.3,113,6.8,2071150,7.9,1211751,6.3,-19764,-6.0,37,3.0
"20000","5","23712","57","0","2024","1","",85,1401,1524,1620,32390269,21840276,911403,1645,"",2.32,1.15,1.17,1.23,1.29,1.10,2.08,1.08,"",5,6.2,62,4.6,120,8.5,-8,-0.5,4177153,14.8,1820803,9.1,63009,7.4,155,10.4
"20000","5","237120","58","0","2024","1","",85,1401,1524,1620,32390269,21840276,911403,1645,"",2.32,1.15,1.17,1.23,1.29,1.10,2.08,1.08,"",5,6.2,62,4.6,120,8.5,-8,-0.5,4177153,14.8,1820803,9.1,63009,7.4,155,10.4
"20000","5","23713","57","0","2024","1","",148,1904,1883,1904,38767069,23023451,473843,1572,"",1.37,0.90,0.88,0.87,0.93,0.74,1.04,1.05,"",6,4.2,61,3.3,9,0.5,24,1.3,1448932,3.9,612363,2.7,5395,1.2,33,2.1
"20000","5","237130","58","0","2024","1","",148,1904,1883,1904,38767069,23023451,473843,1572,"",1.37,0.90,0.88,0.87,0.93,0.74,1.04,1.05,"",6,4.2,61,3.3,9,0.5,24,1.3,1448932,3.9,612363,2.7,5395,1.2,33,2.1
"20000","5","2372","56","0","2024","1","",32,143,140,138,2472616,1469609,14219,1355,"",0.67,0.44,0.42,0.42,0.29,0.35,0.37,0.68,"",6,23.1,21,17.2,16,12.9,14,11.3,577720,30.5,265121,22.0,10,0.1,173,14.6
"20000","5","23721","57","0","2024","1","",32,143,140,138,2472616,1469609,14219,1355,"",0.67,0.44,0.42,0.42,0.29,0.35,0.37,0.68,"",6,23.1,21,17.2,16,12.9,14,11.3,577720,30.5,265121,22.0,10,0.1,173,14.6
"20000","5","237210","58","0","2024","1","",32,143,140,138,2472616,1469609,14219,1355,"",0.67,0.44,0.42,0.42,0.29,0.35,0.37,0.68,"",6,23.1,21,17.2,16,12.9,14,11.3,577720,30.5,265121,22.0,10,0.1,173,14.6
"20000","5","2373","56","0","2024","1","",110,3448,4019,4459,68572592,47574759,1700074,1327,"",1.10,1.21,1.37,1.44,1.36,1.14,1.74,1.02,"",-6,-5.2,-67,-1.9,311,8.4,392,9.6,8297769,13.8,3653957,8.3,-91826,-5.1,95,7.7
"20000","5","23731","57","0","2024","1","",110,3448,4019,4459,68572592,47574759,1700074,1327,"",1.10,1.21,1.37,1.44,1.36,1.14,1.74,1.02,"",-6,-5.2,-67,-1.9,311,8.4,392,9.6,8297769,13.8,3653957,8.3,-91826,-5.1,95,7.7
"20000","5","237310","58","0","2024","1","",110,3448,4019,4459,68572592,47574759,1700074,1327,"",1.10,1.21,1.37,1.44,1.36,1.14,1.74,1.02,"",-6,-5.2,-67,-1.9,311,8.4,392,9.6,8297769,13.8,3653957,8.3,-91826,-5.1,95,7.7
"20000","5","2379","56","0","2024","1","",67,783,803,777,22430009,10963229,243938,2191,"",0.83,0.69,0.69,0.65,1.00,0.69,0.84,1.48,"",0,0.0,-168,-17.7,-129,-13.8,-147,-15.9,877372,4.1,-1172271,-9.7,-87609,-26.4,419,23.6
"20000","5","23799","57","0","2024","1","",67,783,803,777,22430009,10963229,243938,2191,"",0.83,0.69,0.69,0.65,1.00,0.69,0.84,1.48,"",0,0.0,-168,-17.7,-129,-13.8,-147,-15.9,877372,4.1,-1172271,-9.7,-87609,-26.4,419,23.6
"20000","5","237990","58","0","2024","1","",67,783,803,777,22430009,10963229,243938,2191,"",0.83,0.69,0.69,0.65,1.00,0.69,0.84,1.48,"",0,0.0,-168,-17.7,-129,-13.8,-147,-15.9,877372,4.1,-1172271,-9.7,-87609,-26.4,419,23.6
"20000","5","238","55","0","2024","1","",4943,40511,42595,43975,702134634,496305828,9685311,1275,"",1.03,0.90,0.93,0.95,1.10,0.84,1.09,1.18,"",77,1.6,-768,-1.9,1217,2.9,1498,3.5,54092550,8.3,21314634,4.5,-1060554,-9.9,80,6.7
"20000","5","2381","56","0","2024","1","",1118,7907,8820,9060,125404363,96461151,1968176,1122,"",1.16,0.93,1.02,1.02,1.14,0.91,1.23,1.15,"",29,2.7,-228,-2.8,714,8.8,763,9.2,12996130,11.6,7361775,8.3,83652,4.4,65,6.1
"20000","5","23811","57","0","2024","1","",275,2486,2931,3093,40182203,31914512,561381,1090,"",1.36,1.15,1.33,1.37,1.44,1.18,1.45,1.12,"",16,6.2,-288,-10.4,186,6.8,280,10.0,2342754,6.2,1398940,4.6,-36626,-6.1,42,4.0
"20000","5","238111","58","0","2024","1","",210,1359,1576,1678,18531158,16092843,239706,927,"",1.42,1.33,1.51,1.55,1.57,1.31,1.50,1.08,"",8,4.0,-200,-12.8,45,2.9,86,5.4,165046,0.9,-7370,0.0,-37732,-13.6,22,2.4
"20000","5","238112","58","0","2024","1","",65,1127,1355,1415,21651045,15821669,321675,1282,"",1.20,0.99,1.17,1.21,1.34,1.08,1.42,1.19,"",8,14.0,-88,-7.2,141,11.6,194,15.9,2177708,11.2,1406310,9.8,1106,0.3,51,4.1
"20000","5","23812","57","0","2024","1","",53,629,641,649,11497468,8052013,311043,1383,"",1.14,0.80,0.80,0.81,0.96,0.78,1.59,1.19,"",6,12.8,309,96.6,328,104.8,324,99.7,6936594,152.1,4314684,115.4,225435,263.3,284,25.8
"20000","5","238121","58","0","2024","1","",8,293,298,297,6167419,3906451,214323,1603,"",0.63,2.23,2.25,2.25,3.63,2.56,8.95,1.62,"",2,33.3,262,845.2,268,893.3,267,890.0,5854139,1868.7,3633965,1333.6,211542,7606.7,809,101.9
"20000","5","238122","58","0","2024","1","",45,336,343,352,5330049,4145562,96720,1193,"",1.33,0.51,0.51,0.53,0.52,0.47,0.56,1.00,"",4,9.8,47,16.3,60,21.2,57,19.3,1082455,25.5,680719,19.6,13893,16.8,62,5.5
"20000","5","23813","57","0","2024","1","",126,512,515,530,6133023,5226474,57138,909,"",1.31,0.66,0.66,0.68,0.73,0.58,0.51,1.09,"",-6,-4.5,-26,-4.8,-33,-6.0,-39,-6.9,-10507,-0.2,-178111,-3.3,-2417,-4.1,52,6.1
"20000","5","238131","58","0","2024","1","",115,386,390,403,4227972,3760390,48909,828,"",1.38,0.64,0.64,0.66,0.69,0.54,0.61,1.07,"",-4,-3.4,-28,-6.8,-30,-7.1,-33,-7.6,120161,2.9,-150907,-3.9,4299,9.6,82,11.0
"20000","5","238132","58","0","2024","1","",11,126,125,127,1905051,1466084,8229,1163,"",0.85,0.76,0.75,0.76,0.85,0.68,0.25,1.12,"",-2,-15.4,2,1.6,-3,-2.3,-6,-4.5,-130668,-6.4,-27204,-1.8,-6716,-44.9,-57,-4.7
"20000","5","23814","57","0","2024","1","",189,974,1172,1183,13391851,11992868,278407,928,"",1.18,0.82,0.96,0.94,0.96,0.81,1.00,1.06,"",-1,-0.5,-194,-16.6,13,1.1,-6,-0.5,-436191,-3.2,-360338,-2.9,-42069,-13.1,20,2.2
"20000","5","238141","58","0","2024","1","",142,668,767,780,8778055,7841895,164198,915,"",1.17,1.11,1.25,1.23,1.41,1.14,1.79,1.18,"",-3,-2.1,-80,-10.7,33,4.5,35,4.7,488090,5.9,375654,5.0,-5516,-3.3,56,6.5
"20000","5","238142","58","0","2024","1","",47,306,405,403,4613796,4150973,114209,956,"",1.20,0.52,0.67,0.65,0.60,0.53,0.61,0.97,"",2,4.4,-114,-27.1,-20,-4.7,-41,-9.2,-924281,-16.7,-735992,-15.1,-36553,-24.2,-35,-3.5
"20000","5","23815","57","0","2024","1","",41,426,424,429,5754473,4780203,47721,1038,"",0.63,0.62,0.62,0.63,0.62,0.55,0.34,0.99,"",2,5.1,29,7.3,28,7.1,32,8.1,243866,4.4,240656,5.3,-18989,-28.5,-31,-2.9
"20000","5","238151","58","0","2024","1","",15,89,87,91,1138280,949119,11930,984,"",0.39,0.34,0.34,0.35,0.37,0.31,0.33,1.09,"",0,0.0,5,6.0,3,3.6,8,9.6,127837,12.7,46041,5.1,-724,-5.7,55,5.9
"20000","5","238152","58","0","2024","1","",26,337,337,338,4616193,3831084,35791,1053,"",0.97,0.79,0.79,0.80,0.74,0.67,0.34,0.93,"",2,8.3,24,7.7,25,8.0,24,7.6,116029,2.6,194615,5.4,-18265,-33.8,-53,-4.8
"20000","5","23816","57","0","2024","1","",272,2060,2289,2341,36018508,25310424,481161,1242,"",1.07,0.97,1.05,1.05,1.30,0.99,1.34,1.26,"",4,1.5,-69,-3.2,169,8.0,169,7.8,3336018,10.2,1601826,6.8,-30591,-6.0,67,5.7
"20000","5","238161","58","0","2024","1","",188,840,931,952,13846841,9748198,174815,1173,"",0.92,0.74,0.80,0.79,1.03,0.75,1.19,1.32,"",-1,-0.5,18,2.2,97,11.6,105,12.4,1907017,16.0,1086424,12.5,19640,12.7,72,6.5
"20000","5","238162","58","0","2024","1","",84,1220,1358,1389,22171667,15562226,306346,1290,"",1.64,1.24,1.35,1.35,1.55,1.25,1.43,1.18,"",5,6.3,-87,-6.7,72,5.6,64,4.8,1429001,6.9,515402,3.4,-50231,-14.1,68,5.6
"20000","5","23817","57","0","2024","1","",112,386,420,437,4898934,3898029,74490,910,"",1.56,1.05,1.12,1.14,1.16,0.85,1.34,1.05,"",6,5.7,-40,-9.4,2,0.5,7,1.6,173344,3.7,65984,1.7,-2024,-2.6,54,6.3
"20000","5","238171","58","0","2024","1","N",110,0,0,0,0,0,0,0,"N",1.64,0,0,0,0,0,0,0,"N",6,5.8,0,0,0,0,0,0,0,0,0,0,0,0,0,0
"20000","5","238172","58","0","2024","1","N",2,0,0,0,0,0,0,0,"N",0.42,0,0,0,0,0,0,0,"N",0,0.0,0,0,0,0,0,0,0,0,0,0,0,0,0,0
"20000","5","23819","57","0","2024","1","",50,434,428,398,7527903,5286628,156835,1379,"",0.74,0.97,0.94,0.87,1.22,0.93,2.05,1.32,"",2,4.2,51,13.3,21,5.2,-4,-1.0,410252,5.8,278134,5.6,-9067,-5.5,1,0.1
"20000","5","238191","58","0","2024","1","",19,182,173,173,3061460,2211705,48085,1338,"",0.48,0.96,0.89,0.89,1.29,0.98,1.94,1.41,"",-1,-5.0,-19,-9.5,-24,-12.2,-22,-11.3,-148863,-4.6,-219367,-9.0,-15215,-24.0,89,7.1
"20000","5","238192","58","0","2024","1","",31,252,255,225,4466443,3074923,108750,1408,"",1.12,0.99,0.98,0.85,1.18,0.90,2.10,1.26,"",3,10.7,70,38.5,45,21.4,18,8.7,559115,14.3,497501,19.3,6148,6.0,-97,-6.4
"20000","5","2382","56","0","2024","1","",1886,21259,21607,22084,403437869,266385274,4897524,1433,"",0.98,0.94,0.94,0.96,1.15,0.86,1.09,1.21,"",35,1.9,611,3.0,859,4.1,980,4.6,41504286,11.5,17392228,7.0,-325240,-6.2,97,7.3
"20000","5","23821","57","0","2024","1","",736,7196,7381,7481,131581005,90536518,1807530,1377,"",0.90,0.73,0.75,0.76,0.86,0.68,0.87,1.15,"",22,3.1,-102,-1.4,56,0.8,9,0.1,8317493,6.7,2398321,2.7,63481,3.6,90,7.0
"20000","5","238211","58","0","2024","1","",424,2556,2706,2792,39683973,31026040,611191,1137,"",0.86,0.78,0.82,0.85,0.95,0.75,1.32,1.16,"",14,3.4,150,6.2,307,12.8,357,14.7,8410320,26.9,5168132,20.0,215634,54.5,140,14.0
"20000","5","238212","58","0","2024","1","",312,4640,4675,4689,91897032,59510478,1196339,1514,"",0.98,0.71,0.71,0.71,0.82,0.64,0.74,1.16,"",8,2.6,-252,-5.2,-251,-5.1,-348,-6.9,-92827,-0.1,-2769811,-4.4,-152153,-11.3,85,5.9
"20000","5","23822","57","0","2024","1","",1026,11818,11935,12292,223560042,147054290,2695209,1431,"",1.02,1.03,1.03,1.06,1.31,0.95,1.28,1.26,"",2,0.2,558,5.0,654,5.8,810,7.1,28189034,14.4,12509107,9.3,-381204,-12.4,106,8.0
"20000","5","238221","58","0","2024","1","",791,6183,6190,6263,92165712,69588516,1170446,1141,"",1.04,1.03,1.02,1.03,1.24,0.93,1.53,1.20,"",-5,-0.6,269,4.5,245,4.1,266,4.4,9991843,12.2,4540223,7.0,93855,8.7,79,7.4
"20000","5","238222","58","0","2024","1","",235,5635,5745,6029,131394330,77465774,1524763,1742,"",0.97,1.03,1.03,1.08,1.37,0.97,1.14,1.30,"",7,3.1,289,5.4,409,7.7,544,9.9,18197191,16.1,7968884,11.5,-475059,-23.8,126,7.8
"20000","5","23829","57","0","2024","1","",124,2245,2291,2311,48296822,28794466,394785,1628,"",1.20,1.59,1.60,1.59,1.78,1.36,1.28,1.12,"",11,9.7,155,7.4,149,7.0,161,7.5,4997759,11.5,2484800,9.4,-7517,-1.9,62,4.0
"20000","5","238291","58","0","2024","1","",19,139,136,141,1810784,1547024,26428,1005,"",0.73,0.96,0.93,0.96,0.99,0.86,1.13,1.04,"",0,0.0,-2,-1.4,-11,-7.5,-6,-4.1,49216,2.8,7491,0.5,12048,83.8,70,7.5
"20000","5","238292","58","0","2024","1","",105,2106,2155,2170,46486038,27247442,368357,1668,"",1.36,1.66,1.67,1.66,1.83,1.41,1.29,1.10,"",11,11.7,157,8.1,160,8.0,167,8.3,4948543,11.9,2477309,10.0,-19565,-5.0,56,3.5
"20000","5","2383","56","0","2024","1","",1007,5898,6025,6234,82989422,65451665,1283969,1055,"",0.89,0.79,0.80,0.82,0.91,0.72,0.91,1.13,"",5,0.5,125,2.2,218,3.8,332,5.6,5109274,6.6,3274491,5.3,-18824,-1.4,27,2.6
"20000","5","23831","57","0","2024","1","",168,1408,1439,1515,20945377,16350279,297120,1108,"",0.92,0.63,0.63,0.66,0.69,0.56,0.58,1.08,"",-4,-2.3,34,2.5,51,3.7,120,8.6,1468707,7.5,1034812,6.8,32037,12.1,27,2.5
"20000","5","238311","58","0","2024","1","",125,876,881,909,11504500,9412425,129816,996,"",0.95,0.82,0.81,0.83,0.94,0.74,0.87,1.16,"",-4,-3.1,-29,-3.2,-32,-3.5,-6,-0.7,-599673,-5.0,-390305,-4.0,-23255,-15.2,-26,-2.5
"20000","5","238312","58","0","2024","1","",43,532,558,606,9440877,6937854,167304,1285,"",0.85,0.45,0.47,0.51,0.53,0.42,0.46,1.10,"",0,0.0,63,13.4,83,17.5,126,26.2,2068380,28.1,1425117,25.9,55292,49.4,90,7.5
"20000","5","23832","57","0","2024","1","",339,1349,1393,1467,14997431,13513774,223210,822,"",0.98,0.77,0.79,0.81,0.80,0.68,0.73,1.01,"",6,1.8,-3,-0.2,-27,-1.9,-8,-0.5,-247029,-1.6,-70300,-0.5,-47350,-17.5,-6,-0.7
"20000","5","238321","58","0","2024","1","",280,1024,1052,1113,10591064,9706724,139728,766,"",0.97,0.94,0.95,0.99,1.04,0.84,1.03,1.08,"",6,2.2,24,2.4,7,0.7,40,3.7,52672,0.5,135378,1.4,-26493,-15.9,-14,-1.8
"20000","5","238322","58","0","2024","1","",59,325,341,354,4406367,3807050,83482,997,"",1.08,0.50,0.51,0.52,0.51,0.46,0.49,1.00,"",0,0.0,-27,-7.7,-34,-9.1,-48,-11.9,-299701,-6.4,-205678,-5.1,-20857,-20.0,35,3.6
"20000","5","23833","57","0","2024","1","",155,674,665,663,8843966,7401054,118882,1019,"",0.97,0.92,0.91,0.90,0.98,0.85,0.94,1.07,"",-5,-3.1,-18,-2.6,-13,-1.9,-17,-2.5,64629,0.7,116736,1.6,-5340,-4.3,31,3.1
"20000","5","238331","58","0","2024","1","",124,374,380,368,4304217,3855855,50413,885,"",0.94,0.78,0.79,0.76,0.82,0.72,0.85,1.06,"",-10,-7.5,-82,-18.0,-60,-13.6,-74,-16.7,-820862,-16.0,-634697,-14.1,-8594,-14.6,1,0.1
"20000","5","238332","58","0","2024","1","",31,300,285,295,4539749,3545199,68469,1190,"",1.09,1.19,1.13,1.17,1.19,1.05,1.02,1.02,"",5,19.2,64,27.1,47,19.7,57,23.9,885491,24.2,751433,26.9,3254,5.0,6,0.5
"20000","5","23834","57","0","2024","1","",39,313,320,329,4897528,3866382,101990,1175,"",0.45,0.63,0.64,0.65,0.87,0.65,1.24,1.35,"",-1,-2.5,-45,-12.6,-23,-6.7,-3,-0.9,-37056,-0.8,-130151,-3.3,-14780,-12.7,73,6.6
"20000","5","238341","58","0","2024","1","",28,132,126,127,1713442,1457898,16184,1027,"",0.37,0.35,0.33,0.33,0.42,0.33,0.34,1.26,"",-1,-3.4,3,2.3,-8,-6.0,-6,-4.5,109932,6.9,46889,3.3,-222,-1.4,93,10.0
"20000","5","238342","58","0","2024","1","",11,181,194,202,3184086,2408484,85806,1273,"",1.09,1.56,1.66,1.71,2.01,1.53,2.51,1.22,"",0,0.0,-48,-21.0,-15,-7.2,3,1.5,-146988,-4.4,-177040,-6.8,-14558,-14.5,66,5.5
"20000","5","23835","57","0","2024","1","",234,1355,1372,1397,22230769,15009239,260431,1244,"",0.87,0.94,0.94,0.95,1.26,0.84,1.16,1.33,"",9,4.0,9,0.7,45,3.4,43,3.2,1596613,7.7,237804,1.6,-31323,-10.7,62,5.2
"20000","5","238351","58","0","2024","1","",202,1045,1060,1076,15867234,11117545,130188,1151,"",0.84,0.91,0.91,0.92,1.20,0.81,0.90,1.31,"",0,0.0,-37,-3.4,4,0.4,4,0.4,-148156,-0.9,-337004,-2.9,-51135,-28.2,0,0.0
"20000","5","238352","58","0","2024","1","",32,310,312,321,6363535,3891694,130243,1557,"",1.07,1.04,1.03,1.06,1.43,0.94,1.61,1.37,"",9,39.1,46,17.4,41,15.1,39,13.8,1744769,37.8,574808,17.3,19812,17.9,252,19.3
"20000","5","23839","57","0","2024","1","",72,799,836,863,11074351,9310937,282336,1023,"",0.82,1.04,1.08,1.09,1.11,0.98,1.86,1.04,"",0,0.0,148,22.7,185,28.4,197,29.6,2263410,25.7,2085590,28.9,47932,20.4,-10,-1.0
"20000","5","238391","58","0","2024","1","",36,310,314,322,3992183,3461463,65266,974,"",0.71,0.95,0.95,0.96,1.04,0.89,1.40,1.09,"",1,2.9,28,9.9,33,11.7,42,15.0,472747,13.4,410394,13.5,-2852,-4.2,11,1.1
"20000","5","238392","58","0","2024","1","",36,489,522,541,7082168,5849474,217070,1053,"",0.97,1.11,1.19,1.19,1.16,1.04,2.07,1.00,"",-1,-2.7,120,32.5,152,41.1,155,40.2,1790663,33.8,1675196,40.1,50784,30.5,-32,-2.9
"20000","5","2389","56","0","2024","1","",932,5447,6143,6597,90302980,68007738,1535642,1146,"",1.16,0.84,0.93,0.97,1.03,0.81,1.09,1.12,"",8,0.9,-1276,-19.0,-574,-8.5,-577,-8.0,-5517140,-5.8,-6713860,-9.0,-800142,-34.3,73,6.8
"20000","5","23891","57","0","2024","1","",432,2625,2884,2992,42024394,32563830,692047,1141,"",1.26,0.77,0.84,0.85,0.91,0.72,0.93,1.11,"",-7,-1.6,-398,-13.2,-172,-5.6,-267,-8.2,-2492698,-5.6,-2577528,-7.3,-360993,-34.3,41,3.7
"20000","5","238911","58","0","2024","1","",182,803,899,911,11514449,9782545,160417,1017,"",0.91,0.65,0.71,0.71,0.78,0.62,0.73,1.13,"",4,2.2,-86,-9.7,34,3.9,20,2.2,123628,1.1,293230,3.1,-18548,-10.4,23,2.3
"20000","5","238912","58","0","2024","1","",250,1822,1985,2081,30509945,22781285,531630,1196,"",1.76,0.85,0.91,0.93,0.97,0.78,1.01,1.09,"",-11,-4.2,-312,-14.6,-206,-9.4,-287,-12.1,-2616326,-7.9,-2870758,-11.2,-342445,-39.2,54,4.7
"20000","5","23899","57","0","2024","1","",500,2822,3259,3605,48278586,35443908,843595,1150,"",1.09,0.91,1.03,1.09,1.15,0.92,1.28,1.14,"",15,3.1,-878,-23.7,-402,-11.0,-310,-7.9,-3024442,-5.9,-4136332,-10.5,-439149,-34.2,100,9.5
"20000","5","238991","58","0","2024","1","",311,1191,1452,1599,16474278,14445908,297513,896,"",1.00,0.79,0.95,1.00,0.96,0.84,1.16,1.05,"",-2,-0.6,-372,-23.8,-90,-5.8,-47,-2.9,-963052,-5.5,-962798,-6.2,-84587,-22.1,49,5.8
"20000","5","238992","58","0","2024","1","",189,1631,1807,2006,31804308,20998000,546082,1348,"",1.26,1.02,1.10,1.18,1.29,0.98,1.36,1.17,"",17,9.9,-506,-23.7,-312,-14.7,-263,-11.6,-2061390,-6.1,-3173534,-13.1,-354562,-39.4,150,12.5
"20000","5","31-33","54","0","2024","1","",3427,174187,174989,174721,3330258646,2127374572,24020142,1467,"",1.05,1.49,1.49,1.49,1.58,1.36,1.60,1.06,"",115,3.5,1732,1.0,1414,0.8,1823,1.1,84902306,2.6,54476134,2.6,-8129831,-25.3,24,1.7
"20000","5","311","55","0","2024","1","",394,37630,37623,37676,611930231,444375509,4165080,1250,"",1.15,2.36,2.34,2.34,3.10,2.28,2.44,1.32,"",18,4.8,465,1.3,313,0.8,596,1.6,-25118190,-3.9,6486492,1.5,-108518,-2.5,-68,-5.2
"20000","5","3111","56","0","2024","1","",94,4873,4886,4904,82505317,57364463,736683,1298,"",3.98,7.13,7.08,7.11,7.37,6.06,10.25,1.04,"",3,3.3,-221,-4.3,-277,-5.4,-184,-3.6,-3629632,-4.2,-2057198,-3.5,17918,2.5,3,0.2
"20000","5","31111","57","0","2024","1","",94,4873,4886,4904,82505317,57364463,736683,1298,"",3.98,7.13,7.08,7.11,7.37,6.06,10.25,1.04,"",3,3.3,-221,-4.3,-277,-5.4,-184,-3.6,-3629632,-4.2,-2057198,-3.5,17918,2.5,3,0.2
"20000","5","311111","58","0","2024","1","",32,3697,3721,3742,60451857,43329066,609687,1250,"",4.17,10.68,10.63,10.65,9.74,8.92,15.07,0.91,"",3,10.3,-212,-5.4,-280,-7.0,-199,-5.0,-4974362,-7.6,-2329602,-5.1,25015,4.3,-24,-1.9
"20000","5","311119","58","0","2024","1","",62,1176,1165,1162,22053460,14035397,126996,1453,"",3.89,3.48,3.43,3.44,4.42,3.04,4.05,1.28,"",0,0.0,-9,-0.8,3,0.3,15,1.3,1344730,6.5,272404,2.0,-7097,-5.3,85,6.2
"20000","5","3112","56","0","2024","1","",35,1610,1642,1622,33257651,15963927,130913,1575,"",3.47,2.64,2.68,2.65,2.83,1.81,2.13,1.06,"",2,6.1,209,14.9,229,16.2,190,13.3,6354661,23.6,-33510,-0.2,-21789,-14.3,113,7.7
"20000","5","31121","57","0","2024","1","",21,685,703,703,14368368,4816488,19857,1586,"",4.61,3.50,3.55,3.56,4.80,1.84,0.99,1.36,"",-1,-4.5,38,5.9,44,6.7,39,5.9,1851931,14.8,-1944720,-28.8,-20329,-50.6,120,8.2
"20000","5","311211","58","0","2024","1","",21,685,703,703,14368368,4816488,19857,1586,"",6.55,5.05,5.13,5.15,6.42,2.46,1.40,1.26,"",-1,-4.5,38,5.9,44,6.7,39,5.9,1851931,14.8,-1944720,-28.8,-20329,-50.6,120,8.2
"20000","5","31122","57","0","2024","1","",14,925,939,919,18889283,11147439,111056,1566,"",3.28,3.15,3.18,3.11,2.80,2.70,4.05,0.89,"",3,27.3,171,22.7,185,24.5,151,19.7,4502730,31.3,1911210,20.7,-1460,-1.3,107,7.3
"20000","5","311221","58","0","2024","1","N",2,0,0,0,0,0,0,0,"N",3.36,0,0,0,0,0,0,0,"N",1,100.0,0,0,0,0,0,0,0,0,0,0,0,0,0,0
"20000","5","311224","58","0","2024","1","N",5,0,0,0,0,0,0,0,"N",2.42,0,0,0,0,0,0,0,"N",0,0.0,0,0,0,0,0,0,0,0,0,0,0,0,0,0
"20000","5","311225","58","0","2024","1","",7,607,617,600,10782637,7333408,90861,1364,"",4.34,7.52,7.60,7.42,8.46,6.84,9.59,1.13,"",2,40.0,50,9.0,64,11.6,32,5.6,542876,5.3,433765,6.3,1663,1.9,-44,-3.1
"20000","5","3113","56","0","2024","1","",18,1515,1512,1318,23954791,15370632,173416,1272,"",0.92,2.01,2.01,1.76,2.33,1.76,1.34,1.21,"",0,0.0,77,5.4,50,3.4,27,2.1,2446775,11.4,1155426,8.1,-17512,-9.2,88,7.4
"20000","5","31131","57","0","2024","1","N",1,0,0,0,0,0,0,0,"N",1.10,0,0,0,0,0,0,0,"N",0,0.0,0,0,0,0,0,0,0,0,0,0,0,0,0,0
"20000","5","311314","58","0","2024","1","N",1,0,0,0,0,0,0,0,"N",1.57,0,0,0,0,0,0,0,"N",0,0.0,0,0,0,0,0,0,0,0,0,0,0,0,0,0
"20000","5","31134","57","0","2024","1","N",4,0,0,0,0,0,0,0,"N",0.68,0,0,0,0,0,0,0,"N",1,33.3,0,0,0,0,0,0,0,0,0,0,0,0,0,0
"20000","5","311340","58","0","2024","1","N",4,0,0,0,0,0,0,0,"N",0.68,0,0,0,0,0,0,0,"N",1,33.3,0,0,0,0,0,0,0,0,0,0,0,0,0,0
"20000","5","31135","57","0","2024","1","",13,1410,1409,1226,21919921,14112702,155858,1251,"",1.02,3.63,3.60,3.18,4.58,3.53,2.67,1.32,"",-1,-7.1,100,7.6,75,5.6,58,5.0,2940161,15.5,1490253,11.8,-26136,-14.4,102,8.9
"20000","5","311351","58","0","2024","1","N",3,0,0,0,0,0,0,0,"N",1.04,0,0,0,0,0,0,0,"N",0,0.0,0,0,0,0,0,0,0,0,0,0,0,0,0,0
"20000","5","311352","58","0","2024","1","N",10,0,0,0,0,0,0,0,"N",1.01,0,0,0,0,0,0,0,"N",-1,-9.1,0,0,0,0,0,0,0,0,0,0,0,0,0,0
"20000","5","3114","56","0","2024","1","",21,1617,1625,1621,22890996,18754603,73256,1086,"",0.90,1.06,1.06,1.05,1.17,0.97,0.31,1.11,"",9,75.0,72,4.7,44,2.8,28,1.8,420255,1.9,514937,2.8,-5440,-6.9,-13,-1.2
"20000","5","31141","57","0","2024","1","N",12,0,0,0,0,0,0,0,"N",1.22,0,0,0,0,0,0,0,"N",7,140.0,0,0,0,0,0,0,0,0,0,0,0,0,0,0
"20000","5","311411","58","0","2024","1","N",2,0,0,0,0,0,0,0,"N",0.74,0,0,0,0,0,0,0,"N",0,0.0,0,0,0,0,0,0,0,0,0,0,0,0,0,0
"20000","5","311412","58","0","2024","1","N",10,0,0,0,0,0,0,0,"N",1.40,0,0,0,0,0,0,0,"N",7,233.3,0,0,0,0,0,0,0,0,0,0,0,0,0,0
"20000","5","31142","57","0","2024","1","N",9,0,0,0,0,0,0,0,"N",0.67,0,0,0,0,0,0,0,"N",2,28.6,0,0,0,0,0,0,0,0,0,0,0,0,0,0
"20000","5","311421","58","0","2024","1","",7,139,142,141,1371547,1234338,12330,750,"",0.75,0.31,0.31,0.31,0.22,0.23,0.15,0.71,"",1,16.7,-13,-8.6,-13,-8.4,-9,-6.0,74995,5.8,49138,4.1,-1824,-12.9,95,14.5
"20000","5","311423","58","0","2024","1","N",2,0,0,0,0,0,0,0,"N",0.71,0,0,0,0,0,0,0,"N",1,100.0,0,0,0,0,0,0,0,0,0,0,0,0,0,0
"20000","5","3115","56","0","2024","1","",15,895,800,792,14776276,10478113,137076,1371,"",0.68,0.59,0.53,0.52,0.63,0.51,0.75,1.15,"",-3,-16.7,0,0.0,-75,-8.6,-65,-7.6,-174011,-1.2,77863,0.7,13422,10.9,58,4.4
"20000","5","31151","57","0","2024","1","N",13,0,0,0,0,0,0,0,"N",0.88,0,0,0,0,0,0,0,"N",-2,-13.3,0,0,0,0,0,0,0,0,0,0,0,0,0,0
"20000","5","311511","58","0","2024","1","",6,520,408,390,7999614,5803106,41154,1401,"",0.99,1.02,0.80,0.76,0.94,0.88,0.64,1.10,"",-2,-25.0,-6,-1.1,-106,-20.6,-116,-22.9,-1668811,-17.3,-708096,-10.9,-4265,-9.4,-42,-2.9
"20000","5","311513","58","0","2024","1","",5,34,42,50,1112491,512835,13363,2038,"",0.82,0.06,0.07,0.09,0.13,0.06,0.21,1.80,"",0,0.0,18,112.5,28,200.0,34,212.5,774949,229.6,379556,284.8,9798,274.8,345,20.4
"20000","5","311514","58","0","2024","1","N",2,0,0,0,0,0,0,0,"N",0.90,0,0,0,0,0,0,0,"N",0,0.0,0,0,0,0,0,0,0,0,0,0,0,0,0,0
"20000","5","31152","57","0","2024","1","N",2,0,0,0,0,0,0,0,"N",0.27,0,0,0,0,0,0,0,"N",-1,-33.3,0,0,0,0,0,0,0,0,0,0,0,0,0,0
"20000","5","311520","58","0","2024","1","N",2,0,0,0,0,0,0,0,"N",0.27,0,0,0,0,0,0,0,"N",-1,-33.3,0,0,0,0,0,0,0,0,0,0,0,0,0,0
"20000","5","3116","56","0","2024","1","",97,20247,20229,20401,307519612,245466488,2042619,1166,"",2.51,4.03,3.98,4.02,5.68,3.98,5.96,1.42,"",0,0.0,133,0.7,87,0.4,315,1.6,-41912070,-12.0,1429559,0.6,-95029,-4.4,-170,-12.7
"20000","5","31161","57","0","2024","1","",97,20247,20229,20401,307519612,245466488,2042619,1166,"",2.51,4.03,3.98,4.02,5.68,3.98,5.96,1.42,"",0,0.0,133,0.7,87,0.4,315,1.6,-41912070,-12.0,1429559,0.6,-95029,-4.4,-170,-12.7
"20000","5","311611","58","0","2024","1","",53,11833,11836,11882,185792177,141824103,1073525,1206,"",3.84,8.64,8.55,8.60,11.82,7.44,11.02,1.38,"",2,3.9,159,1.4,94,0.8,85,0.7,-44152263,-19.2,-578124,-0.4,-44596,-4.0,-301,-20.0
"20000","5","311612","58","0","2024","1","",41,8262,8240,8371,118881418,101593457,954309,1103,"",2.52,5.96,5.89,6.00,7.24,5.61,6.83,1.22,"",-1,-2.4,-45,-0.5,-26,-0.3,215,2.6,1895462,1.6,1764932,1.8,-48577,-4.8,11,1.0
"20000","5","311613","58","0","2024","1","N",1,0,0,0,0,0,0,0,"N",0.55,0,0,0,0,0,0,0,"N",0,0.0,0,0,0,0,0,0,0,0,0,0,0,0,0,0
"20000","5","311615","58","0","2024","1","N",2,0,0,0,0,0,0,0,"N",0.29,0,0,0,0,0,0,0,"N",-1,-33.3,0,0,0,0,0,0,0,0,0,0,0,0,0,0
"20000","5","3118","56","0","2024","1","",66,2486,2523,2571,42580145,27769351,357782,1296,"",0.51,0.80,0.80,0.81,1.39,0.86,1.17,1.73,"",0,0.0,81,3.4,132,5.5,182,7.6,2079007,5.1,3106758,12.6,21219,6.3,-5,-0.4
"20000","5","31181","57","0","2024","1","",48,1491,1519,1562,21683359,15189481,216523,1094,"",0.42,0.63,0.63,0.65,1.00,0.65,0.98,1.57,"",0,0.0,25,1.7,67,4.6,102,7.0,891987,4.3,2367378,18.5,20697,10.6,-2,-0.2
"20000","5","311811","58","0","2024","1","",33,272,270,272,1731542,1570278,14709,491,"",0.43,0.30,0.29,0.29,0.32,0.23,0.23,1.11,"",1,3.1,0,0.0,-5,-1.8,2,0.7,-128369,-6.9,-79820,-4.8,-1670,-10.2,-34,-6.5
"20000","5","311812","58","0","2024","1","",15,1219,1249,1290,19951817,13619203,201814,1225,"",0.43,0.92,0.93,0.95,1.33,0.89,1.39,1.43,"",-1,-6.2,25,2.1,72,6.1,100,8.4,1020356,5.4,2447198,21.9,22367,12.5,-2,-0.2
"20000","5","31182","57","0","2024","1","N",7,0,0,0,0,0,0,0,"N",0.68,0,0,0,0,0,0,0,"N",0,0.0,0,0,0,0,0,0,0,0,0,0,0,0,0,0
"20000","5","311821","58","0","2024","1","N",2,0,0,0,0,0,0,0,"N",0.32,0,0,0,0,0,0,0,"N",0,0.0,0,0,0,0,0,0,0,0,0,0,0,0,0,0
"20000","5","311824","58","0","2024","1","",5,118,131,135,2479075,1111342,11271,1490,"",1.23,0.61,0.67,0.68,0.88,0.43,0.44,1.35,"",0,0.0,39,49.4,52,65.8,54,66.7,1170536,89.5,389210,53.9,3768,50.2,227,18.0
"20000","5","31183","57","0","2024","1","N",11,0,0,0,0,0,0,0,"N",2.59,0,0,0,0,0,0,0,"N",0,0.0,0,0,0,0,0,0,0,0,0,0,0,0,0,0
"20000","5","311830","58","0","2024","1","N",11,0,0,0,0,0,0,0,"N",2.59,0,0,0,0,0,0,0,"N",0,0.0,0,0,0,0,0,0,0,0,0,0,0,0,0,0
"20000","5","3119","56","0","2024","1","",48,4387,4406,4447,84445443,53207932,513335,1472,"",0.70,1.81,1.80,1.82,2.54,1.80,1.62,1.41,"",7,17.1,114,2.7,123,2.9,103,2.4,9296825,12.4,2292657,4.5,-21307,-4.0,128,9.5
"20000","5","31191","57","0","2024","1","N",5,0,0,0,0,0,0,0,"N",0.54,0,0,0,0,0,0,0,"N",1,25.0,0,0,0,0,0,0,0,0,0,0,0,0,0,0
"20000","5","311919","58","0","2024","1","N",5,0,0,0,0,0,0,0,"N",0.77,0,0,0,0,0,0,0,"N",1,25.0,0,0,0,0,0,0,0,0,0,0,0,0,0,0
"20000","5","31192","57","0","2024","1","",9,62,59,60,468127,428879,4289,597,"",0.65,0.24,0.23,0.23,0.14,0.14,0.13,0.62,"N",1,12.5,0,0,0,0,0,0,0,0,0,0,0,0,0,0
"20000","5","311920","58","0","2024","1","",9,62,59,60,468127,428879,4289,597,"",0.65,0.24,0.23,0.23,0.14,0.14,0.13,0.62,"N",1,12.5,0,0,0,0,0,0,0,0,0,0,0,0,0,0
"20000","5","31193","57","0","2024","1","N",2,0,0,0,0,0,0,0,"N",0.70,0,0,0,0,0,0,0,"N",2,100.0,0,0,0,0,0,0,0,0,0,0,0,0,0,0
"20000","5","311930","58","0","2024","1","N",2,0,0,0,0,0,0,0,"N",0.70,0,0,0,0,0,0,0,"N",2,100.0,0,0,0,0,0,0,0,0,0,0,0,0,0,0
"20000","5","31194","57","0","2024","1","",10,729,743,739,26623778,9775163,79989,2779,"",0.99,1.62,1.64,1.63,3.71,1.67,1.28,2.28,"",-1,-9.1,-33,-4.3,5,0.7,16,2.2,6610588,33.0,-5601,-0.1,-20917,-20.7,701,33.7
"20000","5","311941","58","0","2024","1","N",1,0,0,0,0,0,0,0,"N",0.24,0,0,0,0,0,0,0,"N",0,0.0,0,0,0,0,0,0,0,0,0,0,0,0,0,0
"20000","5","311942","58","0","2024","1","N",9,0,0,0,0,0,0,0,"N",1.51,0,0,0,0,0,0,0,"N",-1,-10.0,0,0,0,0,0,0,0,0,0,0,0,0,0,0
"20000","5","31199","57","0","2024","1","",22,2115,2119,2121,31829212,23899166,162705,1156,"",0.68,2.05,2.03,2.04,2.57,1.91,1.29,1.26,"",4,22.2,95,4.7,50,2.4,27,1.3,1065317,3.5,880878,3.8,-52441,-24.4,8,0.7
"20000","5","311991","58","0","2024","1","N",13,0,0,0,0,0,0,0,"N",0.85,0,0,0,0,0,0,0,"N",4,44.4,0,0,0,0,0,0,0,0,0,0,0,0,0,0
"20000","5","311999","58","0","2024","1","N",9,0,0,0,0,0,0,0,"N",0.52,0,0,0,0,0,0,0,"N",0,0.0,0,0,0,0,0,0,0,0,0,0,0,0,0,0
"20000","5","312","55","0","2024","1","",89,1975,1998,1980,40116031,19612320,211984,1555,"",0.64,0.67,0.67,0.66,1.05,0.62,0.61,1.57,"",3,3.5,142,7.7,76,4.0,-6,-0.3,4158117,11.6,809570,4.3,-29782,-12.3,110,7.6
"20000","5","3121","56","0","2024","1","N",88,0,0,0,0,0,0,0,"N",0.65,0,0,0,0,0,0,0,"N",3,3.5,0,0,0,0,0,0,0,0,0,0,0,0,0,0
"20000","5","31211","57","0","2024","1","",21,1129,1144,1154,19666337,13432676,134838,1324,"",0.95,1.12,1.13,1.13,1.29,1.08,1.01,1.14,"",1,5.0,84,8.0,40,3.6,-10,-0.9,1644533,9.1,684034,5.4,-27081,-16.7,69,5.5
"20000","5","312111","58","0","2024","1","",10,906,920,929,16555595,10912504,107770,1387,"",0.91,1.21,1.22,1.23,1.42,1.15,1.14,1.17,"",1,11.1,89,10.9,40,4.5,-11,-1.2,1440853,9.5,605797,5.9,-30249,-21.9,64,4.8
"20000","5","312112","58","0","2024","1","",6,69,71,69,987574,750240,5197,1090,"",0.91,0.35,0.35,0.34,0.32,0.31,0.17,0.92,"",0,0.0,-5,-6.8,-1,-1.4,-4,-5.5,61476,6.6,-6667,-0.9,-2274,-30.4,114,11.7
"20000","5","312113","58","0","2024","1","",5,154,153,156,2123168,1769932,21871,1058,"",1.10,2.56,2.57,2.59,3.74,2.98,2.80,1.45,"",0,0.0,0,0.0,1,0.7,5,3.3,142204,7.2,84904,5.0,5442,33.1,58,5.8
"20000","5","31212","57","0","2024","1","",37,456,459,462,2614261,2261077,39323,438,"",0.74,0.48,0.48,0.47,0.26,0.24,0.44,0.54,"",1,2.8,85,22.9,58,14.5,45,10.8,621457,31.2,466891,26.0,6041,18.2,51,13.2
"20000","5","312120","58","0","2024","1","",37,456,459,462,2614261,2261077,39323,438,"",0.74,0.48,0.48,0.47,0.26,0.24,0.44,0.54,"",1,2.8,85,22.9,58,14.5,45,10.8,621457,31.2,466891,26.0,6041,18.2,51,13.2
"20000","5","31213","57","0","2024","1","N",20,0,0,0,0,0,0,0,"N",0.42,0,0,0,0,0,0,0,"N",1,5.3,0,0,0,0,0,0,0,0,0,0,0,0,0,0
"20000","5","312130","58","0","2024","1","N",20,0,0,0,0,0,0,0,"N",0.42,0,0,0,0,0,0,0,"N",1,5.3,0,0,0,0,0,0,0,0,0,0,0,0,0,0
"20000","5","31214","57","0","2024","1","",10,244,233,218,16868388,3128220,28535,5601,"",0.66,1.01,0.96,0.90,5.14,1.14,1.06,5.38,"",0,0.0,-29,-10.6,-41,-15.0,-59,-21.3,1790935,11.9,-405176,-11.5,-8889,-23.8,1378,32.6
"20000","5","312140","58","0","2024","1","",10,244,233,218,16868388,3128220,28535,5601,"",0.66,1.01,0.96,0.90,5.14,1.14,1.06,5.38,"",0,0.0,-29,-10.6,-41,-15.0,-59,-21.3,1790935,11.9,-405176,-11.5,-8889,-23.8,1378,32.6
"20000","5","3122","56","0","2024","1","N",1,0,0,0,0,0,0,0,"N",0.28,0,0,0,0,0,0,0,"N",0,0.0,0,0,0,0,0,0,0,0,0,0,0,0,0,0
"20000","5","31223","57","0","2024","1","N",1,0,0,0,0,0,0,0,"N",0.28,0,0,0,0,0,0,0,"N",0,0.0,0,0,0,0,0,0,0,0,0,0,0,0,0,0
"20000","5","312230","58","0","2024","1","N",1,0,0,0,0,0,0,0,"N",0.28,0,0,0,0,0,0,0,"N",0,0.0,0,0,0,0,0,0,0,0,0,0,0,0,0,0
"20000","5","313","55","0","2024","1","",12,73,74,77,647656,628531,1619,667,"",0.54,0.09,0.09,0.10,0.07,0.07,0.02,0.74,"",1,9.1,-14,-16.1,-14,-15.9,-7,-8.3,-101217,-13.5,-100054,-13.7,-1434,-47.0,0,0.0
"20000","5","3131","56","0","2024","1","N",2,0,0,0,0,0,0,0,"N",0.64,0,0,0,0,0,0,0,"N",-1,-33.3,0,0,0,0,0,0,0,0,0,0,0,0,0,0
"20000","5","31311","57","0","2024","1","N",2,0,0,0,0,0,0,0,"N",0.64,0,0,0,0,0,0,0,"N",-1,-33.3,0,0,0,0,0,0,0,0,0,0,0,0,0,0
"20000","5","313110","58","0","2024","1","N",2,0,0,0,0,0,0,0,"N",0.64,0,0,0,0,0,0,0,"N",-1,-33.3,0,0,0,0,0,0,0,0,0,0,0,0,0,0
"20000","5","3132","56","0","2024","1","N",2,0,0,0,0,0,0,0,"N",0.23,0,0,0,0,0,0,0,"N",0,0.0,0,0,0,0,0,0,0,0,0,0,0,0,0,0
"20000","5","31322","57","0","2024","1","N",1,0,0,0,0,0,0,0,"N",0.50,0,0,0,0,0,0,0,"N",0,0.0,0,0,0,0,0,0,0,0,0,0,0,0,0,0
"20000","5","313220","58","0","2024","1","N",1,0,0,0,0,0,0,0,"N",0.50,0,0,0,0,0,0,0,"N",0,0.0,0,0,0,0,0,0,0,0,0,0,0,0,0,0
"20000","5","31324","57","0","2024","1","N",1,0,0,0,0,0,0,0,"N",0.85,0,0,0,0,0,0,0,"N",0,0.0,0,0,0,0,0,0,0,0,0,0,0,0,0,0
"20000","5","313240","58","0","2024","1","N",1,0,0,0,0,0,0,0,"N",0.85,0,0,0,0,0,0,0,"N",0,0.0,0,0,0,0,0,0,0,0,0,0,0,0,0,0
"20000","5","3133","56","0","2024","1","",8,37,37,39,295442,281778,910,603,"",0.77,0.18,0.18,0.19,0.11,0.11,0.04,0.63,"",2,33.3,1,2.8,-2,-5.1,-1,-2.5,18253,6.6,14095,5.3,-42,-4.4,47,8.5
"20000","5","31331","57","0","2024","1","",8,37,37,39,295442,281778,910,603,"",0.92,0.24,0.24,0.26,0.17,0.16,0.06,0.69,"",2,33.3,1,2.8,-2,-5.1,-1,-2.5,18253,6.6,14095,5.3,-42,-4.4,47,8.5
"20000","5","313310","58","0","2024","1","",8,37,37,39,295442,281778,910,603,"",0.92,0.24,0.24,0.26,0.17,0.16,0.06,0.69,"",2,33.3,1,2.8,-2,-5.1,-1,-2.5,18253,6.6,14095,5.3,-42,-4.4,47,8.5
"20000","5","314","55","0","2024","1","",43,436,445,446,4511523,3778971,32633,785,"",0.83,0.48,0.49,0.49,0.47,0.39,0.43,0.96,"",-3,-6.5,-289,-39.9,-261,-37.0,-255,-36.4,-2568630,-36.3,-2350039,-38.3,-1951,-5.6,19,2.5
"20000","5","3141","56","0","2024","1","",9,28,29,29,550478,280229,2653,1477,"",0.71,0.08,0.08,0.08,0.13,0.07,0.09,1.63,"",2,28.6,1,3.7,4,16.0,3,11.5,77713,16.4,7401,2.7,141,5.6,78,5.6
"20000","5","31411","57","0","2024","1","N",3,0,0,0,0,0,0,0,"N",0.85,0,0,0,0,0,0,0,"N",1,50.0,0,0,0,0,0,0,0,0,0,0,0,0,0,0
"20000","5","314110","58","0","2024","1","N",3,0,0,0,0,0,0,0,"N",0.85,0,0,0,0,0,0,0,"N",1,50.0,0,0,0,0,0,0,0,0,0,0,0,0,0,0
"20000","5","31412","57","0","2024","1","N",6,0,0,0,0,0,0,0,"N",0.65,0,0,0,0,0,0,0,"N",1,20.0,0,0,0,0,0,0,0,0,0,0,0,0,0,0
"20000","5","314120","58","0","2024","1","N",6,0,0,0,0,0,0,0,"N",0.65,0,0,0,0,0,0,0,"N",1,20.0,0,0,0,0,0,0,0,0,0,0,0,0,0,0
"20000","5","3149","56","0","2024","1","",34,408,416,417,3961045,3498742,29980,737,"",0.87,0.77,0.78,0.78,0.75,0.61,0.65,0.97,"",-5,-12.8,-290,-41.5,-265,-38.9,-258,-38.2,-2646343,-40.1,-2357440,-40.3,-2092,-6.5,-5,-0.7
"20000","5","31491","57","0","2024","1","",11,254,261,261,2666228,2286976,15541,793,"",0.81,1.19,1.22,1.21,1.23,0.96,0.72,1.02,"",-2,-15.4,-38,-13.0,-19,-6.8,-20,-7.1,-182318,-6.4,-161233,-6.6,5398,53.2,22,2.9
"20000","5","314910","58","0","2024","1","",11,254,261,261,2666228,2286976,15541,793,"",0.81,1.19,1.22,1.21,1.23,0.96,0.72,1.02,"",-2,-15.4,-38,-13.0,-19,-6.8,-20,-7.1,-182318,-6.4,-161233,-6.6,5398,53.2,22,2.9
"20000","5","31499","57","0","2024","1","",23,154,155,156,1294817,1211766,14439,643,"",0.90,0.48,0.48,0.49,0.41,0.36,0.59,0.85,"",-3,-11.5,-252,-62.1,-246,-61.3,-238,-60.4,-2464025,-65.6,-2196207,-64.4,-7490,-34.2,-79,-10.9
"20000","5","314994","58","0","2024","1","N",1,0,0,0,0,0,0,0,"N",0.75,0,0,0,0,0,0,0,"N",0,0.0,0,0,0,0,0,0,0,0,0,0,0,0,0,0
"20000","5","314999","58","0","2024","1","N",22,0,0,0,0,0,0,0,"N",0.91,0,0,0,0,0,0,0,"N",-3,-12.0,0,0,0,0,0,0,0,0,0,0,0,0,0,0
"20000","5","315","55","0","2024","1","",19,317,311,299,3452627,2598448,18679,860,"",0.36,0.42,0.41,0.39,0.41,0.34,0.19,1.02,"",1,5.6,22,7.5,-4,-1.3,3,1.0,24388,0.7,-66190,-2.5,-18065,-49.2,-13,-1.5
"20000","5","3152","56","0","2024","1","",16,297,291,279,3218482,2402555,16032,857,"",0.41,0.50,0.49,0.47,0.48,0.41,0.20,0.98,"",1,6.7,26,9.6,0,0.0,1,0.4,57414,1.8,-38625,-1.6,-16408,-50.6,-11,-1.3
"20000","5","31521","57","0","2024","1","",5,6,6,6,180031,73305,659,2308,"",0.28,0.03,0.03,0.03,0.11,0.04,0.03,3.39,"",0,0.0,-3,-33.3,-1,-14.3,-1,-14.3,-50095,-21.8,-22538,-23.5,-1100,-62.5,-1,0.0
"20000","5","315210","58","0","2024","1","",5,6,6,6,180031,73305,659,2308,"",0.28,0.03,0.03,0.03,0.11,0.04,0.03,3.39,"",0,0.0,-3,-33.3,-1,-14.3,-1,-14.3,-50095,-21.8,-22538,-23.5,-1100,-62.5,-1,0.0
"20000","5","31525","57","0","2024","1","",11,291,285,273,3038451,2329250,15373,826,"",0.53,0.72,0.71,0.67,0.60,0.56,0.26,0.86,"",1,10.0,29,11.1,1,0.4,2,0.7,107509,3.7,-16087,-0.7,-15308,-49.9,-2,-0.2
"20000","5","315250","58","0","2024","1","",11,291,285,273,3038451,2329250,15373,826,"",0.53,0.72,0.71,0.67,0.60,0.56,0.26,0.86,"",1,10.0,29,11.1,1,0.4,2,0.7,107509,3.7,-16087,-0.7,-15308,-49.9,-2,-0.2
"20000","5","3159","56","0","2024","1","",3,20,20,20,234145,195893,2647,901,"",0.27,0.18,0.18,0.18,0.21,0.17,0.22,1.16,"",0,0.0,-4,-16.7,-4,-16.7,2,11.1,-33026,-12.4,-27565,-12.3,-1657,-38.5,-33,-3.5
"20000","5","31599","57","0","2024","1","",3,20,20,20,234145,195893,2647,901,"",0.27,0.18,0.18,0.18,0.21,0.17,0.22,1.16,"",0,0.0,-4,-16.7,-4,-16.7,2,11.1,-33026,-12.4,-27565,-12.3,-1657,-38.5,-33,-3.5
"20000","5","315990","58","0","2024","1","",3,20,20,20,234145,195893,2647,901,"",0.27,0.18,0.18,0.18,0.21,0.17,0.22,1.16,"",0,0.0,-4,-16.7,-4,-16.7,2,11.1,-33026,-12.4,-27565,-12.3,-1657,-38.5,-33,-3.5
"20000","5","316","55","0","2024","1","",6,26,25,25,256314,201365,966,778,"",0.47,0.11,0.11,0.11,0.09,0.08,0.04,0.84,"",0,0.0,-13,-33.3,-14,-35.9,-16,-39.0,-45214,-15.0,-52404,-20.7,-1966,-67.1,193,33.0
"20000","5","3161","56","0","2024","1","N",1,0,0,0,0,0,0,0,"N",0.61,0,0,0,0,0,0,0,"N",-1,-50.0,0,0,0,0,0,0,0,0,0,0,0,0,0,0
"20000","5","31611","57","0","2024","1","N",1,0,0,0,0,0,0,0,"N",0.61,0,0,0,0,0,0,0,"N",-1,-50.0,0,0,0,0,0,0,0,0,0,0,0,0,0,0
"20000","5","316110","58","0","2024","1","N",1,0,0,0,0,0,0,0,"N",0.61,0,0,0,0,0,0,0,"N",-1,-50.0,0,0,0,0,0,0,0,0,0,0,0,0,0,0
"20000","5","3169","56","0","2024","1","N",5,0,0,0,0,0,0,0,"N",0.64,0,0,0,0,0,0,0,"N",1,25.0,0,0,0,0,0,0,0,0,0,0,0,0,0,0
"20000","5","31699","57","0","2024","1","N",5,0,0,0,0,0,0,0,"N",0.64,0,0,0,0,0,0,0,"N",1,25.0,0,0,0,0,0,0,0,0,0,0,0,0,0,0
"20000","5","316990","58","0","2024","1","N",5,0,0,0,0,0,0,0,"N",0.64,0,0,0,0,0,0,0,"N",1,25.0,0,0,0,0,0,0,0,0,0,0,0,0,0,0
"20000","5","321","55","0","2024","1","",89,1693,1634,1657,23013121,17928554,276292,1066,"",0.67,0.45,0.43,0.43,0.48,0.38,0.71,1.11,"",-3,-3.3,-182,-9.7,-244,-13.0,-225,-12.0,-931497,-3.9,-818063,-4.4,-16610,-5.7,85,8.7
"20000","5","3211","56","0","2024","1","",6,21,21,22,250122,219842,1543,902,"",0.21,0.03,0.03,0.03,0.02,0.02,0.02,0.94,"",1,20.0,-9,-30.0,-10,-32.3,-9,-29.0,-92444,-27.0,-88873,-28.8,-617,-28.6,43,5.0
"20000","5","32111","57","0","2024","1","",6,21,21,22,250122,219842,1543,902,"",0.21,0.03,0.03,0.03,0.02,0.02,0.02,0.94,"",1,20.0,-9,-30.0,-10,-32.3,-9,-29.0,-92444,-27.0,-88873,-28.8,-617,-28.6,43,5.0
"20000","5","321113","58","0","2024","1","N",4,0,0,0,0,0,0,0,"N",0.16,0,0,0,0,0,0,0,"N",1,33.3,0,0,0,0,0,0,0,0,0,0,0,0,0,0
"20000","5","321114","58","0","2024","1","N",2,0,0,0,0,0,0,0,"N",0.54,0,0,0,0,0,0,0,"N",0,0.0,0,0,0,0,0,0,0,0,0,0,0,0,0,0
"20000","5","3212","56","0","2024","1","",17,340,318,329,4555391,3331585,48064,1065,"",1.12,0.45,0.42,0.44,0.44,0.34,0.61,1.01,"",0,0.0,-57,-14.4,-70,-18.0,-50,-13.2,-1060174,-18.9,-384402,-10.3,1119,2.4,-48,-4.3
"20000","5","32121","57","0","2024","1","",17,340,318,329,4555391,3331585,48064,1065,"",1.12,0.45,0.42,0.44,0.44,0.34,0.61,1.01,"",0,0.0,-57,-14.4,-70,-18.0,-50,-13.2,-1060174,-18.9,-384402,-10.3,1119,2.4,-48,-4.3
"20000","5","321215","58","0","2024","1","N",15,0,0,0,0,0,0,0,"N",1.57,0,0,0,0,0,0,0,"N",0,0.0,0,0,0,0,0,0,0,0,0,0,0,0,0,0
"20000","5","321219","58","0","2024","1","N",2,0,0,0,0,0,0,0,"N",1.11,0,0,0,0,0,0,0,"N",0,0.0,0,0,0,0,0,0,0,0,0,0,0,0,0,0
"20000","5","3219","56","0","2024","1","",66,1332,1295,1306,18207608,14377127,226685,1068,"",0.74,0.60,0.58,0.58,0.68,0.53,0.96,1.15,"",-4,-5.7,-116,-8.0,-164,-11.2,-166,-11.3,221121,1.2,-344788,-2.3,-17112,-7.0,120,12.7
"20000","5","32191","57","0","2024","1","",15,323,317,322,4534378,3618799,44558,1088,"",0.53,0.34,0.33,0.34,0.36,0.29,0.48,1.07,"",0,0.0,-3,-0.9,-11,-3.4,-16,-4.7,164189,3.8,150711,4.3,2752,6.6,71,7.0
"20000","5","321911","58","0","2024","1","",9,249,243,243,3532027,2818241,37415,1109,"",0.91,0.47,0.46,0.46,0.46,0.37,0.76,0.99,"",2,28.6,0,0.0,-9,-3.6,-19,-7.3,96089,2.8,131094,4.9,5355,16.7,70,6.7
"20000","5","321912","58","0","2024","1","N",1,0,0,0,0,0,0,0,"N",0.22,0,0,0,0,0,0,0,"N",0,0.0,0,0,0,0,0,0,0,0,0,0,0,0,0,0
"20000","5","321918","58","0","2024","1","N",5,0,0,0,0,0,0,0,"N",0.36,0,0,0,0,0,0,0,"N",-2,-28.6,0,0,0,0,0,0,0,0,0,0,0,0,0,0
"20000","5","32192","57","0","2024","1","",24,414,418,421,5260075,4400854,42769,969,"",0.92,0.70,0.70,0.71,0.87,0.67,0.82,1.24,"",-4,-14.3,-50,-10.8,-42,-9.1,-30,-6.7,156180,3.1,-91768,-2.0,-9620,-18.4,112,13.1
"20000","5","321920","58","0","2024","1","",24,414,418,421,5260075,4400854,42769,969,"",0.92,0.70,0.70,0.71,0.87,0.67,0.82,1.24,"",-4,-14.3,-50,-10.8,-42,-9.1,-30,-6.7,156180,3.1,-91768,-2.0,-9620,-18.4,112,13.1
"20000","5","32199","57","0","2024","1","",27,595,560,563,8413155,6357474,139358,1130,"",0.78,0.87,0.81,0.81,1.01,0.82,1.55,1.22,"",0,0.0,-63,-9.6,-111,-16.5,-120,-17.6,-99248,-1.2,-403731,-6.0,-10244,-6.8,154,15.8
"20000","5","321991","58","0","2024","1","N",3,0,0,0,0,0,0,0,"N",0.88,0,0,0,0,0,0,0,"N",-1,-25.0,0,0,0,0,0,0,0,0,0,0,0,0,0,0
"20000","5","321992","58","0","2024","1","N",9,0,0,0,0,0,0,0,"N",1.12,0,0,0,0,0,0,0,"N",1,12.5,0,0,0,0,0,0,0,0,0,0,0,0,0,0
"20000","5","321999","58","0","2024","1","",15,284,253,251,3982757,2924835,34615,1166,"",0.65,1.12,1.00,0.99,1.29,1.00,1.30,1.25,"",0,0.0,-45,-13.7,-81,-24.3,-104,-29.3,-444902,-10.0,-544422,-15.7,-10633,-23.5,162,16.1
"20000","5","322","55","0","2024","1","",35,1823,1832,1841,38011577,23472112,226117,1596,"",0.75,0.56,0.56,0.56,0.70,0.52,0.61,1.24,"",6,20.7,-117,-6.0,-119,-6.1,-116,-5.9,204877,0.5,-847578,-3.5,11214,5.2,104,7.0
"20000","5","3221","56","0","2024","1","",4,13,12,11,380782,179756,2868,2441,"",0.55,0.02,0.02,0.01,0.02,0.01,0.04,1.55,"N",1,33.3,0,0,0,0,0,0,0,0,0,0,0,0,0,0
"20000","5","32212","57","0","2024","1","N",3,0,0,0,0,0,0,0,"N",0.71,0,0,0,0,0,0,0,"N",1,50.0,0,0,0,0,0,0,0,0,0,0,0,0,0,0
"20000","5","322120","58","0","2024","1","N",3,0,0,0,0,0,0,0,"N",0.71,0,0,0,0,0,0,0,"N",1,50.0,0,0,0,0,0,0,0,0,0,0,0,0,0,0
"20000","5","32213","57","0","2024","1","N",1,0,0,0,0,0,0,0,"N",0.43,0,0,0,0,0,0,0,"N",0,0.0,0,0,0,0,0,0,0,0,0,0,0,0,0,0
"20000","5","322130","58","0","2024","1","N",1,0,0,0,0,0,0,0,"N",0.43,0,0,0,0,0,0,0,"N",0,0.0,0,0,0,0,0,0,0,0,0,0,0,0,0,0
"20000","5","3222","56","0","2024","1","",31,1810,1820,1830,37630795,23292356,223249,1590,"",0.79,0.73,0.73,0.74,0.98,0.71,0.77,1.33,"N",5,19.2,0,0,0,0,0,0,0,0,0,0,0,0,0,0
"20000","5","32221","57","0","2024","1","",18,1299,1304,1316,30523447,17264726,147259,1797,"",0.90,0.90,0.90,0.91,1.35,0.92,0.85,1.49,"",4,28.6,57,4.6,43,3.4,44,3.5,2279089,8.1,804862,4.9,16478,12.6,70,4.1
"20000","5","322211","58","0","2024","1","",9,665,672,667,12997507,8716374,77723,1497,"",0.66,0.70,0.70,0.70,0.84,0.69,0.68,1.20,"",2,28.6,44,7.1,38,6.0,18,2.8,1297223,11.1,627693,7.8,22038,39.6,79,5.6
"20000","5","322212","58","0","2024","1","N",2,0,0,0,0,0,0,0,"N",0.61,0,0,0,0,0,0,0,"N",1,100.0,0,0,0,0,0,0,0,0,0,0,0,0,0,0
"20000","5","322219","58","0","2024","1","N",7,0,0,0,0,0,0,0,"N",2.16,0,0,0,0,0,0,0,"N",1,16.7,0,0,0,0,0,0,0,0,0,0,0,0,0,0
"20000","5","32222","57","0","2024","1","N",5,0,0,0,0,0,0,0,"N",0.55,0,0,0,0,0,0,0,"N",-1,-16.7,0,0,0,0,0,0,0,0,0,0,0,0,0,0
"20000","5","322220","58","0","2024","1","N",5,0,0,0,0,0,0,0,"N",0.55,0,0,0,0,0,0,0,"N",-1,-16.7,0,0,0,0,0,0,0,0,0,0,0,0,0,0
"20000","5","32223","57","0","2024","1","N",3,0,0,0,0,0,0,0,"N",0.90,0,0,0,0,0,0,0,"N",-1,-25.0,0,0,0,0,0,0,0,0,0,0,0,0,0,0
"20000","5","322230","58","0","2024","1","N",3,0,0,0,0,0,0,0,"N",0.90,0,0,0,0,0,0,0,"N",-1,-25.0,0,0,0,0,0,0,0,0,0,0,0,0,0,0
"20000","5","32229","57","0","2024","1","",5,70,71,73,1161053,863119,12294,1252,"",0.73,0.17,0.17,0.17,0.18,0.16,0.31,1.04,"N",3,150.0,0,0,0,0,0,0,0,0,0,0,0,0,0,0
"20000","5","322299","58","0","2024","1","",5,70,71,73,1161053,863119,12294,1252,"",1.05,0.44,0.44,0.45,0.54,0.43,0.67,1.22,"N",3,150.0,0,0,0,0,0,0,0,0,0,0,0,0,0,0
"20000","5","323","55","0","2024","1","",310,6557,6571,6615,91557649,70239536,470439,1070,"",1.35,1.98,1.98,2.01,2.32,1.78,1.28,1.17,"",-1,-0.3,-497,-7.0,-462,-6.6,-420,-6.0,-661505,-0.7,-2444147,-3.4,-151022,-24.3,62,6.2
"20000","5","3231","56","0","2024","1","",310,6557,6571,6615,91557649,70239536,470439,1070,"",1.35,1.98,1.98,2.01,2.32,1.78,1.28,1.17,"",-1,-0.3,-497,-7.0,-462,-6.6,-420,-6.0,-661505,-0.7,-2444147,-3.4,-151022,-24.3,62,6.2
"20000","5","32311","57","0","2024","1","N",303,0,0,0,0,0,0,0,"N",1.38,0,0,0,0,0,0,0,"N",0,0.0,0,0,0,0,0,0,0,0,0,0,0,0,0,0
"20000","5","323111","58","0","2024","1","",196,3473,3464,3488,46824286,36769457,272273,1037,"",1.29,1.49,1.48,1.50,1.55,1.26,0.98,1.05,"",2,1.0,-273,-7.3,-275,-7.4,-260,-6.9,-3344801,-6.7,-1758645,-4.6,-67227,-19.8,6,0.6
"20000","5","323113","58","0","2024","1","",97,1831,1835,1845,25123184,18231222,110716,1052,"",1.53,2.61,2.62,2.64,4.13,2.60,1.86,1.57,"",-3,-3.0,-178,-8.9,-135,-6.9,-130,-6.6,2308601,10.1,-737031,-3.9,-33663,-23.3,168,19.0
"20000","5","323117","58","0","2024","1","N",10,0,0,0,0,0,0,0,"N",2.29,0,0,0,0,0,0,0,"N",1,11.1,0,0,0,0,0,0,0,0,0,0,0,0,0,0
"20000","5","32312","57","0","2024","1","N",7,0,0,0,0,0,0,0,"N",0.68,0,0,0,0,0,0,0,"N",-1,-12.5,0,0,0,0,0,0,0,0,0,0,0,0,0,0
"20000","5","323120","58","0","2024","1","N",7,0,0,0,0,0,0,0,"N",0.68,0,0,0,0,0,0,0,"N",-1,-12.5,0,0,0,0,0,0,0,0,0,0,0,0,0,0
"20000","5","324","55","0","2024","1","",40,2545,2574,2596,75919613,33968102,291129,2271,"",1.89,2.60,2.60,2.59,2.25,2.16,1.96,0.87,"",1,2.6,57,2.3,59,2.3,69,2.7,-909706,-1.2,337629,1.0,-40458,-12.2,-84,-3.6
"20000","5","3241","56","0","2024","1","",40,2545,2574,2596,75919613,33968102,291129,2271,"",1.89,2.60,2.60,2.59,2.25,2.16,1.96,0.87,"",1,2.6,57,2.3,59,2.3,69,2.7,-909706,-1.2,337629,1.0,-40458,-12.2,-84,-3.6
"20000","5","32411","57","0","2024","1","",12,1518,1510,1512,55256792,21828772,127308,2809,"",2.23,2.64,2.60,2.61,2.20,2.17,2.08,0.84,"",0,0.0,62,4.3,53,3.6,54,3.7,-127486,-0.2,715401,3.4,-25375,-16.6,-115,-3.9
"20000","5","324110","58","0","2024","1","",12,1518,1510,1512,55256792,21828772,127308,2809,"",2.23,2.64,2.60,2.61,2.20,2.17,2.08,0.84,"",0,0.0,62,4.3,53,3.6,54,3.7,-127486,-0.2,715401,3.4,-25375,-16.6,-115,-3.9
"20000","5","32412","57","0","2024","1","",19,341,369,383,6854922,3547285,68289,1447,"",1.72,1.32,1.40,1.39,1.23,0.92,0.98,0.90,"",0,0.0,5,1.5,24,7.0,26,7.3,-1544533,-18.4,-122402,-3.3,-11784,-14.7,-420,-22.5
"20000","5","324121","58","0","2024","1","N",13,0,0,0,0,0,0,0,"N",1.54,0,0,0,0,0,0,0,"N",0,0.0,0,0,0,0,0,0,0,0,0,0,0,0,0,0
"20000","5","324122","58","0","2024","1","N",6,0,0,0,0,0,0,0,"N",2.28,0,0,0,0,0,0,0,"N",0,0.0,0,0,0,0,0,0,0,0,0,0,0,0,0,0
"20000","5","32419","57","0","2024","1","",9,686,695,701,13807899,8592045,95532,1530,"",1.93,4.78,4.78,4.84,4.64,4.82,5.41,0.97,"",1,12.5,-10,-1.4,-18,-2.5,-11,-1.5,762313,5.8,-255370,-2.9,-3299,-3.3,111,7.8
"20000","5","324191","58","0","2024","1","",9,686,695,701,13807899,8592045,95532,1530,"",2.59,6.80,6.79,6.88,6.61,6.39,7.21,0.97,"",1,12.5,-10,-1.4,-18,-2.5,-11,-1.5,762313,5.8,-255370,-2.9,-3299,-3.3,111,7.8
"20000","5","325","55","0","2024","1","",230,9047,9038,9085,219304184,117600517,1126631,1863,"",1.11,1.11,1.10,1.10,0.94,0.97,1.08,0.85,"",18,8.5,-166,-1.8,-132,-1.4,-90,-1.0,-20182559,-8.4,-254550,-0.2,-228566,-16.9,-142,-7.1
"20000","5","3251","56","0","2024","1","",57,1688,1677,1681,46488137,22991658,162625,2126,"",1.74,1.19,1.18,1.18,1.13,1.16,1.11,0.95,"",4,7.5,-356,-17.4,-366,-17.9,-357,-17.5,-7832866,-14.4,-4664455,-16.9,-52770,-24.5,79,3.9
"20000","5","32511","57","0","2024","1","N",1,0,0,0,0,0,0,0,"N",0.53,0,0,0,0,0,0,0,"N",0,0.0,0,0,0,0,0,0,0,0,0,0,0,0,0,0
"20000","5","325110","58","0","2024","1","N",1,0,0,0,0,0,0,0,"N",0.53,0,0,0,0,0,0,0,"N",0,0.0,0,0,0,0,0,0,0,0,0,0,0,0,0,0
"20000","5","32512","57","0","2024","1","",8,76,75,73,1939877,1058736,2897,1998,"",1.07,0.38,0.37,0.37,0.25,0.38,0.12,0.67,"",0,0.0,1,1.3,2,2.7,-1,-1.4,17929,0.9,2796,0.3,338,13.2,0,0.0
"20000","5","325120","58","0","2024","1","",8,76,75,73,1939877,1058736,2897,1998,"",1.07,0.38,0.37,0.37,0.25,0.38,0.12,0.67,"",0,0.0,1,1.3,2,2.7,-1,-1.4,17929,0.9,2796,0.3,338,13.2,0,0.0
"20000","5","32513","57","0","2024","1","N",2,0,0,0,0,0,0,0,"N",0.85,0,0,0,0,0,0,0,"N",-1,-33.3,0,0,0,0,0,0,0,0,0,0,0,0,0,0
"20000","5","325130","58","0","2024","1","N",2,0,0,0,0,0,0,0,"N",0.85,0,0,0,0,0,0,0,"N",-1,-33.3,0,0,0,0,0,0,0,0,0,0,0,0,0,0
"20000","5","32518","57","0","2024","1","",12,675,680,685,21617200,9602327,55898,2445,"",1.42,1.75,1.75,1.77,2.03,1.72,1.51,1.16,"",3,33.3,-3,-0.4,-1,-0.1,6,0.9,1922907,9.8,114160,1.2,-2039,-3.5,215,9.6
"20000","5","325180","58","0","2024","1","",12,675,680,685,21617200,9602327,55898,2445,"",1.42,1.75,1.75,1.77,2.03,1.72,1.51,1.16,"",3,33.3,-3,-0.4,-1,-0.1,6,0.9,1922907,9.8,114160,1.2,-2039,-3.5,215,9.6
"20000","5","32519","57","0","2024","1","",34,917,902,903,22314731,12066595,99322,1892,"",2.69,1.80,1.77,1.77,1.83,1.57,1.75,1.03,"",2,6.2,-251,-21.5,-266,-22.8,-258,-22.2,-8056361,-26.5,-3534654,-22.7,-42180,-29.8,-112,-5.6
"20000","5","325193","58","0","2024","1","",13,423,406,411,9656756,5673177,35585,1797,"",6.61,4.39,4.20,4.25,4.51,3.37,3.24,1.05,"",1,8.3,-7,-1.6,-22,-5.1,-14,-3.3,-2454186,-20.3,-52829,-0.9,-3903,-9.9,-381,-17.5
"20000","5","325199","58","0","2024","1","",21,494,496,492,12657975,6393418,63737,1971,"",2.15,1.30,1.30,1.29,1.33,1.14,1.47,1.03,"",1,5.0,-244,-33.1,-244,-33.0,-244,-33.2,-5602175,-30.7,-3481825,-35.3,-38277,-37.5,68,3.6
"20000","5","3252","56","0","2024","1","",7,366,363,364,7000715,4656601,35816,1478,"",0.42,0.42,0.41,0.42,0.34,0.41,0.44,0.82,"",2,40.0,-23,-5.9,-19,-5.0,-23,-5.9,2801,0.0,-208073,-4.3,-11913,-25.0,83,5.9
"20000","5","32521","57","0","2024","1","N",5,0,0,0,0,0,0,0,"N",0.34,0,0,0,0,0,0,0,"N",2,66.7,0,0,0,0,0,0,0,0,0,0,0,0,0,0
"20000","5","325211","58","0","2024","1","N",5,0,0,0,0,0,0,0,"N",0.39,0,0,0,0,0,0,0,"N",2,66.7,0,0,0,0,0,0,0,0,0,0,0,0,0,0
"20000","5","32522","57","0","2024","1","N",2,0,0,0,0,0,0,0,"N",1.03,0,0,0,0,0,0,0,"N",0,0.0,0,0,0,0,0,0,0,0,0,0,0,0,0,0
"20000","5","325220","58","0","2024","1","N",2,0,0,0,0,0,0,0,"N",1.03,0,0,0,0,0,0,0,"N",0,0.0,0,0,0,0,0,0,0,0,0,0,0,0,0,0
"20000","5","3253","56","0","2024","1","",27,437,438,446,13307676,5545919,40498,2325,"",2.13,1.29,1.29,1.30,1.85,1.13,1.18,1.43,"",5,22.7,2,0.5,2,0.5,7,1.6,879533,7.1,183839,3.4,-9621,-19.2,136,6.2
"20000","5","32531","57","0","2024","1","N",19,0,0,0,0,0,0,0,"N",2.19,0,0,0,0,0,0,0,"N",5,35.7,0,0,0,0,0,0,0,0,0,0,0,0,0,0
"20000","5","325311","58","0","2024","1","",8,253,254,257,10076264,3560889,22492,3044,"",2.78,3.15,3.13,3.13,5.12,2.58,1.85,1.63,"",2,33.3,0,0.0,-1,-0.4,1,0.4,705157,7.5,73356,2.1,-5020,-18.2,213,7.5
"20000","5","325312","58","0","2024","1","N",1,0,0,0,0,0,0,0,"N",1.73,0,0,0,0,0,0,0,"N",0,0.0,0,0,0,0,0,0,0,0,0,0,0,0,0,0
"20000","5","325314","58","0","2024","1","",8,71,70,69,1197851,868444,4744,1316,"",1.80,1.09,1.06,1.03,1.25,1.12,0.68,1.18,"N",1,14.3,0,0,0,0,0,0,0,0,0,0,0,0,0,0
"20000","5","325315","58","0","2024","1","N",2,0,0,0,0,0,0,0,"N",2.52,0,0,0,0,0,0,0,"N",2,100.0,0,0,0,0,0,0,0,0,0,0,0,0,0,0
"20000","5","32532","57","0","2024","1","N",8,0,0,0,0,0,0,0,"N",2.00,0,0,0,0,0,0,0,"N",0,0.0,0,0,0,0,0,0,0,0,0,0,0,0,0,0
"20000","5","325320","58","0","2024","1","N",8,0,0,0,0,0,0,0,"N",2.00,0,0,0,0,0,0,0,"N",0,0.0,0,0,0,0,0,0,0,0,0,0,0,0,0,0
"20000","5","3254","56","0","2024","1","",78,4608,4631,4662,112481115,61227623,705674,1867,"",1.26,1.45,1.45,1.45,0.93,1.14,1.50,0.64,"",10,14.7,330,7.7,374,8.8,395,9.3,5193743,4.8,5218086,9.3,-119593,-14.5,-67,-3.5
"20000","5","32541","57","0","2024","1","",78,4608,4631,4662,112481115,61227623,705674,1867,"",1.26,1.45,1.45,1.45,0.93,1.14,1.50,0.64,"",10,14.7,330,7.7,374,8.8,395,9.3,5193743,4.8,5218086,9.3,-119593,-14.5,-67,-3.5
"20000","5","325411","58","0","2024","1","N",7,0,0,0,0,0,0,0,"N",0.58,0,0,0,0,0,0,0,"N",-1,-12.5,0,0,0,0,0,0,0,0,0,0,0,0,0,0
"20000","5","325412","58","0","2024","1","",46,2911,2947,2975,72132066,39609958,446936,1885,"",1.17,1.39,1.40,1.41,0.84,1.13,1.42,0.60,"",9,24.3,138,5.0,181,6.5,205,7.4,547856,0.8,2449021,6.6,-112486,-20.1,-103,-5.2
"20000","5","325413","58","0","2024","1","N",5,0,0,0,0,0,0,0,"N",1.22,0,0,0,0,0,0,0,"N",0,0.0,0,0,0,0,0,0,0,0,0,0,0,0,0,0
"20000","5","325414","58","0","2024","1","",20,1118,1109,1116,29893819,14726665,132609,2064,"",3.08,2.63,2.61,2.62,2.35,2.03,2.61,0.90,"",2,11.1,309,38.2,290,35.4,285,34.3,7308311,32.4,4000975,37.3,21437,19.3,-56,-2.6
"20000","5","3255","56","0","2024","1","",16,60,53,53,1438875,668539,6866,2000,"",0.77,0.10,0.09,0.09,0.13,0.08,0.09,1.38,"",1,6.7,9,17.6,2,3.9,2,3.9,531090,58.5,92713,16.1,1146,20.0,631,46.1
"20000","5","32551","57","0","2024","1","",13,46,39,39,826147,486584,3864,1537,"",0.89,0.12,0.10,0.10,0.11,0.09,0.08,1.06,"N",0,0.0,0,0,0,0,0,0,0,0,0,0,0,0,0,0
"20000","5","325510","58","0","2024","1","",13,46,39,39,826147,486584,3864,1537,"",0.89,0.12,0.10,0.10,0.11,0.09,0.08,1.06,"N",0,0.0,0,0,0,0,0,0,0,0,0,0,0,0,0,0
"20000","5","32552","57","0","2024","1","",3,14,14,14,612728,181955,3002,3367,"",0.49,0.06,0.06,0.06,0.15,0.06,0.11,2.34,"N",1,50.0,0,0,0,0,0,0,0,0,0,0,0,0,0,0
"20000","5","325520","58","0","2024","1","",3,14,14,14,612728,181955,3002,3367,"",0.49,0.06,0.06,0.06,0.15,0.06,0.11,2.34,"N",1,50.0,0,0,0,0,0,0,0,0,0,0,0,0,0,0
"20000","5","3256","56","0","2024","1","",13,482,481,480,8952230,5422139,52883,1432,"",0.40,0.46,0.46,0.46,0.47,0.38,0.37,1.02,"",-2,-13.3,-136,-22.0,-133,-21.7,-129,-21.2,-1866177,-17.3,-1452953,-21.1,-18756,-26.2,76,5.6
"20000","5","32561","57","0","2024","1","N",12,0,0,0,0,0,0,0,"N",0.68,0,0,0,0,0,0,0,"N",-2,-14.3,0,0,0,0,0,0,0,0,0,0,0,0,0,0
"20000","5","325611","58","0","2024","1","N",6,0,0,0,0,0,0,0,"N",0.63,0,0,0,0,0,0,0,"N",-1,-14.3,0,0,0,0,0,0,0,0,0,0,0,0,0,0
"20000","5","325612","58","0","2024","1","",6,252,258,265,3913239,2771763,31773,1165,"",0.86,1.08,1.09,1.12,0.98,0.86,1.05,0.90,"",-1,-14.3,-15,-5.6,-14,-5.1,-6,-2.2,18650,0.5,11995,0.4,-7020,-18.1,55,5.0
"20000","5","325613","58","0","2024","1","-",0,0,0,0,0,0,0,0,"N",0.00,0,0,0,0,0,0,0,"N",0,0,0,0,0,0,0,0,0,0,0,0,0,0,0,0
"20000","5","32562","57","0","2024","1","N",1,0,0,0,0,0,0,0,"N",0.07,0,0,0,0,0,0,0,"N",0,0.0,0,0,0,0,0,0,0,0,0,0,0,0,0,0
"20000","5","325620","58","0","2024","1","N",1,0,0,0,0,0,0,0,"N",0.07,0,0,0,0,0,0,0,"N",0,0.0,0,0,0,0,0,0,0,0,0,0,0,0,0,0
"20000","5","3259","56","0","2024","1","",32,1406,1395,1399,29635436,17088038,122269,1628,"",1.11,1.92,1.90,1.90,2.25,1.76,1.41,1.18,"",-2,-5.9,8,0.6,8,0.6,15,1.1,-17090683,-36.6,576293,3.5,-17059,-12.2,-958,-37.0
"20000","5","32591","57","0","2024","1","N",3,0,0,0,0,0,0,0,"N",0.80,0,0,0,0,0,0,0,"N",-1,-25.0,0,0,0,0,0,0,0,0,0,0,0,0,0,0
"20000","5","325910","58","0","2024","1","N",3,0,0,0,0,0,0,0,"N",0.80,0,0,0,0,0,0,0,"N",-1,-25.0,0,0,0,0,0,0,0,0,0,0,0,0,0,0
"20000","5","32592","57","0","2024","1","N",1,0,0,0,0,0,0,0,"N",1.20,0,0,0,0,0,0,0,"N",-1,-50.0,0,0,0,0,0,0,0,0,0,0,0,0,0,0
"20000","5","325920","58","0","2024","1","N",1,0,0,0,0,0,0,0,"N",1.20,0,0,0,0,0,0,0,"N",-1,-50.0,0,0,0,0,0,0,0,0,0,0,0,0,0,0
"20000","5","32599","57","0","2024","1","",28,893,881,881,19860610,11281757,100403,1726,"",1.16,1.49,1.46,1.46,1.85,1.40,1.38,1.26,"",0,0.0,41,4.8,39,4.6,35,4.1,-16442878,-45.3,671112,6.3,-10216,-9.2,-1572,-47.7
"20000","5","325991","58","0","2024","1","N",1,0,0,0,0,0,0,0,"N",0.26,0,0,0,0,0,0,0,"N",0,0.0,0,0,0,0,0,0,0,0,0,0,0,0,0,0
"20000","5","325992","58","0","2024","1","N",2,0,0,0,0,0,0,0,"N",1.15,0,0,0,0,0,0,0,"N",-1,-33.3,0,0,0,0,0,0,0,0,0,0,0,0,0,0
"20000","5","325998","58","0","2024","1","",25,866,865,867,19586757,11035910,96839,1740,"",1.35,2.23,2.21,2.22,2.61,2.11,2.05,1.17,"",1,4.2,75,9.5,80,10.2,78,9.9,-15894115,-44.8,1085663,10.9,1271,1.3,-1722,-49.7
"20000","5","326","55","0","2024","1","",132,10735,10719,10732,174796483,126736169,1138829,1253,"",1.12,1.62,1.60,1.61,1.88,1.50,1.46,1.17,"",0,0.0,-518,-4.6,-589,-5.2,-430,-3.9,544958,0.3,-2939674,-2.3,-67422,-5.6,61,5.1
"20000","5","3261","56","0","2024","1","",113,7409,7359,7374,113308844,84314723,761018,1181,"",1.13,1.37,1.35,1.35,1.51,1.23,1.17,1.11,"",3,2.7,-635,-7.9,-723,-8.9,-580,-7.3,-4191677,-3.6,-4615976,-5.2,-107526,-12.4,55,4.9
"20000","5","32611","57","0","2024","1","",13,1020,1024,1039,16518476,11799507,110700,1236,"",0.91,1.12,1.11,1.13,1.24,0.98,1.08,1.11,"",1,8.3,-2,-0.2,-2,-0.2,31,3.1,-544382,-3.2,161852,1.4,15150,15.9,-52,-4.0
"20000","5","326111","58","0","2024","1","N",5,0,0,0,0,0,0,0,"N",1.11,0,0,0,0,0,0,0,"N",0,0.0,0,0,0,0,0,0,0,0,0,0,0,0,0,0
"20000","5","326112","58","0","2024","1","N",5,0,0,0,0,0,0,0,"N",0.98,0,0,0,0,0,0,0,"N",1,25.0,0,0,0,0,0,0,0,0,0,0,0,0,0,0
"20000","5","326113","58","0","2024","1","N",3,0,0,0,0,0,0,0,"N",0.65,0,0,0,0,0,0,0,"N",0,0.0,0,0,0,0,0,0,0,0,0,0,0,0,0,0
"20000","5","32612","57","0","2024","1","",16,1106,1133,1136,16486884,12690968,98933,1127,"",1.76,2.23,2.25,2.26,1.91,1.89,1.70,0.85,"",1,6.7,77,7.5,88,8.4,93,8.9,1159633,7.6,703971,5.9,-10468,-9.6,-8,-0.7
"20000","5","326121","58","0","2024","1","",4,57,60,61,712115,592349,9234,923,"",1.07,0.28,0.29,0.30,0.17,0.21,0.34,0.58,"",0,0.0,-5,-8.1,-1,-1.6,1,1.7,7056,1.0,-6963,-1.2,-928,-9.1,34,3.8
"20000","5","326122","58","0","2024","1","",12,1049,1073,1075,15774769,12098619,89699,1139,"",2.25,3.59,3.62,3.62,3.65,3.17,2.87,1.01,"",1,9.1,82,8.5,89,9.0,92,9.4,1152577,7.9,710934,6.2,-9540,-9.6,-11,-1.0
"20000","5","32613","57","0","2024","1","",7,758,764,761,12356072,8178882,77616,1249,"",1.97,4.13,4.11,4.08,4.41,3.46,3.56,1.07,"",0,0.0,17,2.3,15,2.0,12,1.6,1237239,11.1,332773,4.2,-31987,-29.2,103,9.0
"20000","5","326130","58","0","2024","1","",7,758,764,761,12356072,8178882,77616,1249,"",1.97,4.13,4.11,4.08,4.41,3.46,3.56,1.07,"",0,0.0,17,2.3,15,2.0,12,1.6,1237239,11.1,332773,4.2,-31987,-29.2,103,9.0
"20000","5","32614","57","0","2024","1","N",4,0,0,0,0,0,0,0,"N",0.83,0,0,0,0,0,0,0,"N",1,33.3,0,0,0,0,0,0,0,0,0,0,0,0,0,0
"20000","5","326140","58","0","2024","1","N",4,0,0,0,0,0,0,0,"N",0.83,0,0,0,0,0,0,0,"N",1,33.3,0,0,0,0,0,0,0,0,0,0,0,0,0,0
"20000","5","32615","57","0","2024","1","",6,446,450,451,7212822,5226902,46711,1236,"",0.80,1.31,1.31,1.31,1.63,1.29,1.19,1.24,"",-3,-33.3,-204,-31.4,-200,-30.8,-151,-25.1,-3832822,-34.7,-2465991,-32.1,-47076,-50.2,-104,-7.8
"20000","5","326150","58","0","2024","1","",6,446,450,451,7212822,5226902,46711,1236,"",0.80,1.31,1.31,1.31,1.63,1.29,1.19,1.24,"",-3,-33.3,-204,-31.4,-200,-30.8,-151,-25.1,-3832822,-34.7,-2465991,-32.1,-47076,-50.2,-104,-7.8
"20000","5","32616","57","0","2024","1","N",8,0,0,0,0,0,0,0,"N",1.67,0,0,0,0,0,0,0,"N",1,14.3,0,0,0,0,0,0,0,0,0,0,0,0,0,0
"20000","5","326160","58","0","2024","1","N",8,0,0,0,0,0,0,0,"N",1.67,0,0,0,0,0,0,0,"N",1,14.3,0,0,0,0,0,0,0,0,0,0,0,0,0,0
"20000","5","32619","57","0","2024","1","",59,3848,3748,3747,57289631,43784468,385140,1166,"",1.05,1.33,1.29,1.29,1.52,1.21,1.09,1.17,"",2,3.5,-472,-10.9,-585,-13.5,-526,-12.3,-858496,-1.5,-2896524,-6.2,-31068,-7.5,128,12.3
"20000","5","326191","58","0","2024","1","N",4,0,0,0,0,0,0,0,"N",1.31,0,0,0,0,0,0,0,"N",1,33.3,0,0,0,0,0,0,0,0,0,0,0,0,0,0
"20000","5","326199","58","0","2024","1","N",55,0,0,0,0,0,0,0,"N",1.03,0,0,0,0,0,0,0,"N",1,1.9,0,0,0,0,0,0,0,0,0,0,0,0,0,0
"20000","5","3262","56","0","2024","1","",19,3326,3360,3358,61487639,42421446,377811,1413,"",1.08,2.72,2.73,2.75,3.49,2.62,2.90,1.28,"",-3,-13.6,117,3.6,134,4.2,150,4.7,4736635,8.3,1676302,4.1,40104,11.9,55,4.1
"20000","5","32621","57","0","2024","1","N",1,0,0,0,0,0,0,0,"N",0.25,0,0,0,0,0,0,0,"N",-1,-50.0,0,0,0,0,0,0,0,0,0,0,0,0,0,0
"20000","5","326211","58","0","2024","1","N",1,0,0,0,0,0,0,0,"N",0.65,0,0,0,0,0,0,0,"N",-1,-50.0,0,0,0,0,0,0,0,0,0,0,0,0,0,0
"20000","5","32622","57","0","2024","1","",10,1016,1025,1020,14196683,10977702,88042,1070,"",2.57,4.86,4.85,4.83,4.60,4.36,4.00,0.95,"",-2,-16.7,-20,-1.9,6,0.6,14,1.4,971194,7.3,66014,0.6,7311,9.1,73,7.3
"20000","5","326220","58","0","2024","1","",10,1016,1025,1020,14196683,10977702,88042,1070,"",2.57,4.86,4.85,4.83,4.60,4.36,4.00,0.95,"",-2,-16.7,-20,-1.9,6,0.6,14,1.4,971194,7.3,66014,0.6,7311,9.1,73,7.3
"20000","5","32629","57","0","2024","1","N",8,0,0,0,0,0,0,0,"N",0.82,0,0,0,0,0,0,0,"N",0,0.0,0,0,0,0,0,0,0,0,0,0,0,0,0,0
"20000","5","326299","58","0","2024","1","N",8,0,0,0,0,0,0,0,"N",1.39,0,0,0,0,0,0,0,"N",0,0.0,0,0,0,0,0,0,0,0,0,0,0,0,0,0
"20000","5","327","55","0","2024","1","",206,4927,5069,5083,93388010,61762813,865719,1429,"",1.42,1.32,1.34,1.34,1.68,1.26,1.49,1.26,"",-2,-1.0,-87,-1.7,87,1.7,67,1.3,6668744,7.7,993594,1.6,-146396,-14.5,96,7.2
"20000","5","3271","56","0","2024","1","",9,217,222,222,2498922,2277256,20451,872,"",0.74,0.68,0.70,0.70,0.56,0.62,0.46,0.81,"",0,0.0,-2,-0.9,7,3.3,11,5.2,169103,7.3,102253,4.7,740,3.8,38,4.6
"20000","5","32711","57","0","2024","1","N",3,0,0,0,0,0,0,0,"N",0.46,0,0,0,0,0,0,0,"N",0,0.0,0,0,0,0,0,0,0,0,0,0,0,0,0,0
"20000","5","327110","58","0","2024","1","N",3,0,0,0,0,0,0,0,"N",0.46,0,0,0,0,0,0,0,"N",0,0.0,0,0,0,0,0,0,0,0,0,0,0,0,0,0
"20000","5","32712","57","0","2024","1","N",6,0,0,0,0,0,0,0,"N",1.08,0,0,0,0,0,0,0,"N",0,0.0,0,0,0,0,0,0,0,0,0,0,0,0,0,0
"20000","5","327120","58","0","2024","1","N",6,0,0,0,0,0,0,0,"N",1.08,0,0,0,0,0,0,0,"N",0,0.0,0,0,0,0,0,0,0,0,0,0,0,0,0,0
"20000","5","3272","56","0","2024","1","",12,527,522,525,8981305,6342923,49800,1317,"",0.73,0.73,0.72,0.73,0.86,0.64,0.51,1.18,"",0,0.0,-10,-1.9,-17,-3.2,-15,-2.8,112868,1.3,-124831,-1.9,-8254,-14.2,51,4.0
"20000","5","32721","57","0","2024","1","",12,527,522,525,8981305,6342923,49800,1317,"",0.73,0.73,0.72,0.73,0.86,0.64,0.51,1.18,"",0,0.0,-10,-1.9,-17,-3.2,-15,-2.8,112868,1.3,-124831,-1.9,-8254,-14.2,51,4.0
"20000","5","327211","58","0","2024","1","N",2,0,0,0,0,0,0,0,"N",1.31,0,0,0,0,0,0,0,"N",0,0.0,0,0,0,0,0,0,0,0,0,0,0,0,0,0
"20000","5","327212","58","0","2024","1","N",3,0,0,0,0,0,0,0,"N",0.86,0,0,0,0,0,0,0,"N",0,0.0,0,0,0,0,0,0,0,0,0,0,0,0,0,0
"20000","5","327215","58","0","2024","1","",7,127,122,120,1839649,1455376,7981,1150,"",0.69,0.31,0.30,0.29,0.35,0.28,0.16,1.15,"",0,0.0,9,7.6,6,5.2,0,0.0,158103,9.4,83397,6.1,-3415,-30.0,54,4.9
"20000","5","3273","56","0","2024","1","",146,2658,2744,2774,47174110,32701912,410112,1331,"",1.89,1.46,1.49,1.49,1.75,1.38,1.25,1.18,"",-4,-2.7,-49,-1.8,67,2.5,45,1.6,3721214,8.6,798183,2.5,-114723,-21.9,95,7.7
"20000","5","32731","57","0","2024","1","N",5,0,0,0,0,0,0,0,"N",1.38,0,0,0,0,0,0,0,"N",0,0.0,0,0,0,0,0,0,0,0,0,0,0,0,0,0
"20000","5","327310","58","0","2024","1","N",5,0,0,0,0,0,0,0,"N",1.38,0,0,0,0,0,0,0,"N",0,0.0,0,0,0,0,0,0,0,0,0,0,0,0,0,0
"20000","5","32732","57","0","2024","1","",103,1470,1543,1555,23280223,18065481,308020,1176,"",2.18,1.61,1.67,1.64,1.76,1.50,1.53,1.07,"",0,0.0,-24,-1.6,61,4.1,44,2.9,2043829,9.6,744685,4.3,-81372,-20.9,84,7.7
"20000","5","327320","58","0","2024","1","",103,1470,1543,1555,23280223,18065481,308020,1176,"",2.18,1.61,1.67,1.64,1.76,1.50,1.53,1.07,"",0,0.0,-24,-1.6,61,4.1,44,2.9,2043829,9.6,744685,4.3,-81372,-20.9,84,7.7
"20000","5","32733","57","0","2024","1","N",12,0,0,0,0,0,0,0,"N",1.33,0,0,0,0,0,0,0,"N",1,9.1,0,0,0,0,0,0,0,0,0,0,0,0,0,0
"20000","5","327331","58","0","2024","1","N",9,0,0,0,0,0,0,0,"N",1.30,0,0,0,0,0,0,0,"N",1,12.5,0,0,0,0,0,0,0,0,0,0,0,0,0,0
"20000","5","327332","58","0","2024","1","",3,146,145,148,2837012,1883823,21369,1491,"",1.42,1.67,1.64,1.65,2.26,1.69,1.52,1.37,"",0,0.0,-19,-11.5,-26,-15.2,-25,-14.5,-196347,-6.5,-290965,-13.4,-8815,-29.2,116,8.4
"20000","5","32739","57","0","2024","1","",26,567,578,569,8837999,6196643,45459,1190,"",1.52,1.10,1.11,1.09,1.24,0.95,0.65,1.13,"",-5,-16.1,-6,-1.0,25,4.5,-9,-1.6,678239,8.3,52594,0.9,-11345,-20.0,85,7.7
"20000","5","327390","58","0","2024","1","",26,567,578,569,8837999,6196643,45459,1190,"",1.52,1.10,1.11,1.09,1.24,0.95,0.65,1.13,"",-5,-16.1,-6,-1.0,25,4.5,-9,-1.6,678239,8.3,52594,0.9,-11345,-20.0,85,7.7
"20000","5","3274","56","0","2024","1","",6,294,300,312,6297490,4076752,22332,1604,"",1.95,2.00,2.01,2.09,2.21,1.84,1.42,1.09,"",0,0.0,7,2.4,16,5.6,27,9.5,679072,12.1,276035,7.3,309,1.4,89,5.9
"20000","5","32742","57","0","2024","1","",6,294,300,312,6297490,4076752,22332,1604,"",2.67,2.71,2.72,2.83,3.04,2.44,1.87,1.10,"",0,0.0,7,2.4,16,5.6,27,9.5,679072,12.1,276035,7.3,309,1.4,89,5.9
"20000","5","327420","58","0","2024","1","",6,294,300,312,6297490,4076752,22332,1604,"",2.67,2.71,2.72,2.83,3.04,2.44,1.87,1.10,"",0,0.0,7,2.4,16,5.6,27,9.5,679072,12.1,276035,7.3,309,1.4,89,5.9
"20000","5","3279","56","0","2024","1","",33,1231,1281,1250,28436183,16363970,363024,1744,"",0.91,1.67,1.72,1.69,2.64,1.72,3.93,1.56,"",2,6.5,-33,-2.6,14,1.1,-1,-0.1,1986487,7.5,-58046,-0.4,-24468,-6.3,130,8.1
"20000","5","32791","57","0","2024","1","",4,35,36,37,488946,402694,4164,1045,"",1.20,0.39,0.40,0.42,0.36,0.34,0.35,0.89,"",0,0.0,3,9.4,5,16.1,5,15.6,97245,24.8,60130,17.6,-365,-8.1,93,9.8
"20000","5","327910","58","0","2024","1","",4,35,36,37,488946,402694,4164,1045,"",1.20,0.39,0.40,0.42,0.36,0.34,0.35,0.89,"",0,0.0,3,9.4,5,16.1,5,15.6,97245,24.8,60130,17.6,-365,-8.1,93,9.8
"20000","5","32799","57","0","2024","1","",29,1196,1245,1213,27947237,15961276,358860,1765,"",0.88,1.85,1.91,1.86,2.97,1.91,4.46,1.59,"",2,7.4,-36,-2.9,9,0.7,-6,-0.5,1889242,7.3,-118176,-0.7,-24103,-6.3,134,8.2
"20000","5","327991","58","0","2024","1","",25,392,403,401,5313615,4414383,67749,1025,"",1.02,1.24,1.26,1.26,1.47,1.12,1.99,1.17,"",2,8.7,-12,-3.0,2,0.5,1,0.2,498762,10.4,43666,1.0,6425,10.5,103,11.2
"20000","5","327993","58","0","2024","1","",4,804,842,812,22633622,11546893,291111,2125,"",1.61,5.14,5.28,5.14,8.06,6.03,14.86,1.56,"",0,0.0,-24,-2.9,7,0.8,-7,-0.9,1390480,6.5,-161842,-1.4,-30528,-9.5,150,7.6
"20000","5","331","55","0","2024","1","",28,1712,1721,1707,26979085,19720734,288923,1211,"",0.57,0.50,0.50,0.50,0.42,0.43,0.60,0.84,"",-2,-6.7,-6,-0.3,-26,-1.5,-25,-1.4,-6159478,-18.6,39086,0.2,-30115,-9.4,-260,-17.7
"20000","5","3311","56","0","2024","1","",3,91,92,89,1232782,1083760,6589,1046,"",0.36,0.12,0.12,0.11,0.06,0.11,0.05,0.55,"",-1,-25.0,3,3.4,2,2.2,-2,-2.2,166592,15.6,121092,12.6,-745,-10.2,131,14.3
"20000","5","33111","57","0","2024","1","",3,91,92,89,1232782,1083760,6589,1046,"",0.36,0.12,0.12,0.11,0.06,0.11,0.05,0.55,"",-1,-25.0,3,3.4,2,2.2,-2,-2.2,166592,15.6,121092,12.6,-745,-10.2,131,14.3
"20000","5","331110","58","0","2024","1","",3,91,92,89,1232782,1083760,6589,1046,"",0.36,0.12,0.12,0.11,0.06,0.11,0.05,0.55,"",-1,-25.0,3,3.4,2,2.2,-2,-2.2,166592,15.6,121092,12.6,-745,-10.2,131,14.3
"20000","5","3312","56","0","2024","1","N",5,0,0,0,0,0,0,0,"N",0.45,0,0,0,0,0,0,0,"N",0,0.0,0,0,0,0,0,0,0,0,0,0,0,0,0,0
"20000","5","33121","57","0","2024","1","",4,42,49,51,663271,519324,4896,1078,"",0.82,0.17,0.19,0.20,0.15,0.17,0.13,0.80,"N",0,0.0,0,0,0,0,0,0,0,0,0,0,0,0,0,0
"20000","5","331210","58","0","2024","1","",4,42,49,51,663271,519324,4896,1078,"",0.82,0.17,0.19,0.20,0.15,0.17,0.13,0.80,"N",0,0.0,0,0,0,0,0,0,0,0,0,0,0,0,0,0
"20000","5","33122","57","0","2024","1","N",1,0,0,0,0,0,0,0,"N",0.16,0,0,0,0,0,0,0,"N",0,0.0,0,0,0,0,0,0,0,0,0,0,0,0,0,0
"20000","5","331221","58","0","2024","1","N",1,0,0,0,0,0,0,0,"N",0.24,0,0,0,0,0,0,0,"N",0,0.0,0,0,0,0,0,0,0,0,0,0,0,0,0,0
"20000","5","3313","56","0","2024","1","N",3,0,0,0,0,0,0,0,"N",0.46,0,0,0,0,0,0,0,"N",-2,-40.0,0,0,0,0,0,0,0,0,0,0,0,0,0,0
"20000","5","33131","57","0","2024","1","N",3,0,0,0,0,0,0,0,"N",0.46,0,0,0,0,0,0,0,"N",-2,-40.0,0,0,0,0,0,0,0,0,0,0,0,0,0,0
"20000","5","331315","58","0","2024","1","N",2,0,0,0,0,0,0,0,"N",1.34,0,0,0,0,0,0,0,"N",-2,-50.0,0,0,0,0,0,0,0,0,0,0,0,0,0,0
"20000","5","331318","58","0","2024","1","N",1,0,0,0,0,0,0,0,"N",0.34,0,0,0,0,0,0,0,"N",0,0.0,0,0,0,0,0,0,0,0,0,0,0,0,0,0
"20000","5","3314","56","0","2024","1","",5,377,376,378,7414920,4888822,48747,1513,"",0.54,0.66,0.66,0.66,0.69,0.59,0.57,1.05,"",1,25.0,-27,-6.7,-36,-8.7,-29,-7.1,-322223,-4.2,-365537,-7.0,4116,9.2,53,3.6
"20000","5","33142","57","0","2024","1","N",3,0,0,0,0,0,0,0,"N",1.06,0,0,0,0,0,0,0,"N",0,0.0,0,0,0,0,0,0,0,0,0,0,0,0,0,0
"20000","5","331420","58","0","2024","1","N",3,0,0,0,0,0,0,0,"N",1.06,0,0,0,0,0,0,0,"N",0,0.0,0,0,0,0,0,0,0,0,0,0,0,0,0,0
"20000","5","33149","57","0","2024","1","N",2,0,0,0,0,0,0,0,"N",0.40,0,0,0,0,0,0,0,"N",1,100.0,0,0,0,0,0,0,0,0,0,0,0,0,0,0
"20000","5","331491","58","0","2024","1","N",1,0,0,0,0,0,0,0,"N",0.36,0,0,0,0,0,0,0,"N",1,100.0,0,0,0,0,0,0,0,0,0,0,0,0,0,0
"20000","5","331492","58","0","2024","1","N",1,0,0,0,0,0,0,0,"N",0.46,0,0,0,0,0,0,0,"N",0,0.0,0,0,0,0,0,0,0,0,0,0,0,0,0,0
"20000","5","3315","56","0","2024","1","",12,1011,1010,999,15575581,11376184,218027,1190,"",0.87,1.04,1.03,1.03,1.05,0.88,1.59,1.02,"",0,0.0,13,1.3,-2,-0.2,-4,-0.4,-108325,-0.7,252354,2.3,-27881,-11.3,-11,-0.9
"20000","5","33151","57","0","2024","1","",9,997,997,984,15447918,11249288,216242,1197,"",1.49,1.95,1.94,1.92,1.82,1.62,2.78,0.94,"",1,12.5,19,1.9,6,0.6,-1,-0.1,-72350,-0.5,284055,2.6,-28282,-11.6,-15,-1.2
"20000","5","331511","58","0","2024","1","N",6,0,0,0,0,0,0,0,"N",1.97,0,0,0,0,0,0,0,"N",1,20.0,0,0,0,0,0,0,0,0,0,0,0,0,0,0
"20000","5","331513","58","0","2024","1","N",3,0,0,0,0,0,0,0,"N",1.49,0,0,0,0,0,0,0,"N",0,0.0,0,0,0,0,0,0,0,0,0,0,0,0,0,0
"20000","5","33152","57","0","2024","1","",3,14,13,15,127663,126896,1785,701,"",0.39,0.03,0.03,0.03,0.02,0.02,0.03,0.67,"",-1,-25.0,-6,-30.0,-8,-38.1,-3,-16.7,-35975,-22.0,-31701,-20.0,401,29.0,61,9.5
"20000","5","331524","58","0","2024","1","",3,14,13,15,127663,126896,1785,701,"",1.05,0.10,0.09,0.10,0.07,0.07,0.11,0.71,"",-1,-25.0,-6,-30.0,-8,-38.1,-3,-16.7,-35975,-22.0,-31701,-20.0,401,29.0,61,9.5
"20000","5","332","55","0","2024","1","",524,17204,17282,17373,263850578,201515587,1939341,1174,"",1.05,1.30,1.30,1.31,1.38,1.18,1.18,1.06,"",8,1.6,865,5.3,783,4.7,902,5.5,21772593,9.0,14274616,7.6,-228421,-10.5,41,3.6
"20000","5","3321","56","0","2024","1","N",3,0,0,0,0,0,0,0,"N",0.16,0,0,0,0,0,0,0,"N",0,0.0,0,0,0,0,0,0,0,0,0,0,0,0,0,0
"20000","5","33211","57","0","2024","1","N",3,0,0,0,0,0,0,0,"N",0.16,0,0,0,0,0,0,0,"N",0,0.0,0,0,0,0,0,0,0,0,0,0,0,0,0,0
"20000","5","332119","58","0","2024","1","N",3,0,0,0,0,0,0,0,"N",0.29,0,0,0,0,0,0,0,"N",0,0.0,0,0,0,0,0,0,0,0,0,0,0,0,0,0
"20000","5","3322","56","0","2024","1","",14,728,734,732,10368959,7870855,89594,1091,"",1.22,2.31,2.32,2.32,2.13,1.78,2.21,0.92,"",-1,-6.7,139,23.6,146,24.8,147,25.1,2557693,32.7,1697846,27.5,5065,6.0,68,6.6
"20000","5","33221","57","0","2024","1","",14,728,734,732,10368959,7870855,89594,1091,"",1.22,2.31,2.32,2.32,2.13,1.78,2.21,0.92,"",-1,-6.7,139,23.6,146,24.8,147,25.1,2557693,32.7,1697846,27.5,5065,6.0,68,6.6
"20000","5","332215","58","0","2024","1","N",3,0,0,0,0,0,0,0,"N",1.00,0,0,0,0,0,0,0,"N",-1,-25.0,0,0,0,0,0,0,0,0,0,0,0,0,0,0
"20000","5","332216","58","0","2024","1","N",11,0,0,0,0,0,0,0,"N",1.30,0,0,0,0,0,0,0,"N",0,0.0,0,0,0,0,0,0,0,0,0,0,0,0,0,0
"20000","5","3323","56","0","2024","1","",145,6287,6290,6306,98316327,74156455,639370,1202,"",1.05,1.67,1.66,1.66,1.84,1.55,1.36,1.11,"",7,5.1,147,2.4,101,1.6,139,2.3,4188649,4.4,3750806,5.3,-81286,-11.3,28,2.4
"20000","5","33231","57","0","2024","1","",65,2530,2545,2545,43221156,31065668,352959,1309,"",1.08,1.50,1.49,1.49,1.66,1.41,1.75,1.11,"",6,10.2,117,4.8,91,3.7,74,3.0,4353110,11.2,2009452,6.9,-49037,-12.2,87,7.1
"20000","5","332311","58","0","2024","1","",16,647,655,654,10116557,7611005,84832,1194,"",1.31,1.89,1.89,1.89,1.81,1.75,2.19,0.96,"",3,23.1,28,4.5,20,3.1,14,2.2,518715,5.4,270756,3.7,-16872,-16.6,25,2.1
"20000","5","332312","58","0","2024","1","",36,1417,1436,1451,24715927,17995528,234381,1325,"",1.12,1.57,1.58,1.59,1.78,1.50,2.16,1.13,"",2,5.9,63,4.7,61,4.4,69,5.0,4015462,19.4,1641925,10.0,-16218,-6.5,163,14.0
"20000","5","332313","58","0","2024","1","",13,466,454,440,8388672,5459135,33746,1423,"",0.83,1.05,1.01,0.98,1.27,0.96,0.63,1.25,"",1,8.3,26,5.9,10,2.3,-9,-2.0,-181067,-2.1,96771,1.8,-15947,-32.1,-61,-4.1
"20000","5","33232","57","0","2024","1","",80,3757,3745,3761,55095171,43090787,286411,1129,"",1.03,1.81,1.79,1.80,2.01,1.66,1.06,1.12,"",1,1.3,30,0.8,10,0.3,65,1.8,-164461,-0.3,1741354,4.2,-32249,-10.1,-14,-1.2
"20000","5","332321","58","0","2024","1","",19,1774,1775,1784,24481979,20338685,103778,1059,"",1.48,2.86,2.84,2.86,3.02,2.83,1.49,1.06,"",-1,-5.0,8,0.5,29,1.7,76,4.4,1280860,5.5,504453,2.5,-20601,-16.6,33,3.2
"20000","5","332322","58","0","2024","1","",40,1693,1691,1694,26715933,19714686,148660,1214,"",1.07,1.61,1.60,1.60,1.93,1.47,1.03,1.20,"",3,8.1,75,4.6,59,3.6,64,3.9,-696772,-2.5,1821078,10.2,-8370,-5.3,-82,-6.3
"20000","5","332323","58","0","2024","1","",21,290,279,283,3897259,3037416,33973,1056,"",0.77,0.72,0.68,0.69,0.71,0.58,0.61,1.03,"",-1,-4.5,-53,-15.5,-78,-21.8,-75,-20.9,-748549,-16.1,-584177,-16.1,-3278,-8.8,43,4.2
"20000","5","3324","56","0","2024","1","",29,1918,1974,1963,31084962,23627416,202972,1225,"",1.65,2.12,2.16,2.15,2.15,1.91,1.61,1.00,"",2,7.4,88,4.8,128,6.9,77,4.1,2473862,8.6,1464628,6.6,-40666,-16.7,38,3.2
"20000","5","33241","57","0","2024","1","N",2,0,0,0,0,0,0,0,"N",0.58,0,0,0,0,0,0,0,"N",-1,-33.3,0,0,0,0,0,0,0,0,0,0,0,0,0,0
"20000","5","332410","58","0","2024","1","N",2,0,0,0,0,0,0,0,"N",0.58,0,0,0,0,0,0,0,"N",-1,-33.3,0,0,0,0,0,0,0,0,0,0,0,0,0,0
"20000","5","33242","57","0","2024","1","",20,1319,1356,1332,20637467,16114047,128908,1189,"",2.46,3.73,3.80,3.74,3.87,3.43,2.73,1.03,"",1,5.3,130,10.9,140,11.5,95,7.7,1983410,10.6,1408716,9.6,-34951,-21.3,7,0.6
"20000","5","332420","58","0","2024","1","",20,1319,1356,1332,20637467,16114047,128908,1189,"",2.46,3.73,3.80,3.74,3.87,3.43,2.73,1.03,"",1,5.3,130,10.9,140,11.5,95,7.7,1983410,10.6,1408716,9.6,-34951,-21.3,7,0.6
"20000","5","33243","57","0","2024","1","N",7,0,0,0,0,0,0,0,"N",1.17,0,0,0,0,0,0,0,"N",2,40.0,0,0,0,0,0,0,0,0,0,0,0,0,0,0
"20000","5","332439","58","0","2024","1","N",7,0,0,0,0,0,0,0,"N",1.78,0,0,0,0,0,0,0,"N",2,40.0,0,0,0,0,0,0,0,0,0,0,0,0,0,0
"20000","5","3325","56","0","2024","1","N",8,0,0,0,0,0,0,0,"N",1.15,0,0,0,0,0,0,0,"N",1,14.3,0,0,0,0,0,0,0,0,0,0,0,0,0,0
"20000","5","33251","57","0","2024","1","N",8,0,0,0,0,0,0,0,"N",1.15,0,0,0,0,0,0,0,"N",1,14.3,0,0,0,0,0,0,0,0,0,0,0,0,0,0
"20000","5","332510","58","0","2024","1","N",8,0,0,0,0,0,0,0,"N",1.15,0,0,0,0,0,0,0,"N",1,14.3,0,0,0,0,0,0,0,0,0,0,0,0,0,0
"20000","5","3326","56","0","2024","1","",4,97,96,98,1227028,1093683,36636,973,"",0.38,0.27,0.26,0.27,0.26,0.24,0.84,0.99,"",-1,-20.0,-14,-12.6,-13,-11.9,-15,-13.3,-479776,-28.1,-239408,-18.0,-25505,-41.0,-210,-17.8
"20000","5","33261","57","0","2024","1","",4,97,96,98,1227028,1093683,36636,973,"",0.38,0.27,0.26,0.27,0.26,0.24,0.84,0.99,"",-1,-20.0,-14,-12.6,-13,-11.9,-15,-13.3,-479776,-28.1,-239408,-18.0,-25505,-41.0,-210,-17.8
"20000","5","332613","58","0","2024","1","N",1,0,0,0,0,0,0,0,"N",0.31,0,0,0,0,0,0,0,"N",0,0.0,0,0,0,0,0,0,0,0,0,0,0,0,0,0
"20000","5","332618","58","0","2024","1","N",3,0,0,0,0,0,0,0,"N",0.41,0,0,0,0,0,0,0,"N",-1,-25.0,0,0,0,0,0,0,0,0,0,0,0,0,0,0
"20000","5","3327","56","0","2024","1","",180,3168,3179,3186,47748740,37161498,353063,1156,"",1.03,1.03,1.02,1.03,1.17,0.94,0.94,1.14,"",-2,-1.1,95,3.1,89,2.9,116,3.8,4055260,9.3,2370208,6.8,-45724,-11.5,64,5.9
"20000","5","33271","57","0","2024","1","",170,2858,2864,2861,42970104,33513327,326761,1155,"",1.10,1.19,1.19,1.19,1.39,1.09,1.15,1.17,"",0,0.0,110,4.0,91,3.3,109,4.0,3865073,9.9,2383304,7.7,-35058,-9.7,64,5.9
"20000","5","332710","58","0","2024","1","",170,2858,2864,2861,42970104,33513327,326761,1155,"",1.10,1.19,1.19,1.19,1.39,1.09,1.15,1.17,"",0,0.0,110,4.0,91,3.3,109,4.0,3865073,9.9,2383304,7.7,-35058,-9.7,64,5.9
"20000","5","33272","57","0","2024","1","",10,310,315,325,4778636,3648171,26302,1161,"",0.53,0.45,0.45,0.47,0.48,0.42,0.28,1.04,"",-2,-16.7,-15,-4.6,-2,-0.6,7,2.2,190187,4.1,-13096,-0.4,-10666,-28.9,58,5.3
"20000","5","332721","58","0","2024","1","N",3,0,0,0,0,0,0,0,"N",0.24,0,0,0,0,0,0,0,"N",-1,-25.0,0,0,0,0,0,0,0,0,0,0,0,0,0,0
"20000","5","332722","58","0","2024","1","N",7,0,0,0,0,0,0,0,"N",1.09,0,0,0,0,0,0,0,"N",-1,-12.5,0,0,0,0,0,0,0,0,0,0,0,0,0,0
"20000","5","3328","56","0","2024","1","",59,1712,1746,1785,24932118,19426016,128675,1097,"",1.15,1.43,1.45,1.49,1.65,1.35,0.89,1.14,"",0,0.0,105,6.5,112,6.9,164,10.1,3036214,13.9,1441185,8.0,-50897,-28.3,58,5.6
"20000","5","33281","57","0","2024","1","",59,1712,1746,1785,24932118,19426016,128675,1097,"",1.15,1.43,1.45,1.49,1.65,1.35,0.89,1.14,"",0,0.0,105,6.5,112,6.9,164,10.1,3036214,13.9,1441185,8.0,-50897,-28.3,58,5.6
"20000","5","332811","58","0","2024","1","N",3,0,0,0,0,0,0,0,"N",0.53,0,0,0,0,0,0,0,"N",0,0.0,0,0,0,0,0,0,0,0,0,0,0,0,0,0
"20000","5","332812","58","0","2024","1","N",29,0,0,0,0,0,0,0,"N",1.13,0,0,0,0,0,0,0,"N",-1,-3.3,0,0,0,0,0,0,0,0,0,0,0,0,0,0
"20000","5","332813","58","0","2024","1","",27,1047,1069,1105,14140844,11653296,67023,1013,"",1.36,2.16,2.20,2.28,2.49,2.03,1.18,1.12,"",1,3.8,127,13.8,141,15.2,189,20.6,2867660,25.4,1857315,19.0,-28718,-30.0,72,7.7
"20000","5","3329","56","0","2024","1","",82,3006,2974,3015,46096761,35068845,452194,1183,"",1.11,1.17,1.15,1.17,1.08,1.04,1.50,0.93,"",2,2.5,341,12.8,261,9.6,314,11.6,6182468,15.5,3972833,12.8,24572,5.7,43,3.8
"20000","5","33291","57","0","2024","1","",17,820,811,798,11177372,8986892,65530,1062,"",1.06,1.01,0.99,0.97,0.74,0.82,0.68,0.75,"",1,6.2,51,6.6,5,0.6,-10,-1.2,179639,1.6,146921,1.7,-25547,-28.0,-3,-0.3
"20000","5","332911","58","0","2024","1","N",8,0,0,0,0,0,0,0,"N",1.30,0,0,0,0,0,0,0,"N",1,14.3,0,0,0,0,0,0,0,0,0,0,0,0,0,0
"20000","5","332912","58","0","2024","1","",8,186,184,181,2813023,1957631,15133,1178,"",1.65,0.56,0.55,0.54,0.45,0.46,0.39,0.81,"",0,0.0,-2,-1.1,-3,-1.6,-10,-5.2,17369,0.6,-73158,-3.6,-5641,-27.2,38,3.3
"20000","5","332919","58","0","2024","1","N",1,0,0,0,0,0,0,0,"N",0.36,0,0,0,0,0,0,0,"N",0,0.0,0,0,0,0,0,0,0,0,0,0,0,0,0,0
"20000","5","33299","57","0","2024","1","",65,2186,2163,2217,34919389,26081953,386664,1227,"",1.13,1.25,1.23,1.26,1.28,1.14,1.88,1.02,"",1,1.6,290,15.3,256,13.4,324,17.1,6002829,20.8,3825912,17.2,50119,14.9,55,4.7
"20000","5","332991","58","0","2024","1","N",2,0,0,0,0,0,0,0,"N",0.95,0,0,0,0,0,0,0,"N",0,0.0,0,0,0,0,0,0,0,0,0,0,0,0,0,0
"20000","5","332992","58","0","2024","1","",3,25,24,25,192922,184788,1473,602,"",1.72,0.23,0.22,0.23,0.12,0.11,0.16,0.55,"",-1,-25.0,-3,-10.7,2,9.1,3,13.6,-12719,-6.2,-9177,-4.7,-192,-11.5,-57,-8.6
"20000","5","332993","58","0","2024","1","N",1,0,0,0,0,0,0,0,"N",1.36,0,0,0,0,0,0,0,"N",0,0.0,0,0,0,0,0,0,0,0,0,0,0,0,0,0
"20000","5","332994","58","0","2024","1","",8,60,61,61,1041955,674460,13071,1321,"",1.13,0.26,0.26,0.27,0.24,0.19,0.49,0.91,"",0,0.0,7,13.2,6,10.9,5,8.9,189932,22.3,68123,11.2,1227,10.4,122,10.2
"20000","5","332996","58","0","2024","1","",12,934,943,980,17184525,11850201,145690,1388,"",1.53,3.14,3.14,3.29,3.75,3.29,3.29,1.18,"",0,0.0,170,22.3,178,23.3,209,27.1,3918852,29.5,2439142,25.9,39597,37.3,57,4.3
"20000","5","332999","58","0","2024","1","",39,955,929,932,13379602,10907854,109054,1096,"",1.03,1.24,1.19,1.20,1.23,1.10,1.19,1.02,"",2,5.4,57,6.3,12,1.3,42,4.7,741119,5.9,467808,4.5,-35380,-24.5,18,1.7
"20000","5","333","55","0","2024","1","",392,21037,20989,20915,367103077,255155719,3447194,1346,"",1.40,2.06,2.04,2.04,1.93,1.77,2.55,0.94,"",21,5.7,-170,-0.8,-366,-1.7,-387,-1.8,3753563,1.0,216718,0.1,-503259,-12.7,33,2.5
"20000","5","3331","56","0","2024","1","",132,9344,9231,9141,157271165,110825064,1865449,1309,"",3.40,4.68,4.59,4.56,4.17,3.76,6.35,0.90,"",6,4.8,114,1.2,-113,-1.2,-173,-1.9,-2305640,-1.4,-1500551,-1.3,-487907,-20.7,-11,-0.8
"20000","5","33311","57","0","2024","1","",106,7250,7246,7248,118669736,85497278,1098646,1259,"",6.64,9.26,9.22,9.32,10.80,7.28,9.64,1.17,"",7,7.1,49,0.7,0,0.0,40,0.6,1207377,1.0,-91953,-0.1,-307693,-21.9,7,0.6
"20000","5","333111","58","0","2024","1","N",103,0,0,0,0,0,0,0,"N",7.52,0,0,0,0,0,0,0,"N",7,7.3,0,0,0,0,0,0,0,0,0,0,0,0,0,0
"20000","5","333112","58","0","2024","1","N",3,0,0,0,0,0,0,0,"N",1.33,0,0,0,0,0,0,0,"N",0,0.0,0,0,0,0,0,0,0,0,0,0,0,0,0,0
"20000","5","33312","57","0","2024","1","",18,1978,1869,1774,36914050,24099752,744079,1516,"",1.94,2.82,2.65,2.52,2.55,2.17,7.56,0.96,"",-1,-5.3,90,4.8,-80,-4.1,-181,-9.3,-2883465,-7.2,-1209325,-4.8,-175901,-19.1,-70,-4.4
"20000","5","333120","58","0","2024","1","",18,1978,1869,1774,36914050,24099752,744079,1516,"",1.94,2.82,2.65,2.52,2.55,2.17,7.56,0.96,"",-1,-5.3,90,4.8,-80,-4.1,-181,-9.3,-2883465,-7.2,-1209325,-4.8,-175901,-19.1,-70,-4.4
"20000","5","33313","57","0","2024","1","",8,116,116,119,1687379,1228034,22724,1109,"",0.59,0.23,0.22,0.23,0.14,0.19,0.28,0.61,"",0,0.0,-25,-17.7,-33,-22.1,-32,-21.2,-629552,-27.2,-199273,-14.0,-4313,-16.0,-103,-8.5
"20000","5","333131","58","0","2024","1","N",1,0,0,0,0,0,0,0,"N",0.35,0,0,0,0,0,0,0,"N",0,0.0,0,0,0,0,0,0,0,0,0,0,0,0,0,0
"20000","5","333132","58","0","2024","1","N",7,0,0,0,0,0,0,0,"N",0.65,0,0,0,0,0,0,0,"N",0,0.0,0,0,0,0,0,0,0,0,0,0,0,0,0,0
"20000","5","3332","56","0","2024","1","",54,2332,2318,2311,44739206,29435350,245654,1483,"",1.22,1.94,1.91,1.91,1.53,1.68,1.39,0.80,"",4,8.0,76,3.4,58,2.6,30,1.3,2299967,5.4,760527,2.7,-14202,-5.5,42,2.9
"20000","5","33324","57","0","2024","1","",54,2332,2318,2311,44739206,29435350,245654,1483,"",1.22,1.94,1.91,1.91,1.53,1.68,1.39,0.80,"",4,8.0,76,3.4,58,2.6,30,1.3,2299967,5.4,760527,2.7,-14202,-5.5,42,2.9
"20000","5","333241","58","0","2024","1","N",17,0,0,0,0,0,0,0,"N",2.26,0,0,0,0,0,0,0,"N",0,0.0,0,0,0,0,0,0,0,0,0,0,0,0,0,0
"20000","5","333243","58","0","2024","1","N",3,0,0,0,0,0,0,0,"N",0.66,0,0,0,0,0,0,0,"N",1,50.0,0,0,0,0,0,0,0,0,0,0,0,0,0,0
"20000","5","333248","58","0","2024","1","",34,1563,1556,1551,27187997,19569648,178326,1344,"",1.18,2.47,2.44,2.44,2.43,2.25,1.95,0.99,"",3,9.7,72,4.8,58,3.9,38,2.5,-252500,-0.9,580119,3.1,-3994,-2.2,-63,-4.5
"20000","5","3333","56","0","2024","1","",18,912,931,926,16297764,11640623,123153,1358,"",0.70,1.13,1.15,1.14,1.02,0.97,1.11,0.90,"",0,0.0,-27,-2.9,-19,-2.0,-27,-2.8,-1870927,-10.3,2033,0.0,15800,14.7,-117,-7.9
"20000","5","33331","57","0","2024","1","",18,912,931,926,16297764,11640623,123153,1358,"",0.70,1.13,1.15,1.14,1.02,0.97,1.11,0.90,"",0,0.0,-27,-2.9,-19,-2.0,-27,-2.8,-1870927,-10.3,2033,0.0,15800,14.7,-117,-7.9
"20000","5","333310","58","0","2024","1","",18,912,931,926,16297764,11640623,123153,1358,"",0.70,1.13,1.15,1.14,1.02,0.97,1.11,0.90,"",0,0.0,-27,-2.9,-19,-2.0,-27,-2.8,-1870927,-10.3,2033,0.0,15800,14.7,-117,-7.9
"20000","5","3334","56","0","2024","1","",31,2493,2490,2510,42295394,29510041,353500,1303,"",1.28,1.89,1.88,1.89,2.19,1.74,2.31,1.16,"",1,3.3,-345,-12.2,-392,-13.6,-323,-11.4,1425514,3.5,-1988151,-6.3,-39827,-10.1,200,18.1
"20000","5","33341","57","0","2024","1","",31,2493,2490,2510,42295394,29510041,353500,1303,"",1.28,1.89,1.88,1.89,2.19,1.74,2.31,1.16,"",1,3.3,-345,-12.2,-392,-13.6,-323,-11.4,1425514,3.5,-1988151,-6.3,-39827,-10.1,200,18.1
"20000","5","333413","58","0","2024","1","",10,208,203,203,3386004,2489745,39207,1273,"",1.38,0.70,0.68,0.68,0.82,0.64,1.18,1.19,"",-2,-16.7,33,18.9,-17,-7.7,-20,-9.0,82754,2.5,21469,0.9,-4147,-9.6,40,3.2
"20000","5","333414","58","0","2024","1","",6,568,574,581,7855216,6351335,47127,1052,"",1.36,4.02,4.05,4.14,4.04,3.42,2.79,0.99,"",0,0.0,24,4.4,16,2.9,4,0.7,312248,4.1,-39701,-0.6,-8490,-15.3,15,1.4
"20000","5","333415","58","0","2024","1","",15,1717,1713,1726,31054174,20668961,267166,1390,"",1.20,1.95,1.93,1.94,2.34,1.84,2.60,1.20,"",3,25.0,-402,-19.0,-391,-18.6,-307,-15.1,1030512,3.4,-1969919,-8.7,-27190,-9.2,282,25.5
"20000","5","3335","56","0","2024","1","",45,1200,1211,1201,18524949,14197503,116064,1184,"",0.72,0.83,0.83,0.83,0.88,0.74,0.64,1.06,"",2,4.7,-91,-7.0,-81,-6.3,-62,-4.9,-1907169,-9.3,-616117,-4.2,-16229,-12.3,-42,-3.4
"20000","5","33351","57","0","2024","1","",45,1200,1211,1201,18524949,14197503,116064,1184,"",0.72,0.83,0.83,0.83,0.88,0.74,0.64,1.06,"",2,4.7,-91,-7.0,-81,-6.3,-62,-4.9,-1907169,-9.3,-616117,-4.2,-16229,-12.3,-42,-3.4
"20000","5","333511","58","0","2024","1","",10,283,295,293,4226934,3276342,23665,1120,"",0.82,0.96,0.99,0.99,1.05,0.83,0.71,1.07,"",1,11.1,-17,-5.7,-6,-2.0,4,1.4,164154,4.0,8637,0.3,4136,21.2,67,6.4
"20000","5","333514","58","0","2024","1","",8,110,108,108,1739961,1256255,11194,1232,"",0.38,0.23,0.23,0.23,0.26,0.21,0.19,1.14,"",-1,-11.1,-98,-47.1,-99,-47.8,-96,-47.1,-990473,-36.3,-984848,-43.9,-12073,-51.9,214,21.0
"20000","5","333515","58","0","2024","1","N",9,0,0,0,0,0,0,0,"N",0.99,0,0,0,0,0,0,0,"N",2,28.6,0,0,0,0,0,0,0,0,0,0,0,0,0,0
"20000","5","333517","58","0","2024","1","",13,287,287,279,4574319,3240115,43084,1238,"",0.77,0.74,0.74,0.72,0.80,0.63,0.92,1.08,"",0,0.0,1,0.3,5,1.8,3,1.1,-1915263,-29.5,-144278,-4.3,-562,-1.3,-536,-30.2
"20000","5","333519","58","0","2024","1","N",5,0,0,0,0,0,0,0,"N",1.55,0,0,0,0,0,0,0,"N",0,0.0,0,0,0,0,0,0,0,0,0,0,0,0,0,0
"20000","5","3336","56","0","2024","1","",13,478,471,473,9632417,5820544,71279,1563,"",1.05,0.56,0.56,0.56,0.47,0.47,0.66,0.85,"",-2,-13.3,-23,-4.6,-27,-5.4,-22,-4.4,-200783,-2.0,-270047,-4.4,-23069,-24.5,44,2.9
"20000","5","33361","57","0","2024","1","",13,478,471,473,9632417,5820544,71279,1563,"",1.05,0.56,0.56,0.56,0.47,0.47,0.66,0.85,"",-2,-13.3,-23,-4.6,-27,-5.4,-22,-4.4,-200783,-2.0,-270047,-4.4,-23069,-24.5,44,2.9
"20000","5","333611","58","0","2024","1","",5,25,25,25,325570,236025,2615,1002,"",1.27,0.14,0.14,0.14,0.07,0.08,0.11,0.47,"",-1,-16.7,5,25.0,1,4.2,1,4.2,-295,-0.1,11275,5.0,1134,76.6,-104,-9.4
"20000","5","333612","58","0","2024","1","N",3,0,0,0,0,0,0,0,"N",1.26,0,0,0,0,0,0,0,"N",1,50.0,0,0,0,0,0,0,0,0,0,0,0,0,0,0
"20000","5","333613","58","0","2024","1","",3,324,318,321,7260308,4082124,56843,1740,"",1.08,2.63,2.61,2.63,3.88,2.37,3.42,1.48,"",-1,-25.0,-22,-6.4,-18,-5.4,-14,-4.2,-221755,-3.0,-336869,-7.6,-25541,-31.0,42,2.5
"20000","5","333618","58","0","2024","1","N",2,0,0,0,0,0,0,0,"N",0.61,0,0,0,0,0,0,0,"N",-1,-33.3,0,0,0,0,0,0,0,0,0,0,0,0,0,0
"20000","5","3339","56","0","2024","1","",99,4278,4337,4353,78342182,53726594,672095,1394,"",1.35,1.64,1.65,1.66,1.68,1.45,2.04,1.02,"",10,11.2,126,3.0,208,5.0,190,4.6,6312601,8.8,3829024,7.7,62175,10.2,58,4.3
"20000","5","33391","57","0","2024","1","",16,609,604,611,11093548,7200605,79272,1404,"",1.41,1.41,1.39,1.40,1.29,1.17,1.48,0.93,"",3,23.1,-28,-4.4,-22,-3.5,-26,-4.1,903186,8.9,182335,2.6,5215,7.0,166,13.4
"20000","5","333912","58","0","2024","1","N",3,0,0,0,0,0,0,0,"N",0.77,0,0,0,0,0,0,0,"N",3,100.0,0,0,0,0,0,0,0,0,0,0,0,0,0,0
"20000","5","333914","58","0","2024","1","N",13,0,0,0,0,0,0,0,"N",1.74,0,0,0,0,0,0,0,"N",0,0.0,0,0,0,0,0,0,0,0,0,0,0,0,0,0
"20000","5","33392","57","0","2024","1","",38,2338,2413,2424,42119126,30255417,416536,1355,"",1.94,2.65,2.71,2.73,2.84,2.41,3.77,1.05,"",1,2.7,162,7.4,249,11.5,233,10.6,4769920,12.8,3509251,13.1,63860,18.1,35,2.7
"20000","5","333921","58","0","2024","1","N",2,0,0,0,0,0,0,0,"N",0.83,0,0,0,0,0,0,0,"N",0,0.0,0,0,0,0,0,0,0,0,0,0,0,0,0,0
"20000","5","333922","58","0","2024","1","",20,1290,1300,1293,24396808,16593248,106731,1450,"",2.16,3.81,3.80,3.81,4.15,3.53,2.23,1.09,"",0,0.0,2,0.2,12,0.9,-6,-0.5,976384,4.2,233020,1.4,-14711,-12.1,55,3.9
"20000","5","333923","58","0","2024","1","N",5,0,0,0,0,0,0,0,"N",1.26,0,0,0,0,0,0,0,"N",1,25.0,0,0,0,0,0,0,0,0,0,0,0,0,0,0
"20000","5","333924","58","0","2024","1","",11,726,783,802,13438790,9887405,163874,1342,"",2.81,2.45,2.61,2.67,2.88,2.39,5.69,1.12,"",0,0.0,131,22.0,201,34.5,194,31.9,2956372,28.2,2587996,35.5,67862,70.7,-13,-1.0
"20000","5","33399","57","0","2024","1","",45,1331,1320,1318,25129508,16270572,176287,1461,"",1.06,1.03,1.02,1.02,1.08,0.89,1.07,1.06,"",6,15.4,-8,-0.6,-19,-1.4,-17,-1.3,639495,2.6,137438,0.9,-6900,-3.8,53,3.8
"20000","5","333991","58","0","2024","1","N",2,0,0,0,0,0,0,0,"N",0.98,0,0,0,0,0,0,0,"N",-1,-33.3,0,0,0,0,0,0,0,0,0,0,0,0,0,0
"20000","5","333992","58","0","2024","1","",6,18,18,19,334022,204204,3254,1401,"",0.89,0.13,0.13,0.13,0.13,0.11,0.20,1.03,"",2,50.0,0,0.0,0,0.0,1,5.6,-33609,-9.1,-4003,-1.9,119,3.8,-170,-10.8
"20000","5","333993","58","0","2024","1","N",2,0,0,0,0,0,0,0,"N",0.25,0,0,0,0,0,0,0,"N",0,0.0,0,0,0,0,0,0,0,0,0,0,0,0,0,0
"20000","5","333994","58","0","2024","1","",4,45,45,47,1253607,579877,4805,2112,"",1.29,0.51,0.51,0.53,0.79,0.44,0.33,1.53,"",0,0.0,1,2.3,2,4.7,4,9.3,315960,33.7,63933,12.4,-1090,-18.5,448,26.9
"20000","5","333995","58","0","2024","1","",6,221,219,218,2705793,2266384,30471,949,"",1.90,1.50,1.49,1.49,1.26,1.10,1.67,0.85,"",0,0.0,0,0.0,-10,-4.4,-13,-5.6,-244789,-8.3,-23762,-1.0,-1249,-3.9,-51,-5.1
"20000","5","333996","58","0","2024","1","",7,425,431,427,8863218,5329497,55024,1594,"",2.82,2.51,2.53,2.50,2.33,2.13,2.56,0.93,"",1,16.7,-4,-0.9,1,0.2,-6,-1.4,566974,6.8,-6740,-0.1,-15432,-21.9,112,7.6
"20000","5","333998","58","0","2024","1","",18,537,518,521,10672657,6848501,71652,1563,"",1.06,1.23,1.19,1.20,1.51,1.16,1.31,1.25,"",4,28.6,3,0.6,-10,-1.9,1,0.2,36038,0.3,163109,2.4,11175,18.5,11,0.7
"20000","5","334","55","0","2024","1","",172,8118,8118,8106,199152812,103235983,927352,1888,"",0.81,0.86,0.86,0.86,0.65,0.70,0.67,0.76,"",24,16.2,142,1.8,169,2.1,111,1.4,19979437,11.2,3086411,3.1,-39147,-4.1,159,9.2
"20000","5","3341","56","0","2024","1","",15,33,34,33,951895,428522,4753,2197,"",0.76,0.03,0.03,0.03,0.02,0.03,0.03,0.65,"",3,25.0,-12,-26.7,-8,-19.0,-10,-23.3,-37776,-3.8,-126868,-22.8,-1432,-23.2,440,25.0
"20000","5","33411","57","0","2024","1","",15,33,34,33,951895,428522,4753,2197,"",0.76,0.03,0.03,0.03,0.02,0.03,0.03,0.65,"",3,25.0,-12,-26.7,-8,-19.0,-10,-23.3,-37776,-3.8,-126868,-22.8,-1432,-23.2,440,25.0
"20000","5","334111","58","0","2024","1","N",7,0,0,0,0,0,0,0,"N",0.83,0,0,0,0,0,0,0,"N",-1,-12.5,0,0,0,0,0,0,0,0,0,0,0,0,0,0
"20000","5","334112","58","0","2024","1","N",1,0,0,0,0,0,0,0,"N",0.47,0,0,0,0,0,0,0,"N",1,100.0,0,0,0,0,0,0,0,0,0,0,0,0,0,0
"20000","5","334118","58","0","2024","1","",7,14,14,14,367576,161841,2607,2020,"",0.76,0.05,0.05,0.05,0.04,0.03,0.07,0.90,"",3,75.0,-15,-51.7,-13,-48.1,-16,-53.3,-132898,-26.6,-181293,-52.8,-1103,-29.7,677,50.4
"20000","5","3342","56","0","2024","1","N",23,0,0,0,0,0,0,0,"N",0.96,0,0,0,0,0,0,0,"N",5,27.8,0,0,0,0,0,0,0,0,0,0,0,0,0,0
"20000","5","33421","57","0","2024","1","N",3,0,0,0,0,0,0,0,"N",0.79,0,0,0,0,0,0,0,"N",1,50.0,0,0,0,0,0,0,0,0,0,0,0,0,0,0
"20000","5","334210","58","0","2024","1","N",3,0,0,0,0,0,0,0,"N",0.79,0,0,0,0,0,0,0,"N",1,50.0,0,0,0,0,0,0,0,0,0,0,0,0,0,0
"20000","5","33422","57","0","2024","1","N",12,0,0,0,0,0,0,0,"N",0.90,0,0,0,0,0,0,0,"N",3,33.3,0,0,0,0,0,0,0,0,0,0,0,0,0,0
"20000","5","334220","58","0","2024","1","N",12,0,0,0,0,0,0,0,"N",0.90,0,0,0,0,0,0,0,"N",3,33.3,0,0,0,0,0,0,0,0,0,0,0,0,0,0
"20000","5","33429","57","0","2024","1","",8,40,43,42,1225132,570509,8892,2262,"",1.17,0.24,0.25,0.25,0.38,0.25,0.40,1.52,"",1,14.3,-10,-20.0,-5,-10.4,-5,-10.6,-187750,-13.3,-97227,-14.6,-1651,-15.7,13,0.6
"20000","5","334290","58","0","2024","1","",8,40,43,42,1225132,570509,8892,2262,"",1.17,0.24,0.25,0.25,0.38,0.25,0.40,1.52,"",1,14.3,-10,-20.0,-5,-10.4,-5,-10.6,-187750,-13.3,-97227,-14.6,-1651,-15.7,13,0.6
"20000","5","3343","56","0","2024","1","",10,227,209,211,3783345,2705069,23417,1349,"",1.12,1.31,1.20,1.21,0.85,1.16,0.71,0.68,"",1,11.1,13,6.1,-7,-3.2,-11,-5.0,-19336,-0.5,22029,0.8,-2543,-9.8,3,0.2
"20000","5","33431","57","0","2024","1","",10,227,209,211,3783345,2705069,23417,1349,"",1.12,1.31,1.20,1.21,0.85,1.16,0.71,0.68,"",1,11.1,13,6.1,-7,-3.2,-11,-5.0,-19336,-0.5,22029,0.8,-2543,-9.8,3,0.2
"20000","5","334310","58","0","2024","1","",10,227,209,211,3783345,2705069,23417,1349,"",1.12,1.31,1.20,1.21,0.85,1.16,0.71,0.68,"",1,11.1,13,6.1,-7,-3.2,-11,-5.0,-19336,-0.5,22029,0.8,-2543,-9.8,3,0.2
"20000","5","3344","56","0","2024","1","",48,1468,1464,1460,19822020,15034141,155922,1042,"",0.83,0.41,0.40,0.40,0.15,0.26,0.28,0.38,"",1,2.1,-65,-4.2,-50,-3.3,-59,-3.9,-1795517,-8.3,-740634,-4.7,-41138,-20.9,-51,-4.7
"20000","5","33441","57","0","2024","1","",48,1468,1464,1460,19822020,15034141,155922,1042,"",0.83,0.41,0.40,0.40,0.15,0.26,0.28,0.38,"",1,2.1,-65,-4.2,-50,-3.3,-59,-3.9,-1795517,-8.3,-740634,-4.7,-41138,-20.9,-51,-4.7
"20000","5","334412","58","0","2024","1","N",2,0,0,0,0,0,0,0,"N",0.47,0,0,0,0,0,0,0,"N",-1,-33.3,0,0,0,0,0,0,0,0,0,0,0,0,0,0
"20000","5","334413","58","0","2024","1","N",8,0,0,0,0,0,0,0,"N",0.40,0,0,0,0,0,0,0,"N",-1,-11.1,0,0,0,0,0,0,0,0,0,0,0,0,0,0
"20000","5","334416","58","0","2024","1","",4,256,259,257,3660777,2723595,20046,1094,"",1.13,1.62,1.65,1.65,1.62,1.26,1.09,0.99,"",1,33.3,16,6.7,21,8.8,15,6.2,496982,15.7,171862,6.7,-3879,-16.2,80,7.9
"20000","5","334417","58","0","2024","1","",5,79,77,75,1289466,863202,9801,1288,"",1.42,0.38,0.36,0.36,0.31,0.33,0.37,0.86,"",0,0.0,-64,-44.8,-66,-46.2,-68,-47.6,-1480442,-53.4,-893380,-50.9,-17154,-63.6,-202,-13.6
"20000","5","334418","58","0","2024","1","",7,217,223,223,2455259,2013556,32327,855,"",0.68,0.39,0.40,0.40,0.30,0.29,0.43,0.75,"",0,0.0,2,0.9,15,7.2,13,6.2,178619,7.8,121697,6.4,-808,-2.4,25,3.0
"20000","5","334419","58","0","2024","1","",22,695,687,688,8785297,6840834,80228,979,"",1.39,1.18,1.16,1.17,0.83,0.89,0.96,0.71,"",2,10.0,-6,-0.9,-3,-0.4,0,0.0,-825397,-8.6,-15278,-0.2,-13202,-14.1,-88,-8.2
"20000","5","3345","56","0","2024","1","",72,1493,1474,1461,32040361,18611546,153308,1670,"",0.81,0.40,0.39,0.39,0.30,0.31,0.30,0.78,"",13,22.0,34,2.3,18,1.2,-10,-0.7,1086377,3.5,247897,1.3,12258,8.7,41,2.5
"20000","5","33451","57","0","2024","1","",72,1493,1474,1461,32040361,18611546,153308,1670,"",0.81,0.40,0.39,0.39,0.30,0.31,0.30,0.78,"",13,22.0,34,2.3,18,1.2,-10,-0.7,1086377,3.5,247897,1.3,12258,8.7,41,2.5
"20000","5","334510","58","0","2024","1","",12,21,21,20,725534,282338,4765,2700,"",0.66,0.03,0.03,0.03,0.03,0.02,0.05,1.14,"",5,71.4,6,40.0,6,40.0,2,11.1,-264233,-26.7,74595,35.9,1898,66.2,-2058,-43.3
"20000","5","334511","58","0","2024","1","",19,696,692,687,15479917,8800824,87483,1722,"",1.64,0.62,0.61,0.61,0.46,0.49,0.74,0.76,"",2,11.8,18,2.7,11,1.6,-4,-0.6,779702,5.3,94694,1.1,14270,19.5,67,4.0
"20000","5","334512","58","0","2024","1","N",1,0,0,0,0,0,0,0,"N",0.22,0,0,0,0,0,0,0,"N",-1,-50.0,0,0,0,0,0,0,0,0,0,0,0,0,0,0
"20000","5","334513","58","0","2024","1","",14,349,345,343,7338578,4240392,25216,1633,"",0.78,0.67,0.66,0.65,0.73,0.54,0.37,1.11,"",2,16.7,13,3.9,9,2.7,1,0.3,650720,9.7,55179,1.3,-3959,-13.6,111,7.3
"20000","5","334515","58","0","2024","1","N",9,0,0,0,0,0,0,0,"N",0.86,0,0,0,0,0,0,0,"N",2,28.6,0,0,0,0,0,0,0,0,0,0,0,0,0,0
"20000","5","334516","58","0","2024","1","",5,46,39,33,739027,532485,8576,1445,"",0.48,0.11,0.09,0.08,0.07,0.09,0.12,0.71,"",1,25.0,19,70.4,12,44.4,6,22.2,152315,26.0,198891,59.6,3505,69.1,-227,-13.6
"20000","5","334517","58","0","2024","1","N",1,0,0,0,0,0,0,0,"N",0.43,0,0,0,0,0,0,0,"N",0,0.0,0,0,0,0,0,0,0,0,0,0,0,0,0,0
"20000","5","334519","58","0","2024","1","",11,112,111,113,2238355,1332767,10984,1537,"",0.93,0.31,0.31,0.32,0.18,0.27,0.24,0.56,"",2,22.2,14,14.3,14,14.4,12,11.9,370269,19.8,196395,17.3,582,5.6,81,5.6
"20000","5","3346","56","0","2024","1","N",4,0,0,0,0,0,0,0,"N",0.32,0,0,0,0,0,0,0,"N",1,33.3,0,0,0,0,0,0,0,0,0,0,0,0,0,0
"20000","5","33461","57","0","2024","1","N",4,0,0,0,0,0,0,0,"N",0.32,0,0,0,0,0,0,0,"N",1,33.3,0,0,0,0,0,0,0,0,0,0,0,0,0,0
"20000","5","334610","58","0","2024","1","N",4,0,0,0,0,0,0,0,"N",0.32,0,0,0,0,0,0,0,"N",1,33.3,0,0,0,0,0,0,0,0,0,0,0,0,0,0
"20000","5","335","55","0","2024","1","",65,4205,4220,4221,77573749,51834149,593881,1416,"",0.76,1.10,1.10,1.10,1.15,0.98,1.17,1.05,"",5,8.3,704,20.1,700,19.9,696,19.7,19841640,34.4,10367747,25.0,-6986,-1.2,153,12.1
"20000","5","3351","56","0","2024","1","",11,191,192,189,5019329,2274550,72956,2025,"",0.69,0.58,0.58,0.57,0.94,0.54,1.56,1.63,"",-1,-8.3,2,1.1,6,3.2,4,2.2,575246,12.9,136125,6.4,-1052,-1.4,194,10.6
"20000","5","33513","57","0","2024","1","",11,191,192,189,5019329,2274550,72956,2025,"",0.69,0.58,0.58,0.57,0.94,0.54,1.56,1.63,"",-1,-8.3,2,1.1,6,3.2,4,2.2,575246,12.9,136125,6.4,-1052,-1.4,194,10.6
"20000","5","335131","58","0","2024","1","",5,99,97,99,3634646,1189712,56349,2843,"",1.27,1.66,1.63,1.67,4.15,1.64,6.12,2.51,"",-1,-16.7,-9,-8.3,-8,-7.6,-4,-3.9,243883,7.2,-45388,-3.7,-6196,-9.9,367,14.8
"20000","5","335132","58","0","2024","1","N",4,0,0,0,0,0,0,0,"N",0.57,0,0,0,0,0,0,0,"N",0,0.0,0,0,0,0,0,0,0,0,0,0,0,0,0,0
"20000","5","335139","58","0","2024","1","N",2,0,0,0,0,0,0,0,"N",0.41,0,0,0,0,0,0,0,"N",0,0.0,0,0,0,0,0,0,0,0,0,0,0,0,0,0
"20000","5","3352","56","0","2024","1","",6,273,270,270,4286644,3110028,46515,1217,"",1.01,0.48,0.47,0.48,0.49,0.44,0.55,1.03,"",1,20.0,7,2.6,6,2.3,8,3.1,210840,5.2,108374,3.6,2046,4.6,29,2.4
"20000","5","33521","57","0","2024","1","N",4,0,0,0,0,0,0,0,"N",1.20,0,0,0,0,0,0,0,"N",1,33.3,0,0,0,0,0,0,0,0,0,0,0,0,0,0
"20000","5","335210","58","0","2024","1","N",4,0,0,0,0,0,0,0,"N",1.20,0,0,0,0,0,0,0,"N",1,33.3,0,0,0,0,0,0,0,0,0,0,0,0,0,0
"20000","5","33522","57","0","2024","1","N",2,0,0,0,0,0,0,0,"N",0.77,0,0,0,0,0,0,0,"N",0,0.0,0,0,0,0,0,0,0,0,0,0,0,0,0,0
"20000","5","335220","58","0","2024","1","N",2,0,0,0,0,0,0,0,"N",0.77,0,0,0,0,0,0,0,"N",0,0.0,0,0,0,0,0,0,0,0,0,0,0,0,0,0
"20000","5","3353","56","0","2024","1","",22,1919,1928,1955,35867714,24028476,203996,1427,"",0.86,1.37,1.36,1.38,1.41,1.22,1.38,1.03,"",1,4.8,866,82.2,859,80.4,884,82.5,20052267,126.8,11858693,97.4,102484,101.0,284,24.8
"20000","5","33531","57","0","2024","1","",22,1919,1928,1955,35867714,24028476,203996,1427,"",0.86,1.37,1.36,1.38,1.41,1.22,1.38,1.03,"",1,4.8,866,82.2,859,80.4,884,82.5,20052267,126.8,11858693,97.4,102484,101.0,284,24.8
"20000","5","335311","58","0","2024","1","N",4,0,0,0,0,0,0,0,"N",0.78,0,0,0,0,0,0,0,"N",1,33.3,0,0,0,0,0,0,0,0,0,0,0,0,0,0
"20000","5","335312","58","0","2024","1","",5,258,259,262,4414593,3174431,39552,1308,"",0.77,0.78,0.78,0.79,0.80,0.68,1.04,1.03,"",-1,-16.7,41,18.9,44,20.5,48,22.4,759636,20.8,508486,19.1,-3088,-7.2,2,0.2
"20000","5","335313","58","0","2024","1","N",5,0,0,0,0,0,0,0,"N",0.78,0,0,0,0,0,0,0,"N",0,0.0,0,0,0,0,0,0,0,0,0,0,0,0,0,0
"20000","5","335314","58","0","2024","1","",8,377,366,371,5064352,3996905,22501,1049,"",1.05,0.97,0.93,0.95,0.67,0.67,0.51,0.70,"",1,14.3,2,0.5,-13,-3.4,-11,-2.9,-75782,-1.5,-55239,-1.4,-4180,-15.7,5,0.5
"20000","5","3359","56","0","2024","1","",26,1822,1830,1807,32400062,22421095,270414,1370,"",0.68,1.20,1.19,1.18,1.16,1.02,1.18,0.98,"",4,18.2,-171,-8.6,-171,-8.5,-200,-10.0,-996713,-3.0,-1735445,-7.2,-110464,-29.0,86,6.7
"20000","5","33591","57","0","2024","1","",13,1194,1207,1191,18419700,14979483,146820,1183,"",1.85,2.42,2.41,2.35,2.11,1.98,1.65,0.88,"",4,44.4,-22,-1.8,-7,-0.6,-31,-2.5,1316848,7.7,-66375,-0.4,-54783,-27.2,102,9.4
"20000","5","335910","58","0","2024","1","",13,1194,1207,1191,18419700,14979483,146820,1183,"",1.85,2.42,2.41,2.35,2.11,1.98,1.65,0.88,"",4,44.4,-22,-1.8,-7,-0.6,-31,-2.5,1316848,7.7,-66375,-0.4,-54783,-27.2,102,9.4
"20000","5","33592","57","0","2024","1","N",2,0,0,0,0,0,0,0,"N",0.42,0,0,0,0,0,0,0,"N",0,0.0,0,0,0,0,0,0,0,0,0,0,0,0,0,0
"20000","5","335921","58","0","2024","1","N",1,0,0,0,0,0,0,0,"N",0.43,0,0,0,0,0,0,0,"N",0,0.0,0,0,0,0,0,0,0,0,0,0,0,0,0,0
"20000","5","335929","58","0","2024","1","N",1,0,0,0,0,0,0,0,"N",0.40,0,0,0,0,0,0,0,"N",0,0.0,0,0,0,0,0,0,0,0,0,0,0,0,0,0
"20000","5","33593","57","0","2024","1","",4,357,345,337,10335542,4534466,106543,2296,"",0.62,0.96,0.93,0.91,1.48,0.93,2.35,1.59,"",-1,-20.0,-140,-28.2,-159,-31.5,-164,-32.7,-2403825,-18.9,-1651615,-26.7,-44976,-29.7,339,17.3
"20000","5","335931","58","0","2024","1","",4,357,345,337,10335542,4534466,106543,2296,"",0.84,1.35,1.30,1.27,2.03,1.29,3.10,1.56,"N",0,0.0,0,0,0,0,0,0,0,0,0,0,0,0,0,0
"20000","5","33599","57","0","2024","1","N",7,0,0,0,0,0,0,0,"N",0.36,0,0,0,0,0,0,0,"N",1,16.7,0,0,0,0,0,0,0,0,0,0,0,0,0,0
"20000","5","335991","58","0","2024","1","N",1,0,0,0,0,0,0,0,"N",0.45,0,0,0,0,0,0,0,"N",0,0.0,0,0,0,0,0,0,0,0,0,0,0,0,0,0
"20000","5","335999","58","0","2024","1","N",6,0,0,0,0,0,0,0,"N",0.34,0,0,0,0,0,0,0,"N",1,20.0,0,0,0,0,0,0,0,0,0,0,0,0,0,0
"20000","5","336","55","0","2024","1","",245,38531,39142,38683,939005712,514101593,7357905,1862,"",1.60,2.35,2.36,2.34,2.90,2.21,2.85,1.23,"",6,2.5,2183,6.0,2215,6.0,2097,5.7,69475363,8.0,33000285,6.9,-6539213,-47.1,36,2.0
"20000","5","3361","56","0","2024","1","N",8,0,0,0,0,0,0,0,"N",1.08,0,0,0,0,0,0,0,"N",2,33.3,0,0,0,0,0,0,0,0,0,0,0,0,0,0
"20000","5","33611","57","0","2024","1","N",4,0,0,0,0,0,0,0,"N",0.79,0,0,0,0,0,0,0,"N",1,33.3,0,0,0,0,0,0,0,0,0,0,0,0,0,0
"20000","5","336110","58","0","2024","1","N",4,0,0,0,0,0,0,0,"N",0.79,0,0,0,0,0,0,0,"N",1,33.3,0,0,0,0,0,0,0,0,0,0,0,0,0,0
"20000","5","33612","57","0","2024","1","",4,109,108,104,1608805,1311648,2100,1157,"",1.67,0.31,0.30,0.29,0.28,0.26,0.02,0.95,"",1,33.3,14,14.7,9,9.1,5,5.1,110818,7.4,117687,9.9,-6239,-74.8,-23,-1.9
"20000","5","336120","58","0","2024","1","",4,109,108,104,1608805,1311648,2100,1157,"",1.67,0.31,0.30,0.29,0.28,0.26,0.02,0.95,"",1,33.3,14,14.7,9,9.1,5,5.1,110818,7.4,117687,9.9,-6239,-74.8,-23,-1.9
"20000","5","3362","56","0","2024","1","",38,1343,1377,1427,21896910,16923998,102653,1219,"",1.73,0.90,0.91,0.94,1.09,0.93,0.52,1.19,"",4,11.8,78,6.2,78,6.0,141,11.0,3940225,21.9,2225693,15.1,-44859,-30.4,143,13.3
"20000","5","33621","57","0","2024","1","",38,1343,1377,1427,21896910,16923998,102653,1219,"",1.73,0.90,0.91,0.94,1.09,0.93,0.52,1.19,"",4,11.8,78,6.2,78,6.0,141,11.0,3940225,21.9,2225693,15.1,-44859,-30.4,143,13.3
"20000","5","336211","58","0","2024","1","",13,490,501,528,10170731,6980971,39638,1545,"",1.67,0.89,0.90,0.94,1.26,0.98,0.47,1.38,"",3,30.0,35,7.7,13,2.7,40,8.2,2412669,31.1,1048883,17.7,-27505,-41.0,294,23.5
"20000","5","336212","58","0","2024","1","",12,556,578,589,8061553,6672879,32272,1080,"",1.99,1.41,1.46,1.50,1.56,1.38,0.94,1.07,"",-2,-14.3,23,4.3,44,8.2,55,10.3,1048082,14.9,713611,12.0,-20972,-39.4,69,6.8
"20000","5","336214","58","0","2024","1","",13,297,298,310,3664626,3270148,30743,934,"",1.72,0.75,0.74,0.77,0.77,0.70,0.55,1.03,"",3,30.0,20,7.2,21,7.6,46,17.4,479474,15.1,463199,16.5,3618,13.3,35,3.9
"20000","5","3363","56","0","2024","1","",37,2419,2465,2481,35305597,28661802,323074,1106,"",0.70,0.47,0.48,0.48,0.47,0.47,0.38,0.97,"",3,8.8,3,0.1,29,1.2,40,1.6,2005895,6.0,1227385,4.5,-44914,-12.2,52,4.9
"20000","5","33631","57","0","2024","1","",6,210,214,215,3456451,2590666,30313,1248,"",0.79,0.41,0.41,0.42,0.41,0.43,0.39,1.00,"",0,0.0,-13,-5.8,-13,-5.7,-5,-2.3,56909,1.7,-67560,-2.5,-3719,-10.9,77,6.6
"20000","5","336310","58","0","2024","1","",6,210,214,215,3456451,2590666,30313,1248,"",0.79,0.41,0.41,0.42,0.41,0.43,0.39,1.00,"",0,0.0,-13,-5.8,-13,-5.7,-5,-2.3,56909,1.7,-67560,-2.5,-3719,-10.9,77,6.6
"20000","5","33632","57","0","2024","1","N",4,0,0,0,0,0,0,0,"N",0.47,0,0,0,0,0,0,0,"N",-1,-20.0,0,0,0,0,0,0,0,0,0,0,0,0,0,0
"20000","5","336320","58","0","2024","1","N",4,0,0,0,0,0,0,0,"N",0.47,0,0,0,0,0,0,0,"N",-1,-20.0,0,0,0,0,0,0,0,0,0,0,0,0,0,0
"20000","5","33635","57","0","2024","1","N",3,0,0,0,0,0,0,0,"N",0.57,0,0,0,0,0,0,0,"N",0,0.0,0,0,0,0,0,0,0,0,0,0,0,0,0,0
"20000","5","336350","58","0","2024","1","N",3,0,0,0,0,0,0,0,"N",0.57,0,0,0,0,0,0,0,"N",0,0.0,0,0,0,0,0,0,0,0,0,0,0,0,0,0
"20000","5","33636","57","0","2024","1","",8,529,532,534,6796660,5919425,61889,983,"",1.53,0.77,0.76,0.76,0.79,0.75,0.50,1.04,"",1,14.3,16,3.1,18,3.5,17,3.3,148530,2.2,140073,2.4,-13412,-17.8,-11,-1.1
"20000","5","336360","58","0","2024","1","",8,529,532,534,6796660,5919425,61889,983,"",1.53,0.77,0.76,0.76,0.79,0.75,0.50,1.04,"",1,14.3,16,3.1,18,3.5,17,3.3,148530,2.2,140073,2.4,-13412,-17.8,-11,-1.1
"20000","5","33639","57","0","2024","1","",16,1142,1172,1179,16098356,13178399,173522,1064,"",0.97,0.81,0.83,0.83,0.85,0.76,0.80,1.03,"",3,23.1,71,6.6,88,8.1,78,7.1,2324120,16.9,1490168,12.7,-15591,-8.2,88,9.0
"20000","5","336390","58","0","2024","1","",16,1142,1172,1179,16098356,13178399,173522,1064,"",0.97,0.81,0.83,0.83,0.85,0.76,0.80,1.03,"",3,23.1,71,6.6,88,8.1,78,7.1,2324120,16.9,1490168,12.7,-15591,-8.2,88,9.0
"20000","5","3364","56","0","2024","1","",140,31734,32168,31769,784997266,427524420,5062875,1894,"",3.71,6.19,6.19,6.15,5.59,4.52,7.41,0.90,"",-5,-3.4,2318,7.9,2238,7.5,2169,7.3,58045573,8.0,31696518,8.0,-6310251,-55.5,8,0.4
"20000","5","33641","57","0","2024","1","",140,31734,32168,31769,784997266,427524420,5062875,1894,"",3.71,6.19,6.19,6.15,5.59,4.52,7.41,0.90,"",-5,-3.4,2318,7.9,2238,7.5,2169,7.3,58045573,8.0,31696518,8.0,-6310251,-55.5,8,0.4
"20000","5","336411","58","0","2024","1","",21,24594,25019,24588,656433329,339266629,4442802,2042,"",2.03,10.44,10.47,10.38,9.69,6.64,12.36,0.93,"",0,0.0,2039,9.0,1937,8.4,1820,8.0,50323794,8.3,27639702,8.9,-5965105,-57.3,-3,-0.1
"20000","5","336412","58","0","2024","1","N",12,0,0,0,0,0,0,0,"N",1.43,0,0,0,0,0,0,0,"N",-1,-7.7,0,0,0,0,0,0,0,0,0,0,0,0,0,0
"20000","5","336413","58","0","2024","1","",106,6437,6456,6489,109756269,78736160,597170,1307,"",6.86,6.84,6.80,6.82,5.96,5.54,4.48,0.87,"",-4,-3.6,226,3.6,254,4.1,291,4.7,5075625,4.8,3329959,4.4,-316668,-34.7,9,0.7
"20000","5","336414","58","0","2024","1","N",1,0,0,0,0,0,0,0,"N",0.47,0,0,0,0,0,0,0,"N",0,0.0,0,0,0,0,0,0,0,0,0,0,0,0,0,0
"20000","5","3365","56","0","2024","1","",7,96,95,92,1978422,1204130,13690,1613,"",2.23,0.47,0.46,0.45,0.54,0.47,0.31,1.18,"",0,0.0,-13,-11.9,-18,-15.9,-22,-19.3,-124031,-5.9,-150939,-11.1,-2753,-16.7,169,11.7
"20000","5","33651","57","0","2024","1","",7,96,95,92,1978422,1204130,13690,1613,"",2.23,0.47,0.46,0.45,0.54,0.47,0.31,1.18,"",0,0.0,-13,-11.9,-18,-15.9,-22,-19.3,-124031,-5.9,-150939,-11.1,-2753,-16.7,169,11.7
"20000","5","336510","58","0","2024","1","",7,96,95,92,1978422,1204130,13690,1613,"",2.23,0.47,0.46,0.45,0.54,0.47,0.31,1.18,"",0,0.0,-13,-11.9,-18,-15.9,-22,-19.3,-124031,-5.9,-150939,-11.1,-2753,-16.7,169,11.7
"20000","5","3366","56","0","2024","1","N",2,0,0,0,0,0,0,0,"N",0.11,0,0,0,0,0,0,0,"N",-1,-33.3,0,0,0,0,0,0,0,0,0,0,0,0,0,0
"20000","5","33661","57","0","2024","1","N",2,0,0,0,0,0,0,0,"N",0.11,0,0,0,0,0,0,0,"N",-1,-33.3,0,0,0,0,0,0,0,0,0,0,0,0,0,0
"20000","5","336612","58","0","2024","1","N",2,0,0,0,0,0,0,0,"N",0.21,0,0,0,0,0,0,0,"N",-1,-33.3,0,0,0,0,0,0,0,0,0,0,0,0,0,0
"20000","5","3369","56","0","2024","1","",13,107,110,111,3124387,1372793,11590,2198,"",1.07,0.29,0.30,0.30,0.54,0.30,0.17,1.83,"",3,30.0,-8,-7.0,-5,-4.3,-2,-1.8,151942,5.1,-153951,-10.1,72,0.6,198,9.9
"20000","5","33699","57","0","2024","1","",13,107,110,111,3124387,1372793,11590,2198,"",1.07,0.29,0.30,0.30,0.54,0.30,0.17,1.83,"",3,30.0,-8,-7.0,-5,-4.3,-2,-1.8,151942,5.1,-153951,-10.1,72,0.6,198,9.9
"20000","5","336991","58","0","2024","1","",5,20,23,23,299201,228148,3349,1046,"",1.00,0.21,0.24,0.24,0.22,0.20,0.16,0.96,"",1,25.0,0,0.0,1,4.5,3,15.0,22159,8.0,4145,1.9,479,16.7,15,1.5
"20000","5","336999","58","0","2024","1","",8,87,87,88,2825186,1144645,8241,2488,"",1.29,0.44,0.44,0.45,1.01,0.44,0.28,2.28,"",2,33.3,-8,-8.4,-6,-6.5,-5,-5.4,129783,4.8,-158096,-12.1,-407,-4.7,274,12.4
"20000","5","337","55","0","2024","1","",141,2464,2491,2468,31114649,25380082,260745,967,"",0.94,0.77,0.78,0.77,0.83,0.66,0.75,1.08,"",0,0.0,-804,-24.6,-750,-23.1,-760,-23.5,-7716390,-19.9,-6427822,-20.2,-31759,-10.9,47,5.1
"20000","5","3371","56","0","2024","1","",99,1765,1800,1782,20240788,17527165,180820,874,"",0.95,0.87,0.88,0.88,0.94,0.74,0.97,1.07,"",-3,-2.9,-793,-31.0,-732,-28.9,-736,-29.2,-7675109,-27.5,-6275385,-26.4,-14781,-7.6,27,3.2
"20000","5","33711","57","0","2024","1","",74,1576,1603,1586,18096001,15566135,158516,876,"",1.12,1.48,1.50,1.49,1.59,1.24,1.50,1.06,"",-1,-1.3,-730,-31.7,-699,-30.4,-694,-30.4,-7426881,-29.1,-5955953,-27.7,-6363,-3.9,21,2.5
"20000","5","337110","58","0","2024","1","",74,1576,1603,1586,18096001,15566135,158516,876,"",1.12,1.48,1.50,1.49,1.59,1.24,1.50,1.06,"",-1,-1.3,-730,-31.7,-699,-30.4,-694,-30.4,-7426881,-29.1,-5955953,-27.7,-6363,-3.9,21,2.5
"20000","5","33712","57","0","2024","1","",25,189,197,196,2144787,1961030,22304,850,"",0.65,0.20,0.20,0.20,0.21,0.17,0.28,1.05,"",-2,-7.4,-63,-25.0,-33,-14.3,-42,-17.6,-248228,-10.4,-319432,-14.0,-8418,-27.4,83,10.8
"20000","5","337121","58","0","2024","1","N",1,0,0,0,0,0,0,0,"N",0.14,0,0,0,0,0,0,0,"N",0,0.0,0,0,0,0,0,0,0,0,0,0,0,0,0,0
"20000","5","337122","58","0","2024","1","",15,57,62,58,595942,563919,9959,777,"",0.73,0.24,0.26,0.25,0.26,0.22,0.41,1.03,"",-2,-11.8,-68,-54.4,-60,-49.2,-56,-49.1,-543779,-47.7,-555559,-49.6,-10818,-52.1,48,6.6
"20000","5","337126","58","0","2024","1","N",1,0,0,0,0,0,0,0,"N",0.20,0,0,0,0,0,0,0,"N",0,0.0,0,0,0,0,0,0,0,0,0,0,0,0,0,0
"20000","5","337127","58","0","2024","1","",8,88,91,95,995316,873453,11314,838,"",1.32,0.42,0.43,0.45,0.36,0.34,0.49,0.84,"",0,0.0,4,4.8,7,8.3,5,5.6,178938,21.9,115520,15.2,2438,27.5,108,14.8
"20000","5","3372","56","0","2024","1","",34,516,515,517,7999469,5654614,49584,1193,"",0.93,0.57,0.57,0.57,0.63,0.50,0.38,1.11,"",3,9.7,8,1.6,6,1.2,9,1.8,115747,1.5,170813,3.1,-7631,-13.3,0,0.0
"20000","5","33721","57","0","2024","1","",34,516,515,517,7999469,5654614,49584,1193,"",0.93,0.57,0.57,0.57,0.63,0.50,0.38,1.11,"",3,9.7,8,1.6,6,1.2,9,1.8,115747,1.5,170813,3.1,-7631,-13.3,0,0.0
"20000","5","337211","58","0","2024","1","",6,68,67,66,725703,678615,8513,833,"",1.32,0.48,0.48,0.47,0.42,0.40,0.48,0.89,"",1,20.0,13,23.6,12,21.8,10,17.9,139576,23.8,127927,23.2,681,8.7,18,2.2
"20000","5","337212","58","0","2024","1","",12,143,141,140,1712671,1505485,21164,932,"",0.70,0.57,0.56,0.56,0.53,0.47,0.53,0.94,"",1,9.1,-2,-1.4,-6,-4.1,-5,-3.4,-31087,-1.8,-26026,-1.7,-7845,-27.0,11,1.2
"20000","5","337214","58","0","2024","1","",6,70,73,74,1211479,759747,5566,1288,"",1.54,0.41,0.43,0.44,0.37,0.34,0.20,0.88,"",1,20.0,-2,-2.8,1,1.4,3,4.2,-141211,-10.4,-33515,-4.2,-1951,-26.0,-164,-11.3
"20000","5","337215","58","0","2024","1","",10,235,234,237,4349616,2710767,14341,1422,"",0.91,0.68,0.67,0.68,0.97,0.65,0.32,1.42,"",0,0.0,-1,-0.4,-1,-0.4,1,0.4,148469,3.5,102427,3.9,1484,11.5,51,3.7
"20000","5","3379","56","0","2024","1","",8,183,176,169,2874392,2198303,30341,1256,"",0.90,0.70,0.67,0.65,0.92,0.71,1.01,1.38,"",0,0.0,-19,-9.4,-24,-12.0,-33,-16.3,-157028,-5.2,-323250,-12.8,-9347,-23.6,98,8.5
"20000","5","33791","57","0","2024","1","N",7,0,0,0,0,0,0,0,"N",1.44,0,0,0,0,0,0,0,"N",0,0.0,0,0,0,0,0,0,0,0,0,0,0,0,0,0
"20000","5","337910","58","0","2024","1","N",7,0,0,0,0,0,0,0,"N",1.44,0,0,0,0,0,0,0,"N",0,0.0,0,0,0,0,0,0,0,0,0,0,0,0,0,0
"20000","5","33792","57","0","2024","1","N",1,0,0,0,0,0,0,0,"N",0.25,0,0,0,0,0,0,0,"N",0,0.0,0,0,0,0,0,0,0,0,0,0,0,0,0,0
"20000","5","337920","58","0","2024","1","N",1,0,0,0,0,0,0,0,"N",0.25,0,0,0,0,0,0,0,"N",0,0.0,0,0,0,0,0,0,0,0,0,0,0,0,0,0
"20000","5","339","55","0","2024","1","",255,3132,3113,3136,48573965,33527778,378684,1195,"",0.84,0.55,0.55,0.55,0.49,0.45,0.52,0.88,"",14,5.8,15,0.5,-7,-0.2,19,0.6,2873012,6.3,1164507,3.6,50045,15.2,68,6.0
"20000","5","3391","56","0","2024","1","",102,1234,1230,1250,21792728,13834873,189069,1354,"",0.88,0.41,0.41,0.41,0.35,0.33,0.50,0.85,"",12,13.3,32,2.7,33,2.8,65,5.5,1852353,9.3,651908,4.9,84853,81.4,70,5.5
"20000","5","33911","57","0","2024","1","",102,1234,1230,1250,21792728,13834873,189069,1354,"",0.88,0.41,0.41,0.41,0.35,0.33,0.50,0.85,"",12,13.3,32,2.7,33,2.8,65,5.5,1852353,9.3,651908,4.9,84853,81.4,70,5.5
"20000","5","339112","58","0","2024","1","",31,274,269,293,6976600,3624838,97594,1926,"",0.92,0.21,0.21,0.22,0.22,0.19,0.57,1.06,"",9,40.9,-27,-9.0,-30,-10.0,2,0.7,601037,9.4,-57545,-1.6,71504,274.1,275,16.7
"20000","5","339113","58","0","2024","1","",23,387,383,379,6400070,3964589,53983,1285,"",0.79,0.41,0.41,0.40,0.31,0.30,0.44,0.77,"",-1,-4.2,53,15.9,51,15.4,44,13.1,1410977,28.3,687483,21.0,10081,23.0,135,11.7
"20000","5","339114","58","0","2024","1","",7,21,21,20,631535,266261,4972,2351,"",0.97,0.14,0.14,0.13,0.25,0.12,0.21,1.78,"",4,133.3,10,90.9,10,90.9,10,100.0,301912,91.6,132818,99.5,2933,143.8,-26,-1.1
"20000","5","339115","58","0","2024","1","",6,105,103,103,1285573,1040684,1665,954,"",1.14,0.47,0.46,0.46,0.32,0.43,0.07,0.69,"",0,0.0,19,22.1,17,19.8,18,21.2,77123,6.4,157022,17.8,-2906,-63.6,-131,-12.1
"20000","5","339116","58","0","2024","1","",35,447,454,455,6498950,4938501,30855,1106,"",0.86,1.14,1.15,1.15,1.48,1.16,0.77,1.29,"",0,0.0,-23,-4.9,-15,-3.2,-9,-1.9,-538696,-7.7,-267870,-5.1,3241,11.7,-52,-4.5
"20000","5","3399","56","0","2024","1","",153,1898,1883,1886,26781237,19692905,189615,1091,"",0.81,0.72,0.71,0.71,0.72,0.59,0.55,1.01,"",2,1.3,-17,-0.9,-40,-2.1,-46,-2.4,1020659,4.0,512599,2.7,-34808,-15.5,61,5.9
"20000","5","33991","57","0","2024","1","",7,10,10,10,65234,65234,891,502,"",0.38,0.05,0.05,0.05,0.03,0.03,0.03,0.52,"",1,16.7,1,11.1,0,0.0,2,25.0,25354,63.6,25354,63.6,324,57.1,161,47.2
"20000","5","339910","58","0","2024","1","",7,10,10,10,65234,65234,891,502,"",0.38,0.05,0.05,0.05,0.03,0.03,0.03,0.52,"",1,16.7,1,11.1,0,0.0,2,25.0,25354,63.6,25354,63.6,324,57.1,161,47.2
"20000","5","33992","57","0","2024","1","",16,109,108,104,1467815,911304,10981,1055,"",0.84,0.28,0.27,0.26,0.23,0.17,0.19,0.86,"",2,14.3,-6,-5.2,-5,-4.4,-10,-8.8,107833,7.9,-15606,-1.7,858,8.5,137,14.9
"20000","5","339920","58","0","2024","1","",16,109,108,104,1467815,911304,10981,1055,"",0.84,0.28,0.27,0.26,0.23,0.17,0.19,0.86,"",2,14.3,-6,-5.2,-5,-4.4,-10,-8.8,107833,7.9,-15606,-1.7,858,8.5,137,14.9
"20000","5","33993","57","0","2024","1","N",3,0,0,0,0,0,0,0,"N",0.40,0,0,0,0,0,0,0,"N",0,0.0,0,0,0,0,0,0,0,0,0,0,0,0,0,0
"20000","5","339930","58","0","2024","1","N",3,0,0,0,0,0,0,0,"N",0.40,0,0,0,0,0,0,0,"N",0,0.0,0,0,0,0,0,0,0,0,0,0,0,0,0,0
"20000","5","33994","57","0","2024","1","N",3,0,0,0,0,0,0,0,"N",0.73,0,0,0,0,0,0,0,"N",0,0.0,0,0,0,0,0,0,0,0,0,0,0,0,0,0
"20000","5","339940","58","0","2024","1","N",3,0,0,0,0,0,0,0,"N",0.73,0,0,0,0,0,0,0,"N",0,0.0,0,0,0,0,0,0,0,0,0,0,0,0,0,0
"20000","5","33995","57","0","2024","1","",84,879,880,879,13154725,9961049,85748,1151,"",1.35,1.25,1.25,1.25,1.56,1.17,1.14,1.25,"",-1,-1.2,-34,-3.7,-30,-3.3,-29,-3.2,-267923,-2.0,-93191,-0.9,-29515,-25.6,17,1.5
"20000","5","339950","58","0","2024","1","",84,879,880,879,13154725,9961049,85748,1151,"",1.35,1.25,1.25,1.25,1.56,1.17,1.14,1.25,"",-1,-1.2,-34,-3.7,-30,-3.3,-29,-3.2,-267923,-2.0,-93191,-0.9,-29515,-25.6,17,1.5
"20000","5","33999","57","0","2024","1","",40,750,750,745,10753880,7674912,90236,1105,"",0.51,0.64,0.64,0.63,0.64,0.52,0.58,1.01,"",0,0.0,56,8.1,43,6.1,24,3.3,1331440,14.1,763222,11.0,-3176,-3.4,80,7.8
"20000","5","339991","58","0","2024","1","",8,55,54,54,835097,545724,2367,1182,"",1.22,0.21,0.21,0.21,0.21,0.17,0.07,1.04,"",0,0.0,2,3.8,2,3.8,0,0.0,199,0.0,26413,5.1,-1708,-41.9,-30,-2.5
"20000","5","339992","58","0","2024","1","N",4,0,0,0,0,0,0,0,"N",0.66,0,0,0,0,0,0,0,"N",0,0.0,0,0,0,0,0,0,0,0,0,0,0,0,0,0
"20000","5","339993","58","0","2024","1","N",2,0,0,0,0,0,0,0,"N",1.28,0,0,0,0,0,0,0,"N",1,100.0,0,0,0,0,0,0,0,0,0,0,0,0,0,0
"20000","5","339994","58","0","2024","1","",5,276,278,273,4830965,3213341,22966,1348,"",2.92,3.87,3.87,3.80,5.09,3.39,3.51,1.32,"",0,0.0,32,13.1,33,13.5,28,11.4,937178,24.1,420528,15.1,-1664,-6.8,124,10.1
"20000","5","339999","58","0","2024","1","",21,385,387,384,4777085,3636969,63089,954,"",0.34,0.59,0.59,0.58,0.50,0.42,0.68,0.85,"",-1,-4.5,24,6.6,15,4.0,2,0.5,472177,11.0,341844,10.4,265,0.4,63,7.1
"20000","5","42","54","0","2024","1","",7485,58818,58813,58840,1382345902,708478971,7045788,1808,"",1.43,1.06,1.05,1.05,1.16,0.91,0.99,1.10,"",-13,-0.2,349,0.6,319,0.5,197,0.3,37912629,2.8,13403292,1.9,-701651,-9.1,41,2.3
"20000","5","423","55","0","2024","1","",3961,31546,31518,31559,738920712,386103171,4073018,1802,"",1.42,1.01,1.00,1.01,1.10,0.88,1.02,1.10,"",50,1.3,214,0.7,184,0.6,119,0.4,20368846,2.8,7823546,2.1,-301102,-6.9,40,2.3
"20000","5","4231","56","0","2024","1","",301,3741,3768,3734,67434654,42294581,358004,1384,"",1.35,1.09,1.08,1.08,1.21,0.97,0.93,1.12,"",-13,-4.1,92,2.5,81,2.2,64,1.7,9528684,16.5,2054137,5.1,-45761,-11.3,170,14.0
"20000","5","42311","57","0","2024","1","",86,1465,1492,1479,32987225,17607385,170471,1716,"",1.36,1.15,1.16,1.15,1.44,1.05,1.29,1.25,"",-6,-6.5,17,1.2,41,2.8,29,2.0,7548019,29.7,769296,4.6,-26773,-13.6,366,27.1
"20000","5","423110","58","0","2024","1","",86,1465,1492,1479,32987225,17607385,170471,1716,"",1.36,1.15,1.16,1.15,1.44,1.05,1.29,1.25,"",-6,-6.5,17,1.2,41,2.8,29,2.0,7548019,29.7,769296,4.6,-26773,-13.6,366,27.1
"20000","5","42312","57","0","2024","1","",157,1808,1812,1792,28418164,19721147,139864,1212,"",1.28,1.10,1.09,1.08,1.10,0.99,0.70,1.01,"",-7,-4.3,27,1.5,7,0.4,1,0.1,1336123,4.9,795761,4.2,-23741,-14.5,50,4.3
"20000","5","423120","58","0","2024","1","",157,1808,1812,1792,28418164,19721147,139864,1212,"",1.28,1.10,1.09,1.08,1.10,0.99,0.70,1.01,"",-7,-4.3,27,1.5,7,0.4,1,0.1,1336123,4.9,795761,4.2,-23741,-14.5,50,4.3
"20000","5","42313","57","0","2024","1","",21,241,231,230,3381258,2741979,30335,1112,"",1.03,0.76,0.73,0.73,0.76,0.71,0.89,1.04,"",2,10.5,35,17.0,25,12.1,24,11.7,383439,12.8,364705,15.3,4552,17.7,-7,-0.6
"20000","5","423130","58","0","2024","1","",21,241,231,230,3381258,2741979,30335,1112,"",1.03,0.76,0.73,0.73,0.76,0.71,0.89,1.04,"",2,10.5,35,17.0,25,12.1,24,11.7,383439,12.8,364705,15.3,4552,17.7,-7,-0.6
"20000","5","42314","57","0","2024","1","",37,227,233,233,2648007,2224070,17334,882,"",2.12,1.06,1.08,1.09,0.99,0.81,0.84,0.92,"",-2,-5.1,13,6.1,8,3.6,10,4.5,261103,10.9,124375,5.9,201,1.2,50,6.0
"20000","5","423140","58","0","2024","1","",37,227,233,233,2648007,2224070,17334,882,"",2.12,1.06,1.08,1.09,0.99,0.81,0.84,0.92,"",-2,-5.1,13,6.1,8,3.6,10,4.5,261103,10.9,124375,5.9,201,1.2,50,6.0
"20000","5","4232","56","0","2024","1","",88,587,586,577,11369708,6606755,76551,1499,"",0.80,0.57,0.57,0.56,0.65,0.50,0.55,1.14,"",-5,-5.4,-63,-9.7,-30,-4.9,-27,-4.5,-787792,-6.5,-337038,-4.9,-19058,-19.9,-1,-0.1
"20000","5","42321","57","0","2024","1","",36,155,147,147,3362405,1893881,25061,1728,"",0.72,0.34,0.32,0.32,0.41,0.32,0.40,1.25,"",-2,-5.3,1,0.6,-6,-3.9,-4,-2.6,169463,5.3,-55361,-2.8,-3233,-11.4,119,7.4
"20000","5","423210","58","0","2024","1","",36,155,147,147,3362405,1893881,25061,1728,"",0.72,0.34,0.32,0.32,0.41,0.32,0.40,1.25,"",-2,-5.3,1,0.6,-6,-3.9,-4,-2.6,169463,5.3,-55361,-2.8,-3233,-11.4,119,7.4
"20000","5","42322","57","0","2024","1","",52,432,439,430,8007303,4712874,51490,1420,"",0.87,0.76,0.77,0.76,0.86,0.65,0.66,1.12,"",-3,-5.5,-64,-12.9,-24,-5.2,-23,-5.1,-957255,-10.7,-281677,-5.6,-15825,-23.5,-45,-3.1
"20000","5","423220","58","0","2024","1","",52,432,439,430,8007303,4712874,51490,1420,"",0.87,0.76,0.77,0.76,0.86,0.65,0.66,1.12,"",-3,-5.5,-64,-12.9,-24,-5.2,-23,-5.1,-957255,-10.7,-281677,-5.6,-15825,-23.5,-45,-3.1
"20000","5","4233","56","0","2024","1","",275,2514,2513,2531,62377810,30772244,387276,1905,"",1.31,1.05,1.04,1.05,1.39,0.93,1.23,1.33,"",17,6.6,-18,-0.7,10,0.4,-9,-0.4,-4817900,-7.2,126755,0.4,-27952,-6.7,-142,-6.9
"20000","5","42331","57","0","2024","1","",90,914,900,896,21772067,11115961,138718,1854,"",1.14,0.88,0.86,0.85,1.09,0.76,1.15,1.27,"",11,13.9,-19,-2.0,-15,-1.6,-31,-3.3,-732598,-3.3,-38434,-0.3,-4725,-3.3,-17,-0.9
"20000","5","423310","58","0","2024","1","",90,914,900,896,21772067,11115961,138718,1854,"",1.14,0.88,0.86,0.85,1.09,0.76,1.15,1.27,"",11,13.9,-19,-2.0,-15,-1.6,-31,-3.3,-732598,-3.3,-38434,-0.3,-4725,-3.3,-17,-0.9
"20000","5","42332","57","0","2024","1","",67,699,701,716,18015050,8640175,89611,1965,"",1.24,1.16,1.15,1.17,1.80,1.10,1.01,1.55,"",1,1.5,46,7.0,56,8.7,46,6.9,1162762,6.9,792139,10.1,-12776,-12.5,-11,-0.6
"20000","5","423320","58","0","2024","1","",67,699,701,716,18015050,8640175,89611,1965,"",1.24,1.16,1.15,1.17,1.80,1.10,1.01,1.55,"",1,1.5,46,7.0,56,8.7,46,6.9,1162762,6.9,792139,10.1,-12776,-12.5,-11,-0.6
"20000","5","42333","57","0","2024","1","",50,551,566,572,13492988,6767364,97692,1844,"",1.46,1.31,1.35,1.35,1.51,1.18,1.54,1.13,"",5,11.1,-17,-3.0,-1,-0.2,-1,-0.2,-6261763,-31.7,-345647,-4.9,6263,6.9,-825,-30.9
"20000","5","423330","58","0","2024","1","",50,551,566,572,13492988,6767364,97692,1844,"",1.46,1.31,1.35,1.35,1.51,1.18,1.54,1.13,"",5,11.1,-17,-3.0,-1,-0.2,-1,-0.2,-6261763,-31.7,-345647,-4.9,6263,6.9,-825,-30.9
"20000","5","42339","57","0","2024","1","",68,350,346,347,9097705,4248744,61255,2013,"",1.60,1.06,1.05,1.04,1.51,0.88,1.42,1.44,"",0,0.0,-28,-7.4,-30,-8.0,-23,-6.2,1013699,12.5,-281303,-6.2,-16714,-21.4,353,21.3
"20000","5","423390","58","0","2024","1","",68,350,346,347,9097705,4248744,61255,2013,"",1.60,1.06,1.05,1.04,1.51,0.88,1.42,1.44,"",0,0.0,-28,-7.4,-30,-8.0,-23,-6.2,1013699,12.5,-281303,-6.2,-16714,-21.4,353,21.3
"20000","5","4234","56","0","2024","1","",1004,4728,4740,4702,162943045,61890931,720719,2654,"",1.66,0.69,0.69,0.69,0.81,0.58,0.71,1.18,"",41,4.3,-226,-4.6,-234,-4.7,-245,-5.0,5638021,3.6,-1675378,-2.6,-84604,-10.5,214,8.8
"20000","5","42341","57","0","2024","1","",10,94,92,91,1945274,1034188,5567,1621,"",0.95,0.88,0.85,0.84,0.76,0.55,0.29,0.89,"",0,0.0,-9,-8.7,-11,-10.7,-6,-6.2,585529,43.1,-50454,-4.7,-2088,-27.3,585,56.5
"20000","5","423410","58","0","2024","1","",10,94,92,91,1945274,1034188,5567,1621,"",0.95,0.88,0.85,0.84,0.76,0.55,0.29,0.89,"",0,0.0,-9,-8.7,-11,-10.7,-6,-6.2,585529,43.1,-50454,-4.7,-2088,-27.3,585,56.5
"20000","5","42342","57","0","2024","1","",76,637,643,643,12537935,7863328,56073,1505,"",1.55,1.00,1.01,1.01,1.15,0.88,0.65,1.14,"",7,10.1,6,1.0,8,1.3,11,1.7,1012352,8.8,263923,3.5,-35030,-38.5,104,7.4
"20000","5","423420","58","0","2024","1","",76,637,643,643,12537935,7863328,56073,1505,"",1.55,1.00,1.01,1.01,1.15,0.88,0.65,1.14,"",7,10.1,6,1.0,8,1.3,11,1.7,1012352,8.8,263923,3.5,-35030,-38.5,104,7.4
"20000","5","42343","57","0","2024","1","",285,1039,1036,1032,40954217,13346056,209566,3042,"",1.98,0.49,0.49,0.49,0.50,0.39,0.59,1.02,"",1,0.4,-1,-0.1,1,0.1,-2,-0.2,1319287,3.3,-14731,-0.1,-5645,-2.6,100,3.4
"20000","5","423430","58","0","2024","1","",285,1039,1036,1032,40954217,13346056,209566,3042,"",1.98,0.49,0.49,0.49,0.50,0.39,0.59,1.02,"",1,0.4,-1,-0.1,1,0.1,-2,-0.2,1319287,3.3,-14731,-0.1,-5645,-2.6,100,3.4
"20000","5","42344","57","0","2024","1","",63,313,317,320,6937079,4110361,49834,1685,"",1.15,0.58,0.58,0.59,0.75,0.57,0.74,1.29,"",-1,-1.6,-99,-24.0,-89,-21.9,-98,-23.4,-1808046,-20.7,-1211815,-22.8,-8627,-14.8,52,3.2
"20000","5","423440","58","0","2024","1","",63,313,317,320,6937079,4110361,49834,1685,"",1.15,0.58,0.58,0.59,0.75,0.57,0.74,1.29,"",-1,-1.6,-99,-24.0,-89,-21.9,-98,-23.4,-1808046,-20.7,-1211815,-22.8,-8627,-14.8,52,3.2
"20000","5","42345","57","0","2024","1","",499,2194,2185,2148,90080877,29538798,346953,3185,"",1.74,0.76,0.75,0.74,1.06,0.64,0.84,1.42,"",37,8.0,-118,-5.1,-143,-6.1,-154,-6.7,3659116,4.2,-902930,-3.0,-26956,-7.2,312,10.9
"20000","5","423450","58","0","2024","1","",499,2194,2185,2148,90080877,29538798,346953,3185,"",1.74,0.76,0.75,0.74,1.06,0.64,0.84,1.42,"",37,8.0,-118,-5.1,-143,-6.1,-154,-6.7,3659116,4.2,-902930,-3.0,-26956,-7.2,312,10.9
"20000","5","42346","57","0","2024","1","",21,38,36,36,1250136,505477,10715,2623,"",1.09,0.18,0.17,0.17,0.32,0.19,0.39,1.83,"",0,0.0,3,8.6,1,2.9,2,5.9,126437,11.3,43715,9.5,2293,27.2,130,5.2
"20000","5","423460","58","0","2024","1","",21,38,36,36,1250136,505477,10715,2623,"",1.09,0.18,0.17,0.17,0.32,0.19,0.39,1.83,"",0,0.0,3,8.6,1,2.9,2,5.9,126437,11.3,43715,9.5,2293,27.2,130,5.2
"20000","5","42349","57","0","2024","1","",50,413,431,432,9237527,5492723,42011,1671,"",1.27,1.18,1.23,1.24,1.16,1.05,0.91,0.96,"",-3,-5.7,-8,-1.9,-1,-0.2,2,0.5,743346,8.8,196914,3.7,-8551,-16.9,143,9.4
"20000","5","423490","58","0","2024","1","",50,413,431,432,9237527,5492723,42011,1671,"",1.27,1.18,1.23,1.24,1.16,1.05,0.91,0.96,"",-3,-5.7,-8,-1.9,-1,-0.2,2,0.5,743346,8.8,196914,3.7,-8551,-16.9,143,9.4
"20000","5","4235","56","0","2024","1","",97,1451,1440,1454,37684073,18385109,157969,2001,"",1.03,1.18,1.16,1.17,1.54,1.12,1.06,1.31,"",-4,-4.0,59,4.2,24,1.7,56,4.0,1583179,4.4,1970544,12.0,-20634,-11.6,20,1.0
"20000","5","42351","57","0","2024","1","",91,1429,1418,1432,37169320,18073159,154451,2005,"",1.01,1.19,1.17,1.18,1.57,1.12,1.06,1.33,"",-3,-3.2,46,3.3,11,0.8,43,3.1,1325974,3.7,1783782,11.0,-21812,-12.4,26,1.3
"20000","5","423510","58","0","2024","1","",91,1429,1418,1432,37169320,18073159,154451,2005,"",1.01,1.19,1.17,1.18,1.57,1.12,1.06,1.33,"",-3,-3.2,46,3.3,11,0.8,43,3.1,1325974,3.7,1783782,11.0,-21812,-12.4,26,1.3
"20000","5","42352","57","0","2024","1","",6,22,22,22,514753,311950,3518,1800,"",1.50,0.92,0.91,0.91,0.64,0.99,0.97,0.70,"",-1,-14.3,13,144.4,13,144.4,13,144.4,257205,99.9,186762,149.2,1178,50.3,-401,-18.2
"20000","5","423520","58","0","2024","1","",6,22,22,22,514753,311950,3518,1800,"",1.50,0.92,0.91,0.91,0.64,0.99,0.97,0.70,"",-1,-14.3,13,144.4,13,144.4,13,144.4,257205,99.9,186762,149.2,1178,50.3,-401,-18.2
"20000","5","4236","56","0","2024","1","",404,2875,2865,2893,75002164,36176080,418698,2005,"",1.25,0.83,0.82,0.83,0.87,0.71,0.88,1.05,"",-9,-2.2,86,3.1,57,2.0,83,3.0,-579581,-0.8,1366731,3.9,-24619,-5.6,-70,-3.4
"20000","5","42361","57","0","2024","1","",219,1649,1631,1649,41420571,20229650,225757,1939,"",1.39,0.91,0.90,0.90,0.97,0.77,1.01,1.08,"",1,0.5,57,3.6,25,1.6,42,2.6,-2398830,-5.5,443058,2.2,-15525,-6.4,-166,-7.9
"20000","5","423610","58","0","2024","1","",219,1649,1631,1649,41420571,20229650,225757,1939,"",1.39,0.91,0.90,0.90,0.97,0.77,1.01,1.08,"",1,0.5,57,3.6,25,1.6,42,2.6,-2398830,-5.5,443058,2.2,-15525,-6.4,-166,-7.9
"20000","5","42362","57","0","2024","1","",51,552,570,573,13235489,7006194,97943,1802,"",1.30,1.69,1.73,1.74,1.56,1.44,1.73,0.91,"",-2,-3.8,53,10.6,77,15.6,76,15.3,2528559,23.6,1271660,22.2,-153,-0.2,143,8.6
"20000","5","423620","58","0","2024","1","",51,552,570,573,13235489,7006194,97943,1802,"",1.30,1.69,1.73,1.74,1.56,1.44,1.73,0.91,"",-2,-3.8,53,10.6,77,15.6,76,15.3,2528559,23.6,1271660,22.2,-153,-0.2,143,8.6
"20000","5","42369","57","0","2024","1","",134,674,664,671,20346104,8940236,94998,2337,"",1.05,0.51,0.50,0.51,0.58,0.45,0.48,1.15,"",-8,-5.6,-24,-3.4,-45,-6.3,-35,-5.0,-709310,-3.4,-347987,-3.7,-8941,-8.6,37,1.6
"20000","5","423690","58","0","2024","1","",134,674,664,671,20346104,8940236,94998,2337,"",1.05,0.51,0.50,0.51,0.58,0.45,0.48,1.15,"",-8,-5.6,-24,-3.4,-45,-6.3,-35,-5.0,-709310,-3.4,-347987,-3.7,-8941,-8.6,37,1.6
"20000","5","4237","56","0","2024","1","",285,2448,2443,2453,63758007,31478537,347897,2003,"",1.25,0.86,0.85,0.86,1.14,0.80,1.03,1.33,"",-5,-1.7,0,0.0,1,0.0,18,0.7,2152320,3.5,280101,0.9,19376,5.9,62,3.2
"20000","5","42371","57","0","2024","1","",76,472,477,483,9508026,5416391,68309,1532,"",1.12,0.56,0.56,0.57,0.68,0.49,0.69,1.22,"",-4,-5.0,36,8.3,42,9.7,42,9.5,964038,11.3,569008,11.7,15098,28.4,29,1.9
"20000","5","423710","58","0","2024","1","",76,472,477,483,9508026,5416391,68309,1532,"",1.12,0.56,0.56,0.57,0.68,0.49,0.69,1.22,"",-4,-5.0,36,8.3,42,9.7,42,9.5,964038,11.3,569008,11.7,15098,28.4,29,1.9
"20000","5","42372","57","0","2024","1","",102,943,944,939,24080213,12884637,119053,1966,"",1.17,0.86,0.86,0.85,1.12,0.82,0.92,1.31,"",-4,-3.8,-60,-6.0,-58,-5.8,-56,-5.6,-417595,-1.7,-358187,-2.7,2639,2.3,82,4.4
"20000","5","423720","58","0","2024","1","",102,943,944,939,24080213,12884637,119053,1966,"",1.17,0.86,0.86,0.85,1.12,0.82,0.92,1.31,"",-4,-3.8,-60,-6.0,-58,-5.8,-56,-5.6,-417595,-1.7,-358187,-2.7,2639,2.3,82,4.4
"20000","5","42373","57","0","2024","1","",81,868,856,865,26364157,11194119,134982,2350,"",1.36,1.14,1.12,1.13,1.46,1.05,1.47,1.29,"",6,8.0,40,4.8,29,3.5,39,4.7,2374082,9.9,281729,2.6,9576,7.6,119,5.3
"20000","5","423730","58","0","2024","1","",81,868,856,865,26364157,11194119,134982,2350,"",1.36,1.14,1.12,1.13,1.46,1.05,1.47,1.29,"",6,8.0,40,4.8,29,3.5,39,4.7,2374082,9.9,281729,2.6,9576,7.6,119,5.3
"20000","5","42374","57","0","2024","1","",26,165,166,166,3805611,1983390,25553,1767,"",1.84,1.14,1.14,1.14,1.44,1.00,1.49,1.26,"",-3,-10.3,-16,-8.8,-12,-6.7,-7,-4.0,-768205,-16.8,-212449,-9.7,-7937,-23.7,-217,-10.9
"20000","5","423740","58","0","2024","1","",26,165,166,166,3805611,1983390,25553,1767,"",1.84,1.14,1.14,1.14,1.44,1.00,1.49,1.26,"",-3,-10.3,-16,-8.8,-12,-6.7,-7,-4.0,-768205,-16.8,-212449,-9.7,-7937,-23.7,-217,-10.9
"20000","5","4238","56","0","2024","1","",1204,11490,11449,11521,227650086,138792993,1355537,1525,"",1.89,1.62,1.61,1.62,1.65,1.37,1.69,1.02,"",30,2.6,431,3.9,400,3.6,344,3.1,10913186,5.0,5116505,3.8,-84026,-5.8,22,1.5
"20000","5","42381","57","0","2024","1","",77,1300,1298,1290,26807420,15889454,137200,1591,"",1.57,1.33,1.31,1.30,1.32,1.05,1.31,1.00,"",-1,-1.3,34,2.7,46,3.7,29,2.3,702187,2.7,415989,2.7,-10980,-7.4,-3,-0.2
"20000","5","423810","58","0","2024","1","",77,1300,1298,1290,26807420,15889454,137200,1591,"",1.57,1.33,1.31,1.30,1.32,1.05,1.31,1.00,"",-1,-1.3,34,2.7,46,3.7,29,2.3,702187,2.7,415989,2.7,-10980,-7.4,-3,-0.2
"20000","5","42382","57","0","2024","1","",302,3961,3933,3976,70141152,45843442,490467,1364,"",3.88,3.69,3.66,3.68,4.11,3.02,5.35,1.12,"",11,3.8,160,4.2,141,3.7,100,2.6,3328337,5.0,1832757,4.2,-25316,-4.9,20,1.5
"20000","5","423820","58","0","2024","1","",302,3961,3933,3976,70141152,45843442,490467,1364,"",3.88,3.69,3.66,3.68,4.11,3.02,5.35,1.12,"",11,3.8,160,4.2,141,3.7,100,2.6,3328337,5.0,1832757,4.2,-25316,-4.9,20,1.5
"20000","5","42383","57","0","2024","1","",484,4100,4102,4115,89828353,51758672,505480,1683,"",1.60,1.30,1.29,1.30,1.35,1.13,1.32,1.04,"",0,0.0,168,4.3,171,4.4,147,3.7,6718906,8.1,2526708,5.1,-24128,-4.6,62,3.8
"20000","5","423830","58","0","2024","1","",484,4100,4102,4115,89828353,51758672,505480,1683,"",1.60,1.30,1.29,1.30,1.35,1.13,1.32,1.04,"",0,0.0,168,4.3,171,4.4,147,3.7,6718906,8.1,2526708,5.1,-24128,-4.6,62,3.8
"20000","5","42384","57","0","2024","1","",199,1076,1074,1105,23046976,13704476,116271,1634,"",1.79,1.09,1.08,1.11,1.28,0.99,0.95,1.17,"",11,5.9,39,3.8,49,4.8,87,8.5,507419,2.3,266520,2.0,-10111,-8.0,-55,-3.3
"20000","5","423840","58","0","2024","1","",199,1076,1074,1105,23046976,13704476,116271,1634,"",1.79,1.09,1.08,1.11,1.28,0.99,0.95,1.17,"",11,5.9,39,3.8,49,4.8,87,8.5,507419,2.3,266520,2.0,-10111,-8.0,-55,-3.3
"20000","5","42385","57","0","2024","1","",71,432,419,422,6131010,4388298,44609,1111,"",1.28,0.82,0.79,0.80,0.81,0.66,0.78,1.01,"",3,4.4,-61,-12.4,-92,-18.0,-85,-16.8,-1442768,-19.0,-977401,-18.2,-10779,-19.5,-46,-4.0
"20000","5","423850","58","0","2024","1","",71,432,419,422,6131010,4388298,44609,1111,"",1.28,0.82,0.79,0.80,0.81,0.66,0.78,1.01,"",3,4.4,-61,-12.4,-92,-18.0,-85,-16.8,-1442768,-19.0,-977401,-18.2,-10779,-19.5,-46,-4.0
"20000","5","42386","57","0","2024","1","",71,621,623,613,11695175,7208651,61510,1453,"",1.81,1.72,1.70,1.68,1.38,1.49,1.35,0.81,"",6,9.2,91,17.2,85,15.8,66,12.1,1099105,10.4,1051932,17.1,-2712,-4.2,-61,-4.0
"20000","5","423860","58","0","2024","1","",71,621,623,613,11695175,7208651,61510,1453,"",1.81,1.72,1.70,1.68,1.38,1.49,1.35,0.81,"",6,9.2,91,17.2,85,15.8,66,12.1,1099105,10.4,1051932,17.1,-2712,-4.2,-61,-4.0
"20000","5","4239","56","0","2024","1","",303,1712,1714,1694,30701165,19705941,250367,1384,"",0.85,0.59,0.59,0.58,0.68,0.54,0.70,1.15,"",-2,-0.7,-147,-7.9,-125,-6.8,-165,-8.9,-3261271,-9.6,-1078811,-5.2,-13824,-5.2,-26,-1.8
"20000","5","42391","57","0","2024","1","",94,641,628,630,12868713,7897962,123116,1564,"",1.28,1.10,1.07,1.08,1.39,1.06,1.71,1.28,"",9,10.6,-82,-11.3,-96,-13.3,-95,-13.1,-2006026,-13.5,-767487,-8.9,-1882,-1.5,-16,-1.0
"20000","5","423910","58","0","2024","1","",94,641,628,630,12868713,7897962,123116,1564,"",1.28,1.10,1.07,1.08,1.39,1.06,1.71,1.28,"",9,10.6,-82,-11.3,-96,-13.3,-95,-13.1,-2006026,-13.5,-767487,-8.9,-1882,-1.5,-16,-1.0
"20000","5","42392","57","0","2024","1","",17,53,58,58,654302,527882,7026,893,"",0.66,0.24,0.27,0.27,0.16,0.18,0.21,0.60,"",-2,-10.5,-9,-14.5,-1,-1.7,-2,-3.3,-551085,-45.7,-77499,-12.8,219,3.2,-644,-41.9
"20000","5","423920","58","0","2024","1","",17,53,58,58,654302,527882,7026,893,"",0.66,0.24,0.27,0.27,0.16,0.18,0.21,0.60,"",-2,-10.5,-9,-14.5,-1,-1.7,-2,-3.3,-551085,-45.7,-77499,-12.8,219,3.2,-644,-41.9
"20000","5","42393","57","0","2024","1","",82,616,617,614,10209937,6871853,57017,1276,"",1.24,0.67,0.67,0.66,0.81,0.61,0.58,1.22,"",-2,-2.4,-76,-11.0,-69,-10.1,-75,-10.9,-1038411,-9.2,-633836,-8.4,-11463,-16.7,20,1.6
"20000","5","423930","58","0","2024","1","",82,616,617,614,10209937,6871853,57017,1276,"",1.24,0.67,0.67,0.66,0.81,0.61,0.58,1.22,"",-2,-2.4,-76,-11.0,-69,-10.1,-75,-10.9,-1038411,-9.2,-633836,-8.4,-11463,-16.7,20,1.6
"20000","5","42394","57","0","2024","1","",27,54,57,53,824946,504486,6667,1161,"",0.44,0.16,0.17,0.16,0.16,0.13,0.14,1.00,"",-1,-3.6,-2,-3.6,-3,-5.0,-5,-8.6,-22633,-2.7,23557,4.9,1058,18.9,37,3.3
"20000","5","423940","58","0","2024","1","",27,54,57,53,824946,504486,6667,1161,"",0.44,0.16,0.17,0.16,0.16,0.13,0.14,1.00,"",-1,-3.6,-2,-3.6,-3,-5.0,-5,-8.6,-22633,-2.7,23557,4.9,1058,18.9,37,3.3
"20000","5","42399","57","0","2024","1","",83,348,354,339,6143267,3903758,56541,1362,"",0.64,0.41,0.42,0.40,0.43,0.36,0.52,1.05,"",-6,-6.7,22,6.7,44,14.2,12,3.7,356884,6.2,376454,10.7,-1756,-3.0,-25,-1.8
"20000","5","423990","58","0","2024","1","",83,348,354,339,6143267,3903758,56541,1362,"",0.64,0.41,0.42,0.40,0.43,0.36,0.52,1.05,"",-6,-6.7,22,6.7,44,14.2,12,3.7,356884,6.2,376454,10.7,-1756,-3.0,-25,-1.8
"20000","5","424","55","0","2024","1","",2254,22771,22812,22817,502976629,267371942,2212850,1697,"",1.50,1.14,1.13,1.13,1.24,0.98,0.88,1.10,"",-11,-0.5,-216,-0.9,-190,-0.8,-277,-1.2,-5375022,-1.1,638809,0.2,-468162,-17.5,-1,-0.1
"20000","5","4241","56","0","2024","1","",92,826,823,816,17092758,8301116,65767,1600,"",1.16,0.78,0.77,0.77,0.90,0.59,0.49,1.16,"",-1,-1.1,-34,-4.0,-34,-4.0,-30,-3.5,-1856607,-9.8,-490394,-5.6,-27125,-29.2,-106,-6.2
"20000","5","42411","57","0","2024","1","",21,125,124,122,3600480,1706366,12601,2240,"",1.94,1.17,1.17,1.17,1.30,1.03,0.79,1.11,"",1,5.0,-38,-23.3,-31,-20.0,-30,-19.7,-775662,-17.7,-265110,-13.4,-8708,-40.9,91,4.2
"20000","5","424110","58","0","2024","1","",21,125,124,122,3600480,1706366,12601,2240,"",1.94,1.17,1.17,1.17,1.30,1.03,0.79,1.11,"",1,5.0,-38,-23.3,-31,-20.0,-30,-19.7,-775662,-17.7,-265110,-13.4,-8708,-40.9,91,4.2
"20000","5","42412","57","0","2024","1","",36,486,488,484,5807662,3781413,20747,919,"",1.32,1.34,1.33,1.34,1.27,0.98,0.54,0.95,"",-2,-5.3,4,0.8,-1,-0.2,3,0.6,-821655,-12.4,-38238,-1.0,-9152,-30.6,-135,-12.8
"20000","5","424120","58","0","2024","1","",36,486,488,484,5807662,3781413,20747,919,"",1.32,1.34,1.33,1.34,1.27,0.98,0.54,0.95,"",-2,-5.3,4,0.8,-1,-0.2,3,0.6,-821655,-12.4,-38238,-1.0,-9152,-30.6,-135,-12.8
"20000","5","42413","57","0","2024","1","",35,215,211,210,7684616,2813337,32419,2788,"",0.85,0.37,0.36,0.36,0.66,0.33,0.41,1.83,"",0,0.0,0,0.0,-2,-0.9,-3,-1.4,-259290,-3.3,-187046,-6.2,-9265,-22.2,-72,-2.5
"20000","5","424130","58","0","2024","1","",35,215,211,210,7684616,2813337,32419,2788,"",0.85,0.37,0.36,0.36,0.66,0.33,0.41,1.83,"",0,0.0,0,0.0,-2,-0.9,-3,-1.4,-259290,-3.3,-187046,-6.2,-9265,-22.2,-72,-2.5
"20000","5","4242","56","0","2024","1","",294,2024,2027,2069,97772949,27423158,313959,3687,"",1.55,0.86,0.85,0.87,1.01,0.69,0.79,1.18,"",-10,-3.3,-39,-1.9,-54,-2.6,-22,-1.1,2565365,2.7,-538182,-1.9,-64352,-17.0,163,4.6
"20000","5","42421","57","0","2024","1","",294,2024,2027,2069,97772949,27423158,313959,3687,"",1.55,0.86,0.85,0.87,1.01,0.69,0.79,1.18,"",-10,-3.3,-39,-1.9,-54,-2.6,-22,-1.1,2565365,2.7,-538182,-1.9,-64352,-17.0,163,4.6
"20000","5","424210","58","0","2024","1","",294,2024,2027,2069,97772949,27423158,313959,3687,"",1.55,0.86,0.85,0.87,1.01,0.69,0.79,1.18,"",-10,-3.3,-39,-1.9,-54,-2.6,-22,-1.1,2565365,2.7,-538182,-1.9,-64352,-17.0,163,4.6
"20000","5","4243","56","0","2024","1","",89,1175,1156,1148,21914440,13288587,123381,1454,"",0.65,0.90,0.89,0.89,0.99,0.82,0.60,1.12,"",-6,-6.3,-98,-7.7,-104,-8.3,-154,-11.8,-2034578,-8.5,-759797,-5.4,-29801,-19.5,13,0.9
"20000","5","42431","57","0","2024","1","",20,101,105,101,2232503,1058852,20672,1678,"",0.64,0.49,0.51,0.49,0.77,0.42,0.80,1.55,"",4,25.0,8,8.6,11,11.7,-3,-2.9,-334667,-13.0,57816,5.8,1863,9.9,-358,-17.6
"20000","5","424310","58","0","2024","1","",20,101,105,101,2232503,1058852,20672,1678,"",0.64,0.49,0.51,0.49,0.77,0.42,0.80,1.55,"",4,25.0,8,8.6,11,11.7,-3,-2.9,-334667,-13.0,57816,5.8,1863,9.9,-358,-17.6
"20000","5","42434","57","0","2024","1","",18,75,74,72,2151085,985975,8721,2246,"",1.14,0.35,0.35,0.34,0.51,0.34,0.27,1.47,"",0,0.0,-8,-9.6,-9,-10.8,-10,-12.2,-57446,-2.6,-125340,-11.3,291,3.5,191,9.3
"20000","5","424340","58","0","2024","1","",18,75,74,72,2151085,985975,8721,2246,"",1.14,0.35,0.35,0.34,0.51,0.34,0.27,1.47,"",0,0.0,-8,-9.6,-9,-10.8,-10,-12.2,-57446,-2.6,-125340,-11.3,291,3.5,191,9.3
"20000","5","42435","57","0","2024","1","",51,999,977,975,17530852,11243760,93988,1371,"",0.57,1.12,1.10,1.11,1.17,1.04,0.64,1.05,"",-10,-16.4,-98,-8.9,-106,-9.8,-141,-12.6,-1642465,-8.6,-692273,-5.8,-31955,-25.4,29,2.2
"20000","5","424350","58","0","2024","1","",51,999,977,975,17530852,11243760,93988,1371,"",0.57,1.12,1.10,1.11,1.17,1.04,0.64,1.05,"",-10,-16.4,-98,-8.9,-106,-9.8,-141,-12.6,-1642465,-8.6,-692273,-5.8,-31955,-25.4,29,2.2
"20000","5","4244","56","0","2024","1","",386,4695,4643,4569,89113290,56755177,428266,1479,"",0.94,0.63,0.62,0.61,0.74,0.58,0.48,1.20,"",6,1.6,204,4.5,90,2.0,32,0.7,-701194,-0.8,545081,1.0,-19267,-4.3,-47,-3.1
"20000","5","42441","57","0","2024","1","",46,1810,1790,1725,35780790,22617178,146451,1551,"",0.63,0.77,0.75,0.72,0.95,0.70,0.53,1.28,"",3,7.0,-10,-0.5,-82,-4.4,-151,-8.0,124241,0.3,-387346,-1.7,-30465,-17.2,73,4.9
"20000","5","424410","58","0","2024","1","",46,1810,1790,1725,35780790,22617178,146451,1551,"",0.63,0.77,0.75,0.72,0.95,0.70,0.53,1.28,"",3,7.0,-10,-0.5,-82,-4.4,-151,-8.0,124241,0.3,-387346,-1.7,-30465,-17.2,73,4.9
"20000","5","42442","57","0","2024","1","",33,293,286,278,5546763,3472351,47893,1494,"",1.44,0.92,0.89,0.86,0.96,0.84,1.22,1.09,"",2,6.5,74,33.8,65,29.4,73,35.6,1045531,23.2,746213,27.4,18543,63.2,-116,-7.2
"20000","5","424420","58","0","2024","1","",33,293,286,278,5546763,3472351,47893,1494,"",1.44,0.92,0.89,0.86,0.96,0.84,1.22,1.09,"",2,6.5,74,33.8,65,29.4,73,35.6,1045531,23.2,746213,27.4,18543,63.2,-116,-7.2
"20000","5","42443","57","0","2024","1","",26,118,120,118,2008733,1442141,10745,1302,"",1.21,0.38,0.39,0.38,0.38,0.34,0.25,1.01,"",-4,-13.3,-1,-0.8,1,0.8,-2,-1.7,-110263,-5.2,20312,1.4,-2470,-18.7,-64,-4.7
"20000","5","424430","58","0","2024","1","",26,118,120,118,2008733,1442141,10745,1302,"",1.21,0.38,0.39,0.38,0.38,0.34,0.25,1.01,"",-4,-13.3,-1,-0.8,1,0.8,-2,-1.7,-110263,-5.2,20312,1.4,-2470,-18.7,-64,-4.7
"20000","5","42444","57","0","2024","1","",6,7,7,9,322587,82205,882,3237,"",0.98,0.07,0.06,0.08,0.20,0.06,0.07,2.83,"",-1,-14.3,-1,-12.5,-1,-12.5,1,12.5,-177569,-35.5,-8403,-9.3,-448,-33.7,-1572,-32.7
"20000","5","424440","58","0","2024","1","",6,7,7,9,322587,82205,882,3237,"",0.98,0.07,0.06,0.08,0.20,0.06,0.07,2.83,"",-1,-14.3,-1,-12.5,-1,-12.5,1,12.5,-177569,-35.5,-8403,-9.3,-448,-33.7,-1572,-32.7
"20000","5","42445","57","0","2024","1","",38,291,291,289,5348843,3395870,11125,1417,"",1.18,0.50,0.49,0.49,0.55,0.43,0.17,1.12,"",3,8.6,18,6.6,24,9.0,22,8.2,-906,0.0,166978,5.2,-703,-5.9,-113,-7.4
"20000","5","424450","58","0","2024","1","",38,291,291,289,5348843,3395870,11125,1417,"",1.18,0.50,0.49,0.49,0.55,0.43,0.17,1.12,"",3,8.6,18,6.6,24,9.0,22,8.2,-906,0.0,166978,5.2,-703,-5.9,-113,-7.4
"20000","5","42446","57","0","2024","1","",7,21,20,21,760318,258628,1576,2830,"",0.31,0.08,0.08,0.08,0.23,0.09,0.05,2.74,"",1,16.7,13,162.5,12,150.0,10,90.9,136384,21.9,131847,104.0,605,62.3,-2503,-46.9
"20000","5","424460","58","0","2024","1","",7,21,20,21,760318,258628,1576,2830,"",0.31,0.08,0.08,0.08,0.23,0.09,0.05,2.74,"",1,16.7,13,162.5,12,150.0,10,90.9,136384,21.9,131847,104.0,605,62.3,-2503,-46.9
"20000","5","42447","57","0","2024","1","",38,212,206,200,4192598,2319771,27423,1566,"",1.47,0.48,0.46,0.45,0.63,0.42,0.54,1.36,"",0,0.0,25,13.4,8,4.0,2,1.0,37398,0.9,149186,6.9,988,3.7,-79,-4.8
"20000","5","424470","58","0","2024","1","",38,212,206,200,4192598,2319771,27423,1566,"",1.47,0.48,0.46,0.45,0.63,0.42,0.54,1.36,"",0,0.0,25,13.4,8,4.0,2,1.0,37398,0.9,149186,6.9,988,3.7,-79,-4.8
"20000","5","42448","57","0","2024","1","",19,254,252,249,3980368,2876953,9333,1217,"",0.43,0.29,0.29,0.28,0.34,0.28,0.09,1.20,"",2,11.8,-64,-20.1,-62,-19.7,-56,-18.4,-912350,-18.6,-638126,-18.2,-210,-2.2,12,1.0
"20000","5","424480","58","0","2024","1","",19,254,252,249,3980368,2876953,9333,1217,"",0.43,0.29,0.29,0.28,0.34,0.28,0.09,1.20,"",2,11.8,-64,-20.1,-62,-19.7,-56,-18.4,-912350,-18.6,-638126,-18.2,-210,-2.2,12,1.0
"20000","5","42449","57","0","2024","1","",173,1689,1671,1680,31172290,20290080,172838,1427,"",1.08,0.76,0.75,0.75,0.81,0.68,0.62,1.07,"",0,0.0,150,9.7,125,8.1,133,8.6,-843660,-2.6,364420,1.8,-5107,-2.9,-168,-10.5
"20000","5","424490","58","0","2024","1","",173,1689,1671,1680,31172290,20290080,172838,1427,"",1.08,0.76,0.75,0.75,0.81,0.68,0.62,1.07,"",0,0.0,150,9.7,125,8.1,133,8.6,-843660,-2.6,364420,1.8,-5107,-2.9,-168,-10.5
"20000","5","4245","56","0","2024","1","",409,5092,5150,5174,82962222,52018208,341807,1242,"",6.92,7.91,7.88,7.91,10.41,6.46,6.20,1.32,"",-13,-3.1,-171,-3.2,-48,-0.9,22,0.4,951034,1.2,1052252,2.1,-60319,-15.0,30,2.5
"20000","5","42451","57","0","2024","1","",346,3425,3392,3398,57763829,37044415,235158,1305,"",10.59,9.72,9.57,9.52,10.89,6.90,7.69,1.13,"",-10,-2.8,-15,-0.4,-20,-0.6,-20,-0.6,-222819,-0.4,631991,1.7,-44500,-15.9,2,0.2
"20000","5","424510","58","0","2024","1","",346,3425,3392,3398,57763829,37044415,235158,1305,"",10.59,9.72,9.57,9.52,10.89,6.90,7.69,1.13,"",-10,-2.8,-15,-0.4,-20,-0.6,-20,-0.6,-222819,-0.4,631991,1.7,-44500,-15.9,2,0.2
"20000","5","42452","57","0","2024","1","",49,1569,1660,1679,23580517,13840160,82683,1109,"",4.77,11.05,11.19,11.44,27.97,13.95,20.90,2.49,"",-6,-10.9,-153,-8.9,-23,-1.4,44,2.7,1077305,4.8,412723,3.1,-19112,-18.8,79,7.7
"20000","5","424520","58","0","2024","1","",49,1569,1660,1679,23580517,13840160,82683,1109,"",4.77,11.05,11.19,11.44,27.97,13.95,20.90,2.49,"",-6,-10.9,-153,-8.9,-23,-1.4,44,2.7,1077305,4.8,412723,3.1,-19112,-18.8,79,7.7
"20000","5","42459","57","0","2024","1","",14,98,98,97,1617876,1133633,23966,1274,"",0.87,0.66,0.65,0.64,0.89,0.67,1.16,1.36,"",3,27.3,-3,-3.0,-5,-4.9,-2,-2.0,96548,6.3,7538,0.7,3293,15.9,115,9.9
"20000","5","424590","58","0","2024","1","",14,98,98,97,1617876,1133633,23966,1274,"",0.87,0.66,0.65,0.64,0.89,0.67,1.16,1.36,"",3,27.3,-3,-3.0,-5,-4.9,-2,-2.0,96548,6.3,7538,0.7,3293,15.9,115,9.9
"20000","5","4246","56","0","2024","1","",248,1446,1447,1401,44235931,19512104,161387,2377,"",1.62,1.04,1.03,1.00,1.34,0.95,0.89,1.30,"",-2,-0.8,-63,-4.2,-68,-4.5,-115,-7.6,-4411373,-9.1,-763315,-3.8,-57906,-26.4,-96,-3.9
"20000","5","42461","57","0","2024","1","",55,241,240,241,7371999,3163209,26910,2356,"",1.51,0.85,0.84,0.84,1.09,0.79,0.68,1.29,"",-5,-8.3,-84,-25.8,-87,-26.6,-82,-25.4,-2561849,-25.8,-920787,-22.5,-29909,-52.6,5,0.2
"20000","5","424610","58","0","2024","1","",55,241,240,241,7371999,3163209,26910,2356,"",1.51,0.85,0.84,0.84,1.09,0.79,0.68,1.29,"",-5,-8.3,-84,-25.8,-87,-26.6,-82,-25.4,-2561849,-25.8,-920787,-22.5,-29909,-52.6,5,0.2
"20000","5","42469","57","0","2024","1","",193,1205,1207,1160,36863932,16348895,134477,2382,"",1.65,1.09,1.08,1.04,1.40,0.98,0.95,1.31,"",3,1.6,21,1.8,19,1.6,-33,-2.8,-1849524,-4.8,157472,1.0,-27997,-17.2,-124,-4.9
"20000","5","424690","58","0","2024","1","",193,1205,1207,1160,36863932,16348895,134477,2382,"",1.65,1.09,1.08,1.04,1.40,0.98,0.95,1.31,"",3,1.6,21,1.8,19,1.6,-33,-2.8,-1849524,-4.8,157472,1.0,-27997,-17.2,-124,-4.9
"20000","5","4247","56","0","2024","1","",140,1691,1677,1666,39688167,20820316,187178,1819,"",1.99,1.82,1.79,1.78,1.48,1.60,1.75,0.83,"",0,0.0,-4,-0.2,-6,-0.4,-23,-1.4,3274539,9.0,172007,0.8,-90562,-32.6,161,9.7
"20000","5","42471","57","0","2024","1","",62,623,600,602,12047124,7685019,87858,1523,"",2.76,1.97,1.89,1.91,1.72,1.73,2.68,0.89,"",0,0.0,30,5.1,21,3.6,7,1.2,1358616,12.7,587312,8.3,2878,3.4,127,9.1
"20000","5","424710","58","0","2024","1","",62,623,600,602,12047124,7685019,87858,1523,"",2.76,1.97,1.89,1.91,1.72,1.73,2.68,0.89,"",0,0.0,30,5.1,21,3.6,7,1.2,1358616,12.7,587312,8.3,2878,3.4,127,9.1
"20000","5","42472","57","0","2024","1","",78,1068,1077,1064,27641043,13135297,99320,1988,"",1.63,1.74,1.74,1.72,1.40,1.53,1.34,0.81,"",0,0.0,-34,-3.1,-27,-2.4,-30,-2.7,1915923,7.4,-415305,-3.1,-93440,-48.5,189,10.5
"20000","5","424720","58","0","2024","1","",78,1068,1077,1064,27641043,13135297,99320,1988,"",1.63,1.74,1.74,1.72,1.40,1.53,1.34,0.81,"",0,0.0,-34,-3.1,-27,-2.4,-30,-2.7,1915923,7.4,-415305,-3.1,-93440,-48.5,189,10.5
"20000","5","4248","56","0","2024","1","",98,1812,1816,1797,29993790,21615581,197073,1276,"",1.24,0.92,0.92,0.91,0.87,0.82,1.00,0.95,"",5,5.4,-39,-2.1,-31,-1.7,-49,-2.7,270743,0.9,-110850,-0.5,-10725,-5.2,39,3.2
"20000","5","42481","57","0","2024","1","",39,993,999,978,14279978,11548443,96504,1110,"",1.58,0.94,0.95,0.93,0.96,0.87,1.05,1.02,"",0,0.0,-48,-4.6,-28,-2.7,-55,-5.3,-205620,-1.4,-79313,-0.7,3245,3.5,32,3.0
"20000","5","424810","58","0","2024","1","",39,993,999,978,14279978,11548443,96504,1110,"",1.58,0.94,0.95,0.93,0.96,0.87,1.05,1.02,"",0,0.0,-48,-4.6,-28,-2.7,-55,-5.3,-205620,-1.4,-79313,-0.7,3245,3.5,32,3.0
"20000","5","42482","57","0","2024","1","",59,819,817,819,15713812,10067138,100569,1477,"",1.09,0.90,0.89,0.90,0.80,0.77,0.96,0.90,"",5,9.3,9,1.1,-3,-0.4,6,0.7,476363,3.1,-31537,-0.3,-13970,-12.2,38,2.6
"20000","5","424820","58","0","2024","1","",59,819,817,819,15713812,10067138,100569,1477,"",1.09,0.90,0.89,0.90,0.80,0.77,0.96,0.90,"",5,9.3,9,1.1,-3,-0.4,6,0.7,476363,3.1,-31537,-0.3,-13970,-12.2,38,2.6
"20000","5","4249","56","0","2024","1","",498,4010,4073,4177,80203082,47637695,394032,1510,"",1.55,1.37,1.37,1.39,1.79,1.28,1.17,1.30,"",10,2.0,28,0.7,65,1.6,62,1.5,-3432951,-4.1,1532007,3.3,-108105,-21.5,-84,-5.3
"20000","5","42491","57","0","2024","1","",332,2712,2736,2793,56455130,32909066,258902,1581,"",3.08,2.54,2.53,2.52,3.14,2.13,2.24,1.24,"",8,2.5,0,0.0,28,1.0,34,1.2,-5125105,-8.3,878152,2.7,-87099,-25.2,-156,-9.0
"20000","5","424910","58","0","2024","1","",332,2712,2736,2793,56455130,32909066,258902,1581,"",3.08,2.54,2.53,2.52,3.14,2.13,2.24,1.24,"",8,2.5,0,0.0,28,1.0,34,1.2,-5125105,-8.3,878152,2.7,-87099,-25.2,-156,-9.0
"20000","5","42492","57","0","2024","1","",19,82,85,90,1875681,973050,12821,1684,"",1.20,0.33,0.34,0.36,0.50,0.32,0.38,1.46,"",0,0.0,12,17.1,12,16.4,16,21.6,388114,26.1,138530,16.6,561,4.6,102,6.4
"20000","5","424920","58","0","2024","1","",19,82,85,90,1875681,973050,12821,1684,"",1.20,0.33,0.34,0.36,0.50,0.32,0.38,1.46,"",0,0.0,12,17.1,12,16.4,16,21.6,388114,26.1,138530,16.6,561,4.6,102,6.4
"20000","5","42493","57","0","2024","1","",24,209,222,271,1530743,1390260,12876,503,"",0.76,0.50,0.51,0.61,0.36,0.33,0.29,0.67,"",0,0.0,-13,-5.9,-20,-8.3,-24,-8.1,-62822,-3.9,-129593,-8.5,-3381,-20.8,18,3.7
"20000","5","424930","58","0","2024","1","",24,209,222,271,1530743,1390260,12876,503,"",0.76,0.50,0.51,0.61,0.36,0.33,0.29,0.67,"",0,0.0,-13,-5.9,-20,-8.3,-24,-8.1,-62822,-3.9,-129593,-8.5,-3381,-20.8,18,3.7
"20000","5","42494","57","0","2024","1","",21,159,164,162,3010855,1758443,16978,1433,"",1.09,0.71,0.73,0.72,0.91,0.65,0.75,1.27,"",2,10.5,0,0.0,7,4.5,3,1.9,449268,17.5,108207,6.6,1339,8.6,189,15.2
"20000","5","424940","58","0","2024","1","",21,159,164,162,3010855,1758443,16978,1433,"",1.09,0.71,0.73,0.72,0.91,0.65,0.75,1.27,"",2,10.5,0,0.0,7,4.5,3,1.9,449268,17.5,108207,6.6,1339,8.6,189,15.2
"20000","5","42495","57","0","2024","1","",32,308,314,310,7482087,4152273,29750,1853,"",1.38,1.43,1.44,1.42,1.95,1.39,1.24,1.36,"",-2,-5.9,10,3.4,5,1.6,1,0.3,202973,2.8,68393,1.7,-9303,-23.8,19,1.0
"20000","5","424950","58","0","2024","1","",32,308,314,310,7482087,4152273,29750,1853,"",1.38,1.43,1.44,1.42,1.95,1.39,1.24,1.36,"",-2,-5.9,10,3.4,5,1.6,1,0.3,202973,2.8,68393,1.7,-9303,-23.8,19,1.0
"20000","5","42499","57","0","2024","1","",70,540,552,551,9848586,6454603,62705,1383,"",0.57,0.71,0.73,0.73,0.85,0.73,0.64,1.18,"",2,2.9,19,3.6,33,6.4,32,6.2,714621,7.8,468318,7.8,-10222,-14.0,31,2.3
"20000","5","424990","58","0","2024","1","",70,540,552,551,9848586,6454603,62705,1383,"",0.57,0.71,0.73,0.73,0.85,0.73,0.64,1.18,"",2,2.9,19,3.6,33,6.4,32,6.2,714621,7.8,468318,7.8,-10222,-14.0,31,2.3
"20000","5","425","55","0","2024","1","",1270,4501,4483,4464,140448561,55003858,759920,2410,"",1.32,1.00,0.99,0.99,1.15,0.84,1.22,1.16,"",-52,-3.9,351,8.5,325,7.8,355,8.6,22918805,19.5,4940937,9.9,67613,9.8,226,10.3
"20000","5","4251","56","0","2024","1","",1270,4501,4483,4464,140448561,55003858,759920,2410,"",1.32,1.00,0.99,0.99,1.15,0.84,1.22,1.16,"",-52,-3.9,351,8.5,325,7.8,355,8.6,22918805,19.5,4940937,9.9,67613,9.8,226,10.3
"20000","5","42512","57","0","2024","1","",1270,4501,4483,4464,140448561,55003858,759920,2410,"",1.32,1.00,0.99,0.99,1.15,0.84,1.22,1.16,"",-52,-3.9,351,8.5,325,7.8,355,8.6,22918805,19.5,4940937,9.9,67613,9.8,226,10.3
"20000","5","425120","58","0","2024","1","",1270,4501,4483,4464,140448561,55003858,759920,2410,"",1.32,1.00,0.99,0.99,1.15,0.84,1.22,1.16,"",-52,-3.9,351,8.5,325,7.8,355,8.6,22918805,19.5,4940937,9.9,67613,9.8,226,10.3
"20000","5","44-45","54","0","2024","1","",9011,141106,140821,140987,1289873198,1000437810,7827782,704,"",1.02,0.99,1.00,1.00,1.10,0.83,0.85,1.10,"",53,0.6,-564,-0.4,-477,-0.3,256,0.2,20627143,1.6,14272712,1.4,-325971,-4.0,13,1.9
"20000","5","441","55","0","2024","1","",1257,18478,18632,18546,272743735,187888206,1559061,1131,"",1.23,0.99,0.99,0.99,1.11,0.86,0.88,1.12,"",4,0.3,181,1.0,369,2.0,415,2.3,9960217,3.8,7134775,3.9,-130885,-7.7,22,2.0
"20000","5","4411","56","0","2024","1","",468,11676,11809,11668,201217688,128324205,1039640,1321,"",1.20,1.00,1.00,0.99,1.12,0.87,0.84,1.13,"",-12,-2.5,20,0.2,139,1.2,131,1.1,4317842,2.2,3996887,3.2,-112345,-9.8,18,1.4
"20000","5","44111","57","0","2024","1","",226,9723,9814,9699,174690246,107773642,800151,1379,"",1.29,0.95,0.95,0.95,1.09,0.83,0.74,1.14,"",0,0.0,146,1.5,229,2.4,245,2.6,4574853,2.7,4414871,4.3,-98984,-11.0,7,0.5
"20000","5","441110","58","0","2024","1","",226,9723,9814,9699,174690246,107773642,800151,1379,"",1.29,0.95,0.95,0.95,1.09,0.83,0.74,1.14,"",0,0.0,146,1.5,229,2.4,245,2.6,4574853,2.7,4414871,4.3,-98984,-11.0,7,0.5
"20000","5","44112","57","0","2024","1","",242,1953,1995,1969,26527442,20550563,239489,1035,"",1.12,1.28,1.29,1.28,1.44,1.18,1.51,1.12,"",-12,-4.7,-126,-6.1,-90,-4.3,-114,-5.5,-257011,-1.0,-417984,-2.0,-13361,-5.3,46,4.7
"20000","5","441120","58","0","2024","1","",242,1953,1995,1969,26527442,20550563,239489,1035,"",1.12,1.28,1.29,1.28,1.44,1.18,1.51,1.12,"",-12,-4.7,-126,-6.1,-90,-4.3,-114,-5.5,-257011,-1.0,-417984,-2.0,-13361,-5.3,46,4.7
"20000","5","4412","56","0","2024","1","",108,1088,1094,1118,13507519,11286555,167077,945,"",0.85,0.71,0.71,0.72,0.75,0.63,0.97,1.05,"",4,3.8,-16,-1.4,-10,-0.9,15,1.4,679193,5.3,410668,3.8,-15903,-8.7,51,5.7
"20000","5","44121","57","0","2024","1","",22,272,275,275,3625099,2931282,49047,1018,"",0.85,0.57,0.57,0.57,0.61,0.49,0.79,1.07,"",-2,-8.3,-32,-10.5,-27,-8.9,-15,-5.2,-148511,-3.9,-163910,-5.3,-5879,-10.7,46,4.7
"20000","5","441210","58","0","2024","1","",22,272,275,275,3625099,2931282,49047,1018,"",0.85,0.57,0.57,0.57,0.61,0.49,0.79,1.07,"",-2,-8.3,-32,-10.5,-27,-8.9,-15,-5.2,-148511,-3.9,-163910,-5.3,-5879,-10.7,46,4.7
"20000","5","44122","57","0","2024","1","",86,816,819,843,9882420,8355273,118030,920,"",0.85,0.78,0.77,0.79,0.82,0.69,1.08,1.06,"",6,7.5,16,2.0,17,2.1,30,3.7,827704,9.1,574578,7.4,-10024,-7.8,55,6.4
"20000","5","441222","58","0","2024","1","",13,95,96,104,1115601,992588,12653,873,"",0.35,0.28,0.28,0.30,0.28,0.25,0.33,0.96,"",0,0.0,-3,-3.1,-3,-3.0,-3,-2.8,64126,6.1,28430,2.9,-3592,-22.1,75,9.4
"20000","5","441227","58","0","2024","1","",73,721,723,739,8766819,7362685,105377,927,"",1.15,1.01,1.01,1.02,1.10,0.90,1.47,1.09,"",6,9.0,19,2.7,20,2.8,33,4.7,763578,9.5,546148,8.0,-6432,-5.8,52,5.9
"20000","5","4413","56","0","2024","1","",681,5714,5729,5760,58018528,48277446,352344,778,"",1.36,1.06,1.05,1.06,1.21,0.92,1.00,1.15,"",12,1.8,177,3.2,240,4.4,269,4.9,4963182,9.4,2727220,6.0,-2637,-0.7,37,5.0
"20000","5","44133","57","0","2024","1","",423,3388,3418,3442,29318026,25328597,176025,660,"",1.28,0.94,0.93,0.94,1.00,0.78,0.83,1.07,"",6,1.4,111,3.4,172,5.3,172,5.3,2969443,11.3,1491805,6.3,3035,1.8,39,6.3
"20000","5","441330","58","0","2024","1","",423,3388,3418,3442,29318026,25328597,176025,660,"",1.28,0.94,0.93,0.94,1.00,0.78,0.83,1.07,"",6,1.4,111,3.4,172,5.3,172,5.3,2969443,11.3,1491805,6.3,3035,1.8,39,6.3
"20000","5","44134","57","0","2024","1","",258,2326,2311,2318,28700502,22948849,176319,952,"",1.51,1.32,1.30,1.31,1.54,1.17,1.27,1.18,"",6,2.4,66,2.9,68,3.0,97,4.4,1993739,7.5,1235415,5.7,-5672,-3.1,35,3.8
"20000","5","441340","58","0","2024","1","",258,2326,2311,2318,28700502,22948849,176319,952,"",1.51,1.32,1.30,1.31,1.54,1.17,1.27,1.18,"",6,2.4,66,2.9,68,3.0,97,4.4,1993739,7.5,1235415,5.7,-5672,-3.1,35,3.8
"20000","5","444","55","0","2024","1","",823,12987,13222,13650,130359103,101346576,1041581,755,"",1.37,1.05,1.06,1.07,1.17,0.87,1.21,1.10,"",15,1.9,-143,-1.1,49,0.4,-24,-0.2,1825493,1.4,1424264,1.4,-45567,-4.2,13,1.8
"20000","5","4441","56","0","2024","1","",632,11273,11409,11507,115208291,88532828,824823,778,"",1.39,1.04,1.05,1.04,1.16,0.86,1.13,1.12,"",14,2.3,-192,-1.7,-50,-0.4,-183,-1.6,1000083,0.9,581047,0.7,-42025,-4.8,17,2.2
"20000","5","44411","57","0","2024","1","",135,6344,6422,6533,57146942,46923323,403078,683,"",1.73,0.96,0.97,0.96,1.15,0.82,1.07,1.20,"",-1,-0.7,-196,-3.0,-139,-2.1,-199,-3.0,-434085,-0.8,-717041,-1.5,-53469,-11.7,13,1.9
"20000","5","444110","58","0","2024","1","",135,6344,6422,6533,57146942,46923323,403078,683,"",1.73,0.96,0.97,0.96,1.15,0.82,1.07,1.20,"",-1,-0.7,-196,-3.0,-139,-2.1,-199,-3.0,-434085,-0.8,-717041,-1.5,-53469,-11.7,13,1.9
"20000","5","44412","57","0","2024","1","",88,539,558,553,8795695,5898537,31466,1230,"",1.55,1.40,1.45,1.43,1.86,1.38,1.18,1.30,"",15,20.5,15,2.9,27,5.1,25,4.7,911581,11.6,379760,6.9,-1554,-4.7,81,7.0
"20000","5","444120","58","0","2024","1","",88,539,558,553,8795695,5898537,31466,1230,"",1.55,1.40,1.45,1.43,1.86,1.38,1.18,1.30,"",15,20.5,15,2.9,27,5.1,25,4.7,911581,11.6,379760,6.9,-1554,-4.7,81,7.0
"20000","5","44414","57","0","2024","1","",224,2518,2566,2548,19279749,15444988,187061,583,"",1.75,1.59,1.62,1.59,1.60,1.15,2.08,1.00,"",5,2.3,-10,-0.4,58,2.3,-19,-0.7,1468565,8.2,715180,4.9,22652,13.8,42,7.8
"20000","5","444140","58","0","2024","1","",224,2518,2566,2548,19279749,15444988,187061,583,"",1.75,1.59,1.62,1.59,1.60,1.15,2.08,1.00,"",5,2.3,-10,-0.4,58,2.3,-19,-0.7,1468565,8.2,715180,4.9,22652,13.8,42,7.8
"20000","5","44418","57","0","2024","1","",185,1872,1863,1873,29985905,20265980,203218,1234,"",0.97,0.82,0.81,0.82,0.92,0.72,0.86,1.12,"",-5,-2.6,-1,-0.1,4,0.2,10,0.5,-945978,-3.1,203148,1.0,-9654,-4.5,-42,-3.3
"20000","5","444180","58","0","2024","1","",185,1872,1863,1873,29985905,20265980,203218,1234,"",0.97,0.82,0.81,0.82,0.92,0.72,0.86,1.12,"",-5,-2.6,-1,-0.1,4,0.2,10,0.5,-945978,-3.1,203148,1.0,-9654,-4.5,-42,-3.3
"20000","5","4442","56","0","2024","1","",191,1714,1813,2143,15150812,12813748,216758,617,"",1.30,1.12,1.16,1.28,1.24,0.95,1.70,1.04,"",1,0.5,49,2.9,99,5.8,159,8.0,825410,5.8,843217,7.0,-3542,-1.6,1,0.2
"20000","5","44423","57","0","2024","1","",30,190,201,202,2605996,1931148,25974,1014,"",0.96,0.68,0.71,0.70,0.87,0.60,1.01,1.25,"",-5,-14.3,-4,-2.1,12,6.3,3,1.5,599988,29.9,191089,11.0,1503,6.1,219,27.5
"20000","5","444230","58","0","2024","1","",30,190,201,202,2605996,1931148,25974,1014,"",0.96,0.68,0.71,0.70,0.87,0.60,1.01,1.25,"",-5,-14.3,-4,-2.1,12,6.3,3,1.5,599988,29.9,191089,11.0,1503,6.1,219,27.5
"20000","5","44424","57","0","2024","1","",161,1524,1612,1941,12544816,10882600,190784,570,"",1.40,1.22,1.25,1.40,1.35,1.06,1.87,1.04,"",6,3.9,53,3.6,87,5.7,156,8.7,225422,1.8,652128,6.4,-5045,-2.6,-25,-4.2
"20000","5","444240","58","0","2024","1","",161,1524,1612,1941,12544816,10882600,190784,570,"",1.40,1.22,1.25,1.40,1.35,1.06,1.87,1.04,"",6,3.9,53,3.6,87,5.7,156,8.7,225422,1.8,652128,6.4,-5045,-2.6,-25,-4.2
"20000","5","445","55","0","2024","1","",1326,26746,26898,26466,182399127,158200586,974098,525,"",1.01,0.91,0.91,0.90,0.95,0.69,0.65,1.05,"",10,0.8,-644,-2.4,-463,-1.7,-365,-1.4,7051645,4.0,6845999,4.5,-76432,-7.3,29,5.8
"20000","5","4451","56","0","2024","1","",558,22062,22203,21771,157952089,135430149,726052,552,"",0.70,0.86,0.86,0.85,0.94,0.68,0.59,1.11,"",9,1.6,-611,-2.7,-545,-2.4,-419,-1.9,6219617,4.1,6327617,4.9,-85524,-10.5,34,6.6
"20000","5","44511","57","0","2024","1","",450,21259,21393,20979,150424977,129034450,650643,546,"",0.93,0.89,0.89,0.88,0.97,0.70,0.59,1.09,"",5,1.1,-553,-2.5,-527,-2.4,-370,-1.7,5771877,4.0,6143755,5.0,-86800,-11.8,33,6.4
"20000","5","445110","58","0","2024","1","",450,21259,21393,20979,150424977,129034450,650643,546,"",0.93,0.89,0.89,0.88,0.97,0.70,0.59,1.09,"",5,1.1,-553,-2.5,-527,-2.4,-370,-1.7,5771877,4.0,6143755,5.0,-86800,-11.8,33,6.4
"20000","5","44513","57","0","2024","1","",108,803,810,792,7527112,6395699,75409,722,"",0.34,0.44,0.43,0.43,0.63,0.44,0.55,1.47,"",4,3.8,-58,-6.7,-18,-2.2,-49,-5.8,447740,6.3,183862,3.0,1276,1.7,76,11.8
"20000","5","445131","58","0","2024","1","",75,411,410,400,2116470,2032995,31779,400,"",0.26,0.27,0.27,0.26,0.24,0.18,0.33,0.90,"",3,4.2,-21,-4.9,-16,-3.8,-37,-8.5,-39441,-1.8,-51057,-2.4,-3816,-10.7,16,4.2
"20000","5","445132","58","0","2024","1","",33,392,400,392,5410642,4362704,43630,1055,"",1.17,1.18,1.16,1.15,1.73,1.26,1.11,1.49,"",1,3.1,-37,-8.6,-2,-0.5,-12,-3.0,487181,9.9,234919,5.7,5092,13.2,135,14.7
"20000","5","4452","56","0","2024","1","",176,1444,1461,1471,9003894,8080634,90729,475,"",0.75,0.69,0.70,0.70,0.61,0.48,0.57,0.88,"",-1,-0.6,46,3.3,96,7.0,70,5.0,-78733,-0.9,-102225,-1.2,-2551,-2.7,-28,-5.6
"20000","5","44523","57","0","2024","1","N",13,0,0,0,0,0,0,0,"N",0.47,0,0,0,0,0,0,0,"N",2,18.2,0,0,0,0,0,0,0,0,0,0,0,0,0,0
"20000","5","445230","58","0","2024","1","N",13,0,0,0,0,0,0,0,"N",0.47,0,0,0,0,0,0,0,"N",2,18.2,0,0,0,0,0,0,0,0,0,0,0,0,0,0
"20000","5","44524","57","0","2024","1","",59,484,482,505,3616222,3332706,35543,567,"",1.05,0.83,0.84,0.87,0.90,0.69,0.90,1.06,"",6,11.3,47,10.8,51,11.8,60,13.5,230510,6.8,160003,5.0,3787,11.9,-28,-4.7
"20000","5","445240","58","0","2024","1","",59,484,482,505,3616222,3332706,35543,567,"",1.05,0.83,0.84,0.87,0.90,0.69,0.90,1.06,"",6,11.3,47,10.8,51,11.8,60,13.5,230510,6.8,160003,5.0,3787,11.9,-28,-4.7
"20000","5","44525","57","0","2024","1","N",1,0,0,0,0,0,0,0,"N",0.05,0,0,0,0,0,0,0,"N",-1,-50.0,0,0,0,0,0,0,0,0,0,0,0,0,0,0
"20000","5","445250","58","0","2024","1","N",1,0,0,0,0,0,0,0,"N",0.05,0,0,0,0,0,0,0,"N",-1,-50.0,0,0,0,0,0,0,0,0,0,0,0,0,0,0
"20000","5","44529","57","0","2024","1","",103,915,918,903,5112665,4476185,50726,431,"",0.77,0.84,0.83,0.82,0.68,0.53,0.59,0.82,"",-8,-7.2,-2,-0.2,29,3.3,8,0.9,-354887,-6.5,-304608,-6.4,-7379,-12.7,-36,-7.7
"20000","5","445291","58","0","2024","1","",7,54,55,52,367807,358127,3502,527,"",0.33,0.30,0.30,0.28,0.31,0.25,0.28,1.06,"",-1,-12.5,14,35.0,15,37.5,15,40.5,105937,40.5,106540,42.3,1486,73.7,10,1.9
"20000","5","445292","58","0","2024","1","",13,162,162,159,684673,647058,10292,327,"",0.50,0.89,0.84,0.85,0.63,0.54,0.66,0.74,"",-1,-7.1,15,10.2,32,24.6,22,16.1,74554,12.2,70199,12.2,-650,-5.9,-13,-3.8
"20000","5","445298","58","0","2024","1","",83,699,701,692,4060185,3471000,36932,448,"",0.96,0.96,0.96,0.94,0.77,0.60,0.64,0.80,"",-6,-6.7,-31,-4.2,-18,-2.5,-29,-4.0,-535378,-11.6,-481347,-12.2,-8215,-18.2,-41,-8.4
"20000","5","4453","56","0","2024","1","",592,3240,3234,3224,15443144,14689803,157317,367,"",2.11,2.05,2.06,2.06,1.61,1.24,1.61,0.78,"",2,0.3,-79,-2.4,-14,-0.4,-16,-0.5,910761,6.3,620607,4.4,11643,8.0,25,7.3
"20000","5","44532","57","0","2024","1","",592,3240,3234,3224,15443144,14689803,157317,367,"",2.11,2.05,2.06,2.06,1.61,1.24,1.61,0.78,"",2,0.3,-79,-2.4,-14,-0.4,-16,-0.5,910761,6.3,620607,4.4,11643,8.0,25,7.3
"20000","5","445320","58","0","2024","1","",592,3240,3234,3224,15443144,14689803,157317,367,"",2.11,2.05,2.06,2.06,1.61,1.24,1.61,0.78,"",2,0.3,-79,-2.4,-14,-0.4,-16,-0.5,910761,6.3,620607,4.4,11643,8.0,25,7.3
"20000","5","449","55","0","2024","1","",733,7781,7606,7564,97520765,70739495,500581,981,"",0.99,1.04,1.02,1.02,1.08,0.90,0.70,1.05,"",-16,-2.1,-194,-2.4,-252,-3.2,-197,-2.5,1922625,2.0,-1044886,-1.5,-51338,-9.3,46,4.9
"20000","5","4491","56","0","2024","1","",396,4576,4476,4417,53143545,41593199,289037,911,"",1.03,1.20,1.18,1.17,1.33,1.08,0.85,1.12,"",-24,-5.7,-252,-5.2,-298,-6.2,-273,-5.8,-862118,-1.6,-1340233,-3.1,-39898,-12.1,39,4.5
"20000","5","44911","57","0","2024","1","",180,2809,2782,2758,36612893,28616202,180199,1012,"",0.95,1.49,1.48,1.48,1.72,1.36,0.97,1.16,"",3,1.7,-21,-0.7,-85,-3.0,-80,-2.8,702528,2.0,-267018,-0.9,-23925,-11.7,41,4.2
"20000","5","449110","58","0","2024","1","",180,2809,2782,2758,36612893,28616202,180199,1012,"",0.95,1.49,1.48,1.48,1.72,1.36,0.97,1.16,"",3,1.7,-21,-0.7,-85,-3.0,-80,-2.8,702528,2.0,-267018,-0.9,-23925,-11.7,41,4.2
"20000","5","44912","57","0","2024","1","",216,1767,1694,1659,16530652,12976997,108838,745,"",1.10,0.91,0.89,0.88,0.88,0.74,0.70,0.99,"",-27,-11.1,-231,-11.6,-213,-11.2,-193,-10.4,-1564646,-8.6,-1073215,-7.6,-15973,-12.8,20,2.8
"20000","5","449121","58","0","2024","1","",113,760,743,726,10346509,7686682,52617,1071,"",1.50,1.20,1.17,1.15,1.23,1.00,0.78,1.05,"",-8,-6.6,0,0.0,-27,-3.5,-6,-0.8,-308490,-2.9,-112501,-1.4,-10805,-17.0,-16,-1.5
"20000","5","449122","58","0","2024","1","",19,86,97,95,1213383,946978,10449,1007,"",0.80,0.72,0.80,0.78,0.80,0.69,0.74,1.05,"",1,5.6,-35,-28.9,-20,-17.1,-20,-17.4,-239196,-16.5,-178897,-15.9,-2246,-17.7,57,6.0
"20000","5","449129","58","0","2024","1","",84,921,854,838,4970760,4343337,45772,439,"",0.86,0.77,0.74,0.74,0.57,0.51,0.61,0.75,"",-20,-19.2,-196,-17.5,-166,-16.3,-167,-16.6,-1016960,-17.0,-781817,-15.3,-2922,-6.0,-1,-0.2
"20000","5","4492","56","0","2024","1","",337,3205,3130,3147,44377220,29146296,211544,1080,"",0.96,0.87,0.86,0.87,0.88,0.74,0.57,1.02,"",8,2.4,58,1.8,46,1.5,76,2.5,2784743,6.7,295347,1.0,-11440,-5.1,48,4.7
"20000","5","44921","57","0","2024","1","",337,3205,3130,3147,44377220,29146296,211544,1080,"",0.96,0.87,0.86,0.87,0.88,0.74,0.57,1.02,"",8,2.4,58,1.8,46,1.5,76,2.5,2784743,6.7,295347,1.0,-11440,-5.1,48,4.7
"20000","5","449210","58","0","2024","1","",337,3205,3130,3147,44377220,29146296,211544,1080,"",0.96,0.87,0.86,0.87,0.88,0.74,0.57,1.02,"",8,2.4,58,1.8,46,1.5,76,2.5,2784743,6.7,295347,1.0,-11440,-5.1,48,4.7
"20000","5","455","55","0","2024","1","",756,31466,31169,31411,254930850,206705201,1479112,626,"",1.11,1.05,1.05,1.06,1.25,0.92,0.99,1.18,"",18,2.4,728,2.4,417,1.4,460,1.5,3426427,1.4,600469,0.3,146968,11.0,-2,-0.3
"20000","5","4551","56","0","2024","1","",110,7145,6888,6821,43444641,37266158,264117,481,"",1.08,0.75,0.75,0.75,0.78,0.59,0.54,1.04,"",1,0.9,-114,-1.6,-31,-0.4,-95,-1.4,522572,1.2,-457200,-1.2,-9120,-3.3,11,2.3
"20000","5","45511","57","0","2024","1","",110,7145,6888,6821,43444641,37266158,264117,481,"",1.08,0.75,0.75,0.75,0.78,0.59,0.54,1.04,"",1,0.9,-114,-1.6,-31,-0.4,-95,-1.4,522572,1.2,-457200,-1.2,-9120,-3.3,11,2.3
"20000","5","455110","58","0","2024","1","",110,7145,6888,6821,43444641,37266158,264117,481,"",1.08,0.75,0.75,0.75,0.78,0.59,0.54,1.04,"",1,0.9,-114,-1.6,-31,-0.4,-95,-1.4,522572,1.2,-457200,-1.2,-9120,-3.3,11,2.3
"20000","5","4552","56","0","2024","1","",646,24321,24281,24590,211486209,169439043,1214995,667,"",1.12,1.19,1.19,1.20,1.42,1.04,1.20,1.19,"",17,2.7,842,3.6,448,1.9,555,2.3,2903855,1.4,1057669,0.6,156088,14.7,-8,-1.2
"20000","5","45521","57","0","2024","1","",646,24321,24281,24590,211486209,169439043,1214995,667,"",1.12,1.19,1.19,1.20,1.42,1.04,1.20,1.19,"",17,2.7,842,3.6,448,1.9,555,2.3,2903855,1.4,1057669,0.6,156088,14.7,-8,-1.2
"20000","5","455211","58","0","2024","1","N",74,0,0,0,0,0,0,0,"N",1.41,0,0,0,0,0,0,0,"N",-1,-1.3,0,0,0,0,0,0,0,0,0,0,0,0,0,0
"20000","5","455219","58","0","2024","1","N",572,0,0,0,0,0,0,0,"N",1.09,0,0,0,0,0,0,0,"N",18,3.2,0,0,0,0,0,0,0,0,0,0,0,0,0,0
"20000","5","456","55","0","2024","1","",812,10044,9991,9914,131916836,87657686,547368,1016,"",0.85,0.99,0.99,0.99,1.34,0.95,0.76,1.35,"",-13,-1.6,-312,-3.0,-229,-2.2,-316,-3.1,-2763124,-2.1,-2284935,-2.5,-123749,-18.4,7,0.7
"20000","5","4561","56","0","2024","1","",812,10044,9991,9914,131916836,87657686,547368,1016,"",0.85,0.99,0.99,0.99,1.34,0.95,0.76,1.35,"",-13,-1.6,-312,-3.0,-229,-2.2,-316,-3.1,-2763124,-2.1,-2284935,-2.5,-123749,-18.4,7,0.7
"20000","5","45611","57","0","2024","1","",465,7318,7292,7311,106440086,68804720,378368,1121,"",0.89,1.10,1.10,1.11,1.58,1.09,0.84,1.44,"",-9,-1.9,-367,-4.8,-373,-4.9,-346,-4.5,-4965089,-4.5,-3084617,-4.3,-105925,-21.9,4,0.4
"20000","5","456110","58","0","2024","1","",465,7318,7292,7311,106440086,68804720,378368,1121,"",0.89,1.10,1.10,1.11,1.58,1.09,0.84,1.44,"",-9,-1.9,-367,-4.8,-373,-4.9,-346,-4.5,-4965089,-4.5,-3084617,-4.3,-105925,-21.9,4,0.4
"20000","5","45612","57","0","2024","1","",120,1348,1292,1268,7061866,6012782,55440,417,"",0.72,0.78,0.78,0.77,0.58,0.53,0.54,0.74,"",1,0.8,78,6.1,127,10.9,108,9.3,432618,6.5,260016,4.5,-5517,-9.1,-9,-2.1
"20000","5","456120","58","0","2024","1","",120,1348,1292,1268,7061866,6012782,55440,417,"",0.72,0.78,0.78,0.77,0.58,0.53,0.54,0.74,"",1,0.8,78,6.1,127,10.9,108,9.3,432618,6.5,260016,4.5,-5517,-9.1,-9,-2.1
"20000","5","45613","57","0","2024","1","",55,409,417,392,4480359,3605143,32617,849,"",0.62,0.61,0.62,0.58,0.69,0.55,0.59,1.14,"",0,0.0,-12,-2.9,0,0.0,-28,-6.7,216703,5.1,101688,2.9,-256,-0.8,67,8.6
"20000","5","456130","58","0","2024","1","",55,409,417,392,4480359,3605143,32617,849,"",0.62,0.61,0.62,0.58,0.69,0.55,0.59,1.14,"",0,0.0,-12,-2.9,0,0.0,-28,-6.7,216703,5.1,101688,2.9,-256,-0.8,67,8.6
"20000","5","45619","57","0","2024","1","",172,969,990,943,13934525,9235041,80943,1108,"",0.94,0.90,0.91,0.86,1.13,0.84,0.76,1.27,"",-5,-2.8,-11,-1.1,17,1.7,-50,-5.0,1552644,12.5,437978,5.0,-12051,-13.0,138,14.2
"20000","5","456191","58","0","2024","1","",66,240,251,240,1767945,1575112,14360,558,"",0.76,0.55,0.57,0.55,0.44,0.43,0.42,0.79,"",1,1.5,-33,-12.1,-22,-8.1,-25,-9.4,10833,0.6,-56319,-3.5,-3315,-18.8,58,11.6
"20000","5","456199","58","0","2024","1","",106,729,739,703,12166580,7659929,66583,1293,"",1.10,1.13,1.13,1.07,1.45,1.03,0.92,1.31,"",-6,-5.4,22,3.1,39,5.6,-25,-3.4,1541811,14.5,494297,6.9,-8736,-11.6,145,12.6
"20000","5","457","55","0","2024","1","",1003,11915,11739,11825,76049096,68032399,612212,495,"",1.03,1.24,1.22,1.24,1.17,0.89,1.08,0.95,"",-6,-0.6,-103,-0.9,-311,-2.6,89,0.8,2340317,3.2,1233002,1.8,-45145,-6.9,20,4.2
"20000","5","4571","56","0","2024","1","",953,11675,11514,11607,72752961,65570244,592316,483,"",1.05,1.31,1.29,1.30,1.31,0.98,1.30,1.01,"",-8,-0.8,-101,-0.9,-298,-2.5,107,0.9,2369398,3.4,1271754,2.0,-37361,-5.9,20,4.3
"20000","5","45711","57","0","2024","1","",866,10863,10713,10788,64900339,59597457,561647,463,"",1.04,1.35,1.33,1.34,1.33,1.00,1.41,1.00,"",-7,-0.8,-252,-2.3,-450,-4.0,-47,-0.4,948964,1.5,36521,0.1,-35230,-5.9,17,3.8
"20000","5","457110","58","0","2024","1","",866,10863,10713,10788,64900339,59597457,561647,463,"",1.04,1.35,1.33,1.34,1.33,1.00,1.41,1.00,"",-7,-0.8,-252,-2.3,-450,-4.0,-47,-0.4,948964,1.5,36521,0.1,-35230,-5.9,17,3.8
"20000","5","45712","57","0","2024","1","",87,812,801,819,7852622,5972787,30669,745,"",1.13,0.95,0.94,0.96,1.17,0.82,0.56,1.23,"",-1,-1.1,151,22.8,152,23.4,154,23.2,1420434,22.1,1235233,26.1,-2131,-6.5,-7,-0.9
"20000","5","457120","58","0","2024","1","",87,812,801,819,7852622,5972787,30669,745,"",1.13,0.95,0.94,0.96,1.17,0.82,0.56,1.23,"",-1,-1.1,151,22.8,152,23.4,154,23.2,1420434,22.1,1235233,26.1,-2131,-6.5,-7,-0.9
"20000","5","4572","56","0","2024","1","",50,240,225,218,3296135,2462155,19896,1114,"",0.80,0.36,0.34,0.33,0.34,0.26,0.18,0.98,"",2,4.2,-2,-0.8,-13,-5.5,-18,-7.6,-29081,-0.9,-38752,-1.5,-7784,-28.1,42,3.9
"20000","5","45721","57","0","2024","1","",50,240,225,218,3296135,2462155,19896,1114,"",0.80,0.36,0.34,0.33,0.34,0.26,0.18,0.98,"",2,4.2,-2,-0.8,-13,-5.5,-18,-7.6,-29081,-0.9,-38752,-1.5,-7784,-28.1,42,3.9
"20000","5","457210","58","0","2024","1","",50,240,225,218,3296135,2462155,19896,1114,"",0.80,0.36,0.34,0.33,0.34,0.26,0.18,0.98,"",2,4.2,-2,-0.8,-13,-5.5,-18,-7.6,-29081,-0.9,-38752,-1.5,-7784,-28.1,42,3.9
"20000","5","458","55","0","2024","1","",811,7448,7202,7292,43314343,36140090,295827,456,"",0.82,0.71,0.70,0.71,0.62,0.51,0.46,0.88,"",11,1.4,-58,-0.8,-76,-1.0,46,0.6,95509,0.2,203432,0.6,-3207,-1.1,3,0.7
"20000","5","4581","56","0","2024","1","",563,5818,5598,5675,30412171,25523570,210180,411,"",0.82,0.74,0.74,0.75,0.64,0.52,0.46,0.85,"",10,1.8,-53,-0.9,-86,-1.5,-1,0.0,-345422,-1.1,-93624,-0.4,-7788,-3.6,-1,-0.2
"20000","5","45811","57","0","2024","1","",563,5818,5598,5675,30412171,25523570,210180,411,"",0.82,0.74,0.74,0.75,0.64,0.52,0.46,0.85,"",10,1.8,-53,-0.9,-86,-1.5,-1,0.0,-345422,-1.1,-93624,-0.4,-7788,-3.6,-1,-0.2
"20000","5","458110","58","0","2024","1","",563,5818,5598,5675,30412171,25523570,210180,411,"",0.82,0.74,0.74,0.75,0.64,0.52,0.46,0.85,"",10,1.8,-53,-0.9,-86,-1.5,-1,0.0,-345422,-1.1,-93624,-0.4,-7788,-3.6,-1,-0.2
"20000","5","4582","56","0","2024","1","",103,864,861,869,5028952,4625985,47439,447,"",0.80,0.54,0.56,0.56,0.54,0.46,0.58,0.98,"",-2,-1.9,-92,-9.6,-46,-5.1,-32,-3.6,62539,1.3,27161,0.6,1283,2.8,32,7.7
"20000","5","45821","57","0","2024","1","",103,864,861,869,5028952,4625985,47439,447,"",0.80,0.54,0.56,0.56,0.54,0.46,0.58,0.98,"",-2,-1.9,-92,-9.6,-46,-5.1,-32,-3.6,62539,1.3,27161,0.6,1283,2.8,32,7.7
"20000","5","458210","58","0","2024","1","",103,864,861,869,5028952,4625985,47439,447,"",0.80,0.54,0.56,0.56,0.54,0.46,0.58,0.98,"",-2,-1.9,-92,-9.6,-46,-5.1,-32,-3.6,62539,1.3,27161,0.6,1283,2.8,32,7.7
"20000","5","4583","56","0","2024","1","",145,766,743,748,7873220,5990535,38208,805,"",0.82,0.66,0.65,0.66,0.63,0.53,0.36,0.96,"",3,2.1,87,12.8,56,8.2,79,11.8,378392,5.0,269895,4.7,3298,9.4,-45,-5.3
"20000","5","45831","57","0","2024","1","N",144,0,0,0,0,0,0,0,"N",0.87,0,0,0,0,0,0,0,"N",4,2.9,0,0,0,0,0,0,0,0,0,0,0,0,0,0
"20000","5","458310","58","0","2024","1","N",144,0,0,0,0,0,0,0,"N",0.87,0,0,0,0,0,0,0,"N",4,2.9,0,0,0,0,0,0,0,0,0,0,0,0,0,0
"20000","5","45832","57","0","2024","1","N",1,0,0,0,0,0,0,0,"N",0.10,0,0,0,0,0,0,0,"N",-1,-50.0,0,0,0,0,0,0,0,0,0,0,0,0,0,0
"20000","5","458320","58","0","2024","1","N",1,0,0,0,0,0,0,0,"N",0.10,0,0,0,0,0,0,0,"N",-1,-50.0,0,0,0,0,0,0,0,0,0,0,0,0,0,0
"20000","5","459","55","0","2024","1","",1490,14241,14362,14319,100639343,83727571,817942,541,"",0.96,1.04,1.05,1.05,1.01,0.81,0.89,0.96,"",30,2.1,-19,-0.1,19,0.1,148,1.0,-3231966,-3.1,160592,0.2,3384,0.4,-19,-3.4
"20000","5","4591","56","0","2024","1","",422,5581,5564,5561,36717201,32319645,257478,507,"",1.12,1.23,1.26,1.26,1.34,1.01,1.12,1.07,"",3,0.7,148,2.7,224,4.2,156,2.9,606578,1.7,1659381,5.4,27617,12.0,-8,-1.6
"20000","5","45911","57","0","2024","1","",215,3709,3705,3718,26288790,22805635,192264,545,"",1.04,1.34,1.38,1.38,1.47,1.12,1.28,1.07,"",5,2.4,196,5.6,242,7.0,177,5.0,585958,2.3,1777294,8.5,24273,14.4,-19,-3.4
"20000","5","459110","58","0","2024","1","",215,3709,3705,3718,26288790,22805635,192264,545,"",1.04,1.34,1.38,1.38,1.47,1.12,1.28,1.07,"",5,2.4,196,5.6,242,7.0,177,5.0,585958,2.3,1777294,8.5,24273,14.4,-19,-3.4
"20000","5","45912","57","0","2024","1","",110,1199,1179,1169,7026975,6320847,39458,457,"",1.06,1.01,1.04,1.04,1.16,0.85,0.75,1.13,"",2,1.9,-13,-1.1,-3,-0.3,5,0.4,133364,1.9,34721,0.6,-463,-1.2,10,2.2
"20000","5","459120","58","0","2024","1","",110,1199,1179,1169,7026975,6320847,39458,457,"",1.06,1.01,1.04,1.04,1.16,0.85,0.75,1.13,"",2,1.9,-13,-1.1,-3,-0.3,5,0.4,133364,1.9,34721,0.6,-463,-1.2,10,2.2
"20000","5","45913","57","0","2024","1","",56,341,341,331,1345446,1289902,10659,307,"",1.63,1.17,1.17,1.14,1.04,0.80,1.03,0.89,"",-2,-3.4,-28,-7.6,-6,-1.7,-19,-5.4,-114273,-7.8,-115512,-8.2,-177,-1.6,-9,-2.8
"20000","5","459130","58","0","2024","1","",56,341,341,331,1345446,1289902,10659,307,"",1.63,1.17,1.17,1.14,1.04,0.80,1.03,0.89,"",-2,-3.4,-28,-7.6,-6,-1.7,-19,-5.4,-114273,-7.8,-115512,-8.2,-177,-1.6,-9,-2.8
"20000","5","45914","57","0","2024","1","",41,332,339,343,2055990,1903261,15097,468,"",1.34,1.07,1.09,1.11,0.92,0.77,0.90,0.84,"",-2,-4.7,-7,-2.1,-9,-2.6,-7,-2.0,1529,0.1,-37122,-1.9,3984,35.8,11,2.4
"20000","5","459140","58","0","2024","1","",41,332,339,343,2055990,1903261,15097,468,"",1.34,1.07,1.09,1.11,0.92,0.77,0.90,0.84,"",-2,-4.7,-7,-2.1,-9,-2.6,-7,-2.0,1529,0.1,-37122,-1.9,3984,35.8,11,2.4
"20000","5","4592","56","0","2024","1","",50,303,279,287,1484570,1460869,7509,394,"",0.77,0.48,0.45,0.48,0.40,0.34,0.19,0.84,"",-1,-2.0,-24,-7.3,-33,-10.6,-13,-4.3,108608,7.9,124258,9.3,394,5.5,56,16.6
"20000","5","45921","57","0","2024","1","",50,303,279,287,1484570,1460869,7509,394,"",0.77,0.48,0.45,0.48,0.40,0.34,0.19,0.84,"",-1,-2.0,-24,-7.3,-33,-10.6,-13,-4.3,108608,7.9,124258,9.3,394,5.5,56,16.6
"20000","5","459210","58","0","2024","1","",50,303,279,287,1484570,1460869,7509,394,"",0.77,0.48,0.45,0.48,0.40,0.34,0.19,0.84,"",-1,-2.0,-24,-7.3,-33,-10.6,-13,-4.3,108608,7.9,124258,9.3,394,5.5,56,16.6
"20000","5","4593","56","0","2024","1","",118,441,539,471,2137947,2104522,18059,340,"",1.17,0.85,0.95,0.89,0.72,0.56,0.53,0.80,"",-1,-0.8,-38,-7.9,-6,-1.1,6,1.3,-50870,-2.3,-37213,-1.7,1012,5.9,1,0.3
"20000","5","45931","57","0","2024","1","",118,441,539,471,2137947,2104522,18059,340,"",1.17,0.85,0.95,0.89,0.72,0.56,0.53,0.80,"",-1,-0.8,-38,-7.9,-6,-1.1,6,1.3,-50870,-2.3,-37213,-1.7,1012,5.9,1,0.3
"20000","5","459310","58","0","2024","1","",118,441,539,471,2137947,2104522,18059,340,"",1.17,0.85,0.95,0.89,0.72,0.56,0.53,0.80,"",-1,-0.8,-38,-7.9,-6,-1.1,6,1.3,-50870,-2.3,-37213,-1.7,1012,5.9,1,0.3
"20000","5","4594","56","0","2024","1","",229,2012,2034,1995,12553271,10422536,88767,480,"",1.08,1.13,1.16,1.14,1.00,0.79,0.82,0.88,"",14,6.5,-326,-13.9,-295,-12.7,-204,-9.3,-4715684,-27.3,-3244409,-23.7,-24402,-21.6,-100,-17.2
"20000","5","45941","57","0","2024","1","",64,562,567,566,5550707,4484334,20942,756,"",1.22,0.92,0.93,0.94,0.91,0.78,0.45,0.99,"",-2,-3.0,-138,-19.7,-136,-19.3,-126,-18.2,-2215423,-28.5,-1366387,-23.4,-13078,-38.4,-99,-11.6
"20000","5","459410","58","0","2024","1","",64,562,567,566,5550707,4484334,20942,756,"",1.22,0.92,0.93,0.94,0.91,0.78,0.45,0.99,"",-2,-3.0,-138,-19.7,-136,-19.3,-126,-18.2,-2215423,-28.5,-1366387,-23.4,-13078,-38.4,-99,-11.6
"20000","5","45942","57","0","2024","1","",165,1450,1467,1429,7002564,5938202,67825,372,"",1.03,1.24,1.28,1.25,1.08,0.80,1.11,0.86,"",16,10.7,-188,-11.5,-159,-9.8,-78,-5.2,-2500261,-26.3,-1878022,-24.0,-11324,-14.3,-88,-19.1
"20000","5","459420","58","0","2024","1","",165,1450,1467,1429,7002564,5938202,67825,372,"",1.03,1.24,1.28,1.25,1.08,0.80,1.11,0.86,"",16,10.7,-188,-11.5,-159,-9.8,-78,-5.2,-2500261,-26.3,-1878022,-24.0,-11324,-14.3,-88,-19.1
"20000","5","4595","56","0","2024","1","",157,2139,2168,2226,15428771,10362898,99594,545,"",1.00,1.14,1.14,1.15,1.37,1.18,1.29,1.20,"",-4,-2.5,81,3.9,10,0.5,111,5.2,-561154,-3.5,495169,5.0,-1424,-1.4,-38,-6.5
"20000","5","45951","57","0","2024","1","",157,2139,2168,2226,15428771,10362898,99594,545,"",1.00,1.14,1.14,1.15,1.37,1.18,1.29,1.20,"",-4,-2.5,81,3.9,10,0.5,111,5.2,-561154,-3.5,495169,5.0,-1424,-1.4,-38,-6.5
"20000","5","459510","58","0","2024","1","",157,2139,2168,2226,15428771,10362898,99594,545,"",1.00,1.14,1.14,1.15,1.37,1.18,1.29,1.20,"",-4,-2.5,81,3.9,10,0.5,111,5.2,-561154,-3.5,495169,5.0,-1424,-1.4,-38,-6.5
"20000","5","4599","56","0","2024","1","",514,3765,3778,3779,32317583,27057101,346535,659,"",0.80,0.86,0.86,0.86,0.77,0.65,0.81,0.90,"",19,3.8,140,3.9,119,3.3,92,2.5,1380556,4.5,1163406,4.5,187,0.1,8,1.2
"20000","5","45991","57","0","2024","1","",95,1330,1346,1350,9702464,8768791,78586,556,"",1.03,1.05,1.07,1.07,1.04,0.84,1.13,0.98,"",4,4.4,21,1.6,4,0.3,5,0.4,428336,4.6,418106,5.0,6772,9.4,20,3.7
"20000","5","459910","58","0","2024","1","",95,1330,1346,1350,9702464,8768791,78586,556,"",1.03,1.05,1.07,1.07,1.04,0.84,1.13,0.98,"",4,4.4,21,1.6,4,0.3,5,0.4,428336,4.6,418106,5.0,6772,9.4,20,3.7
"20000","5","45992","57","0","2024","1","",18,85,84,89,758641,687713,7785,679,"",0.41,0.54,0.52,0.56,0.35,0.42,0.42,0.65,"",-2,-10.0,13,18.1,17,25.4,12,15.6,220564,41.0,176385,34.5,1662,27.1,104,18.1
"20000","5","459920","58","0","2024","1","",18,85,84,89,758641,687713,7785,679,"",0.41,0.54,0.52,0.56,0.35,0.42,0.42,0.65,"",-2,-10.0,13,18.1,17,25.4,12,15.6,220564,41.0,176385,34.5,1662,27.1,104,18.1
"20000","5","45993","57","0","2024","1","",13,43,41,40,593758,416157,6000,1105,"",0.78,0.36,0.33,0.33,0.29,0.28,0.49,0.84,"",0,0.0,0,0.0,-3,-6.8,-1,-2.4,-95890,-13.9,-24214,-5.5,-1215,-16.8,-138,-11.1
"20000","5","459930","58","0","2024","1","",13,43,41,40,593758,416157,6000,1105,"",0.78,0.36,0.33,0.33,0.29,0.28,0.49,0.84,"",0,0.0,0,0.0,-3,-6.8,-1,-2.4,-95890,-13.9,-24214,-5.5,-1215,-16.8,-138,-11.1
"20000","5","45999","57","0","2024","1","",388,2307,2307,2300,21262720,17184440,254164,710,"",0.79,0.81,0.81,0.80,0.74,0.62,0.78,0.92,"",17,4.6,106,4.8,101,4.6,76,3.4,827546,4.0,593129,3.6,-7032,-2.7,-1,-0.1
"20000","5","459991","58","0","2024","1","",153,788,775,761,4318875,4140561,68843,429,"",0.71,0.63,0.62,0.60,0.52,0.39,0.55,0.85,"",23,17.7,93,13.4,75,10.7,49,6.9,302029,7.5,282257,7.3,2654,4.0,-11,-2.5
"20000","5","459999","58","0","2024","1","",235,1519,1532,1539,16943845,13043879,185321,852,"",0.86,0.95,0.96,0.96,0.84,0.76,0.92,0.88,"",-6,-2.5,13,0.9,26,1.7,27,1.8,525517,3.2,310872,2.4,-9686,-5.0,15,1.8
"20000","5","48-49","54","0","2024","1","",2873,62764,62779,61916,900521350,662111426,7942078,1109,"",1.09,1.04,1.05,1.04,1.12,0.96,1.15,1.08,"",-2,-0.1,-1888,-2.9,-1106,-1.7,-1806,-2.8,15581636,1.8,10768609,1.7,-304377,-3.7,47,4.4
"20000","5","481","55","0","2024","1","",57,396,414,398,8114324,4336033,50008,1550,"",0.91,0.08,0.08,0.08,0.06,0.06,0.09,0.77,"N",7,14.0,0,0,0,0,0,0,0,0,0,0,0,0,0,0
"20000","5","4811","56","0","2024","1","",16,167,181,168,2106230,1295828,13356,942,"",0.70,0.04,0.04,0.04,0.02,0.02,0.03,0.47,"N",3,23.1,0,0,0,0,0,0,0,0,0,0,0,0,0,0
"20000","5","48111","57","0","2024","1","",16,167,181,168,2106230,1295828,13356,942,"",0.70,0.04,0.04,0.04,0.02,0.02,0.03,0.47,"N",3,23.1,0,0,0,0,0,0,0,0,0,0,0,0,0,0
"20000","5","481111","58","0","2024","1","",11,164,177,163,2000607,1234101,11689,916,"",0.65,0.04,0.04,0.04,0.02,0.02,0.02,0.45,"",1,10.0,27,19.7,44,33.1,22,15.6,349488,21.2,238412,23.9,1821,18.5,-11,-1.2
"20000","5","481112","58","0","2024","1","",5,3,4,5,105623,61727,1667,2031,"",0.83,0.02,0.03,0.04,0.05,0.04,0.14,1.67,"N",2,66.7,0,0,0,0,0,0,0,0,0,0,0,0,0,0
"20000","5","4812","56","0","2024","1","",41,229,233,230,6008094,3040205,36652,2004,"",1.02,0.43,0.44,0.43,0.43,0.41,0.53,0.99,"",4,10.8,-29,-11.2,-27,-10.4,-26,-10.2,57522,1.0,-182629,-5.7,223,0.6,230,13.0
"20000","5","48121","57","0","2024","1","",41,229,233,230,6008094,3040205,36652,2004,"",1.02,0.43,0.44,0.43,0.43,0.41,0.53,0.99,"",4,10.8,-29,-11.2,-27,-10.4,-26,-10.2,57522,1.0,-182629,-5.7,223,0.6,230,13.0
"20000","5","481211","58","0","2024","1","",32,79,80,79,2160573,1018392,15130,2095,"",1.20,0.21,0.22,0.21,0.22,0.20,0.32,1.03,"",6,23.1,-40,-33.6,-37,-31.6,-39,-33.1,-486152,-18.4,-389006,-27.6,2602,20.8,370,21.4
"20000","5","481212","58","0","2024","1","N",3,0,0,0,0,0,0,0,"N",0.60,0,0,0,0,0,0,0,"N",0,0.0,0,0,0,0,0,0,0,0,0,0,0,0,0,0
"20000","5","481219","58","0","2024","1","N",6,0,0,0,0,0,0,0,"N",0.72,0,0,0,0,0,0,0,"N",-2,-25.0,0,0,0,0,0,0,0,0,0,0,0,0,0,0
"20000","5","484","55","0","2024","1","",1610,16869,16904,17035,273952016,208579323,2302656,1244,"",1.10,1.22,1.22,1.23,1.52,1.20,1.48,1.24,"",-49,-3.0,-167,-1.0,-116,-0.7,-54,-0.3,819369,0.3,1284368,0.6,-186043,-7.5,12,1.0
"20000","5","4841","56","0","2024","1","",1002,12009,11955,12025,199161283,151442663,1574073,1277,"",0.98,1.23,1.22,1.23,1.58,1.23,1.49,1.28,"",-28,-2.7,147,1.2,31,0.3,98,0.8,1837286,0.9,2061355,1.4,-78232,-4.7,2,0.2
"20000","5","48411","57","0","2024","1","",152,1080,1098,1090,14504910,12194380,202005,1024,"",0.38,0.40,0.41,0.41,0.47,0.38,0.56,1.14,"",-6,-3.8,-15,-1.4,-24,-2.1,-49,-4.3,-886641,-5.8,-662375,-5.2,-16144,-7.4,-34,-3.2
"20000","5","484110","58","0","2024","1","",152,1080,1098,1090,14504910,12194380,202005,1024,"",0.38,0.40,0.41,0.41,0.47,0.38,0.56,1.14,"",-6,-3.8,-15,-1.4,-24,-2.1,-49,-4.3,-886641,-5.8,-662375,-5.2,-16144,-7.4,-34,-3.2
"20000","5","48412","57","0","2024","1","",850,10929,10857,10935,184656373,139248283,1372068,1302,"",1.35,1.54,1.53,1.54,1.94,1.54,1.96,1.26,"",-22,-2.5,162,1.5,55,0.5,147,1.4,2723927,1.5,2723730,2.0,-62088,-4.3,4,0.3
"20000","5","484121","58","0","2024","1","",775,7828,7814,7825,123813104,98560758,984774,1218,"",1.49,1.64,1.63,1.63,2.01,1.63,2.26,1.24,"",-12,-1.5,653,9.1,458,6.2,466,6.3,5737836,4.9,7131888,7.8,-66530,-6.3,-27,-2.2
"20000","5","484122","58","0","2024","1","",75,3101,3043,3110,60843269,40687525,387294,1517,"",0.69,1.34,1.32,1.35,1.80,1.35,1.47,1.35,"",-10,-11.8,-491,-13.7,-403,-11.7,-319,-9.3,-3013909,-4.7,-4408158,-9.8,4442,1.2,109,7.7
"20000","5","4842","56","0","2024","1","",608,4860,4949,5010,74790733,57136660,728583,1165,"",1.38,1.21,1.22,1.23,1.40,1.13,1.45,1.15,"",-21,-3.3,-314,-6.1,-147,-2.9,-152,-2.9,-1017917,-1.3,-776987,-1.3,-107811,-12.9,31,2.7
"20000","5","48421","57","0","2024","1","",83,855,866,895,8134185,7154169,79881,718,"",1.01,1.05,1.06,1.07,1.05,0.88,0.97,0.99,"",1,1.2,-95,-10.0,-60,-6.5,-61,-6.4,-119289,-1.4,-86484,-1.2,-16889,-17.5,45,6.7
"20000","5","484210","58","0","2024","1","",83,855,866,895,8134185,7154169,79881,718,"",1.01,1.05,1.06,1.07,1.05,0.88,0.97,0.99,"",1,1.2,-95,-10.0,-60,-6.5,-61,-6.4,-119289,-1.4,-86484,-1.2,-16889,-17.5,45,6.7
"20000","5","48422","57","0","2024","1","",352,2061,2133,2162,31019048,24670626,351334,1126,"",1.39,1.03,1.06,1.07,1.22,0.95,1.18,1.15,"",-17,-4.6,-120,-5.5,-15,-0.7,-35,-1.6,483734,1.6,241211,1.0,-36764,-9.5,46,4.3
"20000","5","484220","58","0","2024","1","",352,2061,2133,2162,31019048,24670626,351334,1126,"",1.39,1.03,1.06,1.07,1.22,0.95,1.18,1.15,"",-17,-4.6,-120,-5.5,-15,-0.7,-35,-1.6,483734,1.6,241211,1.0,-36764,-9.5,46,4.3
"20000","5","48423","57","0","2024","1","",173,1944,1950,1953,35637500,25311865,297368,1407,"",1.64,1.61,1.60,1.60,1.78,1.54,2.42,1.11,"",-5,-2.8,-99,-4.8,-72,-3.6,-56,-2.8,-1382362,-3.7,-931714,-3.6,-54158,-15.4,1,0.1
"20000","5","484230","58","0","2024","1","",173,1944,1950,1953,35637500,25311865,297368,1407,"",1.64,1.61,1.60,1.60,1.78,1.54,2.42,1.11,"",-5,-2.8,-99,-4.8,-72,-3.6,-56,-2.8,-1382362,-3.7,-931714,-3.6,-54158,-15.4,1,0.1
"20000","5","485","55","0","2024","1","",119,3897,3922,3569,29771619,27671788,217586,603,"",0.66,0.78,0.77,0.71,0.58,0.54,0.21,0.77,"",-1,-0.8,69,1.8,100,2.6,-143,-3.9,871504,3.0,957462,3.6,-37319,-14.6,16,2.7
"20000","5","4851","56","0","2024","1","",4,58,56,58,555663,62049,917,746,"",0.59,0.14,0.13,0.14,0.11,0.01,0.02,0.80,"N",0,0.0,0,0,0,0,0,0,0,0,0,0,0,0,0,0
"20000","5","48511","57","0","2024","1","",4,58,56,58,555663,62049,917,746,"",0.59,0.14,0.13,0.14,0.11,0.01,0.02,0.80,"N",0,0.0,0,0,0,0,0,0,0,0,0,0,0,0,0,0
"20000","5","485113","58","0","2024","1","",4,58,56,58,555663,62049,917,746,"",0.78,0.17,0.16,0.17,0.14,0.02,0.02,0.82,"N",0,0.0,0,0,0,0,0,0,0,0,0,0,0,0,0,0
"20000","5","4852","56","0","2024","1","",3,8,10,10,74699,73099,1304,616,"",0.75,0.06,0.07,0.07,0.05,0.04,0.08,0.74,"N",2,200.0,0,0,0,0,0,0,0,0,0,0,0,0,0,0
"20000","5","48521","57","0","2024","1","",3,8,10,10,74699,73099,1304,616,"",0.75,0.06,0.07,0.07,0.05,0.04,0.08,0.74,"N",2,200.0,0,0,0,0,0,0,0,0,0,0,0,0,0,0
"20000","5","485210","58","0","2024","1","",3,8,10,10,74699,73099,1304,616,"",0.75,0.06,0.07,0.07,0.05,0.04,0.08,0.74,"N",2,200.0,0,0,0,0,0,0,0,0,0,0,0,0,0,0
"20000","5","4853","56","0","2024","1","",30,154,167,151,1161520,1039938,8489,568,"",0.49,0.11,0.12,0.11,0.06,0.07,0.05,0.50,"",2,7.1,-39,-20.2,-22,-11.6,-21,-12.2,-327335,-22.0,-216512,-17.2,-9080,-51.7,-52,-8.4
"20000","5","48531","57","0","2024","1","",17,77,81,65,377370,327423,1021,391,"",0.64,0.07,0.07,0.06,0.02,0.03,0.01,0.31,"",0,0.0,-28,-26.7,-22,-21.4,-23,-26.1,-307115,-44.9,-201776,-38.1,-7974,-88.6,-143,-26.8
"20000","5","485310","58","0","2024","1","",17,77,81,65,377370,327423,1021,391,"",0.64,0.07,0.07,0.06,0.02,0.03,0.01,0.31,"",0,0.0,-28,-26.7,-22,-21.4,-23,-26.1,-307115,-44.9,-201776,-38.1,-7974,-88.6,-143,-26.8
"20000","5","48532","57","0","2024","1","",13,77,86,86,784150,712515,7468,727,"",0.37,0.30,0.33,0.33,0.38,0.30,0.25,1.19,"",2,18.2,-11,-12.5,0,0.0,2,2.4,-20220,-2.5,-14736,-2.0,-1106,-12.9,8,1.1
"20000","5","485320","58","0","2024","1","",13,77,86,86,784150,712515,7468,727,"",0.37,0.30,0.33,0.33,0.38,0.30,0.25,1.19,"",2,18.2,-11,-12.5,0,0.0,2,2.4,-20220,-2.5,-14736,-2.0,-1106,-12.9,8,1.1
"20000","5","4854","56","0","2024","1","",24,3027,3019,2687,23022695,21826495,156734,608,"",0.68,1.60,1.57,1.42,1.73,1.22,0.25,1.13,"",-10,-29.4,60,2.0,68,2.3,-226,-7.8,805364,3.6,710488,3.4,-35898,-18.6,27,4.6
"20000","5","48541","57","0","2024","1","",24,3027,3019,2687,23022695,21826495,156734,608,"",0.68,1.60,1.57,1.42,1.73,1.22,0.25,1.13,"",-10,-29.4,60,2.0,68,2.3,-226,-7.8,805364,3.6,710488,3.4,-35898,-18.6,27,4.6
"20000","5","485410","58","0","2024","1","",24,3027,3019,2687,23022695,21826495,156734,608,"",0.68,1.60,1.57,1.42,1.73,1.22,0.25,1.13,"",-10,-29.4,60,2.0,68,2.3,-226,-7.8,805364,3.6,710488,3.4,-35898,-18.6,27,4.6
"20000","5","4855","56","0","2024","1","",8,117,119,127,1126793,1061001,6536,716,"",0.70,0.60,0.58,0.60,0.55,0.48,0.26,0.93,"",-1,-11.1,6,5.4,0,0.0,-5,-3.8,69710,6.6,57394,5.7,1601,32.4,42,6.2
"20000","5","48551","57","0","2024","1","",8,117,119,127,1126793,1061001,6536,716,"",0.70,0.60,0.58,0.60,0.55,0.48,0.26,0.93,"",-1,-11.1,6,5.4,0,0.0,-5,-3.8,69710,6.6,57394,5.7,1601,32.4,42,6.2
"20000","5","485510","58","0","2024","1","",8,117,119,127,1126793,1061001,6536,716,"",0.70,0.60,0.58,0.60,0.55,0.48,0.26,0.93,"",-1,-11.1,6,5.4,0,0.0,-5,-3.8,69710,6.6,57394,5.7,1601,32.4,42,6.2
"20000","5","4859","56","0","2024","1","",50,533,551,536,3830249,3609206,43606,546,"",0.81,0.54,0.55,0.53,0.43,0.38,0.34,0.79,"",6,13.6,44,9.0,58,11.8,109,25.5,349608,10.0,362893,11.2,5024,13.0,-24,-4.2
"20000","5","48599","57","0","2024","1","",50,533,551,536,3830249,3609206,43606,546,"",0.81,0.54,0.55,0.53,0.43,0.38,0.34,0.79,"",6,13.6,44,9.0,58,11.8,109,25.5,349608,10.0,362893,11.2,5024,13.0,-24,-4.2
"20000","5","485991","58","0","2024","1","",39,441,453,456,2838348,2753340,29471,485,"",1.11,0.67,0.68,0.68,0.51,0.44,0.34,0.76,"",8,25.8,44,11.1,51,12.7,121,36.1,253024,9.8,248933,9.9,2272,8.4,-41,-7.8
"20000","5","485999","58","0","2024","1","",11,92,98,80,991901,855866,14135,848,"",0.41,0.28,0.29,0.24,0.29,0.27,0.36,1.08,"",-2,-15.4,0,0.0,7,7.7,-12,-13.0,96584,10.8,113960,15.4,2752,24.2,97,12.9
"20000","5","486","55","0","2024","1","",103,1220,1221,1229,46396413,16562087,48645,2917,"",3.57,2.44,2.42,2.45,2.20,1.97,0.92,0.90,"",16,18.4,18,1.5,22,1.8,22,1.8,3611014,8.4,270400,1.7,-24943,-33.9,180,6.6
"20000","5","4861","56","0","2024","1","N",6,0,0,0,0,0,0,0,"N",1.23,0,0,0,0,0,0,0,"N",1,20.0,0,0,0,0,0,0,0,0,0,0,0,0,0,0
"20000","5","48611","57","0","2024","1","N",6,0,0,0,0,0,0,0,"N",1.23,0,0,0,0,0,0,0,"N",1,20.0,0,0,0,0,0,0,0,0,0,0,0,0,0,0
"20000","5","486110","58","0","2024","1","N",6,0,0,0,0,0,0,0,"N",1.23,0,0,0,0,0,0,0,"N",1,20.0,0,0,0,0,0,0,0,0,0,0,0,0,0,0
"20000","5","4862","56","0","2024","1","",87,1068,1067,1074,40028691,14466938,41364,2879,"",4.64,3.32,3.31,3.34,2.75,2.65,1.30,0.83,"",16,22.5,90,9.2,92,9.4,94,9.6,6295441,18.7,1328293,10.1,-16078,-28.0,225,8.5
"20000","5","48621","57","0","2024","1","",87,1068,1067,1074,40028691,14466938,41364,2879,"",4.64,3.32,3.31,3.34,2.75,2.65,1.30,0.83,"",16,22.5,90,9.2,92,9.4,94,9.6,6295441,18.7,1328293,10.1,-16078,-28.0,225,8.5
"20000","5","486210","58","0","2024","1","",87,1068,1067,1074,40028691,14466938,41364,2879,"",4.64,3.32,3.31,3.34,2.75,2.65,1.30,0.83,"",16,22.5,90,9.2,92,9.4,94,9.6,6295441,18.7,1328293,10.1,-16078,-28.0,225,8.5
"20000","5","4869","56","0","2024","1","N",10,0,0,0,0,0,0,0,"N",1.91,0,0,0,0,0,0,0,"N",-1,-9.1,0,0,0,0,0,0,0,0,0,0,0,0,0,0
"20000","5","48691","57","0","2024","1","N",10,0,0,0,0,0,0,0,"N",2.20,0,0,0,0,0,0,0,"N",-1,-9.1,0,0,0,0,0,0,0,0,0,0,0,0,0,0
"20000","5","486910","58","0","2024","1","N",10,0,0,0,0,0,0,0,"N",2.20,0,0,0,0,0,0,0,"N",-1,-9.1,0,0,0,0,0,0,0,0,0,0,0,0,0,0
"20000","5","487","55","0","2024","1","N",2,0,0,0,0,0,0,0,"N",0.07,0,0,0,0,0,0,0,"N",-1,-33.3,0,0,0,0,0,0,0,0,0,0,0,0,0,0
"20000","5","4871","56","0","2024","1","N",1,0,0,0,0,0,0,0,"N",0.14,0,0,0,0,0,0,0,"N",-1,-50.0,0,0,0,0,0,0,0,0,0,0,0,0,0,0
"20000","5","48711","57","0","2024","1","N",1,0,0,0,0,0,0,0,"N",0.14,0,0,0,0,0,0,0,"N",-1,-50.0,0,0,0,0,0,0,0,0,0,0,0,0,0,0
"20000","5","487110","58","0","2024","1","N",1,0,0,0,0,0,0,0,"N",0.14,0,0,0,0,0,0,0,"N",-1,-50.0,0,0,0,0,0,0,0,0,0,0,0,0,0,0
"20000","5","4879","56","0","2024","1","N",1,0,0,0,0,0,0,0,"N",0.40,0,0,0,0,0,0,0,"N",0,0.0,0,0,0,0,0,0,0,0,0,0,0,0,0,0
"20000","5","48799","57","0","2024","1","N",1,0,0,0,0,0,0,0,"N",0.40,0,0,0,0,0,0,0,"N",0,0.0,0,0,0,0,0,0,0,0,0,0,0,0,0,0
"20000","5","487990","58","0","2024","1","N",1,0,0,0,0,0,0,0,"N",0.40,0,0,0,0,0,0,0,"N",0,0.0,0,0,0,0,0,0,0,0,0,0,0,0,0,0
"20000","5","488","55","0","2024","1","",502,7934,8046,8047,153101515,95815870,1316708,1470,"",1.06,1.06,1.07,1.07,1.41,1.07,1.50,1.32,"",26,5.5,299,3.9,340,4.4,298,3.8,5236360,3.5,6261897,7.0,26796,2.1,-8,-0.5
"20000","5","4881","56","0","2024","1","",129,1786,1789,1827,28255283,20031042,223569,1207,"",1.69,0.74,0.74,0.75,0.93,0.74,0.93,1.25,"",0,0.0,-8,-0.4,26,1.5,63,3.6,1862304,7.1,1044536,5.5,11807,5.6,62,5.4
"20000","5","48811","57","0","2024","1","",21,328,325,351,3816604,2865139,25670,877,"",1.07,0.29,0.29,0.31,0.39,0.26,0.24,1.33,"",2,10.5,5,1.5,1,0.3,31,9.7,265719,7.5,227145,8.6,10362,67.7,30,3.5
"20000","5","488111","58","0","2024","1","N",10,0,0,0,0,0,0,0,"N",4.80,0,0,0,0,0,0,0,"N",1,11.1,0,0,0,0,0,0,0,0,0,0,0,0,0,0
"20000","5","488119","58","0","2024","1","N",11,0,0,0,0,0,0,0,"N",0.62,0,0,0,0,0,0,0,"N",1,10.0,0,0,0,0,0,0,0,0,0,0,0,0,0,0
"20000","5","48819","57","0","2024","1","",108,1458,1464,1476,24438679,17165903,197899,1282,"",1.91,1.13,1.13,1.14,1.18,1.06,1.49,1.04,"",-2,-1.8,-13,-0.9,25,1.7,32,2.2,1596585,7.0,817391,5.0,1445,0.7,71,5.9
"20000","5","488190","58","0","2024","1","",108,1458,1464,1476,24438679,17165903,197899,1282,"",1.91,1.13,1.13,1.14,1.18,1.06,1.49,1.04,"",-2,-1.8,-13,-0.9,25,1.7,32,2.2,1596585,7.0,817391,5.0,1445,0.7,71,5.9
"20000","5","4882","56","0","2024","1","",37,831,839,840,18008908,10467497,106058,1656,"",2.25,2.41,2.40,2.39,3.70,2.32,1.92,1.54,"",1,2.8,49,6.3,48,6.1,38,4.7,299271,1.7,813343,8.4,-4460,-4.0,-65,-3.8
"20000","5","48821","57","0","2024","1","",37,831,839,840,18008908,10467497,106058,1656,"",2.25,2.41,2.40,2.39,3.70,2.32,1.92,1.54,"",1,2.8,49,6.3,48,6.1,38,4.7,299271,1.7,813343,8.4,-4460,-4.0,-65,-3.8
"20000","5","488210","58","0","2024","1","",37,831,839,840,18008908,10467497,106058,1656,"",2.25,2.41,2.40,2.39,3.70,2.32,1.92,1.54,"",1,2.8,49,6.3,48,6.1,38,4.7,299271,1.7,813343,8.4,-4460,-4.0,-65,-3.8
"20000","5","4884","56","0","2024","1","",113,1159,1165,1160,16516148,13041209,163176,1094,"",0.92,1.09,1.10,1.10,1.41,1.10,1.38,1.28,"",1,0.9,67,6.1,68,6.2,61,5.6,1540049,10.3,1192606,10.1,13582,9.1,43,4.1
"20000","5","48841","57","0","2024","1","",85,653,668,674,9013448,7152991,79399,1043,"",0.96,0.96,0.98,0.99,1.22,0.95,1.17,1.25,"",7,9.0,41,6.7,49,7.9,50,8.0,926247,11.5,629316,9.6,37,0.0,37,3.7
"20000","5","488410","58","0","2024","1","",85,653,668,674,9013448,7152991,79399,1043,"",0.96,0.96,0.98,0.99,1.22,0.95,1.17,1.25,"",7,9.0,41,6.7,49,7.9,50,8.0,926247,11.5,629316,9.6,37,0.0,37,3.7
"20000","5","48849","57","0","2024","1","",28,506,497,486,7502700,5888218,83777,1163,"",0.81,1.33,1.33,1.31,1.74,1.37,1.67,1.31,"",-6,-17.6,26,5.4,19,4.0,11,2.3,613802,8.9,563290,10.6,13545,19.3,54,4.9
"20000","5","488490","58","0","2024","1","",28,506,497,486,7502700,5888218,83777,1163,"",0.81,1.33,1.33,1.31,1.74,1.37,1.67,1.31,"",-6,-17.6,26,5.4,19,4.0,11,2.3,613802,8.9,563290,10.6,13545,19.3,54,4.9
"20000","5","4885","56","0","2024","1","",212,4107,4200,4167,89663618,51852199,816242,1659,"",1.04,1.68,1.71,1.71,2.29,1.64,2.48,1.35,"",20,10.4,191,4.9,192,4.8,131,3.2,1418912,1.6,3113376,6.4,2396,0.3,-44,-2.6
"20000","5","48851","57","0","2024","1","",212,4107,4200,4167,89663618,51852199,816242,1659,"",1.04,1.68,1.71,1.71,2.29,1.64,2.48,1.35,"",20,10.4,191,4.9,192,4.8,131,3.2,1418912,1.6,3113376,6.4,2396,0.3,-44,-2.6
"20000","5","488510","58","0","2024","1","",212,4107,4200,4167,89663618,51852199,816242,1659,"",1.04,1.68,1.71,1.71,2.29,1.64,2.48,1.35,"",20,10.4,191,4.9,192,4.8,131,3.2,1418912,1.6,3113376,6.4,2396,0.3,-44,-2.6
"20000","5","4889","56","0","2024","1","",11,51,53,53,657558,423923,7663,967,"",0.38,0.15,0.16,0.16,0.15,0.12,0.20,0.93,"",4,57.1,0,0.0,6,12.8,5,10.4,115824,21.4,98036,30.1,3471,82.8,111,13.0
"20000","5","48899","57","0","2024","1","",11,51,53,53,657558,423923,7663,967,"",0.38,0.15,0.16,0.16,0.15,0.12,0.20,0.93,"",4,57.1,0,0.0,6,12.8,5,10.4,115824,21.4,98036,30.1,3471,82.8,111,13.0
"20000","5","488991","58","0","2024","1","",4,10,10,9,126214,87396,1175,1004,"",0.34,0.05,0.05,0.05,0.06,0.04,0.05,1.25,"",0,0.0,-3,-23.1,-2,-16.7,-3,-25.0,17402,16.0,-1146,-1.3,-80,-6.4,325,47.9
"20000","5","488999","58","0","2024","1","",7,41,43,44,531344,336527,6488,958,"",0.40,0.29,0.30,0.31,0.21,0.22,0.40,0.70,"",4,133.3,3,7.9,8,22.9,8,22.2,98422,22.7,99182,41.8,3551,120.9,41,4.5
"20000","5","491","55","0","2024","1","N",2,0,0,0,0,0,0,0,"N",0.23,0,0,0,0,0,0,0,"N",2,100.0,0,0,0,0,0,0,0,0,0,0,0,0,0,0
"20000","5","4911","56","0","2024","1","N",2,0,0,0,0,0,0,0,"N",0.23,0,0,0,0,0,0,0,"N",2,100.0,0,0,0,0,0,0,0,0,0,0,0,0,0,0
"20000","5","49111","57","0","2024","1","N",2,0,0,0,0,0,0,0,"N",0.23,0,0,0,0,0,0,0,"N",2,100.0,0,0,0,0,0,0,0,0,0,0,0,0,0,0
"20000","5","491110","58","0","2024","1","N",2,0,0,0,0,0,0,0,"N",0.23,0,0,0,0,0,0,0,"N",2,100.0,0,0,0,0,0,0,0,0,0,0,0,0,0,0
"20000","5","492","55","0","2024","1","",198,10615,10551,10399,128402430,93974361,1139981,939,"",1.04,1.06,1.09,1.10,1.21,0.97,1.31,1.12,"",-3,-1.5,-761,-6.7,-476,-4.3,-516,-4.7,408553,0.3,-450032,-0.5,-144975,-11.3,52,5.9
"20000","5","4921","56","0","2024","1","",123,9436,9436,9326,116822952,83248831,939284,956,"",1.04,1.14,1.18,1.19,1.37,1.05,1.46,1.18,"",-5,-3.9,-804,-7.9,-502,-5.1,-474,-4.8,-108414,-0.1,-986323,-1.2,-147972,-13.6,56,6.2
"20000","5","49211","57","0","2024","1","",123,9436,9436,9326,116822952,83248831,939284,956,"",1.04,1.14,1.18,1.19,1.37,1.05,1.46,1.18,"",-5,-3.9,-804,-7.9,-502,-5.1,-474,-4.8,-108414,-0.1,-986323,-1.2,-147972,-13.6,56,6.2
"20000","5","492110","58","0","2024","1","",123,9436,9436,9326,116822952,83248831,939284,956,"",1.04,1.14,1.18,1.19,1.37,1.05,1.46,1.18,"",-5,-3.9,-804,-7.9,-502,-5.1,-474,-4.8,-108414,-0.1,-986323,-1.2,-147972,-13.6,56,6.2
"20000","5","4922","56","0","2024","1","",75,1179,1115,1073,11579478,10725530,200697,794,"",1.04,0.68,0.67,0.67,0.56,0.62,0.89,0.83,"",2,2.7,43,3.8,26,2.4,-42,-3.8,516967,4.7,536291,5.3,2997,1.5,30,3.9
"20000","5","49221","57","0","2024","1","",75,1179,1115,1073,11579478,10725530,200697,794,"",1.04,0.68,0.67,0.67,0.56,0.62,0.89,0.83,"",2,2.7,43,3.8,26,2.4,-42,-3.8,516967,4.7,536291,5.3,2997,1.5,30,3.9
"20000","5","492210","58","0","2024","1","",75,1179,1115,1073,11579478,10725530,200697,794,"",1.04,0.68,0.67,0.67,0.56,0.62,0.89,0.83,"",2,2.7,43,3.8,26,2.4,-42,-3.8,516967,4.7,536291,5.3,2997,1.5,30,3.9
"20000","5","493","55","0","2024","1","",280,21831,21718,21237,260715674,215145214,2866004,929,"",1.51,1.23,1.26,1.26,1.44,1.18,1.54,1.15,"",1,0.4,-1343,-5.8,-995,-4.4,-1412,-6.2,4148144,1.6,2356081,1.1,58555,2.1,65,7.5
"20000","5","4931","56","0","2024","1","",280,21831,21718,21237,260715674,215145214,2866004,929,"",1.51,1.23,1.26,1.26,1.44,1.18,1.54,1.15,"",1,0.4,-1343,-5.8,-995,-4.4,-1412,-6.2,4148144,1.6,2356081,1.1,58555,2.1,65,7.5
"20000","5","49311","57","0","2024","1","",157,19147,19042,18539,223701043,187891865,2539242,910,"",1.11,1.16,1.19,1.18,1.36,1.12,1.51,1.16,"",9,6.1,-1056,-5.2,-756,-3.8,-1168,-5.9,6297362,2.9,4280746,2.3,40292,1.6,70,8.3
"20000","5","493110","58","0","2024","1","",157,19147,19042,18539,223701043,187891865,2539242,910,"",1.11,1.16,1.19,1.18,1.36,1.12,1.51,1.16,"",9,6.1,-1056,-5.2,-756,-3.8,-1168,-5.9,6297362,2.9,4280746,2.3,40292,1.6,70,8.3
"20000","5","49312","57","0","2024","1","",19,1437,1473,1459,22008753,15395718,249262,1162,"",1.27,2.13,2.17,2.15,2.44,1.77,2.46,1.13,"",0,0.0,18,1.3,52,3.7,23,1.6,1191213,5.7,488467,3.3,74459,42.6,39,3.5
"20000","5","493120","58","0","2024","1","",19,1437,1473,1459,22008753,15395718,249262,1162,"",1.27,2.13,2.17,2.15,2.44,1.77,2.46,1.13,"",0,0.0,18,1.3,52,3.7,23,1.6,1191213,5.7,488467,3.3,74459,42.6,39,3.5
"20000","5","49313","57","0","2024","1","",80,670,661,683,8347361,6697900,28068,956,"",10.78,7.43,7.30,7.56,7.73,6.12,2.71,1.04,"",-7,-8.0,-41,-5.8,-45,-6.4,-47,-6.4,64276,0.8,-130096,-1.9,-10261,-26.8,66,7.4
"20000","5","493130","58","0","2024","1","",80,670,661,683,8347361,6697900,28068,956,"",10.78,7.43,7.30,7.56,7.73,6.12,2.71,1.04,"",-7,-8.0,-41,-5.8,-45,-6.4,-47,-6.4,64276,0.8,-130096,-1.9,-10261,-26.8,66,7.4
"20000","5","49319","57","0","2024","1","",24,577,542,556,6658517,5159731,49432,917,"",1.08,1.20,1.11,1.14,0.95,0.89,0.77,0.82,"",-1,-4.0,-264,-31.4,-246,-31.2,-220,-28.4,-3404707,-33.8,-2283036,-30.7,-45935,-48.2,-49,-5.1
"20000","5","493190","58","0","2024","1","",24,577,542,556,6658517,5159731,49432,917,"",1.08,1.20,1.11,1.14,0.95,0.89,0.77,0.82,"",-1,-4.0,-264,-31.4,-246,-31.2,-220,-28.4,-3404707,-33.8,-2283036,-30.7,-45935,-48.2,-49,-5.1
"20000","5","51","54","0","2024","1","",2639,17781,17716,17781,430803438,204264314,2634608,1866,"",1.10,0.67,0.65,0.66,0.43,0.46,0.55,0.66,"",89,3.5,-365,-2.0,-467,-2.6,-283,-1.6,6212618,1.5,-1502237,-0.7,-281292,-9.6,65,3.6
"20000","5","512","55","0","2024","1","",169,1408,1344,1359,8764625,5251627,38064,492,"",0.51,0.43,0.38,0.38,0.14,0.16,0.06,0.36,"",-3,-1.7,-41,-2.8,-76,-5.4,-13,-0.9,1025174,13.2,-81865,-1.5,-8746,-18.7,71,16.9
"20000","5","5121","56","0","2024","1","",159,1350,1287,1302,7863352,4524032,27179,461,"",0.55,0.44,0.38,0.38,0.14,0.14,0.04,0.34,"",-4,-2.5,-42,-3.0,-77,-5.6,-11,-0.8,931980,13.4,-144332,-3.1,-10818,-28.5,68,17.3
"20000","5","51211","57","0","2024","1","",74,156,155,160,2092654,1368481,15532,1025,"",0.36,0.09,0.08,0.08,0.04,0.06,0.03,0.56,"",-3,-3.9,-9,-5.5,-18,-10.4,-8,-4.8,174626,9.1,13562,1.0,-2349,-13.1,150,17.1
"20000","5","512110","58","0","2024","1","",74,156,155,160,2092654,1368481,15532,1025,"",0.36,0.09,0.08,0.08,0.04,0.06,0.03,0.56,"",-3,-3.9,-9,-5.5,-18,-10.4,-8,-4.8,174626,9.1,13562,1.0,-2349,-13.1,150,17.1
"20000","5","51212","57","0","2024","1","N",5,0,0,0,0,0,0,0,"N",0.74,0,0,0,0,0,0,0,"N",0,0.0,0,0,0,0,0,0,0,0,0,0,0,0,0,0
"20000","5","512120","58","0","2024","1","N",5,0,0,0,0,0,0,0,"N",0.74,0,0,0,0,0,0,0,"N",0,0.0,0,0,0,0,0,0,0,0,0,0,0,0,0,0
"20000","5","51213","57","0","2024","1","",60,1148,1102,1089,5102477,2747785,6136,353,"",1.72,1.07,1.07,1.05,1.13,0.52,0.17,1.06,"",-3,-4.8,-48,-4.0,-54,-4.7,-24,-2.2,630883,14.1,-179423,-6.1,-7928,-56.4,55,18.5
"20000","5","512131","58","0","2024","1","N",56,0,0,0,0,0,0,0,"N",1.68,0,0,0,0,0,0,0,"N",-3,-5.1,0,0,0,0,0,0,0,0,0,0,0,0,0,0
"20000","5","512132","58","0","2024","1","N",4,0,0,0,0,0,0,0,"N",2.36,0,0,0,0,0,0,0,"N",0,0.0,0,0,0,0,0,0,0,0,0,0,0,0,0,0
"20000","5","51219","57","0","2024","1","N",20,0,0,0,0,0,0,0,"N",0.51,0,0,0,0,0,0,0,"N",2,11.1,0,0,0,0,0,0,0,0,0,0,0,0,0,0
"20000","5","512191","58","0","2024","1","",16,16,14,16,313670,177551,4138,1574,"",0.49,0.11,0.09,0.11,0.10,0.11,0.14,0.96,"N",1,6.7,0,0,0,0,0,0,0,0,0,0,0,0,0,0
"20000","5","512199","58","0","2024","1","N",4,0,0,0,0,0,0,0,"N",0.63,0,0,0,0,0,0,0,"N",1,33.3,0,0,0,0,0,0,0,0,0,0,0,0,0,0
"20000","5","5122","56","0","2024","1","",10,58,57,57,901273,727595,10885,1209,"",0.23,0.31,0.30,0.30,0.19,0.35,0.40,0.63,"",1,11.1,1,1.8,1,1.8,-2,-3.4,93194,11.5,62467,9.4,2072,23.5,125,11.5
"20000","5","51223","57","0","2024","1","N",3,0,0,0,0,0,0,0,"N",0.30,0,0,0,0,0,0,0,"N",1,50.0,0,0,0,0,0,0,0,0,0,0,0,0,0,0
"20000","5","512230","58","0","2024","1","N",3,0,0,0,0,0,0,0,"N",0.30,0,0,0,0,0,0,0,"N",1,50.0,0,0,0,0,0,0,0,0,0,0,0,0,0,0
"20000","5","51224","57","0","2024","1","",4,12,12,9,130934,111855,3905,916,"",0.25,0.28,0.28,0.21,0.21,0.24,0.73,0.81,"",1,33.3,-2,-14.3,-2,-14.3,-5,-35.7,412,0.3,-10957,-8.9,2142,121.5,199,27.8
"20000","5","512240","58","0","2024","1","",4,12,12,9,130934,111855,3905,916,"",0.25,0.28,0.28,0.21,0.21,0.24,0.73,0.81,"",1,33.3,-2,-14.3,-2,-14.3,-5,-35.7,412,0.3,-10957,-8.9,2142,121.5,199,27.8
"20000","5","51225","57","0","2024","1","N",2,0,0,0,0,0,0,0,"N",0.18,0,0,0,0,0,0,0,"N",-1,-33.3,0,0,0,0,0,0,0,0,0,0,0,0,0,0
"20000","5","512250","58","0","2024","1","N",2,0,0,0,0,0,0,0,"N",0.18,0,0,0,0,0,0,0,"N",-1,-33.3,0,0,0,0,0,0,0,0,0,0,0,0,0,0
"20000","5","51229","57","0","2024","1","N",1,0,0,0,0,0,0,0,"N",0.14,0,0,0,0,0,0,0,"N",0,0.0,0,0,0,0,0,0,0,0,0,0,0,0,0,0
"20000","5","512290","58","0","2024","1","N",1,0,0,0,0,0,0,0,"N",0.14,0,0,0,0,0,0,0,"N",0,0.0,0,0,0,0,0,0,0,0,0,0,0,0,0,0
"20000","5","513","55","0","2024","1","",1155,4906,4915,4977,122330899,59034033,935960,1908,"",1.14,0.58,0.58,0.60,0.39,0.35,0.58,0.67,"",41,3.7,-608,-11.0,-649,-11.7,-580,-10.4,-15398419,-11.2,-7381977,-11.1,-331965,-26.2,-3,-0.2
"20000","5","5131","56","0","2024","1","",287,1901,1943,2020,28667959,18439617,209720,1128,"",1.21,0.77,0.78,0.81,0.48,0.54,0.51,0.61,"",-14,-4.7,-239,-11.2,-232,-10.7,-221,-9.9,-2934755,-9.3,-2130892,-10.4,-267028,-56.0,16,1.4
"20000","5","51311","57","0","2024","1","",129,814,817,812,8380210,5853148,57871,792,"",2.15,0.97,0.97,0.97,0.54,0.59,0.51,0.56,"",4,3.2,-98,-10.7,-107,-11.6,-127,-13.5,-1545620,-15.6,-827244,-12.4,-18412,-24.1,-33,-4.0
"20000","5","513110","58","0","2024","1","",129,814,817,812,8380210,5853148,57871,792,"",2.15,0.97,0.97,0.97,0.54,0.59,0.51,0.56,"",4,3.2,-98,-10.7,-107,-11.6,-127,-13.5,-1545620,-15.6,-827244,-12.4,-18412,-24.1,-33,-4.0
"20000","5","51312","57","0","2024","1","",60,393,394,394,7443362,4343662,52258,1454,"",0.91,0.65,0.65,0.65,0.45,0.52,0.51,0.70,"",-3,-4.8,-9,-2.2,-20,-4.8,-18,-4.4,645578,9.5,52606,1.2,-7977,-13.2,177,13.9
"20000","5","513120","58","0","2024","1","",60,393,394,394,7443362,4343662,52258,1454,"",0.91,0.65,0.65,0.65,0.45,0.52,0.51,0.70,"",-3,-4.8,-9,-2.2,-20,-4.8,-18,-4.4,645578,9.5,52606,1.2,-7977,-13.2,177,13.9
"20000","5","51313","57","0","2024","1","",41,464,499,576,7754714,5720877,61692,1163,"",0.93,0.95,1.01,1.16,0.67,0.75,0.80,0.65,"",-2,-4.7,5,1.1,21,4.4,47,8.9,664671,9.4,189277,3.4,-211001,-77.4,47,4.2
"20000","5","513130","58","0","2024","1","",41,464,499,576,7754714,5720877,61692,1163,"",0.93,0.95,1.01,1.16,0.67,0.75,0.80,0.65,"",-2,-4.7,5,1.1,21,4.4,47,8.9,664671,9.4,189277,3.4,-211001,-77.4,47,4.2
"20000","5","51314","57","0","2024","1","",12,132,132,131,3181129,1527141,19182,1858,"",1.04,0.95,0.95,0.95,0.83,0.58,0.53,0.88,"",-1,-7.7,-123,-48.2,-118,-47.2,-119,-47.6,-2495426,-44.0,-1438502,-48.5,-25420,-57.0,123,7.1
"20000","5","513140","58","0","2024","1","",12,132,132,131,3181129,1527141,19182,1858,"",1.04,0.95,0.95,0.95,0.83,0.58,0.53,0.88,"",-1,-7.7,-123,-48.2,-118,-47.2,-119,-47.6,-2495426,-44.0,-1438502,-48.5,-25420,-57.0,123,7.1
"20000","5","51319","57","0","2024","1","",45,98,101,107,1908544,994789,18717,1439,"",0.81,0.24,0.25,0.27,0.16,0.17,0.23,0.61,"",-12,-21.1,-14,-12.5,-8,-7.3,-4,-3.6,-203958,-9.7,-107029,-9.7,-4218,-18.4,-29,-2.0
"20000","5","513199","58","0","2024","1","",45,98,101,107,1908544,994789,18717,1439,"",0.83,0.26,0.27,0.28,0.16,0.18,0.23,0.59,"",-12,-21.1,-14,-12.5,-8,-7.3,-4,-3.6,-203958,-9.7,-107029,-9.7,-4218,-18.4,-29,-2.0
"20000","5","5132","56","0","2024","1","",868,3005,2972,2957,93662940,40594416,726240,2419,"",1.12,0.51,0.50,0.50,0.37,0.30,0.60,0.74,"",55,6.8,-369,-10.9,-417,-12.3,-359,-10.8,-12463664,-11.7,-5251085,-11.5,-64937,-8.2,-11,-0.5
"20000","5","51321","57","0","2024","1","",868,3005,2972,2957,93662940,40594416,726240,2419,"",1.12,0.51,0.50,0.50,0.37,0.30,0.60,0.74,"",55,6.8,-369,-10.9,-417,-12.3,-359,-10.8,-12463664,-11.7,-5251085,-11.5,-64937,-8.2,-11,-0.5
"20000","5","513210","58","0","2024","1","",868,3005,2972,2957,93662940,40594416,726240,2419,"",1.12,0.51,0.50,0.50,0.37,0.30,0.60,0.74,"",55,6.8,-369,-10.9,-417,-12.3,-359,-10.8,-12463664,-11.7,-5251085,-11.5,-64937,-8.2,-11,-0.5
"20000","5","516","55","0","2024","1","",199,1798,1824,1838,31996090,18813272,174927,1352,"",1.17,0.57,0.58,0.58,0.19,0.39,0.33,0.32,"",9,4.7,-114,-6.0,-111,-5.7,-65,-3.4,-2537021,-7.3,-962663,-4.9,9051,5.5,-34,-2.5
"20000","5","5161","56","0","2024","1","",75,1296,1318,1318,18247528,12247554,65287,1071,"",1.51,1.18,1.19,1.20,0.87,0.97,0.53,0.73,"",0,0.0,-25,-1.9,-27,-2.0,-14,-1.1,-266873,-1.4,64059,0.5,-26196,-28.6,2,0.2
"20000","5","51611","57","0","2024","1","",58,827,837,839,10646415,7225854,33374,982,"",1.64,1.72,1.73,1.75,1.46,1.40,0.68,0.84,"",-1,-1.7,-40,-4.6,-43,-4.9,-27,-3.1,-403863,-3.7,-146594,-2.0,-22433,-40.2,6,0.6
"20000","5","516110","58","0","2024","1","",58,827,837,839,10646415,7225854,33374,982,"",1.64,1.72,1.73,1.75,1.46,1.40,0.68,0.84,"",-1,-1.7,-40,-4.6,-43,-4.9,-27,-3.1,-403863,-3.7,-146594,-2.0,-22433,-40.2,6,0.6
"20000","5","51612","57","0","2024","1","",17,469,481,479,7601113,5021700,31913,1228,"",1.20,0.76,0.77,0.77,0.55,0.68,0.43,0.72,"",1,6.2,15,3.3,16,3.4,13,2.8,136990,1.8,210653,4.4,-3763,-10.5,-16,-1.3
"20000","5","516120","58","0","2024","1","",17,469,481,479,7601113,5021700,31913,1228,"",1.20,0.76,0.77,0.77,0.55,0.68,0.43,0.72,"",1,6.2,15,3.3,16,3.4,13,2.8,136990,1.8,210653,4.4,-3763,-10.5,-16,-1.3
"20000","5","5162","56","0","2024","1","",124,502,506,520,13748562,6565718,109640,2076,"",1.02,0.25,0.25,0.25,0.09,0.19,0.26,0.37,"",9,7.8,-89,-15.1,-84,-14.2,-51,-8.9,-2270148,-14.2,-1026722,-13.5,35247,47.4,-34,-1.6
"20000","5","51621","57","0","2024","1","",124,502,506,520,13748562,6565718,109640,2076,"",1.02,0.25,0.25,0.25,0.09,0.19,0.26,0.37,"",9,7.8,-89,-15.1,-84,-14.2,-51,-8.9,-2270148,-14.2,-1026722,-13.5,35247,47.4,-34,-1.6
"20000","5","516210","58","0","2024","1","",124,502,506,520,13748562,6565718,109640,2076,"",1.02,0.25,0.25,0.25,0.09,0.19,0.26,0.37,"",9,7.8,-89,-15.1,-84,-14.2,-51,-8.9,-2270148,-14.2,-1026722,-13.5,35247,47.4,-34,-1.6
"20000","5","517","55","0","2024","1","",469,6732,6708,6663,173253152,83131897,833728,1989,"",1.59,1.16,1.15,1.15,1.11,0.92,0.93,0.96,"",28,6.3,291,4.5,232,3.6,199,3.1,12391374,7.7,4327338,5.5,-24415,-2.8,74,3.9
"20000","5","5171","56","0","2024","1","",407,6477,6450,6407,165618913,79601989,778080,1977,"",1.66,1.22,1.21,1.21,1.19,0.96,0.95,0.98,"",10,2.5,209,3.3,148,2.3,118,1.9,8810952,5.6,2897125,3.8,-25919,-3.2,58,3.0
"20000","5","51711","57","0","2024","1","",370,6238,6212,6170,157752846,76311038,734345,1955,"",1.78,1.26,1.25,1.25,1.21,0.98,0.96,0.96,"",8,2.2,171,2.8,110,1.8,82,1.3,7537090,5.0,2473924,3.4,-31870,-4.2,56,2.9
"20000","5","517111","58","0","2024","1","",277,4510,4493,4464,115815312,60107466,606788,1985,"",1.81,1.07,1.06,1.06,1.06,0.94,0.95,0.99,"",3,1.1,237,5.5,203,4.7,201,4.7,11575669,11.1,3675544,6.5,12604,2.1,109,5.8
"20000","5","517112","58","0","2024","1","",93,1728,1719,1706,41937534,16203572,127557,1878,"",1.70,2.30,2.28,2.28,1.95,1.20,1.00,0.85,"",5,5.7,-66,-3.7,-93,-5.1,-119,-6.5,-4038579,-8.8,-1201620,-6.9,-44474,-25.9,-76,-3.9
"20000","5","51712","57","0","2024","1","",37,239,238,237,7866067,3290951,43735,2542,"",0.99,0.67,0.67,0.67,0.96,0.62,0.80,1.44,"",2,5.7,38,18.9,38,19.0,36,17.9,1273862,19.3,423201,14.8,5951,15.8,15,0.6
"20000","5","517121","58","0","2024","1","",37,239,238,237,7866067,3290951,43735,2542,"",0.99,0.67,0.67,0.67,0.96,0.62,0.80,1.44,"",2,5.7,38,18.9,38,19.0,36,17.9,1273862,19.3,423201,14.8,5951,15.8,15,0.6
"20000","5","5174","56","0","2024","1","N",5,0,0,0,0,0,0,0,"N",0.59,0,0,0,0,0,0,0,"N",2,66.7,0,0,0,0,0,0,0,0,0,0,0,0,0,0
"20000","5","51741","57","0","2024","1","N",5,0,0,0,0,0,0,0,"N",0.59,0,0,0,0,0,0,0,"N",2,66.7,0,0,0,0,0,0,0,0,0,0,0,0,0,0
"20000","5","517410","58","0","2024","1","N",5,0,0,0,0,0,0,0,"N",0.59,0,0,0,0,0,0,0,"N",2,66.7,0,0,0,0,0,0,0,0,0,0,0,0,0,0
"20000","5","5178","56","0","2024","1","N",57,0,0,0,0,0,0,0,"N",1.35,0,0,0,0,0,0,0,"N",16,39.0,0,0,0,0,0,0,0,0,0,0,0,0,0,0
"20000","5","51781","57","0","2024","1","N",57,0,0,0,0,0,0,0,"N",1.35,0,0,0,0,0,0,0,"N",16,39.0,0,0,0,0,0,0,0,0,0,0,0,0,0,0
"20000","5","517810","58","0","2024","1","N",57,0,0,0,0,0,0,0,"N",1.35,0,0,0,0,0,0,0,"N",16,39.0,0,0,0,0,0,0,0,0,0,0,0,0,0,0
"20000","5","518","55","0","2024","1","",604,2725,2681,2708,90754227,36073475,626547,2581,"",1.34,0.61,0.60,0.61,0.52,0.48,0.78,0.85,"",16,2.7,140,5.4,132,5.2,176,7.0,11002477,13.8,2640185,7.9,87005,16.1,180,7.5
"20000","5","5182","56","0","2024","1","",604,2725,2681,2708,90754227,36073475,626547,2581,"",1.34,0.61,0.60,0.61,0.52,0.48,0.78,0.85,"",16,2.7,140,5.4,132,5.2,176,7.0,11002477,13.8,2640185,7.9,87005,16.1,180,7.5
"20000","5","51821","57","0","2024","1","",604,2725,2681,2708,90754227,36073475,626547,2581,"",1.34,0.61,0.60,0.61,0.52,0.48,0.78,0.85,"",16,2.7,140,5.4,132,5.2,176,7.0,11002477,13.8,2640185,7.9,87005,16.1,180,7.5
"20000","5","518210","58","0","2024","1","",604,2725,2681,2708,90754227,36073475,626547,2581,"",1.34,0.61,0.60,0.61,0.52,0.48,0.78,0.85,"",16,2.7,140,5.4,132,5.2,176,7.0,11002477,13.8,2640185,7.9,87005,16.1,180,7.5
"20000","5","519","55","0","2024","1","",43,212,244,236,3704445,1960010,25382,1235,"",0.31,0.13,0.14,0.14,0.03,0.07,0.09,0.23,"",-2,-4.4,-33,-13.5,5,2.1,0,0.0,-270967,-6.8,-43255,-2.2,-12222,-32.5,-39,-3.1
"20000","5","5192","56","0","2024","1","",43,212,244,236,3704445,1960010,25382,1235,"",0.31,0.13,0.14,0.14,0.03,0.07,0.09,0.23,"",-2,-4.4,-33,-13.5,5,2.1,0,0.0,-270967,-6.8,-43255,-2.2,-12222,-32.5,-39,-3.1
"20000","5","51921","57","0","2024","1","",6,39,39,25,417701,311118,2080,936,"",0.31,0.15,0.15,0.10,0.16,0.25,0.16,1.19,"",0,0.0,-4,-9.3,-3,-7.1,-15,-37.5,76079,22.3,31717,11.4,674,47.9,305,48.3
"20000","5","519210","58","0","2024","1","",6,39,39,25,417701,311118,2080,936,"",0.31,0.15,0.15,0.10,0.16,0.25,0.16,1.19,"",0,0.0,-4,-9.3,-3,-7.1,-15,-37.5,76079,22.3,31717,11.4,674,47.9,305,48.3
"20000","5","51929","57","0","2024","1","",37,173,205,211,3286744,1648892,23302,1288,"",0.31,0.12,0.14,0.15,0.03,0.06,0.09,0.21,"",-2,-5.1,-29,-14.4,8,4.1,15,7.7,-347046,-9.6,-74972,-4.3,-12896,-35.6,-121,-8.6
"20000","5","519290","58","0","2024","1","",37,173,205,211,3286744,1648892,23302,1288,"",0.31,0.12,0.14,0.15,0.03,0.06,0.09,0.21,"",-2,-5.1,-29,-14.4,8,4.1,15,7.7,-347046,-9.6,-74972,-4.3,-12896,-35.6,-121,-8.6
"20000","5","52","54","0","2024","1","",6278,57484,57380,57163,1636376351,702143491,6411231,2195,"",1.31,1.00,0.99,0.99,0.75,0.81,0.84,0.76,"",79,1.3,-357,-0.6,-230,-0.4,-280,-0.5,83721981,5.4,4982749,0.7,-459580,-6.7,123,5.9
"20000","5","521","55","0","2024","1","N",5,0,0,0,0,0,0,0,"N",1.12,0,0,0,0,0,0,0,"N",-9,-64.3,0,0,0,0,0,0,0,0,0,0,0,0,0,0
"20000","5","5211","56","0","2024","1","N",5,0,0,0,0,0,0,0,"N",1.12,0,0,0,0,0,0,0,"N",-9,-64.3,0,0,0,0,0,0,0,0,0,0,0,0,0,0
"20000","5","52111","57","0","2024","1","N",5,0,0,0,0,0,0,0,"N",1.12,0,0,0,0,0,0,0,"N",-9,-64.3,0,0,0,0,0,0,0,0,0,0,0,0,0,0
"20000","5","521110","58","0","2024","1","N",5,0,0,0,0,0,0,0,"N",1.12,0,0,0,0,0,0,0,"N",-9,-64.3,0,0,0,0,0,0,0,0,0,0,0,0,0,0
"20000","5","522","55","0","2024","1","",2160,25556,25443,25394,605426170,298102389,2242631,1829,"",1.35,1.08,1.07,1.07,0.88,0.87,0.76,0.82,"",0,0.0,-185,-0.7,-282,-1.1,-279,-1.1,14742471,2.5,1623182,0.5,-152309,-6.4,62,3.5
"20000","5","5221","56","0","2024","1","",1433,20248,20180,20215,408917145,230991515,1389209,1556,"",1.62,1.23,1.22,1.23,0.86,0.96,0.77,0.70,"",-11,-0.8,107,0.5,36,0.2,50,0.2,3656085,0.9,4398307,1.9,-141106,-9.2,9,0.6
"20000","5","52211","57","0","2024","1","",1116,15937,15862,15851,331444383,183832748,996297,1605,"",1.69,1.26,1.24,1.25,0.81,0.96,0.70,0.65,"",-16,-1.4,99,0.6,9,0.1,-9,-0.1,3279739,1.0,3805798,2.1,-102320,-9.3,12,0.8
"20000","5","522110","58","0","2024","1","",1116,15937,15862,15851,331444383,183832748,996297,1605,"",1.69,1.26,1.24,1.25,0.81,0.96,0.70,0.65,"",-16,-1.4,99,0.6,9,0.1,-9,-0.1,3279739,1.0,3805798,2.1,-102320,-9.3,12,0.8
"20000","5","52213","57","0","2024","1","",190,2941,2937,2951,54634859,32960486,278967,1428,"",1.15,1.04,1.03,1.04,1.21,0.88,1.11,1.17,"",7,3.8,102,3.6,96,3.4,90,3.1,3944460,7.8,1000020,3.1,-26409,-8.6,58,4.2
"20000","5","522130","58","0","2024","1","",190,2941,2937,2951,54634859,32960486,278967,1428,"",1.15,1.04,1.03,1.04,1.21,0.88,1.11,1.17,"",7,3.8,102,3.6,96,3.4,90,3.1,3944460,7.8,1000020,3.1,-26409,-8.6,58,4.2
"20000","5","52218","57","0","2024","1","",127,1370,1381,1413,22837903,14198281,113945,1266,"",2.03,1.55,1.56,1.60,1.15,1.07,0.93,0.73,"",-2,-1.6,-94,-6.4,-69,-4.8,-31,-2.1,-3568114,-13.5,-407511,-2.8,-12377,-9.8,-132,-9.4
"20000","5","522180","58","0","2024","1","",127,1370,1381,1413,22837903,14198281,113945,1266,"",2.03,1.55,1.56,1.60,1.15,1.07,0.93,0.73,"",-2,-1.6,-94,-6.4,-69,-4.8,-31,-2.1,-3568114,-13.5,-407511,-2.8,-12377,-9.8,-132,-9.4
"20000","5","5222","56","0","2024","1","",493,3375,3340,3268,108897650,42308941,504345,2517,"",1.13,0.72,0.71,0.70,0.82,0.65,0.69,1.15,"",12,2.5,-283,-7.7,-293,-8.1,-301,-8.4,2970753,2.8,-2746723,-6.1,1092,0.2,266,11.8
"20000","5","52221","57","0","2024","1","",9,29,29,28,981613,269103,3938,2634,"",1.04,0.05,0.05,0.05,0.05,0.03,0.07,1.00,"",1,12.5,4,16.0,2,7.4,1,3.7,345088,54.2,46708,21.0,744,23.3,775,41.7
"20000","5","522210","58","0","2024","1","",9,29,29,28,981613,269103,3938,2634,"",1.04,0.05,0.05,0.05,0.05,0.03,0.07,1.00,"",1,12.5,4,16.0,2,7.4,1,3.7,345088,54.2,46708,21.0,744,23.3,775,41.7
"20000","5","52222","57","0","2024","1","",76,639,634,633,23091461,8543402,54215,2796,"",1.42,0.82,0.82,0.82,1.00,0.77,0.47,1.22,"",-1,-1.3,-1,-0.2,-7,-1.1,-12,-1.9,120179,0.5,33141,0.4,-1407,-2.5,44,1.6
"20000","5","522220","58","0","2024","1","",76,639,634,633,23091461,8543402,54215,2796,"",1.42,0.82,0.82,0.82,1.00,0.77,0.47,1.22,"",-1,-1.3,-1,-0.2,-7,-1.1,-12,-1.9,120179,0.5,33141,0.4,-1407,-2.5,44,1.6
"20000","5","52229","57","0","2024","1","",408,2707,2677,2607,84824576,33496436,446192,2450,"",1.10,0.82,0.81,0.80,0.95,0.72,0.80,1.17,"",12,3.0,-286,-9.6,-288,-9.7,-290,-10.0,2505486,3.0,-2826572,-7.8,1755,0.4,305,14.2
"20000","5","522291","58","0","2024","1","",105,459,429,428,10259359,4746227,56284,1799,"",0.81,0.55,0.52,0.52,0.50,0.42,0.49,0.95,"",30,40.0,-45,-8.9,-69,-13.9,-53,-11.0,1662335,19.3,-238788,-4.8,7184,14.6,461,34.5
"20000","5","522292","58","0","2024","1","",201,1401,1390,1336,40026780,18262432,308211,2238,"",1.27,0.84,0.84,0.81,0.91,0.75,0.85,1.10,"",-19,-8.6,-246,-14.9,-237,-14.6,-243,-15.4,-2285932,-5.4,-2842764,-13.5,5993,2.0,226,11.2
"20000","5","522299","58","0","2024","1","",102,847,858,843,34538437,10487777,81697,3128,"",1.19,1.07,1.08,1.06,1.37,0.96,1.01,1.28,"",1,1.0,5,0.6,18,2.1,6,0.7,3129083,10.0,254980,2.5,-11422,-12.3,251,8.7
"20000","5","5223","56","0","2024","1","",234,1933,1923,1911,87611375,24801933,349077,3506,"",0.82,0.75,0.74,0.74,1.05,0.70,0.79,1.42,"",-1,-0.4,-9,-0.5,-25,-1.3,-28,-1.4,8115633,10.2,-28402,-0.1,-12295,-3.4,359,11.4
"20000","5","52231","57","0","2024","1","",87,238,235,226,4797753,2874244,62358,1584,"",0.61,0.32,0.31,0.30,0.29,0.27,0.34,0.92,"",-4,-4.4,-37,-13.5,-40,-14.5,-36,-13.7,-110291,-2.2,-345007,-10.7,2574,4.3,189,13.5
"20000","5","522310","58","0","2024","1","",87,238,235,226,4797753,2874244,62358,1584,"",0.61,0.32,0.31,0.30,0.29,0.27,0.34,0.92,"",-4,-4.4,-37,-13.5,-40,-14.5,-36,-13.7,-110291,-2.2,-345007,-10.7,2574,4.3,189,13.5
"20000","5","52232","57","0","2024","1","",75,1409,1406,1403,78070312,19058615,245124,4271,"",0.96,1.18,1.17,1.18,1.68,1.09,1.41,1.43,"",0,0.0,-14,-1.0,-18,-1.3,-27,-1.9,6853418,9.6,-188183,-1.0,-26607,-9.8,428,11.1
"20000","5","522320","58","0","2024","1","",75,1409,1406,1403,78070312,19058615,245124,4271,"",0.96,1.18,1.17,1.18,1.68,1.09,1.41,1.43,"",0,0.0,-14,-1.0,-18,-1.3,-27,-1.9,6853418,9.6,-188183,-1.0,-26607,-9.8,428,11.1
"20000","5","52239","57","0","2024","1","",72,286,282,282,4743310,2869074,41595,1288,"",1.16,0.45,0.44,0.44,0.24,0.39,0.49,0.54,"",3,4.3,42,17.2,33,13.3,35,14.2,1372506,40.7,504788,21.4,11738,39.3,237,22.5
"20000","5","522390","58","0","2024","1","",72,286,282,282,4743310,2869074,41595,1288,"",1.16,0.45,0.44,0.44,0.24,0.39,0.49,0.54,"",3,4.3,42,17.2,33,13.3,35,14.2,1372506,40.7,504788,21.4,11738,39.3,237,22.5
"20000","5","523","55","0","2024","1","",1288,7373,7398,7289,330192105,94895736,1204248,3454,"",1.04,0.75,0.75,0.74,0.40,0.55,0.72,0.54,"",23,1.8,334,4.7,306,4.3,242,3.4,23335318,7.6,3230353,3.5,29791,2.5,110,3.3
"20000","5","5231","56","0","2024","1","",284,2245,2220,2155,129421247,30087027,244610,4512,"",0.82,0.52,0.51,0.50,0.32,0.39,0.36,0.63,"N",-2,-0.7,0,0,0,0,0,0,0,0,0,0,0,0,0,0
"20000","5","52315","57","0","2024","1","",225,1781,1758,1691,94166203,23538954,168620,4155,"",0.71,0.43,0.43,0.41,0.25,0.32,0.27,0.59,"",-2,-0.9,-38,-2.1,-78,-4.2,-105,-5.8,110229,0.1,-1130761,-4.6,-43087,-20.4,173,4.3
"20000","5","523150","58","0","2024","1","",225,1781,1758,1691,94166203,23538954,168620,4155,"",0.71,0.43,0.43,0.41,0.25,0.32,0.27,0.59,"",-2,-0.9,-38,-2.1,-78,-4.2,-105,-5.8,110229,0.1,-1130761,-4.6,-43087,-20.4,173,4.3
"20000","5","52316","57","0","2024","1","",59,464,462,464,35255044,6548073,75990,5853,"",1.97,1.98,1.96,1.97,1.37,1.64,1.54,0.69,"N",0,0.0,0,0,0,0,0,0,0,0,0,0,0,0,0,0
"20000","5","523160","58","0","2024","1","",59,464,462,464,35255044,6548073,75990,5853,"",1.97,1.98,1.96,1.97,1.37,1.64,1.54,0.69,"N",0,0.0,0,0,0,0,0,0,0,0,0,0,0,0,0,0
"20000","5","5232","56","0","2024","1","",3,6,6,6,758818,84000,1856,9728,"",0.40,0.09,0.09,0.09,0.15,0.08,0.12,1.63,"N",1,50.0,0,0,0,0,0,0,0,0,0,0,0,0,0,0
"20000","5","52321","57","0","2024","1","",3,6,6,6,758818,84000,1856,9728,"",0.40,0.09,0.09,0.09,0.15,0.08,0.12,1.63,"N",1,50.0,0,0,0,0,0,0,0,0,0,0,0,0,0,0
"20000","5","523210","58","0","2024","1","",3,6,6,6,758818,84000,1856,9728,"",0.40,0.09,0.09,0.09,0.15,0.08,0.12,1.63,"N",1,50.0,0,0,0,0,0,0,0,0,0,0,0,0,0,0
"20000","5","5239","56","0","2024","1","",1001,5122,5172,5128,200012040,64724709,957782,2993,"",1.13,0.95,0.95,0.94,0.49,0.70,0.98,0.52,"",24,2.5,340,7.1,365,7.6,323,6.7,19759049,11.0,3932990,6.5,78887,9.0,103,3.6
"20000","5","52391","57","0","2024","1","",57,123,121,122,7046245,1200707,11700,4443,"",0.70,0.40,0.39,0.40,0.34,0.25,0.20,0.87,"",-3,-5.0,-21,-14.6,-16,-11.7,-16,-11.6,-3008484,-29.9,-162866,-11.9,-6268,-34.9,-1095,-19.8
"20000","5","523910","58","0","2024","1","",57,123,121,122,7046245,1200707,11700,4443,"",0.70,0.40,0.39,0.40,0.34,0.25,0.20,0.87,"",-3,-5.0,-21,-14.6,-16,-11.7,-16,-11.6,-3008484,-29.9,-162866,-11.9,-6268,-34.9,-1095,-19.8
"20000","5","52394","57","0","2024","1","",892,4691,4744,4692,185104147,59716762,911553,3024,"",1.25,1.03,1.03,1.02,0.51,0.76,1.11,0.50,"",26,3.0,340,7.8,375,8.6,331,7.6,21434909,13.1,3897143,7.0,80997,9.8,137,4.7
"20000","5","523940","58","0","2024","1","",892,4691,4744,4692,185104147,59716762,911553,3024,"",1.25,1.03,1.03,1.02,0.51,0.76,1.11,0.50,"",26,3.0,340,7.8,375,8.6,331,7.6,21434909,13.1,3897143,7.0,80997,9.8,137,4.7
"20000","5","52399","57","0","2024","1","",52,308,307,314,7861648,3807240,34529,1953,"",0.60,0.58,0.57,0.58,0.31,0.43,0.37,0.54,"",1,2.0,21,7.3,6,2.0,8,2.6,1332624,20.4,198713,5.5,4158,13.7,268,15.9
"20000","5","523991","58","0","2024","1","",30,274,273,279,6384907,3400541,26172,1784,"",1.21,1.37,1.36,1.39,0.99,1.10,0.90,0.72,"",-1,-3.2,12,4.6,0,0.0,2,0.7,516682,8.8,50067,1.5,590,2.3,116,7.0
"20000","5","523999","58","0","2024","1","",22,34,34,35,1476741,406699,8357,3309,"",0.35,0.10,0.10,0.10,0.08,0.07,0.13,0.76,"",2,10.0,9,36.0,6,21.4,6,20.7,815942,123.5,148646,57.6,3568,74.5,1449,77.9
"20000","5","524","55","0","2024","1","",2784,24466,24445,24393,698019506,308077683,2946527,2197,"",1.51,1.03,1.03,1.03,1.08,0.89,1.01,1.05,"",56,2.1,-518,-2.1,-268,-1.1,-253,-1.0,45646466,7.0,309873,0.1,-330074,-10.1,172,8.5
"20000","5","5241","56","0","2024","1","",342,8550,8440,8446,273175534,117078177,878286,2478,"",1.17,0.76,0.75,0.75,0.79,0.68,0.61,1.04,"",4,1.2,-54,-0.6,-173,-2.0,-164,-1.9,28155342,11.5,2242928,2.0,-112239,-11.3,289,13.2
"20000","5","52411","57","0","2024","1","",103,3465,3434,3434,117258415,47688242,395115,2619,"",0.91,0.56,0.56,0.56,0.63,0.50,0.51,1.12,"",8,8.4,157,4.7,100,3.0,82,2.4,16265411,16.1,3133363,7.0,-7934,-2.0,287,12.3
"20000","5","524113","58","0","2024","1","",41,534,515,514,25855796,7000515,66776,3817,"",0.96,0.27,0.26,0.27,0.34,0.21,0.26,1.26,"",1,2.5,57,11.9,29,6.0,19,3.8,2753394,11.9,386378,5.8,-160,-0.2,160,4.4
"20000","5","524114","58","0","2024","1","",62,2931,2919,2920,91402619,40687727,328339,2405,"",0.88,0.70,0.69,0.70,0.83,0.66,0.64,1.19,"",7,12.7,100,3.5,71,2.5,63,2.2,13512017,17.3,2746985,7.2,-7774,-2.3,299,14.2
"20000","5","52412","57","0","2024","1","",226,4908,4832,4837,142486560,66954908,470098,2256,"",1.35,1.03,1.01,1.01,0.98,0.93,0.77,0.97,"",-4,-1.7,-136,-2.7,-198,-3.9,-174,-3.5,12044849,9.2,153644,0.2,-100813,-17.7,261,13.1
"20000","5","524126","58","0","2024","1","",150,4420,4355,4354,130015661,61292327,376094,2285,"",1.46,1.08,1.06,1.06,1.01,0.98,0.78,0.95,"",2,1.4,-50,-1.1,-100,-2.2,-93,-2.1,12118542,10.3,1071037,1.8,-92066,-19.7,250,12.3
"20000","5","524127","58","0","2024","1","",48,332,325,326,5551887,3651854,66222,1303,"",1.00,0.66,0.65,0.65,0.44,0.52,0.66,0.68,"",-2,-4.0,-43,-11.5,-53,-14.0,-43,-11.7,-650316,-10.5,-439493,-10.7,-2193,-3.2,27,2.1
"20000","5","524128","58","0","2024","1","",28,156,152,157,6919012,2010727,27782,3434,"",1.60,0.88,0.85,0.87,1.78,0.79,0.97,2.05,"",-4,-12.5,-43,-21.6,-45,-22.8,-38,-19.5,576623,9.1,-477900,-19.2,-6554,-19.1,957,38.6
"20000","5","52413","57","0","2024","1","",13,177,174,175,13430559,2435027,13073,5892,"",1.33,0.63,0.61,0.62,0.89,0.51,0.32,1.44,"",0,0.0,-75,-29.8,-75,-30.1,-72,-29.1,-154918,-1.1,-1044079,-30.0,-3492,-21.1,1701,40.6
"20000","5","524130","58","0","2024","1","",13,177,174,175,13430559,2435027,13073,5892,"",1.33,0.63,0.61,0.62,0.89,0.51,0.32,1.44,"",0,0.0,-75,-29.8,-75,-30.1,-72,-29.1,-154918,-1.1,-1044079,-30.0,-3492,-21.1,1701,40.6
"20000","5","5242","56","0","2024","1","",2442,15916,16005,15947,424843972,190999506,2068241,2048,"",1.57,1.27,1.27,1.27,1.42,1.09,1.40,1.11,"",52,2.2,-464,-2.8,-95,-0.6,-89,-0.6,17491124,4.3,-1933055,-1.0,-217835,-9.5,110,5.7
"20000","5","52421","57","0","2024","1","",2044,12034,12106,12073,320591594,142355664,1563493,2043,"",1.55,1.34,1.33,1.33,1.46,1.14,1.55,1.10,"",22,1.1,-431,-3.5,-81,-0.7,-89,-0.7,11469246,3.7,-1827650,-1.3,-140592,-8.3,105,5.4
"20000","5","524210","58","0","2024","1","",2044,12034,12106,12073,320591594,142355664,1563493,2043,"",1.55,1.34,1.33,1.33,1.46,1.14,1.55,1.10,"",22,1.1,-431,-3.5,-81,-0.7,-89,-0.7,11469246,3.7,-1827650,-1.3,-140592,-8.3,105,5.4
"20000","5","52429","57","0","2024","1","",398,3882,3899,3874,104252378,48643842,504748,2064,"",1.66,1.11,1.11,1.11,1.29,0.97,1.07,1.16,"",30,8.2,-33,-0.8,-14,-0.4,0,0.0,6021878,6.1,-105405,-0.2,-77243,-13.3,127,6.6
"20000","5","524291","58","0","2024","1","",98,553,551,555,14013106,7054216,95147,1949,"",1.40,1.01,1.00,1.02,1.22,0.90,1.29,1.21,"",4,4.3,-29,-5.0,-22,-3.8,-14,-2.5,625938,4.7,-300494,-4.1,-16731,-15.0,157,8.8
"20000","5","524292","58","0","2024","1","",135,2045,2069,2056,53065104,25071019,270250,1985,"",1.70,1.01,1.02,1.01,1.20,0.86,1.00,1.19,"",14,11.6,27,1.3,48,2.4,45,2.2,3259778,6.5,432948,1.8,-54357,-16.7,85,4.5
"20000","5","524298","58","0","2024","1","",165,1284,1279,1263,37174168,16518607,139351,2242,"",1.82,1.40,1.39,1.38,1.47,1.23,1.08,1.06,"",12,7.8,-31,-2.4,-40,-3.0,-31,-2.4,2136162,6.1,-237859,-1.4,-6155,-4.2,184,8.9
"20000","5","525","55","0","2024","1","N",41,0,0,0,0,0,0,0,"N",0.51,0,0,0,0,0,0,0,"N",9,28.1,0,0,0,0,0,0,0,0,0,0,0,0,0,0
"20000","5","5251","56","0","2024","1","N",6,0,0,0,0,0,0,0,"N",0.36,0,0,0,0,0,0,0,"N",0,0.0,0,0,0,0,0,0,0,0,0,0,0,0,0,0
"20000","5","52512","57","0","2024","1","N",4,0,0,0,0,0,0,0,"N",0.67,0,0,0,0,0,0,0,"N",0,0.0,0,0,0,0,0,0,0,0,0,0,0,0,0,0
"20000","5","525120","58","0","2024","1","N",4,0,0,0,0,0,0,0,"N",0.67,0,0,0,0,0,0,0,"N",0,0.0,0,0,0,0,0,0,0,0,0,0,0,0,0,0
"20000","5","52519","57","0","2024","1","N",2,0,0,0,0,0,0,0,"N",0.65,0,0,0,0,0,0,0,"N",0,0.0,0,0,0,0,0,0,0,0,0,0,0,0,0,0
"20000","5","525190","58","0","2024","1","N",2,0,0,0,0,0,0,0,"N",0.65,0,0,0,0,0,0,0,"N",0,0.0,0,0,0,0,0,0,0,0,0,0,0,0,0,0
"20000","5","5259","56","0","2024","1","",35,49,56,46,1535045,574137,10918,2346,"",0.55,0.28,0.33,0.27,0.13,0.15,0.21,0.45,"",9,34.6,17,53.1,24,75.0,14,43.8,296853,24.0,-10962,-1.9,-2858,-20.7,-630,-21.2
"20000","5","52591","57","0","2024","1","N",2,0,0,0,0,0,0,0,"N",0.18,0,0,0,0,0,0,0,"N",1,100.0,0,0,0,0,0,0,0,0,0,0,0,0,0,0
"20000","5","525910","58","0","2024","1","N",2,0,0,0,0,0,0,0,"N",0.18,0,0,0,0,0,0,0,"N",1,100.0,0,0,0,0,0,0,0,0,0,0,0,0,0,0
"20000","5","52592","57","0","2024","1","",25,36,44,34,691625,405244,7379,1400,"",1.00,0.99,1.41,1.08,0.44,0.35,0.52,0.38,"",4,19.0,12,50.0,20,83.3,10,41.7,-112909,-14.0,-84480,-17.3,-4538,-38.1,-1179,-45.7
"20000","5","525920","58","0","2024","1","",25,36,44,34,691625,405244,7379,1400,"",1.00,0.99,1.41,1.08,0.44,0.35,0.52,0.38,"",4,19.0,12,50.0,20,83.3,10,41.7,-112909,-14.0,-84480,-17.3,-4538,-38.1,-1179,-45.7
"20000","5","52599","57","0","2024","1","N",8,0,0,0,0,0,0,0,"N",0.29,0,0,0,0,0,0,0,"N",4,100.0,0,0,0,0,0,0,0,0,0,0,0,0,0,0
"20000","5","525990","58","0","2024","1","N",8,0,0,0,0,0,0,0,"N",0.29,0,0,0,0,0,0,0,"N",4,100.0,0,0,0,0,0,0,0,0,0,0,0,0,0,0
"20000","5","53","54","0","2024","1","",3072,15466,15501,15568,224133356,158684049,1956201,1111,"",0.76,0.71,0.71,0.71,0.63,0.62,0.73,0.89,"",51,1.7,258,1.7,367,2.4,425,2.8,13437162,6.4,9084524,6.1,-20462,-1.0,42,3.9
"20000","5","531","55","0","2024","1","",2588,11776,11818,11790,165297923,119643695,1531002,1078,"",0.73,0.72,0.72,0.72,0.61,0.62,0.75,0.85,"",-1,0.0,63,0.5,152,1.3,144,1.2,9257556,5.9,5662308,5.0,-40124,-2.6,50,4.9
"20000","5","5311","56","0","2024","1","",678,2965,2960,2920,35133150,26419873,293608,917,"",0.67,0.52,0.51,0.51,0.37,0.41,0.42,0.72,"",-46,-6.4,-166,-5.3,-173,-5.5,-203,-6.5,-6548,0.0,-72756,-0.3,-13004,-4.2,53,6.1
"20000","5","53111","57","0","2024","1","",324,1801,1797,1736,20388616,16948683,179181,882,"",0.60,0.54,0.53,0.52,0.46,0.45,0.43,0.88,"",-38,-10.5,-64,-3.4,-66,-3.5,-114,-6.2,59572,0.3,116747,0.7,-9934,-5.3,41,4.9
"20000","5","531110","58","0","2024","1","",324,1801,1797,1736,20388616,16948683,179181,882,"",0.60,0.54,0.53,0.52,0.46,0.45,0.43,0.88,"",-38,-10.5,-64,-3.4,-66,-3.5,-114,-6.2,59572,0.3,116747,0.7,-9934,-5.3,41,4.9
"20000","5","53112","57","0","2024","1","",180,687,694,714,9665224,5582435,59714,1065,"",0.80,0.48,0.48,0.49,0.25,0.32,0.32,0.51,"",-2,-1.1,-71,-9.4,-75,-9.8,-59,-7.6,543456,6.0,-631,0.0,-5673,-8.7,150,16.4
"20000","5","531120","58","0","2024","1","",180,687,694,714,9665224,5582435,59714,1065,"",0.80,0.48,0.48,0.49,0.25,0.32,0.32,0.51,"",-2,-1.1,-71,-9.4,-75,-9.8,-59,-7.6,543456,6.0,-631,0.0,-5673,-8.7,150,16.4
"20000","5","53113","57","0","2024","1","",108,326,319,316,2966006,2524147,35056,712,"",0.70,0.60,0.58,0.57,0.51,0.47,0.63,0.87,"",-4,-3.6,-1,-0.3,-2,-0.6,-8,-2.5,2189,0.1,37641,1.5,2686,8.3,8,1.1
"20000","5","531130","58","0","2024","1","",108,326,319,316,2966006,2524147,35056,712,"",0.70,0.60,0.58,0.57,0.51,0.47,0.63,0.87,"",-4,-3.6,-1,-0.3,-2,-0.6,-8,-2.5,2189,0.1,37641,1.5,2686,8.3,8,1.1
"20000","5","53119","57","0","2024","1","",66,151,150,154,2113304,1364608,19657,1072,"",0.76,0.39,0.39,0.40,0.34,0.34,0.45,0.88,"",-2,-2.9,-30,-16.6,-30,-16.7,-22,-12.5,-611765,-22.4,-226513,-14.2,-83,-0.4,-99,-8.5
"20000","5","531190","58","0","2024","1","",66,151,150,154,2113304,1364608,19657,1072,"",0.76,0.39,0.39,0.40,0.34,0.34,0.45,0.88,"",-2,-2.9,-30,-16.6,-30,-16.7,-22,-12.5,-611765,-22.4,-226513,-14.2,-83,-0.4,-99,-8.5
"20000","5","5312","56","0","2024","1","",903,2055,2039,2043,30442960,21028914,288001,1145,"",0.68,0.65,0.65,0.65,0.53,0.57,0.76,0.82,"",-11,-1.2,-10,-0.5,-19,-0.9,27,1.3,774328,2.6,415863,2.0,-4253,-1.5,30,2.7
"20000","5","53121","57","0","2024","1","",903,2055,2039,2043,30442960,21028914,288001,1145,"",0.68,0.65,0.65,0.65,0.53,0.57,0.76,0.82,"",-11,-1.2,-10,-0.5,-19,-0.9,27,1.3,774328,2.6,415863,2.0,-4253,-1.5,30,2.7
"20000","5","531210","58","0","2024","1","",903,2055,2039,2043,30442960,21028914,288001,1145,"",0.68,0.65,0.65,0.65,0.53,0.57,0.76,0.82,"",-11,-1.2,-10,-0.5,-19,-0.9,27,1.3,774328,2.6,415863,2.0,-4253,-1.5,30,2.7
"20000","5","5313","56","0","2024","1","",1007,6756,6819,6827,99721813,72194908,949393,1128,"",0.84,0.90,0.90,0.90,0.83,0.80,0.97,0.92,"",56,5.9,239,3.7,344,5.3,320,4.9,8489776,9.3,5319201,8.0,-22867,-2.4,48,4.4
"20000","5","53131","57","0","2024","1","",758,6050,6115,6137,84501990,63960289,824893,1065,"",0.92,0.94,0.94,0.95,0.88,0.83,1.01,0.94,"",43,6.0,285,4.9,389,6.8,373,6.5,8428426,11.1,5580359,9.6,-31183,-3.6,48,4.7
"20000","5","531311","58","0","2024","1","",553,4562,4598,4579,59777595,47857968,613297,1004,"",0.87,0.93,0.94,0.93,0.97,0.86,1.01,1.04,"",54,10.8,383,9.2,426,10.2,412,9.9,8437565,16.4,5700726,13.5,2691,0.4,58,6.1
"20000","5","531312","58","0","2024","1","",205,1488,1517,1558,24724395,16102321,211596,1250,"",1.07,0.96,0.97,0.99,0.72,0.76,1.01,0.74,"",-11,-5.1,-98,-6.2,-37,-2.4,-39,-2.4,-9139,0.0,-120367,-0.7,-33874,-13.8,45,3.7
"20000","5","53132","57","0","2024","1","",117,341,339,324,5170762,3675767,40676,1188,"",1.06,1.32,1.31,1.26,1.35,1.23,1.43,1.05,"",-4,-3.3,-44,-11.4,-48,-12.4,-58,-15.2,-443712,-7.9,-295300,-7.4,-1971,-4.6,65,5.8
"20000","5","531320","58","0","2024","1","",117,341,339,324,5170762,3675767,40676,1188,"",1.06,1.32,1.31,1.26,1.35,1.23,1.43,1.05,"",-4,-3.3,-44,-11.4,-48,-12.4,-58,-15.2,-443712,-7.9,-295300,-7.4,-1971,-4.6,65,5.8
"20000","5","53139","57","0","2024","1","",132,365,365,366,10049061,4558852,83824,2116,"",0.51,0.45,0.44,0.45,0.49,0.43,0.64,1.09,"",17,14.8,-2,-0.5,3,0.8,5,1.4,505062,5.3,34142,0.8,10287,14.0,95,4.7
"20000","5","531390","58","0","2024","1","",132,365,365,366,10049061,4558852,83824,2116,"",0.51,0.45,0.44,0.45,0.49,0.43,0.64,1.09,"",17,14.8,-2,-0.5,3,0.8,5,1.4,505062,5.3,34142,0.8,10287,14.0,95,4.7
"20000","5","532","55","0","2024","1","",441,3535,3533,3637,55263015,37277356,398266,1191,"",0.91,0.69,0.69,0.70,0.75,0.62,0.68,1.08,"",51,13.1,194,5.8,212,6.4,290,8.7,3874350,7.5,3450664,10.2,17751,4.7,6,0.5
"20000","5","5321","56","0","2024","1","",129,1092,1098,1100,15172710,10364210,96331,1064,"",0.85,0.56,0.56,0.56,0.62,0.48,0.55,1.10,"",22,20.6,4,0.4,21,1.9,5,0.5,-1264868,-7.7,162006,1.6,-2090,-2.1,-100,-8.6
"20000","5","53211","57","0","2024","1","",75,547,552,559,7006563,4546699,30123,975,"",0.84,0.50,0.50,0.51,0.54,0.39,0.33,1.07,"",24,47.1,15,2.8,24,4.5,20,3.7,-528853,-7.0,208348,4.8,5766,23.7,-113,-10.4
"20000","5","532111","58","0","2024","1","",69,494,497,501,5374811,3834527,23057,831,"",0.84,0.50,0.50,0.50,0.50,0.38,0.29,1.00,"",27,64.3,15,3.1,25,5.3,21,4.4,-533210,-9.0,168774,4.6,5747,33.2,-122,-12.8
"20000","5","532112","58","0","2024","1","",6,53,55,58,1631752,712172,7066,2268,"",0.86,0.50,0.51,0.54,0.68,0.44,0.56,1.33,"",-3,-33.3,0,0.0,-1,-1.8,-1,-1.7,4357,0.3,39574,5.9,19,0.3,33,1.5
"20000","5","53212","57","0","2024","1","",54,545,546,541,8166147,5817511,66208,1155,"",0.86,0.64,0.63,0.63,0.71,0.59,0.80,1.12,"",-2,-3.6,-11,-2.0,-3,-0.5,-15,-2.7,-736015,-8.3,-46342,-0.8,-7856,-10.6,-82,-6.6
"20000","5","532120","58","0","2024","1","",54,545,546,541,8166147,5817511,66208,1155,"",0.86,0.64,0.63,0.63,0.71,0.59,0.80,1.12,"",-2,-3.6,-11,-2.0,-3,-0.5,-15,-2.7,-736015,-8.3,-46342,-0.8,-7856,-10.6,-82,-6.6
"20000","5","5322","56","0","2024","1","",134,948,943,1002,11425629,9110079,80678,911,"",0.91,0.85,0.84,0.88,0.90,0.76,0.63,1.05,"",25,22.9,22,2.4,19,2.1,55,5.8,369143,3.3,255113,2.9,-7845,-8.9,-1,-0.1
"20000","5","53221","57","0","2024","1","",11,125,122,126,1266505,1155398,12743,784,"",0.90,1.49,1.44,1.47,1.12,1.31,1.35,0.76,"",3,37.5,8,6.8,7,6.1,6,5.0,77972,6.6,78594,7.3,2171,20.5,5,0.6
"20000","5","532210","58","0","2024","1","",11,125,122,126,1266505,1155398,12743,784,"",0.90,1.49,1.44,1.47,1.12,1.31,1.35,0.76,"",3,37.5,8,6.8,7,6.1,6,5.0,77972,6.6,78594,7.3,2171,20.5,5,0.6
"20000","5","53228","57","0","2024","1","",123,823,821,876,10159124,7954681,67935,930,"",0.91,0.80,0.79,0.83,0.88,0.72,0.58,1.09,"",22,21.8,14,1.7,12,1.5,49,5.9,291171,3.0,176519,2.3,-10016,-12.8,-1,-0.1
"20000","5","532281","58","0","2024","1","N",3,0,0,0,0,0,0,0,"N",0.50,0,0,0,0,0,0,0,"N",0,0.0,0,0,0,0,0,0,0,0,0,0,0,0,0,0
"20000","5","532282","58","0","2024","1","N",5,0,0,0,0,0,0,0,"N",1.22,0,0,0,0,0,0,0,"N",0,0.0,0,0,0,0,0,0,0,0,0,0,0,0,0,0
"20000","5","532283","58","0","2024","1","",35,297,298,300,4445615,3182219,23622,1146,"",1.56,0.97,0.98,0.99,1.25,0.88,0.81,1.28,"",20,133.3,-7,-2.3,-15,-4.8,15,5.3,300683,7.3,26532,0.8,-6624,-21.9,86,8.1
"20000","5","532284","58","0","2024","1","",8,14,14,31,141317,137117,2163,553,"",0.29,0.10,0.10,0.21,0.11,0.11,0.14,0.77,"",1,14.3,-5,-26.3,-2,-12.5,9,40.9,43246,44.1,41246,43.0,-52,-2.3,156,39.3
"20000","5","532289","58","0","2024","1","",72,463,466,483,5028930,4230165,30910,822,"",0.95,0.89,0.89,0.91,0.94,0.79,0.48,1.05,"",1,1.4,28,6.4,35,8.1,38,8.5,-108745,-2.1,106594,2.6,-466,-1.5,-82,-9.1
"20000","5","5323","56","0","2024","1","",16,104,105,108,1254285,1045185,4718,913,"",0.55,0.39,0.39,0.40,0.35,0.34,0.16,0.89,"",-2,-11.1,-27,-20.6,-30,-22.2,-10,-8.5,-261611,-17.3,-236640,-18.5,-3566,-43.0,2,0.2
"20000","5","53231","57","0","2024","1","",16,104,105,108,1254285,1045185,4718,913,"",0.55,0.39,0.39,0.40,0.35,0.34,0.16,0.89,"",-2,-11.1,-27,-20.6,-30,-22.2,-10,-8.5,-261611,-17.3,-236640,-18.5,-3566,-43.0,2,0.2
"20000","5","532310","58","0","2024","1","",16,104,105,108,1254285,1045185,4718,913,"",0.55,0.39,0.39,0.40,0.35,0.34,0.16,0.89,"",-2,-11.1,-27,-20.6,-30,-22.2,-10,-8.5,-261611,-17.3,-236640,-18.5,-3566,-43.0,2,0.2
"20000","5","5324","56","0","2024","1","",162,1391,1387,1427,27410391,16757882,216539,1504,"",1.04,0.78,0.77,0.79,0.83,0.70,0.86,1.06,"",6,3.8,195,16.3,202,17.0,240,20.2,5031686,22.5,3270185,24.2,31252,16.9,57,3.9
"20000","5","53241","57","0","2024","1","",65,532,531,527,12432511,6481617,80674,1804,"",0.95,0.56,0.56,0.56,0.65,0.50,0.66,1.16,"",7,12.1,55,11.5,60,12.7,64,13.8,1621688,15.0,1034074,19.0,3310,4.3,36,2.0
"20000","5","532411","58","0","2024","1","",4,6,6,6,192727,64375,147,2471,"",0.58,0.13,0.13,0.13,0.12,0.10,0.02,0.91,"",0,0.0,-2,-25.0,-2,-25.0,-2,-25.0,59092,44.2,-7935,-11.0,-441,-75.0,1186,92.3
"20000","5","532412","58","0","2024","1","",61,526,525,521,12239784,6417242,80527,1797,"",0.99,0.59,0.58,0.58,0.70,0.52,0.70,1.21,"",7,13.0,57,12.2,62,13.4,66,14.5,1562596,14.6,1042009,19.4,3751,4.9,21,1.2
"20000","5","53242","57","0","2024","1","",13,149,146,149,2909324,1894824,10165,1512,"",1.34,1.48,1.44,1.49,1.41,1.43,0.71,0.96,"",0,0.0,67,81.7,61,71.8,66,79.5,1158431,66.2,870297,84.9,-667,-6.2,-104,-6.4
"20000","5","532420","58","0","2024","1","",13,149,146,149,2909324,1894824,10165,1512,"",1.34,1.48,1.44,1.49,1.41,1.43,0.71,0.96,"",0,0.0,67,81.7,61,71.8,66,79.5,1158431,66.2,870297,84.9,-667,-6.2,-104,-6.4
"20000","5","53249","57","0","2024","1","",84,710,710,751,12068556,8381441,125700,1283,"",1.09,0.97,0.94,1.00,1.01,0.89,1.07,1.04,"",-1,-1.2,73,11.5,81,12.9,110,17.2,2251567,22.9,1365814,19.5,28609,29.5,95,8.0
"20000","5","532490","58","0","2024","1","",84,710,710,751,12068556,8381441,125700,1283,"",1.09,0.97,0.94,1.00,1.01,0.89,1.07,1.04,"",-1,-1.2,73,11.5,81,12.9,110,17.2,2251567,22.9,1365814,19.5,28609,29.5,95,8.0
"20000","5","533","55","0","2024","1","",43,155,150,141,3572418,1762998,26933,1848,"",1.39,0.77,0.73,0.69,0.51,0.58,0.80,0.69,"",1,2.4,1,0.6,3,2.0,-9,-6.0,305256,9.3,-28448,-1.6,1911,7.6,176,10.5
"20000","5","5331","56","0","2024","1","",43,155,150,141,3572418,1762998,26933,1848,"",1.39,0.77,0.73,0.69,0.51,0.58,0.80,0.69,"",1,2.4,1,0.6,3,2.0,-9,-6.0,305256,9.3,-28448,-1.6,1911,7.6,176,10.5
"20000","5","53311","57","0","2024","1","",43,155,150,141,3572418,1762998,26933,1848,"",1.39,0.77,0.73,0.69,0.51,0.58,0.80,0.69,"",1,2.4,1,0.6,3,2.0,-9,-6.0,305256,9.3,-28448,-1.6,1911,7.6,176,10.5
"20000","5","533110","58","0","2024","1","",43,155,150,141,3572418,1762998,26933,1848,"",1.39,0.77,0.73,0.69,0.51,0.58,0.80,0.69,"",1,2.4,1,0.6,3,2.0,-9,-6.0,305256,9.3,-28448,-1.6,1911,7.6,176,10.5
"20000","5","54","54","0","2024","1","",14394,77922,78747,78029,1858441337,934114461,12311200,1827,"",1.02,0.79,0.79,0.79,0.73,0.67,0.86,0.92,"",642,4.7,-366,-0.5,278,0.4,-207,-0.3,100393540,5.7,13857226,1.5,-949635,-7.2,101,5.9
"20000","5","541","55","0","2024","1","",14394,77922,78747,78029,1858441337,934114461,12311200,1827,"",1.02,0.79,0.79,0.79,0.73,0.67,0.86,0.92,"",642,4.7,-366,-0.5,278,0.4,-207,-0.3,100393540,5.7,13857226,1.5,-949635,-7.2,101,5.9
"20000","5","5411","56","0","2024","1","",1410,6725,6836,6808,116877769,74892760,738768,1324,"",0.82,0.62,0.63,0.63,0.46,0.53,0.58,0.74,"",16,1.1,-38,-0.6,97,1.4,37,0.5,5264409,4.7,2040366,2.8,-46177,-5.9,53,4.2
"20000","5","54111","57","0","2024","1","",1234,5481,5579,5537,97444590,60577081,569405,1355,"",0.80,0.55,0.56,0.55,0.41,0.46,0.50,0.74,"",21,1.7,18,0.3,99,1.8,13,0.2,4043548,4.3,1778829,3.0,-34274,-5.7,46,3.5
"20000","5","541110","58","0","2024","1","",1234,5481,5579,5537,97444590,60577081,569405,1355,"",0.80,0.55,0.56,0.55,0.41,0.46,0.50,0.74,"",21,1.7,18,0.3,99,1.8,13,0.2,4043548,4.3,1778829,3.0,-34274,-5.7,46,3.5
"20000","5","54119","57","0","2024","1","",176,1244,1257,1271,19433179,14315679,169363,1189,"",1.03,1.40,1.40,1.43,1.33,1.32,1.26,0.94,"",-5,-2.8,-56,-4.3,-2,-0.2,24,1.9,1220861,6.7,261537,1.9,-11903,-6.6,85,7.7
"20000","5","541191","58","0","2024","1","",101,831,833,835,11328699,9177684,91684,1046,"",1.20,1.61,1.61,1.62,1.53,1.43,1.08,0.95,"",-6,-5.6,-124,-13.0,-61,-6.8,-47,-5.3,-225066,-1.9,-642422,-6.5,-10388,-10.2,70,7.2
"20000","5","541199","58","0","2024","1","",75,413,424,436,8104480,5137995,77679,1469,"",0.86,1.11,1.12,1.16,1.12,1.16,1.55,0.99,"",1,1.4,68,19.7,59,16.2,71,19.5,1445927,21.7,903959,21.3,-1515,-1.9,40,2.8
"20000","5","5412","56","0","2024","1","",1758,9271,9644,9540,169860369,97451481,1309002,1378,"",1.16,0.85,0.85,0.85,0.86,0.70,0.92,1.01,"",146,9.1,44,0.5,128,1.3,93,1.0,7748819,4.8,6196517,6.8,33659,2.6,51,3.8
"20000","5","54121","57","0","2024","1","",1758,9271,9644,9540,169860369,97451481,1309002,1378,"",1.16,0.85,0.85,0.85,0.86,0.70,0.92,1.01,"",146,9.1,44,0.5,128,1.3,93,1.0,7748819,4.8,6196517,6.8,33659,2.6,51,3.8
"20000","5","541211","58","0","2024","1","",500,3460,3613,3569,66264161,41482606,390769,1437,"",0.96,0.69,0.70,0.69,0.63,0.57,0.65,0.91,"",25,5.3,48,1.4,37,1.0,4,0.1,3479041,5.5,1542622,3.9,-16891,-4.1,64,4.7
"20000","5","541213","58","0","2024","1","",296,1146,1259,1250,9840138,8465664,281118,621,"",0.95,0.93,0.93,0.93,0.88,0.78,1.19,0.94,"",23,8.4,-14,-1.2,16,1.3,31,2.5,724490,7.9,426384,5.3,24300,9.5,40,6.9
"20000","5","541214","58","0","2024","1","",118,1327,1349,1328,17450564,10483894,150234,1006,"",1.11,0.66,0.64,0.63,0.44,0.42,0.50,0.68,"",14,13.5,164,14.1,184,15.8,201,17.8,2856215,19.6,1868442,21.7,23640,18.7,31,3.2
"20000","5","541219","58","0","2024","1","",844,3338,3423,3393,76305506,37019317,486881,1734,"",1.45,1.27,1.26,1.25,1.82,1.21,1.70,1.45,"",84,11.1,-154,-4.4,-109,-3.1,-143,-4.0,689073,0.9,2359069,6.8,2610,0.5,82,5.0
"20000","5","5413","56","0","2024","1","",1429,16172,16250,16210,437090866,216329844,2059510,2074,"",1.02,1.06,1.06,1.06,1.29,0.97,0.94,1.22,"",96,7.2,1004,6.6,1030,6.8,949,6.2,49119026,12.7,14131971,7.0,-177782,-7.9,113,5.8
"20000","5","54131","57","0","2024","1","",216,1496,1481,1469,29073834,18950054,171077,1509,"",0.88,0.80,0.79,0.79,0.82,0.71,0.71,1.03,"",16,8.0,-33,-2.2,-55,-3.6,-72,-4.7,-1381845,-4.5,-392341,-2.0,-36805,-17.7,-17,-1.1
"20000","5","541310","58","0","2024","1","",216,1496,1481,1469,29073834,18950054,171077,1509,"",0.88,0.80,0.79,0.79,0.82,0.71,0.71,1.03,"",16,8.0,-33,-2.2,-55,-3.6,-72,-4.7,-1381845,-4.5,-392341,-2.0,-36805,-17.7,-17,-1.1
"20000","5","54132","57","0","2024","1","",29,88,85,85,1325922,945265,12606,1186,"",0.47,0.30,0.29,0.28,0.32,0.27,0.34,1.08,"",5,20.8,5,6.0,1,1.2,-11,-11.5,91735,7.4,39840,4.4,-1375,-9.8,103,9.5
"20000","5","541320","58","0","2024","1","",29,88,85,85,1325922,945265,12606,1186,"",0.47,0.30,0.29,0.28,0.32,0.27,0.34,1.08,"",5,20.8,5,6.0,1,1.2,-11,-11.5,91735,7.4,39840,4.4,-1375,-9.8,103,9.5
"20000","5","54133","57","0","2024","1","",933,13203,13288,13250,381918852,179913467,1653654,2218,"",1.15,1.26,1.25,1.25,1.51,1.13,1.08,1.21,"",61,7.0,967,7.9,1011,8.2,983,8.0,47722432,14.3,13524051,8.1,-141888,-7.9,121,5.8
"20000","5","541330","58","0","2024","1","",933,13203,13288,13250,381918852,179913467,1653654,2218,"",1.15,1.26,1.25,1.25,1.51,1.13,1.08,1.21,"",61,7.0,967,7.9,1011,8.2,983,8.0,47722432,14.3,13524051,8.1,-141888,-7.9,121,5.8
"20000","5","54134","57","0","2024","1","",26,38,37,36,581231,462231,9015,1208,"",0.89,0.44,0.42,0.41,0.47,0.42,0.90,1.11,"",7,36.8,6,18.8,5,15.6,5,16.1,76156,15.1,63678,16.0,1526,20.4,-19,-1.5
"20000","5","541340","58","0","2024","1","",26,38,37,36,581231,462231,9015,1208,"",0.89,0.44,0.42,0.41,0.47,0.42,0.90,1.11,"",7,36.8,6,18.8,5,15.6,5,16.1,76156,15.1,63678,16.0,1526,20.4,-19,-1.5
"20000","5","54135","57","0","2024","1","",43,73,82,78,1019887,828633,12465,1010,"",0.61,0.31,0.34,0.32,0.32,0.31,0.39,1.00,"",-4,-8.5,4,5.8,12,17.1,4,5.4,221853,27.8,186116,29.0,2000,19.1,145,16.8
"20000","5","541350","58","0","2024","1","",43,73,82,78,1019887,828633,12465,1010,"",0.61,0.31,0.34,0.32,0.32,0.31,0.39,1.00,"",-4,-8.5,4,5.8,12,17.1,4,5.4,221853,27.8,186116,29.0,2000,19.1,145,16.8
"20000","5","54136","57","0","2024","1","",20,101,122,110,1781262,1416821,51738,1234,"",0.98,0.79,0.93,0.85,0.67,0.73,2.31,0.79,"",2,11.1,-2,-1.9,18,17.3,3,2.8,131280,8.0,232001,19.6,10862,26.6,21,1.7
"20000","5","541360","58","0","2024","1","",20,101,122,110,1781262,1416821,51738,1234,"",0.98,0.79,0.93,0.85,0.67,0.73,2.31,0.79,"",2,11.1,-2,-1.9,18,17.3,3,2.8,131280,8.0,232001,19.6,10862,26.6,21,1.7
"20000","5","54137","57","0","2024","1","",46,274,269,286,4200729,3124591,41540,1169,"",0.65,0.55,0.53,0.56,0.60,0.51,0.73,1.09,"",2,4.5,45,19.7,35,15.0,40,16.3,824936,24.4,491179,18.7,2633,6.8,70,6.4
"20000","5","541370","58","0","2024","1","",46,274,269,286,4200729,3124591,41540,1169,"",0.65,0.55,0.53,0.56,0.60,0.51,0.73,1.09,"",2,4.5,45,19.7,35,15.0,40,16.3,824936,24.4,491179,18.7,2633,6.8,70,6.4
"20000","5","54138","57","0","2024","1","",116,899,886,896,17189149,10688782,107415,1480,"",1.22,0.56,0.55,0.55,0.54,0.48,0.40,0.98,"",7,6.4,12,1.4,3,0.3,-3,-0.3,1432479,9.1,-12553,-0.1,-14735,-12.1,118,8.7
"20000","5","541380","58","0","2024","1","",116,899,886,896,17189149,10688782,107415,1480,"",1.22,0.56,0.55,0.55,0.54,0.48,0.40,0.98,"",7,6.4,12,1.4,3,0.3,-3,-0.3,1432479,9.1,-12553,-0.1,-14735,-12.1,118,8.7
"20000","5","5414","56","0","2024","1","",290,964,963,947,17280981,10554680,137096,1388,"",0.73,0.70,0.70,0.69,0.70,0.64,0.70,1.01,"",8,2.8,1,0.1,18,1.9,-15,-1.6,167796,1.0,-54949,-0.5,2883,2.1,12,0.9
"20000","5","54141","57","0","2024","1","",89,277,272,272,4043520,2847099,33676,1137,"",0.57,0.54,0.53,0.53,0.59,0.49,0.53,1.09,"",-1,-1.1,-27,-8.9,-27,-9.0,-29,-9.6,-438425,-9.8,-273245,-8.8,-4264,-11.2,-7,-0.6
"20000","5","541410","58","0","2024","1","",89,277,272,272,4043520,2847099,33676,1137,"",0.57,0.54,0.53,0.53,0.59,0.49,0.53,1.09,"",-1,-1.1,-27,-8.9,-27,-9.0,-29,-9.6,-438425,-9.8,-273245,-8.8,-4264,-11.2,-7,-0.6
"20000","5","54142","57","0","2024","1","",47,162,168,167,3757461,1900631,43921,1745,"",1.99,0.95,0.98,0.98,0.78,0.82,1.38,0.81,"",4,9.3,9,5.9,10,6.3,15,9.9,691409,22.6,114816,6.4,8576,24.3,217,14.2
"20000","5","541420","58","0","2024","1","",47,162,168,167,3757461,1900631,43921,1745,"",1.99,0.95,0.98,0.98,0.78,0.82,1.38,0.81,"",4,9.3,9,5.9,10,6.3,15,9.9,691409,22.6,114816,6.4,8576,24.3,217,14.2
"20000","5","54143","57","0","2024","1","",131,327,325,312,4637133,3359660,35628,1110,"",0.79,0.64,0.63,0.61,0.51,0.53,0.51,0.80,"",2,1.6,1,0.3,2,0.6,-19,-5.7,-139294,-2.9,-92597,-2.7,-3271,-8.4,-15,-1.3
"20000","5","541430","58","0","2024","1","",131,327,325,312,4637133,3359660,35628,1110,"",0.79,0.64,0.63,0.61,0.51,0.53,0.51,0.80,"",2,1.6,1,0.3,2,0.6,-19,-5.7,-139294,-2.9,-92597,-2.7,-3271,-8.4,-15,-1.3
"20000","5","54149","57","0","2024","1","",23,198,198,196,4842867,2447290,23871,1888,"",0.43,1.08,1.07,1.07,1.27,1.12,0.79,1.18,"",3,15.0,18,10.0,33,20.0,18,10.1,54106,1.1,196077,8.7,1842,8.4,-225,-10.6
"20000","5","541490","58","0","2024","1","",23,198,198,196,4842867,2447290,23871,1888,"",0.43,1.08,1.07,1.07,1.27,1.12,0.79,1.18,"",3,15.0,18,10.0,33,20.0,18,10.1,54106,1.1,196077,8.7,1842,8.4,-225,-10.6
"20000","5","5415","56","0","2024","1","",4112,16837,16865,16544,525162596,224033726,3556868,2412,"",1.21,0.75,0.75,0.74,0.71,0.63,0.95,0.95,"",163,4.1,-509,-2.9,-505,-2.9,-585,-3.4,17326297,3.4,-6496883,-2.8,-225389,-6.0,152,6.7
"20000","5","54151","57","0","2024","1","",4112,16837,16865,16544,525162596,224033726,3556868,2412,"",1.21,0.75,0.75,0.74,0.71,0.63,0.95,0.95,"",163,4.1,-509,-2.9,-505,-2.9,-585,-3.4,17326297,3.4,-6496883,-2.8,-225389,-6.0,152,6.7
"20000","5","541511","58","0","2024","1","",1672,6517,6505,6451,197922557,88042661,1496075,2346,"",1.03,0.65,0.65,0.65,0.54,0.55,0.83,0.83,"",52,3.2,-407,-5.9,-423,-6.1,-312,-4.6,-5676851,-2.8,-4442690,-4.8,-93139,-5.9,67,2.9
"20000","5","541512","58","0","2024","1","",2315,9221,9265,9004,274767613,122414770,1862956,2307,"",1.59,0.88,0.88,0.87,0.88,0.74,1.14,1.01,"",99,4.5,-64,-0.7,-45,-0.5,-231,-2.5,6220911,2.3,-1777011,-1.4,-49583,-2.6,80,3.6
"20000","5","541513","58","0","2024","1","",31,263,257,240,6742916,2800392,39441,2047,"",0.57,0.36,0.34,0.32,0.28,0.27,0.36,0.81,"",-6,-16.2,-102,-27.9,-103,-28.6,-121,-33.5,-2291886,-25.4,-1318518,-32.0,-9623,-19.6,127,6.6
"20000","5","541519","58","0","2024","1","",94,836,838,849,45729510,10775903,158396,4183,"",0.34,0.68,0.68,0.69,1.27,0.56,0.78,1.86,"",18,23.7,64,8.3,66,8.5,79,10.3,19074123,71.6,1041336,10.7,-73044,-31.6,1525,57.4
"20000","5","5416","56","0","2024","1","",2948,12575,12663,12509,283889427,148520661,2446894,1736,"",0.88,0.75,0.74,0.74,0.67,0.62,0.96,0.91,"",171,6.2,-483,-3.7,-359,-2.8,-454,-3.5,3887352,1.4,-995161,-0.7,-215484,-8.1,81,4.9
"20000","5","54161","57","0","2024","1","",2420,10382,10466,10324,232966749,121181780,2045656,1725,"",0.87,0.74,0.74,0.73,0.65,0.61,0.97,0.89,"",153,6.7,-489,-4.5,-361,-3.3,-449,-4.2,3206982,1.4,-1627403,-1.3,-206593,-9.2,92,5.6
"20000","5","541611","58","0","2024","1","",1282,5975,6105,6046,131771380,69344749,1063380,1678,"",0.91,0.79,0.80,0.80,0.62,0.62,0.93,0.78,"",76,6.3,-474,-7.3,-347,-5.4,-246,-3.9,-2134769,-1.6,-1875301,-2.6,-155360,-12.7,68,4.2
"20000","5","541612","58","0","2024","1","",172,698,649,613,13856070,7273517,138912,1631,"",1.26,0.81,0.75,0.71,0.65,0.61,1.05,0.86,"",16,10.3,49,7.6,30,4.8,-26,-4.1,2116332,18.0,33433,0.5,-1258,-0.9,210,14.8
"20000","5","541613","58","0","2024","1","",691,1925,1945,1902,46655156,22567251,412520,1865,"",0.91,0.66,0.66,0.65,0.71,0.56,0.88,1.09,"",37,5.7,-100,-4.9,-50,-2.5,-81,-4.1,1382066,3.1,-353708,-1.5,-9249,-2.2,125,7.2
"20000","5","541614","58","0","2024","1","",159,1177,1156,1150,25552360,14470892,298931,1693,"",0.97,0.79,0.77,0.77,0.92,0.76,1.54,1.19,"",12,8.2,-80,-6.4,-105,-8.3,-202,-14.9,-1593348,-5.9,-1125863,-7.2,-80723,-21.3,74,4.6
"20000","5","541618","58","0","2024","1","",116,607,611,613,15131783,7525371,131913,1907,"",0.39,0.53,0.53,0.53,0.54,0.50,0.81,1.02,"",12,11.5,116,23.6,111,22.2,106,20.9,3436701,29.4,1694036,29.1,39997,43.5,105,5.8
"20000","5","54162","57","0","2024","1","",107,505,501,500,10410623,6268479,97549,1595,"",0.85,0.56,0.54,0.55,0.60,0.48,0.78,1.09,"",1,0.9,16,3.3,16,3.3,19,4.0,679438,7.0,296065,5.0,3532,3.8,52,3.4
"20000","5","541620","58","0","2024","1","",107,505,501,500,10410623,6268479,97549,1595,"",0.85,0.56,0.54,0.55,0.60,0.48,0.78,1.09,"",1,0.9,16,3.3,16,3.3,19,4.0,679438,7.0,296065,5.0,3532,3.8,52,3.4
"20000","5","54169","57","0","2024","1","",421,1688,1696,1685,40512055,21070402,303689,1844,"",0.90,0.87,0.86,0.86,0.84,0.75,0.97,0.97,"",17,4.2,-10,-0.6,-14,-0.8,-24,-1.4,932,0.0,336177,1.6,-12423,-3.9,17,0.9
"20000","5","541690","58","0","2024","1","",421,1688,1696,1685,40512055,21070402,303689,1844,"",0.90,0.87,0.86,0.86,0.84,0.75,0.97,0.97,"",17,4.2,-10,-0.6,-14,-0.8,-24,-1.4,932,0.0,336177,1.6,-12423,-3.9,17,0.9
"20000","5","5417","56","0","2024","1","",427,3459,3434,3385,112213114,46216697,535542,2519,"",0.90,0.41,0.40,0.40,0.31,0.36,0.42,0.78,"",-5,-1.2,-335,-8.8,-341,-9.0,-339,-9.1,2302819,2.1,-4197726,-8.3,-95748,-15.2,273,12.2
"20000","5","54171","57","0","2024","1","",398,3275,3246,3190,107848088,43838500,512347,2563,"",0.94,0.42,0.41,0.40,0.31,0.36,0.42,0.76,"",-9,-2.2,-345,-9.5,-349,-9.7,-354,-10.0,1632491,1.5,-4420638,-9.2,-93928,-15.5,285,12.5
"20000","5","541713","58","0","2024","1","",10,17,16,15,989380,224020,4214,4757,"",0.47,0.08,0.07,0.07,0.13,0.06,0.13,1.79,"",2,25.0,7,70.0,5,45.5,4,36.4,453233,84.5,70020,45.5,1121,36.2,891,23.0
"20000","5","541714","58","0","2024","1","",147,651,641,614,27193246,8427258,158175,3292,"",0.81,0.24,0.24,0.23,0.17,0.18,0.31,0.71,"",-10,-6.4,70,12.0,91,16.5,93,17.9,3270812,13.7,885619,11.7,22201,16.3,-50,-1.5
"20000","5","541715","58","0","2024","1","",241,2607,2589,2561,79665462,35187222,349958,2370,"",1.09,0.52,0.52,0.51,0.45,0.49,0.52,0.86,"",-1,-0.4,-422,-13.9,-445,-14.7,-451,-15.0,-2091554,-2.6,-5376277,-13.3,-117250,-25.1,291,14.0
"20000","5","54172","57","0","2024","1","",29,184,188,195,4365026,2378197,23195,1777,"",0.57,0.30,0.30,0.30,0.35,0.41,0.39,1.19,"",4,16.0,10,5.7,8,4.4,15,8.3,670328,18.1,222912,10.3,-1820,-7.3,180,11.3
"20000","5","541720","58","0","2024","1","",29,184,188,195,4365026,2378197,23195,1777,"",0.57,0.30,0.30,0.30,0.35,0.41,0.39,1.19,"",4,16.0,10,5.7,8,4.4,15,8.3,670328,18.1,222912,10.3,-1820,-7.3,180,11.3
"20000","5","5418","56","0","2024","1","",574,2985,3033,3039,54076813,32667270,401159,1378,"",0.87,0.67,0.67,0.67,0.54,0.54,0.55,0.81,"",-5,-0.9,-11,-0.4,60,2.0,55,1.8,1438347,2.7,569072,1.8,-40707,-9.2,21,1.5
"20000","5","54181","57","0","2024","1","",302,1159,1163,1145,24965634,14908766,236175,1662,"",0.95,0.58,0.58,0.57,0.47,0.50,0.60,0.82,"",8,2.7,-4,-0.3,-7,-0.6,-27,-2.3,-1950375,-7.2,-211329,-1.4,-27570,-10.5,-110,-6.2
"20000","5","541810","58","0","2024","1","",302,1159,1163,1145,24965634,14908766,236175,1662,"",0.95,0.58,0.58,0.57,0.47,0.50,0.60,0.82,"",8,2.7,-4,-0.3,-7,-0.6,-27,-2.3,-1950375,-7.2,-211329,-1.4,-27570,-10.5,-110,-6.2
"20000","5","54182","57","0","2024","1","",81,192,209,213,5535872,2423020,27045,2081,"",0.65,0.32,0.34,0.35,0.33,0.29,0.27,0.97,"",2,2.5,27,16.4,35,20.1,41,23.8,1267503,29.7,368674,17.9,901,3.4,153,7.9
"20000","5","541820","58","0","2024","1","",81,192,209,213,5535872,2423020,27045,2081,"",0.65,0.32,0.34,0.35,0.33,0.29,0.27,0.97,"",2,2.5,27,16.4,35,20.1,41,23.8,1267503,29.7,368674,17.9,901,3.4,153,7.9
"20000","5","54183","57","0","2024","1","",14,46,46,47,1084608,484744,6434,1801,"",1.08,0.29,0.28,0.29,0.26,0.20,0.21,0.89,"",1,7.7,17,58.6,14,43.8,16,51.6,564602,108.6,170107,54.1,2008,45.4,497,38.1
"20000","5","541830","58","0","2024","1","",14,46,46,47,1084608,484744,6434,1801,"",1.08,0.29,0.28,0.29,0.26,0.20,0.21,0.89,"",1,7.7,17,58.6,14,43.8,16,51.6,564602,108.6,170107,54.1,2008,45.4,497,38.1
"20000","5","54184","57","0","2024","1","",28,103,119,122,2790318,1444120,11520,1872,"",0.87,0.62,0.71,0.74,0.64,0.58,0.39,0.92,"",-4,-12.5,-17,-14.2,3,2.6,6,5.2,446519,19.1,63129,4.6,4634,67.3,335,21.8
"20000","5","541840","58","0","2024","1","",28,103,119,122,2790318,1444120,11520,1872,"",0.87,0.62,0.71,0.74,0.64,0.58,0.39,0.92,"",-4,-12.5,-17,-14.2,3,2.6,6,5.2,446519,19.1,63129,4.6,4634,67.3,335,21.8
"20000","5","54185","57","0","2024","1","",21,125,127,130,2632404,1450264,14402,1590,"",0.85,0.46,0.46,0.47,0.50,0.44,0.43,1.09,"",-6,-22.2,-9,-6.7,-8,-5.9,-7,-5.1,211812,8.8,47042,3.4,-647,-4.3,214,15.6
"20000","5","541850","58","0","2024","1","",21,125,127,130,2632404,1450264,14402,1590,"",0.85,0.46,0.46,0.47,0.50,0.44,0.43,1.09,"",-6,-22.2,-9,-6.7,-8,-5.9,-7,-5.1,211812,8.8,47042,3.4,-647,-4.3,214,15.6
"20000","5","54186","57","0","2024","1","",24,689,681,689,8225317,6783403,63502,922,"",1.13,2.29,2.24,2.28,1.84,1.78,1.54,0.81,"",3,14.3,-15,-2.1,15,2.3,17,2.5,572859,7.5,267694,4.1,-9031,-12.5,57,6.6
"20000","5","541860","58","0","2024","1","",24,689,681,689,8225317,6783403,63502,922,"",1.13,2.29,2.24,2.28,1.84,1.78,1.54,0.81,"",3,14.3,-15,-2.1,15,2.3,17,2.5,572859,7.5,267694,4.1,-9031,-12.5,57,6.6
"20000","5","54187","57","0","2024","1","",21,75,75,74,2620252,826537,10304,2699,"",0.59,0.48,0.48,0.47,1.13,0.50,0.49,2.36,"",-1,-4.5,-14,-15.7,-11,-12.8,-12,-14.0,619710,31.0,-157884,-16.0,-2940,-22.2,930,52.6
"20000","5","541870","58","0","2024","1","",21,75,75,74,2620252,826537,10304,2699,"",0.59,0.48,0.48,0.47,1.13,0.50,0.49,2.36,"",-1,-4.5,-14,-15.7,-11,-12.8,-12,-14.0,619710,31.0,-157884,-16.0,-2940,-22.2,930,52.6
"20000","5","54189","57","0","2024","1","",83,596,613,619,6222408,4346416,31777,786,"",0.98,0.72,0.72,0.73,0.69,0.54,0.42,0.96,"",-8,-8.8,4,0.7,19,3.2,21,3.5,-294283,-4.5,21639,0.5,-8062,-20.2,-57,-6.8
"20000","5","541890","58","0","2024","1","",83,596,613,619,6222408,4346416,31777,786,"",0.98,0.72,0.72,0.73,0.69,0.54,0.42,0.96,"",-8,-8.8,4,0.7,19,3.2,21,3.5,-294283,-4.5,21639,0.5,-8062,-20.2,-57,-6.8
"20000","5","5419","56","0","2024","1","",1446,8934,9059,9047,141989402,83447342,1126361,1212,"",1.28,1.13,1.14,1.13,1.17,0.91,1.25,1.03,"",52,3.7,-39,-0.4,150,1.7,52,0.6,13138675,10.2,2664019,3.3,-184890,-14.1,106,9.6
"20000","5","54191","57","0","2024","1","",76,591,563,561,7088290,3979401,51250,954,"",0.87,0.89,0.84,0.85,0.45,0.44,0.45,0.52,"",0,0.0,42,7.7,-3,-0.5,-29,-4.9,782976,12.4,223190,5.9,-5044,-9.0,101,11.8
"20000","5","541910","58","0","2024","1","",76,591,563,561,7088290,3979401,51250,954,"",0.87,0.89,0.84,0.85,0.45,0.44,0.45,0.52,"",0,0.0,42,7.7,-3,-0.5,-29,-4.9,782976,12.4,223190,5.9,-5044,-9.0,101,11.8
"20000","5","54192","57","0","2024","1","",99,195,232,271,1669644,1528525,32638,552,"",0.72,0.49,0.57,0.60,0.50,0.43,0.67,0.91,"",1,1.0,-37,-15.9,-25,-9.7,25,10.2,-5697,-0.3,26902,1.8,-2849,-8.0,26,4.9
"20000","5","541921","58","0","2024","1","",76,154,195,233,1377783,1251900,29489,546,"",0.77,0.52,0.64,0.67,0.65,0.51,0.83,1.06,"",2,2.7,-35,-18.5,-20,-9.3,27,13.1,-17107,-1.2,22811,1.9,-2620,-8.2,18,3.4
"20000","5","541922","58","0","2024","1","",23,41,37,38,291861,276625,3149,581,"",0.59,0.40,0.36,0.35,0.24,0.26,0.24,0.66,"",-1,-4.2,-2,-4.7,-5,-11.9,-2,-5.0,11410,4.1,4091,1.5,-229,-6.8,63,12.2
"20000","5","54193","57","0","2024","1","",38,270,280,275,7737302,3107845,56460,2164,"",0.90,0.78,0.80,0.77,1.80,0.82,1.29,2.29,"",-3,-7.3,37,15.9,35,14.3,34,14.1,1910928,32.8,557117,21.8,14675,35.1,294,15.7
"20000","5","541930","58","0","2024","1","",38,270,280,275,7737302,3107845,56460,2164,"",0.90,0.78,0.80,0.77,1.80,0.82,1.29,2.29,"",-3,-7.3,37,15.9,35,14.3,34,14.1,1910928,32.8,557117,21.8,14675,35.1,294,15.7
"20000","5","54194","57","0","2024","1","",452,4947,4954,4979,52991298,38771155,408611,822,"",1.55,1.16,1.16,1.17,1.12,0.88,1.20,0.96,"",9,2.0,-29,-0.6,75,1.5,114,2.3,2971542,5.9,1508864,4.0,-16246,-3.8,38,4.8
"20000","5","541940","58","0","2024","1","",452,4947,4954,4979,52991298,38771155,408611,822,"",1.55,1.16,1.16,1.17,1.12,0.88,1.20,0.96,"",9,2.0,-29,-0.6,75,1.5,114,2.3,2971542,5.9,1508864,4.0,-16246,-3.8,38,4.8
"20000","5","54199","57","0","2024","1","",781,2931,3030,2961,72502868,36060416,577402,1875,"",1.36,1.32,1.34,1.31,1.44,1.15,1.64,1.09,"",45,6.1,-52,-1.7,68,2.3,-92,-3.0,7478926,11.5,347946,1.0,-175426,-23.3,207,12.4
"20000","5","541990","58","0","2024","1","",781,2931,3030,2961,72502868,36060416,577402,1875,"",1.36,1.32,1.34,1.31,1.44,1.15,1.64,1.09,"",45,6.1,-52,-1.7,68,2.3,-92,-3.0,7478926,11.5,347946,1.0,-175426,-23.3,207,12.4
"20000","5","55","54","0","2024","1","",828,22090,22031,22026,1007794275,346480786,2734983,3516,"",1.01,0.92,0.92,0.92,1.13,0.80,0.76,1.23,"",83,11.1,-773,-3.4,-713,-3.1,-693,-3.1,19082627,1.9,-2930016,-0.8,-557284,-16.9,177,5.3
"20000","5","551","55","0","2024","1","",828,22090,22031,22026,1007794275,346480786,2734983,3516,"",1.01,0.92,0.92,0.92,1.13,0.80,0.76,1.23,"",83,11.1,-773,-3.4,-713,-3.1,-693,-3.1,19082627,1.9,-2930016,-0.8,-557284,-16.9,177,5.3
"20000","5","5511","56","0","2024","1","",828,22090,22031,22026,1007794275,346480786,2734983,3516,"",1.01,0.92,0.92,0.92,1.13,0.80,0.76,1.23,"",83,11.1,-773,-3.4,-713,-3.1,-693,-3.1,19082627,1.9,-2930016,-0.8,-557284,-16.9,177,5.3
"20000","5","55111","57","0","2024","1","",828,22090,22031,22026,1007794275,346480786,2734983,3516,"",1.01,0.92,0.92,0.92,1.13,0.80,0.76,1.23,"",83,11.1,-773,-3.4,-713,-3.1,-693,-3.1,19082627,1.9,-2930016,-0.8,-557284,-16.9,177,5.3
"20000","5","551111","58","0","2024","1","",14,80,81,78,3448367,1017997,9836,3330,"",1.75,1.04,1.04,1.01,1.01,0.80,1.34,0.98,"",-1,-6.7,-16,-16.7,-15,-15.6,-19,-19.6,-3369102,-49.4,-227462,-18.3,-458,-4.4,-2114,-38.8
"20000","5","551112","58","0","2024","1","",111,1310,1316,1323,44258976,17795074,258892,2586,"",0.92,1.65,1.65,1.65,1.25,1.49,2.11,0.76,"",5,4.7,127,10.7,118,9.8,117,9.7,695317,1.6,709546,4.2,7830,3.1,-217,-7.7
"20000","5","551114","58","0","2024","1","",703,20700,20634,20625,960086932,327667715,2466255,3576,"",1.02,0.90,0.89,0.89,1.12,0.78,0.71,1.26,"",79,12.7,-884,-4.1,-816,-3.8,-791,-3.7,21756412,2.3,-3412100,-1.0,-564656,-18.6,216,6.4
"20000","5","56","54","0","2024","1","",7109,71048,72579,72879,1034376914,685473400,9288233,1103,"",1.26,0.87,0.88,0.88,1.08,0.80,0.93,1.24,"",215,3.1,-3787,-5.1,-2527,-3.4,-2532,-3.4,798014,0.1,-4317747,-0.6,-658978,-6.6,45,4.3
"20000","5","561","55","0","2024","1","",6807,67842,69342,69617,976230349,646116628,8897602,1089,"",1.27,0.88,0.89,0.89,1.11,0.81,0.95,1.25,"",214,3.2,-3680,-5.1,-2453,-3.4,-2480,-3.4,-616341,-0.1,-4383778,-0.7,-581789,-6.1,43,4.1
"20000","5","5611","56","0","2024","1","",1523,9937,10015,9979,282580104,116752910,1516430,2179,"",2.25,1.78,1.77,1.77,2.12,1.68,2.18,1.20,"",123,8.8,78,0.8,175,1.8,173,1.8,-6416281,-2.2,3296904,2.9,-184416,-10.8,-81,-3.6
"20000","5","56111","57","0","2024","1","",1523,9937,10015,9979,282580104,116752910,1516430,2179,"",2.25,1.78,1.77,1.77,2.12,1.68,2.18,1.20,"",123,8.8,78,0.8,175,1.8,173,1.8,-6416281,-2.2,3296904,2.9,-184416,-10.8,-81,-3.6
"20000","5","561110","58","0","2024","1","",1523,9937,10015,9979,282580104,116752910,1516430,2179,"",2.25,1.78,1.77,1.77,2.12,1.68,2.18,1.20,"",123,8.8,78,0.8,175,1.8,173,1.8,-6416281,-2.2,3296904,2.9,-184416,-10.8,-81,-3.6
"20000","5","5612","56","0","2024","1","",92,1561,1566,1649,17395540,13887290,122123,841,"",1.41,0.98,0.97,1.02,0.81,0.79,0.65,0.82,"",-4,-4.2,153,10.9,64,4.3,134,8.8,1036554,6.3,754842,5.7,-19726,-13.9,-12,-1.4
"20000","5","56121","57","0","2024","1","",92,1561,1566,1649,17395540,13887290,122123,841,"",1.41,0.98,0.97,1.02,0.81,0.79,0.65,0.82,"",-4,-4.2,153,10.9,64,4.3,134,8.8,1036554,6.3,754842,5.7,-19726,-13.9,-12,-1.4
"20000","5","561210","58","0","2024","1","",92,1561,1566,1649,17395540,13887290,122123,841,"",1.41,0.98,0.97,1.02,0.81,0.79,0.65,0.82,"",-4,-4.2,153,10.9,64,4.3,134,8.8,1036554,6.3,754842,5.7,-19726,-13.9,-12,-1.4
"20000","5","5613","56","0","2024","1","",1764,23227,24287,23499,285481512,215369785,3498902,928,"",1.40,0.77,0.79,0.77,0.87,0.67,0.84,1.12,"",3,0.2,-3952,-14.5,-2741,-10.1,-3160,-11.9,-20464895,-6.7,-20359525,-8.6,-323975,-8.5,55,6.3
"20000","5","56131","57","0","2024","1","",281,938,1146,1117,19100553,11883949,205829,1377,"",0.95,0.36,0.43,0.43,0.48,0.39,0.49,1.18,"",3,1.1,-49,-5.0,180,18.6,91,8.9,-88007,-0.5,355063,3.1,-37785,-15.5,-109,-7.3
"20000","5","561311","58","0","2024","1","",211,799,1016,988,14753571,10095992,176981,1215,"",0.96,0.36,0.45,0.44,0.53,0.40,0.51,1.27,"",11,5.5,-24,-2.9,218,27.3,128,14.9,252064,1.7,659292,7.0,-25195,-12.5,-134,-9.9
"20000","5","561312","58","0","2024","1","",70,139,130,129,4346982,1787957,28848,2520,"",0.92,0.38,0.36,0.36,0.37,0.34,0.39,1.02,"",-8,-10.3,-25,-15.2,-38,-22.6,-37,-22.3,-340071,-7.3,-304229,-14.5,-12590,-30.4,348,16.0
"20000","5","56132","57","0","2024","1","",1227,21654,22508,21738,251232877,195002441,3172456,880,"",1.50,0.91,0.93,0.90,1.10,0.80,0.99,1.20,"",-3,-0.2,-3777,-14.9,-2782,-11.0,-3135,-12.6,-18124635,-6.7,-19559339,-9.1,-238416,-7.0,58,7.1
"20000","5","561320","58","0","2024","1","",1227,21654,22508,21738,251232877,195002441,3172456,880,"",1.50,0.91,0.93,0.90,1.10,0.80,0.99,1.20,"",-3,-0.2,-3777,-14.9,-2782,-11.0,-3135,-12.6,-18124635,-6.7,-19559339,-9.1,-238416,-7.0,58,7.1
"20000","5","56133","57","0","2024","1","",256,635,633,644,15148082,8483395,120617,1828,"",1.74,0.17,0.17,0.17,0.26,0.19,0.22,1.55,"",3,1.2,-126,-16.6,-139,-18.0,-116,-15.3,-2252253,-12.9,-1155249,-12.0,-47774,-28.4,77,4.4
"20000","5","561330","58","0","2024","1","",256,635,633,644,15148082,8483395,120617,1828,"",1.74,0.17,0.17,0.17,0.26,0.19,0.22,1.55,"",3,1.2,-126,-16.6,-139,-18.0,-116,-15.3,-2252253,-12.9,-1155249,-12.0,-47774,-28.4,77,4.4
"20000","5","5614","56","0","2024","1","",759,7671,7719,7643,107905628,72697802,856599,1081,"",1.50,1.17,1.19,1.19,1.20,1.04,1.16,1.02,"",14,1.9,-451,-5.6,-269,-3.4,-260,-3.3,3439018,3.3,-1706224,-2.3,-80821,-8.6,77,7.7
"20000","5","56141","57","0","2024","1","",94,212,211,204,2519050,1686144,29462,927,"",1.43,0.59,0.58,0.56,0.64,0.50,0.98,1.10,"",-4,-4.1,-82,-27.9,-84,-28.5,-79,-27.9,-2471419,-49.5,-1172433,-41.0,-4487,-13.2,-394,-29.8
"20000","5","561410","58","0","2024","1","",94,212,211,204,2519050,1686144,29462,927,"",1.43,0.59,0.58,0.56,0.64,0.50,0.98,1.10,"",-4,-4.1,-82,-27.9,-84,-28.5,-79,-27.9,-2471419,-49.5,-1172433,-41.0,-4487,-13.2,-394,-29.8
"20000","5","56142","57","0","2024","1","",348,4477,4556,4489,60656490,42030355,558496,1035,"",2.71,1.30,1.35,1.35,1.57,1.17,1.50,1.18,"",9,2.7,-535,-10.7,-329,-6.7,-350,-7.2,1912827,3.3,-1554596,-3.6,-14509,-2.5,115,12.5
"20000","5","561421","58","0","2024","1","",86,426,419,414,5060122,3880303,53955,927,"",3.22,1.28,1.27,1.27,1.41,1.12,1.55,1.10,"",11,14.7,39,10.1,36,9.4,37,9.8,988825,24.3,646980,20.0,10982,25.6,108,13.2
"20000","5","561422","58","0","2024","1","",262,4051,4137,4075,55596368,38150052,504541,1046,"",2.58,1.30,1.35,1.36,1.59,1.17,1.50,1.19,"",-2,-0.8,-574,-12.4,-365,-8.1,-387,-8.7,924002,1.7,-2201576,-5.5,-25491,-4.8,118,12.7
"20000","5","56143","57","0","2024","1","",65,456,453,445,5335048,3649930,30749,909,"",0.68,0.63,0.62,0.62,0.84,0.54,0.47,1.35,"",-6,-8.5,50,12.3,52,13.0,37,9.1,281825,5.6,223315,6.5,-3769,-10.9,-51,-5.3
"20000","5","561431","58","0","2024","1","",30,216,214,209,1511269,1414457,16144,546,"",0.64,0.64,0.64,0.63,0.68,0.53,0.65,1.06,"",1,3.4,33,18.0,33,18.2,22,11.8,255600,20.4,221996,18.6,1953,13.8,20,3.8
"20000","5","561439","58","0","2024","1","",35,240,239,236,3823779,2235473,14605,1234,"",0.72,0.61,0.61,0.60,0.93,0.55,0.36,1.53,"",-7,-16.7,17,7.6,19,8.6,15,6.8,26225,0.7,1319,0.1,-5722,-28.1,-86,-6.5
"20000","5","56144","57","0","2024","1","",81,1425,1396,1418,21045450,14601967,103949,1146,"",1.57,1.70,1.66,1.69,1.78,1.53,1.00,1.06,"",2,2.5,-34,-2.3,-54,-3.7,-12,-0.8,-1061546,-4.8,-1160306,-7.4,-68344,-39.7,-30,-2.6
"20000","5","561440","58","0","2024","1","",81,1425,1396,1418,21045450,14601967,103949,1146,"",1.57,1.70,1.66,1.69,1.78,1.53,1.00,1.06,"",2,2.5,-34,-2.3,-54,-3.7,-12,-0.8,-1061546,-4.8,-1160306,-7.4,-68344,-39.7,-30,-2.6
"20000","5","56145","57","0","2024","1","",12,29,29,28,1195451,381629,5613,3208,"",1.13,0.14,0.14,0.14,0.13,0.13,0.17,0.98,"",-1,-7.7,1,3.6,1,3.6,2,7.7,187730,18.6,18474,5.1,1975,54.3,372,13.1
"20000","5","561450","58","0","2024","1","",12,29,29,28,1195451,381629,5613,3208,"",1.13,0.14,0.14,0.14,0.13,0.13,0.17,0.98,"",-1,-7.7,1,3.6,1,3.6,2,7.7,187730,18.6,18474,5.1,1975,54.3,372,13.1
"20000","5","56149","57","0","2024","1","",159,1072,1074,1059,17154139,10347777,128330,1235,"",1.02,1.11,1.09,1.08,0.85,0.92,0.96,0.78,"",14,9.7,149,16.1,145,15.6,142,15.5,4589601,36.5,1939322,23.1,8313,6.9,188,18.0
"20000","5","561491","58","0","2024","1","",13,34,35,35,321314,310058,3092,713,"",1.85,0.53,0.53,0.53,0.46,0.45,0.42,0.86,"",0,0.0,1,3.0,2,6.1,4,12.9,17360,5.7,25188,8.8,-1280,-29.3,-10,-1.4
"20000","5","561492","58","0","2024","1","",23,63,64,56,818654,652292,5529,1032,"",0.86,0.62,0.63,0.55,0.58,0.58,0.45,0.96,"",1,4.5,-20,-24.1,-23,-26.4,-25,-30.9,-174707,-17.6,-108968,-14.3,-77,-1.4,119,13.0
"20000","5","561499","58","0","2024","1","",123,975,975,968,16014171,9385427,119709,1266,"",1.01,1.21,1.20,1.19,0.89,0.99,1.05,0.74,"",13,11.8,168,20.8,166,20.5,163,20.2,4746948,42.1,2023102,27.5,9670,8.8,192,17.9
"20000","5","5615","56","0","2024","1","",166,1107,1119,1125,22202645,13076456,129635,1529,"",0.89,0.65,0.65,0.65,0.61,0.58,0.57,0.93,"",23,16.1,157,16.5,187,20.1,171,17.9,3286079,17.4,2383951,22.3,12204,10.4,-10,-0.6
"20000","5","56151","57","0","2024","1","",90,473,476,472,7975028,5642130,59577,1295,"",0.82,0.66,0.66,0.66,0.55,0.53,0.52,0.83,"",10,12.5,88,22.9,82,20.8,75,18.9,1568071,24.5,1154502,25.7,11464,23.8,38,3.0
"20000","5","561510","58","0","2024","1","",90,473,476,472,7975028,5642130,59577,1295,"",0.82,0.66,0.66,0.66,0.55,0.53,0.52,0.83,"",10,12.5,88,22.9,82,20.8,75,18.9,1568071,24.5,1154502,25.7,11464,23.8,38,3.0
"20000","5","56152","57","0","2024","1","",16,174,170,179,1978719,1663627,19330,873,"",0.57,0.88,0.83,0.85,0.69,0.67,0.67,0.81,"",5,45.5,16,10.1,30,21.4,27,17.8,230376,13.2,237457,16.6,2834,17.2,-24,-2.7
"20000","5","561520","58","0","2024","1","",16,174,170,179,1978719,1663627,19330,873,"",0.57,0.88,0.83,0.85,0.69,0.67,0.67,0.81,"",5,45.5,16,10.1,30,21.4,27,17.8,230376,13.2,237457,16.6,2834,17.2,-24,-2.7
"20000","5","56159","57","0","2024","1","",60,460,473,474,12248898,5770699,50728,2009,"",1.25,0.59,0.60,0.60,0.64,0.61,0.60,1.08,"",8,15.4,53,13.0,75,18.8,69,17.0,1487632,13.8,991992,20.8,-2094,-4.0,-43,-2.1
"20000","5","561591","58","0","2024","1","",8,47,49,51,1015781,581616,3078,1595,"",0.95,0.58,0.59,0.61,0.80,0.62,0.37,1.36,"",2,33.3,7,17.5,9,22.5,10,24.4,267267,35.7,92854,19.0,690,28.9,167,11.7
"20000","5","561599","58","0","2024","1","",52,413,424,423,11233117,5189083,47650,2057,"",1.32,0.59,0.60,0.60,0.63,0.61,0.62,1.06,"",6,13.0,46,12.5,66,18.4,59,16.2,1220365,12.2,899138,21.0,-2784,-5.5,-65,-3.1
"20000","5","5616","56","0","2024","1","",241,5412,5508,5390,63755920,49042313,581059,902,"",0.74,0.58,0.58,0.58,0.74,0.53,0.57,1.28,"",5,2.1,-131,-2.4,-40,-0.7,-60,-1.1,1101080,1.8,800691,1.7,-6441,-1.1,28,3.2
"20000","5","56161","57","0","2024","1","",128,3866,3933,3832,35325754,30560684,359222,701,"",0.65,0.49,0.49,0.48,0.55,0.41,0.43,1.14,"",5,4.1,-54,-1.4,28,0.7,-16,-0.4,1245792,3.7,609915,2.0,16456,4.8,27,4.0
"20000","5","561611","58","0","2024","1","",40,133,125,119,1720639,1286911,17537,1053,"",0.84,0.36,0.34,0.32,0.36,0.33,0.35,1.05,"N",-2,-4.8,0,0,0,0,0,0,0,0,0,0,0,0,0,0
"20000","5","561612","58","0","2024","1","",82,3475,3547,3452,28569909,26372303,305017,629,"",0.58,0.47,0.48,0.47,0.51,0.39,0.40,1.07,"",7,9.3,-160,-4.4,-68,-1.9,-111,-3.1,-1445962,-4.8,-661894,-2.4,8648,2.9,-12,-1.9
"20000","5","561613","58","0","2024","1","",6,258,261,261,5035206,2901470,36668,1490,"",0.79,1.07,1.06,1.07,1.58,1.01,1.33,1.48,"N",0,0.0,0,0,0,0,0,0,0,0,0,0,0,0,0,0
"20000","5","56162","57","0","2024","1","",113,1546,1575,1558,28430166,18481629,221837,1402,"",0.89,1.08,1.09,1.08,1.29,1.02,1.26,1.19,"",0,0.0,-77,-4.7,-68,-4.1,-44,-2.7,-144712,-0.5,190776,1.0,-22897,-9.4,47,3.5
"20000","5","561621","58","0","2024","1","",90,1474,1503,1488,27615802,17732530,217107,1427,"",0.98,1.15,1.17,1.16,1.36,1.08,1.35,1.17,"",2,2.3,-69,-4.5,-56,-3.6,-27,-1.8,-45620,-0.2,298453,1.7,-22027,-9.2,44,3.2
"20000","5","561622","58","0","2024","1","",23,72,72,70,814364,749099,4730,878,"",0.65,0.45,0.45,0.44,0.47,0.43,0.33,1.05,"",-2,-8.0,-8,-10.0,-12,-14.3,-17,-19.5,-99092,-10.8,-107677,-12.6,-870,-15.5,38,4.5
"20000","5","5617","56","0","2024","1","",2027,16910,17184,18383,169910734,146234957,1900017,747,"",0.98,0.89,0.89,0.93,1.11,0.83,0.99,1.23,"",31,1.6,237,1.4,114,0.7,438,2.4,14507231,9.3,9215639,6.7,-3823,-0.2,53,7.6
"20000","5","56171","57","0","2024","1","",178,1196,1197,1194,15597765,12346488,153725,1003,"",1.23,0.92,0.91,0.89,1.07,0.86,1.25,1.18,"",9,5.3,35,3.0,17,1.4,-17,-1.4,1667499,12.0,686216,5.9,13560,9.7,98,10.8
"20000","5","561710","58","0","2024","1","",178,1196,1197,1194,15597765,12346488,153725,1003,"",1.23,0.92,0.91,0.89,1.07,0.86,1.25,1.18,"",9,5.3,35,3.0,17,1.4,-17,-1.4,1667499,12.0,686216,5.9,13560,9.7,98,10.8
"20000","5","56172","57","0","2024","1","",719,8752,8819,8749,69537531,61749598,629219,610,"",1.05,0.91,0.90,0.89,1.11,0.79,0.87,1.24,"",11,1.6,-77,-0.9,-96,-1.1,-99,-1.1,3340981,5.0,1949064,3.3,-46392,-6.9,36,6.3
"20000","5","561720","58","0","2024","1","",719,8752,8819,8749,69537531,61749598,629219,610,"",1.05,0.91,0.90,0.89,1.11,0.79,0.87,1.24,"",11,1.6,-77,-0.9,-96,-1.1,-99,-1.1,3340981,5.0,1949064,3.3,-46392,-6.9,36,6.3
"20000","5","56173","57","0","2024","1","",940,5969,6166,7434,71873671,62000006,995027,848,"",0.93,0.88,0.90,1.01,1.13,0.87,1.07,1.21,"",12,1.3,240,4.2,142,2.4,501,7.2,7689836,12.0,5478945,9.7,22727,2.3,55,6.9
"20000","5","561730","58","0","2024","1","",940,5969,6166,7434,71873671,62000006,995027,848,"",0.93,0.88,0.90,1.01,1.13,0.87,1.07,1.21,"",12,1.3,240,4.2,142,2.4,501,7.2,7689836,12.0,5478945,9.7,22727,2.3,55,6.9
"20000","5","56174","57","0","2024","1","",73,354,356,359,3694750,3120215,32304,798,"",1.26,1.09,1.10,1.10,1.34,0.97,1.09,1.22,"",4,5.8,17,5.0,27,8.2,34,10.5,1180795,47.0,671746,27.4,7343,29.4,213,36.4
"20000","5","561740","58","0","2024","1","",73,354,356,359,3694750,3120215,32304,798,"",1.26,1.09,1.10,1.10,1.34,0.97,1.09,1.22,"",4,5.8,17,5.0,27,8.2,34,10.5,1180795,47.0,671746,27.4,7343,29.4,213,36.4
"20000","5","56179","57","0","2024","1","",117,639,646,647,9207017,7018650,89742,1100,"",0.68,0.67,0.68,0.68,0.99,0.73,0.77,1.46,"",-5,-4.1,22,3.6,24,3.9,19,3.0,628120,7.3,429668,6.5,-1061,-1.2,40,3.8
"20000","5","561790","58","0","2024","1","",117,639,646,647,9207017,7018650,89742,1100,"",0.68,0.67,0.68,0.68,0.99,0.73,0.77,1.46,"",-5,-4.1,22,3.6,24,3.9,19,3.0,628120,7.3,429668,6.5,-1061,-1.2,40,3.8
"20000","5","5619","56","0","2024","1","",235,2017,1944,1949,26998266,19055115,292837,1054,"",0.87,0.69,0.65,0.64,0.74,0.56,0.67,1.12,"",19,8.8,229,12.8,57,3.0,84,4.5,2894873,12.0,1229944,6.9,25209,9.4,50,5.0
"20000","5","56191","57","0","2024","1","",18,277,310,306,3207098,2778674,42681,829,"",0.73,0.47,0.52,0.52,0.48,0.41,0.59,0.96,"",3,20.0,15,5.7,68,28.1,85,38.5,377080,13.3,579964,26.4,19592,84.9,-72,-8.0
"20000","5","561910","58","0","2024","1","",18,277,310,306,3207098,2778674,42681,829,"",0.73,0.47,0.52,0.52,0.48,0.41,0.59,0.96,"",3,20.0,15,5.7,68,28.1,85,38.5,377080,13.3,579964,26.4,19592,84.9,-72,-8.0
"20000","5","56192","57","0","2024","1","",46,135,136,147,2406042,1533005,21698,1328,"",0.71,0.27,0.27,0.28,0.32,0.23,0.18,1.17,"",1,2.2,66,95.7,24,21.4,36,32.4,875164,57.2,427828,38.7,6176,39.8,118,9.8
"20000","5","561920","58","0","2024","1","",46,135,136,147,2406042,1533005,21698,1328,"",0.71,0.27,0.27,0.28,0.32,0.23,0.18,1.17,"",1,2.2,66,95.7,24,21.4,36,32.4,875164,57.2,427828,38.7,6176,39.8,118,9.8
"20000","5","56199","57","0","2024","1","",171,1605,1498,1496,21385126,14743436,228458,1073,"",0.94,0.87,0.79,0.78,0.96,0.71,0.93,1.18,"",15,9.6,148,10.2,-35,-2.3,-37,-2.4,1642629,8.3,222152,1.5,-559,-0.2,66,6.6
"20000","5","561990","58","0","2024","1","",171,1605,1498,1496,21385126,14743436,228458,1073,"",0.94,0.87,0.79,0.78,0.96,0.71,0.93,1.18,"",15,9.6,148,10.2,-35,-2.3,-37,-2.4,1642629,8.3,222152,1.5,-559,-0.2,66,6.6
"20000","5","562","55","0","2024","1","",302,3206,3237,3262,58146565,39356772,390631,1383,"",1.00,0.70,0.70,0.71,0.81,0.65,0.59,1.15,"",1,0.3,-107,-3.2,-74,-2.2,-52,-1.6,1414355,2.5,66031,0.2,-77189,-16.5,66,5.0
"20000","5","5621","56","0","2024","1","",130,1623,1631,1626,30505729,19869245,174072,1443,"",1.12,0.83,0.83,0.83,1.10,0.81,0.73,1.33,"",-4,-3.0,-70,-4.1,-69,-4.1,-51,-3.0,-45948,-0.2,-462552,-2.3,-46642,-21.1,52,3.7
"20000","5","56211","57","0","2024","1","",130,1623,1631,1626,30505729,19869245,174072,1443,"",1.12,0.83,0.83,0.83,1.10,0.81,0.73,1.33,"",-4,-3.0,-70,-4.1,-69,-4.1,-51,-3.0,-45948,-0.2,-462552,-2.3,-46642,-21.1,52,3.7
"20000","5","562111","58","0","2024","1","",114,1366,1369,1368,25253978,17144451,145652,1420,"",1.27,0.81,0.81,0.81,1.06,0.81,0.73,1.31,"",-4,-3.4,-46,-3.3,-44,-3.1,-33,-2.4,2372404,10.4,585099,3.5,-21247,-12.7,171,13.7
"20000","5","562112","58","0","2024","1","",3,4,4,5,41993,35026,550,745,"",0.47,0.03,0.03,0.04,0.02,0.02,0.03,0.55,"",-1,-25.0,-1,-20.0,-1,-20.0,0,0.0,-27395,-39.5,-10893,-23.7,-50,-8.3,-323,-30.2
"20000","5","562119","58","0","2024","1","",13,253,258,253,5209758,2689768,27870,1574,"",0.66,1.66,1.66,1.61,2.95,1.53,1.41,1.79,"",1,8.3,-23,-8.3,-24,-8.5,-18,-6.6,-2390957,-31.5,-1036758,-27.8,-25345,-47.6,-542,-25.6
"20000","5","5622","56","0","2024","1","",42,561,563,560,11268874,7065951,48732,1544,"",1.08,0.57,0.57,0.57,0.57,0.49,0.39,0.99,"",-1,-2.3,-4,-0.7,-8,-1.4,-10,-1.8,872297,8.4,119116,1.7,-18778,-27.8,138,9.8
"20000","5","56221","57","0","2024","1","",42,561,563,560,11268874,7065951,48732,1544,"",1.08,0.57,0.57,0.57,0.57,0.49,0.39,0.99,"",-1,-2.3,-4,-0.7,-8,-1.4,-10,-1.8,872297,8.4,119116,1.7,-18778,-27.8,138,9.8
"20000","5","562211","58","0","2024","1","",14,250,250,250,4214846,3080435,22318,1297,"",1.21,0.64,0.64,0.64,0.49,0.48,0.51,0.77,"",-1,-6.7,4,1.6,-1,-0.4,3,1.2,223786,5.6,72550,2.4,-12257,-35.5,59,4.8
"20000","5","562212","58","0","2024","1","",17,216,218,222,5320538,2770906,17284,1872,"",1.19,0.61,0.62,0.63,0.75,0.62,0.40,1.22,"",1,6.2,6,2.9,6,2.8,6,2.8,664909,14.3,85743,3.2,-3648,-17.4,188,11.2
"20000","5","562219","58","0","2024","1","",11,95,95,88,1733490,1214610,9130,1439,"",0.97,0.50,0.50,0.46,0.53,0.45,0.28,1.10,"",-1,-8.3,-14,-12.8,-13,-12.0,-19,-17.8,-16398,-0.9,-39177,-3.1,-2873,-23.9,193,15.5
"20000","5","5629","56","0","2024","1","",130,1022,1043,1076,16371962,12421576,167827,1203,"",0.89,0.63,0.63,0.65,0.68,0.56,0.56,1.07,"",6,4.8,-33,-3.1,3,0.3,9,0.8,588006,3.7,409467,3.4,-11769,-6.6,51,4.4
"20000","5","56291","57","0","2024","1","",62,515,528,542,9445057,6684900,77714,1375,"",0.85,0.59,0.59,0.61,0.67,0.52,0.41,1.12,"",4,6.9,-72,-12.3,-52,-9.0,-44,-7.5,-370059,-3.8,-153703,-2.2,-18517,-19.2,83,6.4
"20000","5","562910","58","0","2024","1","",62,515,528,542,9445057,6684900,77714,1375,"",0.85,0.59,0.59,0.61,0.67,0.52,0.41,1.12,"",4,6.9,-72,-12.3,-52,-9.0,-44,-7.5,-370059,-3.8,-153703,-2.2,-18517,-19.2,83,6.4
"20000","5","56292","57","0","2024","1","",12,269,270,267,3615411,2925349,46452,1035,"",0.84,1.17,1.17,1.16,1.12,1.01,1.44,0.96,"",-1,-7.7,23,9.3,20,8.0,21,8.5,525537,17.0,249452,9.3,531,1.2,74,7.7
"20000","5","562920","58","0","2024","1","",12,269,270,267,3615411,2925349,46452,1035,"",0.84,1.17,1.17,1.16,1.12,1.01,1.44,0.96,"",-1,-7.7,23,9.3,20,8.0,21,8.5,525537,17.0,249452,9.3,531,1.2,74,7.7
"20000","5","56299","57","0","2024","1","",56,238,245,267,3311494,2811327,43661,1019,"",0.95,0.46,0.47,0.51,0.50,0.44,0.58,1.05,"",3,5.7,16,7.2,35,16.7,32,13.6,432528,15.0,313718,12.6,6217,16.6,23,2.3
"20000","5","562991","58","0","2024","1","",30,135,138,149,1684521,1517641,25191,921,"",0.81,0.45,0.45,0.48,0.47,0.42,0.57,1.02,"",2,7.1,14,11.6,29,26.6,13,9.6,200752,13.5,179979,13.5,4150,19.7,-15,-1.6
"20000","5","562998","58","0","2024","1","",26,103,107,118,1626973,1293686,18470,1145,"",1.18,0.48,0.49,0.54,0.53,0.47,0.58,1.06,"",1,4.0,2,2.0,6,5.9,19,19.2,231776,16.6,133739,11.5,2067,12.6,75,7.0
"20000","5","61","54","0","2024","1","",1122,13907,14714,14330,155629617,74444035,811106,836,"",0.82,0.48,0.49,0.48,0.43,0.56,0.64,0.90,"",47,4.4,470,3.5,700,5.0,714,5.2,18770516,13.7,8274962,12.5,78117,10.7,67,8.7
"20000","5","611","55","0","2024","1","",1122,13907,14714,14330,155629617,74444035,811106,836,"",0.82,0.48,0.49,0.48,0.43,0.56,0.64,0.90,"",47,4.4,470,3.5,700,5.0,714,5.2,18770516,13.7,8274962,12.5,78117,10.7,67,8.7
"20000","5","6111","56","0","2024","1","",87,2086,2143,2060,17287497,8661362,91200,634,"",0.49,0.23,0.24,0.23,0.19,0.18,0.23,0.82,"",9,11.5,100,5.0,111,5.5,112,5.7,1377848,8.7,904751,11.7,12104,15.3,19,3.1
"20000","5","61111","57","0","2024","1","",87,2086,2143,2060,17287497,8661362,91200,634,"",0.49,0.23,0.24,0.23,0.19,0.18,0.23,0.82,"",9,11.5,100,5.0,111,5.5,112,5.7,1377848,8.7,904751,11.7,12104,15.3,19,3.1
"20000","5","611110","58","0","2024","1","",87,2086,2143,2060,17287497,8661362,91200,634,"",0.49,0.23,0.24,0.23,0.19,0.18,0.23,0.82,"",9,11.5,100,5.0,111,5.5,112,5.7,1377848,8.7,904751,11.7,12104,15.3,19,3.1
"20000","5","6112","56","0","2024","1","",23,380,406,409,4838553,1808917,11010,934,"",2.58,2.14,2.16,2.16,2.60,1.19,0.50,1.21,"",2,9.5,-1,-0.3,-24,-5.6,-21,-4.9,-195176,-3.9,-55773,-3.0,-4815,-30.4,-2,-0.2
"20000","5","61121","57","0","2024","1","",23,380,406,409,4838553,1808917,11010,934,"",2.58,2.14,2.16,2.16,2.60,1.19,0.50,1.21,"",2,9.5,-1,-0.3,-24,-5.6,-21,-4.9,-195176,-3.9,-55773,-3.0,-4815,-30.4,-2,-0.2
"20000","5","611210","58","0","2024","1","",23,380,406,409,4838553,1808917,11010,934,"",2.58,2.14,2.16,2.16,2.60,1.19,0.50,1.21,"",2,9.5,-1,-0.3,-24,-5.6,-21,-4.9,-195176,-3.9,-55773,-3.0,-4815,-30.4,-2,-0.2
"20000","5","6113","56","0","2024","1","",121,4786,5337,5176,51025623,11635343,64383,770,"",1.05,0.43,0.44,0.42,0.27,0.69,0.48,0.63,"",-4,-3.2,-160,-3.2,27,0.5,38,0.7,1541462,3.1,3515,0.0,3040,5.0,28,3.8
"20000","5","61131","57","0","2024","1","",121,4786,5337,5176,51025623,11635343,64383,770,"",1.05,0.43,0.44,0.42,0.27,0.69,0.48,0.63,"",-4,-3.2,-160,-3.2,27,0.5,38,0.7,1541462,3.1,3515,0.0,3040,5.0,28,3.8
"20000","5","611310","58","0","2024","1","",121,4786,5337,5176,51025623,11635343,64383,770,"",1.05,0.43,0.44,0.42,0.27,0.69,0.48,0.63,"",-4,-3.2,-160,-3.2,27,0.5,38,0.7,1541462,3.1,3515,0.0,3040,5.0,28,3.8
"20000","5","6114","56","0","2024","1","",156,802,778,755,11351893,7285011,118319,1122,"",0.96,1.11,1.07,1.05,0.81,0.76,1.11,0.75,"",13,9.1,11,1.4,-7,-0.9,-33,-4.2,-92999,-0.8,170628,2.4,11729,11.0,5,0.4
"20000","5","61141","57","0","2024","1","N",5,0,0,0,0,0,0,0,"N",1.46,0,0,0,0,0,0,0,"N",0,0.0,0,0,0,0,0,0,0,0,0,0,0,0,0,0
"20000","5","611410","58","0","2024","1","N",5,0,0,0,0,0,0,0,"N",1.46,0,0,0,0,0,0,0,"N",0,0.0,0,0,0,0,0,0,0,0,0,0,0,0,0,0
"20000","5","61142","57","0","2024","1","N",26,0,0,0,0,0,0,0,"N",0.73,0,0,0,0,0,0,0,"N",-2,-7.1,0,0,0,0,0,0,0,0,0,0,0,0,0,0
"20000","5","611420","58","0","2024","1","N",26,0,0,0,0,0,0,0,"N",0.73,0,0,0,0,0,0,0,"N",-2,-7.1,0,0,0,0,0,0,0,0,0,0,0,0,0,0
"20000","5","61143","57","0","2024","1","",125,737,717,695,9907379,6577683,101339,1064,"",1.01,1.46,1.40,1.37,1.01,0.97,1.41,0.72,"",15,13.6,7,1.0,-5,-0.7,-28,-3.9,-200826,-2.0,160502,2.5,7655,8.2,-8,-0.7
"20000","5","611430","58","0","2024","1","",125,737,717,695,9907379,6577683,101339,1064,"",1.01,1.46,1.40,1.37,1.01,0.97,1.41,0.72,"",15,13.6,7,1.0,-5,-0.7,-28,-3.9,-200826,-2.0,160502,2.5,7655,8.2,-8,-0.7
"20000","5","6115","56","0","2024","1","",94,1094,1152,1130,21724081,12402499,115149,1485,"",0.93,0.96,0.98,0.97,1.55,1.02,0.90,1.60,"",1,1.1,84,8.3,123,12.0,91,8.8,1810568,9.1,790752,6.8,-16481,-12.5,-8,-0.5
"20000","5","61151","57","0","2024","1","",94,1094,1152,1130,21724081,12402499,115149,1485,"",0.93,0.96,0.98,0.97,1.55,1.02,0.90,1.60,"",1,1.1,84,8.3,123,12.0,91,8.8,1810568,9.1,790752,6.8,-16481,-12.5,-8,-0.5
"20000","5","611511","58","0","2024","1","",16,218,221,222,2232830,1976042,18105,780,"",0.98,1.27,1.26,1.28,1.55,1.21,0.94,1.22,"",0,0.0,30,16.0,34,18.2,28,14.4,347960,18.5,231396,13.3,509,2.9,16,2.1
"20000","5","611512","58","0","2024","1","",22,514,535,538,13553014,6589141,30760,1971,"",1.50,2.10,2.13,2.14,3.37,2.16,1.57,1.59,"",2,10.0,29,6.0,37,7.4,31,6.1,776975,6.1,212400,3.3,-27482,-47.2,-8,-0.4
"20000","5","611513","58","0","2024","1","",5,25,26,27,374475,267782,1881,1108,"",0.36,0.17,0.16,0.17,0.21,0.17,0.10,1.26,"",0,0.0,6,31.6,7,36.8,9,50.0,78725,26.6,39417,17.3,-139,-6.9,-111,-9.1
"20000","5","611519","58","0","2024","1","",51,337,370,343,5563762,3569534,64403,1223,"",0.91,0.59,0.63,0.59,0.82,0.61,0.92,1.37,"",-1,-1.9,19,6.0,45,13.8,23,7.2,606908,12.2,307539,9.4,10631,19.8,35,2.9
"20000","5","6116","56","0","2024","1","",424,3118,3214,3064,17282676,14385160,145981,424,"",0.79,0.66,0.65,0.62,0.68,0.54,0.55,1.06,"",2,0.5,-22,-0.7,-8,-0.2,13,0.4,818230,5.0,695307,5.1,2349,1.6,20,5.0
"20000","5","61161","57","0","2024","1","",135,1064,1109,1006,3465412,3213432,33010,252,"",1.02,0.94,0.94,0.86,0.69,0.59,0.60,0.76,"",1,0.7,-17,-1.6,13,1.2,-4,-0.4,133519,4.0,138509,4.5,4529,15.9,11,4.6
"20000","5","611610","58","0","2024","1","",135,1064,1109,1006,3465412,3213432,33010,252,"",1.02,0.94,0.94,0.86,0.69,0.59,0.60,0.76,"",1,0.7,-17,-1.6,13,1.2,-4,-0.4,133519,4.0,138509,4.5,4529,15.9,11,4.6
"20000","5","61162","57","0","2024","1","",138,1283,1305,1211,6974802,6080831,43437,424,"",0.79,0.81,0.80,0.74,0.96,0.73,0.61,1.23,"",-2,-1.4,-36,-2.7,-33,-2.5,-79,-6.1,112957,1.6,99888,1.7,-8205,-15.9,23,5.7
"20000","5","611620","58","0","2024","1","",138,1283,1305,1211,6974802,6080831,43437,424,"",0.79,0.81,0.80,0.74,0.96,0.73,0.61,1.23,"",-2,-1.4,-36,-2.7,-33,-2.5,-79,-6.1,112957,1.6,99888,1.7,-8205,-15.9,23,5.7
"20000","5","61163","57","0","2024","1","",7,37,36,62,104718,104718,332,179,"",0.41,0.23,0.21,0.37,0.11,0.10,0.03,0.40,"",-3,-30.0,1,2.8,-26,-41.9,23,59.0,-21426,-17.0,-20566,-16.4,-503,-60.2,-33,-15.6
"20000","5","611630","58","0","2024","1","",7,37,36,62,104718,104718,332,179,"",0.41,0.23,0.21,0.37,0.11,0.10,0.03,0.40,"",-3,-30.0,1,2.8,-26,-41.9,23,59.0,-21426,-17.0,-20566,-16.4,-503,-60.2,-33,-15.6
"20000","5","61169","57","0","2024","1","",144,734,764,785,6737744,4986179,69202,681,"",0.67,0.40,0.40,0.41,0.56,0.43,0.54,1.40,"",6,4.3,30,4.3,38,5.2,73,10.3,593180,9.7,477476,10.6,6528,10.4,19,2.9
"20000","5","611691","58","0","2024","1","",58,350,358,363,2429551,1689231,22876,523,"",0.62,0.36,0.35,0.35,0.41,0.31,0.36,1.18,"",3,5.5,5,1.4,-4,-1.1,19,5.5,74226,3.2,88410,5.5,-1178,-4.9,6,1.2
"20000","5","611692","58","0","2024","1","",15,109,130,127,578262,552409,8834,365,"",0.66,0.76,0.89,0.85,0.71,0.55,0.98,0.85,"",0,0.0,-10,-8.4,10,8.3,3,2.4,13146,2.3,-9005,-1.6,478,5.7,6,1.7
"20000","5","611699","58","0","2024","1","",71,275,276,295,3729931,2744539,37492,1017,"",0.71,0.38,0.37,0.39,0.70,0.53,0.68,1.84,"",3,4.4,35,14.6,32,13.1,51,20.9,505808,15.7,398071,17.0,7228,23.9,-5,-0.5
"20000","5","6117","56","0","2024","1","",217,1641,1684,1736,32119294,18265743,265064,1465,"",0.83,0.89,0.87,0.89,1.28,0.97,1.21,1.46,"",24,12.4,458,38.7,478,39.6,514,42.1,13510583,72.6,5765782,46.1,70191,36.0,276,23.2
"20000","5","61171","57","0","2024","1","",217,1641,1684,1736,32119294,18265743,265064,1465,"",0.83,0.89,0.87,0.89,1.28,0.97,1.21,1.46,"",24,12.4,458,38.7,478,39.6,514,42.1,13510583,72.6,5765782,46.1,70191,36.0,276,23.2
"20000","5","611710","58","0","2024","1","",217,1641,1684,1736,32119294,18265743,265064,1465,"",0.83,0.89,0.87,0.89,1.28,0.97,1.21,1.46,"",24,12.4,458,38.7,478,39.6,514,42.1,13510583,72.6,5765782,46.1,70191,36.0,276,23.2
"20000","5","62","54","0","2024","1","",11237,192927,193711,192297,2690967353,1339079453,11804691,1073,"",0.69,0.97,0.96,0.95,1.07,1.00,1.00,1.11,"",1168,11.6,5522,2.9,5920,3.2,4966,2.7,143894490,5.6,79935263,6.3,-409033,-3.3,28,2.7
"20000","5","621","55","0","2024","1","",5189,63545,63875,63260,1156903331,567081673,6133407,1400,"",0.87,0.81,0.80,0.79,0.99,0.77,0.98,1.24,"",83,1.6,518,0.8,614,1.0,525,0.8,53379164,4.8,11637763,2.1,-138154,-2.2,53,3.9
"20000","5","6211","56","0","2024","1","",1389,20289,20295,20048,562261199,192777010,1838803,2140,"",0.71,0.75,0.75,0.74,1.01,0.75,0.93,1.34,"",7,0.5,-482,-2.3,-495,-2.4,-530,-2.6,21981589,4.1,1027126,0.5,-29331,-1.6,134,6.7
"20000","5","62111","57","0","2024","1","",1389,20289,20295,20048,562261199,192777010,1838803,2140,"",0.71,0.75,0.75,0.74,1.01,0.75,0.93,1.34,"",7,0.5,-482,-2.3,-495,-2.4,-530,-2.6,21981589,4.1,1027126,0.5,-29331,-1.6,134,6.7
"20000","5","621111","58","0","2024","1","",1309,19876,19893,19653,554260144,188705135,1788641,2153,"",0.71,0.76,0.75,0.75,1.01,0.76,0.94,1.34,"",2,0.2,-538,-2.6,-536,-2.6,-562,-2.8,20789479,3.9,451907,0.2,-40094,-2.2,137,6.8
"20000","5","621112","58","0","2024","1","",80,413,402,395,8001055,4071875,50162,1526,"",0.63,0.56,0.53,0.53,0.71,0.52,0.64,1.32,"",5,6.7,56,15.7,41,11.4,32,8.8,1192110,17.5,575219,16.5,10763,27.3,72,5.0
"20000","5","6212","56","0","2024","1","",923,8565,8637,8505,123506468,83868700,802705,1109,"",0.83,0.91,0.90,0.90,1.07,0.81,0.99,1.19,"",-9,-1.0,-152,-1.7,-73,-0.8,-124,-1.4,2920010,2.4,56032,0.1,-81543,-9.2,41,3.8
"20000","5","62121","57","0","2024","1","",923,8565,8637,8505,123506468,83868700,802705,1109,"",0.83,0.91,0.90,0.90,1.07,0.81,0.99,1.19,"",-9,-1.0,-152,-1.7,-73,-0.8,-124,-1.4,2920010,2.4,56032,0.1,-81543,-9.2,41,3.8
"20000","5","621210","58","0","2024","1","",923,8565,8637,8505,123506468,83868700,802705,1109,"",0.83,0.91,0.90,0.90,1.07,0.81,0.99,1.19,"",-9,-1.0,-152,-1.7,-73,-0.8,-124,-1.4,2920010,2.4,56032,0.1,-81543,-9.2,41,3.8
"20000","5","6213","56","0","2024","1","",1766,11282,11370,11203,130370973,98375924,1197846,889,"",1.07,1.03,1.02,1.01,1.18,0.90,1.27,1.16,"",50,2.9,494,4.6,557,5.2,443,4.1,6166601,5.0,3972470,4.2,-53092,-4.2,3,0.3
"20000","5","62131","57","0","2024","1","",530,1568,1590,1533,14120635,12090649,107584,695,"",1.63,1.17,1.18,1.15,1.31,0.99,1.20,1.12,"",-4,-0.7,-29,-1.8,22,1.4,-42,-2.7,341609,2.5,216131,1.8,-4417,-3.9,24,3.6
"20000","5","621310","58","0","2024","1","",530,1568,1590,1533,14120635,12090649,107584,695,"",1.63,1.17,1.18,1.15,1.31,0.99,1.20,1.12,"",-4,-0.7,-29,-1.8,22,1.4,-42,-2.7,341609,2.5,216131,1.8,-4417,-3.9,24,3.6
"20000","5","62132","57","0","2024","1","",302,2487,2472,2449,30773084,21828194,187852,959,"",1.71,1.78,1.76,1.74,2.14,1.50,1.77,1.22,"",-6,-1.9,19,0.8,41,1.7,47,2.0,569892,1.9,494118,2.3,-25535,-12.0,4,0.4
"20000","5","621320","58","0","2024","1","",302,2487,2472,2449,30773084,21828194,187852,959,"",1.71,1.78,1.76,1.74,2.14,1.50,1.77,1.22,"",-6,-1.9,19,0.8,41,1.7,47,2.0,569892,1.9,494118,2.3,-25535,-12.0,4,0.4
"20000","5","62133","57","0","2024","1","",268,1380,1376,1325,13581166,11158525,197416,768,"",0.74,0.64,0.63,0.61,0.66,0.53,0.88,1.06,"",22,8.9,261,23.3,218,18.8,233,21.3,1835600,15.6,1311419,13.3,5336,2.8,-37,-4.6
"20000","5","621330","58","0","2024","1","",268,1380,1376,1325,13581166,11158525,197416,768,"",0.74,0.64,0.63,0.61,0.66,0.53,0.88,1.06,"",22,8.9,261,23.3,218,18.8,233,21.3,1835600,15.6,1311419,13.3,5336,2.8,-37,-4.6
"20000","5","62134","57","0","2024","1","",372,4288,4365,4358,48014632,38542012,484956,852,"",0.89,0.97,0.98,0.98,1.08,0.88,1.33,1.11,"",11,3.0,184,4.5,264,6.4,195,4.7,3226898,7.2,1724696,4.7,-11705,-2.4,16,1.9
"20000","5","621340","58","0","2024","1","",372,4288,4365,4358,48014632,38542012,484956,852,"",0.89,0.97,0.98,0.98,1.08,0.88,1.33,1.11,"",11,3.0,184,4.5,264,6.4,195,4.7,3226898,7.2,1724696,4.7,-11705,-2.4,16,1.9
"20000","5","62139","57","0","2024","1","",294,1559,1567,1538,23881456,14756544,220038,1182,"",0.81,0.92,0.91,0.89,1.18,0.85,1.36,1.31,"",27,10.1,59,3.9,12,0.8,10,0.7,192602,0.8,226106,1.6,-16771,-7.1,-11,-0.9
"20000","5","621391","58","0","2024","1","",34,158,154,154,1702002,1313037,10926,843,"",0.62,0.52,0.50,0.51,0.50,0.43,0.42,0.98,"",-1,-2.9,-15,-8.7,-22,-12.5,-18,-10.5,-212513,-11.1,-104684,-7.4,-1127,-9.4,-5,-0.6
"20000","5","621399","58","0","2024","1","",260,1401,1413,1384,22179454,13443507,209112,1219,"",0.84,1.00,1.00,0.97,1.32,0.94,1.53,1.33,"",28,12.1,74,5.6,34,2.5,28,2.1,405115,1.9,330790,2.5,-15644,-7.0,-18,-1.5
"20000","5","6214","56","0","2024","1","",410,8735,8746,8843,128756864,57844980,645157,1129,"",0.96,0.87,0.86,0.87,0.79,0.73,0.90,0.91,"",17,4.3,397,4.8,268,3.2,346,4.1,12539823,10.8,4106502,7.6,-18925,-2.8,69,6.5
"20000","5","62141","57","0","2024","1","",18,149,147,147,1970792,931123,14726,1027,"",0.73,0.56,0.54,0.54,0.54,0.44,0.64,0.99,"",1,5.9,9,6.4,3,2.1,-2,-1.3,-17916,-0.9,129290,16.1,-406,-2.7,-33,-3.1
"20000","5","621410","58","0","2024","1","",18,149,147,147,1970792,931123,14726,1027,"",0.73,0.56,0.54,0.54,0.54,0.44,0.64,0.99,"",1,5.9,9,6.4,3,2.1,-2,-1.3,-17916,-0.9,129290,16.1,-406,-2.7,-33,-3.1
"20000","5","62142","57","0","2024","1","",168,3708,3719,3736,47098530,16797914,124186,974,"",1.18,1.32,1.31,1.32,1.50,0.88,0.63,1.14,"",11,7.0,223,6.4,156,4.4,177,5.0,6992302,17.4,1584887,10.4,-2740,-2.2,101,11.6
"20000","5","621420","58","0","2024","1","",168,3708,3719,3736,47098530,16797914,124186,974,"",1.18,1.32,1.31,1.32,1.50,0.88,0.63,1.14,"",11,7.0,223,6.4,156,4.4,177,5.0,6992302,17.4,1584887,10.4,-2740,-2.2,101,11.6
"20000","5","62149","57","0","2024","1","",224,4878,4880,4960,79687542,40115943,506245,1249,"",0.85,0.70,0.69,0.70,0.62,0.69,1.02,0.89,"",5,2.3,165,3.5,109,2.3,171,3.6,5565437,7.5,2392325,6.3,-15779,-3.0,51,4.3
"20000","5","621491","58","0","2024","1","",3,5,5,4,100616,53468,1444,1659,"",0.12,0.00,0.00,0.00,0.00,0.00,0.01,0.82,"",3,100.0,5,100.0,5,100.0,4,100.0,100616,100.0,53468,100.0,1444,100.0,1659,100.0
"20000","5","621492","58","0","2024","1","",66,859,846,856,13623076,9546122,46810,1228,"",0.99,0.73,0.71,0.72,0.80,0.70,0.51,1.12,"",1,1.5,65,8.2,42,5.2,50,6.2,1926412,16.5,658669,7.4,-8218,-14.9,105,9.3
"20000","5","621493","58","0","2024","1","",55,1020,1021,1046,14699847,10203391,131015,1099,"",0.72,0.63,0.62,0.64,0.62,0.64,0.94,0.99,"",3,5.8,15,1.5,25,2.5,63,6.4,613980,4.4,393764,4.0,8043,6.5,10,0.9
"20000","5","621498","58","0","2024","1","",100,2994,3008,3054,51264003,20312962,326976,1306,"",1.05,1.34,1.33,1.35,1.45,1.27,2.16,1.09,"",-2,-2.0,80,2.7,37,1.2,54,1.8,2924429,6.0,1286424,6.8,-17048,-5.0,50,4.0
"20000","5","6215","56","0","2024","1","",249,4684,4671,4610,88360901,54649381,673496,1460,"",1.03,1.64,1.62,1.61,1.75,1.64,2.28,1.08,"",-6,-2.4,-135,-2.8,-129,-2.7,-144,-3.0,-1426822,-1.6,-984490,-1.8,70042,11.6,18,1.2
"20000","5","62151","57","0","2024","1","",249,4684,4671,4610,88360901,54649381,673496,1460,"",1.03,1.64,1.62,1.61,1.75,1.64,2.28,1.08,"",-6,-2.4,-135,-2.8,-129,-2.7,-144,-3.0,-1426822,-1.6,-984490,-1.8,70042,11.6,18,1.2
"20000","5","621511","58","0","2024","1","",191,4295,4284,4240,79739415,50747941,627101,1435,"",1.06,2.06,2.04,2.04,2.13,2.04,2.84,1.04,"",-9,-4.5,-153,-3.4,-148,-3.3,-160,-3.6,-1826910,-2.2,-1097080,-2.1,72448,13.1,18,1.3
"20000","5","621512","58","0","2024","1","",58,389,387,370,8621486,3901440,46395,1736,"",0.95,0.50,0.49,0.47,0.66,0.46,0.62,1.35,"",3,5.5,18,4.9,19,5.2,16,4.5,400088,4.9,112590,3.0,-2406,-4.9,0,0.0
"20000","5","6216","56","0","2024","1","",295,8048,8183,8074,87662240,61588934,707515,832,"",0.71,0.52,0.52,0.52,0.70,0.51,0.58,1.34,"",21,7.7,477,6.3,522,6.8,627,8.4,8559097,10.8,3538125,6.1,-38034,-5.1,27,3.4
"20000","5","62161","57","0","2024","1","",295,8048,8183,8074,87662240,61588934,707515,832,"",0.71,0.52,0.52,0.52,0.70,0.51,0.58,1.34,"",21,7.7,477,6.3,522,6.8,627,8.4,8559097,10.8,3538125,6.1,-38034,-5.1,27,3.4
"20000","5","621610","58","0","2024","1","",295,8048,8183,8074,87662240,61588934,707515,832,"",0.71,0.52,0.52,0.52,0.70,0.51,0.58,1.34,"",21,7.7,477,6.3,522,6.8,627,8.4,8559097,10.8,3538125,6.1,-38034,-5.1,27,3.4
"20000","5","6219","56","0","2024","1","",157,1942,1973,1977,35984686,17976744,267885,1409,"",0.91,0.60,0.60,0.60,0.83,0.55,0.93,1.38,"",3,1.9,-81,-4.0,-36,-1.8,-93,-4.5,2638866,7.9,-78002,-0.4,12729,5.0,148,11.7
"20000","5","62191","57","0","2024","1","",33,693,696,708,12644745,7869583,102119,1392,"",0.69,0.45,0.45,0.45,0.72,0.49,0.83,1.59,"",-1,-2.9,-44,-6.0,-28,-3.9,-76,-9.7,689286,5.8,-16508,-0.2,3679,3.7,163,13.3
"20000","5","621910","58","0","2024","1","",33,693,696,708,12644745,7869583,102119,1392,"",0.69,0.45,0.45,0.45,0.72,0.49,0.83,1.59,"",-1,-2.9,-44,-6.0,-28,-3.9,-76,-9.7,689286,5.8,-16508,-0.2,3679,3.7,163,13.3
"20000","5","62199","57","0","2024","1","",124,1249,1277,1269,23339941,10107161,165766,1419,"",1.00,0.73,0.74,0.74,0.91,0.61,0.99,1.23,"",4,3.3,-37,-2.9,-8,-0.6,-17,-1.3,1949580,9.1,-61494,-0.6,9050,5.8,139,10.9
"20000","5","621991","58","0","2024","1","",14,741,752,752,11761387,4104225,56814,1209,"",0.70,0.92,0.93,0.93,1.17,0.66,1.01,1.26,"",-1,-6.7,-74,-9.1,-62,-7.6,-56,-6.9,-88470,-0.7,-726601,-15.0,-962,-1.7,87,7.8
"20000","5","621999","58","0","2024","1","",110,508,525,517,11578554,6002936,108952,1724,"",1.06,0.57,0.58,0.57,0.74,0.59,0.99,1.30,"",5,4.8,37,7.9,54,11.5,39,8.2,2038050,21.4,665107,12.5,10012,10.1,174,11.2
"20000","5","622","55","0","2024","1","",213,54566,54461,54703,918978209,384062059,1419850,1295,"",1.68,1.11,1.10,1.10,1.13,3.64,2.31,1.03,"",59,38.3,2619,5.0,2424,4.7,2413,4.6,55451391,6.4,50964689,15.3,-91429,-6.0,20,1.6
"20000","5","6221","56","0","2024","1","",181,51658,51547,51725,877203959,359359909,1178901,1307,"",1.95,1.13,1.12,1.12,1.16,4.26,2.55,1.03,"",50,38.2,2180,4.4,2003,4.0,1991,4.0,48083523,5.8,46791384,15.0,-105893,-8.2,21,1.6
"20000","5","62211","57","0","2024","1","",181,51658,51547,51725,877203959,359359909,1178901,1307,"",1.95,1.13,1.12,1.12,1.16,4.26,2.55,1.03,"",50,38.2,2180,4.4,2003,4.0,1991,4.0,48083523,5.8,46791384,15.0,-105893,-8.2,21,1.6
"20000","5","622110","58","0","2024","1","",181,51658,51547,51725,877203959,359359909,1178901,1307,"",1.95,1.13,1.12,1.12,1.16,4.26,2.55,1.03,"",50,38.2,2180,4.4,2003,4.0,1991,4.0,48083523,5.8,46791384,15.0,-105893,-8.2,21,1.6
"20000","5","6222","56","0","2024","1","",14,1138,1153,1169,15513355,7332532,91321,1035,"",1.09,0.96,0.96,0.97,1.03,0.77,1.19,1.07,"",3,27.3,99,9.5,100,9.5,109,10.3,1953239,14.4,788542,12.0,-4700,-4.9,42,4.2
"20000","5","62221","57","0","2024","1","",14,1138,1153,1169,15513355,7332532,91321,1035,"",1.09,0.96,0.96,0.97,1.03,0.77,1.19,1.07,"",3,27.3,99,9.5,100,9.5,109,10.3,1953239,14.4,788542,12.0,-4700,-4.9,42,4.2
"20000","5","622210","58","0","2024","1","",14,1138,1153,1169,15513355,7332532,91321,1035,"",1.09,0.96,0.96,0.97,1.03,0.77,1.19,1.07,"",3,27.3,99,9.5,100,9.5,109,10.3,1953239,14.4,788542,12.0,-4700,-4.9,42,4.2
"20000","5","6223","56","0","2024","1","",18,1770,1761,1809,26260895,17369618,149628,1135,"",0.86,0.72,0.71,0.72,0.67,1.49,1.97,0.93,"",6,50.0,340,23.8,321,22.3,313,20.9,5414629,26.0,3384763,24.2,19164,14.7,33,3.0
"20000","5","62231","57","0","2024","1","",18,1770,1761,1809,26260895,17369618,149628,1135,"",0.86,0.72,0.71,0.72,0.67,1.49,1.97,0.93,"",6,50.0,340,23.8,321,22.3,313,20.9,5414629,26.0,3384763,24.2,19164,14.7,33,3.0
"20000","5","622310","58","0","2024","1","",18,1770,1761,1809,26260895,17369618,149628,1135,"",0.86,0.72,0.71,0.72,0.67,1.49,1.97,0.93,"",6,50.0,340,23.8,321,22.3,313,20.9,5414629,26.0,3384763,24.2,19164,14.7,33,3.0
"20000","5","623","55","0","2024","1","",748,36578,36825,36065,350692025,215229254,2144256,739,"",1.00,1.23,1.23,1.20,1.33,0.96,1.12,1.09,"",8,1.1,1633,4.7,1974,5.7,1346,3.9,25700436,7.9,13932580,6.9,-129601,-5.7,21,2.9
"20000","5","6231","56","0","2024","1","",300,17068,17159,17079,171175631,119282334,1206819,770,"",1.83,1.28,1.27,1.26,1.35,1.01,1.25,1.06,"",15,5.3,1084,6.8,1252,7.9,1174,7.4,16735242,10.8,11589054,10.8,-13598,-1.1,24,3.2
"20000","5","62311","57","0","2024","1","",300,17068,17159,17079,171175631,119282334,1206819,770,"",1.83,1.28,1.27,1.26,1.35,1.01,1.25,1.06,"",15,5.3,1084,6.8,1252,7.9,1174,7.4,16735242,10.8,11589054,10.8,-13598,-1.1,24,3.2
"20000","5","623110","58","0","2024","1","",300,17068,17159,17079,171175631,119282334,1206819,770,"",1.83,1.28,1.27,1.26,1.35,1.01,1.25,1.06,"",15,5.3,1084,6.8,1252,7.9,1174,7.4,16735242,10.8,11589054,10.8,-13598,-1.1,24,3.2
"20000","5","6232","56","0","2024","1","",107,3835,3871,3837,38866245,18855808,140483,777,"",0.37,0.64,0.64,0.63,0.72,0.56,0.46,1.12,"",0,0.0,138,3.7,203,5.5,186,5.1,2055572,5.6,1495824,8.6,19836,16.4,6,0.8
"20000","5","62321","57","0","2024","1","",72,2766,2800,2762,26460263,7466960,40386,733,"",0.36,0.77,0.77,0.75,0.87,0.42,0.30,1.14,"",-1,-1.4,5,0.2,43,1.6,29,1.1,745755,2.9,566143,8.2,-594,-1.4,14,1.9
"20000","5","623210","58","0","2024","1","",72,2766,2800,2762,26460263,7466960,40386,733,"",0.36,0.77,0.77,0.75,0.87,0.42,0.30,1.14,"",-1,-1.4,5,0.2,43,1.6,29,1.1,745755,2.9,566143,8.2,-594,-1.4,14,1.9
"20000","5","62322","57","0","2024","1","",35,1069,1071,1075,12405982,11388848,100097,890,"",0.42,0.45,0.45,0.45,0.52,0.72,0.59,1.17,"",1,2.9,133,14.2,160,17.6,157,17.1,1309817,11.8,929681,8.9,20430,25.6,-36,-3.9
"20000","5","623220","58","0","2024","1","",35,1069,1071,1075,12405982,11388848,100097,890,"",0.42,0.45,0.45,0.45,0.52,0.72,0.59,1.17,"",1,2.9,133,14.2,160,17.6,157,17.1,1309817,11.8,929681,8.9,20430,25.6,-36,-3.9
"20000","5","6233","56","0","2024","1","",280,14321,14443,13797,127186103,69494005,665136,690,"",1.18,1.61,1.61,1.54,1.85,1.08,1.18,1.17,"",-7,-2.4,432,3.1,528,3.8,-11,-0.1,6722810,5.6,974726,1.4,-116839,-14.9,22,3.3
"20000","5","62331","57","0","2024","1","",280,14321,14443,13797,127186103,69494005,665136,690,"",1.18,1.61,1.61,1.54,1.85,1.08,1.18,1.17,"",-7,-2.4,432,3.1,528,3.8,-11,-0.1,6722810,5.6,974726,1.4,-116839,-14.9,22,3.3
"20000","5","623311","58","0","2024","1","",161,10777,10906,10767,96455027,43197656,490294,686,"",2.71,2.46,2.47,2.43,2.73,1.63,2.31,1.11,"",-2,-1.2,294,2.8,357,3.4,232,2.2,4510772,4.9,-602661,-1.4,-108829,-18.2,14,2.1
"20000","5","623312","58","0","2024","1","",119,3544,3537,3030,30731076,26296349,174842,701,"",0.67,0.79,0.78,0.67,0.92,0.70,0.50,1.23,"",-5,-4.0,138,4.1,171,5.1,-243,-7.4,2212038,7.8,1577387,6.4,-8010,-4.4,46,7.0
"20000","5","6239","56","0","2024","1","",61,1354,1352,1352,13464046,7597107,131818,766,"",1.00,0.92,0.90,0.90,1.00,0.87,1.65,1.10,"",0,0.0,-21,-1.5,-9,-0.7,-3,-0.2,186812,1.4,-127024,-1.6,-19000,-12.6,17,2.3
"20000","5","62399","57","0","2024","1","",61,1354,1352,1352,13464046,7597107,131818,766,"",1.00,0.92,0.90,0.90,1.00,0.87,1.65,1.10,"",0,0.0,-21,-1.5,-9,-0.7,-3,-0.2,186812,1.4,-127024,-1.6,-19000,-12.6,17,2.3
"20000","5","623990","58","0","2024","1","",61,1354,1352,1352,13464046,7597107,131818,766,"",1.00,0.92,0.90,0.90,1.00,0.87,1.65,1.10,"",0,0.0,-21,-1.5,-9,-0.7,-3,-0.2,186812,1.4,-127024,-1.6,-19000,-12.6,17,2.3
"20000","5","624","55","0","2024","1","",5087,38238,38550,38269,264393788,172706467,2107178,530,"",0.54,0.91,0.91,0.90,0.95,0.64,0.69,1.05,"",1018,25.0,752,2.0,908,2.4,682,1.8,9363499,3.7,3400231,2.0,-49849,-2.3,8,1.5
"20000","5","6241","56","0","2024","1","",4399,26360,26549,26355,176988141,111997934,1458209,515,"",0.52,0.93,0.92,0.92,0.98,0.63,0.67,1.06,"",1009,29.8,368,1.4,447,1.7,326,1.3,3932077,2.3,-1028624,-0.9,-75256,-4.9,4,0.8
"20000","5","62411","57","0","2024","1","",158,3452,3547,3504,34959916,15592436,165458,768,"",1.36,1.66,1.67,1.64,1.90,1.36,1.39,1.15,"",-17,-9.7,154,4.7,192,5.7,139,4.1,1763178,5.3,1890874,13.8,33905,25.8,3,0.4
"20000","5","624110","58","0","2024","1","",158,3452,3547,3504,34959916,15592436,165458,768,"",1.36,1.66,1.67,1.64,1.90,1.36,1.39,1.15,"",-17,-9.7,154,4.7,192,5.7,139,4.1,1763178,5.3,1890874,13.8,33905,25.8,3,0.4
"20000","5","62412","57","0","2024","1","",3962,19587,19690,19545,105946688,75338403,949016,416,"",0.49,0.91,0.90,0.89,0.91,0.56,0.58,1.01,"",1011,34.3,-76,-0.4,-31,-0.2,-106,-0.5,-1458283,-1.4,-4588691,-5.7,-103116,-9.8,-4,-1.0
"20000","5","624120","58","0","2024","1","",3962,19587,19690,19545,105946688,75338403,949016,416,"",0.49,0.91,0.90,0.89,0.91,0.56,0.58,1.01,"",1011,34.3,-76,-0.4,-31,-0.2,-106,-0.5,-1458283,-1.4,-4588691,-5.7,-103116,-9.8,-4,-1.0
"20000","5","62419","57","0","2024","1","",279,3321,3312,3306,36081537,21067095,343735,838,"",0.77,0.71,0.70,0.70,0.79,0.64,0.85,1.13,"",15,5.7,290,9.6,286,9.5,293,9.7,3627182,11.2,1669193,8.6,-6045,-1.7,12,1.5
"20000","5","624190","58","0","2024","1","",279,3321,3312,3306,36081537,21067095,343735,838,"",0.77,0.71,0.70,0.70,0.79,0.64,0.85,1.13,"",15,5.7,290,9.6,286,9.5,293,9.7,3627182,11.2,1669193,8.6,-6045,-1.7,12,1.5
"20000","5","6242","56","0","2024","1","",130,1403,1414,1416,13892766,10444762,134809,757,"",1.08,0.67,0.67,0.67,0.64,0.73,0.80,0.95,"",5,4.0,20,1.4,23,1.7,0,0.0,711662,5.4,712723,7.3,7866,6.2,31,4.3
"20000","5","62421","57","0","2024","1","",35,162,157,161,917725,794329,6195,441,"",1.03,0.36,0.34,0.35,0.21,0.25,0.19,0.61,"",-1,-2.8,-14,-8.0,-19,-10.8,-22,-12.0,-94566,-9.3,-99612,-11.1,-2268,-26.8,4,0.9
"20000","5","624210","58","0","2024","1","",35,162,157,161,917725,794329,6195,441,"",1.03,0.36,0.34,0.35,0.21,0.25,0.19,0.61,"",-1,-2.8,-14,-8.0,-19,-10.8,-22,-12.0,-94566,-9.3,-99612,-11.1,-2268,-26.8,4,0.9
"20000","5","62422","57","0","2024","1","",66,954,962,962,9600989,8173079,101926,770,"",1.01,0.74,0.74,0.73,0.74,0.90,0.92,1.00,"",4,6.5,34,3.7,31,3.3,19,2.0,687080,7.7,663457,8.8,1440,1.4,34,4.6
"20000","5","624221","58","0","2024","1","",41,714,717,727,6295020,5742218,63330,673,"",1.16,0.84,0.83,0.85,0.81,1.06,0.98,0.97,"",1,2.5,11,1.6,7,1.0,5,0.7,260068,4.3,273173,5.0,-7151,-10.1,21,3.2
"20000","5","624229","58","0","2024","1","",25,240,245,235,3305969,2430861,38596,1060,"",0.84,0.54,0.55,0.52,0.63,0.66,0.82,1.17,"",3,13.6,23,10.6,24,10.9,14,6.3,427012,14.8,390284,19.1,8591,28.6,52,5.2
"20000","5","62423","57","0","2024","1","",29,287,295,293,3374052,1477354,26688,890,"",1.34,0.86,0.88,0.87,0.77,0.69,1.10,0.89,"",2,7.4,0,0.0,11,3.9,3,1.0,119148,3.7,148878,11.2,8694,48.3,18,2.1
"20000","5","624230","58","0","2024","1","",29,287,295,293,3374052,1477354,26688,890,"",1.34,0.86,0.88,0.87,0.77,0.69,1.10,0.89,"",2,7.4,0,0.0,11,3.9,3,1.0,119148,3.7,148878,11.2,8694,48.3,18,2.1
"20000","5","6243","56","0","2024","1","",84,3324,3363,3314,27895733,7887215,27430,644,"",1.06,1.31,1.30,1.28,1.44,0.75,0.30,1.11,"",-1,-1.2,119,3.7,136,4.2,163,5.2,998269,3.7,308198,4.1,-8289,-23.2,-4,-0.6
"20000","5","62431","57","0","2024","1","",84,3324,3363,3314,27895733,7887215,27430,644,"",1.06,1.31,1.30,1.28,1.44,0.75,0.30,1.11,"",-1,-1.2,119,3.7,136,4.2,163,5.2,998269,3.7,308198,4.1,-8289,-23.2,-4,-0.6
"20000","5","624310","58","0","2024","1","",84,3324,3363,3314,27895733,7887215,27430,644,"",1.06,1.31,1.30,1.28,1.44,0.75,0.30,1.11,"",-1,-1.2,119,3.7,136,4.2,163,5.2,998269,3.7,308198,4.1,-8289,-23.2,-4,-0.6
"20000","5","6244","56","0","2024","1","",474,7151,7224,7184,45617148,42376556,486730,488,"",0.73,0.80,0.80,0.79,0.82,0.63,0.76,1.02,"",5,1.1,245,3.5,302,4.4,193,2.8,3721491,8.9,3407934,8.7,25830,5.6,24,5.2
"20000","5","62441","57","0","2024","1","",474,7151,7224,7184,45617148,42376556,486730,488,"",0.73,0.80,0.80,0.79,0.82,0.63,0.76,1.02,"",5,1.1,245,3.5,302,4.4,193,2.8,3721491,8.9,3407934,8.7,25830,5.6,24,5.2
"20000","5","624410","58","0","2024","1","",474,7151,7224,7184,45617148,42376556,486730,488,"",0.73,0.80,0.80,0.79,0.82,0.63,0.76,1.02,"",5,1.1,245,3.5,302,4.4,193,2.8,3721491,8.9,3407934,8.7,25830,5.6,24,5.2
"20000","5","71","54","0","2024","1","",997,14901,16059,16707,107681632,81082442,693015,521,"",0.66,0.70,0.74,0.74,0.51,0.53,0.42,0.70,"",43,4.5,-28,-0.2,615,4.0,709,4.4,3111404,3.0,3140390,4.0,-49322,-6.6,1,0.2
"20000","5","711","55","0","2024","1","",269,1622,2098,2124,20248359,11137646,114170,800,"",0.41,0.35,0.43,0.42,0.20,0.26,0.20,0.50,"",19,7.6,64,4.1,256,13.9,42,2.0,-945128,-4.5,497504,4.7,-25227,-18.1,-92,-10.3
"20000","5","7111","56","0","2024","1","",40,538,609,631,3401625,2856736,19363,442,"",0.38,0.48,0.50,0.51,0.30,0.31,0.12,0.59,"",1,2.6,37,7.4,40,7.0,121,23.7,336514,11.0,316295,12.5,-125,-0.6,-6,-1.3
"20000","5","71111","57","0","2024","1","",15,454,490,510,2608668,2142558,10584,414,"",0.45,0.78,0.77,0.79,0.47,0.43,0.11,0.61,"",-2,-11.8,24,5.6,8,1.7,99,24.1,154780,6.3,122344,6.1,-1073,-9.2,-14,-3.3
"20000","5","711110","58","0","2024","1","",15,454,490,510,2608668,2142558,10584,414,"",0.45,0.78,0.77,0.79,0.47,0.43,0.11,0.61,"",-2,-11.8,24,5.6,8,1.7,99,24.1,154780,6.3,122344,6.1,-1073,-9.2,-14,-3.3
"20000","5","71112","57","0","2024","1","N",5,0,0,0,0,0,0,0,"N",0.40,0,0,0,0,0,0,0,"N",0,0.0,0,0,0,0,0,0,0,0,0,0,0,0,0,0
"20000","5","711120","58","0","2024","1","N",5,0,0,0,0,0,0,0,"N",0.40,0,0,0,0,0,0,0,"N",0,0.0,0,0,0,0,0,0,0,0,0,0,0,0,0,0
"20000","5","71113","57","0","2024","1","",17,61,92,89,657544,595914,7028,627,"",0.34,0.19,0.27,0.25,0.17,0.26,0.21,0.72,"",2,13.3,4,7.0,21,29.6,5,6.0,136450,26.2,149763,33.6,452,6.9,60,10.6
"20000","5","711130","58","0","2024","1","",17,61,92,89,657544,595914,7028,627,"",0.34,0.19,0.27,0.25,0.17,0.26,0.21,0.72,"",2,13.3,4,7.0,21,29.6,5,6.0,136450,26.2,149763,33.6,452,6.9,60,10.6
"20000","5","71119","57","0","2024","1","N",3,0,0,0,0,0,0,0,"N",0.27,0,0,0,0,0,0,0,"N",1,50.0,0,0,0,0,0,0,0,0,0,0,0,0,0,0
"20000","5","711190","58","0","2024","1","N",3,0,0,0,0,0,0,0,"N",0.27,0,0,0,0,0,0,0,"N",1,50.0,0,0,0,0,0,0,0,0,0,0,0,0,0,0
"20000","5","7112","56","0","2024","1","",57,224,220,238,7758433,2335169,32557,2625,"",0.81,0.18,0.17,0.16,0.15,0.17,0.26,0.85,"",6,11.8,1,0.4,-28,-11.3,-108,-31.2,-2266672,-22.6,-349298,-13.0,-17067,-34.4,-207,-7.3
"20000","5","71121","57","0","2024","1","",57,224,220,238,7758433,2335169,32557,2625,"",0.81,0.18,0.17,0.16,0.15,0.17,0.26,0.85,"",6,11.8,1,0.4,-28,-11.3,-108,-31.2,-2266672,-22.6,-349298,-13.0,-17067,-34.4,-207,-7.3
"20000","5","711211","58","0","2024","1","",31,162,152,170,6823505,1777682,28282,3253,"",1.02,0.18,0.17,0.16,0.14,0.19,0.32,0.83,"",4,14.8,5,3.2,-24,-13.6,-73,-30.0,-1491703,-17.9,-318008,-15.2,-17032,-37.6,-78,-2.3
"20000","5","711212","58","0","2024","1","N",5,0,0,0,0,0,0,0,"N",0.82,0,0,0,0,0,0,0,"N",-1,-16.7,0,0,0,0,0,0,0,0,0,0,0,0,0,0
"20000","5","711219","58","0","2024","1","N",21,0,0,0,0,0,0,0,"N",0.61,0,0,0,0,0,0,0,"N",3,16.7,0,0,0,0,0,0,0,0,0,0,0,0,0,0
"20000","5","7113","56","0","2024","1","",86,701,1056,1079,7176140,4737968,43233,584,"",0.93,0.50,0.71,0.69,0.41,0.41,0.28,0.65,"",2,2.4,38,5.7,251,31.2,25,2.4,664711,10.2,418457,9.7,-11464,-21.0,-12,-2.0
"20000","5","71131","57","0","2024","1","",32,423,756,801,4072492,2579933,18845,475,"",0.81,0.39,0.66,0.65,0.33,0.32,0.17,0.58,"",1,3.2,21,5.2,244,47.7,46,6.1,199664,5.2,128895,5.3,-11121,-37.1,-60,-11.2
"20000","5","711310","58","0","2024","1","",32,423,756,801,4072492,2579933,18845,475,"",0.81,0.39,0.66,0.65,0.33,0.32,0.17,0.58,"",1,3.2,21,5.2,244,47.7,46,6.1,199664,5.2,128895,5.3,-11121,-37.1,-60,-11.2
"20000","5","71132","57","0","2024","1","",54,278,300,278,3103648,2158035,24388,837,"",1.02,0.90,0.90,0.81,0.63,0.64,0.62,0.72,"",1,1.9,17,6.5,7,2.4,-21,-7.0,465047,17.6,289562,15.5,-343,-1.4,123,17.2
"20000","5","711320","58","0","2024","1","",54,278,300,278,3103648,2158035,24388,837,"",1.02,0.90,0.90,0.81,0.63,0.64,0.62,0.72,"",1,1.9,17,6.5,7,2.4,-21,-7.0,465047,17.6,289562,15.5,-343,-1.4,123,17.2
"20000","5","7114","56","0","2024","1","",22,34,64,31,523595,290503,5328,937,"",0.39,0.13,0.22,0.11,0.07,0.10,0.13,0.47,"",5,29.4,-23,-40.4,-17,-21.0,-6,-16.2,96137,22.5,12464,4.5,677,14.6,373,66.1
"20000","5","71141","57","0","2024","1","",22,34,64,31,523595,290503,5328,937,"",0.39,0.13,0.22,0.11,0.07,0.10,0.13,0.47,"",5,29.4,-23,-40.4,-17,-21.0,-6,-16.2,96137,22.5,12464,4.5,677,14.6,373,66.1
"20000","5","711410","58","0","2024","1","",22,34,64,31,523595,290503,5328,937,"",0.39,0.13,0.22,0.11,0.07,0.10,0.13,0.47,"",5,29.4,-23,-40.4,-17,-21.0,-6,-16.2,96137,22.5,12464,4.5,677,14.6,373,66.1
"20000","5","7115","56","0","2024","1","",64,125,149,145,1388566,917270,13689,765,"",0.19,0.23,0.27,0.26,0.13,0.16,0.18,0.50,"",5,8.5,11,9.6,10,7.2,10,7.4,224182,19.3,99586,12.2,2752,25.2,72,10.4
"20000","5","71151","57","0","2024","1","",64,125,149,145,1388566,917270,13689,765,"",0.19,0.23,0.27,0.26,0.13,0.16,0.18,0.50,"",5,8.5,11,9.6,10,7.2,10,7.4,224182,19.3,99586,12.2,2752,25.2,72,10.4
"20000","5","711510","58","0","2024","1","",64,125,149,145,1388566,917270,13689,765,"",0.19,0.23,0.27,0.26,0.13,0.16,0.18,0.50,"",5,8.5,11,9.6,10,7.2,10,7.4,224182,19.3,99586,12.2,2752,25.2,72,10.4
"20000","5","712","55","0","2024","1","",60,781,824,898,5690583,5094396,33437,525,"",0.93,0.52,0.55,0.58,0.39,0.67,0.51,0.72,"",2,3.4,43,5.8,37,4.7,60,7.2,599430,11.8,561388,12.4,2879,9.4,28,5.6
"20000","5","7121","56","0","2024","1","",60,781,824,898,5690583,5094396,33437,525,"",0.93,0.52,0.55,0.58,0.39,0.67,0.51,0.72,"",2,3.4,43,5.8,37,4.7,60,7.2,599430,11.8,561388,12.4,2879,9.4,28,5.6
"20000","5","71211","57","0","2024","1","",51,503,490,496,3468429,3015190,18697,538,"",1.17,0.57,0.55,0.55,0.39,0.67,0.44,0.69,"",2,4.1,38,8.2,22,4.7,25,5.3,403210,13.2,368292,13.9,1989,11.9,34,6.7
"20000","5","712110","58","0","2024","1","",51,503,490,496,3468429,3015190,18697,538,"",1.17,0.57,0.55,0.55,0.39,0.67,0.44,0.69,"",2,4.1,38,8.2,22,4.7,25,5.3,403210,13.2,368292,13.9,1989,11.9,34,6.7
"20000","5","71212","57","0","2024","1","N",1,0,0,0,0,0,0,0,"N",0.18,0,0,0,0,0,0,0,"N",0,0.0,0,0,0,0,0,0,0,0,0,0,0,0,0,0
"20000","5","712120","58","0","2024","1","N",1,0,0,0,0,0,0,0,"N",0.18,0,0,0,0,0,0,0,"N",0,0.0,0,0,0,0,0,0,0,0,0,0,0,0,0,0
"20000","5","71213","57","0","2024","1","",5,226,284,346,1949099,1834158,13312,525,"",0.66,0.57,0.73,0.83,0.54,1.10,1.17,0.76,"",0,0.0,0,0.0,16,6.0,34,10.9,202156,11.6,201469,12.3,820,6.6,25,5.0
"20000","5","712130","58","0","2024","1","",5,226,284,346,1949099,1834158,13312,525,"",0.66,0.57,0.73,0.83,0.54,1.10,1.17,0.76,"",0,0.0,0,0.0,16,6.0,34,10.9,202156,11.6,201469,12.3,820,6.6,25,5.0
"20000","5","71219","57","0","2024","1","N",3,0,0,0,0,0,0,0,"N",0.39,0,0,0,0,0,0,0,"N",0,0.0,0,0,0,0,0,0,0,0,0,0,0,0,0,0
"20000","5","712190","58","0","2024","1","N",3,0,0,0,0,0,0,0,"N",0.39,0,0,0,0,0,0,0,"N",0,0.0,0,0,0,0,0,0,0,0,0,0,0,0,0,0
"20000","5","713","55","0","2024","1","",668,12498,13137,13685,81742690,64850400,545408,480,"",0.84,0.83,0.85,0.87,0.85,0.64,0.53,1.00,"",22,3.4,-135,-1.1,322,2.5,607,4.6,3457102,4.4,2081498,3.3,-26974,-4.7,11,2.3
"20000","5","7131","56","0","2024","1","",18,264,276,272,1175494,1033485,13602,334,"",0.54,0.15,0.15,0.13,0.08,0.08,0.17,0.57,"",-1,-5.3,36,15.8,43,18.5,3,1.1,140465,13.6,124393,13.7,-1421,-9.5,7,2.1
"20000","5","71311","57","0","2024","1","N",7,0,0,0,0,0,0,0,"N",0.64,0,0,0,0,0,0,0,"N",-1,-12.5,0,0,0,0,0,0,0,0,0,0,0,0,0,0
"20000","5","713110","58","0","2024","1","N",7,0,0,0,0,0,0,0,"N",0.64,0,0,0,0,0,0,0,"N",-1,-12.5,0,0,0,0,0,0,0,0,0,0,0,0,0,0
"20000","5","71312","57","0","2024","1","N",11,0,0,0,0,0,0,0,"N",0.49,0,0,0,0,0,0,0,"N",0,0.0,0,0,0,0,0,0,0,0,0,0,0,0,0,0
"20000","5","713120","58","0","2024","1","N",11,0,0,0,0,0,0,0,"N",0.49,0,0,0,0,0,0,0,"N",0,0.0,0,0,0,0,0,0,0,0,0,0,0,0,0,0
"20000","5","7132","56","0","2024","1","",17,1724,1774,1777,20194258,16895213,74284,883,"",0.48,1.57,1.59,1.58,1.62,1.41,0.53,1.02,"",1,6.2,10,0.6,76,4.5,78,4.6,965869,5.0,670140,4.1,-24807,-25.0,15,1.7
"20000","5","71321","57","0","2024","1","",6,1675,1722,1725,19175702,16347263,61617,864,"",1.61,2.91,2.95,2.92,3.39,2.71,0.96,1.16,"",0,0.0,-6,-0.4,57,3.4,58,3.5,555659,3.0,444026,2.8,-32037,-34.2,7,0.8
"20000","5","713210","58","0","2024","1","",6,1675,1722,1725,19175702,16347263,61617,864,"",1.61,2.91,2.95,2.92,3.39,2.71,0.96,1.16,"",0,0.0,-6,-0.4,57,3.4,58,3.5,555659,3.0,444026,2.8,-32037,-34.2,7,0.8
"20000","5","71329","57","0","2024","1","",11,49,52,52,1018556,547950,12667,1536,"",0.34,0.09,0.10,0.10,0.15,0.09,0.17,1.55,"",1,10.0,16,48.5,19,57.6,20,62.5,410210,67.4,226114,70.3,7230,133.0,103,7.2
"20000","5","713290","58","0","2024","1","",11,49,52,52,1018556,547950,12667,1536,"",0.34,0.09,0.10,0.10,0.15,0.09,0.17,1.55,"",1,10.0,16,48.5,19,57.6,20,62.5,410210,67.4,226114,70.3,7230,133.0,103,7.2
"20000","5","7139","56","0","2024","1","",633,10510,11087,11636,60372938,46921702,457522,419,"",0.87,0.86,0.89,0.92,0.87,0.61,0.57,0.97,"",22,3.6,-181,-1.7,203,1.9,526,4.7,2350768,4.1,1286965,2.8,-746,-0.2,9,2.2
"20000","5","71391","57","0","2024","1","",116,2580,2999,3439,22502067,18047294,158395,576,"",1.26,0.88,1.00,1.05,0.96,0.75,0.56,0.98,"",0,0.0,-200,-7.2,103,3.6,334,10.8,1739549,8.4,1225856,7.3,9647,6.5,30,5.5
"20000","5","713910","58","0","2024","1","",116,2580,2999,3439,22502067,18047294,158395,576,"",1.26,0.88,1.00,1.05,0.96,0.75,0.56,0.98,"",0,0.0,-200,-7.2,103,3.6,334,10.8,1739549,8.4,1225856,7.3,9647,6.5,30,5.5
"20000","5","71393","57","0","2024","1","",14,49,44,58,434809,397626,6309,665,"",0.42,0.17,0.15,0.18,0.15,0.14,0.19,0.89,"",-1,-6.7,-6,-10.9,-10,-18.5,-4,-6.5,-86048,-16.5,-61941,-13.5,-1595,-20.2,-38,-5.4
"20000","5","713930","58","0","2024","1","",14,49,44,58,434809,397626,6309,665,"",0.42,0.17,0.15,0.18,0.15,0.14,0.19,0.89,"",-1,-6.7,-6,-10.9,-10,-18.5,-4,-6.5,-86048,-16.5,-61941,-13.5,-1595,-20.2,-38,-5.4
"20000","5","71394","57","0","2024","1","",293,5614,5727,5740,24308224,17301764,182041,328,"",0.80,1.00,1.00,1.00,0.98,0.63,0.70,0.99,"",11,3.9,58,1.0,172,3.1,161,2.9,530330,2.2,216187,1.3,-4962,-2.7,-1,-0.3
"20000","5","713940","58","0","2024","1","",293,5614,5727,5740,24308224,17301764,182041,328,"",0.80,1.00,1.00,1.00,0.98,0.63,0.70,0.99,"",11,3.9,58,1.0,172,3.1,161,2.9,530330,2.2,216187,1.3,-4962,-2.7,-1,-0.3
"20000","5","71395","57","0","2024","1","",40,792,822,859,3869193,3609876,35762,361,"",1.44,1.22,1.24,1.28,1.18,0.87,1.04,0.95,"",0,0.0,-58,-6.8,-55,-6.3,-35,-3.9,-97425,-2.5,-135153,-3.6,3621,11.3,12,3.4
"20000","5","713950","58","0","2024","1","",40,792,822,859,3869193,3609876,35762,361,"",1.44,1.22,1.24,1.28,1.18,0.87,1.04,0.95,"",0,0.0,-58,-6.8,-55,-6.3,-35,-3.9,-97425,-2.5,-135153,-3.6,3621,11.3,12,3.4
"20000","5","71399","57","0","2024","1","",170,1475,1495,1540,9258645,7565142,75015,474,"",0.84,0.78,0.77,0.76,0.84,0.61,0.63,1.09,"",12,7.6,25,1.7,-7,-0.5,70,4.8,264362,2.9,42016,0.6,-7457,-9.0,5,1.1
"20000","5","713990","58","0","2024","1","",170,1475,1495,1540,9258645,7565142,75015,474,"",0.84,0.78,0.77,0.76,0.84,0.61,0.63,1.09,"",12,7.6,25,1.7,-7,-0.5,70,4.8,264362,2.9,42016,0.6,-7457,-9.0,5,1.1
"20000","5","72","54","0","2024","1","",6204,112313,113954,115149,615598841,575372799,5798078,416,"",0.96,0.90,0.90,0.90,0.85,0.63,0.73,0.94,"",108,1.8,631,0.6,941,0.8,497,0.4,19825277,3.3,16780715,3.0,-47516,-0.8,11,2.7
"20000","5","721","55","0","2024","1","",694,9166,9240,9323,65284633,57127559,555849,543,"",1.08,0.55,0.55,0.55,0.44,0.35,0.37,0.81,"",-6,-0.9,-183,-2.0,-174,-1.8,-244,-2.6,2108331,3.3,1205926,2.2,-55813,-9.1,28,5.4
"20000","5","7211","56","0","2024","1","",598,8854,8902,8976,62670666,54895667,530643,541,"",1.08,0.55,0.55,0.54,0.44,0.34,0.36,0.80,"",-16,-2.6,-202,-2.2,-197,-2.2,-276,-3.0,1840151,3.0,998107,1.9,-54282,-9.3,29,5.7
"20000","5","72111","57","0","2024","1","",576,8746,8787,8861,62175272,54442202,523467,544,"",1.14,0.64,0.64,0.64,0.53,0.44,0.44,0.83,"",-18,-3.0,-209,-2.3,-210,-2.3,-295,-3.2,1692834,2.8,883078,1.6,-57379,-9.9,29,5.6
"20000","5","721110","58","0","2024","1","",576,8746,8787,8861,62175272,54442202,523467,544,"",1.14,0.64,0.64,0.64,0.53,0.44,0.44,0.83,"",-18,-3.0,-209,-2.3,-210,-2.3,-295,-3.2,1692834,2.8,883078,1.6,-57379,-9.9,29,5.6
"20000","5","72119","57","0","2024","1","",22,108,115,115,495394,453465,7176,338,"",0.49,0.41,0.43,0.42,0.22,0.20,0.27,0.54,"N",3,15.8,0,0,0,0,0,0,0,0,0,0,0,0,0,0
"20000","5","721191","58","0","2024","1","",14,67,70,68,261865,260665,3163,295,"",0.72,0.60,0.61,0.59,0.37,0.31,0.35,0.63,"",0,0.0,-2,-2.9,-2,-2.8,1,1.5,18500,7.6,19700,8.2,742,30.6,25,9.3
"20000","5","721199","58","0","2024","1","",8,41,45,47,233529,192800,4013,405,"",0.31,0.27,0.29,0.29,0.15,0.13,0.23,0.54,"N",3,60.0,0,0,0,0,0,0,0,0,0,0,0,0,0,0
"20000","5","7212","56","0","2024","1","",39,186,197,206,1662486,1374911,13530,651,"",0.53,0.41,0.42,0.42,0.48,0.40,0.37,1.16,"",6,18.2,24,14.8,30,18.0,33,19.1,237670,16.7,188088,15.8,139,1.0,-4,-0.6
"20000","5","72121","57","0","2024","1","",39,186,197,206,1662486,1374911,13530,651,"",0.53,0.41,0.42,0.42,0.48,0.40,0.37,1.16,"",6,18.2,24,14.8,30,18.0,33,19.1,237670,16.7,188088,15.8,139,1.0,-4,-0.6
"20000","5","721211","58","0","2024","1","",27,81,86,91,510793,500390,7676,457,"",0.59,0.34,0.36,0.35,0.31,0.26,0.35,0.89,"",4,17.4,20,32.8,29,50.9,26,40.0,193222,60.8,182819,57.6,1968,34.5,57,14.2
"20000","5","721214","58","0","2024","1","",12,105,111,115,1151693,874521,5854,803,"",0.44,0.48,0.49,0.50,0.64,0.56,0.40,1.30,"",2,20.0,4,4.0,1,0.9,7,6.5,44448,4.0,5269,0.6,-1829,-23.8,2,0.2
"20000","5","7213","56","0","2024","1","",57,126,141,141,951481,856981,11676,538,"",3.93,1.38,1.46,1.47,1.40,1.16,1.20,0.97,"",4,7.5,-5,-3.8,-7,-4.7,-1,-0.7,30510,3.3,19731,2.4,-1670,-12.5,33,6.5
"20000","5","72131","57","0","2024","1","",57,126,141,141,951481,856981,11676,538,"",3.93,1.38,1.46,1.47,1.40,1.16,1.20,0.97,"",4,7.5,-5,-3.8,-7,-4.7,-1,-0.7,30510,3.3,19731,2.4,-1670,-12.5,33,6.5
"20000","5","721310","58","0","2024","1","",57,126,141,141,951481,856981,11676,538,"",3.93,1.38,1.46,1.47,1.40,1.16,1.20,0.97,"",4,7.5,-5,-3.8,-7,-4.7,-1,-0.7,30510,3.3,19731,2.4,-1670,-12.5,33,6.5
"20000","5","722","55","0","2024","1","",5510,103147,104714,105826,550314208,518245240,5242229,405,"",0.94,0.95,0.95,0.95,0.95,0.69,0.82,1.00,"",114,2.1,814,0.8,1115,1.1,741,0.7,17716946,3.3,15574789,3.1,8297,0.2,10,2.5
"20000","5","7223","56","0","2024","1","",375,5535,5899,5949,41237612,36621138,554540,547,"",0.90,0.85,0.86,0.85,0.87,0.65,0.58,1.01,"",38,11.3,502,10.0,483,8.9,395,7.1,3331463,8.8,3007864,8.9,12466,2.3,0,0.0
"20000","5","72231","57","0","2024","1","",210,4450,4758,4811,33993514,30341394,467997,560,"",1.00,0.91,0.93,0.93,0.92,0.69,0.59,1.00,"",23,12.3,387,9.5,342,7.7,290,6.4,2377577,7.5,2272849,8.1,773,0.2,-1,-0.2
"20000","5","722310","58","0","2024","1","",210,4450,4758,4811,33993514,30341394,467997,560,"",1.00,0.91,0.93,0.93,0.92,0.69,0.59,1.00,"",23,12.3,387,9.5,342,7.7,290,6.4,2377577,7.5,2272849,8.1,773,0.2,-1,-0.2
"20000","5","72232","57","0","2024","1","",81,849,901,856,5891103,5023751,57820,522,"",0.72,0.64,0.66,0.60,0.67,0.49,0.45,1.06,"",1,1.2,38,4.7,76,9.2,17,2.0,563344,10.6,345469,7.4,4145,7.7,25,5.0
"20000","5","722320","58","0","2024","1","",81,849,901,856,5891103,5023751,57820,522,"",0.72,0.64,0.66,0.60,0.67,0.49,0.45,1.06,"",1,1.2,38,4.7,76,9.2,17,2.0,563344,10.6,345469,7.4,4145,7.7,25,5.0
"20000","5","72233","57","0","2024","1","",84,236,240,282,1352995,1255993,28723,412,"",0.89,0.80,0.77,0.83,0.82,0.61,1.25,1.03,"",14,20.0,77,48.4,65,37.1,88,45.4,390542,40.6,389546,45.0,7548,35.6,-9,-2.1
"20000","5","722330","58","0","2024","1","",84,236,240,282,1352995,1255993,28723,412,"",0.89,0.80,0.77,0.83,0.82,0.61,1.25,1.03,"",14,20.0,77,48.4,65,37.1,88,45.4,390542,40.6,389546,45.0,7548,35.6,-9,-2.1
"20000","5","7224","56","0","2024","1","",284,3210,3539,3384,13420783,13014096,132852,306,"",0.81,0.87,0.94,0.89,0.71,0.53,0.55,0.78,"",-14,-4.7,-178,-5.3,-127,-3.5,-155,-4.4,-374967,-2.7,-359640,-2.7,-7786,-5.5,5,1.7
"20000","5","72241","57","0","2024","1","",284,3210,3539,3384,13420783,13014096,132852,306,"",0.81,0.87,0.94,0.89,0.71,0.53,0.55,0.78,"",-14,-4.7,-178,-5.3,-127,-3.5,-155,-4.4,-374967,-2.7,-359640,-2.7,-7786,-5.5,5,1.7
"20000","5","722410","58","0","2024","1","",284,3210,3539,3384,13420783,13014096,132852,306,"",0.81,0.87,0.94,0.89,0.71,0.53,0.55,0.78,"",-14,-4.7,-178,-5.3,-127,-3.5,-155,-4.4,-374967,-2.7,-359640,-2.7,-7786,-5.5,5,1.7
"20000","5","7225","56","0","2024","1","",4851,94402,95276,96493,495655813,468610006,4554837,400,"",0.96,0.96,0.96,0.96,0.96,0.71,0.87,1.00,"",90,1.9,490,0.5,759,0.8,501,0.5,14760450,3.1,12926565,2.8,3617,0.1,10,2.6
"20000","5","72251","57","0","2024","1","",4851,94402,95276,96493,495655813,468610006,4554837,400,"",0.96,0.96,0.96,0.96,0.96,0.71,0.87,1.00,"",90,1.9,490,0.5,759,0.8,501,0.5,14760450,3.1,12926565,2.8,3617,0.1,10,2.6
"20000","5","722511","58","0","2024","1","",2121,44146,44592,44952,250907463,239359213,2320252,433,"",0.98,0.92,0.92,0.92,0.88,0.66,0.78,0.96,"",43,2.1,619,1.4,797,1.8,680,1.5,6928070,2.8,6707409,2.9,-13827,-0.6,5,1.2
"20000","5","722513","58","0","2024","1","",2049,41940,42306,43003,208574673,194968250,1700435,378,"",0.94,1.01,1.01,1.02,1.11,0.78,0.95,1.09,"",1,0.0,-438,-1.0,-320,-0.8,-499,-1.1,6414246,3.2,4848057,2.5,-3577,-0.2,15,4.1
"20000","5","722514","58","0","2024","1","",31,466,449,466,2965423,2804846,10803,496,"",0.73,0.68,0.64,0.66,0.84,0.62,0.33,1.27,"",0,0.0,-13,-2.7,-29,-6.1,-6,-1.3,50560,1.7,25079,0.9,-2336,-17.8,25,5.3
"20000","5","722515","58","0","2024","1","",650,7850,7929,8072,33208254,31477697,523347,321,"",0.96,0.96,0.97,0.96,0.89,0.64,1.20,0.93,"",46,7.6,322,4.3,311,4.1,326,4.2,1367574,4.3,1346020,4.5,23357,4.7,0,0.0
"20000","5","81","54","0","2024","1","",6194,35070,35851,36072,419927208,285803092,3306932,906,"",0.85,0.84,0.85,0.85,0.96,0.75,0.92,1.14,"",144,2.4,81,0.2,559,1.6,409,1.1,21099436,5.3,9697924,3.5,-267783,-7.5,37,4.3
"20000","5","811","55","0","2024","1","",2294,13403,13602,13807,188813327,139822682,1766681,1068,"",1.13,1.02,1.02,1.03,1.20,0.92,1.29,1.18,"",74,3.3,107,0.8,110,0.8,-83,-0.6,5871303,3.2,3974543,2.9,-226403,-11.4,30,2.9
"20000","5","8111","56","0","2024","1","",1574,8863,9008,8939,102289497,84072264,986588,880,"",1.10,0.95,0.95,0.94,1.04,0.82,1.15,1.10,"",73,4.9,110,1.3,227,2.6,170,1.9,7455503,7.9,4535189,5.7,21190,2.2,48,5.8
"20000","5","81111","57","0","2024","1","",913,4074,4069,4044,51131481,42221167,462327,968,"",1.15,1.01,1.00,1.00,1.15,0.90,1.20,1.15,"",31,3.5,81,2.0,105,2.6,77,1.9,3462723,7.3,2192784,5.5,-9109,-1.9,45,4.9
"20000","5","811111","58","0","2024","1","",837,3783,3768,3749,47329999,39157411,434232,967,"",1.18,1.05,1.03,1.03,1.19,0.93,1.24,1.14,"",32,4.0,115,3.1,119,3.3,91,2.5,3520070,8.0,2372486,6.4,-3612,-0.8,46,5.0
"20000","5","811114","58","0","2024","1","",76,291,301,295,3801482,3063756,28095,989,"",0.89,0.71,0.73,0.71,0.86,0.66,0.77,1.20,"",-1,-1.3,-34,-10.5,-14,-4.4,-14,-4.5,-57347,-1.5,-179702,-5.5,-5497,-16.4,51,5.4
"20000","5","81112","57","0","2024","1","",387,2280,2297,2277,32780437,25142330,291992,1104,"",1.10,0.83,0.83,0.83,0.92,0.74,1.01,1.11,"",15,4.0,78,3.5,89,4.0,78,3.5,2897430,9.7,1559737,6.6,14915,5.4,61,5.8
"20000","5","811121","58","0","2024","1","",346,2073,2087,2061,30135128,22967039,267389,1118,"",1.18,0.87,0.87,0.86,0.95,0.77,1.06,1.09,"",8,2.4,59,2.9,68,3.4,57,2.8,2571062,9.3,1330140,6.1,12814,5.0,64,6.1
"20000","5","811122","58","0","2024","1","",41,207,210,216,2645309,2175291,24603,964,"",0.70,0.58,0.58,0.60,0.68,0.53,0.64,1.16,"",7,20.6,19,10.1,21,11.1,21,10.8,326368,14.1,229597,11.8,2101,9.3,28,3.0
"20000","5","81119","57","0","2024","1","",274,2509,2642,2618,18377579,16708767,232269,546,"",0.94,0.97,1.00,0.98,1.01,0.78,1.29,1.03,"",27,10.9,-49,-1.9,33,1.3,15,0.6,1095350,6.3,782668,4.9,15384,7.1,33,6.4
"20000","5","811191","58","0","2024","1","",55,437,437,431,3868530,3657755,45764,684,"",0.80,0.65,0.64,0.63,0.74,0.59,0.94,1.16,"",15,37.5,24,5.8,22,5.3,21,5.1,370765,10.6,325793,9.8,12014,35.6,32,4.9
"20000","5","811192","58","0","2024","1","",178,1970,2102,2082,13128619,12011175,171437,492,"",1.10,1.20,1.25,1.22,1.29,0.98,1.67,1.06,"",11,6.6,-53,-2.6,33,1.6,8,0.4,602662,4.8,428193,3.7,7414,4.5,23,4.9
"20000","5","811198","58","0","2024","1","",41,102,103,105,1380430,1039837,15068,1028,"",0.67,0.36,0.36,0.37,0.49,0.35,0.53,1.33,"",1,2.5,-20,-16.4,-22,-17.6,-14,-11.8,121923,9.7,28682,2.8,-4044,-21.2,234,29.5
"20000","5","8112","56","0","2024","1","",150,889,899,898,14013906,9673107,106277,1204,"",1.12,0.93,0.93,0.94,0.90,0.79,0.88,0.96,"",1,0.7,16,1.8,-10,-1.1,-7,-0.8,240673,1.7,15049,0.2,-20560,-16.2,21,1.8
"20000","5","81121","57","0","2024","1","",150,889,899,898,14013906,9673107,106277,1204,"",1.12,0.93,0.93,0.94,0.90,0.79,0.88,0.96,"",1,0.7,16,1.8,-10,-1.1,-7,-0.8,240673,1.7,15049,0.2,-20560,-16.2,21,1.8
"20000","5","811210","58","0","2024","1","",150,889,899,898,14013906,9673107,106277,1204,"",1.12,0.93,0.93,0.94,0.90,0.79,0.88,0.96,"",1,0.7,16,1.8,-10,-1.1,-7,-0.8,240673,1.7,15049,0.2,-20560,-16.2,21,1.8
"20000","5","8113","56","0","2024","1","",422,3230,3270,3531,68425683,42526419,629042,1574,"",1.63,1.50,1.48,1.59,1.88,1.40,1.97,1.24,"",1,0.2,-18,-0.6,-114,-3.4,-254,-6.7,-2100861,-3.0,-742259,-1.7,-223408,-26.2,12,0.8
"20000","5","81131","57","0","2024","1","",422,3230,3270,3531,68425683,42526419,629042,1574,"",1.63,1.50,1.48,1.59,1.88,1.40,1.97,1.24,"",1,0.2,-18,-0.6,-114,-3.4,-254,-6.7,-2100861,-3.0,-742259,-1.7,-223408,-26.2,12,0.8
"20000","5","811310","58","0","2024","1","",422,3230,3270,3531,68425683,42526419,629042,1574,"",1.63,1.50,1.48,1.59,1.88,1.40,1.97,1.24,"",1,0.2,-18,-0.6,-114,-3.4,-254,-6.7,-2100861,-3.0,-742259,-1.7,-223408,-26.2,12,0.8
"20000","5","8114","56","0","2024","1","",148,421,425,439,4084241,3550892,44774,733,"",0.72,0.56,0.56,0.57,0.56,0.46,0.64,0.99,"",-1,-0.7,-1,-0.2,7,1.7,8,1.9,275988,7.2,166564,4.9,-3625,-7.5,42,6.1
"20000","5","81141","57","0","2024","1","",59,145,146,159,1582640,1391632,18432,812,"",0.87,0.54,0.54,0.58,0.56,0.48,0.68,1.02,"",-1,-1.7,4,2.8,12,9.0,18,12.8,174867,12.4,130214,10.3,-1743,-8.6,31,4.0
"20000","5","811411","58","0","2024","1","",15,24,26,30,236431,218377,3979,682,"",0.93,0.50,0.53,0.59,0.54,0.46,0.81,1.00,"",-3,-16.7,-8,-25.0,-6,-18.8,-5,-14.3,19683,9.1,10316,5.0,81,2.1,177,35.0
"20000","5","811412","58","0","2024","1","",44,121,120,129,1346209,1173255,14453,840,"",0.85,0.55,0.54,0.58,0.57,0.48,0.65,1.03,"",2,4.8,12,11.0,18,17.6,23,21.7,155184,13.0,119898,11.4,-1824,-11.2,-27,-3.1
"20000","5","81142","57","0","2024","1","",27,97,89,88,796551,741345,9344,671,"",0.93,0.83,0.75,0.75,0.77,0.64,0.89,0.99,"",0,0.0,23,31.1,10,12.7,12,15.8,122491,18.2,128292,20.9,1946,26.3,-8,-1.2
"20000","5","811420","58","0","2024","1","",27,97,89,88,796551,741345,9344,671,"",0.93,0.83,0.75,0.75,0.77,0.64,0.89,0.99,"",0,0.0,23,31.1,10,12.7,12,15.8,122491,18.2,128292,20.9,1946,26.3,-8,-1.2
"20000","5","81143","57","0","2024","1","",6,12,13,12,76879,76879,204,479,"",1.02,0.70,0.75,0.70,0.59,0.50,0.16,0.82,"",0,0.0,-2,-14.3,1,8.3,0,0.0,-594,-0.8,-594,-0.8,-16,-7.3,9,1.9
"20000","5","811430","58","0","2024","1","",6,12,13,12,76879,76879,204,479,"",1.02,0.70,0.75,0.70,0.59,0.50,0.16,0.82,"",0,0.0,-2,-14.3,1,8.3,0,0.0,-594,-0.8,-594,-0.8,-16,-7.3,9,1.9
"20000","5","81149","57","0","2024","1","",56,167,177,180,1628171,1341036,16794,717,"",0.55,0.48,0.50,0.50,0.49,0.39,0.54,0.99,"",0,0.0,-26,-13.5,-16,-8.3,-22,-10.9,-20776,-1.3,-91348,-6.4,-3812,-18.5,70,10.8
"20000","5","811490","58","0","2024","1","",56,167,177,180,1628171,1341036,16794,717,"",0.55,0.48,0.50,0.50,0.49,0.39,0.54,0.99,"",0,0.0,-26,-13.5,-16,-8.3,-22,-10.9,-20776,-1.3,-91348,-6.4,-3812,-18.5,70,10.8
"20000","5","812","55","0","2024","1","",1659,11646,11757,11917,92922252,82762720,839820,607,"",0.76,0.83,0.83,0.84,0.91,0.71,0.80,1.09,"",19,1.2,42,0.4,202,1.7,97,0.8,2860698,3.2,2591506,3.2,-62380,-6.9,13,2.2
"20000","5","8121","56","0","2024","1","",931,5823,5922,6056,45309351,41922709,479005,587,"",0.74,0.87,0.88,0.89,1.05,0.79,1.01,1.20,"",17,1.9,-50,-0.9,58,1.0,0,0.0,1197684,2.7,1048733,2.6,-42323,-8.1,15,2.6
"20000","5","81211","57","0","2024","1","",735,4617,4689,4743,36570627,33968583,366551,601,"",0.75,0.92,0.94,0.94,1.18,0.86,1.09,1.26,"",-3,-0.4,-111,-2.3,-32,-0.7,-75,-1.6,359466,1.0,248110,0.7,-49972,-12.0,15,2.6
"20000","5","812111","58","0","2024","1","",31,196,208,210,2119020,1916177,33674,796,"",0.47,0.63,0.66,0.66,0.92,0.68,1.39,1.43,"",1,3.3,15,8.3,26,14.3,27,14.8,326558,18.2,244348,14.6,2840,9.2,38,5.0
"20000","5","812112","58","0","2024","1","",487,3200,3266,3218,25606918,23393845,186827,610,"",0.76,0.96,0.97,0.95,1.15,0.85,0.86,1.20,"",0,0.0,-152,-4.5,-66,-2.0,-158,-4.7,-274319,-1.1,-350461,-1.5,-44357,-19.2,16,2.7
"20000","5","812113","58","0","2024","1","",217,1221,1215,1315,8844689,8658561,146050,544,"",0.79,0.91,0.92,0.98,1.35,0.95,1.52,1.44,"",-4,-1.8,26,2.2,8,0.7,56,4.4,307227,3.6,354223,4.3,-8455,-5.5,6,1.1
"20000","5","81219","57","0","2024","1","",196,1206,1233,1313,8738724,7954126,112454,537,"",0.71,0.70,0.70,0.75,0.73,0.58,0.81,1.01,"",20,11.4,61,5.3,90,7.9,75,6.1,838218,10.6,800623,11.2,7649,7.3,20,3.9
"20000","5","812191","58","0","2024","1","",11,82,82,79,692195,589070,6288,657,"",0.55,0.83,0.82,0.80,0.65,0.74,0.72,0.80,"",-7,-38.9,-19,-18.8,-9,-9.9,-13,-14.1,24391,3.7,-46440,-7.3,-2513,-28.6,114,21.0
"20000","5","812199","58","0","2024","1","",185,1124,1151,1234,8046529,7365056,106166,529,"",0.72,0.70,0.70,0.74,0.73,0.57,0.81,1.03,"",27,17.1,80,7.7,99,9.4,88,7.7,813827,11.3,847063,13.0,10162,10.6,14,2.7
"20000","5","8122","56","0","2024","1","",216,1352,1347,1364,12923380,10037204,58519,734,"",1.44,1.10,1.09,1.11,1.08,0.88,0.65,0.97,"",-3,-1.4,-61,-4.3,-73,-5.1,-48,-3.4,-165230,-1.3,-129910,-1.3,-4666,-7.4,22,3.1
"20000","5","81221","57","0","2024","1","",183,1229,1225,1238,11511898,8913826,48207,720,"",1.61,1.28,1.28,1.30,1.28,1.02,0.85,0.99,"",-1,-0.5,-48,-3.8,-65,-5.0,-46,-3.6,-94496,-0.8,-80299,-0.9,-3393,-6.6,24,3.4
"20000","5","812210","58","0","2024","1","",183,1229,1225,1238,11511898,8913826,48207,720,"",1.61,1.28,1.28,1.30,1.28,1.02,0.85,0.99,"",-1,-0.5,-48,-3.8,-65,-5.0,-46,-3.6,-94496,-0.8,-80299,-0.9,-3393,-6.6,24,3.4
"20000","5","81222","57","0","2024","1","",33,123,122,126,1411482,1123378,10312,878,"",0.91,0.46,0.45,0.46,0.47,0.42,0.31,1.03,"",-2,-5.7,-13,-9.6,-8,-6.2,-2,-1.6,-70734,-4.8,-49611,-4.2,-1273,-11.0,10,1.2
"20000","5","812220","58","0","2024","1","",33,123,122,126,1411482,1123378,10312,878,"",0.91,0.46,0.45,0.46,0.47,0.42,0.31,1.03,"",-2,-5.7,-13,-9.6,-8,-6.2,-2,-1.6,-70734,-4.8,-49611,-4.2,-1273,-11.0,10,1.2
"20000","5","8123","56","0","2024","1","",153,2096,2105,2091,19999110,17136932,108099,733,"",0.67,0.89,0.89,0.88,1.01,0.77,0.60,1.14,"",-2,-1.3,85,4.2,104,5.2,65,3.2,1147081,6.1,1000601,6.2,-21291,-16.5,12,1.7
"20000","5","81231","57","0","2024","1","",58,274,289,285,1754093,1462716,14055,477,"",0.71,0.78,0.81,0.80,0.90,0.60,0.60,1.14,"",2,3.6,11,4.2,38,15.1,19,7.1,208653,13.5,156056,11.9,681,5.1,20,4.4
"20000","5","812310","58","0","2024","1","",58,274,289,285,1754093,1462716,14055,477,"",0.71,0.78,0.81,0.80,0.90,0.60,0.60,1.14,"",2,3.6,11,4.2,38,15.1,19,7.1,208653,13.5,156056,11.9,681,5.1,20,4.4
"20000","5","81232","57","0","2024","1","",66,559,548,538,3616875,3362331,19035,507,"",0.53,0.67,0.66,0.65,0.72,0.52,0.38,1.09,"",-4,-5.7,-3,-0.5,-8,-1.4,-9,-1.6,72832,2.1,32051,1.0,-3945,-17.2,16,3.3
"20000","5","812320","58","0","2024","1","",66,559,548,538,3616875,3362331,19035,507,"",0.53,0.67,0.66,0.65,0.72,0.52,0.38,1.09,"",-4,-5.7,-3,-0.5,-8,-1.4,-9,-1.6,72832,2.1,32051,1.0,-3945,-17.2,16,3.3
"20000","5","81233","57","0","2024","1","",29,1263,1268,1268,14628142,12311885,75009,889,"",1.24,1.07,1.07,1.06,1.14,0.91,0.70,1.07,"",0,0.0,77,6.5,74,6.2,55,4.5,865596,6.3,812494,7.1,-18027,-19.4,5,0.6
"20000","5","812331","58","0","2024","1","",9,403,406,395,3556984,3184930,18651,682,"",0.76,0.69,0.69,0.67,0.62,0.49,0.35,0.91,"",0,0.0,71,21.4,63,18.4,27,7.3,486610,15.8,424450,15.4,4142,28.5,3,0.4
"20000","5","812332","58","0","2024","1","",20,860,862,873,11071158,9126955,56358,985,"",1.73,1.43,1.43,1.44,1.54,1.31,1.06,1.08,"",0,0.0,6,0.7,11,1.3,28,3.3,378986,3.5,388044,4.4,-22169,-28.2,17,1.8
"20000","5","8129","56","0","2024","1","",359,2375,2383,2406,14690411,13665875,194197,473,"",0.67,0.63,0.63,0.63,0.53,0.46,0.65,0.85,"",7,2.0,68,2.9,113,5.0,80,3.4,681163,4.9,672082,5.2,5900,3.1,5,1.1
"20000","5","81291","57","0","2024","1","",209,1859,1857,1897,10891819,10385586,145679,448,"",0.95,1.09,1.09,1.10,1.10,0.85,1.38,1.00,"",8,4.0,64,3.6,104,5.9,101,5.6,308145,2.9,402427,4.0,121,0.1,-9,-2.0
"20000","5","812910","58","0","2024","1","",209,1859,1857,1897,10891819,10385586,145679,448,"",0.95,1.09,1.09,1.10,1.10,0.85,1.38,1.00,"",8,4.0,64,3.6,104,5.9,101,5.6,308145,2.9,402427,4.0,121,0.1,-9,-2.0
"20000","5","81292","57","0","2024","1","",4,36,37,37,199943,199943,3641,419,"",0.78,0.72,0.73,0.72,0.32,0.39,0.48,0.44,"",1,33.3,-11,-23.4,-10,-21.3,-2,-5.1,-5821,-2.8,-5821,-2.8,1250,52.3,62,17.4
"20000","5","812921","58","0","2024","1","N",3,0,0,0,0,0,0,0,"N",0.73,0,0,0,0,0,0,0,"N",1,50.0,0,0,0,0,0,0,0,0,0,0,0,0,0,0
"20000","5","812922","58","0","2024","1","N",1,0,0,0,0,0,0,0,"N",0.95,0,0,0,0,0,0,0,"N",0,0.0,0,0,0,0,0,0,0,0,0,0,0,0,0,0
"20000","5","81293","57","0","2024","1","",18,128,147,136,984968,900326,8913,553,"",0.28,0.11,0.12,0.11,0.12,0.09,0.09,1.05,"",0,0.0,-6,-4.5,4,2.8,-11,-7.5,63635,6.9,54979,6.5,2971,50.0,52,10.4
"20000","5","812930","58","0","2024","1","",18,128,147,136,984968,900326,8913,553,"",0.28,0.11,0.12,0.11,0.12,0.09,0.09,1.05,"",0,0.0,-6,-4.5,4,2.8,-11,-7.5,63635,6.9,54979,6.5,2971,50.0,52,10.4
"20000","5","81299","57","0","2024","1","",128,352,342,336,2613681,2180020,35964,586,"",0.53,0.42,0.41,0.40,0.29,0.29,0.42,0.72,"",-2,-1.5,21,6.3,15,4.6,-8,-2.3,315204,13.7,220497,11.3,1558,4.5,57,10.8
"20000","5","812990","58","0","2024","1","",128,352,342,336,2613681,2180020,35964,586,"",0.53,0.42,0.41,0.40,0.29,0.29,0.42,0.72,"",-2,-1.5,21,6.3,15,4.6,-8,-2.3,315204,13.7,220497,11.3,1558,4.5,57,10.8
"20000","5","813","55","0","2024","1","",1270,8999,9453,9344,130894982,56438546,575744,1087,"",0.86,0.71,0.73,0.72,0.82,0.58,0.57,1.14,"",25,2.0,-35,-0.4,280,3.1,427,4.8,12215477,10.3,3014885,5.6,22934,4.1,77,7.6
"20000","5","8131","56","0","2024","1","",44,393,403,396,4479413,1153646,13111,867,"",0.21,0.21,0.21,0.21,0.32,0.16,0.16,1.51,"",3,7.3,35,9.8,30,8.0,30,8.2,309880,7.4,-14505,-1.2,-106,-0.8,-10,-1.1
"20000","5","81311","57","0","2024","1","",44,393,403,396,4479413,1153646,13111,867,"",0.21,0.21,0.21,0.21,0.32,0.16,0.16,1.51,"",3,7.3,35,9.8,30,8.0,30,8.2,309880,7.4,-14505,-1.2,-106,-0.8,-10,-1.1
"20000","5","813110","58","0","2024","1","",44,393,403,396,4479413,1153646,13111,867,"",0.21,0.21,0.21,0.21,0.32,0.16,0.16,1.51,"",3,7.3,35,9.8,30,8.0,30,8.2,309880,7.4,-14505,-1.2,-106,-0.8,-10,-1.1
"20000","5","8132","56","0","2024","1","",140,1172,1188,1176,22413738,9621948,118320,1463,"",0.73,0.80,0.80,0.79,0.82,0.69,0.77,1.03,"",4,2.9,99,9.2,97,8.9,89,8.2,2623967,13.3,1194493,14.2,20422,20.9,58,4.1
"20000","5","81321","57","0","2024","1","",140,1172,1188,1176,22413738,9621948,118320,1463,"",0.73,0.80,0.80,0.79,0.82,0.69,0.77,1.03,"",4,2.9,99,9.2,97,8.9,89,8.2,2623967,13.3,1194493,14.2,20422,20.9,58,4.1
"20000","5","813211","58","0","2024","1","",74,811,826,813,15903933,6397426,66455,1498,"",0.76,1.18,1.17,1.15,1.10,0.86,0.90,0.94,"",5,7.2,51,6.7,50,6.4,41,5.3,1433069,9.9,540323,9.2,3581,5.7,51,3.5
"20000","5","813212","58","0","2024","1","",36,141,142,143,3019036,1020016,18057,1635,"",0.84,0.39,0.38,0.39,0.45,0.31,0.43,1.17,"",-1,-2.7,-4,-2.8,-4,-2.7,-2,-1.4,135787,4.7,61361,6.4,-84,-0.5,109,7.1
"20000","5","813219","58","0","2024","1","",30,220,220,220,3490769,2204506,33808,1221,"",0.59,0.54,0.53,0.53,0.56,0.69,0.91,1.05,"",0,0.0,52,31.0,51,30.2,50,29.4,1055111,43.3,592809,36.8,16925,100.2,112,10.1
"20000","5","8133","56","0","2024","1","",205,1174,1180,1196,15310716,10227783,151224,995,"",0.68,0.50,0.49,0.49,0.48,0.46,0.60,0.97,"",8,4.1,60,5.4,66,5.9,84,7.6,1352048,9.7,563624,5.8,-216,-0.1,31,3.2
"20000","5","81331","57","0","2024","1","",205,1174,1180,1196,15310716,10227783,151224,995,"",0.68,0.50,0.49,0.49,0.48,0.46,0.60,0.97,"",8,4.1,60,5.4,66,5.9,84,7.6,1352048,9.7,563624,5.8,-216,-0.1,31,3.2
"20000","5","813311","58","0","2024","1","",66,332,338,343,4302713,2806663,41043,980,"",1.15,0.64,0.64,0.65,0.60,0.58,0.73,0.94,"",7,11.9,52,18.6,61,22.0,62,22.1,658609,18.1,449185,19.1,8280,25.3,-24,-2.4
"20000","5","813312","58","0","2024","1","",48,392,383,399,4100122,2612367,29397,806,"",0.61,0.56,0.54,0.56,0.44,0.43,0.51,0.79,"",2,4.3,36,10.1,25,7.0,34,9.3,390301,10.5,262188,11.2,2152,7.9,13,1.6
"20000","5","813319","58","0","2024","1","",91,450,459,454,6907881,4808753,80784,1170,"",0.55,0.39,0.39,0.38,0.44,0.42,0.58,1.14,"",-1,-1.1,-28,-5.9,-20,-4.2,-12,-2.6,303138,4.6,-147749,-3.0,-10648,-11.6,99,9.2
"20000","5","8134","56","0","2024","1","",241,2434,2776,2798,14906091,5920226,38018,430,"",1.04,0.78,0.87,0.87,0.79,0.54,0.34,0.94,"",-9,-3.6,-399,-14.1,-91,-3.2,-33,-1.2,510516,3.5,-79571,-1.3,-4554,-10.7,41,10.5
"20000","5","81341","57","0","2024","1","",241,2434,2776,2798,14906091,5920226,38018,430,"",1.04,0.78,0.87,0.87,0.79,0.54,0.34,0.94,"",-9,-3.6,-399,-14.1,-91,-3.2,-33,-1.2,510516,3.5,-79571,-1.3,-4554,-10.7,41,10.5
"20000","5","813410","58","0","2024","1","",241,2434,2776,2798,14906091,5920226,38018,430,"",1.04,0.78,0.87,0.87,0.79,0.54,0.34,0.94,"",-9,-3.6,-399,-14.1,-91,-3.2,-33,-1.2,510516,3.5,-79571,-1.3,-4554,-10.7,41,10.5
"20000","5","8139","56","0","2024","1","",640,3826,3906,3778,73785024,29514943,255071,1479,"",1.18,0.98,0.99,0.96,1.09,0.68,0.63,1.12,"",19,3.1,170,4.6,178,4.8,257,7.3,7419066,11.2,1350844,4.8,7388,3.0,75,5.3
"20000","5","81391","57","0","2024","1","",348,1123,1130,1082,24859314,12644881,105254,1720,"",1.95,1.05,1.04,1.00,1.03,0.90,0.86,1.00,"",8,2.4,64,6.0,64,6.0,16,1.5,3244421,15.0,752867,6.3,4211,4.2,157,10.0
"20000","5","813910","58","0","2024","1","",348,1123,1130,1082,24859314,12644881,105254,1720,"",1.95,1.05,1.04,1.00,1.03,0.90,0.86,1.00,"",8,2.4,64,6.0,64,6.0,16,1.5,3244421,15.0,752867,6.3,4211,4.2,157,10.0
"20000","5","81392","57","0","2024","1","",128,915,922,919,21616305,11797342,107461,1810,"",1.29,1.11,1.11,1.11,1.11,1.20,1.15,1.00,"",5,4.1,25,2.8,4,0.4,1,0.1,1311489,6.5,177569,1.5,-595,-0.6,91,5.3
"20000","5","813920","58","0","2024","1","",128,915,922,919,21616305,11797342,107461,1810,"",1.29,1.11,1.11,1.11,1.11,1.20,1.15,1.00,"",5,4.1,25,2.8,4,0.4,1,0.1,1311489,6.5,177569,1.5,-595,-0.6,91,5.3
"20000","5","81393","57","0","2024","1","",91,530,525,546,4203336,2762418,24800,606,"",0.86,0.56,0.54,0.56,0.38,0.31,0.29,0.68,"",-2,-2.2,32,6.4,41,8.5,28,5.4,193567,4.8,14188,0.5,444,1.8,-11,-1.8
"20000","5","813930","58","0","2024","1","",91,530,525,546,4203336,2762418,24800,606,"",0.86,0.56,0.54,0.56,0.38,0.31,0.29,0.68,"",-2,-2.2,32,6.4,41,8.5,28,5.4,193567,4.8,14188,0.5,444,1.8,-11,-1.8
"20000","5","81394","57","0","2024","1","",23,28,27,31,359504,233640,5704,965,"",0.74,0.30,0.27,0.30,0.25,0.22,0.37,0.86,"",5,27.8,6,27.3,4,17.4,8,34.8,106251,42.0,22829,10.8,1272,28.7,106,12.3
"20000","5","813940","58","0","2024","1","",23,28,27,31,359504,233640,5704,965,"",0.74,0.30,0.27,0.30,0.25,0.22,0.37,0.86,"",5,27.8,6,27.3,4,17.4,8,34.8,106251,42.0,22829,10.8,1272,28.7,106,12.3
"20000","5","81399","57","0","2024","1","",50,1230,1302,1200,22746565,2076662,11852,1407,"",0.39,1.29,1.34,1.25,2.00,0.22,0.13,1.54,"",3,6.4,43,3.6,65,5.3,204,20.5,2563338,12.7,383391,22.6,2056,21.0,45,3.3
"20000","5","813990","58","0","2024","1","",50,1230,1302,1200,22746565,2076662,11852,1407,"",0.39,1.29,1.34,1.25,2.00,0.22,0.13,1.54,"",3,6.4,43,3.6,65,5.3,204,20.5,2563338,12.7,383391,22.6,2056,21.0,45,3.3
"20000","5","814","55","0","2024","1","",971,1022,1039,1004,7296647,6779144,124687,549,"",0.62,0.54,0.54,0.52,0.47,0.41,0.67,0.88,"",26,2.8,-33,-3.1,-33,-3.1,-32,-3.1,151958,2.1,116990,1.8,-1934,-1.5,28,5.4
"20000","5","8141","56","0","2024","1","",971,1022,1039,1004,7296647,6779144,124687,549,"",0.62,0.54,0.54,0.52,0.47,0.41,0.67,0.88,"",26,2.8,-33,-3.1,-33,-3.1,-32,-3.1,151958,2.1,116990,1.8,-1934,-1.5,28,5.4
"20000","5","81411","57","0","2024","1","",971,1022,1039,1004,7296647,6779144,124687,549,"",0.62,0.54,0.54,0.52,0.47,0.41,0.67,0.88,"",26,2.8,-33,-3.1,-33,-3.1,-32,-3.1,151958,2.1,116990,1.8,-1934,-1.5,28,5.4
"20000","5","814110","58","0","2024","1","",971,1022,1039,1004,7296647,6779144,124687,549,"",0.62,0.54,0.54,0.52,0.47,0.41,0.67,0.88,"",26,2.8,-33,-3.1,-33,-3.1,-32,-3.1,151958,2.1,116990,1.8,-1934,-1.5,28,5.4
"20000","5","99","54","0","2024","1","-",0,0,0,0,0,0,0,0,"N",0.00,0,0,0,0,0,0,0,"N",0,0.0,0,0,0,0,0,0,0,0,0,0,0,0,0,0
"20000","5","999","55","0","2024","1","-",0,0,0,0,0,0,0,0,"N",0.00,0,0,0,0,0,0,0,"N",0,0.0,0,0,0,0,0,0,0,0,0,0,0,0,0,0
"20000","5","9999","56","0","2024","1","-",0,0,0,0,0,0,0,0,"N",0.00,0,0,0,0,0,0,0,"N",0,0.0,0,0,0,0,0,0,0,0,0,0,0,0,0,0
"20000","5","99999","57","0","2024","1","-",0,0,0,0,0,0,0,0,"N",0.00,0,0,0,0,0,0,0,"N",0,0.0,0,0,0,0,0,0,0,0,0,0,0,0,0,0
"20000","5","999999","58","0","2024","1","-",0,0,0,0,0,0,0,0,"N",0.00,0,0,0,0,0,0,0,"N",0,0.0,0,0,0,0,0,0,0,0,0,0,0,0,0,0
"20000","8","10","96","0","2024","1","",5017,244605,247890,249044,3299826826,1887218597,2458196,1027,"",1.98,1.19,1.19,1.19,1.12,10.89,3.53,0.94,"",91,1.8,2982,1.2,3862,1.6,4603,1.9,218965754,7.1,107296566,6.0,-136494,-5.3,53,5.4
