"area_fips","own_code","industry_code","agglvl_code","size_code","year","qtr","disclosure_code","qtrly_estabs","month1_emplvl","month2_emplvl","month3_emplvl","total_qtrly_wages","taxable_qtrly_wages","qtrly_contributions","avg_wkly_wage","lq_disclosure_code","lq_qtrly_estabs","lq_month1_emplvl","lq_month2_emplvl","lq_month3_emplvl","lq_total_qtrly_wages","lq_taxable_qtrly_wages","lq_qtrly_contributions","lq_avg_wkly_wage","oty_disclosure_code","oty_qtrly_estabs_chg","oty_qtrly_estabs_pct_chg","oty_month1_emplvl_chg","oty_month1_emplvl_pct_chg","oty_month2_emplvl_chg","oty_month2_emplvl_pct_chg","oty_month3_emplvl_chg","oty_month3_emplvl_pct_chg","oty_total_qtrly_wages_chg","oty_total_qtrly_wages_pct_chg","oty_taxable_qtrly_wages_chg","oty_taxable_qtrly_wages_pct_chg","oty_qtrly_contributions_chg","oty_qtrly_contributions_pct_chg","oty_avg_wkly_wage_chg","oty_avg_wkly_wage_pct_chg"
"20000","0","10","50","0","2021","1","",88227,1325299,1321314,1336762,16980145490,10659207328,176047432,984,"",1.00,1.00,1.00,1.00,1.00,1.00,1.00,1.00,"",2151,2.5,-54984,-4.0,-62669,-4.5,-43912,-3.2,-415295092,-2.4,-294917376,-2.7,26817576,18.0,16,1.7
"20000","1","10","51","0","2021","1","",1217,25749,25625,25644,435526768,0,0,1305,"",2.40,0.94,0.94,0.94,1.02,0.00,0.00,1.08,"",0,0.0,190,0.7,38,0.1,-180,-0.7,11240271,2.6,0,0.0,0,0.0,33,2.6
"20000","1","102","52","0","2021","1","",1217,25749,25625,25644,435526768,0,0,1305,"",2.40,0.96,0.96,0.96,1.04,0.00,0.00,1.08,"",0,0.0,190,0.7,38,0.1,-180,-0.7,11240271,2.6,0,0.0,0,0.0,33,2.6
"20000","1","1021","53","0","2021","1","",598,6667,6670,6684,90374977,0,0,1042,"",2.38,1.04,1.04,1.05,1.19,0.00,0.00,1.14,"",0,0.0,5,0.1,36,0.5,56,0.8,5198601,6.1,0,0.0,0,0.0,55,5.6
"20000","1","1022","53","0","2021","1","",3,62,68,67,820664,0,0,961,"",2.81,0.98,1.10,1.08,0.87,0.00,0.00,0.83,"",0,0.0,-12,-16.2,-4,-5.6,-5,-6.9,-69980,-7.9,0,0.0,0,0.0,18,1.9
"20000","1","1023","53","0","2021","1","",8,99,100,99,2231933,0,0,1728,"",1.26,0.83,0.85,0.85,0.82,0.00,0.00,0.96,"",0,0.0,8,8.8,6,6.4,6,6.5,107457,5.1,0,0.0,0,0.0,-36,-2.0
"20000","1","1024","53","0","2021","1","",32,256,256,258,4981322,0,0,1493,"",2.65,0.39,0.39,0.39,0.46,0.00,0.00,1.19,"",1,3.2,-3,-1.2,0,0.0,0,0.0,151029,3.1,0,0.0,0,0.0,51,3.5
"20000","1","1025","53","0","2021","1","",28,5894,5875,5840,101195862,0,0,1326,"",2.42,1.43,1.44,1.42,1.58,0.00,0.00,1.10,"",0,0.0,102,1.8,39,0.7,-35,-0.6,1330186,1.3,0,0.0,0,0.0,9,0.7
"20000","1","1026","53","0","2021","1","",18,210,194,192,1514486,0,0,586,"",1.44,0.53,0.49,0.48,0.39,0.00,0.00,0.78,"",-1,-5.3,-33,-13.6,-59,-23.3,-70,-26.7,-73001,-4.6,0,0.0,0,0.0,103,21.3
"20000","1","1027","53","0","2021","1","",2,22,22,22,309108,0,0,1081,"",1.52,0.48,0.49,0.48,0.66,0.00,0.00,1.35,"",0,0.0,2,10.0,2,10.0,3,15.8,22613,7.9,0,0.0,0,0.0,-40,-3.6
"20000","1","1028","53","0","2021","1","",528,12539,12440,12482,234098416,0,0,1442,"",2.50,0.83,0.83,0.83,0.90,0.00,0.00,1.08,"",0,0.0,121,1.0,18,0.1,-135,-1.1,4573366,2.0,0,0.0,0,0.0,28,2.0
"20000","1","44-45","54","0","2021","1","",8,154,151,159,1470338,0,0,731,"",1.43,0.37,0.37,0.39,0.60,0.00,0.00,1.58,"",2,33.3,-7,-4.3,-7,-4.4,1,0.6,-7527,-0.5,0,0.0,0,0.0,16,2.2
"20000","1","441","55","0","2021","1","",1,0,0,0,0,0,0,0,"",3.02,0.00,0.00,0.00,0.00,0.00,0.00,0.00,"",0,0.0,-1,-100.0,-1,-100.0,-1,-100.0,-1753,-100.0,0,0.0,0,0.0,-135,-100.0
"20000","1","4413","56","0","2021","1","",1,0,0,0,0,0,0,0,"",3.02,0.00,0.00,0.00,0.00,0.00,0.00,0.00,"",0,0.0,-1,-100.0,-1,-100.0,-1,-100.0,-1753,-100.0,0,0.0,0,0.0,-135,-100.0
"20000","1","44131","57","0","2021","1","",1,0,0,0,0,0,0,0,"",3.02,0.00,0.00,0.00,0.00,0.00,0.00,0.00,"",0,0.0,-1,-100.0,-1,-100.0,-1,-100.0,-1753,-100.0,0,0.0,0,0.0,-135,-100.0
"20000","1","441310","58","0","2021","1","",1,0,0,0,0,0,0,0,"",3.02,0.00,0.00,0.00,0.00,0.00,0.00,0.00,"",0,0.0,-1,-100.0,-1,-100.0,-1,-100.0,-1753,-100.0,0,0.0,0,0.0,-135,-100.0
"20000","1","442","55","0","2021","1","",1,3,3,3,18328,0,0,470,"",2.24,1.37,1.40,1.37,1.81,0.00,0.00,1.31,"",0,0.0,0,0.0,0,0.0,0,0.0,-8125,-30.7,0,0.0,0,0.0,-208,-30.7
"20000","1","4422","56","0","2021","1","",1,3,3,3,18328,0,0,470,"",2.28,1.61,1.65,1.61,2.01,0.00,0.00,1.24,"",0,0.0,0,0.0,0,0.0,0,0.0,-8125,-30.7,0,0.0,0,0.0,-208,-30.7
"20000","1","44229","57","0","2021","1","",1,3,3,3,18328,0,0,470,"",2.28,1.61,1.65,1.61,2.01,0.00,0.00,1.24,"",0,0.0,0,0.0,0,0.0,0,0.0,-8125,-30.7,0,0.0,0,0.0,-208,-30.7
"20000","1","442299","58","0","2021","1","",1,3,3,3,18328,0,0,470,"",2.28,1.61,1.65,1.61,2.01,0.00,0.00,1.24,"",0,0.0,0,0.0,0,0.0,0,0.0,-8125,-30.7,0,0.0,0,0.0,-208,-30.7
"20000","1","445","55","0","2021","1","",4,149,146,154,1440199,0,0,740,"",2.43,1.42,1.41,1.48,1.79,0.00,0.00,1.25,"",1,33.3,-6,-3.9,-6,-3.9,2,1.3,1949,0.1,0,0.0,0,0.0,17,2.4
"20000","1","4451","56","0","2021","1","",4,149,146,154,1440199,0,0,740,"",2.43,1.42,1.41,1.48,1.79,0.00,0.00,1.25,"",1,33.3,-6,-3.9,-6,-3.9,2,1.3,1949,0.1,0,0.0,0,0.0,17,2.4
"20000","1","44511","57","0","2021","1","",4,149,146,154,1440199,0,0,740,"",2.78,1.51,1.49,1.58,1.87,0.00,0.00,1.22,"",1,33.3,-6,-3.9,-6,-3.9,2,1.3,1949,0.1,0,0.0,0,0.0,17,2.4
"20000","1","445110","58","0","2021","1","",4,149,146,154,1440199,0,0,740,"",2.78,1.51,1.49,1.58,1.87,0.00,0.00,1.22,"",1,33.3,-6,-3.9,-6,-3.9,2,1.3,1949,0.1,0,0.0,0,0.0,17,2.4
"20000","1","451","55","0","2021","1","",1,2,2,2,11811,0,0,454,"",2.68,1.97,1.57,1.41,2.37,0.00,0.00,1.46,"N",1,100.0,0,0,0,0,0,0,0,0,0,0,0,0,0,0
"20000","1","4511","56","0","2021","1","",1,2,2,2,11811,0,0,454,"",2.74,1.99,1.59,1.42,2.46,0.00,0.00,1.51,"N",1,100.0,0,0,0,0,0,0,0,0,0,0,0,0,0,0
"20000","1","45111","57","0","2021","1","",1,2,2,2,11811,0,0,454,"",2.88,2.03,1.61,1.44,2.52,0.00,0.00,1.52,"N",1,100.0,0,0,0,0,0,0,0,0,0,0,0,0,0,0
"20000","1","451110","58","0","2021","1","",1,2,2,2,11811,0,0,454,"",2.88,2.03,1.61,1.44,2.52,0.00,0.00,1.52,"N",1,100.0,0,0,0,0,0,0,0,0,0,0,0,0,0,0
"20000","1","453","55","0","2021","1","",1,0,0,0,0,0,0,0,"",5.75,0.00,0.00,0.00,0.00,0.00,0.00,0.00,"",0,0.0,-2,-100.0,-2,-100.0,-2,-100.0,-11409,-100.0,0,0.0,0,0.0,-439,-100.0
"20000","1","4539","56","0","2021","1","",1,0,0,0,0,0,0,0,"",6.36,0.00,0.00,0.00,0.00,0.00,0.00,0.00,"",0,0.0,-2,-100.0,-2,-100.0,-2,-100.0,-11409,-100.0,0,0.0,0,0.0,-439,-100.0
"20000","1","45399","57","0","2021","1","",1,0,0,0,0,0,0,0,"",6.36,0.00,0.00,0.00,0.00,0.00,0.00,0.00,"",0,0.0,-2,-100.0,-2,-100.0,-2,-100.0,-11409,-100.0,0,0.0,0,0.0,-439,-100.0
"20000","1","453998","58","0","2021","1","",1,0,0,0,0,0,0,0,"",6.36,0.00,0.00,0.00,0.00,0.00,0.00,0.00,"",0,0.0,-2,-100.0,-2,-100.0,-2,-100.0,-11409,-100.0,0,0.0,0,0.0,-439,-100.0
"20000","1","48-49","54","0","2021","1","",590,6513,6519,6525,88904639,0,0,1049,"",2.42,1.11,1.11,1.11,1.26,0.00,0.00,1.13,"",-2,-0.3,12,0.2,43,0.7,55,0.9,5206128,6.2,0,0.0,0,0.0,56,5.6
"20000","1","481","55","0","2021","1","",2,7,5,5,79420,0,0,1078,"",60.39,38.48,31.03,32.87,55.11,0.00,0.00,1.60,"",0,0.0,0,0.0,-2,-28.6,-1,-16.7,-8985,-10.2,0,0.0,0,0.0,58,5.7
"20000","1","4812","56","0","2021","1","",2,7,5,5,79420,0,0,1078,"",60.39,38.48,31.03,32.87,55.11,0.00,0.00,1.60,"",0,0.0,0,0.0,-2,-28.6,-1,-16.7,-8985,-10.2,0,0.0,0,0.0,58,5.7
"20000","1","48121","57","0","2021","1","",2,7,5,5,79420,0,0,1078,"",60.39,38.48,31.03,32.87,55.11,0.00,0.00,1.60,"",0,0.0,0,0.0,-2,-28.6,-1,-16.7,-8985,-10.2,0,0.0,0,0.0,58,5.7
"20000","1","481219","58","0","2021","1","",2,7,5,5,79420,0,0,1078,"",60.39,38.48,31.03,32.87,55.11,0.00,0.00,1.60,"",0,0.0,0,0.0,-2,-28.6,-1,-16.7,-8985,-10.2,0,0.0,0,0.0,58,5.7
"20000","1","487","55","0","2021","1","",2,108,99,102,956370,0,0,714,"",120.77,104.45,105.49,105.17,137.55,0.00,0.00,1.31,"",0,0.0,-7,-6.1,-23,-18.9,-22,-17.7,-102896,-9.7,0,0.0,0,0.0,37,5.5
"20000","1","4879","56","0","2021","1","",2,108,99,102,956370,0,0,714,"",120.77,104.45,105.49,105.17,137.55,0.00,0.00,1.31,"",0,0.0,-7,-6.1,-23,-18.9,-22,-17.7,-102896,-9.7,0,0.0,0,0.0,37,5.5
"20000","1","48799","57","0","2021","1","",2,108,99,102,956370,0,0,714,"",120.77,104.45,105.49,105.17,137.55,0.00,0.00,1.31,"",0,0.0,-7,-6.1,-23,-18.9,-22,-17.7,-102896,-9.7,0,0.0,0,0.0,37,5.5
"20000","1","487990","58","0","2021","1","",2,108,99,102,956370,0,0,714,"",120.77,104.45,105.49,105.17,137.55,0.00,0.00,1.31,"",0,0.0,-7,-6.1,-23,-18.9,-22,-17.7,-102896,-9.7,0,0.0,0,0.0,37,5.5
"20000","1","488","55","0","2021","1","",4,11,10,10,189636,0,0,1412,"",3.04,0.10,0.09,0.09,0.07,0.00,0.00,0.71,"",0,0.0,-2,-15.4,-2,-16.7,-2,-16.7,-67110,-26.1,0,0.0,0,0.0,-189,-11.8
"20000","1","4881","56","0","2021","1","",4,11,10,10,189636,0,0,1412,"",3.04,0.10,0.09,0.09,0.07,0.00,0.00,0.71,"",0,0.0,-2,-15.4,-2,-16.7,-2,-16.7,-67110,-26.1,0,0.0,0,0.0,-189,-11.8
"20000","1","48811","57","0","2021","1","",4,11,10,10,189636,0,0,1412,"",3.04,0.10,0.09,0.09,0.07,0.00,0.00,0.71,"",0,0.0,-2,-15.4,-2,-16.7,-2,-16.7,-67110,-26.1,0,0.0,0,0.0,-189,-11.8
"20000","1","488111","58","0","2021","1","",4,11,10,10,189636,0,0,1412,"",3.06,0.10,0.09,0.09,0.07,0.00,0.00,0.71,"",0,0.0,-2,-15.4,-2,-16.7,-2,-16.7,-67110,-26.1,0,0.0,0,0.0,-189,-11.8
"20000","1","491","55","0","2021","1","",582,6387,6405,6408,87679213,0,0,1054,"",2.40,1.11,1.11,1.12,1.29,0.00,0.00,1.16,"",-2,-0.3,21,0.3,70,1.1,80,1.3,5385119,6.5,0,0.0,0,0.0,56,5.6
"20000","1","4911","56","0","2021","1","",582,6387,6405,6408,87679213,0,0,1054,"",2.40,1.11,1.11,1.12,1.29,0.00,0.00,1.16,"",-2,-0.3,21,0.3,70,1.1,80,1.3,5385119,6.5,0,0.0,0,0.0,56,5.6
"20000","1","49111","57","0","2021","1","",582,6387,6405,6408,87679213,0,0,1054,"",2.40,1.11,1.11,1.12,1.29,0.00,0.00,1.16,"",-2,-0.3,21,0.3,70,1.1,80,1.3,5385119,6.5,0,0.0,0,0.0,56,5.6
"20000","1","491110","58","0","2021","1","",582,6387,6405,6408,87679213,0,0,1054,"",2.40,1.11,1.11,1.12,1.29,0.00,0.00,1.16,"",-2,-0.3,21,0.3,70,1.1,80,1.3,5385119,6.5,0,0.0,0,0.0,56,5.6
"20000","1","51","54","0","2021","1","",3,62,68,67,820664,0,0,961,"",2.81,0.98,1.10,1.08,0.87,0.00,0.00,0.83,"",0,0.0,-12,-16.2,-4,-5.6,-5,-6.9,-69980,-7.9,0,0.0,0,0.0,18,1.9
"20000","1","519","55","0","2021","1","",3,62,68,67,820664,0,0,961,"",3.21,1.27,1.42,1.39,1.05,0.00,0.00,0.77,"",0,0.0,-12,-16.2,-4,-5.6,-5,-6.9,-69980,-7.9,0,0.0,0,0.0,18,1.9
"20000","1","5191","56","0","2021","1","",3,62,68,67,820664,0,0,961,"",3.21,1.27,1.42,1.39,1.05,0.00,0.00,0.77,"",0,0.0,-12,-16.2,-4,-5.6,-5,-6.9,-69980,-7.9,0,0.0,0,0.0,18,1.9
"20000","1","51912","57","0","2021","1","",3,62,68,67,820664,0,0,961,"",3.26,1.27,1.42,1.39,1.05,0.00,0.00,0.77,"",0,0.0,-12,-16.2,-4,-5.6,-5,-6.9,-69980,-7.9,0,0.0,0,0.0,18,1.9
"20000","1","519120","58","0","2021","1","",3,62,68,67,820664,0,0,961,"",3.26,1.27,1.42,1.39,1.05,0.00,0.00,0.77,"",0,0.0,-12,-16.2,-4,-5.6,-5,-6.9,-69980,-7.9,0,0.0,0,0.0,18,1.9
"20000","1","52","54","0","2021","1","",8,99,100,99,2231933,0,0,1728,"",1.27,0.83,0.86,0.86,0.82,0.00,0.00,0.96,"",0,0.0,8,8.8,6,6.4,6,6.5,107457,5.1,0,0.0,0,0.0,-36,-2.0
"20000","1","522","55","0","2021","1","",6,57,56,56,1095359,0,0,1496,"",1.16,1.02,1.01,1.02,1.11,0.00,0.00,1.09,"",0,0.0,8,16.3,4,7.7,5,9.8,32116,3.0,0,0.0,0,0.0,-118,-7.3
"20000","1","5222","56","0","2021","1","",6,57,56,56,1095359,0,0,1496,"",1.16,1.02,1.01,1.02,1.11,0.00,0.00,1.09,"",0,0.0,8,16.3,4,7.7,5,9.8,32116,3.0,0,0.0,0,0.0,-118,-7.3
"20000","1","52229","57","0","2021","1","",6,57,56,56,1095359,0,0,1496,"",1.16,1.02,1.01,1.02,1.11,0.00,0.00,1.09,"",0,0.0,8,16.3,4,7.7,5,9.8,32116,3.0,0,0.0,0,0.0,-118,-7.3
"20000","1","522292","58","0","2021","1","",4,52,51,51,970911,0,0,1455,"",1.68,1.96,1.94,1.96,2.59,0.00,0.00,1.32,"",0,0.0,7,15.6,3,6.2,4,8.5,36965,4.0,0,0.0,0,0.0,-84,-5.5
"20000","1","522298","58","0","2021","1","",2,5,5,5,124448,0,0,1915,"",0.85,0.22,0.23,0.23,0.26,0.00,0.00,1.13,"",0,0.0,1,25.0,1,25.0,1,25.0,-4849,-3.8,0,0.0,0,0.0,-571,-23.0
"20000","1","524","55","0","2021","1","",2,42,44,43,1136574,0,0,2033,"",1.87,0.68,0.73,0.71,0.65,0.00,0.00,0.93,"",0,0.0,0,0.0,2,4.8,1,2.4,75341,7.1,0,0.0,0,0.0,89,4.6
"20000","1","5241","56","0","2021","1","",2,42,44,43,1136574,0,0,2033,"",2.37,0.71,0.77,0.75,0.67,0.00,0.00,0.91,"",0,0.0,0,0.0,2,4.8,1,2.4,75341,7.1,0,0.0,0,0.0,89,4.6
"20000","1","52412","57","0","2021","1","",2,42,44,43,1136574,0,0,2033,"",2.37,0.71,0.77,0.75,0.67,0.00,0.00,0.91,"",0,0.0,0,0.0,2,4.8,1,2.4,75341,7.1,0,0.0,0,0.0,89,4.6
"20000","1","524128","58","0","2021","1","",2,42,44,43,1136574,0,0,2033,"",2.42,0.72,0.77,0.75,0.68,0.00,0.00,0.91,"",0,0.0,0,0.0,2,4.8,1,2.4,75341,7.1,0,0.0,0,0.0,89,4.6
"20000","1","54","54","0","2021","1","",28,252,252,254,4958798,0,0,1510,"",2.59,0.39,0.39,0.40,0.47,0.00,0.00,1.19,"",1,3.7,1,0.4,3,1.2,4,1.6,171685,3.6,0,0.0,0,0.0,37,2.5
"20000","1","541","55","0","2021","1","",28,252,252,254,4958798,0,0,1510,"",2.59,0.39,0.39,0.40,0.47,0.00,0.00,1.19,"",1,3.7,1,0.4,3,1.2,4,1.6,171685,3.6,0,0.0,0,0.0,37,2.5
"20000","1","5412","56","0","2021","1","",2,9,9,9,120856,0,0,1033,"",3.31,1.23,1.24,1.26,1.55,0.00,0.00,1.25,"",0,0.0,0,0.0,0,0.0,0,0.0,-8891,-6.9,0,0.0,0,0.0,-76,-6.9
"20000","1","54121","57","0","2021","1","",2,9,9,9,120856,0,0,1033,"",3.31,1.23,1.24,1.26,1.55,0.00,0.00,1.25,"",0,0.0,0,0.0,0,0.0,0,0.0,-8891,-6.9,0,0.0,0,0.0,-76,-6.9
"20000","1","541219","58","0","2021","1","",2,9,9,9,120856,0,0,1033,"",3.45,1.55,1.57,1.59,1.72,0.00,0.00,1.10,"",0,0.0,0,0.0,0,0.0,0,0.0,-8891,-6.9,0,0.0,0,0.0,-76,-6.9
"20000","1","5413","56","0","2021","1","",18,147,148,150,2566404,0,0,1331,"",2.74,0.29,0.29,0.29,0.32,0.00,0.00,1.10,"",1,5.9,2,1.4,5,3.5,6,4.2,145817,6.0,0,0.0,0,0.0,38,2.9
"20000","1","54133","57","0","2021","1","",18,147,148,150,2566404,0,0,1331,"",2.76,0.30,0.31,0.31,0.33,0.00,0.00,1.09,"",1,5.9,2,1.4,5,3.5,6,4.2,145817,6.0,0,0.0,0,0.0,38,2.9
"20000","1","541330","58","0","2021","1","",18,147,148,150,2566404,0,0,1331,"",2.76,0.30,0.31,0.31,0.33,0.00,0.00,1.09,"",1,5.9,2,1.4,5,3.5,6,4.2,145817,6.0,0,0.0,0,0.0,38,2.9
"20000","1","5415","56","0","2021","1","",2,5,5,5,78809,0,0,1212,"",3.66,3.07,3.12,3.08,3.94,0.00,0.00,1.27,"",0,0.0,0,0.0,0,0.0,0,0.0,1787,2.3,0,0.0,0,0.0,27,2.3
"20000","1","54151","57","0","2021","1","",2,5,5,5,78809,0,0,1212,"",3.66,3.07,3.12,3.08,3.94,0.00,0.00,1.27,"",0,0.0,0,0.0,0,0.0,0,0.0,1787,2.3,0,0.0,0,0.0,27,2.3
"20000","1","541513","58","0","2021","1","",2,5,5,5,78809,0,0,1212,"",5.75,4.32,4.40,4.38,4.90,0.00,0.00,1.12,"",0,0.0,0,0.0,0,0.0,0,0.0,1787,2.3,0,0.0,0,0.0,27,2.3
"20000","1","5417","56","0","2021","1","",1,2,2,2,47802,0,0,1839,"",1.17,0.03,0.03,0.03,0.03,0.00,0.00,1.13,"",0,0.0,0,0.0,0,0.0,0,0.0,304,0.6,0,0.0,0,0.0,12,0.7
"20000","1","54171","57","0","2021","1","",1,2,2,2,47802,0,0,1839,"",1.18,0.03,0.03,0.03,0.03,0.00,0.00,1.13,"",0,0.0,0,0.0,0,0.0,0,0.0,304,0.6,0,0.0,0,0.0,12,0.7
"20000","1","541715","58","0","2021","1","",1,2,2,2,47802,0,0,1839,"",1.40,0.04,0.04,0.04,0.05,0.00,0.00,1.07,"",0,0.0,0,0.0,0,0.0,0,0.0,304,0.6,0,0.0,0,0.0,12,0.7
"20000","1","5419","56","0","2021","1","",5,89,88,88,2144927,0,0,1868,"",3.77,1.96,1.95,1.94,2.55,0.00,0.00,1.31,"",0,0.0,-1,-1.1,-2,-2.2,-2,-2.2,32668,1.5,0,0.0,0,0.0,63,3.5
"20000","1","54199","57","0","2021","1","",5,89,88,88,2144927,0,0,1868,"",3.82,2.15,2.16,2.15,2.63,0.00,0.00,1.22,"",0,0.0,-1,-1.1,-2,-2.2,-2,-2.2,32668,1.5,0,0.0,0,0.0,63,3.5
"20000","1","541990","58","0","2021","1","",5,89,88,88,2144927,0,0,1868,"",3.82,2.15,2.16,2.15,2.63,0.00,0.00,1.22,"",0,0.0,-1,-1.1,-2,-2.2,-2,-2.2,32668,1.5,0,0.0,0,0.0,63,3.5
"20000","1","56","54","0","2021","1","",4,4,4,4,22524,0,0,433,"",3.10,0.25,0.25,0.25,0.18,0.00,0.00,0.70,"",0,0.0,-4,-50.0,-3,-42.9,-4,-50.0,-20656,-47.8,0,0.0,0,0.0,0,0.0
"20000","1","561","55","0","2021","1","",4,4,4,4,22524,0,0,433,"",3.55,0.27,0.27,0.27,0.19,0.00,0.00,0.69,"",0,0.0,-4,-50.0,-3,-42.9,-4,-50.0,-20656,-47.8,0,0.0,0,0.0,0,0.0
"20000","1","5611","56","0","2021","1","",1,1,1,1,2820,0,0,217,"",10.98,0.28,0.29,0.29,0.08,0.00,0.00,0.29,"",0,0.0,0,0.0,0,0.0,0,0.0,-718,-20.3,0,0.0,0,0.0,-55,-20.2
"20000","1","56111","57","0","2021","1","",1,1,1,1,2820,0,0,217,"",10.98,0.28,0.29,0.29,0.08,0.00,0.00,0.29,"",0,0.0,0,0.0,0,0.0,0,0.0,-718,-20.3,0,0.0,0,0.0,-55,-20.2
"20000","1","561110","58","0","2021","1","",1,1,1,1,2820,0,0,217,"",10.98,0.28,0.29,0.29,0.08,0.00,0.00,0.29,"",0,0.0,0,0.0,0,0.0,0,0.0,-718,-20.3,0,0.0,0,0.0,-55,-20.2
"20000","1","5615","56","0","2021","1","",3,3,3,3,19704,0,0,505,"",3.48,0.63,0.63,0.63,0.72,0.00,0.00,1.14,"",0,0.0,-4,-57.1,-3,-50.0,-4,-57.1,-19938,-50.3,0,0.0,0,0.0,48,10.5
"20000","1","56152","57","0","2021","1","",1,1,1,1,9379,0,0,721,"",2.74,1.63,1.62,1.62,3.20,0.00,0.00,1.97,"",0,0.0,-1,-50.0,-1,-50.0,-1,-50.0,-6900,-42.4,0,0.0,0,0.0,95,15.2
"20000","1","561520","58","0","2021","1","",1,1,1,1,9379,0,0,721,"",2.74,1.63,1.62,1.62,3.20,0.00,0.00,1.97,"",0,0.0,-1,-50.0,-1,-50.0,-1,-50.0,-6900,-42.4,0,0.0,0,0.0,95,15.2
"20000","1","56159","57","0","2021","1","",2,2,2,2,10325,0,0,397,"",4.74,0.49,0.50,0.49,0.43,0.00,0.00,0.86,"",0,0.0,-3,-60.0,-2,-50.0,-3,-60.0,-13038,-55.8,0,0.0,0,0.0,12,3.1
"20000","1","561599","58","0","2021","1","",2,2,2,2,10325,0,0,397,"",4.74,0.49,0.50,0.49,0.43,0.00,0.00,0.86,"",0,0.0,-3,-60.0,-2,-50.0,-3,-60.0,-13038,-55.8,0,0.0,0,0.0,12,3.1
"20000","1","61","54","0","2021","1","",7,149,150,150,2435254,0,0,1252,"",4.92,1.22,1.25,1.24,1.39,0.00,0.00,1.12,"",0,0.0,-11,-6.9,-11,-6.8,-7,-4.5,21414,0.9,0,0.0,0,0.0,87,7.5
"20000","1","611","55","0","2021","1","",7,149,150,150,2435254,0,0,1252,"",4.92,1.22,1.25,1.24,1.39,0.00,0.00,1.12,"",0,0.0,-11,-6.9,-11,-6.8,-7,-4.5,21414,0.9,0,0.0,0,0.0,87,7.5
"20000","1","6111","56","0","2021","1","",1,1,1,1,30003,0,0,2308,"",2.42,0.02,0.02,0.02,0.05,0.00,0.00,2.53,"",0,0.0,0,0.0,0,0.0,0,0.0,1211,4.2,0,0.0,0,0.0,93,4.2
"20000","1","61111","57","0","2021","1","",1,1,1,1,30003,0,0,2308,"",2.42,0.02,0.02,0.02,0.05,0.00,0.00,2.53,"",0,0.0,0,0.0,0,0.0,0,0.0,1211,4.2,0,0.0,0,0.0,93,4.2
"20000","1","611110","58","0","2021","1","",1,1,1,1,30003,0,0,2308,"",2.42,0.02,0.02,0.02,0.05,0.00,0.00,2.53,"",0,0.0,0,0.0,0,0.0,0,0.0,1211,4.2,0,0.0,0,0.0,93,4.2
"20000","1","6113","56","0","2021","1","",2,126,126,126,2062213,0,0,1259,"",5.62,2.41,2.45,2.43,2.35,0.00,0.00,0.97,"",0,0.0,-5,-3.8,-5,-3.8,-1,-0.8,69247,3.5,0,0.0,0,0.0,77,6.5
"20000","1","61131","57","0","2021","1","",2,126,126,126,2062213,0,0,1259,"",5.62,2.41,2.45,2.43,2.35,0.00,0.00,0.97,"",0,0.0,-5,-3.8,-5,-3.8,-1,-0.8,69247,3.5,0,0.0,0,0.0,77,6.5
"20000","1","611310","58","0","2021","1","",2,126,126,126,2062213,0,0,1259,"",5.62,2.41,2.45,2.43,2.35,0.00,0.00,0.97,"",0,0.0,-5,-3.8,-5,-3.8,-1,-0.8,69247,3.5,0,0.0,0,0.0,77,6.5
"20000","1","6115","56","0","2021","1","",1,2,2,2,59715,0,0,2297,"",10.06,0.17,0.17,0.17,0.29,0.00,0.00,1.71,"",0,0.0,0,0.0,0,0.0,0,0.0,10861,22.2,0,0.0,0,0.0,418,22.2
"20000","1","61151","57","0","2021","1","",1,2,2,2,59715,0,0,2297,"",10.06,0.17,0.17,0.17,0.29,0.00,0.00,1.71,"",0,0.0,0,0.0,0,0.0,0,0.0,10861,22.2,0,0.0,0,0.0,418,22.2
"20000","1","611519","58","0","2021","1","",1,2,2,2,59715,0,0,2297,"",10.98,0.17,0.17,0.17,0.29,0.00,0.00,1.70,"",0,0.0,0,0.0,0,0.0,0,0.0,10861,22.2,0,0.0,0,0.0,418,22.2
"20000","1","6116","56","0","2021","1","",3,20,21,21,283323,0,0,1055,"",5.49,3.68,3.87,3.87,4.84,0.00,0.00,1.27,"",0,0.0,-6,-23.1,-6,-22.2,-6,-22.2,-59905,-17.5,0,0.0,0,0.0,65,6.6
"20000","1","61161","57","0","2021","1","",1,1,1,1,9333,0,0,718,"",9.29,4.75,5.27,5.84,12.92,0.00,0.00,2.46,"",0,0.0,0,0.0,0,0.0,0,0.0,-1170,-11.1,0,0.0,0,0.0,-90,-11.1
"20000","1","611610","58","0","2021","1","",1,1,1,1,9333,0,0,718,"",9.29,4.75,5.27,5.84,12.92,0.00,0.00,2.46,"",0,0.0,0,0.0,0,0.0,0,0.0,-1170,-11.1,0,0.0,0,0.0,-90,-11.1
"20000","1","61169","57","0","2021","1","",2,19,20,20,273990,0,0,1072,"",4.56,3.63,3.82,3.81,4.74,0.00,0.00,1.26,"",0,0.0,-6,-24.0,-6,-23.1,-6,-23.1,-58735,-17.7,0,0.0,0,0.0,75,7.5
"20000","1","611692","58","0","2021","1","",2,19,20,20,273990,0,0,1072,"",120.77,104.45,105.49,105.17,137.55,0.00,0.00,1.31,"",0,0.0,-6,-24.0,-6,-23.1,-6,-23.1,-58735,-17.7,0,0.0,0,0.0,75,7.5
"20000","1","62","54","0","2021","1","",21,5745,5725,5690,98760608,0,0,1328,"",2.07,1.44,1.45,1.43,1.59,0.00,0.00,1.10,"",0,0.0,113,2.0,50,0.9,-28,-0.5,1308772,1.3,0,0.0,0,0.0,7,0.5
"20000","1","621","55","0","2021","1","",6,325,326,331,5685252,0,0,1336,"",1.51,0.86,0.87,0.88,0.95,0.00,0.00,1.10,"",0,0.0,-6,-1.8,-1,-0.3,5,1.5,72695,1.3,0,0.0,0,0.0,20,1.5
"20000","1","6211","56","0","2021","1","",5,61,63,63,1134317,0,0,1400,"",1.75,0.26,0.27,0.27,0.30,0.00,0.00,1.12,"",0,0.0,1,1.7,5,8.6,7,12.5,117392,11.5,0,0.0,0,0.0,51,3.8
"20000","1","62111","57","0","2021","1","",5,61,63,63,1134317,0,0,1400,"",1.75,0.26,0.27,0.27,0.30,0.00,0.00,1.12,"",0,0.0,1,1.7,5,8.6,7,12.5,117392,11.5,0,0.0,0,0.0,51,3.8
"20000","1","621111","58","0","2021","1","",5,61,63,63,1134317,0,0,1400,"",1.75,0.26,0.27,0.27,0.30,0.00,0.00,1.12,"",0,0.0,1,1.7,5,8.6,7,12.5,117392,11.5,0,0.0,0,0.0,51,3.8
"20000","1","6214","56","0","2021","1","",1,264,263,268,4550935,0,0,1321,"",0.97,1.84,1.85,1.87,2.11,0.00,0.00,1.14,"",0,0.0,-7,-2.6,-6,-2.2,-2,-0.7,-44697,-1.0,0,0.0,0,0.0,12,0.9
"20000","1","62149","57","0","2021","1","",1,264,263,268,4550935,0,0,1321,"",0.98,1.85,1.86,1.88,2.11,0.00,0.00,1.14,"",0,0.0,-7,-2.6,-6,-2.2,-2,-0.7,-44697,-1.0,0,0.0,0,0.0,12,0.9
"20000","1","621493","58","0","2021","1","",1,264,263,268,4550935,0,0,1321,"",2.16,5.47,5.51,5.58,6.36,0.00,0.00,1.15,"",0,0.0,-7,-2.6,-6,-2.2,-2,-0.7,-44697,-1.0,0,0.0,0,0.0,12,0.9
"20000","1","622","55","0","2021","1","",5,4986,4960,4925,89674741,0,0,1392,"",1.57,1.44,1.45,1.43,1.63,0.00,0.00,1.13,"",0,0.0,145,3.0,81,1.7,29,0.6,1346596,1.5,0,0.0,0,0.0,-3,-0.2
"20000","1","6221","56","0","2021","1","",5,4986,4960,4925,89674741,0,0,1392,"",1.60,1.47,1.48,1.46,1.65,0.00,0.00,1.13,"",0,0.0,145,3.0,81,1.7,29,0.6,1346596,1.5,0,0.0,0,0.0,-3,-0.2
"20000","1","62211","57","0","2021","1","",5,4986,4960,4925,89674741,0,0,1392,"",1.60,1.47,1.48,1.46,1.65,0.00,0.00,1.13,"",0,0.0,145,3.0,81,1.7,29,0.6,1346596,1.5,0,0.0,0,0.0,-3,-0.2
"20000","1","622110","58","0","2021","1","",5,4986,4960,4925,89674741,0,0,1392,"",1.60,1.47,1.48,1.46,1.65,0.00,0.00,1.13,"",0,0.0,145,3.0,81,1.7,29,0.6,1346596,1.5,0,0.0,0,0.0,-3,-0.2
"20000","1","623","55","0","2021","1","",1,27,28,26,433012,0,0,1234,"",17.25,2.00,2.08,1.91,2.37,0.00,0.00,1.19,"",0,0.0,5,22.7,3,12.0,1,4.0,108826,33.6,0,0.0,0,0.0,195,18.8
"20000","1","6233","56","0","2021","1","",1,27,28,26,433012,0,0,1234,"",30.19,2.38,2.47,2.28,2.71,0.00,0.00,1.14,"",0,0.0,5,22.7,3,12.0,1,4.0,108826,33.6,0,0.0,0,0.0,195,18.8
"20000","1","62331","57","0","2021","1","",1,27,28,26,433012,0,0,1234,"",30.19,2.38,2.47,2.28,2.71,0.00,0.00,1.14,"",0,0.0,5,22.7,3,12.0,1,4.0,108826,33.6,0,0.0,0,0.0,195,18.8
"20000","1","623312","58","0","2021","1","",1,27,28,26,433012,0,0,1234,"",120.77,104.45,105.49,105.17,137.55,0.00,0.00,1.31,"",0,0.0,5,22.7,3,12.0,1,4.0,108826,33.6,0,0.0,0,0.0,195,18.8
"20000","1","624","55","0","2021","1","",9,407,411,408,2967603,0,0,559,"",3.08,2.81,2.85,2.83,2.95,0.00,0.00,1.04,"",0,0.0,-31,-7.1,-33,-7.4,-63,-13.4,-219345,-6.9,0,0.0,0,0.0,15,2.8
"20000","1","6241","56","0","2021","1","",3,19,19,19,216853,0,0,878,"",2.57,0.81,0.82,0.83,1.16,0.00,0.00,1.42,"",0,0.0,-5,-20.8,-2,-9.5,-2,-9.5,-13640,-5.9,0,0.0,0,0.0,72,8.9
"20000","1","62412","57","0","2021","1","",1,1,1,1,10512,0,0,809,"",4.31,0.38,0.38,0.39,0.32,0.00,0.00,0.83,"",0,0.0,0,0.0,0,0.0,0,0.0,-1876,-15.1,0,0.0,0,0.0,-144,-15.1
"20000","1","624120","58","0","2021","1","",1,1,1,1,10512,0,0,809,"",4.31,0.38,0.38,0.39,0.32,0.00,0.00,0.83,"",0,0.0,0,0.0,0,0.0,0,0.0,-1876,-15.1,0,0.0,0,0.0,-144,-15.1
"20000","1","62419","57","0","2021","1","",2,18,18,18,206341,0,0,882,"",3.72,1.42,1.45,1.45,2.01,0.00,0.00,1.39,"",0,0.0,-5,-21.7,-2,-10.0,-2,-10.0,-11764,-5.4,0,0.0,0,0.0,83,10.4
"20000","1","624190","58","0","2021","1","",2,18,18,18,206341,0,0,882,"",3.72,1.42,1.45,1.45,2.01,0.00,0.00,1.39,"",0,0.0,-5,-21.7,-2,-10.0,-2,-10.0,-11764,-5.4,0,0.0,0,0.0,83,10.4
"20000","1","6242","56","0","2021","1","",2,63,59,58,467827,0,0,600,"",20.13,40.37,37.72,37.42,56.81,0.00,0.00,1.48,"",0,0.0,-7,-10.0,-10,-14.5,-16,-21.6,-38131,-7.5,0,0.0,0,0.0,52,9.5
"20000","1","62422","57","0","2021","1","",2,63,59,58,467827,0,0,600,"",80.52,78.34,77.80,81.33,100.78,0.00,0.00,1.27,"",0,0.0,-7,-10.0,-10,-14.5,-16,-21.6,-38131,-7.5,0,0.0,0,0.0,52,9.5
"20000","1","624221","58","0","2021","1","",2,63,59,58,467827,0,0,600,"",80.52,78.34,77.80,81.33,100.78,0.00,0.00,1.27,"",0,0.0,-7,-10.0,-10,-14.5,-16,-21.6,-38131,-7.5,0,0.0,0,0.0,52,9.5
"20000","1","6243","56","0","2021","1","",1,2,2,2,26510,0,0,1020,"",1.65,0.10,0.10,0.10,0.11,0.00,0.00,1.10,"",0,0.0,1,100.0,0,0.0,0,0.0,-133,-0.5,0,0.0,0,0.0,-210,-17.1
"20000","1","62431","57","0","2021","1","",1,2,2,2,26510,0,0,1020,"",1.65,0.10,0.10,0.10,0.11,0.00,0.00,1.10,"",0,0.0,1,100.0,0,0.0,0,0.0,-133,-0.5,0,0.0,0,0.0,-210,-17.1
"20000","1","624310","58","0","2021","1","",1,2,2,2,26510,0,0,1020,"",1.65,0.10,0.10,0.10,0.11,0.00,0.00,1.10,"",0,0.0,1,100.0,0,0.0,0,0.0,-133,-0.5,0,0.0,0,0.0,-210,-17.1
"20000","1","6244","56","0","2021","1","",3,323,331,329,2256413,0,0,530,"",2.85,3.23,3.31,3.30,3.96,0.00,0.00,1.21,"",0,0.0,-20,-5.8,-21,-6.0,-45,-12.0,-167441,-6.9,0,0.0,0,0.0,7,1.3
"20000","1","62441","57","0","2021","1","",3,323,331,329,2256413,0,0,530,"",2.85,3.23,3.31,3.30,3.96,0.00,0.00,1.21,"",0,0.0,-20,-5.8,-21,-6.0,-45,-12.0,-167441,-6.9,0,0.0,0,0.0,7,1.3
"20000","1","624410","58","0","2021","1","",3,323,331,329,2256413,0,0,530,"",2.85,3.23,3.31,3.30,3.96,0.00,0.00,1.21,"",0,0.0,-20,-5.8,-21,-6.0,-45,-12.0,-167441,-6.9,0,0.0,0,0.0,7,1.3
"20000","1","71","54","0","2021","1","",15,194,182,181,1390787,0,0,576,"",1.63,0.60,0.57,0.56,0.40,0.00,0.00,0.69,"",0,0.0,-23,-10.6,-44,-19.5,-52,-22.3,-52785,-3.7,0,0.0,0,0.0,83,16.8
"20000","1","712","55","0","2021","1","",5,50,51,52,766892,0,0,1157,"",1.10,0.27,0.27,0.27,0.29,0.00,0.00,1.06,"",0,0.0,2,4.2,-1,-1.9,0,0.0,67052,9.6,0,0.0,0,0.0,94,8.8
"20000","1","7121","56","0","2021","1","",5,50,51,52,766892,0,0,1157,"",1.10,0.27,0.27,0.27,0.29,0.00,0.00,1.06,"",0,0.0,2,4.2,-1,-1.9,0,0.0,67052,9.6,0,0.0,0,0.0,94,8.8
"20000","1","71212","57","0","2021","1","-",0,0,0,0,0,0,0,0,"N",0.00,0,0,0,0,0,0,0,"N",0,0,0,0,0,0,0,0,0,0,0,0,0,0,0,0
"20000","1","712120","58","0","2021","1","-",0,0,0,0,0,0,0,0,"N",0.00,0,0,0,0,0,0,0,"N",0,0,0,0,0,0,0,0,0,0,0,0,0,0,0,0
"20000","1","71219","57","0","2021","1","",5,50,51,52,766892,0,0,1157,"",1.22,0.40,0.41,0.40,0.46,0.00,0.00,1.14,"",0,0.0,2,4.2,-1,-1.9,0,0.0,67052,9.6,0,0.0,0,0.0,94,8.8
"20000","1","712190","58","0","2021","1","",5,50,51,52,766892,0,0,1157,"",1.22,0.40,0.41,0.40,0.46,0.00,0.00,1.14,"",0,0.0,2,4.2,-1,-1.9,0,0.0,67052,9.6,0,0.0,0,0.0,94,8.8
"20000","1","713","55","0","2021","1","",10,144,131,129,623895,0,0,356,"",2.17,1.10,1.02,1.00,0.84,0.00,0.00,0.81,"",0,0.0,-25,-14.8,-43,-24.7,-52,-28.7,-119837,-16.1,0,0.0,0,0.0,28,8.5
"20000","1","7139","56","0","2021","1","",10,144,131,129,623895,0,0,356,"",2.20,1.11,1.03,1.01,0.85,0.00,0.00,0.81,"",0,0.0,-25,-14.8,-43,-24.7,-52,-28.7,-119837,-16.1,0,0.0,0,0.0,28,8.5
"20000","1","71394","57","0","2021","1","",4,111,102,99,475058,0,0,351,"",2.88,2.07,1.93,1.90,1.53,0.00,0.00,0.78,"",0,0.0,-19,-14.6,-28,-21.5,-34,-25.6,-53154,-10.1,0,0.0,0,0.0,41,13.2
"20000","1","713940","58","0","2021","1","",4,111,102,99,475058,0,0,351,"",2.88,2.07,1.93,1.90,1.53,0.00,0.00,0.78,"",0,0.0,-19,-14.6,-28,-21.5,-34,-25.6,-53154,-10.1,0,0.0,0,0.0,41,13.2
"20000","1","71395","57","0","2021","1","",3,22,19,20,91429,0,0,346,"",3.74,2.39,2.09,2.16,2.41,0.00,0.00,1.09,"",0,0.0,-9,-29.0,-16,-45.7,-18,-47.4,-63827,-41.1,0,0.0,0,0.0,1,0.3
"20000","1","713950","58","0","2021","1","",3,22,19,20,91429,0,0,346,"",3.74,2.39,2.09,2.16,2.41,0.00,0.00,1.09,"",0,0.0,-9,-29.0,-16,-45.7,-18,-47.4,-63827,-41.1,0,0.0,0,0.0,1,0.3
"20000","1","71399","57","0","2021","1","",3,11,10,10,57408,0,0,427,"",1.88,0.20,0.19,0.19,0.18,0.00,0.00,0.92,"",0,0.0,3,37.5,1,11.1,0,0.0,-2856,-4.7,0,0.0,0,0.0,-88,-17.1
"20000","1","713990","58","0","2021","1","",3,11,10,10,57408,0,0,427,"",1.88,0.20,0.19,0.19,0.18,0.00,0.00,0.92,"",0,0.0,3,37.5,1,11.1,0,0.0,-2856,-4.7,0,0.0,0,0.0,-88,-17.1
"20000","1","72","54","0","2021","1","",3,16,12,11,123699,0,0,732,"",0.90,0.21,0.16,0.15,0.32,0.00,0.00,1.85,"",-1,-25.0,-10,-38.5,-15,-55.6,-18,-62.1,-20216,-14.0,0,0.0,0,0.0,327,80.7
"20000","1","721","55","0","2021","1","",1,7,6,6,24568,0,0,298,"",0.56,0.15,0.13,0.13,0.09,0.00,0.00,0.69,"",0,0.0,-2,-22.2,-3,-33.3,-3,-33.3,-16479,-40.1,0,0.0,0,0.0,-53,-15.1
"20000","1","7211","56","0","2021","1","",1,7,6,6,24568,0,0,298,"",0.94,0.21,0.18,0.18,0.13,0.00,0.00,0.69,"",0,0.0,-2,-22.2,-3,-33.3,-3,-33.3,-16479,-40.1,0,0.0,0,0.0,-53,-15.1
"20000","1","72119","57","0","2021","1","",1,7,6,6,24568,0,0,298,"",1.39,0.31,0.27,0.28,0.26,0.00,0.00,0.90,"",0,0.0,-2,-22.2,-3,-33.3,-3,-33.3,-16479,-40.1,0,0.0,0,0.0,-53,-15.1
"20000","1","721199","58","0","2021","1","",1,7,6,6,24568,0,0,298,"",1.40,0.33,0.28,0.28,0.27,0.00,0.00,0.90,"",0,0.0,-2,-22.2,-3,-33.3,-3,-33.3,-16479,-40.1,0,0.0,0,0.0,-53,-15.1
"20000","1","722","55","0","2021","1","",2,9,6,5,99131,0,0,1144,"",1.30,0.32,0.20,0.17,0.78,0.00,0.00,3.37,"",-1,-33.3,-8,-47.1,-12,-66.7,-15,-75.0,-3737,-3.6,0,0.0,0,0.0,712,164.8
"20000","1","7225","56","0","2021","1","",2,9,6,5,99131,0,0,1144,"",1.38,0.35,0.23,0.19,0.89,0.00,0.00,3.45,"",-1,-33.3,-8,-47.1,-12,-66.7,-15,-75.0,-3737,-3.6,0,0.0,0,0.0,712,164.8
"20000","1","72251","57","0","2021","1","",2,9,6,5,99131,0,0,1144,"",1.38,0.35,0.23,0.19,0.89,0.00,0.00,3.45,"",-1,-33.3,-8,-47.1,-12,-66.7,-15,-75.0,-3737,-3.6,0,0.0,0,0.0,712,164.8
"20000","1","722511","58","0","2021","1","",2,9,6,5,99131,0,0,1144,"",2.10,0.48,0.30,0.25,1.17,0.00,0.00,3.43,"",-1,-33.3,-8,-47.1,-12,-66.7,-15,-75.0,-3737,-3.6,0,0.0,0,0.0,712,164.8
"20000","1","81","54","0","2021","1","",2,22,22,22,309108,0,0,1081,"",1.52,0.48,0.49,0.48,0.66,0.00,0.00,1.35,"",0,0.0,2,10.0,2,10.0,3,15.8,22613,7.9,0,0.0,0,0.0,-40,-3.6
"20000","1","811","55","0","2021","1","",1,1,1,1,8752,0,0,673,"",3.18,0.18,0.18,0.18,0.08,0.00,0.00,0.44,"",0,0.0,0,0.0,0,0.0,0,0.0,-2631,-23.1,0,0.0,0,0.0,-203,-23.2
"20000","1","8111","56","0","2021","1","",1,1,1,1,8752,0,0,673,"",3.35,0.89,0.91,0.88,1.28,0.00,0.00,1.43,"",0,0.0,0,0.0,0,0.0,0,0.0,-2631,-23.1,0,0.0,0,0.0,-203,-23.2
"20000","1","81112","57","0","2021","1","",1,1,1,1,8752,0,0,673,"",5.25,2.82,2.70,2.70,3.88,0.00,0.00,1.41,"",0,0.0,0,0.0,0,0.0,0,0.0,-2631,-23.1,0,0.0,0,0.0,-203,-23.2
"20000","1","811121","58","0","2021","1","",1,1,1,1,8752,0,0,673,"",5.25,2.82,2.70,2.70,3.88,0.00,0.00,1.41,"",0,0.0,0,0.0,0,0.0,0,0.0,-2631,-23.1,0,0.0,0,0.0,-203,-23.2
"20000","1","812","55","0","2021","1","",1,21,21,21,300356,0,0,1100,"",1.40,1.48,1.49,1.49,2.07,0.00,0.00,1.39,"",0,0.0,2,10.5,2,10.5,3,16.7,25244,9.2,0,0.0,0,0.0,-34,-3.0
"20000","1","8122","56","0","2021","1","",1,21,21,21,300356,0,0,1100,"",1.61,1.50,1.52,1.51,2.09,0.00,0.00,1.38,"",0,0.0,2,10.5,2,10.5,3,16.7,25244,9.2,0,0.0,0,0.0,-34,-3.0
"20000","1","81222","57","0","2021","1","",1,21,21,21,300356,0,0,1100,"",1.61,1.50,1.52,1.51,2.09,0.00,0.00,1.38,"",0,0.0,2,10.5,2,10.5,3,16.7,25244,9.2,0,0.0,0,0.0,-34,-3.0
"20000","1","812220","58","0","2021","1","",1,21,21,21,300356,0,0,1100,"",1.61,1.50,1.52,1.51,2.09,0.00,0.00,1.38,"",0,0.0,2,10.5,2,10.5,3,16.7,25244,9.2,0,0.0,0,0.0,-34,-3.0
"20000","1","92","54","0","2021","1","",528,12539,12440,12482,234098416,0,0,1442,"",2.50,0.83,0.83,0.83,0.90,0.00,0.00,1.08,"",0,0.0,121,1.0,18,0.1,-135,-1.1,4573366,2.0,0,0.0,0,0.0,28,2.0
"20000","1","921","55","0","2021","1","",19,184,182,181,4386034,0,0,1850,"",1.46,0.13,0.13,0.13,0.19,0.00,0.00,1.45,"",2,11.8,0,0.0,2,1.1,1,0.6,62290,1.4,0,0.0,0,0.0,16,0.9
"20000","1","9211","56","0","2021","1","",19,184,182,181,4386034,0,0,1850,"",1.46,0.13,0.13,0.13,0.19,0.00,0.00,1.45,"",2,11.8,0,0.0,2,1.1,1,0.6,62290,1.4,0,0.0,0,0.0,16,0.9
"20000","1","92113","57","0","2021","1","",3,105,102,101,2923149,0,0,2190,"",0.67,0.11,0.11,0.11,0.19,0.00,0.00,1.73,"",0,0.0,-6,-5.4,-5,-4.7,-6,-5.6,-62397,-2.1,0,0.0,0,0.0,70,3.3
"20000","1","921130","58","0","2021","1","",3,105,102,101,2923149,0,0,2190,"",0.67,0.11,0.11,0.11,0.19,0.00,0.00,1.73,"",0,0.0,-6,-5.4,-5,-4.7,-6,-5.6,-62397,-2.1,0,0.0,0,0.0,70,3.3
"20000","1","92119","57","0","2021","1","",16,79,80,80,1462885,0,0,1413,"",1.90,0.26,0.27,0.27,0.27,0.00,0.00,1.01,"",2,14.3,6,8.2,7,9.6,7,9.6,124687,9.3,0,0.0,0,0.0,3,0.2
"20000","1","921190","58","0","2021","1","",16,79,80,80,1462885,0,0,1413,"",1.90,0.26,0.27,0.27,0.27,0.00,0.00,1.01,"",2,14.3,6,8.2,7,9.6,7,9.6,124687,9.3,0,0.0,0,0.0,3,0.2
"20000","1","922","55","0","2021","1","",30,988,989,983,22268591,0,0,1736,"",1.09,0.39,0.40,0.39,0.45,0.00,0.00,1.15,"",0,0.0,14,1.4,16,1.6,21,2.2,353855,1.6,0,0.0,0,0.0,-2,-0.1
"20000","1","9221","56","0","2021","1","",30,988,989,983,22268591,0,0,1736,"",1.09,0.39,0.40,0.39,0.45,0.00,0.00,1.15,"",0,0.0,14,1.4,16,1.6,21,2.2,353855,1.6,0,0.0,0,0.0,-2,-0.1
"20000","1","92211","57","0","2021","1","",6,278,279,278,6193678,0,0,1712,"",1.26,0.87,0.88,0.87,1.09,0.00,0.00,1.25,"",0,0.0,-5,-1.8,-9,-3.1,-6,-2.1,-176851,-2.8,0,0.0,0,0.0,-7,-0.4
"20000","1","922110","58","0","2021","1","",6,278,279,278,6193678,0,0,1712,"",1.26,0.87,0.88,0.87,1.09,0.00,0.00,1.25,"",0,0.0,-5,-1.8,-9,-3.1,-6,-2.1,-176851,-2.8,0,0.0,0,0.0,-7,-0.4
"20000","1","92212","57","0","2021","1","",14,188,185,188,4798478,0,0,1974,"",0.98,0.14,0.14,0.14,0.17,0.00,0.00,1.22,"",0,0.0,10,5.6,11,6.3,16,9.3,228625,5.0,0,0.0,0,0.0,-39,-1.9
"20000","1","922120","58","0","2021","1","",14,188,185,188,4798478,0,0,1974,"",0.98,0.14,0.14,0.14,0.17,0.00,0.00,1.22,"",0,0.0,10,5.6,11,6.3,16,9.3,228625,5.0,0,0.0,0,0.0,-39,-1.9
"20000","1","92213","57","0","2021","1","",4,106,105,102,2733403,0,0,2015,"",1.45,0.50,0.50,0.49,0.59,0.00,0.00,1.20,"",0,0.0,4,3.9,5,5.0,1,1.0,109141,4.2,0,0.0,0,0.0,16,0.8
"20000","1","922130","58","0","2021","1","",4,106,105,102,2733403,0,0,2015,"",1.45,0.50,0.50,0.49,0.59,0.00,0.00,1.20,"",0,0.0,4,3.9,5,5.0,1,1.0,109141,4.2,0,0.0,0,0.0,16,0.8
"20000","1","92214","57","0","2021","1","",2,394,393,384,8080380,0,0,1592,"",1.90,1.15,1.17,1.14,1.55,0.00,0.00,1.34,"",0,0.0,2,0.5,4,1.0,5,1.3,173881,2.2,0,0.0,0,0.0,19,1.2
"20000","1","922140","58","0","2021","1","",2,394,393,384,8080380,0,0,1592,"",1.90,1.15,1.17,1.14,1.55,0.00,0.00,1.34,"",0,0.0,2,0.5,4,1.0,5,1.3,173881,2.2,0,0.0,0,0.0,19,1.2
"20000","1","92219","57","0","2021","1","",4,22,27,31,462652,0,0,1335,"",0.83,0.08,0.10,0.11,0.09,0.00,0.00,0.92,"",0,0.0,3,15.8,5,22.7,5,19.2,19059,4.3,0,0.0,0,0.0,-193,-12.6
"20000","1","922190","58","0","2021","1","",4,22,27,31,462652,0,0,1335,"",0.83,0.08,0.10,0.11,0.09,0.00,0.00,0.92,"",0,0.0,3,15.8,5,22.7,5,19.2,19059,4.3,0,0.0,0,0.0,-193,-12.6
"20000","1","923","55","0","2021","1","",34,1882,1901,1902,31872503,0,0,1294,"",1.60,0.95,0.97,0.97,0.91,0.00,0.00,0.94,"",2,6.2,77,4.3,78,4.3,73,4.0,1888369,6.3,0,0.0,0,0.0,26,2.1
"20000","1","9231","56","0","2021","1","",34,1882,1901,1902,31872503,0,0,1294,"",1.60,0.95,0.97,0.97,0.91,0.00,0.00,0.94,"",2,6.2,77,4.3,78,4.3,73,4.0,1888369,6.3,0,0.0,0,0.0,26,2.1
"20000","1","92312","57","0","2021","1","",12,218,219,221,4753496,0,0,1667,"",2.54,0.36,0.37,0.37,0.37,0.00,0.00,1.00,"",1,9.1,15,7.4,7,3.3,5,2.3,270679,6.0,0,0.0,0,0.0,28,1.7
"20000","1","923120","58","0","2021","1","",12,218,219,221,4753496,0,0,1667,"",2.54,0.36,0.37,0.37,0.37,0.00,0.00,1.00,"",1,9.1,15,7.4,7,3.3,5,2.3,270679,6.0,0,0.0,0,0.0,28,1.7
"20000","1","92313","57","0","2021","1","",17,282,281,280,5301115,0,0,1451,"",1.33,0.42,0.43,0.43,0.50,0.00,0.00,1.18,"",1,6.2,3,1.1,2,0.7,2,0.7,126517,2.4,0,0.0,0,0.0,23,1.6
"20000","1","923130","58","0","2021","1","",17,282,281,280,5301115,0,0,1451,"",1.33,0.42,0.43,0.43,0.50,0.00,0.00,1.18,"",1,6.2,3,1.1,2,0.7,2,0.7,126517,2.4,0,0.0,0,0.0,23,1.6
"20000","1","92314","57","0","2021","1","",5,1382,1401,1401,21817892,0,0,1203,"",1.67,2.06,2.10,2.09,2.04,0.00,0.00,0.98,"",0,0.0,59,4.5,69,5.2,66,4.9,1491173,7.3,0,0.0,0,0.0,27,2.3
"20000","1","923140","58","0","2021","1","",5,1382,1401,1401,21817892,0,0,1203,"",1.67,2.06,2.10,2.09,2.04,0.00,0.00,0.98,"",0,0.0,59,4.5,69,5.2,66,4.9,1491173,7.3,0,0.0,0,0.0,27,2.3
"20000","1","924","55","0","2021","1","",111,842,841,848,17872973,0,0,1630,"",2.55,1.00,1.01,1.01,1.35,0.00,0.00,1.34,"",-3,-2.6,32,4.0,28,3.4,35,4.3,172151,1.0,0,0.0,0,0.0,-47,-2.8
"20000","1","9241","56","0","2021","1","",111,842,841,848,17872973,0,0,1630,"",2.55,1.00,1.01,1.01,1.35,0.00,0.00,1.34,"",-3,-2.6,32,4.0,28,3.4,35,4.3,172151,1.0,0,0.0,0,0.0,-47,-2.8
"20000","1","92411","57","0","2021","1","",4,474,472,478,11561464,0,0,1874,"",1.76,2.95,2.98,2.99,3.42,0.00,0.00,1.15,"",0,0.0,21,4.6,16,3.5,21,4.6,98708,0.9,0,0.0,0,0.0,-62,-3.2
"20000","1","924110","58","0","2021","1","",4,474,472,478,11561464,0,0,1874,"",1.76,2.95,2.98,2.99,3.42,0.00,0.00,1.15,"",0,0.0,21,4.6,16,3.5,21,4.6,98708,0.9,0,0.0,0,0.0,-62,-3.2
"20000","1","92412","57","0","2021","1","",107,368,369,370,6311509,0,0,1316,"",2.60,0.54,0.55,0.54,0.64,0.00,0.00,1.18,"",-3,-2.7,11,3.1,12,3.4,14,3.9,73443,1.2,0,0.0,0,0.0,-29,-2.2
"20000","1","924120","58","0","2021","1","",107,368,369,370,6311509,0,0,1316,"",2.60,0.54,0.55,0.54,0.64,0.00,0.00,1.18,"",-3,-2.7,11,3.1,12,3.4,14,3.9,73443,1.2,0,0.0,0,0.0,-29,-2.2
"20000","1","925","55","0","2021","1","",3,169,170,170,4074538,0,0,1847,"",2.29,1.93,1.97,1.94,2.13,0.00,0.00,1.10,"",0,0.0,23,15.8,22,14.9,22,14.9,280402,7.4,0,0.0,0,0.0,-134,-6.8
"20000","1","9251","56","0","2021","1","",3,169,170,170,4074538,0,0,1847,"",2.29,1.93,1.97,1.94,2.13,0.00,0.00,1.10,"",0,0.0,23,15.8,22,14.9,22,14.9,280402,7.4,0,0.0,0,0.0,-134,-6.8
"20000","1","92511","57","0","2021","1","",2,169,170,170,4074538,0,0,1847,"",2.42,2.18,2.24,2.19,2.35,0.00,0.00,1.07,"",0,0.0,23,15.8,22,14.9,22,14.9,280402,7.4,0,0.0,0,0.0,-134,-6.8
"20000","1","925110","58","0","2021","1","",2,169,170,170,4074538,0,0,1847,"",2.42,2.18,2.24,2.19,2.35,0.00,0.00,1.07,"",0,0.0,23,15.8,22,14.9,22,14.9,280402,7.4,0,0.0,0,0.0,-134,-6.8
"20000","1","92512","57","0","2021","1","",1,0,0,0,0,0,0,0,"",2.08,0.00,0.00,0.00,0.00,0.00,0.00,0.00,"",0,0.0,0,0.0,0,0.0,0,0.0,0,0.0,0,0.0,0,0.0,0,0.0
"20000","1","925120","58","0","2021","1","",1,0,0,0,0,0,0,0,"",2.08,0.00,0.00,0.00,0.00,0.00,0.00,0.00,"",0,0.0,0,0.0,0,0.0,0,0.0,0,0.0,0,0.0,0,0.0,0,0.0
"20000","1","926","55","0","2021","1","",295,2719,2619,2647,50435492,0,0,1458,"",3.46,1.17,1.15,1.16,1.24,0.00,0.00,1.07,"",-2,-0.7,-7,-0.3,-92,-3.4,-261,-9.0,-449824,-0.9,0,0.0,0,0.0,51,3.6
"20000","1","9261","56","0","2021","1","",295,2719,2619,2647,50435492,0,0,1458,"",3.46,1.17,1.15,1.16,1.24,0.00,0.00,1.07,"",-2,-0.7,-7,-0.3,-92,-3.4,-261,-9.0,-449824,-0.9,0,0.0,0,0.0,51,3.6
"20000","1","92611","57","0","2021","1","",123,106,106,102,1063587,0,0,782,"",3.12,0.22,0.23,0.22,0.13,0.00,0.00,0.57,"",0,0.0,-109,-50.7,-151,-58.8,-298,-74.5,-929360,-46.6,0,0.0,0,0.0,255,48.4
"20000","1","926110","58","0","2021","1","",123,106,106,102,1063587,0,0,782,"",3.12,0.22,0.23,0.22,0.13,0.00,0.00,0.57,"",0,0.0,-109,-50.7,-151,-58.8,-298,-74.5,-929360,-46.6,0,0.0,0,0.0,255,48.4
"20000","1","92612","57","0","2021","1","",17,1039,1038,1032,26757555,0,0,1986,"",1.58,1.02,1.03,1.02,1.64,0.00,0.00,1.60,"",0,0.0,-41,-3.8,-46,-4.2,-53,-4.9,-959791,-3.5,0,0.0,0,0.0,17,0.9
"20000","1","926120","58","0","2021","1","",17,1039,1038,1032,26757555,0,0,1986,"",1.58,1.02,1.03,1.02,1.64,0.00,0.00,1.60,"",0,0.0,-41,-3.8,-46,-4.2,-53,-4.9,-959791,-3.5,0,0.0,0,0.0,17,0.9
"20000","1","92613","57","0","2021","1","",2,5,5,5,148730,0,0,2288,"",1.23,0.06,0.06,0.06,0.06,0.00,0.00,1.12,"",0,0.0,-2,-28.6,-2,-28.6,-2,-28.6,-90889,-37.9,0,0.0,0,0.0,-345,-13.1
"20000","1","926130","58","0","2021","1","",2,5,5,5,148730,0,0,2288,"",1.23,0.06,0.06,0.06,0.06,0.00,0.00,1.12,"",0,0.0,-2,-28.6,-2,-28.6,-2,-28.6,-90889,-37.9,0,0.0,0,0.0,-345,-13.1
"20000","1","92614","57","0","2021","1","",141,1410,1315,1352,18868573,0,0,1068,"",5.36,3.25,3.14,3.24,2.94,0.00,0.00,0.92,"",-2,-1.4,145,11.5,112,9.3,93,7.4,1600155,9.3,0,0.0,0,0.0,-1,-0.1
"20000","1","926140","58","0","2021","1","",141,1410,1315,1352,18868573,0,0,1068,"",5.36,3.25,3.14,3.24,2.94,0.00,0.00,0.92,"",-2,-1.4,145,11.5,112,9.3,93,7.4,1600155,9.3,0,0.0,0,0.0,-1,-0.1
"20000","1","92615","57","0","2021","1","",12,159,155,156,3597047,0,0,1766,"",1.67,0.52,0.51,0.52,0.49,0.00,0.00,0.96,"",0,0.0,0,0.0,-5,-3.1,-1,-0.6,-69939,-1.9,0,0.0,0,0.0,-12,-0.7
"20000","1","926150","58","0","2021","1","",12,159,155,156,3597047,0,0,1766,"",1.67,0.52,0.51,0.52,0.49,0.00,0.00,0.96,"",0,0.0,0,0.0,-5,-3.1,-1,-0.6,-69939,-1.9,0,0.0,0,0.0,-12,-0.7
"20000","1","927","55","0","2021","1","",1,1,1,2,32470,0,0,1873,"",1.28,0.01,0.01,0.01,0.01,0.00,0.00,1.06,"",1,100.0,1,100.0,1,100.0,2,100.0,32470,100.0,0,0.0,0,0.0,1873,100.0
"20000","1","9271","56","0","2021","1","",1,1,1,2,32470,0,0,1873,"",1.28,0.01,0.01,0.01,0.01,0.00,0.00,1.06,"",1,100.0,1,100.0,1,100.0,2,100.0,32470,100.0,0,0.0,0,0.0,1873,100.0
"20000","1","92711","57","0","2021","1","",1,1,1,2,32470,0,0,1873,"",1.28,0.01,0.01,0.01,0.01,0.00,0.00,1.06,"",1,100.0,1,100.0,1,100.0,2,100.0,32470,100.0,0,0.0,0,0.0,1873,100.0
"20000","1","927110","58","0","2021","1","",1,1,1,2,32470,0,0,1873,"",1.28,0.01,0.01,0.01,0.01,0.00,0.00,1.06,"",1,100.0,1,100.0,1,100.0,2,100.0,32470,100.0,0,0.0,0,0.0,1873,100.0
"20000","1","928","55","0","2021","1","",35,5754,5737,5749,103155815,0,0,1381,"",1.91,1.00,1.00,1.00,1.10,0.00,0.00,1.09,"",0,0.0,-19,-0.3,-37,-0.6,-28,-0.5,2233653,2.2,0,0.0,0,0.0,37,2.8
"20000","1","9281","56","0","2021","1","",35,5754,5737,5749,103155815,0,0,1381,"",1.91,1.00,1.00,1.00,1.10,0.00,0.00,1.09,"",0,0.0,-19,-0.3,-37,-0.6,-28,-0.5,2233653,2.2,0,0.0,0,0.0,37,2.8
"20000","1","92811","57","0","2021","1","",31,5405,5390,5404,96771232,0,0,1379,"",2.00,1.00,1.01,1.00,1.11,0.00,0.00,1.11,"",0,0.0,7,0.1,-7,-0.1,4,0.1,2395414,2.5,0,0.0,0,0.0,34,2.5
"20000","1","928110","58","0","2021","1","",31,5405,5390,5404,96771232,0,0,1379,"",2.00,1.00,1.01,1.00,1.11,0.00,0.00,1.11,"",0,0.0,7,0.1,-7,-0.1,4,0.1,2395414,2.5,0,0.0,0,0.0,34,2.5
"20000","1","92812","57","0","2021","1","",4,349,347,345,6384583,0,0,1415,"",1.38,0.96,0.97,0.96,0.88,0.00,0.00,0.91,"",0,0.0,-26,-6.9,-30,-8.0,-32,-8.5,-161761,-2.5,0,0.0,0,0.0,77,5.8
"20000","1","928120","58","0","2021","1","",4,349,347,345,6384583,0,0,1415,"",1.38,0.96,0.97,0.96,0.88,0.00,0.00,0.91,"",0,0.0,-26,-6.9,-30,-8.0,-32,-8.5,-161761,-2.5,0,0.0,0,0.0,77,5.8
"20000","2","10","51","0","2021","1","",947,39208,39552,39460,504131633,241671,4500,984,"",1.63,0.91,0.91,0.91,0.93,0.01,0.05,1.02,"",-7,-0.7,-1024,-2.5,-909,-2.2,-849,-2.1,13872915,2.8,16578,7.4,2930,186.6,49,5.2
"20000","2","101","52","0","2021","1","N",1,0,0,0,0,0,0,0,"N",0.06,0,0,0,0,0,0,0,"N",0,0.0,0,0,0,0,0,0,0,0,0,0,0,0,0,0
"20000","2","1011","53","0","2021","1","N",1,0,0,0,0,0,0,0,"N",0.87,0,0,0,0,0,0,0,"N",0,0.0,0,0,0,0,0,0,0,0,0,0,0,0,0,0
"20000","2","102","52","0","2021","1","N",946,0,0,0,0,0,0,0,"N",1.68,0,0,0,0,0,0,0,"N",-7,-0.7,0,0,0,0,0,0,0,0,0,0,0,0,0,0
"20000","2","1022","53","0","2021","1","N",2,0,0,0,0,0,0,0,"N",0.75,0,0,0,0,0,0,0,"N",0,0.0,0,0,0,0,0,0,0,0,0,0,0,0,0,0
"20000","2","1023","53","0","2021","1","N",1,0,0,0,0,0,0,0,"N",1.02,0,0,0,0,0,0,0,"N",0,0.0,0,0,0,0,0,0,0,0,0,0,0,0,0,0
"20000","2","1024","53","0","2021","1","",108,563,565,566,7004986,0,0,954,"",11.78,1.70,1.72,1.71,1.56,0.00,0.00,0.91,"",-1,-0.9,-21,-3.6,-17,-2.9,-14,-2.4,-236341,-3.3,0,0.0,0,0.0,-3,-0.3
"20000","2","1025","53","0","2021","1","",45,21446,21769,21650,312102647,16314,388,1110,"",0.37,0.89,0.89,0.88,1.01,0.00,0.01,1.13,"",0,0.0,-862,-3.9,-681,-3.0,-652,-2.9,10128285,3.4,6531,66.8,173,80.5,71,6.8
"20000","2","1026","53","0","2021","1","N",2,0,0,0,0,0,0,0,"N",0.26,0,0,0,0,0,0,0,"N",-1,-33.3,0,0,0,0,0,0,0,0,0,0,0,0,0,0
"20000","2","1028","53","0","2021","1","",788,17145,17165,17191,184470873,104967,353,827,"",1.91,1.00,1.02,1.01,0.88,0.01,0.01,0.87,"",-5,-0.6,-133,-0.8,-203,-1.2,-175,-1.0,4055089,2.2,-449,-0.4,248,236.2,27,3.4
"20000","2","11","54","0","2021","1","N",1,0,0,0,0,0,0,0,"N",0.87,0,0,0,0,0,0,0,"N",0,0.0,0,0,0,0,0,0,0,0,0,0,0,0,0,0
"20000","2","111","55","0","2021","1","N",1,0,0,0,0,0,0,0,"N",60.39,0,0,0,0,0,0,0,"N",0,0.0,0,0,0,0,0,0,0,0,0,0,0,0,0,0
"20000","2","1111","56","0","2021","1","N",1,0,0,0,0,0,0,0,"N",120.77,0,0,0,0,0,0,0,"N",0,0.0,0,0,0,0,0,0,0,0,0,0,0,0,0,0
"20000","2","11119","57","0","2021","1","N",1,0,0,0,0,0,0,0,"N",120.77,0,0,0,0,0,0,0,"N",0,0.0,0,0,0,0,0,0,0,0,0,0,0,0,0,0
"20000","2","111191","58","0","2021","1","N",1,0,0,0,0,0,0,0,"N",120.77,0,0,0,0,0,0,0,"N",0,0.0,0,0,0,0,0,0,0,0,0,0,0,0,0,0
"20000","2","51","54","0","2021","1","N",2,0,0,0,0,0,0,0,"N",0.75,0,0,0,0,0,0,0,"N",0,0.0,0,0,0,0,0,0,0,0,0,0,0,0,0,0
"20000","2","519","55","0","2021","1","N",2,0,0,0,0,0,0,0,"N",1.06,0,0,0,0,0,0,0,"N",0,0.0,0,0,0,0,0,0,0,0,0,0,0,0,0,0
"20000","2","5191","56","0","2021","1","N",2,0,0,0,0,0,0,0,"N",1.06,0,0,0,0,0,0,0,"N",0,0.0,0,0,0,0,0,0,0,0,0,0,0,0,0,0
"20000","2","51912","57","0","2021","1","N",2,0,0,0,0,0,0,0,"N",1.06,0,0,0,0,0,0,0,"N",0,0.0,0,0,0,0,0,0,0,0,0,0,0,0,0,0
"20000","2","519120","58","0","2021","1","N",2,0,0,0,0,0,0,0,"N",1.06,0,0,0,0,0,0,0,"N",0,0.0,0,0,0,0,0,0,0,0,0,0,0,0,0,0
"20000","2","52","54","0","2021","1","N",1,0,0,0,0,0,0,0,"N",1.31,0,0,0,0,0,0,0,"N",0,0.0,0,0,0,0,0,0,0,0,0,0,0,0,0,0
"20000","2","524","55","0","2021","1","N",1,0,0,0,0,0,0,0,"N",2.42,0,0,0,0,0,0,0,"N",0,0.0,0,0,0,0,0,0,0,0,0,0,0,0,0,0
"20000","2","5242","56","0","2021","1","N",1,0,0,0,0,0,0,0,"N",7.10,0,0,0,0,0,0,0,"N",0,0.0,0,0,0,0,0,0,0,0,0,0,0,0,0,0
"20000","2","52421","57","0","2021","1","N",1,0,0,0,0,0,0,0,"N",120.77,0,0,0,0,0,0,0,"N",0,0.0,0,0,0,0,0,0,0,0,0,0,0,0,0,0
"20000","2","524210","58","0","2021","1","N",1,0,0,0,0,0,0,0,"N",120.77,0,0,0,0,0,0,0,"N",0,0.0,0,0,0,0,0,0,0,0,0,0,0,0,0,0
"20000","2","54","54","0","2021","1","",108,563,565,566,7004986,0,0,954,"",23.00,2.40,2.43,2.42,1.99,0.00,0.00,0.82,"",-1,-0.9,-21,-3.6,-17,-2.9,-14,-2.4,-236341,-3.3,0,0.0,0,0.0,-3,-0.3
"20000","2","541","55","0","2021","1","",108,563,565,566,7004986,0,0,954,"",23.00,2.40,2.43,2.42,1.99,0.00,0.00,0.82,"",-1,-0.9,-21,-3.6,-17,-2.9,-14,-2.4,-236341,-3.3,0,0.0,0,0.0,-3,-0.3
"20000","2","5411","56","0","2021","1","",9,176,178,179,2183410,0,0,945,"",54.35,70.16,71.40,71.31,84.60,0.00,0.00,1.19,"",0,0.0,5,2.9,5,2.9,9,5.3,39873,1.9,0,0.0,0,0.0,-17,-1.8
"20000","2","54111","57","0","2021","1","",9,176,178,179,2183410,0,0,945,"",54.35,70.16,71.40,71.31,84.60,0.00,0.00,1.19,"",0,0.0,5,2.9,5,2.9,9,5.3,39873,1.9,0,0.0,0,0.0,-17,-1.8
"20000","2","541110","58","0","2021","1","",9,176,178,179,2183410,0,0,945,"",54.35,70.16,71.40,71.31,84.60,0.00,0.00,1.19,"",0,0.0,5,2.9,5,2.9,9,5.3,39873,1.9,0,0.0,0,0.0,-17,-1.8
"20000","2","5417","56","0","2021","1","",99,387,387,387,4821576,0,0,958,"",70.75,4.37,4.39,4.37,3.39,0.00,0.00,0.77,"",-1,-1.0,-26,-6.3,-22,-5.4,-23,-5.6,-276214,-5.4,0,0.0,0,0.0,3,0.3
"20000","2","54171","57","0","2021","1","",99,387,387,387,4821576,0,0,958,"",73.81,4.40,4.42,4.40,3.41,0.00,0.00,0.77,"",-1,-1.0,-26,-6.3,-22,-5.4,-23,-5.6,-276214,-5.4,0,0.0,0,0.0,3,0.3
"20000","2","541715","58","0","2021","1","",99,387,387,387,4821576,0,0,958,"",77.14,4.43,4.46,4.43,3.43,0.00,0.00,0.77,"",-1,-1.0,-26,-6.3,-22,-5.4,-23,-5.6,-276214,-5.4,0,0.0,0,0.0,3,0.3
"20000","2","61","54","0","2021","1","",22,15392,15680,15592,237024822,16314,388,1172,"",0.33,0.86,0.85,0.84,1.01,0.00,0.02,1.19,"",0,0.0,-796,-4.9,-627,-3.8,-597,-3.7,8762011,3.8,6531,66.8,173,80.5,90,8.3
"20000","2","611","55","0","2021","1","",22,15392,15680,15592,237024822,16314,388,1172,"",0.33,0.86,0.85,0.84,1.01,0.00,0.02,1.19,"",0,0.0,-796,-4.9,-627,-3.8,-597,-3.7,8762011,3.8,6531,66.8,173,80.5,90,8.3
"20000","2","6111","56","0","2021","1","N",2,0,0,0,0,0,0,0,"N",0.27,0,0,0,0,0,0,0,"N",0,0.0,0,0,0,0,0,0,0,0,0,0,0,0,0,0
"20000","2","61111","57","0","2021","1","N",2,0,0,0,0,0,0,0,"N",0.27,0,0,0,0,0,0,0,"N",0,0.0,0,0,0,0,0,0,0,0,0,0,0,0,0,0
"20000","2","611110","58","0","2021","1","N",2,0,0,0,0,0,0,0,"N",0.27,0,0,0,0,0,0,0,"N",0,0.0,0,0,0,0,0,0,0,0,0,0,0,0,0,0
"20000","2","6113","56","0","2021","1","",18,15159,15445,15358,234810543,9292,9,1179,"",0.37,0.98,0.98,0.97,1.11,0.00,0.00,1.13,"",0,0.0,-792,-5.0,-627,-3.9,-599,-3.8,8781402,3.9,3780,68.6,3,50.0,92,8.5
"20000","2","61131","57","0","2021","1","",18,15159,15445,15358,234810543,9292,9,1179,"",0.37,0.98,0.98,0.97,1.11,0.00,0.00,1.13,"",0,0.0,-792,-5.0,-627,-3.9,-599,-3.8,8781402,3.9,3780,68.6,3,50.0,92,8.5
"20000","2","611310","58","0","2021","1","",18,15159,15445,15358,234810543,9292,9,1179,"",0.37,0.98,0.98,0.97,1.11,0.00,0.00,1.13,"",0,0.0,-792,-5.0,-627,-3.9,-599,-3.8,8781402,3.9,3780,68.6,3,50.0,92,8.5
"20000","2","6116","56","0","2021","1","N",1,0,0,0,0,0,0,0,"N",4.03,0,0,0,0,0,0,0,"N",0,0.0,0,0,0,0,0,0,0,0,0,0,0,0,0,0
"20000","2","61169","57","0","2021","1","N",1,0,0,0,0,0,0,0,"N",5.03,0,0,0,0,0,0,0,"N",0,0.0,0,0,0,0,0,0,0,0,0,0,0,0,0,0
"20000","2","611699","58","0","2021","1","N",1,0,0,0,0,0,0,0,"N",6.71,0,0,0,0,0,0,0,"N",0,0.0,0,0,0,0,0,0,0,0,0,0,0,0,0,0
"20000","2","6117","56","0","2021","1","N",1,0,0,0,0,0,0,0,"N",4.83,0,0,0,0,0,0,0,"N",0,0.0,0,0,0,0,0,0,0,0,0,0,0,0,0,0
"20000","2","61171","57","0","2021","1","N",1,0,0,0,0,0,0,0,"N",4.83,0,0,0,0,0,0,0,"N",0,0.0,0,0,0,0,0,0,0,0,0,0,0,0,0,0
"20000","2","611710","58","0","2021","1","N",1,0,0,0,0,0,0,0,"N",4.83,0,0,0,0,0,0,0,"N",0,0.0,0,0,0,0,0,0,0,0,0,0,0,0,0,0
"20000","2","62","54","0","2021","1","",23,6054,6089,6058,75077825,0,0,952,"",0.41,0.98,0.99,0.98,0.98,0.00,0.00,1.00,"",0,0.0,-66,-1.1,-54,-0.9,-55,-0.9,1366274,1.9,0,0.0,0,0.0,26,2.8
"20000","2","621","55","0","2021","1","N",3,0,0,0,0,0,0,0,"N",0.32,0,0,0,0,0,0,0,"N",1,50.0,0,0,0,0,0,0,0,0,0,0,0,0,0,0
"20000","2","6211","56","0","2021","1","N",3,0,0,0,0,0,0,0,"N",1.77,0,0,0,0,0,0,0,"N",1,50.0,0,0,0,0,0,0,0,0,0,0,0,0,0,0
"20000","2","62111","57","0","2021","1","N",3,0,0,0,0,0,0,0,"N",1.77,0,0,0,0,0,0,0,"N",1,50.0,0,0,0,0,0,0,0,0,0,0,0,0,0,0
"20000","2","621111","58","0","2021","1","N",3,0,0,0,0,0,0,0,"N",1.79,0,0,0,0,0,0,0,"N",1,50.0,0,0,0,0,0,0,0,0,0,0,0,0,0,0
"20000","2","622","55","0","2021","1","",5,5494,5525,5480,68850785,0,0,963,"",0.55,1.44,1.46,1.44,1.31,0.00,0.00,0.91,"",0,0.0,-249,-4.3,-249,-4.3,-273,-4.7,-1548681,-2.2,0,0.0,0,0.0,22,2.3
"20000","2","6221","56","0","2021","1","N",1,0,0,0,0,0,0,0,"N",1.07,0,0,0,0,0,0,0,"N",0,0.0,0,0,0,0,0,0,0,0,0,0,0,0,0,0
"20000","2","62211","57","0","2021","1","N",1,0,0,0,0,0,0,0,"N",1.07,0,0,0,0,0,0,0,"N",0,0.0,0,0,0,0,0,0,0,0,0,0,0,0,0,0
"20000","2","622110","58","0","2021","1","N",1,0,0,0,0,0,0,0,"N",1.07,0,0,0,0,0,0,0,"N",0,0.0,0,0,0,0,0,0,0,0,0,0,0,0,0,0
"20000","2","6222","56","0","2021","1","",3,1487,1492,1466,16127514,0,0,837,"",0.38,1.37,1.40,1.38,1.30,0.00,0.00,0.94,"",0,0.0,-42,-2.7,-44,-2.9,-38,-2.5,234264,1.5,0,0.0,0,0.0,34,4.2
"20000","2","62221","57","0","2021","1","",3,1487,1492,1466,16127514,0,0,837,"",0.38,1.37,1.40,1.38,1.30,0.00,0.00,0.94,"",0,0.0,-42,-2.7,-44,-2.9,-38,-2.5,234264,1.5,0,0.0,0,0.0,34,4.2
"20000","2","622210","58","0","2021","1","",3,1487,1492,1466,16127514,0,0,837,"",0.38,1.37,1.40,1.38,1.30,0.00,0.00,0.94,"",0,0.0,-42,-2.7,-44,-2.9,-38,-2.5,234264,1.5,0,0.0,0,0.0,34,4.2
"20000","2","6223","56","0","2021","1","N",1,0,0,0,0,0,0,0,"N",4.16,0,0,0,0,0,0,0,"N",0,0.0,0,0,0,0,0,0,0,0,0,0,0,0,0,0
"20000","2","62231","57","0","2021","1","N",1,0,0,0,0,0,0,0,"N",4.16,0,0,0,0,0,0,0,"N",0,0.0,0,0,0,0,0,0,0,0,0,0,0,0,0,0
"20000","2","622310","58","0","2021","1","N",1,0,0,0,0,0,0,0,"N",4.16,0,0,0,0,0,0,0,"N",0,0.0,0,0,0,0,0,0,0,0,0,0,0,0,0,0
"20000","2","623","55","0","2021","1","N",1,0,0,0,0,0,0,0,"N",0.07,0,0,0,0,0,0,0,"N",0,0.0,0,0,0,0,0,0,0,0,0,0,0,0,0,0
"20000","2","6239","56","0","2021","1","N",1,0,0,0,0,0,0,0,"N",0.43,0,0,0,0,0,0,0,"N",0,0.0,0,0,0,0,0,0,0,0,0,0,0,0,0,0
"20000","2","62399","57","0","2021","1","N",1,0,0,0,0,0,0,0,"N",0.43,0,0,0,0,0,0,0,"N",0,0.0,0,0,0,0,0,0,0,0,0,0,0,0,0,0
"20000","2","623990","58","0","2021","1","N",1,0,0,0,0,0,0,0,"N",0.43,0,0,0,0,0,0,0,"N",0,0.0,0,0,0,0,0,0,0,0,0,0,0,0,0,0
"20000","2","624","55","0","2021","1","",14,277,272,281,2355930,0,0,655,"",0.64,0.29,0.28,0.29,0.25,0.00,0.00,0.85,"",-1,-6.7,-38,-12.1,-34,-11.1,-16,-5.4,-188883,-7.4,0,0.0,0,0.0,15,2.3
"20000","2","6243","56","0","2021","1","",14,277,272,281,2355930,0,0,655,"",2.48,2.23,2.23,2.30,1.89,0.00,0.00,0.84,"",-1,-6.7,-38,-12.1,-34,-11.1,-16,-5.4,-188883,-7.4,0,0.0,0,0.0,15,2.3
"20000","2","62431","57","0","2021","1","",14,277,272,281,2355930,0,0,655,"",2.48,2.23,2.23,2.30,1.89,0.00,0.00,0.84,"",-1,-6.7,-38,-12.1,-34,-11.1,-16,-5.4,-188883,-7.4,0,0.0,0,0.0,15,2.3
"20000","2","624310","58","0","2021","1","",14,277,272,281,2355930,0,0,655,"",2.48,2.23,2.23,2.30,1.89,0.00,0.00,0.84,"",-1,-6.7,-38,-12.1,-34,-11.1,-16,-5.4,-188883,-7.4,0,0.0,0,0.0,15,2.3
"20000","2","71","54","0","2021","1","N",2,0,0,0,0,0,0,0,"N",0.26,0,0,0,0,0,0,0,"N",-1,-33.3,0,0,0,0,0,0,0,0,0,0,0,0,0,0
"20000","2","711","55","0","2021","1","N",2,0,0,0,0,0,0,0,"N",7.32,0,0,0,0,0,0,0,"N",0,0.0,0,0,0,0,0,0,0,0,0,0,0,0,0,0
"20000","2","7113","56","0","2021","1","N",2,0,0,0,0,0,0,0,"N",8.05,0,0,0,0,0,0,0,"N",0,0.0,0,0,0,0,0,0,0,0,0,0,0,0,0,0
"20000","2","71131","57","0","2021","1","N",2,0,0,0,0,0,0,0,"N",8.33,0,0,0,0,0,0,0,"N",0,0.0,0,0,0,0,0,0,0,0,0,0,0,0,0,0
"20000","2","711310","58","0","2021","1","N",2,0,0,0,0,0,0,0,"N",8.33,0,0,0,0,0,0,0,"N",0,0.0,0,0,0,0,0,0,0,0,0,0,0,0,0,0
"20000","2","92","54","0","2021","1","",788,17145,17165,17191,184470873,104967,353,827,"",1.91,1.00,1.02,1.01,0.88,0.01,0.01,0.87,"",-5,-0.6,-133,-0.8,-203,-1.2,-175,-1.0,4055089,2.2,-449,-0.4,248,236.2,27,3.4
"20000","2","921","55","0","2021","1","",87,2327,2331,2342,25099789,99059,347,827,"",1.73,1.06,1.07,1.07,0.86,0.05,0.05,0.81,"",-2,-2.2,28,1.2,4,0.2,-4,-0.2,1189543,5.0,1379,1.4,250,257.7,36,4.6
"20000","2","9211","56","0","2021","1","",87,2327,2331,2342,25099789,99059,347,827,"",1.73,1.06,1.07,1.07,0.86,0.05,0.05,0.81,"",-2,-2.2,28,1.2,4,0.2,-4,-0.2,1189543,5.0,1379,1.4,250,257.7,36,4.6
"20000","2","92111","57","0","2021","1","N",2,0,0,0,0,0,0,0,"N",0.47,0,0,0,0,0,0,0,"N",0,0.0,0,0,0,0,0,0,0,0,0,0,0,0,0,0
"20000","2","921110","58","0","2021","1","N",2,0,0,0,0,0,0,0,"N",0.47,0,0,0,0,0,0,0,"N",0,0.0,0,0,0,0,0,0,0,0,0,0,0,0,0,0
"20000","2","92112","57","0","2021","1","",3,277,280,280,2556472,0,0,705,"",0.74,1.01,1.02,1.01,0.82,0.00,0.00,0.82,"",0,0.0,-37,-11.8,-34,-10.8,-32,-10.3,-15521,-0.6,0,0.0,0,0.0,74,11.7
"20000","2","921120","58","0","2021","1","",3,277,280,280,2556472,0,0,705,"",0.74,1.01,1.02,1.01,0.82,0.00,0.00,0.82,"",0,0.0,-37,-11.8,-34,-10.8,-32,-10.3,-15521,-0.6,0,0.0,0,0.0,74,11.7
"20000","2","92113","57","0","2021","1","",71,1422,1420,1440,15049367,99059,347,811,"",3.54,1.51,1.51,1.52,1.19,0.16,0.14,0.79,"",0,0.0,9,0.6,-17,-1.2,-7,-0.5,351827,2.4,1379,1.4,250,257.7,22,2.8
"20000","2","921130","58","0","2021","1","",71,1422,1420,1440,15049367,99059,347,811,"",3.54,1.51,1.51,1.52,1.19,0.16,0.14,0.79,"",0,0.0,9,0.6,-17,-1.2,-7,-0.5,351827,2.4,1379,1.4,250,257.7,22,2.8
"20000","2","92114","57","0","2021","1","N",9,0,0,0,0,0,0,0,"N",13.10,0,0,0,0,0,0,0,"N",-2,-18.2,0,0,0,0,0,0,0,0,0,0,0,0,0,0
"20000","2","921140","58","0","2021","1","N",9,0,0,0,0,0,0,0,"N",13.10,0,0,0,0,0,0,0,"N",-2,-18.2,0,0,0,0,0,0,0,0,0,0,0,0,0,0
"20000","2","92119","57","0","2021","1","N",2,0,0,0,0,0,0,0,"N",0.09,0,0,0,0,0,0,0,"N",0,0.0,0,0,0,0,0,0,0,0,0,0,0,0,0,0
"20000","2","921190","58","0","2021","1","N",2,0,0,0,0,0,0,0,"N",0.09,0,0,0,0,0,0,0,"N",0,0.0,0,0,0,0,0,0,0,0,0,0,0,0,0,0
"20000","2","922","55","0","2021","1","",272,5862,5859,5813,66592478,0,0,876,"",2.31,0.89,0.90,0.89,0.81,0.00,0.00,0.90,"",-9,-3.2,-295,-4.8,-303,-4.9,-321,-5.2,-160394,-0.2,0,0.0,0,0.0,41,4.9
"20000","2","9221","56","0","2021","1","",272,5862,5859,5813,66592478,0,0,876,"",2.31,0.89,0.90,0.89,0.81,0.00,0.00,0.90,"",-9,-3.2,-295,-4.8,-303,-4.9,-321,-5.2,-160394,-0.2,0,0.0,0,0.0,41,4.9
"20000","2","92211","57","0","2021","1","N",1,0,0,0,0,0,0,0,"N",0.03,0,0,0,0,0,0,0,"N",0,0.0,0,0,0,0,0,0,0,0,0,0,0,0,0,0
"20000","2","922110","58","0","2021","1","N",1,0,0,0,0,0,0,0,"N",0.03,0,0,0,0,0,0,0,"N",0,0.0,0,0,0,0,0,0,0,0,0,0,0,0,0,0
"20000","2","92212","57","0","2021","1","",86,777,773,772,10171536,0,0,1011,"",4.00,0.80,0.81,0.80,0.68,0.00,0.00,0.85,"",0,0.0,-36,-4.4,-39,-4.8,-38,-4.7,-113636,-1.1,0,0.0,0,0.0,36,3.7
"20000","2","922120","58","0","2021","1","",86,777,773,772,10171536,0,0,1011,"",4.00,0.80,0.81,0.80,0.68,0.00,0.00,0.85,"",0,0.0,-36,-4.4,-39,-4.8,-38,-4.7,-113636,-1.1,0,0.0,0,0.0,36,3.7
"20000","2","92213","57","0","2021","1","",125,1972,1972,1965,21411731,0,0,836,"",7.80,3.56,3.59,3.56,2.93,0.00,0.00,0.82,"",-4,-3.1,-51,-2.5,-57,-2.8,-71,-3.5,-163882,-0.8,0,0.0,0,0.0,18,2.2
"20000","2","922130","58","0","2021","1","",125,1972,1972,1965,21411731,0,0,836,"",7.80,3.56,3.59,3.56,2.93,0.00,0.00,0.82,"",-4,-3.1,-51,-2.5,-57,-2.8,-71,-3.5,-163882,-0.8,0,0.0,0,0.0,18,2.2
"20000","2","92214","57","0","2021","1","",38,3042,3039,3003,34242080,0,0,870,"",1.16,0.84,0.85,0.83,0.81,0.00,0.00,0.96,"",-4,-9.5,-206,-6.3,-208,-6.4,-212,-6.6,129450,0.4,0,0.0,0,0.0,59,7.3
"20000","2","922140","58","0","2021","1","",38,3042,3039,3003,34242080,0,0,870,"",1.16,0.84,0.85,0.83,0.81,0.00,0.00,0.96,"",-4,-9.5,-206,-6.3,-208,-6.4,-212,-6.6,129450,0.4,0,0.0,0,0.0,59,7.3
"20000","2","92216","57","0","2021","1","",21,60,63,61,616123,0,0,773,"",21.49,2.92,3.09,2.96,3.25,0.00,0.00,1.09,"",-1,-4.5,-2,-3.2,0,0.0,-1,-1.6,-15041,-2.4,0,0.0,0,0.0,-6,-0.8
"20000","2","922160","58","0","2021","1","",21,60,63,61,616123,0,0,773,"",21.49,2.92,3.09,2.96,3.25,0.00,0.00,1.09,"",-1,-4.5,-2,-3.2,0,0.0,-1,-1.6,-15041,-2.4,0,0.0,0,0.0,-6,-0.8
"20000","2","92219","57","0","2021","1","N",1,0,0,0,0,0,0,0,"N",0.15,0,0,0,0,0,0,0,"N",0,0.0,0,0,0,0,0,0,0,0,0,0,0,0,0,0
"20000","2","922190","58","0","2021","1","N",1,0,0,0,0,0,0,0,"N",0.15,0,0,0,0,0,0,0,"N",0,0.0,0,0,0,0,0,0,0,0,0,0,0,0,0,0
"20000","2","923","55","0","2021","1","",122,4887,4908,4918,49633931,0,0,778,"",1.39,1.24,1.26,1.25,1.10,0.00,0.00,0.88,"",10,8.9,188,4.0,174,3.7,195,4.1,2168780,4.6,0,0.0,0,0.0,4,0.5
"20000","2","9231","56","0","2021","1","",122,4887,4908,4918,49633931,0,0,778,"",1.39,1.24,1.26,1.25,1.10,0.00,0.00,0.88,"",10,8.9,188,4.0,174,3.7,195,4.1,2168780,4.6,0,0.0,0,0.0,4,0.5
"20000","2","92311","57","0","2021","1","",19,296,296,299,4022294,0,0,1042,"",2.03,0.72,0.72,0.73,0.72,0.00,0.00,1.00,"",0,0.0,-5,-1.7,-6,-2.0,-4,-1.3,10394,0.3,0,0.0,0,0.0,20,2.0
"20000","2","923110","58","0","2021","1","",19,296,296,299,4022294,0,0,1042,"",2.03,0.72,0.72,0.73,0.72,0.00,0.00,1.00,"",0,0.0,-5,-1.7,-6,-2.0,-4,-1.3,10394,0.3,0,0.0,0,0.0,20,2.0
"20000","2","92312","57","0","2021","1","",24,1443,1453,1456,15322663,0,0,812,"",0.84,1.08,1.09,1.09,1.00,0.00,0.00,0.92,"",-1,-4.0,60,4.3,43,3.0,42,3.0,827952,5.7,0,0.0,0,0.0,17,2.1
"20000","2","923120","58","0","2021","1","",24,1443,1453,1456,15322663,0,0,812,"",0.84,1.08,1.09,1.09,1.00,0.00,0.00,0.92,"",-1,-4.0,60,4.3,43,3.0,42,3.0,827952,5.7,0,0.0,0,0.0,17,2.1
"20000","2","92313","57","0","2021","1","",79,3148,3159,3163,30288974,0,0,738,"",1.75,1.49,1.51,1.50,1.28,0.00,0.00,0.86,"",11,16.2,133,4.4,137,4.5,157,5.2,1330434,4.6,0,0.0,0,0.0,-1,-0.1
"20000","2","923130","58","0","2021","1","",79,3148,3159,3163,30288974,0,0,738,"",1.75,1.49,1.51,1.50,1.28,0.00,0.00,0.86,"",11,16.2,133,4.4,137,4.5,157,5.2,1330434,4.6,0,0.0,0,0.0,-1,-0.1
"20000","2","924","55","0","2021","1","",70,528,525,564,5230716,0,0,746,"",1.21,0.42,0.42,0.45,0.35,0.00,0.00,0.81,"",0,0.0,-6,-1.1,-14,-2.6,6,1.1,34533,0.7,0,0.0,0,0.0,11,1.5
"20000","2","9241","56","0","2021","1","",70,528,525,564,5230716,0,0,746,"",1.21,0.42,0.42,0.45,0.35,0.00,0.00,0.81,"",0,0.0,-6,-1.1,-14,-2.6,6,1.1,34533,0.7,0,0.0,0,0.0,11,1.5
"20000","2","92411","57","0","2021","1","N",1,0,0,0,0,0,0,0,"N",0.10,0,0,0,0,0,0,0,"N",0,0.0,0,0,0,0,0,0,0,0,0,0,0,0,0,0
"20000","2","924110","58","0","2021","1","N",1,0,0,0,0,0,0,0,"N",0.10,0,0,0,0,0,0,0,"N",0,0.0,0,0,0,0,0,0,0,0,0,0,0,0,0,0
"20000","2","92412","57","0","2021","1","N",69,0,0,0,0,0,0,0,"N",1.45,0,0,0,0,0,0,0,"N",0,0.0,0,0,0,0,0,0,0,0,0,0,0,0,0,0
"20000","2","924120","58","0","2021","1","N",69,0,0,0,0,0,0,0,"N",1.45,0,0,0,0,0,0,0,"N",0,0.0,0,0,0,0,0,0,0,0,0,0,0,0,0,0
"20000","2","925","55","0","2021","1","N",1,0,0,0,0,0,0,0,"N",0.29,0,0,0,0,0,0,0,"N",0,0.0,0,0,0,0,0,0,0,0,0,0,0,0,0,0
"20000","2","9251","56","0","2021","1","N",1,0,0,0,0,0,0,0,"N",0.29,0,0,0,0,0,0,0,"N",0,0.0,0,0,0,0,0,0,0,0,0,0,0,0,0,0
"20000","2","92511","57","0","2021","1","N",1,0,0,0,0,0,0,0,"N",0.52,0,0,0,0,0,0,0,"N",0,0.0,0,0,0,0,0,0,0,0,0,0,0,0,0,0
"20000","2","925110","58","0","2021","1","N",1,0,0,0,0,0,0,0,"N",0.52,0,0,0,0,0,0,0,"N",0,0.0,0,0,0,0,0,0,0,0,0,0,0,0,0,0
"20000","2","926","55","0","2021","1","",225,3261,3258,3269,34793224,0,0,820,"",2.51,1.15,1.16,1.16,1.01,0.00,0.00,0.87,"",-4,-1.7,-48,-1.5,-73,-2.2,-65,-1.9,562700,1.6,0,0.0,0,0.0,28,3.5
"20000","2","9261","56","0","2021","1","",225,3261,3258,3269,34793224,0,0,820,"",2.51,1.15,1.16,1.16,1.01,0.00,0.00,0.87,"",-4,-1.7,-48,-1.5,-73,-2.2,-65,-1.9,562700,1.6,0,0.0,0,0.0,28,3.5
"20000","2","92611","57","0","2021","1","",31,348,343,351,3607397,0,0,799,"",4.59,1.28,1.27,1.30,1.20,0.00,0.00,0.93,"",-2,-6.1,10,3.0,-9,-2.6,4,1.2,180305,5.3,0,0.0,0,0.0,36,4.7
"20000","2","926110","58","0","2021","1","",31,348,343,351,3607397,0,0,799,"",4.59,1.28,1.27,1.30,1.20,0.00,0.00,0.93,"",-2,-6.1,10,3.0,-9,-2.6,4,1.2,180305,5.3,0,0.0,0,0.0,36,4.7
"20000","2","92612","57","0","2021","1","",101,2137,2135,2145,22167074,0,0,797,"",3.09,1.26,1.27,1.27,1.03,0.00,0.00,0.81,"",0,0.0,-19,-0.9,-31,-1.4,-38,-1.7,482187,2.2,0,0.0,0,0.0,28,3.6
"20000","2","926120","58","0","2021","1","",101,2137,2135,2145,22167074,0,0,797,"",3.09,1.26,1.27,1.27,1.03,0.00,0.00,0.81,"",0,0.0,-19,-0.9,-31,-1.4,-38,-1.7,482187,2.2,0,0.0,0,0.0,28,3.6
"20000","2","92613","57","0","2021","1","",14,161,164,163,2091539,0,0,989,"",4.50,2.07,2.12,2.09,1.51,0.00,0.00,0.72,"",-1,-6.7,-10,-5.8,-6,-3.5,-11,-6.3,-32550,-1.5,0,0.0,0,0.0,37,3.9
"20000","2","926130","58","0","2021","1","",14,161,164,163,2091539,0,0,989,"",4.50,2.07,2.12,2.09,1.51,0.00,0.00,0.72,"",-1,-6.7,-10,-5.8,-6,-3.5,-11,-6.3,-32550,-1.5,0,0.0,0,0.0,37,3.9
"20000","2","92614","57","0","2021","1","",57,323,322,320,3498572,0,0,837,"",2.23,1.08,1.08,1.07,1.20,0.00,0.00,1.12,"",0,0.0,-29,-8.2,-32,-9.0,-20,-5.9,-221371,-6.0,0,0.0,0,0.0,16,1.9
"20000","2","926140","58","0","2021","1","",57,323,322,320,3498572,0,0,837,"",2.23,1.08,1.08,1.07,1.20,0.00,0.00,1.12,"",0,0.0,-29,-8.2,-32,-9.0,-20,-5.9,-221371,-6.0,0,0.0,0,0.0,16,1.9
"20000","2","92615","57","0","2021","1","",22,292,294,290,3428642,0,0,903,"",1.02,0.60,0.61,0.60,0.59,0.00,0.00,0.97,"",-1,-4.3,0,0.0,5,1.7,0,0.0,154129,4.7,0,0.0,0,0.0,35,4.0
"20000","2","926150","58","0","2021","1","",22,292,294,290,3428642,0,0,903,"",1.02,0.60,0.61,0.60,0.59,0.00,0.00,0.97,"",-1,-4.3,0,0.0,5,1.7,0,0.0,154129,4.7,0,0.0,0,0.0,35,4.0
"20000","2","928","55","0","2021","1","N",11,0,0,0,0,0,0,0,"N",1.86,0,0,0,0,0,0,0,"N",0,0.0,0,0,0,0,0,0,0,0,0,0,0,0,0,0
"20000","2","9281","56","0","2021","1","N",11,0,0,0,0,0,0,0,"N",1.86,0,0,0,0,0,0,0,"N",0,0.0,0,0,0,0,0,0,0,0,0,0,0,0,0,0
"20000","2","92811","57","0","2021","1","N",11,0,0,0,0,0,0,0,"N",1.87,0,0,0,0,0,0,0,"N",0,0.0,0,0,0,0,0,0,0,0,0,0,0,0,0,0
"20000","2","928110","58","0","2021","1","N",11,0,0,0,0,0,0,0,"N",1.87,0,0,0,0,0,0,0,"N",0,0.0,0,0,0,0,0,0,0,0,0,0,0,0,0,0
"20000","3","10","51","0","2021","1","",2715,172560,174817,176037,1695376696,1582989973,2280346,747,"",1.92,1.32,1.35,1.34,1.23,14.10,2.22,0.92,"",-8,-0.3,-8543,-4.7,-8886,-4.8,-8129,-4.4,-21105352,-1.2,-11518856,-0.7,148819,7.0,25,3.5
"20000","3","101","52","0","2021","1","",383,644,665,670,2933628,2241135,3886,342,"",10.53,0.64,0.67,0.67,0.28,1.67,0.22,0.43,"",1,0.3,-39,-5.7,-35,-5.0,-45,-6.3,-36921,-1.2,-49816,-2.2,968,33.2,15,4.6
"20000","3","1012","53","0","2021","1","",383,644,665,670,2933628,2241135,3886,342,"",10.80,0.66,0.68,0.69,0.29,1.87,0.30,0.43,"",1,0.3,-39,-5.7,-35,-5.0,-45,-6.3,-36921,-1.2,-49816,-2.2,968,33.2,15,4.6
"20000","3","102","52","0","2021","1","",2332,171916,174152,175367,1692443068,1580748838,2276460,749,"",1.69,1.33,1.35,1.35,1.23,14.25,2.25,0.92,"",-9,-0.4,-8504,-4.7,-8851,-4.8,-8084,-4.4,-21068431,-1.2,-11469040,-0.7,147851,6.9,26,3.6
"20000","3","1021","53","0","2021","1","",233,2413,2397,2388,32761432,31647608,70187,1050,"",2.34,0.47,0.47,0.47,0.49,4.23,1.00,1.05,"",-1,-0.4,-76,-3.1,-80,-3.2,-79,-3.2,-985677,-2.9,-1086807,-3.3,9967,16.6,2,0.2
"20000","3","1022","53","0","2021","1","",219,1542,1545,1541,9412702,8882354,17101,469,"",5.17,1.39,1.40,1.39,1.23,8.11,2.15,0.88,"",-2,-0.9,-250,-14.0,-246,-13.7,-247,-13.8,-1148168,-10.9,-343615,-3.7,1446,9.2,15,3.3
"20000","3","1023","53","0","2021","1","",38,275,278,270,2628433,2395116,21761,737,"",2.40,0.67,0.68,0.66,0.57,1.05,0.67,0.85,"",-2,-5.0,-5,-1.8,-6,-2.1,-14,-4.9,67329,2.6,54078,2.3,4741,27.9,40,5.7
"20000","3","1024","53","0","2021","1","",18,100,99,99,1039758,1039121,2041,805,"",0.48,0.12,0.12,0.12,0.12,0.52,0.05,1.00,"",-1,-5.3,6,6.4,6,6.5,4,4.2,-89531,-7.9,-89568,-7.9,-2630,-56.3,-119,-12.9
"20000","3","1025","53","0","2021","1","",530,114850,117515,118196,1113070513,1045179266,1225667,733,"",0.88,1.42,1.45,1.45,1.35,25.89,4.77,0.94,"",1,0.2,-6074,-5.0,-6156,-5.0,-5797,-4.7,8033202,0.7,6734705,0.6,21935,1.8,41,5.9
"20000","3","1026","53","0","2021","1","",86,3354,3443,3455,19160758,18362446,196677,431,"",2.24,1.19,1.22,1.20,0.96,2.22,1.39,0.79,"",-2,-2.3,-749,-18.3,-851,-19.8,-789,-18.6,-3676706,-16.1,3266752,21.6,148242,306.1,14,3.4
"20000","3","1027","53","0","2021","1","",72,139,137,143,563288,455552,1818,310,"",4.12,0.46,0.46,0.48,0.20,0.66,0.17,0.43,"",-1,-1.4,-6,-4.1,-4,-2.8,-4,-2.7,-21996,-3.8,-34126,-7.0,465,34.4,-2,-0.6
"20000","3","1028","53","0","2021","1","",1136,49243,48738,49275,513806184,472787375,741208,805,"",2.17,1.30,1.30,1.31,1.18,9.70,1.64,0.90,"",-1,-0.1,-1350,-2.7,-1514,-3.0,-1158,-2.3,-23246884,-4.3,-19970459,-4.1,-36315,-4.7,-14,-1.7
"20000","3","22","54","0","2021","1","",217,1916,1904,1903,27461509,26407789,55703,1107,"",3.12,0.82,0.82,0.82,0.82,5.99,1.34,1.00,"",-1,-0.5,-48,-2.4,-50,-2.6,-48,-2.5,-875073,-3.1,-967585,-3.5,9982,21.8,-7,-0.6
"20000","3","221","55","0","2021","1","",217,1916,1904,1903,27461509,26407789,55703,1107,"",3.12,0.82,0.82,0.82,0.82,5.99,1.34,1.00,"",-1,-0.5,-48,-2.4,-50,-2.6,-48,-2.5,-875073,-3.1,-967585,-3.5,9982,21.8,-7,-0.6
"20000","3","2211","56","0","2021","1","N",8,0,0,0,0,0,0,0,"N",1.03,0,0,0,0,0,0,0,"N",0,0.0,0,0,0,0,0,0,0,0,0,0,0,0,0,0
"20000","3","22111","57","0","2021","1","",4,130,133,133,1091312,1091312,1092,636,"",1.90,0.66,0.69,0.68,0.31,2.60,0.28,0.46,"",0,0.0,4,3.2,8,6.4,0,0.0,-1917,-0.2,-1917,-0.2,-35,-3.1,-21,-3.2
"20000","3","221112","58","0","2021","1","",4,130,133,133,1091312,1091312,1092,636,"",2.54,0.91,0.94,0.94,0.44,23.23,3.29,0.47,"",0,0.0,4,3.2,8,6.4,0,0.0,-1917,-0.2,-1917,-0.2,-35,-3.1,-21,-3.2
"20000","3","22112","57","0","2021","1","N",4,0,0,0,0,0,0,0,"N",0.71,0,0,0,0,0,0,0,"N",0,0.0,0,0,0,0,0,0,0,0,0,0,0,0,0,0
"20000","3","221122","58","0","2021","1","N",4,0,0,0,0,0,0,0,"N",0.78,0,0,0,0,0,0,0,"N",0,0.0,0,0,0,0,0,0,0,0,0,0,0,0,0,0
"20000","3","2212","56","0","2021","1","N",2,0,0,0,0,0,0,0,"N",1.18,0,0,0,0,0,0,0,"N",0,0.0,0,0,0,0,0,0,0,0,0,0,0,0,0,0
"20000","3","22121","57","0","2021","1","N",2,0,0,0,0,0,0,0,"N",1.18,0,0,0,0,0,0,0,"N",0,0.0,0,0,0,0,0,0,0,0,0,0,0,0,0,0
"20000","3","221210","58","0","2021","1","N",2,0,0,0,0,0,0,0,"N",1.18,0,0,0,0,0,0,0,"N",0,0.0,0,0,0,0,0,0,0,0,0,0,0,0,0,0
"20000","3","2213","56","0","2021","1","",207,1198,1180,1180,13698783,12645063,41919,888,"",3.44,0.77,0.77,0.77,0.70,3.71,1.19,0.91,"",-1,-0.5,-20,-1.6,-46,-3.8,-32,-2.6,789636,6.1,697124,5.8,11639,38.4,73,9.0
"20000","3","22131","57","0","2021","1","N",205,0,0,0,0,0,0,0,"N",5.02,0,0,0,0,0,0,0,"N",-1,-0.5,0,0,0,0,0,0,0,0,0,0,0,0,0,0
"20000","3","221310","58","0","2021","1","N",205,0,0,0,0,0,0,0,"N",5.02,0,0,0,0,0,0,0,"N",-1,-0.5,0,0,0,0,0,0,0,0,0,0,0,0,0,0
"20000","3","22132","57","0","2021","1","N",2,0,0,0,0,0,0,0,"N",0.10,0,0,0,0,0,0,0,"N",0,0.0,0,0,0,0,0,0,0,0,0,0,0,0,0,0
"20000","3","221320","58","0","2021","1","N",2,0,0,0,0,0,0,0,"N",0.10,0,0,0,0,0,0,0,"N",0,0.0,0,0,0,0,0,0,0,0,0,0,0,0,0,0
"20000","3","23","54","0","2021","1","",383,644,665,670,2933628,2241135,3886,342,"",10.80,0.66,0.68,0.69,0.29,1.87,0.30,0.43,"",1,0.3,-39,-5.7,-35,-5.0,-45,-6.3,-36921,-1.2,-49816,-2.2,968,33.2,15,4.6
"20000","3","237","55","0","2021","1","N",381,0,0,0,0,0,0,0,"N",11.22,0,0,0,0,0,0,0,"N",1,0.3,0,0,0,0,0,0,0,0,0,0,0,0,0,0
"20000","3","2373","56","0","2021","1","N",381,0,0,0,0,0,0,0,"N",11.67,0,0,0,0,0,0,0,"N",1,0.3,0,0,0,0,0,0,0,0,0,0,0,0,0,0
"20000","3","23731","57","0","2021","1","N",381,0,0,0,0,0,0,0,"N",11.67,0,0,0,0,0,0,0,"N",1,0.3,0,0,0,0,0,0,0,0,0,0,0,0,0,0
"20000","3","237310","58","0","2021","1","N",381,0,0,0,0,0,0,0,"N",11.67,0,0,0,0,0,0,0,"N",1,0.3,0,0,0,0,0,0,0,0,0,0,0,0,0,0
"20000","3","238","55","0","2021","1","N",2,0,0,0,0,0,0,0,"N",3.50,0,0,0,0,0,0,0,"N",0,0.0,0,0,0,0,0,0,0,0,0,0,0,0,0,0
"20000","3","2389","56","0","2021","1","N",2,0,0,0,0,0,0,0,"N",16.10,0,0,0,0,0,0,0,"N",0,0.0,0,0,0,0,0,0,0,0,0,0,0,0,0,0
"20000","3","23891","57","0","2021","1","N",2,0,0,0,0,0,0,0,"N",40.26,0,0,0,0,0,0,0,"N",0,0.0,0,0,0,0,0,0,0,0,0,0,0,0,0,0
"20000","3","238912","58","0","2021","1","N",2,0,0,0,0,0,0,0,"N",48.31,0,0,0,0,0,0,0,"N",0,0.0,0,0,0,0,0,0,0,0,0,0,0,0,0,0
"20000","3","44-45","54","0","2021","1","N",1,0,0,0,0,0,0,0,"N",0.18,0,0,0,0,0,0,0,"N",0,0.0,0,0,0,0,0,0,0,0,0,0,0,0,0,0
"20000","3","447","55","0","2021","1","N",1,0,0,0,0,0,0,0,"N",1.36,0,0,0,0,0,0,0,"N",0,0.0,0,0,0,0,0,0,0,0,0,0,0,0,0,0
"20000","3","4471","56","0","2021","1","N",1,0,0,0,0,0,0,0,"N",1.36,0,0,0,0,0,0,0,"N",0,0.0,0,0,0,0,0,0,0,0,0,0,0,0,0,0
"20000","3","44711","57","0","2021","1","N",1,0,0,0,0,0,0,0,"N",1.46,0,0,0,0,0,0,0,"N",0,0.0,0,0,0,0,0,0,0,0,0,0,0,0,0,0
"20000","3","447110","58","0","2021","1","N",1,0,0,0,0,0,0,0,"N",1.46,0,0,0,0,0,0,0,"N",0,0.0,0,0,0,0,0,0,0,0,0,0,0,0,0,0
"20000","3","48-49","54","0","2021","1","N",15,0,0,0,0,0,0,0,"N",0.63,0,0,0,0,0,0,0,"N",0,0.0,0,0,0,0,0,0,0,0,0,0,0,0,0,0
"20000","3","485","55","0","2021","1","N",2,0,0,0,0,0,0,0,"N",0.14,0,0,0,0,0,0,0,"N",0,0.0,0,0,0,0,0,0,0,0,0,0,0,0,0,0
"20000","3","4851","56","0","2021","1","N",2,0,0,0,0,0,0,0,"N",0.48,0,0,0,0,0,0,0,"N",0,0.0,0,0,0,0,0,0,0,0,0,0,0,0,0,0
"20000","3","48511","57","0","2021","1","N",2,0,0,0,0,0,0,0,"N",0.48,0,0,0,0,0,0,0,"N",0,0.0,0,0,0,0,0,0,0,0,0,0,0,0,0,0
"20000","3","485113","58","0","2021","1","N",2,0,0,0,0,0,0,0,"N",0.65,0,0,0,0,0,0,0,"N",0,0.0,0,0,0,0,0,0,0,0,0,0,0,0,0,0
"20000","3","488","55","0","2021","1","",13,367,361,356,3994780,3936913,5791,850,"",1.86,0.86,0.86,0.85,0.67,7.08,0.96,0.78,"",0,0.0,-15,-3.9,-21,-5.5,-24,-6.3,61042,1.6,51874,1.3,1944,50.5,56,7.1
"20000","3","4881","56","0","2021","1","",4,28,28,27,313348,255481,2084,871,"",0.84,0.09,0.09,0.09,0.08,0.76,0.59,0.83,"",0,0.0,0,0.0,1,3.7,2,8.0,26028,9.1,16860,7.1,1903,1051.4,42,5.1
"20000","3","48811","57","0","2021","1","N",3,0,0,0,0,0,0,0,"N",0.64,0,0,0,0,0,0,0,"N",0,0.0,0,0,0,0,0,0,0,0,0,0,0,0,0,0
"20000","3","488119","58","0","2021","1","N",3,0,0,0,0,0,0,0,"N",0.68,0,0,0,0,0,0,0,"N",0,0.0,0,0,0,0,0,0,0,0,0,0,0,0,0,0
"20000","3","48819","57","0","2021","1","N",1,0,0,0,0,0,0,0,"N",20.13,0,0,0,0,0,0,0,"N",0,0.0,0,0,0,0,0,0,0,0,0,0,0,0,0,0
"20000","3","488190","58","0","2021","1","N",1,0,0,0,0,0,0,0,"N",20.13,0,0,0,0,0,0,0,"N",0,0.0,0,0,0,0,0,0,0,0,0,0,0,0,0,0
"20000","3","4884","56","0","2021","1","",9,339,333,329,3681432,3681432,3707,849,"",7.71,7.69,7.63,7.51,6.82,34.35,3.55,0.90,"",0,0.0,-15,-4.2,-22,-6.2,-26,-7.3,35014,1.0,35014,1.0,41,1.1,58,7.3
"20000","3","48849","57","0","2021","1","",9,339,333,329,3681432,3681432,3707,849,"N",7.82,0,0,0,0,0,0,0,"",0,0.0,-15,-4.2,-22,-6.2,-26,-7.3,35014,1.0,35014,1.0,41,1.1,58,7.3
"20000","3","488490","58","0","2021","1","",9,339,333,329,3681432,3681432,3707,849,"N",7.82,0,0,0,0,0,0,0,"",0,0.0,-15,-4.2,-22,-6.2,-26,-7.3,35014,1.0,35014,1.0,41,1.1,58,7.3
"20000","3","51","54","0","2021","1","",219,1542,1545,1541,9412702,8882354,17101,469,"",5.17,1.39,1.40,1.39,1.23,8.11,2.15,0.88,"",-2,-0.9,-250,-14.0,-246,-13.7,-247,-13.8,-1148168,-10.9,-343615,-3.7,1446,9.2,15,3.3
"20000","3","519","55","0","2021","1","",219,1542,1545,1541,9412702,8882354,17101,469,"",5.37,1.44,1.45,1.44,1.32,8.65,2.32,0.91,"",-2,-0.9,-250,-14.0,-246,-13.7,-247,-13.8,-1148168,-10.9,-343615,-3.7,1446,9.2,15,3.3
"20000","3","5191","56","0","2021","1","",219,1542,1545,1541,9412702,8882354,17101,469,"",5.37,1.44,1.45,1.44,1.32,8.65,2.32,0.91,"",-2,-0.9,-250,-14.0,-246,-13.7,-247,-13.8,-1148168,-10.9,-343615,-3.7,1446,9.2,15,3.3
"20000","3","51912","57","0","2021","1","",219,1542,1545,1541,9412702,8882354,17101,469,"N",5.38,0,0,0,0,0,0,0,"",-2,-0.9,-250,-14.0,-246,-13.7,-247,-13.8,-1148168,-10.9,-343615,-3.7,1446,9.2,15,3.3
"20000","3","519120","58","0","2021","1","",219,1542,1545,1541,9412702,8882354,17101,469,"N",5.38,0,0,0,0,0,0,0,"",-2,-0.9,-250,-14.0,-246,-13.7,-247,-13.8,-1148168,-10.9,-343615,-3.7,1446,9.2,15,3.3
"20000","3","52","54","0","2021","1","N",1,0,0,0,0,0,0,0,"N",0.68,0,0,0,0,0,0,0,"N",0,0.0,0,0,0,0,0,0,0,0,0,0,0,0,0,0
"20000","3","522","55","0","2021","1","N",1,0,0,0,0,0,0,0,"N",3.10,0,0,0,0,0,0,0,"N",0,0.0,0,0,0,0,0,0,0,0,0,0,0,0,0,0
"20000","3","5222","56","0","2021","1","N",1,0,0,0,0,0,0,0,"N",4.16,0,0,0,0,0,0,0,"N",0,0.0,0,0,0,0,0,0,0,0,0,0,0,0,0,0
"20000","3","52229","57","0","2021","1","N",1,0,0,0,0,0,0,0,"N",4.31,0,0,0,0,0,0,0,"N",0,0.0,0,0,0,0,0,0,0,0,0,0,0,0,0,0
"20000","3","522291","58","0","2021","1","N",1,0,0,0,0,0,0,0,"N",6.36,0,0,0,0,0,0,0,"N",0,0.0,0,0,0,0,0,0,0,0,0,0,0,0,0,0
"20000","3","53","54","0","2021","1","N",37,0,0,0,0,0,0,0,"N",2.58,0,0,0,0,0,0,0,"N",-2,-5.1,0,0,0,0,0,0,0,0,0,0,0,0,0,0
"20000","3","531","55","0","2021","1","N",37,0,0,0,0,0,0,0,"N",2.59,0,0,0,0,0,0,0,"N",-2,-5.1,0,0,0,0,0,0,0,0,0,0,0,0,0,0
"20000","3","5311","56","0","2021","1","",31,206,208,203,1769206,1739765,7998,662,"",3.07,0.84,0.86,0.83,0.73,1.36,0.45,0.87,"",-2,-6.1,-8,-3.7,-9,-4.1,-11,-5.1,72873,4.3,72243,4.3,2643,49.4,55,9.1
"20000","3","53111","57","0","2021","1","",31,206,208,203,1769206,1739765,7998,662,"",3.32,0.88,0.90,0.88,0.77,1.45,0.47,0.87,"",-2,-6.1,-8,-3.7,-9,-4.1,-11,-5.1,72873,4.3,72243,4.3,2643,49.4,55,9.1
"20000","3","531110","58","0","2021","1","",31,206,208,203,1769206,1739765,7998,662,"",3.32,0.88,0.90,0.88,0.77,1.45,0.47,0.87,"",-2,-6.1,-8,-3.7,-9,-4.1,-11,-5.1,72873,4.3,72243,4.3,2643,49.4,55,9.1
"20000","3","5313","56","0","2021","1","N",6,0,0,0,0,0,0,0,"N",1.60,0,0,0,0,0,0,0,"N",0,0.0,0,0,0,0,0,0,0,0,0,0,0,0,0,0
"20000","3","53131","57","0","2021","1","N",6,0,0,0,0,0,0,0,"N",1.65,0,0,0,0,0,0,0,"N",0,0.0,0,0,0,0,0,0,0,0,0,0,0,0,0,0
"20000","3","531311","58","0","2021","1","N",6,0,0,0,0,0,0,0,"N",1.73,0,0,0,0,0,0,0,"N",0,0.0,0,0,0,0,0,0,0,0,0,0,0,0,0,0
"20000","3","54","54","0","2021","1","",3,16,16,15,129153,129153,668,634,"",0.33,0.08,0.08,0.08,0.05,0.33,0.18,0.63,"",0,0.0,3,23.1,3,23.1,1,7.1,21716,20.2,21716,20.2,560,518.5,14,2.3
"20000","3","541","55","0","2021","1","",3,16,16,15,129153,129153,668,634,"",0.33,0.08,0.08,0.08,0.05,0.33,0.18,0.63,"",0,0.0,3,23.1,3,23.1,1,7.1,21716,20.2,21716,20.2,560,518.5,14,2.3
"20000","3","5413","56","0","2021","1","N",1,0,0,0,0,0,0,0,"N",0.24,0,0,0,0,0,0,0,"N",0,0.0,0,0,0,0,0,0,0,0,0,0,0,0,0,0
"20000","3","54132","57","0","2021","1","N",1,0,0,0,0,0,0,0,"N",5.03,0,0,0,0,0,0,0,"N",0,0.0,0,0,0,0,0,0,0,0,0,0,0,0,0,0
"20000","3","541320","58","0","2021","1","N",1,0,0,0,0,0,0,0,"N",5.03,0,0,0,0,0,0,0,"N",0,0.0,0,0,0,0,0,0,0,0,0,0,0,0,0,0
"20000","3","5416","56","0","2021","1","N",1,0,0,0,0,0,0,0,"N",1.05,0,0,0,0,0,0,0,"N",0,0.0,0,0,0,0,0,0,0,0,0,0,0,0,0,0
"20000","3","54162","57","0","2021","1","N",1,0,0,0,0,0,0,0,"N",8.05,0,0,0,0,0,0,0,"N",0,0.0,0,0,0,0,0,0,0,0,0,0,0,0,0,0
"20000","3","541620","58","0","2021","1","N",1,0,0,0,0,0,0,0,"N",8.05,0,0,0,0,0,0,0,"N",0,0.0,0,0,0,0,0,0,0,0,0,0,0,0,0,0
"20000","3","5419","56","0","2021","1","N",1,0,0,0,0,0,0,0,"N",6.04,0,0,0,0,0,0,0,"N",0,0.0,0,0,0,0,0,0,0,0,0,0,0,0,0,0
"20000","3","54191","57","0","2021","1","N",1,0,0,0,0,0,0,0,"N",120.77,0,0,0,0,0,0,0,"N",0,0.0,0,0,0,0,0,0,0,0,0,0,0,0,0,0
"20000","3","541910","58","0","2021","1","N",1,0,0,0,0,0,0,0,"N",120.77,0,0,0,0,0,0,0,"N",0,0.0,0,0,0,0,0,0,0,0,0,0,0,0,0,0
"20000","3","56","54","0","2021","1","",15,84,83,84,910605,909968,1373,837,"",0.53,0.13,0.13,0.13,0.14,0.56,0.04,1.12,"",-1,-6.2,3,3.7,3,3.8,3,3.7,-111247,-10.9,-111284,-10.9,-3190,-69.9,-137,-14.1
"20000","3","561","55","0","2021","1","N",14,0,0,0,0,0,0,0,"N",0.75,0,0,0,0,0,0,0,"N",-1,-6.7,0,0,0,0,0,0,0,0,0,0,0,0,0,0
"20000","3","5611","56","0","2021","1","N",1,0,0,0,0,0,0,0,"N",0.98,0,0,0,0,0,0,0,"N",-1,-50.0,0,0,0,0,0,0,0,0,0,0,0,0,0,0
"20000","3","56111","57","0","2021","1","N",1,0,0,0,0,0,0,0,"N",0.98,0,0,0,0,0,0,0,"N",-1,-50.0,0,0,0,0,0,0,0,0,0,0,0,0,0,0
"20000","3","561110","58","0","2021","1","N",1,0,0,0,0,0,0,0,"N",0.98,0,0,0,0,0,0,0,"N",-1,-50.0,0,0,0,0,0,0,0,0,0,0,0,0,0,0
"20000","3","5612","56","0","2021","1","N",1,0,0,0,0,0,0,0,"N",0.72,0,0,0,0,0,0,0,"N",0,0.0,0,0,0,0,0,0,0,0,0,0,0,0,0,0
"20000","3","56121","57","0","2021","1","N",1,0,0,0,0,0,0,0,"N",0.72,0,0,0,0,0,0,0,"N",0,0.0,0,0,0,0,0,0,0,0,0,0,0,0,0,0
"20000","3","561210","58","0","2021","1","N",1,0,0,0,0,0,0,0,"N",0.72,0,0,0,0,0,0,0,"N",0,0.0,0,0,0,0,0,0,0,0,0,0,0,0,0,0
"20000","3","5615","56","0","2021","1","N",2,0,0,0,0,0,0,0,"N",2.10,0,0,0,0,0,0,0,"N",-1,-33.3,0,0,0,0,0,0,0,0,0,0,0,0,0,0
"20000","3","56159","57","0","2021","1","N",2,0,0,0,0,0,0,0,"N",2.14,0,0,0,0,0,0,0,"N",-1,-33.3,0,0,0,0,0,0,0,0,0,0,0,0,0,0
"20000","3","561591","58","0","2021","1","N",1,0,0,0,0,0,0,0,"N",1.20,0,0,0,0,0,0,0,"N",-1,-50.0,0,0,0,0,0,0,0,0,0,0,0,0,0,0
"20000","3","561599","58","0","2021","1","N",1,0,0,0,0,0,0,0,"N",10.06,0,0,0,0,0,0,0,"N",0,0.0,0,0,0,0,0,0,0,0,0,0,0,0,0,0
"20000","3","5617","56","0","2021","1","",10,27,27,28,286882,286245,696,807,"",0.81,0.12,0.12,0.13,0.15,3.86,0.98,1.20,"",1,11.1,4,17.4,5,22.7,6,27.3,7132,2.5,7095,2.5,436,167.7,-157,-16.3
"20000","3","56172","57","0","2021","1","N",1,0,0,0,0,0,0,0,"N",0.13,0,0,0,0,0,0,0,"N",0,0.0,0,0,0,0,0,0,0,0,0,0,0,0,0,0
"20000","3","561720","58","0","2021","1","N",1,0,0,0,0,0,0,0,"N",0.13,0,0,0,0,0,0,0,"N",0,0.0,0,0,0,0,0,0,0,0,0,0,0,0,0,0
"20000","3","56173","57","0","2021","1","N",9,0,0,0,0,0,0,0,"N",4.67,0,0,0,0,0,0,0,"N",1,12.5,0,0,0,0,0,0,0,0,0,0,0,0,0,0
"20000","3","561730","58","0","2021","1","N",9,0,0,0,0,0,0,0,"N",4.67,0,0,0,0,0,0,0,"N",1,12.5,0,0,0,0,0,0,0,0,0,0,0,0,0,0
"20000","3","562","55","0","2021","1","N",1,0,0,0,0,0,0,0,"N",0.11,0,0,0,0,0,0,0,"N",0,0.0,0,0,0,0,0,0,0,0,0,0,0,0,0,0
"20000","3","5622","56","0","2021","1","N",1,0,0,0,0,0,0,0,"N",0.16,0,0,0,0,0,0,0,"N",0,0.0,0,0,0,0,0,0,0,0,0,0,0,0,0,0
"20000","3","56221","57","0","2021","1","N",1,0,0,0,0,0,0,0,"N",0.16,0,0,0,0,0,0,0,"N",0,0.0,0,0,0,0,0,0,0,0,0,0,0,0,0,0
"20000","3","562212","58","0","2021","1","N",1,0,0,0,0,0,0,0,"N",0.21,0,0,0,0,0,0,0,"N",0,0.0,0,0,0,0,0,0,0,0,0,0,0,0,0,0
"20000","3","61","54","0","2021","1","",422,102454,105169,105826,954965967,904129443,1018488,703,"",0.77,1.42,1.46,1.45,1.33,29.33,6.34,0.92,"",0,0.0,-5973,-5.5,-6096,-5.5,-5794,-5.2,3497375,0.4,3183365,0.4,11565,1.1,40,6.0
"20000","3","611","55","0","2021","1","",422,102454,105169,105826,954965967,904129443,1018488,703,"",0.77,1.42,1.46,1.45,1.33,29.33,6.34,0.92,"",0,0.0,-5973,-5.5,-6096,-5.5,-5794,-5.2,3497375,0.4,3183365,0.4,11565,1.1,40,6.0
"20000","3","6111","56","0","2021","1","",346,93912,94857,95283,860081216,822780437,847884,699,"",0.66,1.39,1.41,1.40,1.28,29.09,5.72,0.91,"",0,0.0,-5126,-5.2,-5385,-5.4,-5041,-5.0,7416366,0.9,6112796,0.7,-5187,-0.6,42,6.4
"20000","3","61111","57","0","2021","1","",346,93912,94857,95283,860081216,822780437,847884,699,"",0.66,1.39,1.41,1.40,1.28,29.09,5.72,0.91,"",0,0.0,-5126,-5.2,-5385,-5.4,-5041,-5.0,7416366,0.9,6112796,0.7,-5187,-0.6,42,6.4
"20000","3","611110","58","0","2021","1","",346,93912,94857,95283,860081216,822780437,847884,699,"",0.66,1.39,1.41,1.40,1.28,29.09,5.72,0.91,"",0,0.0,-5126,-5.2,-5385,-5.4,-5041,-5.0,7416366,0.9,6112796,0.7,-5187,-0.6,42,6.4
"20000","3","6112","56","0","2021","1","",60,6416,7933,8163,71798691,71798691,103540,736,"",5.25,1.96,2.21,2.22,2.12,39.04,12.56,0.99,"",0,0.0,-761,-10.6,-570,-6.7,-607,-6.9,-2463110,-3.3,-2463110,-3.3,7380,7.7,35,5.0
"20000","3","61121","57","0","2021","1","",60,6416,7933,8163,71798691,71798691,103540,736,"",5.25,1.96,2.21,2.22,2.12,39.04,12.56,0.99,"",0,0.0,-761,-10.6,-570,-6.7,-607,-6.9,-2463110,-3.3,-2463110,-3.3,7380,7.7,35,5.0
"20000","3","611210","58","0","2021","1","",60,6416,7933,8163,71798691,71798691,103540,736,"",5.25,1.96,2.21,2.22,2.12,39.04,12.56,0.99,"",0,0.0,-761,-10.6,-570,-6.7,-607,-6.9,-2463110,-3.3,-2463110,-3.3,7380,7.7,35,5.0
"20000","3","6113","56","0","2021","1","N",1,0,0,0,0,0,0,0,"N",0.37,0,0,0,0,0,0,0,"N",0,0.0,0,0,0,0,0,0,0,0,0,0,0,0,0,0
"20000","3","61131","57","0","2021","1","N",1,0,0,0,0,0,0,0,"N",0.37,0,0,0,0,0,0,0,"N",0,0.0,0,0,0,0,0,0,0,0,0,0,0,0,0,0
"20000","3","611310","58","0","2021","1","N",1,0,0,0,0,0,0,0,"N",0.37,0,0,0,0,0,0,0,"N",0,0.0,0,0,0,0,0,0,0,0,0,0,0,0,0,0
"20000","3","6114","56","0","2021","1","N",2,0,0,0,0,0,0,0,"N",3.26,0,0,0,0,0,0,0,"N",0,0.0,0,0,0,0,0,0,0,0,0,0,0,0,0,0
"20000","3","61143","57","0","2021","1","N",2,0,0,0,0,0,0,0,"N",3.61,0,0,0,0,0,0,0,"N",0,0.0,0,0,0,0,0,0,0,0,0,0,0,0,0,0
"20000","3","611430","58","0","2021","1","N",2,0,0,0,0,0,0,0,"N",3.61,0,0,0,0,0,0,0,"N",0,0.0,0,0,0,0,0,0,0,0,0,0,0,0,0,0
"20000","3","6115","56","0","2021","1","",5,525,586,581,5159428,4712865,50436,704,"",3.55,5.90,6.46,6.29,6.13,19.91,38.35,0.99,"",0,0.0,-2,-0.4,-33,-5.3,-22,-3.6,-600503,-10.4,-501684,-9.6,10313,25.7,-56,-7.4
"20000","3","61151","57","0","2021","1","",5,525,586,581,5159428,4712865,50436,704,"",3.55,5.90,6.46,6.29,6.13,19.91,38.35,0.99,"",0,0.0,-2,-0.4,-33,-5.3,-22,-3.6,-600503,-10.4,-501684,-9.6,10313,25.7,-56,-7.4
"20000","3","611519","58","0","2021","1","",5,525,586,581,5159428,4712865,50436,704,"",4.61,7.58,8.22,7.96,7.93,24.71,53.23,1.00,"",0,0.0,-2,-0.4,-33,-5.3,-22,-3.6,-600503,-10.4,-501684,-9.6,10313,25.7,-56,-7.4
"20000","3","6116","56","0","2021","1","N",5,0,0,0,0,0,0,0,"N",2.92,0,0,0,0,0,0,0,"N",0,0.0,0,0,0,0,0,0,0,0,0,0,0,0,0,0
"20000","3","61162","57","0","2021","1","",4,3,8,9,31267,31267,31,361,"",7.43,0.15,0.38,0.42,0.19,6.87,0.23,0.58,"N",0,0.0,0,0,0,0,0,0,0,0,0,0,0,0,0,0
"20000","3","611620","58","0","2021","1","",4,3,8,9,31267,31267,31,361,"",7.43,0.15,0.38,0.42,0.19,6.87,0.23,0.58,"N",0,0.0,0,0,0,0,0,0,0,0,0,0,0,0,0,0
"20000","3","61169","57","0","2021","1","N",1,0,0,0,0,0,0,0,"N",0.97,0,0,0,0,0,0,0,"N",0,0.0,0,0,0,0,0,0,0,0,0,0,0,0,0,0
"20000","3","611699","58","0","2021","1","N",1,0,0,0,0,0,0,0,"N",1.80,0,0,0,0,0,0,0,"N",0,0.0,0,0,0,0,0,0,0,0,0,0,0,0,0,0
"20000","3","6117","56","0","2021","1","",3,473,473,482,3030609,3030609,3031,490,"",0.98,1.65,1.63,1.63,1.20,9.55,2.13,0.73,"",0,0.0,-3,-0.6,0,0.0,1,0.2,153458,5.3,153458,5.3,-2542,-45.6,26,5.6
"20000","3","61171","57","0","2021","1","",3,473,473,482,3030609,3030609,3031,490,"",0.98,1.65,1.63,1.63,1.20,9.55,2.13,0.73,"",0,0.0,-3,-0.6,0,0.0,1,0.2,153458,5.3,153458,5.3,-2542,-45.6,26,5.6
"20000","3","611710","58","0","2021","1","",3,473,473,482,3030609,3030609,3031,490,"",0.98,1.65,1.63,1.63,1.20,9.55,2.13,0.73,"",0,0.0,-3,-0.6,0,0.0,1,0.2,153458,5.3,153458,5.3,-2542,-45.6,26,5.6
"20000","3","62","54","0","2021","1","",108,12396,12346,12370,158104546,141049823,207179,983,"",1.87,1.41,1.42,1.42,1.55,14.78,2.15,1.09,"",1,0.9,-101,-0.8,-60,-0.5,-3,0.0,4535827,3.0,3551340,2.6,10370,5.3,32,3.4
"20000","3","621","55","0","2021","1","",9,215,210,205,1806426,908221,7674,662,"",0.51,0.30,0.30,0.29,0.23,0.46,0.34,0.78,"",0,0.0,-18,-7.7,-19,-8.3,-14,-6.4,-33047,-1.8,-73355,-7.5,2474,47.6,39,6.3
"20000","3","6211","56","0","2021","1","N",2,0,0,0,0,0,0,0,"N",0.33,0,0,0,0,0,0,0,"N",0,0.0,0,0,0,0,0,0,0,0,0,0,0,0,0,0
"20000","3","62111","57","0","2021","1","N",2,0,0,0,0,0,0,0,"N",0.33,0,0,0,0,0,0,0,"N",0,0.0,0,0,0,0,0,0,0,0,0,0,0,0,0,0
"20000","3","621111","58","0","2021","1","N",2,0,0,0,0,0,0,0,"N",0.34,0,0,0,0,0,0,0,"N",0,0.0,0,0,0,0,0,0,0,0,0,0,0,0,0,0
"20000","3","6214","56","0","2021","1","",4,177,175,172,1398087,638426,2388,616,"",1.07,0.65,0.65,0.63,0.48,0.79,0.24,0.75,"",0,0.0,-17,-8.8,-12,-6.4,-13,-7.0,-106368,-7.1,-88924,-12.2,2071,653.3,3,0.5
"20000","3","62142","57","0","2021","1","",4,177,175,172,1398087,638426,2388,616,"",2.45,1.39,1.39,1.36,1.17,1.38,0.35,0.85,"",0,0.0,-17,-8.8,-12,-6.4,-13,-7.0,-106368,-7.1,-88924,-12.2,2071,653.3,3,0.5
"20000","3","621420","58","0","2021","1","",4,177,175,172,1398087,638426,2388,616,"",2.45,1.39,1.39,1.36,1.17,1.38,0.35,0.85,"",0,0.0,-17,-8.8,-12,-6.4,-13,-7.0,-106368,-7.1,-88924,-12.2,2071,653.3,3,0.5
"20000","3","6219","56","0","2021","1","N",3,0,0,0,0,0,0,0,"N",0.51,0,0,0,0,0,0,0,"N",0,0.0,0,0,0,0,0,0,0,0,0,0,0,0,0,0
"20000","3","62191","57","0","2021","1","N",3,0,0,0,0,0,0,0,"N",0.60,0,0,0,0,0,0,0,"N",0,0.0,0,0,0,0,0,0,0,0,0,0,0,0,0,0
"20000","3","621910","58","0","2021","1","N",3,0,0,0,0,0,0,0,"N",0.60,0,0,0,0,0,0,0,"N",0,0.0,0,0,0,0,0,0,0,0,0,0,0,0,0,0
"20000","3","622","55","0","2021","1","",60,11341,11307,11337,149510879,134427002,186963,1015,"",5.42,1.76,1.77,1.77,1.86,33.65,9.33,1.05,"",1,1.7,-42,-0.4,0,0.0,54,0.5,4581181,3.2,3610073,2.8,8873,5.0,31,3.2
"20000","3","6221","56","0","2021","1","",60,11341,11307,11337,149510879,134427002,186963,1015,"",5.51,1.77,1.78,1.78,1.87,33.74,9.41,1.05,"",1,1.7,-42,-0.4,0,0.0,54,0.5,4581181,3.2,3610073,2.8,8873,5.0,31,3.2
"20000","3","62211","57","0","2021","1","",60,11341,11307,11337,149510879,134427002,186963,1015,"",5.51,1.77,1.78,1.78,1.87,33.74,9.41,1.05,"",1,1.7,-42,-0.4,0,0.0,54,0.5,4581181,3.2,3610073,2.8,8873,5.0,31,3.2
"20000","3","622110","58","0","2021","1","",60,11341,11307,11337,149510879,134427002,186963,1015,"",5.51,1.77,1.78,1.78,1.87,33.74,9.41,1.05,"",1,1.7,-42,-0.4,0,0.0,54,0.5,4581181,3.2,3610073,2.8,8873,5.0,31,3.2
"20000","3","623","55","0","2021","1","",23,344,343,336,2526388,1471427,1655,570,"",3.73,0.60,0.61,0.60,0.57,1.54,0.15,0.93,"",0,0.0,-16,-4.4,-6,-1.7,-16,-4.5,58135,2.4,86078,6.2,-1355,-45.0,33,6.1
"20000","3","6231","56","0","2021","1","",4,173,170,164,1184504,594798,594,539,"",1.52,0.40,0.41,0.39,0.35,1.95,0.30,0.88,"",0,0.0,-3,-1.7,5,3.0,-4,-2.4,5091,0.4,70005,13.3,70,13.4,4,0.7
"20000","3","62311","57","0","2021","1","",4,173,170,164,1184504,594798,594,539,"",1.52,0.40,0.41,0.39,0.35,1.95,0.30,0.88,"",0,0.0,-3,-1.7,5,3.0,-4,-2.4,5091,0.4,70005,13.3,70,13.4,4,0.7
"20000","3","623110","58","0","2021","1","",4,173,170,164,1184504,594798,594,539,"",1.52,0.40,0.41,0.39,0.35,1.95,0.30,0.88,"",0,0.0,-3,-1.7,5,3.0,-4,-2.4,5091,0.4,70005,13.3,70,13.4,4,0.7
"20000","3","6232","56","0","2021","1","",15,60,61,60,528285,528285,530,674,"",5.56,0.66,0.67,0.67,0.74,0.97,0.06,1.12,"",0,0.0,-4,-6.2,-4,-6.2,-9,-13.0,-13384,-2.5,-13384,-2.5,-1638,-75.6,43,6.8
"20000","3","62321","57","0","2021","1","",15,60,61,60,528285,528285,530,674,"",8.31,0.98,1.01,0.99,1.18,1.50,0.11,1.18,"",0,0.0,-4,-6.2,-4,-6.2,-9,-13.0,-13384,-2.5,-13384,-2.5,-1638,-75.6,43,6.8
"20000","3","623210","58","0","2021","1","",15,60,61,60,528285,528285,530,674,"",8.31,0.98,1.01,0.99,1.18,1.50,0.11,1.18,"",0,0.0,-4,-6.2,-4,-6.2,-9,-13.0,-13384,-2.5,-13384,-2.5,-1638,-75.6,43,6.8
"20000","3","6233","56","0","2021","1","",4,111,112,112,813599,348344,531,560,"",9.11,3.34,3.43,3.39,3.27,4.46,1.12,0.96,"",0,0.0,-9,-7.5,-7,-5.9,-3,-2.6,66428,8.9,29457,9.2,213,67.0,73,15.0
"20000","3","62331","57","0","2021","1","",4,111,112,112,813599,348344,531,560,"",9.11,3.34,3.43,3.39,3.27,4.46,1.12,0.96,"",0,0.0,-9,-7.5,-7,-5.9,-3,-2.6,66428,8.9,29457,9.2,213,67.0,73,15.0
"20000","3","623311","58","0","2021","1","N",2,0,0,0,0,0,0,0,"N",8.63,0,0,0,0,0,0,0,"N",0,0.0,0,0,0,0,0,0,0,0,0,0,0,0,0,0
"20000","3","623312","58","0","2021","1","N",2,0,0,0,0,0,0,0,"N",9.66,0,0,0,0,0,0,0,"N",0,0.0,0,0,0,0,0,0,0,0,0,0,0,0,0,0
"20000","3","624","55","0","2021","1","",16,496,486,492,4260853,4243173,10887,667,"",0.69,0.47,0.46,0.47,0.45,1.62,0.25,0.95,"",0,0.0,-25,-4.8,-35,-6.7,-27,-5.2,-70442,-1.6,-71456,-1.7,378,3.6,27,4.2
"20000","3","6241","56","0","2021","1","",12,332,327,335,3070336,3070336,4333,713,"",0.82,0.38,0.37,0.38,0.37,1.43,0.12,0.98,"",0,0.0,-9,-2.6,-16,-4.7,-5,-1.5,-62275,-2.0,-61899,-2.0,942,27.8,7,1.0
"20000","3","62411","57","0","2021","1","N",3,0,0,0,0,0,0,0,"N",1.40,0,0,0,0,0,0,0,"N",0,0.0,0,0,0,0,0,0,0,0,0,0,0,0,0,0
"20000","3","624110","58","0","2021","1","N",3,0,0,0,0,0,0,0,"N",1.40,0,0,0,0,0,0,0,"N",0,0.0,0,0,0,0,0,0,0,0,0,0,0,0,0,0
"20000","3","62412","57","0","2021","1","",8,85,85,90,314319,314319,1029,279,"",1.25,0.36,0.37,0.39,0.16,0.38,0.07,0.44,"",0,0.0,-4,-4.5,-3,-3.4,7,8.4,-10880,-3.3,-10504,-3.2,446,76.5,-10,-3.5
"20000","3","624120","58","0","2021","1","",8,85,85,90,314319,314319,1029,279,"",1.25,0.36,0.37,0.39,0.16,0.38,0.07,0.44,"",0,0.0,-4,-4.5,-3,-3.4,7,8.4,-10880,-3.3,-10504,-3.2,446,76.5,-10,-3.5
"20000","3","62419","57","0","2021","1","N",1,0,0,0,0,0,0,0,"N",0.16,0,0,0,0,0,0,0,"N",0,0.0,0,0,0,0,0,0,0,0,0,0,0,0,0,0
"20000","3","624190","58","0","2021","1","N",1,0,0,0,0,0,0,0,"N",0.16,0,0,0,0,0,0,0,"N",0,0.0,0,0,0,0,0,0,0,0,0,0,0,0,0,0
"20000","3","6243","56","0","2021","1","N",2,0,0,0,0,0,0,0,"N",1.14,0,0,0,0,0,0,0,"N",0,0.0,0,0,0,0,0,0,0,0,0,0,0,0,0,0
"20000","3","62431","57","0","2021","1","N",2,0,0,0,0,0,0,0,"N",1.14,0,0,0,0,0,0,0,"N",0,0.0,0,0,0,0,0,0,0,0,0,0,0,0,0,0
"20000","3","624310","58","0","2021","1","N",2,0,0,0,0,0,0,0,"N",1.14,0,0,0,0,0,0,0,"N",0,0.0,0,0,0,0,0,0,0,0,0,0,0,0,0,0
"20000","3","6244","56","0","2021","1","N",2,0,0,0,0,0,0,0,"N",0.41,0,0,0,0,0,0,0,"N",0,0.0,0,0,0,0,0,0,0,0,0,0,0,0,0,0
"20000","3","62441","57","0","2021","1","N",2,0,0,0,0,0,0,0,"N",0.41,0,0,0,0,0,0,0,"N",0,0.0,0,0,0,0,0,0,0,0,0,0,0,0,0,0
"20000","3","624410","58","0","2021","1","N",2,0,0,0,0,0,0,0,"N",0.41,0,0,0,0,0,0,0,"N",0,0.0,0,0,0,0,0,0,0,0,0,0,0,0,0,0
"20000","3","71","54","0","2021","1","N",84,0,0,0,0,0,0,0,"N",2.58,0,0,0,0,0,0,0,"N",-2,-2.3,0,0,0,0,0,0,0,0,0,0,0,0,0,0
"20000","3","711","55","0","2021","1","N",5,0,0,0,0,0,0,0,"N",3.51,0,0,0,0,0,0,0,"N",0,0.0,0,0,0,0,0,0,0,0,0,0,0,0,0,0
"20000","3","7111","56","0","2021","1","N",1,0,0,0,0,0,0,0,"N",9.29,0,0,0,0,0,0,0,"N",0,0.0,0,0,0,0,0,0,0,0,0,0,0,0,0,0
"20000","3","71113","57","0","2021","1","N",1,0,0,0,0,0,0,0,"N",20.13,0,0,0,0,0,0,0,"N",0,0.0,0,0,0,0,0,0,0,0,0,0,0,0,0,0
"20000","3","711130","58","0","2021","1","N",1,0,0,0,0,0,0,0,"N",20.13,0,0,0,0,0,0,0,"N",0,0.0,0,0,0,0,0,0,0,0,0,0,0,0,0,0
"20000","3","7113","56","0","2021","1","",4,10,10,10,11604,8012,10,89,"",3.43,0.39,0.38,0.33,0.06,0.44,0.05,0.16,"",0,0.0,-4,-28.6,-2,-16.7,-1,-9.1,-3987,-25.6,-7579,-48.6,4,66.7,-8,-8.2
"20000","3","71131","57","0","2021","1","N",3,0,0,0,0,0,0,0,"N",2.68,0,0,0,0,0,0,0,"N",0,0.0,0,0,0,0,0,0,0,0,0,0,0,0,0,0
"20000","3","711310","58","0","2021","1","N",3,0,0,0,0,0,0,0,"N",2.68,0,0,0,0,0,0,0,"N",0,0.0,0,0,0,0,0,0,0,0,0,0,0,0,0,0
"20000","3","71132","57","0","2021","1","N",1,0,0,0,0,0,0,0,"N",20.13,0,0,0,0,0,0,0,"N",0,0.0,0,0,0,0,0,0,0,0,0,0,0,0,0,0
"20000","3","711320","58","0","2021","1","N",1,0,0,0,0,0,0,0,"N",20.13,0,0,0,0,0,0,0,"N",0,0.0,0,0,0,0,0,0,0,0,0,0,0,0,0,0
"20000","3","712","55","0","2021","1","",11,35,39,38,200117,190756,1202,412,"",1.81,0.12,0.14,0.13,0.11,0.89,0.31,0.81,"",0,0.0,-15,-30.0,-6,-13.3,-7,-15.6,-37103,-15.6,-37104,-16.3,-1061,-46.9,21,5.4
"20000","3","7121","56","0","2021","1","",11,35,39,38,200117,190756,1202,412,"",1.81,0.12,0.14,0.13,0.11,0.89,0.31,0.81,"",0,0.0,-15,-30.0,-6,-13.3,-7,-15.6,-37103,-15.6,-37104,-16.3,-1061,-46.9,21,5.4
"20000","3","71211","57","0","2021","1","",11,35,39,38,200117,190756,1202,412,"",7.72,1.61,1.82,1.72,1.21,11.24,6.38,0.70,"",0,0.0,-15,-30.0,-6,-13.3,-7,-15.6,-37103,-15.6,-37104,-16.3,-1061,-46.9,21,5.4
"20000","3","712110","58","0","2021","1","",11,35,39,38,200117,190756,1202,412,"",7.72,1.61,1.82,1.72,1.21,11.24,6.38,0.70,"",0,0.0,-15,-30.0,-6,-13.3,-7,-15.6,-37103,-15.6,-37104,-16.3,-1061,-46.9,21,5.4
"20000","3","713","55","0","2021","1","",68,2673,2752,2758,13526889,13172078,60617,381,"",2.72,1.58,1.62,1.59,1.15,2.56,0.80,0.72,"",-2,-2.9,-616,-18.7,-733,-21.0,-676,-19.7,-1552602,-10.3,-1609640,-10.9,16919,38.7,40,11.7
"20000","3","7132","56","0","2021","1","",5,644,639,630,4693069,4535996,49061,566,"",1.69,0.73,0.73,0.71,0.66,1.00,0.71,0.91,"",0,0.0,-44,-6.4,-57,-8.2,-47,-6.9,-154658,-3.2,-189906,-4.0,21446,77.7,23,4.2
"20000","3","71321","57","0","2021","1","N",4,0,0,0,0,0,0,0,"N",1.94,0,0,0,0,0,0,0,"N",0,0.0,0,0,0,0,0,0,0,0,0,0,0,0,0,0
"20000","3","713210","58","0","2021","1","N",4,0,0,0,0,0,0,0,"N",1.94,0,0,0,0,0,0,0,"N",0,0.0,0,0,0,0,0,0,0,0,0,0,0,0,0,0
"20000","3","71329","57","0","2021","1","N",1,0,0,0,0,0,0,0,"N",1.12,0,0,0,0,0,0,0,"N",0,0.0,0,0,0,0,0,0,0,0,0,0,0,0,0,0
"20000","3","713290","58","0","2021","1","N",1,0,0,0,0,0,0,0,"N",1.12,0,0,0,0,0,0,0,"N",0,0.0,0,0,0,0,0,0,0,0,0,0,0,0,0,0
"20000","3","7139","56","0","2021","1","",63,2029,2113,2128,8833820,8636082,11556,325,"",2.87,2.49,2.57,2.49,1.88,14.07,1.72,0.75,"",-2,-3.1,-572,-22.0,-676,-24.2,-629,-22.8,-1397944,-13.7,-1419734,-14.1,-4527,-28.1,35,12.1
"20000","3","71394","57","0","2021","1","",30,369,380,385,1217087,1216363,1979,248,"",3.08,1.13,1.14,1.12,0.77,5.58,0.82,0.68,"",0,0.0,-116,-23.9,-130,-25.5,-73,-15.9,-201206,-14.2,-201181,-14.2,-327,-14.2,23,10.2
"20000","3","713940","58","0","2021","1","",30,369,380,385,1217087,1216363,1979,248,"",3.08,1.13,1.14,1.12,0.77,5.58,0.82,0.68,"",0,0.0,-116,-23.9,-130,-25.5,-73,-15.9,-201206,-14.2,-201181,-14.2,-327,-14.2,23,10.2
"20000","3","71399","57","0","2021","1","",33,1660,1733,1743,7616733,7419719,9577,342,"",3.34,3.81,3.92,3.83,2.67,26.01,3.29,0.69,"",-2,-5.7,-456,-21.6,-546,-24.0,-556,-24.2,-1196738,-13.6,-1218553,-14.1,-4200,-30.5,38,12.5
"20000","3","713990","58","0","2021","1","",33,1660,1733,1743,7616733,7419719,9577,342,"",3.34,3.81,3.92,3.83,2.67,26.01,3.29,0.69,"",-2,-5.7,-456,-21.6,-546,-24.0,-556,-24.2,-1196738,-13.6,-1218553,-14.1,-4200,-30.5,38,12.5
"20000","3","72","54","0","2021","1","N",2,0,0,0,0,0,0,0,"N",0.34,0,0,0,0,0,0,0,"N",0,0.0,0,0,0,0,0,0,0,0,0,0,0,0,0,0
"20000","3","721","55","0","2021","1","N",2,0,0,0,0,0,0,0,"N",1.39,0,0,0,0,0,0,0,"N",0,0.0,0,0,0,0,0,0,0,0,0,0,0,0,0,0
"20000","3","7211","56","0","2021","1","N",2,0,0,0,0,0,0,0,"N",1.80,0,0,0,0,0,0,0,"N",0,0.0,0,0,0,0,0,0,0,0,0,0,0,0,0,0
"20000","3","72111","57","0","2021","1","N",1,0,0,0,0,0,0,0,"N",3.35,0,0,0,0,0,0,0,"N",0,0.0,0,0,0,0,0,0,0,0,0,0,0,0,0,0
"20000","3","721110","58","0","2021","1","N",1,0,0,0,0,0,0,0,"N",3.35,0,0,0,0,0,0,0,"N",0,0.0,0,0,0,0,0,0,0,0,0,0,0,0,0,0
"20000","3","72112","57","0","2021","1","N",1,0,0,0,0,0,0,0,"N",1.25,0,0,0,0,0,0,0,"N",0,0.0,0,0,0,0,0,0,0,0,0,0,0,0,0,0
"20000","3","721120","58","0","2021","1","N",1,0,0,0,0,0,0,0,"N",1.25,0,0,0,0,0,0,0,"N",0,0.0,0,0,0,0,0,0,0,0,0,0,0,0,0,0
"20000","3","81","54","0","2021","1","",72,139,137,143,563288,455552,1818,310,"",4.12,0.46,0.46,0.48,0.20,0.66,0.17,0.43,"",-1,-1.4,-6,-4.1,-4,-2.8,-4,-2.7,-21996,-3.8,-34126,-7.0,465,34.4,-2,-0.6
"20000","3","812","55","0","2021","1","",66,108,107,112,344988,256845,617,243,"",7.50,1.75,1.75,1.82,0.72,2.41,0.34,0.41,"",0,0.0,-4,-3.6,-1,-0.9,-2,-1.8,31288,10.0,12104,4.9,53,9.4,26,12.0
"20000","3","8122","56","0","2021","1","",66,108,107,112,344988,256845,617,243,"",10.71,5.13,5.17,5.28,2.72,4.45,0.53,0.52,"",0,0.0,-4,-3.6,-1,-0.9,-2,-1.8,31288,10.0,12104,4.9,53,9.4,26,12.0
"20000","3","81222","57","0","2021","1","",66,108,107,112,344988,256845,617,243,"N",10.74,0,0,0,0,0,0,0,"",0,0.0,-4,-3.6,-1,-0.9,-2,-1.8,31288,10.0,12104,4.9,53,9.4,26,12.0
"20000","3","812220","58","0","2021","1","",66,108,107,112,344988,256845,617,243,"N",10.74,0,0,0,0,0,0,0,"",0,0.0,-4,-3.6,-1,-0.9,-2,-1.8,31288,10.0,12104,4.9,53,9.4,26,12.0
"20000","3","813","55","0","2021","1","",6,31,30,31,218300,198707,1201,548,"",1.60,0.29,0.28,0.29,0.22,0.38,0.14,0.74,"",-1,-14.3,-2,-6.1,-3,-9.1,-2,-6.1,-53284,-19.6,-46230,-18.9,412,52.2,-85,-13.4
"20000","3","8133","56","0","2021","1","",3,22,20,21,119632,119632,738,438,"",1.88,0.37,0.34,0.35,0.22,0.45,0.16,0.61,"",-1,-25.0,-1,-4.3,-4,-16.7,-3,-12.5,-28062,-19.0,-28062,-19.0,230,45.3,-42,-8.8
"20000","3","81331","57","0","2021","1","",3,22,20,21,119632,119632,738,438,"",1.88,0.37,0.34,0.35,0.22,0.45,0.16,0.61,"",-1,-25.0,-1,-4.3,-4,-16.7,-3,-12.5,-28062,-19.0,-28062,-19.0,230,45.3,-42,-8.8
"20000","3","813311","58","0","2021","1","N",2,0,0,0,0,0,0,0,"N",6.71,0,0,0,0,0,0,0,"N",0,0.0,0,0,0,0,0,0,0,0,0,0,0,0,0,0
"20000","3","813319","58","0","2021","1","N",1,0,0,0,0,0,0,0,"N",1.30,0,0,0,0,0,0,0,"N",0,0.0,0,0,0,0,0,0,0,0,0,0,0,0,0,0
"20000","3","8134","56","0","2021","1","N",1,0,0,0,0,0,0,0,"N",2.24,0,0,0,0,0,0,0,"N",0,0.0,0,0,0,0,0,0,0,0,0,0,0,0,0,0
"20000","3","81341","57","0","2021","1","N",1,0,0,0,0,0,0,0,"N",2.24,0,0,0,0,0,0,0,"N",0,0.0,0,0,0,0,0,0,0,0,0,0,0,0,0,0
"20000","3","813410","58","0","2021","1","N",1,0,0,0,0,0,0,0,"N",2.24,0,0,0,0,0,0,0,"N",0,0.0,0,0,0,0,0,0,0,0,0,0,0,0,0,0
"20000","3","8139","56","0","2021","1","N",2,0,0,0,0,0,0,0,"N",1.49,0,0,0,0,0,0,0,"N",0,0.0,0,0,0,0,0,0,0,0,0,0,0,0,0,0
"20000","3","81391","57","0","2021","1","N",2,0,0,0,0,0,0,0,"N",2.12,0,0,0,0,0,0,0,"N",0,0.0,0,0,0,0,0,0,0,0,0,0,0,0,0,0
"20000","3","813910","58","0","2021","1","N",2,0,0,0,0,0,0,0,"N",2.12,0,0,0,0,0,0,0,"N",0,0.0,0,0,0,0,0,0,0,0,0,0,0,0,0,0
"20000","3","92","54","0","2021","1","",1136,49243,48738,49275,513806184,472787375,741208,805,"",2.17,1.30,1.30,1.31,1.18,9.70,1.64,0.90,"",-1,-0.1,-1350,-2.7,-1514,-3.0,-1158,-2.3,-23246884,-4.3,-19970459,-4.1,-36315,-4.7,-14,-1.7
"20000","3","921","55","0","2021","1","",763,45710,45355,45863,480596052,444180833,676866,810,"",2.51,1.87,1.87,1.88,1.89,12.59,2.23,1.01,"",1,0.1,-1285,-2.7,-1433,-3.1,-1130,-2.4,-24188327,-4.8,-20250981,-4.4,-34519,-4.9,-17,-2.1
"20000","3","9211","56","0","2021","1","",763,45710,45355,45863,480596052,444180833,676866,810,"",2.51,1.87,1.87,1.88,1.89,12.59,2.23,1.01,"",1,0.1,-1285,-2.7,-1433,-3.1,-1130,-2.4,-24188327,-4.8,-20250981,-4.4,-34519,-4.9,-17,-2.1
"20000","3","92111","57","0","2021","1","",75,669,651,656,4551220,4527814,13487,532,"",2.01,0.40,0.40,0.39,0.26,1.60,0.44,0.66,"",0,0.0,5,0.8,1,0.2,7,1.1,-342330,-7.0,-254161,-5.3,-1585,-10.5,-43,-7.5
"20000","3","921110","58","0","2021","1","",75,669,651,656,4551220,4527814,13487,532,"",2.01,0.40,0.40,0.39,0.26,1.60,0.44,0.66,"",0,0.0,5,0.8,1,0.2,7,1.1,-342330,-7.0,-254161,-5.3,-1585,-10.5,-43,-7.5
"20000","3","92112","57","0","2021","1","",12,553,538,543,4368173,4368173,5291,617,"",0.50,0.23,0.22,0.22,0.16,6.23,0.48,0.73,"",0,0.0,-24,-4.2,-29,-5.1,-22,-3.9,176651,4.2,176651,4.2,-399,-7.0,51,9.0
"20000","3","921120","58","0","2021","1","",12,553,538,543,4368173,4368173,5291,617,"",0.50,0.23,0.22,0.22,0.16,6.23,0.48,0.73,"",0,0.0,-24,-4.2,-29,-5.1,-22,-3.9,176651,4.2,176651,4.2,-399,-7.0,51,9.0
"20000","3","92113","57","0","2021","1","N",2,0,0,0,0,0,0,0,"N",0.09,0,0,0,0,0,0,0,"N",0,0.0,0,0,0,0,0,0,0,0,0,0,0,0,0,0
"20000","3","921130","58","0","2021","1","N",2,0,0,0,0,0,0,0,"N",0.09,0,0,0,0,0,0,0,"N",0,0.0,0,0,0,0,0,0,0,0,0,0,0,0,0,0
"20000","3","92114","57","0","2021","1","",660,43982,43650,44145,466253245,434009026,605566,817,"",3.76,2.76,2.77,2.78,2.84,22.00,4.67,1.03,"",1,0.2,-1240,-2.7,-1395,-3.1,-1100,-2.4,-23922497,-4.9,-20134655,-4.4,-24953,-4.0,-18,-2.2
"20000","3","921140","58","0","2021","1","",660,43982,43650,44145,466253245,434009026,605566,817,"",3.76,2.76,2.77,2.78,2.84,22.00,4.67,1.03,"",1,0.2,-1240,-2.7,-1395,-3.1,-1100,-2.4,-23922497,-4.9,-20134655,-4.4,-24953,-4.0,-18,-2.2
"20000","3","92115","57","0","2021","1","",5,430,434,437,4865502,990828,51572,863,"",0.58,0.42,0.43,0.43,0.51,0.14,0.52,1.20,"",0,0.0,-15,-3.4,-5,-1.1,-11,-2.5,-87967,-1.8,-35703,-3.5,-7573,-12.8,5,0.6
"20000","3","921150","58","0","2021","1","",5,430,434,437,4865502,990828,51572,863,"",0.58,0.42,0.43,0.43,0.51,0.14,0.52,1.20,"",0,0.0,-15,-3.4,-5,-1.1,-11,-2.5,-87967,-1.8,-35703,-3.5,-7573,-12.8,5,0.6
"20000","3","92119","57","0","2021","1","N",9,0,0,0,0,0,0,0,"N",0.24,0,0,0,0,0,0,0,"N",0,0.0,0,0,0,0,0,0,0,0,0,0,0,0,0,0
"20000","3","921190","58","0","2021","1","N",9,0,0,0,0,0,0,0,"N",0.24,0,0,0,0,0,0,0,"N",0,0.0,0,0,0,0,0,0,0,0,0,0,0,0,0,0
"20000","3","922","55","0","2021","1","",43,1245,1094,1105,13894952,11937972,18071,931,"",0.39,0.14,0.12,0.12,0.11,1.75,0.26,0.83,"",-2,-4.4,-9,-0.7,-40,-3.5,-20,-1.8,-288213,-2.0,-468097,-3.8,938,5.5,-1,-0.1
"20000","3","9221","56","0","2021","1","",43,1245,1094,1105,13894952,11937972,18071,931,"",0.39,0.14,0.12,0.12,0.11,1.75,0.26,0.83,"",-2,-4.4,-9,-0.7,-40,-3.5,-20,-1.8,-288213,-2.0,-468097,-3.8,938,5.5,-1,-0.1
"20000","3","92211","57","0","2021","1","N",1,0,0,0,0,0,0,0,"N",0.06,0,0,0,0,0,0,0,"N",0,0.0,0,0,0,0,0,0,0,0,0,0,0,0,0,0
"20000","3","922110","58","0","2021","1","N",1,0,0,0,0,0,0,0,"N",0.06,0,0,0,0,0,0,0,"N",0,0.0,0,0,0,0,0,0,0,0,0,0,0,0,0,0
"20000","3","92212","57","0","2021","1","N",2,0,0,0,0,0,0,0,"N",0.07,0,0,0,0,0,0,0,"N",0,0.0,0,0,0,0,0,0,0,0,0,0,0,0,0,0
"20000","3","922120","58","0","2021","1","N",2,0,0,0,0,0,0,0,"N",0.07,0,0,0,0,0,0,0,"N",0,0.0,0,0,0,0,0,0,0,0,0,0,0,0,0,0
"20000","3","92214","57","0","2021","1","N",2,0,0,0,0,0,0,0,"N",0.41,0,0,0,0,0,0,0,"N",0,0.0,0,0,0,0,0,0,0,0,0,0,0,0,0,0
"20000","3","922140","58","0","2021","1","N",2,0,0,0,0,0,0,0,"N",0.41,0,0,0,0,0,0,0,"N",0,0.0,0,0,0,0,0,0,0,0,0,0,0,0,0,0
"20000","3","92216","57","0","2021","1","",38,807,658,671,7722450,5765470,11900,834,"",0.85,0.40,0.33,0.34,0.26,1.77,0.38,0.71,"",-2,-5.0,-12,-1.5,-39,-5.6,-22,-3.2,81496,1.1,-98388,-1.7,3177,36.4,36,4.5
"20000","3","922160","58","0","2021","1","",38,807,658,671,7722450,5765470,11900,834,"",0.85,0.40,0.33,0.34,0.26,1.77,0.38,0.71,"",-2,-5.0,-12,-1.5,-39,-5.6,-22,-3.2,81496,1.1,-98388,-1.7,3177,36.4,36,4.5
"20000","3","923","55","0","2021","1","",33,1172,1159,1170,9435089,7500853,13871,622,"",1.80,0.58,0.57,0.57,0.38,4.67,0.85,0.67,"",0,0.0,24,2.1,12,1.0,29,2.5,1067676,12.8,695293,10.2,-1033,-6.9,60,10.7
"20000","3","9231","56","0","2021","1","",33,1172,1159,1170,9435089,7500853,13871,622,"",1.80,0.58,0.57,0.57,0.38,4.67,0.85,0.67,"",0,0.0,24,2.1,12,1.0,29,2.5,1067676,12.8,695293,10.2,-1033,-6.9,60,10.7
"20000","3","92311","57","0","2021","1","N",7,0,0,0,0,0,0,0,"N",3.24,0,0,0,0,0,0,0,"N",0,0.0,0,0,0,0,0,0,0,0,0,0,0,0,0,0
"20000","3","923110","58","0","2021","1","N",7,0,0,0,0,0,0,0,"N",3.24,0,0,0,0,0,0,0,"N",0,0.0,0,0,0,0,0,0,0,0,0,0,0,0,0,0
"20000","3","92312","57","0","2021","1","",24,633,624,629,5926500,3992264,6366,725,"",2.45,0.88,0.87,0.87,0.69,3.73,0.59,0.79,"",0,0.0,51,8.8,38,6.5,49,8.4,951236,19.1,578853,17.0,-2953,-31.7,68,10.4
"20000","3","923120","58","0","2021","1","",24,633,624,629,5926500,3992264,6366,725,"",2.45,0.88,0.87,0.87,0.69,3.73,0.59,0.79,"",0,0.0,51,8.8,38,6.5,49,8.4,951236,19.1,578853,17.0,-2953,-31.7,68,10.4
"20000","3","92313","57","0","2021","1","N",2,0,0,0,0,0,0,0,"N",0.45,0,0,0,0,0,0,0,"N",0,0.0,0,0,0,0,0,0,0,0,0,0,0,0,0,0
"20000","3","923130","58","0","2021","1","N",2,0,0,0,0,0,0,0,"N",0.45,0,0,0,0,0,0,0,"N",0,0.0,0,0,0,0,0,0,0,0,0,0,0,0,0,0
"20000","3","924","55","0","2021","1","",160,424,434,431,2912941,2701454,10402,522,"",4.62,0.49,0.51,0.50,0.27,2.40,0.85,0.53,"",1,0.6,-55,-11.5,-29,-6.3,-29,-6.3,178442,6.5,168314,6.6,3226,45.0,72,16.0
"20000","3","9241","56","0","2021","1","",160,424,434,431,2912941,2701454,10402,522,"",4.62,0.49,0.51,0.50,0.27,2.40,0.85,0.53,"",1,0.6,-55,-11.5,-29,-6.3,-29,-6.3,178442,6.5,168314,6.6,3226,45.0,72,16.0
"20000","3","92411","57","0","2021","1","",32,78,78,73,766734,724891,4220,773,"",2.31,0.14,0.14,0.13,0.09,1.37,0.69,0.66,"",1,3.2,4,5.4,3,4.0,1,1.4,51506,7.2,45416,6.7,435,11.5,26,3.5
"20000","3","924110","58","0","2021","1","",32,78,78,73,766734,724891,4220,773,"",2.31,0.14,0.14,0.13,0.09,1.37,0.69,0.66,"",1,3.2,4,5.4,3,4.0,1,1.4,51506,7.2,45416,6.7,435,11.5,26,3.5
"20000","3","92412","57","0","2021","1","",128,346,356,358,2146207,1976563,6182,467,"",6.16,1.11,1.16,1.13,0.83,3.32,1.01,0.74,"",0,0.0,-59,-14.6,-32,-8.2,-30,-7.7,126936,6.3,122898,6.6,2791,82.3,72,18.2
"20000","3","924120","58","0","2021","1","",128,346,356,358,2146207,1976563,6182,467,"",6.16,1.11,1.16,1.13,0.83,3.32,1.01,0.74,"",0,0.0,-59,-14.6,-32,-8.2,-30,-7.7,126936,6.3,122898,6.6,2791,82.3,72,18.2
"20000","3","925","55","0","2021","1","",63,382,384,390,3826297,3541244,13404,764,"",2.02,0.51,0.52,0.52,0.47,1.25,0.39,0.91,"",0,0.0,-8,-2.1,-5,-1.3,3,0.8,-90252,-2.3,-107640,-2.9,-6241,-31.8,-11,-1.4
"20000","3","9251","56","0","2021","1","",63,382,384,390,3826297,3541244,13404,764,"",2.02,0.51,0.52,0.52,0.47,1.25,0.39,0.91,"",0,0.0,-8,-2.1,-5,-1.3,3,0.8,-90252,-2.3,-107640,-2.9,-6241,-31.8,-11,-1.4
"20000","3","92511","57","0","2021","1","",55,325,326,332,3246388,3097256,10829,762,"",2.73,0.68,0.69,0.70,0.62,1.50,0.46,0.89,"",0,0.0,-8,-2.4,-3,-0.9,6,1.8,11610,0.4,-1473,0.0,-3816,-26.1,6,0.8
"20000","3","925110","58","0","2021","1","",55,325,326,332,3246388,3097256,10829,762,"",2.73,0.68,0.69,0.70,0.62,1.50,0.46,0.89,"",0,0.0,-8,-2.4,-3,-0.9,6,1.8,11610,0.4,-1473,0.0,-3816,-26.1,6,0.8
"20000","3","92512","57","0","2021","1","",8,57,58,58,579909,443988,2575,774,"",0.72,0.21,0.21,0.21,0.20,0.57,0.24,0.94,"",0,0.0,0,0.0,-2,-3.3,-3,-4.9,-101862,-14.9,-106167,-19.3,-2425,-48.5,-110,-12.4
"20000","3","925120","58","0","2021","1","",8,57,58,58,579909,443988,2575,774,"",0.72,0.21,0.21,0.21,0.20,0.57,0.24,0.94,"",0,0.0,0,0.0,-2,-3.3,-3,-4.9,-101862,-14.9,-106167,-19.3,-2425,-48.5,-110,-12.4
"20000","3","926","55","0","2021","1","",74,310,312,316,3140853,2925019,8594,773,"",3.18,0.49,0.50,0.51,0.38,2.83,0.56,0.76,"",-1,-1.3,-17,-5.2,-19,-5.7,-11,-3.4,73790,2.4,-7348,-0.3,1314,18.0,54,7.5
"20000","3","9261","56","0","2021","1","",74,310,312,316,3140853,2925019,8594,773,"",3.18,0.49,0.50,0.51,0.38,2.83,0.56,0.76,"",-1,-1.3,-17,-5.2,-19,-5.7,-11,-3.4,73790,2.4,-7348,-0.3,1314,18.0,54,7.5
"20000","3","92611","57","0","2021","1","",8,29,28,29,352523,207759,3066,946,"",1.58,0.28,0.27,0.28,0.27,0.77,1.17,0.98,"N",0,0.0,0,0,0,0,0,0,0,0,0,0,0,0,0,0
"20000","3","926110","58","0","2021","1","",8,29,28,29,352523,207759,3066,946,"",1.58,0.28,0.27,0.28,0.27,0.77,1.17,0.98,"N",0,0.0,0,0,0,0,0,0,0,0,0,0,0,0,0,0
"20000","3","92612","57","0","2021","1","",3,44,46,46,512573,507318,1313,870,"",0.91,0.17,0.18,0.18,0.14,1.13,0.19,0.77,"N",1,50.0,0,0,0,0,0,0,0,0,0,0,0,0,0,0
"20000","3","926120","58","0","2021","1","",3,44,46,46,512573,507318,1313,870,"",0.91,0.17,0.18,0.18,0.14,1.13,0.19,0.77,"N",1,50.0,0,0,0,0,0,0,0,0,0,0,0,0,0,0
"20000","3","92613","57","0","2021","1","",4,73,71,69,1039594,1039391,2277,1126,"",1.13,0.63,0.62,0.60,0.66,6.68,0.72,1.07,"",0,0.0,12,19.7,12,20.3,9,15.0,128548,14.1,128345,14.1,282,14.1,-42,-3.6
"20000","3","926130","58","0","2021","1","",4,73,71,69,1039594,1039391,2277,1126,"",1.13,0.63,0.62,0.60,0.66,6.68,0.72,1.07,"",0,0.0,12,19.7,12,20.3,9,15.0,128548,14.1,128345,14.1,282,14.1,-42,-3.6
"20000","3","92614","57","0","2021","1","",59,164,167,172,1236163,1170551,1938,567,"",13.89,7.61,7.30,7.47,6.71,21.40,1.81,0.90,"",-2,-3.3,-31,-15.9,-35,-17.3,-26,-13.1,-25594,-2.0,-111188,-8.7,69,3.7,78,16.0
"20000","3","926140","58","0","2021","1","",59,164,167,172,1236163,1170551,1938,567,"",13.89,7.61,7.30,7.47,6.71,21.40,1.81,0.90,"",-2,-3.3,-31,-15.9,-35,-17.3,-26,-13.1,-25594,-2.0,-111188,-8.7,69,3.7,78,16.0
"20000","5","10","51","0","2021","1","",83348,1087782,1081320,1095621,14345110393,9075975684,173762586,1014,"",0.97,0.97,0.96,0.97,0.98,0.86,0.99,1.01,"",2166,2.7,-45607,-4.0,-52912,-4.7,-34754,-3.1,-419302926,-2.8,-283415098,-3.0,26665827,18.1,11,1.1
"20000","5","101","52","0","2021","1","",13075,236286,231389,239996,3574043606,2557445151,66342690,1165,"",1.16,1.19,1.18,1.20,1.34,1.09,1.42,1.12,"",207,1.6,-12960,-5.2,-17621,-7.1,-10948,-4.4,-238188160,-6.2,-156152564,-5.8,5342142,8.8,-9,-0.8
"20000","5","1011","53","0","2021","1","",2587,17745,17663,18159,208726466,173458682,3118224,899,"",2.22,1.16,1.16,1.17,1.13,1.05,0.90,0.97,"",-10,-0.4,-483,-2.6,-641,-3.5,-502,-2.7,-6718293,-3.1,-5460444,-3.1,561690,22.0,-2,-0.2
"20000","5","1012","53","0","2021","1","",7352,60606,56417,61896,831344323,636919419,21195921,1072,"",1.04,0.91,0.86,0.91,1.01,0.81,1.04,1.13,"",160,2.2,295,0.5,-4385,-7.2,-908,-1.4,-8033625,-1.0,-10047809,-1.6,947609,4.7,19,1.8
"20000","5","1013","53","0","2021","1","",3136,157935,157309,159941,2533972817,1747067050,42028545,1231,"",1.05,1.36,1.37,1.38,1.52,1.26,1.83,1.11,"",57,1.9,-12772,-7.5,-12595,-7.4,-9538,-5.6,-223436242,-8.1,-140644311,-7.5,3832843,10.0,-16,-1.3
"20000","5","102","52","0","2021","1","",70273,851496,849931,855625,10771066787,6518530533,107419896,972,"",0.94,0.92,0.92,0.91,0.90,0.80,0.84,0.98,"",1959,2.9,-32647,-3.7,-35291,-4.0,-23806,-2.7,-181114766,-1.7,-127262534,-1.9,21323685,24.8,18,1.9
"20000","5","1021","53","0","2021","1","",19307,261310,258309,258903,2929918788,2053032629,31860669,868,"",1.19,1.01,1.01,1.01,1.13,0.87,0.95,1.12,"",-25,-0.1,638,0.2,-488,-0.2,1012,0.4,2413865,0.1,-5581996,-0.3,8309657,35.3,-1,-0.1
"20000","5","1022","53","0","2021","1","",1756,16117,16308,16250,346739892,184624745,3591666,1644,"",1.00,0.63,0.62,0.62,0.43,0.48,0.51,0.69,"",288,19.6,-2072,-11.4,-1850,-10.2,-1820,-10.1,4669067,1.4,-11256209,-5.7,155832,4.5,193,13.3
"20000","5","1023","53","0","2021","1","",8774,72857,72911,72843,1610741726,794532328,13472149,1700,"",1.10,0.93,0.93,0.93,0.76,0.79,0.84,0.81,"",168,2.0,-1269,-1.7,-1216,-1.6,-837,-1.1,75116844,4.9,-688019,-0.1,2880773,27.2,103,6.4
"20000","5","1024","53","0","2021","1","",17290,165995,165316,167595,2833563491,1662913492,32123373,1311,"",1.02,0.85,0.85,0.85,0.84,0.74,0.80,1.00,"",1058,6.5,-6017,-3.5,-6907,-4.0,-4624,-2.7,-177172734,-5.9,-40101654,-2.4,4340629,15.6,-34,-2.5
"20000","5","1025","53","0","2021","1","",10327,194751,194986,194800,2238388313,1143883727,16033023,884,"",0.65,0.91,0.91,0.91,1.03,0.97,0.94,1.13,"",195,1.9,-5583,-2.8,-6450,-3.2,-4336,-2.2,-46449559,-2.0,-21168348,-1.8,3437248,27.3,7,0.8
"20000","5","1026","53","0","2021","1","",6879,109087,110561,113445,515205906,457897398,6514617,357,"",0.94,0.96,0.94,0.93,0.92,0.67,0.70,0.98,"",112,1.7,-15829,-12.7,-15686,-12.4,-11134,-8.9,-27450824,-5.1,-42342315,-8.5,1389627,27.1,24,7.2
"20000","5","1027","53","0","2021","1","",5940,31379,31540,31789,296508671,221646214,3824399,722,"",0.86,0.84,0.84,0.83,0.95,0.73,0.81,1.13,"",163,2.8,-2515,-7.4,-2694,-7.9,-2067,-6.1,-12241425,-4.0,-6123993,-2.7,809919,26.9,23,3.3
"20000","5","11","54","0","2021","1","",1702,12204,12145,12450,130857324,113678664,1745584,821,"",1.88,1.16,1.15,1.15,1.70,1.20,0.84,1.48,"",24,1.4,290,2.4,155,1.3,35,0.3,3382489,2.7,2112448,1.9,490773,39.1,11,1.4
"20000","5","111","55","0","2021","1","",832,3517,3565,3817,34953254,30528056,465364,740,"",2.03,0.82,0.82,0.82,1.16,0.82,0.57,1.42,"",10,1.2,121,3.6,119,3.5,-22,-0.6,1179105,3.5,359655,1.2,96614,26.2,10,1.4
"20000","5","1111","56","0","2021","1","",697,2796,2765,2786,28523419,24603949,344232,789,"",6.37,6.11,6.13,5.91,8.41,5.49,6.24,1.39,"",3,0.4,77,2.8,46,1.7,-4,-0.1,933997,3.4,245499,1.0,83771,32.2,15,1.9
"20000","5","11111","57","0","2021","1","",11,47,46,46,531674,471653,10558,883,"",1.12,1.13,1.12,1.05,1.82,1.22,2.12,1.65,"",0,0.0,3,6.8,-1,-2.1,-2,-4.2,-8766,-1.6,-8377,-1.7,1317,14.3,-14,-1.6
"20000","5","111110","58","0","2021","1","",11,47,46,46,531674,471653,10558,883,"",1.12,1.13,1.12,1.05,1.82,1.22,2.12,1.65,"",0,0.0,3,6.8,-1,-2.1,-2,-4.2,-8766,-1.6,-8377,-1.7,1317,14.3,-14,-1.6
"20000","5","11114","57","0","2021","1","",200,659,647,650,5711486,5389574,80269,674,"",12.19,14.04,13.90,13.44,18.09,11.46,19.17,1.31,"",-9,-4.3,-10,-1.5,-17,-2.6,-36,-5.2,-282822,-4.7,-119479,-2.2,13115,19.5,-11,-1.6
"20000","5","111140","58","0","2021","1","",200,659,647,650,5711486,5389574,80269,674,"",12.19,14.04,13.90,13.44,18.09,11.46,19.17,1.31,"",-9,-4.3,-10,-1.5,-17,-2.6,-36,-5.2,-282822,-4.7,-119479,-2.2,13115,19.5,-11,-1.6
"20000","5","11115","57","0","2021","1","",107,446,453,468,4755437,4000279,53955,803,"",3.61,2.89,2.98,2.98,3.87,2.51,2.76,1.31,"",6,5.9,16,3.7,26,6.1,24,5.4,465467,10.9,116745,3.0,17471,47.9,42,5.5
"20000","5","111150","58","0","2021","1","",107,446,453,468,4755437,4000279,53955,803,"",3.61,2.89,2.98,2.98,3.87,2.51,2.76,1.31,"",6,5.9,16,3.7,26,6.1,24,5.4,465467,10.9,116745,3.0,17471,47.9,42,5.5
"20000","5","11119","57","0","2021","1","",379,1644,1619,1622,17524822,14742443,199450,828,"",8.38,8.96,8.98,8.62,13.38,8.40,10.09,1.51,"",6,1.6,68,4.3,38,2.4,10,0.6,760118,4.5,256610,1.8,51868,35.1,17,2.1
"20000","5","111191","58","0","2021","1","",342,1363,1346,1352,13761412,12050920,159988,782,"",9.84,9.34,9.41,9.04,13.29,8.61,10.61,1.43,"",7,2.1,55,4.2,30,2.3,2,0.1,537590,4.1,185530,1.6,42334,36.0,14,1.8
"20000","5","111199","58","0","2021","1","",37,281,273,270,3763410,2691523,39462,1054,"",3.54,7.48,7.33,6.97,13.73,7.59,8.40,1.89,"",-1,-2.6,13,4.9,8,3.0,8,3.1,222528,6.3,71080,2.7,9534,31.9,26,2.5
"20000","5","1112","56","0","2021","1","",13,26,23,30,144268,139285,3085,421,"",0.31,0.04,0.04,0.04,0.03,0.03,0.02,0.76,"N",1,8.3,0,0,0,0,0,0,0,0,0,0,0,0,0,0
"20000","5","11121","57","0","2021","1","",13,26,23,30,144268,139285,3085,421,"",0.31,0.04,0.04,0.04,0.03,0.03,0.02,0.76,"N",1,8.3,0,0,0,0,0,0,0,0,0,0,0,0,0,0
"20000","5","111211","58","0","2021","1","N",5,0,0,0,0,0,0,0,"N",0.58,0,0,0,0,0,0,0,"N",0,0.0,0,0,0,0,0,0,0,0,0,0,0,0,0,0
"20000","5","111219","58","0","2021","1","N",8,0,0,0,0,0,0,0,"N",0.24,0,0,0,0,0,0,0,"N",1,14.3,0,0,0,0,0,0,0,0,0,0,0,0,0,0
"20000","5","1113","56","0","2021","1","",4,7,13,7,52334,48565,1356,447,"",0.05,0.01,0.01,0.01,0.01,0.01,0.01,0.97,"N",1,33.3,0,0,0,0,0,0,0,0,0,0,0,0,0,0
"20000","5","11133","57","0","2021","1","",4,7,13,7,52334,48565,1356,447,"",0.05,0.01,0.01,0.01,0.01,0.01,0.01,0.98,"N",1,33.3,0,0,0,0,0,0,0,0,0,0,0,0,0,0
"20000","5","111331","58","0","2021","1","N",3,0,0,0,0,0,0,0,"N",0.23,0,0,0,0,0,0,0,"N",0,0.0,0,0,0,0,0,0,0,0,0,0,0,0,0,0
"20000","5","111339","58","0","2021","1","N",1,0,0,0,0,0,0,0,"N",0.05,0,0,0,0,0,0,0,"N",1,100.0,0,0,0,0,0,0,0,0,0,0,0,0,0,0
"20000","5","1114","56","0","2021","1","",39,374,451,674,3025004,2808566,76173,466,"",0.50,0.26,0.30,0.41,0.29,0.22,0.33,0.87,"",1,2.6,31,9.0,56,14.2,-43,-6.0,85594,2.9,6008,0.2,7620,11.1,0,0.0
"20000","5","11141","57","0","2021","1","N",2,0,0,0,0,0,0,0,"N",0.10,0,0,0,0,0,0,0,"N",1,100.0,0,0,0,0,0,0,0,0,0,0,0,0,0,0
"20000","5","111411","58","0","2021","1","N",1,0,0,0,0,0,0,0,"N",0.47,0,0,0,0,0,0,0,"N",1,100.0,0,0,0,0,0,0,0,0,0,0,0,0,0,0
"20000","5","111419","58","0","2021","1","N",1,0,0,0,0,0,0,0,"N",0.06,0,0,0,0,0,0,0,"N",0,0.0,0,0,0,0,0,0,0,0,0,0,0,0,0,0
"20000","5","11142","57","0","2021","1","N",37,0,0,0,0,0,0,0,"N",0.62,0,0,0,0,0,0,0,"N",0,0.0,0,0,0,0,0,0,0,0,0,0,0,0,0,0
"20000","5","111421","58","0","2021","1","N",20,0,0,0,0,0,0,0,"N",0.48,0,0,0,0,0,0,0,"N",0,0.0,0,0,0,0,0,0,0,0,0,0,0,0,0,0
"20000","5","111422","58","0","2021","1","",17,216,296,477,1609710,1528996,33087,376,"",0.96,0.61,0.76,1.08,0.60,0.48,0.66,0.72,"",0,0.0,41,23.4,72,32.1,11,2.4,164103,11.4,128363,9.2,9783,42.0,-10,-2.6
"20000","5","1119","56","0","2021","1","",79,314,313,320,3208229,2927691,40518,782,"",0.86,0.57,0.56,0.54,0.78,0.57,0.42,1.41,"",4,5.3,24,8.3,28,9.8,30,10.3,300682,10.3,311606,11.9,13528,50.1,6,0.8
"20000","5","11192","57","0","2021","1","",4,11,8,7,81252,81252,163,721,"",0.17,0.12,0.09,0.07,0.13,0.11,0.01,1.42,"",0,0.0,2,22.2,0,0.0,-1,-12.5,2890,3.7,2890,3.7,92,129.6,-2,-0.3
"20000","5","111920","58","0","2021","1","",4,11,8,7,81252,81252,163,721,"",0.17,0.12,0.09,0.07,0.13,0.11,0.01,1.42,"",0,0.0,2,22.2,0,0.0,-1,-12.5,2890,3.7,2890,3.7,92,129.6,-2,-0.3
"20000","5","11194","57","0","2021","1","",29,154,159,158,1508277,1398431,15916,739,"",1.98,2.15,2.19,2.05,2.88,2.05,1.17,1.35,"",2,7.4,6,4.1,10,6.7,6,3.9,160916,11.9,140912,11.2,6306,65.6,47,6.8
"20000","5","111940","58","0","2021","1","",29,154,159,158,1508277,1398431,15916,739,"",1.98,2.15,2.19,2.05,2.88,2.05,1.17,1.35,"",2,7.4,6,4.1,10,6.7,6,3.9,160916,11.9,140912,11.2,6306,65.6,47,6.8
"20000","5","11199","57","0","2021","1","",46,149,146,155,1618700,1448008,24439,830,"",0.95,0.44,0.43,0.42,0.65,0.44,0.40,1.52,"",2,4.5,16,12.0,18,14.1,25,19.2,136876,9.2,167804,13.1,7130,41.2,-45,-5.1
"20000","5","111998","58","0","2021","1","",46,149,146,155,1618700,1448008,24439,830,"",1.05,0.46,0.45,0.44,0.69,0.47,0.41,1.52,"",2,4.5,16,12.0,18,14.1,25,19.2,136876,9.2,167804,13.1,7130,41.2,-45,-5.1
"20000","5","112","55","0","2021","1","",607,7441,7388,7438,81970042,71942065,1085266,850,"",2.69,2.99,3.00,2.98,4.11,2.88,4.41,1.38,"",10,1.7,188,2.6,104,1.4,101,1.4,1781892,2.2,1960260,2.8,337033,45.0,4,0.5
"20000","5","1121","56","0","2021","1","",532,6439,6412,6452,72704356,63282492,958848,869,"",3.67,4.28,4.31,4.30,6.41,4.27,6.63,1.49,"",12,2.3,163,2.6,107,1.7,89,1.4,1628301,2.3,1847277,3.0,299983,45.5,3,0.3
"20000","5","11211","57","0","2021","1","",488,4892,4867,4889,56408214,47716013,739611,889,"",5.58,9.69,9.75,9.63,14.41,9.90,16.67,1.49,"",13,2.7,151,3.2,96,2.0,70,1.5,1114517,2.0,1348899,2.9,231091,45.4,-1,-0.1
"20000","5","112111","58","0","2021","1","",346,1687,1689,1706,15412435,14396259,256008,700,"",4.42,4.62,4.67,4.61,5.78,4.33,8.02,1.25,"",12,3.6,60,3.7,30,1.8,26,1.5,329430,2.2,465611,3.3,77061,43.1,-1,-0.1
"20000","5","112112","58","0","2021","1","",142,3205,3178,3183,40995779,33319754,483603,989,"",15.31,22.90,23.12,23.04,32.88,22.34,38.88,1.43,"",1,0.7,91,2.9,66,2.1,44,1.4,785087,2.0,883288,2.7,154030,46.7,-2,-0.2
"20000","5","11212","57","0","2021","1","",44,1547,1545,1563,16296142,15566479,219237,808,"",0.76,1.55,1.57,1.57,2.19,1.56,2.19,1.40,"",-1,-2.2,12,0.8,11,0.7,19,1.2,513784,3.3,498378,3.3,68892,45.8,18,2.3
"20000","5","112120","58","0","2021","1","",44,1547,1545,1563,16296142,15566479,219237,808,"",0.76,1.55,1.57,1.57,2.19,1.56,2.19,1.40,"",-1,-2.2,12,0.8,11,0.7,19,1.2,513784,3.3,498378,3.3,68892,45.8,18,2.3
"20000","5","1122","56","0","2021","1","",41,694,675,677,6435259,6099660,88066,726,"",2.06,2.40,2.37,2.36,2.87,1.93,4.94,1.21,"",-2,-4.7,16,2.4,-4,-0.6,-6,-0.9,178134,2.8,81764,1.4,27102,44.5,18,2.5
"20000","5","11221","57","0","2021","1","",41,694,675,677,6435259,6099660,88066,726,"",2.06,2.40,2.37,2.36,2.87,1.93,4.94,1.21,"",-2,-4.7,16,2.4,-4,-0.6,-6,-0.9,178134,2.8,81764,1.4,27102,44.5,18,2.5
"20000","5","112210","58","0","2021","1","",41,694,675,677,6435259,6099660,88066,726,"",2.06,2.40,2.37,2.36,2.87,1.93,4.94,1.21,"",-2,-4.7,16,2.4,-4,-0.6,-6,-0.9,178134,2.8,81764,1.4,27102,44.5,18,2.5
"20000","5","1123","56","0","2021","1","",6,155,152,153,1593158,1508182,20614,799,"",0.32,0.36,0.36,0.36,0.44,0.34,0.45,1.24,"",-1,-14.3,-3,-1.9,-11,-6.7,-11,-6.7,-92032,-5.5,-68020,-4.3,1842,9.8,-3,-0.4
"20000","5","11231","57","0","2021","1","N",2,0,0,0,0,0,0,0,"N",0.32,0,0,0,0,0,0,0,"N",-1,-33.3,0,0,0,0,0,0,0,0,0,0,0,0,0,0
"20000","5","112310","58","0","2021","1","N",2,0,0,0,0,0,0,0,"N",0.32,0,0,0,0,0,0,0,"N",-1,-33.3,0,0,0,0,0,0,0,0,0,0,0,0,0,0
"20000","5","11233","57","0","2021","1","",3,17,16,15,348877,302722,4523,1677,"",1.05,0.36,0.35,0.32,0.96,0.61,1.28,2.79,"N",0,0.0,0,0,0,0,0,0,0,0,0,0,0,0,0,0
"20000","5","112330","58","0","2021","1","",3,17,16,15,348877,302722,4523,1677,"",1.05,0.36,0.35,0.32,0.96,0.61,1.28,2.79,"N",0,0.0,0,0,0,0,0,0,0,0,0,0,0,0,0,0
"20000","5","11239","57","0","2021","1","N",1,0,0,0,0,0,0,0,"N",0.81,0,0,0,0,0,0,0,"N",0,0.0,0,0,0,0,0,0,0,0,0,0,0,0,0,0
"20000","5","112390","58","0","2021","1","N",1,0,0,0,0,0,0,0,"N",0.81,0,0,0,0,0,0,0,"N",0,0.0,0,0,0,0,0,0,0,0,0,0,0,0,0,0
"20000","5","1125","56","0","2021","1","N",2,0,0,0,0,0,0,0,"N",0.25,0,0,0,0,0,0,0,"N",0,0.0,0,0,0,0,0,0,0,0,0,0,0,0,0,0
"20000","5","11251","57","0","2021","1","N",2,0,0,0,0,0,0,0,"N",0.25,0,0,0,0,0,0,0,"N",0,0.0,0,0,0,0,0,0,0,0,0,0,0,0,0,0
"20000","5","112511","58","0","2021","1","N",2,0,0,0,0,0,0,0,"N",0.52,0,0,0,0,0,0,0,"N",0,0.0,0,0,0,0,0,0,0,0,0,0,0,0,0,0
"20000","5","1129","56","0","2021","1","N",26,0,0,0,0,0,0,0,"N",0.85,0,0,0,0,0,0,0,"N",1,4.0,0,0,0,0,0,0,0,0,0,0,0,0,0,0
"20000","5","11291","57","0","2021","1","N",1,0,0,0,0,0,0,0,"N",0.16,0,0,0,0,0,0,0,"N",0,0.0,0,0,0,0,0,0,0,0,0,0,0,0,0,0
"20000","5","112910","58","0","2021","1","N",1,0,0,0,0,0,0,0,"N",0.16,0,0,0,0,0,0,0,"N",0,0.0,0,0,0,0,0,0,0,0,0,0,0,0,0,0
"20000","5","11292","57","0","2021","1","",8,43,35,39,576636,434768,9326,1137,"",0.69,0.78,0.64,0.71,1.49,0.90,1.74,2.09,"",0,0.0,3,7.5,-4,-10.3,0,0.0,36499,6.8,42658,10.9,3046,48.5,81,7.7
"20000","5","112920","58","0","2021","1","",8,43,35,39,576636,434768,9326,1137,"",0.69,0.78,0.64,0.71,1.49,0.90,1.74,2.09,"",0,0.0,3,7.5,-4,-10.3,0,0.0,36499,6.8,42658,10.9,3046,48.5,81,7.7
"20000","5","11299","57","0","2021","1","",17,104,107,106,641216,597546,7938,467,"",1.38,1.06,1.10,1.07,0.42,0.62,0.47,0.39,"",1,6.2,8,8.3,15,16.3,24,29.3,20303,3.3,45894,8.3,4780,151.4,-64,-12.1
"20000","5","112990","58","0","2021","1","",17,104,107,106,641216,597546,7938,467,"",1.38,1.06,1.10,1.07,0.42,0.62,0.47,0.39,"",1,6.2,8,8.3,15,16.3,24,29.3,20303,3.3,45894,8.3,4780,151.4,-64,-12.1
"20000","5","113","55","0","2021","1","",5,6,6,6,34884,34884,328,447,"",0.07,0.01,0.01,0.01,0.01,0.01,0.00,0.64,"",0,0.0,-1,-14.3,-2,-25.0,-2,-25.0,-1829,-5.0,-1829,-5.0,-745,-69.4,79,21.5
"20000","5","1133","56","0","2021","1","",5,6,6,6,34884,34884,328,447,"",0.08,0.01,0.01,0.01,0.01,0.01,0.00,0.65,"",0,0.0,-1,-14.3,-2,-25.0,-2,-25.0,-1829,-5.0,-1829,-5.0,-745,-69.4,79,21.5
"20000","5","11331","57","0","2021","1","",5,6,6,6,34884,34884,328,447,"",0.08,0.01,0.01,0.01,0.01,0.01,0.00,0.65,"",0,0.0,-1,-14.3,-2,-25.0,-2,-25.0,-1829,-5.0,-1829,-5.0,-745,-69.4,79,21.5
"20000","5","113310","58","0","2021","1","",5,6,6,6,34884,34884,328,447,"",0.08,0.01,0.01,0.01,0.01,0.01,0.00,0.65,"",0,0.0,-1,-14.3,-2,-25.0,-2,-25.0,-1829,-5.0,-1829,-5.0,-745,-69.4,79,21.5
"20000","5","114","55","0","2021","1","",6,40,32,31,167257,152805,438,375,"",0.27,0.57,0.46,0.43,0.21,0.16,0.01,0.43,"",0,0.0,-5,-11.1,-12,-27.3,4,14.8,-22364,-11.8,-15613,-9.3,95,27.7,-2,-0.5
"20000","5","1142","56","0","2021","1","",6,40,32,31,167257,152805,438,375,"",1.41,2.05,1.70,1.60,1.23,0.90,0.20,0.69,"",0,0.0,-5,-11.1,-12,-27.3,4,14.8,-22364,-11.8,-15613,-9.3,95,27.7,-2,-0.5
"20000","5","11421","57","0","2021","1","",6,40,32,31,167257,152805,438,375,"",1.41,2.05,1.70,1.60,1.23,0.90,0.20,0.69,"",0,0.0,-5,-11.1,-12,-27.3,4,14.8,-22364,-11.8,-15613,-9.3,95,27.7,-2,-0.5
"20000","5","114210","58","0","2021","1","",6,40,32,31,167257,152805,438,375,"",1.41,2.05,1.70,1.60,1.23,0.90,0.20,0.69,"",0,0.0,-5,-11.1,-12,-27.3,4,14.8,-22364,-11.8,-15613,-9.3,95,27.7,-2,-0.5
"20000","5","115","55","0","2021","1","",252,1200,1154,1158,13731887,11020854,194188,902,"",1.46,0.38,0.36,0.37,0.64,0.42,0.22,1.72,"",4,1.6,-13,-1.1,-54,-4.5,-46,-3.8,445685,3.4,-190025,-1.7,57776,42.4,56,6.6
"20000","5","1151","56","0","2021","1","",190,869,823,828,10799019,8505157,163217,989,"",1.87,0.32,0.30,0.31,0.61,0.39,0.20,1.96,"",6,3.3,-5,-0.6,-58,-6.6,-44,-5.0,326655,3.1,-229995,-2.6,48663,42.5,69,7.5
"20000","5","11511","57","0","2021","1","",190,869,823,828,10799019,8505157,163217,989,"",1.87,0.32,0.30,0.31,0.61,0.39,0.20,1.96,"",6,3.3,-5,-0.6,-58,-6.6,-44,-5.0,326655,3.1,-229995,-2.6,48663,42.5,69,7.5
"20000","5","115111","58","0","2021","1","",3,149,107,70,1468844,1375120,51708,1040,"",0.66,2.59,2.44,1.68,3.43,2.97,4.41,1.50,"",0,0.0,-27,-15.3,-55,-34.0,-69,-49.6,-757417,-34.0,-454527,-24.8,22738,78.5,-37,-3.4
"20000","5","115112","58","0","2021","1","",88,423,421,443,6023159,4422439,71928,1080,"",2.76,1.75,1.73,1.76,3.10,2.00,1.27,1.78,"",6,7.3,69,19.5,58,16.0,63,16.6,1444917,31.6,777722,21.3,34178,90.5,117,12.1
"20000","5","115113","58","0","2021","1","",70,168,166,182,1629226,1531291,25939,729,"",7.48,1.57,1.53,1.76,2.36,1.87,0.67,1.46,"",1,1.4,-23,-12.0,-36,-17.8,-25,-12.1,-203966,-11.1,-262383,-14.6,-2618,-9.2,24,3.4
"20000","5","115114","58","0","2021","1","",12,89,89,93,816651,753693,9066,695,"",0.66,0.12,0.12,0.13,0.14,0.11,0.04,1.10,"",-2,-14.3,-29,-24.6,-30,-25.2,-28,-23.1,-315300,-27.9,-317112,-29.6,-6381,-41.3,-35,-4.8
"20000","5","115115","58","0","2021","1","",4,10,9,10,86951,84924,471,692,"",0.17,0.01,0.01,0.01,0.01,0.01,0.00,1.75,"",1,33.3,2,25.0,1,12.5,2,25.0,14686,20.3,13659,19.2,2,0.4,-3,-0.4
"20000","5","115116","58","0","2021","1","",13,30,31,30,774188,337690,4105,1963,"",0.95,0.18,0.17,0.17,0.53,0.22,0.10,3.05,"",0,0.0,3,11.1,4,14.8,13,76.5,143735,22.8,12646,3.9,744,22.1,-86,-4.2
"20000","5","1152","56","0","2021","1","N",60,0,0,0,0,0,0,0,"N",1.21,0,0,0,0,0,0,0,"N",-2,-3.2,0,0,0,0,0,0,0,0,0,0,0,0,0,0
"20000","5","11521","57","0","2021","1","N",60,0,0,0,0,0,0,0,"N",1.21,0,0,0,0,0,0,0,"N",-2,-3.2,0,0,0,0,0,0,0,0,0,0,0,0,0,0
"20000","5","115210","58","0","2021","1","N",60,0,0,0,0,0,0,0,"N",1.21,0,0,0,0,0,0,0,"N",-2,-3.2,0,0,0,0,0,0,0,0,0,0,0,0,0,0
"20000","5","1153","56","0","2021","1","N",2,0,0,0,0,0,0,0,"N",0.09,0,0,0,0,0,0,0,"N",0,0.0,0,0,0,0,0,0,0,0,0,0,0,0,0,0
"20000","5","11531","57","0","2021","1","N",2,0,0,0,0,0,0,0,"N",0.09,0,0,0,0,0,0,0,"N",0,0.0,0,0,0,0,0,0,0,0,0,0,0,0,0,0
"20000","5","115310","58","0","2021","1","N",2,0,0,0,0,0,0,0,"N",0.09,0,0,0,0,0,0,0,"N",0,0.0,0,0,0,0,0,0,0,0,0,0,0,0,0,0
"20000","5","21","54","0","2021","1","",885,5541,5518,5709,77869142,59780018,1372640,1072,"",3.42,1.18,1.18,1.20,0.72,0.85,1.00,0.61,"",-34,-3.7,-773,-12.2,-796,-12.6,-537,-8.6,-10100782,-11.5,-7572892,-11.2,70917,5.4,-4,-0.4
"20000","5","211","55","0","2021","1","",323,1697,1708,1703,28156308,19419549,260026,1272,"",5.96,1.53,1.57,1.59,0.60,1.12,1.00,0.38,"",-9,-2.7,-195,-10.3,-185,-9.8,-156,-8.4,-2474198,-8.1,-1773954,-8.4,-949,-0.4,20,1.6
"20000","5","2111","56","0","2021","1","",323,1697,1708,1703,28156308,19419549,260026,1272,"",5.96,1.53,1.57,1.59,0.60,1.12,1.00,0.38,"",-9,-2.7,-195,-10.3,-185,-9.8,-156,-8.4,-2474198,-8.1,-1773954,-8.4,-949,-0.4,20,1.6
"20000","5","21112","57","0","2021","1","",299,1456,1467,1467,22686458,16314618,209963,1193,"",8.00,1.78,1.84,1.86,0.62,1.29,1.18,0.34,"",-7,-2.3,-187,-11.4,-178,-10.8,-145,-9.0,-3046605,-11.8,-1636558,-9.1,-1892,-0.9,-19,-1.6
"20000","5","211120","58","0","2021","1","",299,1456,1467,1467,22686458,16314618,209963,1193,"",8.00,1.78,1.84,1.86,0.62,1.29,1.18,0.34,"",-7,-2.3,-187,-11.4,-178,-10.8,-145,-9.0,-3046605,-11.8,-1636558,-9.1,-1892,-0.9,-19,-1.6
"20000","5","21113","57","0","2021","1","",24,241,241,236,5469850,3104931,50063,1758,"",1.43,0.82,0.84,0.82,0.53,0.66,0.60,0.64,"",-2,-7.7,-8,-3.2,-7,-2.8,-11,-4.5,572407,11.7,-137396,-4.2,943,1.9,239,15.7
"20000","5","211130","58","0","2021","1","",24,241,241,236,5469850,3104931,50063,1758,"",1.43,0.82,0.84,0.82,0.53,0.66,0.60,0.64,"",-2,-7.7,-8,-3.2,-7,-2.8,-11,-4.5,572407,11.7,-137396,-4.2,943,1.9,239,15.7
"20000","5","212","55","0","2021","1","",85,1499,1400,1512,21936991,15900030,568039,1148,"",1.42,0.93,0.88,0.93,0.83,0.62,1.10,0.90,"",3,3.7,61,4.2,-30,-2.1,43,2.9,360913,1.7,154037,1.0,46102,8.8,0,0.0
"20000","5","2121","56","0","2021","1","N",1,0,0,0,0,0,0,0,"N",0.16,0,0,0,0,0,0,0,"N",0,0.0,0,0,0,0,0,0,0,0,0,0,0,0,0,0
"20000","5","21211","57","0","2021","1","N",1,0,0,0,0,0,0,0,"N",0.16,0,0,0,0,0,0,0,"N",0,0.0,0,0,0,0,0,0,0,0,0,0,0,0,0,0
"20000","5","212111","58","0","2021","1","N",1,0,0,0,0,0,0,0,"N",0.28,0,0,0,0,0,0,0,"N",0,0.0,0,0,0,0,0,0,0,0,0,0,0,0,0,0
"20000","5","2123","56","0","2021","1","N",84,0,0,0,0,0,0,0,"N",1.74,0,0,0,0,0,0,0,"N",3,3.7,0,0,0,0,0,0,0,0,0,0,0,0,0,0
"20000","5","21231","57","0","2021","1","",32,828,780,832,11470823,8433586,362451,1085,"",1.55,2.20,2.12,2.14,2.51,1.94,2.95,1.16,"",-1,-3.0,48,6.2,-3,-0.4,19,2.3,829276,7.8,233453,2.8,26732,8.0,51,4.9
"20000","5","212311","58","0","2021","1","N",9,0,0,0,0,0,0,0,"N",1.90,0,0,0,0,0,0,0,"N",0,0.0,0,0,0,0,0,0,0,0,0,0,0,0,0,0
"20000","5","212312","58","0","2021","1","",21,441,431,440,5959551,4570717,155341,1048,"",2.23,2.27,2.29,2.18,2.52,2.08,2.18,1.12,"",-1,-4.5,13,3.0,10,2.4,9,2.1,78086,1.3,44085,1.0,4469,3.0,-12,-1.1
"20000","5","212319","58","0","2021","1","N",2,0,0,0,0,0,0,0,"N",0.48,0,0,0,0,0,0,0,"N",0,0.0,0,0,0,0,0,0,0,0,0,0,0,0,0,0
"20000","5","21232","57","0","2021","1","",47,535,485,544,7470819,5794957,186189,1102,"",1.96,1.44,1.33,1.44,1.52,1.25,1.39,1.08,"",5,11.9,24,4.7,-16,-3.2,33,6.5,-577478,-7.2,11454,0.2,14669,8.6,-118,-9.7
"20000","5","212321","58","0","2021","1","",42,491,455,500,6893563,5396734,157170,1100,"",2.05,1.87,1.78,1.87,2.12,1.65,1.50,1.15,"",3,7.7,26,5.6,0,0.0,37,8.0,-559290,-7.5,59216,1.1,15670,11.1,-144,-11.6
"20000","5","212322","58","0","2021","1","",5,44,30,44,577256,398223,29019,1129,"",2.58,0.79,0.53,0.76,0.71,0.55,1.28,1.02,"",2,66.7,-2,-4.3,-16,-34.8,-4,-8.3,-18188,-3.1,-47762,-10.7,-1001,-3.3,147,15.0
"20000","5","21239","57","0","2021","1","N",5,0,0,0,0,0,0,0,"N",1.38,0,0,0,0,0,0,0,"N",-1,-16.7,0,0,0,0,0,0,0,0,0,0,0,0,0,0
"20000","5","212393","58","0","2021","1","",3,118,117,118,2668380,1450719,13065,1744,"",3.32,4.20,4.21,4.35,6.36,4.10,1.79,1.50,"",0,0.0,-3,-2.5,-3,-2.5,-2,-1.7,195716,7.9,-14916,-1.0,5687,77.1,163,10.3
"20000","5","212399","58","0","2021","1","N",2,0,0,0,0,0,0,0,"N",0.85,0,0,0,0,0,0,0,"N",-1,-33.3,0,0,0,0,0,0,0,0,0,0,0,0,0,0
"20000","5","213","55","0","2021","1","",477,2345,2410,2494,27775843,24460439,544575,884,"",3.29,1.18,1.21,1.21,0.79,0.90,0.91,0.66,"",-28,-5.5,-639,-21.4,-581,-19.4,-424,-14.5,-7987497,-22.3,-5952975,-19.6,25764,5.0,-44,-4.7
"20000","5","2131","56","0","2021","1","",477,2345,2410,2494,27775843,24460439,544575,884,"",3.29,1.18,1.21,1.21,0.79,0.90,0.91,0.66,"",-28,-5.5,-639,-21.4,-581,-19.4,-424,-14.5,-7987497,-22.3,-5952975,-19.6,25764,5.0,-44,-4.7
"20000","5","21311","57","0","2021","1","",477,2345,2410,2494,27775843,24460439,544575,884,"",3.29,1.18,1.21,1.21,0.79,0.90,0.91,0.66,"",-28,-5.5,-639,-21.4,-581,-19.4,-424,-14.5,-7987497,-22.3,-5952975,-19.6,25764,5.0,-44,-4.7
"20000","5","213111","58","0","2021","1","N",71,0,0,0,0,0,0,0,"N",3.91,0,0,0,0,0,0,0,"N",-10,-12.3,0,0,0,0,0,0,0,0,0,0,0,0,0,0
"20000","5","213112","58","0","2021","1","",404,1875,1911,1946,22069449,19499248,338292,889,"",3.40,1.19,1.21,1.19,0.82,0.92,0.74,0.68,"",-18,-4.3,-426,-18.5,-394,-17.1,-329,-14.5,-5789207,-20.8,-4208697,-17.8,51764,18.1,-45,-4.8
"20000","5","213115","58","0","2021","1","N",2,0,0,0,0,0,0,0,"N",0.81,0,0,0,0,0,0,0,"N",0,0.0,0,0,0,0,0,0,0,0,0,0,0,0,0,0
"20000","5","22","54","0","2021","1","",235,6156,6118,6117,166231505,81797859,804377,2086,"",1.41,1.19,1.19,1.19,1.23,1.07,0.95,1.03,"",7,3.1,-208,-3.3,-222,-3.5,-262,-4.1,-5105860,-3.0,-4132677,-4.8,183896,29.6,14,0.7
"20000","5","221","55","0","2021","1","",235,6156,6118,6117,166231505,81797859,804377,2086,"",1.41,1.19,1.19,1.19,1.23,1.07,0.95,1.03,"",7,3.1,-208,-3.3,-222,-3.5,-262,-4.1,-5105860,-3.0,-4132677,-4.8,183896,29.6,14,0.7
"20000","5","2211","56","0","2021","1","",133,4387,4352,4341,125694132,58052462,564163,2218,"",1.47,1.21,1.21,1.20,1.24,1.04,0.96,1.03,"",6,4.7,-127,-2.8,-134,-3.0,-169,-3.7,-123149,-0.1,-3052013,-5.0,111539,24.6,69,3.2
"20000","5","22111","57","0","2021","1","",36,2278,2250,2241,71496041,31586554,346165,2437,"",0.99,1.69,1.68,1.66,1.75,1.50,1.28,1.04,"",3,9.1,-105,-4.4,-115,-4.9,-142,-6.0,-1191287,-1.6,-2278535,-6.7,27068,8.5,85,3.6
"20000","5","221111","58","0","2021","1","N",1,0,0,0,0,0,0,0,"N",0.19,0,0,0,0,0,0,0,"N",0,0.0,0,0,0,0,0,0,0,0,0,0,0,0,0,0
"20000","5","221112","58","0","2021","1","",19,925,911,903,28041292,12274655,100636,2363,"",1.31,1.24,1.24,1.22,1.32,1.03,0.70,1.07,"",0,0.0,-73,-7.3,-82,-8.3,-92,-9.2,-1556911,-5.3,-1031318,-7.8,30358,43.2,76,3.3
"20000","5","221113","58","0","2021","1","N",1,0,0,0,0,0,0,0,"N",0.86,0,0,0,0,0,0,0,"N",0,0.0,0,0,0,0,0,0,0,0,0,0,0,0,0,0
"20000","5","221115","58","0","2021","1","",14,507,502,494,10804992,6627121,169242,1659,"",3.66,7.38,7.34,7.22,6.18,6.10,9.23,0.84,"",2,16.7,-4,-0.8,-3,-0.6,-10,-2.0,47800,0.4,-243124,-3.5,-11418,-6.3,26,1.6
"20000","5","221117","58","0","2021","1","N",1,0,0,0,0,0,0,0,"N",0.77,0,0,0,0,0,0,0,"N",1,100.0,0,0,0,0,0,0,0,0,0,0,0,0,0,0
"20000","5","22112","57","0","2021","1","",97,2109,2102,2100,54198091,26465908,217998,1982,"",1.79,0.93,0.94,0.93,0.90,0.76,0.69,0.97,"",3,3.2,-22,-1.0,-19,-0.9,-27,-1.3,1068138,2.0,-773478,-2.8,84471,63.3,60,3.1
"20000","5","221121","58","0","2021","1","N",31,0,0,0,0,0,0,0,"N",5.35,0,0,0,0,0,0,0,"N",1,3.3,0,0,0,0,0,0,0,0,0,0,0,0,0,0
"20000","5","221122","58","0","2021","1","N",66,0,0,0,0,0,0,0,"N",1.37,0,0,0,0,0,0,0,"N",2,3.1,0,0,0,0,0,0,0,0,0,0,0,0,0,0
"20000","5","2212","56","0","2021","1","",88,1665,1662,1668,39329909,22662239,214461,1817,"",3.46,1.58,1.59,1.59,1.41,1.57,1.14,0.89,"",-1,-1.1,-27,-1.6,-34,-2.0,-40,-2.3,-4156477,-9.6,-700443,-3.0,73599,52.2,-152,-7.7
"20000","5","22121","57","0","2021","1","",88,1665,1662,1668,39329909,22662239,214461,1817,"",3.46,1.58,1.59,1.59,1.41,1.57,1.14,0.89,"",-1,-1.1,-27,-1.6,-34,-2.0,-40,-2.3,-4156477,-9.6,-700443,-3.0,73599,52.2,-152,-7.7
"20000","5","221210","58","0","2021","1","",88,1665,1662,1668,39329909,22662239,214461,1817,"",3.46,1.58,1.59,1.59,1.41,1.57,1.14,0.89,"",-1,-1.1,-27,-1.6,-34,-2.0,-40,-2.3,-4156477,-9.6,-700443,-3.0,73599,52.2,-152,-7.7
"20000","5","2213","56","0","2021","1","",14,104,104,108,1207464,1083158,25753,882,"",0.28,0.21,0.21,0.21,0.19,0.18,0.36,0.88,"",2,16.7,-54,-34.2,-54,-34.2,-53,-32.9,-826234,-40.6,-380221,-26.0,-1242,-4.6,-102,-10.4
"20000","5","22131","57","0","2021","1","N",12,0,0,0,0,0,0,0,"N",0.27,0,0,0,0,0,0,0,"N",2,20.0,0,0,0,0,0,0,0,0,0,0,0,0,0,0
"20000","5","221310","58","0","2021","1","N",12,0,0,0,0,0,0,0,"N",0.27,0,0,0,0,0,0,0,"N",2,20.0,0,0,0,0,0,0,0,0,0,0,0,0,0,0
"20000","5","22132","57","0","2021","1","N",2,0,0,0,0,0,0,0,"N",0.36,0,0,0,0,0,0,0,"N",0,0.0,0,0,0,0,0,0,0,0,0,0,0,0,0,0
"20000","5","221320","58","0","2021","1","N",2,0,0,0,0,0,0,0,"N",0.36,0,0,0,0,0,0,0,"N",0,0.0,0,0,0,0,0,0,0,0,0,0,0,0,0,0
"20000","5","23","54","0","2021","1","",7352,60606,56417,61896,831344323,636919419,21195921,1072,"",1.04,0.91,0.86,0.91,1.01,0.81,1.04,1.13,"",160,2.2,295,0.5,-4385,-7.2,-908,-1.4,-8033625,-1.0,-10047809,-1.6,947609,4.7,19,1.8
"20000","5","236","55","0","2021","1","",1966,12549,12303,12862,181889167,132726194,3875139,1113,"",0.90,0.83,0.83,0.84,0.87,0.73,0.89,1.04,"",38,2.0,85,0.7,-155,-1.2,374,3.0,2070544,1.2,-282952,-0.2,292039,8.2,4,0.4
"20000","5","2361","56","0","2021","1","",1361,5071,5028,5238,55642983,46585246,1005495,837,"",0.80,0.65,0.65,0.66,0.59,0.54,0.60,0.90,"",31,2.3,216,4.4,149,3.1,352,7.2,2749221,5.2,1697394,3.8,186043,22.7,2,0.2
"20000","5","23611","57","0","2021","1","",1361,5071,5028,5238,55642983,46585246,1005495,837,"",0.80,0.65,0.65,0.66,0.59,0.54,0.60,0.90,"",31,2.3,216,4.4,149,3.1,352,7.2,2749221,5.2,1697394,3.8,186043,22.7,2,0.2
"20000","5","236115","58","0","2021","1","",598,1999,1966,2064,22193540,18384274,391055,849,"",0.84,0.59,0.59,0.60,0.50,0.49,0.58,0.85,"",-5,-0.8,-36,-1.8,-79,-3.9,0,0.0,-715739,-3.1,-610519,-3.2,81939,26.5,-11,-1.3
"20000","5","236116","58","0","2021","1","",21,106,105,109,1611373,1221025,25690,1162,"",0.60,0.29,0.29,0.30,0.26,0.26,0.25,0.89,"",2,10.5,-4,-3.6,-6,-5.4,-4,-3.5,-170470,-9.6,-88244,-6.7,-13992,-35.3,-69,-5.6
"20000","5","236117","58","0","2021","1","",22,148,149,147,2156799,1528211,35867,1121,"",0.55,0.33,0.33,0.32,0.21,0.25,0.37,0.63,"",0,0.0,17,13.0,14,10.4,17,13.1,297751,16.0,196361,14.7,8886,32.9,38,3.5
"20000","5","236118","58","0","2021","1","",720,2818,2808,2918,29681271,25451736,552883,802,"",0.79,0.78,0.78,0.79,0.87,0.68,0.70,1.11,"",34,5.0,239,9.3,220,8.5,339,13.1,3337679,12.7,2199796,9.5,109210,24.6,17,2.2
"20000","5","2362","56","0","2021","1","",605,7478,7275,7624,126246184,86140948,2869644,1302,"",1.24,1.03,1.02,1.04,1.10,0.91,1.07,1.07,"",7,1.2,-131,-1.7,-304,-4.0,22,0.3,-678677,-0.5,-1980346,-2.2,105996,3.8,17,1.3
"20000","5","23621","57","0","2021","1","",45,1119,1133,1241,23230238,15162971,668867,1535,"",0.88,0.91,0.93,0.98,1.14,0.91,1.19,1.21,"",-3,-6.2,144,14.8,136,13.6,221,21.7,4394279,23.3,2542758,20.1,249104,59.3,82,5.6
"20000","5","236210","58","0","2021","1","",45,1119,1133,1241,23230238,15162971,668867,1535,"",0.88,0.91,0.93,0.98,1.14,0.91,1.19,1.21,"",-3,-6.2,144,14.8,136,13.6,221,21.7,4394279,23.3,2542758,20.1,249104,59.3,82,5.6
"20000","5","23622","57","0","2021","1","",560,6359,6142,6383,103015946,70977977,2200777,1259,"",1.29,1.06,1.04,1.06,1.09,0.91,1.03,1.04,"",10,1.8,-275,-4.1,-440,-6.7,-199,-3.0,-5072956,-4.7,-4523104,-6.0,-143108,-6.1,-1,-0.1
"20000","5","236220","58","0","2021","1","",560,6359,6142,6383,103015946,70977977,2200777,1259,"",1.29,1.06,1.04,1.06,1.09,0.91,1.03,1.04,"",10,1.8,-275,-4.1,-440,-6.7,-199,-3.0,-5072956,-4.7,-4523104,-6.0,-143108,-6.1,-1,-0.1
"20000","5","237","55","0","2021","1","",568,9122,7856,9476,145149984,102688400,4697602,1266,"",1.29,1.02,0.89,1.02,1.08,0.90,1.33,1.11,"",29,5.4,128,1.4,-1430,-15.4,-789,-7.7,-1871605,-1.3,-3985918,-3.7,246576,5.5,77,6.5
"20000","5","2371","56","0","2021","1","",347,4919,4109,4729,75991158,55101601,2154037,1275,"",1.54,1.02,0.86,0.95,1.05,0.88,1.18,1.12,"",23,7.1,34,0.7,-931,-18.5,-844,-15.1,-3654290,-4.6,-4322477,-7.3,89034,4.3,89,7.5
"20000","5","23711","57","0","2021","1","",136,1554,1419,1550,18624444,15566531,394802,950,"",1.33,0.91,0.85,0.89,0.88,0.77,0.73,1.00,"",7,5.4,33,2.2,-97,-6.4,4,0.3,173630,0.9,30533,0.2,46625,13.4,21,2.3
"20000","5","237110","58","0","2021","1","",136,1554,1419,1550,18624444,15566531,394802,950,"",1.33,0.91,0.85,0.89,0.88,0.77,0.73,1.00,"",7,5.4,33,2.2,-97,-6.4,4,0.3,173630,0.9,30533,0.2,46625,13.4,21,2.3
"20000","5","23712","57","0","2021","1","",70,1015,756,1182,17823175,12023465,571310,1393,"",2.05,0.91,0.68,1.00,0.99,0.76,0.91,1.15,"",7,11.1,-500,-33.0,-898,-54.3,-1011,-46.1,-12896202,-42.0,-11091217,-48.0,-489738,-46.2,71,5.4
"20000","5","237120","58","0","2021","1","",70,1015,756,1182,17823175,12023465,571310,1393,"",2.05,0.91,0.68,1.00,0.99,0.76,0.91,1.15,"",7,11.1,-500,-33.0,-898,-54.3,-1011,-46.1,-12896202,-42.0,-11091217,-48.0,-489738,-46.2,71,5.4
"20000","5","23713","57","0","2021","1","",141,2350,1934,1997,39543539,27511605,1187925,1453,"",1.59,1.17,0.96,0.96,1.19,1.03,1.80,1.16,"",9,6.8,501,27.1,64,3.4,163,8.9,9068282,29.8,6738207,32.4,532147,81.1,187,14.8
"20000","5","237130","58","0","2021","1","",141,2350,1934,1997,39543539,27511605,1187925,1453,"",1.59,1.17,0.96,0.96,1.19,1.03,1.80,1.16,"",9,6.8,501,27.1,64,3.4,163,8.9,9068282,29.8,6738207,32.4,532147,81.1,187,14.8
"20000","5","2372","56","0","2021","1","",38,157,158,161,2167379,1396423,21856,1051,"",0.79,0.48,0.49,0.49,0.30,0.37,0.37,0.61,"",2,5.6,-2,-1.3,1,0.6,5,3.2,-246071,-10.2,-9958,-0.7,-3541,-13.9,-129,-10.9
"20000","5","23721","57","0","2021","1","",38,157,158,161,2167379,1396423,21856,1051,"",0.79,0.48,0.49,0.49,0.30,0.37,0.37,0.61,"",2,5.6,-2,-1.3,1,0.6,5,3.2,-246071,-10.2,-9958,-0.7,-3541,-13.9,-129,-10.9
"20000","5","237210","58","0","2021","1","",38,157,158,161,2167379,1396423,21856,1051,"",0.79,0.48,0.49,0.49,0.30,0.37,0.37,0.61,"",2,5.6,-2,-1.3,1,0.6,5,3.2,-246071,-10.2,-9958,-0.7,-3541,-13.9,-129,-10.9
"20000","5","2373","56","0","2021","1","",115,3270,2855,3846,49261792,36295481,1919046,1140,"",1.19,1.20,1.08,1.35,1.32,1.06,1.52,1.09,"",-6,-5.0,22,0.7,-497,-14.8,50,1.3,1919784,4.1,159656,0.4,105361,5.8,89,8.5
"20000","5","23731","57","0","2021","1","",115,3270,2855,3846,49261792,36295481,1919046,1140,"",1.19,1.20,1.08,1.35,1.32,1.06,1.52,1.09,"",-6,-5.0,22,0.7,-497,-14.8,50,1.3,1919784,4.1,159656,0.4,105361,5.8,89,8.5
"20000","5","237310","58","0","2021","1","",115,3270,2855,3846,49261792,36295481,1919046,1140,"",1.19,1.20,1.08,1.35,1.32,1.06,1.52,1.09,"",-6,-5.0,22,0.7,-497,-14.8,50,1.3,1919784,4.1,159656,0.4,105361,5.8,89,8.5
"20000","5","2379","56","0","2021","1","",68,776,734,740,17729655,9894895,602663,1818,"",0.96,0.72,0.70,0.68,1.03,0.73,1.53,1.47,"",10,17.2,74,10.5,-3,-0.4,0,0.0,108972,0.6,186861,1.9,55722,10.2,-48,-2.6
"20000","5","23799","57","0","2021","1","",68,776,734,740,17729655,9894895,602663,1818,"",0.96,0.72,0.70,0.68,1.03,0.73,1.53,1.47,"",10,17.2,74,10.5,-3,-0.4,0,0.0,108972,0.6,186861,1.9,55722,10.2,-48,-2.6
"20000","5","237990","58","0","2021","1","",68,776,734,740,17729655,9894895,602663,1818,"",0.96,0.72,0.70,0.68,1.03,0.73,1.53,1.47,"",10,17.2,74,10.5,-3,-0.4,0,0.0,108972,0.6,186861,1.9,55722,10.2,-48,-2.6
"20000","5","238","55","0","2021","1","",4818,38935,36258,39558,504305172,401504825,12623180,1014,"",1.08,0.91,0.86,0.91,1.05,0.81,1.01,1.18,"",93,2.0,82,0.2,-2800,-7.2,-493,-1.2,-8232564,-1.6,-5778939,-1.4,408994,3.3,11,1.1
"20000","5","2381","56","0","2021","1","",1100,8277,6845,8437,89543384,76642707,2254792,877,"",1.24,0.99,0.85,0.99,1.06,0.84,0.96,1.12,"",37,3.5,246,3.1,-1278,-15.7,109,1.3,-338273,-0.4,500415,0.7,98956,4.6,30,3.5
"20000","5","23811","57","0","2021","1","",250,2631,2060,2711,27900000,24712891,688239,870,"",1.37,1.26,1.03,1.27,1.30,1.07,1.20,1.09,"",3,1.2,235,9.8,-340,-14.2,230,9.3,1705414,6.5,2158855,9.6,71269,11.6,39,4.7
"20000","5","238111","58","0","2021","1","",188,1468,1117,1541,13776589,12750535,282771,771,"",1.45,1.48,1.18,1.51,1.51,1.22,1.27,1.08,"",0,0.0,151,11.5,-212,-16.0,154,11.1,1345996,10.8,1520421,13.5,65484,30.1,60,8.4
"20000","5","238112","58","0","2021","1","",62,1163,943,1170,14123411,11962356,405468,995,"",1.20,1.05,0.89,1.05,1.14,0.95,1.16,1.14,"",3,5.1,84,7.8,-128,-12.0,76,6.9,359418,2.6,638434,5.6,5785,1.4,16,1.6
"20000","5","23812","57","0","2021","1","",53,349,311,364,4608861,3817424,136692,1039,"",1.20,0.45,0.41,0.46,0.47,0.39,0.45,1.08,"",5,10.4,-53,-13.2,-114,-26.8,-58,-13.7,-597947,-11.5,-552589,-12.6,-4497,-3.2,77,8.0
"20000","5","238121","58","0","2021","1","",8,24,30,34,276164,254374,7408,724,"",0.71,0.20,0.26,0.28,0.21,0.19,0.21,0.86,"",4,100.0,-4,-14.3,0,0.0,3,9.7,-20063,-6.8,-20627,-7.5,-7691,-50.9,-44,-5.7
"20000","5","238122","58","0","2021","1","",45,325,281,330,4332697,3563050,129284,1068,"",1.37,0.49,0.43,0.49,0.51,0.43,0.48,1.08,"",1,2.3,-49,-13.1,-114,-28.9,-61,-15.6,-577884,-11.8,-531962,-13.0,3194,2.5,91,9.3
"20000","5","23813","57","0","2021","1","",146,624,567,611,5711724,5203136,83474,731,"",1.55,0.78,0.72,0.76,0.82,0.63,0.47,1.09,"",-8,-5.2,-25,-3.9,-106,-15.8,-71,-10.4,-470658,-7.6,-443966,-7.9,-20773,-19.9,19,2.7
"20000","5","238131","58","0","2021","1","",131,492,446,490,4162531,3940337,66362,673,"",1.61,0.77,0.71,0.76,0.80,0.61,0.53,1.07,"",-8,-5.8,-29,-5.6,-89,-16.6,-59,-10.7,-148793,-3.5,-205710,-5.0,-12793,-16.2,53,8.5
"20000","5","238132","58","0","2021","1","",15,132,121,121,1549193,1262799,17112,956,"",1.15,0.82,0.76,0.74,0.88,0.67,0.34,1.14,"",0,0.0,4,3.1,-17,-12.3,-12,-9.0,-321865,-17.2,-238256,-15.9,-7980,-31.8,-126,-11.6
"20000","5","23814","57","0","2021","1","",209,1351,1069,1327,11804825,11007841,408126,727,"",1.29,1.09,0.91,1.04,1.02,0.82,0.95,1.01,"",14,7.2,76,6.0,-224,-17.3,7,0.5,-431023,-3.5,-418238,-3.7,509,0.1,1,0.1
"20000","5","238141","58","0","2021","1","",156,779,637,759,6613298,6162860,202309,702,"",1.29,1.26,1.08,1.20,1.33,1.01,1.45,1.13,"",15,10.6,48,6.6,-118,-15.6,9,1.2,-68221,-1.0,-149184,-2.4,6461,3.3,12,1.7
"20000","5","238142","58","0","2021","1","",53,572,432,568,5191527,4844981,205817,762,"",1.30,0.91,0.74,0.88,0.79,0.66,0.71,0.93,"",-1,-1.9,28,5.1,-106,-19.7,-2,-0.4,-362802,-6.5,-269054,-5.3,-5952,-2.8,-14,-1.8
"20000","5","23815","57","0","2021","1","",36,473,481,494,5721703,5072856,116649,912,"",0.61,0.68,0.71,0.72,0.73,0.63,0.57,1.04,"",2,5.9,-10,-2.1,-7,-1.4,4,0.8,-145740,-2.5,-42309,-0.8,9884,9.3,-15,-1.6
"20000","5","238151","58","0","2021","1","",11,72,76,80,883885,792338,15600,895,"",0.33,0.30,0.32,0.33,0.40,0.32,0.31,1.24,"",0,0.0,2,2.9,8,11.8,12,17.6,190383,27.5,152514,23.8,6473,70.9,118,15.2
"20000","5","238152","58","0","2021","1","",25,401,405,414,4837818,4280518,101049,915,"",0.96,0.88,0.91,0.92,0.86,0.77,0.65,0.95,"",2,8.7,-12,-2.9,-15,-3.6,-8,-1.9,-336123,-6.5,-194823,-4.4,3411,3.5,-36,-3.8
"20000","5","23816","57","0","2021","1","",255,2158,1730,2205,26516357,20608244,630163,1004,"",1.17,1.08,0.92,1.09,1.37,1.00,1.32,1.33,"",14,5.8,5,0.2,-467,-21.3,-48,-2.1,-708507,-2.6,-625568,-2.9,21913,3.6,53,5.6
"20000","5","238161","58","0","2021","1","",180,817,710,848,9323875,7430311,172017,906,"",1.06,0.80,0.72,0.81,1.03,0.74,0.96,1.32,"",13,7.8,61,8.1,-59,-7.7,51,6.4,-246352,-2.6,175079,2.4,8815,5.4,-45,-4.7
"20000","5","238162","58","0","2021","1","",75,1341,1020,1357,17192482,13177933,458146,1067,"",1.54,1.38,1.14,1.38,1.67,1.24,1.54,1.28,"",1,1.4,-56,-4.0,-408,-28.6,-99,-6.8,-462155,-2.6,-800647,-5.7,13098,2.9,115,12.1
"20000","5","23817","57","0","2021","1","",112,432,380,451,3919780,3414087,101351,716,"",1.66,1.15,1.07,1.19,1.18,0.86,1.29,1.04,"",2,1.8,-21,-4.6,-48,-11.2,-5,-1.1,22458,0.6,-23893,-0.7,1440,1.4,43,6.4
"20000","5","238171","58","0","2021","1","N",109,0,0,0,0,0,0,0,"N",1.74,0,0,0,0,0,0,0,"N",2,1.9,0,0,0,0,0,0,0,0,0,0,0,0,0,0
"20000","5","238172","58","0","2021","1","N",3,0,0,0,0,0,0,0,"N",0.60,0,0,0,0,0,0,0,"N",0,0.0,0,0,0,0,0,0,0,0,0,0,0,0,0,0
"20000","5","23819","57","0","2021","1","",39,259,247,274,3360134,2806228,90098,994,"",0.66,0.63,0.61,0.65,0.79,0.61,0.89,1.26,"",5,14.7,39,17.7,28,12.8,50,22.3,287730,9.4,448123,19.0,19211,27.1,-75,-7.0
"20000","5","238191","58","0","2021","1","",12,152,147,164,1737225,1586641,45897,866,"",0.36,0.91,0.88,0.95,1.14,0.93,1.39,1.25,"",2,20.0,53,53.5,38,34.9,64,64.0,457292,35.7,430671,37.3,26686,138.9,-93,-9.7
"20000","5","238192","58","0","2021","1","",27,107,100,110,1622909,1219587,44201,1181,"",1.02,0.44,0.42,0.44,0.60,0.42,0.65,1.38,"",3,12.5,-14,-11.6,-10,-9.1,-14,-11.3,-169562,-9.5,17452,1.5,-7475,-14.5,16,1.4
"20000","5","2382","56","0","2021","1","",1801,19322,18988,19381,284015501,215334649,6747088,1136,"",1.02,0.92,0.91,0.92,1.10,0.84,1.09,1.20,"",-1,-0.1,-24,-0.1,-470,-2.4,-283,-1.4,-5162711,-1.8,-2885522,-1.3,299916,4.7,-5,-0.4
"20000","5","23821","57","0","2021","1","",702,6772,6656,6707,97754821,75099475,2310656,1120,"",0.94,0.76,0.75,0.75,0.88,0.69,0.84,1.17,"",10,1.4,62,0.9,-89,-1.3,18,0.3,-659100,-0.7,-267042,-0.4,196106,9.3,-7,-0.6
"20000","5","238211","58","0","2021","1","",400,2118,2118,2158,22522626,20336168,438928,813,"",0.91,0.71,0.71,0.71,0.74,0.63,0.72,1.04,"",10,2.6,23,1.1,1,0.0,30,1.4,-917692,-3.9,-440042,-2.1,50888,13.1,-40,-4.7
"20000","5","238212","58","0","2021","1","",302,4654,4538,4549,75232195,54763307,1871728,1263,"",0.99,0.78,0.77,0.76,0.93,0.72,0.87,1.20,"",0,0.0,39,0.8,-90,-1.9,-12,-0.3,258592,0.3,173000,0.3,145218,8.4,10,0.8
"20000","5","23822","57","0","2021","1","",988,10277,10067,10379,148177808,114156544,3681227,1113,"",1.06,0.96,0.95,0.96,1.17,0.89,1.24,1.23,"",-5,-0.5,-19,-0.2,-297,-2.9,-148,-1.4,327748,0.2,-381358,-0.3,152497,4.3,19,1.7
"20000","5","238221","58","0","2021","1","",750,5180,5132,5272,60790411,51826686,1170820,900,"",1.09,0.94,0.93,0.95,1.12,0.86,1.12,1.20,"",8,1.1,148,2.9,123,2.5,270,5.4,3468070,6.1,2541375,5.2,214639,22.4,21,2.4
"20000","5","238222","58","0","2021","1","",238,5097,4935,5107,87387397,62329858,2510407,1332,"",1.00,0.98,0.96,0.98,1.21,0.92,1.31,1.24,"",-13,-5.2,-167,-3.2,-420,-7.8,-418,-7.6,-3140322,-3.5,-2922733,-4.5,-62142,-2.4,38,2.9
"20000","5","23829","57","0","2021","1","",111,2273,2265,2295,38082872,26078630,755205,1286,"",1.17,1.66,1.67,1.65,1.84,1.43,1.72,1.10,"",-6,-5.1,-67,-2.9,-84,-3.6,-153,-6.2,-4831359,-11.3,-2237122,-7.9,-48687,-6.1,-102,-7.3
"20000","5","238291","58","0","2021","1","",17,113,122,115,1132254,1037204,23025,747,"",0.79,0.75,0.81,0.75,0.78,0.65,0.75,1.02,"",2,13.3,-6,-5.0,-4,-3.2,-8,-6.5,94028,9.1,59668,6.1,4938,27.3,96,14.7
"20000","5","238292","58","0","2021","1","",94,2160,2143,2180,36950618,25041426,732180,1315,"",1.28,1.78,1.78,1.76,1.92,1.50,1.79,1.08,"",-8,-7.8,-61,-2.7,-80,-3.6,-145,-6.2,-4925387,-11.8,-2296790,-8.4,-53625,-6.8,-113,-7.9
"20000","5","2383","56","0","2021","1","",1034,5600,5644,5806,63053857,54319584,1596879,853,"",0.95,0.76,0.76,0.77,0.87,0.67,0.77,1.14,"",19,1.9,-219,-3.8,-188,-3.2,-157,-2.6,-2543300,-3.9,-2100286,-3.7,-4213,-0.3,-6,-0.7
"20000","5","23831","57","0","2021","1","",173,1468,1474,1477,17572089,14925154,411532,918,"",0.98,0.64,0.64,0.63,0.70,0.55,0.52,1.10,"",-9,-4.9,-144,-8.9,-128,-8.0,-118,-7.4,-1349997,-7.1,-1116020,-7.0,7007,1.7,10,1.1
"20000","5","238311","58","0","2021","1","",128,924,935,931,10443256,8951293,223017,864,"",1.03,0.86,0.87,0.85,1.06,0.78,0.95,1.24,"",-7,-5.2,-61,-6.2,-37,-3.8,-34,-3.5,-16953,-0.2,-104701,-1.2,13483,6.4,38,4.6
"20000","5","238312","58","0","2021","1","",45,544,539,546,7128833,5973861,188515,1010,"",0.87,0.44,0.44,0.44,0.46,0.38,0.33,1.06,"",-2,-4.3,-83,-13.2,-91,-14.4,-84,-13.3,-1333044,-15.8,-1011319,-14.5,-6476,-3.3,-25,-2.4
"20000","5","23832","57","0","2021","1","",345,1301,1292,1366,11774309,11104532,285033,686,"",1.04,0.74,0.73,0.75,0.78,0.62,0.62,1.05,"",6,1.8,-57,-4.2,-90,-6.5,-103,-7.0,-311734,-2.6,-274644,-2.4,14246,5.3,23,3.5
"20000","5","238321","58","0","2021","1","",275,937,956,1003,8234277,7820585,168677,656,"",1.00,0.86,0.88,0.89,1.01,0.77,0.83,1.15,"",6,2.2,-29,-3.0,-29,-2.9,-49,-4.7,78720,1.0,-40195,-0.5,19079,12.8,29,4.6
"20000","5","238322","58","0","2021","1","",70,364,336,363,3540032,3283947,116356,769,"",1.25,0.54,0.50,0.52,0.50,0.43,0.45,0.97,"",0,0.0,-28,-7.1,-61,-15.4,-54,-12.9,-390454,-9.9,-234449,-6.7,-4833,-4.0,17,2.3
"20000","5","23833","57","0","2021","1","",161,687,686,689,7582823,6596615,160315,849,"",1.06,0.95,0.95,0.93,1.07,0.85,0.88,1.12,"",6,3.9,50,7.8,67,10.8,65,10.4,440907,6.2,324637,5.2,22707,16.5,-28,-3.2
"20000","5","238331","58","0","2021","1","",136,451,443,439,4273901,3916960,78932,740,"",1.09,0.95,0.93,0.90,1.02,0.81,0.90,1.11,"",5,3.8,48,11.9,51,13.0,43,10.9,364442,9.3,267212,7.3,18788,31.2,-18,-2.4
"20000","5","238332","58","0","2021","1","",25,236,243,250,3308922,2679655,81383,1047,"",0.92,0.96,0.99,1.00,1.12,0.90,0.87,1.14,"",1,4.2,2,0.9,16,7.0,22,9.6,76465,2.4,57425,2.2,3919,5.1,-36,-3.3
"20000","5","23834","57","0","2021","1","",50,373,392,383,4660296,3911575,163748,937,"",0.58,0.71,0.74,0.71,0.94,0.69,1.30,1.31,"",4,8.7,-5,-1.3,0,0.0,-3,-0.8,-382594,-7.6,-365945,-8.6,-525,-0.3,-70,-7.0
"20000","5","238341","58","0","2021","1","",38,164,173,160,1723576,1600316,41258,800,"",0.50,0.41,0.43,0.39,0.49,0.39,0.55,1.19,"",4,11.8,5,3.1,9,5.5,-1,-0.6,-98816,-5.4,-109185,-6.4,5632,15.8,-69,-7.9
"20000","5","238342","58","0","2021","1","",12,209,219,223,2936720,2311259,122490,1041,"",1.09,1.64,1.72,1.67,2.04,1.48,2.38,1.22,"",0,0.0,-10,-4.6,-9,-3.9,-2,-0.9,-283778,-8.8,-256760,-10.0,-6157,-4.8,-65,-5.9
"20000","5","23835","57","0","2021","1","",240,1250,1268,1271,15141694,12248288,326381,922,"",0.92,0.89,0.91,0.89,1.14,0.81,1.02,1.27,"",13,5.7,-50,-3.8,-51,-3.9,-35,-2.7,-1018038,-6.3,-756045,-5.8,-67917,-17.2,-28,-2.9
"20000","5","238351","58","0","2021","1","",215,1034,1046,1063,12062800,9854726,220732,886,"",0.95,0.95,0.97,0.96,1.26,0.87,1.10,1.31,"",18,9.1,104,11.2,95,10.0,90,9.2,1310416,12.2,1178375,13.6,78499,55.2,17,2.0
"20000","5","238352","58","0","2021","1","",25,216,222,208,3078894,2393562,105649,1100,"",0.75,0.69,0.71,0.65,0.83,0.63,0.88,1.22,"",-5,-16.7,-154,-41.6,-146,-39.7,-125,-37.5,-2328454,-43.1,-1934420,-44.7,-146416,-58.1,-65,-5.6
"20000","5","23839","57","0","2021","1","",65,521,532,620,6322646,5533420,249870,872,"",0.80,0.76,0.79,0.89,0.92,0.76,1.41,1.13,"",-1,-1.5,-13,-2.4,14,2.7,37,6.3,78156,1.3,87731,1.6,20269,8.8,-9,-1.0
"20000","5","238391","58","0","2021","1","",33,192,219,252,2255499,2052084,67412,785,"",0.74,0.63,0.72,0.81,0.79,0.65,1.09,1.10,"",2,6.5,21,12.3,48,28.1,61,31.9,433419,23.8,379649,22.7,16200,31.6,-4,-0.5
"20000","5","238392","58","0","2021","1","",32,329,313,368,4067147,3481336,182458,929,"",0.87,0.86,0.84,0.96,1.01,0.84,1.57,1.14,"",-3,-8.6,-34,-9.4,-34,-9.8,-24,-6.1,-355263,-8.0,-291918,-7.7,4069,2.3,3,0.3
"20000","5","2389","56","0","2021","1","",883,5736,4781,5934,67692430,55207885,2024421,950,"",1.26,0.96,0.82,0.96,1.07,0.82,1.05,1.18,"",38,4.5,79,1.4,-864,-15.3,-162,-2.7,-188280,-0.3,-1293546,-2.3,14335,0.7,50,5.6
"20000","5","23891","57","0","2021","1","",424,2791,2446,2813,34190698,27561385,978930,980,"",1.34,0.88,0.80,0.88,1.02,0.75,0.93,1.20,"",9,2.2,126,4.7,-235,-8.8,82,3.0,2768084,8.8,861523,3.2,111810,12.9,82,9.1
"20000","5","238911","58","0","2021","1","",171,853,739,852,8957229,8326258,246601,846,"",0.95,0.73,0.65,0.73,0.83,0.65,0.78,1.18,"",2,1.2,13,1.5,-89,-10.7,33,4.0,91310,1.0,195734,2.4,40689,19.8,23,2.8
"20000","5","238912","58","0","2021","1","",253,1938,1707,1961,25233469,19235127,732329,1039,"",1.84,0.96,0.88,0.96,1.11,0.80,0.99,1.19,"",7,2.8,113,6.2,-146,-7.9,49,2.6,2676774,11.9,665789,3.6,71121,10.8,108,11.6
"20000","5","23899","57","0","2021","1","",459,2945,2335,3121,33501732,27646500,1045491,920,"",1.19,1.04,0.84,1.06,1.13,0.90,1.19,1.15,"",29,6.7,-47,-1.6,-629,-21.2,-244,-7.3,-2956364,-8.1,-2155069,-7.2,-97475,-8.5,17,1.9
"20000","5","238991","58","0","2021","1","",276,1368,1079,1442,12264152,11220744,365959,728,"",1.09,1.02,0.82,1.02,1.01,0.84,1.09,1.05,"",19,7.4,51,3.9,-193,-15.2,68,4.9,546090,4.7,366703,3.4,50005,15.8,46,6.7
"20000","5","238992","58","0","2021","1","",183,1577,1256,1679,21237580,16425756,679532,1086,"",1.40,1.06,0.86,1.09,1.22,0.96,1.25,1.21,"",10,5.8,-98,-5.9,-436,-25.8,-312,-15.7,-3502454,-14.2,-2521772,-13.3,-147480,-17.8,20,1.9
"20000","5","31-33","54","0","2021","1","",3136,157935,157309,159941,2533972817,1747067050,42028545,1231,"",1.05,1.36,1.37,1.38,1.52,1.26,1.83,1.11,"",57,1.9,-12772,-7.5,-12595,-7.4,-9538,-5.6,-223436242,-8.1,-140644311,-7.5,3832843,10.0,-16,-1.3
"20000","5","311","55","0","2021","1","",358,36106,36382,37166,568249000,390221384,5869691,1196,"",1.21,2.34,2.38,2.42,3.72,2.35,2.46,1.56,"",14,4.1,1887,5.5,1909,5.5,2671,7.7,48716945,9.4,28694195,7.9,1700438,40.8,34,2.9
"20000","5","3111","56","0","2021","1","",83,4832,4810,4867,80818315,53044746,896117,1285,"",4.08,7.54,7.56,7.58,9.72,6.68,9.45,1.29,"",2,2.5,633,15.1,583,13.8,587,13.7,3680965,4.8,7334676,16.0,271033,43.4,-116,-8.3
"20000","5","31111","57","0","2021","1","",83,4832,4810,4867,80818315,53044746,896117,1285,"",4.08,7.54,7.56,7.58,9.72,6.68,9.45,1.29,"",2,2.5,633,15.1,583,13.8,587,13.7,3680965,4.8,7334676,16.0,271033,43.4,-116,-8.3
"20000","5","311111","58","0","2021","1","",21,3304,3326,3371,46933361,34049143,637463,1083,"",3.77,10.97,11.07,11.11,10.97,9.00,12.98,0.99,"",0,0.0,499,17.8,471,16.5,463,15.9,5933927,14.5,5075383,17.5,178341,38.8,-21,-1.9
"20000","5","311119","58","0","2021","1","",62,1528,1484,1496,33884954,18995603,258654,1735,"",4.20,4.50,4.42,4.41,8.40,4.57,5.65,1.89,"",2,3.3,134,9.6,112,8.2,124,9.0,-2252962,-6.2,2259293,13.5,92692,55.9,-280,-13.9
"20000","5","3112","56","0","2021","1","",38,1959,1997,2030,32074191,22452317,339431,1237,"",4.15,3.27,3.37,3.41,3.40,2.71,3.47,1.02,"",-2,-5.0,-104,-5.0,-84,-4.0,-57,-2.7,-4864300,-13.2,-1687262,-7.0,48183,16.5,-131,-9.6
"20000","5","31121","57","0","2021","1","",27,1245,1260,1256,21156919,14089042,186143,1298,"",6.52,6.31,6.45,6.37,8.90,5.79,5.69,1.39,"",-1,-3.6,-154,-11.0,-149,-10.6,-157,-11.1,-4866392,-18.7,-2532654,-15.2,8828,5.0,-125,-8.8
"20000","5","311211","58","0","2021","1","",27,1245,1260,1256,21156919,14089042,186143,1298,"",9.37,9.08,9.29,9.19,12.18,7.99,7.93,1.33,"",-1,-3.6,-154,-11.0,-149,-10.6,-157,-11.1,-4866392,-18.7,-2532654,-15.2,8828,5.0,-125,-8.8
"20000","5","31122","57","0","2021","1","",11,714,737,774,10917272,8363275,153288,1132,"",2.81,2.53,2.64,2.76,2.07,2.09,3.39,0.78,"",-1,-8.3,50,7.5,65,9.7,100,14.8,2092,0.0,845392,11.2,39355,34.5,-121,-9.7
"20000","5","311221","58","0","2021","1","N",1,0,0,0,0,0,0,0,"N",1.73,0,0,0,0,0,0,0,"N",0,0.0,0,0,0,0,0,0,0,0,0,0,0,0,0,0
"20000","5","311224","58","0","2021","1","",5,146,143,142,2228403,1537424,30661,1193,"",2.67,1.66,1.66,1.64,1.99,1.33,2.88,1.20,"N",0,0.0,0,0,0,0,0,0,0,0,0,0,0,0,0,0
"20000","5","311225","58","0","2021","1","N",5,0,0,0,0,0,0,0,"N",3.43,0,0,0,0,0,0,0,"N",-1,-16.7,0,0,0,0,0,0,0,0,0,0,0,0,0,0
"20000","5","3113","56","0","2021","1","",15,1729,1736,1718,19030860,16143687,559453,847,"",0.83,2.43,2.47,2.43,2.57,2.23,3.39,1.05,"",-1,-6.2,180,11.6,180,11.6,301,21.2,1300392,7.3,1669090,11.5,152858,37.6,-58,-6.4
"20000","5","31131","57","0","2021","1","N",1,0,0,0,0,0,0,0,"N",1.16,0,0,0,0,0,0,0,"N",0,0.0,0,0,0,0,0,0,0,0,0,0,0,0,0,0
"20000","5","311314","58","0","2021","1","N",1,0,0,0,0,0,0,0,"N",1.63,0,0,0,0,0,0,0,"N",0,0.0,0,0,0,0,0,0,0,0,0,0,0,0,0,0
"20000","5","31134","57","0","2021","1","N",3,0,0,0,0,0,0,0,"N",0.59,0,0,0,0,0,0,0,"N",0,0.0,0,0,0,0,0,0,0,0,0,0,0,0,0,0
"20000","5","311340","58","0","2021","1","N",3,0,0,0,0,0,0,0,"N",0.59,0,0,0,0,0,0,0,"N",0,0.0,0,0,0,0,0,0,0,0,0,0,0,0,0,0
"20000","5","31135","57","0","2021","1","",11,1555,1561,1544,16589591,14107810,549113,822,"",0.91,4.21,4.20,4.16,4.73,4.10,6.51,1.13,"",-1,-8.3,171,12.4,164,11.7,284,22.5,1140509,7.4,1523979,12.1,146029,36.2,-60,-6.8
"20000","5","311351","58","0","2021","1","N",2,0,0,0,0,0,0,0,"N",0.83,0,0,0,0,0,0,0,"N",1,100.0,0,0,0,0,0,0,0,0,0,0,0,0,0,0
"20000","5","311352","58","0","2021","1","N",9,0,0,0,0,0,0,0,"N",0.93,0,0,0,0,0,0,0,"N",-2,-18.2,0,0,0,0,0,0,0,0,0,0,0,0,0,0
"20000","5","3114","56","0","2021","1","",12,1459,1452,1426,17497494,14528987,118086,931,"",0.59,0.91,0.92,0.89,1.06,0.82,0.34,1.17,"",1,9.1,-44,-2.9,-48,-3.2,-71,-4.7,141947,0.8,-320152,-2.2,69938,145.3,41,4.6
"20000","5","31141","57","0","2021","1","",6,1290,1286,1262,16128936,13320661,100314,970,"",0.76,1.48,1.49,1.45,1.93,1.38,0.66,1.31,"",0,0.0,-56,-4.2,-58,-4.3,-77,-5.8,95645,0.6,-413476,-3.0,67377,204.6,52,5.7
"20000","5","311411","58","0","2021","1","N",2,0,0,0,0,0,0,0,"N",0.87,0,0,0,0,0,0,0,"N",0,0.0,0,0,0,0,0,0,0,0,0,0,0,0,0,0
"20000","5","311412","58","0","2021","1","N",4,0,0,0,0,0,0,0,"N",0.72,0,0,0,0,0,0,0,"N",0,0.0,0,0,0,0,0,0,0,0,0,0,0,0,0,0
"20000","5","31142","57","0","2021","1","",6,169,166,164,1368558,1208326,17772,633,"",0.48,0.23,0.23,0.23,0.17,0.15,0.09,0.73,"",1,20.0,12,7.6,10,6.4,6,3.8,46302,3.5,93324,8.4,2561,16.8,-15,-2.3
"20000","5","311421","58","0","2021","1","N",5,0,0,0,0,0,0,0,"N",0.55,0,0,0,0,0,0,0,"N",1,25.0,0,0,0,0,0,0,0,0,0,0,0,0,0,0
"20000","5","311423","58","0","2021","1","N",1,0,0,0,0,0,0,0,"N",0.44,0,0,0,0,0,0,0,"N",0,0.0,0,0,0,0,0,0,0,0,0,0,0,0,0,0
"20000","5","3115","56","0","2021","1","",14,731,733,735,9933712,7675808,145678,1042,"",0.72,0.50,0.51,0.50,0.55,0.43,0.53,1.09,"",3,27.3,3,0.4,3,0.4,28,4.0,-57611,-0.6,-269387,-3.4,26008,21.7,-23,-2.2
"20000","5","31151","57","0","2021","1","N",11,0,0,0,0,0,0,0,"N",0.80,0,0,0,0,0,0,0,"N",2,22.2,0,0,0,0,0,0,0,0,0,0,0,0,0,0
"20000","5","311511","58","0","2021","1","",7,401,405,406,5839253,4644793,57958,1112,"",1.21,0.80,0.81,0.81,0.90,0.77,0.56,1.11,"",1,16.7,7,1.8,9,2.3,28,7.4,331764,6.0,64885,1.4,6593,12.8,24,2.2
"20000","5","311513","58","0","2021","1","N",2,0,0,0,0,0,0,0,"N",0.35,0,0,0,0,0,0,0,"N",1,100.0,0,0,0,0,0,0,0,0,0,0,0,0,0,0
"20000","5","311514","58","0","2021","1","N",2,0,0,0,0,0,0,0,"N",1.08,0,0,0,0,0,0,0,"N",0,0.0,0,0,0,0,0,0,0,0,0,0,0,0,0,0
"20000","5","31152","57","0","2021","1","N",3,0,0,0,0,0,0,0,"N",0.54,0,0,0,0,0,0,0,"N",1,50.0,0,0,0,0,0,0,0,0,0,0,0,0,0,0
"20000","5","311520","58","0","2021","1","N",3,0,0,0,0,0,0,0,"N",0.54,0,0,0,0,0,0,0,"N",1,50.0,0,0,0,0,0,0,0,0,0,0,0,0,0,0
"20000","5","3116","56","0","2021","1","",92,19330,19586,20238,316492582,212893440,2679600,1235,"",2.65,3.80,3.88,4.01,7.30,3.93,5.02,1.87,"",7,8.2,1112,6.1,1229,6.7,1791,9.7,47964505,17.9,21545266,11.3,984433,58.1,109,9.7
"20000","5","31161","57","0","2021","1","",92,19330,19586,20238,316492582,212893440,2679600,1235,"",2.65,3.80,3.88,4.01,7.30,3.93,5.02,1.87,"",7,8.2,1112,6.1,1229,6.7,1791,9.7,47964505,17.9,21545266,11.3,984433,58.1,109,9.7
"20000","5","311611","58","0","2021","1","",49,11012,11217,11831,210693199,120554242,1371412,1428,"",4.03,7.79,7.97,8.39,15.36,7.18,9.27,1.91,"",2,4.3,90,0.8,159,1.4,696,6.3,28901225,15.9,6943630,6.1,481907,54.2,161,12.7
"20000","5","311612","58","0","2021","1","",40,8176,8228,8267,103672884,90651516,1285946,970,"",2.77,6.08,6.16,6.18,8.20,5.93,6.86,1.34,"",5,14.3,1030,14.4,1074,15.0,1102,15.4,19138492,22.6,14671296,19.3,494293,62.4,61,6.7
"20000","5","311613","58","0","2021","1","N",1,0,0,0,0,0,0,0,"N",0.58,0,0,0,0,0,0,0,"N",0,0.0,0,0,0,0,0,0,0,0,0,0,0,0,0,0
"20000","5","311615","58","0","2021","1","N",2,0,0,0,0,0,0,0,"N",0.32,0,0,0,0,0,0,0,"N",0,0.0,0,0,0,0,0,0,0,0,0,0,0,0,0,0
"20000","5","3118","56","0","2021","1","",65,2323,2299,2360,33485811,23671100,488655,1107,"",0.57,0.83,0.82,0.83,1.48,0.91,1.20,1.78,"",3,4.8,68,3.0,42,1.9,130,5.8,15348,0.0,-519417,-2.1,3446,0.7,-39,-3.4
"20000","5","31181","57","0","2021","1","",48,1480,1457,1495,17956673,13118654,246057,935,"",0.47,0.70,0.69,0.70,1.13,0.71,0.87,1.62,"",3,6.7,48,3.4,18,1.3,73,5.1,-755853,-4.0,-957646,-6.8,911,0.4,-71,-7.1
"20000","5","311811","58","0","2021","1","",31,282,283,282,1438614,1365750,21949,392,"",0.46,0.37,0.37,0.36,0.40,0.28,0.30,1.08,"",3,10.7,15,5.6,14,5.2,25,9.7,49019,3.5,37058,2.8,3371,18.1,-12,-3.0
"20000","5","311812","58","0","2021","1","",17,1198,1174,1213,16518059,11752904,224108,1063,"",0.53,0.98,0.96,0.99,1.47,0.94,1.16,1.51,"",0,0.0,33,2.8,4,0.3,48,4.1,-804872,-4.6,-994704,-7.8,-2460,-1.1,-79,-6.9
"20000","5","31182","57","0","2021","1","N",6,0,0,0,0,0,0,0,"N",0.64,0,0,0,0,0,0,0,"N",0,0.0,0,0,0,0,0,0,0,0,0,0,0,0,0,0
"20000","5","311821","58","0","2021","1","N",2,0,0,0,0,0,0,0,"N",0.38,0,0,0,0,0,0,0,"N",0,0.0,0,0,0,0,0,0,0,0,0,0,0,0,0,0
"20000","5","311824","58","0","2021","1","N",4,0,0,0,0,0,0,0,"N",0.99,0,0,0,0,0,0,0,"N",0,0.0,0,0,0,0,0,0,0,0,0,0,0,0,0,0
"20000","5","31183","57","0","2021","1","N",11,0,0,0,0,0,0,0,"N",2.74,0,0,0,0,0,0,0,"N",0,0.0,0,0,0,0,0,0,0,0,0,0,0,0,0,0
"20000","5","311830","58","0","2021","1","N",11,0,0,0,0,0,0,0,"N",2.74,0,0,0,0,0,0,0,"N",0,0.0,0,0,0,0,0,0,0,0,0,0,0,0,0,0
"20000","5","3119","56","0","2021","1","",39,3743,3769,3792,58916035,39811299,642671,1203,"",0.73,1.69,1.71,1.71,2.45,1.67,1.65,1.44,"",1,2.6,39,1.1,4,0.1,-38,-1.0,535699,0.9,941381,2.4,144539,29.0,11,0.9
"20000","5","31191","57","0","2021","1","N",4,0,0,0,0,0,0,0,"N",0.52,0,0,0,0,0,0,0,"N",0,0.0,0,0,0,0,0,0,0,0,0,0,0,0,0,0
"20000","5","311919","58","0","2021","1","N",4,0,0,0,0,0,0,0,"N",0.78,0,0,0,0,0,0,0,"N",0,0.0,0,0,0,0,0,0,0,0,0,0,0,0,0,0
"20000","5","31192","57","0","2021","1","N",7,0,0,0,0,0,0,0,"N",0.68,0,0,0,0,0,0,0,"N",0,0.0,0,0,0,0,0,0,0,0,0,0,0,0,0,0
"20000","5","311920","58","0","2021","1","N",7,0,0,0,0,0,0,0,"N",0.68,0,0,0,0,0,0,0,"N",0,0.0,0,0,0,0,0,0,0,0,0,0,0,0,0,0
"20000","5","31194","57","0","2021","1","",9,647,670,665,17909022,8032319,126977,2085,"",1.02,1.49,1.55,1.53,3.13,1.54,1.54,2.06,"",0,0.0,-3,-0.5,9,1.4,-7,-1.0,-2342289,-11.6,-347475,-4.1,20539,19.3,-272,-11.5
"20000","5","311942","58","0","2021","1","",9,647,670,665,17909022,8032319,126977,2085,"",1.71,2.63,2.74,2.70,5.13,2.64,2.87,1.90,"",0,0.0,-3,-0.5,9,1.4,-7,-1.0,-2342289,-11.6,-347475,-4.1,20539,19.3,-272,-11.5
"20000","5","31199","57","0","2021","1","",19,2104,2115,2108,26951083,20624671,338425,983,"",0.77,2.32,2.35,2.32,3.19,2.21,2.27,1.37,"",1,5.6,57,2.8,32,1.5,-2,-0.1,2046978,8.2,1423511,7.4,71419,26.7,62,6.7
"20000","5","311991","58","0","2021","1","N",9,0,0,0,0,0,0,0,"N",0.73,0,0,0,0,0,0,0,"N",-1,-10.0,0,0,0,0,0,0,0,0,0,0,0,0,0,0
"20000","5","311999","58","0","2021","1","N",10,0,0,0,0,0,0,0,"N",0.81,0,0,0,0,0,0,0,"N",2,25.0,0,0,0,0,0,0,0,0,0,0,0,0,0,0
"20000","5","312","55","0","2021","1","",76,1451,1475,1500,29400402,14136536,288935,1533,"",0.64,0.57,0.57,0.57,1.02,0.55,0.61,1.78,"",8,11.8,239,19.7,272,22.6,325,27.7,15677142,114.2,3271111,30.1,100134,53.0,651,73.8
"20000","5","3121","56","0","2021","1","N",75,0,0,0,0,0,0,0,"N",0.65,0,0,0,0,0,0,0,"N",8,11.9,0,0,0,0,0,0,0,0,0,0,0,0,0,0
"20000","5","31211","57","0","2021","1","",20,823,824,828,12689636,8993521,189656,1183,"",1.10,0.85,0.86,0.85,1.09,0.83,0.98,1.28,"",3,17.6,57,7.4,51,6.6,39,4.9,940784,8.0,-86836,-1.0,36693,24.0,18,1.5
"20000","5","312111","58","0","2021","1","",9,626,628,631,10534154,7049096,148790,1290,"",1.02,0.83,0.84,0.84,1.14,0.82,1.03,1.36,"",2,28.6,54,9.4,48,8.3,43,7.3,1134142,12.1,-136445,-1.9,38336,34.7,43,3.4
"20000","5","312112","58","0","2021","1","",6,78,79,76,768194,691806,10057,761,"",1.18,0.48,0.49,0.47,0.40,0.38,0.26,0.82,"",1,20.0,7,9.9,11,16.2,4,5.6,69518,9.9,63184,10.1,2611,35.1,-3,-0.4
"20000","5","312113","58","0","2021","1","",5,119,117,121,1387288,1252619,30809,897,"",1.16,2.33,2.34,2.31,3.75,2.91,3.10,1.61,"",0,0.0,-4,-3.3,-8,-6.4,-8,-6.2,-262876,-15.9,-13575,-1.1,-4254,-12.1,-113,-11.2
"20000","5","31212","57","0","2021","1","",29,223,235,277,1265444,1059343,29770,397,"",0.66,0.30,0.31,0.35,0.18,0.15,0.28,0.55,"",1,3.6,-26,-10.4,5,2.2,57,25.9,205223,19.4,87656,9.0,6939,30.4,47,13.4
"20000","5","312120","58","0","2021","1","",29,223,235,277,1265444,1059343,29770,397,"",0.66,0.30,0.31,0.35,0.18,0.15,0.28,0.55,"",1,3.6,-26,-10.4,5,2.2,57,25.9,205223,19.4,87656,9.0,6939,30.4,47,13.4
"20000","5","31213","57","0","2021","1","N",16,0,0,0,0,0,0,0,"N",0.38,0,0,0,0,0,0,0,"N",1,6.7,0,0,0,0,0,0,0,0,0,0,0,0,0,0
"20000","5","312130","58","0","2021","1","N",16,0,0,0,0,0,0,0,"N",0.38,0,0,0,0,0,0,0,"N",1,6.7,0,0,0,0,0,0,0,0,0,0,0,0,0,0
"20000","5","31214","57","0","2021","1","",10,283,288,282,14818704,3505211,59147,4009,"",0.90,1.54,1.55,1.49,6.22,1.77,1.99,4.07,"N",3,42.9,0,0,0,0,0,0,0,0,0,0,0,0,0,0
"20000","5","312140","58","0","2021","1","",10,283,288,282,14818704,3505211,59147,4009,"",0.90,1.54,1.55,1.49,6.22,1.77,1.99,4.07,"N",3,42.9,0,0,0,0,0,0,0,0,0,0,0,0,0,0
"20000","5","3122","56","0","2021","1","N",1,0,0,0,0,0,0,0,"N",0.29,0,0,0,0,0,0,0,"N",0,0.0,0,0,0,0,0,0,0,0,0,0,0,0,0,0
"20000","5","31223","57","0","2021","1","N",1,0,0,0,0,0,0,0,"N",0.29,0,0,0,0,0,0,0,"N",0,0.0,0,0,0,0,0,0,0,0,0,0,0,0,0,0
"20000","5","312230","58","0","2021","1","N",1,0,0,0,0,0,0,0,"N",0.29,0,0,0,0,0,0,0,"N",0,0.0,0,0,0,0,0,0,0,0,0,0,0,0,0,0
"20000","5","313","55","0","2021","1","N",9,0,0,0,0,0,0,0,"N",0.41,0,0,0,0,0,0,0,"N",0,0.0,0,0,0,0,0,0,0,0,0,0,0,0,0,0
"20000","5","3131","56","0","2021","1","N",2,0,0,0,0,0,0,0,"N",0.62,0,0,0,0,0,0,0,"N",0,0.0,0,0,0,0,0,0,0,0,0,0,0,0,0,0
"20000","5","31311","57","0","2021","1","N",2,0,0,0,0,0,0,0,"N",0.62,0,0,0,0,0,0,0,"N",0,0.0,0,0,0,0,0,0,0,0,0,0,0,0,0,0
"20000","5","313110","58","0","2021","1","N",2,0,0,0,0,0,0,0,"N",0.62,0,0,0,0,0,0,0,"N",0,0.0,0,0,0,0,0,0,0,0,0,0,0,0,0,0
"20000","5","3132","56","0","2021","1","N",2,0,0,0,0,0,0,0,"N",0.23,0,0,0,0,0,0,0,"N",0,0.0,0,0,0,0,0,0,0,0,0,0,0,0,0,0
"20000","5","31322","57","0","2021","1","N",1,0,0,0,0,0,0,0,"N",0.50,0,0,0,0,0,0,0,"N",0,0.0,0,0,0,0,0,0,0,0,0,0,0,0,0,0
"20000","5","313220","58","0","2021","1","N",1,0,0,0,0,0,0,0,"N",0.50,0,0,0,0,0,0,0,"N",0,0.0,0,0,0,0,0,0,0,0,0,0,0,0,0,0
"20000","5","31324","57","0","2021","1","N",1,0,0,0,0,0,0,0,"N",0.83,0,0,0,0,0,0,0,"N",0,0.0,0,0,0,0,0,0,0,0,0,0,0,0,0,0
"20000","5","313240","58","0","2021","1","N",1,0,0,0,0,0,0,0,"N",0.83,0,0,0,0,0,0,0,"N",0,0.0,0,0,0,0,0,0,0,0,0,0,0,0,0,0
"20000","5","3133","56","0","2021","1","",5,38,38,37,232627,230638,1890,475,"",0.50,0.16,0.16,0.15,0.10,0.09,0.04,0.62,"",0,0.0,-4,-9.5,-3,-7.3,-3,-7.5,-40934,-15.0,-31531,-12.0,571,43.3,-38,-7.4
"20000","5","31331","57","0","2021","1","",5,38,38,37,232627,230638,1890,475,"",0.59,0.21,0.21,0.21,0.14,0.13,0.07,0.67,"",0,0.0,-4,-9.5,-3,-7.3,-3,-7.5,-40934,-15.0,-31531,-12.0,571,43.3,-38,-7.4
"20000","5","313310","58","0","2021","1","",5,38,38,37,232627,230638,1890,475,"",0.59,0.21,0.21,0.21,0.14,0.13,0.07,0.67,"",0,0.0,-4,-9.5,-3,-7.3,-3,-7.5,-40934,-15.0,-31531,-12.0,571,43.3,-38,-7.4
"20000","5","314","55","0","2021","1","",50,1011,984,984,8780205,7874602,75558,680,"",0.96,1.05,1.02,1.01,1.08,0.86,0.48,1.04,"",-1,-2.0,-205,-16.9,-225,-18.6,-220,-18.3,-1964218,-18.3,-1634660,-17.2,9760,14.8,-3,-0.4
"20000","5","3141","56","0","2021","1","",7,21,21,22,101890,101890,2144,367,"",0.51,0.05,0.05,0.05,0.03,0.03,0.03,0.51,"",-1,-12.5,-17,-44.7,-16,-43.2,-15,-40.5,-381354,-78.9,-231953,-69.5,-4531,-67.9,-629,-63.2
"20000","5","31411","57","0","2021","1","N",1,0,0,0,0,0,0,0,"N",0.30,0,0,0,0,0,0,0,"N",-1,-50.0,0,0,0,0,0,0,0,0,0,0,0,0,0,0
"20000","5","314110","58","0","2021","1","N",1,0,0,0,0,0,0,0,"N",0.30,0,0,0,0,0,0,0,"N",-1,-50.0,0,0,0,0,0,0,0,0,0,0,0,0,0,0
"20000","5","31412","57","0","2021","1","N",6,0,0,0,0,0,0,0,"N",0.58,0,0,0,0,0,0,0,"N",0,0.0,0,0,0,0,0,0,0,0,0,0,0,0,0,0
"20000","5","314120","58","0","2021","1","N",6,0,0,0,0,0,0,0,"N",0.58,0,0,0,0,0,0,0,"N",0,0.0,0,0,0,0,0,0,0,0,0,0,0,0,0,0
"20000","5","3149","56","0","2021","1","",43,990,963,962,8678315,7772712,73414,687,"",1.11,1.81,1.76,1.74,2.01,1.50,0.99,1.14,"",0,0.0,-188,-16.0,-209,-17.8,-205,-17.6,-1582864,-15.4,-1402707,-15.3,14291,24.2,14,2.1
"20000","5","31491","57","0","2021","1","",17,386,391,399,3354192,3008725,30329,658,"",1.22,1.67,1.69,1.69,1.80,1.33,0.81,1.06,"",0,0.0,-12,-3.0,-7,-1.8,7,1.8,137764,4.3,131183,4.6,7767,34.4,33,5.3
"20000","5","314910","58","0","2021","1","",17,386,391,399,3354192,3008725,30329,658,"",1.22,1.67,1.69,1.69,1.80,1.33,0.81,1.06,"",0,0.0,-12,-3.0,-7,-1.8,7,1.8,137764,4.3,131183,4.6,7767,34.4,33,5.3
"20000","5","31499","57","0","2021","1","",26,604,572,563,5324123,4763987,43085,707,"",1.05,1.91,1.81,1.78,2.17,1.63,1.17,1.19,"",0,0.0,-176,-22.6,-202,-26.1,-212,-27.4,-1720628,-24.4,-1533890,-24.4,6524,17.8,9,1.3
"20000","5","314994","58","0","2021","1","N",2,0,0,0,0,0,0,0,"N",1.47,0,0,0,0,0,0,0,"N",0,0.0,0,0,0,0,0,0,0,0,0,0,0,0,0,0
"20000","5","314999","58","0","2021","1","N",24,0,0,0,0,0,0,0,"N",1.03,0,0,0,0,0,0,0,"N",0,0.0,0,0,0,0,0,0,0,0,0,0,0,0,0,0
"20000","5","315","55","0","2021","1","",13,277,283,290,2308578,1861196,39590,627,"",0.25,0.33,0.34,0.34,0.32,0.26,0.24,0.94,"",-2,-13.3,-69,-19.9,-64,-18.4,-72,-19.9,-1158846,-33.4,-587462,-24.0,-8004,-16.8,-131,-17.3
"20000","5","3152","56","0","2021","1","N",12,0,0,0,0,0,0,0,"N",0.28,0,0,0,0,0,0,0,"N",-2,-14.3,0,0,0,0,0,0,0,0,0,0,0,0,0,0
"20000","5","31521","57","0","2021","1","N",3,0,0,0,0,0,0,0,"N",0.14,0,0,0,0,0,0,0,"N",-1,-25.0,0,0,0,0,0,0,0,0,0,0,0,0,0,0
"20000","5","315210","58","0","2021","1","N",3,0,0,0,0,0,0,0,"N",0.14,0,0,0,0,0,0,0,"N",-1,-25.0,0,0,0,0,0,0,0,0,0,0,0,0,0,0
"20000","5","31522","57","0","2021","1","N",1,0,0,0,0,0,0,0,"N",0.17,0,0,0,0,0,0,0,"N",0,0.0,0,0,0,0,0,0,0,0,0,0,0,0,0,0
"20000","5","315220","58","0","2021","1","N",1,0,0,0,0,0,0,0,"N",0.17,0,0,0,0,0,0,0,"N",0,0.0,0,0,0,0,0,0,0,0,0,0,0,0,0,0
"20000","5","31524","57","0","2021","1","",6,87,93,103,719013,639034,21387,586,"",0.68,0.58,0.63,0.69,0.43,0.48,0.51,0.68,"",0,0.0,-61,-41.2,-51,-35.4,-50,-32.7,-704238,-49.5,-352928,-35.6,-5773,-21.3,-152,-20.6
"20000","5","315240","58","0","2021","1","",6,87,93,103,719013,639034,21387,586,"",0.68,0.58,0.63,0.69,0.43,0.48,0.51,0.68,"",0,0.0,-61,-41.2,-51,-35.4,-50,-32.7,-704238,-49.5,-352928,-35.6,-5773,-21.3,-152,-20.6
"20000","5","31528","57","0","2021","1","N",2,0,0,0,0,0,0,0,"N",0.36,0,0,0,0,0,0,0,"N",-1,-33.3,0,0,0,0,0,0,0,0,0,0,0,0,0,0
"20000","5","315280","58","0","2021","1","N",2,0,0,0,0,0,0,0,"N",0.36,0,0,0,0,0,0,0,"N",-1,-33.3,0,0,0,0,0,0,0,0,0,0,0,0,0,0
"20000","5","3159","56","0","2021","1","N",1,0,0,0,0,0,0,0,"N",0.13,0,0,0,0,0,0,0,"N",0,0.0,0,0,0,0,0,0,0,0,0,0,0,0,0,0
"20000","5","31599","57","0","2021","1","N",1,0,0,0,0,0,0,0,"N",0.13,0,0,0,0,0,0,0,"N",0,0.0,0,0,0,0,0,0,0,0,0,0,0,0,0,0
"20000","5","315990","58","0","2021","1","N",1,0,0,0,0,0,0,0,"N",0.13,0,0,0,0,0,0,0,"N",0,0.0,0,0,0,0,0,0,0,0,0,0,0,0,0,0
"20000","5","316","55","0","2021","1","N",5,0,0,0,0,0,0,0,"N",0.44,0,0,0,0,0,0,0,"N",1,25.0,0,0,0,0,0,0,0,0,0,0,0,0,0,0
"20000","5","3161","56","0","2021","1","N",1,0,0,0,0,0,0,0,"N",0.58,0,0,0,0,0,0,0,"N",0,0.0,0,0,0,0,0,0,0,0,0,0,0,0,0,0
"20000","5","31611","57","0","2021","1","N",1,0,0,0,0,0,0,0,"N",0.58,0,0,0,0,0,0,0,"N",0,0.0,0,0,0,0,0,0,0,0,0,0,0,0,0,0
"20000","5","316110","58","0","2021","1","N",1,0,0,0,0,0,0,0,"N",0.58,0,0,0,0,0,0,0,"N",0,0.0,0,0,0,0,0,0,0,0,0,0,0,0,0,0
"20000","5","3169","56","0","2021","1","N",4,0,0,0,0,0,0,0,"N",0.57,0,0,0,0,0,0,0,"N",1,33.3,0,0,0,0,0,0,0,0,0,0,0,0,0,0
"20000","5","31699","57","0","2021","1","N",4,0,0,0,0,0,0,0,"N",0.57,0,0,0,0,0,0,0,"N",1,33.3,0,0,0,0,0,0,0,0,0,0,0,0,0,0
"20000","5","316998","58","0","2021","1","N",4,0,0,0,0,0,0,0,"N",0.65,0,0,0,0,0,0,0,"N",1,33.3,0,0,0,0,0,0,0,0,0,0,0,0,0,0
"20000","5","321","55","0","2021","1","",84,1580,1572,1590,16863004,14445712,343983,821,"",0.68,0.41,0.41,0.41,0.45,0.35,0.56,1.10,"",-2,-2.3,-110,-6.5,-110,-6.5,-86,-5.1,-114527,-0.7,-228805,-1.6,13345,4.0,45,5.8
"20000","5","3211","56","0","2021","1","",4,13,14,13,110802,109312,1622,639,"",0.14,0.02,0.02,0.02,0.01,0.01,0.01,0.84,"",-1,-20.0,-27,-67.5,-16,-53.3,-24,-64.9,-223983,-66.9,-216114,-66.4,-7017,-81.2,-83,-11.5
"20000","5","32111","57","0","2021","1","",4,13,14,13,110802,109312,1622,639,"",0.14,0.02,0.02,0.02,0.01,0.01,0.01,0.84,"",-1,-20.0,-27,-67.5,-16,-53.3,-24,-64.9,-223983,-66.9,-216114,-66.4,-7017,-81.2,-83,-11.5
"20000","5","321113","58","0","2021","1","N",3,0,0,0,0,0,0,0,"N",0.12,0,0,0,0,0,0,0,"N",-1,-25.0,0,0,0,0,0,0,0,0,0,0,0,0,0,0
"20000","5","321114","58","0","2021","1","N",1,0,0,0,0,0,0,0,"N",0.29,0,0,0,0,0,0,0,"N",0,0.0,0,0,0,0,0,0,0,0,0,0,0,0,0,0
"20000","5","3212","56","0","2021","1","",15,255,264,270,2832187,2316927,42178,828,"",1.08,0.33,0.34,0.35,0.33,0.26,0.33,0.96,"",0,0.0,-11,-4.1,-8,-2.9,4,1.5,212572,8.1,79874,3.6,5644,15.4,76,10.1
"20000","5","32121","57","0","2021","1","",15,255,264,270,2832187,2316927,42178,828,"",1.08,0.33,0.34,0.35,0.33,0.26,0.33,0.96,"",0,0.0,-11,-4.1,-8,-2.9,4,1.5,212572,8.1,79874,3.6,5644,15.4,76,10.1
"20000","5","321213","58","0","2021","1","N",1,0,0,0,0,0,0,0,"N",0.71,0,0,0,0,0,0,0,"N",0,0.0,0,0,0,0,0,0,0,0,0,0,0,0,0,0
"20000","5","321214","58","0","2021","1","",11,179,188,193,1910678,1516087,21025,787,"",1.52,0.58,0.62,0.63,0.68,0.49,0.46,1.11,"",0,0.0,14,8.5,23,13.9,26,15.6,445050,30.4,273072,22.0,2735,15.0,106,15.6
"20000","5","321219","58","0","2021","1","N",3,0,0,0,0,0,0,0,"N",1.84,0,0,0,0,0,0,0,"N",0,0.0,0,0,0,0,0,0,0,0,0,0,0,0,0,0
"20000","5","3219","56","0","2021","1","",65,1312,1294,1307,13920015,12019473,300183,821,"",0.79,0.59,0.59,0.59,0.69,0.52,0.83,1.17,"",-1,-1.5,-72,-5.2,-86,-6.2,-66,-4.8,-103116,-0.7,-92565,-0.8,14718,5.2,39,5.0
"20000","5","32191","57","0","2021","1","",15,322,316,316,3781056,3163832,44298,915,"",0.53,0.33,0.33,0.32,0.40,0.29,0.29,1.21,"",0,0.0,2,0.6,-7,-2.2,-9,-2.8,-13284,-0.4,93801,3.1,1457,3.4,10,1.1
"20000","5","321911","58","0","2021","1","",8,234,228,229,2788214,2285218,35458,931,"",0.85,0.46,0.45,0.45,0.51,0.38,0.46,1.12,"",0,0.0,6,2.6,-3,-1.3,-5,-2.1,-42441,-1.5,75135,3.4,2700,8.2,-12,-1.3
"20000","5","321912","58","0","2021","1","N",1,0,0,0,0,0,0,0,"N",0.23,0,0,0,0,0,0,0,"N",0,0.0,0,0,0,0,0,0,0,0,0,0,0,0,0,0
"20000","5","321918","58","0","2021","1","N",6,0,0,0,0,0,0,0,"N",0.41,0,0,0,0,0,0,0,"N",0,0.0,0,0,0,0,0,0,0,0,0,0,0,0,0,0
"20000","5","32192","57","0","2021","1","",27,351,353,348,3189811,2866171,46297,700,"",1.09,0.60,0.61,0.60,0.72,0.52,0.66,1.18,"",0,0.0,-25,-6.6,-18,-4.9,-22,-5.9,-88526,-2.7,-105136,-3.5,3958,9.3,23,3.4
"20000","5","321920","58","0","2021","1","",27,351,353,348,3189811,2866171,46297,700,"",1.09,0.60,0.61,0.60,0.72,0.52,0.66,1.18,"",0,0.0,-25,-6.6,-18,-4.9,-22,-5.9,-88526,-2.7,-105136,-3.5,3958,9.3,23,3.4
"20000","5","32199","57","0","2021","1","",23,639,625,643,6949148,5989470,209588,841,"",0.80,0.95,0.93,0.95,1.10,0.88,1.49,1.17,"",-1,-4.2,-49,-7.1,-61,-8.9,-35,-5.2,-1306,0.0,-81230,-1.3,9303,4.6,59,7.5
"20000","5","321991","58","0","2021","1","N",3,0,0,0,0,0,0,0,"N",1.10,0,0,0,0,0,0,0,"N",0,0.0,0,0,0,0,0,0,0,0,0,0,0,0,0,0
"20000","5","321992","58","0","2021","1","N",7,0,0,0,0,0,0,0,"N",1.04,0,0,0,0,0,0,0,"N",0,0.0,0,0,0,0,0,0,0,0,0,0,0,0,0,0
"20000","5","321999","58","0","2021","1","",13,315,306,309,3161694,2732156,59976,785,"",0.68,1.33,1.30,1.29,1.33,1.13,1.58,1.02,"",-1,-7.1,-11,-3.4,-35,-10.3,-33,-9.6,-167185,-5.0,-66087,-2.4,528,0.9,24,3.2
"20000","5","322","55","0","2021","1","",25,1640,1635,1643,31136591,19744621,284869,1461,"",0.57,0.49,0.49,0.49,0.67,0.46,0.51,1.37,"",-1,-3.8,-51,-3.0,-54,-3.2,-27,-1.6,-6068290,-16.3,-731581,-3.6,65853,30.1,-239,-14.1
"20000","5","3221","56","0","2021","1","N",2,0,0,0,0,0,0,0,"N",0.30,0,0,0,0,0,0,0,"N",-1,-33.3,0,0,0,0,0,0,0,0,0,0,0,0,0,0
"20000","5","32212","57","0","2021","1","N",1,0,0,0,0,0,0,0,"N",0.26,0,0,0,0,0,0,0,"N",-1,-50.0,0,0,0,0,0,0,0,0,0,0,0,0,0,0
"20000","5","322121","58","0","2021","1","N",1,0,0,0,0,0,0,0,"N",0.28,0,0,0,0,0,0,0,"N",-1,-50.0,0,0,0,0,0,0,0,0,0,0,0,0,0,0
"20000","5","32213","57","0","2021","1","N",1,0,0,0,0,0,0,0,"N",0.47,0,0,0,0,0,0,0,"N",0,0.0,0,0,0,0,0,0,0,0,0,0,0,0,0,0
"20000","5","322130","58","0","2021","1","N",1,0,0,0,0,0,0,0,"N",0.47,0,0,0,0,0,0,0,"N",0,0.0,0,0,0,0,0,0,0,0,0,0,0,0,0,0
"20000","5","3222","56","0","2021","1","N",23,0,0,0,0,0,0,0,"N",0.61,0,0,0,0,0,0,0,"N",0,0.0,0,0,0,0,0,0,0,0,0,0,0,0,0,0
"20000","5","32221","57","0","2021","1","",12,1134,1132,1129,24184763,14141879,197590,1644,"",0.62,0.80,0.81,0.80,1.33,0.83,0.76,1.65,"",0,0.0,-18,-1.6,-35,-3.0,-32,-2.8,-5098474,-17.4,-346792,-2.4,48195,32.3,-298,-15.3
"20000","5","322211","58","0","2021","1","N",5,0,0,0,0,0,0,0,"N",0.39,0,0,0,0,0,0,0,"N",0,0.0,0,0,0,0,0,0,0,0,0,0,0,0,0,0
"20000","5","322212","58","0","2021","1","N",1,0,0,0,0,0,0,0,"N",0.32,0,0,0,0,0,0,0,"N",0,0.0,0,0,0,0,0,0,0,0,0,0,0,0,0,0
"20000","5","322219","58","0","2021","1","",6,634,623,618,16065826,8090545,111511,1977,"",1.86,2.81,2.78,2.73,6.20,3.18,3.01,2.23,"",0,0.0,-12,-1.9,-29,-4.4,-29,-4.5,-5463107,-25.4,-394236,-4.6,28506,34.3,-577,-22.6
"20000","5","32222","57","0","2021","1","",4,43,44,47,706386,431869,10403,1217,"",0.47,0.08,0.09,0.09,0.11,0.07,0.12,1.24,"",-1,-20.0,-89,-67.4,-67,-60.4,-50,-51.5,-995636,-58.5,-845577,-66.2,-12375,-54.3,62,5.4
"20000","5","322220","58","0","2021","1","",4,43,44,47,706386,431869,10403,1217,"",0.47,0.08,0.09,0.09,0.11,0.07,0.12,1.24,"",-1,-20.0,-89,-67.4,-67,-60.4,-50,-51.5,-995636,-58.5,-845577,-66.2,-12375,-54.3,62,5.4
"20000","5","32223","57","0","2021","1","",4,181,174,180,1758918,1663986,36521,759,"",1.16,1.31,1.27,1.31,1.23,1.06,1.33,0.94,"N",1,33.3,0,0,0,0,0,0,0,0,0,0,0,0,0,0
"20000","5","322230","58","0","2021","1","",4,181,174,180,1758918,1663986,36521,759,"",1.16,1.31,1.27,1.31,1.23,1.06,1.33,0.94,"N",1,33.3,0,0,0,0,0,0,0,0,0,0,0,0,0,0
"20000","5","32229","57","0","2021","1","N",3,0,0,0,0,0,0,0,"N",0.48,0,0,0,0,0,0,0,"N",0,0.0,0,0,0,0,0,0,0,0,0,0,0,0,0,0
"20000","5","322299","58","0","2021","1","N",3,0,0,0,0,0,0,0,"N",0.68,0,0,0,0,0,0,0,"N",0,0.0,0,0,0,0,0,0,0,0,0,0,0,0,0,0
"20000","5","323","55","0","2021","1","",303,6782,6761,6743,77207359,64118671,1060947,878,"",1.32,1.95,1.97,1.95,2.30,1.74,1.79,1.18,"",8,2.7,-752,-10.0,-830,-10.9,-814,-10.8,-10969941,-12.4,-9338341,-12.7,105075,11.0,-19,-2.1
"20000","5","3231","56","0","2021","1","",303,6782,6761,6743,77207359,64118671,1060947,878,"",1.32,1.95,1.97,1.95,2.30,1.74,1.79,1.18,"",8,2.7,-752,-10.0,-830,-10.9,-814,-10.8,-10969941,-12.4,-9338341,-12.7,105075,11.0,-19,-2.1
"20000","5","32311","57","0","2021","1","N",291,0,0,0,0,0,0,0,"N",1.33,0,0,0,0,0,0,0,"N",8,2.8,0,0,0,0,0,0,0,0,0,0,0,0,0,0
"20000","5","323111","58","0","2021","1","",190,3711,3722,3702,41708671,34437448,543730,864,"",1.23,1.47,1.49,1.48,1.59,1.23,1.20,1.08,"",1,0.5,-407,-9.9,-473,-11.3,-465,-11.2,-6300956,-13.1,-5248557,-13.2,9983,1.9,-24,-2.7
"20000","5","323113","58","0","2021","1","",95,1852,1864,1871,18795619,16016992,267049,776,"",1.59,2.87,2.92,2.89,4.19,2.84,3.17,1.44,"",6,6.7,-126,-6.4,-103,-5.2,-98,-5.0,-1550523,-7.6,-953037,-5.6,40209,17.7,-18,-2.3
"20000","5","323117","58","0","2021","1","N",6,0,0,0,0,0,0,0,"N",1.55,0,0,0,0,0,0,0,"N",1,20.0,0,0,0,0,0,0,0,0,0,0,0,0,0,0
"20000","5","32312","57","0","2021","1","N",12,0,0,0,0,0,0,0,"N",1.10,0,0,0,0,0,0,0,"N",0,0.0,0,0,0,0,0,0,0,0,0,0,0,0,0,0
"20000","5","323120","58","0","2021","1","N",12,0,0,0,0,0,0,0,"N",1.10,0,0,0,0,0,0,0,"N",0,0.0,0,0,0,0,0,0,0,0,0,0,0,0,0,0
"20000","5","324","55","0","2021","1","",34,2257,2263,2297,52223908,29578804,523735,1768,"",1.75,2.29,2.33,2.34,2.04,2.07,2.52,0.88,"",0,0.0,-155,-6.4,-140,-5.8,-110,-4.6,-16829392,-24.4,-2206084,-6.9,44805,9.4,-439,-19.9
"20000","5","3241","56","0","2021","1","",34,2257,2263,2297,52223908,29578804,523735,1768,"",1.75,2.29,2.33,2.34,2.04,2.07,2.52,0.88,"",0,0.0,-155,-6.4,-140,-5.8,-110,-4.6,-16829392,-24.4,-2206084,-6.9,44805,9.4,-439,-19.9
"20000","5","32411","57","0","2021","1","",12,1444,1447,1457,38695603,20739124,343484,2054,"",2.38,2.40,2.46,2.49,1.99,2.21,4.03,0.81,"",0,0.0,-55,-3.7,-41,-2.8,-25,-1.7,-9012200,-18.9,-548877,-2.6,47308,16.0,-410,-16.6
"20000","5","324110","58","0","2021","1","",12,1444,1447,1457,38695603,20739124,343484,2054,"",2.38,2.40,2.46,2.49,1.99,2.21,4.03,0.81,"",0,0.0,-55,-3.7,-41,-2.8,-25,-1.7,-9012200,-18.9,-548877,-2.6,47308,16.0,-410,-16.6
"20000","5","32412","57","0","2021","1","",14,230,230,246,4494185,2018259,54423,1469,"",1.39,0.97,0.98,0.99,1.17,0.65,0.57,1.19,"",0,0.0,-70,-23.3,-67,-22.6,-57,-18.8,-5672565,-55.8,-1856326,-47.9,-22419,-29.2,-1138,-43.7
"20000","5","324121","58","0","2021","1","N",10,0,0,0,0,0,0,0,"N",1.31,0,0,0,0,0,0,0,"N",1,11.1,0,0,0,0,0,0,0,0,0,0,0,0,0,0
"20000","5","324122","58","0","2021","1","N",4,0,0,0,0,0,0,0,"N",1.64,0,0,0,0,0,0,0,"N",-1,-20.0,0,0,0,0,0,0,0,0,0,0,0,0,0,0
"20000","5","32419","57","0","2021","1","",8,583,586,594,9034120,6821421,125828,1183,"",1.86,3.93,3.99,4.01,3.97,3.81,4.49,1.00,"",0,0.0,-30,-4.9,-32,-5.2,-28,-4.5,-2144627,-19.2,199119,3.0,19916,18.8,-209,-15.0
"20000","5","324191","58","0","2021","1","",8,583,586,594,9034120,6821421,125828,1183,"",2.48,5.60,5.69,5.69,5.61,5.04,5.91,0.99,"",0,0.0,-30,-4.9,-32,-5.2,-28,-4.5,-2144627,-19.2,199119,3.0,19916,18.8,-209,-15.0
"20000","5","325","55","0","2021","1","",170,9019,9038,9061,176052931,107858062,1861903,1498,"",0.98,1.10,1.11,1.10,0.91,0.99,1.16,0.83,"",13,8.3,641,7.7,651,7.8,658,7.8,8215733,4.9,5213746,5.1,513526,38.1,-41,-2.7
"20000","5","3251","56","0","2021","1","",49,1988,1996,2001,42046769,25644221,404385,1621,"",1.72,1.42,1.44,1.44,1.36,1.40,1.76,0.95,"",1,2.1,-9,-0.5,-21,-1.0,-40,-2.0,-2497994,-5.6,-577133,-2.2,92353,29.6,-77,-4.5
"20000","5","32512","57","0","2021","1","N",10,0,0,0,0,0,0,0,"N",1.59,0,0,0,0,0,0,0,"N",0,0.0,0,0,0,0,0,0,0,0,0,0,0,0,0,0
"20000","5","325120","58","0","2021","1","N",10,0,0,0,0,0,0,0,"N",1.59,0,0,0,0,0,0,0,"N",0,0.0,0,0,0,0,0,0,0,0,0,0,0,0,0,0
"20000","5","32513","57","0","2021","1","N",3,0,0,0,0,0,0,0,"N",1.25,0,0,0,0,0,0,0,"N",0,0.0,0,0,0,0,0,0,0,0,0,0,0,0,0,0
"20000","5","325130","58","0","2021","1","N",3,0,0,0,0,0,0,0,"N",1.25,0,0,0,0,0,0,0,"N",0,0.0,0,0,0,0,0,0,0,0,0,0,0,0,0,0
"20000","5","32518","57","0","2021","1","",8,654,665,661,16228635,9242166,136343,1891,"",1.09,1.75,1.81,1.79,2.14,1.86,2.26,1.20,"",1,14.3,-27,-4.0,-16,-2.3,-39,-5.6,-1386217,-7.9,-377403,-3.9,30914,29.3,-80,-4.1
"20000","5","325180","58","0","2021","1","",8,654,665,661,16228635,9242166,136343,1891,"",1.09,1.75,1.81,1.79,2.14,1.86,2.26,1.20,"",1,14.3,-27,-4.0,-16,-2.3,-39,-5.6,-1386217,-7.9,-377403,-3.9,30914,29.3,-80,-4.1
"20000","5","32519","57","0","2021","1","",28,1137,1127,1139,22399133,14110017,243410,1519,"",2.59,2.21,2.22,2.23,2.20,1.98,2.82,0.99,"",0,0.0,8,0.7,-18,-1.6,-8,-0.7,-1076559,-4.6,-280832,-2.0,58408,31.6,-65,-4.1
"20000","5","325193","58","0","2021","1","",13,456,450,449,6765466,5263941,86350,1152,"",7.30,4.84,4.84,4.82,4.29,3.86,7.20,0.89,"N",-1,-7.1,0,0,0,0,0,0,0,0,0,0,0,0,0,0
"20000","5","325199","58","0","2021","1","",15,681,677,690,15633667,8846076,157060,1762,"",1.83,1.80,1.81,1.84,1.97,1.67,2.30,1.08,"",2,15.4,12,1.8,2,0.3,13,1.9,-818299,-5.0,-165237,-1.8,43010,37.7,-117,-6.2
"20000","5","3252","56","0","2021","1","",7,275,272,273,4461022,3437112,38742,1255,"",0.48,0.31,0.31,0.31,0.25,0.32,0.29,0.80,"",0,0.0,0,0.0,-4,-1.4,-2,-0.7,639761,16.7,165296,5.1,-16178,-29.5,187,17.5
"20000","5","32521","57","0","2021","1","N",6,0,0,0,0,0,0,0,"N",0.47,0,0,0,0,0,0,0,"N",0,0.0,0,0,0,0,0,0,0,0,0,0,0,0,0,0
"20000","5","325211","58","0","2021","1","N",6,0,0,0,0,0,0,0,"N",0.55,0,0,0,0,0,0,0,"N",0,0.0,0,0,0,0,0,0,0,0,0,0,0,0,0,0
"20000","5","32522","57","0","2021","1","N",1,0,0,0,0,0,0,0,"N",0.53,0,0,0,0,0,0,0,"N",0,0.0,0,0,0,0,0,0,0,0,0,0,0,0,0,0
"20000","5","325220","58","0","2021","1","N",1,0,0,0,0,0,0,0,"N",0.53,0,0,0,0,0,0,0,"N",0,0.0,0,0,0,0,0,0,0,0,0,0,0,0,0,0
"20000","5","3253","56","0","2021","1","",17,449,441,442,10597556,5043379,88812,1836,"",1.45,1.26,1.25,1.23,1.60,1.06,1.48,1.29,"",1,6.2,-14,-3.0,-24,-5.2,-21,-4.5,-795990,-7.0,-107983,-2.1,20242,29.5,-54,-2.9
"20000","5","32531","57","0","2021","1","N",12,0,0,0,0,0,0,0,"N",1.44,0,0,0,0,0,0,0,"N",0,0.0,0,0,0,0,0,0,0,0,0,0,0,0,0,0
"20000","5","325311","58","0","2021","1","",5,238,237,240,7804410,3209178,53334,2519,"",1.86,2.80,2.81,2.81,4.08,2.45,2.56,1.45,"",0,0.0,2,0.8,-3,-1.2,1,0.4,-653875,-7.7,-91410,-2.8,8310,18.5,-211,-7.7
"20000","5","325312","58","0","2021","1","N",1,0,0,0,0,0,0,0,"N",1.98,0,0,0,0,0,0,0,"N",0,0.0,0,0,0,0,0,0,0,0,0,0,0,0,0,0
"20000","5","325314","58","0","2021","1","",6,120,115,112,1496548,1276607,22104,995,"",1.17,1.40,1.35,1.28,1.43,1.36,1.33,1.07,"",0,0.0,-8,-6.2,-12,-9.4,-15,-11.8,-154645,-9.4,-64878,-4.8,5543,33.5,-2,-0.2
"20000","5","32532","57","0","2021","1","N",5,0,0,0,0,0,0,0,"N",1.46,0,0,0,0,0,0,0,"N",1,25.0,0,0,0,0,0,0,0,0,0,0,0,0,0,0
"20000","5","325320","58","0","2021","1","N",5,0,0,0,0,0,0,0,"N",1.46,0,0,0,0,0,0,0,"N",1,25.0,0,0,0,0,0,0,0,0,0,0,0,0,0,0
"20000","5","3254","56","0","2021","1","",43,4289,4294,4308,86466801,51406531,980128,1548,"",0.91,1.38,1.39,1.38,0.86,1.13,1.38,0.62,"",2,4.9,528,14.0,529,14.1,511,13.5,7623674,9.7,4891854,10.5,345542,54.5,-59,-3.7
"20000","5","32541","57","0","2021","1","",43,4289,4294,4308,86466801,51406531,980128,1548,"",0.91,1.38,1.39,1.38,0.86,1.13,1.38,0.62,"",2,4.9,528,14.0,529,14.1,511,13.5,7623674,9.7,4891854,10.5,345542,54.5,-59,-3.7
"20000","5","325411","58","0","2021","1","N",4,0,0,0,0,0,0,0,"N",0.42,0,0,0,0,0,0,0,"N",0,0.0,0,0,0,0,0,0,0,0,0,0,0,0,0,0
"20000","5","325412","58","0","2021","1","",25,2311,2316,2353,51141804,28765179,588782,1691,"",0.83,1.11,1.13,1.13,0.71,0.93,1.23,0.63,"",2,8.7,-162,-6.6,-137,-5.6,-116,-4.7,1550096,3.1,-1580367,-5.2,161909,37.9,143,9.2
"20000","5","325413","58","0","2021","1","N",3,0,0,0,0,0,0,0,"N",0.96,0,0,0,0,0,0,0,"N",0,0.0,0,0,0,0,0,0,0,0,0,0,0,0,0,0
"20000","5","325414","58","0","2021","1","",11,762,759,766,16842975,9588772,180462,1700,"",2.54,2.03,2.03,2.02,1.70,1.65,2.29,0.84,"",0,0.0,32,4.4,20,2.7,23,3.1,-3232375,-16.1,-26370,-0.3,58972,48.5,-394,-18.8
"20000","5","3255","56","0","2021","1","",12,206,205,202,4248188,2695354,46758,1599,"",0.64,0.34,0.34,0.33,0.44,0.36,0.38,1.31,"",2,20.0,-32,-13.4,-16,-7.2,-17,-7.8,836682,24.5,-22129,-0.8,19214,69.8,438,37.7
"20000","5","32551","57","0","2021","1","N",8,0,0,0,0,0,0,0,"N",0.61,0,0,0,0,0,0,0,"N",2,33.3,0,0,0,0,0,0,0,0,0,0,0,0,0,0
"20000","5","325510","58","0","2021","1","N",8,0,0,0,0,0,0,0,"N",0.61,0,0,0,0,0,0,0,"N",2,33.3,0,0,0,0,0,0,0,0,0,0,0,0,0,0
"20000","5","32552","57","0","2021","1","N",4,0,0,0,0,0,0,0,"N",0.71,0,0,0,0,0,0,0,"N",0,0.0,0,0,0,0,0,0,0,0,0,0,0,0,0,0
"20000","5","325520","58","0","2021","1","N",4,0,0,0,0,0,0,0,"N",0.71,0,0,0,0,0,0,0,"N",0,0.0,0,0,0,0,0,0,0,0,0,0,0,0,0,0
"20000","5","3256","56","0","2021","1","",12,785,789,784,12251206,8347912,111890,1199,"",0.42,0.71,0.72,0.71,0.77,0.63,0.56,1.07,"",1,9.1,90,12.9,96,13.9,93,13.5,1267233,11.5,446834,5.7,34680,44.9,-20,-1.6
"20000","5","32561","57","0","2021","1","N",11,0,0,0,0,0,0,0,"N",0.71,0,0,0,0,0,0,0,"N",0,0.0,0,0,0,0,0,0,0,0,0,0,0,0,0,0
"20000","5","325611","58","0","2021","1","",6,394,396,395,7655960,4773092,58525,1491,"",0.76,1.48,1.50,1.49,1.55,1.48,1.29,1.04,"",0,0.0,-19,-4.6,-17,-4.1,-14,-3.4,-9196,-0.1,-421457,-8.1,8453,16.9,59,4.1
"20000","5","325612","58","0","2021","1","N",5,0,0,0,0,0,0,0,"N",0.77,0,0,0,0,0,0,0,"N",0,0.0,0,0,0,0,0,0,0,0,0,0,0,0,0,0
"20000","5","32562","57","0","2021","1","N",1,0,0,0,0,0,0,0,"N",0.08,0,0,0,0,0,0,0,"N",1,100.0,0,0,0,0,0,0,0,0,0,0,0,0,0,0
"20000","5","325620","58","0","2021","1","N",1,0,0,0,0,0,0,0,"N",0.08,0,0,0,0,0,0,0,"N",1,100.0,0,0,0,0,0,0,0,0,0,0,0,0,0,0
"20000","5","3259","56","0","2021","1","",30,1027,1041,1051,15981389,11283553,191188,1182,"",1.19,1.37,1.40,1.40,1.45,1.26,1.33,1.04,"",6,25.0,78,8.2,91,9.6,134,14.6,1142367,7.7,417007,3.8,17673,10.2,-34,-2.8
"20000","5","32591","57","0","2021","1","N",4,0,0,0,0,0,0,0,"N",1.09,0,0,0,0,0,0,0,"N",1,33.3,0,0,0,0,0,0,0,0,0,0,0,0,0,0
"20000","5","325910","58","0","2021","1","N",4,0,0,0,0,0,0,0,"N",1.09,0,0,0,0,0,0,0,"N",1,33.3,0,0,0,0,0,0,0,0,0,0,0,0,0,0
"20000","5","32592","57","0","2021","1","N",2,0,0,0,0,0,0,0,"N",2.39,0,0,0,0,0,0,0,"N",1,100.0,0,0,0,0,0,0,0,0,0,0,0,0,0,0
"20000","5","325920","58","0","2021","1","N",2,0,0,0,0,0,0,0,"N",2.39,0,0,0,0,0,0,0,"N",1,100.0,0,0,0,0,0,0,0,0,0,0,0,0,0,0
"20000","5","32599","57","0","2021","1","",24,536,546,548,6985186,5938722,120547,989,"",1.16,0.88,0.90,0.90,0.78,0.81,1.02,0.87,"",4,20.0,-34,-6.0,-25,-4.4,0,0.0,-853156,-10.9,-375581,-5.9,2729,2.3,-82,-7.7
"20000","5","325991","58","0","2021","1","N",1,0,0,0,0,0,0,0,"N",0.27,0,0,0,0,0,0,0,"N",0,0.0,0,0,0,0,0,0,0,0,0,0,0,0,0,0
"20000","5","325992","58","0","2021","1","N",4,0,0,0,0,0,0,0,"N",2.17,0,0,0,0,0,0,0,"N",0,0.0,0,0,0,0,0,0,0,0,0,0,0,0,0,0
"20000","5","325998","58","0","2021","1","",19,462,471,472,6047253,5185735,96458,993,"",1.26,1.21,1.24,1.24,1.00,1.14,1.31,0.81,"",4,26.7,-11,-2.3,-2,-0.4,8,1.7,-621641,-9.3,-202371,-3.8,12130,14.4,-98,-9.0
"20000","5","326","55","0","2021","1","",130,10005,10071,10163,131587600,105606939,1826165,1004,"",1.17,1.47,1.49,1.49,1.77,1.36,1.53,1.19,"",3,2.4,-179,-1.8,-101,-1.0,-65,-0.6,-3558582,-2.6,-2626371,-2.4,498638,37.6,-16,-1.6
"20000","5","3261","56","0","2021","1","",109,7223,7257,7331,88142261,71722639,1247820,933,"",1.16,1.30,1.31,1.31,1.47,1.14,1.24,1.12,"",0,0.0,-198,-2.7,-202,-2.7,-199,-2.6,-2353506,-2.6,-2267881,-3.1,283113,29.3,1,0.1
"20000","5","32611","57","0","2021","1","",11,947,953,960,12213792,9615030,141954,986,"",0.88,1.03,1.04,1.04,1.10,0.85,0.86,1.06,"",0,0.0,10,1.1,34,3.7,38,4.1,1046079,9.4,745198,8.4,45278,46.8,58,6.2
"20000","5","326111","58","0","2021","1","N",3,0,0,0,0,0,0,0,"N",0.72,0,0,0,0,0,0,0,"N",0,0.0,0,0,0,0,0,0,0,0,0,0,0,0,0,0
"20000","5","326112","58","0","2021","1","N",5,0,0,0,0,0,0,0,"N",1.30,0,0,0,0,0,0,0,"N",0,0.0,0,0,0,0,0,0,0,0,0,0,0,0,0,0
"20000","5","326113","58","0","2021","1","",3,58,59,58,835105,615947,10472,1101,"",0.66,0.17,0.17,0.17,0.20,0.15,0.16,1.15,"N",0,0.0,0,0,0,0,0,0,0,0,0,0,0,0,0,0
"20000","5","32612","57","0","2021","1","",15,900,917,942,10630367,8774016,119819,889,"",1.65,1.89,1.93,1.95,1.91,1.56,1.36,0.99,"",0,0.0,-123,-12.0,-104,-10.2,-63,-6.3,-918749,-8.0,-657448,-7.0,25767,27.4,15,1.7
"20000","5","326121","58","0","2021","1","",3,74,74,73,888795,723282,21141,928,"",0.73,0.36,0.36,0.35,0.38,0.29,0.53,1.06,"",0,0.0,10,15.6,10,15.6,9,14.1,185784,26.4,125822,21.1,5891,38.6,83,9.8
"20000","5","326122","58","0","2021","1","",12,826,843,869,9741572,8050734,98678,886,"",2.41,3.07,3.14,3.19,3.05,2.59,2.06,0.97,"",0,0.0,-133,-13.9,-114,-11.9,-72,-7.7,-1104533,-10.2,-783270,-8.9,19876,25.2,10,1.1
"20000","5","32613","57","0","2021","1","",7,666,657,661,7894352,5851121,131422,918,"",2.06,3.66,3.63,3.62,3.69,2.87,3.86,1.01,"",0,0.0,-61,-8.4,-87,-11.7,-97,-12.8,-1450287,-15.5,-1082867,-15.6,14139,12.1,-49,-5.1
"20000","5","326130","58","0","2021","1","",7,666,657,661,7894352,5851121,131422,918,"",2.06,3.66,3.63,3.62,3.69,2.87,3.86,1.01,"",0,0.0,-61,-8.4,-87,-11.7,-97,-12.8,-1450287,-15.5,-1082867,-15.6,14139,12.1,-49,-5.1
"20000","5","32614","57","0","2021","1","N",2,0,0,0,0,0,0,0,"N",0.43,0,0,0,0,0,0,0,"N",0,0.0,0,0,0,0,0,0,0,0,0,0,0,0,0,0
"20000","5","326140","58","0","2021","1","N",2,0,0,0,0,0,0,0,"N",0.43,0,0,0,0,0,0,0,"N",0,0.0,0,0,0,0,0,0,0,0,0,0,0,0,0,0
"20000","5","32615","57","0","2021","1","N",8,0,0,0,0,0,0,0,"N",1.09,0,0,0,0,0,0,0,"N",0,0.0,0,0,0,0,0,0,0,0,0,0,0,0,0,0
"20000","5","326150","58","0","2021","1","N",8,0,0,0,0,0,0,0,"N",1.09,0,0,0,0,0,0,0,"N",0,0.0,0,0,0,0,0,0,0,0,0,0,0,0,0,0
"20000","5","32616","57","0","2021","1","",7,292,286,273,3353924,2663052,52746,909,"",1.57,0.86,0.85,0.81,0.87,0.72,0.83,1.04,"N",-1,-12.5,0,0,0,0,0,0,0,0,0,0,0,0,0,0
"20000","5","326160","58","0","2021","1","",7,292,286,273,3353924,2663052,52746,909,"",1.57,0.86,0.85,0.81,0.87,0.72,0.83,1.04,"N",-1,-12.5,0,0,0,0,0,0,0,0,0,0,0,0,0,0
"20000","5","32619","57","0","2021","1","",59,4166,4192,4244,50763694,42414475,748418,930,"",1.13,1.38,1.39,1.40,1.63,1.26,1.37,1.18,"",1,1.7,22,0.5,28,0.7,16,0.4,-170829,-0.3,-428599,-1.0,212085,39.5,-8,-0.9
"20000","5","326191","58","0","2021","1","N",3,0,0,0,0,0,0,0,"N",1.04,0,0,0,0,0,0,0,"N",0,0.0,0,0,0,0,0,0,0,0,0,0,0,0,0,0
"20000","5","326199","58","0","2021","1","N",56,0,0,0,0,0,0,0,"N",1.13,0,0,0,0,0,0,0,"N",1,1.8,0,0,0,0,0,0,0,0,0,0,0,0,0,0
"20000","5","3262","56","0","2021","1","",21,2782,2814,2832,43445339,33884300,578345,1190,"",1.22,2.27,2.30,2.30,3.06,2.29,3.09,1.34,"",3,16.7,19,0.7,101,3.7,134,5.0,-1205076,-2.7,-358490,-1.0,215525,59.4,-71,-5.6
"20000","5","32621","57","0","2021","1","N",3,0,0,0,0,0,0,0,"N",0.77,0,0,0,0,0,0,0,"N",1,50.0,0,0,0,0,0,0,0,0,0,0,0,0,0,0
"20000","5","326211","58","0","2021","1","N",3,0,0,0,0,0,0,0,"N",2.20,0,0,0,0,0,0,0,"N",1,50.0,0,0,0,0,0,0,0,0,0,0,0,0,0,0
"20000","5","32622","57","0","2021","1","",12,885,891,904,11287530,9125201,158632,972,"",3.22,4.22,4.28,4.29,4.68,3.92,4.70,1.10,"",2,20.0,-69,-7.2,-24,-2.6,12,1.3,284634,2.6,-771206,-7.8,33512,26.8,52,5.7
"20000","5","326220","58","0","2021","1","",12,885,891,904,11287530,9125201,158632,972,"",3.22,4.22,4.28,4.29,4.68,3.92,4.70,1.10,"",2,20.0,-69,-7.2,-24,-2.6,12,1.3,284634,2.6,-771206,-7.8,33512,26.8,52,5.7
"20000","5","32629","57","0","2021","1","N",6,0,0,0,0,0,0,0,"N",0.63,0,0,0,0,0,0,0,"N",0,0.0,0,0,0,0,0,0,0,0,0,0,0,0,0,0
"20000","5","326299","58","0","2021","1","N",6,0,0,0,0,0,0,0,"N",1.08,0,0,0,0,0,0,0,"N",0,0.0,0,0,0,0,0,0,0,0,0,0,0,0,0,0
"20000","5","327","55","0","2021","1","",204,4904,4727,4964,71770180,53223724,1400768,1135,"",1.47,1.31,1.28,1.32,1.63,1.22,1.58,1.25,"",5,2.5,-21,-0.4,-128,-2.6,51,1.0,449095,0.6,-446994,-0.8,102130,7.9,15,1.3
"20000","5","3271","56","0","2021","1","",7,197,195,196,2040174,1872115,33981,801,"",0.61,0.60,0.60,0.60,0.57,0.54,0.45,0.95,"",-3,-30.0,-74,-27.3,-72,-27.0,-67,-25.5,-965281,-32.1,-720749,-27.8,-9853,-22.5,-65,-7.5
"20000","5","32711","57","0","2021","1","N",1,0,0,0,0,0,0,0,"N",0.16,0,0,0,0,0,0,0,"N",-1,-50.0,0,0,0,0,0,0,0,0,0,0,0,0,0,0
"20000","5","327110","58","0","2021","1","N",1,0,0,0,0,0,0,0,"N",0.16,0,0,0,0,0,0,0,"N",-1,-50.0,0,0,0,0,0,0,0,0,0,0,0,0,0,0
"20000","5","32712","57","0","2021","1","N",6,0,0,0,0,0,0,0,"N",1.12,0,0,0,0,0,0,0,"N",-2,-25.0,0,0,0,0,0,0,0,0,0,0,0,0,0,0
"20000","5","327120","58","0","2021","1","N",6,0,0,0,0,0,0,0,"N",1.12,0,0,0,0,0,0,0,"N",-2,-25.0,0,0,0,0,0,0,0,0,0,0,0,0,0,0
"20000","5","3272","56","0","2021","1","",11,517,516,513,6740376,5374040,77110,1006,"",0.71,0.68,0.68,0.68,0.75,0.57,0.50,1.11,"",1,10.0,-27,-5.0,-29,-5.3,-22,-4.1,64148,1.0,-357036,-6.2,12811,19.9,57,6.0
"20000","5","32721","57","0","2021","1","",11,517,516,513,6740376,5374040,77110,1006,"",0.71,0.68,0.68,0.68,0.75,0.57,0.50,1.11,"",1,10.0,-27,-5.0,-29,-5.3,-22,-4.1,64148,1.0,-357036,-6.2,12811,19.9,57,6.0
"20000","5","327211","58","0","2021","1","N",2,0,0,0,0,0,0,0,"N",1.37,0,0,0,0,0,0,0,"N",0,0.0,0,0,0,0,0,0,0,0,0,0,0,0,0,0
"20000","5","327212","58","0","2021","1","N",4,0,0,0,0,0,0,0,"N",1.16,0,0,0,0,0,0,0,"N",1,33.3,0,0,0,0,0,0,0,0,0,0,0,0,0,0
"20000","5","327215","58","0","2021","1","",5,131,131,132,1510371,1129990,27216,885,"",0.52,0.31,0.31,0.32,0.35,0.23,0.36,1.10,"",0,0.0,-11,-7.7,-10,-7.1,-8,-5.7,76842,5.4,-166323,-12.8,4043,17.4,103,13.2
"20000","5","3273","56","0","2021","1","",145,2748,2531,2734,36330622,27743198,718413,1046,"",1.95,1.54,1.46,1.52,1.75,1.35,1.45,1.16,"",5,3.6,-69,-2.4,-226,-8.2,-78,-2.8,-714013,-1.9,-1026140,-3.6,-25819,-3.5,27,2.6
"20000","5","32731","57","0","2021","1","",6,354,329,330,7185763,4463390,53113,1637,"",1.79,2.68,2.51,2.48,3.24,2.53,1.67,1.27,"",1,20.0,8,2.3,0,0.0,4,1.2,246695,3.6,100005,2.3,19963,60.2,37,2.3
"20000","5","327310","58","0","2021","1","",6,354,329,330,7185763,4463390,53113,1637,"",1.79,2.68,2.51,2.48,3.24,2.53,1.67,1.27,"",1,20.0,8,2.3,0,0.0,4,1.2,246695,3.6,100005,2.3,19963,60.2,37,2.3
"20000","5","32732","57","0","2021","1","",94,1384,1213,1393,16955502,13530142,482417,981,"",2.10,1.56,1.43,1.55,1.70,1.33,1.67,1.12,"",6,6.8,43,3.2,-117,-8.8,26,1.9,371741,2.2,14587,0.1,-39265,-7.5,33,3.5
"20000","5","327320","58","0","2021","1","",94,1384,1213,1393,16955502,13530142,482417,981,"",2.10,1.56,1.43,1.55,1.70,1.33,1.67,1.12,"",6,6.8,43,3.2,-117,-8.8,26,1.9,371741,2.2,14587,0.1,-39265,-7.5,33,3.5
"20000","5","32733","57","0","2021","1","",11,303,301,309,4531789,3407029,59179,1145,"",1.22,1.22,1.22,1.22,1.50,1.21,1.03,1.22,"",0,0.0,-81,-21.1,-52,-14.7,-52,-14.4,-422909,-8.5,-413200,-10.8,7680,14.9,104,10.0
"20000","5","327331","58","0","2021","1","",8,130,129,132,1848099,1490328,21579,1091,"",1.15,0.75,0.76,0.75,0.92,0.75,0.55,1.22,"",0,0.0,-83,-39.0,-47,-26.7,-47,-26.3,-448379,-19.5,-406513,-21.4,3718,20.8,158,16.9
"20000","5","327332","58","0","2021","1","",3,173,172,177,2683690,1916701,37600,1186,"",1.46,2.30,2.28,2.27,2.62,2.30,2.09,1.14,"",0,0.0,2,1.2,-5,-2.8,-5,-2.7,25470,1.0,-6687,-0.3,3962,11.8,29,2.5
"20000","5","32739","57","0","2021","1","",34,707,688,702,7657568,6342637,123704,843,"",1.97,1.37,1.35,1.37,1.38,1.11,1.07,1.01,"",-2,-5.6,-39,-5.2,-57,-7.7,-56,-7.4,-909540,-10.6,-727532,-10.3,-14197,-10.3,-36,-4.1
"20000","5","327390","58","0","2021","1","",34,707,688,702,7657568,6342637,123704,843,"",1.97,1.37,1.35,1.37,1.38,1.11,1.07,1.01,"",-2,-5.6,-39,-5.2,-57,-7.7,-56,-7.4,-909540,-10.6,-727532,-10.3,-14197,-10.3,-36,-4.1
"20000","5","3274","56","0","2021","1","",6,294,292,294,4879189,3613647,59606,1280,"",1.95,2.10,2.11,2.10,2.30,1.84,2.31,1.09,"",0,0.0,2,0.7,1,0.3,5,1.7,68339,1.4,-69129,-1.9,6491,12.2,7,0.5
"20000","5","32742","57","0","2021","1","",6,294,292,294,4879189,3613647,59606,1280,"",2.59,2.88,2.88,2.88,3.19,2.45,3.13,1.11,"",0,0.0,2,0.7,1,0.3,5,1.7,68339,1.4,-69129,-1.9,6491,12.2,7,0.5
"20000","5","327420","58","0","2021","1","",6,294,292,294,4879189,3613647,59606,1280,"",2.59,2.88,2.88,2.88,3.19,2.45,3.13,1.11,"",0,0.0,2,0.7,1,0.3,5,1.7,68339,1.4,-69129,-1.9,6491,12.2,7,0.5
"20000","5","3279","56","0","2021","1","",35,1148,1193,1227,21779819,14620724,511658,1409,"",1.03,1.57,1.64,1.67,2.54,1.76,3.67,1.56,"",2,6.1,147,14.7,198,19.9,213,21.0,1995902,10.1,1726060,13.4,118500,30.1,-108,-7.1
"20000","5","32791","57","0","2021","1","N",3,0,0,0,0,0,0,0,"N",1.04,0,0,0,0,0,0,0,"N",0,0.0,0,0,0,0,0,0,0,0,0,0,0,0,0,0
"20000","5","327910","58","0","2021","1","N",3,0,0,0,0,0,0,0,"N",1.04,0,0,0,0,0,0,0,"N",0,0.0,0,0,0,0,0,0,0,0,0,0,0,0,0,0
"20000","5","32799","57","0","2021","1","N",32,0,0,0,0,0,0,0,"N",1.03,0,0,0,0,0,0,0,"N",2,6.7,0,0,0,0,0,0,0,0,0,0,0,0,0,0
"20000","5","327991","58","0","2021","1","N",28,0,0,0,0,0,0,0,"N",1.22,0,0,0,0,0,0,0,"N",2,7.7,0,0,0,0,0,0,0,0,0,0,0,0,0,0
"20000","5","327993","58","0","2021","1","",4,721,756,785,17474610,10529922,424210,1783,"",1.58,4.38,4.65,4.83,6.74,5.82,11.87,1.46,"",0,0.0,38,5.6,98,14.9,118,17.7,944310,5.7,746817,7.6,89107,26.6,-117,-6.2
"20000","5","331","55","0","2021","1","",27,1546,1573,1574,19023268,15646073,459276,935,"",0.58,0.47,0.48,0.48,0.41,0.39,0.66,0.86,"",-2,-6.9,-241,-13.5,-182,-10.4,-179,-10.2,-3492276,-15.5,-2190689,-12.3,-21312,-4.4,-46,-4.7
"20000","5","3311","56","0","2021","1","N",4,0,0,0,0,0,0,0,"N",0.53,0,0,0,0,0,0,0,"N",0,0.0,0,0,0,0,0,0,0,0,0,0,0,0,0,0
"20000","5","33111","57","0","2021","1","N",4,0,0,0,0,0,0,0,"N",0.53,0,0,0,0,0,0,0,"N",0,0.0,0,0,0,0,0,0,0,0,0,0,0,0,0,0
"20000","5","331110","58","0","2021","1","N",4,0,0,0,0,0,0,0,"N",0.53,0,0,0,0,0,0,0,"N",0,0.0,0,0,0,0,0,0,0,0,0,0,0,0,0,0
"20000","5","3312","56","0","2021","1","",5,72,75,75,792793,684807,8601,824,"",0.50,0.14,0.15,0.15,0.12,0.11,0.07,0.80,"",0,0.0,-67,-48.2,-57,-43.2,-56,-42.7,-474968,-37.5,-439131,-39.1,-11270,-56.7,96,13.2
"20000","5","33121","57","0","2021","1","N",3,0,0,0,0,0,0,0,"N",0.71,0,0,0,0,0,0,0,"N",0,0.0,0,0,0,0,0,0,0,0,0,0,0,0,0,0
"20000","5","331210","58","0","2021","1","N",3,0,0,0,0,0,0,0,"N",0.71,0,0,0,0,0,0,0,"N",0,0.0,0,0,0,0,0,0,0,0,0,0,0,0,0,0
"20000","5","33122","57","0","2021","1","N",2,0,0,0,0,0,0,0,"N",0.34,0,0,0,0,0,0,0,"N",0,0.0,0,0,0,0,0,0,0,0,0,0,0,0,0,0
"20000","5","331221","58","0","2021","1","N",1,0,0,0,0,0,0,0,"N",0.27,0,0,0,0,0,0,0,"N",0,0.0,0,0,0,0,0,0,0,0,0,0,0,0,0,0
"20000","5","331222","58","0","2021","1","N",1,0,0,0,0,0,0,0,"N",0.47,0,0,0,0,0,0,0,"N",0,0.0,0,0,0,0,0,0,0,0,0,0,0,0,0,0
"20000","5","3313","56","0","2021","1","N",3,0,0,0,0,0,0,0,"N",0.50,0,0,0,0,0,0,0,"N",0,0.0,0,0,0,0,0,0,0,0,0,0,0,0,0,0
"20000","5","33131","57","0","2021","1","N",3,0,0,0,0,0,0,0,"N",0.50,0,0,0,0,0,0,0,"N",0,0.0,0,0,0,0,0,0,0,0,0,0,0,0,0,0
"20000","5","331315","58","0","2021","1","N",2,0,0,0,0,0,0,0,"N",1.46,0,0,0,0,0,0,0,"N",0,0.0,0,0,0,0,0,0,0,0,0,0,0,0,0,0
"20000","5","331318","58","0","2021","1","N",1,0,0,0,0,0,0,0,"N",0.37,0,0,0,0,0,0,0,"N",0,0.0,0,0,0,0,0,0,0,0,0,0,0,0,0,0
"20000","5","3314","56","0","2021","1","N",4,0,0,0,0,0,0,0,"N",0.47,0,0,0,0,0,0,0,"N",0,0.0,0,0,0,0,0,0,0,0,0,0,0,0,0,0
"20000","5","33141","57","0","2021","1","N",1,0,0,0,0,0,0,0,"N",0.88,0,0,0,0,0,0,0,"N",1,100.0,0,0,0,0,0,0,0,0,0,0,0,0,0,0
"20000","5","331410","58","0","2021","1","N",1,0,0,0,0,0,0,0,"N",0.88,0,0,0,0,0,0,0,"N",1,100.0,0,0,0,0,0,0,0,0,0,0,0,0,0,0
"20000","5","33142","57","0","2021","1","N",3,0,0,0,0,0,0,0,"N",1.13,0,0,0,0,0,0,0,"N",-1,-25.0,0,0,0,0,0,0,0,0,0,0,0,0,0,0
"20000","5","331420","58","0","2021","1","N",3,0,0,0,0,0,0,0,"N",1.13,0,0,0,0,0,0,0,"N",-1,-25.0,0,0,0,0,0,0,0,0,0,0,0,0,0,0
"20000","5","3315","56","0","2021","1","",11,907,932,933,10603524,8971326,334014,883,"",0.77,0.93,0.96,0.96,0.95,0.78,1.58,1.00,"",-2,-15.4,-79,-8.0,-32,-3.3,-32,-3.3,-1555486,-12.8,-631734,-6.6,-9536,-2.8,-80,-8.3
"20000","5","33151","57","0","2021","1","",7,883,906,910,10433526,8809127,330529,892,"",1.14,1.74,1.79,1.79,1.70,1.44,2.88,0.96,"",-1,-12.5,-83,-8.6,-38,-4.0,-32,-3.4,-1549664,-12.9,-634297,-6.7,-10015,-2.9,-78,-8.0
"20000","5","331511","58","0","2021","1","N",5,0,0,0,0,0,0,0,"N",1.61,0,0,0,0,0,0,0,"N",0,0.0,0,0,0,0,0,0,0,0,0,0,0,0,0,0
"20000","5","331513","58","0","2021","1","N",2,0,0,0,0,0,0,0,"N",0.96,0,0,0,0,0,0,0,"N",-1,-33.3,0,0,0,0,0,0,0,0,0,0,0,0,0,0
"20000","5","33152","57","0","2021","1","",4,24,26,23,169998,162199,3485,537,"",0.49,0.05,0.06,0.05,0.03,0.03,0.04,0.64,"",-1,-20.0,4,20.0,6,30.0,0,0.0,-5822,-3.3,2563,1.6,479,15.9,-107,-16.6
"20000","5","331524","58","0","2021","1","",4,24,26,23,169998,162199,3485,537,"",1.24,0.16,0.18,0.16,0.11,0.09,0.12,0.69,"",-1,-20.0,4,20.0,6,30.0,0,0.0,-5822,-3.3,2563,1.6,479,15.9,-107,-16.6
"20000","5","332","55","0","2021","1","",507,14520,14602,14866,180212201,150366158,3247172,945,"",1.04,1.12,1.13,1.14,1.23,1.00,1.25,1.09,"",2,0.4,-2492,-14.6,-2222,-13.2,-1888,-11.3,-29499818,-14.1,-23169806,-13.4,132207,4.2,-12,-1.3
"20000","5","3321","56","0","2021","1","N",2,0,0,0,0,0,0,0,"N",0.11,0,0,0,0,0,0,0,"N",0,0.0,0,0,0,0,0,0,0,0,0,0,0,0,0,0
"20000","5","33211","57","0","2021","1","N",2,0,0,0,0,0,0,0,"N",0.11,0,0,0,0,0,0,0,"N",0,0.0,0,0,0,0,0,0,0,0,0,0,0,0,0,0
"20000","5","332119","58","0","2021","1","N",2,0,0,0,0,0,0,0,"N",0.19,0,0,0,0,0,0,0,"N",0,0.0,0,0,0,0,0,0,0,0,0,0,0,0,0,0
"20000","5","3322","56","0","2021","1","",13,510,521,517,6012140,4993244,97080,896,"",1.19,1.54,1.57,1.54,1.44,1.19,1.38,0.93,"",0,0.0,15,3.0,6,1.2,-8,-1.5,241194,4.2,256959,5.4,30016,44.8,28,3.2
"20000","5","33221","57","0","2021","1","",13,510,521,517,6012140,4993244,97080,896,"",1.19,1.54,1.57,1.54,1.44,1.19,1.38,0.93,"",0,0.0,15,3.0,6,1.2,-8,-1.5,241194,4.2,256959,5.4,30016,44.8,28,3.2
"20000","5","332215","58","0","2021","1","N",2,0,0,0,0,0,0,0,"N",0.86,0,0,0,0,0,0,0,"N",0,0.0,0,0,0,0,0,0,0,0,0,0,0,0,0,0
"20000","5","332216","58","0","2021","1","N",11,0,0,0,0,0,0,0,"N",1.27,0,0,0,0,0,0,0,"N",0,0.0,0,0,0,0,0,0,0,0,0,0,0,0,0,0
"20000","5","3323","56","0","2021","1","",135,5544,5568,5710,71055925,58809874,1159092,975,"",1.04,1.53,1.55,1.57,1.82,1.43,1.59,1.17,"",9,7.1,-411,-6.9,-403,-6.7,-267,-4.5,-4866726,-6.4,-3613291,-5.8,111541,10.6,-4,-0.4
"20000","5","33231","57","0","2021","1","",57,2147,2160,2281,31698222,25048873,605065,1110,"",1.03,1.37,1.39,1.46,1.77,1.37,1.94,1.25,"",4,7.5,-111,-4.9,-107,-4.7,23,1.0,-238713,-0.7,-216889,-0.9,59186,10.8,23,2.1
"20000","5","332311","58","0","2021","1","",10,432,430,516,7658229,5556869,141071,1282,"",1.02,1.39,1.39,1.65,2.17,1.59,2.41,1.46,"",1,11.1,-3,-0.7,-1,-0.2,75,17.0,1028111,15.5,278045,5.3,6769,5.0,111,9.5
"20000","5","332312","58","0","2021","1","",33,1326,1333,1372,18019402,15033516,395698,1032,"",1.12,1.57,1.60,1.63,1.87,1.50,2.29,1.17,"",2,6.5,-39,-2.9,-41,-3.0,-1,-0.1,62010,0.3,295839,2.0,42623,12.1,24,2.4
"20000","5","332313","58","0","2021","1","",14,389,397,393,6020591,4458488,68296,1178,"",0.87,0.95,0.98,0.95,1.26,0.95,0.85,1.31,"",1,7.7,-69,-15.1,-65,-14.1,-51,-11.5,-1328834,-18.1,-790773,-15.1,9794,16.7,-65,-5.2
"20000","5","33232","57","0","2021","1","",78,3397,3408,3429,39357703,33761001,554027,887,"",1.05,1.65,1.66,1.65,1.86,1.48,1.33,1.12,"",5,6.8,-300,-8.1,-296,-8.0,-290,-7.8,-4628013,-10.5,-3396402,-9.1,52355,10.4,-26,-2.8
"20000","5","332321","58","0","2021","1","",16,1670,1653,1658,18857585,16496864,252726,874,"",1.38,2.69,2.67,2.64,3.04,2.52,2.42,1.14,"",1,6.7,-192,-10.3,-226,-12.0,-230,-12.2,-3074548,-14.0,-2333021,-12.4,15471,6.5,-25,-2.8
"20000","5","332322","58","0","2021","1","",39,1402,1428,1438,17037052,14200734,248382,921,"",1.05,1.35,1.38,1.38,1.57,1.21,1.10,1.14,"",2,5.4,-102,-6.8,-61,-4.1,-58,-3.9,-1560537,-8.4,-858861,-5.7,36554,17.3,-35,-3.7
"20000","5","332323","58","0","2021","1","",23,325,327,333,3463066,3063403,52919,811,"",0.90,0.81,0.82,0.82,0.84,0.67,0.61,1.03,"",2,9.5,-6,-1.8,-9,-2.7,-2,-0.6,7072,0.2,-204520,-6.3,330,0.6,15,1.9
"20000","5","3324","56","0","2021","1","",23,1501,1493,1504,18746025,15851799,345830,962,"",1.38,1.85,1.85,1.85,1.76,1.55,1.77,0.95,"",-4,-14.8,-312,-17.2,-325,-17.9,-280,-15.7,-3433545,-15.5,-2855323,-15.3,-2751,-0.8,17,1.8
"20000","5","33241","57","0","2021","1","N",3,0,0,0,0,0,0,0,"N",0.90,0,0,0,0,0,0,0,"N",0,0.0,0,0,0,0,0,0,0,0,0,0,0,0,0,0
"20000","5","332410","58","0","2021","1","N",3,0,0,0,0,0,0,0,"N",0.90,0,0,0,0,0,0,0,"N",0,0.0,0,0,0,0,0,0,0,0,0,0,0,0,0,0
"20000","5","33242","57","0","2021","1","",17,995,991,989,11990743,10440452,239072,930,"",2.16,3.14,3.16,3.11,3.14,2.70,3.29,1.00,"",-4,-19.0,-299,-23.1,-308,-23.7,-271,-21.5,-3608013,-23.1,-2707365,-20.6,-2347,-1.0,-4,-0.4
"20000","5","332420","58","0","2021","1","",17,995,991,989,11990743,10440452,239072,930,"",2.16,3.14,3.16,3.11,3.14,2.70,3.29,1.00,"",-4,-19.0,-299,-23.1,-308,-23.7,-271,-21.5,-3608013,-23.1,-2707365,-20.6,-2347,-1.0,-4,-0.4
"20000","5","33243","57","0","2021","1","N",3,0,0,0,0,0,0,0,"N",0.55,0,0,0,0,0,0,0,"N",0,0.0,0,0,0,0,0,0,0,0,0,0,0,0,0,0
"20000","5","332439","58","0","2021","1","N",3,0,0,0,0,0,0,0,"N",0.83,0,0,0,0,0,0,0,"N",0,0.0,0,0,0,0,0,0,0,0,0,0,0,0,0,0
"20000","5","3325","56","0","2021","1","N",5,0,0,0,0,0,0,0,"N",0.81,0,0,0,0,0,0,0,"N",-1,-16.7,0,0,0,0,0,0,0,0,0,0,0,0,0,0
"20000","5","33251","57","0","2021","1","N",5,0,0,0,0,0,0,0,"N",0.81,0,0,0,0,0,0,0,"N",-1,-16.7,0,0,0,0,0,0,0,0,0,0,0,0,0,0
"20000","5","332510","58","0","2021","1","N",5,0,0,0,0,0,0,0,"N",0.81,0,0,0,0,0,0,0,"N",-1,-16.7,0,0,0,0,0,0,0,0,0,0,0,0,0,0
"20000","5","3326","56","0","2021","1","N",5,0,0,0,0,0,0,0,"N",0.47,0,0,0,0,0,0,0,"N",-1,-16.7,0,0,0,0,0,0,0,0,0,0,0,0,0,0
"20000","5","33261","57","0","2021","1","N",5,0,0,0,0,0,0,0,"N",0.47,0,0,0,0,0,0,0,"N",-1,-16.7,0,0,0,0,0,0,0,0,0,0,0,0,0,0
"20000","5","332613","58","0","2021","1","N",1,0,0,0,0,0,0,0,"N",0.29,0,0,0,0,0,0,0,"N",-1,-50.0,0,0,0,0,0,0,0,0,0,0,0,0,0,0
"20000","5","332618","58","0","2021","1","N",4,0,0,0,0,0,0,0,"N",0.56,0,0,0,0,0,0,0,"N",0,0.0,0,0,0,0,0,0,0,0,0,0,0,0,0,0
"20000","5","3327","56","0","2021","1","",191,2833,2881,2896,35538055,29489682,739830,953,"",1.07,0.92,0.94,0.94,1.10,0.84,1.19,1.18,"",-1,-0.5,-966,-25.4,-762,-20.9,-737,-20.3,-11521281,-24.5,-9010851,-23.4,-68422,-8.5,-28,-2.9
"20000","5","33271","57","0","2021","1","",180,2525,2572,2597,31807007,26478409,691574,954,"",1.12,1.05,1.07,1.07,1.29,0.96,1.46,1.21,"",-2,-1.1,-942,-27.2,-734,-22.2,-702,-21.3,-10730352,-25.2,-8522615,-24.3,-82624,-10.7,-21,-2.2
"20000","5","332710","58","0","2021","1","",180,2525,2572,2597,31807007,26478409,691574,954,"",1.12,1.05,1.07,1.07,1.29,0.96,1.46,1.21,"",-2,-1.1,-942,-27.2,-734,-22.2,-702,-21.3,-10730352,-25.2,-8522615,-24.3,-82624,-10.7,-21,-2.2
"20000","5","33272","57","0","2021","1","",11,308,309,299,3731048,3011273,48256,940,"",0.63,0.46,0.46,0.44,0.49,0.39,0.33,1.08,"",1,10.0,-24,-7.2,-28,-8.3,-35,-10.5,-790929,-17.5,-488236,-14.0,14202,41.7,-100,-9.6
"20000","5","332721","58","0","2021","1","N",3,0,0,0,0,0,0,0,"N",0.27,0,0,0,0,0,0,0,"N",0,0.0,0,0,0,0,0,0,0,0,0,0,0,0,0,0
"20000","5","332722","58","0","2021","1","N",8,0,0,0,0,0,0,0,"N",1.29,0,0,0,0,0,0,0,"N",1,14.3,0,0,0,0,0,0,0,0,0,0,0,0,0,0
"20000","5","3328","56","0","2021","1","",55,1215,1209,1201,12242255,10759606,216136,779,"",1.07,1.03,1.03,1.02,1.08,0.86,0.99,1.05,"",-2,-3.5,-503,-29.3,-463,-27.7,-421,-26.0,-4937732,-28.7,-4274874,-28.4,3592,1.7,-12,-1.5
"20000","5","33281","57","0","2021","1","",55,1215,1209,1201,12242255,10759606,216136,779,"",1.07,1.03,1.03,1.02,1.08,0.86,0.99,1.05,"",-2,-3.5,-503,-29.3,-463,-27.7,-421,-26.0,-4937732,-28.7,-4274874,-28.4,3592,1.7,-12,-1.5
"20000","5","332811","58","0","2021","1","N",5,0,0,0,0,0,0,0,"N",0.88,0,0,0,0,0,0,0,"N",0,0.0,0,0,0,0,0,0,0,0,0,0,0,0,0,0
"20000","5","332812","58","0","2021","1","N",24,0,0,0,0,0,0,0,"N",0.96,0,0,0,0,0,0,0,"N",-3,-11.1,0,0,0,0,0,0,0,0,0,0,0,0,0,0
"20000","5","332813","58","0","2021","1","",26,807,801,793,7563871,6834198,141420,727,"",1.25,1.63,1.62,1.59,1.67,1.32,1.56,1.03,"",1,4.0,-387,-32.4,-358,-30.9,-332,-29.5,-3984126,-34.5,-3353995,-32.9,-7419,-5.0,-39,-5.1
"20000","5","3329","56","0","2021","1","",78,2487,2497,2592,31242080,26224982,557946,952,"",1.20,1.01,1.02,1.04,0.97,0.89,1.20,0.95,"",2,2.6,-239,-8.8,-201,-7.4,-106,-3.9,-3857604,-11.0,-2758514,-9.5,63552,12.9,-45,-4.5
"20000","5","33291","57","0","2021","1","",15,780,796,855,9318941,7852668,141767,885,"",1.00,0.98,1.01,1.07,0.83,0.82,0.94,0.81,"",-1,-6.2,-101,-11.5,-52,-6.1,14,1.7,-1113937,-10.7,-917716,-10.5,29982,26.8,-52,-5.5
"20000","5","332911","58","0","2021","1","",8,474,475,521,6123597,5174558,90430,961,"",1.44,2.00,2.02,2.20,1.81,1.65,1.84,0.87,"",1,14.3,-43,-8.3,0,0.0,55,11.8,22153,0.4,-146525,-2.8,23650,35.4,-5,-0.5
"20000","5","332912","58","0","2021","1","N",6,0,0,0,0,0,0,0,"N",1.25,0,0,0,0,0,0,0,"N",-1,-14.3,0,0,0,0,0,0,0,0,0,0,0,0,0,0
"20000","5","332919","58","0","2021","1","N",1,0,0,0,0,0,0,0,"N",0.37,0,0,0,0,0,0,0,"N",0,0.0,0,0,0,0,0,0,0,0,0,0,0,0,0,0
"20000","5","33299","57","0","2021","1","",63,1707,1701,1737,21923139,18372314,416179,983,"",1.27,1.02,1.02,1.03,1.05,0.92,1.33,1.02,"",3,5.0,-138,-7.5,-149,-8.1,-120,-6.5,-2743667,-11.1,-1840798,-9.1,33570,8.8,-42,-4.1
"20000","5","332991","58","0","2021","1","N",2,0,0,0,0,0,0,0,"N",0.99,0,0,0,0,0,0,0,"N",0,0.0,0,0,0,0,0,0,0,0,0,0,0,0,0,0
"20000","5","332992","58","0","2021","1","",4,27,22,23,157897,156027,2346,506,"",2.50,0.24,0.20,0.20,0.13,0.11,0.14,0.61,"",-1,-20.0,3,12.5,-1,-4.3,-1,-4.2,-1938,-1.2,-1885,-1.2,686,41.3,-14,-2.7
"20000","5","332993","58","0","2021","1","N",2,0,0,0,0,0,0,0,"N",3.31,0,0,0,0,0,0,0,"N",0,0.0,0,0,0,0,0,0,0,0,0,0,0,0,0,0
"20000","5","332994","58","0","2021","1","",5,51,51,55,667229,540555,9404,981,"",0.90,0.23,0.23,0.24,0.18,0.18,0.17,0.78,"",0,0.0,6,13.3,6,13.3,9,19.6,147617,28.4,92360,20.6,3897,70.8,99,11.2
"20000","5","332996","58","0","2021","1","",12,598,598,615,8338639,6895843,123858,1063,"",1.51,2.29,2.29,2.30,2.83,2.33,1.93,1.24,"",1,9.1,-26,-4.2,-22,-3.5,-21,-3.3,-259520,-3.0,-282636,-3.9,14498,13.3,8,0.8
"20000","5","332999","58","0","2021","1","",38,884,886,900,11033205,9264148,195469,954,"",1.19,1.20,1.21,1.22,1.36,1.08,1.53,1.12,"",3,8.6,-128,-12.6,-133,-13.1,-109,-10.8,-2623571,-19.2,-1686322,-15.4,5241,2.8,-83,-8.0
"20000","5","333","55","0","2021","1","",364,18651,18865,18962,266085272,201368714,5305303,1087,"",1.40,1.89,1.92,1.92,1.83,1.61,2.39,0.96,"",11,3.1,-466,-2.4,-115,-0.6,64,0.3,-4110591,-1.5,-2081144,-1.0,880507,19.9,-7,-0.6
"20000","5","3331","56","0","2021","1","",132,7656,7726,7782,109978686,83948182,2821212,1096,"",3.64,4.19,4.24,4.23,4.14,3.46,5.34,0.98,"",8,6.5,67,0.9,105,1.4,236,3.1,3079122,2.9,1103719,1.3,432477,18.1,12,1.1
"20000","5","33311","57","0","2021","1","",98,6046,6113,6199,84483566,64754008,2066268,1062,"",6.80,8.20,8.29,8.29,9.73,6.69,9.07,1.18,"",6,6.5,249,4.3,277,4.7,388,6.7,5929239,7.5,2924460,4.7,351722,20.5,23,2.2
"20000","5","333111","58","0","2021","1","N",94,0,0,0,0,0,0,0,"N",7.66,0,0,0,0,0,0,0,"N",6,6.8,0,0,0,0,0,0,0,0,0,0,0,0,0,0
"20000","5","333112","58","0","2021","1","N",4,0,0,0,0,0,0,0,"N",1.87,0,0,0,0,0,0,0,"N",0,0.0,0,0,0,0,0,0,0,0,0,0,0,0,0,0
"20000","5","33312","57","0","2021","1","",20,1468,1497,1466,23945985,18009342,726822,1247,"",2.41,2.36,2.41,2.35,2.60,2.00,5.02,1.10,"",0,0.0,-158,-9.7,-121,-7.5,-103,-6.6,-2239858,-8.6,-1316885,-6.8,88101,13.8,-9,-0.7
"20000","5","333120","58","0","2021","1","",20,1468,1497,1466,23945985,18009342,726822,1247,"",2.41,2.36,2.41,2.35,2.60,2.00,5.02,1.10,"",0,0.0,-158,-9.7,-121,-7.5,-103,-6.6,-2239858,-8.6,-1316885,-6.8,88101,13.8,-9,-0.7
"20000","5","33313","57","0","2021","1","",14,142,116,117,1549135,1184832,28122,953,"",1.03,0.30,0.25,0.25,0.18,0.21,0.18,0.67,"",2,16.7,-24,-14.5,-51,-30.5,-49,-29.5,-610259,-28.3,-503856,-29.8,-7346,-20.7,-46,-4.6
"20000","5","333131","58","0","2021","1","N",1,0,0,0,0,0,0,0,"N",0.40,0,0,0,0,0,0,0,"N",0,0.0,0,0,0,0,0,0,0,0,0,0,0,0,0,0
"20000","5","333132","58","0","2021","1","N",13,0,0,0,0,0,0,0,"N",1.18,0,0,0,0,0,0,0,"N",2,18.2,0,0,0,0,0,0,0,0,0,0,0,0,0,0
"20000","5","3332","56","0","2021","1","",47,1773,1781,1789,28387758,21177719,358332,1226,"",1.21,1.59,1.61,1.60,1.17,1.45,1.32,0.73,"",2,4.4,-114,-6.0,-94,-5.0,-92,-4.9,-2832674,-9.1,99464,0.5,44181,14.1,-51,-4.0
"20000","5","33324","57","0","2021","1","",47,1773,1781,1789,28387758,21177719,358332,1226,"",1.21,1.59,1.61,1.60,1.17,1.45,1.32,0.73,"",2,4.4,-114,-6.0,-94,-5.0,-92,-4.9,-2832674,-9.1,99464,0.5,44181,14.1,-51,-4.0
"20000","5","333241","58","0","2021","1","",18,694,697,699,11523032,8477538,151807,1272,"",2.77,3.93,3.96,3.92,4.94,3.61,5.05,1.26,"",0,0.0,-46,-6.2,-34,-4.7,-28,-3.9,-623516,-5.1,-195420,-2.3,26070,20.7,-3,-0.2
"20000","5","333243","58","0","2021","1","N",3,0,0,0,0,0,0,0,"N",0.74,0,0,0,0,0,0,0,"N",1,50.0,0,0,0,0,0,0,0,0,0,0,0,0,0,0
"20000","5","333244","58","0","2021","1","N",7,0,0,0,0,0,0,0,"N",2.12,0,0,0,0,0,0,0,"N",0,0.0,0,0,0,0,0,0,0,0,0,0,0,0,0,0
"20000","5","333249","58","0","2021","1","",19,1007,1014,1018,15784073,11905220,190203,1199,"",0.85,1.91,1.94,1.92,2.14,1.82,1.46,1.11,"",1,5.6,-76,-7.0,-65,-6.0,-69,-6.3,-2161961,-12.0,346434,3.0,18979,11.1,-76,-6.0
"20000","5","3333","56","0","2021","1","",20,944,950,964,16194331,11200039,202972,1308,"",0.80,1.16,1.18,1.19,1.26,1.07,1.21,1.07,"",2,11.1,-47,-4.7,-38,-3.8,-3,-0.3,-1487221,-8.4,-540514,-4.6,32127,18.8,-77,-5.6
"20000","5","33331","57","0","2021","1","",20,944,950,964,16194331,11200039,202972,1308,"",0.80,1.16,1.18,1.19,1.26,1.07,1.21,1.07,"",2,11.1,-47,-4.7,-38,-3.8,-3,-0.3,-1487221,-8.4,-540514,-4.6,32127,18.8,-77,-5.6
"20000","5","333316","58","0","2021","1","N",1,0,0,0,0,0,0,0,"N",0.43,0,0,0,0,0,0,0,"N",0,0.0,0,0,0,0,0,0,0,0,0,0,0,0,0,0
"20000","5","333318","58","0","2021","1","N",19,0,0,0,0,0,0,0,"N",1.10,0,0,0,0,0,0,0,"N",2,11.8,0,0,0,0,0,0,0,0,0,0,0,0,0,0
"20000","5","3334","56","0","2021","1","",25,2827,2940,2920,33021979,25801650,634088,877,"",1.21,2.20,2.31,2.27,2.29,1.74,2.44,1.01,"",1,4.2,84,3.1,298,11.3,255,9.6,4065504,14.0,2226813,9.4,247818,64.2,47,5.7
"20000","5","33341","57","0","2021","1","",25,2827,2940,2920,33021979,25801650,634088,877,"",1.21,2.20,2.31,2.27,2.29,1.74,2.44,1.01,"",1,4.2,84,3.1,298,11.3,255,9.6,4065504,14.0,2226813,9.4,247818,64.2,47,5.7
"20000","5","333413","58","0","2021","1","",9,160,161,157,2022482,1566656,36280,976,"",1.48,0.57,0.58,0.56,0.68,0.48,0.72,1.19,"",0,0.0,-20,-11.1,-12,-6.9,-21,-11.8,-409356,-16.8,-347598,-18.2,10035,38.2,-81,-7.7
"20000","5","333414","58","0","2021","1","",6,457,464,473,5047436,4364205,86692,836,"",1.56,3.19,3.24,3.28,3.02,2.51,3.23,0.93,"",1,20.0,-54,-10.6,-44,-8.7,-29,-5.8,-251318,-4.7,-113987,-2.5,14951,20.8,32,4.0
"20000","5","333415","58","0","2021","1","",10,2210,2315,2290,25952061,19870789,511116,879,"",0.93,2.58,2.72,2.67,2.65,2.02,2.79,1.00,"",0,0.0,158,7.7,354,18.1,305,15.4,4726178,22.3,2688398,15.6,222832,77.3,62,7.6
"20000","5","3335","56","0","2021","1","",39,1095,1100,1088,14770079,11757378,244383,1038,"",0.60,0.71,0.72,0.71,0.82,0.65,0.77,1.15,"",-2,-4.9,-58,-5.0,-50,-4.3,-57,-5.0,-1787591,-10.8,-850098,-6.7,41838,20.7,-70,-6.3
"20000","5","33351","57","0","2021","1","",39,1095,1100,1088,14770079,11757378,244383,1038,"",0.60,0.71,0.72,0.71,0.82,0.65,0.77,1.15,"",-2,-4.9,-58,-5.0,-50,-4.3,-57,-5.0,-1787591,-10.8,-850098,-6.7,41838,20.7,-70,-6.3
"20000","5","333511","58","0","2021","1","",10,243,243,246,3010827,2468689,50704,949,"",0.76,0.75,0.75,0.76,0.83,0.64,0.81,1.10,"",0,0.0,-11,-4.3,-16,-6.2,-13,-5.0,-957528,-24.1,-219339,-8.2,16964,50.3,-237,-20.0
"20000","5","333514","58","0","2021","1","",9,205,206,193,2368412,2103886,41704,905,"",0.38,0.38,0.39,0.36,0.39,0.34,0.37,1.02,"",0,0.0,-4,-1.9,-3,-1.4,-18,-8.5,-146757,-5.8,-116233,-5.2,2177,5.5,-18,-2.0
"20000","5","333515","58","0","2021","1","N",7,0,0,0,0,0,0,0,"N",0.80,0,0,0,0,0,0,0,"N",1,16.7,0,0,0,0,0,0,0,0,0,0,0,0,0,0
"20000","5","333517","58","0","2021","1","",9,210,215,217,3764793,2375801,53463,1353,"",0.53,0.57,0.59,0.59,0.85,0.55,0.71,1.45,"",-3,-25.0,-46,-18.0,-42,-16.3,-37,-14.6,-341187,-8.3,-359139,-13.1,-8523,-13.7,118,9.6
"20000","5","333519","58","0","2021","1","N",4,0,0,0,0,0,0,0,"N",1.19,0,0,0,0,0,0,0,"N",0,0.0,0,0,0,0,0,0,0,0,0,0,0,0,0,0
"20000","5","3336","56","0","2021","1","",14,482,462,464,8495620,4914420,153982,1392,"",1.31,0.57,0.55,0.55,0.58,0.44,0.85,1.05,"",0,0.0,-227,-32.0,-238,-34.0,-236,-33.7,-3085495,-26.6,-2282679,-31.7,34145,28.5,125,9.9
"20000","5","33361","57","0","2021","1","",14,482,462,464,8495620,4914420,153982,1392,"",1.31,0.57,0.55,0.55,0.58,0.44,0.85,1.05,"",0,0.0,-227,-32.0,-238,-34.0,-236,-33.7,-3085495,-26.6,-2282679,-31.7,34145,28.5,125,9.9
"20000","5","333611","58","0","2021","1","",6,22,23,23,279615,198021,1946,949,"",2.00,0.11,0.11,0.12,0.07,0.07,0.04,0.65,"",0,0.0,1,4.8,2,9.5,2,9.5,-69885,-20.0,24083,13.8,147,8.2,-331,-25.9
"20000","5","333612","58","0","2021","1","N",2,0,0,0,0,0,0,0,"N",0.86,0,0,0,0,0,0,0,"N",0,0.0,0,0,0,0,0,0,0,0,0,0,0,0,0,0
"20000","5","333613","58","0","2021","1","",3,324,317,320,5882948,3247201,130522,1413,"",1.18,2.70,2.71,2.71,4.11,2.14,4.80,1.52,"",0,0.0,-102,-23.9,-98,-23.6,-91,-22.1,-1395114,-19.2,-805228,-19.9,50928,64.0,72,5.4
"20000","5","333618","58","0","2021","1","N",3,0,0,0,0,0,0,0,"N",1.06,0,0,0,0,0,0,0,"N",0,0.0,0,0,0,0,0,0,0,0,0,0,0,0,0,0
"20000","5","3339","56","0","2021","1","",87,3874,3906,3955,55236819,42569326,890334,1086,"",1.38,1.58,1.61,1.61,1.58,1.34,1.79,0.99,"",0,0.0,-171,-4.2,-98,-2.4,-39,-1.0,-2062236,-3.6,-1837849,-4.1,47921,5.7,-12,-1.1
"20000","5","33391","57","0","2021","1","",12,779,774,778,9862661,7818058,162648,976,"",1.15,1.86,1.87,1.87,1.55,1.41,1.84,0.83,"",-1,-7.7,35,4.7,22,2.9,10,1.3,-196322,-2.0,-240142,-3.0,45517,38.9,-49,-4.8
"20000","5","333912","58","0","2021","1","N",1,0,0,0,0,0,0,0,"N",0.30,0,0,0,0,0,0,0,"N",-1,-50.0,0,0,0,0,0,0,0,0,0,0,0,0,0,0
"20000","5","333914","58","0","2021","1","N",11,0,0,0,0,0,0,0,"N",1.56,0,0,0,0,0,0,0,"N",0,0.0,0,0,0,0,0,0,0,0,0,0,0,0,0,0
"20000","5","33392","57","0","2021","1","",38,1966,1992,2037,26904023,21390381,454889,1036,"",2.35,2.48,2.52,2.55,2.61,2.11,2.95,1.04,"",0,0.0,-147,-7.0,-76,-3.7,-24,-1.2,-2397874,-8.2,-1692332,-7.3,-28071,-5.8,-47,-4.3
"20000","5","333921","58","0","2021","1","N",3,0,0,0,0,0,0,0,"N",1.58,0,0,0,0,0,0,0,"N",1,50.0,0,0,0,0,0,0,0,0,0,0,0,0,0,0
"20000","5","333922","58","0","2021","1","",19,1213,1216,1226,18024566,13787365,224042,1138,"",2.51,3.75,3.77,3.76,4.17,3.39,3.24,1.11,"",-2,-9.5,-105,-8.0,-82,-6.3,-75,-5.8,-1051199,-5.5,-1025478,-6.9,26201,13.2,14,1.2
"20000","5","333923","58","0","2021","1","N",5,0,0,0,0,0,0,0,"N",1.48,0,0,0,0,0,0,0,"N",0,0.0,0,0,0,0,0,0,0,0,0,0,0,0,0,0
"20000","5","333924","58","0","2021","1","",11,526,537,573,6392201,5310672,127654,902,"",3.34,2.16,2.21,2.32,2.24,1.79,3.06,1.01,"",1,10.0,-4,-0.8,30,5.9,72,14.4,-926651,-12.7,-345217,-6.1,-21812,-14.6,-196,-17.9
"20000","5","33399","57","0","2021","1","",37,1129,1140,1140,18470135,13360887,272797,1250,"",1.01,0.91,0.93,0.92,1.01,0.83,1.07,1.10,"",1,2.8,-59,-5.0,-44,-3.7,-25,-2.1,531960,3.0,94625,0.7,30475,12.6,80,6.8
"20000","5","333991","58","0","2021","1","N",2,0,0,0,0,0,0,0,"N",1.08,0,0,0,0,0,0,0,"N",0,0.0,0,0,0,0,0,0,0,0,0,0,0,0,0,0
"20000","5","333992","58","0","2021","1","",3,10,11,11,146465,111141,2777,1056,"",0.56,0.07,0.08,0.08,0.06,0.07,0.09,0.76,"",0,0.0,-1,-9.1,0,0.0,0,0.0,5047,3.6,-1071,-1.0,-527,-16.0,67,6.8
"20000","5","333993","58","0","2021","1","N",3,0,0,0,0,0,0,0,"N",0.48,0,0,0,0,0,0,0,"N",1,50.0,0,0,0,0,0,0,0,0,0,0,0,0,0,0
"20000","5","333994","58","0","2021","1","",3,37,41,40,549647,404410,9518,1075,"",1.01,0.44,0.50,0.48,0.48,0.36,0.43,1.02,"",0,0.0,1,2.8,4,10.8,5,14.3,-286242,-34.2,-9375,-2.3,-343,-3.5,-711,-39.8
"20000","5","333995","58","0","2021","1","",8,179,178,183,2034710,1750161,46293,870,"",2.60,1.27,1.28,1.30,1.26,0.99,1.78,0.98,"",1,14.3,-7,-3.8,-7,-3.8,2,1.1,-1613,-0.1,22863,1.3,-1941,-4.0,19,2.2
"20000","5","333996","58","0","2021","1","",7,447,445,447,7601486,5427097,111429,1310,"",3.18,2.69,2.71,2.69,2.57,2.36,3.26,0.95,"",0,0.0,-20,-4.3,-20,-4.3,-15,-3.2,153545,2.1,-98986,-1.8,9473,9.3,77,6.2
"20000","5","333997","58","0","2021","1","",4,79,79,78,2173637,943197,32995,2125,"",3.33,2.28,2.30,2.25,4.32,2.17,5.62,1.89,"",0,0.0,47,146.9,46,139.4,46,143.8,1789663,466.1,616338,188.6,30643,1302.8,1212,132.7
"20000","5","333999","58","0","2021","1","",7,306,313,309,5118815,3956182,58063,1273,"",0.51,0.84,0.86,0.84,1.04,0.86,0.74,1.23,"",-1,-12.5,-84,-21.5,-75,-19.3,-73,-19.1,-1207661,-19.1,-537942,-12.0,-8975,-13.4,14,1.1
"20000","5","334","55","0","2021","1","",117,7230,7183,7205,158378569,86084922,1193021,1691,"",0.65,0.72,0.72,0.72,0.59,0.62,0.49,0.82,"",4,3.5,-378,-5.0,-401,-5.3,-402,-5.3,-13372428,-7.8,-8130142,-8.6,223312,23.0,-47,-2.7
"20000","5","3341","56","0","2021","1","",11,69,69,67,859963,704806,11337,968,"",0.70,0.05,0.05,0.05,0.02,0.04,0.03,0.34,"",0,0.0,3,4.5,2,3.0,2,3.1,-363387,-29.7,-26556,-3.6,-2043,-15.3,-458,-32.1
"20000","5","33411","57","0","2021","1","",11,69,69,67,859963,704806,11337,968,"",0.70,0.05,0.05,0.05,0.02,0.04,0.03,0.34,"",0,0.0,3,4.5,2,3.0,2,3.1,-363387,-29.7,-26556,-3.6,-2043,-15.3,-458,-32.1
"20000","5","334111","58","0","2021","1","",5,32,33,32,354225,300764,4091,843,"",0.75,0.03,0.03,0.03,0.01,0.03,0.02,0.28,"",0,0.0,-1,-3.0,-1,-2.9,-2,-5.9,-46167,-11.5,-60790,-16.8,-2418,-37.1,-72,-7.9
"20000","5","334112","58","0","2021","1","N",3,0,0,0,0,0,0,0,"N",1.56,0,0,0,0,0,0,0,"N",1,50.0,0,0,0,0,0,0,0,0,0,0,0,0,0,0
"20000","5","334118","58","0","2021","1","N",3,0,0,0,0,0,0,0,"N",0.42,0,0,0,0,0,0,0,"N",-1,-25.0,0,0,0,0,0,0,0,0,0,0,0,0,0,0
"20000","5","3342","56","0","2021","1","N",13,0,0,0,0,0,0,0,"N",0.63,0,0,0,0,0,0,0,"N",-4,-23.5,0,0,0,0,0,0,0,0,0,0,0,0,0,0
"20000","5","33421","57","0","2021","1","N",1,0,0,0,0,0,0,0,"N",0.28,0,0,0,0,0,0,0,"N",-1,-50.0,0,0,0,0,0,0,0,0,0,0,0,0,0,0
"20000","5","334210","58","0","2021","1","N",1,0,0,0,0,0,0,0,"N",0.28,0,0,0,0,0,0,0,"N",-1,-50.0,0,0,0,0,0,0,0,0,0,0,0,0,0,0
"20000","5","33422","57","0","2021","1","N",7,0,0,0,0,0,0,0,"N",0.61,0,0,0,0,0,0,0,"N",-4,-36.4,0,0,0,0,0,0,0,0,0,0,0,0,0,0
"20000","5","334220","58","0","2021","1","N",7,0,0,0,0,0,0,0,"N",0.61,0,0,0,0,0,0,0,"N",-4,-36.4,0,0,0,0,0,0,0,0,0,0,0,0,0,0
"20000","5","33429","57","0","2021","1","",5,32,34,34,631385,384316,7317,1457,"",0.89,0.19,0.20,0.20,0.23,0.18,0.18,1.14,"",1,25.0,23,255.6,25,277.8,23,209.1,473530,300.0,264664,221.2,6185,546.4,201,16.0
"20000","5","334290","58","0","2021","1","",5,32,34,34,631385,384316,7317,1457,"",0.89,0.19,0.20,0.20,0.23,0.18,0.18,1.14,"",1,25.0,23,255.6,25,277.8,23,209.1,473530,300.0,264664,221.2,6185,546.4,201,16.0
"20000","5","3343","56","0","2021","1","",9,163,162,168,2580241,1752075,35440,1208,"",1.25,0.92,0.91,0.94,0.34,0.77,0.63,0.37,"",3,50.0,-26,-13.8,-23,-12.4,-12,-6.7,44267,1.7,-146304,-7.7,-13208,-27.2,152,14.4
"20000","5","33431","57","0","2021","1","",9,163,162,168,2580241,1752075,35440,1208,"",1.25,0.92,0.91,0.94,0.34,0.77,0.63,0.37,"",3,50.0,-26,-13.8,-23,-12.4,-12,-6.7,44267,1.7,-146304,-7.7,-13208,-27.2,152,14.4
"20000","5","334310","58","0","2021","1","",9,163,162,168,2580241,1752075,35440,1208,"",1.25,0.92,0.91,0.94,0.34,0.77,0.63,0.37,"",3,50.0,-26,-13.8,-23,-12.4,-12,-6.7,44267,1.7,-146304,-7.7,-13208,-27.2,152,14.4
"20000","5","3344","56","0","2021","1","",37,1307,1287,1294,14139418,11507977,175030,839,"",0.74,0.37,0.37,0.37,0.15,0.24,0.22,0.40,"",4,12.1,-19,-1.4,-31,-2.4,-22,-1.7,-802984,-5.4,-791200,-6.4,-32968,-15.9,-32,-3.7
"20000","5","33441","57","0","2021","1","",37,1307,1287,1294,14139418,11507977,175030,839,"",0.74,0.37,0.37,0.37,0.15,0.24,0.22,0.40,"",4,12.1,-19,-1.4,-31,-2.4,-22,-1.7,-802984,-5.4,-791200,-6.4,-32968,-15.9,-32,-3.7
"20000","5","334412","58","0","2021","1","N",1,0,0,0,0,0,0,0,"N",0.23,0,0,0,0,0,0,0,"N",1,100.0,0,0,0,0,0,0,0,0,0,0,0,0,0,0
"20000","5","334413","58","0","2021","1","N",7,0,0,0,0,0,0,0,"N",0.44,0,0,0,0,0,0,0,"N",2,40.0,0,0,0,0,0,0,0,0,0,0,0,0,0,0
"20000","5","334416","58","0","2021","1","",3,237,234,230,2531692,2040813,34634,833,"",0.85,1.57,1.56,1.52,1.42,1.21,1.07,0.91,"",-1,-25.0,-26,-9.9,-27,-10.3,-33,-12.5,-420404,-14.2,-429567,-17.4,-6288,-15.4,-33,-3.8
"20000","5","334417","58","0","2021","1","",5,159,158,159,2658121,1895666,32878,1289,"",1.65,0.76,0.76,0.76,0.79,0.83,0.76,1.03,"",0,0.0,-57,-26.4,-55,-25.8,-46,-22.4,-490456,-15.6,-571389,-23.2,-5299,-13.9,143,12.5
"20000","5","334418","58","0","2021","1","",7,203,194,190,1895037,1595073,32585,745,"",0.73,0.37,0.36,0.35,0.30,0.28,0.29,0.83,"",1,16.7,40,24.5,34,21.2,30,18.8,46976,2.5,210150,15.2,9369,40.4,-138,-15.6
"20000","5","334419","58","0","2021","1","",14,658,655,668,6446410,5512939,66546,751,"",1.04,1.17,1.18,1.19,0.81,0.83,0.54,0.69,"",1,7.7,20,3.1,16,2.5,25,3.9,34502,0.5,-14183,-0.3,-32007,-32.5,-20,-2.6
"20000","5","3345","56","0","2021","1","",45,1358,1348,1354,23252696,15719743,206881,1322,"",0.59,0.34,0.34,0.34,0.25,0.27,0.22,0.74,"",0,0.0,-235,-14.8,-208,-13.4,-209,-13.4,-5322415,-18.6,-2929257,-15.7,8285,4.2,-77,-5.5
"20000","5","33451","57","0","2021","1","",45,1358,1348,1354,23252696,15719743,206881,1322,"",0.59,0.34,0.34,0.34,0.25,0.27,0.22,0.74,"",0,0.0,-235,-14.8,-208,-13.4,-209,-13.4,-5322415,-18.6,-2929257,-15.7,8285,4.2,-77,-5.5
"20000","5","334510","58","0","2021","1","",4,10,10,10,141365,90376,1894,1087,"",0.27,0.01,0.01,0.01,0.01,0.01,0.01,0.53,"N",1,33.3,0,0,0,0,0,0,0,0,0,0,0,0,0,0
"20000","5","334511","58","0","2021","1","",15,631,627,630,9965391,7165256,106639,1218,"",1.79,0.48,0.49,0.49,0.32,0.39,0.41,0.65,"",1,7.1,-37,-5.5,-37,-5.6,-40,-6.0,-2050958,-17.1,-733424,-9.3,865,0.8,-167,-12.1
"20000","5","334513","58","0","2021","1","",12,311,307,309,5572822,3597515,46378,1387,"",0.73,0.55,0.55,0.55,0.58,0.43,0.39,1.05,"",0,0.0,2,0.6,1,0.3,-4,-1.3,331378,6.3,27968,0.8,12656,37.5,84,6.4
"20000","5","334515","58","0","2021","1","N",5,0,0,0,0,0,0,0,"N",0.51,0,0,0,0,0,0,0,"N",-1,-16.7,0,0,0,0,0,0,0,0,0,0,0,0,0,0
"20000","5","334516","58","0","2021","1","N",3,0,0,0,0,0,0,0,"N",0.35,0,0,0,0,0,0,0,"N",0,0.0,0,0,0,0,0,0,0,0,0,0,0,0,0,0
"20000","5","334517","58","0","2021","1","N",1,0,0,0,0,0,0,0,"N",0.43,0,0,0,0,0,0,0,"N",0,0.0,0,0,0,0,0,0,0,0,0,0,0,0,0,0
"20000","5","334519","58","0","2021","1","",5,82,80,80,1101154,844921,12362,1050,"",0.49,0.25,0.25,0.25,0.17,0.20,0.16,0.68,"",-1,-16.7,-17,-17.2,-19,-19.2,-19,-19.2,-316910,-22.3,-198717,-19.0,-985,-7.4,-52,-4.7
"20000","5","3346","56","0","2021","1","N",2,0,0,0,0,0,0,0,"N",0.20,0,0,0,0,0,0,0,"N",1,100.0,0,0,0,0,0,0,0,0,0,0,0,0,0,0
"20000","5","33461","57","0","2021","1","N",2,0,0,0,0,0,0,0,"N",0.20,0,0,0,0,0,0,0,"N",1,100.0,0,0,0,0,0,0,0,0,0,0,0,0,0,0
"20000","5","334614","58","0","2021","1","N",2,0,0,0,0,0,0,0,"N",0.21,0,0,0,0,0,0,0,"N",1,100.0,0,0,0,0,0,0,0,0,0,0,0,0,0,0
"20000","5","335","55","0","2021","1","",50,3609,3629,3646,52244218,39388948,1003372,1108,"",0.70,0.98,0.99,0.99,0.99,0.86,1.36,1.00,"",1,2.0,-108,-2.9,-121,-3.2,-92,-2.5,-3789004,-6.8,-2158767,-5.2,48629,5.1,-46,-4.0
"20000","5","3351","56","0","2021","1","N",10,0,0,0,0,0,0,0,"N",0.70,0,0,0,0,0,0,0,"N",1,11.1,0,0,0,0,0,0,0,0,0,0,0,0,0,0
"20000","5","33511","57","0","2021","1","N",1,0,0,0,0,0,0,0,"N",0.63,0,0,0,0,0,0,0,"N",0,0.0,0,0,0,0,0,0,0,0,0,0,0,0,0,0
"20000","5","335110","58","0","2021","1","N",1,0,0,0,0,0,0,0,"N",0.63,0,0,0,0,0,0,0,"N",0,0.0,0,0,0,0,0,0,0,0,0,0,0,0,0,0
"20000","5","33512","57","0","2021","1","",9,294,289,300,6825090,3523158,231991,1784,"",0.71,0.89,0.89,0.92,1.60,0.95,3.10,1.78,"",1,12.5,23,8.5,16,5.9,29,10.7,791753,13.1,23292,0.7,9456,4.2,76,4.4
"20000","5","335121","58","0","2021","1","",6,261,257,268,6413116,3165993,224522,1883,"",1.64,3.47,3.45,3.57,6.90,3.94,11.58,1.97,"",1,20.0,27,11.5,22,9.4,34,14.5,917421,16.7,64427,2.1,8702,4.0,79,4.4
"20000","5","335122","58","0","2021","1","N",2,0,0,0,0,0,0,0,"N",0.32,0,0,0,0,0,0,0,"N",0,0.0,0,0,0,0,0,0,0,0,0,0,0,0,0,0
"20000","5","335129","58","0","2021","1","N",1,0,0,0,0,0,0,0,"N",0.35,0,0,0,0,0,0,0,"N",0,0.0,0,0,0,0,0,0,0,0,0,0,0,0,0,0
"20000","5","3352","56","0","2021","1","N",4,0,0,0,0,0,0,0,"N",0.82,0,0,0,0,0,0,0,"N",0,0.0,0,0,0,0,0,0,0,0,0,0,0,0,0,0
"20000","5","33521","57","0","2021","1","N",2,0,0,0,0,0,0,0,"N",0.78,0,0,0,0,0,0,0,"N",0,0.0,0,0,0,0,0,0,0,0,0,0,0,0,0,0
"20000","5","335210","58","0","2021","1","N",2,0,0,0,0,0,0,0,"N",0.78,0,0,0,0,0,0,0,"N",0,0.0,0,0,0,0,0,0,0,0,0,0,0,0,0,0
"20000","5","33522","57","0","2021","1","N",2,0,0,0,0,0,0,0,"N",0.88,0,0,0,0,0,0,0,"N",0,0.0,0,0,0,0,0,0,0,0,0,0,0,0,0,0
"20000","5","335220","58","0","2021","1","N",2,0,0,0,0,0,0,0,"N",0.88,0,0,0,0,0,0,0,"N",0,0.0,0,0,0,0,0,0,0,0,0,0,0,0,0,0
"20000","5","3353","56","0","2021","1","",19,1042,1053,1059,14449398,11002919,185692,1057,"",0.80,0.80,0.82,0.82,0.76,0.66,0.84,0.94,"",0,0.0,-11,-1.0,1,0.1,0,0.0,-1121363,-7.2,58951,0.5,26091,16.3,-79,-7.0
"20000","5","33531","57","0","2021","1","",19,1042,1053,1059,14449398,11002919,185692,1057,"",0.80,0.80,0.82,0.82,0.76,0.66,0.84,0.94,"",0,0.0,-11,-1.0,1,0.1,0,0.0,-1121363,-7.2,58951,0.5,26091,16.3,-79,-7.0
"20000","5","335311","58","0","2021","1","N",3,0,0,0,0,0,0,0,"N",0.69,0,0,0,0,0,0,0,"N",0,0.0,0,0,0,0,0,0,0,0,0,0,0,0,0,0
"20000","5","335312","58","0","2021","1","",5,206,211,219,4409383,2507158,59719,1600,"",0.92,0.62,0.63,0.65,0.95,0.57,0.92,1.49,"",0,0.0,-24,-10.4,-19,-8.3,-15,-6.4,-1533728,-25.8,-413626,-14.2,-1778,-2.9,-376,-19.0
"20000","5","335313","58","0","2021","1","N",4,0,0,0,0,0,0,0,"N",0.64,0,0,0,0,0,0,0,"N",0,0.0,0,0,0,0,0,0,0,0,0,0,0,0,0,0
"20000","5","335314","58","0","2021","1","",7,357,361,369,4604711,3821797,54110,978,"",0.90,0.90,0.92,0.94,0.72,0.70,0.79,0.78,"",0,0.0,87,32.2,89,32.7,100,37.2,1610789,53.8,1253197,48.8,29557,120.4,126,14.8
"20000","5","3359","56","0","2021","1","",17,2039,2053,2054,26755142,22559534,540278,1005,"",0.61,1.52,1.54,1.53,1.35,1.29,1.73,0.88,"",0,0.0,-167,-7.6,-182,-8.1,-159,-7.2,-3347947,-11.1,-2488679,-9.9,-3132,-0.6,-39,-3.7
"20000","5","33591","57","0","2021","1","",7,1334,1344,1343,16435146,15116322,350345,943,"",1.94,3.44,3.47,3.40,3.07,2.65,3.45,0.89,"",0,0.0,-97,-6.8,-74,-5.2,-62,-4.4,-1442631,-8.1,-1208250,-7.4,69516,24.8,-27,-2.8
"20000","5","335911","58","0","2021","1","N",6,0,0,0,0,0,0,0,"N",2.47,0,0,0,0,0,0,0,"N",0,0.0,0,0,0,0,0,0,0,0,0,0,0,0,0,0
"20000","5","335912","58","0","2021","1","N",1,0,0,0,0,0,0,0,"N",0.85,0,0,0,0,0,0,0,"N",0,0.0,0,0,0,0,0,0,0,0,0,0,0,0,0,0
"20000","5","33592","57","0","2021","1","N",2,0,0,0,0,0,0,0,"N",0.53,0,0,0,0,0,0,0,"N",0,0.0,0,0,0,0,0,0,0,0,0,0,0,0,0,0
"20000","5","335921","58","0","2021","1","N",1,0,0,0,0,0,0,0,"N",0.62,0,0,0,0,0,0,0,"N",0,0.0,0,0,0,0,0,0,0,0,0,0,0,0,0,0
"20000","5","335929","58","0","2021","1","N",1,0,0,0,0,0,0,0,"N",0.47,0,0,0,0,0,0,0,"N",0,0.0,0,0,0,0,0,0,0,0,0,0,0,0,0,0
"20000","5","33593","57","0","2021","1","",5,455,455,460,7616640,5223327,145130,1283,"",0.79,1.19,1.20,1.20,1.51,1.17,1.88,1.26,"",0,0.0,-47,-9.4,-87,-16.1,-75,-14.0,-1859948,-19.6,-1124661,-17.7,-83380,-36.5,-102,-7.4
"20000","5","335931","58","0","2021","1","N",4,0,0,0,0,0,0,0,"N",0.87,0,0,0,0,0,0,0,"N",0,0.0,0,0,0,0,0,0,0,0,0,0,0,0,0,0
"20000","5","335932","58","0","2021","1","N",1,0,0,0,0,0,0,0,"N",0.56,0,0,0,0,0,0,0,"N",0,0.0,0,0,0,0,0,0,0,0,0,0,0,0,0,0
"20000","5","33599","57","0","2021","1","N",3,0,0,0,0,0,0,0,"N",0.21,0,0,0,0,0,0,0,"N",0,0.0,0,0,0,0,0,0,0,0,0,0,0,0,0,0
"20000","5","335999","58","0","2021","1","N",3,0,0,0,0,0,0,0,"N",0.24,0,0,0,0,0,0,0,"N",0,0.0,0,0,0,0,0,0,0,0,0,0,0,0,0,0
"20000","5","336","55","0","2021","1","",244,30147,28953,29979,611317571,380050451,16045789,1584,"",1.86,1.93,1.86,1.92,2.59,1.95,4.46,1.36,"",-4,-1.6,-10296,-25.5,-10812,-27.2,-9377,-23.8,-197832966,-24.4,-120089614,-24.0,-710880,-4.2,22,1.4
"20000","5","3361","56","0","2021","1","N",8,0,0,0,0,0,0,0,"N",1.44,0,0,0,0,0,0,0,"N",1,14.3,0,0,0,0,0,0,0,0,0,0,0,0,0,0
"20000","5","33611","57","0","2021","1","N",3,0,0,0,0,0,0,0,"N",0.76,0,0,0,0,0,0,0,"N",0,0.0,0,0,0,0,0,0,0,0,0,0,0,0,0,0
"20000","5","336111","58","0","2021","1","N",3,0,0,0,0,0,0,0,"N",0.97,0,0,0,0,0,0,0,"N",0,0.0,0,0,0,0,0,0,0,0,0,0,0,0,0,0
"20000","5","33612","57","0","2021","1","",5,117,118,115,1302195,1112354,24274,859,"",3.08,0.36,0.36,0.35,0.31,0.27,0.21,0.88,"",1,25.0,5,4.5,-4,-3.3,-13,-10.2,-182193,-12.3,-153852,-12.2,721,3.1,-87,-9.2
"20000","5","336120","58","0","2021","1","",5,117,118,115,1302195,1112354,24274,859,"",3.08,0.36,0.36,0.35,0.31,0.27,0.21,0.88,"",1,25.0,5,4.5,-4,-3.3,-13,-10.2,-182193,-12.3,-153852,-12.2,721,3.1,-87,-9.2
"20000","5","3362","56","0","2021","1","",32,1415,1451,1465,15321002,13759792,275011,816,"",1.68,0.94,0.96,0.95,0.95,0.83,0.89,1.00,"",2,6.7,-308,-17.9,-296,-16.9,-264,-15.3,-3937945,-20.4,-3377787,-19.7,-1926,-0.7,-39,-4.6
"20000","5","33621","57","0","2021","1","",32,1415,1451,1465,15321002,13759792,275011,816,"",1.68,0.94,0.96,0.95,0.95,0.83,0.89,1.00,"",2,6.7,-308,-17.9,-296,-16.9,-264,-15.3,-3937945,-20.4,-3377787,-19.7,-1926,-0.7,-39,-4.6
"20000","5","336211","58","0","2021","1","",9,589,592,608,6851675,5879856,121428,884,"",1.29,1.16,1.17,1.19,1.27,1.01,1.00,1.08,"",1,12.5,-269,-31.4,-284,-32.4,-259,-29.9,-3770571,-35.5,-3276756,-35.8,-23303,-16.1,-58,-6.2
"20000","5","336212","58","0","2021","1","",11,508,530,533,5469153,4999797,111525,803,"",2.06,1.46,1.51,1.50,1.71,1.31,1.87,1.15,"",0,0.0,-87,-14.6,-67,-11.2,-59,-10.0,-435187,-7.4,-481348,-8.8,14042,14.4,39,5.1
"20000","5","336214","58","0","2021","1","",12,318,329,324,3000174,2880139,42058,713,"",1.90,0.68,0.70,0.67,0.56,0.55,0.49,0.83,"",1,9.1,48,17.8,55,20.1,54,20.0,267813,9.8,380317,15.2,7335,21.1,-62,-8.0
"20000","5","3363","56","0","2021","1","",33,2333,2272,2303,28411359,18243665,424837,949,"",0.69,0.44,0.44,0.44,0.47,0.32,0.33,1.07,"",0,0.0,103,4.6,13,0.6,62,2.8,1767288,6.6,-4252403,-18.9,12449,3.0,35,3.8
"20000","5","33631","57","0","2021","1","",7,220,221,226,2944161,2426035,55832,1019,"",0.91,0.41,0.41,0.42,0.44,0.41,0.45,1.05,"",0,0.0,56,34.1,55,33.1,59,35.3,671143,29.5,616863,34.1,26063,87.6,-36,-3.4
"20000","5","336310","58","0","2021","1","",7,220,221,226,2944161,2426035,55832,1019,"",0.91,0.41,0.41,0.42,0.44,0.41,0.45,1.05,"",0,0.0,56,34.1,55,33.1,59,35.3,671143,29.5,616863,34.1,26063,87.6,-36,-3.4
"20000","5","33632","57","0","2021","1","N",4,0,0,0,0,0,0,0,"N",0.61,0,0,0,0,0,0,0,"N",0,0.0,0,0,0,0,0,0,0,0,0,0,0,0,0,0
"20000","5","336320","58","0","2021","1","N",4,0,0,0,0,0,0,0,"N",0.61,0,0,0,0,0,0,0,"N",0,0.0,0,0,0,0,0,0,0,0,0,0,0,0,0,0
"20000","5","33635","57","0","2021","1","N",2,0,0,0,0,0,0,0,"N",0.40,0,0,0,0,0,0,0,"N",0,0.0,0,0,0,0,0,0,0,0,0,0,0,0,0,0
"20000","5","336350","58","0","2021","1","N",2,0,0,0,0,0,0,0,"N",0.40,0,0,0,0,0,0,0,"N",0,0.0,0,0,0,0,0,0,0,0,0,0,0,0,0,0
"20000","5","33636","57","0","2021","1","",8,527,543,550,5421950,5056920,121973,772,"",1.63,0.75,0.78,0.79,0.78,0.70,0.64,1.01,"",1,14.3,88,20.0,84,18.3,99,22.0,749735,16.0,837675,19.9,16639,15.8,-27,-3.4
"20000","5","336360","58","0","2021","1","",8,527,543,550,5421950,5056920,121973,772,"",1.63,0.75,0.78,0.79,0.78,0.70,0.64,1.01,"",1,14.3,88,20.0,84,18.3,99,22.0,749735,16.0,837675,19.9,16639,15.8,-27,-3.4
"20000","5","33639","57","0","2021","1","",12,1105,1026,1043,12340414,5275258,148618,897,"",0.81,0.78,0.73,0.74,0.82,0.34,0.44,1.09,"",-1,-7.7,66,6.4,-27,-2.6,4,0.4,860783,7.5,-4827400,-47.8,-28895,-16.3,51,6.0
"20000","5","336390","58","0","2021","1","",12,1105,1026,1043,12340414,5275258,148618,897,"",0.81,0.78,0.73,0.74,0.82,0.34,0.44,1.09,"",-1,-7.7,66,6.4,-27,-2.6,4,0.4,860783,7.5,-4827400,-47.8,-28895,-16.3,51,6.0
"20000","5","3364","56","0","2021","1","",152,23209,23583,23630,509729566,309132353,12940025,1670,"",5.06,5.05,5.16,5.19,5.16,4.28,14.61,1.01,"",-3,-1.9,-9879,-29.9,-8754,-27.1,-8321,-26.0,-171749350,-25.2,-107475555,-25.8,-607529,-4.5,55,3.4
"20000","5","33641","57","0","2021","1","",152,23209,23583,23630,509729566,309132353,12940025,1670,"",5.06,5.05,5.16,5.19,5.16,4.28,14.61,1.01,"",-3,-1.9,-9879,-29.9,-8754,-27.1,-8321,-26.0,-171749350,-25.2,-107475555,-25.8,-607529,-4.5,55,3.4
"20000","5","336411","58","0","2021","1","",18,17409,17745,17786,425874060,245059726,11531977,1856,"",2.53,8.43,8.59,8.69,9.06,6.22,29.57,1.06,"",0,0.0,-7297,-29.5,-6516,-26.9,-6266,-26.1,-137657384,-24.4,-82605990,-25.2,-585347,-4.8,75,4.2
"20000","5","336412","58","0","2021","1","N",11,0,0,0,0,0,0,0,"N",1.69,0,0,0,0,0,0,0,"N",0,0.0,0,0,0,0,0,0,0,0,0,0,0,0,0,0
"20000","5","336413","58","0","2021","1","N",123,0,0,0,0,0,0,0,"N",8.91,0,0,0,0,0,0,0,"N",-3,-2.4,0,0,0,0,0,0,0,0,0,0,0,0,0,0
"20000","5","3365","56","0","2021","1","",4,56,56,54,855674,648191,12114,1190,"",1.41,0.30,0.30,0.29,0.34,0.28,0.22,1.15,"",-2,-33.3,-15,-21.1,-14,-20.0,-15,-21.7,-200396,-19.0,-173144,-21.1,748,6.6,29,2.5
"20000","5","33651","57","0","2021","1","",4,56,56,54,855674,648191,12114,1190,"",1.41,0.30,0.30,0.29,0.34,0.28,0.22,1.15,"",-2,-33.3,-15,-21.1,-14,-20.0,-15,-21.7,-200396,-19.0,-173144,-21.1,748,6.6,29,2.5
"20000","5","336510","58","0","2021","1","",4,56,56,54,855674,648191,12114,1190,"",1.41,0.30,0.30,0.29,0.34,0.28,0.22,1.15,"",-2,-33.3,-15,-21.1,-14,-20.0,-15,-21.7,-200396,-19.0,-173144,-21.1,748,6.6,29,2.5
"20000","5","3366","56","0","2021","1","N",3,0,0,0,0,0,0,0,"N",0.18,0,0,0,0,0,0,0,"N",0,0.0,0,0,0,0,0,0,0,0,0,0,0,0,0,0
"20000","5","33661","57","0","2021","1","N",3,0,0,0,0,0,0,0,"N",0.18,0,0,0,0,0,0,0,"N",0,0.0,0,0,0,0,0,0,0,0,0,0,0,0,0,0
"20000","5","336612","58","0","2021","1","N",3,0,0,0,0,0,0,0,"N",0.34,0,0,0,0,0,0,0,"N",0,0.0,0,0,0,0,0,0,0,0,0,0,0,0,0,0
"20000","5","3369","56","0","2021","1","",12,178,178,180,2438635,1931445,40171,1050,"",1.28,0.51,0.51,0.51,0.53,0.46,0.36,1.03,"",-2,-14.3,-39,-18.0,-39,-18.0,-42,-18.9,-879225,-26.5,-406573,-17.4,-9901,-19.8,-117,-10.0
"20000","5","33699","57","0","2021","1","",12,178,178,180,2438635,1931445,40171,1050,"",1.28,0.51,0.51,0.51,0.53,0.46,0.36,1.03,"",-2,-14.3,-39,-18.0,-39,-18.0,-42,-18.9,-879225,-26.5,-406573,-17.4,-9901,-19.8,-117,-10.0
"20000","5","336991","58","0","2021","1","",4,19,19,20,244724,220066,4695,974,"",0.99,0.20,0.20,0.20,0.21,0.19,0.15,1.05,"",0,0.0,1,5.6,0,0.0,1,5.3,10774,4.6,8727,4.1,736,18.6,10,1.0
"20000","5","336999","58","0","2021","1","",8,159,159,160,2193911,1711379,35476,1059,"",1.71,0.93,0.93,0.93,1.00,0.79,0.76,1.07,"",-2,-20.0,-40,-20.1,-39,-19.7,-43,-21.2,-889999,-28.9,-415300,-19.5,-10637,-23.1,-127,-10.7
"20000","5","337","55","0","2021","1","",141,3268,3386,3377,32965454,28848220,529058,758,"",0.96,0.94,0.97,0.97,1.05,0.79,0.95,1.09,"",6,4.4,63,2.0,174,5.4,177,5.5,55736,0.2,259821,0.9,95947,22.2,-32,-4.1
"20000","5","3371","56","0","2021","1","",100,2458,2567,2570,23260654,21126976,368702,707,"",0.96,1.10,1.15,1.15,1.25,0.93,1.21,1.10,"",8,8.7,106,4.5,199,8.4,201,8.5,1093947,4.9,949971,4.7,87655,31.2,-15,-2.1
"20000","5","33711","57","0","2021","1","",74,2277,2366,2360,21734534,19646737,346783,716,"",1.11,2.03,2.10,2.08,2.30,1.68,1.99,1.11,"",2,2.8,106,4.9,181,8.3,177,8.1,962528,4.6,803920,4.3,83218,31.6,-17,-2.3
"20000","5","337110","58","0","2021","1","",74,2277,2366,2360,21734534,19646737,346783,716,"",1.11,2.03,2.10,2.08,2.30,1.68,1.99,1.11,"",2,2.8,106,4.9,181,8.3,177,8.1,962528,4.6,803920,4.3,83218,31.6,-17,-2.3
"20000","5","33712","57","0","2021","1","",26,181,201,210,1526120,1480239,21919,595,"",0.69,0.16,0.18,0.19,0.17,0.13,0.17,0.94,"",6,30.0,0,0.0,18,9.8,24,12.9,131419,9.4,146051,10.9,4437,25.4,10,1.7
"20000","5","337121","58","0","2021","1","N",1,0,0,0,0,0,0,0,"N",0.14,0,0,0,0,0,0,0,"N",0,0.0,0,0,0,0,0,0,0,0,0,0,0,0,0,0
"20000","5","337122","58","0","2021","1","",15,60,78,85,631117,623619,10701,653,"",0.72,0.22,0.29,0.32,0.30,0.24,0.27,1.07,"",4,36.4,21,53.8,39,100.0,46,117.9,333050,111.7,329321,111.9,4955,86.2,65,11.1
"20000","5","337124","58","0","2021","1","N",1,0,0,0,0,0,0,0,"N",0.36,0,0,0,0,0,0,0,"N",0,0.0,0,0,0,0,0,0,0,0,0,0,0,0,0,0
"20000","5","337127","58","0","2021","1","",9,81,82,84,667649,631110,9891,624,"",1.64,0.41,0.42,0.42,0.34,0.30,0.29,0.82,"",2,28.6,-19,-19.0,-20,-19.6,-21,-20.0,-206522,-23.6,-190017,-23.1,-976,-9.0,-33,-5.0
"20000","5","3372","56","0","2021","1","",35,513,520,514,6167769,4738924,107834,920,"",1.03,0.56,0.57,0.56,0.67,0.47,0.55,1.18,"",-2,-5.4,-80,-13.5,-64,-11.0,-61,-10.6,-1094170,-15.1,-793667,-14.3,3333,3.2,-37,-3.9
"20000","5","33721","57","0","2021","1","",35,513,520,514,6167769,4738924,107834,920,"",1.03,0.56,0.57,0.56,0.67,0.47,0.55,1.18,"",-2,-5.4,-80,-13.5,-64,-11.0,-61,-10.6,-1094170,-15.1,-793667,-14.3,3333,3.2,-37,-3.9
"20000","5","337211","58","0","2021","1","",5,46,48,50,511868,461652,9737,820,"",1.15,0.32,0.34,0.35,0.38,0.31,0.35,1.15,"",0,0.0,-11,-19.3,-5,-9.4,-5,-9.1,-4910,-1.0,-19616,-4.1,1849,23.4,97,13.4
"20000","5","337212","58","0","2021","1","",16,177,181,171,1809605,1616890,56508,789,"",1.06,0.76,0.78,0.73,0.76,0.61,0.99,1.00,"",-1,-5.9,-15,-7.8,-13,-6.7,-16,-8.6,-137603,-7.1,-140659,-8.0,7262,14.7,5,0.6
"20000","5","337214","58","0","2021","1","",5,66,68,69,950298,627585,15797,1080,"",1.45,0.34,0.37,0.37,0.43,0.29,0.38,1.18,"",-2,-28.6,-32,-32.7,-28,-29.2,-25,-26.6,-479138,-33.5,-356477,-36.2,-8101,-33.9,-65,-5.7
"20000","5","337215","58","0","2021","1","",9,224,223,224,2895998,2032797,25792,996,"",0.81,0.64,0.64,0.64,0.87,0.55,0.38,1.37,"",1,12.5,-22,-8.9,-18,-7.5,-15,-6.3,-472519,-14.0,-276915,-12.0,2323,9.9,-75,-7.0
"20000","5","3379","56","0","2021","1","",6,297,299,293,3537031,2982320,52522,918,"",0.73,0.87,0.88,0.86,1.00,0.80,0.92,1.15,"",0,0.0,37,14.2,39,15.0,37,14.5,55959,1.6,103517,3.6,4959,10.4,-117,-11.3
"20000","5","33791","57","0","2021","1","N",5,0,0,0,0,0,0,0,"N",1.11,0,0,0,0,0,0,0,"N",0,0.0,0,0,0,0,0,0,0,0,0,0,0,0,0,0
"20000","5","337910","58","0","2021","1","N",5,0,0,0,0,0,0,0,"N",1.11,0,0,0,0,0,0,0,"N",0,0.0,0,0,0,0,0,0,0,0,0,0,0,0,0,0
"20000","5","33792","57","0","2021","1","N",1,0,0,0,0,0,0,0,"N",0.27,0,0,0,0,0,0,0,"N",0,0.0,0,0,0,0,0,0,0,0,0,0,0,0,0,0
"20000","5","337920","58","0","2021","1","N",1,0,0,0,0,0,0,0,"N",0.27,0,0,0,0,0,0,0,"N",0,0.0,0,0,0,0,0,0,0,0,0,0,0,0,0,0
"20000","5","339","55","0","2021","1","",225,3813,3810,3818,47421068,35932083,664889,957,"",0.81,0.68,0.68,0.68,0.61,0.55,0.61,0.90,"",-7,-3.0,-73,-1.9,-89,-2.3,-145,-3.7,-3672222,-7.2,-2366379,-6.2,38457,6.1,-47,-4.7
"20000","5","3391","56","0","2021","1","",84,1408,1412,1411,18242131,13441296,198220,995,"",0.79,0.46,0.47,0.46,0.37,0.37,0.34,0.80,"",-4,-4.5,-4,-0.3,4,0.3,-36,-2.5,-968067,-5.0,-491339,-3.5,50277,34.0,-44,-4.2
"20000","5","33911","57","0","2021","1","",84,1408,1412,1411,18242131,13441296,198220,995,"",0.79,0.46,0.47,0.46,0.37,0.37,0.34,0.80,"",-4,-4.5,-4,-0.3,4,0.3,-36,-2.5,-968067,-5.0,-491339,-3.5,50277,34.0,-44,-4.2
"20000","5","339112","58","0","2021","1","",14,320,320,322,4955191,3326863,50331,1189,"",0.59,0.25,0.25,0.25,0.21,0.20,0.20,0.84,"",-1,-6.7,6,1.9,9,2.9,8,2.5,-300188,-5.7,-46133,-1.4,15748,45.5,-103,-8.0
"20000","5","339113","58","0","2021","1","",24,502,502,499,5592869,4304645,73655,859,"",0.88,0.51,0.51,0.51,0.35,0.36,0.39,0.68,"",0,0.0,16,3.3,21,4.4,-9,-1.8,-652589,-10.4,-166485,-3.7,10705,17.0,-118,-12.1
"20000","5","339114","58","0","2021","1","",3,8,8,8,285898,95921,3272,2749,"",0.53,0.05,0.05,0.05,0.14,0.05,0.09,2.49,"",0,0.0,1,14.3,1,14.3,-1,-11.1,138328,93.7,8913,10.2,-1112,-25.4,1268,85.6
"20000","5","339115","58","0","2021","1","",6,82,84,90,1207612,832292,17097,1089,"",1.17,0.37,0.39,0.41,0.37,0.37,0.44,0.94,"",0,0.0,-14,-14.6,-11,-11.6,-7,-7.2,-160422,-11.7,-175194,-17.4,7728,82.5,-7,-0.6
"20000","5","339116","58","0","2021","1","",37,496,498,492,6200561,4881575,53865,963,"",0.83,1.26,1.27,1.24,1.70,1.25,0.89,1.36,"",-3,-7.5,-13,-2.6,-16,-3.1,-27,-5.2,6804,0.1,-112440,-2.3,17208,46.9,36,3.9
"20000","5","3399","56","0","2021","1","",141,2405,2398,2407,29178937,22490787,466669,934,"",0.82,0.93,0.93,0.92,1.02,0.78,0.93,1.10,"",-3,-2.1,-69,-2.8,-93,-3.7,-109,-4.3,-2704155,-8.5,-1875040,-7.7,-11820,-2.5,-50,-5.1
"20000","5","33991","57","0","2021","1","N",4,0,0,0,0,0,0,0,"N",0.23,0,0,0,0,0,0,0,"N",-1,-20.0,0,0,0,0,0,0,0,0,0,0,0,0,0,0
"20000","5","339910","58","0","2021","1","N",4,0,0,0,0,0,0,0,"N",0.23,0,0,0,0,0,0,0,"N",-1,-20.0,0,0,0,0,0,0,0,0,0,0,0,0,0,0
"20000","5","33992","57","0","2021","1","",16,550,561,559,8565479,5908974,160220,1184,"",0.95,1.32,1.33,1.31,1.65,1.22,1.92,1.25,"",2,14.3,-39,-6.6,-22,-3.8,-30,-5.1,-684541,-7.4,-521510,-8.1,-18364,-10.3,-28,-2.3
"20000","5","339920","58","0","2021","1","",16,550,561,559,8565479,5908974,160220,1184,"",0.95,1.32,1.33,1.31,1.65,1.22,1.92,1.25,"",2,14.3,-39,-6.6,-22,-3.8,-30,-5.1,-684541,-7.4,-521510,-8.1,-18364,-10.3,-28,-2.3
"20000","5","33993","57","0","2021","1","N",3,0,0,0,0,0,0,0,"N",0.49,0,0,0,0,0,0,0,"N",-1,-25.0,0,0,0,0,0,0,0,0,0,0,0,0,0,0
"20000","5","339930","58","0","2021","1","N",3,0,0,0,0,0,0,0,"N",0.49,0,0,0,0,0,0,0,"N",-1,-25.0,0,0,0,0,0,0,0,0,0,0,0,0,0,0
"20000","5","33994","57","0","2021","1","",3,7,7,7,31212,31212,688,343,"",0.73,0.07,0.08,0.07,0.03,0.03,0.04,0.40,"",-1,-25.0,-7,-50.0,-7,-50.0,-7,-50.0,-43181,-58.0,-43181,-58.0,-187,-21.4,-66,-16.1
"20000","5","339940","58","0","2021","1","",3,7,7,7,31212,31212,688,343,"",0.73,0.07,0.08,0.07,0.03,0.03,0.04,0.40,"",-1,-25.0,-7,-50.0,-7,-50.0,-7,-50.0,-43181,-58.0,-43181,-58.0,-187,-21.4,-66,-16.1
"20000","5","33995","57","0","2021","1","",84,939,939,935,11511224,9364237,185961,944,"",1.39,1.40,1.41,1.39,1.85,1.31,1.68,1.32,"",-1,-1.2,-75,-7.4,-74,-7.3,-79,-7.8,-2068912,-15.2,-1397035,-13.0,-11019,-5.6,-87,-8.4
"20000","5","339950","58","0","2021","1","",84,939,939,935,11511224,9364237,185961,944,"",1.39,1.40,1.41,1.39,1.85,1.31,1.68,1.32,"",-1,-1.2,-75,-7.4,-74,-7.3,-79,-7.8,-2068912,-15.2,-1397035,-13.0,-11019,-5.6,-87,-8.4
"20000","5","33999","57","0","2021","1","",31,678,667,688,7231867,5660978,95235,821,"",0.46,0.61,0.60,0.61,0.58,0.45,0.42,0.95,"",-1,-3.1,38,5.9,-2,-0.3,2,0.3,90361,1.3,73838,1.3,8276,9.5,-5,-0.6
"20000","5","339991","58","0","2021","1","",4,46,48,48,570325,399760,6584,927,"",0.62,0.17,0.18,0.18,0.19,0.13,0.13,1.04,"",1,33.3,-9,-16.4,-9,-15.8,-6,-11.1,-152873,-21.1,-101435,-20.2,1415,27.4,-78,-7.8
"20000","5","339992","58","0","2021","1","",4,46,46,48,398507,379033,4818,657,"",0.74,0.45,0.45,0.46,0.33,0.34,0.16,0.73,"",0,0.0,-10,-17.9,-10,-17.9,-6,-11.1,17517,4.6,25597,7.2,1258,35.3,127,24.0
"20000","5","339993","58","0","2021","1","N",2,0,0,0,0,0,0,0,"N",1.25,0,0,0,0,0,0,0,"N",-1,-33.3,0,0,0,0,0,0,0,0,0,0,0,0,0,0
"20000","5","339994","58","0","2021","1","",5,187,184,187,2558282,1945169,39624,1058,"",2.82,2.33,2.31,2.33,3.02,2.14,3.32,1.30,"",0,0.0,-14,-7.0,-22,-10.7,-22,-10.5,-348663,-12.0,-239423,-11.0,2169,5.8,-31,-2.8
"20000","5","339995","58","0","2021","1","N",1,0,0,0,0,0,0,0,"N",1.15,0,0,0,0,0,0,0,"N",0,0.0,0,0,0,0,0,0,0,0,0,0,0,0,0,0
"20000","5","339999","58","0","2021","1","",15,393,383,399,3685205,2917468,44060,724,"",0.29,0.66,0.65,0.67,0.56,0.44,0.37,0.85,"",-1,-6.2,88,28.9,58,17.8,54,15.7,814324,28.4,565766,24.1,7875,21.8,45,6.6
"20000","5","42","54","0","2021","1","",7336,55012,54922,55140,1067306882,604674121,10509875,1492,"",1.45,1.04,1.04,1.04,1.18,0.92,1.01,1.14,"",-31,-0.4,-2115,-3.7,-2230,-3.9,-1829,-3.2,-33432757,-3.0,-23468932,-3.7,1950834,22.8,9,0.6
"20000","5","423","55","0","2021","1","",3805,29228,29266,29380,554396524,327542764,5883427,1456,"",1.49,1.00,1.01,1.00,1.13,0.89,1.02,1.13,"",57,1.5,-747,-2.5,-675,-2.3,-514,-1.7,-1110008,-0.2,-8930320,-2.7,1208223,25.8,29,2.0
"20000","5","4231","56","0","2021","1","",307,3255,3280,3274,41597170,31829400,536239,979,"",1.46,1.00,1.01,1.00,1.01,0.88,1.00,1.00,"",4,1.3,-125,-3.7,-66,-2.0,-84,-2.5,-2828853,-6.4,-2120079,-6.2,85081,18.9,-38,-3.7
"20000","5","42311","57","0","2021","1","",85,1234,1233,1257,17851656,12884143,233880,1106,"",1.47,1.06,1.07,1.08,1.09,0.94,1.30,1.01,"",1,1.2,-33,-2.6,-41,-3.2,-27,-2.1,-1022452,-5.4,-739146,-5.4,41273,21.4,-33,-2.9
"20000","5","423110","58","0","2021","1","",85,1234,1233,1257,17851656,12884143,233880,1106,"",1.47,1.06,1.07,1.08,1.09,0.94,1.30,1.01,"",1,1.2,-33,-2.6,-41,-3.2,-27,-2.1,-1022452,-5.4,-739146,-5.4,41273,21.4,-33,-2.9
"20000","5","42312","57","0","2021","1","",164,1610,1630,1604,19381614,15216794,241186,923,"",1.41,1.00,1.02,1.00,0.99,0.89,0.87,0.98,"",2,1.2,-151,-8.6,-88,-5.1,-110,-6.4,-2517986,-11.5,-1889825,-11.0,20503,9.3,-50,-5.1
"20000","5","423120","58","0","2021","1","",164,1610,1630,1604,19381614,15216794,241186,923,"",1.41,1.00,1.02,1.00,0.99,0.89,0.87,0.98,"",2,1.2,-151,-8.6,-88,-5.1,-110,-6.4,-2517986,-11.5,-1889825,-11.0,20503,9.3,-50,-5.1
"20000","5","42313","57","0","2021","1","",20,189,188,184,2374000,1888420,39300,977,"",1.04,0.65,0.65,0.63,0.71,0.58,0.76,1.11,"",1,5.3,46,32.2,45,31.5,37,25.2,529369,28.7,379663,25.2,16317,71.0,-6,-0.6
"20000","5","423130","58","0","2021","1","",20,189,188,184,2374000,1888420,39300,977,"",1.04,0.65,0.65,0.63,0.71,0.58,0.76,1.11,"",1,5.3,46,32.2,45,31.5,37,25.2,529369,28.7,379663,25.2,16317,71.0,-6,-0.6
"20000","5","42314","57","0","2021","1","",38,222,229,229,1989900,1840043,21873,675,"",2.21,1.09,1.14,1.12,1.06,0.86,0.80,0.95,"",0,0.0,13,6.2,18,8.5,16,7.5,182216,10.1,129229,7.6,6988,46.9,16,2.4
"20000","5","423140","58","0","2021","1","",38,222,229,229,1989900,1840043,21873,675,"",2.21,1.09,1.14,1.12,1.06,0.86,0.80,0.95,"",0,0.0,13,6.2,18,8.5,16,7.5,182216,10.1,129229,7.6,6988,46.9,16,2.4
"20000","5","4232","56","0","2021","1","",90,746,742,727,10791137,7139086,152494,1124,"",0.89,0.72,0.72,0.70,0.76,0.59,0.70,1.07,"",5,5.9,24,3.3,-2,-0.3,-15,-2.0,262920,2.5,553593,8.4,53175,53.5,24,2.2
"20000","5","42321","57","0","2021","1","",38,178,179,179,2939406,2060471,46064,1266,"",0.82,0.39,0.39,0.39,0.46,0.39,0.49,1.16,"",3,8.6,0,0.0,5,2.9,4,2.3,426012,16.9,231674,12.7,9369,25.5,165,15.0
"20000","5","423210","58","0","2021","1","",38,178,179,179,2939406,2060471,46064,1266,"",0.82,0.39,0.39,0.39,0.46,0.39,0.49,1.16,"",3,8.6,0,0.0,5,2.9,4,2.3,426012,16.9,231674,12.7,9369,25.5,165,15.0
"20000","5","42322","57","0","2021","1","",52,568,563,548,7851731,5078615,106430,1079,"",0.95,0.97,0.97,0.93,1.00,0.75,0.86,1.05,"",2,4.0,24,4.4,-7,-1.2,-19,-3.4,-163092,-2.0,321919,6.8,43806,70.0,-21,-1.9
"20000","5","423220","58","0","2021","1","",52,568,563,548,7851731,5078615,106430,1079,"",0.95,0.97,0.97,0.93,1.00,0.75,0.86,1.05,"",2,4.0,24,4.4,-7,-1.2,-19,-3.4,-163092,-2.0,321919,6.8,43806,70.0,-21,-1.9
"20000","5","4233","56","0","2021","1","",259,2257,2252,2264,44895584,25158084,520734,1530,"",1.34,0.98,0.98,0.98,1.38,0.90,1.12,1.41,"",12,4.9,-136,-5.7,-103,-4.4,-87,-3.7,-2405817,-5.1,-1419838,-5.3,45794,9.6,-8,-0.5
"20000","5","42331","57","0","2021","1","",89,849,847,833,16732815,9310187,152770,1527,"",1.19,0.82,0.82,0.80,1.10,0.72,0.82,1.36,"",3,3.5,-55,-6.1,-37,-4.2,-57,-6.4,1374065,8.9,-282553,-2.9,-4404,-2.8,204,15.4
"20000","5","423310","58","0","2021","1","",89,849,847,833,16732815,9310187,152770,1527,"",1.19,0.82,0.82,0.80,1.10,0.72,0.82,1.36,"",3,3.5,-55,-6.1,-37,-4.2,-57,-6.4,1374065,8.9,-282553,-2.9,-4404,-2.8,204,15.4
"20000","5","42332","57","0","2021","1","",71,601,598,602,12492790,6692580,136858,1601,"",1.36,1.02,1.03,1.02,1.68,0.99,1.03,1.64,"",6,9.2,-9,-1.5,-12,-2.0,0,0.0,-3047417,-19.6,-373856,-5.3,10112,8.0,-367,-18.6
"20000","5","423320","58","0","2021","1","",71,601,598,602,12492790,6692580,136858,1601,"",1.36,1.02,1.03,1.02,1.68,0.99,1.03,1.64,"",6,9.2,-9,-1.5,-12,-2.0,0,0.0,-3047417,-19.6,-373856,-5.3,10112,8.0,-367,-18.6
"20000","5","42333","57","0","2021","1","",37,507,511,516,10597484,5849621,159918,1594,"",1.24,1.32,1.35,1.35,1.80,1.26,1.75,1.34,"",3,8.8,-26,-4.9,-21,-3.9,-12,-2.3,8394,0.1,-164246,-2.7,35912,29.0,60,3.9
"20000","5","423330","58","0","2021","1","",37,507,511,516,10597484,5849621,159918,1594,"",1.24,1.32,1.35,1.35,1.80,1.26,1.75,1.34,"",3,8.8,-26,-4.9,-21,-3.9,-12,-2.3,8394,0.1,-164246,-2.7,35912,29.0,60,3.9
"20000","5","42339","57","0","2021","1","",62,300,296,313,5072495,3305696,71188,1288,"",1.74,1.02,1.01,1.05,1.28,0.91,1.27,1.25,"",0,0.0,-46,-13.3,-33,-10.0,-18,-5.4,-740859,-12.7,-599183,-15.3,4174,6.2,-46,-3.4
"20000","5","423390","58","0","2021","1","",62,300,296,313,5072495,3305696,71188,1288,"",1.74,1.02,1.01,1.05,1.28,0.91,1.27,1.25,"",0,0.0,-46,-13.3,-33,-10.0,-18,-5.4,-740859,-12.7,-599183,-15.3,4174,6.2,-46,-3.4
"20000","5","4234","56","0","2021","1","",896,4741,4726,4712,135749836,57700555,1168400,2209,"",1.66,0.74,0.74,0.73,0.89,0.65,0.78,1.20,"",6,0.7,-10,-0.2,-18,-0.4,-5,-0.1,8426885,6.6,675259,1.2,250918,27.3,142,6.9
"20000","5","42341","57","0","2021","1","",12,91,90,87,1686022,944469,14941,1452,"",1.18,0.78,0.78,0.74,0.77,0.53,0.51,1.01,"",-2,-14.3,-22,-19.5,-23,-20.4,-24,-21.6,232588,16.0,-213159,-18.4,402,2.8,457,45.9
"20000","5","423410","58","0","2021","1","",12,91,90,87,1686022,944469,14941,1452,"",1.18,0.78,0.78,0.74,0.77,0.53,0.51,1.01,"",-2,-14.3,-22,-19.5,-23,-20.4,-24,-21.6,232588,16.0,-213159,-18.4,402,2.8,457,45.9
"20000","5","42342","57","0","2021","1","",70,691,685,673,10449625,7532162,136911,1177,"",1.40,1.02,1.02,1.00,1.12,0.88,0.86,1.11,"",-2,-2.8,-96,-12.2,-102,-13.0,-112,-14.3,-1382760,-11.7,-1021015,-11.9,3364,2.5,19,1.6
"20000","5","423420","58","0","2021","1","",70,691,685,673,10449625,7532162,136911,1177,"",1.40,1.02,1.02,1.00,1.12,0.88,0.86,1.11,"",-2,-2.8,-96,-12.2,-102,-13.0,-112,-14.3,-1382760,-11.7,-1021015,-11.9,3364,2.5,19,1.6
"20000","5","42343","57","0","2021","1","",248,1142,1137,1155,36585853,14202902,358438,2459,"",1.96,0.56,0.56,0.57,0.57,0.47,0.68,1.02,"",1,0.4,29,2.6,26,2.3,56,5.1,2652293,7.8,404471,2.9,104030,40.9,102,4.3
"20000","5","423430","58","0","2021","1","",248,1142,1137,1155,36585853,14202902,358438,2459,"",1.96,0.56,0.56,0.57,0.57,0.47,0.68,1.02,"",1,0.4,29,2.6,26,2.3,56,5.1,2652293,7.8,404471,2.9,104030,40.9,102,4.3
"20000","5","42344","57","0","2021","1","",71,401,397,406,7065487,4708062,82962,1354,"",1.35,0.84,0.84,0.85,1.09,0.83,0.89,1.29,"",0,0.0,-71,-15.0,-54,-12.0,-60,-12.9,-1150338,-14.0,-835435,-15.1,152,0.2,-11,-0.8
"20000","5","423440","58","0","2021","1","",71,401,397,406,7065487,4708062,82962,1354,"",1.35,0.84,0.84,0.85,1.09,0.83,0.89,1.29,"",0,0.0,-71,-15.0,-54,-12.0,-60,-12.9,-1150338,-14.0,-835435,-15.1,152,0.2,-11,-0.8
"20000","5","42345","57","0","2021","1","",431,2025,2030,2002,73066244,26066189,500160,2784,"",1.75,0.78,0.79,0.77,1.20,0.72,0.87,1.54,"",11,2.6,206,11.3,212,11.7,214,12.0,8332211,12.9,2650501,11.3,137186,37.8,30,1.1
"20000","5","423450","58","0","2021","1","",431,2025,2030,2002,73066244,26066189,500160,2784,"",1.75,0.78,0.79,0.77,1.20,0.72,0.87,1.54,"",11,2.6,206,11.3,212,11.7,214,12.0,8332211,12.9,2650501,11.3,137186,37.8,30,1.1
"20000","5","42346","57","0","2021","1","",22,33,32,31,1064964,429186,8521,2560,"",1.16,0.15,0.15,0.14,0.31,0.17,0.18,2.08,"",-4,-15.4,-22,-40.0,-29,-47.5,-32,-50.8,-301491,-22.1,-107493,-20.0,-1295,-13.2,798,45.3
"20000","5","423460","58","0","2021","1","",22,33,32,31,1064964,429186,8521,2560,"",1.16,0.15,0.15,0.14,0.31,0.17,0.18,2.08,"",-4,-15.4,-22,-40.0,-29,-47.5,-32,-50.8,-301491,-22.1,-107493,-20.0,-1295,-13.2,798,45.3
"20000","5","42349","57","0","2021","1","",42,358,355,358,5831641,3817585,66467,1257,"",1.20,1.15,1.14,1.14,0.87,0.88,0.97,0.77,"",2,5.0,-34,-8.7,-48,-11.9,-47,-11.6,44382,0.8,-202611,-5.0,7079,11.9,144,12.9
"20000","5","423490","58","0","2021","1","",42,358,355,358,5831641,3817585,66467,1257,"",1.20,1.15,1.14,1.14,0.87,0.88,0.97,0.77,"",2,5.0,-34,-8.7,-48,-11.9,-47,-11.6,44382,0.8,-202611,-5.0,7079,11.9,144,12.9
"20000","5","4235","56","0","2021","1","",111,1199,1200,1206,24217709,13222885,264450,1550,"",1.21,1.03,1.04,1.03,1.41,0.93,1.19,1.37,"",-8,-6.7,-185,-13.4,-180,-13.0,-168,-12.2,1075417,4.6,-2296080,-14.8,40355,18.0,259,20.1
"20000","5","42351","57","0","2021","1","",103,1180,1180,1187,23903055,12994161,259529,1555,"",1.18,1.03,1.04,1.04,1.44,0.94,1.21,1.39,"",-7,-6.4,-182,-13.4,-178,-13.1,-166,-12.3,1153763,5.1,-2272996,-14.9,40649,18.6,266,20.6
"20000","5","423510","58","0","2021","1","",103,1180,1180,1187,23903055,12994161,259529,1555,"",1.18,1.03,1.04,1.04,1.44,0.94,1.21,1.39,"",-7,-6.4,-182,-13.4,-178,-13.1,-166,-12.3,1153763,5.1,-2272996,-14.9,40649,18.6,266,20.6
"20000","5","42352","57","0","2021","1","",8,19,20,19,314654,228724,4921,1252,"",1.88,0.77,0.82,0.77,0.53,0.74,0.74,0.68,"",-1,-11.1,-3,-13.6,-2,-9.1,-2,-9.5,-78346,-19.9,-23084,-9.2,-294,-5.6,-143,-10.3
"20000","5","423520","58","0","2021","1","",8,19,20,19,314654,228724,4921,1252,"",1.88,0.77,0.82,0.77,0.53,0.74,0.74,0.68,"",-1,-11.1,-3,-13.6,-2,-9.1,-2,-9.5,-78346,-19.9,-23084,-9.2,-294,-5.6,-143,-10.3
"20000","5","4236","56","0","2021","1","",424,2659,2662,2635,57449092,30971904,531422,1666,"",1.44,0.82,0.83,0.82,0.91,0.73,0.74,1.11,"",5,1.2,-47,-1.7,-44,-1.6,-49,-1.8,-1458078,-2.5,-515535,-1.6,105768,24.8,-13,-0.8
"20000","5","42361","57","0","2021","1","",216,1447,1452,1432,29668034,16543390,288952,1581,"",1.50,0.88,0.89,0.87,1.05,0.78,0.89,1.19,"",-4,-1.8,20,1.4,14,1.0,9,0.6,399575,1.4,105863,0.6,77239,36.5,6,0.4
"20000","5","423610","58","0","2021","1","",216,1447,1452,1432,29668034,16543390,288952,1581,"",1.50,0.88,0.89,0.87,1.05,0.78,0.89,1.19,"",-4,-1.8,20,1.4,14,1.0,9,0.6,399575,1.4,105863,0.6,77239,36.5,6,0.4
"20000","5","42362","57","0","2021","1","",57,432,429,431,9154955,5005579,58661,1635,"",1.64,1.42,1.42,1.41,1.31,1.22,0.75,0.92,"",7,14.0,2,0.5,9,2.1,8,1.9,-184099,-2.0,240182,5.0,8672,17.3,-58,-3.4
"20000","5","423620","58","0","2021","1","",57,432,429,431,9154955,5005579,58661,1635,"",1.64,1.42,1.42,1.41,1.31,1.22,0.75,0.92,"",7,14.0,2,0.5,9,2.1,8,1.9,-184099,-2.0,240182,5.0,8672,17.3,-58,-3.4
"20000","5","42369","57","0","2021","1","",151,780,781,772,18626103,9422935,183809,1842,"",1.29,0.61,0.62,0.61,0.67,0.54,0.59,1.10,"",2,1.3,-69,-8.1,-67,-7.9,-66,-7.9,-1673554,-8.2,-861580,-8.4,19857,12.1,-6,-0.3
"20000","5","423690","58","0","2021","1","",151,780,781,772,18626103,9422935,183809,1842,"",1.29,0.61,0.62,0.61,0.67,0.54,0.59,1.10,"",2,1.3,-69,-8.1,-67,-7.9,-66,-7.9,-1673554,-8.2,-861580,-8.4,19857,12.1,-6,-0.3
"20000","5","4237","56","0","2021","1","",299,2403,2412,2427,51582825,29075426,513257,1644,"",1.42,0.90,0.91,0.91,1.32,0.89,1.09,1.45,"",4,1.4,25,1.1,8,0.3,23,1.0,3906429,8.2,341417,1.2,121376,31.0,113,7.4
"20000","5","42371","57","0","2021","1","",84,401,407,415,7647770,4209280,74229,1443,"",1.29,0.49,0.50,0.50,0.71,0.43,0.52,1.43,"",1,1.2,-16,-3.8,-8,-1.9,4,1.0,750159,10.9,1070,0.0,13344,21.9,162,12.6
"20000","5","423710","58","0","2021","1","",84,401,407,415,7647770,4209280,74229,1443,"",1.29,0.49,0.50,0.50,0.71,0.43,0.52,1.43,"",1,1.2,-16,-3.8,-8,-1.9,4,1.0,750159,10.9,1070,0.0,13344,21.9,162,12.6
"20000","5","42372","57","0","2021","1","",106,1024,1022,1025,20242695,12683694,195125,1521,"",1.34,1.01,1.02,1.01,1.35,0.98,1.10,1.34,"",2,1.9,24,2.4,8,0.8,5,0.5,1576492,8.4,263658,2.1,48100,32.7,101,7.1
"20000","5","423720","58","0","2021","1","",106,1024,1022,1025,20242695,12683694,195125,1521,"",1.34,1.01,1.02,1.01,1.35,0.98,1.10,1.34,"",2,1.9,24,2.4,8,0.8,5,0.5,1576492,8.4,263658,2.1,48100,32.7,101,7.1
"20000","5","42373","57","0","2021","1","",80,806,807,813,19822351,10109392,193970,1886,"",1.52,1.17,1.18,1.18,1.71,1.18,1.54,1.45,"",-2,-2.4,20,2.5,6,0.7,13,1.6,1391820,7.6,130177,1.3,54583,39.2,104,5.8
"20000","5","423730","58","0","2021","1","",80,806,807,813,19822351,10109392,193970,1886,"",1.52,1.17,1.18,1.18,1.71,1.18,1.54,1.45,"",-2,-2.4,20,2.5,6,0.7,13,1.6,1391820,7.6,130177,1.3,54583,39.2,104,5.8
"20000","5","42374","57","0","2021","1","",29,172,176,174,3870009,2073060,49933,1711,"",2.11,1.27,1.31,1.29,2.10,1.27,1.98,1.62,"",3,11.5,-3,-1.7,2,1.1,1,0.6,187958,5.1,-53488,-2.5,5349,12.0,83,5.1
"20000","5","423740","58","0","2021","1","",29,172,176,174,3870009,2073060,49933,1711,"",2.11,1.27,1.31,1.29,2.10,1.27,1.98,1.62,"",3,11.5,-3,-1.7,2,1.1,1,0.6,187958,5.1,-53488,-2.5,5349,12.0,83,5.1
"20000","5","4238","56","0","2021","1","",1140,10254,10265,10386,162198466,114922623,1867586,1211,"",1.92,1.59,1.60,1.61,1.71,1.40,1.65,1.07,"",12,1.1,-397,-3.7,-345,-3.3,-225,-2.1,-11411564,-6.6,-5325727,-4.4,444268,31.2,-46,-3.7
"20000","5","42381","57","0","2021","1","",71,1065,1062,1085,18343568,12097803,199773,1318,"",1.54,1.23,1.24,1.26,1.33,1.01,1.33,1.07,"",-2,-2.7,-7,-0.7,-3,-0.3,13,1.2,-2194890,-10.7,-879444,-6.8,34050,20.5,-159,-10.8
"20000","5","423810","58","0","2021","1","",71,1065,1062,1085,18343568,12097803,199773,1318,"",1.54,1.23,1.24,1.26,1.33,1.01,1.33,1.07,"",-2,-2.7,-7,-0.7,-3,-0.3,13,1.2,-2194890,-10.7,-879444,-6.8,34050,20.5,-159,-10.8
"20000","5","42382","57","0","2021","1","",275,3505,3480,3533,50827516,38297108,514489,1115,"",3.74,3.57,3.58,3.58,4.31,3.15,4.22,1.20,"",6,2.2,72,2.1,77,2.3,67,1.9,703486,1.4,565912,1.5,189957,58.5,-8,-0.7
"20000","5","423820","58","0","2021","1","",275,3505,3480,3533,50827516,38297108,514489,1115,"",3.74,3.57,3.58,3.58,4.31,3.15,4.22,1.20,"",6,2.2,72,2.1,77,2.3,67,1.9,703486,1.4,565912,1.5,189957,58.5,-8,-0.7
"20000","5","42383","57","0","2021","1","",482,3592,3627,3640,60714601,41821146,787133,1290,"",1.68,1.24,1.27,1.26,1.33,1.11,1.41,1.06,"",-5,-1.0,-282,-7.3,-235,-6.1,-219,-5.7,-5997289,-9.0,-2855302,-6.4,148317,23.2,-38,-2.9
"20000","5","423830","58","0","2021","1","",482,3592,3627,3640,60714601,41821146,787133,1290,"",1.68,1.24,1.27,1.26,1.33,1.11,1.41,1.06,"",-5,-1.0,-282,-7.3,-235,-6.1,-219,-5.7,-5997289,-9.0,-2855302,-6.4,148317,23.2,-38,-2.9
"20000","5","42384","57","0","2021","1","",181,917,924,926,15183906,10506897,177944,1266,"",1.78,1.00,1.01,1.01,1.18,0.93,1.07,1.17,"",3,1.7,-46,-4.8,-34,-3.5,-38,-3.9,-1436978,-8.6,-614894,-5.5,42620,31.5,-63,-4.7
"20000","5","423840","58","0","2021","1","",181,917,924,926,15183906,10506897,177944,1266,"",1.78,1.00,1.01,1.01,1.18,0.93,1.07,1.17,"",3,1.7,-46,-4.8,-34,-3.5,-38,-3.9,-1436978,-8.6,-614894,-5.5,42620,31.5,-63,-4.7
"20000","5","42385","57","0","2021","1","",59,597,587,608,8245844,6203109,99322,1062,"",1.14,1.17,1.16,1.20,1.45,1.10,1.22,1.23,"",1,1.7,-33,-5.2,-49,-7.7,30,5.2,-662933,-7.4,-424071,-6.4,20607,26.2,-53,-4.8
"20000","5","423850","58","0","2021","1","",59,597,587,608,8245844,6203109,99322,1062,"",1.14,1.17,1.16,1.20,1.45,1.10,1.22,1.23,"",1,1.7,-33,-5.2,-49,-7.7,30,5.2,-662933,-7.4,-424071,-6.4,20607,26.2,-53,-4.8
"20000","5","42386","57","0","2021","1","",72,578,585,594,8883031,5996560,88925,1167,"",2.10,1.92,1.94,1.98,1.67,1.69,1.58,0.86,"",9,14.3,-101,-14.9,-101,-14.7,-78,-11.6,-1822960,-17.0,-1117928,-15.7,8717,10.9,-46,-3.8
"20000","5","423860","58","0","2021","1","",72,578,585,594,8883031,5996560,88925,1167,"",2.10,1.92,1.94,1.98,1.67,1.69,1.58,0.86,"",9,14.3,-101,-14.9,-101,-14.7,-78,-11.6,-1822960,-17.0,-1117928,-15.7,8717,10.9,-46,-3.8
"20000","5","4239","56","0","2021","1","",279,1714,1727,1749,25914705,17522801,328845,1152,"",0.88,0.63,0.64,0.64,0.74,0.58,0.65,1.16,"",17,6.5,104,6.5,75,4.5,96,5.8,3322653,14.7,1176670,7.2,61488,23.0,91,8.6
"20000","5","42391","57","0","2021","1","",79,749,764,768,12311699,8085740,157303,1246,"",1.29,1.33,1.35,1.34,1.55,1.26,1.55,1.16,"",15,23.4,167,28.7,172,29.1,157,25.7,3166544,34.6,1671306,26.1,44609,39.6,64,5.4
"20000","5","423910","58","0","2021","1","",79,749,764,768,12311699,8085740,157303,1246,"",1.29,1.33,1.35,1.34,1.55,1.26,1.55,1.16,"",15,23.4,167,28.7,172,29.1,157,25.7,3166544,34.6,1671306,26.1,44609,39.6,64,5.4
"20000","5","42392","57","0","2021","1","",14,37,37,42,445648,314593,4033,887,"",0.68,0.19,0.20,0.22,0.14,0.13,0.08,0.70,"",-1,-6.7,-11,-22.9,-13,-26.0,-7,-14.3,-71478,-13.8,-81349,-20.5,-428,-9.6,75,9.2
"20000","5","423920","58","0","2021","1","",14,37,37,42,445648,314593,4033,887,"",0.68,0.19,0.20,0.22,0.14,0.13,0.08,0.70,"",-1,-6.7,-11,-22.9,-13,-26.0,-7,-14.3,-71478,-13.8,-81349,-20.5,-428,-9.6,75,9.2
"20000","5","42393","57","0","2021","1","",80,586,580,585,7261606,5799497,103395,957,"",1.26,0.66,0.65,0.65,0.77,0.60,0.68,1.17,"",-2,-2.4,-59,-9.1,-85,-12.8,-65,-10.0,-865322,-10.6,-599097,-9.4,6879,7.1,0,0.0
"20000","5","423930","58","0","2021","1","",80,586,580,585,7261606,5799497,103395,957,"",1.26,0.66,0.65,0.65,0.77,0.60,0.68,1.17,"",-2,-2.4,-59,-9.1,-85,-12.8,-65,-10.0,-865322,-10.6,-599097,-9.4,6879,7.1,0,0.0
"20000","5","42394","57","0","2021","1","",23,52,58,60,625546,453457,6827,849,"",0.40,0.18,0.20,0.20,0.17,0.15,0.11,0.89,"",3,15.0,-1,-1.9,-3,-4.9,-5,-7.7,65648,11.7,4124,0.9,2510,58.1,127,17.6
"20000","5","423940","58","0","2021","1","",23,52,58,60,625546,453457,6827,849,"",0.40,0.18,0.20,0.20,0.17,0.15,0.11,0.89,"",3,15.0,-1,-1.9,-3,-4.9,-5,-7.7,65648,11.7,4124,0.9,2510,58.1,127,17.6
"20000","5","42399","57","0","2021","1","",83,290,288,294,5270206,2869514,57287,1395,"",0.73,0.38,0.38,0.38,0.49,0.33,0.42,1.30,"",2,2.5,8,2.8,4,1.4,16,5.8,1027261,24.2,181686,6.8,7918,16.0,235,20.3
"20000","5","423990","58","0","2021","1","",83,290,288,294,5270206,2869514,57287,1395,"",0.73,0.38,0.38,0.38,0.49,0.33,0.42,1.30,"",2,2.5,8,2.8,4,1.4,16,5.8,1027261,24.2,181686,6.8,7918,16.0,235,20.3
"20000","5","424","55","0","2021","1","",2260,22270,22172,22344,415189573,235815186,3778647,1435,"",1.60,1.15,1.15,1.15,1.33,1.01,1.03,1.16,"",16,0.7,-1059,-4.5,-1215,-5.2,-964,-4.1,-30499452,-6.8,-11254126,-4.6,693397,22.5,-34,-2.3
"20000","5","4241","56","0","2021","1","",115,966,960,936,15883841,9270806,157101,1281,"",1.37,0.87,0.87,0.85,1.02,0.71,0.75,1.17,"",-3,-2.5,-95,-9.0,-90,-8.6,-118,-11.2,-1315689,-7.6,-728556,-7.3,-2348,-1.5,27,2.2
"20000","5","42411","57","0","2021","1","",23,167,159,136,2404894,1586631,33873,1201,"",1.86,1.53,1.47,1.28,1.15,1.11,1.33,0.81,"",-2,-8.0,-53,-24.1,-53,-25.0,-87,-39.0,-1083030,-31.1,-807977,-33.7,-15869,-31.9,-28,-2.3
"20000","5","424110","58","0","2021","1","",23,167,159,136,2404894,1586631,33873,1201,"",1.86,1.53,1.47,1.28,1.15,1.11,1.33,0.81,"",-2,-8.0,-53,-24.1,-53,-25.0,-87,-39.0,-1083030,-31.1,-807977,-33.7,-15869,-31.9,-28,-2.3
"20000","5","42412","57","0","2021","1","",44,558,561,559,6137369,4527169,84714,844,"",1.48,1.38,1.40,1.40,1.54,1.19,1.27,1.10,"",4,10.0,-77,-12.1,-75,-11.8,-71,-11.3,-1665708,-21.3,-558858,-11.0,-1918,-2.2,-103,-10.9
"20000","5","424120","58","0","2021","1","",44,558,561,559,6137369,4527169,84714,844,"",1.48,1.38,1.40,1.40,1.54,1.19,1.27,1.10,"",4,10.0,-77,-12.1,-75,-11.8,-71,-11.3,-1665708,-21.3,-558858,-11.0,-1918,-2.2,-103,-10.9
"20000","5","42413","57","0","2021","1","",48,241,240,241,7341578,3157006,38514,2347,"",1.14,0.41,0.41,0.41,0.77,0.40,0.33,1.89,"",-5,-9.4,35,17.0,38,18.8,40,19.9,1433049,24.3,638279,25.3,15439,66.9,108,4.8
"20000","5","424130","58","0","2021","1","",48,241,240,241,7341578,3157006,38514,2347,"",1.14,0.41,0.41,0.41,0.77,0.40,0.33,1.89,"",-5,-9.4,35,17.0,38,18.8,40,19.9,1433049,24.3,638279,25.3,15439,66.9,108,4.8
"20000","5","4242","56","0","2021","1","",306,2016,1983,2002,84032737,25826346,581823,3231,"",1.72,0.89,0.88,0.87,1.15,0.78,1.03,1.31,"",8,2.7,-151,-7.0,-178,-8.2,-150,-7.0,-13485440,-13.8,-1870620,-6.8,85175,17.1,-242,-7.0
"20000","5","42421","57","0","2021","1","",306,2016,1983,2002,84032737,25826346,581823,3231,"",1.72,0.89,0.88,0.87,1.15,0.78,1.03,1.31,"",8,2.7,-151,-7.0,-178,-8.2,-150,-7.0,-13485440,-13.8,-1870620,-6.8,85175,17.1,-242,-7.0
"20000","5","424210","58","0","2021","1","",306,2016,1983,2002,84032737,25826346,581823,3231,"",1.72,0.89,0.88,0.87,1.15,0.78,1.03,1.31,"",8,2.7,-151,-7.0,-178,-8.2,-150,-7.0,-13485440,-13.8,-1870620,-6.8,85175,17.1,-242,-7.0
"20000","5","4243","56","0","2021","1","",88,1071,1102,1084,16347655,10510442,220129,1158,"",0.68,0.86,0.89,0.87,0.84,0.75,0.73,0.96,"",3,3.5,-122,-10.2,-77,-6.5,-128,-10.6,-1950637,-10.7,-1438089,-12.0,-2464,-1.1,-20,-1.7
"20000","5","42431","57","0","2021","1","",17,114,113,115,2261541,1208693,12280,1526,"",0.56,0.55,0.54,0.55,0.95,0.53,0.30,1.73,"",0,0.0,-21,-15.6,-20,-15.0,-26,-18.4,-296065,-11.6,-268126,-18.2,-914,-6.9,83,5.8
"20000","5","424310","58","0","2021","1","",17,114,113,115,2261541,1208693,12280,1526,"",0.56,0.55,0.54,0.55,0.95,0.53,0.30,1.73,"",0,0.0,-21,-15.6,-20,-15.0,-26,-18.4,-296065,-11.6,-268126,-18.2,-914,-6.9,83,5.8
"20000","5","42432","57","0","2021","1","",17,262,260,261,3507036,2446496,54498,1034,"",0.73,1.06,1.06,1.06,1.03,0.93,1.06,0.98,"",-2,-10.5,-53,-16.8,-45,-14.8,-52,-16.6,-1139772,-24.5,-695618,-22.1,-7762,-12.5,-115,-10.0
"20000","5","424320","58","0","2021","1","",17,262,260,261,3507036,2446496,54498,1034,"",0.73,1.06,1.06,1.06,1.03,0.93,1.06,0.98,"",-2,-10.5,-53,-16.8,-45,-14.8,-52,-16.6,-1139772,-24.5,-695618,-22.1,-7762,-12.5,-115,-10.0
"20000","5","42433","57","0","2021","1","",31,598,635,613,8227579,5534272,140657,1029,"",0.51,1.03,1.10,1.06,0.84,0.87,0.89,0.79,"",-1,-3.1,-64,-9.7,-25,-3.8,-64,-9.5,-402284,-4.7,-710101,-11.4,5354,4.0,33,3.3
"20000","5","424330","58","0","2021","1","",31,598,635,613,8227579,5534272,140657,1029,"",0.51,1.03,1.10,1.06,0.84,0.87,0.89,0.79,"",-1,-3.1,-64,-9.7,-25,-3.8,-64,-9.5,-402284,-4.7,-710101,-11.4,5354,4.0,33,3.3
"20000","5","42434","57","0","2021","1","",23,97,94,95,2351499,1320981,12694,1897,"",1.53,0.45,0.44,0.45,0.58,0.50,0.24,1.31,"",6,35.3,16,19.8,13,16.0,14,17.3,-112516,-4.6,235756,21.7,858,7.2,-443,-18.9
"20000","5","424340","58","0","2021","1","",23,97,94,95,2351499,1320981,12694,1897,"",1.53,0.45,0.44,0.45,0.58,0.50,0.24,1.31,"",6,35.3,16,19.8,13,16.0,14,17.3,-112516,-4.6,235756,21.7,858,7.2,-443,-18.9
"20000","5","4244","56","0","2021","1","",370,4593,4602,4596,75661661,49453981,718082,1266,"",0.99,0.66,0.66,0.66,0.86,0.61,0.56,1.30,"",0,0.0,-46,-1.0,-70,-1.5,-30,-0.6,1919440,2.6,-1549793,-3.0,143627,25.0,45,3.7
"20000","5","42441","57","0","2021","1","",39,1766,1748,1743,29770921,19510416,269296,1307,"",0.66,0.81,0.81,0.80,1.12,0.75,0.68,1.39,"",-2,-4.9,-152,-7.9,-182,-9.4,-172,-9.0,-1979811,-6.2,-2609953,-11.8,51484,23.6,36,2.8
"20000","5","424410","58","0","2021","1","",39,1766,1748,1743,29770921,19510416,269296,1307,"",0.66,0.81,0.81,0.80,1.12,0.75,0.68,1.39,"",-2,-4.9,-152,-7.9,-182,-9.4,-172,-9.0,-1979811,-6.2,-2609953,-11.8,51484,23.6,36,2.8
"20000","5","42442","57","0","2021","1","",39,250,258,244,4370589,2867670,43269,1341,"",1.87,0.86,0.89,0.84,1.08,0.86,0.83,1.25,"",0,0.0,38,17.9,44,20.6,42,20.8,920469,26.7,501539,21.2,5638,15.0,73,5.8
"20000","5","424420","58","0","2021","1","",39,250,258,244,4370589,2867670,43269,1341,"",1.87,0.86,0.89,0.84,1.08,0.86,0.83,1.25,"",0,0.0,38,17.9,44,20.6,42,20.8,920469,26.7,501539,21.2,5638,15.0,73,5.8
"20000","5","42443","57","0","2021","1","",27,104,108,107,1610702,1318239,18859,1165,"",1.23,0.35,0.37,0.36,0.42,0.36,0.32,1.16,"",-2,-6.9,-13,-11.1,3,2.9,1,0.9,-317165,-16.5,-231721,-15.0,-3608,-16.1,-191,-14.1
"20000","5","424430","58","0","2021","1","",27,104,108,107,1610702,1318239,18859,1165,"",1.23,0.35,0.37,0.36,0.42,0.36,0.32,1.16,"",-2,-6.9,-13,-11.1,3,2.9,1,0.9,-317165,-16.5,-231721,-15.0,-3608,-16.1,-191,-14.1
"20000","5","42444","57","0","2021","1","",7,9,9,9,333100,120881,2367,2847,"",1.23,0.09,0.09,0.09,0.29,0.10,0.15,3.40,"",2,40.0,0,0.0,1,12.5,0,0.0,124932,60.0,23096,23.6,790,50.1,999,54.1
"20000","5","424440","58","0","2021","1","",7,9,9,9,333100,120881,2367,2847,"",1.23,0.09,0.09,0.09,0.29,0.10,0.15,3.40,"",2,40.0,0,0.0,1,12.5,0,0.0,124932,60.0,23096,23.6,790,50.1,999,54.1
"20000","5","42445","57","0","2021","1","",34,454,456,464,6985000,4921817,57970,1173,"",1.11,0.84,0.85,0.86,1.02,0.78,0.60,1.20,"",-1,-2.9,72,18.8,70,18.1,61,15.1,1494523,27.2,860490,21.2,17436,43.0,91,8.4
"20000","5","424450","58","0","2021","1","",34,454,456,464,6985000,4921817,57970,1173,"",1.11,0.84,0.85,0.86,1.02,0.78,0.60,1.20,"",-1,-2.9,72,18.8,70,18.1,61,15.1,1494523,27.2,860490,21.2,17436,43.0,91,8.4
"20000","5","42446","57","0","2021","1","",7,6,6,6,418254,101673,2002,5362,"",0.31,0.03,0.03,0.03,0.17,0.04,0.05,6.65,"",0,0.0,1,20.0,2,50.0,2,50.0,177295,73.6,49239,93.9,998,99.4,1085,25.4
"20000","5","424460","58","0","2021","1","",7,6,6,6,418254,101673,2002,5362,"",0.31,0.03,0.03,0.03,0.17,0.04,0.05,6.65,"",0,0.0,1,20.0,2,50.0,2,50.0,177295,73.6,49239,93.9,998,99.4,1085,25.4
"20000","5","42447","57","0","2021","1","",29,185,189,188,3875514,2102158,34798,1591,"",1.17,0.44,0.46,0.45,0.77,0.45,0.49,1.70,"",3,11.5,7,3.9,5,2.7,7,3.9,676230,21.1,191033,10.0,13626,64.4,231,17.0
"20000","5","424470","58","0","2021","1","",29,185,189,188,3875514,2102158,34798,1591,"",1.17,0.44,0.46,0.45,0.77,0.45,0.49,1.70,"",3,11.5,7,3.9,5,2.7,7,3.9,676230,21.1,191033,10.0,13626,64.4,231,17.0
"20000","5","42448","57","0","2021","1","",14,324,325,331,4865298,3355448,39537,1146,"",0.34,0.39,0.39,0.40,0.55,0.39,0.25,1.39,"",-1,-6.7,-24,-6.9,-7,-2.1,5,1.5,510957,11.7,28648,0.9,1225,3.2,147,14.7
"20000","5","424480","58","0","2021","1","",14,324,325,331,4865298,3355448,39537,1146,"",0.34,0.39,0.39,0.40,0.55,0.39,0.25,1.39,"",-1,-6.7,-24,-6.9,-7,-2.1,5,1.5,510957,11.7,28648,0.9,1225,3.2,147,14.7
"20000","5","42449","57","0","2021","1","",174,1495,1503,1504,23432283,15155679,249984,1201,"",1.17,0.71,0.72,0.72,0.80,0.62,0.65,1.11,"",1,0.6,25,1.7,-6,-0.4,24,1.6,312010,1.3,-362164,-2.3,56038,28.9,4,0.3
"20000","5","424490","58","0","2021","1","",174,1495,1503,1504,23432283,15155679,249984,1201,"",1.17,0.71,0.72,0.72,0.80,0.62,0.65,1.11,"",1,0.6,25,1.7,-6,-0.4,24,1.6,312010,1.3,-362164,-2.3,56038,28.9,4,0.3
"20000","5","4245","56","0","2021","1","",410,5370,5291,5401,71317413,48752963,615642,1025,"",7.44,8.43,8.51,8.51,11.52,7.18,8.70,1.36,"",-5,-1.2,-210,-3.8,-297,-5.3,-74,-1.4,1624527,2.3,-31199,-0.1,166728,37.1,59,6.1
"20000","5","42451","57","0","2021","1","",348,3672,3651,3682,52408778,37189827,475782,1099,"",10.66,9.86,9.99,9.93,12.31,7.74,10.56,1.24,"",-6,-1.7,-131,-3.4,-137,-3.6,-64,-1.7,2093581,4.2,135631,0.4,132125,38.4,75,7.3
"20000","5","424510","58","0","2021","1","",348,3672,3651,3682,52408778,37189827,475782,1099,"",10.66,9.86,9.99,9.93,12.31,7.74,10.56,1.24,"",-6,-1.7,-131,-3.4,-137,-3.6,-64,-1.7,2093581,4.2,135631,0.4,132125,38.4,75,7.3
"20000","5","42452","57","0","2021","1","",51,1633,1579,1656,18177268,11179876,133972,862,"",4.84,10.19,10.42,10.53,23.90,12.25,21.08,2.30,"",1,2.0,-69,-4.1,-145,-8.4,2,0.1,-639999,-3.4,-83970,-0.7,35130,35.5,7,0.8
"20000","5","424520","58","0","2021","1","",51,1633,1579,1656,18177268,11179876,133972,862,"",4.84,10.19,10.42,10.53,23.90,12.25,21.08,2.30,"",1,2.0,-69,-4.1,-145,-8.4,2,0.1,-639999,-3.4,-83970,-0.7,35130,35.5,7,0.8
"20000","5","42459","57","0","2021","1","",11,65,61,63,731367,383260,5888,893,"",0.92,0.62,0.58,0.59,0.62,0.36,0.30,1.04,"",0,0.0,-10,-13.3,-15,-19.7,-12,-16.0,170945,30.5,-82860,-17.8,-527,-8.2,321,56.1
"20000","5","424590","58","0","2021","1","",11,65,61,63,731367,383260,5888,893,"",0.92,0.62,0.58,0.59,0.62,0.36,0.30,1.04,"",0,0.0,-10,-13.3,-15,-19.7,-12,-16.0,170945,30.5,-82860,-17.8,-527,-8.2,321,56.1
"20000","5","4246","56","0","2021","1","",248,1348,1343,1337,36223017,17471727,281572,2075,"",1.66,0.99,0.99,0.98,1.40,0.96,1.02,1.42,"",-5,-2.0,-129,-8.7,-131,-8.9,-119,-8.2,-1515919,-4.0,-1147217,-6.2,63455,29.1,99,5.0
"20000","5","42461","57","0","2021","1","",64,258,256,257,7617670,3302363,54860,2280,"",1.71,0.96,0.96,0.95,1.48,0.95,0.95,1.55,"",-6,-8.6,29,12.7,29,12.8,31,13.7,870950,12.9,453989,15.9,17168,45.5,-3,-0.1
"20000","5","424610","58","0","2021","1","",64,258,256,257,7617670,3302363,54860,2280,"",1.71,0.96,0.96,0.95,1.48,0.95,0.95,1.55,"",-6,-8.6,29,12.7,29,12.8,31,13.7,870950,12.9,453989,15.9,17168,45.5,-3,-0.1
"20000","5","42469","57","0","2021","1","",184,1090,1087,1080,28605347,14169364,226712,2027,"",1.65,0.99,1.00,0.99,1.38,0.96,1.04,1.39,"",1,0.5,-158,-12.7,-160,-12.8,-150,-12.2,-2386869,-7.7,-1601206,-10.2,46287,25.7,107,5.6
"20000","5","424690","58","0","2021","1","",184,1090,1087,1080,28605347,14169364,226712,2027,"",1.65,0.99,1.00,0.99,1.38,0.96,1.04,1.39,"",1,0.5,-158,-12.7,-160,-12.8,-150,-12.2,-2386869,-7.7,-1601206,-10.2,46287,25.7,107,5.6
"20000","5","4247","56","0","2021","1","",148,1636,1638,1643,29164669,18641930,331910,1369,"",2.15,1.78,1.80,1.80,1.55,1.61,1.97,0.86,"",2,1.4,-145,-8.1,-148,-8.3,-150,-8.4,-12952863,-30.8,-1967292,-9.5,44049,15.3,-444,-24.5
"20000","5","42471","57","0","2021","1","",61,559,557,557,8853590,6171634,108874,1221,"",2.70,1.79,1.80,1.79,1.64,1.52,2.06,0.91,"",6,10.9,63,12.7,65,13.2,67,13.7,1960750,28.4,1074605,21.1,42910,65.1,145,13.5
"20000","5","424710","58","0","2021","1","",61,559,557,557,8853590,6171634,108874,1221,"",2.70,1.79,1.80,1.79,1.64,1.52,2.06,0.91,"",6,10.9,63,12.7,65,13.2,67,13.7,1960750,28.4,1074605,21.1,42910,65.1,145,13.5
"20000","5","42472","57","0","2021","1","",87,1077,1081,1086,20311079,12470296,223036,1445,"",1.88,1.77,1.80,1.81,1.51,1.65,1.93,0.84,"",-4,-4.4,-208,-16.2,-213,-16.5,-217,-16.7,-14913613,-42.3,-3041897,-19.6,1139,0.5,-649,-31.0
"20000","5","424720","58","0","2021","1","",87,1077,1081,1086,20311079,12470296,223036,1445,"",1.88,1.77,1.80,1.81,1.51,1.65,1.93,0.84,"",-4,-4.4,-208,-16.2,-213,-16.5,-217,-16.7,-14913613,-42.3,-3041897,-19.6,1139,0.5,-649,-31.0
"20000","5","4248","56","0","2021","1","",86,1645,1640,1625,23971028,17846653,247486,1127,"",1.24,0.88,0.89,0.87,0.85,0.78,0.81,0.97,"",-1,-1.1,-49,-2.9,-44,-2.6,-60,-3.6,-201690,-0.8,-556625,-3.0,83131,50.6,25,2.3
"20000","5","42481","57","0","2021","1","",38,930,918,908,11988551,9785185,115538,1004,"",1.56,0.90,0.90,0.89,1.00,0.83,0.78,1.12,"",-1,-2.6,-61,-6.2,-69,-7.0,-80,-8.1,-817652,-6.4,-768466,-7.3,47278,69.3,8,0.8
"20000","5","424810","58","0","2021","1","",38,930,918,908,11988551,9785185,115538,1004,"",1.56,0.90,0.90,0.89,1.00,0.83,0.78,1.12,"",-1,-2.6,-61,-6.2,-69,-7.0,-80,-8.1,-817652,-6.4,-768466,-7.3,47278,69.3,8,0.8
"20000","5","42482","57","0","2021","1","",48,715,722,717,11982477,8061468,131948,1284,"",1.07,0.86,0.87,0.86,0.75,0.73,0.85,0.86,"",0,0.0,12,1.7,25,3.6,20,2.9,615962,5.4,211841,2.7,35853,37.3,33,2.6
"20000","5","424820","58","0","2021","1","",48,715,722,717,11982477,8061468,131948,1284,"",1.07,0.86,0.87,0.86,0.75,0.73,0.85,0.86,"",0,0.0,12,1.7,25,3.6,20,2.9,615962,5.4,211841,2.7,35853,37.3,33,2.6
"20000","5","4249","56","0","2021","1","",489,3625,3613,3720,62587552,38040338,624902,1318,"",1.62,1.24,1.23,1.25,1.74,1.17,1.25,1.40,"",17,3.6,-112,-3.0,-180,-4.7,-135,-3.5,-2621181,-4.0,-1964735,-4.9,112044,21.8,-4,-0.3
"20000","5","42491","57","0","2021","1","",311,2495,2483,2545,45953431,27049592,396783,1410,"",3.01,2.32,2.32,2.31,3.12,1.99,2.18,1.35,"",14,4.7,-28,-1.1,-82,-3.2,-63,-2.4,-1640519,-3.4,-1022820,-3.6,99742,33.6,-17,-1.2
"20000","5","424910","58","0","2021","1","",311,2495,2483,2545,45953431,27049592,396783,1410,"",3.01,2.32,2.32,2.31,3.12,1.99,2.18,1.35,"",14,4.7,-28,-1.1,-82,-3.2,-63,-2.4,-1640519,-3.4,-1022820,-3.6,99742,33.6,-17,-1.2
"20000","5","42492","57","0","2021","1","",30,113,111,100,1282144,708123,17859,913,"",1.76,0.41,0.40,0.36,0.47,0.26,0.39,1.20,"",0,0.0,-44,-28.0,-50,-31.1,-52,-34.2,-353081,-21.6,-347308,-32.9,838,4.9,110,13.7
"20000","5","424920","58","0","2021","1","",30,113,111,100,1282144,708123,17859,913,"",1.76,0.41,0.40,0.36,0.47,0.26,0.39,1.20,"",0,0.0,-44,-28.0,-50,-31.1,-52,-34.2,-353081,-21.6,-347308,-32.9,838,4.9,110,13.7
"20000","5","42493","57","0","2021","1","",20,139,147,194,994343,951670,13687,478,"",0.68,0.35,0.35,0.45,0.31,0.27,0.23,0.80,"",2,11.1,-1,-0.7,5,3.5,11,6.0,-144465,-12.7,-199414,-17.3,1690,14.1,-87,-15.4
"20000","5","424930","58","0","2021","1","",20,139,147,194,994343,951670,13687,478,"",0.68,0.35,0.35,0.45,0.31,0.27,0.23,0.80,"",2,11.1,-1,-0.7,5,3.5,11,6.0,-144465,-12.7,-199414,-17.3,1690,14.1,-87,-15.4
"20000","5","42494","57","0","2021","1","",25,149,149,152,2251124,1407202,18873,1154,"",1.56,0.65,0.66,0.67,0.70,0.55,0.54,1.07,"",-1,-3.8,8,5.7,4,2.8,11,7.8,-87989,-3.8,-26390,-1.8,4348,29.9,-110,-8.7
"20000","5","424940","58","0","2021","1","",25,149,149,152,2251124,1407202,18873,1154,"",1.56,0.65,0.66,0.67,0.70,0.55,0.54,1.07,"",-1,-3.8,8,5.7,4,2.8,11,7.8,-87989,-3.8,-26390,-1.8,4348,29.9,-110,-8.7
"20000","5","42495","57","0","2021","1","",35,189,189,189,4318743,2383961,53831,1758,"",1.54,0.91,0.91,0.91,1.41,0.96,1.48,1.55,"",4,12.9,20,11.8,22,13.2,25,15.2,817011,23.3,314596,15.2,12649,30.7,142,8.8
"20000","5","424950","58","0","2021","1","",35,189,189,189,4318743,2383961,53831,1758,"",1.54,0.91,0.91,0.91,1.41,0.96,1.48,1.55,"",4,12.9,20,11.8,22,13.2,25,15.2,817011,23.3,314596,15.2,12649,30.7,142,8.8
"20000","5","42499","57","0","2021","1","",68,540,534,540,7787767,5539790,123869,1113,"",0.60,0.74,0.73,0.73,0.86,0.73,0.88,1.17,"",-2,-2.9,-67,-11.0,-79,-12.9,-67,-11.0,-1212138,-13.5,-683399,-11.0,-7223,-5.5,-24,-2.1
"20000","5","424990","58","0","2021","1","",68,540,534,540,7787767,5539790,123869,1113,"",0.60,0.74,0.73,0.73,0.86,0.73,0.88,1.17,"",-2,-2.9,-67,-11.0,-79,-12.9,-67,-11.0,-1212138,-13.5,-683399,-11.0,-7223,-5.5,-24,-2.1
"20000","5","425","55","0","2021","1","",1271,3514,3484,3416,97720785,41316171,847801,2165,"",1.15,0.77,0.77,0.75,0.96,0.68,0.88,1.25,"",-104,-7.6,-309,-8.1,-340,-8.9,-351,-9.3,-1823297,-1.8,-3284486,-7.4,49214,6.2,152,7.6
"20000","5","4251","56","0","2021","1","",1271,3514,3484,3416,97720785,41316171,847801,2165,"",1.15,0.77,0.77,0.75,0.96,0.68,0.88,1.25,"",-104,-7.6,-309,-8.1,-340,-8.9,-351,-9.3,-1823297,-1.8,-3284486,-7.4,49214,6.2,152,7.6
"20000","5","42511","57","0","2021","1","",17,110,110,109,2113450,1300237,29619,1482,"",0.56,0.40,0.40,0.39,0.35,0.35,0.45,0.89,"",-2,-10.5,5,4.8,8,7.8,5,4.8,444732,26.7,76772,6.3,10381,54.0,244,19.7
"20000","5","425110","58","0","2021","1","",17,110,110,109,2113450,1300237,29619,1482,"",0.56,0.40,0.40,0.39,0.35,0.35,0.45,0.89,"",-2,-10.5,5,4.8,8,7.8,5,4.8,444732,26.7,76772,6.3,10381,54.0,244,19.7
"20000","5","42512","57","0","2021","1","",1254,3404,3374,3307,95607335,40015934,818182,2188,"",1.17,0.80,0.79,0.77,1.00,0.71,0.91,1.27,"",-102,-7.5,-314,-8.4,-348,-9.3,-356,-9.7,-2268029,-2.3,-3361258,-7.7,38833,5.0,154,7.6
"20000","5","425120","58","0","2021","1","",1254,3404,3374,3307,95607335,40015934,818182,2188,"",1.17,0.80,0.79,0.77,1.00,0.71,0.91,1.27,"",-102,-7.5,-314,-8.4,-348,-9.3,-356,-9.7,-2268029,-2.3,-3361258,-7.7,38833,5.0,154,7.6
"20000","5","44-45","54","0","2021","1","",9051,138983,137696,138345,1021472368,830926917,10618308,568,"",1.05,0.96,0.97,0.97,1.03,0.77,0.77,1.07,"",-75,-0.8,-1408,-1.0,-2151,-1.5,-1419,-1.0,25874613,2.6,-5285222,-0.6,3188200,42.9,21,3.8
"20000","5","441","55","0","2021","1","",1270,17680,17738,17700,216406101,158949116,2477822,940,"",1.29,0.97,0.98,0.97,1.10,0.84,0.92,1.13,"",-7,-0.5,-1001,-5.4,-918,-4.9,-737,-4.0,6474426,3.1,-4303017,-2.6,568345,29.8,71,8.2
"20000","5","4411","56","0","2021","1","",490,11393,11427,11352,163850090,112251478,1860382,1107,"",1.27,0.98,0.99,0.98,1.13,0.87,0.96,1.15,"",-15,-3.0,-656,-5.4,-604,-5.0,-465,-3.9,8587344,5.5,-2895482,-2.5,394394,26.9,109,10.9
"20000","5","44111","57","0","2021","1","",233,9367,9382,9299,140096497,93331006,1523229,1153,"",1.38,0.93,0.94,0.93,1.08,0.82,0.90,1.16,"",-4,-1.7,-708,-7.0,-661,-6.6,-572,-5.8,6621709,5.0,-3909319,-4.0,296168,24.1,126,12.3
"20000","5","441110","58","0","2021","1","",233,9367,9382,9299,140096497,93331006,1523229,1153,"",1.38,0.93,0.94,0.93,1.08,0.82,0.90,1.16,"",-4,-1.7,-708,-7.0,-661,-6.6,-572,-5.8,6621709,5.0,-3909319,-4.0,296168,24.1,126,12.3
"20000","5","44112","57","0","2021","1","",257,2026,2045,2053,23753593,18920472,337153,895,"",1.19,1.30,1.32,1.30,1.56,1.19,1.36,1.19,"",-11,-4.1,52,2.6,57,2.9,107,5.5,1965635,9.0,1013837,5.7,98226,41.1,44,5.2
"20000","5","441120","58","0","2021","1","",257,2026,2045,2053,23753593,18920472,337153,895,"",1.19,1.30,1.32,1.30,1.56,1.19,1.36,1.19,"",-11,-4.1,52,2.6,57,2.9,107,5.5,1965635,9.0,1013837,5.7,98226,41.1,44,5.2
"20000","5","4412","56","0","2021","1","",111,975,991,1016,10677720,8999826,163914,826,"",0.94,0.67,0.67,0.67,0.71,0.58,0.63,1.05,"",0,0.0,-97,-9.0,-83,-7.7,-73,-6.7,-1057455,-9.0,-702910,-7.2,13413,8.9,-11,-1.3
"20000","5","44121","57","0","2021","1","",21,247,250,256,2878444,2315534,43594,882,"",0.91,0.53,0.53,0.53,0.51,0.43,0.45,0.95,"",0,0.0,-7,-2.8,-4,-1.6,11,4.5,164662,6.1,26588,1.2,6909,18.8,50,6.0
"20000","5","441210","58","0","2021","1","",21,247,250,256,2878444,2315534,43594,882,"",0.91,0.53,0.53,0.53,0.51,0.43,0.45,0.95,"",0,0.0,-7,-2.8,-4,-1.6,11,4.5,164662,6.1,26588,1.2,6909,18.8,50,6.0
"20000","5","44122","57","0","2021","1","",90,728,741,760,7799276,6684292,120320,807,"",0.95,0.73,0.74,0.74,0.83,0.66,0.74,1.12,"",0,0.0,-90,-11.0,-79,-9.6,-84,-10.0,-1222117,-13.5,-729498,-9.8,6504,5.7,-32,-3.8
"20000","5","441222","58","0","2021","1","",16,97,95,96,828254,781615,18527,664,"",0.44,0.30,0.29,0.28,0.25,0.23,0.33,0.88,"",0,0.0,-6,-5.8,-6,-5.9,-7,-6.8,12702,1.6,11214,1.5,8296,81.1,51,8.3
"20000","5","441228","58","0","2021","1","",74,631,646,664,6971022,5902677,101793,829,"",1.27,0.94,0.97,0.97,1.14,0.86,0.96,1.18,"",0,0.0,-84,-11.7,-73,-10.2,-77,-10.4,-1234819,-15.0,-740712,-11.1,-1792,-1.7,-42,-4.8
"20000","5","4413","56","0","2021","1","",669,5312,5320,5332,41878291,37697812,453526,605,"",1.39,1.03,1.03,1.03,1.14,0.87,0.92,1.11,"",8,1.2,-248,-4.5,-231,-4.2,-199,-3.6,-1055463,-2.5,-704625,-1.8,160538,54.8,10,1.7
"20000","5","44131","57","0","2021","1","",406,3220,3224,3243,20734629,19280432,204758,494,"",1.30,0.92,0.93,0.93,0.92,0.72,0.70,0.99,"",5,1.2,-128,-3.8,-145,-4.3,-89,-2.7,-63673,-0.3,118637,0.6,91070,80.1,16,3.3
"20000","5","441310","58","0","2021","1","",406,3220,3224,3243,20734629,19280432,204758,494,"",1.30,0.92,0.93,0.93,0.92,0.72,0.70,0.99,"",5,1.2,-128,-3.8,-145,-4.3,-89,-2.7,-63673,-0.3,118637,0.6,91070,80.1,16,3.3
"20000","5","44132","57","0","2021","1","",263,2092,2096,2089,21143662,18417380,248768,777,"",1.56,1.23,1.25,1.24,1.51,1.10,1.24,1.22,"",3,1.2,-120,-5.4,-86,-3.9,-110,-5.0,-991790,-4.5,-823262,-4.3,69468,38.7,2,0.3
"20000","5","441320","58","0","2021","1","",263,2092,2096,2089,21143662,18417380,248768,777,"",1.56,1.23,1.25,1.24,1.51,1.10,1.24,1.22,"",3,1.2,-120,-5.4,-86,-3.9,-110,-5.0,-991790,-4.5,-823262,-4.3,69468,38.7,2,0.3
"20000","5","442","55","0","2021","1","",417,4979,4867,4852,47736230,39551623,574670,749,"",1.11,1.19,1.18,1.17,1.44,1.09,1.05,1.22,"",-19,-4.4,-86,-1.7,-137,-2.7,-43,-0.9,1174727,2.5,475411,1.2,114744,24.9,31,4.3
"20000","5","4421","56","0","2021","1","",180,2858,2835,2840,31279761,26020342,348299,846,"",0.98,1.43,1.42,1.41,1.67,1.30,1.13,1.18,"",-5,-2.7,-55,-1.9,-81,-2.8,-67,-2.3,295419,1.0,196910,0.8,51384,17.3,28,3.4
"20000","5","44211","57","0","2021","1","",180,2858,2835,2840,31279761,26020342,348299,846,"",0.98,1.43,1.42,1.41,1.67,1.30,1.13,1.18,"",-5,-2.7,-55,-1.9,-81,-2.8,-67,-2.3,295419,1.0,196910,0.8,51384,17.3,28,3.4
"20000","5","442110","58","0","2021","1","",180,2858,2835,2840,31279761,26020342,348299,846,"",0.98,1.43,1.42,1.41,1.67,1.30,1.13,1.18,"",-5,-2.7,-55,-1.9,-81,-2.8,-67,-2.3,295419,1.0,196910,0.8,51384,17.3,28,3.4
"20000","5","4422","56","0","2021","1","",237,2121,2032,2012,16456469,13531281,226371,616,"",1.24,0.97,0.96,0.94,1.13,0.83,0.95,1.19,"",-14,-5.6,-31,-1.4,-56,-2.7,24,1.2,879308,5.6,278501,2.1,63360,38.9,39,6.8
"20000","5","44221","57","0","2021","1","",124,792,785,782,9644126,7426669,125331,943,"",1.61,1.22,1.22,1.20,1.41,1.05,1.16,1.16,"",-2,-1.6,-12,-1.5,-4,-0.5,-5,-0.6,687135,7.7,98795,1.3,25031,25.0,75,8.6
"20000","5","442210","58","0","2021","1","",124,792,785,782,9644126,7426669,125331,943,"",1.61,1.22,1.22,1.20,1.41,1.05,1.16,1.16,"",-2,-1.6,-12,-1.5,-4,-0.5,-5,-0.6,687135,7.7,98795,1.3,25031,25.0,75,8.6
"20000","5","44229","57","0","2021","1","",113,1329,1247,1230,6812343,6104612,101040,413,"",0.99,0.86,0.85,0.83,0.89,0.67,0.77,1.05,"",-12,-9.6,-19,-1.4,-52,-4.0,29,2.4,192173,2.9,179706,3.0,38329,61.1,16,4.0
"20000","5","442291","58","0","2021","1","",19,99,98,96,1046523,818563,10858,824,"",0.98,1.02,1.01,0.98,1.15,0.83,0.69,1.15,"",-1,-5.0,5,5.3,4,4.3,10,11.6,179005,20.6,84381,11.5,3632,50.3,93,12.7
"20000","5","442299","58","0","2021","1","",94,1230,1149,1134,5765820,5286049,90182,379,"",0.99,0.85,0.84,0.82,0.85,0.65,0.78,1.02,"",-11,-10.5,-24,-1.9,-56,-4.6,19,1.7,13168,0.2,95325,1.8,34697,62.5,8,2.2
"20000","5","443","55","0","2021","1","",376,3712,3664,3514,44516078,31595517,475292,943,"",1.06,0.90,0.91,0.89,0.97,0.80,0.81,1.08,"",-21,-5.3,-364,-8.9,-334,-8.4,-489,-12.2,-47301,-0.1,-1614097,-4.9,42212,9.7,91,10.7
"20000","5","4431","56","0","2021","1","",376,3712,3664,3514,44516078,31595517,475292,943,"",1.06,0.90,0.91,0.89,0.97,0.80,0.81,1.08,"",-21,-5.3,-364,-8.9,-334,-8.4,-489,-12.2,-47301,-0.1,-1614097,-4.9,42212,9.7,91,10.7
"20000","5","44314","57","0","2021","1","",376,3712,3664,3514,44516078,31595517,475292,943,"",1.06,0.90,0.91,0.89,0.97,0.80,0.81,1.08,"",-21,-5.3,-364,-8.9,-334,-8.4,-489,-12.2,-47301,-0.1,-1614097,-4.9,42212,9.7,91,10.7
"20000","5","443141","58","0","2021","1","",80,530,543,540,4544173,4051153,52857,650,"",1.79,1.21,1.24,1.24,1.14,0.91,0.90,0.92,"",-6,-7.0,-9,-1.7,8,1.5,4,0.7,22034,0.5,117750,3.0,14624,38.2,2,0.3
"20000","5","443142","58","0","2021","1","",296,3182,3121,2974,39971905,27544364,422435,994,"",0.95,0.87,0.87,0.85,0.96,0.79,0.80,1.11,"",-15,-4.8,-355,-10.0,-342,-9.9,-493,-14.2,-69335,-0.2,-1731847,-5.9,27588,7.0,111,12.6
"20000","5","444","55","0","2021","1","",800,12884,12985,13750,110155688,88247685,1335031,642,"",1.41,0.99,1.01,1.03,1.17,0.83,0.94,1.15,"",1,0.1,757,6.2,486,3.9,675,5.2,7613476,7.4,3327865,3.9,337262,33.8,14,2.2
"20000","5","4441","56","0","2021","1","",617,11487,11528,11968,97955576,78451679,1106736,646,"",1.43,1.00,1.01,1.02,1.16,0.82,0.89,1.15,"",-3,-0.5,654,6.0,360,3.2,496,4.3,6505162,7.1,2837860,3.8,293128,36.0,16,2.5
"20000","5","44411","57","0","2021","1","",140,6986,7024,7404,55377263,46148856,605679,597,"",1.83,0.94,0.95,0.97,1.19,0.82,0.86,1.24,"",-2,-1.4,772,12.4,445,6.8,546,8.0,5774214,11.6,3376710,7.9,229393,61.0,14,2.4
"20000","5","444110","58","0","2021","1","",140,6986,7024,7404,55377263,46148856,605679,597,"",1.83,0.94,0.95,0.97,1.19,0.82,0.86,1.24,"",-2,-1.4,772,12.4,445,6.8,546,8.0,5774214,11.6,3376710,7.9,229393,61.0,14,2.4
"20000","5","44412","57","0","2021","1","",64,375,382,385,5928069,3722824,30074,1198,"",1.24,1.00,1.02,1.02,1.39,0.96,0.68,1.37,"",2,3.2,-27,-6.7,-23,-5.7,-19,-4.7,1255840,26.9,252665,7.3,10076,50.4,308,34.6
"20000","5","444120","58","0","2021","1","",64,375,382,385,5928069,3722824,30074,1198,"",1.24,1.00,1.02,1.02,1.39,0.96,0.68,1.37,"",2,3.2,-27,-6.7,-23,-5.7,-19,-4.7,1255840,26.9,252665,7.3,10076,50.4,308,34.6
"20000","5","44413","57","0","2021","1","",222,2320,2328,2366,13513232,11437738,144685,445,"",1.83,1.53,1.55,1.55,1.50,1.04,1.10,0.97,"",3,1.4,7,0.3,46,2.0,65,2.8,98981,0.7,106587,0.9,45401,45.7,-4,-0.9
"20000","5","444130","58","0","2021","1","",222,2320,2328,2366,13513232,11437738,144685,445,"",1.83,1.53,1.55,1.55,1.50,1.04,1.10,0.97,"",3,1.4,7,0.3,46,2.0,65,2.8,98981,0.7,106587,0.9,45401,45.7,-4,-0.9
"20000","5","44419","57","0","2021","1","",191,1806,1794,1813,23137012,17142261,326298,986,"",1.05,0.82,0.82,0.82,0.93,0.71,0.90,1.14,"",-6,-3.0,-98,-5.1,-108,-5.7,-96,-5.0,-623873,-2.6,-898102,-5.0,8258,2.6,27,2.8
"20000","5","444190","58","0","2021","1","",191,1806,1794,1813,23137012,17142261,326298,986,"",1.05,0.82,0.82,0.82,0.93,0.71,0.90,1.14,"",-6,-3.0,-98,-5.1,-108,-5.7,-96,-5.0,-623873,-2.6,-898102,-5.0,8258,2.6,27,2.8
"20000","5","4442","56","0","2021","1","",183,1397,1457,1782,12200112,9796006,228295,607,"",1.36,0.97,1.00,1.13,1.23,0.85,1.30,1.19,"",4,2.2,103,8.0,126,9.5,179,11.2,1108314,10.0,490005,5.3,44134,24.0,2,0.3
"20000","5","44421","57","0","2021","1","",39,216,219,226,2269771,1952021,38243,792,"",1.19,0.70,0.72,0.72,0.91,0.65,0.96,1.28,"",-1,-2.5,12,5.9,10,4.8,14,6.6,61133,2.8,37382,2.0,947,2.5,-23,-2.8
"20000","5","444210","58","0","2021","1","",39,216,219,226,2269771,1952021,38243,792,"",1.19,0.70,0.72,0.72,0.91,0.65,0.96,1.28,"",-1,-2.5,12,5.9,10,4.8,14,6.6,61133,2.8,37382,2.0,947,2.5,-23,-2.8
"20000","5","44422","57","0","2021","1","",144,1181,1238,1556,9930341,7843985,190052,577,"",1.41,1.04,1.08,1.23,1.34,0.93,1.40,1.20,"",5,3.6,91,8.3,116,10.3,165,11.9,1047181,11.8,452623,6.1,43187,29.4,8,1.4
"20000","5","444220","58","0","2021","1","",144,1181,1238,1556,9930341,7843985,190052,577,"",1.41,1.04,1.08,1.23,1.34,0.93,1.40,1.20,"",5,3.6,91,8.3,116,10.3,165,11.9,1047181,11.8,452623,6.1,43187,29.4,8,1.4
"20000","5","445","55","0","2021","1","",1256,28683,28660,28346,144371828,126532967,1170356,389,"",1.03,0.95,0.96,0.95,0.95,0.65,0.58,0.99,"",0,0.0,1515,5.6,1408,5.2,1203,4.4,3140838,2.2,-1612519,-1.3,543342,86.7,-11,-2.8
"20000","5","4451","56","0","2021","1","",517,23969,23939,23702,123978955,107153410,913622,400,"",0.69,0.90,0.91,0.90,0.92,0.62,0.54,1.02,"",14,2.8,1615,7.2,1468,6.5,1292,5.8,2200209,1.8,-2336988,-2.1,464706,103.5,-18,-4.3
"20000","5","44511","57","0","2021","1","",445,23551,23517,23273,122363721,105571561,882931,401,"",0.94,0.93,0.94,0.94,0.96,0.65,0.56,1.02,"",20,4.7,1605,7.3,1454,6.6,1273,5.8,2438645,2.0,-2081241,-1.9,463108,110.3,-18,-4.3
"20000","5","445110","58","0","2021","1","",445,23551,23517,23273,122363721,105571561,882931,401,"",0.94,0.93,0.94,0.94,0.96,0.65,0.56,1.02,"",20,4.7,1605,7.3,1454,6.6,1273,5.8,2438645,2.0,-2081241,-1.9,463108,110.3,-18,-4.3
"20000","5","44512","57","0","2021","1","",72,418,422,429,1615234,1581849,30691,294,"",0.26,0.28,0.29,0.29,0.25,0.18,0.24,0.87,"",-6,-7.7,10,2.5,14,3.4,19,4.6,-238436,-12.9,-255747,-13.9,1598,5.5,-55,-15.8
"20000","5","445120","58","0","2021","1","",72,418,422,429,1615234,1581849,30691,294,"",0.26,0.28,0.29,0.29,0.25,0.18,0.24,0.87,"",-6,-7.7,10,2.5,14,3.4,19,4.6,-238436,-12.9,-255747,-13.9,1598,5.5,-55,-15.8
"20000","5","4452","56","0","2021","1","",154,1440,1451,1445,7670574,7054384,100594,408,"",0.73,0.76,0.77,0.75,0.75,0.54,0.52,0.98,"",-9,-5.5,-13,-0.9,-7,-0.5,-16,-1.1,289553,3.9,201599,2.9,26407,35.6,18,4.6
"20000","5","44521","57","0","2021","1","",50,426,407,401,2796948,2591733,36585,523,"",0.97,0.77,0.75,0.73,0.92,0.65,0.69,1.22,"",2,4.2,42,10.9,40,10.9,26,6.9,432084,18.3,327049,14.4,11059,43.3,38,7.8
"20000","5","445210","58","0","2021","1","",50,426,407,401,2796948,2591733,36585,523,"",0.97,0.77,0.75,0.73,0.92,0.65,0.69,1.22,"",2,4.2,42,10.9,40,10.9,26,6.9,432084,18.3,327049,14.4,11059,43.3,38,7.8
"20000","5","44522","57","0","2021","1","N",2,0,0,0,0,0,0,0,"N",0.11,0,0,0,0,0,0,0,"N",0,0.0,0,0,0,0,0,0,0,0,0,0,0,0,0,0
"20000","5","445220","58","0","2021","1","N",2,0,0,0,0,0,0,0,"N",0.11,0,0,0,0,0,0,0,"N",0,0.0,0,0,0,0,0,0,0,0,0,0,0,0,0,0
"20000","5","44523","57","0","2021","1","N",8,0,0,0,0,0,0,0,"N",0.30,0,0,0,0,0,0,0,"N",0,0.0,0,0,0,0,0,0,0,0,0,0,0,0,0,0
"20000","5","445230","58","0","2021","1","N",8,0,0,0,0,0,0,0,"N",0.30,0,0,0,0,0,0,0,"N",0,0.0,0,0,0,0,0,0,0,0,0,0,0,0,0,0
"20000","5","44529","57","0","2021","1","",94,981,1009,1006,4744147,4333172,63044,365,"",0.83,1.05,1.08,1.06,1.01,0.73,0.70,0.95,"",-11,-10.5,-69,-6.6,-57,-5.3,-55,-5.2,-128458,-2.6,-112377,-2.5,15208,31.8,11,3.1
"20000","5","445291","58","0","2021","1","",9,53,57,55,260702,254999,3624,365,"",0.45,0.32,0.34,0.32,0.27,0.22,0.21,0.84,"",0,0.0,10,23.3,16,39.0,12,27.9,30744,13.4,29951,13.3,619,20.6,-53,-12.7
"20000","5","445292","58","0","2021","1","",12,147,141,131,527078,514383,12411,290,"",0.50,0.87,0.84,0.78,0.76,0.61,0.72,0.91,"",-1,-7.7,-19,-11.4,-4,-2.8,-9,-6.4,-170781,-24.5,-165862,-24.4,3634,41.4,-67,-18.8
"20000","5","445299","58","0","2021","1","",73,781,811,820,3956367,3563790,47009,379,"",1.05,1.30,1.36,1.35,1.30,0.91,0.83,0.97,"",-10,-12.0,-60,-7.1,-69,-7.8,-58,-6.6,11579,0.3,23534,0.7,10955,30.4,29,8.3
"20000","5","4453","56","0","2021","1","",585,3274,3270,3199,12722299,12325173,156140,301,"",2.23,2.10,2.12,2.06,1.63,1.20,1.16,0.78,"",-5,-0.8,-87,-2.6,-53,-1.6,-73,-2.2,651076,5.4,522870,4.4,52229,50.3,21,7.5
"20000","5","44531","57","0","2021","1","",585,3274,3270,3199,12722299,12325173,156140,301,"",2.23,2.10,2.12,2.06,1.63,1.20,1.16,0.78,"",-5,-0.8,-87,-2.6,-53,-1.6,-73,-2.2,651076,5.4,522870,4.4,52229,50.3,21,7.5
"20000","5","445310","58","0","2021","1","",585,3274,3270,3199,12722299,12325173,156140,301,"",2.23,2.10,2.12,2.06,1.63,1.20,1.16,0.78,"",-5,-0.8,-87,-2.6,-53,-1.6,-73,-2.2,651076,5.4,522870,4.4,52229,50.3,21,7.5
"20000","5","446","55","0","2021","1","",816,8353,8373,8279,76128247,58414498,675613,703,"",0.88,0.87,0.88,0.86,1.00,0.75,0.69,1.15,"",-41,-4.8,-44,-0.5,69,0.8,-50,-0.6,-1190852,-1.5,302191,0.5,166344,32.7,-10,-1.4
"20000","5","4461","56","0","2021","1","",816,8353,8373,8279,76128247,58414498,675613,703,"",0.88,0.87,0.88,0.86,1.00,0.75,0.69,1.15,"",-41,-4.8,-44,-0.5,69,0.8,-50,-0.6,-1190852,-1.5,302191,0.5,166344,32.7,-10,-1.4
"20000","5","44611","57","0","2021","1","",476,5804,5820,5863,57175771,43375532,439741,755,"",0.89,0.89,0.89,0.89,1.04,0.78,0.68,1.17,"",-6,-1.2,242,4.4,267,4.8,273,4.9,-718220,-1.2,1399280,3.3,130534,42.2,-45,-5.6
"20000","5","446110","58","0","2021","1","",476,5804,5820,5863,57175771,43375532,439741,755,"",0.89,0.89,0.89,0.89,1.04,0.78,0.68,1.17,"",-6,-1.2,242,4.4,267,4.8,273,4.9,-718220,-1.2,1399280,3.3,130534,42.2,-45,-5.6
"20000","5","44612","57","0","2021","1","",120,1245,1246,1098,5586651,4966695,75259,359,"",0.85,0.84,0.86,0.79,0.73,0.61,0.62,0.88,"",11,10.1,-144,-10.4,-73,-5.5,-216,-16.4,-553796,-9.0,-482137,-8.8,6442,9.4,7,2.0
"20000","5","446120","58","0","2021","1","",120,1245,1246,1098,5586651,4966695,75259,359,"",0.85,0.84,0.86,0.79,0.73,0.61,0.62,0.88,"",11,10.1,-144,-10.4,-73,-5.5,-216,-16.4,-553796,-9.0,-482137,-8.8,6442,9.4,7,2.0
"20000","5","44613","57","0","2021","1","",50,383,382,389,2974552,2686199,38846,595,"",0.57,0.60,0.61,0.61,0.65,0.51,0.52,1.07,"",-25,-33.3,-25,-6.1,-22,-5.4,-29,-6.9,93529,3.2,-37928,-1.4,11757,43.4,54,10.0
"20000","5","446130","58","0","2021","1","",50,383,382,389,2974552,2686199,38846,595,"",0.57,0.60,0.61,0.61,0.65,0.51,0.52,1.07,"",-25,-33.3,-25,-6.1,-22,-5.4,-29,-6.9,93529,3.2,-37928,-1.4,11757,43.4,54,10.0
"20000","5","44619","57","0","2021","1","",170,921,925,929,10391273,7386072,121767,864,"",1.04,0.96,0.97,0.96,1.23,0.87,0.89,1.27,"",-21,-11.0,-117,-11.3,-103,-10.0,-78,-7.7,-12365,-0.1,-577024,-7.2,17611,16.9,83,10.6
"20000","5","446191","58","0","2021","1","",64,249,257,259,1368391,1302354,23929,413,"",0.80,0.63,0.65,0.65,0.54,0.46,0.54,0.84,"",-20,-23.8,-99,-28.4,-85,-24.9,-66,-20.3,-432713,-24.0,-402846,-23.6,1009,4.4,4,1.0
"20000","5","446199","58","0","2021","1","",106,672,668,670,9022882,6083718,97838,1036,"",1.27,1.19,1.19,1.18,1.52,1.07,1.05,1.28,"",-1,-0.9,-18,-2.6,-18,-2.6,-12,-1.8,420348,4.9,-174178,-2.8,16602,20.4,71,7.4
"20000","5","447","55","0","2021","1","",980,11329,11069,11122,56849082,52935528,684043,391,"",1.10,1.28,1.28,1.27,1.38,0.97,1.15,1.08,"",36,3.8,-493,-4.2,-902,-7.5,-791,-6.6,-2261362,-3.8,-2678099,-4.8,142688,26.4,9,2.4
"20000","5","4471","56","0","2021","1","",980,11329,11069,11122,56849082,52935528,684043,391,"",1.10,1.28,1.28,1.27,1.38,0.97,1.15,1.08,"",36,3.8,-493,-4.2,-902,-7.5,-791,-6.6,-2261362,-3.8,-2678099,-4.8,142688,26.4,9,2.4
"20000","5","44711","57","0","2021","1","",886,10647,10401,10456,51437181,48501635,631989,377,"",1.09,1.34,1.34,1.33,1.45,1.01,1.23,1.08,"",33,3.9,-565,-5.0,-961,-8.5,-876,-7.7,-2903621,-5.3,-3015392,-5.9,116333,22.6,7,1.9
"20000","5","447110","58","0","2021","1","",886,10647,10401,10456,51437181,48501635,631989,377,"",1.09,1.34,1.34,1.33,1.45,1.01,1.23,1.08,"",33,3.9,-565,-5.0,-961,-8.5,-876,-7.7,-2903621,-5.3,-3015392,-5.9,116333,22.6,7,1.9
"20000","5","44719","57","0","2021","1","",94,682,668,666,5411901,4433893,52054,619,"",1.17,0.76,0.75,0.75,0.95,0.66,0.65,1.26,"",3,3.3,72,11.8,59,9.7,85,14.6,642259,13.5,337293,8.2,26355,102.6,8,1.3
"20000","5","447190","58","0","2021","1","",94,682,668,666,5411901,4433893,52054,619,"",1.17,0.76,0.75,0.75,0.95,0.66,0.65,1.26,"",3,3.3,72,11.8,59,9.7,85,14.6,642259,13.5,337293,8.2,26355,102.6,8,1.3
"20000","5","448","55","0","2021","1","",793,6760,6435,6438,32549970,28442193,353410,383,"",0.85,0.71,0.71,0.71,0.71,0.55,0.46,1.00,"",-61,-7.1,-1804,-21.1,-1771,-21.6,-1701,-20.9,-6212645,-16.0,-6361992,-18.3,53940,18.0,24,6.7
"20000","5","4481","56","0","2021","1","",537,5118,4866,4845,22152021,19412636,228521,345,"",0.85,0.74,0.75,0.73,0.74,0.55,0.44,1.01,"",-50,-8.5,-1537,-23.1,-1495,-23.5,-1437,-22.9,-4851055,-18.0,-4977871,-20.4,34727,17.9,22,6.8
"20000","5","44811","57","0","2021","1","",26,120,112,118,765528,736775,7414,505,"",0.55,0.41,0.41,0.42,0.42,0.35,0.22,1.03,"",-4,-13.3,-149,-55.4,-161,-59.0,-151,-56.1,-1082631,-58.6,-1016587,-58.0,-8434,-53.2,-21,-4.0
"20000","5","448110","58","0","2021","1","",26,120,112,118,765528,736775,7414,505,"",0.55,0.41,0.41,0.42,0.42,0.35,0.22,1.03,"",-4,-13.3,-149,-55.4,-161,-59.0,-151,-56.1,-1082631,-58.6,-1016587,-58.0,-8434,-53.2,-21,-4.0
"20000","5","44812","57","0","2021","1","",206,1501,1435,1404,5293391,5088451,59754,281,"",1.01,0.91,0.91,0.88,0.76,0.61,0.43,0.84,"",-16,-7.2,-290,-16.2,-300,-17.3,-303,-17.8,-869073,-14.1,-844830,-14.2,25097,72.4,9,3.3
"20000","5","448120","58","0","2021","1","",206,1501,1435,1404,5293391,5088451,59754,281,"",1.01,0.91,0.91,0.88,0.76,0.61,0.43,0.84,"",-16,-7.2,-290,-16.2,-300,-17.3,-303,-17.8,-869073,-14.1,-844830,-14.2,25097,72.4,9,3.3
"20000","5","44813","57","0","2021","1","",12,176,153,156,520731,507484,6864,248,"",0.37,0.56,0.54,0.55,0.47,0.38,0.33,0.85,"",-11,-47.8,-167,-48.7,-164,-51.7,-143,-47.8,-463332,-47.1,-445861,-46.8,68,1.0,11,4.6
"20000","5","448130","58","0","2021","1","",12,176,153,156,520731,507484,6864,248,"",0.37,0.56,0.54,0.55,0.47,0.38,0.33,0.85,"",-11,-47.8,-167,-48.7,-164,-51.7,-143,-47.8,-463332,-47.1,-445861,-46.8,68,1.0,11,4.6
"20000","5","44814","57","0","2021","1","",153,2332,2228,2227,10870480,8785484,91877,370,"",0.82,0.68,0.69,0.69,0.80,0.55,0.42,1.17,"",-19,-11.0,-414,-15.1,-371,-14.3,-362,-14.0,-792234,-6.8,-1098520,-11.1,5529,6.4,31,9.1
"20000","5","448140","58","0","2021","1","",153,2332,2228,2227,10870480,8785484,91877,370,"",0.82,0.68,0.69,0.69,0.80,0.55,0.42,1.17,"",-19,-11.0,-414,-15.1,-371,-14.3,-362,-14.0,-792234,-6.8,-1098520,-11.1,5529,6.4,31,9.1
"20000","5","44815","57","0","2021","1","",55,342,315,308,1500815,1302098,19407,359,"",0.81,0.85,0.82,0.79,0.63,0.53,0.48,0.77,"",0,0.0,-56,-14.1,-59,-15.8,-54,-14.9,6911,0.5,-89216,-6.4,4776,32.6,55,18.1
"20000","5","448150","58","0","2021","1","",55,342,315,308,1500815,1302098,19407,359,"",0.81,0.85,0.82,0.79,0.63,0.53,0.48,0.77,"",0,0.0,-56,-14.1,-59,-15.8,-54,-14.9,6911,0.5,-89216,-6.4,4776,32.6,55,18.1
"20000","5","44819","57","0","2021","1","",85,647,623,632,3201076,2992344,43205,388,"",0.89,0.79,0.78,0.78,0.82,0.62,0.63,1.04,"",0,0.0,-461,-41.6,-440,-41.4,-424,-40.2,-1650696,-34.0,-1482857,-33.1,7691,21.7,41,11.8
"20000","5","448190","58","0","2021","1","",85,647,623,632,3201076,2992344,43205,388,"",0.89,0.79,0.78,0.78,0.82,0.62,0.63,1.04,"",0,0.0,-461,-41.6,-440,-41.4,-424,-40.2,-1650696,-34.0,-1482857,-33.1,7691,21.7,41,11.8
"20000","5","4482","56","0","2021","1","",114,925,875,906,4137354,3844700,68906,353,"",0.87,0.60,0.59,0.61,0.59,0.48,0.62,0.98,"",0,0.0,-87,-8.6,-106,-10.8,-131,-12.6,-795506,-16.1,-637357,-14.2,2152,3.2,-23,-6.1
"20000","5","44821","57","0","2021","1","",114,925,875,906,4137354,3844700,68906,353,"",0.87,0.60,0.59,0.61,0.59,0.48,0.62,0.98,"",0,0.0,-87,-8.6,-106,-10.8,-131,-12.6,-795506,-16.1,-637357,-14.2,2152,3.2,-23,-6.1
"20000","5","448210","58","0","2021","1","",114,925,875,906,4137354,3844700,68906,353,"",0.87,0.60,0.59,0.61,0.59,0.48,0.62,0.98,"",0,0.0,-87,-8.6,-106,-10.8,-131,-12.6,-795506,-16.1,-637357,-14.2,2152,3.2,-23,-6.1
"20000","5","4483","56","0","2021","1","",142,717,694,687,6260595,5184857,55983,689,"",0.85,0.69,0.69,0.69,0.70,0.58,0.41,1.01,"",-11,-7.2,-180,-20.1,-170,-19.7,-133,-16.2,-566084,-8.3,-746764,-12.6,17061,43.8,79,13.0
"20000","5","44831","57","0","2021","1","N",140,0,0,0,0,0,0,0,"N",0.89,0,0,0,0,0,0,0,"N",-10,-6.7,0,0,0,0,0,0,0,0,0,0,0,0,0,0
"20000","5","448310","58","0","2021","1","N",140,0,0,0,0,0,0,0,"N",0.89,0,0,0,0,0,0,0,"N",-10,-6.7,0,0,0,0,0,0,0,0,0,0,0,0,0,0
"20000","5","44832","57","0","2021","1","N",2,0,0,0,0,0,0,0,"N",0.20,0,0,0,0,0,0,0,"N",-1,-33.3,0,0,0,0,0,0,0,0,0,0,0,0,0,0
"20000","5","448320","58","0","2021","1","N",2,0,0,0,0,0,0,0,"N",0.20,0,0,0,0,0,0,0,"N",-1,-33.3,0,0,0,0,0,0,0,0,0,0,0,0,0,0
"20000","5","451","55","0","2021","1","",426,5408,5270,5277,29166910,25737441,253623,422,"",1.08,1.09,1.11,1.11,1.28,0.90,0.77,1.16,"",-5,-1.2,51,1.0,-22,-0.4,-25,-0.5,468422,1.6,160606,0.6,78303,44.7,7,1.7
"20000","5","4511","56","0","2021","1","",385,5131,5002,5002,28121551,24708017,247790,429,"",1.15,1.17,1.18,1.18,1.37,0.96,0.85,1.17,"",-2,-0.5,159,3.2,101,2.1,79,1.6,779578,2.9,439009,1.8,76486,44.6,3,0.7
"20000","5","45111","57","0","2021","1","",189,3156,3104,3109,18918793,16356962,183839,466,"",1.02,1.20,1.21,1.20,1.42,1.00,0.96,1.18,"",5,2.7,293,10.2,274,9.7,215,7.4,1035038,5.8,975751,6.3,42022,29.6,-15,-3.1
"20000","5","451110","58","0","2021","1","",189,3156,3104,3109,18918793,16356962,183839,466,"",1.02,1.20,1.21,1.20,1.42,1.00,0.96,1.18,"",5,2.7,293,10.2,274,9.7,215,7.4,1035038,5.8,975751,6.3,42022,29.6,-15,-3.1
"20000","5","45112","57","0","2021","1","",96,1211,1160,1129,6040722,5344433,39712,398,"",1.10,1.08,1.09,1.07,1.33,0.92,0.65,1.23,"",-7,-6.8,-142,-10.5,-150,-11.5,-161,-12.5,-302157,-4.8,-526328,-9.0,22266,127.6,28,7.6
"20000","5","451120","58","0","2021","1","",96,1211,1160,1129,6040722,5344433,39712,398,"",1.10,1.08,1.09,1.07,1.33,0.92,0.65,1.23,"",-7,-6.8,-142,-10.5,-150,-11.5,-161,-12.5,-302157,-4.8,-526328,-9.0,22266,127.6,28,7.6
"20000","5","45113","57","0","2021","1","",59,450,413,433,1479070,1366353,8239,263,"",1.79,1.23,1.18,1.25,1.19,0.85,0.49,0.97,"",0,0.0,47,11.7,9,2.2,33,8.2,337122,29.5,247809,22.2,3886,89.3,45,20.6
"20000","5","451130","58","0","2021","1","",59,450,413,433,1479070,1366353,8239,263,"",1.79,1.23,1.18,1.25,1.19,0.85,0.49,0.97,"",0,0.0,47,11.7,9,2.2,33,8.2,337122,29.5,247809,22.2,3886,89.3,45,20.6
"20000","5","45114","57","0","2021","1","",41,314,325,331,1682966,1640269,16000,400,"",1.36,1.18,1.22,1.23,1.13,0.88,0.73,0.93,"",0,0.0,-39,-11.0,-32,-9.0,-8,-2.4,-290425,-14.7,-258223,-13.6,8312,108.1,-34,-7.8
"20000","5","451140","58","0","2021","1","",41,314,325,331,1682966,1640269,16000,400,"",1.36,1.18,1.22,1.23,1.13,0.88,0.73,0.93,"",0,0.0,-39,-11.0,-32,-9.0,-8,-2.4,-290425,-14.7,-258223,-13.6,8312,108.1,-34,-7.8
"20000","5","4512","56","0","2021","1","",41,277,268,275,1045359,1029424,5833,294,"",0.71,0.50,0.51,0.53,0.46,0.35,0.15,0.89,"",-3,-6.8,-108,-28.1,-123,-31.5,-104,-27.4,-311156,-22.9,-278403,-21.3,1817,45.2,23,8.5
"20000","5","45121","57","0","2021","1","",41,277,268,275,1045359,1029424,5833,294,"",0.71,0.50,0.51,0.53,0.46,0.35,0.15,0.89,"",-3,-6.8,-108,-28.1,-123,-31.5,-104,-27.4,-311156,-22.9,-278403,-21.3,1817,45.2,23,8.5
"20000","5","451211","58","0","2021","1","N",38,0,0,0,0,0,0,0,"N",0.75,0,0,0,0,0,0,0,"N",-2,-5.0,0,0,0,0,0,0,0,0,0,0,0,0,0,0
"20000","5","451212","58","0","2021","1","N",3,0,0,0,0,0,0,0,"N",0.45,0,0,0,0,0,0,0,"N",-1,-25.0,0,0,0,0,0,0,0,0,0,0,0,0,0,0
"20000","5","452","55","0","2021","1","",645,29620,28936,29380,194198741,164662327,1651910,510,"",1.18,1.01,1.02,1.03,1.29,0.93,0.87,1.26,"",16,2.5,797,2.8,725,2.6,969,3.4,18607233,10.6,10027824,6.5,914767,124.1,36,7.6
"20000","5","4522","56","0","2021","1","",104,7148,6518,6595,36698077,33260923,291383,418,"",1.09,0.79,0.77,0.78,0.91,0.68,0.48,1.16,"",-2,-1.9,-835,-10.5,-1085,-14.3,-871,-11.7,-3855256,-9.5,-3862218,-10.4,197767,211.3,12,3.0
"20000","5","45221","57","0","2021","1","",104,7148,6518,6595,36698077,33260923,291383,418,"",1.09,0.79,0.77,0.78,0.91,0.68,0.48,1.16,"",-2,-1.9,-835,-10.5,-1085,-14.3,-871,-11.7,-3855256,-9.5,-3862218,-10.4,197767,211.3,12,3.0
"20000","5","452210","58","0","2021","1","",104,7148,6518,6595,36698077,33260923,291383,418,"",1.09,0.79,0.77,0.78,0.91,0.68,0.48,1.16,"",-2,-1.9,-835,-10.5,-1085,-14.3,-871,-11.7,-3855256,-9.5,-3862218,-10.4,197767,211.3,12,3.0
"20000","5","4523","56","0","2021","1","",541,22472,22418,22785,157500664,131401404,1360527,537,"",1.20,1.11,1.13,1.14,1.43,1.03,1.07,1.27,"",18,3.4,1632,7.8,1810,8.8,1840,8.8,22462489,16.6,13890042,11.8,717000,111.4,38,7.6
"20000","5","45231","57","0","2021","1","",541,22472,22418,22785,157500664,131401404,1360527,537,"",1.20,1.11,1.13,1.14,1.43,1.03,1.07,1.27,"",18,3.4,1632,7.8,1810,8.8,1840,8.8,22462489,16.6,13890042,11.8,717000,111.4,38,7.6
"20000","5","452311","58","0","2021","1","N",73,0,0,0,0,0,0,0,"N",1.42,0,0,0,0,0,0,0,"N",-1,-1.4,0,0,0,0,0,0,0,0,0,0,0,0,0,0
"20000","5","452319","58","0","2021","1","N",468,0,0,0,0,0,0,0,"N",1.18,0,0,0,0,0,0,0,"N",19,4.2,0,0,0,0,0,0,0,0,0,0,0,0,0,0
"20000","5","453","55","0","2021","1","",892,6964,7098,7082,40679632,33529866,524785,444,"",0.96,0.96,0.98,0.97,0.98,0.73,0.76,1.01,"",-15,-1.7,-591,-7.8,-580,-7.6,-249,-3.4,-648809,-1.6,-1438311,-4.1,144276,37.9,21,5.0
"20000","5","4531","56","0","2021","1","",120,424,520,440,1910265,1872767,21590,319,"",1.21,0.89,0.98,0.88,0.90,0.64,0.57,0.98,"",1,0.8,-6,-1.4,-27,-4.9,35,8.6,159841,9.1,136287,7.8,9381,76.8,27,9.2
"20000","5","45311","57","0","2021","1","",120,424,520,440,1910265,1872767,21590,319,"",1.21,0.89,0.98,0.88,0.90,0.64,0.57,0.98,"",1,0.8,-6,-1.4,-27,-4.9,35,8.6,159841,9.1,136287,7.8,9381,76.8,27,9.2
"20000","5","453110","58","0","2021","1","",120,424,520,440,1910265,1872767,21590,319,"",1.21,0.89,0.98,0.88,0.90,0.64,0.57,0.98,"",1,0.8,-6,-1.4,-27,-4.9,35,8.6,159841,9.1,136287,7.8,9381,76.8,27,9.2
"20000","5","4532","56","0","2021","1","",212,2090,2023,1991,14690212,10644631,131765,555,"",1.03,1.17,1.15,1.13,1.53,0.97,0.85,1.33,"",-9,-4.1,-178,-7.8,-243,-10.7,-126,-6.0,-774410,-5.0,-1305246,-10.9,28161,27.2,18,3.4
"20000","5","45321","57","0","2021","1","",69,765,765,770,8884904,5802080,67494,891,"",1.25,1.02,1.03,1.04,1.59,0.99,0.78,1.55,"",3,4.5,-77,-9.1,-82,-9.7,-64,-7.7,-519235,-5.5,-825897,-12.5,14096,26.4,31,3.6
"20000","5","453210","58","0","2021","1","",69,765,765,770,8884904,5802080,67494,891,"",1.25,1.02,1.03,1.04,1.59,0.99,0.78,1.55,"",3,4.5,-77,-9.1,-82,-9.7,-64,-7.7,-519235,-5.5,-825897,-12.5,14096,26.4,31,3.6
"20000","5","45322","57","0","2021","1","",143,1325,1258,1221,5805308,4842551,64271,352,"",0.95,1.27,1.24,1.20,1.43,0.94,0.94,1.15,"",-12,-7.7,-101,-7.1,-161,-11.3,-62,-4.8,-255175,-4.2,-479349,-9.0,14065,28.0,13,3.8
"20000","5","453220","58","0","2021","1","",143,1325,1258,1221,5805308,4842551,64271,352,"",0.95,1.27,1.24,1.20,1.43,0.94,0.94,1.15,"",-12,-7.7,-101,-7.1,-161,-11.3,-62,-4.8,-255175,-4.2,-479349,-9.0,14065,28.0,13,3.8
"20000","5","4533","56","0","2021","1","",147,1647,1727,1752,6785251,5172550,71749,305,"",1.04,1.05,1.11,1.10,0.97,0.83,0.83,0.89,"",0,0.0,-289,-14.9,-212,-10.9,-202,-10.3,-603769,-8.2,-396320,-7.1,24608,52.2,12,4.1
"20000","5","45331","57","0","2021","1","",147,1647,1727,1752,6785251,5172550,71749,305,"",1.04,1.05,1.11,1.10,0.97,0.83,0.83,0.89,"",0,0.0,-289,-14.9,-212,-10.9,-202,-10.3,-603769,-8.2,-396320,-7.1,24608,52.2,12,4.1
"20000","5","453310","58","0","2021","1","",147,1647,1727,1752,6785251,5172550,71749,305,"",1.04,1.05,1.11,1.10,0.97,0.83,0.83,0.89,"",0,0.0,-289,-14.9,-212,-10.9,-202,-10.3,-603769,-8.2,-396320,-7.1,24608,52.2,12,4.1
"20000","5","4539","56","0","2021","1","",413,2803,2828,2899,17293904,15839918,299681,468,"",0.85,0.82,0.83,0.84,0.76,0.61,0.73,0.92,"",-7,-1.7,-118,-4.0,-98,-3.3,44,1.5,569529,3.4,126968,0.8,82126,37.7,24,5.4
"20000","5","45391","57","0","2021","1","",84,1058,1061,1059,6259108,5575547,68476,455,"",1.02,0.97,0.96,0.96,1.07,0.76,0.79,1.11,"",-2,-2.3,-56,-5.0,-53,-4.8,-25,-2.3,48249,0.8,-295664,-5.0,21095,44.5,22,5.1
"20000","5","453910","58","0","2021","1","",84,1058,1061,1059,6259108,5575547,68476,455,"",1.02,0.97,0.96,0.96,1.07,0.76,0.79,1.11,"",-2,-2.3,-56,-5.0,-53,-4.8,-25,-2.3,48249,0.8,-295664,-5.0,21095,44.5,22,5.1
"20000","5","45392","57","0","2021","1","",15,72,73,75,505522,485107,8338,530,"",0.37,0.53,0.53,0.54,0.32,0.38,0.34,0.61,"",-2,-11.8,16,28.6,15,25.9,16,27.1,142483,39.2,97014,25.0,4651,126.1,46,9.5
"20000","5","453920","58","0","2021","1","",15,72,73,75,505522,485107,8338,530,"",0.37,0.53,0.53,0.54,0.32,0.38,0.34,0.61,"",-2,-11.8,16,28.6,15,25.9,16,27.1,142483,39.2,97014,25.0,4651,126.1,46,9.5
"20000","5","45393","57","0","2021","1","",13,48,48,47,507933,437176,7575,820,"",0.76,0.40,0.40,0.39,0.33,0.34,0.39,0.84,"",0,0.0,-13,-21.3,-17,-26.2,-19,-28.8,-142460,-21.9,-169827,-28.0,671,9.7,38,4.9
"20000","5","453930","58","0","2021","1","",13,48,48,47,507933,437176,7575,820,"",0.76,0.40,0.40,0.39,0.33,0.34,0.39,0.84,"",0,0.0,-13,-21.3,-17,-26.2,-19,-28.8,-142460,-21.9,-169827,-28.0,671,9.7,38,4.9
"20000","5","45399","57","0","2021","1","",301,1625,1646,1718,10021341,9342088,215292,464,"",0.87,0.79,0.80,0.81,0.73,0.58,0.77,0.91,"",-3,-1.0,-65,-3.8,-43,-2.5,72,4.4,521257,5.5,495445,5.6,55709,34.9,28,6.4
"20000","5","453991","58","0","2021","1","",72,357,364,370,1674433,1521299,29759,354,"",0.69,0.80,0.81,0.81,0.79,0.53,0.76,0.97,"",-2,-2.7,14,4.1,12,3.4,23,6.6,374732,28.8,227493,17.6,10748,56.5,66,22.9
"20000","5","453998","58","0","2021","1","",229,1268,1282,1348,8346908,7820789,185533,494,"",0.95,0.78,0.79,0.81,0.72,0.59,0.77,0.90,"",-1,-0.4,-79,-5.9,-55,-4.1,49,3.8,146525,1.8,267952,3.5,44961,32.0,19,4.0
"20000","5","454","55","0","2021","1","",380,2611,2601,2605,28713861,22328156,441753,848,"",0.73,0.45,0.45,0.45,0.31,0.27,0.37,0.70,"",41,12.1,-145,-5.3,-175,-6.3,-181,-6.5,-1243540,-4.2,-1571084,-6.6,81977,22.8,17,2.0
"20000","5","4541","56","0","2021","1","",212,1665,1633,1642,18084696,13696676,302458,845,"",0.66,0.39,0.39,0.39,0.24,0.21,0.36,0.62,"",43,25.4,49,3.0,0,0.0,-15,-0.9,492070,2.8,171848,1.3,72101,31.3,17,2.1
"20000","5","45411","57","0","2021","1","",212,1665,1633,1642,18084696,13696676,302458,845,"",0.66,0.39,0.39,0.39,0.24,0.21,0.36,0.62,"",43,25.4,49,3.0,0,0.0,-15,-0.9,492070,2.8,171848,1.3,72101,31.3,17,2.1
"20000","5","454110","58","0","2021","1","",212,1665,1633,1642,18084696,13696676,302458,845,"",0.66,0.39,0.39,0.39,0.24,0.21,0.36,0.62,"",43,25.4,49,3.0,0,0.0,-15,-0.9,492070,2.8,171848,1.3,72101,31.3,17,2.1
"20000","5","4542","56","0","2021","1","",46,410,427,435,4427948,3763552,74912,803,"",1.61,1.53,1.55,1.55,2.21,1.51,1.69,1.43,"",5,12.2,-139,-25.3,-123,-22.4,-96,-18.1,-1446162,-24.6,-1279938,-25.4,-4195,-5.3,-29,-3.5
"20000","5","45421","57","0","2021","1","",46,410,427,435,4427948,3763552,74912,803,"",1.61,1.53,1.55,1.55,2.21,1.51,1.69,1.43,"",5,12.2,-139,-25.3,-123,-22.4,-96,-18.1,-1446162,-24.6,-1279938,-25.4,-4195,-5.3,-29,-3.5
"20000","5","454210","58","0","2021","1","",46,410,427,435,4427948,3763552,74912,803,"",1.61,1.53,1.55,1.55,2.21,1.51,1.69,1.43,"",5,12.2,-139,-25.3,-123,-22.4,-96,-18.1,-1446162,-24.6,-1279938,-25.4,-4195,-5.3,-29,-3.5
"20000","5","4543","56","0","2021","1","",122,536,541,528,6201217,4867928,64383,892,"",0.72,0.42,0.43,0.42,0.43,0.33,0.23,1.02,"",-7,-5.4,-55,-9.3,-52,-8.8,-70,-11.7,-289448,-4.5,-462994,-8.7,14071,28.0,51,6.1
"20000","5","45431","57","0","2021","1","",52,264,266,262,3302331,2487784,45677,962,"",0.80,0.37,0.38,0.38,0.41,0.28,0.23,1.10,"",-3,-5.5,-23,-8.0,-24,-8.3,-27,-9.3,-71886,-2.1,-156606,-5.9,8282,22.1,63,7.0
"20000","5","454310","58","0","2021","1","",52,264,266,262,3302331,2487784,45677,962,"",0.80,0.37,0.38,0.38,0.41,0.28,0.23,1.10,"",-3,-5.5,-23,-8.0,-24,-8.3,-27,-9.3,-71886,-2.1,-156606,-5.9,8282,22.1,63,7.0
"20000","5","45439","57","0","2021","1","",70,272,275,266,2898886,2380144,18706,823,"",0.67,0.48,0.49,0.46,0.45,0.39,0.21,0.94,"",-4,-5.4,-32,-10.5,-28,-9.2,-43,-13.9,-217562,-7.0,-306388,-11.4,5789,44.8,38,4.8
"20000","5","454390","58","0","2021","1","",70,272,275,266,2898886,2380144,18706,823,"",0.67,0.48,0.49,0.46,0.45,0.39,0.21,0.94,"",-4,-5.4,-32,-10.5,-28,-9.2,-43,-13.9,-217562,-7.0,-306388,-11.4,5789,44.8,38,4.8
"20000","5","48-49","54","0","2021","1","",2685,61159,59573,59301,674908033,535633732,9928109,865,"",1.16,1.09,1.08,1.08,1.20,0.97,1.16,1.10,"",74,2.8,4369,7.7,4115,7.4,4522,8.3,15077869,2.3,27304835,5.4,2986727,43.0,-47,-5.2
"20000","5","481","55","0","2021","1","N",37,0,0,0,0,0,0,0,"N",0.73,0,0,0,0,0,0,0,"N",-3,-7.5,0,0,0,0,0,0,0,0,0,0,0,0,0,0
"20000","5","4811","56","0","2021","1","N",7,0,0,0,0,0,0,0,"N",0.34,0,0,0,0,0,0,0,"N",-2,-22.2,0,0,0,0,0,0,0,0,0,0,0,0,0,0
"20000","5","48111","57","0","2021","1","N",7,0,0,0,0,0,0,0,"N",0.34,0,0,0,0,0,0,0,"N",-2,-22.2,0,0,0,0,0,0,0,0,0,0,0,0,0,0
"20000","5","481111","58","0","2021","1","",6,114,111,111,731191,615155,6439,502,"",0.39,0.03,0.03,0.03,0.01,0.01,0.01,0.39,"",-2,-25.0,-7,-5.8,-8,-6.7,-15,-11.9,-198325,-21.3,-218005,-26.2,1720,36.4,-84,-14.3
"20000","5","481112","58","0","2021","1","N",1,0,0,0,0,0,0,0,"N",0.19,0,0,0,0,0,0,0,"N",0,0.0,0,0,0,0,0,0,0,0,0,0,0,0,0,0
"20000","5","4812","56","0","2021","1","",30,222,218,224,3726295,2468178,54026,1295,"",0.99,0.49,0.49,0.50,0.37,0.44,0.63,0.75,"",-1,-3.2,28,14.4,25,13.0,34,17.9,225903,6.5,259084,11.7,12616,30.5,-105,-7.5
"20000","5","48121","57","0","2021","1","",30,222,218,224,3726295,2468178,54026,1295,"",0.99,0.49,0.49,0.50,0.37,0.44,0.63,0.75,"",-1,-3.2,28,14.4,25,13.0,34,17.9,225903,6.5,259084,11.7,12616,30.5,-105,-7.5
"20000","5","481211","58","0","2021","1","",22,107,101,104,1456823,1013080,16251,1078,"",1.11,0.37,0.36,0.36,0.22,0.29,0.32,0.59,"",-3,-12.0,17,18.9,10,11.0,17,19.5,316841,27.8,159395,18.7,5653,53.3,96,9.8
"20000","5","481212","58","0","2021","1","N",4,0,0,0,0,0,0,0,"N",0.90,0,0,0,0,0,0,0,"N",2,100.0,0,0,0,0,0,0,0,0,0,0,0,0,0,0
"20000","5","481219","58","0","2021","1","N",4,0,0,0,0,0,0,0,"N",0.67,0,0,0,0,0,0,0,"N",0,0.0,0,0,0,0,0,0,0,0,0,0,0,0,0,0
"20000","5","484","55","0","2021","1","",1577,16340,16158,16357,215262745,179626307,3097036,1017,"",1.25,1.16,1.17,1.17,1.50,1.13,1.34,1.29,"",36,2.3,-453,-2.7,-695,-4.1,-474,-2.8,-15469910,-6.7,-1471910,-0.8,665619,27.4,-38,-3.6
"20000","5","4841","56","0","2021","1","",948,11579,11524,11574,157788316,131426518,2142362,1050,"",1.13,1.17,1.18,1.17,1.56,1.16,1.39,1.33,"",56,6.3,-153,-1.3,-275,-2.3,-150,-1.3,-1580054,-1.0,2456014,1.9,533800,33.2,7,0.7
"20000","5","48411","57","0","2021","1","",164,1244,1234,1287,14554129,13089576,262468,892,"",0.50,0.48,0.48,0.50,0.60,0.46,0.50,1.23,"",1,0.6,-43,-3.3,-31,-2.5,11,0.9,-106256,-0.7,-251154,-1.9,53115,25.4,8,0.9
"20000","5","484110","58","0","2021","1","",164,1244,1234,1287,14554129,13089576,262468,892,"",0.50,0.48,0.48,0.50,0.60,0.46,0.50,1.23,"",1,0.6,-43,-3.3,-31,-2.5,11,0.9,-106256,-0.7,-251154,-1.9,53115,25.4,8,0.9
"20000","5","48412","57","0","2021","1","",784,10335,10290,10287,143234187,118336942,1879894,1069,"",1.54,1.42,1.43,1.41,1.86,1.39,1.84,1.31,"",55,7.5,-110,-1.1,-244,-2.3,-161,-1.5,-1473798,-1.0,2707168,2.3,480685,34.4,6,0.6
"20000","5","484121","58","0","2021","1","",702,6982,6951,6912,89122465,77547535,1276231,987,"",1.67,1.44,1.45,1.43,1.84,1.39,1.96,1.27,"",53,8.2,-174,-2.4,-328,-4.5,-287,-4.0,-2503493,-2.7,1916614,2.5,282066,28.4,10,1.0
"20000","5","484122","58","0","2021","1","",82,3353,3339,3375,54111722,40789407,603663,1240,"",0.91,1.37,1.38,1.38,1.90,1.38,1.62,1.38,"",2,2.5,64,1.9,84,2.6,126,3.9,1029695,1.9,790554,2.0,198619,49.0,-11,-0.9
"20000","5","4842","56","0","2021","1","",629,4761,4634,4783,57474429,48199789,954674,935,"",1.47,1.15,1.14,1.15,1.37,1.06,1.25,1.20,"",-20,-3.1,-300,-5.9,-420,-8.3,-324,-6.3,-13889856,-19.5,-3927924,-7.5,131819,16.0,-147,-13.6
"20000","5","48421","57","0","2021","1","",85,895,903,951,7939483,6383423,107998,666,"",1.12,1.00,1.03,1.05,1.18,0.82,0.82,1.15,"",6,7.6,32,3.7,60,7.1,63,7.1,1503632,23.4,454122,7.7,40864,60.9,93,16.2
"20000","5","484210","58","0","2021","1","",85,895,903,951,7939483,6383423,107998,666,"",1.12,1.00,1.03,1.05,1.18,0.82,0.82,1.15,"",6,7.6,32,3.7,60,7.1,63,7.1,1503632,23.4,454122,7.7,40864,60.9,93,16.2
"20000","5","48422","57","0","2021","1","",357,1961,1855,1991,21996733,19527955,429837,874,"",1.43,0.98,0.94,0.99,1.12,0.85,0.97,1.15,"",-17,-4.5,-168,-7.9,-260,-12.3,-148,-6.9,-1345573,-5.8,-1594037,-7.5,24272,6.0,30,3.6
"20000","5","484220","58","0","2021","1","",357,1961,1855,1991,21996733,19527955,429837,874,"",1.43,0.98,0.94,0.99,1.12,0.85,0.97,1.15,"",-17,-4.5,-168,-7.9,-260,-12.3,-148,-6.9,-1345573,-5.8,-1594037,-7.5,24272,6.0,30,3.6
"20000","5","48423","57","0","2021","1","",187,1905,1876,1841,27538213,22288411,416839,1130,"",1.85,1.54,1.54,1.50,1.79,1.49,2.16,1.17,"",-9,-4.6,-164,-7.9,-220,-10.5,-239,-11.5,-14047915,-33.8,-2788009,-11.1,66683,19.0,-407,-26.5
"20000","5","484230","58","0","2021","1","",187,1905,1876,1841,27538213,22288411,416839,1130,"",1.85,1.54,1.54,1.50,1.79,1.49,2.16,1.17,"",-9,-4.6,-164,-7.9,-220,-10.5,-239,-11.5,-14047915,-33.8,-2788009,-11.1,66683,19.0,-407,-26.5
"20000","5","485","55","0","2021","1","",123,3869,3892,3725,22070945,20775077,465808,443,"",0.74,1.15,1.14,1.06,0.79,0.78,0.51,0.70,"",-8,-6.1,-739,-16.0,-757,-16.3,-677,-15.4,-4450183,-16.8,-4126766,-16.6,130230,38.8,-5,-1.1
"20000","5","4851","56","0","2021","1","",4,67,67,67,532679,65927,1056,612,"",0.62,0.18,0.18,0.18,0.16,0.02,0.02,0.86,"N",0,0.0,0,0,0,0,0,0,0,0,0,0,0,0,0,0
"20000","5","48511","57","0","2021","1","",4,67,67,67,532679,65927,1056,612,"",0.62,0.18,0.18,0.18,0.16,0.02,0.02,0.86,"N",0,0.0,0,0,0,0,0,0,0,0,0,0,0,0,0,0
"20000","5","485113","58","0","2021","1","",4,67,67,67,532679,65927,1056,612,"",0.80,0.22,0.22,0.22,0.20,0.02,0.02,0.89,"N",0,0.0,0,0,0,0,0,0,0,0,0,0,0,0,0,0
"20000","5","4852","56","0","2021","1","N",1,0,0,0,0,0,0,0,"N",0.24,0,0,0,0,0,0,0,"N",0,0.0,0,0,0,0,0,0,0,0,0,0,0,0,0,0
"20000","5","48521","57","0","2021","1","N",1,0,0,0,0,0,0,0,"N",0.24,0,0,0,0,0,0,0,"N",0,0.0,0,0,0,0,0,0,0,0,0,0,0,0,0,0
"20000","5","485210","58","0","2021","1","N",1,0,0,0,0,0,0,0,"N",0.24,0,0,0,0,0,0,0,"N",0,0.0,0,0,0,0,0,0,0,0,0,0,0,0,0,0
"20000","5","4853","56","0","2021","1","",36,186,181,168,858937,795228,15957,370,"",0.63,0.50,0.48,0.43,0.09,0.27,0.26,0.20,"",-3,-7.7,-67,-26.5,-77,-29.8,-61,-26.6,-596402,-41.0,-536772,-40.3,-4767,-23.0,-84,-18.5
"20000","5","48531","57","0","2021","1","",20,124,117,103,504629,458028,9932,339,"",0.85,0.55,0.52,0.45,0.06,0.25,0.26,0.12,"",2,11.1,-11,-8.1,-24,-17.0,-15,-12.7,-71061,-12.3,-70316,-13.3,862,9.5,2,0.6
"20000","5","485310","58","0","2021","1","",20,124,117,103,504629,458028,9932,339,"",0.85,0.55,0.52,0.45,0.06,0.25,0.26,0.12,"",2,11.1,-11,-8.1,-24,-17.0,-15,-12.7,-71061,-12.3,-70316,-13.3,862,9.5,2,0.6
"20000","5","48532","57","0","2021","1","",16,62,64,65,354308,337200,6025,428,"",0.47,0.42,0.42,0.40,0.42,0.31,0.26,1.01,"",-5,-23.8,-56,-47.5,-53,-45.3,-46,-41.4,-525341,-59.7,-466456,-58.0,-5629,-48.3,-159,-27.1
"20000","5","485320","58","0","2021","1","",16,62,64,65,354308,337200,6025,428,"",0.47,0.42,0.42,0.40,0.42,0.31,0.26,1.01,"",-5,-23.8,-56,-47.5,-53,-45.3,-46,-41.4,-525341,-59.7,-466456,-58.0,-5629,-48.3,-159,-27.1
"20000","5","4854","56","0","2021","1","",34,3213,3228,3053,18239399,17547360,409759,443,"",0.97,2.03,1.96,1.82,2.35,1.57,0.67,1.21,"",-2,-5.6,-457,-12.5,-462,-12.5,-456,-13.0,-2712008,-12.9,-2457732,-12.3,139094,51.4,-2,-0.4
"20000","5","48541","57","0","2021","1","",34,3213,3228,3053,18239399,17547360,409759,443,"",0.97,2.03,1.96,1.82,2.35,1.57,0.67,1.21,"",-2,-5.6,-457,-12.5,-462,-12.5,-456,-13.0,-2712008,-12.9,-2457732,-12.3,139094,51.4,-2,-0.4
"20000","5","485410","58","0","2021","1","",34,3213,3228,3053,18239399,17547360,409759,443,"",0.97,2.03,1.96,1.82,2.35,1.57,0.67,1.21,"",-2,-5.6,-457,-12.5,-462,-12.5,-456,-13.0,-2712008,-12.9,-2457732,-12.3,139094,51.4,-2,-0.4
"20000","5","4855","56","0","2021","1","N",10,0,0,0,0,0,0,0,"N",0.95,0,0,0,0,0,0,0,"N",0,0.0,0,0,0,0,0,0,0,0,0,0,0,0,0,0
"20000","5","48551","57","0","2021","1","N",10,0,0,0,0,0,0,0,"N",0.95,0,0,0,0,0,0,0,"N",0,0.0,0,0,0,0,0,0,0,0,0,0,0,0,0,0
"20000","5","485510","58","0","2021","1","N",10,0,0,0,0,0,0,0,"N",0.95,0,0,0,0,0,0,0,"N",0,0.0,0,0,0,0,0,0,0,0,0,0,0,0,0,0
"20000","5","4859","56","0","2021","1","",38,359,369,384,2134452,2056834,34354,443,"",0.71,0.45,0.46,0.48,0.37,0.32,0.24,0.81,"",-3,-7.3,-123,-25.5,-125,-25.3,-83,-17.8,-568402,-21.0,-582873,-22.1,1578,4.8,11,2.5
"20000","5","48599","57","0","2021","1","",38,359,369,384,2134452,2056834,34354,443,"",0.71,0.45,0.46,0.48,0.37,0.32,0.24,0.81,"",-3,-7.3,-123,-25.5,-125,-25.3,-83,-17.8,-568402,-21.0,-582873,-22.1,1578,4.8,11,2.5
"20000","5","485991","58","0","2021","1","",29,325,333,347,1974762,1905636,31238,453,"",0.94,0.58,0.60,0.62,0.55,0.43,0.32,0.92,"",-5,-14.7,-106,-24.6,-112,-25.2,-68,-16.4,-410932,-17.2,-430908,-18.4,3528,12.7,27,6.3
"20000","5","485999","58","0","2021","1","",9,34,36,37,159690,151198,3116,344,"",0.40,0.14,0.15,0.15,0.08,0.08,0.07,0.51,"",2,28.6,-17,-33.3,-13,-26.5,-15,-28.8,-157470,-49.7,-151965,-50.1,-1950,-38.5,-138,-28.6
"20000","5","486","55","0","2021","1","",78,984,988,986,26105284,12856141,100856,2037,"",2.89,2.06,2.09,2.10,1.76,1.73,1.13,0.84,"",5,6.8,-16,-1.6,-8,-0.8,-17,-1.7,-7153229,-21.5,-438263,-3.3,23894,31.0,-522,-20.4
"20000","5","4861","56","0","2021","1","",6,31,31,31,771471,396555,8677,1914,"",1.23,0.28,0.28,0.29,0.23,0.23,0.38,0.80,"",0,0.0,-5,-13.9,-3,-8.8,-4,-11.4,-250604,-24.5,-81270,-17.0,-3001,-25.7,-332,-14.8
"20000","5","48611","57","0","2021","1","",6,31,31,31,771471,396555,8677,1914,"",1.23,0.28,0.28,0.29,0.23,0.23,0.38,0.80,"",0,0.0,-5,-13.9,-3,-8.8,-4,-11.4,-250604,-24.5,-81270,-17.0,-3001,-25.7,-332,-14.8
"20000","5","486110","58","0","2021","1","",6,31,31,31,771471,396555,8677,1914,"",1.23,0.28,0.28,0.29,0.23,0.23,0.38,0.80,"",0,0.0,-5,-13.9,-3,-8.8,-4,-11.4,-250604,-24.5,-81270,-17.0,-3001,-25.7,-332,-14.8
"20000","5","4862","56","0","2021","1","",60,759,762,762,19384105,9764545,64110,1959,"",3.58,2.63,2.67,2.68,2.08,2.21,1.24,0.78,"",4,7.1,-6,-0.8,-3,-0.4,-7,-0.9,-5184834,-21.1,-323059,-3.2,20036,45.5,-507,-20.6
"20000","5","48621","57","0","2021","1","",60,759,762,762,19384105,9764545,64110,1959,"",3.58,2.63,2.67,2.68,2.08,2.21,1.24,0.78,"",4,7.1,-6,-0.8,-3,-0.4,-7,-0.9,-5184834,-21.1,-323059,-3.2,20036,45.5,-507,-20.6
"20000","5","486210","58","0","2021","1","",60,759,762,762,19384105,9764545,64110,1959,"",3.58,2.63,2.67,2.68,2.08,2.21,1.24,0.78,"",4,7.1,-6,-0.8,-3,-0.4,-7,-0.9,-5184834,-21.1,-323059,-3.2,20036,45.5,-507,-20.6
"20000","5","4869","56","0","2021","1","",12,194,195,193,5949708,2695041,28069,2359,"",2.24,2.48,2.50,2.49,2.76,2.08,1.91,1.11,"",1,9.1,-5,-2.5,-2,-1.0,-6,-3.0,-1717791,-22.4,-33934,-1.2,6859,32.3,-615,-20.7
"20000","5","48691","57","0","2021","1","",12,194,195,193,5949708,2695041,28069,2359,"",2.47,2.71,2.73,2.73,2.97,2.23,2.18,1.09,"",1,9.1,-5,-2.5,-2,-1.0,-6,-3.0,-1717791,-22.4,-33934,-1.2,6859,32.3,-615,-20.7
"20000","5","486910","58","0","2021","1","",12,194,195,193,5949708,2695041,28069,2359,"",2.47,2.71,2.73,2.73,2.97,2.23,2.18,1.09,"",1,9.1,-5,-2.5,-2,-1.0,-6,-3.0,-1717791,-22.4,-33934,-1.2,6859,32.3,-615,-20.7
"20000","5","487","55","0","2021","1","N",3,0,0,0,0,0,0,0,"N",0.11,0,0,0,0,0,0,0,"N",-1,-25.0,0,0,0,0,0,0,0,0,0,0,0,0,0,0
"20000","5","4871","56","0","2021","1","N",2,0,0,0,0,0,0,0,"N",0.28,0,0,0,0,0,0,0,"N",-1,-33.3,0,0,0,0,0,0,0,0,0,0,0,0,0,0
"20000","5","48711","57","0","2021","1","N",2,0,0,0,0,0,0,0,"N",0.28,0,0,0,0,0,0,0,"N",-1,-33.3,0,0,0,0,0,0,0,0,0,0,0,0,0,0
"20000","5","487110","58","0","2021","1","N",2,0,0,0,0,0,0,0,"N",0.28,0,0,0,0,0,0,0,"N",-1,-33.3,0,0,0,0,0,0,0,0,0,0,0,0,0,0
"20000","5","4879","56","0","2021","1","N",1,0,0,0,0,0,0,0,"N",0.45,0,0,0,0,0,0,0,"N",0,0.0,0,0,0,0,0,0,0,0,0,0,0,0,0,0
"20000","5","48799","57","0","2021","1","N",1,0,0,0,0,0,0,0,"N",0.45,0,0,0,0,0,0,0,"N",0,0.0,0,0,0,0,0,0,0,0,0,0,0,0,0,0
"20000","5","487990","58","0","2021","1","N",1,0,0,0,0,0,0,0,"N",0.45,0,0,0,0,0,0,0,"N",0,0.0,0,0,0,0,0,0,0,0,0,0,0,0,0,0
"20000","5","488","55","0","2021","1","",421,6047,6062,6136,98293202,65456000,1441440,1243,"",1.00,0.92,0.93,0.93,1.26,0.92,1.26,1.35,"",18,4.5,-334,-5.2,-353,-5.5,-218,-3.4,1306524,1.3,-2511142,-3.7,262077,22.2,74,6.3
"20000","5","4881","56","0","2021","1","",120,1487,1479,1502,19459329,14478166,253577,1005,"",1.74,0.80,0.80,0.80,1.01,0.77,0.89,1.26,"",-1,-0.8,-112,-7.0,-144,-8.9,-123,-7.6,-1241007,-6.0,-1014840,-6.6,24934,10.9,19,1.9
"20000","5","48811","57","0","2021","1","",19,274,243,252,3451957,2116518,24030,1036,"",1.01,0.36,0.32,0.33,0.69,0.35,0.23,2.04,"",0,0.0,-111,-28.8,-146,-37.5,-116,-31.5,-1832457,-34.7,-1096115,-34.1,-4353,-15.3,-32,-3.0
"20000","5","488111","58","0","2021","1","N",9,0,0,0,0,0,0,0,"N",4.71,0,0,0,0,0,0,0,"N",0,0.0,0,0,0,0,0,0,0,0,0,0,0,0,0,0
"20000","5","488119","58","0","2021","1","N",10,0,0,0,0,0,0,0,"N",0.59,0,0,0,0,0,0,0,"N",0,0.0,0,0,0,0,0,0,0,0,0,0,0,0,0,0
"20000","5","48819","57","0","2021","1","",101,1213,1236,1250,16007372,12361648,229547,999,"",2.01,1.11,1.13,1.14,1.12,0.97,1.26,1.00,"",-1,-1.0,-1,-0.1,2,0.2,-7,-0.6,591450,3.8,81275,0.7,29287,14.6,39,4.1
"20000","5","488190","58","0","2021","1","",101,1213,1236,1250,16007372,12361648,229547,999,"",2.01,1.11,1.13,1.14,1.12,0.97,1.26,1.00,"",-1,-1.0,-1,-0.1,2,0.2,-7,-0.6,591450,3.8,81275,0.7,29287,14.6,39,4.1
"20000","5","4882","56","0","2021","1","",38,730,710,711,12391322,8125264,131106,1329,"",2.56,2.33,2.28,2.27,3.61,2.19,1.74,1.57,"",-2,-5.0,-131,-15.2,-167,-19.0,-171,-19.4,-2787240,-18.4,-2039650,-20.1,-8638,-6.2,-8,-0.6
"20000","5","48821","57","0","2021","1","",38,730,710,711,12391322,8125264,131106,1329,"",2.56,2.33,2.28,2.27,3.61,2.19,1.74,1.57,"",-2,-5.0,-131,-15.2,-167,-19.0,-171,-19.4,-2787240,-18.4,-2039650,-20.1,-8638,-6.2,-8,-0.6
"20000","5","488210","58","0","2021","1","",38,730,710,711,12391322,8125264,131106,1329,"",2.56,2.33,2.28,2.27,3.61,2.19,1.74,1.57,"",-2,-5.0,-131,-15.2,-167,-19.0,-171,-19.4,-2787240,-18.4,-2039650,-20.1,-8638,-6.2,-8,-0.6
"20000","5","4884","56","0","2021","1","",109,969,994,995,10254073,8934450,188574,800,"",0.92,0.96,0.99,0.99,1.20,0.90,1.17,1.23,"",10,10.1,-5,-0.5,29,3.0,41,4.3,421866,4.3,168979,1.9,48507,34.6,16,2.0
"20000","5","48841","57","0","2021","1","",75,551,565,563,6232153,5378667,95978,857,"",0.91,0.87,0.90,0.89,1.19,0.88,1.02,1.34,"",5,7.1,-10,-1.8,16,2.9,20,3.7,423425,7.3,194776,3.8,22127,30.0,46,5.7
"20000","5","488410","58","0","2021","1","",75,551,565,563,6232153,5378667,95978,857,"",0.91,0.87,0.90,0.89,1.19,0.88,1.02,1.34,"",5,7.1,-10,-1.8,16,2.9,20,3.7,423425,7.3,194776,3.8,22127,30.0,46,5.7
"20000","5","48849","57","0","2021","1","",34,418,429,432,4021920,3555783,92596,726,"",0.95,1.09,1.13,1.15,1.22,0.95,1.39,1.09,"",5,17.2,5,1.2,13,3.1,21,5.1,-1559,0.0,-25797,-0.7,26380,39.8,-23,-3.1
"20000","5","488490","58","0","2021","1","",34,418,429,432,4021920,3555783,92596,726,"",0.95,1.09,1.13,1.15,1.22,0.95,1.39,1.09,"",5,17.2,5,1.2,13,3.1,21,5.1,-1559,0.0,-25797,-0.7,26380,39.8,-23,-3.1
"20000","5","4885","56","0","2021","1","",149,2830,2848,2896,56004821,33820932,867585,1507,"",0.87,1.27,1.29,1.30,1.90,1.30,1.99,1.48,"",13,9.6,-77,-2.6,-65,-2.2,40,1.4,4944101,9.7,386546,1.2,197404,29.5,149,11.0
"20000","5","48851","57","0","2021","1","",149,2830,2848,2896,56004821,33820932,867585,1507,"",0.87,1.27,1.29,1.30,1.90,1.30,1.99,1.48,"",13,9.6,-77,-2.6,-65,-2.2,40,1.4,4944101,9.7,386546,1.2,197404,29.5,149,11.0
"20000","5","488510","58","0","2021","1","",149,2830,2848,2896,56004821,33820932,867585,1507,"",0.87,1.27,1.29,1.30,1.90,1.30,1.99,1.48,"",13,9.6,-77,-2.6,-65,-2.2,40,1.4,4944101,9.7,386546,1.2,197404,29.5,149,11.0
"20000","5","4889","56","0","2021","1","",5,31,31,32,183657,97188,598,451,"",0.21,0.10,0.10,0.10,0.06,0.03,0.01,0.56,"",-2,-28.6,-9,-22.5,-6,-16.2,-5,-13.5,-31196,-14.5,-12177,-11.1,-130,-17.9,16,3.7
"20000","5","48899","57","0","2021","1","",5,31,31,32,183657,97188,598,451,"",0.21,0.10,0.10,0.10,0.06,0.03,0.01,0.56,"",-2,-28.6,-9,-22.5,-6,-16.2,-5,-13.5,-31196,-14.5,-12177,-11.1,-130,-17.9,16,3.7
"20000","5","488991","58","0","2021","1","N",3,0,0,0,0,0,0,0,"N",0.27,0,0,0,0,0,0,0,"N",-1,-25.0,0,0,0,0,0,0,0,0,0,0,0,0,0,0
"20000","5","488999","58","0","2021","1","N",2,0,0,0,0,0,0,0,"N",0.16,0,0,0,0,0,0,0,"N",-1,-33.3,0,0,0,0,0,0,0,0,0,0,0,0,0,0
"20000","5","492","55","0","2021","1","",177,12113,10998,10981,114539935,88398969,1472348,775,"",1.03,1.11,1.08,1.09,1.27,1.01,1.34,1.16,"",8,4.7,2169,21.8,2282,26.2,2340,27.1,16072410,16.3,14465305,19.6,644196,77.8,-57,-6.9
"20000","5","4921","56","0","2021","1","",105,10847,9798,9793,104114497,78404532,1242301,789,"",1.04,1.17,1.14,1.15,1.39,1.06,1.50,1.20,"",6,6.1,1963,22.1,2119,27.6,2163,28.3,14895284,16.7,13405146,20.6,588963,90.1,-62,-7.3
"20000","5","49211","57","0","2021","1","",105,10847,9798,9793,104114497,78404532,1242301,789,"",1.04,1.17,1.14,1.15,1.39,1.06,1.50,1.20,"",6,6.1,1963,22.1,2119,27.6,2163,28.3,14895284,16.7,13405146,20.6,588963,90.1,-62,-7.3
"20000","5","492110","58","0","2021","1","",105,10847,9798,9793,104114497,78404532,1242301,789,"",1.04,1.17,1.14,1.15,1.39,1.06,1.50,1.20,"",6,6.1,1963,22.1,2119,27.6,2163,28.3,14895284,16.7,13405146,20.6,588963,90.1,-62,-7.3
"20000","5","4922","56","0","2021","1","",72,1266,1200,1188,10425438,9994437,230047,658,"",1.02,0.77,0.75,0.77,0.68,0.73,0.86,0.89,"",2,2.9,206,19.4,163,15.7,177,17.5,1177126,12.7,1060159,11.9,55233,31.6,-29,-4.2
"20000","5","49221","57","0","2021","1","",72,1266,1200,1188,10425438,9994437,230047,658,"",1.02,0.77,0.75,0.77,0.68,0.73,0.86,0.89,"",2,2.9,206,19.4,163,15.7,177,17.5,1177126,12.7,1060159,11.9,55233,31.6,-29,-4.2
"20000","5","492210","58","0","2021","1","",72,1266,1200,1188,10425438,9994437,230047,658,"",1.02,0.77,0.75,0.77,0.68,0.73,0.86,0.89,"",2,2.9,206,19.4,163,15.7,177,17.5,1177126,12.7,1060159,11.9,55233,31.6,-29,-4.2
"20000","5","493","55","0","2021","1","",269,21463,21139,20774,194144943,165402453,3289641,707,"",1.65,1.34,1.36,1.35,1.55,1.20,1.44,1.15,"",19,7.6,3721,21.0,3630,20.7,3552,20.6,24778802,14.6,21371485,14.8,1246283,61.0,-38,-5.1
"20000","5","4931","56","0","2021","1","",269,21463,21139,20774,194144943,165402453,3289641,707,"",1.65,1.34,1.36,1.35,1.55,1.20,1.44,1.15,"",19,7.6,3721,21.0,3630,20.7,3552,20.6,24778802,14.6,21371485,14.8,1246283,61.0,-38,-5.1
"20000","5","49311","57","0","2021","1","",138,18601,18308,17890,162241953,140747606,2829684,683,"",1.13,1.26,1.27,1.26,1.44,1.13,1.39,1.14,"",11,8.7,3607,24.1,3538,24.0,3451,23.9,25748903,18.9,21614016,18.1,1164775,70.0,-30,-4.2
"20000","5","493110","58","0","2021","1","",138,18601,18308,17890,162241953,140747606,2829684,683,"",1.13,1.26,1.27,1.26,1.44,1.13,1.39,1.14,"",11,8.7,3607,24.1,3538,24.0,3451,23.9,25748903,18.9,21614016,18.1,1164775,70.0,-30,-4.2
"20000","5","49312","57","0","2021","1","",16,1344,1326,1356,15867196,11920706,259113,910,"",1.26,2.12,2.11,2.14,2.34,1.63,1.90,1.10,"",3,23.1,155,13.0,134,11.2,127,10.3,149079,0.9,433268,3.8,75809,41.4,-95,-9.5
"20000","5","493120","58","0","2021","1","",16,1344,1326,1356,15867196,11920706,259113,910,"",1.26,2.12,2.11,2.14,2.34,1.63,1.90,1.10,"",3,23.1,155,13.0,134,11.2,127,10.3,149079,0.9,433268,3.8,75809,41.4,-95,-9.5
"20000","5","49313","57","0","2021","1","",89,825,811,813,8895732,7519158,79521,838,"",11.14,8.35,8.33,8.27,10.06,7.16,5.04,1.21,"",4,4.7,114,16.0,104,14.7,99,13.9,669299,8.1,899228,13.6,29346,58.5,-52,-5.8
"20000","5","493130","58","0","2021","1","",89,825,811,813,8895732,7519158,79521,838,"",11.14,8.35,8.33,8.27,10.06,7.16,5.04,1.21,"",4,4.7,114,16.0,104,14.7,99,13.9,669299,8.1,899228,13.6,29346,58.5,-52,-5.8
"20000","5","49319","57","0","2021","1","",26,693,694,715,7140062,5214983,121323,784,"",1.29,1.51,1.52,1.56,1.43,1.07,1.38,0.93,"",1,4.0,-155,-18.3,-146,-17.4,-125,-14.9,-1788479,-20.0,-1575027,-23.2,-23647,-16.3,-31,-3.8
"20000","5","493190","58","0","2021","1","",26,693,694,715,7140062,5214983,121323,784,"",1.29,1.51,1.52,1.56,1.43,1.07,1.38,0.93,"",1,4.0,-155,-18.3,-146,-17.4,-125,-14.9,-1788479,-20.0,-1575027,-23.2,-23647,-16.3,-31,-3.8
"20000","5","51","54","0","2021","1","",1756,16117,16308,16250,346739892,184624745,3591666,1644,"",1.00,0.63,0.62,0.62,0.43,0.48,0.51,0.69,"",288,19.6,-2072,-11.4,-1850,-10.2,-1820,-10.1,4669067,1.4,-11256209,-5.7,155832,4.5,193,13.3
"20000","5","511","55","0","2021","1","",640,3832,3892,3954,70096387,40719417,863122,1385,"",1.14,0.52,0.53,0.53,0.29,0.31,0.43,0.56,"",127,24.8,-512,-11.8,-494,-11.3,-511,-11.4,-6134988,-8.0,-6558454,-13.9,8861,1.0,52,3.9
"20000","5","5111","56","0","2021","1","",232,2068,2113,2124,23511173,17598665,443799,861,"",1.44,0.87,0.90,0.90,0.59,0.64,0.75,0.67,"",2,0.9,-947,-31.4,-952,-31.1,-978,-31.5,-15982253,-40.5,-11891682,-40.3,-137881,-23.7,-132,-13.3
"20000","5","51111","57","0","2021","1","",128,925,954,943,7096287,5950680,72758,580,"",2.32,0.92,0.96,0.95,0.55,0.58,0.35,0.59,"",1,0.8,-152,-14.1,-142,-13.0,-131,-12.2,-1030609,-12.7,-1135178,-16.0,1149,1.6,2,0.3
"20000","5","511110","58","0","2021","1","",128,925,954,943,7096287,5950680,72758,580,"",2.32,0.92,0.96,0.95,0.55,0.58,0.35,0.59,"",1,0.8,-152,-14.1,-142,-13.0,-131,-12.2,-1030609,-12.7,-1135178,-16.0,1149,1.6,2,0.3
"20000","5","51112","57","0","2021","1","",57,519,532,524,7132497,4979936,72411,1045,"",1.03,0.79,0.82,0.80,0.51,0.62,0.39,0.64,"",-1,-1.7,-271,-34.3,-272,-33.8,-265,-33.6,-4590839,-39.2,-3442924,-40.9,-33620,-31.7,-90,-7.9
"20000","5","511120","58","0","2021","1","",57,519,532,524,7132497,4979936,72411,1045,"",1.03,0.79,0.82,0.80,0.51,0.62,0.39,0.64,"",-1,-1.7,-271,-34.3,-272,-33.8,-265,-33.6,-4590839,-39.2,-3442924,-40.9,-33620,-31.7,-90,-7.9
"20000","5","51113","57","0","2021","1","",33,398,405,444,5570108,4388424,268175,1031,"",1.01,0.82,0.84,0.92,0.59,0.67,2.12,0.69,"",0,0.0,-35,-8.1,-50,-11.0,-92,-17.2,-1554471,-21.8,-847692,-16.2,-30513,-10.2,-124,-10.7
"20000","5","511130","58","0","2021","1","",33,398,405,444,5570108,4388424,268175,1031,"",1.01,0.82,0.84,0.92,0.59,0.67,2.12,0.69,"",0,0.0,-35,-8.1,-50,-11.0,-92,-17.2,-1554471,-21.8,-847692,-16.2,-30513,-10.2,-124,-10.7
"20000","5","51114","57","0","2021","1","",10,75,76,68,1555711,812784,11091,1639,"",1.39,0.61,0.63,0.56,0.79,0.54,0.28,1.32,"N",1,11.1,0,0,0,0,0,0,0,0,0,0,0,0,0,0
"20000","5","511140","58","0","2021","1","",10,75,76,68,1555711,812784,11091,1639,"",1.39,0.61,0.63,0.56,0.79,0.54,0.28,1.32,"N",1,11.1,0,0,0,0,0,0,0,0,0,0,0,0,0,0
"20000","5","51119","57","0","2021","1","",4,151,146,145,2156570,1466841,19364,1126,"",0.36,1.50,1.47,1.45,1.49,1.24,0.72,1.01,"N",1,33.3,0,0,0,0,0,0,0,0,0,0,0,0,0,0
"20000","5","511199","58","0","2021","1","",4,151,146,145,2156570,1466841,19364,1126,"",0.39,2.08,2.02,2.00,1.85,1.57,0.84,0.91,"N",1,33.3,0,0,0,0,0,0,0,0,0,0,0,0,0,0
"20000","5","5112","56","0","2021","1","",408,1764,1779,1830,46585214,23120752,419323,2001,"",1.02,0.35,0.35,0.36,0.23,0.22,0.29,0.66,"",125,44.2,435,32.7,458,34.7,467,34.3,9847265,26.8,5333228,30.0,146742,53.8,-112,-5.3
"20000","5","51121","57","0","2021","1","",408,1764,1779,1830,46585214,23120752,419323,2001,"",1.02,0.35,0.35,0.36,0.23,0.22,0.29,0.66,"",125,44.2,435,32.7,458,34.7,467,34.3,9847265,26.8,5333228,30.0,146742,53.8,-112,-5.3
"20000","5","511210","58","0","2021","1","",408,1764,1779,1830,46585214,23120752,419323,2001,"",1.02,0.35,0.35,0.36,0.23,0.22,0.29,0.66,"",125,44.2,435,32.7,458,34.7,467,34.3,9847265,26.8,5333228,30.0,146742,53.8,-112,-5.3
"20000","5","512","55","0","2021","1","",148,650,705,640,3533442,2743817,46095,409,"",0.51,0.25,0.23,0.21,0.06,0.09,0.04,0.28,"",3,2.1,-1121,-63.3,-1037,-59.5,-958,-59.9,-3591910,-50.4,-2488018,-47.6,-35815,-43.7,87,27.0
"20000","5","5121","56","0","2021","1","",138,599,654,588,2976536,2244373,35469,373,"",0.54,0.25,0.22,0.20,0.06,0.08,0.04,0.26,"",3,2.2,-1122,-65.2,-1037,-61.3,-960,-62.0,-3571008,-54.5,-2475023,-52.4,-36304,-50.6,68,22.3
"20000","5","51211","57","0","2021","1","",61,134,140,125,1329843,1062021,20837,769,"",0.34,0.08,0.06,0.06,0.03,0.04,0.02,0.46,"",6,10.9,-8,-5.6,-22,-13.6,16,14.7,-85221,-6.0,-70527,-6.2,2952,16.5,-22,-2.8
"20000","5","512110","58","0","2021","1","",61,134,140,125,1329843,1062021,20837,769,"",0.34,0.08,0.06,0.06,0.03,0.04,0.02,0.46,"",6,10.9,-8,-5.6,-22,-13.6,16,14.7,-85221,-6.0,-70527,-6.2,2952,16.5,-22,-2.8
"20000","5","51212","57","0","2021","1","N",3,0,0,0,0,0,0,0,"N",0.51,0,0,0,0,0,0,0,"N",0,0.0,0,0,0,0,0,0,0,0,0,0,0,0,0,0
"20000","5","512120","58","0","2021","1","N",3,0,0,0,0,0,0,0,"N",0.51,0,0,0,0,0,0,0,"N",0,0.0,0,0,0,0,0,0,0,0,0,0,0,0,0,0
"20000","5","51213","57","0","2021","1","",65,445,444,435,1340354,947487,10314,234,"",1.76,1.17,1.18,1.09,1.15,0.66,0.66,1.00,"",-3,-4.4,-1106,-71.3,-1063,-70.5,-988,-69.4,-3513597,-72.4,-2467157,-72.3,-41045,-79.9,-16,-6.4
"20000","5","512131","58","0","2021","1","N",60,0,0,0,0,0,0,0,"N",1.71,0,0,0,0,0,0,0,"N",-4,-6.2,0,0,0,0,0,0,0,0,0,0,0,0,0,0
"20000","5","512132","58","0","2021","1","N",5,0,0,0,0,0,0,0,"N",2.77,0,0,0,0,0,0,0,"N",1,25.0,0,0,0,0,0,0,0,0,0,0,0,0,0,0
"20000","5","51219","57","0","2021","1","N",9,0,0,0,0,0,0,0,"N",0.30,0,0,0,0,0,0,0,"N",0,0.0,0,0,0,0,0,0,0,0,0,0,0,0,0,0
"20000","5","512191","58","0","2021","1","",6,13,13,14,160699,100526,1558,927,"",0.23,0.09,0.09,0.09,0.06,0.07,0.03,0.70,"",0,0.0,3,30.0,3,30.0,5,55.6,53718,50.2,27845,38.3,625,67.0,76,8.9
"20000","5","512199","58","0","2021","1","N",3,0,0,0,0,0,0,0,"N",0.65,0,0,0,0,0,0,0,"N",0,0.0,0,0,0,0,0,0,0,0,0,0,0,0,0,0
"20000","5","5122","56","0","2021","1","",10,51,51,52,556906,499444,10626,835,"",0.28,0.31,0.31,0.31,0.16,0.30,0.30,0.51,"",0,0.0,1,2.0,0,0.0,2,4.0,-20902,-3.6,-12995,-2.5,489,4.8,-48,-5.4
"20000","5","51223","57","0","2021","1","N",2,0,0,0,0,0,0,0,"N",0.25,0,0,0,0,0,0,0,"N",0,0.0,0,0,0,0,0,0,0,0,0,0,0,0,0,0
"20000","5","512230","58","0","2021","1","N",2,0,0,0,0,0,0,0,"N",0.25,0,0,0,0,0,0,0,"N",0,0.0,0,0,0,0,0,0,0,0,0,0,0,0,0,0
"20000","5","51224","57","0","2021","1","N",4,0,0,0,0,0,0,0,"N",0.30,0,0,0,0,0,0,0,"N",0,0.0,0,0,0,0,0,0,0,0,0,0,0,0,0,0
"20000","5","512240","58","0","2021","1","N",4,0,0,0,0,0,0,0,"N",0.30,0,0,0,0,0,0,0,"N",0,0.0,0,0,0,0,0,0,0,0,0,0,0,0,0,0
"20000","5","51225","57","0","2021","1","N",2,0,0,0,0,0,0,0,"N",0.23,0,0,0,0,0,0,0,"N",1,100.0,0,0,0,0,0,0,0,0,0,0,0,0,0,0
"20000","5","512250","58","0","2021","1","N",2,0,0,0,0,0,0,0,"N",0.23,0,0,0,0,0,0,0,"N",1,100.0,0,0,0,0,0,0,0,0,0,0,0,0,0,0
"20000","5","51229","57","0","2021","1","N",2,0,0,0,0,0,0,0,"N",0.34,0,0,0,0,0,0,0,"N",-1,-33.3,0,0,0,0,0,0,0,0,0,0,0,0,0,0
"20000","5","512290","58","0","2021","1","N",2,0,0,0,0,0,0,0,"N",0.34,0,0,0,0,0,0,0,"N",-1,-33.3,0,0,0,0,0,0,0,0,0,0,0,0,0,0
"20000","5","515","55","0","2021","1","",93,1615,1637,1606,20888655,14384494,224902,992,"",1.19,0.71,0.73,0.71,0.40,0.56,0.43,0.56,"",6,6.9,-192,-10.6,-155,-8.6,-178,-10.0,-1752796,-7.7,-1219707,-7.8,6145,2.8,21,2.2
"20000","5","5151","56","0","2021","1","",90,1607,1628,1597,20666037,14288911,222682,987,"",1.33,0.88,0.90,0.88,0.56,0.71,0.57,0.63,"N",4,4.7,0,0,0,0,0,0,0,0,0,0,0,0,0,0
"20000","5","51511","57","0","2021","1","",66,945,975,963,10790024,7755412,120213,864,"",1.53,1.47,1.53,1.51,1.21,1.20,1.06,0.81,"",2,3.1,-165,-14.9,-130,-11.8,-119,-11.0,-1260113,-10.5,-834610,-9.7,12454,11.6,21,2.5
"20000","5","515111","58","0","2021","1","",6,104,105,103,1415541,1019245,16681,1047,"",0.60,0.74,0.76,0.74,0.52,0.68,0.63,0.69,"",1,20.0,-10,-8.8,-10,-8.7,-6,-5.5,-143258,-9.2,-121849,-10.7,116,0.7,-17,-1.6
"20000","5","515112","58","0","2021","1","",60,841,870,860,9374483,6736167,103532,841,"",1.82,1.67,1.75,1.73,1.52,1.36,1.19,0.89,"",1,1.7,-155,-15.6,-120,-12.1,-113,-11.6,-1116855,-10.6,-712761,-9.6,12338,13.5,23,2.8
"20000","5","51512","57","0","2021","1","",24,662,653,634,9876013,6533499,102469,1169,"",0.97,0.56,0.56,0.54,0.35,0.47,0.37,0.63,"N",2,9.1,0,0,0,0,0,0,0,0,0,0,0,0,0,0
"20000","5","515120","58","0","2021","1","",24,662,653,634,9876013,6533499,102469,1169,"",0.97,0.56,0.56,0.54,0.35,0.47,0.37,0.63,"N",2,9.1,0,0,0,0,0,0,0,0,0,0,0,0,0,0
"20000","5","5152","56","0","2021","1","",3,8,9,9,222618,95583,2220,1976,"",0.29,0.02,0.02,0.02,0.02,0.02,0.02,0.77,"N",2,200.0,0,0,0,0,0,0,0,0,0,0,0,0,0,0
"20000","5","51521","57","0","2021","1","",3,8,9,9,222618,95583,2220,1976,"",0.29,0.02,0.02,0.02,0.02,0.02,0.02,0.77,"N",2,200.0,0,0,0,0,0,0,0,0,0,0,0,0,0,0
"20000","5","515210","58","0","2021","1","",3,8,9,9,222618,95583,2220,1976,"",0.29,0.02,0.02,0.02,0.02,0.02,0.02,0.77,"N",2,200.0,0,0,0,0,0,0,0,0,0,0,0,0,0,0
"20000","5","517","55","0","2021","1","",419,6931,6969,6913,178496350,88775143,1552759,1979,"",1.42,1.07,1.09,1.08,1.21,0.97,0.93,1.11,"",23,5.8,-85,-1.2,1,0.0,-20,-0.3,12008152,7.2,-533274,-0.6,70357,4.7,142,7.7
"20000","5","5173","56","0","2021","1","",351,6523,6568,6516,166768456,83589037,1422398,1963,"",1.60,1.17,1.19,1.17,1.31,1.05,0.99,1.12,"",11,3.2,-103,-1.6,-7,-0.1,-25,-0.4,10518690,6.7,-649073,-0.8,46513,3.4,137,7.5
"20000","5","51731","57","0","2021","1","",351,6523,6568,6516,166768456,83589037,1422398,1963,"",1.60,1.17,1.19,1.17,1.31,1.05,0.99,1.12,"",11,3.2,-103,-1.6,-7,-0.1,-25,-0.4,10518690,6.7,-649073,-0.8,46513,3.4,137,7.5
"20000","5","517311","58","0","2021","1","",272,4223,4230,4238,96655965,53584470,868139,1758,"",1.71,0.91,0.92,0.92,0.92,0.83,0.71,1.01,"",-3,-1.1,-388,-8.4,-343,-7.5,-275,-6.1,-9356534,-8.8,-5334757,-9.1,1834,0.2,-28,-1.6
"20000","5","517312","58","0","2021","1","",79,2300,2338,2278,70112491,30004567,554259,2339,"",1.31,2.42,2.48,2.42,3.17,1.99,2.51,1.30,"",14,21.5,285,14.1,336,16.8,250,12.3,19875224,39.6,4685684,18.5,44679,8.8,421,21.9
"20000","5","5174","56","0","2021","1","",4,5,3,3,83040,58364,1348,1742,"",0.58,0.06,0.04,0.04,0.05,0.06,0.08,1.02,"",1,33.3,2,66.7,0,0.0,0,0.0,18706,29.1,16630,39.8,528,64.4,92,5.6
"20000","5","51741","57","0","2021","1","",4,5,3,3,83040,58364,1348,1742,"",0.58,0.06,0.04,0.04,0.05,0.06,0.08,1.02,"",1,33.3,2,66.7,0,0.0,0,0.0,18706,29.1,16630,39.8,528,64.4,92,5.6
"20000","5","517410","58","0","2021","1","",4,5,3,3,83040,58364,1348,1742,"",0.58,0.06,0.04,0.04,0.05,0.06,0.08,1.02,"",1,33.3,2,66.7,0,0.0,0,0.0,18706,29.1,16630,39.8,528,64.4,92,5.6
"20000","5","5179","56","0","2021","1","",64,403,398,394,11644854,5127742,129013,2249,"",0.93,0.52,0.52,0.51,0.60,0.48,0.61,1.17,"",11,20.8,16,4.1,8,2.1,5,1.3,1470756,14.5,99169,2.0,23316,22.1,235,11.7
"20000","5","51791","57","0","2021","1","",64,403,398,394,11644854,5127742,129013,2249,"",0.93,0.52,0.52,0.51,0.60,0.48,0.61,1.17,"",11,20.8,16,4.1,8,2.1,5,1.3,1470756,14.5,99169,2.0,23316,22.1,235,11.7
"20000","5","517911","58","0","2021","1","",35,288,282,280,7699464,3725754,75228,2090,"",0.95,0.64,0.64,0.63,0.93,0.62,0.70,1.47,"",4,12.9,19,7.1,11,4.1,10,3.7,1657526,27.4,307596,9.0,17326,29.9,369,21.4
"20000","5","517919","58","0","2021","1","",29,115,116,114,3945390,1401988,53785,2639,"",0.90,0.35,0.36,0.35,0.35,0.30,0.52,1.01,"",7,31.8,-3,-2.5,-3,-2.5,-5,-4.2,-186770,-4.5,-208427,-12.9,5990,12.5,-40,-1.5
"20000","5","518","55","0","2021","1","",266,1987,1997,2020,52777644,25754234,581922,2029,"",0.94,0.56,0.57,0.57,0.48,0.50,0.65,0.86,"",79,42.2,-66,-3.2,-63,-3.1,-56,-2.7,3391275,6.9,-181154,-0.7,101378,21.1,188,10.2
"20000","5","5182","56","0","2021","1","",266,1987,1997,2020,52777644,25754234,581922,2029,"",0.94,0.56,0.57,0.57,0.48,0.50,0.65,0.86,"",79,42.2,-66,-3.2,-63,-3.1,-56,-2.7,3391275,6.9,-181154,-0.7,101378,21.1,188,10.2
"20000","5","51821","57","0","2021","1","",266,1987,1997,2020,52777644,25754234,581922,2029,"",0.94,0.56,0.57,0.57,0.48,0.50,0.65,0.86,"",79,42.2,-66,-3.2,-63,-3.1,-56,-2.7,3391275,6.9,-181154,-0.7,101378,21.1,188,10.2
"20000","5","518210","58","0","2021","1","",266,1987,1997,2020,52777644,25754234,581922,2029,"",0.94,0.56,0.57,0.57,0.48,0.50,0.65,0.86,"",79,42.2,-66,-3.2,-63,-3.1,-56,-2.7,3391275,6.9,-181154,-0.7,101378,21.1,188,10.2
"20000","5","519","55","0","2021","1","",190,1102,1108,1117,20947414,12247640,322866,1453,"",0.75,0.32,0.32,0.32,0.10,0.23,0.35,0.32,"",50,35.7,-96,-8.0,-102,-8.4,-97,-8.0,749334,3.7,-275602,-2.2,4906,1.5,166,12.9
"20000","5","5191","56","0","2021","1","",190,1102,1108,1117,20947414,12247640,322866,1453,"",0.75,0.32,0.32,0.32,0.10,0.23,0.35,0.32,"",50,35.7,-96,-8.0,-102,-8.4,-97,-8.0,749334,3.7,-275602,-2.2,4906,1.5,166,12.9
"20000","5","51911","57","0","2021","1","",5,28,28,28,390395,304141,5510,1073,"",0.78,0.27,0.27,0.27,0.12,0.19,0.19,0.45,"",0,0.0,2,7.7,1,3.7,2,7.7,26967,7.4,23450,8.4,-200,-3.5,11,1.0
"20000","5","519110","58","0","2021","1","",5,28,28,28,390395,304141,5510,1073,"",0.78,0.27,0.27,0.27,0.12,0.19,0.19,0.45,"",0,0.0,2,7.7,1,3.7,2,7.7,26967,7.4,23450,8.4,-200,-3.5,11,1.0
"20000","5","51912","57","0","2021","1","",10,51,47,46,353032,315601,2575,566,"",0.55,0.21,0.20,0.19,0.17,0.34,0.16,0.84,"",0,0.0,0,0.0,-5,-9.6,-4,-8.0,-52079,-12.9,1875,0.6,1037,67.4,-45,-7.4
"20000","5","519120","58","0","2021","1","",10,51,47,46,353032,315601,2575,566,"",0.55,0.21,0.20,0.19,0.17,0.34,0.16,0.84,"",0,0.0,0,0.0,-5,-9.6,-4,-8.0,-52079,-12.9,1875,0.6,1037,67.4,-45,-7.4
"20000","5","51913","57","0","2021","1","",165,911,924,917,19097980,10984514,304723,1601,"",0.99,0.32,0.32,0.32,0.10,0.23,0.37,0.32,"",48,41.0,-84,-8.4,-83,-8.2,-95,-9.4,490151,2.6,-497977,-4.3,-582,-0.2,176,12.4
"20000","5","519130","58","0","2021","1","",165,911,924,917,19097980,10984514,304723,1601,"",0.99,0.32,0.32,0.32,0.10,0.23,0.37,0.32,"",48,41.0,-84,-8.4,-83,-8.2,-95,-9.4,490151,2.6,-497977,-4.3,-582,-0.2,176,12.4
"20000","5","51919","57","0","2021","1","",10,112,109,126,1106007,643384,10058,736,"",0.16,0.45,0.43,0.50,0.11,0.20,0.17,0.24,"",2,25.0,-14,-11.1,-15,-12.1,0,0.0,284295,34.6,197050,44.1,4651,86.0,232,46.0
"20000","5","519190","58","0","2021","1","",10,112,109,126,1106007,643384,10058,736,"",0.16,0.45,0.43,0.50,0.11,0.20,0.17,0.24,"",2,25.0,-14,-11.1,-15,-12.1,0,0.0,284295,34.6,197050,44.1,4651,86.0,232,46.0
"20000","5","52","54","0","2021","1","",5811,57982,58084,58039,1439018859,665051267,10903536,1907,"",1.34,1.00,1.00,1.00,0.77,0.84,0.89,0.77,"",133,2.3,-590,-1.0,-395,-0.7,-179,-0.3,75797967,5.6,1237730,0.2,2464731,29.2,112,6.2
"20000","5","521","55","0","2021","1","",5,13,13,14,499246,182319,4180,2880,"",0.98,0.07,0.07,0.07,0.10,0.07,0.12,1.45,"N",3,150.0,0,0,0,0,0,0,0,0,0,0,0,0,0,0
"20000","5","5211","56","0","2021","1","",5,13,13,14,499246,182319,4180,2880,"",0.98,0.07,0.07,0.07,0.10,0.07,0.12,1.45,"N",3,150.0,0,0,0,0,0,0,0,0,0,0,0,0,0,0
"20000","5","52111","57","0","2021","1","",5,13,13,14,499246,182319,4180,2880,"",0.98,0.07,0.07,0.07,0.10,0.07,0.12,1.45,"N",3,150.0,0,0,0,0,0,0,0,0,0,0,0,0,0,0
"20000","5","521110","58","0","2021","1","",5,13,13,14,499246,182319,4180,2880,"",0.98,0.07,0.07,0.07,0.10,0.07,0.12,1.45,"N",3,150.0,0,0,0,0,0,0,0,0,0,0,0,0,0,0
"20000","5","522","55","0","2021","1","",2029,26432,26389,26420,576202086,286305574,4198993,1678,"",1.31,1.03,1.03,1.03,0.90,0.85,0.82,0.88,"",19,0.9,-490,-1.8,-388,-1.4,-271,-1.0,34768639,6.4,-683600,-0.2,942431,28.9,124,8.0
"20000","5","5221","56","0","2021","1","",1425,20506,20396,20434,369346350,212961951,2761331,1390,"",1.62,1.22,1.23,1.23,0.98,0.97,0.94,0.80,"",-23,-1.6,-179,-0.9,-187,-0.9,-149,-0.7,22979658,6.6,1694695,0.8,830185,43.0,98,7.6
"20000","5","52211","57","0","2021","1","",1129,16480,16379,16440,305148380,172961325,2149634,1428,"",1.68,1.26,1.26,1.26,0.94,0.99,0.90,0.75,"",-22,-1.9,-38,-0.2,-49,-0.3,10,0.1,26105101,9.4,3785456,2.2,702030,48.5,124,9.5
"20000","5","522110","58","0","2021","1","",1129,16480,16379,16440,305148380,172961325,2149634,1428,"",1.68,1.26,1.26,1.26,0.94,0.99,0.90,0.75,"",-22,-1.9,-38,-0.2,-49,-0.3,10,0.1,26105101,9.4,3785456,2.2,702030,48.5,124,9.5
"20000","5","52212","57","0","2021","1","N",116,0,0,0,0,0,0,0,"N",2.07,0,0,0,0,0,0,0,"N",0,0.0,0,0,0,0,0,0,0,0,0,0,0,0,0,0
"20000","5","522120","58","0","2021","1","N",116,0,0,0,0,0,0,0,"N",2.07,0,0,0,0,0,0,0,"N",0,0.0,0,0,0,0,0,0,0,0,0,0,0,0,0,0
"20000","5","52213","57","0","2021","1","",177,2633,2631,2603,38840795,26344382,423908,1139,"",1.20,0.98,0.99,0.98,1.14,0.84,1.16,1.16,"",-1,-0.6,-19,-0.7,-28,-1.1,-44,-1.7,-456028,-1.2,5494,0.0,77136,22.2,-1,-0.1
"20000","5","522130","58","0","2021","1","",177,2633,2631,2603,38840795,26344382,423908,1139,"",1.20,0.98,0.99,0.98,1.14,0.84,1.16,1.16,"",-1,-0.6,-19,-0.7,-28,-1.1,-44,-1.7,-456028,-1.2,5494,0.0,77136,22.2,-1,-0.1
"20000","5","52219","57","0","2021","1","N",3,0,0,0,0,0,0,0,"N",0.55,0,0,0,0,0,0,0,"N",0,0.0,0,0,0,0,0,0,0,0,0,0,0,0,0,0
"20000","5","522190","58","0","2021","1","N",3,0,0,0,0,0,0,0,"N",0.55,0,0,0,0,0,0,0,"N",0,0.0,0,0,0,0,0,0,0,0,0,0,0,0,0,0
"20000","5","5222","56","0","2021","1","",424,4053,4075,4083,146122187,49647699,910465,2761,"",1.01,0.69,0.69,0.69,0.90,0.64,0.63,1.31,"",32,8.2,-184,-4.3,-108,-2.6,-41,-1.0,22814850,18.5,-1310638,-2.6,41949,4.8,493,21.7
"20000","5","52221","57","0","2021","1","",8,32,29,29,1556193,335791,7051,3990,"",1.24,0.05,0.04,0.04,0.09,0.04,0.05,1.92,"",0,0.0,-110,-77.5,-105,-78.4,-71,-71.0,-3915192,-71.6,-1426839,-80.9,-37998,-84.3,632,18.8
"20000","5","522210","58","0","2021","1","",8,32,29,29,1556193,335791,7051,3990,"",1.24,0.05,0.04,0.04,0.09,0.04,0.05,1.92,"",0,0.0,-110,-77.5,-105,-78.4,-71,-71.0,-3915192,-71.6,-1426839,-80.9,-37998,-84.3,632,18.8
"20000","5","52222","57","0","2021","1","",61,709,711,702,22626515,9099469,136355,2461,"",1.23,0.82,0.83,0.81,1.09,0.83,0.63,1.32,"",3,5.2,1,0.1,15,2.2,9,1.3,690354,3.1,-58616,-0.6,1404,1.0,47,1.9
"20000","5","522220","58","0","2021","1","",61,709,711,702,22626515,9099469,136355,2461,"",1.23,0.82,0.83,0.81,1.09,0.83,0.63,1.32,"",3,5.2,1,0.1,15,2.2,9,1.3,690354,3.1,-58616,-0.6,1404,1.0,47,1.9
"20000","5","52229","57","0","2021","1","",355,3312,3335,3352,121939479,40212439,767059,2814,"",0.98,0.76,0.76,0.76,0.99,0.69,0.71,1.30,"",29,8.9,-75,-2.2,-18,-0.5,21,0.6,26039688,27.2,174817,0.4,78543,11.4,617,28.1
"20000","5","522291","58","0","2021","1","",91,424,419,419,5465927,3363843,59816,999,"",0.71,0.49,0.48,0.48,0.32,0.33,0.34,0.67,"",-8,-8.1,-577,-57.6,-562,-57.3,-555,-57.0,-16687556,-75.3,-7040429,-67.7,-110600,-64.9,-730,-42.2
"20000","5","522292","58","0","2021","1","",166,2077,2104,2125,86109685,27416479,578155,3151,"",1.13,0.79,0.79,0.78,1.02,0.72,0.77,1.30,"",36,27.7,551,36.1,586,38.6,608,40.1,40116477,87.2,7642858,38.7,184350,46.8,824,35.4
"20000","5","522294","58","0","2021","1","",3,7,7,7,182088,73063,1628,2001,"",0.70,0.04,0.04,0.04,0.03,0.04,0.06,0.64,"N",1,50.0,0,0,0,0,0,0,0,0,0,0,0,0,0,0
"20000","5","522298","58","0","2021","1","",95,804,805,801,30181779,9359054,127460,2890,"",1.25,1.25,1.26,1.25,2.25,1.19,1.20,1.79,"",1,1.1,-47,-5.5,-40,-4.7,-30,-3.6,2638675,9.6,-416644,-4.3,4490,3.7,375,14.9
"20000","5","5223","56","0","2021","1","",180,1873,1918,1903,60733549,23695924,527197,2461,"",0.73,0.60,0.62,0.61,0.61,0.61,0.70,1.00,"",10,5.9,-127,-6.4,-93,-4.6,-81,-4.1,-11025869,-15.4,-1067657,-4.3,70297,15.4,-301,-10.9
"20000","5","52231","57","0","2021","1","",73,298,332,311,11446861,4030208,90258,2807,"",0.61,0.26,0.28,0.26,0.35,0.25,0.27,1.32,"",3,4.3,48,19.2,74,28.7,81,35.2,4128970,56.4,860820,27.2,20601,29.6,519,22.7
"20000","5","522310","58","0","2021","1","",73,298,332,311,11446861,4030208,90258,2807,"",0.61,0.26,0.28,0.26,0.35,0.25,0.27,1.32,"",3,4.3,48,19.2,74,28.7,81,35.2,4128970,56.4,860820,27.2,20601,29.6,519,22.7
"20000","5","52232","57","0","2021","1","",59,1305,1312,1318,45558215,17091985,376139,2672,"",0.98,1.09,1.10,1.11,0.93,1.17,1.54,0.85,"",4,7.3,60,4.8,67,5.4,79,6.4,-10340341,-18.5,967100,6.0,78821,26.5,-787,-22.8
"20000","5","522320","58","0","2021","1","",59,1305,1312,1318,45558215,17091985,376139,2672,"",0.98,1.09,1.10,1.11,0.93,1.17,1.54,0.85,"",4,7.3,60,4.8,67,5.4,79,6.4,-10340341,-18.5,967100,6.0,78821,26.5,-787,-22.8
"20000","5","52239","57","0","2021","1","",48,270,274,274,3728473,2573731,60800,1052,"",0.72,0.36,0.37,0.37,0.20,0.32,0.35,0.55,"",3,6.7,-235,-46.5,-234,-46.1,-241,-46.8,-4814498,-56.4,-2895577,-52.9,-29125,-32.4,-238,-18.4
"20000","5","522390","58","0","2021","1","",48,270,274,274,3728473,2573731,60800,1052,"",0.72,0.36,0.37,0.37,0.20,0.32,0.35,0.55,"",3,6.7,-235,-46.5,-234,-46.1,-241,-46.8,-4814498,-56.4,-2895577,-52.9,-29125,-32.4,-238,-18.4
"20000","5","523","55","0","2021","1","",1116,6126,6153,6139,296160376,75251133,1359740,3711,"",1.06,0.68,0.68,0.68,0.42,0.52,0.54,0.62,"",50,4.7,15,0.2,9,0.1,123,2.0,34682516,13.3,474980,0.6,308957,29.4,408,12.4
"20000","5","5231","56","0","2021","1","N",296,0,0,0,0,0,0,0,"N",0.86,0,0,0,0,0,0,0,"N",3,1.0,0,0,0,0,0,0,0,0,0,0,0,0,0,0
"20000","5","52311","57","0","2021","1","",31,126,129,128,12851461,1639518,35371,7743,"",0.47,0.09,0.10,0.10,0.09,0.07,0.07,0.90,"",0,0.0,-24,-16.0,-20,-13.4,-19,-12.9,205811,1.6,-225273,-12.1,11802,50.1,1200,18.3
"20000","5","523110","58","0","2021","1","",31,126,129,128,12851461,1639518,35371,7743,"",0.47,0.09,0.10,0.10,0.09,0.07,0.07,0.90,"",0,0.0,-24,-16.0,-20,-13.4,-19,-12.9,205811,1.6,-225273,-12.1,11802,50.1,1200,18.3
"20000","5","52312","57","0","2021","1","",205,1823,1782,1769,81632424,22805587,327972,3505,"",0.82,0.69,0.68,0.68,0.43,0.55,0.58,0.63,"",-6,-2.8,-42,-2.3,-81,-4.3,-59,-3.2,7496441,10.1,-160930,-0.7,82590,33.7,426,13.8
"20000","5","523120","58","0","2021","1","",205,1823,1782,1769,81632424,22805587,327972,3505,"",0.82,0.69,0.68,0.68,0.43,0.55,0.58,0.63,"",-6,-2.8,-42,-2.3,-81,-4.3,-59,-3.2,7496441,10.1,-160930,-0.7,82590,33.7,426,13.8
"20000","5","52313","57","0","2021","1","",21,288,295,284,16129977,3987365,88116,4293,"",1.44,2.26,2.32,2.21,1.27,2.00,2.14,0.56,"",6,40.0,6,2.1,7,2.4,10,3.6,1036270,6.9,1068,0.0,4067,4.8,166,4.0
"20000","5","523130","58","0","2021","1","",21,288,295,284,16129977,3987365,88116,4293,"",1.44,2.26,2.32,2.21,1.27,2.00,2.14,0.56,"",6,40.0,6,2.1,7,2.4,10,3.6,1036270,6.9,1068,0.0,4067,4.8,166,4.0
"20000","5","52314","57","0","2021","1","N",39,0,0,0,0,0,0,0,"N",3.37,0,0,0,0,0,0,0,"N",3,8.3,0,0,0,0,0,0,0,0,0,0,0,0,0,0
"20000","5","523140","58","0","2021","1","N",39,0,0,0,0,0,0,0,"N",3.37,0,0,0,0,0,0,0,"N",3,8.3,0,0,0,0,0,0,0,0,0,0,0,0,0,0
"20000","5","5232","56","0","2021","1","N",1,0,0,0,0,0,0,0,"N",0.29,0,0,0,0,0,0,0,"N",0,0.0,0,0,0,0,0,0,0,0,0,0,0,0,0,0
"20000","5","52321","57","0","2021","1","N",1,0,0,0,0,0,0,0,"N",0.29,0,0,0,0,0,0,0,"N",0,0.0,0,0,0,0,0,0,0,0,0,0,0,0,0,0
"20000","5","523210","58","0","2021","1","N",1,0,0,0,0,0,0,0,"N",0.29,0,0,0,0,0,0,0,"N",0,0.0,0,0,0,0,0,0,0,0,0,0,0,0,0,0
"20000","5","5239","56","0","2021","1","",819,3804,3863,3874,183814957,45919713,896214,3675,"",1.16,0.79,0.81,0.81,0.53,0.62,0.64,0.66,"",47,6.1,70,1.9,98,2.6,187,5.1,25756818,16.3,810166,1.8,207209,30.1,414,12.7
"20000","5","52391","57","0","2021","1","",59,156,157,160,3410360,1484355,29498,1664,"",0.97,0.56,0.56,0.56,0.21,0.38,0.36,0.37,"",-4,-6.3,-14,-8.2,-11,-6.5,-6,-3.6,-337091,-9.0,-65984,-4.3,3770,14.7,-52,-3.0
"20000","5","523910","58","0","2021","1","",59,156,157,160,3410360,1484355,29498,1664,"",0.97,0.56,0.56,0.56,0.21,0.38,0.36,0.37,"",-4,-6.3,-14,-8.2,-11,-6.5,-6,-3.6,-337091,-9.0,-65984,-4.3,3770,14.7,-52,-3.0
"20000","5","52392","57","0","2021","1","",178,867,852,858,35794962,10638661,173882,3205,"",0.86,0.41,0.40,0.40,0.16,0.31,0.25,0.40,"",5,2.9,5,0.6,-28,-3.2,-14,-1.6,-6994190,-16.3,-24155,-0.2,24857,16.7,-573,-15.2
"20000","5","523920","58","0","2021","1","",178,867,852,858,35794962,10638661,173882,3205,"",0.86,0.41,0.40,0.40,0.16,0.31,0.25,0.40,"",5,2.9,5,0.6,-28,-3.2,-14,-1.6,-6994190,-16.3,-24155,-0.2,24857,16.7,-573,-15.2
"20000","5","52393","57","0","2021","1","",535,2371,2444,2447,136192452,29342681,627307,4328,"",1.40,1.21,1.25,1.25,1.46,1.02,1.27,1.18,"",42,8.5,122,5.4,173,7.6,222,10.0,33685336,32.9,1775265,6.4,172628,38.0,821,23.4
"20000","5","523930","58","0","2021","1","",535,2371,2444,2447,136192452,29342681,627307,4328,"",1.40,1.21,1.25,1.25,1.46,1.02,1.27,1.18,"",42,8.5,122,5.4,173,7.6,222,10.0,33685336,32.9,1775265,6.4,172628,38.0,821,23.4
"20000","5","52399","57","0","2021","1","",47,410,410,409,8417183,4454016,65527,1580,"",0.82,0.93,0.93,0.93,0.49,0.67,0.50,0.52,"",4,9.3,-43,-9.5,-36,-8.1,-15,-3.5,-597237,-6.6,-874960,-16.4,5954,10.0,8,0.5
"20000","5","523991","58","0","2021","1","N",34,0,0,0,0,0,0,0,"N",1.66,0,0,0,0,0,0,0,"N",1,3.0,0,0,0,0,0,0,0,0,0,0,0,0,0,0
"20000","5","523999","58","0","2021","1","N",13,0,0,0,0,0,0,0,"N",0.36,0,0,0,0,0,0,0,"N",3,30.0,0,0,0,0,0,0,0,0,0,0,0,0,0,0
"20000","5","524","55","0","2021","1","",2627,25379,25482,25434,565206458,302611402,5324651,1710,"",1.56,1.10,1.12,1.11,1.11,0.99,1.19,1.00,"",57,2.2,-115,-0.5,-24,-0.1,-36,-0.1,5806748,1.0,1145690,0.4,1206412,29.3,22,1.3
"20000","5","5241","56","0","2021","1","",299,9160,9199,9318,230648387,118798444,1898954,1923,"",1.20,0.81,0.82,0.82,0.80,0.74,0.82,0.98,"",12,4.2,-2,0.0,-69,-0.7,17,0.2,5201111,2.3,606754,0.5,425452,28.9,47,2.5
"20000","5","52411","57","0","2021","1","",87,3283,3268,3274,89137707,42277042,704418,2094,"",1.00,0.54,0.54,0.54,0.57,0.49,0.56,1.05,"",4,4.8,147,4.7,136,4.3,141,4.5,2962824,3.4,1562511,3.8,112382,19.0,-21,-1.0
"20000","5","524113","58","0","2021","1","",41,499,496,501,17952308,6174688,140684,2769,"",0.98,0.22,0.22,0.22,0.26,0.18,0.29,1.18,"",-4,-8.9,-22,-4.2,-33,-6.2,-34,-6.4,-430747,-2.3,-285072,-4.4,-19882,-12.4,93,3.5
"20000","5","524114","58","0","2021","1","",46,2784,2772,2773,71185399,36102354,563734,1972,"",1.01,0.73,0.73,0.73,0.81,0.69,0.72,1.11,"",8,21.1,169,6.5,169,6.5,175,6.7,3393571,5.0,1847583,5.4,132264,30.7,-30,-1.5
"20000","5","52412","57","0","2021","1","",201,5614,5665,5777,129255982,72780824,1152613,1749,"",1.30,1.12,1.14,1.15,1.05,1.05,1.18,0.93,"",11,5.8,-132,-2.3,-189,-3.2,-106,-1.8,4440899,3.6,-810909,-1.1,309070,36.6,101,6.1
"20000","5","524126","58","0","2021","1","",127,4834,4872,4969,115930517,64411471,890257,1823,"",1.33,1.14,1.16,1.17,1.09,1.09,1.13,0.95,"",5,4.1,-182,-3.6,-239,-4.7,-148,-2.9,6130059,5.6,-710555,-1.1,229640,34.8,161,9.7
"20000","5","524127","58","0","2021","1","",52,546,563,577,7135293,5542336,204115,977,"",1.11,0.88,0.91,0.91,0.49,0.67,1.30,0.55,"",2,4.0,34,6.6,38,7.2,37,6.9,-2121072,-22.9,-195428,-3.4,64902,46.6,-378,-27.9
"20000","5","524128","58","0","2021","1","",22,234,230,231,6190172,2827017,58241,2055,"",1.84,1.45,1.44,1.42,2.21,1.46,1.64,1.54,"",4,22.2,16,7.3,12,5.5,5,2.2,431912,7.5,95074,3.5,14528,33.2,48,2.4
"20000","5","52413","57","0","2021","1","",11,263,266,267,12254698,3740578,41923,3553,"",1.43,1.01,1.03,1.03,1.19,0.89,0.68,1.16,"",-3,-21.4,-17,-6.1,-16,-5.7,-18,-6.3,-2202612,-15.2,-144848,-3.7,4000,10.5,-386,-9.8
"20000","5","524130","58","0","2021","1","",11,263,266,267,12254698,3740578,41923,3553,"",1.43,1.01,1.03,1.03,1.19,0.89,0.68,1.16,"",-3,-21.4,-17,-6.1,-16,-5.7,-18,-6.3,-2202612,-15.2,-144848,-3.7,4000,10.5,-386,-9.8
"20000","5","5242","56","0","2021","1","",2328,16219,16283,16116,334558071,183812958,3425697,1588,"",1.62,1.39,1.41,1.38,1.53,1.27,1.59,1.10,"",45,2.0,-113,-0.7,45,0.3,-53,-0.3,605637,0.2,538936,0.3,780960,29.5,7,0.4
"20000","5","52421","57","0","2021","1","",1995,12176,12278,12141,249292484,136137707,2507071,1572,"",1.61,1.46,1.48,1.46,1.56,1.33,1.75,1.06,"",22,1.1,321,2.7,499,4.2,437,3.7,10275509,4.3,5956463,4.6,658911,35.7,11,0.7
"20000","5","524210","58","0","2021","1","",1995,12176,12278,12141,249292484,136137707,2507071,1572,"",1.61,1.46,1.48,1.46,1.56,1.33,1.75,1.06,"",22,1.1,321,2.7,499,4.2,437,3.7,10275509,4.3,5956463,4.6,658911,35.7,11,0.7
"20000","5","52429","57","0","2021","1","",333,4043,4005,3975,85265587,47675251,918626,1637,"",1.68,1.21,1.21,1.18,1.44,1.13,1.26,1.19,"",23,7.4,-434,-9.7,-454,-10.2,-490,-11.0,-9669872,-10.2,-5417527,-10.2,122049,15.3,2,0.1
"20000","5","524291","58","0","2021","1","",93,568,555,549,10072240,6879951,136322,1390,"",1.51,1.09,1.08,1.00,1.06,1.01,0.98,1.00,"",0,0.0,60,11.8,63,12.8,52,10.5,1828554,22.2,1068744,18.4,41017,43.0,119,9.4
"20000","5","524292","58","0","2021","1","",104,2104,2078,2060,45060220,24583931,553864,1666,"",1.65,1.06,1.05,1.04,1.39,0.99,1.38,1.32,"",4,4.0,-451,-17.7,-485,-18.9,-515,-20.0,-11094976,-19.8,-6481348,-20.9,46991,9.3,-19,-1.1
"20000","5","524298","58","0","2021","1","",136,1371,1372,1366,30133127,16211369,228440,1692,"",1.86,1.65,1.67,1.66,1.73,1.53,1.23,1.04,"",19,16.2,-43,-3.0,-32,-2.3,-27,-1.9,-403450,-1.3,-4923,0.0,34041,17.5,19,1.1
"20000","5","525","55","0","2021","1","",34,32,47,32,950693,700839,15972,1976,"",0.59,0.17,0.25,0.17,0.13,0.23,0.26,0.67,"N",4,13.3,0,0,0,0,0,0,0,0,0,0,0,0,0,0
"20000","5","5251","56","0","2021","1","",4,19,19,19,409322,229221,4460,1657,"",0.35,0.25,0.24,0.24,0.26,0.24,0.29,1.07,"N",0,0.0,0,0,0,0,0,0,0,0,0,0,0,0,0,0
"20000","5","52512","57","0","2021","1","N",3,0,0,0,0,0,0,0,"N",0.72,0,0,0,0,0,0,0,"N",0,0.0,0,0,0,0,0,0,0,0,0,0,0,0,0,0
"20000","5","525120","58","0","2021","1","N",3,0,0,0,0,0,0,0,"N",0.72,0,0,0,0,0,0,0,"N",0,0.0,0,0,0,0,0,0,0,0,0,0,0,0,0,0
"20000","5","52519","57","0","2021","1","N",1,0,0,0,0,0,0,0,"N",0.54,0,0,0,0,0,0,0,"N",0,0.0,0,0,0,0,0,0,0,0,0,0,0,0,0,0
"20000","5","525190","58","0","2021","1","N",1,0,0,0,0,0,0,0,"N",0.54,0,0,0,0,0,0,0,"N",0,0.0,0,0,0,0,0,0,0,0,0,0,0,0,0,0
"20000","5","5259","56","0","2021","1","",30,13,28,13,541371,471618,11512,2314,"",0.65,0.12,0.25,0.12,0.10,0.22,0.24,0.59,"",4,15.4,-1,-7.1,2,7.7,-2,-13.3,304664,128.7,258965,121.8,6741,141.3,1321,133.0
"20000","5","52592","57","0","2021","1","N",28,0,0,0,0,0,0,0,"N",1.35,0,0,0,0,0,0,0,"N",5,21.7,0,0,0,0,0,0,0,0,0,0,0,0,0,0
"20000","5","525920","58","0","2021","1","N",28,0,0,0,0,0,0,0,"N",1.35,0,0,0,0,0,0,0,"N",5,21.7,0,0,0,0,0,0,0,0,0,0,0,0,0,0
"20000","5","52599","57","0","2021","1","N",2,0,0,0,0,0,0,0,"N",0.11,0,0,0,0,0,0,0,"N",-1,-33.3,0,0,0,0,0,0,0,0,0,0,0,0,0,0
"20000","5","525990","58","0","2021","1","N",2,0,0,0,0,0,0,0,"N",0.11,0,0,0,0,0,0,0,"N",-1,-33.3,0,0,0,0,0,0,0,0,0,0,0,0,0,0
"20000","5","53","54","0","2021","1","",2963,14875,14827,14804,171722867,129481061,2568613,890,"",0.81,0.73,0.73,0.73,0.64,0.61,0.68,0.88,"",35,1.2,-679,-4.4,-821,-5.2,-658,-4.3,-681123,-0.4,-1925749,-1.5,416042,19.3,37,4.3
"20000","5","531","55","0","2021","1","",2513,11688,11667,11617,131367077,100338094,2030969,867,"",0.79,0.74,0.74,0.73,0.62,0.61,0.68,0.84,"",28,1.1,-190,-1.6,-319,-2.7,-193,-1.6,3309289,2.6,1220065,1.2,390515,23.8,39,4.7
"20000","5","5311","56","0","2021","1","",725,2954,2972,2946,28083985,23015911,383128,730,"",0.75,0.53,0.54,0.53,0.39,0.42,0.38,0.73,"",-10,-1.4,-171,-5.5,-98,-3.2,-85,-2.8,-468277,-1.6,-421664,-1.8,66566,21.0,16,2.2
"20000","5","53111","57","0","2021","1","",373,1898,1900,1860,17176028,14939880,256408,701,"",0.71,0.56,0.57,0.56,0.51,0.46,0.42,0.91,"",-12,-3.1,-76,-3.9,-49,-2.5,-46,-2.4,-27583,-0.2,95623,0.6,54499,27.0,20,2.9
"20000","5","531110","58","0","2021","1","",373,1898,1900,1860,17176028,14939880,256408,701,"",0.71,0.56,0.57,0.56,0.51,0.46,0.42,0.91,"",-12,-3.1,-76,-3.9,-49,-2.5,-46,-2.4,-27583,-0.2,95623,0.6,54499,27.0,20,2.9
"20000","5","53112","57","0","2021","1","",179,546,567,579,6353627,4637594,66262,867,"",0.85,0.42,0.44,0.44,0.22,0.32,0.25,0.50,"",11,6.5,-19,-3.4,15,2.7,23,4.1,358869,6.0,160483,3.6,12670,23.6,40,4.8
"20000","5","531120","58","0","2021","1","",179,546,567,579,6353627,4637594,66262,867,"",0.85,0.42,0.44,0.44,0.22,0.32,0.25,0.50,"",11,6.5,-19,-3.4,15,2.7,23,4.1,358869,6.0,160483,3.6,12670,23.6,40,4.8
"20000","5","53113","57","0","2021","1","",109,359,357,356,2573921,2272276,36763,554,"",0.78,0.66,0.66,0.66,0.57,0.51,0.45,0.86,"",-1,-0.9,-30,-7.7,-42,-10.5,-38,-9.6,-966902,-27.3,-466760,-17.0,207,0.6,-137,-19.8
"20000","5","531130","58","0","2021","1","",109,359,357,356,2573921,2272276,36763,554,"",0.78,0.66,0.66,0.66,0.57,0.51,0.45,0.86,"",-1,-0.9,-30,-7.7,-42,-10.5,-38,-9.6,-966902,-27.3,-466760,-17.0,207,0.6,-137,-19.8
"20000","5","53119","57","0","2021","1","",64,151,148,151,1980409,1166161,23695,1016,"",0.77,0.40,0.40,0.40,0.40,0.35,0.41,1.00,"",-8,-11.1,-46,-23.4,-22,-12.9,-24,-13.7,167339,9.2,-211010,-15.3,-810,-3.3,244,31.6
"20000","5","531190","58","0","2021","1","",64,151,148,151,1980409,1166161,23695,1016,"",0.77,0.40,0.40,0.40,0.40,0.35,0.41,1.00,"",-8,-11.1,-46,-23.4,-22,-12.9,-24,-13.7,167339,9.2,-211010,-15.3,-810,-3.3,244,31.6
"20000","5","5312","56","0","2021","1","",875,2010,2030,2025,25543424,19124907,362428,972,"",0.75,0.63,0.63,0.62,0.51,0.55,0.63,0.82,"",16,1.9,137,7.3,142,7.5,161,8.6,2877712,12.7,1989936,11.6,101474,38.9,42,4.5
"20000","5","53121","57","0","2021","1","",875,2010,2030,2025,25543424,19124907,362428,972,"",0.75,0.63,0.63,0.62,0.51,0.55,0.63,0.82,"",16,1.9,137,7.3,142,7.5,161,8.6,2877712,12.7,1989936,11.6,101474,38.9,42,4.5
"20000","5","531210","58","0","2021","1","",875,2010,2030,2025,25543424,19124907,362428,972,"",0.75,0.63,0.63,0.62,0.51,0.55,0.63,0.82,"",16,1.9,137,7.3,142,7.5,161,8.6,2877712,12.7,1989936,11.6,101474,38.9,42,4.5
"20000","5","5313","56","0","2021","1","",913,6724,6665,6646,77739668,58197276,1285413,895,"",0.88,0.95,0.95,0.94,0.85,0.77,0.93,0.90,"",22,2.5,-156,-2.3,-363,-5.2,-269,-3.9,899854,1.2,-348207,-0.6,222475,20.9,43,5.0
"20000","5","53131","57","0","2021","1","",693,5876,5825,5796,63644655,49373658,1108895,839,"",0.94,0.98,0.98,0.97,0.89,0.78,0.95,0.92,"",14,2.1,-254,-4.1,-396,-6.4,-345,-5.6,-1523289,-2.3,-1349753,-2.7,187054,20.3,26,3.2
"20000","5","531311","58","0","2021","1","",477,3947,3923,3867,39145520,34109444,721069,770,"",0.86,0.88,0.88,0.86,0.89,0.76,0.84,1.02,"",5,1.1,-162,-3.9,-250,-6.0,-240,-5.8,-1590282,-3.9,-1102605,-3.1,98246,15.8,11,1.4
"20000","5","531312","58","0","2021","1","",216,1929,1902,1929,24499135,15264214,387826,982,"",1.18,1.28,1.27,1.28,0.90,0.84,1.22,0.71,"",9,4.3,-92,-4.6,-146,-7.1,-105,-5.2,66993,0.3,-247148,-1.6,88808,29.7,58,6.3
"20000","5","53132","57","0","2021","1","",123,420,416,426,5851896,4220714,68729,1070,"",1.10,1.28,1.27,1.29,1.39,1.15,1.37,1.09,"",3,2.5,11,2.7,14,3.5,25,6.2,-25740,-0.4,128888,3.1,11713,20.5,-49,-4.4
"20000","5","531320","58","0","2021","1","",123,420,416,426,5851896,4220714,68729,1070,"",1.10,1.28,1.27,1.29,1.39,1.15,1.37,1.09,"",3,2.5,11,2.7,14,3.5,25,6.2,-25740,-0.4,128888,3.1,11713,20.5,-49,-4.4
"20000","5","53139","57","0","2021","1","",97,428,424,424,8243117,4602904,107789,1491,"",0.51,0.60,0.60,0.59,0.53,0.54,0.68,0.88,"",5,5.4,87,25.5,19,4.7,51,13.7,2448883,42.3,872658,23.4,23708,28.2,296,24.8
"20000","5","531390","58","0","2021","1","",97,428,424,424,8243117,4602904,107789,1491,"",0.51,0.60,0.60,0.59,0.53,0.54,0.68,0.88,"",5,5.4,87,25.5,19,4.7,51,13.7,2448883,42.3,872658,23.4,23708,28.2,296,24.8
"20000","5","532","55","0","2021","1","",410,2982,2961,2994,36931309,26943812,496740,954,"",0.91,0.69,0.69,0.69,0.73,0.60,0.64,1.06,"",3,0.7,-517,-14.8,-519,-14.9,-476,-13.7,-4494470,-10.8,-3484333,-11.5,16526,3.4,39,4.3
"20000","5","5321","56","0","2021","1","",114,935,925,944,10430629,7640427,123562,858,"",0.83,0.55,0.55,0.56,0.61,0.48,0.52,1.10,"",1,0.9,-211,-18.4,-223,-19.4,-208,-18.1,-1213113,-10.4,-1093719,-12.5,18139,17.2,78,10.0
"20000","5","53211","57","0","2021","1","",61,459,449,464,4116280,2876177,38630,692,"",0.73,0.52,0.52,0.53,0.52,0.38,0.37,1.00,"",-3,-4.7,-258,-36.0,-260,-36.7,-247,-34.7,-1723136,-29.5,-1445170,-33.4,5758,17.5,61,9.7
"20000","5","532111","58","0","2021","1","",50,419,409,422,3270631,2376386,28158,604,"",0.64,0.53,0.52,0.53,0.52,0.37,0.32,0.99,"",-4,-7.4,-253,-37.6,-253,-38.2,-244,-36.6,-1522085,-31.8,-1437223,-37.7,1583,6.0,51,9.2
"20000","5","532112","58","0","2021","1","",11,40,40,42,845649,499791,10472,1600,"",1.70,0.46,0.46,0.48,0.53,0.41,0.68,1.14,"",1,10.0,-5,-11.1,-7,-14.9,-3,-6.7,-201051,-19.2,-7947,-1.6,4175,66.3,-163,-9.2
"20000","5","53212","57","0","2021","1","",53,476,476,480,6314349,4764250,84932,1018,"",0.99,0.59,0.59,0.59,0.68,0.56,0.63,1.15,"",4,8.2,47,11.0,37,8.4,39,8.8,510023,8.8,351451,8.0,12381,17.1,-5,-0.5
"20000","5","532120","58","0","2021","1","",53,476,476,480,6314349,4764250,84932,1018,"",0.99,0.59,0.59,0.59,0.68,0.56,0.63,1.15,"",4,8.2,47,11.0,37,8.4,39,8.8,510023,8.8,351451,8.0,12381,17.1,-5,-0.5
"20000","5","5322","56","0","2021","1","",125,991,981,980,10225212,8228594,151678,799,"",0.86,0.98,0.97,0.95,1.04,0.86,0.86,1.07,"",-15,-10.7,-250,-20.1,-237,-19.5,-219,-18.3,-1965194,-16.1,-1492809,-15.4,-10649,-6.6,30,3.9
"20000","5","53221","57","0","2021","1","",9,63,74,73,506434,471990,6860,557,"",0.71,0.80,0.95,0.92,0.64,0.64,0.57,0.72,"",1,12.5,3,5.0,12,19.4,16,28.1,56302,12.5,33998,7.8,2610,61.4,-23,-4.0
"20000","5","532210","58","0","2021","1","",9,63,74,73,506434,471990,6860,557,"",0.71,0.80,0.95,0.92,0.64,0.64,0.57,0.72,"",1,12.5,3,5.0,12,19.4,16,28.1,56302,12.5,33998,7.8,2610,61.4,-23,-4.0
"20000","5","53228","57","0","2021","1","",116,928,907,907,9718778,7756604,144818,818,"",0.88,0.99,0.97,0.95,1.07,0.88,0.88,1.10,"",-16,-12.1,-253,-21.4,-249,-21.5,-235,-20.6,-2021496,-17.2,-1526807,-16.4,-13259,-8.4,39,5.0
"20000","5","532281","58","0","2021","1","N",2,0,0,0,0,0,0,0,"N",0.30,0,0,0,0,0,0,0,"N",0,0.0,0,0,0,0,0,0,0,0,0,0,0,0,0,0
"20000","5","532282","58","0","2021","1","",16,58,51,20,279438,247531,3863,500,"",2.08,1.38,1.27,0.60,0.50,0.74,0.66,0.44,"N",-5,-23.8,0,0,0,0,0,0,0,0,0,0,0,0,0,0
"20000","5","532283","58","0","2021","1","",19,474,469,472,6056931,4378848,93472,988,"",0.83,1.44,1.43,1.43,1.90,1.26,1.67,1.33,"",-1,-5.0,-40,-7.8,-48,-9.3,-50,-9.6,-859346,-12.4,-501170,-10.3,396,0.4,-40,-3.9
"20000","5","532284","58","0","2021","1","N",6,0,0,0,0,0,0,0,"N",0.26,0,0,0,0,0,0,0,"N",-2,-25.0,0,0,0,0,0,0,0,0,0,0,0,0,0,0
"20000","5","532289","58","0","2021","1","",73,375,364,385,3206769,2960933,38217,658,"",1.01,0.89,0.86,0.89,0.76,0.76,0.48,0.86,"",-8,-9.9,-104,-21.7,-111,-23.4,-72,-15.8,-831191,-20.6,-695601,-19.0,-5787,-13.2,-2,-0.3
"20000","5","5323","56","0","2021","1","",20,164,164,167,1810527,1613457,23957,844,"",0.69,0.65,0.65,0.65,0.68,0.62,0.57,1.05,"",-2,-9.1,-42,-20.4,-44,-21.2,-37,-18.1,-417236,-18.7,-352484,-17.9,931,4.0,12,1.4
"20000","5","53231","57","0","2021","1","",20,164,164,167,1810527,1613457,23957,844,"",0.69,0.65,0.65,0.65,0.68,0.62,0.57,1.05,"",-2,-9.1,-42,-20.4,-44,-21.2,-37,-18.1,-417236,-18.7,-352484,-17.9,931,4.0,12,1.4
"20000","5","532310","58","0","2021","1","",20,164,164,167,1810527,1613457,23957,844,"",0.69,0.65,0.65,0.65,0.68,0.62,0.57,1.05,"",-2,-9.1,-42,-20.4,-44,-21.2,-37,-18.1,-417236,-18.7,-352484,-17.9,931,4.0,12,1.4
"20000","5","5324","56","0","2021","1","",151,892,891,903,14464941,9461334,197543,1243,"",1.10,0.66,0.66,0.65,0.69,0.58,0.62,1.05,"",19,14.4,-14,-1.5,-15,-1.7,-12,-1.3,-898927,-5.9,-545321,-5.4,8105,4.3,-57,-4.4
"20000","5","53241","57","0","2021","1","",57,419,421,422,7236006,4477245,82052,1323,"",0.95,0.55,0.56,0.55,0.61,0.48,0.47,1.09,"",9,18.8,6,1.5,10,2.4,4,1.0,-478309,-6.2,-239429,-5.1,-4580,-5.3,-110,-7.7
"20000","5","532411","58","0","2021","1","",6,7,6,9,251206,91693,1888,2635,"",0.88,0.15,0.13,0.19,0.15,0.15,0.21,0.96,"",2,50.0,0,0.0,-1,-14.3,0,0.0,75922,43.3,4556,5.2,-133,-6.6,876,49.8
"20000","5","532412","58","0","2021","1","",51,412,415,413,6984800,4385552,80164,1300,"",0.96,0.58,0.59,0.58,0.68,0.50,0.48,1.17,"",7,15.9,6,1.5,11,2.7,4,1.0,-554231,-7.4,-243985,-5.3,-4447,-5.3,-127,-8.9
"20000","5","53242","57","0","2021","1","",13,99,100,99,1789862,1136184,21598,1386,"",1.57,1.30,1.32,1.30,1.33,1.18,1.11,1.02,"",1,8.3,-19,-16.1,-19,-16.0,-23,-18.9,-415879,-18.9,-219558,-16.2,-563,-2.5,-32,-2.3
"20000","5","532420","58","0","2021","1","",13,99,100,99,1789862,1136184,21598,1386,"",1.57,1.30,1.32,1.30,1.33,1.18,1.11,1.02,"",1,8.3,-19,-16.1,-19,-16.0,-23,-18.9,-415879,-18.9,-219558,-16.2,-563,-2.5,-32,-2.3
"20000","5","53249","57","0","2021","1","",81,374,370,382,5439073,3847905,93893,1115,"",1.18,0.71,0.70,0.71,0.70,0.63,0.74,0.99,"",9,12.5,-1,-0.3,-6,-1.6,7,1.9,-4739,-0.1,-86334,-2.2,13248,16.4,-1,-0.1
"20000","5","532490","58","0","2021","1","",81,374,370,382,5439073,3847905,93893,1115,"",1.18,0.71,0.70,0.71,0.70,0.63,0.74,0.99,"",9,12.5,-1,-0.3,-6,-1.6,7,1.9,-4739,-0.1,-86334,-2.2,13248,16.4,-1,-0.1
"20000","5","533","55","0","2021","1","",40,205,199,193,3424481,2199155,40904,1324,"",1.45,1.07,1.05,1.01,0.70,0.83,0.81,0.67,"",4,11.1,28,15.8,17,9.3,11,6.0,504058,17.3,338519,18.2,9001,28.2,78,6.3
"20000","5","5331","56","0","2021","1","",40,205,199,193,3424481,2199155,40904,1324,"",1.45,1.07,1.05,1.01,0.70,0.83,0.81,0.67,"",4,11.1,28,15.8,17,9.3,11,6.0,504058,17.3,338519,18.2,9001,28.2,78,6.3
"20000","5","53311","57","0","2021","1","",40,205,199,193,3424481,2199155,40904,1324,"",1.45,1.07,1.05,1.01,0.70,0.83,0.81,0.67,"",4,11.1,28,15.8,17,9.3,11,6.0,504058,17.3,338519,18.2,9001,28.2,78,6.3
"20000","5","533110","58","0","2021","1","",40,205,199,193,3424481,2199155,40904,1324,"",1.45,1.07,1.05,1.01,0.70,0.83,0.81,0.67,"",4,11.1,28,15.8,17,9.3,11,6.0,504058,17.3,338519,18.2,9001,28.2,78,6.3
"20000","5","54","54","0","2021","1","",10838,71553,71598,71663,1355640580,787250071,15627498,1456,"",0.95,0.78,0.78,0.78,0.70,0.68,0.77,0.90,"",768,7.6,-3251,-4.3,-3804,-5.0,-3461,-4.6,-48716762,-3.5,-36725739,-4.5,1780643,12.9,18,1.3
"20000","5","541","55","0","2021","1","",10838,71553,71598,71663,1355640580,787250071,15627498,1456,"",0.95,0.78,0.78,0.78,0.70,0.68,0.77,0.90,"",768,7.6,-3251,-4.3,-3804,-5.0,-3461,-4.6,-48716762,-3.5,-36725739,-4.5,1780643,12.9,18,1.3
"20000","5","5411","56","0","2021","1","",1347,6751,6753,6790,94387922,67260592,1023027,1073,"",0.84,0.63,0.63,0.63,0.47,0.52,0.54,0.74,"",15,1.1,14,0.2,24,0.4,62,0.9,4197819,4.7,1644921,2.5,190351,22.9,42,4.1
"20000","5","54111","57","0","2021","1","",1192,5447,5426,5429,78901431,54491909,777802,1117,"",0.81,0.56,0.56,0.55,0.42,0.46,0.46,0.75,"",-2,-0.2,-110,-2.0,-122,-2.2,-108,-2.0,2887609,3.8,109318,0.2,191700,32.7,63,6.0
"20000","5","541110","58","0","2021","1","",1192,5447,5426,5429,78901431,54491909,777802,1117,"",0.81,0.56,0.56,0.55,0.42,0.46,0.46,0.75,"",-2,-0.2,-110,-2.0,-122,-2.2,-108,-2.0,2887609,3.8,109318,0.2,191700,32.7,63,6.0
"20000","5","54119","57","0","2021","1","",155,1304,1327,1361,15486491,12768683,245225,895,"",1.13,1.34,1.36,1.38,1.16,1.14,1.24,0.85,"",17,12.3,124,10.5,146,12.4,170,14.3,1310210,9.2,1535603,13.7,-1349,-0.5,-26,-2.8
"20000","5","541191","58","0","2021","1","",107,976,974,995,10536746,9336916,184088,826,"",1.39,1.46,1.45,1.45,1.18,1.17,1.31,0.81,"",5,4.9,108,12.4,102,11.7,113,12.8,782281,8.0,1189835,14.6,35086,23.5,-33,-3.8
"20000","5","541199","58","0","2021","1","",48,328,353,366,4949745,3431767,61137,1091,"",0.80,1.09,1.17,1.21,1.13,1.07,1.06,0.98,"",12,33.3,16,5.1,44,14.2,57,18.4,527929,11.9,345768,11.2,-36435,-37.3,-6,-0.5
"20000","5","5412","56","0","2021","1","",1426,8349,8688,8709,119801672,80179309,1563254,1074,"",1.08,0.82,0.83,0.82,0.80,0.68,0.78,0.97,"",55,4.0,-375,-4.3,-437,-4.8,-344,-3.8,-3884769,-3.1,-3191693,-3.8,223891,16.7,13,1.2
"20000","5","54121","57","0","2021","1","",1426,8349,8688,8709,119801672,80179309,1563254,1074,"",1.08,0.82,0.83,0.82,0.80,0.68,0.78,0.97,"",55,4.0,-375,-4.3,-437,-4.8,-344,-3.8,-3884769,-3.1,-3191693,-3.8,223891,16.7,13,1.2
"20000","5","541211","58","0","2021","1","",451,3082,3235,3240,47726733,34875701,527819,1152,"",0.95,0.64,0.66,0.66,0.59,0.55,0.61,0.90,"",16,3.7,-7,-0.2,13,0.4,7,0.2,547136,1.2,251581,0.7,111808,26.9,11,1.0
"20000","5","541213","58","0","2021","1","",268,1091,1155,1183,6574437,6104507,250721,442,"",0.92,0.86,0.85,0.87,0.80,0.67,0.80,0.93,"",-3,-1.1,-143,-11.6,-190,-14.1,-111,-8.6,-290229,-4.2,-328765,-5.1,10468,4.4,33,8.1
"20000","5","541214","58","0","2021","1","",94,805,820,809,8694265,5546109,115165,824,"",1.12,0.51,0.50,0.49,0.29,0.30,0.29,0.59,"",6,6.8,-266,-24.8,-304,-27.0,-292,-26.5,-3491408,-28.7,-2755410,-33.2,-29699,-20.5,-29,-3.4
"20000","5","541219","58","0","2021","1","",613,3371,3478,3477,56806237,33652992,669549,1270,"",1.32,1.32,1.34,1.32,1.79,1.30,1.58,1.35,"",36,6.2,41,1.2,44,1.3,52,1.5,-650268,-1.1,-359099,-1.1,131314,24.4,-31,-2.4
"20000","5","5413","56","0","2021","1","",1150,13603,13614,13654,285422657,173413865,3235239,1612,"",0.95,0.96,0.97,0.96,1.14,0.94,0.99,1.18,"",61,5.6,-193,-1.4,-254,-1.8,-131,-1.0,-21145208,-6.9,-4129871,-2.3,414520,14.7,-95,-5.6
"20000","5","54131","57","0","2021","1","",172,1475,1479,1479,25152992,18147129,301490,1309,"",0.81,0.84,0.85,0.85,0.93,0.80,0.84,1.10,"",2,1.2,-45,-3.0,-33,-2.2,-27,-1.8,-419356,-1.6,-291603,-1.6,36789,13.9,9,0.7
"20000","5","541310","58","0","2021","1","",172,1475,1479,1479,25152992,18147129,301490,1309,"",0.81,0.84,0.85,0.85,0.93,0.80,0.84,1.10,"",2,1.2,-45,-3.0,-33,-2.2,-27,-1.8,-419356,-1.6,-291603,-1.6,36789,13.9,9,0.7
"20000","5","54132","57","0","2021","1","",22,91,92,97,1007907,854457,19563,831,"",0.39,0.32,0.33,0.33,0.31,0.28,0.36,0.95,"",0,0.0,-10,-9.9,-5,-5.2,-6,-5.8,-93042,-8.5,-66238,-7.2,1049,5.7,-13,-1.5
"20000","5","541320","58","0","2021","1","",22,91,92,97,1007907,854457,19563,831,"",0.39,0.32,0.33,0.33,0.31,0.28,0.36,0.95,"",0,0.0,-10,-9.9,-5,-5.2,-6,-5.8,-93042,-8.5,-66238,-7.2,1049,5.7,-13,-1.5
"20000","5","54133","57","0","2021","1","",719,10583,10564,10580,239166435,139175312,2595423,1740,"",1.06,1.10,1.11,1.10,1.30,1.08,1.14,1.18,"",44,6.5,-90,-0.8,-139,-1.3,-28,-0.3,-19761201,-7.6,-2687892,-1.9,420660,19.3,-128,-6.9
"20000","5","541330","58","0","2021","1","",719,10583,10564,10580,239166435,139175312,2595423,1740,"",1.06,1.10,1.11,1.10,1.30,1.08,1.14,1.18,"",44,6.5,-90,-0.8,-139,-1.3,-28,-0.3,-19761201,-7.6,-2687892,-1.9,420660,19.3,-128,-6.9
"20000","5","54134","57","0","2021","1","",19,21,25,24,301736,272192,7102,995,"",0.73,0.25,0.30,0.28,0.33,0.29,0.46,1.18,"",3,18.8,-6,-22.2,-5,-16.7,-5,-17.2,-68963,-18.6,-27796,-9.3,-166,-2.3,0,0.0
"20000","5","541340","58","0","2021","1","",19,21,25,24,301736,272192,7102,995,"",0.73,0.25,0.30,0.28,0.33,0.29,0.46,1.18,"",3,18.8,-6,-22.2,-5,-16.7,-5,-17.2,-68963,-18.6,-27796,-9.3,-166,-2.3,0,0.0
"20000","5","54135","57","0","2021","1","",48,90,88,91,918820,775781,15818,788,"",0.74,0.38,0.36,0.38,0.38,0.32,0.35,1.01,"",4,9.1,-4,-4.3,-6,-6.4,-1,-1.1,-243840,-21.0,-146083,-15.8,4071,34.7,-170,-17.7
"20000","5","541350","58","0","2021","1","",48,90,88,91,918820,775781,15818,788,"",0.74,0.38,0.36,0.38,0.38,0.32,0.35,1.01,"",4,9.1,-4,-4.3,-6,-6.4,-1,-1.1,-243840,-21.0,-146083,-15.8,4071,34.7,-170,-17.7
"20000","5","54136","57","0","2021","1","",21,80,87,103,1117320,977972,42251,955,"",1.14,0.67,0.74,0.85,0.52,0.64,1.34,0.69,"",-2,-8.7,-93,-53.8,-111,-56.1,-97,-48.5,-1411574,-55.8,-1216173,-55.4,-83058,-66.3,-67,-6.6
"20000","5","541360","58","0","2021","1","",21,80,87,103,1117320,977972,42251,955,"",1.14,0.67,0.74,0.85,0.52,0.64,1.34,0.69,"",-2,-8.7,-93,-53.8,-111,-56.1,-97,-48.5,-1411574,-55.8,-1216173,-55.4,-83058,-66.3,-67,-6.6
"20000","5","54137","57","0","2021","1","",48,220,216,220,2666508,2151437,52344,938,"",0.72,0.44,0.44,0.44,0.48,0.40,0.58,1.08,"",3,6.7,21,10.6,4,1.9,6,2.8,189193,7.6,58188,2.8,-5607,-9.7,23,2.5
"20000","5","541370","58","0","2021","1","",48,220,216,220,2666508,2151437,52344,938,"",0.72,0.44,0.44,0.44,0.48,0.40,0.58,1.08,"",3,6.7,21,10.6,4,1.9,6,2.8,189193,7.6,58188,2.8,-5607,-9.7,23,2.5
"20000","5","54138","57","0","2021","1","",101,1043,1063,1060,15090939,11059585,201248,1100,"",1.16,0.64,0.66,0.65,0.58,0.56,0.50,0.90,"",7,7.4,34,3.4,41,4.0,27,2.6,663575,4.6,247726,2.3,40782,25.4,13,1.2
"20000","5","541380","58","0","2021","1","",101,1043,1063,1060,15090939,11059585,201248,1100,"",1.16,0.64,0.66,0.65,0.58,0.56,0.50,0.90,"",7,7.4,34,3.4,41,4.0,27,2.6,663575,4.6,247726,2.3,40782,25.4,13,1.2
"20000","5","5414","56","0","2021","1","",242,866,870,878,13903542,8881742,164293,1227,"",0.73,0.69,0.69,0.69,0.77,0.63,0.62,1.12,"",10,4.3,-52,-5.7,-41,-4.5,-35,-3.8,-26750,-0.2,-433486,-4.7,22632,16.0,55,4.7
"20000","5","54141","57","0","2021","1","",77,266,265,279,3279881,2515674,48875,934,"",0.60,0.63,0.62,0.65,0.71,0.58,0.64,1.12,"",0,0.0,-20,-7.0,-18,-6.4,-4,-1.4,-268849,-7.6,-150751,-5.7,7095,17.0,-27,-2.8
"20000","5","541410","58","0","2021","1","",77,266,265,279,3279881,2515674,48875,934,"",0.60,0.63,0.62,0.65,0.71,0.58,0.64,1.12,"",0,0.0,-20,-7.0,-18,-6.4,-4,-1.4,-268849,-7.6,-150751,-5.7,7095,17.0,-27,-2.8
"20000","5","54142","57","0","2021","1","",42,169,174,172,3948400,1858450,41371,1769,"",2.01,0.94,0.96,0.93,0.95,0.82,0.84,1.00,"",0,0.0,4,2.4,8,4.8,7,4.2,717913,22.2,1384,0.1,-1686,-3.9,266,17.7
"20000","5","541420","58","0","2021","1","",42,169,174,172,3948400,1858450,41371,1769,"",2.01,0.94,0.96,0.93,0.95,0.82,0.84,1.00,"",0,0.0,4,2.4,8,4.8,7,4.2,717913,22.2,1384,0.1,-1686,-3.9,266,17.7
"20000","5","54143","57","0","2021","1","",107,287,289,284,3626705,2929445,51374,973,"",0.73,0.56,0.56,0.54,0.53,0.50,0.48,0.96,"",9,9.2,-19,-6.2,-16,-5.2,-19,-6.3,61698,1.7,-57264,-1.9,11540,29.0,73,8.1
"20000","5","541430","58","0","2021","1","",107,287,289,284,3626705,2929445,51374,973,"",0.73,0.56,0.56,0.54,0.53,0.50,0.48,0.96,"",9,9.2,-19,-6.2,-16,-5.2,-19,-6.3,61698,1.7,-57264,-1.9,11540,29.0,73,8.1
"20000","5","54149","57","0","2021","1","",16,144,142,143,3048556,1578173,22673,1640,"",0.42,1.07,1.06,1.05,1.35,1.08,0.71,1.27,"",1,6.7,-17,-10.6,-15,-9.6,-19,-11.7,-537512,-15.0,-226855,-12.6,5683,33.4,-84,-4.9
"20000","5","541490","58","0","2021","1","",16,144,142,143,3048556,1578173,22673,1640,"",0.42,1.07,1.06,1.05,1.35,1.08,0.71,1.27,"",1,6.7,-17,-10.6,-15,-9.6,-19,-11.7,-537512,-15.0,-226855,-12.6,5683,33.4,-84,-4.9
"20000","5","5415","56","0","2021","1","",2784,15372,15022,14875,385119765,188529298,4144740,1963,"",1.06,0.72,0.71,0.70,0.66,0.63,0.75,0.93,"",262,10.4,-1269,-7.6,-1880,-11.1,-1813,-10.9,-29787397,-7.2,-25600948,-12.0,-40315,-1.0,57,3.0
"20000","5","54151","57","0","2021","1","",2784,15372,15022,14875,385119765,188529298,4144740,1963,"",1.06,0.72,0.71,0.70,0.66,0.63,0.75,0.93,"",262,10.4,-1269,-7.6,-1880,-11.1,-1813,-10.9,-29787397,-7.2,-25600948,-12.0,-40315,-1.0,57,3.0
"20000","5","541511","58","0","2021","1","",1128,7068,6680,6571,164656029,82068429,1854288,1870,"",0.94,0.75,0.71,0.70,0.58,0.60,0.73,0.80,"",139,14.1,-1259,-15.1,-1744,-20.7,-1756,-21.1,-32946657,-16.7,-22388076,-21.4,-90426,-4.6,52,2.9
"20000","5","541512","58","0","2021","1","",1567,7600,7425,7392,192756825,96771942,2111999,1984,"",1.30,0.76,0.74,0.74,0.77,0.69,0.83,1.04,"",114,7.8,-41,-0.5,-356,-4.6,-268,-3.5,-3031446,-1.5,-4789053,-4.7,58172,2.8,27,1.4
"20000","5","541513","58","0","2021","1","",30,313,328,321,6107643,3511742,66715,1465,"",0.70,0.44,0.46,0.45,0.31,0.42,0.41,0.69,"",0,0.0,-8,-2.5,-7,-2.1,-21,-6.1,-698351,-10.3,-153361,-4.2,-24743,-27.1,-109,-6.9
"20000","5","541519","58","0","2021","1","",59,391,589,591,21599268,6177185,111738,3173,"",0.34,0.34,0.51,0.51,0.74,0.39,0.37,1.63,"",9,18.0,39,11.1,227,62.7,232,64.6,6889057,46.8,1729542,38.9,16682,17.5,9,0.3
"20000","5","5416","56","0","2021","1","",2130,13243,13246,13215,251869792,141809600,3131863,1464,"",0.83,0.89,0.89,0.88,0.82,0.76,0.93,0.92,"",197,10.2,-917,-6.5,-922,-6.5,-1038,-7.3,-5508320,-2.1,-7421178,-5.0,597056,23.6,69,4.9
"20000","5","54161","57","0","2021","1","",1674,11352,11343,11281,212299235,119572417,2665985,1442,"",0.81,0.93,0.93,0.92,0.82,0.77,0.97,0.89,"",194,13.1,-779,-6.4,-829,-6.8,-978,-8.0,-6504508,-3.0,-6717941,-5.3,532015,24.9,61,4.4
"20000","5","541611","58","0","2021","1","",897,7205,7183,7137,141361752,74666895,1591716,1516,"",0.83,1.10,1.09,1.08,0.92,0.87,1.08,0.84,"",74,9.0,-734,-9.2,-693,-8.8,-633,-8.1,-7756835,-5.2,-5053402,-6.3,409736,34.7,57,3.9
"20000","5","541612","58","0","2021","1","",115,403,396,396,7905032,4301162,100477,1527,"",1.15,0.51,0.50,0.50,0.49,0.45,0.56,0.96,"",14,13.9,61,17.8,48,13.8,78,24.5,1929397,32.3,799500,22.8,32403,47.6,159,11.6
"20000","5","541613","58","0","2021","1","",458,2472,2509,2551,40842465,26923771,586834,1251,"",0.86,0.98,0.99,0.99,0.87,0.86,0.99,0.88,"",98,27.2,-108,-4.2,-80,-3.1,22,0.9,2430966,6.3,760564,2.9,120408,25.8,100,8.7
"20000","5","541614","58","0","2021","1","",122,954,938,881,15873562,10083176,308221,1321,"",0.90,0.72,0.71,0.66,0.76,0.65,1.13,1.10,"",1,0.8,-17,-1.8,-115,-10.9,-451,-33.9,-3244531,-17.0,-3263017,-24.4,-21587,-6.5,6,0.5
"20000","5","541618","58","0","2021","1","",82,318,317,316,6316424,3597413,78737,1533,"",0.38,0.32,0.32,0.32,0.31,0.30,0.35,0.97,"",7,9.3,19,6.4,11,3.6,6,1.9,136495,2.2,38414,1.1,-8945,-10.2,-26,-1.7
"20000","5","54162","57","0","2021","1","",104,452,453,457,7095356,5067705,102559,1202,"",0.96,0.53,0.54,0.54,0.57,0.48,0.55,1.06,"",1,1.0,-39,-7.9,-31,-6.4,-23,-4.8,-676977,-8.7,-206139,-3.9,9207,9.9,-31,-2.5
"20000","5","541620","58","0","2021","1","",104,452,453,457,7095356,5067705,102559,1202,"",0.96,0.53,0.54,0.54,0.57,0.48,0.55,1.06,"",1,1.0,-39,-7.9,-31,-6.4,-23,-4.8,-676977,-8.7,-206139,-3.9,9207,9.9,-31,-2.5
"20000","5","54169","57","0","2021","1","",352,1439,1450,1477,32475201,17169478,363319,1717,"",0.89,0.79,0.80,0.81,0.88,0.76,0.82,1.09,"",2,0.6,-99,-6.4,-62,-4.1,-37,-2.4,1673165,5.4,-497098,-2.8,55834,18.2,160,10.3
"20000","5","541690","58","0","2021","1","",352,1439,1450,1477,32475201,17169478,363319,1717,"",0.89,0.79,0.80,0.81,0.88,0.76,0.82,1.09,"",2,0.6,-99,-6.4,-62,-4.1,-37,-2.4,1673165,5.4,-497098,-2.8,55834,18.2,160,10.3
"20000","5","5417","56","0","2021","1","",323,3488,3481,3478,91087640,44517826,740759,2012,"",0.99,0.46,0.46,0.46,0.35,0.44,0.41,0.77,"",77,31.3,422,13.8,403,13.1,393,12.7,15141374,19.9,6375393,16.7,257416,53.3,113,6.0
"20000","5","54171","57","0","2021","1","",300,3323,3324,3317,87477434,42571114,703712,2026,"",1.05,0.48,0.48,0.47,0.35,0.44,0.41,0.74,"",75,33.3,439,15.2,428,14.8,408,14.0,15038428,20.8,6581762,18.3,252987,56.1,102,5.3
"20000","5","541713","58","0","2021","1","",5,10,10,10,225536,105493,3106,1735,"",0.30,0.05,0.05,0.05,0.04,0.03,0.06,0.81,"",-1,-16.7,-29,-74.4,-23,-69.7,-20,-66.7,-237730,-51.3,-245137,-69.9,-5912,-65.6,687,65.6
"20000","5","541714","58","0","2021","1","",96,900,896,891,25434483,11880225,181648,2184,"",0.88,0.39,0.39,0.38,0.22,0.32,0.25,0.57,"",28,41.2,122,15.7,118,15.2,104,13.2,-1787646,-6.6,1682898,16.5,42636,30.7,-497,-18.5
"20000","5","541715","58","0","2021","1","",199,2413,2418,2416,61817415,30585396,518958,1968,"",1.24,0.54,0.54,0.54,0.48,0.55,0.55,0.89,"",48,31.8,346,16.7,333,16.0,324,15.5,17063804,38.1,5144001,20.2,216263,71.4,314,19.0
"20000","5","54172","57","0","2021","1","",23,165,157,161,3610206,1946712,37047,1725,"",0.56,0.29,0.27,0.28,0.37,0.41,0.42,1.31,"",2,9.5,-17,-9.3,-25,-13.7,-15,-8.5,102946,2.9,-206369,-9.6,4429,13.6,226,15.1
"20000","5","541720","58","0","2021","1","",23,165,157,161,3610206,1946712,37047,1725,"",0.56,0.29,0.27,0.28,0.37,0.41,0.42,1.31,"",2,9.5,-17,-9.3,-25,-13.7,-15,-8.5,102946,2.9,-206369,-9.6,4429,13.6,226,15.1
"20000","5","5418","56","0","2021","1","",450,2409,2384,2413,33667397,23597119,487465,1078,"",0.91,0.59,0.58,0.58,0.43,0.47,0.46,0.74,"",27,6.4,-523,-17.8,-528,-18.1,-543,-18.4,-5726580,-14.5,-3870260,-14.1,-28968,-5.6,45,4.4
"20000","5","54181","57","0","2021","1","",179,730,756,799,13545733,9055567,199571,1368,"",0.84,0.40,0.41,0.43,0.32,0.36,0.34,0.78,"",31,20.9,-143,-16.4,-110,-12.7,-84,-9.5,-1534371,-10.2,-501806,-5.3,22167,12.5,41,3.1
"20000","5","541810","58","0","2021","1","",179,730,756,799,13545733,9055567,199571,1368,"",0.84,0.40,0.41,0.43,0.32,0.36,0.34,0.78,"",31,20.9,-143,-16.4,-110,-12.7,-84,-9.5,-1534371,-10.2,-501806,-5.3,22167,12.5,41,3.1
"20000","5","54182","57","0","2021","1","",66,188,157,163,3254484,1920336,42043,1478,"",0.67,0.35,0.29,0.30,0.25,0.28,0.31,0.80,"",7,11.9,-5,-2.6,-35,-18.2,-40,-19.7,-503349,-13.4,-350306,-15.4,-206,-0.5,3,0.2
"20000","5","541820","58","0","2021","1","",66,188,157,163,3254484,1920336,42043,1478,"",0.67,0.35,0.29,0.30,0.25,0.28,0.31,0.80,"",7,11.9,-5,-2.6,-35,-18.2,-40,-19.7,-503349,-13.4,-350306,-15.4,-206,-0.5,3,0.2
"20000","5","54183","57","0","2021","1","",10,40,37,42,697250,391018,7462,1352,"",0.96,0.25,0.24,0.27,0.20,0.18,0.15,0.78,"",1,11.1,4,11.1,3,8.8,10,31.2,322298,86.0,104628,36.5,1231,19.8,504,59.4
"20000","5","541830","58","0","2021","1","",10,40,37,42,697250,391018,7462,1352,"",0.96,0.25,0.24,0.27,0.20,0.18,0.15,0.78,"",1,11.1,4,11.1,3,8.8,10,31.2,322298,86.0,104628,36.5,1231,19.8,504,59.4
"20000","5","54184","57","0","2021","1","",29,188,188,182,3482977,2201015,46671,1440,"",1.02,1.12,1.12,1.09,0.97,0.99,0.99,0.87,"",-3,-9.4,-170,-47.5,-157,-45.5,-161,-46.9,-1920070,-35.5,-1894918,-46.3,-61908,-57.0,248,20.8
"20000","5","541840","58","0","2021","1","",29,188,188,182,3482977,2201015,46671,1440,"",1.02,1.12,1.12,1.09,0.97,0.99,0.99,0.87,"",-3,-9.4,-170,-47.5,-157,-45.5,-161,-46.9,-1920070,-35.5,-1894918,-46.3,-61908,-57.0,248,20.8
"20000","5","54185","57","0","2021","1","",30,121,122,121,1435947,1022706,22810,910,"",1.15,0.45,0.45,0.44,0.37,0.35,0.40,0.83,"",-3,-9.1,-27,-18.2,-20,-14.1,-28,-18.8,-877426,-37.9,-363842,-26.2,-3380,-12.9,-306,-25.2
"20000","5","541850","58","0","2021","1","",30,121,122,121,1435947,1022706,22810,910,"",1.15,0.45,0.45,0.44,0.37,0.35,0.40,0.83,"",-3,-9.1,-27,-18.2,-20,-14.1,-28,-18.8,-877426,-37.9,-363842,-26.2,-3380,-12.9,-306,-25.2
"20000","5","54186","57","0","2021","1","",19,659,648,638,5527972,5002382,94711,656,"",0.96,1.92,1.91,1.89,1.39,1.30,1.35,0.73,"",-6,-24.0,-70,-9.6,-85,-11.6,-117,-15.5,-786109,-12.5,-554881,-10.0,2368,2.6,-1,-0.2
"20000","5","541860","58","0","2021","1","",19,659,648,638,5527972,5002382,94711,656,"",0.96,1.92,1.91,1.89,1.39,1.30,1.35,0.73,"",-6,-24.0,-70,-9.6,-85,-11.6,-117,-15.5,-786109,-12.5,-554881,-10.0,2368,2.6,-1,-0.2
"20000","5","54187","57","0","2021","1","",19,77,76,74,1287899,811752,19014,1309,"",0.76,0.73,0.71,0.68,0.95,0.77,0.85,1.35,"",-1,-5.0,-25,-24.5,-23,-23.2,-24,-24.5,-23228,-1.8,30537,3.9,4623,32.1,297,29.3
"20000","5","541870","58","0","2021","1","",19,77,76,74,1287899,811752,19014,1309,"",0.76,0.73,0.71,0.68,0.95,0.77,0.85,1.35,"",-1,-5.0,-25,-24.5,-23,-23.2,-24,-24.5,-23228,-1.8,30537,3.9,4623,32.1,297,29.3
"20000","5","54189","57","0","2021","1","",98,406,400,394,4435135,3192343,55183,853,"",1.38,0.59,0.58,0.56,0.68,0.54,0.58,1.17,"",1,1.0,-87,-17.6,-101,-20.2,-99,-20.1,-404325,-8.4,-339672,-9.6,6137,12.5,102,13.6
"20000","5","541890","58","0","2021","1","",98,406,400,394,4435135,3192343,55183,853,"",1.38,0.59,0.58,0.56,0.68,0.54,0.58,1.17,"",1,1.0,-87,-17.6,-101,-20.2,-99,-20.1,-404325,-8.4,-339672,-9.6,6137,12.5,102,13.6
"20000","5","5419","56","0","2021","1","",986,7472,7540,7651,80380193,59060720,1136858,818,"",1.12,1.03,1.05,1.05,0.94,0.83,1.05,0.90,"",64,6.9,-358,-4.6,-169,-2.2,-12,-0.2,-1976931,-2.4,-98617,-0.2,144060,14.5,-1,-0.1
"20000","5","54191","57","0","2021","1","",65,539,549,598,5068056,3390815,84033,694,"",0.92,0.74,0.76,0.82,0.32,0.38,0.48,0.41,"",1,1.6,-84,-13.5,-121,-18.1,-36,-5.7,-220807,-4.2,-92125,-2.6,11869,16.4,61,9.6
"20000","5","541910","58","0","2021","1","",65,539,549,598,5068056,3390815,84033,694,"",0.92,0.74,0.76,0.82,0.32,0.38,0.48,0.41,"",1,1.6,-84,-13.5,-121,-18.1,-36,-5.7,-220807,-4.2,-92125,-2.6,11869,16.4,61,9.6
"20000","5","54192","57","0","2021","1","",98,214,226,246,1399878,1315931,38018,471,"",0.84,0.67,0.69,0.71,0.63,0.52,0.65,0.91,"",-5,-4.9,-63,-22.7,-77,-25.4,-46,-15.8,-224626,-13.8,-233824,-15.1,-9229,-19.5,41,9.5
"20000","5","541921","58","0","2021","1","",75,172,185,202,1122046,1055911,33036,463,"",0.89,0.75,0.77,0.79,0.86,0.64,0.80,1.11,"",-4,-5.1,-64,-27.1,-72,-28.0,-47,-18.9,-218315,-16.3,-226472,-17.7,-9511,-22.4,46,11.0
"20000","5","541922","58","0","2021","1","",23,42,41,44,277832,260020,4982,505,"",0.71,0.48,0.46,0.47,0.30,0.29,0.28,0.64,"",-1,-4.2,1,2.4,-5,-10.9,1,2.3,-6311,-2.2,-7352,-2.7,282,6.0,1,0.2
"20000","5","54193","57","0","2021","1","",28,202,203,195,2371657,1915570,34772,912,"",0.77,0.51,0.51,0.49,0.63,0.54,0.56,1.25,"",2,7.7,19,10.4,22,12.2,2,1.0,337553,16.6,307963,19.2,17151,97.3,69,8.2
"20000","5","541930","58","0","2021","1","",28,202,203,195,2371657,1915570,34772,912,"",0.77,0.51,0.51,0.49,0.63,0.54,0.56,1.25,"",2,7.7,19,10.4,22,12.2,2,1.0,337553,16.6,307963,19.2,17151,97.3,69,8.2
"20000","5","54194","57","0","2021","1","",445,4516,4487,4534,37974247,30107265,432723,647,"",1.64,1.11,1.11,1.11,1.14,0.85,1.10,1.02,"",2,0.5,38,0.8,75,1.7,92,2.1,2157940,6.0,1119372,3.9,152135,54.2,27,4.4
"20000","5","541940","58","0","2021","1","",445,4516,4487,4534,37974247,30107265,432723,647,"",1.64,1.11,1.11,1.11,1.14,0.85,1.10,1.02,"",2,0.5,38,0.8,75,1.7,92,2.1,2157940,6.0,1119372,3.9,152135,54.2,27,4.4
"20000","5","54199","57","0","2021","1","",350,2001,2075,2078,33566355,22331139,547312,1259,"",0.90,1.16,1.20,1.19,1.11,1.05,1.39,0.93,"",64,22.4,-268,-11.8,-68,-3.2,-24,-1.1,-4026991,-10.7,-1200003,-5.1,-27866,-4.8,-73,-5.5
"20000","5","541990","58","0","2021","1","",350,2001,2075,2078,33566355,22331139,547312,1259,"",0.90,1.16,1.20,1.19,1.11,1.05,1.39,0.93,"",64,22.4,-268,-11.8,-68,-3.2,-24,-1.1,-4026991,-10.7,-1200003,-5.1,-27866,-4.8,-73,-5.5
"20000","5","55","54","0","2021","1","",643,21391,21269,21440,689104474,300769037,4854755,2481,"",1.00,0.96,0.97,0.97,1.01,0.87,0.94,1.05,"",31,5.1,-1857,-8.0,-1899,-8.2,-1771,-7.6,-109030248,-13.7,-19227419,-6.0,405930,9.1,-164,-6.2
"20000","5","551","55","0","2021","1","",643,21391,21269,21440,689104474,300769037,4854755,2481,"",1.00,0.96,0.97,0.97,1.01,0.87,0.94,1.05,"",31,5.1,-1857,-8.0,-1899,-8.2,-1771,-7.6,-109030248,-13.7,-19227419,-6.0,405930,9.1,-164,-6.2
"20000","5","5511","56","0","2021","1","",643,21391,21269,21440,689104474,300769037,4854755,2481,"",1.00,0.96,0.97,0.97,1.01,0.87,0.94,1.05,"",31,5.1,-1857,-8.0,-1899,-8.2,-1771,-7.6,-109030248,-13.7,-19227419,-6.0,405930,9.1,-164,-6.2
"20000","5","55111","57","0","2021","1","",643,21391,21269,21440,689104474,300769037,4854755,2481,"",1.00,0.96,0.97,0.97,1.01,0.87,0.94,1.05,"",31,5.1,-1857,-8.0,-1899,-8.2,-1771,-7.6,-109030248,-13.7,-19227419,-6.0,405930,9.1,-164,-6.2
"20000","5","551111","58","0","2021","1","",13,118,119,118,6046389,1520323,22703,3930,"",1.72,1.23,1.25,1.23,1.46,0.94,1.07,1.18,"",0,0.0,24,25.5,25,26.6,24,25.5,502965,9.1,297254,24.3,14165,165.9,-606,-13.4
"20000","5","551112","58","0","2021","1","",86,972,958,990,34517966,12147754,298363,2728,"",0.96,1.40,1.38,1.41,1.08,1.23,1.89,0.77,"",1,1.2,212,27.9,192,25.1,236,31.3,2559497,8.0,2240707,22.6,86532,40.8,-507,-15.7
"20000","5","551114","58","0","2021","1","",544,20301,20192,20332,648540119,287100960,4533689,2461,"",1.00,0.95,0.95,0.95,1.01,0.86,0.91,1.06,"",30,5.8,-2093,-9.3,-2116,-9.5,-2031,-9.1,-112092710,-14.7,-21765380,-7.0,305233,7.2,-156,-6.0
"20000","5","56","54","0","2021","1","",5809,73051,72449,74492,788818437,574894384,11641120,827,"",1.18,0.89,0.88,0.90,1.06,0.78,0.80,1.19,"",259,4.7,-909,-1.2,-1204,-1.6,608,0.8,-19425724,-2.4,15851504,2.8,2154056,22.7,-15,-1.8
"20000","5","561","55","0","2021","1","",5523,69856,69271,71316,746276998,540438437,10987856,818,"",1.18,0.90,0.89,0.91,1.08,0.79,0.81,1.20,"",254,4.8,-1030,-1.5,-1334,-1.9,466,0.7,-18986059,-2.5,15210195,2.9,2012925,22.4,-14,-1.7
"20000","5","5611","56","0","2021","1","",938,8968,9010,9074,198902567,94530909,1849280,1697,"",1.91,1.81,1.82,1.81,2.07,1.74,1.87,1.14,"",76,8.8,-415,-4.4,-431,-4.6,-453,-4.8,-55165137,-21.7,-5355053,-5.4,177443,10.6,-371,-17.9
"20000","5","56111","57","0","2021","1","",938,8968,9010,9074,198902567,94530909,1849280,1697,"",1.91,1.81,1.82,1.81,2.07,1.74,1.87,1.14,"",76,8.8,-415,-4.4,-431,-4.6,-453,-4.8,-55165137,-21.7,-5355053,-5.4,177443,10.6,-371,-17.9
"20000","5","561110","58","0","2021","1","",938,8968,9010,9074,198902567,94530909,1849280,1697,"",1.91,1.81,1.82,1.81,2.07,1.74,1.87,1.14,"",76,8.8,-415,-4.4,-431,-4.6,-453,-4.8,-55165137,-21.7,-5355053,-5.4,177443,10.6,-371,-17.9
"20000","5","5612","56","0","2021","1","",51,1333,1339,1353,13476528,11415146,221569,773,"",0.95,0.89,0.90,0.91,0.89,0.79,0.83,0.99,"",-2,-3.8,-505,-27.5,-521,-28.0,-602,-30.8,-5232014,-28.0,-4066565,-26.3,-708,-0.3,9,1.2
"20000","5","56121","57","0","2021","1","",51,1333,1339,1353,13476528,11415146,221569,773,"",0.95,0.89,0.90,0.91,0.89,0.79,0.83,0.99,"",-2,-3.8,-505,-27.5,-521,-28.0,-602,-30.8,-5232014,-28.0,-4066565,-26.3,-708,-0.3,9,1.2
"20000","5","561210","58","0","2021","1","",51,1333,1339,1353,13476528,11415146,221569,773,"",0.95,0.89,0.90,0.91,0.89,0.79,0.83,0.99,"",-2,-3.8,-505,-27.5,-521,-28.0,-602,-30.8,-5232014,-28.0,-4066565,-26.3,-708,-0.3,9,1.2
"20000","5","5613","56","0","2021","1","",1410,25854,25483,26147,225113809,184784554,3925691,670,"",1.32,0.81,0.79,0.80,0.81,0.64,0.61,1.02,"",100,7.6,2130,9.0,1871,7.9,2918,12.6,41217093,22.4,32172262,21.1,1172101,42.6,69,11.5
"20000","5","56131","57","0","2021","1","",204,849,896,917,12179091,8570893,184316,1056,"",0.93,0.33,0.34,0.35,0.39,0.33,0.31,1.16,"",20,10.9,122,16.8,143,19.0,120,15.1,1763743,16.9,1929865,29.1,40898,28.5,0,0.0
"20000","5","561311","58","0","2021","1","",144,703,748,767,8110699,6748807,134709,844,"",0.93,0.32,0.33,0.34,0.37,0.31,0.27,1.13,"",14,10.8,141,25.1,159,27.0,127,19.8,2341417,40.6,2116867,45.7,32770,32.1,101,13.6
"20000","5","561312","58","0","2021","1","",60,146,148,150,4068392,1822086,49607,2115,"",0.93,0.40,0.40,0.40,0.44,0.39,0.49,1.12,"",6,11.1,-19,-11.5,-16,-9.8,-7,-4.5,-577674,-12.4,-187002,-9.3,8128,19.6,-91,-4.1
"20000","5","56132","57","0","2021","1","",987,24268,23840,24458,201241793,168126623,3569575,640,"",1.37,0.93,0.90,0.91,0.97,0.73,0.68,1.06,"",70,7.6,1948,8.7,1654,7.5,2678,12.3,39167159,24.2,29243215,21.1,1083847,43.6,76,13.5
"20000","5","561320","58","0","2021","1","",987,24268,23840,24458,201241793,168126623,3569575,640,"",1.37,0.93,0.90,0.91,0.97,0.73,0.68,1.06,"",70,7.6,1948,8.7,1654,7.5,2678,12.3,39167159,24.2,29243215,21.1,1083847,43.6,76,13.5
"20000","5","56133","57","0","2021","1","",219,737,747,772,11692925,8087038,171800,1196,"",1.71,0.22,0.23,0.23,0.31,0.25,0.29,1.39,"",10,4.8,60,8.9,74,11.0,120,18.4,286191,2.5,999182,14.1,47356,38.1,-119,-9.0
"20000","5","561330","58","0","2021","1","",219,737,747,772,11692925,8087038,171800,1196,"",1.71,0.22,0.23,0.23,0.31,0.25,0.29,1.39,"",10,4.8,60,8.9,74,11.0,120,18.4,286191,2.5,999182,14.1,47356,38.1,-119,-9.0
"20000","5","5614","56","0","2021","1","",545,9375,9276,9279,101295837,73090901,1402154,837,"",1.25,1.18,1.19,1.19,1.27,1.03,1.13,1.07,"",48,9.7,-1555,-14.2,-1330,-12.5,-962,-9.4,-8412918,-7.7,-9882713,-11.9,-113762,-7.5,40,5.0
"20000","5","56141","57","0","2021","1","",84,252,253,251,6726193,2591972,37836,2053,"",1.44,0.71,0.70,0.70,2.30,0.94,0.81,3.27,"",20,31.2,63,33.3,48,23.4,52,26.1,5171865,332.7,1394943,116.5,21908,137.5,1448,239.3
"20000","5","561410","58","0","2021","1","",84,252,253,251,6726193,2591972,37836,2053,"",1.44,0.71,0.70,0.70,2.30,0.94,0.81,3.27,"",20,31.2,63,33.3,48,23.4,52,26.1,5171865,332.7,1394943,116.5,21908,137.5,1448,239.3
"20000","5","56142","57","0","2021","1","",182,5506,5386,5367,47101744,36806007,721677,669,"",1.84,1.16,1.17,1.18,1.22,0.91,1.06,1.05,"",29,19.0,-1173,-17.6,-1004,-15.7,-698,-11.5,-10800758,-18.7,-8151992,-18.1,-220217,-23.4,-29,-4.2
"20000","5","561421","58","0","2021","1","",29,460,461,463,3322110,3075767,52762,554,"",1.38,1.27,1.27,1.27,1.17,0.95,1.04,0.92,"",9,45.0,112,32.2,102,28.4,125,37.0,1243427,59.8,1153436,60.0,33766,177.8,95,20.7
"20000","5","561422","58","0","2021","1","",153,5046,4925,4904,43779634,33730240,668915,679,"",1.96,1.15,1.16,1.17,1.22,0.91,1.07,1.06,"",20,15.0,-1285,-20.3,-1106,-18.3,-823,-14.4,-12044185,-21.6,-9305428,-21.6,-253983,-27.5,-33,-4.6
"20000","5","56143","57","0","2021","1","",80,448,442,432,4820962,3588152,55396,842,"",0.88,0.61,0.61,0.60,0.92,0.61,0.56,1.51,"",1,1.3,-50,-10.0,-47,-9.6,-55,-11.3,-565095,-10.5,-421539,-10.5,-3664,-6.2,-1,-0.1
"20000","5","561431","58","0","2021","1","",32,171,169,163,1063529,1008739,16757,488,"",0.71,0.53,0.53,0.51,0.60,0.45,0.50,1.14,"",2,6.7,-7,-3.9,-5,-2.9,-5,-3.0,81382,8.3,71655,7.6,5482,48.6,52,11.9
"20000","5","561439","58","0","2021","1","",48,277,273,269,3757433,2579413,38639,1059,"",1.05,0.68,0.68,0.67,1.08,0.70,0.58,1.60,"",-1,-2.0,-43,-13.4,-42,-13.3,-50,-15.7,-646477,-14.7,-493194,-16.1,-9146,-19.1,-6,-0.6
"20000","5","56144","57","0","2021","1","",61,1760,1768,1801,21055012,16553343,296633,912,"",1.36,1.66,1.69,1.72,1.92,1.56,1.52,1.13,"",2,3.4,-457,-20.6,-420,-19.2,-354,-16.4,-4675627,-18.2,-3437855,-17.2,-29668,-9.1,7,0.8
"20000","5","561440","58","0","2021","1","",61,1760,1768,1801,21055012,16553343,296633,912,"",1.36,1.66,1.69,1.72,1.92,1.56,1.52,1.13,"",2,3.4,-457,-20.6,-420,-19.2,-354,-16.4,-4675627,-18.2,-3437855,-17.2,-29668,-9.1,7,0.8
"20000","5","56145","57","0","2021","1","",9,22,22,21,646114,258652,1935,2294,"",0.94,0.10,0.10,0.10,0.08,0.09,0.03,0.80,"",0,0.0,-4,-15.4,-4,-15.4,-5,-19.2,-55527,-7.9,-21267,-7.6,477,32.7,218,10.5
"20000","5","561450","58","0","2021","1","",9,22,22,21,646114,258652,1935,2294,"",0.94,0.10,0.10,0.10,0.08,0.09,0.03,0.80,"",0,0.0,-4,-15.4,-4,-15.4,-5,-19.2,-55527,-7.9,-21267,-7.6,477,32.7,218,10.5
"20000","5","56149","57","0","2021","1","",129,1387,1405,1407,20945812,13292775,288677,1151,"",0.96,1.60,1.63,1.61,1.48,1.55,1.77,0.92,"",-4,-3.0,66,5.0,97,7.4,98,7.5,2512224,13.6,754997,6.0,117402,68.5,71,6.6
"20000","5","561491","58","0","2021","1","",11,28,29,28,190931,185390,5611,518,"",1.58,0.44,0.46,0.45,0.39,0.33,0.52,0.86,"",-1,-8.3,-8,-22.2,-3,-9.4,-2,-6.7,-112540,-37.1,-95613,-34.0,-2952,-34.5,-197,-27.6
"20000","5","561492","58","0","2021","1","",24,91,89,88,1044182,868403,7063,899,"",0.92,0.87,0.85,0.83,1.00,0.87,0.45,1.17,"",1,4.3,2,2.2,-1,-1.1,-2,-2.2,-69474,-6.2,-4872,-0.6,2400,51.5,-56,-5.9
"20000","5","561499","58","0","2021","1","",94,1268,1287,1291,19710699,12238982,276003,1183,"",0.93,1.82,1.85,1.83,1.56,1.74,2.02,0.85,"",-4,-4.1,72,6.0,101,8.5,102,8.6,2694238,15.8,855482,7.5,117954,74.6,83,7.5
"20000","5","5615","56","0","2021","1","",134,683,689,668,10074098,6954658,127216,1140,"",0.79,0.56,0.57,0.54,0.57,0.50,0.63,1.03,"",-6,-4.3,-433,-38.8,-420,-37.9,-437,-39.5,-4404266,-30.4,-3984313,-36.4,-19695,-13.4,137,13.7
"20000","5","56151","57","0","2021","1","",78,253,251,252,3913792,2536729,44999,1195,"",0.76,0.50,0.50,0.50,0.46,0.38,0.48,0.91,"",-5,-6.0,-170,-40.2,-169,-40.2,-166,-39.7,-1864499,-32.3,-1906819,-42.9,-11564,-20.4,138,13.1
"20000","5","561510","58","0","2021","1","",78,253,251,252,3913792,2536729,44999,1195,"",0.76,0.50,0.50,0.50,0.46,0.38,0.48,0.91,"",-5,-6.0,-170,-40.2,-169,-40.2,-166,-39.7,-1864499,-32.3,-1906819,-42.9,-11564,-20.4,138,13.1
"20000","5","56152","57","0","2021","1","",11,92,109,107,1033496,909117,18514,774,"",0.44,0.78,0.90,0.84,0.83,0.73,0.76,0.99,"",-1,-8.3,-68,-42.5,-52,-32.3,-63,-37.1,-221877,-17.7,-213794,-19.0,1608,9.5,184,31.2
"20000","5","561520","58","0","2021","1","",11,92,109,107,1033496,909117,18514,774,"",0.44,0.78,0.90,0.84,0.83,0.73,0.76,0.99,"",-1,-8.3,-68,-42.5,-52,-32.3,-63,-37.1,-221877,-17.7,-213794,-19.0,1608,9.5,184,31.2
"20000","5","56159","57","0","2021","1","",45,338,329,309,5126810,3508812,63703,1212,"",1.07,0.56,0.55,0.51,0.66,0.58,0.75,1.21,"",0,0.0,-195,-36.6,-199,-37.7,-208,-40.2,-2317890,-31.1,-1863700,-34.7,-9739,-13.3,123,11.3
"20000","5","561591","58","0","2021","1","",7,35,35,35,590854,433561,7063,1299,"",0.85,0.60,0.61,0.59,0.82,0.73,0.84,1.36,"",0,0.0,-15,-30.0,-17,-32.7,-17,-32.7,-324711,-35.5,-199379,-31.5,-1602,-18.5,-73,-5.3
"20000","5","561599","58","0","2021","1","",38,303,294,274,4535956,3075251,56640,1202,"",1.12,0.56,0.54,0.50,0.64,0.56,0.74,1.19,"",0,0.0,-180,-37.3,-182,-38.2,-191,-41.1,-1993179,-30.5,-1664321,-35.1,-8137,-12.6,144,13.6
"20000","5","5616","56","0","2021","1","",241,5220,5206,5188,49865904,39344835,759544,737,"",0.81,0.60,0.60,0.60,0.79,0.53,0.57,1.31,"",-5,-2.0,141,2.8,69,1.3,140,2.8,5540121,12.5,1606733,4.3,216471,39.9,67,10.0
"20000","5","56161","57","0","2021","1","",119,3489,3464,3412,25401052,22088074,415423,566,"",0.67,0.48,0.48,0.47,0.56,0.38,0.39,1.17,"",-5,-4.0,-53,-1.5,-135,-3.8,-99,-2.8,1301702,5.4,135218,0.6,137678,49.6,44,8.4
"20000","5","561611","58","0","2021","1","N",36,0,0,0,0,0,0,0,"N",0.82,0,0,0,0,0,0,0,"N",-5,-12.2,0,0,0,0,0,0,0,0,0,0,0,0,0,0
"20000","5","561612","58","0","2021","1","",77,3216,3189,3140,22763013,19763271,378432,550,"",0.60,0.48,0.48,0.47,0.57,0.38,0.40,1.20,"",1,1.3,53,1.7,-38,-1.2,1,0.0,4285827,23.2,1734598,9.6,150474,66.0,103,23.0
"20000","5","561613","58","0","2021","1","N",6,0,0,0,0,0,0,0,"N",0.86,0,0,0,0,0,0,0,"N",-1,-14.3,0,0,0,0,0,0,0,0,0,0,0,0,0,0
"20000","5","56162","57","0","2021","1","",122,1731,1742,1776,24464852,17256761,344121,1076,"",1.03,1.22,1.23,1.25,1.38,1.08,1.27,1.12,"",0,0.0,194,12.6,204,13.3,239,15.5,4238419,21.0,1471515,9.3,78793,29.7,64,6.3
"20000","5","561621","58","0","2021","1","",96,1650,1661,1691,23759378,16558917,336026,1096,"",1.15,1.31,1.32,1.33,1.44,1.15,1.35,1.09,"",2,2.1,202,14.0,208,14.3,242,16.7,4323533,22.2,1510318,10.0,79323,30.9,65,6.3
"20000","5","561622","58","0","2021","1","",26,81,81,85,705474,697844,8095,659,"",0.76,0.51,0.52,0.54,0.53,0.45,0.39,1.00,"",-2,-7.1,-8,-9.0,-4,-4.7,-3,-3.4,-85114,-10.8,-38803,-5.3,-530,-6.1,-37,-5.3
"20000","5","5617","56","0","2021","1","",1999,16259,16039,17504,125748977,113501291,2296364,583,"",1.04,0.88,0.86,0.92,1.08,0.78,0.87,1.22,"",42,2.1,-285,-1.7,-552,-3.3,35,0.2,4659521,3.8,3849397,3.5,492660,27.3,31,5.6
"20000","5","56171","57","0","2021","1","",170,1097,1082,1103,11771421,9896807,188757,828,"",1.28,0.89,0.88,0.88,1.05,0.83,1.02,1.19,"",6,3.7,67,6.5,33,3.1,50,4.7,1254540,11.9,682515,7.4,45682,31.9,53,6.8
"20000","5","561710","58","0","2021","1","",170,1097,1082,1103,11771421,9896807,188757,828,"",1.28,0.89,0.88,0.88,1.05,0.83,1.02,1.19,"",6,3.7,67,6.5,33,3.1,50,4.7,1254540,11.9,682515,7.4,45682,31.9,53,6.8
"20000","5","56172","57","0","2021","1","",701,8820,8663,8888,52967787,49514134,777717,464,"",1.10,0.91,0.90,0.92,1.10,0.77,0.79,1.21,"",6,0.9,-378,-4.1,-621,-6.7,-271,-3.0,69623,0.1,86271,0.2,183019,30.8,22,5.0
"20000","5","561720","58","0","2021","1","",701,8820,8663,8888,52967787,49514134,777717,464,"",1.10,0.91,0.90,0.92,1.10,0.77,0.79,1.21,"",6,0.9,-378,-4.1,-621,-6.7,-271,-3.0,69623,0.1,86271,0.2,183019,30.8,22,5.0
"20000","5","56173","57","0","2021","1","",929,5333,5325,6524,51198090,46117747,1166456,688,"",0.99,0.83,0.82,0.95,1.08,0.78,0.91,1.24,"",44,5.0,-27,-0.5,12,0.2,236,3.8,3093201,6.4,2806285,6.5,234200,25.1,33,5.0
"20000","5","561730","58","0","2021","1","",929,5333,5325,6524,51198090,46117747,1166456,688,"",0.99,0.83,0.82,0.95,1.08,0.78,0.91,1.24,"",44,5.0,-27,-0.5,12,0.2,236,3.8,3093201,6.4,2806285,6.5,234200,25.1,33,5.0
"20000","5","56174","57","0","2021","1","",80,366,366,358,2773765,2499556,47498,587,"",1.30,1.05,1.07,1.03,1.19,0.85,1.03,1.13,"",-7,-8.0,-4,-1.1,-10,-2.7,-27,-7.0,6577,0.2,80512,3.3,9815,26.0,22,3.9
"20000","5","561740","58","0","2021","1","",80,366,366,358,2773765,2499556,47498,587,"",1.30,1.05,1.07,1.03,1.19,0.85,1.03,1.13,"",-7,-8.0,-4,-1.1,-10,-2.7,-27,-7.0,6577,0.2,80512,3.3,9815,26.0,22,3.9
"20000","5","56179","57","0","2021","1","",119,643,603,631,7037914,5473047,115936,865,"",0.80,0.74,0.69,0.72,1.04,0.69,0.74,1.45,"",-7,-5.6,57,9.7,34,6.0,47,8.0,235580,3.5,193814,3.7,19944,20.8,-38,-4.2
"20000","5","561790","58","0","2021","1","",119,643,603,631,7037914,5473047,115936,865,"",0.80,0.74,0.69,0.72,1.04,0.69,0.74,1.45,"",-7,-5.6,57,9.7,34,6.0,47,8.0,235580,3.5,193814,3.7,19944,20.8,-38,-4.2
"20000","5","5619","56","0","2021","1","",205,2164,2229,2103,21799278,16816143,406038,774,"",0.85,0.81,0.84,0.77,0.84,0.66,0.86,1.04,"",1,0.5,-108,-4.8,-20,-0.9,-173,-7.6,2811541,14.8,870447,5.5,88415,27.8,129,20.0
"20000","5","56191","57","0","2021","1","",18,370,357,225,2678143,2461252,30174,649,"",0.80,0.62,0.60,0.38,0.50,0.42,0.30,0.94,"",0,0.0,95,34.5,92,34.7,-49,-17.9,591578,28.4,523056,27.0,-1125,-3.6,57,9.6
"20000","5","561910","58","0","2021","1","",18,370,357,225,2678143,2461252,30174,649,"",0.80,0.62,0.60,0.38,0.50,0.42,0.30,0.94,"",0,0.0,95,34.5,92,34.7,-49,-17.9,591578,28.4,523056,27.0,-1125,-3.6,57,9.6
"20000","5","56192","57","0","2021","1","",32,54,58,63,861767,580081,10882,1136,"",0.61,0.25,0.26,0.27,0.31,0.23,0.18,1.17,"",1,3.2,-11,-16.9,-6,-9.4,-1,-1.6,-217740,-20.2,-181707,-23.9,-380,-3.4,-155,-12.0
"20000","5","561920","58","0","2021","1","",32,54,58,63,861767,580081,10882,1136,"",0.61,0.25,0.26,0.27,0.31,0.23,0.18,1.17,"",1,3.2,-11,-16.9,-6,-9.4,-1,-1.6,-217740,-20.2,-181707,-23.9,-380,-3.4,-155,-12.0
"20000","5","56199","57","0","2021","1","",155,1740,1814,1815,18259368,13774810,364982,785,"",0.93,0.94,0.99,0.96,1.03,0.81,1.17,1.07,"",0,0.0,-192,-9.9,-106,-5.5,-123,-6.3,2437703,15.4,529098,4.0,89920,32.7,154,24.4
"20000","5","561990","58","0","2021","1","",155,1740,1814,1815,18259368,13774810,364982,785,"",0.93,0.94,0.99,0.96,1.03,0.81,1.17,1.07,"",0,0.0,-192,-9.9,-106,-5.5,-123,-6.3,2437703,15.4,529098,4.0,89920,32.7,154,24.4
"20000","5","562","55","0","2021","1","",286,3195,3178,3176,42541439,34455947,653264,1028,"",1.10,0.75,0.76,0.75,0.84,0.69,0.70,1.11,"",5,1.8,121,3.9,130,4.3,142,4.7,-439665,-1.0,641309,1.9,141131,27.6,-55,-5.1
"20000","5","5621","56","0","2021","1","",136,1679,1676,1638,21849837,17841130,277640,1010,"",1.35,0.92,0.93,0.90,1.12,0.88,0.83,1.22,"",2,1.5,-25,-1.5,-12,-0.7,-28,-1.7,-1799215,-7.6,-1034463,-5.5,66829,31.7,-69,-6.4
"20000","5","56211","57","0","2021","1","",136,1679,1676,1638,21849837,17841130,277640,1010,"",1.35,0.92,0.93,0.90,1.12,0.88,0.83,1.22,"",2,1.5,-25,-1.5,-12,-0.7,-28,-1.7,-1799215,-7.6,-1034463,-5.5,66829,31.7,-69,-6.4
"20000","5","562111","58","0","2021","1","",120,1390,1384,1379,17396157,14532389,209888,967,"",1.51,0.88,0.88,0.88,1.03,0.82,0.74,1.17,"",3,2.6,35,2.6,27,2.0,43,3.2,-1016336,-5.5,-219917,-1.5,65003,44.9,-83,-7.9
"20000","5","562112","58","0","2021","1","N",3,0,0,0,0,0,0,0,"N",0.51,0,0,0,0,0,0,0,"N",-1,-25.0,0,0,0,0,0,0,0,0,0,0,0,0,0,0
"20000","5","562119","58","0","2021","1","N",13,0,0,0,0,0,0,0,"N",0.83,0,0,0,0,0,0,0,"N",0,0.0,0,0,0,0,0,0,0,0,0,0,0,0,0,0
"20000","5","5622","56","0","2021","1","",42,503,505,515,7576180,5776489,104470,1148,"",1.23,0.54,0.54,0.55,0.52,0.46,0.57,0.96,"",6,16.7,-7,-1.4,2,0.4,4,0.8,-271840,-3.5,-10935,-0.2,10752,11.5,-40,-3.4
"20000","5","56221","57","0","2021","1","",42,503,505,515,7576180,5776489,104470,1148,"",1.23,0.54,0.54,0.55,0.52,0.46,0.57,0.96,"",6,16.7,-7,-1.4,2,0.4,4,0.8,-271840,-3.5,-10935,-0.2,10752,11.5,-40,-3.4
"20000","5","562211","58","0","2021","1","",14,187,190,202,2498065,2101353,50842,996,"",1.44,0.52,0.54,0.57,0.43,0.39,0.79,0.79,"",5,55.6,5,2.7,13,7.3,19,10.4,264199,11.8,232030,12.4,8814,21.0,45,4.7
"20000","5","562212","58","0","2021","1","",18,228,225,229,3899792,2661506,41999,1320,"",1.38,0.63,0.63,0.63,0.72,0.63,0.60,1.14,"",0,0.0,-11,-4.6,-13,-5.5,-9,-3.8,-424280,-9.8,-191538,-6.7,-1010,-2.3,-76,-5.4
"20000","5","562219","58","0","2021","1","",10,88,90,84,1178323,1013630,11629,1038,"",1.02,0.51,0.53,0.49,0.53,0.47,0.29,1.03,"",1,11.1,-1,-1.1,2,2.3,-6,-6.7,-111759,-8.7,-51427,-4.8,2948,34.0,-77,-6.9
"20000","5","5629","56","0","2021","1","",108,1013,997,1023,13115422,10838328,271154,998,"",0.87,0.69,0.68,0.69,0.78,0.62,0.66,1.13,"",-3,-2.7,153,17.8,140,16.3,166,19.4,1631390,14.2,1686707,18.4,63550,30.6,-32,-3.1
"20000","5","56291","57","0","2021","1","",49,628,606,642,9088222,7183159,192323,1118,"",0.79,0.77,0.75,0.78,0.89,0.69,0.71,1.16,"",-4,-7.5,164,35.3,147,32.0,175,37.5,1561501,20.7,1659735,30.0,55784,40.9,-132,-10.6
"20000","5","562910","58","0","2021","1","",49,628,606,642,9088222,7183159,192323,1118,"",0.79,0.77,0.75,0.78,0.89,0.69,0.71,1.16,"",-4,-7.5,164,35.3,147,32.0,175,37.5,1561501,20.7,1659735,30.0,55784,40.9,-132,-10.6
"20000","5","56292","57","0","2021","1","",9,201,212,206,1937408,1810494,39849,722,"",0.77,1.05,1.12,1.07,1.02,0.91,1.11,0.95,"",-2,-18.2,-17,-7.8,-4,-1.9,-9,-4.2,-78131,-3.9,-85986,-4.5,2423,6.5,5,0.7
"20000","5","562920","58","0","2021","1","",9,201,212,206,1937408,1810494,39849,722,"",0.77,1.05,1.12,1.07,1.02,0.91,1.11,0.95,"",-2,-18.2,-17,-7.8,-4,-1.9,-9,-4.2,-78131,-3.9,-85986,-4.5,2423,6.5,5,0.7
"20000","5","56299","57","0","2021","1","",50,184,179,175,2089792,1844675,38982,896,"",0.98,0.39,0.39,0.37,0.44,0.36,0.38,1.15,"",3,6.4,6,3.4,-3,-1.6,0,0.0,148020,7.6,112958,6.5,5343,15.9,58,6.9
"20000","5","562991","58","0","2021","1","",25,94,96,93,946963,900474,14557,772,"",0.75,0.34,0.35,0.33,0.35,0.31,0.24,1.04,"",-1,-3.8,-1,-1.1,-4,-4.0,-7,-7.0,-61963,-6.1,-26337,-2.8,122,0.8,-17,-2.2
"20000","5","562998","58","0","2021","1","",25,90,83,82,1142829,944201,24425,1034,"",1.43,0.47,0.44,0.42,0.55,0.43,0.59,1.24,"",4,19.0,7,8.4,1,1.2,7,9.3,209983,22.5,139295,17.3,5221,27.2,137,15.3
"20000","5","61","54","0","2021","1","",952,13741,14449,14234,132843700,70218428,1129680,723,"",0.84,0.53,0.54,0.53,0.48,0.69,0.67,0.89,"",69,7.8,-677,-4.7,-588,-3.9,-309,-2.1,-2632729,-1.9,-1232159,-1.7,255387,29.2,12,1.7
"20000","5","611","55","0","2021","1","",952,13741,14449,14234,132843700,70218428,1129680,723,"",0.84,0.53,0.54,0.53,0.48,0.69,0.67,0.89,"",69,7.8,-677,-4.7,-588,-3.9,-309,-2.1,-2632729,-1.9,-1232159,-1.7,255387,29.2,12,1.7
"20000","5","6111","56","0","2021","1","",64,2833,2843,2843,20123983,13474229,100092,545,"",0.40,0.35,0.35,0.35,0.29,0.36,0.18,0.83,"",6,10.3,-14,-0.5,-59,-2.0,-28,-1.0,486401,2.5,654211,5.1,33033,49.3,19,3.6
"20000","5","61111","57","0","2021","1","",64,2833,2843,2843,20123983,13474229,100092,545,"",0.40,0.35,0.35,0.35,0.29,0.36,0.18,0.83,"",6,10.3,-14,-0.5,-59,-2.0,-28,-1.0,486401,2.5,654211,5.1,33033,49.3,19,3.6
"20000","5","611110","58","0","2021","1","",64,2833,2843,2843,20123983,13474229,100092,545,"",0.40,0.35,0.35,0.35,0.29,0.36,0.18,0.83,"",6,10.3,-14,-0.5,-59,-2.0,-28,-1.0,486401,2.5,654211,5.1,33033,49.3,19,3.6
"20000","5","6112","56","0","2021","1","",20,401,451,449,5048604,1889539,33521,896,"",2.73,1.99,2.14,2.11,2.70,1.14,0.92,1.30,"",1,5.3,-34,-7.8,-17,-3.6,-7,-1.5,257933,5.4,-187120,-9.0,2568,8.3,83,10.2
"20000","5","61121","57","0","2021","1","",20,401,451,449,5048604,1889539,33521,896,"",2.73,1.99,2.14,2.11,2.70,1.14,0.92,1.30,"",1,5.3,-34,-7.8,-17,-3.6,-7,-1.5,257933,5.4,-187120,-9.0,2568,8.3,83,10.2
"20000","5","611210","58","0","2021","1","",20,401,451,449,5048604,1889539,33521,896,"",2.73,1.99,2.14,2.11,2.70,1.14,0.92,1.30,"",1,5.3,-34,-7.8,-17,-3.6,-7,-1.5,257933,5.4,-187120,-9.0,2568,8.3,83,10.2
"20000","5","6113","56","0","2021","1","",109,4729,5222,5078,46639836,13028605,158042,716,"",1.17,0.43,0.45,0.43,0.30,0.91,0.75,0.70,"",12,12.4,-314,-6.2,-176,-3.3,-181,-3.4,-581645,-1.2,-269425,-2.0,34914,28.4,22,3.2
"20000","5","61131","57","0","2021","1","",109,4729,5222,5078,46639836,13028605,158042,716,"",1.17,0.43,0.45,0.43,0.30,0.91,0.75,0.70,"",12,12.4,-314,-6.2,-176,-3.3,-181,-3.4,-581645,-1.2,-269425,-2.0,34914,28.4,22,3.2
"20000","5","611310","58","0","2021","1","",109,4729,5222,5078,46639836,13028605,158042,716,"",1.17,0.43,0.45,0.43,0.30,0.91,0.75,0.70,"",12,12.4,-314,-6.2,-176,-3.3,-181,-3.4,-581645,-1.2,-269425,-2.0,34914,28.4,22,3.2
"20000","5","6114","56","0","2021","1","",120,743,744,749,9203604,5493255,149060,950,"",1.05,1.15,1.14,1.14,0.90,0.71,1.12,0.79,"",12,11.1,-56,-7.0,-65,-8.0,-67,-8.2,-3371305,-26.8,-2089903,-27.6,-25604,-14.7,-247,-20.6
"20000","5","61141","57","0","2021","1","N",3,0,0,0,0,0,0,0,"N",1.13,0,0,0,0,0,0,0,"N",2,200.0,0,0,0,0,0,0,0,0,0,0,0,0,0,0
"20000","5","611410","58","0","2021","1","N",3,0,0,0,0,0,0,0,"N",1.13,0,0,0,0,0,0,0,"N",2,200.0,0,0,0,0,0,0,0,0,0,0,0,0,0,0
"20000","5","61142","57","0","2021","1","N",29,0,0,0,0,0,0,0,"N",1.06,0,0,0,0,0,0,0,"N",7,31.8,0,0,0,0,0,0,0,0,0,0,0,0,0,0
"20000","5","611420","58","0","2021","1","N",29,0,0,0,0,0,0,0,"N",1.06,0,0,0,0,0,0,0,"N",7,31.8,0,0,0,0,0,0,0,0,0,0,0,0,0,0
"20000","5","61143","57","0","2021","1","",88,695,696,702,8365805,5122179,139167,922,"",1.04,1.63,1.62,1.62,1.26,1.05,1.68,0.77,"",3,3.5,-40,-5.4,-53,-7.1,-52,-6.9,-3575093,-29.9,-2014765,-28.2,-25052,-15.3,-309,-25.1
"20000","5","611430","58","0","2021","1","",88,695,696,702,8365805,5122179,139167,922,"",1.04,1.63,1.62,1.62,1.26,1.05,1.68,0.77,"",3,3.5,-40,-5.4,-53,-7.1,-52,-6.9,-3575093,-29.9,-2014765,-28.2,-25052,-15.3,-309,-25.1
"20000","5","6115","56","0","2021","1","",96,972,977,976,15589471,10385367,205206,1230,"",1.07,0.96,0.95,0.94,1.51,1.05,1.06,1.59,"",12,14.3,65,7.2,67,7.4,74,8.2,415332,2.7,322737,3.2,125491,157.4,-58,-4.5
"20000","5","61151","57","0","2021","1","",96,972,977,976,15589471,10385367,205206,1230,"",1.07,0.96,0.95,0.94,1.51,1.05,1.06,1.59,"",12,14.3,65,7.2,67,7.4,74,8.2,415332,2.7,322737,3.2,125491,157.4,-58,-4.5
"20000","5","611511","58","0","2021","1","",16,199,201,200,1617714,1541307,25077,622,"",1.09,1.28,1.29,1.26,1.55,1.16,0.93,1.22,"",1,6.7,34,20.6,30,17.5,27,15.6,222062,15.9,214680,16.2,10604,73.3,-11,-1.7
"20000","5","611512","58","0","2021","1","",19,407,404,406,8983681,5184899,101924,1703,"",1.54,2.09,2.09,2.11,3.50,2.26,3.93,1.67,"",0,0.0,-91,-18.3,-93,-18.7,-89,-18.0,-1874289,-17.3,-1223548,-19.1,70718,226.6,21,1.2
"20000","5","611513","58","0","2021","1","",6,18,18,17,237428,191899,1469,1034,"",0.48,0.13,0.12,0.11,0.16,0.14,0.05,1.30,"",0,0.0,-2,-10.0,-2,-10.0,-3,-15.0,-73495,-23.6,-38803,-16.8,-343,-18.9,-162,-13.5
"20000","5","611519","58","0","2021","1","",55,348,354,353,4750648,3467262,76736,1039,"",1.09,0.66,0.67,0.66,0.91,0.71,0.68,1.38,"",11,25.0,124,55.4,132,59.5,139,65.0,2141054,82.0,1370408,65.4,44512,138.1,127,13.9
"20000","5","6116","56","0","2021","1","",396,2625,2755,2666,11863618,10173220,161547,340,"",0.82,0.75,0.76,0.73,0.74,0.57,0.56,0.99,"",18,4.8,-314,-10.7,-305,-10.0,-66,-2.4,101865,0.9,68431,0.7,38424,31.2,29,9.3
"20000","5","61161","57","0","2021","1","",134,903,918,886,2638791,2462326,34304,225,"",1.09,1.02,1.01,0.97,0.82,0.66,0.58,0.82,"",-1,-0.7,-126,-12.2,-134,-12.7,-42,-4.5,-247098,-8.6,-269035,-9.8,9728,39.6,4,1.8
"20000","5","611610","58","0","2021","1","",134,903,918,886,2638791,2462326,34304,225,"",1.09,1.02,1.01,0.97,0.82,0.66,0.58,0.82,"",-1,-0.7,-126,-12.2,-134,-12.7,-42,-4.5,-247098,-8.6,-269035,-9.8,9728,39.6,4,1.8
"20000","5","61162","57","0","2021","1","",130,993,1090,1027,4748982,4278557,57746,352,"",0.87,0.95,1.01,0.92,1.15,0.84,0.89,1.20,"",2,1.6,-146,-12.8,-124,-10.2,-46,-4.3,66365,1.4,105036,2.5,13229,29.7,37,11.7
"20000","5","611620","58","0","2021","1","",130,993,1090,1027,4748982,4278557,57746,352,"",0.87,0.95,1.01,0.92,1.15,0.84,0.89,1.20,"",2,1.6,-146,-12.8,-124,-10.2,-46,-4.3,66365,1.4,105036,2.5,13229,29.7,37,11.7
"20000","5","61163","57","0","2021","1","",10,40,41,60,86796,86796,470,142,"",0.62,0.29,0.30,0.44,0.13,0.11,0.03,0.39,"",0,0.0,-11,-21.6,-37,-47.4,11,22.4,-24972,-22.3,-24972,-22.3,-319,-40.4,-3,-2.1
"20000","5","611630","58","0","2021","1","",10,40,41,60,86796,86796,470,142,"",0.62,0.29,0.30,0.44,0.13,0.11,0.03,0.39,"",0,0.0,-11,-21.6,-37,-47.4,11,22.4,-24972,-22.3,-24972,-22.3,-319,-40.4,-3,-2.1
"20000","5","61169","57","0","2021","1","",122,689,706,693,4389049,3345541,69027,485,"",0.63,0.48,0.48,0.46,0.54,0.40,0.47,1.14,"",17,16.2,-31,-4.3,-10,-1.4,11,1.6,307570,7.5,257402,8.3,15786,29.7,40,9.0
"20000","5","611691","58","0","2021","1","",51,431,444,434,2108142,1628540,35424,372,"",0.59,0.55,0.55,0.54,0.56,0.42,0.48,1.02,"",9,21.4,-39,-8.3,-34,-7.1,-16,-3.6,58615,2.9,-12518,-0.8,6343,21.8,34,10.1
"20000","5","611692","58","0","2021","1","",17,96,96,97,442201,440223,7826,353,"",0.82,0.77,0.76,0.74,0.76,0.57,0.72,1.01,"",-1,-5.6,12,14.3,14,17.1,14,16.9,119705,37.1,117224,36.3,2735,53.7,54,18.1
"20000","5","611699","58","0","2021","1","",54,162,166,162,1838706,1276778,25777,866,"",0.62,0.30,0.30,0.29,0.49,0.35,0.41,1.64,"",9,20.0,-4,-2.4,10,6.4,13,8.7,129250,7.6,152696,13.6,6708,35.2,28,3.3
"20000","5","6117","56","0","2021","1","",147,1438,1457,1473,24374584,15774213,322212,1288,"",0.78,0.96,0.95,0.95,1.38,1.21,1.24,1.44,"",8,5.8,-10,-0.7,-33,-2.2,-34,-2.3,58690,0.2,268910,1.7,46561,16.9,26,2.1
"20000","5","61171","57","0","2021","1","",147,1438,1457,1473,24374584,15774213,322212,1288,"",0.78,0.96,0.95,0.95,1.38,1.21,1.24,1.44,"",8,5.8,-10,-0.7,-33,-2.2,-34,-2.3,58690,0.2,268910,1.7,46561,16.9,26,2.1
"20000","5","611710","58","0","2021","1","",147,1438,1457,1473,24374584,15774213,322212,1288,"",0.78,0.96,0.95,0.95,1.38,1.21,1.24,1.44,"",8,5.8,-10,-0.7,-33,-2.2,-34,-2.3,58690,0.2,268910,1.7,46561,16.9,26,2.1
"20000","5","62","54","0","2021","1","",9375,181010,180537,180566,2105544613,1073665299,14903343,896,"",0.64,0.96,0.97,0.96,1.11,1.00,0.97,1.15,"",126,1.4,-4906,-2.6,-5862,-3.1,-4027,-2.2,-43816830,-2.0,-19936189,-1.8,3181861,27.1,5,0.6
"20000","5","621","55","0","2021","1","",4770,58552,58623,58558,921005479,477754795,7633713,1209,"",0.90,0.80,0.80,0.79,1.03,0.79,0.91,1.29,"",131,2.8,-497,-0.8,-540,-0.9,166,0.3,13587800,1.5,-2550706,-0.5,1672631,28.1,23,1.9
"20000","5","6211","56","0","2021","1","",1323,19929,20014,19906,461680505,172371346,2614548,1780,"",0.73,0.78,0.78,0.78,1.06,0.79,0.94,1.36,"",37,2.9,129,0.7,281,1.4,280,1.4,-443180,-0.1,-1661507,-1.0,518725,24.8,-23,-1.3
"20000","5","62111","57","0","2021","1","",1323,19929,20014,19906,461680505,172371346,2614548,1780,"",0.73,0.78,0.78,0.78,1.06,0.79,0.94,1.36,"",37,2.9,129,0.7,281,1.4,280,1.4,-443180,-0.1,-1661507,-1.0,518725,24.8,-23,-1.3
"20000","5","621111","58","0","2021","1","",1256,19681,19752,19646,458060255,169986625,2562298,1789,"",0.73,0.78,0.79,0.78,1.07,0.79,0.94,1.36,"",31,2.5,111,0.6,254,1.3,243,1.3,-558979,-0.1,-1846746,-1.1,508996,24.8,-21,-1.2
"20000","5","621112","58","0","2021","1","",67,248,262,260,3620250,2384721,52250,1085,"",0.68,0.43,0.45,0.45,0.52,0.44,0.68,1.17,"",6,9.8,18,7.8,27,11.5,37,16.6,115799,3.3,185239,8.4,9729,22.9,-90,-7.7
"20000","5","6212","56","0","2021","1","",956,8348,8339,8260,106425165,75811896,1170440,984,"",0.88,0.91,0.91,0.89,1.16,0.84,0.99,1.28,"",-22,-2.2,-100,-1.2,-130,-1.5,112,1.4,3157554,3.1,1093174,1.5,313943,36.7,33,3.5
"20000","5","62121","57","0","2021","1","",956,8348,8339,8260,106425165,75811896,1170440,984,"",0.88,0.91,0.91,0.89,1.16,0.84,0.99,1.28,"",-22,-2.2,-100,-1.2,-130,-1.5,112,1.4,3157554,3.1,1093174,1.5,313943,36.7,33,3.5
"20000","5","621210","58","0","2021","1","",956,8348,8339,8260,106425165,75811896,1170440,984,"",0.88,0.91,0.91,0.89,1.16,0.84,0.99,1.28,"",-22,-2.2,-100,-1.2,-130,-1.5,112,1.4,3157554,3.1,1093174,1.5,313943,36.7,33,3.5
"20000","5","6213","56","0","2021","1","",1514,8992,9004,9023,92484802,71487312,1137161,790,"",1.12,0.98,0.98,0.97,1.19,0.87,1.03,1.22,"",77,5.4,-203,-2.2,-354,-3.8,-125,-1.4,2535554,2.8,-690071,-1.0,243430,27.2,41,5.5
"20000","5","62131","57","0","2021","1","",538,1625,1608,1604,12737164,11153101,149725,608,"",1.67,1.23,1.22,1.20,1.43,1.03,1.19,1.18,"",-1,-0.2,38,2.4,16,1.0,68,4.4,233388,1.9,285977,2.6,42406,39.5,-4,-0.7
"20000","5","621310","58","0","2021","1","",538,1625,1608,1604,12737164,11153101,149725,608,"",1.67,1.23,1.22,1.20,1.43,1.03,1.19,1.18,"",-1,-0.2,38,2.4,16,1.0,68,4.4,233388,1.9,285977,2.6,42406,39.5,-4,-0.7
"20000","5","62132","57","0","2021","1","",290,2338,2338,2298,26432692,18705191,251218,875,"",1.69,1.73,1.73,1.69,2.35,1.51,1.71,1.37,"",-1,-0.3,-17,-0.7,-36,-1.5,-8,-0.3,1228662,4.9,210184,1.1,71357,39.7,48,5.8
"20000","5","621320","58","0","2021","1","",290,2338,2338,2298,26432692,18705191,251218,875,"",1.69,1.73,1.73,1.69,2.35,1.51,1.71,1.37,"",-1,-0.3,-17,-0.7,-36,-1.5,-8,-0.3,1228662,4.9,210184,1.1,71357,39.7,48,5.8
"20000","5","62133","57","0","2021","1","",176,690,700,697,5857156,5240730,114145,648,"",0.81,0.52,0.52,0.52,0.56,0.47,0.66,1.08,"",33,23.1,108,18.6,103,17.3,121,21.0,895460,18.0,811488,18.3,35984,46.0,-4,-0.6
"20000","5","621330","58","0","2021","1","",176,690,700,697,5857156,5240730,114145,648,"",0.81,0.52,0.52,0.52,0.56,0.47,0.66,1.08,"",33,23.1,108,18.6,103,17.3,121,21.0,895460,18.0,811488,18.3,35984,46.0,-4,-0.6
"20000","5","62134","57","0","2021","1","",306,3255,3266,3304,32934163,27023765,484391,774,"",0.86,0.86,0.86,0.86,1.00,0.77,1.02,1.16,"",27,9.7,-405,-11.1,-488,-13.0,-407,-11.0,-3453691,-9.5,-3428745,-11.3,53788,12.5,19,2.5
"20000","5","621340","58","0","2021","1","",306,3255,3266,3304,32934163,27023765,484391,774,"",0.86,0.86,0.86,0.86,1.00,0.77,1.02,1.16,"",27,9.7,-405,-11.1,-488,-13.0,-407,-11.0,-3453691,-9.5,-3428745,-11.3,53788,12.5,19,2.5
"20000","5","62139","57","0","2021","1","",204,1084,1092,1120,14523627,9364525,137682,1017,"",0.73,0.75,0.75,0.76,1.03,0.73,0.75,1.36,"",19,10.3,73,7.2,51,4.9,101,9.9,3631735,33.3,1431025,18.0,39895,40.8,199,24.3
"20000","5","621391","58","0","2021","1","",37,197,191,195,2027030,1517632,18664,802,"",0.65,0.63,0.61,0.62,0.73,0.55,0.50,1.18,"",-5,-11.9,-23,-10.5,-36,-15.9,-33,-14.5,-266700,-11.6,-281338,-15.6,-1527,-7.6,18,2.3
"20000","5","621399","58","0","2021","1","",167,887,901,925,12496597,7846893,119018,1063,"",0.76,0.79,0.79,0.80,1.10,0.78,0.82,1.39,"",24,16.8,96,12.1,87,10.7,134,16.9,3898435,45.3,1712363,27.9,41422,53.4,235,28.4
"20000","5","6214","56","0","2021","1","",352,7215,7208,7251,81744062,42493390,607117,870,"",0.99,0.77,0.77,0.77,0.64,0.65,0.61,0.84,"",9,2.6,-9,-0.1,-15,-0.2,112,1.6,-912435,-1.1,-33789,-0.1,95630,18.7,-14,-1.6
"20000","5","62141","57","0","2021","1","",13,106,106,101,1251653,510534,9931,923,"",0.70,0.46,0.46,0.43,0.54,0.35,0.38,1.19,"",2,18.2,-10,-8.6,-10,-8.6,-1,-1.0,44242,3.7,70107,15.9,2703,37.4,89,10.7
"20000","5","621410","58","0","2021","1","",13,106,106,101,1251653,510534,9931,923,"",0.70,0.46,0.46,0.43,0.54,0.35,0.38,1.19,"",2,18.2,-10,-8.6,-10,-8.6,-1,-1.0,44242,3.7,70107,15.9,2703,37.4,89,10.7
"20000","5","62142","57","0","2021","1","",132,3089,3099,3113,27180060,11232499,171067,674,"",1.25,1.25,1.26,1.26,1.28,0.81,0.70,1.02,"",5,3.9,-124,-3.9,-126,-3.9,-109,-3.4,-1117014,-3.9,-42458,-0.4,52384,44.1,-2,-0.3
"20000","5","621420","58","0","2021","1","",132,3089,3099,3113,27180060,11232499,171067,674,"",1.25,1.25,1.26,1.26,1.28,0.81,0.70,1.02,"",5,3.9,-124,-3.9,-126,-3.9,-109,-3.4,-1117014,-3.9,-42458,-0.4,52384,44.1,-2,-0.3
"20000","5","62149","57","0","2021","1","",207,4020,4003,4037,53312349,30750357,426119,1020,"",0.89,0.60,0.60,0.60,0.52,0.61,0.59,0.86,"",2,1.0,125,3.2,121,3.1,222,5.8,160337,0.3,-61438,-0.2,40543,10.5,-38,-3.6
"20000","5","621492","58","0","2021","1","",67,825,821,817,10375570,8376166,103456,972,"",1.01,0.66,0.67,0.66,0.72,0.64,0.68,1.08,"",3,4.7,-7,-0.8,-8,-1.0,-13,-1.6,-1240836,-10.7,-599776,-6.7,23050,28.7,-104,-9.7
"20000","5","621493","58","0","2021","1","",53,903,895,911,11693852,7740850,143923,996,"",0.79,0.56,0.56,0.57,0.63,0.57,0.75,1.12,"",1,1.9,60,7.1,81,10.0,181,24.8,372094,3.3,639594,9.0,46192,47.3,-99,-9.0
"20000","5","621498","58","0","2021","1","",87,2292,2287,2309,31242927,14633341,178740,1047,"",1.15,1.20,1.20,1.20,1.29,1.20,0.91,1.08,"",-2,-2.2,72,3.2,48,2.1,54,2.4,1029079,3.4,-101256,-0.7,-28699,-13.8,9,0.9
"20000","5","6215","56","0","2021","1","",227,4477,4443,4465,79928220,46961852,866850,1378,"",1.14,1.56,1.55,1.55,1.87,1.56,1.88,1.20,"",8,3.7,-32,-0.7,-69,-1.5,-42,-0.9,6736443,9.2,39436,0.1,196052,29.2,129,10.3
"20000","5","62151","57","0","2021","1","",227,4477,4443,4465,79928220,46961852,866850,1378,"",1.14,1.56,1.55,1.55,1.87,1.56,1.88,1.20,"",8,3.7,-32,-0.7,-69,-1.5,-42,-0.9,6736443,9.2,39436,0.1,196052,29.2,129,10.3
"20000","5","621511","58","0","2021","1","",172,4089,4071,4097,72858666,43242681,797177,1372,"",1.18,1.94,1.92,1.93,2.23,1.91,2.33,1.15,"",12,7.5,5,0.1,-10,-0.2,15,0.4,9343545,14.7,547317,1.3,192896,31.9,175,14.6
"20000","5","621512","58","0","2021","1","",55,388,372,368,7069554,3719171,69673,1446,"",1.03,0.51,0.49,0.49,0.70,0.50,0.58,1.41,"",-4,-6.8,-37,-8.7,-59,-13.7,-57,-13.4,-2607102,-26.9,-507881,-12.0,3156,4.7,-297,-17.0
"20000","5","6216","56","0","2021","1","",266,7803,7839,7873,72938509,54556361,953560,716,"",0.76,0.55,0.55,0.55,0.79,0.58,0.62,1.43,"",11,4.3,-194,-2.4,-168,-2.1,-102,-1.3,704644,1.0,-1308236,-2.3,202735,27.0,21,3.0
"20000","5","62161","57","0","2021","1","",266,7803,7839,7873,72938509,54556361,953560,716,"",0.76,0.55,0.55,0.55,0.79,0.58,0.62,1.43,"",11,4.3,-194,-2.4,-168,-2.1,-102,-1.3,704644,1.0,-1308236,-2.3,202735,27.0,21,3.0
"20000","5","621610","58","0","2021","1","",266,7803,7839,7873,72938509,54556361,953560,716,"",0.76,0.55,0.55,0.55,0.79,0.58,0.62,1.43,"",11,4.3,-194,-2.4,-168,-2.1,-102,-1.3,704644,1.0,-1308236,-2.3,202735,27.0,21,3.0
"20000","5","6219","56","0","2021","1","",132,1788,1776,1780,25804216,14072638,284037,1114,"",0.99,0.61,0.60,0.60,0.84,0.57,0.79,1.38,"",11,9.1,-88,-4.7,-85,-4.6,-69,-3.7,1809220,7.5,10287,0.1,102116,56.1,123,12.4
"20000","5","62191","57","0","2021","1","",33,672,667,664,8973450,6830817,124236,1034,"",0.72,0.44,0.43,0.43,0.68,0.50,0.69,1.56,"",8,32.0,-94,-12.3,-91,-12.0,-96,-12.6,-476625,-5.0,-131396,-1.9,40883,49.0,79,8.3
"20000","5","621910","58","0","2021","1","",33,672,667,664,8973450,6830817,124236,1034,"",0.72,0.44,0.43,0.43,0.68,0.50,0.69,1.56,"",8,32.0,-94,-12.3,-91,-12.0,-96,-12.6,-476625,-5.0,-131396,-1.9,40883,49.0,79,8.3
"20000","5","62199","57","0","2021","1","",99,1116,1109,1116,16830766,7241821,159801,1163,"",1.12,0.79,0.79,0.79,0.96,0.65,0.89,1.21,"",3,3.1,6,0.5,6,0.5,27,2.5,2285845,15.7,141683,2.0,61233,62.1,146,14.4
"20000","5","621991","58","0","2021","1","",14,619,620,622,8085286,2560515,42435,1003,"",0.79,0.84,0.85,0.85,1.15,0.59,0.76,1.36,"",0,0.0,-12,-1.9,-15,-2.4,-14,-2.2,-638079,-7.3,-266217,-9.4,14505,51.9,-55,-5.2
"20000","5","621999","58","0","2021","1","",85,497,489,494,8745480,4681306,117366,1364,"",1.21,0.74,0.73,0.73,0.83,0.69,0.95,1.13,"",3,3.7,18,3.8,21,4.5,41,9.1,2923924,50.2,407900,9.5,46728,66.2,404,42.1
"20000","5","622","55","0","2021","1","",143,50871,50632,50787,708693788,281247126,2127790,1074,"",1.46,1.05,1.06,1.06,1.16,3.00,2.22,1.10,"",-3,-2.1,-827,-1.6,-1174,-2.3,-1019,-2.0,-38808072,-5.2,-17250349,-5.8,308355,16.9,-37,-3.3
"20000","5","6221","56","0","2021","1","",124,48469,48191,48328,680427960,264106960,1875076,1083,"",1.75,1.08,1.08,1.08,1.19,3.50,2.59,1.10,"",-2,-1.6,-859,-1.7,-1209,-2.4,-1081,-2.2,-36417724,-5.1,-15829066,-5.7,258319,16.0,-34,-3.0
"20000","5","62211","57","0","2021","1","",124,48469,48191,48328,680427960,264106960,1875076,1083,"",1.75,1.08,1.08,1.08,1.19,3.50,2.59,1.10,"",-2,-1.6,-859,-1.7,-1209,-2.4,-1081,-2.2,-36417724,-5.1,-15829066,-5.7,258319,16.0,-34,-3.0
"20000","5","622110","58","0","2021","1","",124,48469,48191,48328,680427960,264106960,1875076,1083,"",1.75,1.08,1.08,1.08,1.19,3.50,2.59,1.10,"",-2,-1.6,-859,-1.7,-1209,-2.4,-1081,-2.2,-36417724,-5.1,-15829066,-5.7,258319,16.0,-34,-3.0
"20000","5","6222","56","0","2021","1","",11,1122,1141,1146,11099630,5538599,119221,751,"",1.00,0.97,0.99,0.99,1.02,0.71,1.06,1.03,"",-1,-8.3,62,5.8,65,6.0,62,5.7,-918288,-7.6,-929263,-14.4,235,0.2,-110,-12.8
"20000","5","62221","57","0","2021","1","",11,1122,1141,1146,11099630,5538599,119221,751,"",1.00,0.97,0.99,0.99,1.02,0.71,1.06,1.03,"",-1,-8.3,62,5.8,65,6.0,62,5.7,-918288,-7.6,-929263,-14.4,235,0.2,-110,-12.8
"20000","5","622210","58","0","2021","1","",11,1122,1141,1146,11099630,5538599,119221,751,"",1.00,0.97,0.99,0.99,1.02,0.71,1.06,1.03,"",-1,-8.3,62,5.8,65,6.0,62,5.7,-918288,-7.6,-929263,-14.4,235,0.2,-110,-12.8
"20000","5","6223","56","0","2021","1","",8,1280,1300,1313,17166198,11601567,133493,1018,"",0.49,0.57,0.58,0.58,0.61,1.14,1.07,1.06,"",0,0.0,-30,-2.3,-30,-2.3,0,0.0,-1472060,-7.9,-492020,-4.1,49801,59.5,-70,-6.4
"20000","5","62231","57","0","2021","1","",8,1280,1300,1313,17166198,11601567,133493,1018,"",0.49,0.57,0.58,0.58,0.61,1.14,1.07,1.06,"",0,0.0,-30,-2.3,-30,-2.3,0,0.0,-1472060,-7.9,-492020,-4.1,49801,59.5,-70,-6.4
"20000","5","622310","58","0","2021","1","",8,1280,1300,1313,17166198,11601567,133493,1018,"",0.49,0.57,0.58,0.58,0.61,1.14,1.07,1.06,"",0,0.0,-30,-2.3,-30,-2.3,0,0.0,-1472060,-7.9,-492020,-4.1,49801,59.5,-70,-6.4
"20000","5","623","55","0","2021","1","",751,36329,36053,36110,280295127,182536596,2823112,596,"",1.07,1.24,1.24,1.24,1.40,1.01,1.14,1.13,"",16,2.2,-2672,-6.9,-3062,-7.8,-2694,-6.9,-14461758,-4.9,-3729822,-2.0,657153,30.3,14,2.4
"20000","5","6231","56","0","2021","1","",280,16406,16258,16355,131722855,95507497,1468327,620,"",1.84,1.22,1.23,1.23,1.33,0.98,1.17,1.08,"",8,2.9,-1210,-6.9,-1428,-8.1,-1131,-6.5,-3759203,-2.8,-307171,-0.3,299362,25.6,28,4.7
"20000","5","62311","57","0","2021","1","",280,16406,16258,16355,131722855,95507497,1468327,620,"",1.84,1.22,1.23,1.23,1.33,0.98,1.17,1.08,"",8,2.9,-1210,-6.9,-1428,-8.1,-1131,-6.5,-3759203,-2.8,-307171,-0.3,299362,25.6,28,4.7
"20000","5","623110","58","0","2021","1","",280,16406,16258,16355,131722855,95507497,1468327,620,"",1.84,1.22,1.23,1.23,1.33,0.98,1.17,1.08,"",8,2.9,-1210,-6.9,-1428,-8.1,-1131,-6.5,-3759203,-2.8,-307171,-0.3,299362,25.6,28,4.7
"20000","5","6232","56","0","2021","1","",114,3856,3847,3866,30144247,16427056,187621,601,"",0.44,0.66,0.66,0.66,0.76,0.61,0.47,1.15,"",0,0.0,-344,-8.2,-397,-9.4,-353,-8.4,-1337786,-4.2,-34505,-0.2,42537,29.3,27,4.7
"20000","5","62321","57","0","2021","1","",82,2926,2932,2956,21191061,7795771,99349,555,"",0.44,0.80,0.81,0.82,0.92,0.53,0.56,1.14,"",-3,-3.5,-330,-10.1,-361,-11.0,-300,-9.2,-1461876,-6.5,-194783,-2.4,22983,30.1,22,4.1
"20000","5","623210","58","0","2021","1","",82,2926,2932,2956,21191061,7795771,99349,555,"",0.44,0.80,0.81,0.82,0.92,0.53,0.56,1.14,"",-3,-3.5,-330,-10.1,-361,-11.0,-300,-9.2,-1461876,-6.5,-194783,-2.4,22983,30.1,22,4.1
"20000","5","62322","57","0","2021","1","",32,930,915,910,8953186,8631285,88272,750,"",0.43,0.42,0.42,0.41,0.54,0.72,0.40,1.29,"",3,10.3,-14,-1.5,-36,-3.8,-53,-5.5,124090,1.4,160278,1.9,19554,28.5,37,5.2
"20000","5","623220","58","0","2021","1","",32,930,915,910,8953186,8631285,88272,750,"",0.43,0.42,0.42,0.41,0.54,0.72,0.40,1.29,"",3,10.3,-14,-1.5,-36,-3.8,-53,-5.5,124090,1.4,160278,1.9,19554,28.5,37,5.2
"20000","5","6233","56","0","2021","1","",293,14688,14594,14566,107325810,64294101,1072429,565,"",1.27,1.70,1.72,1.72,2.10,1.29,1.52,1.23,"",4,1.4,-1238,-7.8,-1291,-8.1,-1266,-8.0,-9475167,-8.1,-3542056,-5.2,272233,34.0,-1,-0.2
"20000","5","62331","57","0","2021","1","",293,14688,14594,14566,107325810,64294101,1072429,565,"",1.27,1.70,1.72,1.72,2.10,1.29,1.52,1.23,"",4,1.4,-1238,-7.8,-1291,-8.1,-1266,-8.0,-9475167,-8.1,-3542056,-5.2,272233,34.0,-1,-0.2
"20000","5","623311","58","0","2021","1","",162,10843,10769,10709,79899354,39324611,790455,570,"",2.68,2.44,2.46,2.45,2.90,1.81,2.76,1.18,"",5,3.2,-754,-6.5,-791,-6.8,-818,-7.1,-6823425,-7.9,-1165716,-2.9,198692,33.6,-7,-1.2
"20000","5","623312","58","0","2021","1","",131,3845,3825,3857,27426456,24969490,281974,549,"",0.77,0.92,0.93,0.94,1.17,0.89,0.67,1.26,"",-1,-0.8,-484,-11.2,-500,-11.6,-448,-10.4,-2651742,-8.8,-2376340,-8.7,73541,35.3,13,2.4
"20000","5","6239","56","0","2021","1","",64,1379,1354,1323,11102215,6307942,94735,632,"",1.13,0.93,0.92,0.90,1.08,0.90,0.89,1.17,"",4,6.7,120,9.5,54,4.2,56,4.4,110398,1.0,153910,2.5,43021,83.2,-31,-4.7
"20000","5","62399","57","0","2021","1","",64,1379,1354,1323,11102215,6307942,94735,632,"",1.13,0.93,0.92,0.90,1.08,0.90,0.89,1.17,"",4,6.7,120,9.5,54,4.2,56,4.4,110398,1.0,153910,2.5,43021,83.2,-31,-4.7
"20000","5","623990","58","0","2021","1","",64,1379,1354,1323,11102215,6307942,94735,632,"",1.13,0.93,0.92,0.90,1.08,0.90,0.89,1.17,"",4,6.7,120,9.5,54,4.2,56,4.4,110398,1.0,153910,2.5,43021,83.2,-31,-4.7
"20000","5","624","55","0","2021","1","",3711,35258,35229,35111,195550219,132126782,2318728,427,"",0.43,0.95,0.95,0.94,1.03,0.68,0.65,1.08,"",-18,-0.5,-910,-2.5,-1086,-3.0,-480,-1.3,-4134800,-2.1,3594688,2.8,543722,30.6,1,0.2
"20000","5","6241","56","0","2021","1","",3065,25090,24972,24980,135483682,91906010,1625453,417,"",0.40,0.99,1.00,0.99,1.09,0.71,0.67,1.10,"",-13,-0.4,-63,-0.3,-215,-0.9,189,0.8,-1198763,-0.9,5244617,6.1,394930,32.1,-3,-0.7
"20000","5","62411","57","0","2021","1","",151,3145,3125,3121,26213516,11117209,225858,644,"",1.49,1.71,1.70,1.69,2.00,1.24,1.41,1.17,"",-4,-2.6,-175,-5.3,-229,-6.8,-166,-5.1,-3192222,-10.9,-450717,-3.9,42529,23.2,-37,-5.4
"20000","5","624110","58","0","2021","1","",151,3145,3125,3121,26213516,11117209,225858,644,"",1.49,1.71,1.70,1.69,2.00,1.24,1.41,1.17,"",-4,-2.6,-175,-5.3,-229,-6.8,-166,-5.1,-3192222,-10.9,-450717,-3.9,42529,23.2,-37,-5.4
"20000","5","62412","57","0","2021","1","",2661,18876,18767,18802,80679634,61415496,1019358,330,"",0.36,0.98,0.99,0.98,1.02,0.64,0.58,1.04,"",-13,-0.5,112,0.6,61,0.3,420,2.3,5126270,6.8,5221097,9.3,268399,35.7,18,5.8
"20000","5","624120","58","0","2021","1","",2661,18876,18767,18802,80679634,61415496,1019358,330,"",0.36,0.98,0.99,0.98,1.02,0.64,0.58,1.04,"",-13,-0.5,112,0.6,61,0.3,420,2.3,5126270,6.8,5221097,9.3,268399,35.7,18,5.8
"20000","5","62419","57","0","2021","1","",253,3069,3080,3057,28590532,19373305,380237,717,"",0.87,0.73,0.74,0.73,0.88,0.79,0.76,1.21,"",4,1.6,0,0.0,-47,-1.5,-65,-2.1,-3132811,-9.9,474237,2.5,84002,28.4,-69,-8.8
"20000","5","624190","58","0","2021","1","",253,3069,3080,3057,28590532,19373305,380237,717,"",0.87,0.73,0.74,0.73,0.88,0.79,0.76,1.21,"",4,1.6,0,0.0,-47,-1.5,-65,-2.1,-3132811,-9.9,474237,2.5,84002,28.4,-69,-8.8
"20000","5","6242","56","0","2021","1","",119,1289,1294,1307,10203343,7119176,144073,605,"",1.13,0.70,0.71,0.71,0.68,0.68,0.65,0.96,"",6,5.3,-32,-2.4,-5,-0.4,-1,-0.1,-96241,-0.9,288632,4.2,27848,24.0,0,0.0
"20000","5","62421","57","0","2021","1","",37,172,170,173,822110,722730,9260,368,"",1.26,0.45,0.45,0.45,0.29,0.32,0.22,0.64,"",3,8.8,-16,-8.5,-10,-5.6,-11,-6.0,3850,0.5,-4043,-0.6,3122,50.9,26,7.6
"20000","5","624210","58","0","2021","1","",37,172,170,173,822110,722730,9260,368,"",1.26,0.45,0.45,0.45,0.29,0.32,0.22,0.64,"",3,8.8,-16,-8.5,-10,-5.6,-11,-6.0,3850,0.5,-4043,-0.6,3122,50.9,26,7.6
"20000","5","62422","57","0","2021","1","",57,849,846,858,6701080,5879302,121985,606,"",0.99,0.73,0.74,0.74,0.75,0.85,0.81,1.02,"",2,3.6,4,0.5,16,1.9,21,2.5,292059,4.6,235608,4.2,23014,23.3,17,2.9
"20000","5","624221","58","0","2021","1","",38,712,706,717,5054878,4728875,100240,546,"",1.17,0.93,0.93,0.93,0.95,1.14,1.20,1.02,"",0,0.0,5,0.7,12,1.7,17,2.4,201062,4.1,178423,3.9,20390,25.5,13,2.4
"20000","5","624229","58","0","2021","1","",19,137,140,141,1646202,1150427,21745,909,"",0.75,0.35,0.36,0.36,0.46,0.41,0.33,1.28,"",2,11.8,-1,-0.7,4,2.9,4,2.9,90997,5.9,57185,5.2,2624,13.7,36,4.1
"20000","5","62423","57","0","2021","1","",25,268,278,276,2680153,517144,12828,752,"",1.40,0.92,0.95,0.94,0.85,0.38,0.45,0.91,"",1,4.2,-20,-6.9,-11,-3.8,-11,-3.8,-392150,-12.8,57067,12.4,1712,15.4,-69,-8.4
"20000","5","624230","58","0","2021","1","",25,268,278,276,2680153,517144,12828,752,"",1.40,0.92,0.95,0.94,0.85,0.38,0.45,0.91,"",1,4.2,-20,-6.9,-11,-3.8,-11,-3.8,-392150,-12.8,57067,12.4,1712,15.4,-69,-8.4
"20000","5","6243","56","0","2021","1","",84,3018,3051,2948,20877323,6269906,74536,534,"",1.08,1.20,1.22,1.16,1.39,0.70,0.49,1.16,"",-6,-6.7,-302,-9.1,-319,-9.5,-293,-9.0,-1696195,-7.5,-1060053,-14.5,12947,21.0,9,1.7
"20000","5","62431","57","0","2021","1","",84,3018,3051,2948,20877323,6269906,74536,534,"",1.08,1.20,1.22,1.16,1.39,0.70,0.49,1.16,"",-6,-6.7,-302,-9.1,-319,-9.5,-293,-9.0,-1696195,-7.5,-1060053,-14.5,12947,21.0,9,1.7
"20000","5","624310","58","0","2021","1","",84,3018,3051,2948,20877323,6269906,74536,534,"",1.08,1.20,1.22,1.16,1.39,0.70,0.49,1.16,"",-6,-6.7,-302,-9.1,-319,-9.5,-293,-9.0,-1696195,-7.5,-1060053,-14.5,12947,21.0,9,1.7
"20000","5","6244","56","0","2021","1","",443,5861,5912,5876,28985871,26831690,474666,379,"",0.73,0.78,0.79,0.77,0.80,0.58,0.64,1.02,"",-5,-1.1,-513,-8.0,-547,-8.5,-375,-6.0,-1143601,-3.8,-878508,-3.2,107997,29.5,15,4.1
"20000","5","62441","57","0","2021","1","",443,5861,5912,5876,28985871,26831690,474666,379,"",0.73,0.78,0.79,0.77,0.80,0.58,0.64,1.02,"",-5,-1.1,-513,-8.0,-547,-8.5,-375,-6.0,-1143601,-3.8,-878508,-3.2,107997,29.5,15,4.1
"20000","5","624410","58","0","2021","1","",443,5861,5912,5876,28985871,26831690,474666,379,"",0.73,0.78,0.79,0.77,0.80,0.58,0.64,1.02,"",-5,-1.1,-513,-8.0,-547,-8.5,-375,-6.0,-1143601,-3.8,-878508,-3.2,107997,29.5,15,4.1
"20000","5","71","54","0","2021","1","",893,11810,11979,12826,68982626,52063762,831578,435,"",0.68,0.82,0.82,0.82,0.58,0.57,0.53,0.71,"",28,3.2,-3140,-21.0,-3262,-21.4,-2744,-17.6,-11416102,-14.2,-10581581,-16.9,114613,16.0,30,7.4
"20000","5","711","55","0","2021","1","",227,800,877,936,11581547,6028819,122460,1023,"",0.42,0.31,0.33,0.33,0.21,0.26,0.27,0.65,"",3,1.3,-730,-47.7,-787,-47.3,-935,-50.0,-3876432,-25.1,-3158487,-34.4,-16035,-11.6,319,45.3
"20000","5","7111","56","0","2021","1","",39,98,121,119,874121,631736,12353,597,"",0.44,0.18,0.21,0.19,0.19,0.17,0.12,0.97,"",-3,-7.1,-338,-77.5,-404,-77.0,-406,-77.3,-2023510,-69.8,-1859773,-74.6,-20811,-62.8,147,32.7
"20000","5","71111","57","0","2021","1","",17,66,86,83,590473,372191,5561,580,"",0.58,0.27,0.34,0.30,0.32,0.21,0.12,1.05,"",-1,-5.6,-310,-82.4,-376,-81.4,-365,-81.5,-1733574,-74.6,-1637573,-81.5,-15905,-74.1,163,39.1
"20000","5","711110","58","0","2021","1","",17,66,86,83,590473,372191,5561,580,"",0.58,0.27,0.34,0.30,0.32,0.21,0.12,1.05,"",-1,-5.6,-310,-82.4,-376,-81.4,-365,-81.5,-1733574,-74.6,-1637573,-81.5,-15905,-74.1,163,39.1
"20000","5","71112","57","0","2021","1","N",3,0,0,0,0,0,0,0,"N",0.31,0,0,0,0,0,0,0,"N",0,0.0,0,0,0,0,0,0,0,0,0,0,0,0,0,0
"20000","5","711120","58","0","2021","1","N",3,0,0,0,0,0,0,0,"N",0.31,0,0,0,0,0,0,0,"N",0,0.0,0,0,0,0,0,0,0,0,0,0,0,0,0,0
"20000","5","71113","57","0","2021","1","",17,26,26,26,239374,215271,6053,708,"",0.39,0.13,0.13,0.12,0.12,0.17,0.19,0.93,"",1,6.2,-19,-42.2,-20,-43.5,-32,-55.2,-263713,-52.4,-211424,-49.5,-4850,-44.5,-71,-9.1
"20000","5","711130","58","0","2021","1","",17,26,26,26,239374,215271,6053,708,"",0.39,0.13,0.13,0.12,0.12,0.17,0.19,0.93,"",1,6.2,-19,-42.2,-20,-43.5,-32,-55.2,-263713,-52.4,-211424,-49.5,-4850,-44.5,-71,-9.1
"20000","5","71119","57","0","2021","1","N",2,0,0,0,0,0,0,0,"N",0.29,0,0,0,0,0,0,0,"N",-3,-60.0,0,0,0,0,0,0,0,0,0,0,0,0,0,0
"20000","5","711190","58","0","2021","1","N",2,0,0,0,0,0,0,0,"N",0.29,0,0,0,0,0,0,0,"N",-3,-60.0,0,0,0,0,0,0,0,0,0,0,0,0,0,0
"20000","5","7112","56","0","2021","1","",49,191,184,199,5775796,1942789,35612,2322,"",0.83,0.23,0.22,0.22,0.18,0.21,0.28,0.83,"",-2,-3.9,-37,-16.2,-74,-28.7,-57,-22.3,-627178,-9.8,-307717,-13.7,6042,20.4,331,16.6
"20000","5","71121","57","0","2021","1","",49,191,184,199,5775796,1942789,35612,2322,"",0.83,0.23,0.22,0.22,0.18,0.21,0.28,0.83,"",-2,-3.9,-37,-16.2,-74,-28.7,-57,-22.3,-627178,-9.8,-307717,-13.7,6042,20.4,331,16.6
"20000","5","711211","58","0","2021","1","",20,97,96,97,4612608,1125296,26300,3671,"",0.90,0.19,0.19,0.17,0.17,0.19,0.33,0.89,"",-1,-4.8,8,9.0,-15,-13.5,-11,-10.2,-307623,-6.3,-42389,-3.6,4144,18.7,-15,-0.4
"20000","5","711212","58","0","2021","1","",7,34,32,39,527576,297041,3278,1160,"",1.10,0.21,0.19,0.20,0.29,0.22,0.12,1.48,"",-1,-12.5,-17,-33.3,-25,-43.9,-20,-33.9,-192793,-26.8,-162899,-35.4,1250,61.6,165,16.6
"20000","5","711219","58","0","2021","1","",22,60,56,63,635612,520452,6034,819,"",0.72,0.35,0.33,0.36,0.35,0.27,0.29,1.00,"",0,0.0,-28,-31.8,-34,-37.8,-26,-29.2,-126762,-16.6,-102429,-16.4,648,12.0,160,24.3
"20000","5","7113","56","0","2021","1","",69,404,423,484,3631086,2636049,59429,639,"",0.94,0.66,0.68,0.70,0.47,0.53,0.60,0.69,"",9,15.0,-318,-44.0,-283,-40.1,-468,-49.2,-1223235,-25.2,-961453,-26.7,-5427,-8.4,168,35.7
"20000","5","71131","57","0","2021","1","",29,279,308,329,2502558,1758344,41597,630,"",0.92,0.65,0.70,0.66,0.56,0.58,0.68,0.84,"",5,20.8,-144,-34.0,-165,-34.9,-300,-47.7,-578993,-18.8,-353923,-16.8,2151,5.5,164,35.2
"20000","5","711310","58","0","2021","1","",29,279,308,329,2502558,1758344,41597,630,"",0.92,0.65,0.70,0.66,0.56,0.58,0.68,0.84,"",5,20.8,-144,-34.0,-165,-34.9,-300,-47.7,-578993,-18.8,-353923,-16.8,2151,5.5,164,35.2
"20000","5","71132","57","0","2021","1","",40,125,115,155,1128528,877705,17832,659,"",0.95,0.70,0.62,0.80,0.35,0.47,0.47,0.49,"",4,11.1,-174,-58.2,-118,-50.6,-168,-52.0,-644242,-36.3,-607530,-40.9,-7578,-29.8,181,37.9
"20000","5","711320","58","0","2021","1","",40,125,115,155,1128528,877705,17832,659,"",0.95,0.70,0.62,0.80,0.35,0.47,0.47,0.49,"",4,11.1,-174,-58.2,-118,-50.6,-168,-52.0,-644242,-36.3,-607530,-40.9,-7578,-29.8,181,37.9
"20000","5","7114","56","0","2021","1","",15,23,59,34,338512,228732,5501,673,"",0.34,0.12,0.28,0.15,0.08,0.11,0.11,0.46,"",-4,-21.1,-13,-36.1,-8,-11.9,-4,-10.5,-4120,-1.2,-26846,-10.5,2111,62.3,112,20.0
"20000","5","71141","57","0","2021","1","",15,23,59,34,338512,228732,5501,673,"",0.34,0.12,0.28,0.15,0.08,0.11,0.11,0.46,"",-4,-21.1,-13,-36.1,-8,-11.9,-4,-10.5,-4120,-1.2,-26846,-10.5,2111,62.3,112,20.0
"20000","5","711410","58","0","2021","1","",15,23,59,34,338512,228732,5501,673,"",0.34,0.12,0.28,0.15,0.08,0.11,0.11,0.46,"",-4,-21.1,-13,-36.1,-8,-11.9,-4,-10.5,-4120,-1.2,-26846,-10.5,2111,62.3,112,20.0
"20000","5","7115","56","0","2021","1","",55,84,90,100,962032,589513,9565,810,"",0.20,0.23,0.24,0.25,0.13,0.16,0.12,0.53,"",3,5.8,-24,-22.2,-18,-16.7,0,0.0,1611,0.2,-2698,-0.5,2050,27.3,109,15.5
"20000","5","71151","57","0","2021","1","",55,84,90,100,962032,589513,9565,810,"",0.20,0.23,0.24,0.25,0.13,0.16,0.12,0.53,"",3,5.8,-24,-22.2,-18,-16.7,0,0.0,1611,0.2,-2698,-0.5,2050,27.3,109,15.5
"20000","5","711510","58","0","2021","1","",55,84,90,100,962032,589513,9565,810,"",0.20,0.23,0.24,0.25,0.13,0.16,0.12,0.53,"",3,5.8,-24,-22.2,-18,-16.7,0,0.0,1611,0.2,-2698,-0.5,2050,27.3,109,15.5
"20000","5","712","55","0","2021","1","",53,619,609,648,3612254,3312663,44867,444,"",0.91,0.56,0.55,0.56,0.39,0.67,0.58,0.71,"",-1,-1.9,-150,-19.5,-166,-21.4,-186,-22.3,-522137,-12.6,-512113,-13.4,3384,8.2,43,10.7
"20000","5","7121","56","0","2021","1","",53,619,609,648,3612254,3312663,44867,444,"",0.91,0.56,0.55,0.56,0.39,0.67,0.58,0.71,"",-1,-1.9,-150,-19.5,-166,-21.4,-186,-22.3,-522137,-12.6,-512113,-13.4,3384,8.2,43,10.7
"20000","5","71211","57","0","2021","1","",45,357,351,364,2118225,1861823,26365,456,"",1.15,0.55,0.54,0.55,0.37,0.65,0.54,0.67,"",-1,-2.2,-106,-22.9,-108,-23.5,-101,-21.7,-372951,-15.0,-381106,-17.0,-903,-3.3,42,10.1
"20000","5","712110","58","0","2021","1","",45,357,351,364,2118225,1861823,26365,456,"",1.15,0.55,0.54,0.55,0.37,0.65,0.54,0.67,"",-1,-2.2,-106,-22.9,-108,-23.5,-101,-21.7,-372951,-15.0,-381106,-17.0,-903,-3.3,42,10.1
"20000","5","71212","57","0","2021","1","N",1,0,0,0,0,0,0,0,"N",0.19,0,0,0,0,0,0,0,"N",0,0.0,0,0,0,0,0,0,0,0,0,0,0,0,0,0
"20000","5","712120","58","0","2021","1","N",1,0,0,0,0,0,0,0,"N",0.19,0,0,0,0,0,0,0,"N",0,0.0,0,0,0,0,0,0,0,0,0,0,0,0,0,0
"20000","5","71213","57","0","2021","1","",5,224,221,247,1340095,1297910,16746,447,"",0.72,0.77,0.75,0.77,0.60,1.13,1.13,0.79,"",0,0.0,-27,-10.8,-41,-15.6,-68,-21.6,-88496,-6.2,-72070,-5.3,4111,32.5,49,12.3
"20000","5","712130","58","0","2021","1","",5,224,221,247,1340095,1297910,16746,447,"",0.72,0.77,0.75,0.77,0.60,1.13,1.13,0.79,"",0,0.0,-27,-10.8,-41,-15.6,-68,-21.6,-88496,-6.2,-72070,-5.3,4111,32.5,49,12.3
"20000","5","71219","57","0","2021","1","N",2,0,0,0,0,0,0,0,"N",0.28,0,0,0,0,0,0,0,"N",0,0.0,0,0,0,0,0,0,0,0,0,0,0,0,0,0
"20000","5","712190","58","0","2021","1","N",2,0,0,0,0,0,0,0,"N",0.28,0,0,0,0,0,0,0,"N",0,0.0,0,0,0,0,0,0,0,0,0,0,0,0,0,0
"20000","5","713","55","0","2021","1","",613,10391,10493,11242,53788825,42722280,664251,386,"",0.84,0.98,0.97,0.97,0.99,0.67,0.64,1.02,"",26,4.4,-2260,-17.9,-2309,-18.0,-1623,-12.6,-7017533,-11.5,-6910981,-13.9,127264,23.7,20,5.5
"20000","5","7131","56","0","2021","1","",21,215,222,273,647244,620701,14266,210,"",0.69,0.24,0.24,0.25,0.10,0.10,0.25,0.41,"",-1,-4.5,-92,-30.0,-92,-29.3,-147,-35.0,-243769,-27.4,-206444,-25.0,-1636,-10.3,12,6.1
"20000","5","71311","57","0","2021","1","",8,49,51,57,134717,120592,2165,198,"",0.86,0.07,0.07,0.06,0.02,0.02,0.05,0.35,"",0,0.0,-33,-40.2,-23,-31.1,-23,-28.8,-53648,-28.5,-51140,-29.8,-498,-18.7,14,7.6
"20000","5","713110","58","0","2021","1","",8,49,51,57,134717,120592,2165,198,"",0.86,0.07,0.07,0.06,0.02,0.02,0.05,0.35,"",0,0.0,-33,-40.2,-23,-31.1,-23,-28.8,-53648,-28.5,-51140,-29.8,-498,-18.7,14,7.6
"20000","5","71312","57","0","2021","1","",13,166,171,216,512527,500109,12101,214,"",0.62,1.05,1.02,1.16,0.85,0.63,1.04,0.79,"",-1,-7.1,-59,-26.2,-69,-28.8,-124,-36.5,-190121,-27.1,-155304,-23.7,-1138,-8.6,13,6.5
"20000","5","713120","58","0","2021","1","",13,166,171,216,512527,500109,12101,214,"",0.62,1.05,1.02,1.16,0.85,0.63,1.04,0.79,"",-1,-7.1,-59,-26.2,-69,-28.8,-124,-36.5,-190121,-27.1,-155304,-23.7,-1138,-8.6,13,6.5
"20000","5","7132","56","0","2021","1","",12,1165,1192,1185,11516004,8805694,108444,750,"",0.42,1.57,1.45,1.41,2.05,1.30,1.05,1.39,"",2,20.0,-466,-28.6,-471,-28.3,-457,-27.8,-3211779,-21.8,-4027940,-31.4,10006,10.2,61,8.9
"20000","5","71321","57","0","2021","1","",5,1150,1177,1169,11405980,8709438,106628,753,"",1.55,2.61,2.41,2.36,3.26,2.04,1.66,1.33,"",2,66.7,-466,-28.8,-471,-28.6,-458,-28.1,-3139821,-21.6,-3959644,-31.3,10498,10.9,67,9.8
"20000","5","713210","58","0","2021","1","",5,1150,1177,1169,11405980,8709438,106628,753,"",1.55,2.61,2.41,2.36,3.26,2.04,1.66,1.33,"",2,66.7,-466,-28.8,-471,-28.6,-458,-28.1,-3139821,-21.6,-3959644,-31.3,10498,10.9,67,9.8
"20000","5","71329","57","0","2021","1","",7,15,15,16,110024,96256,1816,552,"",0.27,0.05,0.05,0.05,0.05,0.04,0.05,1.10,"",0,0.0,0,0.0,0,0.0,1,6.7,-71958,-39.5,-68296,-41.5,-492,-21.3,-381,-40.8
"20000","5","713290","58","0","2021","1","",7,15,15,16,110024,96256,1816,552,"",0.27,0.05,0.05,0.05,0.05,0.04,0.05,1.10,"",0,0.0,0,0.0,0,0.0,1,6.7,-71958,-39.5,-68296,-41.5,-492,-21.3,-381,-40.8
"20000","5","7139","56","0","2021","1","",580,9011,9079,9784,41625577,33295885,541541,345,"",0.87,1.00,0.99,1.01,0.99,0.66,0.62,0.99,"",25,4.5,-1702,-15.9,-1746,-16.1,-1019,-9.4,-3561985,-7.9,-2676597,-7.4,118894,28.1,23,7.1
"20000","5","71391","57","0","2021","1","",116,2414,2278,2773,15190406,12855868,179513,470,"",1.30,1.03,0.98,1.06,1.03,0.77,0.53,1.01,"",4,3.6,-15,-0.6,-230,-9.2,99,3.7,-29145,-0.2,-123085,-0.9,58769,48.7,9,2.0
"20000","5","713910","58","0","2021","1","",116,2414,2278,2773,15190406,12855868,179513,470,"",1.30,1.03,0.98,1.06,1.03,0.77,0.53,1.01,"",4,3.6,-15,-0.6,-230,-9.2,99,3.7,-29145,-0.2,-123085,-0.9,58769,48.7,9,2.0
"20000","5","71393","57","0","2021","1","",14,38,53,54,408819,349431,8065,651,"",0.42,0.14,0.20,0.19,0.19,0.14,0.16,1.10,"",1,7.7,3,8.6,19,55.9,18,50.0,79209,24.0,61937,21.5,1616,25.1,-73,-10.1
"20000","5","713930","58","0","2021","1","",14,38,53,54,408819,349431,8065,651,"",0.42,0.14,0.20,0.19,0.19,0.14,0.16,1.10,"",1,7.7,3,8.6,19,55.9,18,50.0,79209,24.0,61937,21.5,1616,25.1,-73,-10.1
"20000","5","71394","57","0","2021","1","",271,4696,4839,4917,17793593,12499647,222861,284,"",0.81,1.17,1.18,1.16,1.19,0.70,0.82,1.02,"",31,12.9,-1234,-20.8,-1122,-18.8,-840,-14.6,-2441847,-12.1,-1553278,-11.1,47401,27.0,19,7.2
"20000","5","713940","58","0","2021","1","",271,4696,4839,4917,17793593,12499647,222861,284,"",0.81,1.17,1.18,1.16,1.19,0.70,0.82,1.02,"",31,12.9,-1234,-20.8,-1122,-18.8,-840,-14.6,-2441847,-12.1,-1553278,-11.1,47401,27.0,19,7.2
"20000","5","71395","57","0","2021","1","",46,941,968,992,3619133,3514418,47632,288,"",1.61,2.27,2.11,2.03,2.26,1.55,1.61,1.06,"",-1,-2.1,-217,-18.7,-220,-18.5,-209,-17.4,-239432,-6.2,-232024,-6.2,13811,40.8,37,14.7
"20000","5","713950","58","0","2021","1","",46,941,968,992,3619133,3514418,47632,288,"",1.61,2.27,2.11,2.03,2.26,1.55,1.61,1.06,"",-1,-2.1,-217,-18.7,-220,-18.5,-209,-17.4,-239432,-6.2,-232024,-6.2,13811,40.8,37,14.7
"20000","5","71399","57","0","2021","1","",133,922,941,1048,4613626,4076521,83470,366,"",0.74,0.76,0.75,0.76,0.79,0.57,0.81,1.04,"",-10,-7.0,-239,-20.6,-193,-17.0,-87,-7.7,-930770,-16.8,-830147,-16.9,-2703,-3.1,-7,-1.9
"20000","5","713990","58","0","2021","1","",133,922,941,1048,4613626,4076521,83470,366,"",0.74,0.76,0.75,0.76,0.79,0.57,0.81,1.04,"",-10,-7.0,-239,-20.6,-193,-17.0,-87,-7.7,-930770,-16.8,-830147,-16.9,-2703,-3.1,-7,-1.9
"20000","5","72","54","0","2021","1","",5986,97277,98582,100619,446223280,405833636,5683039,347,"",0.99,0.97,0.96,0.94,1.01,0.69,0.73,1.05,"",84,1.4,-12689,-11.5,-12424,-11.2,-8390,-7.7,-16034722,-3.5,-31760734,-7.3,1275014,28.9,24,7.4
"20000","5","721","55","0","2021","1","",680,7495,7698,7943,39735935,36894179,651000,396,"",1.12,0.66,0.66,0.66,0.49,0.42,0.48,0.75,"",-5,-0.7,-2925,-28.1,-2854,-27.0,-2499,-23.9,-15468412,-28.0,-13516718,-26.8,-26824,-4.0,-10,-2.5
"20000","5","7211","56","0","2021","1","",599,7231,7381,7605,37919845,35233187,615612,394,"",1.14,0.66,0.66,0.66,0.49,0.42,0.48,0.74,"",-1,-0.2,-2840,-28.2,-2751,-27.2,-2438,-24.3,-15166321,-28.6,-13251481,-27.3,-28498,-4.4,-11,-2.7
"20000","5","72111","57","0","2021","1","",583,6997,7143,7361,36252716,33710048,570181,389,"",1.21,0.77,0.78,0.77,0.68,0.51,0.55,0.88,"",0,0.0,-2719,-28.0,-2643,-27.0,-2345,-24.2,-14312793,-28.3,-12496799,-27.0,-31810,-5.3,-11,-2.8
"20000","5","721110","58","0","2021","1","",583,6997,7143,7361,36252716,33710048,570181,389,"",1.21,0.77,0.78,0.77,0.68,0.51,0.55,0.88,"",0,0.0,-2719,-28.0,-2643,-27.0,-2345,-24.2,-14312793,-28.3,-12496799,-27.0,-31810,-5.3,-11,-2.8
"20000","5","72112","57","0","2021","1","N",2,0,0,0,0,0,0,0,"N",0.64,0,0,0,0,0,0,0,"N",0,0.0,0,0,0,0,0,0,0,0,0,0,0,0,0,0
"20000","5","721120","58","0","2021","1","N",2,0,0,0,0,0,0,0,"N",0.64,0,0,0,0,0,0,0,"N",0,0.0,0,0,0,0,0,0,0,0,0,0,0,0,0,0
"20000","5","72119","57","0","2021","1","N",14,0,0,0,0,0,0,0,"N",0.35,0,0,0,0,0,0,0,"N",-1,-6.7,0,0,0,0,0,0,0,0,0,0,0,0,0,0
"20000","5","721191","58","0","2021","1","",13,35,39,43,154414,154014,2213,305,"",0.61,0.38,0.40,0.41,0.36,0.27,0.23,0.90,"",-1,-7.1,-53,-60.2,-49,-55.7,-40,-48.2,-112645,-42.2,-105439,-40.6,-1466,-39.8,67,28.2
"20000","5","721199","58","0","2021","1","N",1,0,0,0,0,0,0,0,"N",0.05,0,0,0,0,0,0,0,"N",0,0.0,0,0,0,0,0,0,0,0,0,0,0,0,0,0
"20000","5","7212","56","0","2021","1","",28,146,152,170,953184,854262,16656,470,"",0.43,0.39,0.40,0.42,0.42,0.34,0.36,1.03,"",0,0.0,-39,-21.1,-27,-15.1,-19,-10.1,-150702,-13.7,-121377,-12.4,1907,12.9,9,2.0
"20000","5","72121","57","0","2021","1","",28,146,152,170,953184,854262,16656,470,"",0.43,0.39,0.40,0.42,0.42,0.34,0.36,1.03,"",0,0.0,-39,-21.1,-27,-15.1,-19,-10.1,-150702,-13.7,-121377,-12.4,1907,12.9,9,2.0
"20000","5","721211","58","0","2021","1","",21,46,49,62,277046,274146,5636,407,"",0.51,0.21,0.23,0.26,0.23,0.18,0.18,0.99,"",0,0.0,-16,-25.8,-10,-16.9,-8,-11.4,-33379,-10.8,-33379,-10.9,1381,32.5,32,8.5
"20000","5","721214","58","0","2021","1","",7,100,103,108,676138,580116,11020,502,"",0.29,0.64,0.64,0.64,0.62,0.56,0.69,0.97,"",0,0.0,-23,-18.7,-17,-14.2,-11,-9.2,-117323,-14.8,-87998,-13.2,526,5.0,-4,-0.8
"20000","5","7213","56","0","2021","1","",53,118,165,168,862906,806730,18732,442,"",3.43,1.47,1.88,1.88,1.76,1.36,1.32,1.00,"",-4,-7.0,-46,-28.0,-76,-31.5,-42,-20.0,-151389,-14.9,-143860,-15.1,-233,-1.2,61,16.0
"20000","5","72131","57","0","2021","1","",53,118,165,168,862906,806730,18732,442,"",3.43,1.47,1.88,1.88,1.76,1.36,1.32,1.00,"",-4,-7.0,-46,-28.0,-76,-31.5,-42,-20.0,-151389,-14.9,-143860,-15.1,-233,-1.2,61,16.0
"20000","5","721310","58","0","2021","1","",53,118,165,168,862906,806730,18732,442,"",3.43,1.47,1.88,1.88,1.76,1.36,1.32,1.00,"",-4,-7.0,-46,-28.0,-76,-31.5,-42,-20.0,-151389,-14.9,-143860,-15.1,-233,-1.2,61,16.0
"20000","5","722","55","0","2021","1","",5306,89782,90884,92676,406487345,368939457,5032039,343,"",0.98,1.02,1.00,0.98,1.13,0.74,0.78,1.13,"",89,1.7,-9764,-9.8,-9570,-9.5,-5891,-6.0,-566310,-0.1,-18244016,-4.7,1301838,34.9,28,8.9
"20000","5","7223","56","0","2021","1","",288,3586,4025,3663,22783683,21075632,594256,466,"",0.82,0.94,0.96,0.85,0.98,0.71,0.75,1.07,"",14,5.1,-743,-17.2,-733,-15.4,-865,-19.1,-3728717,-14.1,-3482967,-14.2,32545,5.8,17,3.8
"20000","5","72231","57","0","2021","1","",165,3092,3466,3079,19637106,18147289,517711,470,"",0.88,1.04,1.05,0.94,1.07,0.77,0.77,1.06,"",1,0.6,-436,-12.4,-424,-10.9,-651,-17.5,-1963290,-9.1,-1968024,-9.8,42767,9.0,23,5.1
"20000","5","722310","58","0","2021","1","",165,3092,3466,3079,19637106,18147289,517711,470,"",0.88,1.04,1.05,0.94,1.07,0.77,0.77,1.06,"",1,0.6,-436,-12.4,-424,-10.9,-651,-17.5,-1963290,-9.1,-1968024,-9.8,42767,9.0,23,5.1
"20000","5","72232","57","0","2021","1","",75,404,455,474,2731445,2516366,65995,473,"",0.73,0.60,0.63,0.59,0.68,0.52,0.71,1.12,"",-4,-5.1,-338,-45.6,-362,-44.3,-268,-36.1,-1975077,-42.0,-1717660,-40.6,-16252,-19.8,1,0.2
"20000","5","722320","58","0","2021","1","",75,404,455,474,2731445,2516366,65995,473,"",0.73,0.60,0.63,0.59,0.68,0.52,0.71,1.12,"",-4,-5.1,-338,-45.6,-362,-44.3,-268,-36.1,-1975077,-42.0,-1717660,-40.6,-16252,-19.8,1,0.2
"20000","5","72233","57","0","2021","1","",48,90,104,110,415132,411977,10550,315,"",0.80,0.51,0.56,0.52,0.47,0.37,0.54,0.90,"",17,54.8,31,52.5,53,103.9,54,96.4,209650,102.0,202717,96.9,6030,133.4,29,10.1
"20000","5","722330","58","0","2021","1","",48,90,104,110,415132,411977,10550,315,"",0.80,0.51,0.56,0.52,0.47,0.37,0.54,0.90,"",17,54.8,31,52.5,53,103.9,54,96.4,209650,102.0,202717,96.9,6030,133.4,29,10.1
"20000","5","7224","56","0","2021","1","",306,2449,2639,2824,9226660,9089311,137266,269,"",0.90,1.07,1.05,1.02,0.99,0.69,0.77,0.95,"",-7,-2.2,-722,-22.8,-646,-19.7,-246,-8.0,-774933,-7.7,-921136,-9.2,30919,29.1,27,11.2
"20000","5","72241","57","0","2021","1","",306,2449,2639,2824,9226660,9089311,137266,269,"",0.90,1.07,1.05,1.02,0.99,0.69,0.77,0.95,"",-7,-2.2,-722,-22.8,-646,-19.7,-246,-8.0,-774933,-7.7,-921136,-9.2,30919,29.1,27,11.2
"20000","5","722410","58","0","2021","1","",306,2449,2639,2824,9226660,9089311,137266,269,"",0.90,1.07,1.05,1.02,0.99,0.69,0.77,0.95,"",-7,-2.2,-722,-22.8,-646,-19.7,-246,-8.0,-774933,-7.7,-921136,-9.2,30919,29.1,27,11.2
"20000","5","7225","56","0","2021","1","",4712,83747,84220,86189,374477002,338774514,4300517,340,"",1.00,1.02,1.00,0.99,1.14,0.74,0.78,1.14,"",82,1.8,-8299,-9.0,-8191,-8.9,-4780,-5.3,3937340,1.1,-13839913,-3.9,1238374,40.4,30,9.7
"20000","5","72251","57","0","2021","1","",4712,83747,84220,86189,374477002,338774514,4300517,340,"",1.00,1.02,1.00,0.99,1.14,0.74,0.78,1.14,"",82,1.8,-8299,-9.0,-8191,-8.9,-4780,-5.3,3937340,1.1,-13839913,-3.9,1238374,40.4,30,9.7
"20000","5","722511","58","0","2021","1","",2066,36941,37240,38568,172687292,168005869,2310300,353,"",1.01,1.04,0.99,0.97,1.04,0.74,0.83,1.05,"",44,2.2,-6420,-14.8,-6473,-14.8,-3889,-9.2,-15889067,-8.4,-15136047,-8.3,594819,34.7,17,5.1
"20000","5","722513","58","0","2021","1","",2082,40736,40791,41283,180091306,150014185,1609430,338,"",1.01,1.03,1.04,1.03,1.31,0.78,0.74,1.27,"",-4,-0.2,-2168,-5.1,-2110,-4.9,-1483,-3.5,19186361,11.9,449509,0.3,545828,51.3,49,17.0
"20000","5","722514","58","0","2021","1","",37,387,401,367,1910175,1860481,22410,382,"",0.80,0.75,0.74,0.65,0.90,0.63,0.59,1.27,"",-4,-9.8,-241,-38.4,-229,-36.3,-243,-39.8,-829628,-30.3,-824425,-30.7,3183,16.6,44,13.0
"20000","5","722515","58","0","2021","1","",527,5683,5788,5971,19788229,18893979,358377,262,"",0.92,0.84,0.85,0.84,0.83,0.56,0.74,0.98,"",46,9.6,530,10.3,621,12.0,835,16.3,1469674,8.0,1671050,9.7,94544,35.8,-12,-4.4
"20000","5","81","54","0","2021","1","",5940,31379,31540,31789,296508671,221646214,3824399,722,"",0.86,0.84,0.84,0.83,0.95,0.73,0.81,1.13,"",163,2.8,-2515,-7.4,-2694,-7.9,-2067,-6.1,-12241425,-4.0,-6123993,-2.7,809919,26.9,23,3.3
"20000","5","811","55","0","2021","1","",2226,11665,11568,11803,127286717,105361413,1903998,838,"",1.15,0.95,0.95,0.95,1.15,0.86,1.01,1.21,"",20,0.9,-149,-1.3,-395,-3.3,-216,-1.8,-3781737,-2.9,-1243736,-1.2,396254,26.3,-7,-0.8
"20000","5","8111","56","0","2021","1","",1517,7800,7706,7848,71296687,64560887,1051728,705,"",1.11,0.90,0.90,0.90,1.05,0.79,0.92,1.16,"",24,1.6,40,0.5,-94,-1.2,95,1.2,1199790,1.7,1009010,1.6,266309,33.9,11,1.6
"20000","5","81111","57","0","2021","1","",887,3736,3720,3777,37880387,34429192,542512,778,"",1.15,0.98,0.99,0.99,1.18,0.89,1.04,1.20,"",9,1.0,-33,-0.9,-68,-1.8,-10,-0.3,1657225,4.6,1067170,3.2,141530,35.3,41,5.6
"20000","5","811111","58","0","2021","1","",801,3415,3403,3459,34757561,31512356,507817,780,"",1.17,1.01,1.02,1.02,1.22,0.92,1.09,1.20,"",13,1.6,-37,-1.1,-63,-1.8,-2,-0.1,1691417,5.1,1027697,3.4,126984,33.3,45,6.1
"20000","5","811112","58","0","2021","1","",13,27,27,28,254392,234388,1459,716,"",0.77,0.39,0.39,0.40,0.49,0.35,0.16,1.24,"",0,0.0,0,0.0,-2,-6.9,1,3.7,7099,2.9,9383,4.2,638,77.7,28,4.1
"20000","5","811113","58","0","2021","1","",32,137,131,126,1418379,1279403,11508,831,"",1.01,0.94,0.90,0.86,1.18,0.87,0.63,1.31,"",-2,-5.9,2,1.5,-7,-5.1,-9,-6.7,-88227,-5.9,-54644,-4.1,749,7.0,-21,-2.5
"20000","5","811118","58","0","2021","1","",41,157,159,164,1450055,1403045,21728,697,"",1.00,0.74,0.75,0.77,0.81,0.67,0.83,1.08,"",-2,-4.7,2,1.3,4,2.6,0,0.0,46936,3.3,84734,6.4,13159,153.6,14,2.0
"20000","5","81112","57","0","2021","1","",411,2119,2153,2162,23005952,20323320,336602,825,"",1.21,0.85,0.87,0.87,0.98,0.76,0.84,1.13,"",-5,-1.2,-114,-5.1,-76,-3.4,-47,-2.1,-1443515,-5.9,-802486,-3.8,61609,22.4,-21,-2.5
"20000","5","811121","58","0","2021","1","",373,1926,1964,1962,21159570,18585687,305965,834,"",1.29,0.89,0.91,0.90,1.02,0.79,0.88,1.13,"",-5,-1.3,-97,-4.8,-61,-3.0,-35,-1.8,-1123591,-5.0,-599484,-3.1,60675,24.7,-17,-2.0
"20000","5","811122","58","0","2021","1","",38,193,189,200,1846382,1737633,30637,732,"",0.74,0.63,0.61,0.63,0.67,0.55,0.57,1.07,"",0,0.0,-17,-8.1,-15,-7.4,-12,-5.7,-319924,-14.8,-203002,-10.5,934,3.1,-67,-8.4
"20000","5","81119","57","0","2021","1","",219,1945,1833,1909,10410348,9808375,172614,422,"",0.86,0.83,0.79,0.79,0.82,0.61,0.79,1.02,"",20,10.1,187,10.6,50,2.8,152,8.7,986080,10.5,744326,8.2,63170,57.7,11,2.7
"20000","5","811191","58","0","2021","1","",42,373,370,372,2516122,2430241,35704,521,"",0.68,0.64,0.64,0.63,0.71,0.54,0.64,1.12,"",18,75.0,95,34.2,86,30.3,95,34.3,576618,29.7,567767,30.5,25430,247.5,-12,-2.3
"20000","5","811192","58","0","2021","1","",151,1507,1398,1474,7446394,6939904,128539,392,"",1.07,0.99,0.94,0.94,1.04,0.73,1.01,1.08,"",3,2.0,99,7.0,-31,-2.2,62,4.4,506420,7.3,256140,3.8,34124,36.1,15,4.0
"20000","5","811198","58","0","2021","1","",26,65,65,63,447832,438230,8371,535,"",0.50,0.27,0.27,0.26,0.23,0.20,0.23,0.88,"",-1,-3.7,-7,-9.7,-5,-7.1,-5,-7.4,-96958,-17.8,-79581,-15.4,3616,76.0,-64,-10.7
"20000","5","8112","56","0","2021","1","",157,941,933,935,12355834,9120034,208139,1015,"",1.15,0.95,0.94,0.94,0.99,0.81,1.09,1.05,"",-7,-4.3,-71,-7.0,-61,-6.1,-52,-5.3,-996066,-7.5,-681763,-7.0,11402,5.8,-14,-1.4
"20000","5","81121","57","0","2021","1","",157,941,933,935,12355834,9120034,208139,1015,"",1.15,0.95,0.94,0.94,0.99,0.81,1.09,1.05,"",-7,-4.3,-71,-7.0,-61,-6.1,-52,-5.3,-996066,-7.5,-681763,-7.0,11402,5.8,-14,-1.4
"20000","5","811211","58","0","2021","1","",10,50,52,47,459671,413703,15005,712,"",0.54,0.37,0.39,0.35,0.39,0.33,0.67,1.06,"",0,0.0,7,16.3,14,36.8,9,23.7,-24275,-5.0,45321,12.3,2208,17.3,-226,-24.1
"20000","5","811212","58","0","2021","1","",60,401,397,399,5002332,3646060,92465,964,"",1.10,1.12,1.11,1.12,1.13,0.91,1.22,1.02,"",-6,-9.1,-75,-15.8,-77,-16.2,-77,-16.2,-1247318,-20.0,-860946,-19.1,-8406,-8.3,-47,-4.6
"20000","5","811213","58","0","2021","1","",26,254,248,248,2687124,2237037,45942,827,"",1.61,1.75,1.73,1.72,1.67,1.52,1.77,0.96,"",-2,-7.1,22,9.5,11,4.6,20,8.8,91603,3.5,88951,4.1,7607,19.8,-32,-3.7
"20000","5","811219","58","0","2021","1","",61,236,236,241,4206707,2823234,54727,1362,"",1.30,0.66,0.66,0.67,0.79,0.62,0.81,1.19,"",1,1.7,-25,-9.6,-9,-3.7,-4,-1.6,183924,4.6,44911,1.6,9993,22.3,126,10.2
"20000","5","8113","56","0","2021","1","",399,2541,2542,2631,40498895,28828208,595925,1212,"",1.65,1.31,1.30,1.31,1.62,1.19,1.33,1.24,"",1,0.3,-116,-4.4,-236,-8.5,-274,-9.4,-4293159,-9.6,-1782637,-5.8,106206,21.7,-27,-2.2
"20000","5","81131","57","0","2021","1","",399,2541,2542,2631,40498895,28828208,595925,1212,"",1.65,1.31,1.30,1.31,1.62,1.19,1.33,1.24,"",1,0.3,-116,-4.4,-236,-8.5,-274,-9.4,-4293159,-9.6,-1782637,-5.8,106206,21.7,-27,-2.2
"20000","5","811310","58","0","2021","1","",399,2541,2542,2631,40498895,28828208,595925,1212,"",1.65,1.31,1.30,1.31,1.62,1.19,1.33,1.24,"",1,0.3,-116,-4.4,-236,-8.5,-274,-9.4,-4293159,-9.6,-1782637,-5.8,106206,21.7,-27,-2.2
"20000","5","8114","56","0","2021","1","",153,383,387,389,3135301,2852284,48206,624,"",0.81,0.55,0.55,0.54,0.59,0.45,0.49,1.08,"",2,1.3,-2,-0.5,-4,-1.0,15,4.0,307698,10.9,211654,8.0,12337,34.4,57,10.1
"20000","5","81141","57","0","2021","1","",56,140,140,137,1242909,1109837,19145,688,"",0.93,0.54,0.54,0.52,0.59,0.45,0.48,1.10,"",4,7.7,2,1.4,7,5.3,6,4.6,157954,14.6,102140,10.1,5086,36.2,65,10.4
"20000","5","811411","58","0","2021","1","",18,38,38,39,254980,233052,6263,512,"",1.19,0.81,0.79,0.78,0.77,0.57,0.91,0.97,"",0,0.0,1,2.7,-2,-5.0,-1,-2.5,2367,0.9,-9585,-4.0,1553,33.0,14,2.8
"20000","5","811412","58","0","2021","1","",38,102,102,98,987929,876785,12882,755,"",0.84,0.48,0.49,0.46,0.56,0.42,0.39,1.16,"",4,11.8,1,1.0,9,9.7,7,7.7,155587,18.7,111725,14.6,3533,37.8,81,12.0
"20000","5","81142","57","0","2021","1","",28,80,77,80,626019,561415,11657,610,"",0.92,0.66,0.63,0.64,0.72,0.52,0.70,1.12,"",-1,-3.4,-6,-7.0,-10,-11.5,-4,-4.8,-47133,-7.0,-42734,-7.1,954,8.9,6,1.0
"20000","5","811420","58","0","2021","1","",28,80,77,80,626019,561415,11657,610,"",0.92,0.66,0.63,0.64,0.72,0.52,0.70,1.12,"",-1,-3.4,-6,-7.0,-10,-11.5,-4,-4.8,-47133,-7.0,-42734,-7.1,954,8.9,6,1.0
"20000","5","81143","57","0","2021","1","",6,15,15,14,108490,108490,292,569,"",0.90,1.00,1.00,0.92,1.32,0.98,0.20,1.36,"",-1,-14.3,1,7.1,1,7.1,0,0.0,15047,16.1,15047,16.1,244,508.3,56,10.9
"20000","5","811430","58","0","2021","1","",6,15,15,14,108490,108490,292,569,"",0.90,1.00,1.00,0.92,1.32,0.98,0.20,1.36,"",-1,-14.3,1,7.1,1,7.1,0,0.0,15047,16.1,15047,16.1,244,508.3,56,10.9
"20000","5","81149","57","0","2021","1","",63,148,155,158,1157883,1072542,17112,580,"",0.69,0.48,0.50,0.50,0.51,0.41,0.43,1.03,"",0,0.0,1,0.7,-2,-1.3,13,9.0,181830,18.6,137201,14.7,6053,54.7,78,15.5
"20000","5","811490","58","0","2021","1","",63,148,155,158,1157883,1072542,17112,580,"",0.69,0.48,0.50,0.50,0.51,0.41,0.43,1.03,"",0,0.0,1,0.7,-2,-1.3,13,9.0,181830,18.6,137201,14.7,6053,54.7,78,15.5
"20000","5","812","55","0","2021","1","",1564,10650,10648,10703,69498899,64071435,1046989,501,"",0.80,0.91,0.89,0.87,1.01,0.76,0.86,1.13,"",32,2.1,-905,-7.8,-938,-8.1,-693,-6.1,-4137765,-5.6,-4297605,-6.3,223922,27.2,9,1.8
"20000","5","8121","56","0","2021","1","",877,5426,5457,5476,32928775,31596010,543532,465,"",0.77,0.96,0.92,0.90,1.15,0.81,1.01,1.25,"",11,1.3,-361,-6.2,-444,-7.5,-289,-5.0,-2692037,-7.6,-2576364,-7.5,98028,22.0,-6,-1.3
"20000","5","81211","57","0","2021","1","",722,4446,4453,4484,27521543,26533310,444378,475,"",0.79,1.03,0.97,0.96,1.27,0.88,1.10,1.29,"",18,2.6,-17,-0.4,-60,-1.3,75,1.7,-298601,-1.1,-392296,-1.5,121994,37.8,-5,-1.0
"20000","5","812111","58","0","2021","1","",27,169,159,165,1220289,1202482,28083,571,"",0.50,0.67,0.62,0.63,0.91,0.64,1.02,1.42,"",0,0.0,2,1.2,-3,-1.9,2,1.2,-126051,-9.4,-104304,-8.0,3350,13.5,-60,-9.5
"20000","5","812112","58","0","2021","1","",491,3186,3204,3182,20165903,19260111,278958,486,"",0.80,1.02,0.99,0.97,1.25,0.88,1.02,1.26,"",-24,-4.7,-288,-8.3,-304,-8.7,-247,-7.2,-1877351,-8.5,-1943945,-9.2,63401,29.4,-3,-0.6
"20000","5","812113","58","0","2021","1","",204,1091,1090,1137,6135351,6070717,137337,427,"",0.83,1.16,1.01,1.00,1.47,0.99,1.35,1.40,"",42,25.9,269,32.7,247,29.3,320,39.2,1704801,38.5,1655953,37.5,55243,67.3,15,3.6
"20000","5","81219","57","0","2021","1","",155,980,1004,992,5407232,5062700,99154,419,"",0.70,0.73,0.72,0.70,0.77,0.57,0.72,1.07,"",-7,-4.3,-344,-26.0,-384,-27.7,-364,-26.8,-2393436,-30.7,-2184068,-30.1,-23966,-19.5,-24,-5.4
"20000","5","812191","58","0","2021","1","",18,102,117,95,567440,400878,7768,417,"",0.72,0.72,0.79,0.68,0.62,0.46,0.52,0.84,"",-1,-5.3,-255,-71.4,-256,-68.6,-273,-74.2,-1967440,-77.6,-1806017,-81.8,-37395,-82.8,-116,-21.8
"20000","5","812199","58","0","2021","1","",137,878,887,897,4839792,4661822,91386,420,"",0.70,0.74,0.71,0.70,0.79,0.58,0.74,1.11,"",-6,-4.2,-89,-9.2,-128,-12.6,-91,-9.2,-425996,-8.1,-378051,-7.5,13429,17.2,11,2.7
"20000","5","8122","56","0","2021","1","",221,1411,1378,1386,11261824,9228436,98915,622,"",1.47,1.14,1.13,1.12,1.10,0.88,0.70,0.97,"",-5,-2.2,-49,-3.4,-77,-5.3,-34,-2.4,519545,4.8,192915,2.1,34210,52.9,50,8.7
"20000","5","81221","57","0","2021","1","",186,1266,1242,1254,10062252,8221464,86191,617,"",1.63,1.30,1.28,1.29,1.28,1.00,0.96,0.99,"",-3,-1.6,-32,-2.5,-59,-4.5,-9,-0.7,514287,5.4,256879,3.2,31416,57.4,46,8.1
"20000","5","812210","58","0","2021","1","",186,1266,1242,1254,10062252,8221464,86191,617,"",1.63,1.30,1.28,1.29,1.28,1.00,0.96,0.99,"",-3,-1.6,-32,-2.5,-59,-4.5,-9,-0.7,514287,5.4,256879,3.2,31416,57.4,46,8.1
"20000","5","81222","57","0","2021","1","",35,145,136,132,1199572,1006972,12724,670,"",0.95,0.57,0.54,0.51,0.50,0.44,0.25,0.92,"",-2,-5.4,-17,-10.5,-18,-11.7,-25,-15.9,5258,0.4,-63964,-6.0,2794,28.1,87,14.9
"20000","5","812220","58","0","2021","1","",35,145,136,132,1199572,1006972,12724,670,"",0.95,0.57,0.54,0.51,0.50,0.44,0.25,0.92,"",-2,-5.4,-17,-10.5,-18,-11.7,-25,-15.9,5258,0.4,-63964,-6.0,2794,28.1,87,14.9
"20000","5","8123","56","0","2021","1","",158,2099,2093,2051,15631727,14271080,222704,578,"",0.65,0.97,0.98,0.94,1.16,0.86,0.96,1.20,"",-3,-1.9,-386,-15.5,-353,-14.4,-342,-14.3,-2522125,-13.9,-2324064,-14.0,49896,28.9,6,1.0
"20000","5","81231","57","0","2021","1","",57,227,221,219,1158605,1030558,15309,401,"",0.72,0.69,0.68,0.66,0.84,0.54,0.51,1.24,"",-2,-3.4,-7,-3.0,1,0.5,7,3.3,726,0.1,53150,5.4,4514,41.8,0,0.0
"20000","5","812310","58","0","2021","1","",57,227,221,219,1158605,1030558,15309,401,"",0.72,0.69,0.68,0.66,0.84,0.54,0.51,1.24,"",-2,-3.4,-7,-3.0,1,0.5,7,3.3,726,0.1,53150,5.4,4514,41.8,0,0.0
"20000","5","81232","57","0","2021","1","",74,556,560,553,2715280,2623924,33761,375,"",0.52,0.71,0.72,0.70,0.81,0.57,0.61,1.14,"",-1,-1.3,-215,-27.9,-186,-24.9,-153,-21.7,-964782,-26.2,-929969,-26.2,5852,21.0,-7,-1.8
"20000","5","812320","58","0","2021","1","",74,556,560,553,2715280,2623924,33761,375,"",0.52,0.71,0.72,0.70,0.81,0.57,0.61,1.14,"",-1,-1.3,-215,-27.9,-186,-24.9,-153,-21.7,-964782,-26.2,-929969,-26.2,5852,21.0,-7,-1.8
"20000","5","81233","57","0","2021","1","",27,1316,1312,1279,11757842,10616598,173634,694,"",1.16,1.26,1.27,1.22,1.35,1.04,1.18,1.08,"",0,0.0,-164,-11.1,-168,-11.4,-196,-13.3,-1558069,-11.7,-1447245,-12.0,39530,29.5,1,0.1
"20000","5","812331","58","0","2021","1","",10,227,224,221,1781884,1677049,23569,612,"",0.85,0.46,0.46,0.45,0.48,0.37,0.39,1.05,"",1,11.1,-76,-25.1,-92,-29.1,-86,-28.0,-314093,-15.0,-303801,-15.3,3148,15.4,90,17.2
"20000","5","812332","58","0","2021","1","",17,1089,1088,1058,9975958,8939549,150065,712,"",1.46,1.96,1.97,1.91,1.99,1.59,1.74,1.02,"",-1,-5.6,-88,-7.5,-76,-6.5,-110,-9.4,-1243976,-11.1,-1143444,-11.3,36382,32.0,-26,-3.5
"20000","5","8129","56","0","2021","1","",308,1714,1720,1790,9676573,8975909,181838,427,"",0.71,0.65,0.65,0.65,0.59,0.48,0.60,0.90,"",29,10.4,-109,-6.0,-64,-3.6,-28,-1.5,556852,6.1,409908,4.8,41788,29.8,39,10.1
"20000","5","81291","57","0","2021","1","",185,1325,1316,1364,6538627,6305243,131535,377,"",1.03,1.10,1.10,1.10,1.17,0.86,1.28,1.07,"",15,8.8,-69,-4.9,-52,-3.8,-39,-2.8,355724,5.8,314140,5.2,30091,29.7,34,9.9
"20000","5","812910","58","0","2021","1","",185,1325,1316,1364,6538627,6305243,131535,377,"",1.03,1.10,1.10,1.10,1.17,0.86,1.28,1.07,"",15,8.8,-69,-4.9,-52,-3.8,-39,-2.8,355724,5.8,314140,5.2,30091,29.7,34,9.9
"20000","5","81292","57","0","2021","1","N",4,0,0,0,0,0,0,0,"N",0.75,0,0,0,0,0,0,0,"N",0,0.0,0,0,0,0,0,0,0,0,0,0,0,0,0,0
"20000","5","812921","58","0","2021","1","N",2,0,0,0,0,0,0,0,"N",0.50,0,0,0,0,0,0,0,"N",0,0.0,0,0,0,0,0,0,0,0,0,0,0,0,0,0
"20000","5","812922","58","0","2021","1","N",2,0,0,0,0,0,0,0,"N",1.57,0,0,0,0,0,0,0,"N",0,0.0,0,0,0,0,0,0,0,0,0,0,0,0,0,0
"20000","5","81293","57","0","2021","1","N",19,0,0,0,0,0,0,0,"N",0.29,0,0,0,0,0,0,0,"N",-1,-5.0,0,0,0,0,0,0,0,0,0,0,0,0,0,0
"20000","5","812930","58","0","2021","1","N",19,0,0,0,0,0,0,0,"N",0.29,0,0,0,0,0,0,0,"N",-1,-5.0,0,0,0,0,0,0,0,0,0,0,0,0,0,0
"20000","5","81299","57","0","2021","1","",100,249,243,257,2257460,1809720,41258,696,"",0.54,0.41,0.39,0.40,0.40,0.36,0.46,0.99,"",15,17.6,30,13.7,37,18.0,56,27.9,548744,32.1,373463,26.0,11790,40.0,66,10.5
"20000","5","812990","58","0","2021","1","",100,249,243,257,2257460,1809720,41258,696,"",0.54,0.41,0.39,0.40,0.40,0.36,0.46,0.99,"",15,17.6,30,13.7,37,18.0,56,27.9,548744,32.1,373463,26.0,11790,40.0,66,10.5
"20000","5","813","55","0","2021","1","",1167,7986,8256,8209,93291902,46076669,739457,880,"",0.90,0.71,0.74,0.72,0.78,0.58,0.54,1.08,"",41,3.6,-1446,-15.3,-1313,-13.7,-1161,-12.4,-4511835,-4.6,-791024,-1.7,166816,29.1,84,10.6
"20000","5","8131","56","0","2021","1","",37,329,327,317,2890986,797328,13005,686,"",0.18,0.19,0.19,0.18,0.27,0.14,0.12,1.41,"",2,5.7,10,3.1,6,1.9,8,2.6,237166,8.9,177048,28.5,5692,77.8,41,6.4
"20000","5","81311","57","0","2021","1","",37,329,327,317,2890986,797328,13005,686,"",0.18,0.19,0.19,0.18,0.27,0.14,0.12,1.41,"",2,5.7,10,3.1,6,1.9,8,2.6,237166,8.9,177048,28.5,5692,77.8,41,6.4
"20000","5","813110","58","0","2021","1","",37,329,327,317,2890986,797328,13005,686,"",0.18,0.19,0.19,0.18,0.27,0.14,0.12,1.41,"",2,5.7,10,3.1,6,1.9,8,2.6,237166,8.9,177048,28.5,5692,77.8,41,6.4
"20000","5","8132","56","0","2021","1","",120,963,1050,1045,18062976,7625032,128251,1363,"",0.75,0.73,0.79,0.78,0.90,0.70,0.64,1.18,"",15,14.3,-42,-4.2,-53,-4.8,-62,-5.6,1100595,6.5,271572,3.7,36500,39.8,145,11.9
"20000","5","81321","57","0","2021","1","",120,963,1050,1045,18062976,7625032,128251,1363,"",0.75,0.73,0.79,0.78,0.90,0.70,0.64,1.18,"",15,14.3,-42,-4.2,-53,-4.8,-62,-5.6,1100595,6.5,271572,3.7,36500,39.8,145,11.9
"20000","5","813211","58","0","2021","1","",65,646,736,729,13360756,5395436,91405,1461,"",0.77,1.04,1.17,1.15,1.23,0.91,0.91,1.10,"",11,20.4,-37,-5.4,-43,-5.5,-47,-6.1,1416199,11.9,244242,4.7,24890,37.4,229,18.6
"20000","5","813212","58","0","2021","1","",31,146,143,145,2488699,785100,15053,1323,"",0.84,0.42,0.42,0.42,0.50,0.31,0.28,1.18,"",3,10.7,-22,-13.1,-26,-15.4,-32,-18.1,-381488,-13.3,-24371,-3.0,4868,47.8,34,2.6
"20000","5","813219","58","0","2021","1","",24,171,171,171,2213521,1444496,21793,996,"",0.63,0.48,0.48,0.48,0.53,0.61,0.45,1.11,"",1,4.3,17,11.0,16,10.3,17,11.0,65884,3.1,51701,3.7,6742,44.8,-74,-6.9
"20000","5","8133","56","0","2021","1","",164,884,889,899,9116955,6574301,132871,787,"",0.73,0.42,0.43,0.43,0.41,0.38,0.39,0.95,"",22,15.5,-2,-0.2,-19,-2.1,-22,-2.4,431203,5.0,310766,5.0,29175,28.1,49,6.6
"20000","5","81331","57","0","2021","1","",164,884,889,899,9116955,6574301,132871,787,"",0.73,0.42,0.43,0.43,0.41,0.38,0.39,0.95,"",22,15.5,-2,-0.2,-19,-2.1,-22,-2.4,431203,5.0,310766,5.0,29175,28.1,49,6.6
"20000","5","813311","58","0","2021","1","",52,248,249,249,2974939,2013627,37368,920,"",1.17,0.52,0.52,0.52,0.56,0.51,0.45,1.09,"",10,23.8,29,13.2,30,13.7,30,13.7,466265,18.6,378149,23.1,7327,24.4,39,4.4
"20000","5","813312","58","0","2021","1","",41,345,344,342,2851103,1922634,34218,638,"",0.64,0.55,0.55,0.54,0.44,0.41,0.43,0.81,"",3,7.9,-19,-5.2,-32,-8.5,-35,-9.3,-139116,-4.7,-209874,-9.8,7322,27.2,20,3.2
"20000","5","813319","58","0","2021","1","",71,291,296,308,3290913,2638040,61285,849,"",0.61,0.30,0.30,0.31,0.31,0.31,0.35,1.01,"",9,14.5,-12,-4.0,-17,-5.4,-17,-5.2,104054,3.3,142491,5.7,14526,31.1,67,8.6
"20000","5","8134","56","0","2021","1","",242,2503,2550,2532,10741394,5555816,77964,327,"",1.15,1.08,1.08,1.05,0.90,0.73,0.63,0.85,"",-2,-0.8,-921,-26.9,-854,-25.1,-763,-23.2,-2837697,-20.9,-808991,-12.7,12515,19.1,17,5.5
"20000","5","81341","57","0","2021","1","",242,2503,2550,2532,10741394,5555816,77964,327,"",1.15,1.08,1.08,1.05,0.90,0.73,0.63,0.85,"",-2,-0.8,-921,-26.9,-854,-25.1,-763,-23.2,-2837697,-20.9,-808991,-12.7,12515,19.1,17,5.5
"20000","5","813410","58","0","2021","1","",242,2503,2550,2532,10741394,5555816,77964,327,"",1.15,1.08,1.08,1.05,0.90,0.73,0.63,0.85,"",-2,-0.8,-921,-26.9,-854,-25.1,-763,-23.2,-2837697,-20.9,-808991,-12.7,12515,19.1,17,5.5
"20000","5","8139","56","0","2021","1","",604,3307,3440,3416,52479591,25524192,387366,1192,"",1.20,0.88,0.92,0.90,0.98,0.68,0.65,1.09,"",4,0.7,-491,-12.9,-393,-10.3,-322,-8.6,-3443102,-6.2,-741419,-2.8,82934,27.2,57,5.0
"20000","5","81391","57","0","2021","1","",350,1028,1029,1030,17581967,10707441,148216,1314,"",2.13,0.98,0.99,0.99,0.91,0.87,0.81,0.92,"",1,0.3,-34,-3.2,-42,-3.9,-39,-3.6,-343252,-1.9,-222963,-2.0,27899,23.2,22,1.7
"20000","5","813910","58","0","2021","1","",350,1028,1029,1030,17581967,10707441,148216,1314,"",2.13,0.98,0.99,0.99,0.91,0.87,0.81,0.92,"",1,0.3,-34,-3.2,-42,-3.9,-39,-3.6,-343252,-1.9,-222963,-2.0,27899,23.2,22,1.7
"20000","5","81392","57","0","2021","1","",102,817,825,826,16302431,10025913,167126,1524,"",1.29,1.01,1.03,1.03,1.04,1.15,1.10,1.02,"",5,5.2,-49,-5.7,-39,-4.5,-42,-4.8,-689296,-4.1,-213288,-2.1,43929,35.7,15,1.0
"20000","5","813920","58","0","2021","1","",102,817,825,826,16302431,10025913,167126,1524,"",1.29,1.01,1.03,1.03,1.04,1.15,1.10,1.02,"",5,5.2,-49,-5.7,-39,-4.5,-42,-4.8,-689296,-4.1,-213288,-2.1,43929,35.7,15,1.0
"20000","5","81393","57","0","2021","1","",95,487,512,500,3497371,2437993,40807,538,"",0.88,0.53,0.56,0.53,0.38,0.32,0.33,0.71,"",1,1.1,-93,-16.0,-45,-8.1,-76,-13.2,-148531,-4.1,-128566,-5.0,5010,14.0,47,9.6
"20000","5","813930","58","0","2021","1","",95,487,512,500,3497371,2437993,40807,538,"",0.88,0.53,0.56,0.53,0.38,0.32,0.33,0.71,"",1,1.1,-93,-16.0,-45,-8.1,-76,-13.2,-148531,-4.1,-128566,-5.0,5010,14.0,47,9.6
"20000","5","81394","57","0","2021","1","",9,13,13,12,203711,155101,5051,1237,"",0.35,0.15,0.17,0.15,0.19,0.16,0.25,1.21,"",-5,-35.7,-12,-48.0,-23,-63.9,-25,-67.6,-192464,-48.6,-176068,-53.2,-4115,-44.9,304,32.6
"20000","5","813940","58","0","2021","1","",9,13,13,12,203711,155101,5051,1237,"",0.35,0.15,0.17,0.15,0.19,0.16,0.25,1.21,"",-5,-35.7,-12,-48.0,-23,-63.9,-25,-67.6,-192464,-48.6,-176068,-53.2,-4115,-44.9,304,32.6
"20000","5","81399","57","0","2021","1","",48,962,1061,1048,14894111,2197744,26166,1119,"",0.39,1.07,1.18,1.16,1.75,0.28,0.22,1.54,"",2,4.3,-303,-24.0,-244,-18.7,-140,-11.8,-2069559,-12.2,-534,0.0,10211,64.0,77,7.4
"20000","5","813990","58","0","2021","1","",48,962,1061,1048,14894111,2197744,26166,1119,"",0.39,1.07,1.18,1.16,1.75,0.28,0.22,1.54,"",2,4.3,-303,-24.0,-244,-18.7,-140,-11.8,-2069559,-12.2,-534,0.0,10211,64.0,77,7.4
"20000","5","814","55","0","2021","1","",983,1078,1068,1074,6431153,6136697,133955,461,"",0.59,0.51,0.51,0.51,0.49,0.39,0.49,0.96,"",70,7.7,-15,-1.4,-48,-4.3,3,0.3,189912,3.0,208372,3.5,22927,20.6,22,5.0
"20000","5","8141","56","0","2021","1","",983,1078,1068,1074,6431153,6136697,133955,461,"",0.59,0.51,0.51,0.51,0.49,0.39,0.49,0.96,"",70,7.7,-15,-1.4,-48,-4.3,3,0.3,189912,3.0,208372,3.5,22927,20.6,22,5.0
"20000","5","81411","57","0","2021","1","",983,1078,1068,1074,6431153,6136697,133955,461,"",0.59,0.51,0.51,0.51,0.49,0.39,0.49,0.96,"",70,7.7,-15,-1.4,-48,-4.3,3,0.3,189912,3.0,208372,3.5,22927,20.6,22,5.0
"20000","5","814110","58","0","2021","1","",983,1078,1068,1074,6431153,6136697,133955,461,"",0.59,0.51,0.51,0.51,0.49,0.39,0.49,0.96,"",70,7.7,-15,-1.4,-48,-4.3,3,0.3,189912,3.0,208372,3.5,22927,20.6,22,5.0
"20000","8","10","96","0","2021","1","",4879,237517,239994,241141,2635035097,1583231644,2284846,846,"",1.95,1.18,1.20,1.20,1.12,11.14,2.03,0.94,"",-15,-0.3,-9377,-3.8,-9757,-3.9,-9158,-3.7,4007834,0.2,-11502278,-0.7,151749,7.1,33,4.1
