"area_fips","own_code","industry_code","agglvl_code","size_code","year","qtr","disclosure_code","qtrly_estabs","month1_emplvl","month2_emplvl","month3_emplvl","total_qtrly_wages","taxable_qtrly_wages","qtrly_contributions","avg_wkly_wage","lq_disclosure_code","lq_qtrly_estabs","lq_month1_emplvl","lq_month2_emplvl","lq_month3_emplvl","lq_total_qtrly_wages","lq_taxable_qtrly_wages","lq_qtrly_contributions","lq_avg_wkly_wage","oty_disclosure_code","oty_qtrly_estabs_chg","oty_qtrly_estabs_pct_chg","oty_month1_emplvl_chg","oty_month1_emplvl_pct_chg","oty_month2_emplvl_chg","oty_month2_emplvl_pct_chg","oty_month3_emplvl_chg","oty_month3_emplvl_pct_chg","oty_total_qtrly_wages_chg","oty_total_qtrly_wages_pct_chg","oty_taxable_qtrly_wages_chg","oty_taxable_qtrly_wages_pct_chg","oty_qtrly_contributions_chg","oty_qtrly_contributions_pct_chg","oty_avg_wkly_wage_chg","oty_avg_wkly_wage_pct_chg"
"20000","0","10","50","0","2025","1","",96926,1410342,1419080,1425511,22999633432,13134062083,63581240,1247,"",1.00,1.00,1.00,1.00,1.00,1.00,1.00,1.00,"",-1508,-1.5,10411,0.7,4503,0.3,8416,0.6,1024627890,4.7,296827789,2.3,-62483627,-49.6,49,4.1
"20000","1","10","51","0","2025","1","",1203,26917,26578,26693,613304388,0,0,1765,"",2.43,0.98,0.96,0.97,1.04,0.00,0.00,1.07,"",-15,-1.2,139,0.5,-239,-0.9,-245,-0.9,26284772,4.5,0,0.0,0,0.0,83,4.9
"20000","1","102","52","0","2025","1","",1203,26917,26578,26693,613304388,0,0,1765,"",2.44,0.99,0.98,0.99,1.06,0.00,0.00,1.07,"",-15,-1.2,139,0.5,-239,-0.9,-245,-0.9,26284772,4.5,0,0.0,0,0.0,83,4.9
"20000","1","1021","53","0","2025","1","",571,6629,6551,6510,121661786,0,0,1426,"",2.30,1.08,1.07,1.07,1.29,0.00,0.00,1.21,"",-14,-2.4,85,1.3,57,0.9,0,0.0,3429863,2.9,0,0.0,0,0.0,30,2.1
"20000","1","1022","53","0","2025","1","",3,71,70,66,1014544,0,0,1131,"",2.45,1.17,1.16,1.10,0.83,0.00,0.00,0.73,"",0,0.0,4,6.0,-5,-6.7,-8,-10.8,23524,2.4,0,0.0,0,0.0,72,6.8
"20000","1","1023","53","0","2025","1","",10,108,108,109,3760579,0,0,2670,"",1.48,0.86,0.87,0.88,0.91,0.00,0.00,1.04,"",0,0.0,7,6.9,8,8.0,8,7.9,781814,26.2,0,0.0,0,0.0,394,17.3
"20000","1","1024","53","0","2025","1","",31,320,320,320,6974374,0,0,1677,"",2.51,0.47,0.47,0.48,0.50,0.00,0.00,1.06,"",0,0.0,-1,-0.3,0,0.0,-1,-0.3,68153,1.0,0,0.0,0,0.0,20,1.2
"20000","1","1025","53","0","2025","1","",30,5759,5701,5770,142725523,0,0,1912,"",2.54,1.40,1.38,1.41,1.51,0.00,0.00,1.08,"",0,0.0,-274,-4.5,-361,-6.0,-293,-4.8,-4081219,-2.8,0,0.0,0,0.0,46,2.5
"20000","1","1026","53","0","2025","1","",18,260,268,262,2077633,0,0,607,"",1.56,0.63,0.64,0.62,0.40,0.00,0.00,0.64,"",0,0.0,40,18.2,26,10.7,8,3.1,52768,2.6,0,0.0,0,0.0,-46,-7.0
"20000","1","1027","53","0","2025","1","",2,24,24,24,498184,0,0,1597,"",1.49,0.52,0.52,0.52,0.80,0.00,0.00,1.53,"",0,0.0,1,4.3,1,4.3,1,4.3,72041,16.9,0,0.0,0,0.0,172,12.1
"20000","1","1028","53","0","2025","1","",538,13746,13536,13632,334591765,0,0,1887,"",2.69,0.89,0.87,0.88,0.92,0.00,0.00,1.04,"",-1,-0.2,277,2.1,35,0.3,40,0.3,25937828,8.4,0,0.0,0,0.0,131,7.5
"20000","1","44-45","54","0","2025","1","",8,162,157,156,1981132,0,0,962,"",1.38,0.44,0.43,0.43,0.68,0.00,0.00,1.56,"",0,0.0,4,2.5,3,1.9,3,2.0,119758,6.4,0,0.0,0,0.0,38,4.1
"20000","1","441","55","0","2025","1","",1,1,0,1,489,0,0,56,"",3.25,0.82,0.00,0.83,0.06,0.00,0.00,0.10,"",0,0.0,0,0.0,-1,-100.0,0,0.0,-240,-32.9,0,0.0,0,0.0,0,0.0
"20000","1","4413","56","0","2025","1","",1,1,0,1,489,0,0,56,"",3.25,0.82,0.00,0.83,0.06,0.00,0.00,0.10,"",0,0.0,0,0.0,-1,-100.0,0,0.0,-240,-32.9,0,0.0,0,0.0,0,0.0
"20000","1","44133","57","0","2025","1","",1,1,0,1,489,0,0,56,"",3.25,0.82,0.00,0.83,0.06,0.00,0.00,0.10,"",0,0.0,0,0.0,-1,-100.0,0,0.0,-240,-32.9,0,0.0,0,0.0,0,0.0
"20000","1","441330","58","0","2025","1","",1,1,0,1,489,0,0,56,"",3.25,0.82,0.00,0.83,0.06,0.00,0.00,0.10,"",0,0.0,0,0.0,-1,-100.0,0,0.0,-240,-32.9,0,0.0,0,0.0,0,0.0
"20000","1","445","55","0","2025","1","",4,154,150,147,1933646,0,0,989,"",2.43,1.65,1.59,1.57,1.90,0.00,0.00,1.19,"",0,0.0,3,2.0,3,2.0,1,0.7,123989,6.9,0,0.0,0,0.0,48,5.1
"20000","1","4451","56","0","2025","1","",4,154,150,147,1933646,0,0,989,"",2.43,1.65,1.59,1.57,1.90,0.00,0.00,1.19,"",0,0.0,3,2.0,3,2.0,1,0.7,123989,6.9,0,0.0,0,0.0,48,5.1
"20000","1","44511","57","0","2025","1","",4,154,150,147,1933646,0,0,989,"",2.84,1.75,1.69,1.67,1.98,0.00,0.00,1.16,"",0,0.0,3,2.0,3,2.0,1,0.7,123989,6.9,0,0.0,0,0.0,48,5.1
"20000","1","445110","58","0","2025","1","",4,154,150,147,1933646,0,0,989,"",2.84,1.75,1.69,1.67,1.98,0.00,0.00,1.16,"",0,0.0,3,2.0,3,2.0,1,0.7,123989,6.9,0,0.0,0,0.0,48,5.1
"20000","1","449","55","0","2025","1","",1,4,3,4,31178,0,0,654,"",1.96,0.26,0.19,0.26,0.58,0.00,0.00,2.46,"",0,0.0,0,0.0,-1,-25.0,0,0.0,-7178,-18.7,0,0.0,0,0.0,-84,-11.4
"20000","1","4491","56","0","2025","1","",1,4,3,4,31178,0,0,654,"",2.20,2.14,1.64,2.17,2.66,0.00,0.00,1.34,"",0,0.0,0,0.0,-1,-25.0,0,0.0,-7178,-18.7,0,0.0,0,0.0,-84,-11.4
"20000","1","44912","57","0","2025","1","",1,4,3,4,31178,0,0,654,"",2.24,2.39,1.84,2.44,2.99,0.00,0.00,1.34,"",0,0.0,0,0.0,-1,-25.0,0,0.0,-7178,-18.7,0,0.0,0,0.0,-84,-11.4
"20000","1","449129","58","0","2025","1","",1,4,3,4,31178,0,0,654,"",2.24,2.39,1.84,2.44,2.99,0.00,0.00,1.34,"",0,0.0,0,0.0,-1,-25.0,0,0.0,-7178,-18.7,0,0.0,0,0.0,-84,-11.4
"20000","1","459","55","0","2025","1","",2,3,4,4,15819,0,0,332,"",3.68,0.27,0.36,0.36,0.43,0.00,0.00,1.31,"",0,0.0,1,50.0,2,100.0,2,100.0,3187,25.2,0,0.0,0,0.0,-154,-31.7
"20000","1","4591","56","0","2025","1","",2,3,4,4,15819,0,0,332,"",5.14,1.69,2.17,2.21,1.84,0.00,0.00,0.91,"",0,0.0,1,50.0,2,100.0,2,100.0,3187,25.2,0,0.0,0,0.0,-154,-31.7
"20000","1","45911","57","0","2025","1","",2,3,4,4,15819,0,0,332,"",5.37,1.71,2.20,2.24,1.87,0.00,0.00,0.91,"",0,0.0,1,50.0,2,100.0,2,100.0,3187,25.2,0,0.0,0,0.0,-154,-31.7
"20000","1","459110","58","0","2025","1","",2,3,4,4,15819,0,0,332,"",5.37,1.71,2.20,2.24,1.87,0.00,0.00,0.91,"",0,0.0,1,50.0,2,100.0,2,100.0,3187,25.2,0,0.0,0,0.0,-154,-31.7
"20000","1","48-49","54","0","2025","1","",563,6467,6394,6354,119680654,0,0,1437,"",2.34,1.14,1.13,1.12,1.35,0.00,0.00,1.19,"",-14,-2.4,81,1.3,54,0.9,-3,0.0,3310105,2.8,0,0.0,0,0.0,30,2.1
"20000","1","481","55","0","2025","1","",2,8,8,8,111308,0,0,1070,"",82.29,58.10,54.34,37.74,79.41,0.00,0.00,1.64,"",0,0.0,1,14.3,1,14.3,1,14.3,8095,7.8,0,0.0,0,0.0,-64,-5.6
"20000","1","4812","56","0","2025","1","",2,8,8,8,111308,0,0,1070,"",82.29,58.10,54.34,37.74,79.41,0.00,0.00,1.64,"",0,0.0,1,14.3,1,14.3,1,14.3,8095,7.8,0,0.0,0,0.0,-64,-5.6
"20000","1","48121","57","0","2025","1","",2,8,8,8,111308,0,0,1070,"",82.29,58.10,54.34,37.74,79.41,0.00,0.00,1.64,"",0,0.0,1,14.3,1,14.3,1,14.3,8095,7.8,0,0.0,0,0.0,-64,-5.6
"20000","1","481219","58","0","2025","1","",2,8,8,8,111308,0,0,1070,"",82.29,58.10,54.34,37.74,79.41,0.00,0.00,1.64,"",0,0.0,1,14.3,1,14.3,1,14.3,8095,7.8,0,0.0,0,0.0,-64,-5.6
"20000","1","487","55","0","2025","1","",2,112,116,117,1217032,0,0,814,"",123.43,108.93,108.68,108.51,138.74,0.00,0.00,1.28,"",0,0.0,3,2.8,10,9.4,9,8.3,-66906,-5.2,0,0.0,0,0.0,-103,-11.2
"20000","1","4879","56","0","2025","1","",2,112,116,117,1217032,0,0,814,"",123.43,108.93,108.68,108.51,138.74,0.00,0.00,1.28,"",0,0.0,3,2.8,10,9.4,9,8.3,-66906,-5.2,0,0.0,0,0.0,-103,-11.2
"20000","1","48799","57","0","2025","1","",2,112,116,117,1217032,0,0,814,"",123.43,108.93,108.68,108.51,138.74,0.00,0.00,1.28,"",0,0.0,3,2.8,10,9.4,9,8.3,-66906,-5.2,0,0.0,0,0.0,-103,-11.2
"20000","1","487990","58","0","2025","1","",2,112,116,117,1217032,0,0,814,"",123.43,108.93,108.68,108.51,138.74,0.00,0.00,1.28,"",0,0.0,3,2.8,10,9.4,9,8.3,-66906,-5.2,0,0.0,0,0.0,-103,-11.2
"20000","1","488","55","0","2025","1","",4,7,7,6,171221,0,0,1976,"",3.80,0.06,0.06,0.05,0.05,0.00,0.00,0.85,"",0,0.0,0,0.0,0,0.0,-1,-14.3,13034,8.2,0,0.0,0,0.0,238,13.7
"20000","1","4881","56","0","2025","1","",4,7,7,6,171221,0,0,1976,"",3.80,0.06,0.06,0.05,0.05,0.00,0.00,0.85,"",0,0.0,0,0.0,0,0.0,-1,-14.3,13034,8.2,0,0.0,0,0.0,238,13.7
"20000","1","48811","57","0","2025","1","",4,7,7,6,171221,0,0,1976,"",3.80,0.06,0.06,0.05,0.05,0.00,0.00,0.85,"",0,0.0,0,0.0,0,0.0,-1,-14.3,13034,8.2,0,0.0,0,0.0,238,13.7
"20000","1","488111","58","0","2025","1","",4,7,7,6,171221,0,0,1976,"",3.83,0.06,0.06,0.05,0.05,0.00,0.00,0.85,"",0,0.0,0,0.0,0,0.0,-1,-14.3,13034,8.2,0,0.0,0,0.0,238,13.7
"20000","1","491","55","0","2025","1","",555,6340,6263,6223,118181093,0,0,1449,"",2.31,1.15,1.13,1.13,1.39,0.00,0.00,1.22,"",-14,-2.5,77,1.2,43,0.7,-12,-0.2,3355882,2.9,0,0.0,0,0.0,33,2.3
"20000","1","4911","56","0","2025","1","",555,6340,6263,6223,118181093,0,0,1449,"",2.31,1.15,1.13,1.13,1.39,0.00,0.00,1.22,"",-14,-2.5,77,1.2,43,0.7,-12,-0.2,3355882,2.9,0,0.0,0,0.0,33,2.3
"20000","1","49111","57","0","2025","1","",555,6340,6263,6223,118181093,0,0,1449,"",2.31,1.15,1.13,1.13,1.39,0.00,0.00,1.22,"",-14,-2.5,77,1.2,43,0.7,-12,-0.2,3355882,2.9,0,0.0,0,0.0,33,2.3
"20000","1","491110","58","0","2025","1","",555,6340,6263,6223,118181093,0,0,1449,"",2.31,1.15,1.13,1.13,1.39,0.00,0.00,1.22,"",-14,-2.5,77,1.2,43,0.7,-12,-0.2,3355882,2.9,0,0.0,0,0.0,33,2.3
"20000","1","51","54","0","2025","1","",3,71,70,66,1014544,0,0,1131,"",2.45,1.17,1.16,1.10,0.83,0.00,0.00,0.73,"",0,0.0,4,6.0,-5,-6.7,-8,-10.8,23524,2.4,0,0.0,0,0.0,72,6.8
"20000","1","519","55","0","2025","1","",3,71,70,66,1014544,0,0,1131,"",2.70,1.48,1.46,1.38,0.97,0.00,0.00,0.67,"",0,0.0,4,6.0,-5,-6.7,-8,-10.8,23524,2.4,0,0.0,0,0.0,72,6.8
"20000","1","5192","56","0","2025","1","",3,71,70,66,1014544,0,0,1131,"",2.70,1.48,1.46,1.38,0.97,0.00,0.00,0.67,"",0,0.0,4,6.0,-5,-6.7,-8,-10.8,23524,2.4,0,0.0,0,0.0,72,6.8
"20000","1","51921","57","0","2025","1","",3,71,70,66,1014544,0,0,1131,"",2.70,1.48,1.46,1.38,0.97,0.00,0.00,0.67,"",0,0.0,4,6.0,-5,-6.7,-8,-10.8,23524,2.4,0,0.0,0,0.0,72,6.8
"20000","1","519210","58","0","2025","1","",3,71,70,66,1014544,0,0,1131,"",2.70,1.48,1.46,1.38,0.97,0.00,0.00,0.67,"",0,0.0,4,6.0,-5,-6.7,-8,-10.8,23524,2.4,0,0.0,0,0.0,72,6.8
"20000","1","52","54","0","2025","1","",10,108,108,109,3760579,0,0,2670,"",1.50,0.87,0.87,0.88,0.91,0.00,0.00,1.04,"",0,0.0,7,6.9,8,8.0,8,7.9,781814,26.2,0,0.0,0,0.0,394,17.3
"20000","1","522","55","0","2025","1","",7,64,64,65,1812300,0,0,2167,"",1.35,1.06,1.06,1.09,1.27,0.00,0.00,1.19,"",0,0.0,3,4.9,4,6.7,4,6.6,332989,22.5,0,0.0,0,0.0,291,15.5
"20000","1","5222","56","0","2025","1","",7,64,64,65,1812300,0,0,2167,"",1.35,1.06,1.06,1.09,1.27,0.00,0.00,1.19,"",0,0.0,3,4.9,4,6.7,4,6.6,332989,22.5,0,0.0,0,0.0,291,15.5
"20000","1","52229","57","0","2025","1","",7,64,64,65,1812300,0,0,2167,"",1.35,1.06,1.06,1.09,1.27,0.00,0.00,1.19,"",0,0.0,3,4.9,4,6.7,4,6.6,332989,22.5,0,0.0,0,0.0,291,15.5
"20000","1","522292","58","0","2025","1","",4,56,56,57,1542663,0,0,2107,"",1.72,1.67,1.68,1.72,2.13,0.00,0.00,1.26,"",0,0.0,1,1.8,2,3.7,2,3.6,271742,21.4,0,0.0,0,0.0,319,17.8
"20000","1","522299","58","0","2025","1","",3,8,8,8,269637,0,0,2593,"",1.05,0.30,0.30,0.30,0.39,0.00,0.00,1.30,"",0,0.0,2,33.3,2,33.3,2,33.3,61247,29.4,0,0.0,0,0.0,-79,-3.0
"20000","1","524","55","0","2025","1","",3,44,44,44,1948279,0,0,3406,"",2.08,0.69,0.69,0.69,0.72,0.00,0.00,1.04,"",0,0.0,4,10.0,4,10.0,4,10.0,448825,29.9,0,0.0,0,0.0,522,18.1
"20000","1","5241","56","0","2025","1","",3,44,44,44,1948279,0,0,3406,"",2.92,0.72,0.72,0.73,0.74,0.00,0.00,1.02,"",0,0.0,4,10.0,4,10.0,4,10.0,448825,29.9,0,0.0,0,0.0,522,18.1
"20000","1","52412","57","0","2025","1","",3,44,44,44,1948279,0,0,3406,"",2.92,0.72,0.72,0.73,0.74,0.00,0.00,1.02,"",0,0.0,4,10.0,4,10.0,4,10.0,448825,29.9,0,0.0,0,0.0,522,18.1
"20000","1","524128","58","0","2025","1","",3,44,44,44,1948279,0,0,3406,"",2.96,0.72,0.73,0.73,0.74,0.00,0.00,1.02,"",0,0.0,4,10.0,4,10.0,4,10.0,448825,29.9,0,0.0,0,0.0,522,18.1
"20000","1","54","54","0","2025","1","",28,313,313,313,6920871,0,0,1701,"",2.53,0.48,0.47,0.48,0.50,0.00,0.00,1.06,"",0,0.0,0,0.0,1,0.3,0,0.0,62971,0.9,0,0.0,0,0.0,14,0.8
"20000","1","541","55","0","2025","1","",28,313,313,313,6920871,0,0,1701,"",2.53,0.48,0.47,0.48,0.50,0.00,0.00,1.06,"",0,0.0,0,0.0,1,0.3,0,0.0,62971,0.9,0,0.0,0,0.0,14,0.8
"20000","1","5412","56","0","2025","1","",2,9,10,10,136349,0,0,1085,"",3.29,1.19,1.31,1.29,1.44,0.00,0.00,1.14,"",0,0.0,0,0.0,1,11.1,1,11.1,4218,3.2,0,0.0,0,0.0,-44,-3.9
"20000","1","54121","57","0","2025","1","",2,9,10,10,136349,0,0,1085,"",3.29,1.19,1.31,1.29,1.44,0.00,0.00,1.14,"",0,0.0,0,0.0,1,11.1,1,11.1,4218,3.2,0,0.0,0,0.0,-44,-3.9
"20000","1","541219","58","0","2025","1","",2,9,10,10,136349,0,0,1085,"",3.58,1.52,1.66,1.64,1.67,0.00,0.00,1.04,"",0,0.0,0,0.0,1,11.1,1,11.1,4218,3.2,0,0.0,0,0.0,-44,-3.9
"20000","1","5413","56","0","2025","1","",18,201,199,202,3503149,0,0,1343,"",2.62,0.38,0.38,0.38,0.34,0.00,0.00,0.89,"",0,0.0,7,3.6,-2,-1.0,0,0.0,-277415,-7.3,0,0.0,0,0.0,-118,-8.1
"20000","1","54133","57","0","2025","1","",18,201,199,202,3503149,0,0,1343,"",2.66,0.40,0.40,0.40,0.36,0.00,0.00,0.90,"",0,0.0,7,3.6,-2,-1.0,0,0.0,-277415,-7.3,0,0.0,0,0.0,-118,-8.1
"20000","1","541330","58","0","2025","1","",18,201,199,202,3503149,0,0,1343,"",2.66,0.40,0.40,0.40,0.36,0.00,0.00,0.90,"",0,0.0,7,3.6,-2,-1.0,0,0.0,-277415,-7.3,0,0.0,0,0.0,-118,-8.1
"20000","1","5415","56","0","2025","1","",2,5,6,6,88430,0,0,1200,"",3.34,3.32,3.98,3.95,4.28,0.00,0.00,1.14,"",0,0.0,0,0.0,1,20.0,1,20.0,6006,7.3,0,0.0,0,0.0,-68,-5.4
"20000","1","54151","57","0","2025","1","",2,5,6,6,88430,0,0,1200,"",3.34,3.32,3.98,3.95,4.28,0.00,0.00,1.14,"",0,0.0,0,0.0,1,20.0,1,20.0,6006,7.3,0,0.0,0,0.0,-68,-5.4
"20000","1","541513","58","0","2025","1","",2,5,6,6,88430,0,0,1200,"",4.94,4.22,5.02,5.01,5.07,0.00,0.00,1.07,"",0,0.0,0,0.0,1,20.0,1,20.0,6006,7.3,0,0.0,0,0.0,-68,-5.4
"20000","1","5417","56","0","2025","1","",1,13,13,12,454717,0,0,2761,"",1.14,0.18,0.18,0.17,0.22,0.00,0.00,1.26,"",0,0.0,1,8.3,1,8.3,0,0.0,47294,11.6,0,0.0,0,0.0,149,5.7
"20000","1","54171","57","0","2025","1","",1,13,13,12,454717,0,0,2761,"",1.15,0.18,0.18,0.17,0.22,0.00,0.00,1.25,"",0,0.0,1,8.3,1,8.3,0,0.0,47294,11.6,0,0.0,0,0.0,149,5.7
"20000","1","541715","58","0","2025","1","",1,13,13,12,454717,0,0,2761,"",1.60,0.25,0.25,0.23,0.29,0.00,0.00,1.17,"",0,0.0,1,8.3,1,8.3,0,0.0,47294,11.6,0,0.0,0,0.0,149,5.7
"20000","1","5419","56","0","2025","1","",5,85,85,83,2738226,0,0,2498,"",4.57,2.06,2.05,2.01,2.63,0.00,0.00,1.29,"",0,0.0,-8,-8.6,0,0.0,-2,-2.4,282868,11.5,0,0.0,0,0.0,344,16.0
"20000","1","54199","57","0","2025","1","",5,85,85,83,2738226,0,0,2498,"",4.64,2.27,2.28,2.24,2.70,0.00,0.00,1.19,"",0,0.0,-8,-8.6,0,0.0,-2,-2.4,282868,11.5,0,0.0,0,0.0,344,16.0
"20000","1","541990","58","0","2025","1","",5,85,85,83,2738226,0,0,2498,"",4.64,2.27,2.28,2.24,2.70,0.00,0.00,1.19,"",0,0.0,-8,-8.6,0,0.0,-2,-2.4,282868,11.5,0,0.0,0,0.0,344,16.0
"20000","1","56","54","0","2025","1","",3,7,7,7,53503,0,0,588,"",2.27,0.45,0.45,0.46,0.34,0.00,0.00,0.75,"",0,0.0,-1,-12.5,-1,-12.5,-1,-12.5,5182,10.7,0,0.0,0,0.0,123,26.5
"20000","1","561","55","0","2025","1","",3,7,7,7,53503,0,0,588,"",2.55,0.49,0.49,0.49,0.36,0.00,0.00,0.74,"",0,0.0,-1,-12.5,-1,-12.5,-1,-12.5,5182,10.7,0,0.0,0,0.0,123,26.5
"20000","1","5615","56","0","2025","1","",3,7,7,7,53503,0,0,588,"",3.49,1.39,1.38,1.36,1.50,0.00,0.00,1.09,"",0,0.0,-1,-12.5,-1,-12.5,-1,-12.5,5182,10.7,0,0.0,0,0.0,123,26.5
"20000","1","56152","57","0","2025","1","",1,3,3,3,22954,0,0,589,"",2.42,3.44,3.47,3.50,4.08,0.00,0.00,1.18,"",0,0.0,0,0.0,0,0.0,0,0.0,870,3.9,0,0.0,0,0.0,23,4.1
"20000","1","561520","58","0","2025","1","",1,3,3,3,22954,0,0,589,"",2.42,3.44,3.47,3.50,4.08,0.00,0.00,1.18,"",0,0.0,0,0.0,0,0.0,0,0.0,870,3.9,0,0.0,0,0.0,23,4.1
"20000","1","56159","57","0","2025","1","",2,4,4,4,30549,0,0,587,"",5.14,0.96,0.95,0.94,1.02,0.00,0.00,1.07,"",0,0.0,-1,-20.0,-1,-20.0,-1,-20.0,4312,16.4,0,0.0,0,0.0,183,45.3
"20000","1","561599","58","0","2025","1","",2,4,4,4,30549,0,0,587,"",5.14,0.96,0.95,0.94,1.02,0.00,0.00,1.07,"",0,0.0,-1,-20.0,-1,-20.0,-1,-20.0,4312,16.4,0,0.0,0,0.0,183,45.3
"20000","1","61","54","0","2025","1","",6,207,179,205,3357470,0,0,1311,"",3.74,1.72,1.48,1.70,1.49,0.00,0.00,0.91,"",0,0.0,7,3.5,-20,-10.1,7,3.5,-116557,-3.4,0,0.0,0,0.0,-32,-2.4
"20000","1","611","55","0","2025","1","",6,207,179,205,3357470,0,0,1311,"",3.74,1.72,1.48,1.70,1.49,0.00,0.00,0.91,"",0,0.0,7,3.5,-20,-10.1,7,3.5,-116557,-3.4,0,0.0,0,0.0,-32,-2.4
"20000","1","6113","56","0","2025","1","",2,178,150,175,2936781,0,0,1347,"",6.33,3.60,3.04,3.56,2.82,0.00,0.00,0.83,"",0,0.0,6,3.5,-21,-12.3,3,1.7,-127034,-4.1,0,0.0,0,0.0,-26,-1.9
"20000","1","61131","57","0","2025","1","",2,178,150,175,2936781,0,0,1347,"",6.33,3.60,3.04,3.56,2.82,0.00,0.00,0.83,"",0,0.0,6,3.5,-21,-12.3,3,1.7,-127034,-4.1,0,0.0,0,0.0,-26,-1.9
"20000","1","611310","58","0","2025","1","",2,178,150,175,2936781,0,0,1347,"",6.33,3.60,3.04,3.56,2.82,0.00,0.00,0.83,"",0,0.0,6,3.5,-21,-12.3,3,1.7,-127034,-4.1,0,0.0,0,0.0,-26,-1.9
"20000","1","6115","56","0","2025","1","",1,0,0,0,0,0,0,0,"",4.26,0.00,0.00,0.00,0.00,0.00,0.00,0.00,"",0,0.0,0,0.0,0,0.0,0,0.0,0,0.0,0,0.0,0,0.0,0,0.0
"20000","1","61151","57","0","2025","1","",1,0,0,0,0,0,0,0,"",4.26,0.00,0.00,0.00,0.00,0.00,0.00,0.00,"",0,0.0,0,0.0,0,0.0,0,0.0,0,0.0,0,0.0,0,0.0,0,0.0
"20000","1","611519","58","0","2025","1","",1,0,0,0,0,0,0,0,"",4.41,0.00,0.00,0.00,0.00,0.00,0.00,0.00,"",0,0.0,0,0.0,0,0.0,0,0.0,0,0.0,0,0.0,0,0.0,0,0.0
"20000","1","6116","56","0","2025","1","",3,29,29,30,420689,0,0,1103,"",5.79,4.97,4.88,5.02,6.04,0.00,0.00,1.22,"",0,0.0,1,3.6,1,3.6,4,15.4,10477,2.6,0,0.0,0,0.0,-51,-4.4
"20000","1","61161","57","0","2025","1","",1,1,1,1,15124,0,0,1163,"",11.22,6.05,6.39,5.71,20.08,0.00,0.00,3.32,"",0,0.0,0,0.0,0,0.0,0,0.0,886,6.2,0,0.0,0,0.0,68,6.2
"20000","1","611610","58","0","2025","1","",1,1,1,1,15124,0,0,1163,"",11.22,6.05,6.39,5.71,20.08,0.00,0.00,3.32,"",0,0.0,0,0.0,0,0.0,0,0.0,886,6.2,0,0.0,0,0.0,68,6.2
"20000","1","61169","57","0","2025","1","",2,28,28,29,405565,0,0,1101,"",4.66,4.94,4.84,5.00,5.88,0.00,0.00,1.19,"",0,0.0,1,3.7,1,3.7,4,16.0,9591,2.4,0,0.0,0,0.0,-56,-4.8
"20000","1","611692","58","0","2025","1","",2,28,28,29,405565,0,0,1101,"",123.43,108.93,108.68,108.51,138.74,0.00,0.00,1.28,"",0,0.0,1,3.7,1,3.7,4,16.0,9591,2.4,0,0.0,0,0.0,-56,-4.8
"20000","1","62","54","0","2025","1","",24,5552,5522,5565,139368053,0,0,1933,"",2.35,1.39,1.38,1.40,1.51,0.00,0.00,1.08,"",0,0.0,-281,-4.8,-341,-5.8,-300,-5.1,-3964662,-2.8,0,0.0,0,0.0,49,2.6
"20000","1","621","55","0","2025","1","",6,292,295,285,6915442,0,0,1830,"",1.62,0.78,0.79,0.77,0.79,0.00,0.00,1.02,"",0,0.0,-16,-5.2,-11,-3.6,-19,-6.2,-451963,-6.1,0,0.0,0,0.0,-22,-1.2
"20000","1","6211","56","0","2025","1","",5,72,72,72,1933192,0,0,2065,"",1.84,0.29,0.29,0.30,0.33,0.00,0.00,1.11,"",0,0.0,-1,-1.4,-2,-2.7,-1,-1.4,-26373,-1.3,0,0.0,0,0.0,10,0.5
"20000","1","62111","57","0","2025","1","",5,72,72,72,1933192,0,0,2065,"",1.84,0.29,0.29,0.30,0.33,0.00,0.00,1.11,"",0,0.0,-1,-1.4,-2,-2.7,-1,-1.4,-26373,-1.3,0,0.0,0,0.0,10,0.5
"20000","1","621111","58","0","2025","1","",5,72,72,72,1933192,0,0,2065,"",1.84,0.29,0.29,0.30,0.33,0.00,0.00,1.11,"",0,0.0,-1,-1.4,-2,-2.7,-1,-1.4,-26373,-1.3,0,0.0,0,0.0,10,0.5
"20000","1","6214","56","0","2025","1","",1,220,223,213,4982250,0,0,1753,"",1.07,1.75,1.77,1.70,1.83,0.00,0.00,1.05,"",0,0.0,-15,-6.4,-9,-3.9,-18,-7.8,-425590,-7.9,0,0.0,0,0.0,-35,-2.0
"20000","1","62149","57","0","2025","1","",1,220,223,213,4982250,0,0,1753,"",1.10,1.77,1.80,1.72,1.85,0.00,0.00,1.05,"",0,0.0,-15,-6.4,-9,-3.9,-18,-7.8,-425590,-7.9,0,0.0,0,0.0,-35,-2.0
"20000","1","621493","58","0","2025","1","",1,220,223,213,4982250,0,0,1753,"",2.57,5.93,6.01,5.83,7.04,0.00,0.00,1.19,"",0,0.0,-15,-6.4,-9,-3.9,-18,-7.8,-425590,-7.9,0,0.0,0,0.0,-35,-2.0
"20000","1","622","55","0","2025","1","",8,4792,4771,4816,128287815,0,0,2059,"",2.21,1.39,1.38,1.40,1.56,0.00,0.00,1.12,"",0,0.0,-280,-5.5,-319,-6.3,-269,-5.3,-3465774,-2.6,0,0.0,0,0.0,65,3.3
"20000","1","6221","56","0","2025","1","",8,4792,4771,4816,128287815,0,0,2059,"",2.25,1.41,1.41,1.43,1.59,0.00,0.00,1.12,"",0,0.0,-280,-5.5,-319,-6.3,-269,-5.3,-3465774,-2.6,0,0.0,0,0.0,65,3.3
"20000","1","62211","57","0","2025","1","",8,4792,4771,4816,128287815,0,0,2059,"",2.25,1.41,1.41,1.43,1.59,0.00,0.00,1.12,"",0,0.0,-280,-5.5,-319,-6.3,-269,-5.3,-3465774,-2.6,0,0.0,0,0.0,65,3.3
"20000","1","622110","58","0","2025","1","",8,4792,4771,4816,128287815,0,0,2059,"",2.25,1.41,1.41,1.43,1.59,0.00,0.00,1.12,"",0,0.0,-280,-5.5,-319,-6.3,-269,-5.3,-3465774,-2.6,0,0.0,0,0.0,65,3.3
"20000","1","623","55","0","2025","1","",1,26,25,25,383162,0,0,1163,"",13.71,1.94,1.88,1.87,1.57,0.00,0.00,0.83,"",0,0.0,2,8.3,0,0.0,0,0.0,-43236,-10.1,0,0.0,0,0.0,-167,-12.6
"20000","1","6233","56","0","2025","1","",1,26,25,25,383162,0,0,1163,"",30.86,2.41,2.33,2.34,1.88,0.00,0.00,0.79,"",0,0.0,2,8.3,0,0.0,0,0.0,-43236,-10.1,0,0.0,0,0.0,-167,-12.6
"20000","1","62331","57","0","2025","1","",1,26,25,25,383162,0,0,1163,"",30.86,2.41,2.33,2.34,1.88,0.00,0.00,0.79,"",0,0.0,2,8.3,0,0.0,0,0.0,-43236,-10.1,0,0.0,0,0.0,-167,-12.6
"20000","1","623312","58","0","2025","1","",1,26,25,25,383162,0,0,1163,"",123.43,108.93,108.68,108.51,138.74,0.00,0.00,1.28,"",0,0.0,2,8.3,0,0.0,0,0.0,-43236,-10.1,0,0.0,0,0.0,-167,-12.6
"20000","1","624","55","0","2025","1","",9,442,431,439,3781634,0,0,665,"",3.20,2.87,2.80,2.88,2.82,0.00,0.00,0.99,"",0,0.0,13,3.0,-11,-2.5,-12,-2.7,-3689,-0.1,0,0.0,0,0.0,4,0.6
"20000","1","6241","56","0","2025","1","",3,18,19,17,207514,0,0,887,"",2.66,0.63,0.67,0.60,0.74,0.00,0.00,1.17,"",0,0.0,0,0.0,-1,-5.0,-3,-15.0,-29393,-12.4,0,0.0,0,0.0,-56,-5.9
"20000","1","62412","57","0","2025","1","",1,2,2,2,20621,0,0,793,"",4.11,0.73,0.72,0.74,0.41,0.00,0.00,0.56,"",0,0.0,1,100.0,1,100.0,1,100.0,8731,73.4,0,0.0,0,0.0,-122,-13.3
"20000","1","624120","58","0","2025","1","",1,2,2,2,20621,0,0,793,"",4.11,0.73,0.72,0.74,0.41,0.00,0.00,0.56,"",0,0.0,1,100.0,1,100.0,1,100.0,8731,73.4,0,0.0,0,0.0,-122,-13.3
"20000","1","62419","57","0","2025","1","",2,16,17,15,186893,0,0,899,"",3.86,1.34,1.42,1.27,1.55,0.00,0.00,1.16,"",0,0.0,-1,-5.9,-2,-10.5,-4,-21.1,-38124,-16.9,0,0.0,0,0.0,-45,-4.8
"20000","1","624190","58","0","2025","1","",2,16,17,15,186893,0,0,899,"",3.86,1.34,1.42,1.27,1.55,0.00,0.00,1.16,"",0,0.0,-1,-5.9,-2,-10.5,-4,-21.1,-38124,-16.9,0,0.0,0,0.0,-45,-4.8
"20000","1","6242","56","0","2025","1","",2,70,71,68,585112,0,0,646,"",20.57,34.98,35.23,34.64,48.80,0.00,0.00,1.40,"",0,0.0,8,12.9,11,18.3,6,9.7,57749,11.0,0,0.0,0,0.0,-15,-2.3
"20000","1","62422","57","0","2025","1","",2,70,71,68,585112,0,0,646,"",82.29,90.78,91.86,93.40,116.32,0.00,0.00,1.26,"",0,0.0,8,12.9,11,18.3,6,9.7,57749,11.0,0,0.0,0,0.0,-15,-2.3
"20000","1","624221","58","0","2025","1","",2,70,71,68,585112,0,0,646,"",82.29,90.78,91.86,93.40,116.32,0.00,0.00,1.26,"",0,0.0,8,12.9,11,18.3,6,9.7,57749,11.0,0,0.0,0,0.0,-15,-2.3
"20000","1","6243","56","0","2025","1","",1,3,3,3,42393,0,0,1087,"",1.82,0.14,0.14,0.14,0.12,0.00,0.00,0.87,"",0,0.0,0,0.0,0,0.0,0,0.0,-1,0.0,0,0.0,0,0.0,0,0.0
"20000","1","62431","57","0","2025","1","",1,3,3,3,42393,0,0,1087,"",1.82,0.14,0.14,0.14,0.12,0.00,0.00,0.87,"",0,0.0,0,0.0,0,0.0,0,0.0,-1,0.0,0,0.0,0,0.0,0,0.0
"20000","1","624310","58","0","2025","1","",1,3,3,3,42393,0,0,1087,"",1.82,0.14,0.14,0.14,0.12,0.00,0.00,0.87,"",0,0.0,0,0.0,0,0.0,0,0.0,-1,0.0,0,0.0,0,0.0,0,0.0
"20000","1","6244","56","0","2025","1","",3,351,338,351,2946615,0,0,654,"",2.89,3.46,3.32,3.50,4.24,0.00,0.00,1.24,"",0,0.0,5,1.4,-21,-5.8,-15,-4.1,-32044,-1.1,0,0.0,0,0.0,12,1.9
"20000","1","62441","57","0","2025","1","",3,351,338,351,2946615,0,0,654,"",2.89,3.46,3.32,3.50,4.24,0.00,0.00,1.24,"",0,0.0,5,1.4,-21,-5.8,-15,-4.1,-32044,-1.1,0,0.0,0,0.0,12,1.9
"20000","1","624410","58","0","2025","1","",3,351,338,351,2946615,0,0,654,"",2.89,3.46,3.32,3.50,4.24,0.00,0.00,1.24,"",0,0.0,5,1.4,-21,-5.8,-15,-4.1,-32044,-1.1,0,0.0,0,0.0,12,1.9
"20000","1","71","54","0","2025","1","",16,231,240,234,1904666,0,0,623,"",1.88,0.68,0.70,0.68,0.41,0.00,0.00,0.60,"",0,0.0,28,13.8,21,9.6,6,2.6,41177,2.2,0,0.0,0,0.0,-39,-5.9
"20000","1","712","55","0","2025","1","",6,59,56,57,1033524,0,0,1387,"",1.47,0.30,0.29,0.29,0.30,0.00,0.00,1.01,"",0,0.0,5,9.3,-1,-1.8,-4,-6.6,58825,6.0,0,0.0,0,0.0,79,6.0
"20000","1","7121","56","0","2025","1","",6,59,56,57,1033524,0,0,1387,"",1.47,0.30,0.29,0.29,0.30,0.00,0.00,1.01,"",0,0.0,5,9.3,-1,-1.8,-4,-6.6,58825,6.0,0,0.0,0,0.0,79,6.0
"20000","1","71211","57","0","2025","1","-",0,0,0,0,0,0,0,0,"N",0.00,0,0,0,0,0,0,0,"N",0,0,0,0,0,0,0,0,0,0,0,0,0,0,0,0
"20000","1","712110","58","0","2025","1","-",0,0,0,0,0,0,0,0,"N",0.00,0,0,0,0,0,0,0,"N",0,0,0,0,0,0,0,0,0,0,0,0,0,0,0,0
"20000","1","71212","57","0","2025","1","",1,0,0,0,0,0,0,0,"",4.41,0.00,0.00,0.00,0.00,0.00,0.00,0.00,"",0,0.0,0,0.0,0,0.0,0,0.0,0,0.0,0,0.0,0,0.0,0,0.0
"20000","1","712120","58","0","2025","1","",1,0,0,0,0,0,0,0,"",4.41,0.00,0.00,0.00,0.00,0.00,0.00,0.00,"",0,0.0,0,0.0,0,0.0,0,0.0,0,0.0,0,0.0,0,0.0,0,0.0
"20000","1","71219","57","0","2025","1","",5,59,56,57,1033524,0,0,1387,"",1.46,0.44,0.42,0.42,0.48,0.00,0.00,1.13,"",0,0.0,5,9.3,-1,-1.8,-4,-6.6,58825,6.0,0,0.0,0,0.0,79,6.0
"20000","1","712190","58","0","2025","1","",5,59,56,57,1033524,0,0,1387,"",1.46,0.44,0.42,0.42,0.48,0.00,0.00,1.13,"",0,0.0,5,9.3,-1,-1.8,-4,-6.6,58825,6.0,0,0.0,0,0.0,79,6.0
"20000","1","713","55","0","2025","1","",10,172,184,177,871142,0,0,377,"",2.29,1.27,1.35,1.29,0.91,0.00,0.00,0.70,"",0,0.0,23,15.4,22,13.6,10,6.0,-17648,-2.0,0,0.0,0,0.0,-52,-12.1
"20000","1","7139","56","0","2025","1","",10,172,184,177,871142,0,0,377,"",2.32,1.29,1.36,1.30,0.92,0.00,0.00,0.70,"",0,0.0,23,15.4,22,13.6,10,6.0,-17648,-2.0,0,0.0,0,0.0,-52,-12.1
"20000","1","71394","57","0","2025","1","",4,127,141,136,606112,0,0,346,"",3.07,2.36,2.61,2.52,1.49,0.00,0.00,0.59,"",0,0.0,12,10.4,15,11.9,6,4.6,-12020,-1.9,0,0.0,0,0.0,-38,-9.9
"20000","1","713940","58","0","2025","1","",4,127,141,136,606112,0,0,346,"",3.07,2.36,2.61,2.52,1.49,0.00,0.00,0.59,"",0,0.0,12,10.4,15,11.9,6,4.6,-12020,-1.9,0,0.0,0,0.0,-38,-9.9
"20000","1","71395","57","0","2025","1","",3,37,36,34,211816,0,0,457,"",3.98,3.44,3.33,3.17,3.58,0.00,0.00,1.08,"",0,0.0,10,37.0,6,20.0,5,17.2,548,0.3,0,0.0,0,0.0,-110,-19.4
"20000","1","713950","58","0","2025","1","",3,37,36,34,211816,0,0,457,"",3.98,3.44,3.33,3.17,3.58,0.00,0.00,1.08,"",0,0.0,10,37.0,6,20.0,5,17.2,548,0.3,0,0.0,0,0.0,-110,-19.4
"20000","1","71399","57","0","2025","1","",3,8,7,7,53214,0,0,558,"",1.88,0.14,0.12,0.12,0.13,0.00,0.00,1.04,"",0,0.0,1,14.3,1,16.7,-1,-12.5,-6176,-10.4,0,0.0,0,0.0,-95,-14.5
"20000","1","713990","58","0","2025","1","",3,8,7,7,53214,0,0,558,"",1.88,0.14,0.12,0.12,0.13,0.00,0.00,1.04,"",0,0.0,1,14.3,1,16.7,-1,-12.5,-6176,-10.4,0,0.0,0,0.0,-95,-14.5
"20000","1","72","54","0","2025","1","",2,29,28,28,172967,0,0,470,"",0.66,0.39,0.37,0.37,0.33,0.00,0.00,0.88,"",0,0.0,12,70.6,5,21.7,2,7.7,11591,7.2,0,0.0,0,0.0,-94,-16.7
"20000","1","721","55","0","2025","1","",1,16,15,14,78514,0,0,403,"",0.62,0.35,0.33,0.30,0.22,0.00,0.00,0.68,"",0,0.0,10,166.7,7,87.5,4,40.0,30784,64.5,0,0.0,0,0.0,-56,-12.2
"20000","1","7211","56","0","2025","1","",1,16,15,14,78514,0,0,403,"",1.07,0.52,0.49,0.46,0.31,0.00,0.00,0.64,"",0,0.0,10,166.7,7,87.5,4,40.0,30784,64.5,0,0.0,0,0.0,-56,-12.2
"20000","1","72119","57","0","2025","1","",1,16,15,14,78514,0,0,403,"",1.69,0.86,0.81,0.76,0.64,0.00,0.00,0.79,"",0,0.0,10,166.7,7,87.5,4,40.0,30784,64.5,0,0.0,0,0.0,-56,-12.2
"20000","1","721199","58","0","2025","1","",1,16,15,14,78514,0,0,403,"",1.69,0.86,0.81,0.76,0.64,0.00,0.00,0.79,"",0,0.0,10,166.7,7,87.5,4,40.0,30784,64.5,0,0.0,0,0.0,-56,-12.2
"20000","1","722","55","0","2025","1","",1,13,13,14,94453,0,0,545,"",0.70,0.44,0.43,0.46,0.55,0.00,0.00,1.24,"",0,0.0,2,18.2,-2,-13.3,-2,-12.5,-19193,-16.9,0,0.0,0,0.0,-79,-12.7
"20000","1","7225","56","0","2025","1","",1,13,13,14,94453,0,0,545,"",0.76,0.52,0.50,0.54,0.68,0.00,0.00,1.31,"",0,0.0,2,18.2,-2,-13.3,-2,-12.5,-19193,-16.9,0,0.0,0,0.0,-79,-12.7
"20000","1","72251","57","0","2025","1","",1,13,13,14,94453,0,0,545,"",0.76,0.52,0.50,0.54,0.68,0.00,0.00,1.31,"",0,0.0,2,18.2,-2,-13.3,-2,-12.5,-19193,-16.9,0,0.0,0,0.0,-79,-12.7
"20000","1","722511","58","0","2025","1","",1,13,13,14,94453,0,0,545,"",1.20,0.71,0.68,0.73,0.93,0.00,0.00,1.33,"",0,0.0,2,18.2,-2,-13.3,-2,-12.5,-19193,-16.9,0,0.0,0,0.0,-79,-12.7
"20000","1","81","54","0","2025","1","",2,24,24,24,498184,0,0,1597,"",1.49,0.52,0.52,0.52,0.80,0.00,0.00,1.53,"",0,0.0,1,4.3,1,4.3,1,4.3,72041,16.9,0,0.0,0,0.0,172,12.1
"20000","1","811","55","0","2025","1","",1,1,1,1,13587,0,0,1045,"",3.01,0.16,0.16,0.16,0.09,0.00,0.00,0.58,"",0,0.0,0,0.0,0,0.0,0,0.0,2153,18.8,0,0.0,0,0.0,165,18.8
"20000","1","8111","56","0","2025","1","",1,1,1,1,13587,0,0,1045,"",3.09,1.00,1.04,1.07,1.59,0.00,0.00,1.54,"",0,0.0,0,0.0,0,0.0,0,0.0,2153,18.8,0,0.0,0,0.0,165,18.8
"20000","1","81112","57","0","2025","1","",1,1,1,1,13587,0,0,1045,"",4.41,2.72,2.79,2.78,4.30,0.00,0.00,1.56,"",0,0.0,0,0.0,0,0.0,0,0.0,2153,18.8,0,0.0,0,0.0,165,18.8
"20000","1","811121","58","0","2025","1","",1,1,1,1,13587,0,0,1045,"",4.41,2.72,2.79,2.78,4.30,0.00,0.00,1.56,"",0,0.0,0,0.0,0,0.0,0,0.0,2153,18.8,0,0.0,0,0.0,165,18.8
"20000","1","812","55","0","2025","1","",1,23,23,23,484597,0,0,1621,"",1.56,1.53,1.53,1.54,2.15,0.00,0.00,1.40,"",0,0.0,1,4.5,1,4.5,1,4.5,69888,16.9,0,0.0,0,0.0,171,11.8
"20000","1","8122","56","0","2025","1","",1,23,23,23,484597,0,0,1621,"",1.71,1.55,1.55,1.56,2.16,0.00,0.00,1.39,"",0,0.0,1,4.5,1,4.5,1,4.5,69888,16.9,0,0.0,0,0.0,171,11.8
"20000","1","81222","57","0","2025","1","",1,23,23,23,484597,0,0,1621,"",1.71,1.55,1.55,1.56,2.16,0.00,0.00,1.39,"",0,0.0,1,4.5,1,4.5,1,4.5,69888,16.9,0,0.0,0,0.0,171,11.8
"20000","1","812220","58","0","2025","1","",1,23,23,23,484597,0,0,1621,"",1.71,1.55,1.55,1.56,2.16,0.00,0.00,1.39,"",0,0.0,1,4.5,1,4.5,1,4.5,69888,16.9,0,0.0,0,0.0,171,11.8
"20000","1","92","54","0","2025","1","",538,13746,13536,13632,334591765,0,0,1887,"",2.69,0.89,0.87,0.88,0.92,0.00,0.00,1.04,"",-1,-0.2,277,2.1,35,0.3,40,0.3,25937828,8.4,0,0.0,0,0.0,131,7.5
"20000","1","921","55","0","2025","1","",27,418,420,415,12277516,0,0,2261,"",1.83,0.27,0.27,0.27,0.37,0.00,0.00,1.36,"",1,3.8,15,3.7,15,3.7,10,2.5,743300,6.4,0,0.0,0,0.0,67,3.1
"20000","1","9211","56","0","2025","1","",27,418,420,415,12277516,0,0,2261,"",1.83,0.27,0.27,0.27,0.37,0.00,0.00,1.36,"",1,3.8,15,3.7,15,3.7,10,2.5,743300,6.4,0,0.0,0,0.0,67,3.1
"20000","1","92113","57","0","2025","1","",4,173,176,180,5888506,0,0,2569,"",0.85,0.16,0.17,0.17,0.25,0.00,0.00,1.51,"",0,0.0,7,4.2,11,6.7,18,11.1,1393084,31.0,0,0.0,0,0.0,465,22.1
"20000","1","921130","58","0","2025","1","",4,173,176,180,5888506,0,0,2569,"",0.85,0.16,0.17,0.17,0.25,0.00,0.00,1.51,"",0,0.0,7,4.2,11,6.7,18,11.1,1393084,31.0,0,0.0,0,0.0,465,22.1
"20000","1","92119","57","0","2025","1","",23,245,244,235,6389010,0,0,2036,"",2.31,0.80,0.80,0.77,0.95,0.00,0.00,1.20,"",1,4.5,8,3.4,4,1.7,-8,-3.3,-649784,-9.2,0,0.0,0,0.0,-220,-9.8
"20000","1","921190","58","0","2025","1","",23,245,244,235,6389010,0,0,2036,"",2.31,0.80,0.80,0.77,0.95,0.00,0.00,1.20,"",1,4.5,8,3.4,4,1.7,-8,-3.3,-649784,-9.2,0,0.0,0,0.0,-220,-9.8
"20000","1","922","55","0","2025","1","",33,1036,1021,1027,33437176,0,0,2502,"",1.13,0.41,0.40,0.41,0.48,0.00,0.00,1.18,"",0,0.0,29,2.9,1,0.1,8,0.8,5414063,19.3,0,0.0,0,0.0,379,17.9
"20000","1","9221","56","0","2025","1","",33,1036,1021,1027,33437176,0,0,2502,"",1.13,0.41,0.40,0.41,0.48,0.00,0.00,1.18,"",0,0.0,29,2.9,1,0.1,8,0.8,5414063,19.3,0,0.0,0,0.0,379,17.9
"20000","1","92211","57","0","2025","1","",7,266,262,258,7773155,0,0,2282,"",1.07,0.87,0.86,0.85,1.06,0.00,0.00,1.23,"",0,0.0,10,3.9,2,0.8,-2,-0.8,284937,3.8,0,0.0,0,0.0,55,2.5
"20000","1","922110","58","0","2025","1","",7,266,262,258,7773155,0,0,2282,"",1.07,0.87,0.86,0.85,1.06,0.00,0.00,1.23,"",0,0.0,10,3.9,2,0.8,-2,-0.8,284937,3.8,0,0.0,0,0.0,55,2.5
"20000","1","92212","57","0","2025","1","",14,208,207,215,7470304,0,0,2736,"",1.02,0.15,0.15,0.16,0.19,0.00,0.00,1.21,"",0,0.0,11,5.6,5,2.5,14,7.0,1807347,31.9,0,0.0,0,0.0,558,25.6
"20000","1","922120","58","0","2025","1","",14,208,207,215,7470304,0,0,2736,"",1.02,0.15,0.15,0.16,0.19,0.00,0.00,1.21,"",0,0.0,11,5.6,5,2.5,14,7.0,1807347,31.9,0,0.0,0,0.0,558,25.6
"20000","1","92213","57","0","2025","1","",5,103,101,100,3646934,0,0,2768,"",1.69,0.49,0.49,0.48,0.57,0.00,0.00,1.18,"",0,0.0,1,1.0,1,1.0,-1,-1.0,629681,20.9,0,0.0,0,0.0,470,20.5
"20000","1","922130","58","0","2025","1","",5,103,101,100,3646934,0,0,2768,"",1.69,0.49,0.49,0.48,0.57,0.00,0.00,1.18,"",0,0.0,1,1.0,1,1.0,-1,-1.0,629681,20.9,0,0.0,0,0.0,470,20.5
"20000","1","92214","57","0","2025","1","",3,400,394,395,12753362,0,0,2475,"",2.54,1.25,1.23,1.23,1.69,0.00,0.00,1.37,"",0,0.0,-12,-2.9,-16,-3.9,-18,-4.4,1961534,18.2,0,0.0,0,0.0,458,22.7
"20000","1","922140","58","0","2025","1","",3,400,394,395,12753362,0,0,2475,"",2.54,1.25,1.23,1.23,1.69,0.00,0.00,1.37,"",0,0.0,-12,-2.9,-16,-3.9,-18,-4.4,1961534,18.2,0,0.0,0,0.0,458,22.7
"20000","1","92219","57","0","2025","1","",4,59,57,59,1793421,0,0,2365,"",0.87,0.18,0.17,0.18,0.21,0.00,0.00,1.16,"",0,0.0,19,47.5,9,18.8,15,34.1,730564,68.7,0,0.0,0,0.0,507,27.3
"20000","1","922190","58","0","2025","1","",4,59,57,59,1793421,0,0,2365,"",0.87,0.18,0.17,0.18,0.21,0.00,0.00,1.16,"",0,0.0,19,47.5,9,18.8,15,34.1,730564,68.7,0,0.0,0,0.0,507,27.3
"20000","1","923","55","0","2025","1","",41,2169,2153,2163,54875226,0,0,1953,"",1.87,0.96,0.96,0.97,1.02,0.00,0.00,1.06,"",0,0.0,47,2.2,12,0.6,23,1.1,2828350,5.4,0,0.0,0,0.0,77,4.1
"20000","1","9231","56","0","2025","1","",41,2169,2153,2163,54875226,0,0,1953,"",1.87,0.96,0.96,0.97,1.02,0.00,0.00,1.06,"",0,0.0,47,2.2,12,0.6,23,1.1,2828350,5.4,0,0.0,0,0.0,77,4.1
"20000","1","92311","57","0","2025","1","",2,29,28,25,807565,0,0,2273,"",2.02,1.05,1.02,1.08,1.22,0.00,0.00,1.17,"",0,0.0,-2,-6.5,-3,-9.7,-6,-19.4,-74700,-8.5,0,0.0,0,0.0,84,3.8
"20000","1","923110","58","0","2025","1","",2,29,28,25,807565,0,0,2273,"",2.02,1.05,1.02,1.08,1.22,0.00,0.00,1.17,"",0,0.0,-2,-6.5,-3,-9.7,-6,-19.4,-74700,-8.5,0,0.0,0,0.0,84,3.8
"20000","1","92312","57","0","2025","1","",15,260,259,255,7639442,0,0,2278,"",2.29,0.43,0.43,0.43,0.42,0.00,0.00,0.98,"",0,0.0,-1,-0.4,-4,-1.5,6,2.4,108091,1.4,0,0.0,0,0.0,30,1.3
"20000","1","923120","58","0","2025","1","",15,260,259,255,7639442,0,0,2278,"",2.29,0.43,0.43,0.43,0.42,0.00,0.00,0.98,"",0,0.0,-1,-0.4,-4,-1.5,6,2.4,108091,1.4,0,0.0,0,0.0,30,1.3
"20000","1","92313","57","0","2025","1","",20,279,273,266,6141045,0,0,1732,"",1.74,0.45,0.45,0.44,0.51,0.00,0.00,1.14,"",0,0.0,-11,-3.8,-14,-4.9,-18,-6.3,-130827,-2.1,0,0.0,0,0.0,51,3.0
"20000","1","923130","58","0","2025","1","",20,279,273,266,6141045,0,0,1732,"",1.74,0.45,0.45,0.44,0.51,0.00,0.00,1.14,"",0,0.0,-11,-3.8,-14,-4.9,-18,-6.3,-130827,-2.1,0,0.0,0,0.0,51,3.0
"20000","1","92314","57","0","2025","1","",4,1601,1593,1617,40287174,0,0,1932,"",1.39,1.58,1.57,1.61,1.75,0.00,0.00,1.10,"",0,0.0,61,4.0,33,2.1,41,2.6,2925786,7.8,0,0.0,0,0.0,88,4.8
"20000","1","923140","58","0","2025","1","",4,1601,1593,1617,40287174,0,0,1932,"",1.39,1.58,1.57,1.61,1.75,0.00,0.00,1.10,"",0,0.0,61,4.0,33,2.1,41,2.6,2925786,7.8,0,0.0,0,0.0,88,4.8
"20000","1","924","55","0","2025","1","",102,1095,1089,1097,25642073,0,0,1804,"",2.47,1.19,1.20,1.18,1.40,0.00,0.00,1.18,"",-2,-1.9,79,7.8,66,6.5,65,6.3,2958720,13.0,0,0.0,0,0.0,99,5.8
"20000","1","9241","56","0","2025","1","",102,1095,1089,1097,25642073,0,0,1804,"",2.47,1.19,1.20,1.18,1.40,0.00,0.00,1.18,"",-2,-1.9,79,7.8,66,6.5,65,6.3,2958720,13.0,0,0.0,0,0.0,99,5.8
"20000","1","92411","57","0","2025","1","",5,577,574,577,14944199,0,0,1996,"",1.78,3.21,3.20,3.23,3.38,0.00,0.00,1.05,"",0,0.0,14,2.5,5,0.9,9,1.6,710115,5.0,0,0.0,0,0.0,64,3.3
"20000","1","924110","58","0","2025","1","",5,577,574,577,14944199,0,0,1996,"",1.78,3.21,3.20,3.23,3.38,0.00,0.00,1.05,"",0,0.0,14,2.5,5,0.9,9,1.6,710115,5.0,0,0.0,0,0.0,64,3.3
"20000","1","92412","57","0","2025","1","",97,518,515,520,10697874,0,0,1590,"",2.52,0.70,0.71,0.70,0.77,0.00,0.00,1.10,"",-2,-2.0,65,14.3,61,13.4,56,12.1,2248605,26.6,0,0.0,0,0.0,168,11.8
"20000","1","924120","58","0","2025","1","",97,518,515,520,10697874,0,0,1590,"",2.52,0.70,0.71,0.70,0.77,0.00,0.00,1.10,"",-2,-2.0,65,14.3,61,13.4,56,12.1,2248605,26.6,0,0.0,0,0.0,168,11.8
"20000","1","925","55","0","2025","1","",4,184,187,185,6117620,0,0,2539,"",2.73,1.97,2.00,2.00,2.22,0.00,0.00,1.12,"",0,0.0,-9,-4.7,-2,-1.1,-3,-1.6,1013905,19.9,0,0.0,0,0.0,473,22.9
"20000","1","9251","56","0","2025","1","",4,184,187,185,6117620,0,0,2539,"",2.73,1.97,2.00,2.00,2.22,0.00,0.00,1.12,"",0,0.0,-9,-4.7,-2,-1.1,-3,-1.6,1013905,19.9,0,0.0,0,0.0,473,22.9
"20000","1","92511","57","0","2025","1","",3,184,187,185,6117620,0,0,2539,"",3.37,2.23,2.27,2.27,2.45,0.00,0.00,1.08,"",0,0.0,-9,-4.7,-2,-1.1,-3,-1.6,1013905,19.9,0,0.0,0,0.0,473,22.9
"20000","1","925110","58","0","2025","1","",3,184,187,185,6117620,0,0,2539,"",3.37,2.23,2.27,2.27,2.45,0.00,0.00,1.08,"",0,0.0,-9,-4.7,-2,-1.1,-3,-1.6,1013905,19.9,0,0.0,0,0.0,473,22.9
"20000","1","92512","57","0","2025","1","",1,0,0,0,0,0,0,0,"",1.74,0.00,0.00,0.00,0.00,0.00,0.00,0.00,"",0,0.0,0,0.0,0,0.0,0,0.0,0,0.0,0,0.0,0,0.0,0,0.0
"20000","1","925120","58","0","2025","1","",1,0,0,0,0,0,0,0,"",1.74,0.00,0.00,0.00,0.00,0.00,0.00,0.00,"",0,0.0,0,0.0,0,0.0,0,0.0,0,0.0,0,0.0,0,0.0,0,0.0
"20000","1","926","55","0","2025","1","",292,3156,2993,3080,80427146,0,0,2011,"",4.16,1.30,1.24,1.28,1.36,0.00,0.00,1.07,"",1,0.3,87,2.8,-67,-2.2,-64,-2.0,10498853,15.0,0,0.0,0,0.0,271,15.6
"20000","1","9261","56","0","2025","1","",292,3156,2993,3080,80427146,0,0,2011,"",4.16,1.30,1.24,1.28,1.36,0.00,0.00,1.07,"",1,0.3,87,2.8,-67,-2.2,-64,-2.0,10498853,15.0,0,0.0,0,0.0,271,15.6
"20000","1","92611","57","0","2025","1","",122,153,140,136,2732756,0,0,1470,"",4.50,0.34,0.31,0.30,0.24,0.00,0.00,0.75,"",0,0.0,4,2.7,-10,-6.7,-10,-6.8,271706,11.0,0,0.0,0,0.0,194,15.2
"20000","1","926110","58","0","2025","1","",122,153,140,136,2732756,0,0,1470,"",4.50,0.34,0.31,0.30,0.24,0.00,0.00,0.75,"",0,0.0,4,2.7,-10,-6.7,-10,-6.8,271706,11.0,0,0.0,0,0.0,194,15.2
"20000","1","92612","57","0","2025","1","",14,1081,1078,1070,34529039,0,0,2468,"",1.74,1.02,1.02,1.00,1.45,0.00,0.00,1.43,"",0,0.0,0,0.0,-2,-0.2,-13,-1.2,2622096,8.2,0,0.0,0,0.0,198,8.7
"20000","1","926120","58","0","2025","1","",14,1081,1078,1070,34529039,0,0,2468,"",1.74,1.02,1.02,1.00,1.45,0.00,0.00,1.43,"",0,0.0,0,0.0,-2,-0.2,-13,-1.2,2622096,8.2,0,0.0,0,0.0,198,8.7
"20000","1","92613","57","0","2025","1","",2,7,7,7,355158,0,0,3903,"",1.04,0.05,0.05,0.05,0.09,0.00,0.00,1.74,"",0,0.0,-1,-12.5,-1,-12.5,-1,-12.5,99469,38.9,0,0.0,0,0.0,1444,58.7
"20000","1","926130","58","0","2025","1","",2,7,7,7,355158,0,0,3903,"",1.04,0.05,0.05,0.05,0.09,0.00,0.00,1.74,"",0,0.0,-1,-12.5,-1,-12.5,-1,-12.5,99469,38.9,0,0.0,0,0.0,1444,58.7
"20000","1","92614","57","0","2025","1","",140,1692,1547,1645,35701619,0,0,1687,"",5.52,3.71,3.54,3.71,3.70,0.00,0.00,1.01,"",0,0.0,72,4.4,-58,-3.6,-43,-2.5,6174144,20.9,0,0.0,0,0.0,300,21.6
"20000","1","926140","58","0","2025","1","",140,1692,1547,1645,35701619,0,0,1687,"",5.52,3.71,3.54,3.71,3.70,0.00,0.00,1.01,"",0,0.0,72,4.4,-58,-3.6,-43,-2.5,6174144,20.9,0,0.0,0,0.0,300,21.6
"20000","1","92615","57","0","2025","1","",14,223,221,222,7108574,0,0,2463,"",1.80,0.69,0.69,0.69,0.69,0.00,0.00,1.00,"",1,7.7,12,5.7,4,1.8,3,1.4,1331438,23.0,0,0.0,0,0.0,402,19.5
"20000","1","926150","58","0","2025","1","",14,223,221,222,7108574,0,0,2463,"",1.80,0.69,0.69,0.69,0.69,0.00,0.00,1.00,"",1,7.7,12,5.7,4,1.8,3,1.4,1331438,23.0,0,0.0,0,0.0,402,19.5
"20000","1","927","55","0","2025","1","",1,5,5,4,170441,0,0,2809,"",1.14,0.03,0.03,0.02,0.04,0.00,0.00,1.35,"",0,0.0,1,25.0,1,25.0,0,0.0,49411,40.8,0,0.0,0,0.0,481,20.7
"20000","1","9271","56","0","2025","1","",1,5,5,4,170441,0,0,2809,"",1.14,0.03,0.03,0.02,0.04,0.00,0.00,1.35,"",0,0.0,1,25.0,1,25.0,0,0.0,49411,40.8,0,0.0,0,0.0,481,20.7
"20000","1","92711","57","0","2025","1","",1,5,5,4,170441,0,0,2809,"",1.14,0.03,0.03,0.02,0.04,0.00,0.00,1.35,"",0,0.0,1,25.0,1,25.0,0,0.0,49411,40.8,0,0.0,0,0.0,481,20.7
"20000","1","927110","58","0","2025","1","",1,5,5,4,170441,0,0,2809,"",1.14,0.03,0.03,0.02,0.04,0.00,0.00,1.35,"",0,0.0,1,25.0,1,25.0,0,0.0,49411,40.8,0,0.0,0,0.0,481,20.7
"20000","1","928","55","0","2025","1","",38,5683,5668,5661,121644567,0,0,1650,"",1.88,1.02,1.01,1.02,1.00,0.00,0.00,0.98,"",-1,-2.6,28,0.5,9,0.2,1,0.0,2431226,2.0,0,0.0,0,0.0,29,1.8
"20000","1","9281","56","0","2025","1","",38,5683,5668,5661,121644567,0,0,1650,"",1.88,1.02,1.01,1.02,1.00,0.00,0.00,0.98,"",-1,-2.6,28,0.5,9,0.2,1,0.0,2431226,2.0,0,0.0,0,0.0,29,1.8
"20000","1","92811","57","0","2025","1","",32,5228,5221,5188,108379851,0,0,1599,"",2.04,1.01,1.01,1.01,0.98,0.00,0.00,0.97,"",-1,-3.0,7,0.1,4,0.1,-26,-0.5,-424376,-0.4,0,0.0,0,0.0,-5,-0.3
"20000","1","928110","58","0","2025","1","",32,5228,5221,5188,108379851,0,0,1599,"",2.04,1.01,1.01,1.01,0.98,0.00,0.00,0.97,"",-1,-3.0,7,0.1,4,0.1,-26,-0.5,-424376,-0.4,0,0.0,0,0.0,-5,-0.3
"20000","1","92812","57","0","2025","1","",6,455,447,473,13264716,0,0,2226,"",1.32,1.10,1.07,1.14,1.18,0.00,0.00,1.07,"",0,0.0,21,4.8,5,1.1,27,6.1,2855602,27.4,0,0.0,0,0.0,409,22.5
"20000","1","928120","58","0","2025","1","",6,455,447,473,13264716,0,0,2226,"",1.32,1.10,1.07,1.14,1.18,0.00,0.00,1.07,"",0,0.0,21,4.8,5,1.1,27,6.1,2855602,27.4,0,0.0,0,0.0,409,22.5
"20000","2","10","51","0","2025","1","",1121,41529,42027,42141,744589996,1081852,13693,1367,"",1.91,0.94,0.93,0.93,1.04,0.03,0.51,1.11,"",59,5.6,841,2.1,1013,2.5,1042,2.5,52082667,7.5,-9946,-0.9,-8274,-37.7,66,5.1
"20000","2","102","52","0","2025","1","",1121,41529,42027,42141,744589996,1081852,13693,1367,"",1.97,0.95,0.95,0.95,1.05,0.03,0.52,1.11,"",59,5.6,841,2.1,1013,2.5,1042,2.5,52082667,7.5,-9946,-0.9,-8274,-37.7,66,5.1
"20000","2","1022","53","0","2025","1","",2,25,26,26,324890,0,0,974,"",0.81,0.43,0.45,0.45,0.45,0.00,0.00,1.01,"",0,0.0,2,8.7,3,13.0,4,18.2,74420,29.7,0,0.0,0,0.0,124,14.6
"20000","2","1024","53","0","2025","1","",120,635,642,644,11809256,42463,1085,1419,"",11.83,1.68,1.67,1.69,1.82,0.07,1.49,1.08,"",5,4.3,48,8.2,42,7.0,54,9.2,1378836,13.2,11718,38.1,270,33.1,64,4.7
"20000","2","1025","53","0","2025","1","",81,22746,23130,23219,441102226,834925,11677,1473,"",0.66,0.91,0.90,0.90,1.08,0.05,1.34,1.20,"",13,19.1,306,1.4,423,1.9,509,2.2,25207691,6.1,-19758,-2.3,-7816,-40.1,59,4.2
"20000","2","1026","53","0","2025","1","",1,25,26,26,363259,0,0,1089,"",0.13,0.16,0.16,0.16,0.23,0.00,0.00,1.44,"",0,0.0,-2,-7.4,-1,-3.7,-1,-3.7,-4257,-1.2,0,0.0,0,0.0,42,4.0
"20000","2","1028","53","0","2025","1","",917,18098,18203,18226,290990365,204464,931,1232,"",2.20,1.05,1.05,1.05,1.03,0.01,0.07,0.98,"",41,4.7,487,2.8,546,3.1,476,2.7,25425977,9.6,-1906,-0.9,-728,-43.9,76,6.6
"20000","2","51","54","0","2025","1","",2,25,26,26,324890,0,0,974,"",0.81,0.43,0.45,0.45,0.45,0.00,0.00,1.01,"",0,0.0,2,8.7,3,13.0,4,18.2,74420,29.7,0,0.0,0,0.0,124,14.6
"20000","2","519","55","0","2025","1","",2,25,26,26,324890,0,0,974,"",1.10,0.61,0.64,0.63,0.72,0.00,0.00,1.15,"",0,0.0,2,8.7,3,13.0,4,18.2,74420,29.7,0,0.0,0,0.0,124,14.6
"20000","2","5192","56","0","2025","1","",2,25,26,26,324890,0,0,974,"",1.10,0.61,0.64,0.63,0.72,0.00,0.00,1.15,"",0,0.0,2,8.7,3,13.0,4,18.2,74420,29.7,0,0.0,0,0.0,124,14.6
"20000","2","51921","57","0","2025","1","",2,25,26,26,324890,0,0,974,"",1.10,0.61,0.64,0.63,0.72,0.00,0.00,1.15,"",0,0.0,2,8.7,3,13.0,4,18.2,74420,29.7,0,0.0,0,0.0,124,14.6
"20000","2","519210","58","0","2025","1","",2,25,26,26,324890,0,0,974,"",1.10,0.61,0.64,0.63,0.72,0.00,0.00,1.15,"",0,0.0,2,8.7,3,13.0,4,18.2,74420,29.7,0,0.0,0,0.0,124,14.6
"20000","2","54","54","0","2025","1","",117,632,639,641,11744584,14463,245,1418,"",21.14,2.48,2.50,2.50,2.45,0.03,0.71,0.98,"",7,6.4,48,8.2,42,7.0,56,9.6,1364913,13.1,11718,426.9,186,315.3,62,4.6
"20000","2","541","55","0","2025","1","",117,632,639,641,11744584,14463,245,1418,"",21.14,2.48,2.50,2.50,2.45,0.03,0.71,0.98,"",7,6.4,48,8.2,42,7.0,56,9.6,1364913,13.1,11718,426.9,186,315.3,62,4.6
"20000","2","5411","56","0","2025","1","",13,243,251,255,4938244,14000,245,1521,"",43.37,74.15,74.12,75.40,92.48,89.25,318.61,1.24,"",1,8.3,25,11.5,24,10.6,34,15.4,728621,17.3,14000,100.0,245,100.0,62,4.2
"20000","2","54111","57","0","2025","1","",12,242,250,254,4920013,0,0,1522,"",41.14,74.05,74.03,75.31,92.37,0.00,0.00,1.24,"",0,0.0,24,11.0,23,10.1,33,14.9,710390,16.9,0,0.0,0,0.0,63,4.3
"20000","2","541110","58","0","2025","1","",12,242,250,254,4920013,0,0,1522,"",41.14,74.05,74.03,75.31,92.37,0.00,0.00,1.24,"",0,0.0,24,11.0,23,10.1,33,14.9,710390,16.9,0,0.0,0,0.0,63,4.3
"20000","2","54119","57","0","2025","1","",1,1,1,1,18231,14000,245,1402,"",123.43,108.93,108.68,108.51,138.74,89.25,318.61,1.28,"",1,100.0,1,100.0,1,100.0,1,100.0,18231,100.0,14000,100.0,245,100.0,1402,100.0
"20000","2","541199","58","0","2025","1","",1,1,1,1,18231,14000,245,1402,"",123.43,108.93,108.68,108.51,138.74,89.25,318.61,1.28,"",1,100.0,1,100.0,1,100.0,1,100.0,18231,100.0,14000,100.0,245,100.0,1402,100.0
"20000","2","5415","56","0","2025","1","",2,2,2,2,31910,463,0,1227,"",0.77,0.02,0.02,0.02,0.02,0.03,0.00,0.79,"",0,0.0,0,0.0,0,0.0,1,100.0,29165,1062.5,-2282,-83.1,-59,-100.0,1100,866.1
"20000","2","54151","57","0","2025","1","",2,2,2,2,31910,463,0,1227,"",0.77,0.02,0.02,0.02,0.02,0.03,0.00,0.79,"",0,0.0,0,0.0,0,0.0,1,100.0,29165,1062.5,-2282,-83.1,-59,-100.0,1100,866.1
"20000","2","541511","58","0","2025","1","",1,1,1,1,463,463,0,36,"",1.29,0.05,0.05,0.05,0.00,0.03,0.00,0.02,"",0,0.0,0,0.0,0,0.0,1,100.0,-122,-20.9,-122,-20.9,-1,-100.0,-32,-47.1
"20000","2","541512","58","0","2025","1","",1,1,1,1,31447,0,0,2419,"",0.70,0.02,0.02,0.02,0.03,0.00,0.00,1.44,"",0,0.0,0,0.0,0,0.0,0,0.0,29287,1355.9,-2160,-100.0,-58,-100.0,2253,1357.2
"20000","2","541519","58","0","2025","1","-",0,0,0,0,0,0,0,0,"N",0.00,0,0,0,0,0,0,0,"N",0,0,0,0,0,0,0,0,0,0,0,0,0,0,0,0
"20000","2","5417","56","0","2025","1","",102,387,386,384,6774430,0,0,1351,"",69.94,4.01,3.97,3.94,3.60,0.00,0.00,0.90,"",6,6.2,23,6.3,18,4.9,21,5.8,607127,9.8,0,0.0,0,0.0,51,3.9
"20000","2","54171","57","0","2025","1","",102,387,386,384,6774430,0,0,1351,"",73.20,4.07,4.03,3.99,3.63,0.00,0.00,0.90,"",6,6.2,23,6.3,18,4.9,21,5.8,607127,9.8,0,0.0,0,0.0,51,3.9
"20000","2","541715","58","0","2025","1","",102,387,386,384,6774430,0,0,1351,"",76.77,4.18,4.14,4.11,3.71,0.00,0.00,0.90,"",6,6.2,23,6.3,18,4.9,21,5.8,607127,9.8,0,0.0,0,0.0,51,3.9
"20000","2","56","54","0","2025","1","",3,3,3,3,64672,28000,840,1658,"",0.65,0.02,0.02,0.02,0.04,0.16,2.19,1.59,"",-2,-40.0,0,0.0,0,0.0,-2,-40.0,13923,27.4,0,0.0,84,11.1,593,55.7
"20000","2","561","55","0","2025","1","",3,3,3,3,64672,28000,840,1658,"",0.66,0.02,0.02,0.02,0.04,0.19,5.32,1.59,"",-2,-40.0,0,0.0,0,0.0,-2,-40.0,13923,27.4,0,0.0,84,11.1,593,55.7
"20000","2","5611","56","0","2025","1","",2,2,2,2,46407,28000,840,1785,"",8.51,0.08,0.07,0.07,0.12,1.23,15.82,1.64,"",-2,-50.0,0,0.0,0,0.0,-2,-50.0,13038,39.1,0,0.0,84,11.1,822,85.4
"20000","2","56111","57","0","2025","1","",2,2,2,2,46407,28000,840,1785,"",8.51,0.08,0.07,0.07,0.12,1.23,15.82,1.64,"",-2,-50.0,0,0.0,0,0.0,-2,-50.0,13038,39.1,0,0.0,84,11.1,822,85.4
"20000","2","561110","58","0","2025","1","",2,2,2,2,46407,28000,840,1785,"",8.51,0.08,0.07,0.07,0.12,1.23,15.82,1.64,"",-2,-50.0,0,0.0,0,0.0,-2,-50.0,13038,39.1,0,0.0,84,11.1,822,85.4
"20000","2","5614","56","0","2025","1","",1,1,1,1,18265,0,0,1405,"",12.34,0.15,0.15,0.15,0.22,0.00,0.00,1.47,"",0,0.0,0,0.0,0,0.0,0,0.0,885,5.1,0,0.0,0,0.0,68,5.1
"20000","2","56142","57","0","2025","1","",1,1,1,1,18265,0,0,1405,"",12.34,0.15,0.15,0.15,0.22,0.00,0.00,1.47,"",0,0.0,0,0.0,0,0.0,0,0.0,885,5.1,0,0.0,0,0.0,68,5.1
"20000","2","561422","58","0","2025","1","",1,1,1,1,18265,0,0,1405,"N",13.71,0,0,0,0,0,0,0,"",0,0.0,0,0.0,0,0.0,0,0.0,885,5.1,0,0.0,0,0.0,68,5.1
"20000","2","61","54","0","2025","1","",57,16043,16489,16546,321308937,834925,11677,1511,"",0.84,0.86,0.85,0.85,1.08,0.06,1.71,1.26,"",12,26.7,-12,-0.1,198,1.2,259,1.6,14401083,4.7,-19758,-2.3,-7816,-40.1,55,3.8
"20000","2","611","55","0","2025","1","",57,16043,16489,16546,321308937,834925,11677,1511,"",0.84,0.86,0.85,0.85,1.08,0.06,1.71,1.26,"",12,26.7,-12,-0.1,198,1.2,259,1.6,14401083,4.7,-19758,-2.3,-7816,-40.1,55,3.8
"20000","2","6111","56","0","2025","1","",2,240,242,240,3305310,0,0,1056,"",0.26,0.40,0.39,0.38,0.43,0.00,0.00,1.10,"",0,0.0,0,0.0,6,2.5,8,3.4,298545,9.9,0,0.0,0,0.0,76,7.8
"20000","2","61111","57","0","2025","1","",2,240,242,240,3305310,0,0,1056,"",0.26,0.40,0.39,0.38,0.43,0.00,0.00,1.10,"",0,0.0,0,0.0,6,2.5,8,3.4,298545,9.9,0,0.0,0,0.0,76,7.8
"20000","2","611110","58","0","2025","1","",2,240,242,240,3305310,0,0,1056,"",0.26,0.40,0.39,0.38,0.43,0.00,0.00,1.10,"",0,0.0,0,0.0,6,2.5,8,3.4,298545,9.9,0,0.0,0,0.0,76,7.8
"20000","2","6112","56","0","2025","1","",4,0,7,7,23556,4200,74,388,"",0.56,0.00,0.00,0.00,0.00,0.00,0.07,0.51,"",2,100.0,0,0.0,3,75.0,3,75.0,13048,124.2,2600,162.5,31,72.1,85,28.1
"20000","2","61121","57","0","2025","1","",4,0,7,7,23556,4200,74,388,"",0.56,0.00,0.00,0.00,0.00,0.00,0.07,0.51,"",2,100.0,0,0.0,3,75.0,3,75.0,13048,124.2,2600,162.5,31,72.1,85,28.1
"20000","2","611210","58","0","2025","1","",4,0,7,7,23556,4200,74,388,"",0.56,0.00,0.00,0.00,0.00,0.00,0.07,0.51,"",2,100.0,0,0.0,3,75.0,3,75.0,13048,124.2,2600,162.5,31,72.1,85,28.1
"20000","2","6113","56","0","2025","1","",47,15797,16234,16292,317888265,791285,11324,1518,"",0.94,0.98,0.98,0.98,1.17,0.07,2.12,1.20,"",10,27.0,-13,-0.1,190,1.2,248,1.5,14077142,4.6,-15250,-1.9,-7242,-39.0,54,3.7
"20000","2","61131","57","0","2025","1","",47,15797,16234,16292,317888265,791285,11324,1518,"",0.94,0.98,0.98,0.98,1.17,0.07,2.12,1.20,"",10,27.0,-13,-0.1,190,1.2,248,1.5,14077142,4.6,-15250,-1.9,-7242,-39.0,54,3.7
"20000","2","611310","58","0","2025","1","",47,15797,16234,16292,317888265,791285,11324,1518,"",0.94,0.98,0.98,0.98,1.17,0.07,2.12,1.20,"",10,27.0,-13,-0.1,190,1.2,248,1.5,14077142,4.6,-15250,-1.9,-7242,-39.0,54,3.7
"20000","2","6116","56","0","2025","1","",1,3,3,3,48707,0,0,1249,"",3.86,0.30,0.26,0.25,0.48,0.00,0.00,1.80,"",0,0.0,1,50.0,1,50.0,1,50.0,18849,63.1,0,0.0,0,0.0,101,8.8
"20000","2","61169","57","0","2025","1","",1,3,3,3,48707,0,0,1249,"N",4.94,0,0,0,0,0,0,0,"",0,0.0,1,50.0,1,50.0,1,50.0,18849,63.1,0,0.0,0,0.0,101,8.8
"20000","2","611699","58","0","2025","1","",1,3,3,3,48707,0,0,1249,"N",6.50,0,0,0,0,0,0,0,"",0,0.0,1,50.0,1,50.0,1,50.0,18849,63.1,0,0.0,0,0.0,101,8.8
"20000","2","6117","56","0","2025","1","",3,3,3,4,43099,39440,279,995,"",8.23,1.56,1.50,1.99,1.42,10.10,25.62,0.85,"",0,0.0,0,0.0,-2,-40.0,-1,-20.0,-6501,-13.1,-7108,-15.3,-605,-68.4,115,13.1
"20000","2","61171","57","0","2025","1","",3,3,3,4,43099,39440,279,995,"",8.23,1.56,1.50,1.99,1.42,10.10,25.62,0.85,"",0,0.0,0,0.0,-2,-40.0,-1,-20.0,-6501,-13.1,-7108,-15.3,-605,-68.4,115,13.1
"20000","2","611710","58","0","2025","1","",3,3,3,4,43099,39440,279,995,"",8.23,1.56,1.50,1.99,1.42,10.10,25.62,0.85,"",0,0.0,0,0.0,-2,-40.0,-1,-20.0,-6501,-13.1,-7108,-15.3,-605,-68.4,115,13.1
"20000","2","62","54","0","2025","1","",24,6703,6641,6673,119793289,0,0,1381,"",0.44,1.04,1.02,1.02,1.10,0.00,0.00,1.07,"",1,4.3,318,5.0,225,3.5,250,3.9,10806608,9.9,0,0.0,0,0.0,73,5.6
"20000","2","621","55","0","2025","1","",3,453,434,424,8347910,0,0,1469,"",0.29,1.05,1.01,0.98,1.28,0.00,0.00,1.26,"",0,0.0,30,7.1,14,3.3,8,1.9,980495,13.3,0,0.0,0,0.0,119,8.8
"20000","2","6211","56","0","2025","1","",3,453,434,424,8347910,0,0,1469,"",1.02,2.43,2.32,2.27,2.50,0.00,0.00,1.07,"",0,0.0,30,7.1,14,3.3,8,1.9,980495,13.3,0,0.0,0,0.0,119,8.8
"20000","2","62111","57","0","2025","1","",3,453,434,424,8347910,0,0,1469,"",1.02,2.43,2.32,2.27,2.50,0.00,0.00,1.07,"",0,0.0,30,7.1,14,3.3,8,1.9,980495,13.3,0,0.0,0,0.0,119,8.8
"20000","2","621111","58","0","2025","1","",3,453,434,424,8347910,0,0,1469,"N",1.03,0,0,0,0,0,0,0,"",0,0.0,30,7.1,14,3.3,8,1.9,980495,13.3,0,0.0,0,0.0,119,8.8
"20000","2","622","55","0","2025","1","",6,5902,5861,5898,106472787,0,0,1391,"",0.64,1.43,1.41,1.41,1.40,0.00,0.00,0.99,"",1,20.0,275,4.9,207,3.7,236,4.2,9681263,10.0,0,0.0,0,0.0,73,5.5
"20000","2","6221","56","0","2025","1","",2,4065,3999,4013,74143865,0,0,1417,"",1.69,1.48,1.45,1.45,1.47,0.00,0.00,1.01,"",1,100.0,156,4.0,46,1.2,45,1.1,4427812,6.4,0,0.0,0,0.0,57,4.2
"20000","2","62211","57","0","2025","1","",2,4065,3999,4013,74143865,0,0,1417,"",1.69,1.48,1.45,1.45,1.47,0.00,0.00,1.01,"",1,100.0,156,4.0,46,1.2,45,1.1,4427812,6.4,0,0.0,0,0.0,57,4.2
"20000","2","622110","58","0","2025","1","",2,4065,3999,4013,74143865,0,0,1417,"",1.69,1.48,1.45,1.45,1.47,0.00,0.00,1.01,"",1,100.0,156,4.0,46,1.2,45,1.1,4427812,6.4,0,0.0,0,0.0,57,4.2
"20000","2","6222","56","0","2025","1","",3,1411,1423,1446,25988773,0,0,1401,"",0.38,1.38,1.39,1.40,1.49,0.00,0.00,1.07,"",0,0.0,57,4.2,77,5.7,110,8.2,3716856,16.7,0,0.0,0,0.0,128,10.1
"20000","2","62221","57","0","2025","1","",3,1411,1423,1446,25988773,0,0,1401,"",0.38,1.38,1.39,1.40,1.49,0.00,0.00,1.07,"",0,0.0,57,4.2,77,5.7,110,8.2,3716856,16.7,0,0.0,0,0.0,128,10.1
"20000","2","622210","58","0","2025","1","",3,1411,1423,1446,25988773,0,0,1401,"",0.38,1.38,1.39,1.40,1.49,0.00,0.00,1.07,"",0,0.0,57,4.2,77,5.7,110,8.2,3716856,16.7,0,0.0,0,0.0,128,10.1
"20000","2","6223","56","0","2025","1","",1,426,439,439,6340149,0,0,1122,"",4.94,1.18,1.21,1.21,0.79,0.00,0.00,0.66,"",0,0.0,62,17.0,84,23.7,81,22.6,1536595,32.0,0,0.0,0,0.0,93,9.0
"20000","2","62231","57","0","2025","1","",1,426,439,439,6340149,0,0,1122,"",4.94,1.18,1.21,1.21,0.79,0.00,0.00,0.66,"",0,0.0,62,17.0,84,23.7,81,22.6,1536595,32.0,0,0.0,0,0.0,93,9.0
"20000","2","622310","58","0","2025","1","",1,426,439,439,6340149,0,0,1122,"",4.94,1.18,1.21,1.21,0.79,0.00,0.00,0.66,"",0,0.0,62,17.0,84,23.7,81,22.6,1536595,32.0,0,0.0,0,0.0,93,9.0
"20000","2","624","55","0","2025","1","",15,348,346,351,4972592,0,0,1098,"",0.71,0.39,0.38,0.39,0.43,0.00,0.00,1.12,"",0,0.0,13,3.9,4,1.2,6,1.7,144850,3.0,0,0.0,0,0.0,8,0.7
"20000","2","6243","56","0","2025","1","",15,348,346,351,4972592,0,0,1098,"",2.81,3.19,3.17,3.23,3.68,0.00,0.00,1.15,"",0,0.0,13,3.9,4,1.2,6,1.7,144850,3.0,0,0.0,0,0.0,8,0.7
"20000","2","62431","57","0","2025","1","",15,348,346,351,4972592,0,0,1098,"",2.81,3.19,3.17,3.23,3.68,0.00,0.00,1.15,"",0,0.0,13,3.9,4,1.2,6,1.7,144850,3.0,0,0.0,0,0.0,8,0.7
"20000","2","624310","58","0","2025","1","",15,348,346,351,4972592,0,0,1098,"",2.81,3.19,3.17,3.23,3.68,0.00,0.00,1.15,"",0,0.0,13,3.9,4,1.2,6,1.7,144850,3.0,0,0.0,0,0.0,8,0.7
"20000","2","71","54","0","2025","1","",1,25,26,26,363259,0,0,1089,"N",0.13,0,0,0,0,0,0,0,"",0,0.0,-2,-7.4,-1,-3.7,-1,-3.7,-4257,-1.2,0,0.0,0,0.0,42,4.0
"20000","2","711","55","0","2025","1","",1,25,26,26,363259,0,0,1089,"",3.63,0.89,0.94,0.97,1.48,0.00,0.00,1.59,"",0,0.0,-2,-7.4,-1,-3.7,-1,-3.7,-4257,-1.2,0,0.0,0,0.0,42,4.0
"20000","2","7113","56","0","2025","1","",1,25,26,26,363259,0,0,1089,"N",3.98,0,0,0,0,0,0,0,"",0,0.0,-2,-7.4,-1,-3.7,-1,-3.7,-4257,-1.2,0,0.0,0,0.0,42,4.0
"20000","2","71131","57","0","2025","1","",1,25,26,26,363259,0,0,1089,"N",4.11,0,0,0,0,0,0,0,"",0,0.0,-2,-7.4,-1,-3.7,-1,-3.7,-4257,-1.2,0,0.0,0,0.0,42,4.0
"20000","2","711310","58","0","2025","1","",1,25,26,26,363259,0,0,1089,"N",4.11,0,0,0,0,0,0,0,"",0,0.0,-2,-7.4,-1,-3.7,-1,-3.7,-4257,-1.2,0,0.0,0,0.0,42,4.0
"20000","2","92","54","0","2025","1","",917,18098,18203,18226,290990365,204464,931,1232,"",2.20,1.05,1.05,1.05,1.03,0.01,0.07,0.98,"",41,4.7,487,2.8,546,3.1,476,2.7,25425977,9.6,-1906,-0.9,-728,-43.9,76,6.6
"20000","2","921","55","0","2025","1","",116,2495,2512,2526,37600976,150827,877,1152,"",2.19,1.11,1.11,1.11,0.96,0.06,0.53,0.86,"",21,22.1,93,3.9,102,4.2,102,4.2,3070165,8.9,6459,4.5,-356,-28.9,51,4.6
"20000","2","9211","56","0","2025","1","",116,2495,2512,2526,37600976,150827,877,1152,"",2.19,1.11,1.11,1.11,0.96,0.06,0.53,0.86,"",21,22.1,93,3.9,102,4.2,102,4.2,3070165,8.9,6459,4.5,-356,-28.9,51,4.6
"20000","2","92111","57","0","2025","1","",2,47,46,47,734675,0,0,1211,"",0.43,0.37,0.36,0.37,0.35,0.00,0.00,0.95,"",0,0.0,1,2.2,1,2.2,1,2.2,96232,15.1,0,0.0,0,0.0,136,12.7
"20000","2","921110","58","0","2025","1","",2,47,46,47,734675,0,0,1211,"",0.43,0.37,0.36,0.37,0.35,0.00,0.00,0.95,"",0,0.0,1,2.2,1,2.2,1,2.2,96232,15.1,0,0.0,0,0.0,136,12.7
"20000","2","92112","57","0","2025","1","",3,373,368,369,4754377,0,0,988,"",0.80,1.31,1.25,1.26,1.12,0.00,0.00,0.88,"",0,0.0,47,14.4,44,13.6,48,15.0,486019,11.4,0,0.0,0,0.0,-26,-2.6
"20000","2","921120","58","0","2025","1","",3,373,368,369,4754377,0,0,988,"",0.80,1.31,1.25,1.26,1.12,0.00,0.00,0.88,"",0,0.0,47,14.4,44,13.6,48,15.0,486019,11.4,0,0.0,0,0.0,-26,-2.6
"20000","2","92113","57","0","2025","1","",93,1433,1449,1455,20912857,101958,22,1113,"",4.64,1.52,1.52,1.52,1.25,0.12,0.04,0.82,"",18,24.0,2,0.1,15,1.0,4,0.3,1128711,5.7,10112,11.0,-125,-85.0,55,5.2
"20000","2","921130","58","0","2025","1","",93,1433,1449,1455,20912857,101958,22,1113,"",4.64,1.52,1.52,1.52,1.25,0.12,0.04,0.82,"",18,24.0,2,0.1,15,1.0,4,0.3,1128711,5.7,10112,11.0,-125,-85.0,55,5.2
"20000","2","92114","57","0","2025","1","",15,514,518,523,8372282,0,0,1242,"",22.58,22.41,22.48,21.96,22.14,0.00,0.00,0.99,"",4,36.4,33,6.9,32,6.6,38,7.8,1046656,14.3,0,0.0,0,0.0,78,6.7
"20000","2","921140","58","0","2025","1","",15,514,518,523,8372282,0,0,1242,"",22.58,22.41,22.48,21.96,22.14,0.00,0.00,0.99,"",4,36.4,33,6.9,32,6.6,38,7.8,1046656,14.3,0,0.0,0,0.0,78,6.7
"20000","2","92119","57","0","2025","1","",3,128,131,132,2826785,48869,855,1668,"",0.13,0.15,0.15,0.15,0.18,0.04,1.00,1.19,"",-1,-25.0,10,8.5,10,8.3,11,9.1,312547,12.4,-3653,-7.0,-231,-21.3,56,3.5
"20000","2","921190","58","0","2025","1","",3,128,131,132,2826785,48869,855,1668,"",0.13,0.15,0.15,0.15,0.18,0.04,1.00,1.19,"",-1,-25.0,10,8.5,10,8.3,11,9.1,312547,12.4,-3653,-7.0,-231,-21.3,56,3.5
"20000","2","922","55","0","2025","1","",283,6265,6319,6307,113614137,0,0,1388,"",2.40,0.98,0.99,0.99,1.06,0.00,0.00,1.07,"",5,1.8,171,2.8,215,3.5,204,3.3,10632827,10.3,-14000,-100.0,-378,-100.0,89,6.9
"20000","2","9221","56","0","2025","1","",283,6265,6319,6307,113614137,0,0,1388,"",2.40,0.98,0.99,0.99,1.06,0.00,0.00,1.07,"",5,1.8,171,2.8,215,3.5,204,3.3,10632827,10.3,-14000,-100.0,-378,-100.0,89,6.9
"20000","2","92211","57","0","2025","1","",1,8,8,9,173464,0,0,1601,"",0.03,0.01,0.01,0.01,0.01,0.00,0.00,1.23,"",0,0.0,-1,-11.1,-1,-11.1,0,0.0,14885,9.4,0,0.0,0,0.0,246,18.2
"20000","2","922110","58","0","2025","1","",1,8,8,9,173464,0,0,1601,"",0.03,0.01,0.01,0.01,0.01,0.00,0.00,1.23,"",0,0.0,-1,-11.1,-1,-11.1,0,0.0,14885,9.4,0,0.0,0,0.0,246,18.2
"20000","2","92212","57","0","2025","1","",86,791,794,794,17756773,0,0,1722,"",4.11,0.81,0.81,0.80,0.90,0.00,0.00,1.12,"",2,2.4,58,7.9,70,9.7,66,9.1,3495171,24.5,0,0.0,0,0.0,216,14.3
"20000","2","922120","58","0","2025","1","",86,791,794,794,17756773,0,0,1722,"",4.11,0.81,0.81,0.80,0.90,0.00,0.00,1.12,"",2,2.4,58,7.9,70,9.7,66,9.1,3495171,24.5,0,0.0,0,0.0,216,14.3
"20000","2","92213","57","0","2025","1","",131,2246,2254,2260,38688251,0,0,1321,"",7.76,3.85,3.85,3.85,3.73,0.00,0.00,0.97,"",-2,-1.5,66,3.0,79,3.6,79,3.6,3964849,11.4,-14000,-100.0,-378,-100.0,95,7.7
"20000","2","922130","58","0","2025","1","",131,2246,2254,2260,38688251,0,0,1321,"",7.76,3.85,3.85,3.85,3.73,0.00,0.00,0.97,"",-2,-1.5,66,3.0,79,3.6,79,3.6,3964849,11.4,-14000,-100.0,-378,-100.0,95,7.7
"20000","2","92214","57","0","2025","1","",41,3146,3189,3171,55761978,0,0,1354,"",1.23,0.94,0.95,0.94,1.05,0.00,0.00,1.12,"",2,5.1,42,1.4,61,2.0,54,1.7,3034624,5.8,0,0.0,0,0.0,52,4.0
"20000","2","922140","58","0","2025","1","",41,3146,3189,3171,55761978,0,0,1354,"",1.23,0.94,0.95,0.94,1.05,0.00,0.00,1.12,"",2,5.1,42,1.4,61,2.0,54,1.7,3034624,5.8,0,0.0,0,0.0,52,4.0
"20000","2","92216","57","0","2025","1","",23,69,69,68,1128745,0,0,1264,"",18.68,2.96,2.87,2.70,3.65,0.00,0.00,1.28,"",3,15.0,6,9.5,6,9.5,5,7.9,127566,12.7,0,0.0,0,0.0,42,3.4
"20000","2","922160","58","0","2025","1","",23,69,69,68,1128745,0,0,1264,"",18.68,2.96,2.87,2.70,3.65,0.00,0.00,1.28,"",3,15.0,6,9.5,6,9.5,5,7.9,127566,12.7,0,0.0,0,0.0,42,3.4
"20000","2","92219","57","0","2025","1","",1,5,5,5,104926,0,0,1614,"",0.19,0.02,0.02,0.02,0.02,0.00,0.00,1.15,"",0,0.0,0,0.0,0,0.0,0,0.0,-4268,-3.9,0,0.0,0,0.0,-66,-3.9
"20000","2","922190","58","0","2025","1","",1,5,5,5,104926,0,0,1614,"",0.19,0.02,0.02,0.02,0.02,0.00,0.00,1.15,"",0,0.0,0,0.0,0,0.0,0,0.0,-4268,-3.9,0,0.0,0,0.0,-66,-3.9
"20000","2","923","55","0","2025","1","",192,5098,5116,5137,73993003,0,0,1112,"",2.17,1.27,1.27,1.27,1.20,0.00,0.00,0.95,"",19,11.0,110,2.2,119,2.4,121,2.4,5996174,8.8,0,0.0,0,0.0,66,6.3
"20000","2","9231","56","0","2025","1","",192,5098,5116,5137,73993003,0,0,1112,"",2.17,1.27,1.27,1.27,1.20,0.00,0.00,0.95,"",19,11.0,110,2.2,119,2.4,121,2.4,5996174,8.8,0,0.0,0,0.0,66,6.3
"20000","2","92311","57","0","2025","1","",21,327,327,335,5733670,0,0,1338,"",2.02,0.75,0.75,0.76,0.74,0.00,0.00,0.98,"",1,5.0,4,1.2,-1,-0.3,9,2.8,367674,6.9,0,0.0,0,0.0,71,5.6
"20000","2","923110","58","0","2025","1","",21,327,327,335,5733670,0,0,1338,"",2.02,0.75,0.75,0.76,0.74,0.00,0.00,0.98,"",1,5.0,4,1.2,-1,-0.3,9,2.8,367674,6.9,0,0.0,0,0.0,71,5.6
"20000","2","92312","57","0","2025","1","",60,1629,1632,1634,24769437,0,0,1168,"",2.03,1.22,1.21,1.21,1.18,0.00,0.00,0.98,"",3,5.3,35,2.2,39,2.4,52,3.3,1940315,8.5,0,0.0,0,0.0,63,5.7
"20000","2","923120","58","0","2025","1","",60,1629,1632,1634,24769437,0,0,1168,"",2.03,1.22,1.21,1.21,1.18,0.00,0.00,0.98,"",3,5.3,35,2.2,39,2.4,52,3.3,1940315,8.5,0,0.0,0,0.0,63,5.7
"20000","2","92313","57","0","2025","1","",111,3142,3157,3168,43489896,0,0,1060,"",2.53,1.45,1.46,1.46,1.37,0.00,0.00,0.94,"",15,15.6,71,2.3,81,2.6,60,1.9,3688185,9.3,0,0.0,0,0.0,68,6.9
"20000","2","923130","58","0","2025","1","",111,3142,3157,3168,43489896,0,0,1060,"",2.53,1.45,1.46,1.46,1.37,0.00,0.00,0.94,"",15,15.6,71,2.3,81,2.6,60,1.9,3688185,9.3,0,0.0,0,0.0,68,6.9
"20000","2","924","55","0","2025","1","",72,506,501,524,7428511,0,0,1120,"",1.26,0.37,0.36,0.37,0.35,0.00,0.00,0.94,"",0,0.0,-3,-0.6,-16,-3.1,-20,-3.7,429942,6.1,0,0.0,0,0.0,91,8.8
"20000","2","9241","56","0","2025","1","",72,506,501,524,7428511,0,0,1120,"",1.26,0.37,0.36,0.37,0.35,0.00,0.00,0.94,"",0,0.0,-3,-0.6,-16,-3.1,-20,-3.7,429942,6.1,0,0.0,0,0.0,91,8.8
"20000","2","92411","57","0","2025","1","",1,16,16,16,368907,0,0,1774,"",0.09,0.04,0.04,0.04,0.05,0.00,0.00,1.25,"",0,0.0,1,6.7,2,14.3,0,0.0,42378,13.0,0,0.0,0,0.0,99,5.9
"20000","2","924110","58","0","2025","1","",1,16,16,16,368907,0,0,1774,"",0.09,0.04,0.04,0.04,0.05,0.00,0.00,1.25,"",0,0.0,1,6.7,2,14.3,0,0.0,42378,13.0,0,0.0,0,0.0,99,5.9
"20000","2","92412","57","0","2025","1","",71,490,485,508,7059604,0,0,1099,"",1.56,0.51,0.50,0.51,0.51,0.00,0.00,1.01,"",0,0.0,-4,-0.8,-18,-3.6,-20,-3.8,387564,5.8,0,0.0,0,0.0,89,8.8
"20000","2","924120","58","0","2025","1","",71,490,485,508,7059604,0,0,1099,"",1.56,0.51,0.50,0.51,0.51,0.00,0.00,1.01,"",0,0.0,-4,-0.8,-18,-3.6,-20,-3.8,387564,5.8,0,0.0,0,0.0,89,8.8
"20000","2","926","55","0","2025","1","",242,3420,3443,3445,53794474,53637,54,1204,"",2.71,1.17,1.18,1.18,1.13,0.03,0.04,0.96,"",-3,-1.2,101,3.0,112,3.4,78,2.3,4957150,10.2,5635,11.7,6,12.5,79,7.0
"20000","2","9261","56","0","2025","1","",242,3420,3443,3445,53794474,53637,54,1204,"",2.71,1.17,1.18,1.18,1.13,0.03,0.04,0.96,"",-3,-1.2,101,3.0,112,3.4,78,2.3,4957150,10.2,5635,11.7,6,12.5,79,7.0
"20000","2","92611","57","0","2025","1","",44,397,398,397,5737672,0,0,1111,"",5.70,1.35,1.35,1.34,1.32,0.00,0.00,0.98,"",-2,-4.3,39,10.9,34,9.3,26,7.0,635414,12.5,0,0.0,0,0.0,34,3.2
"20000","2","926110","58","0","2025","1","",44,397,398,397,5737672,0,0,1111,"",5.70,1.35,1.35,1.34,1.32,0.00,0.00,0.98,"",-2,-4.3,39,10.9,34,9.3,26,7.0,635414,12.5,0,0.0,0,0.0,34,3.2
"20000","2","92612","57","0","2025","1","",101,2210,2219,2229,34402966,0,0,1192,"",3.10,1.29,1.29,1.30,1.17,0.00,0.00,0.91,"",0,0.0,25,1.1,27,1.2,13,0.6,2990846,9.5,0,0.0,0,0.0,93,8.5
"20000","2","926120","58","0","2025","1","",101,2210,2219,2229,34402966,0,0,1192,"",3.10,1.29,1.29,1.30,1.17,0.00,0.00,0.91,"",0,0.0,25,1.1,27,1.2,13,0.6,2990846,9.5,0,0.0,0,0.0,93,8.5
"20000","2","92613","57","0","2025","1","",17,163,163,162,3005414,0,0,1421,"",6.12,1.88,1.87,1.85,1.52,0.00,0.00,0.81,"",-3,-15.0,-7,-4.1,-6,-3.6,-7,-4.1,98597,3.4,0,0.0,0,0.0,101,7.7
"20000","2","926130","58","0","2025","1","",17,163,163,162,3005414,0,0,1421,"",6.12,1.88,1.87,1.85,1.52,0.00,0.00,0.81,"",-3,-15.0,-7,-4.1,-6,-3.6,-7,-4.1,98597,3.4,0,0.0,0,0.0,101,7.7
"20000","2","92614","57","0","2025","1","",58,343,352,349,5126120,53637,54,1133,"",2.36,1.10,1.13,1.11,1.33,0.67,0.76,1.20,"",1,1.8,16,4.9,23,7.0,15,4.5,499169,10.8,5635,11.7,6,12.5,54,5.0
"20000","2","926140","58","0","2025","1","",58,343,352,349,5126120,53637,54,1133,"",2.36,1.10,1.13,1.11,1.33,0.67,0.76,1.20,"",1,1.8,16,4.9,23,7.0,15,4.5,499169,10.8,5635,11.7,6,12.5,54,5.0
"20000","2","92615","57","0","2025","1","",22,307,311,308,5522302,0,0,1376,"",1.01,0.60,0.61,0.60,0.69,0.00,0.00,1.14,"",1,4.8,28,10.0,34,12.3,31,11.2,733124,15.3,0,0.0,0,0.0,49,3.7
"20000","2","926150","58","0","2025","1","",22,307,311,308,5522302,0,0,1376,"",1.01,0.60,0.61,0.60,0.69,0.00,0.00,1.14,"",1,4.8,28,10.0,34,12.3,31,11.2,733124,15.3,0,0.0,0,0.0,49,3.7
"20000","2","928","55","0","2025","1","",12,314,312,287,4559264,0,0,1152,"",1.92,1.72,1.72,1.60,2.07,0.00,0.00,1.23,"",-1,-7.7,15,5.0,14,4.7,-9,-3.0,339719,8.1,0,0.0,0,0.0,62,5.7
"20000","2","9281","56","0","2025","1","",12,314,312,287,4559264,0,0,1152,"",1.92,1.72,1.72,1.60,2.07,0.00,0.00,1.23,"",-1,-7.7,15,5.0,14,4.7,-9,-3.0,339719,8.1,0,0.0,0,0.0,62,5.7
"20000","2","92811","57","0","2025","1","",12,314,312,287,4559264,0,0,1152,"",1.93,1.73,1.73,1.60,2.08,0.00,0.00,1.23,"",-1,-7.7,15,5.0,14,4.7,-9,-3.0,339719,8.1,0,0.0,0,0.0,62,5.7
"20000","2","928110","58","0","2025","1","",12,314,312,287,4559264,0,0,1152,"",1.93,1.73,1.73,1.60,2.08,0.00,0.00,1.23,"",-1,-7.7,15,5.0,14,4.7,-9,-3.0,339719,8.1,0,0.0,0,0.0,62,5.7
"20000","3","10","51","0","2025","1","",2733,178633,180965,181059,2124477826,1976424889,2266760,907,"",1.95,1.31,1.31,1.31,1.18,14.02,7.41,0.90,"",-4,-0.1,1494,0.8,906,0.5,52,0.0,104177945,5.2,90298090,4.8,-169469,-7.0,41,4.7
"20000","3","101","52","0","2025","1","",376,655,632,654,3523518,2585482,6277,419,"",10.61,0.64,0.61,0.63,0.25,1.58,1.35,0.40,"",-2,-0.5,12,1.9,-30,-4.5,-17,-2.5,57659,1.7,14429,0.6,-148,-2.3,14,3.5
"20000","3","1012","53","0","2025","1","",376,655,632,654,3523518,2585482,6277,419,"",10.92,0.65,0.63,0.65,0.26,1.95,1.93,0.40,"",-2,-0.5,12,1.9,-30,-4.5,-17,-2.5,57659,1.7,14429,0.6,-148,-2.3,14,3.5
"20000","3","102","52","0","2025","1","",2357,177978,180333,180405,2120954308,1973839407,2260483,909,"",1.73,1.31,1.32,1.31,1.19,14.17,7.50,0.90,"",-2,-0.1,1482,0.8,936,0.5,69,0.0,104120286,5.2,90283661,4.8,-169321,-7.0,41,4.7
"20000","3","1021","53","0","2025","1","",222,2352,2351,2356,41917242,40183464,43599,1370,"",2.28,0.44,0.44,0.44,0.46,4.39,2.01,1.05,"",-2,-0.9,-94,-3.8,-83,-3.4,-90,-3.7,2640321,6.7,2560737,6.8,-18750,-30.1,133,10.8
"20000","3","1022","53","0","2025","1","",228,1639,1632,1633,10795350,10084295,10854,508,"",5.42,1.42,1.40,1.40,1.08,7.11,4.30,0.77,"",-2,-0.9,-19,-1.1,-31,-1.9,-31,-1.9,197646,1.9,169858,1.7,-5567,-33.9,17,3.5
"20000","3","1023","53","0","2025","1","",37,282,275,279,3631727,3198631,4735,1003,"",2.41,0.64,0.62,0.63,0.57,1.13,0.47,0.90,"",0,0.0,4,1.4,2,0.7,1,0.4,96399,2.7,102008,3.3,-9247,-66.1,19,1.9
"20000","3","1024","53","0","2025","1","",36,133,140,141,1945824,1733752,3441,1085,"",0.92,0.14,0.15,0.15,0.15,0.70,0.31,1.04,"",1,2.9,21,18.8,21,17.6,24,20.5,335790,20.9,327014,23.2,-1441,-29.5,17,1.6
"20000","3","1025","53","0","2025","1","",530,117716,120188,119869,1325252765,1243201702,1317745,855,"",0.89,1.39,1.40,1.39,1.28,25.53,16.83,0.92,"",2,0.4,722,0.6,568,0.5,264,0.2,64551282,5.1,57441720,4.8,29270,2.3,38,4.7
"20000","3","1026","53","0","2025","1","",92,4167,4358,4138,27731298,26349044,90267,505,"",2.44,1.17,1.21,1.15,0.90,2.23,1.91,0.76,"",1,1.1,206,5.2,244,5.9,164,4.1,1799769,6.9,1748790,7.1,-134592,-59.9,8,1.6
"20000","3","1027","53","0","2025","1","",69,143,133,133,611291,504885,468,345,"",4.11,0.47,0.43,0.43,0.16,0.64,0.14,0.37,"",-2,-2.8,6,4.4,-2,-1.5,-4,-2.9,3064,0.5,-3896,-0.8,-983,-67.7,2,0.6
"20000","3","1028","53","0","2025","1","",1143,51546,51256,51856,709068811,648583634,789374,1058,"",2.21,1.32,1.31,1.32,1.20,10.44,6.20,0.91,"",0,0.0,636,1.2,217,0.4,-259,-0.5,34496015,5.1,27937430,4.5,-28011,-3.4,48,4.8
"20000","3","22","54","0","2025","1","",206,1910,1910,1915,34874033,33236516,36557,1403,"",3.05,0.81,0.81,0.81,0.78,6.48,3.54,0.97,"",-2,-1.0,13,0.7,16,0.8,24,1.3,3103539,9.8,3036056,10.1,-13099,-26.4,113,8.8
"20000","3","221","55","0","2025","1","",206,1910,1910,1915,34874033,33236516,36557,1403,"",3.05,0.81,0.81,0.81,0.78,6.48,3.54,0.97,"",-2,-1.0,13,0.7,16,0.8,24,1.3,3103539,9.8,3036056,10.1,-13099,-26.4,113,8.8
"20000","3","2211","56","0","2025","1","",8,709,717,716,18365722,18365722,18365,1979,"",1.06,0.93,0.94,0.94,0.99,17.35,8.57,1.05,"",0,0.0,10,1.4,11,1.6,14,2.0,2263274,14.1,2263274,14.1,-548,-2.9,215,12.2
"20000","3","22111","57","0","2025","1","",4,139,145,144,1235065,1235065,1234,666,"",2.04,0.67,0.70,0.69,0.25,2.28,0.76,0.37,"",0,0.0,-11,-7.3,-4,-2.7,-3,-2.0,38971,3.3,38971,3.3,-2772,-69.2,47,7.6
"20000","3","221112","58","0","2025","1","",4,139,145,144,1235065,1235065,1234,666,"",2.82,0.93,0.96,0.95,0.36,16.36,17.10,0.38,"",0,0.0,-11,-7.3,-4,-2.7,-3,-2.0,38971,3.3,38971,3.3,-2772,-69.2,47,7.6
"20000","3","22112","57","0","2025","1","",4,570,572,572,17130657,17130657,17131,2306,"",0.72,1.03,1.03,1.04,1.25,33.13,32.67,1.21,"",0,0.0,21,3.8,15,2.7,17,3.1,2224303,14.9,2224303,14.9,2224,14.9,235,11.3
"20000","3","221122","58","0","2025","1","",4,570,572,572,17130657,17130657,17131,2306,"",0.80,1.17,1.18,1.18,1.42,34.57,34.76,1.20,"",0,0.0,21,3.8,15,2.7,17,3.1,2224303,14.9,2224303,14.9,2224,14.9,235,11.3
"20000","3","2212","56","0","2025","1","",2,8,8,8,45869,45869,19,441,"",1.20,0.13,0.13,0.13,0.05,0.26,0.13,0.39,"",0,0.0,5,166.7,4,100.0,4,100.0,20916,83.8,20916,83.8,-21,-52.5,-82,-15.7
"20000","3","22121","57","0","2025","1","",2,8,8,8,45869,45869,19,441,"",1.20,0.13,0.13,0.13,0.05,0.26,0.13,0.39,"",0,0.0,5,166.7,4,100.0,4,100.0,20916,83.8,20916,83.8,-21,-52.5,-82,-15.7
"20000","3","221210","58","0","2025","1","",2,8,8,8,45869,45869,19,441,"",1.20,0.13,0.13,0.13,0.05,0.26,0.13,0.39,"",0,0.0,5,166.7,4,100.0,4,100.0,20916,83.8,20916,83.8,-21,-52.5,-82,-15.7
"20000","3","2213","56","0","2025","1","",196,1193,1185,1191,16462442,14824925,18173,1064,"",3.36,0.77,0.76,0.77,0.65,3.81,2.26,0.85,"",-2,-1.0,-2,-0.2,1,0.1,6,0.5,819349,5.2,751866,5.3,-12530,-40.8,51,5.0
"20000","3","22131","57","0","2025","1","",195,1190,1182,1188,16460507,14824925,18173,1067,"",4.94,1.12,1.11,1.11,0.96,5.31,3.25,0.86,"",-1,-0.5,-3,-0.3,0,0.0,5,0.4,818944,5.2,751866,5.3,-12530,-40.8,52,5.1
"20000","3","221310","58","0","2025","1","",195,1190,1182,1188,16460507,14824925,18173,1067,"",4.94,1.12,1.11,1.11,0.96,5.31,3.25,0.86,"",-1,-0.5,-3,-0.3,0,0.0,5,0.4,818944,5.2,751866,5.3,-12530,-40.8,52,5.1
"20000","3","22132","57","0","2025","1","",1,3,3,3,1935,0,0,50,"",0.05,0.01,0.01,0.01,0.00,0.00,0.00,0.04,"",-1,-50.0,1,50.0,1,50.0,1,50.0,405,26.5,0,0.0,0,0.0,-9,-15.3
"20000","3","221320","58","0","2025","1","",1,3,3,3,1935,0,0,50,"",0.05,0.01,0.01,0.01,0.00,0.00,0.00,0.04,"",-1,-50.0,1,50.0,1,50.0,1,50.0,405,26.5,0,0.0,0,0.0,-9,-15.3
"20000","3","23","54","0","2025","1","",376,655,632,654,3523518,2585482,6277,419,"",10.92,0.65,0.63,0.65,0.26,1.95,1.93,0.40,"",-2,-0.5,12,1.9,-30,-4.5,-17,-2.5,57659,1.7,14429,0.6,-148,-2.3,14,3.5
"20000","3","237","55","0","2025","1","",374,653,630,652,3510908,2572872,6264,419,"",11.36,0.68,0.65,0.67,0.27,2.02,2.04,0.41,"",-2,-0.5,12,1.9,-31,-4.7,-17,-2.5,59423,1.7,16193,0.6,-146,-2.3,15,3.7
"20000","3","2373","56","0","2025","1","",374,653,630,652,3510908,2572872,6264,419,"",11.82,0.70,0.67,0.70,0.28,2.20,2.35,0.41,"",-2,-0.5,12,1.9,-31,-4.7,-17,-2.5,59423,1.7,16193,0.6,-146,-2.3,15,3.7
"20000","3","23731","57","0","2025","1","",374,653,630,652,3510908,2572872,6264,419,"",11.82,0.70,0.67,0.70,0.28,2.20,2.35,0.41,"",-2,-0.5,12,1.9,-31,-4.7,-17,-2.5,59423,1.7,16193,0.6,-146,-2.3,15,3.7
"20000","3","237310","58","0","2025","1","",374,653,630,652,3510908,2572872,6264,419,"",11.82,0.70,0.67,0.70,0.28,2.20,2.35,0.41,"",-2,-0.5,12,1.9,-31,-4.7,-17,-2.5,59423,1.7,16193,0.6,-146,-2.3,15,3.7
"20000","3","238","55","0","2025","1","",2,2,2,2,12610,12610,13,485,"",3.34,0.22,0.21,0.21,0.10,2.79,0.51,0.49,"",0,0.0,0,0.0,1,100.0,0,0.0,-1764,-12.3,-1764,-12.3,-2,-13.3,-178,-26.8
"20000","3","2389","56","0","2025","1","",2,2,2,2,12610,12610,13,485,"",16.46,0.64,0.62,0.62,0.27,10.10,1.09,0.44,"",0,0.0,0,0.0,1,100.0,0,0.0,-1764,-12.3,-1764,-12.3,-2,-13.3,-178,-26.8
"20000","3","23891","57","0","2025","1","",2,2,2,2,12610,12610,13,485,"",35.27,0.87,0.85,0.85,0.35,13.84,1.11,0.41,"",0,0.0,0,0.0,1,100.0,0,0.0,-1764,-12.3,-1764,-12.3,-2,-13.3,-178,-26.8
"20000","3","238912","58","0","2025","1","",2,2,2,2,12610,12610,13,485,"N",41.14,0,0,0,0,0,0,0,"",0,0.0,0,0.0,1,100.0,0,0.0,-1764,-12.3,-1764,-12.3,-2,-13.3,-178,-26.8
"20000","3","44-45","54","0","2025","1","",1,46,45,44,433759,406417,569,741,"",0.17,0.47,0.46,0.45,0.61,0.87,0.41,1.33,"",0,0.0,0,0.0,0,0.0,-1,-2.2,51384,13.4,40880,11.2,-2904,-83.6,92,14.2
"20000","3","457","55","0","2025","1","",1,46,45,44,433759,406417,569,741,"",1.11,1.97,1.90,1.85,2.46,2.63,0.77,1.29,"",0,0.0,0,0.0,0,0.0,-1,-2.2,51384,13.4,40880,11.2,-2904,-83.6,92,14.2
"20000","3","4571","56","0","2025","1","",1,46,45,44,433759,406417,569,741,"N",1.13,0,0,0,0,0,0,0,"",0,0.0,0,0.0,0,0.0,-1,-2.2,51384,13.4,40880,11.2,-2904,-83.6,92,14.2
"20000","3","45711","57","0","2025","1","",1,46,45,44,433759,406417,569,741,"",1.20,2.14,2.06,2.01,2.69,2.96,0.85,1.30,"",0,0.0,0,0.0,0,0.0,-1,-2.2,51384,13.4,40880,11.2,-2904,-83.6,92,14.2
"20000","3","457110","58","0","2025","1","",1,46,45,44,433759,406417,569,741,"",1.20,2.14,2.06,2.01,2.69,2.96,0.85,1.30,"",0,0.0,0,0.0,0,0.0,-1,-2.2,51384,13.4,40880,11.2,-2904,-83.6,92,14.2
"20000","3","48-49","54","0","2025","1","",15,396,396,397,6609450,6540531,6473,1283,"",0.63,0.14,0.14,0.14,0.14,1.87,0.66,1.05,"",0,0.0,-107,-21.3,-99,-20.0,-113,-22.2,-514602,-7.2,-516199,-7.3,-2747,-29.8,193,17.7
"20000","3","485","55","0","2025","1","",2,80,79,79,1105027,1105027,1105,1071,"",0.14,0.03,0.03,0.03,0.03,0.40,0.16,0.91,"",0,0.0,4,5.3,6,8.2,5,6.8,92447,9.1,92447,9.1,-2033,-64.8,23,2.2
"20000","3","4851","56","0","2025","1","",2,80,79,79,1105027,1105027,1105,1071,"",0.48,0.05,0.05,0.05,0.04,0.62,0.23,0.79,"",0,0.0,4,5.3,6,8.2,5,6.8,92447,9.1,92447,9.1,-2033,-64.8,23,2.2
"20000","3","48511","57","0","2025","1","",2,80,79,79,1105027,1105027,1105,1071,"",0.48,0.05,0.05,0.05,0.04,0.62,0.23,0.79,"",0,0.0,4,5.3,6,8.2,5,6.8,92447,9.1,92447,9.1,-2033,-64.8,23,2.2
"20000","3","485113","58","0","2025","1","",2,80,79,79,1105027,1105027,1105,1071,"",0.65,0.13,0.12,0.13,0.11,1.07,0.27,0.87,"",0,0.0,4,5.3,6,8.2,5,6.8,92447,9.1,92447,9.1,-2033,-64.8,23,2.2
"20000","3","488","55","0","2025","1","",13,316,317,318,5504423,5435504,5368,1336,"",1.86,0.68,0.68,0.68,0.62,7.35,2.00,0.91,"",0,0.0,-111,-26.0,-105,-24.9,-118,-27.1,-607049,-9.9,-608646,-10.1,-714,-11.7,238,21.7
"20000","3","4881","56","0","2025","1","",4,26,26,26,404332,335414,272,1196,"",0.83,0.08,0.08,0.08,0.07,0.73,0.14,0.86,"",0,0.0,-2,-7.1,-2,-7.1,-2,-7.1,-28790,-6.6,-30386,-8.3,-130,-32.3,6,0.5
"20000","3","48811","57","0","2025","1","",3,22,22,22,344712,335414,272,1205,"N",0.63,0,0,0,0,0,0,0,"",0,0.0,-2,-8.3,-2,-8.3,-2,-8.3,-27283,-7.3,-30386,-8.3,-130,-32.3,13,1.1
"20000","3","488119","58","0","2025","1","",3,22,22,22,344712,335414,272,1205,"",0.67,0.07,0.07,0.07,0.06,0.75,0.15,0.87,"",0,0.0,-2,-8.3,-2,-8.3,-2,-8.3,-27283,-7.3,-30386,-8.3,-130,-32.3,13,1.1
"20000","3","48819","57","0","2025","1","",1,4,4,4,59620,0,0,1147,"N",17.63,0,0,0,0,0,0,0,"",0,0.0,0,0.0,0,0.0,0,0.0,-1507,-2.5,0,0.0,0,0.0,-29,-2.5
"20000","3","488190","58","0","2025","1","",1,4,4,4,59620,0,0,1147,"N",17.63,0,0,0,0,0,0,0,"",0,0.0,0,0.0,0,0.0,0,0.0,-1507,-2.5,0,0.0,0,0.0,-29,-2.5
"20000","3","4884","56","0","2025","1","",9,290,291,292,5100091,5100090,5096,1348,"",7.77,6.92,6.90,6.90,6.55,35.66,13.59,0.95,"",0,0.0,-109,-27.3,-103,-26.1,-116,-28.4,-578259,-10.2,-578260,-10.2,-584,-10.3,257,23.6
"20000","3","48849","57","0","2025","1","",9,290,291,292,5100091,5100090,5096,1348,"N",7.88,0,0,0,0,0,0,0,"",0,0.0,-109,-27.3,-103,-26.1,-116,-28.4,-578259,-10.2,-578260,-10.2,-584,-10.3,257,23.6
"20000","3","488490","58","0","2025","1","",9,290,291,292,5100091,5100090,5096,1348,"N",7.88,0,0,0,0,0,0,0,"",0,0.0,-109,-27.3,-103,-26.1,-116,-28.4,-578259,-10.2,-578260,-10.2,-584,-10.3,257,23.6
"20000","3","51","54","0","2025","1","",228,1639,1632,1633,10795350,10084295,10854,508,"",5.42,1.42,1.40,1.40,1.08,7.11,4.30,0.77,"",-2,-0.9,-19,-1.1,-31,-1.9,-31,-1.9,197646,1.9,169858,1.7,-5567,-33.9,17,3.5
"20000","3","519","55","0","2025","1","",228,1639,1632,1633,10795350,10084295,10854,508,"",5.62,1.45,1.44,1.44,1.13,7.57,4.52,0.78,"",-2,-0.9,-19,-1.1,-31,-1.9,-31,-1.9,197646,1.9,169858,1.7,-5567,-33.9,17,3.5
"20000","3","5192","56","0","2025","1","",228,1639,1632,1633,10795350,10084295,10854,508,"",5.62,1.45,1.44,1.44,1.13,7.57,4.52,0.78,"",-2,-0.9,-19,-1.1,-31,-1.9,-31,-1.9,197646,1.9,169858,1.7,-5567,-33.9,17,3.5
"20000","3","51921","57","0","2025","1","",228,1639,1632,1633,10795350,10084295,10854,508,"N",5.62,0,0,0,0,0,0,0,"",-2,-0.9,-19,-1.1,-31,-1.9,-31,-1.9,197646,1.9,169858,1.7,-5567,-33.9,17,3.5
"20000","3","519210","58","0","2025","1","",228,1639,1632,1633,10795350,10084295,10854,508,"N",5.62,0,0,0,0,0,0,0,"",-2,-0.9,-19,-1.1,-31,-1.9,-31,-1.9,197646,1.9,169858,1.7,-5567,-33.9,17,3.5
"20000","3","52","54","0","2025","1","",1,38,38,39,910306,523755,1048,1827,"",0.60,0.32,0.32,0.33,0.37,0.66,0.26,1.14,"",0,0.0,-4,-9.5,-3,-7.3,-3,-7.1,-28571,-3.0,-31026,-5.6,-3335,-76.1,94,5.4
"20000","3","522","55","0","2025","1","",1,38,38,39,910306,523755,1048,1827,"",2.47,2.69,2.71,2.77,3.48,4.75,2.93,1.28,"",0,0.0,-4,-9.5,-3,-7.3,-3,-7.1,-28571,-3.0,-31026,-5.6,-3335,-76.1,94,5.4
"20000","3","5222","56","0","2025","1","",1,38,38,39,910306,523755,1048,1827,"",3.34,2.87,2.88,2.95,3.68,5.23,3.34,1.27,"",0,0.0,-4,-9.5,-3,-7.3,-3,-7.1,-28571,-3.0,-31026,-5.6,-3335,-76.1,94,5.4
"20000","3","52229","57","0","2025","1","",1,38,38,39,910306,523755,1048,1827,"N",3.43,0,0,0,0,0,0,0,"",0,0.0,-4,-9.5,-3,-7.3,-3,-7.1,-28571,-3.0,-31026,-5.6,-3335,-76.1,94,5.4
"20000","3","522291","58","0","2025","1","",1,38,38,39,910306,523755,1048,1827,"N",4.75,0,0,0,0,0,0,0,"",0,0.0,-4,-9.5,-3,-7.3,-3,-7.1,-28571,-3.0,-31026,-5.6,-3335,-76.1,94,5.4
"20000","3","53","54","0","2025","1","",36,244,237,240,2721421,2674876,3687,871,"",2.63,0.76,0.73,0.74,0.70,1.31,0.61,0.94,"",0,0.0,8,3.4,5,2.2,4,1.7,124970,4.8,133034,5.2,-5912,-61.6,20,2.4
"20000","3","531","55","0","2025","1","",36,244,237,240,2721421,2674876,3687,871,"",2.64,0.77,0.74,0.75,0.70,1.31,0.61,0.94,"",0,0.0,8,3.4,5,2.2,4,1.7,124970,4.8,133034,5.2,-5912,-61.6,20,2.4
"20000","3","5311","56","0","2025","1","",31,222,215,217,2545082,2514893,3528,898,"",3.25,0.89,0.86,0.86,0.82,1.65,0.75,0.94,"",0,0.0,9,4.2,5,2.4,6,2.8,130206,5.4,135722,5.7,-5909,-62.6,19,2.2
"20000","3","53111","57","0","2025","1","",31,222,215,217,2545082,2514893,3528,898,"",3.52,0.97,0.93,0.94,0.89,1.82,0.87,0.94,"",0,0.0,9,4.2,5,2.4,6,2.8,130206,5.4,135722,5.7,-5909,-62.6,19,2.2
"20000","3","531110","58","0","2025","1","",31,222,215,217,2545082,2514893,3528,898,"",3.52,0.97,0.93,0.94,0.89,1.82,0.87,0.94,"",0,0.0,9,4.2,5,2.4,6,2.8,130206,5.4,135722,5.7,-5909,-62.6,19,2.2
"20000","3","5313","56","0","2025","1","",5,22,22,23,176339,159983,159,607,"",1.36,0.35,0.35,0.36,0.25,0.33,0.13,0.71,"",0,0.0,-1,-4.3,0,0.0,-2,-8.0,-5236,-2.9,-2688,-1.7,-3,-1.9,8,1.3
"20000","3","53131","57","0","2025","1","",5,22,22,23,176339,159983,159,607,"",1.41,0.36,0.37,0.38,0.27,0.34,0.13,0.72,"",0,0.0,-1,-4.3,0,0.0,-2,-8.0,-5236,-2.9,-2688,-1.7,-3,-1.9,8,1.3
"20000","3","531311","58","0","2025","1","",5,22,22,23,176339,159983,159,607,"",1.49,0.42,0.42,0.44,0.29,0.37,0.17,0.69,"",0,0.0,-1,-4.3,0,0.0,-2,-8.0,-5236,-2.9,-2688,-1.7,-3,-1.9,8,1.3
"20000","3","54","54","0","2025","1","",12,48,48,48,758886,642465,1798,1216,"",1.15,0.24,0.24,0.24,0.21,1.15,0.98,0.89,"",2,20.0,25,108.7,23,92.0,23,92.0,337914,80.3,310530,93.6,-354,-16.4,-115,-8.6
"20000","3","541","55","0","2025","1","",12,48,48,48,758886,642465,1798,1216,"",1.15,0.24,0.24,0.24,0.21,1.15,0.98,0.89,"",2,20.0,25,108.7,23,92.0,23,92.0,337914,80.3,310530,93.6,-354,-16.4,-115,-8.6
"20000","3","5413","56","0","2025","1","",1,5,5,5,70785,70785,71,1089,"",0.25,0.06,0.06,0.06,0.05,0.98,0.29,0.81,"",0,0.0,3,150.0,3,150.0,3,150.0,-19402,-21.5,-19402,-21.5,-19,-21.1,-2380,-68.6
"20000","3","54132","57","0","2025","1","",1,5,5,5,70785,70785,71,1089,"",6.17,0.64,0.67,0.62,0.33,20.71,6.05,0.52,"",0,0.0,3,150.0,3,150.0,3,150.0,-19402,-21.5,-19402,-21.5,-19,-21.1,-2380,-68.6
"20000","3","541320","58","0","2025","1","",1,5,5,5,70785,70785,71,1089,"",6.17,0.64,0.67,0.62,0.33,20.71,6.05,0.52,"",0,0.0,3,150.0,3,150.0,3,150.0,-19402,-21.5,-19402,-21.5,-19,-21.1,-2380,-68.6
"20000","3","5414","56","0","2025","1","",1,1,1,1,13846,0,0,1065,"N",41.14,0,0,0,0,0,0,0,"",0,0.0,0,0.0,0,0.0,0,0.0,693,5.3,0,0.0,0,0.0,53,5.2
"20000","3","54143","57","0","2025","1","",1,1,1,1,13846,0,0,1065,"",61.72,27.23,21.74,21.70,31.65,0.00,0.00,1.36,"",0,0.0,0,0.0,0,0.0,0,0.0,693,5.3,0,0.0,0,0.0,53,5.2
"20000","3","541430","58","0","2025","1","",1,1,1,1,13846,0,0,1065,"",61.72,27.23,21.74,21.70,31.65,0.00,0.00,1.36,"",0,0.0,0,0.0,0,0.0,0,0.0,693,5.3,0,0.0,0,0.0,53,5.2
"20000","3","5415","56","0","2025","1","",5,20,20,20,407415,342336,1266,1567,"",1.92,0.41,0.41,0.41,0.49,3.90,5.44,1.19,"",2,66.7,16,400.0,16,400.0,16,400.0,294227,259.9,286336,511.3,-246,-16.3,-610,-28.0
"20000","3","54151","57","0","2025","1","",5,20,20,20,407415,342336,1266,1567,"",1.92,0.41,0.41,0.41,0.49,3.90,5.44,1.19,"",2,66.7,16,400.0,16,400.0,16,400.0,294227,259.9,286336,511.3,-246,-16.3,-610,-28.0
"20000","3","541511","58","0","2025","1","",1,1,1,1,16852,14000,245,1296,"",2.52,0.24,0.24,0.24,0.24,1.13,3.25,1.03,"",0,0.0,0,0.0,0,0.0,0,0.0,391,2.4,0,0.0,-133,-35.2,30,2.4
"20000","3","541512","58","0","2025","1","",4,19,19,19,390563,328336,1021,1581,"",3.21,0.90,0.91,0.91,0.98,5.47,7.76,1.07,"",2,100.0,16,533.3,16,533.3,16,533.3,293836,303.8,286336,681.8,-113,-10.0,-899,-36.2
"20000","3","5416","56","0","2025","1","",4,13,13,13,203580,166084,398,1205,"",2.23,0.64,0.64,0.63,0.51,1.49,0.55,0.80,"",0,0.0,4,44.4,2,18.2,2,18.2,54587,36.6,35787,27.5,-97,-19.6,96,8.7
"20000","3","54161","57","0","2025","1","",3,12,12,12,193030,155534,387,1237,"",3.82,1.02,1.01,1.02,0.79,3.74,1.30,0.78,"",0,0.0,4,50.0,2,20.0,2,20.0,54587,39.4,35787,29.9,-97,-20.0,96,8.4
"20000","3","541611","58","0","2025","1","",3,12,12,12,193030,155534,387,1237,"",5.88,1.35,1.34,1.36,1.01,4.32,1.35,0.75,"",0,0.0,4,50.0,2,20.0,2,20.0,54587,39.4,35787,29.9,-97,-20.0,96,8.4
"20000","3","54162","57","0","2025","1","",1,1,1,1,10550,10550,11,812,"",7.71,0.90,0.92,0.82,0.86,1.55,0.42,0.99,"",0,0.0,0,0.0,0,0.0,0,0.0,0,0.0,0,0.0,0,0.0,0,0.0
"20000","3","541620","58","0","2025","1","",1,1,1,1,10550,10550,11,812,"",7.71,0.90,0.92,0.82,0.86,1.55,0.42,0.99,"",0,0.0,0,0.0,0,0.0,0,0.0,0,0.0,0,0.0,0,0.0,0,0.0
"20000","3","5419","56","0","2025","1","",1,9,9,9,63260,63260,63,541,"N",2.94,0,0,0,0,0,0,0,"",0,0.0,2,28.6,2,28.6,2,28.6,7809,14.1,7809,14.1,8,14.5,-68,-11.2
"20000","3","54191","57","0","2025","1","",1,9,9,9,63260,63260,63,541,"",123.43,108.93,108.68,108.51,138.74,89.25,318.61,1.28,"",0,0.0,2,28.6,2,28.6,2,28.6,7809,14.1,7809,14.1,8,14.5,-68,-11.2
"20000","3","541910","58","0","2025","1","",1,9,9,9,63260,63260,63,541,"",123.43,108.93,108.68,108.51,138.74,89.25,318.61,1.28,"",0,0.0,2,28.6,2,28.6,2,28.6,7809,14.1,7809,14.1,8,14.5,-68,-11.2
"20000","3","56","54","0","2025","1","",24,85,92,93,1186938,1091287,1643,1014,"",0.84,0.12,0.12,0.13,0.13,0.57,0.18,1.06,"",-1,-4.0,-4,-4.5,-2,-2.1,1,1.1,-2124,-0.2,16484,1.5,-1087,-39.8,16,1.6
"20000","3","561","55","0","2025","1","",23,39,43,46,518718,423067,975,935,"",1.19,0.08,0.08,0.09,0.08,0.27,0.11,0.98,"",-1,-4.2,-3,-7.1,-3,-6.5,2,4.5,-17076,-3.2,1532,0.4,-1102,-53.1,-2,-0.2
"20000","3","5611","56","0","2025","1","",9,12,11,11,164393,72874,612,1116,"",5.55,0.28,0.26,0.26,0.23,0.71,1.53,0.84,"",1,12.5,1,9.1,0,0.0,0,0.0,-27715,-14.4,-14579,-16.7,-544,-47.1,-227,-16.9
"20000","3","56111","57","0","2025","1","",9,12,11,11,164393,72874,612,1116,"",5.55,0.28,0.26,0.26,0.23,0.71,1.53,0.84,"",1,12.5,1,9.1,0,0.0,0,0.0,-27715,-14.4,-14579,-16.7,-544,-47.1,-227,-16.9
"20000","3","561110","58","0","2025","1","",9,12,11,11,164393,72874,612,1116,"",5.55,0.28,0.26,0.26,0.23,0.71,1.53,0.84,"",1,12.5,1,9.1,0,0.0,0,0.0,-27715,-14.4,-14579,-16.7,-544,-47.1,-227,-16.9
"20000","3","5612","56","0","2025","1","",1,1,1,1,9938,9938,10,764,"",0.64,0.01,0.01,0.01,0.01,0.01,0.00,0.66,"",0,0.0,0,0.0,0,0.0,0,0.0,-2665,-21.1,-2665,-21.1,-3,-23.1,-205,-21.2
"20000","3","56121","57","0","2025","1","",1,1,1,1,9938,9938,10,764,"",0.64,0.01,0.01,0.01,0.01,0.01,0.00,0.66,"",0,0.0,0,0.0,0,0.0,0,0.0,-2665,-21.1,-2665,-21.1,-3,-23.1,-205,-21.2
"20000","3","561210","58","0","2025","1","",1,1,1,1,9938,9938,10,764,"",0.64,0.01,0.01,0.01,0.01,0.01,0.00,0.66,"",0,0.0,0,0.0,0,0.0,0,0.0,-2665,-21.1,-2665,-21.1,-3,-23.1,-205,-21.2
"20000","3","5615","56","0","2025","1","",2,5,5,6,50509,50509,50,728,"",2.29,0.39,0.34,0.46,0.49,0.86,0.40,1.26,"",-1,-33.3,-1,-16.7,-1,-16.7,0,0.0,-9156,-15.3,-9156,-15.3,-10,-16.7,-37,-4.8
"20000","3","56159","57","0","2025","1","",2,5,5,6,50509,50509,50,728,"",2.33,0.41,0.36,0.48,0.51,0.90,0.40,1.24,"",-1,-33.3,-1,-16.7,-1,-16.7,0,0.0,-9156,-15.3,-9156,-15.3,-10,-16.7,-37,-4.8
"20000","3","561591","58","0","2025","1","",1,3,3,4,48259,48259,48,1114,"",1.27,0.34,0.34,0.44,0.58,1.07,0.48,1.56,"",-1,-50.0,-1,-25.0,-1,-25.0,0,0.0,-7806,-13.9,-7806,-13.9,-8,-14.3,36,3.3
"20000","3","561599","58","0","2025","1","",1,2,2,2,2250,2250,2,87,"",13.71,0.58,0.39,0.57,0.14,0.20,0.08,0.29,"",0,0.0,0,0.0,0,0.0,0,0.0,-1350,-37.5,-1350,-37.5,-2,-50.0,-51,-37.0
"20000","3","5617","56","0","2025","1","",11,21,26,28,293878,289746,303,904,"",0.90,0.09,0.11,0.12,0.12,2.17,0.71,1.09,"",0,0.0,-2,-8.7,-1,-3.7,3,12.0,44611,17.9,41932,16.9,-167,-35.5,137,17.9
"20000","3","56172","57","0","2025","1","",1,8,8,7,72358,72358,72,726,"",0.14,0.06,0.06,0.05,0.05,0.82,0.26,0.86,"",0,0.0,1,14.3,0,0.0,-1,-12.5,5390,8.0,5390,8.0,5,7.5,54,8.0
"20000","3","561720","58","0","2025","1","",1,8,8,7,72358,72358,72,726,"",0.14,0.06,0.06,0.05,0.05,0.82,0.26,0.86,"",0,0.0,1,14.3,0,0.0,-1,-12.5,5390,8.0,5390,8.0,5,7.5,54,8.0
"20000","3","56173","57","0","2025","1","",10,13,18,21,221520,217388,231,983,"",5.08,0.32,0.44,0.51,0.53,11.24,3.76,1.23,"",0,0.0,-3,-18.8,-1,-5.3,4,23.5,39221,21.5,36542,20.2,-172,-42.7,174,21.5
"20000","3","561730","58","0","2025","1","",10,13,18,21,221520,217388,231,983,"",5.08,0.32,0.44,0.51,0.53,11.24,3.76,1.23,"",0,0.0,-3,-18.8,-1,-5.3,4,23.5,39221,21.5,36542,20.2,-172,-42.7,174,21.5
"20000","3","562","55","0","2025","1","",1,46,49,47,668220,668220,668,1086,"",0.11,0.20,0.21,0.20,0.23,1.91,1.05,1.14,"",0,0.0,-1,-2.1,1,2.1,-1,-2.1,14952,2.3,14952,2.3,15,2.3,32,3.0
"20000","3","5622","56","0","2025","1","",1,46,49,47,668220,668220,668,1086,"",0.16,0.26,0.28,0.27,0.30,2.53,1.63,1.12,"",0,0.0,-1,-2.1,1,2.1,-1,-2.1,14952,2.3,14952,2.3,15,2.3,32,3.0
"20000","3","56221","57","0","2025","1","",1,46,49,47,668220,668220,668,1086,"",0.16,0.26,0.28,0.27,0.30,2.53,1.63,1.12,"",0,0.0,-1,-2.1,1,2.1,-1,-2.1,14952,2.3,14952,2.3,15,2.3,32,3.0
"20000","3","562212","58","0","2025","1","",1,46,49,47,668220,668220,668,1086,"",0.22,0.36,0.39,0.37,0.45,3.02,2.26,1.21,"",0,0.0,-1,-2.1,1,2.1,-1,-2.1,14952,2.3,14952,2.3,15,2.3,32,3.0
"20000","3","61","54","0","2025","1","",424,105799,108360,107965,1137959459,1074965380,1116065,815,"",0.79,1.39,1.40,1.39,1.26,29.38,20.17,0.90,"",2,0.5,385,0.4,246,0.2,-156,-0.1,54577118,5.0,49020744,4.8,13079,1.2,38,4.9
"20000","3","611","55","0","2025","1","",424,105799,108360,107965,1137959459,1074965380,1116065,815,"",0.79,1.39,1.40,1.39,1.26,29.38,20.17,0.90,"",2,0.5,385,0.4,246,0.2,-156,-0.1,54577118,5.0,49020744,4.8,13079,1.2,38,4.9
"20000","3","6111","56","0","2025","1","",345,96862,97789,97116,1025487502,979671486,998893,811,"",0.67,1.36,1.36,1.34,1.22,29.14,19.39,0.90,"",0,0.0,241,0.2,306,0.3,-265,-0.3,51171057,5.3,46932514,5.0,53495,5.7,40,5.2
"20000","3","61111","57","0","2025","1","",345,96862,97789,97116,1025487502,979671486,998893,811,"",0.67,1.36,1.36,1.34,1.22,29.14,19.39,0.90,"",0,0.0,241,0.2,306,0.3,-265,-0.3,51171057,5.3,46932514,5.0,53495,5.7,40,5.2
"20000","3","611110","58","0","2025","1","",345,96862,97789,97116,1025487502,979671486,998893,811,"",0.67,1.36,1.36,1.34,1.22,29.14,19.39,0.90,"",0,0.0,241,0.2,306,0.3,-265,-0.3,51171057,5.3,46932514,5.0,53495,5.7,40,5.2
"20000","3","6112","56","0","2025","1","",61,6720,8095,8322,84300559,84300559,97825,841,"",5.23,2.00,2.15,2.14,2.00,39.91,37.68,0.95,"",1,1.7,276,4.3,23,0.3,126,1.5,2306819,2.8,2306822,2.8,-2541,-2.5,8,1.0
"20000","3","61121","57","0","2025","1","",61,6720,8095,8322,84300559,84300559,97825,841,"",5.23,2.00,2.15,2.14,2.00,39.91,37.68,0.95,"",1,1.7,276,4.3,23,0.3,126,1.5,2306819,2.8,2306822,2.8,-2541,-2.5,8,1.0
"20000","3","611210","58","0","2025","1","",61,6720,8095,8322,84300559,84300559,97825,841,"",5.23,2.00,2.15,2.14,2.00,39.91,37.68,0.95,"",1,1.7,276,4.3,23,0.3,126,1.5,2306819,2.8,2306822,2.8,-2541,-2.5,8,1.0
"20000","3","6113","56","0","2025","1","",2,960,1185,1188,16165118,10028,10,1119,"",0.52,1.35,1.62,1.61,1.35,0.08,0.05,0.88,"",0,0.0,18,1.9,24,2.1,24,2.1,1002239,6.6,3020,43.1,3,42.9,48,4.5
"20000","3","61131","57","0","2025","1","",2,960,1185,1188,16165118,10028,10,1119,"",0.52,1.35,1.62,1.61,1.35,0.08,0.05,0.88,"",0,0.0,18,1.9,24,2.1,24,2.1,1002239,6.6,3020,43.1,3,42.9,48,4.5
"20000","3","611310","58","0","2025","1","",2,960,1185,1188,16165118,10028,10,1119,"",0.52,1.35,1.62,1.61,1.35,0.08,0.05,0.88,"",0,0.0,18,1.9,24,2.1,24,2.1,1002239,6.6,3020,43.1,3,42.9,48,4.5
"20000","3","6114","56","0","2025","1","",1,47,48,48,644384,524401,0,1040,"",1.54,2.25,2.28,2.26,2.81,14.74,0.00,1.24,"",0,0.0,-2,-4.1,0,0.0,-2,-4.0,23114,3.7,1785,0.3,-836,-100.0,65,6.7
"20000","3","61143","57","0","2025","1","",1,47,48,48,644384,524401,0,1040,"",1.69,2.63,2.66,2.63,3.42,14.74,0.00,1.30,"",0,0.0,-2,-4.1,0,0.0,-2,-4.0,23114,3.7,1785,0.3,-836,-100.0,65,6.7
"20000","3","611430","58","0","2025","1","",1,47,48,48,644384,524401,0,1040,"",1.69,2.63,2.66,2.63,3.42,14.74,0.00,1.30,"",0,0.0,-2,-4.1,0,0.0,-2,-4.0,23114,3.7,1785,0.3,-836,-100.0,65,6.7
"20000","3","6115","56","0","2025","1","",4,686,727,746,7201753,6557956,8370,770,"",2.87,7.22,7.36,7.41,6.94,21.68,26.69,0.95,"",0,0.0,-17,-2.4,47,6.9,83,12.5,599793,9.1,404812,6.6,-32272,-79.4,25,3.4
"20000","3","61151","57","0","2025","1","",4,686,727,746,7201753,6557956,8370,770,"",2.87,7.22,7.36,7.41,6.94,21.68,26.69,0.95,"",0,0.0,-17,-2.4,47,6.9,83,12.5,599793,9.1,404812,6.6,-32272,-79.4,25,3.4
"20000","3","611519","58","0","2025","1","",4,686,727,746,7201753,6557956,8370,770,"",3.66,9.31,9.33,9.39,8.96,26.71,52.06,0.96,"",0,0.0,-17,-2.4,47,6.9,83,12.5,599793,9.1,404812,6.6,-32272,-79.4,25,3.4
"20000","3","6116","56","0","2025","1","",6,11,18,36,97789,97789,98,347,"",3.80,0.14,0.23,0.44,0.15,5.01,1.40,0.56,"",1,20.0,3,37.5,-6,-25.0,25,227.3,6265,6.8,6265,6.8,6,6.5,-144,-29.3
"20000","3","61162","57","0","2025","1","",5,6,13,31,43777,43777,44,202,"",9.35,0.26,0.55,1.23,0.28,7.70,0.91,0.40,"",1,25.0,3,100.0,-6,-31.6,25,416.7,5488,14.3,5488,14.3,5,12.8,-114,-36.1
"20000","3","611620","58","0","2025","1","",5,6,13,31,43777,43777,44,202,"",9.35,0.26,0.55,1.23,0.28,7.70,0.91,0.40,"",1,25.0,3,100.0,-6,-31.6,25,416.7,5488,14.3,5488,14.3,5,12.8,-114,-36.1
"20000","3","61169","57","0","2025","1","",1,5,5,5,54012,54012,54,831,"",1.08,0.10,0.10,0.10,0.12,11.68,6.73,1.22,"",0,0.0,0,0.0,0,0.0,0,0.0,777,1.5,777,1.5,1,1.9,12,1.5
"20000","3","611699","58","0","2025","1","",1,5,5,5,54012,54012,54,831,"",1.90,0.28,0.27,0.26,0.31,18.81,8.21,1.16,"",0,0.0,0,0.0,0,0.0,0,0.0,777,1.5,777,1.5,1,1.9,12,1.5
"20000","3","6117","56","0","2025","1","",5,513,498,509,4062354,3803161,10869,617,"",1.53,1.43,1.36,1.40,1.12,10.18,18.31,0.80,"",0,0.0,-134,-20.7,-148,-22.9,-147,-22.4,-532169,-11.6,-634474,-14.3,-4776,-30.5,73,13.4
"20000","3","61171","57","0","2025","1","",5,513,498,509,4062354,3803161,10869,617,"",1.53,1.43,1.36,1.40,1.12,10.18,18.31,0.80,"",0,0.0,-134,-20.7,-148,-22.9,-147,-22.4,-532169,-11.6,-634474,-14.3,-4776,-30.5,73,13.4
"20000","3","611710","58","0","2025","1","",5,513,498,509,4062354,3803161,10869,617,"",1.53,1.43,1.36,1.40,1.12,10.18,18.31,0.80,"",0,0.0,-134,-20.7,-148,-22.9,-147,-22.4,-532169,-11.6,-634474,-14.3,-4776,-30.5,73,13.4
"20000","3","62","54","0","2025","1","",106,11917,11828,11904,187293306,168236322,201680,1212,"",1.79,1.35,1.34,1.34,1.36,13.90,8.78,1.01,"",0,0.0,337,2.9,322,2.8,420,3.7,9974164,5.6,8420976,5.3,16191,8.7,28,2.4
"20000","3","621","55","0","2025","1","",14,551,579,582,6229202,4167365,5154,840,"",0.76,0.68,0.71,0.71,0.51,1.59,0.70,0.72,"",1,7.7,252,84.3,269,86.8,289,98.6,2819247,82.7,2308250,124.2,-3967,-43.5,-32,-3.7
"20000","3","6211","56","0","2025","1","",2,38,36,34,715105,434272,2234,1528,"",0.31,0.17,0.16,0.15,0.17,0.55,0.87,1.07,"",0,0.0,10,35.7,6,20.0,5,17.2,254088,55.1,115449,36.2,-4690,-67.7,305,24.9
"20000","3","62111","57","0","2025","1","",2,38,36,34,715105,434272,2234,1528,"",0.31,0.17,0.16,0.15,0.17,0.55,0.87,1.07,"",0,0.0,10,35.7,6,20.0,5,17.2,254088,55.1,115449,36.2,-4690,-67.7,305,24.9
"20000","3","621111","58","0","2025","1","",2,38,36,34,715105,434272,2234,1528,"",0.31,0.17,0.16,0.15,0.17,0.57,0.97,1.06,"",0,0.0,10,35.7,6,20.0,5,17.2,254088,55.1,115449,36.2,-4690,-67.7,305,24.9
"20000","3","6214","56","0","2025","1","",5,446,480,483,5182657,3401653,2589,849,"",1.21,1.32,1.41,1.41,1.00,3.34,0.95,0.72,"",1,25.0,230,106.5,260,118.2,269,125.7,2558954,97.5,2186596,180.0,895,52.8,-82,-8.8
"20000","3","62142","57","0","2025","1","",5,446,480,483,5182657,3401653,2589,849,"",2.50,3.13,3.33,3.35,3.03,6.26,2.16,0.93,"",1,25.0,230,106.5,260,118.2,269,125.7,2558954,97.5,2186596,180.0,895,52.8,-82,-8.8
"20000","3","621420","58","0","2025","1","",5,446,480,483,5182657,3401653,2589,849,"",2.50,3.13,3.33,3.35,3.03,6.26,2.16,0.93,"",1,25.0,230,106.5,260,118.2,269,125.7,2558954,97.5,2186596,180.0,895,52.8,-82,-8.8
"20000","3","6219","56","0","2025","1","",7,67,63,65,331440,331440,331,392,"",1.19,0.36,0.33,0.34,0.15,0.54,0.34,0.43,"",0,0.0,12,21.8,3,5.0,15,30.0,6205,1.9,6205,1.9,-172,-34.2,-63,-13.8
"20000","3","62191","57","0","2025","1","",7,67,63,65,331440,331440,331,392,"",1.39,0.39,0.37,0.38,0.16,0.59,0.35,0.43,"",0,0.0,12,21.8,3,5.0,15,30.0,6205,1.9,6205,1.9,-172,-34.2,-63,-13.8
"20000","3","621910","58","0","2025","1","",7,67,63,65,331440,331440,331,392,"",1.39,0.39,0.37,0.38,0.16,0.59,0.35,0.43,"",0,0.0,12,21.8,3,5.0,15,30.0,6205,1.9,6205,1.9,-172,-34.2,-63,-13.8
"20000","3","622","55","0","2025","1","",56,10565,10463,10521,172551138,156481708,188829,1262,"",4.77,1.66,1.63,1.63,1.62,31.44,39.40,0.99,"",0,0.0,71,0.7,38,0.4,107,1.0,6685175,4.0,5746828,3.8,19941,11.8,40,3.3
"20000","3","6221","56","0","2025","1","",56,10565,10463,10521,172551138,156481708,188829,1262,"",4.84,1.67,1.64,1.64,1.63,31.51,39.61,0.99,"",0,0.0,71,0.7,38,0.4,107,1.0,6685175,4.0,5746828,3.8,19941,11.8,40,3.3
"20000","3","62211","57","0","2025","1","",56,10565,10463,10521,172551138,156481708,188829,1262,"",4.84,1.67,1.64,1.64,1.63,31.51,39.61,0.99,"",0,0.0,71,0.7,38,0.4,107,1.0,6685175,4.0,5746828,3.8,19941,11.8,40,3.3
"20000","3","622110","58","0","2025","1","",56,10565,10463,10521,172551138,156481708,188829,1262,"",4.84,1.67,1.64,1.64,1.63,31.51,39.61,0.99,"",0,0.0,71,0.7,38,0.4,107,1.0,6685175,4.0,5746828,3.8,19941,11.8,40,3.3
"20000","3","623","55","0","2025","1","",22,285,277,286,2899168,1973510,1970,789,"",3.71,0.56,0.54,0.56,0.54,1.77,1.14,0.97,"",0,0.0,-23,-7.5,-17,-5.8,-13,-4.3,105004,3.8,1213,0.1,-261,-11.7,73,10.2
"20000","3","6231","56","0","2025","1","",3,117,117,122,1074483,671191,671,697,"",1.20,0.31,0.31,0.32,0.27,1.74,1.12,0.85,"",0,0.0,-11,-8.6,-4,-3.3,-2,-1.6,69015,6.9,44915,7.2,45,7.2,75,12.1
"20000","3","62311","57","0","2025","1","",3,117,117,122,1074483,671191,671,697,"",1.20,0.31,0.31,0.32,0.27,1.74,1.12,0.85,"",0,0.0,-11,-8.6,-4,-3.3,-2,-1.6,69015,6.9,44915,7.2,45,7.2,75,12.1
"20000","3","623110","58","0","2025","1","",3,117,117,122,1074483,671191,671,697,"",1.20,0.31,0.31,0.32,0.27,1.74,1.12,0.85,"",0,0.0,-11,-8.6,-4,-3.3,-2,-1.6,69015,6.9,44915,7.2,45,7.2,75,12.1
"20000","3","6232","56","0","2025","1","",16,56,59,58,924298,924298,924,1233,"",6.02,0.62,0.65,0.64,0.98,1.52,0.93,1.54,"",1,6.7,-15,-21.1,-13,-18.1,-13,-18.3,-19460,-2.1,-19460,-2.1,-19,-2.0,215,21.1
"20000","3","62321","57","0","2025","1","",16,56,59,58,924298,924298,924,1233,"",9.27,0.95,0.99,0.98,1.59,2.36,1.55,1.64,"",1,6.7,-15,-21.1,-13,-18.1,-13,-18.3,-19460,-2.1,-19460,-2.1,-19,-2.0,215,21.1
"20000","3","623210","58","0","2025","1","",16,56,59,58,924298,924298,924,1233,"",9.27,0.95,0.99,0.98,1.59,2.36,1.55,1.64,"",1,6.7,-15,-21.1,-13,-18.1,-13,-18.3,-19460,-2.1,-19460,-2.1,-19,-2.0,215,21.1
"20000","3","6233","56","0","2025","1","",3,112,101,106,900387,378021,375,651,"",7.41,3.64,3.32,3.45,3.18,4.01,4.38,0.91,"",-1,-25.0,3,2.8,0,0.0,2,1.9,55449,6.6,-24242,-6.0,-287,-43.4,30,4.8
"20000","3","62331","57","0","2025","1","",3,112,101,106,900387,378021,375,651,"",7.41,3.64,3.32,3.45,3.18,4.01,4.38,0.91,"",-1,-25.0,3,2.8,0,0.0,2,1.9,55449,6.6,-24242,-6.0,-287,-43.4,30,4.8
"20000","3","623311","58","0","2025","1","",2,107,96,101,866332,343966,344,658,"",10.29,4.36,3.97,4.12,3.67,3.98,5.22,0.88,"",0,0.0,4,3.9,1,1.1,3,3.1,60275,7.5,-19416,-5.3,-19,-5.2,30,4.8
"20000","3","623312","58","0","2025","1","",1,5,5,5,34055,34055,31,524,"",4.75,0.80,0.80,0.81,0.72,4.37,1.57,0.90,"",-1,-50.0,-1,-16.7,-1,-16.7,-1,-16.7,-4826,-12.4,-4826,-12.4,-268,-89.6,26,5.2
"20000","3","624","55","0","2025","1","",14,516,509,515,5613798,5613739,5727,841,"",0.61,0.46,0.45,0.46,0.43,1.66,0.63,0.93,"",-1,-6.7,37,7.7,32,6.7,37,7.7,364738,6.9,364685,6.9,478,9.1,-4,-0.5
"20000","3","6241","56","0","2025","1","",11,373,373,380,4295108,4295108,4409,880,"",0.74,0.40,0.40,0.41,0.38,1.53,0.68,0.94,"",-1,-8.3,7,1.9,2,0.5,9,2.4,125008,3.0,125008,3.0,239,5.7,11,1.3
"20000","3","62411","57","0","2025","1","",3,187,189,188,2655793,2655793,2655,1087,"",1.44,1.16,1.18,1.16,1.43,13.14,6.22,1.22,"",0,0.0,-1,-0.5,1,0.5,1,0.5,109965,4.3,109965,4.3,110,4.3,43,4.1
"20000","3","624110","58","0","2025","1","",3,187,189,188,2655793,2655793,2655,1087,"",1.44,1.16,1.18,1.16,1.43,13.14,6.22,1.22,"",0,0.0,-1,-0.5,1,0.5,1,0.5,109965,4.3,109965,4.3,110,4.3,43,4.1
"20000","3","62412","57","0","2025","1","",7,84,82,86,417255,417255,532,382,"",1.11,0.35,0.34,0.35,0.16,0.42,0.27,0.47,"",-1,-12.5,2,2.4,-4,-4.7,1,1.2,7048,1.7,7048,1.7,121,29.4,8,2.1
"20000","3","624120","58","0","2025","1","",7,84,82,86,417255,417255,532,382,"",1.11,0.35,0.34,0.35,0.16,0.42,0.27,0.47,"",-1,-12.5,2,2.4,-4,-4.7,1,1.2,7048,1.7,7048,1.7,121,29.4,8,2.1
"20000","3","62419","57","0","2025","1","",1,102,102,106,1222060,1222060,1222,910,"",0.16,0.19,0.19,0.20,0.18,0.76,0.30,0.91,"",0,0.0,6,6.2,5,5.2,7,7.1,7995,0.7,7995,0.7,8,0.7,-49,-5.1
"20000","3","624190","58","0","2025","1","",1,102,102,106,1222060,1222060,1222,910,"",0.16,0.19,0.19,0.20,0.18,0.76,0.30,0.91,"",0,0.0,6,6.2,5,5.2,7,7.1,7995,0.7,7995,0.7,8,0.7,-49,-5.1
"20000","3","6243","56","0","2025","1","",2,109,103,102,1066509,1066509,1066,784,"",1.31,2.34,2.18,2.14,2.24,4.74,1.49,1.01,"",0,0.0,-1,-0.9,0,0.0,-2,-1.9,8715,0.8,8716,0.8,8,0.8,14,1.8
"20000","3","62431","57","0","2025","1","",2,109,103,102,1066509,1066509,1066,784,"",1.31,2.34,2.18,2.14,2.24,4.74,1.49,1.01,"",0,0.0,-1,-0.9,0,0.0,-2,-1.9,8715,0.8,8716,0.8,8,0.8,14,1.8
"20000","3","624310","58","0","2025","1","",2,109,103,102,1066509,1066509,1066,784,"",1.31,2.34,2.18,2.14,2.24,4.74,1.49,1.01,"",0,0.0,-1,-0.9,0,0.0,-2,-1.9,8715,0.8,8716,0.8,8,0.8,14,1.8
"20000","3","6244","56","0","2025","1","",1,34,33,33,252181,252122,252,582,"",0.20,0.32,0.31,0.31,0.25,1.29,0.25,0.81,"",0,0.0,31,1033.3,30,1000.0,30,1000.0,231015,1091.4,230961,1091.4,231,1100.0,39,7.2
"20000","3","62441","57","0","2025","1","",1,34,33,33,252181,252122,252,582,"",0.20,0.32,0.31,0.31,0.25,1.29,0.25,0.81,"",0,0.0,31,1033.3,30,1000.0,30,1000.0,231015,1091.4,230961,1091.4,231,1100.0,39,7.2
"20000","3","624410","58","0","2025","1","",1,34,33,33,252181,252122,252,582,"",0.20,0.32,0.31,0.31,0.25,1.29,0.25,0.81,"",0,0.0,31,1033.3,30,1000.0,30,1000.0,231015,1091.4,230961,1091.4,231,1100.0,39,7.2
"20000","3","71","54","0","2025","1","",91,3401,3586,3357,19919560,19334095,24326,444,"",2.85,1.31,1.36,1.27,0.92,2.55,0.88,0.70,"",1,1.1,175,5.4,209,6.2,127,3.9,1447042,7.8,1497056,8.4,-19279,-44.2,10,2.3
"20000","3","711","55","0","2025","1","",8,12,12,12,25117,20561,16,161,"",5.67,0.19,0.18,0.18,0.05,0.20,0.08,0.28,"",0,0.0,0,0.0,0,0.0,0,0.0,1685,7.2,968,4.9,-7,-30.4,11,7.3
"20000","3","7111","56","0","2025","1","",1,0,0,0,0,0,0,0,"",9.49,0.00,0.00,0.00,0.00,0.00,0.00,0.00,"",0,0.0,0,0.0,0,0.0,0,0.0,0,0.0,0,0.0,0,0.0,0,0.0
"20000","3","71113","57","0","2025","1","",1,0,0,0,0,0,0,0,"N",24.69,0,0,0,0,0,0,0,"",0,0.0,0,0.0,0,0.0,0,0.0,0,0.0,0,0.0,0,0.0,0,0.0
"20000","3","711130","58","0","2025","1","",1,0,0,0,0,0,0,0,"N",24.69,0,0,0,0,0,0,0,"",0,0.0,0,0.0,0,0.0,0,0.0,0,0.0,0,0.0,0,0.0,0,0.0
"20000","3","7113","56","0","2025","1","",7,12,12,12,25117,20561,16,161,"N",5.92,0,0,0,0,0,0,0,"",0,0.0,0,0.0,0,0.0,0,0.0,1685,7.2,968,4.9,-7,-30.4,11,7.3
"20000","3","71131","57","0","2025","1","",5,8,8,8,14101,9545,9,136,"N",4.41,0,0,0,0,0,0,0,"",0,0.0,0,0.0,0,0.0,0,0.0,2132,17.8,1415,17.4,0,0.0,21,18.3
"20000","3","711310","58","0","2025","1","",5,8,8,8,14101,9545,9,136,"N",4.41,0,0,0,0,0,0,0,"",0,0.0,0,0.0,0,0.0,0,0.0,2132,17.8,1415,17.4,0,0.0,21,18.3
"20000","3","71132","57","0","2025","1","",2,4,4,4,11016,11016,7,212,"",41.14,4.90,4.39,4.62,1.28,89.25,318.61,0.28,"",0,0.0,0,0.0,0,0.0,0,0.0,-447,-3.9,-447,-3.9,-7,-50.0,-8,-3.6
"20000","3","711320","58","0","2025","1","",2,4,4,4,11016,11016,7,212,"",41.14,4.90,4.39,4.62,1.28,89.25,318.61,0.28,"",0,0.0,0,0.0,0,0.0,0,0.0,-447,-3.9,-447,-3.9,-7,-50.0,-8,-3.6
"20000","3","712","55","0","2025","1","",10,35,35,37,224110,224110,212,483,"",1.68,0.10,0.10,0.10,0.08,0.80,0.30,0.77,"",0,0.0,2,6.1,0,0.0,-3,-7.5,23665,11.8,23665,11.8,-11,-4.9,55,12.9
"20000","3","7121","56","0","2025","1","",10,35,35,37,224110,224110,212,483,"",1.68,0.10,0.10,0.10,0.08,0.80,0.30,0.77,"",0,0.0,2,6.1,0,0.0,-3,-7.5,23665,11.8,23665,11.8,-11,-4.9,55,12.9
"20000","3","71211","57","0","2025","1","",10,35,35,37,224110,224110,212,483,"",7.39,1.34,1.34,1.39,0.84,9.65,3.21,0.62,"",0,0.0,2,6.1,0,0.0,-3,-7.5,23665,11.8,23665,11.8,-11,-4.9,55,12.9
"20000","3","712110","58","0","2025","1","",10,35,35,37,224110,224110,212,483,"",7.39,1.34,1.34,1.39,0.84,9.65,3.21,0.62,"",0,0.0,2,6.1,0,0.0,-3,-7.5,23665,11.8,23665,11.8,-11,-4.9,55,12.9
"20000","3","713","55","0","2025","1","",73,3354,3539,3308,19670333,19089424,24098,445,"",2.97,1.53,1.60,1.50,1.08,2.65,0.90,0.70,"",1,1.4,173,5.4,209,6.3,130,4.1,1421692,7.8,1472423,8.4,-19261,-44.4,10,2.3
"20000","3","7132","56","0","2025","1","",6,612,632,633,6706728,6317468,4292,825,"",2.07,0.59,0.61,0.60,0.59,1.01,0.18,0.99,"",0,0.0,-8,-1.3,-1,-0.2,4,0.6,470856,7.6,524080,9.0,-22630,-84.1,60,7.8
"20000","3","71321","57","0","2025","1","",5,601,619,619,6610341,6221081,4292,830,"",2.40,0.63,0.65,0.64,0.64,1.17,0.19,0.99,"",0,0.0,-7,-1.2,-1,-0.2,3,0.5,472886,7.7,526110,9.2,-22167,-83.8,62,8.1
"20000","3","713210","58","0","2025","1","",5,601,619,619,6610341,6221081,4292,830,"",2.40,0.63,0.65,0.64,0.64,1.17,0.19,0.99,"",0,0.0,-7,-1.2,-1,-0.2,3,0.5,472886,7.7,526110,9.2,-22167,-83.8,62,8.1
"20000","3","71329","57","0","2025","1","",1,11,13,14,96387,96387,0,585,"",1.23,0.13,0.15,0.16,0.11,0.10,0.00,0.73,"",0,0.0,-1,-8.3,0,0.0,1,7.7,-2030,-2.1,-2030,-2.1,-463,-100.0,-13,-2.2
"20000","3","713290","58","0","2025","1","",1,11,13,14,96387,96387,0,585,"",1.23,0.13,0.15,0.16,0.11,0.10,0.00,0.73,"",0,0.0,-1,-8.3,0,0.0,1,7.7,-2030,-2.1,-2030,-2.1,-463,-100.0,-13,-2.2
"20000","3","7139","56","0","2025","1","",67,2742,2907,2675,12963605,12771956,19806,359,"",3.11,2.40,2.49,2.30,1.87,14.02,7.00,0.78,"",1,1.5,181,7.1,210,7.8,126,4.9,950836,7.9,948343,8.0,3369,20.5,4,1.1
"20000","3","71394","57","0","2025","1","",30,492,532,456,1658190,1658190,1697,259,"",3.21,1.09,1.18,0.99,0.71,5.33,1.69,0.66,"",0,0.0,10,2.1,26,5.1,-39,-7.9,149087,9.9,149087,9.9,-1098,-39.3,24,10.2
"20000","3","713940","58","0","2025","1","",30,492,532,456,1658190,1658190,1697,259,"",3.21,1.09,1.18,0.99,0.71,5.33,1.69,0.66,"",0,0.0,10,2.1,26,5.1,-39,-7.9,149087,9.9,149087,9.9,-1098,-39.3,24,10.2
"20000","3","71399","57","0","2025","1","",37,2250,2375,2219,11305415,11113766,18109,381,"",3.68,3.60,3.66,3.53,2.70,25.46,13.26,0.75,"",1,2.8,171,8.2,184,8.4,165,8.0,801749,7.6,799256,7.7,4467,32.7,-2,-0.5
"20000","3","713990","58","0","2025","1","",37,2250,2375,2219,11305415,11113766,18109,381,"",3.68,3.60,3.66,3.53,2.70,25.46,13.26,0.75,"",1,2.8,171,8.2,184,8.4,165,8.0,801749,7.6,799256,7.7,4467,32.7,-2,-0.5
"20000","3","72","54","0","2025","1","",1,766,772,781,7811738,7014949,65941,777,"",0.17,0.81,0.81,0.82,0.84,1.65,3.38,1.03,"",0,0.0,31,4.2,35,4.7,37,5.0,352727,4.7,251734,3.7,-115313,-63.6,0,0.0
"20000","3","721","55","0","2025","1","",1,766,772,781,7811738,7014949,65941,777,"",0.65,0.91,0.92,0.93,0.91,1.72,3.43,0.99,"",0,0.0,31,4.2,35,4.7,37,5.0,352727,4.7,251734,3.7,-115313,-63.6,0,0.0
"20000","3","7211","56","0","2025","1","",1,766,772,781,7811738,7014949,65941,777,"",0.83,0.92,0.92,0.93,0.91,1.73,3.45,0.99,"",0,0.0,31,4.2,35,4.7,37,5.0,352727,4.7,251734,3.7,-115313,-63.6,0,0.0
"20000","3","72112","57","0","2025","1","",1,766,772,781,7811738,7014949,65941,777,"",1.15,0.96,0.96,0.97,0.94,1.82,3.51,0.98,"",0,0.0,31,4.2,35,4.7,37,5.0,352727,4.7,251734,3.7,-115313,-63.6,0,0.0
"20000","3","721120","58","0","2025","1","",1,766,772,781,7811738,7014949,65941,777,"",1.15,0.96,0.96,0.97,0.94,1.82,3.51,0.98,"",0,0.0,31,4.2,35,4.7,37,5.0,352727,4.7,251734,3.7,-115313,-63.6,0,0.0
"20000","3","81","54","0","2025","1","",69,143,133,133,611291,504885,468,345,"",4.11,0.47,0.43,0.43,0.16,0.64,0.14,0.37,"",-2,-2.8,6,4.4,-2,-1.5,-4,-2.9,3064,0.5,-3896,-0.8,-983,-67.7,2,0.6
"20000","3","812","55","0","2025","1","",63,113,103,102,371617,279578,330,270,"",7.65,1.68,1.53,1.49,0.54,2.05,0.47,0.34,"",-2,-3.1,6,5.6,-2,-1.9,-5,-4.7,6947,1.9,-1443,-0.5,-551,-62.5,6,2.3
"20000","3","8122","56","0","2025","1","",63,113,103,102,371617,279578,330,270,"",11.00,5.46,5.03,4.91,2.23,4.55,0.87,0.44,"",-2,-3.1,6,5.6,-2,-1.9,-5,-4.7,6947,1.9,-1443,-0.5,-551,-62.5,6,2.3
"20000","3","81222","57","0","2025","1","",63,113,103,102,371617,279578,330,270,"",11.03,5.49,5.05,4.94,2.24,4.58,0.87,0.43,"",-2,-3.1,6,5.6,-2,-1.9,-5,-4.7,6947,1.9,-1443,-0.5,-551,-62.5,6,2.3
"20000","3","812220","58","0","2025","1","",63,113,103,102,371617,279578,330,270,"",11.03,5.49,5.05,4.94,2.24,4.58,0.87,0.43,"",-2,-3.1,6,5.6,-2,-1.9,-5,-4.7,6947,1.9,-1443,-0.5,-551,-62.5,6,2.3
"20000","3","813","55","0","2025","1","",6,30,30,31,239674,225307,138,608,"",1.63,0.29,0.29,0.29,0.18,0.38,0.05,0.64,"",0,0.0,0,0.0,0,0.0,1,3.3,-3883,-1.6,-2453,-1.1,-432,-75.8,-17,-2.7
"20000","3","8133","56","0","2025","1","",3,24,23,24,184799,182210,134,601,"",1.96,0.41,0.40,0.41,0.27,0.58,0.08,0.65,"",0,0.0,0,0.0,-1,-4.2,0,0.0,-6733,-3.5,-4525,-2.4,-372,-73.5,-13,-2.1
"20000","3","81331","57","0","2025","1","",3,24,23,24,184799,182210,134,601,"",1.96,0.41,0.40,0.41,0.27,0.58,0.08,0.65,"",0,0.0,0,0.0,-1,-4.2,0,0.0,-6733,-3.5,-4525,-2.4,-372,-73.5,-13,-2.1
"20000","3","813311","58","0","2025","1","",2,19,18,19,143631,143631,134,592,"",7.96,1.01,0.96,1.01,0.64,1.94,0.58,0.65,"",0,0.0,0,0.0,-1,-5.3,0,0.0,-3425,-2.3,-3087,-2.1,-244,-64.6,-3,-0.5
"20000","3","813319","58","0","2025","1","",1,5,5,5,41168,38579,0,633,"",1.36,0.16,0.16,0.16,0.12,0.18,0.00,0.72,"",0,0.0,0,0.0,0,0.0,0,0.0,-3308,-7.4,-1438,-3.6,-128,-100.0,-51,-7.5
"20000","3","8134","56","0","2025","1","",1,2,3,3,4154,4154,4,120,"N",2.29,0,0,0,0,0,0,0,"",0,0.0,-1,-33.3,0,0.0,0,0.0,1049,33.8,1049,33.8,1,33.3,40,50.0
"20000","3","81341","57","0","2025","1","",1,2,3,3,4154,4154,4,120,"N",2.29,0,0,0,0,0,0,0,"",0,0.0,-1,-33.3,0,0.0,0,0.0,1049,33.8,1049,33.8,1,33.3,40,50.0
"20000","3","813410","58","0","2025","1","",1,2,3,3,4154,4154,4,120,"N",2.29,0,0,0,0,0,0,0,"",0,0.0,-1,-33.3,0,0.0,0,0.0,1049,33.8,1049,33.8,1,33.3,40,50.0
"20000","3","8139","56","0","2025","1","",2,4,4,4,50721,38943,0,975,"",1.52,0.19,0.19,0.18,0.14,0.27,0.00,0.76,"",0,0.0,1,33.3,1,33.3,1,33.3,1801,3.7,1023,2.7,-61,-100.0,-279,-22.2
"20000","3","81391","57","0","2025","1","",2,4,4,4,50721,38943,0,975,"",2.26,0.31,0.30,0.28,0.23,0.66,0.00,0.75,"",0,0.0,1,33.3,1,33.3,1,33.3,1801,3.7,1023,2.7,-61,-100.0,-279,-22.2
"20000","3","813910","58","0","2025","1","",2,4,4,4,50721,38943,0,975,"",2.26,0.31,0.30,0.28,0.23,0.66,0.00,0.75,"",0,0.0,1,33.3,1,33.3,1,33.3,1801,3.7,1023,2.7,-61,-100.0,-279,-22.2
"20000","3","92","54","0","2025","1","",1143,51546,51256,51856,709068811,648583634,789374,1058,"",2.21,1.32,1.31,1.32,1.20,10.44,6.20,0.91,"",0,0.0,636,1.2,217,0.4,-259,-0.5,34496015,5.1,27937430,4.5,-28011,-3.4,48,4.8
"20000","3","921","55","0","2025","1","",762,47495,47327,47993,654495163,601752396,726730,1058,"",2.54,1.85,1.84,1.86,1.88,13.36,8.31,1.01,"",-3,-0.4,534,1.1,123,0.3,-261,-0.5,28181704,4.5,23094333,4.0,-19583,-2.6,43,4.2
"20000","3","9211","56","0","2025","1","",762,47495,47327,47993,654495163,601752396,726730,1058,"",2.54,1.85,1.84,1.86,1.88,13.36,8.31,1.01,"",-3,-0.4,534,1.1,123,0.3,-261,-0.5,28181704,4.5,23094333,4.0,-19583,-2.6,43,4.2
"20000","3","92111","57","0","2025","1","",74,665,661,660,5790774,5689409,14761,673,"",2.02,0.38,0.38,0.38,0.25,1.66,1.41,0.65,"",0,0.0,10,1.5,8,1.2,10,1.5,671765,13.1,616189,12.1,5156,53.7,70,11.6
"20000","3","921110","58","0","2025","1","",74,665,661,660,5790774,5689409,14761,673,"",2.02,0.38,0.38,0.38,0.25,1.66,1.41,0.65,"",0,0.0,10,1.5,8,1.2,10,1.5,671765,13.1,616189,12.1,5156,53.7,70,11.6
"20000","3","92112","57","0","2025","1","",13,460,414,430,4374070,4356536,5904,774,"",0.56,0.18,0.16,0.17,0.13,5.12,1.52,0.73,"",0,0.0,-178,-27.9,-203,-32.9,-190,-30.6,-1342808,-23.5,-1352843,-23.7,-454,-7.1,70,9.9
"20000","3","921120","58","0","2025","1","",13,460,414,430,4374070,4356536,5904,774,"",0.56,0.18,0.16,0.17,0.13,5.12,1.52,0.73,"",0,0.0,-178,-27.9,-203,-32.9,-190,-30.6,-1342808,-23.5,-1352843,-23.7,-454,-7.1,70,9.9
"20000","3","92113","57","0","2025","1","",4,18,18,17,224292,96089,76,977,"",0.19,0.03,0.03,0.02,0.02,0.12,0.05,0.83,"",0,0.0,1,5.9,1,5.9,2,13.3,22296,11.0,15200,18.8,-210,-73.4,26,2.7
"20000","3","921130","58","0","2025","1","",4,18,18,17,224292,96089,76,977,"",0.19,0.03,0.03,0.02,0.02,0.12,0.05,0.83,"",0,0.0,1,5.9,1,5.9,2,13.3,22296,11.0,15200,18.8,-210,-73.4,26,2.7
"20000","3","92114","57","0","2025","1","",654,45766,45660,46313,635816247,590188221,677938,1065,"",3.83,2.76,2.74,2.76,2.83,23.83,20.82,1.03,"",-3,-0.5,670,1.5,303,0.7,-84,-0.2,28226396,4.6,23711796,4.2,-27939,-4.0,40,3.9
"20000","3","921140","58","0","2025","1","",654,45766,45660,46313,635816247,590188221,677938,1065,"",3.83,2.76,2.74,2.76,2.83,23.83,20.82,1.03,"",-3,-0.5,670,1.5,303,0.7,-84,-0.2,28226396,4.6,23711796,4.2,-27939,-4.0,40,3.9
"20000","3","92115","57","0","2025","1","",7,508,496,497,7619812,1146744,27509,1171,"",0.76,0.45,0.44,0.44,0.54,0.11,0.82,1.22,"",0,0.0,32,6.7,11,2.3,4,0.8,558535,7.9,89538,8.5,4050,17.3,50,4.5
"20000","3","921150","58","0","2025","1","",7,508,496,497,7619812,1146744,27509,1171,"",0.76,0.45,0.44,0.44,0.54,0.11,0.82,1.22,"",0,0.0,32,6.7,11,2.3,4,0.8,558535,7.9,89538,8.5,4050,17.3,50,4.5
"20000","3","92119","57","0","2025","1","",10,78,78,76,669968,275397,542,666,"",0.25,0.03,0.03,0.03,0.02,0.06,0.10,0.62,"",0,0.0,-1,-1.3,3,4.0,-3,-3.8,45520,7.3,14453,5.5,-186,-25.5,48,7.8
"20000","3","921190","58","0","2025","1","",10,78,78,76,669968,275397,542,666,"",0.25,0.03,0.03,0.03,0.02,0.06,0.10,0.62,"",0,0.0,-1,-1.3,3,4.0,-3,-3.8,45520,7.3,14453,5.5,-186,-25.5,48,7.8
"20000","3","922","55","0","2025","1","",44,1271,1128,1084,18696084,16631891,17100,1239,"",0.40,0.14,0.13,0.12,0.11,1.92,1.06,0.82,"",1,2.3,14,1.1,-6,-0.5,-45,-4.0,1083772,6.2,855091,5.4,838,5.2,84,7.3
"20000","3","9221","56","0","2025","1","",44,1271,1128,1084,18696084,16631891,17100,1239,"",0.40,0.14,0.13,0.12,0.11,1.92,1.06,0.82,"",1,2.3,14,1.1,-6,-0.5,-45,-4.0,1083772,6.2,855091,5.4,838,5.2,84,7.3
"20000","3","92211","57","0","2025","1","",1,125,129,130,2716476,2716476,2716,1632,"",0.06,0.18,0.18,0.18,0.28,7.15,3.79,1.55,"",0,0.0,-14,-10.1,-7,-5.1,-4,-3.0,-68836,-2.5,-68836,-2.5,-69,-2.5,60,3.8
"20000","3","922110","58","0","2025","1","",1,125,129,130,2716476,2716476,2716,1632,"",0.06,0.18,0.18,0.18,0.28,7.15,3.79,1.55,"",0,0.0,-14,-10.1,-7,-5.1,-4,-3.0,-68836,-2.5,-68836,-2.5,-69,-2.5,60,3.8
"20000","3","92212","57","0","2025","1","",2,268,267,265,4822181,4822181,4822,1391,"",0.07,0.07,0.07,0.07,0.06,1.77,1.08,0.95,"",0,0.0,9,3.5,5,1.9,-2,-0.7,278680,6.1,278680,6.1,278,6.1,60,4.5
"20000","3","922120","58","0","2025","1","",2,268,267,265,4822181,4822181,4822,1391,"",0.07,0.07,0.07,0.07,0.06,1.77,1.08,0.95,"",0,0.0,9,3.5,5,1.9,-2,-0.7,278680,6.1,278680,6.1,278,6.1,60,4.5
"20000","3","92214","57","0","2025","1","",2,62,64,62,556906,556906,557,684,"",0.40,0.11,0.12,0.11,0.06,1.44,1.27,0.53,"",0,0.0,4,6.9,5,8.5,7,12.7,27125,5.1,27125,5.1,28,5.3,-27,-3.8
"20000","3","922140","58","0","2025","1","",2,62,64,62,556906,556906,557,684,"",0.40,0.11,0.12,0.11,0.06,1.44,1.27,0.53,"",0,0.0,4,6.9,5,8.5,7,12.7,27125,5.1,27125,5.1,28,5.3,-27,-3.8
"20000","3","92216","57","0","2025","1","",39,816,668,627,10600521,8536328,9005,1159,"",0.89,0.39,0.32,0.30,0.25,1.91,0.99,0.76,"",1,2.6,15,1.9,-9,-1.3,-46,-6.8,846803,8.7,618122,7.8,601,7.2,113,10.8
"20000","3","922160","58","0","2025","1","",39,816,668,627,10600521,8536328,9005,1159,"",0.89,0.39,0.32,0.30,0.25,1.91,0.99,0.76,"",1,2.6,15,1.9,-9,-1.3,-46,-6.8,846803,8.7,618122,7.8,601,7.2,113,10.8
"20000","3","923","55","0","2025","1","",36,1554,1563,1563,22900487,18335625,24286,1129,"",1.95,0.74,0.74,0.73,0.70,8.70,4.38,0.95,"",1,2.9,93,6.4,89,6.0,62,4.1,4581320,25.0,3418706,22.9,6264,34.8,176,18.5
"20000","3","9231","56","0","2025","1","",36,1554,1563,1563,22900487,18335625,24286,1129,"",1.95,0.74,0.74,0.73,0.70,8.70,4.38,0.95,"",1,2.9,93,6.4,89,6.0,62,4.1,4581320,25.0,3418706,22.9,6264,34.8,176,18.5
"20000","3","92311","57","0","2025","1","",6,359,353,350,3303529,3303529,3304,718,"",2.65,1.40,1.32,1.29,1.07,8.64,3.52,0.80,"",0,0.0,-25,-6.5,-34,-8.8,-40,-10.3,-48717,-1.5,-48717,-1.5,-48,-1.4,52,7.8
"20000","3","923110","58","0","2025","1","",6,359,353,350,3303529,3303529,3304,718,"",2.65,1.40,1.32,1.29,1.07,8.64,3.52,0.80,"",0,0.0,-25,-6.5,-34,-8.8,-40,-10.3,-48717,-1.5,-48717,-1.5,-48,-1.4,52,7.8
"20000","3","92312","57","0","2025","1","",28,1067,1076,1085,18833926,14269064,20219,1346,"",2.86,1.40,1.40,1.41,1.59,9.99,5.23,1.13,"",1,3.7,117,12.3,117,12.2,100,10.2,4557664,31.9,3395049,31.2,6239,44.6,208,18.3
"20000","3","923120","58","0","2025","1","",28,1067,1076,1085,18833926,14269064,20219,1346,"",2.86,1.40,1.40,1.41,1.59,9.99,5.23,1.13,"",1,3.7,117,12.3,117,12.2,100,10.2,4557664,31.9,3395049,31.2,6239,44.6,208,18.3
"20000","3","92313","57","0","2025","1","",2,128,134,128,763032,763032,763,451,"",0.45,0.12,0.13,0.12,0.04,2.58,1.04,0.36,"",0,0.0,1,0.8,6,4.7,2,1.6,72373,10.5,72374,10.5,73,10.6,33,7.9
"20000","3","923130","58","0","2025","1","",2,128,134,128,763032,763032,763,451,"",0.45,0.12,0.13,0.12,0.04,2.58,1.04,0.36,"",0,0.0,1,0.8,6,4.7,2,1.6,72373,10.5,72374,10.5,73,10.6,33,7.9
"20000","3","924","55","0","2025","1","",164,492,484,469,3579961,3257196,3276,572,"",4.83,0.53,0.52,0.50,0.26,2.36,0.80,0.50,"",0,0.0,6,1.2,7,1.5,-14,-2.9,160372,4.7,129837,4.2,-1901,-36.7,26,4.8
"20000","3","9241","56","0","2025","1","",164,492,484,469,3579961,3257196,3276,572,"",4.83,0.53,0.52,0.50,0.26,2.36,0.80,0.50,"",0,0.0,6,1.2,7,1.5,-14,-2.9,160372,4.7,129837,4.2,-1901,-36.7,26,4.8
"20000","3","92411","57","0","2025","1","",34,87,84,86,970287,885762,648,871,"",2.50,0.16,0.15,0.15,0.09,1.46,0.37,0.61,"",0,0.0,4,4.8,2,2.4,1,1.2,41588,4.5,34217,4.0,-1203,-65.0,14,1.6
"20000","3","924110","58","0","2025","1","",34,87,84,86,970287,885762,648,871,"",2.50,0.16,0.15,0.15,0.09,1.46,0.37,0.61,"",0,0.0,4,4.8,2,2.4,1,1.2,41588,4.5,34217,4.0,-1203,-65.0,14,1.6
"20000","3","92412","57","0","2025","1","",130,405,400,383,2609674,2371434,2628,507,"",6.38,1.08,1.06,1.00,0.70,3.05,1.11,0.67,"",0,0.0,2,0.5,5,1.3,-15,-3.8,118784,4.8,95620,4.2,-698,-21.0,26,5.4
"20000","3","924120","58","0","2025","1","",130,405,400,383,2609674,2371434,2628,507,"",6.38,1.08,1.06,1.00,0.70,3.05,1.11,0.67,"",0,0.0,2,0.5,5,1.3,-15,-3.8,118784,4.8,95620,4.2,-698,-21.0,26,5.4
"20000","3","925","55","0","2025","1","",64,376,385,379,4871530,4475240,11472,986,"",2.12,0.48,0.49,0.48,0.44,1.31,1.27,0.91,"",1,1.6,-11,-2.8,4,1.0,-5,-1.3,214108,4.6,105257,2.4,-11821,-50.7,53,5.7
"20000","3","9251","56","0","2025","1","",64,376,385,379,4871530,4475240,11472,986,"",2.12,0.48,0.49,0.48,0.44,1.31,1.27,0.91,"",1,1.6,-11,-2.8,4,1.0,-5,-1.3,214108,4.6,105257,2.4,-11821,-50.7,53,5.7
"20000","3","92511","57","0","2025","1","",55,313,319,313,4025939,3821849,8611,983,"",2.84,0.66,0.67,0.66,0.59,1.53,1.29,0.88,"",0,0.0,-11,-3.4,-1,-0.3,-7,-2.2,149455,3.9,87562,2.3,-13737,-61.5,55,5.9
"20000","3","925110","58","0","2025","1","",55,313,319,313,4025939,3821849,8611,983,"",2.84,0.66,0.67,0.66,0.59,1.53,1.29,0.88,"",0,0.0,-11,-3.4,-1,-0.3,-7,-2.2,149455,3.9,87562,2.3,-13737,-61.5,55,5.9
"20000","3","92512","57","0","2025","1","",9,63,66,66,845591,653391,2861,1001,"",0.84,0.20,0.21,0.21,0.20,0.71,1.20,0.96,"",1,12.5,0,0.0,5,8.2,2,3.1,64653,8.3,17695,2.8,1916,202.8,42,4.4
"20000","3","925120","58","0","2025","1","",9,63,66,66,845591,653391,2861,1001,"",0.84,0.20,0.21,0.21,0.20,0.71,1.20,0.96,"",1,12.5,0,0.0,5,8.2,2,3.1,64653,8.3,17695,2.8,1916,202.8,42,4.4
"20000","3","926","55","0","2025","1","",73,358,369,368,4525586,4131286,6510,954,"",3.16,0.55,0.57,0.56,0.40,2.76,1.27,0.71,"",0,0.0,0,0.0,0,0.0,4,1.1,274739,6.5,334206,8.8,-1808,-21.7,55,6.1
"20000","3","9261","56","0","2025","1","",73,358,369,368,4525586,4131286,6510,954,"",3.16,0.55,0.57,0.56,0.40,2.76,1.27,0.71,"",0,0.0,0,0.0,0,0.0,4,1.1,274739,6.5,334206,8.8,-1808,-21.7,55,6.1
"20000","3","92611","57","0","2025","1","",8,29,28,31,553956,261638,1333,1453,"",1.56,0.24,0.23,0.25,0.29,0.50,1.09,1.20,"",0,0.0,2,7.4,-5,-15.2,0,0.0,84600,18.0,20784,8.6,-27,-2.0,263,22.1
"20000","3","926110","58","0","2025","1","",8,29,28,31,553956,261638,1333,1453,"",1.56,0.24,0.23,0.25,0.29,0.50,1.09,1.20,"",0,0.0,2,7.4,-5,-15.2,0,0.0,84600,18.0,20784,8.6,-27,-2.0,263,22.1
"20000","3","92612","57","0","2025","1","",4,61,63,63,891907,876843,1171,1101,"",1.20,0.24,0.25,0.25,0.17,1.49,0.50,0.71,"",1,33.3,6,10.9,7,12.5,5,8.6,116055,15.0,106789,13.9,-219,-15.8,42,4.0
"20000","3","926120","58","0","2025","1","",4,61,63,63,891907,876843,1171,1101,"",1.20,0.24,0.25,0.25,0.17,1.49,0.50,0.71,"",1,33.3,6,10.9,7,12.5,5,8.6,116055,15.0,106789,13.9,-219,-15.8,42,4.0
"20000","3","92613","57","0","2025","1","",5,95,95,93,1449153,1446596,1572,1182,"",1.37,0.83,0.83,0.80,0.69,8.89,1.64,0.85,"",0,0.0,7,8.0,5,5.6,1,1.1,64875,4.7,64132,4.6,-564,-26.4,-1,-0.1
"20000","3","926130","58","0","2025","1","",5,95,95,93,1449153,1446596,1572,1182,"",1.37,0.83,0.83,0.80,0.69,8.89,1.64,0.85,"",0,0.0,7,8.0,5,5.6,1,1.1,64875,4.7,64132,4.6,-564,-26.4,-1,-0.1
"20000","3","92614","57","0","2025","1","",56,173,183,181,1630570,1546209,2434,701,"",13.80,7.63,8.10,7.95,7.58,24.17,7.15,0.96,"",0,0.0,-3,-1.7,6,3.4,10,5.8,137603,9.2,142501,10.2,-998,-29.1,43,6.5
"20000","3","926140","58","0","2025","1","",56,173,183,181,1630570,1546209,2434,701,"",13.80,7.63,8.10,7.95,7.58,24.17,7.15,0.96,"",0,0.0,-3,-1.7,6,3.4,10,5.8,137603,9.2,142501,10.2,-998,-29.1,43,6.5
"20000","5","10","51","0","2025","1","",91869,1163263,1169510,1175618,19517261222,11156555342,61300787,1284,"",0.97,0.97,0.97,0.97,0.98,0.86,0.97,1.01,"",-1548,-1.7,7937,0.7,2823,0.2,7567,0.6,842082506,4.5,206539645,1.9,-62305884,-50.4,49,4.0
"20000","5","101","52","0","2025","1","",13619,259489,262618,265859,4987159568,3192265147,25470591,1461,"",1.14,1.28,1.29,1.29,1.40,1.16,1.63,1.09,"",-113,-0.8,3717,1.5,2547,1.0,3522,1.3,252068451,5.3,79091110,2.5,-17084178,-40.1,57,4.1
"20000","5","1011","53","0","2025","1","",2748,18642,18661,19150,267810982,203808737,1032440,1095,"",2.36,1.23,1.22,1.23,1.04,1.05,0.98,0.85,"",6,0.2,528,2.9,299,1.6,380,2.0,14530317,5.7,6756349,3.4,-956314,-48.1,37,3.5
"20000","5","1012","53","0","2025","1","",7421,67156,69960,72867,1287150517,843132247,14104914,1415,"",0.98,0.93,0.96,0.98,1.11,0.86,1.94,1.15,"",-142,-1.9,3685,5.8,3240,4.9,4021,5.8,135598711,11.8,54385170,6.9,-2440959,-14.8,80,6.0
"20000","5","1013","53","0","2025","1","",3450,173691,173997,173842,3432198069,2145324163,10333237,1519,"",1.07,1.51,1.50,1.50,1.61,1.37,1.42,1.07,"",23,0.7,-496,-0.3,-992,-0.6,-879,-0.5,101939423,3.1,17949591,0.8,-13686905,-57.0,52,3.5
"20000","5","102","52","0","2025","1","",78250,903774,906892,909759,14530101654,7964290195,35830196,1233,"",0.95,0.90,0.90,0.90,0.89,0.78,0.75,0.99,"",-1435,-1.8,4220,0.5,276,0.0,4045,0.4,590014055,4.2,127448535,1.6,-45221706,-55.8,47,4.0
"20000","5","1021","53","0","2025","1","",19004,267774,266367,266601,3807947874,2467052540,8070865,1097,"",1.16,1.02,1.02,1.02,1.11,0.88,0.69,1.09,"",-607,-3.1,-871,-0.3,-2006,-0.7,-1112,-0.4,49590597,1.3,17153202,0.7,-15230759,-65.4,19,1.8
"20000","5","1022","53","0","2025","1","",2620,17219,17173,17116,444059857,196880904,1390543,1990,"",1.11,0.66,0.65,0.65,0.42,0.43,0.53,0.64,"",-19,-0.7,-562,-3.2,-543,-3.1,-665,-3.7,13256419,3.1,-7383410,-3.6,-1244065,-47.2,124,6.6
"20000","5","1023","53","0","2025","1","",9280,73495,73478,73290,2013348914,883801288,3313688,2109,"",1.07,0.92,0.92,0.92,0.73,0.77,0.62,0.79,"",-70,-0.7,545,0.7,597,0.8,559,0.8,152839207,8.2,22973748,2.7,-5053744,-60.4,145,7.4
"20000","5","1024","53","0","2025","1","",21653,169893,171488,172310,4070829910,1976581779,12356552,1829,"",1.06,0.84,0.84,0.84,0.89,0.72,0.85,1.05,"",-678,-3.0,-1167,-0.7,-1869,-1.1,-624,-0.4,170217384,4.4,10513132,0.5,-11977864,-49.2,89,5.1
"20000","5","1025","53","0","2025","1","",12365,211216,212269,212019,3010003026,1477559687,5433413,1093,"",0.70,0.89,0.89,0.88,0.99,0.95,0.81,1.11,"",6,0.0,4382,2.1,3844,1.8,5392,2.6,163406056,5.7,64036199,4.5,-7182384,-56.9,37,3.5
"20000","5","1026","53","0","2025","1","",7176,127467,128833,130644,727571246,655905088,2952358,434,"",0.90,0.87,0.87,0.87,0.75,0.60,0.62,0.87,"",-25,-0.3,253,0.2,-1180,-0.9,-1212,-0.9,4290773,0.6,-550153,-0.1,-3538735,-54.5,5,1.2
"20000","5","1027","53","0","2025","1","",6152,36710,37284,37779,456340827,306508909,2312777,942,"",0.87,0.87,0.88,0.88,1.02,0.78,1.28,1.16,"",-42,-0.7,1640,4.7,1433,4.0,1707,4.7,36413619,8.7,20705817,7.2,-994155,-30.1,36,4.0
"20000","5","11","54","0","2025","1","",1931,12607,12669,13099,157808863,131575536,352010,949,"",2.10,1.27,1.27,1.28,1.72,1.26,0.55,1.35,"",30,1.6,528,4.4,413,3.4,449,3.5,7861816,5.2,6624971,5.3,-765283,-68.5,13,1.4
"20000","5","111","55","0","2025","1","",956,3641,3661,3966,41032064,34761732,131164,840,"",2.30,0.90,0.89,0.90,1.15,0.85,0.50,1.28,"",24,2.6,227,6.6,137,3.9,60,1.5,2313536,6.0,1745287,5.3,-195451,-59.8,16,1.9
"20000","5","1111","56","0","2025","1","",799,2833,2790,2858,32491132,27178725,86051,884,"",6.67,6.12,6.00,5.94,7.56,5.28,5.01,1.26,"",16,2.0,133,4.9,56,2.0,82,3.0,1817556,5.9,1169636,4.5,-140626,-62.0,22,2.6
"20000","5","11111","57","0","2025","1","",15,49,48,50,538457,485181,3173,845,"",1.23,1.09,1.05,1.04,1.30,1.03,1.81,1.22,"",4,36.4,9,22.5,10,26.3,12,31.6,52419,10.8,63836,15.2,-2428,-43.3,-122,-12.6
"20000","5","111110","58","0","2025","1","",15,49,48,50,538457,485181,3173,845,"",1.23,1.09,1.05,1.04,1.30,1.03,1.81,1.22,"",4,36.4,9,22.5,10,26.3,12,31.6,52419,10.8,63836,15.2,-2428,-43.3,-122,-12.6
"20000","5","11114","57","0","2025","1","",200,632,629,645,6444727,5791289,15784,780,"",12.32,14.88,14.89,14.59,18.21,11.35,13.67,1.23,"",-8,-3.8,6,1.0,-16,-2.5,-19,-2.9,-79950,-1.2,-137394,-2.3,-31268,-66.5,2,0.3
"20000","5","111140","58","0","2025","1","",200,632,629,645,6444727,5791289,15784,780,"",12.32,14.88,14.89,14.59,18.21,11.35,13.67,1.23,"",-8,-3.8,6,1.0,-16,-2.5,-19,-2.9,-79950,-1.2,-137394,-2.3,-31268,-66.5,2,0.3
"20000","5","11115","57","0","2025","1","",124,469,470,468,5509411,4668348,11158,904,"",3.62,2.93,2.92,2.83,3.48,2.49,1.77,1.20,"",10,8.8,47,11.1,37,8.5,38,8.8,503721,10.1,395545,9.3,-23501,-67.8,5,0.6
"20000","5","111150","58","0","2025","1","",124,469,470,468,5509411,4668348,11158,904,"",3.62,2.93,2.92,2.83,3.48,2.49,1.77,1.20,"",10,8.8,47,11.1,37,8.5,38,8.8,503721,10.1,395545,9.3,-23501,-67.8,5,0.6
"20000","5","11119","57","0","2025","1","",460,1683,1643,1695,19998537,16233907,55936,919,"",9.30,8.88,8.65,8.69,11.96,7.94,9.19,1.37,"",10,2.2,71,4.4,25,1.5,51,3.1,1341366,7.2,847649,5.5,-83429,-59.9,36,4.1
"20000","5","111191","58","0","2025","1","",403,1363,1336,1373,15489905,12835172,47880,878,"",10.89,9.45,9.31,9.15,12.09,8.17,11.26,1.30,"",-5,-1.2,36,2.7,3,0.2,10,0.7,720829,4.9,319209,2.6,-69749,-59.3,31,3.7
"20000","5","111199","58","0","2025","1","",57,320,307,322,4508632,3398735,8056,1096,"",4.57,7.06,6.61,7.17,11.53,7.16,4.38,1.66,"",15,35.7,35,12.3,22,7.7,41,14.6,620537,16.0,528440,18.4,-13680,-62.9,42,4.0
"20000","5","1112","56","0","2025","1","",19,51,55,37,389867,346733,1538,629,"",0.44,0.09,0.09,0.06,0.07,0.06,0.03,0.89,"",3,18.8,5,10.9,6,12.2,3,8.8,66893,20.7,63732,22.5,-4114,-72.8,51,8.8
"20000","5","11121","57","0","2025","1","",19,51,55,37,389867,346733,1538,629,"",0.44,0.09,0.09,0.06,0.07,0.06,0.03,0.89,"",3,18.8,5,10.9,6,12.2,3,8.8,66893,20.7,63732,22.5,-4114,-72.8,51,8.8
"20000","5","111211","58","0","2025","1","",5,15,10,14,172832,160180,0,1023,"",0.59,0.15,0.09,0.11,0.17,0.12,0.00,1.41,"N",0,0.0,0,0,0,0,0,0,0,0,0,0,0,0,0,0
"20000","5","111219","58","0","2025","1","",14,36,45,23,217035,186553,1538,482,"",0.40,0.08,0.10,0.05,0.05,0.04,0.04,0.68,"N",3,27.3,0,0,0,0,0,0,0,0,0,0,0,0,0,0
"20000","5","1113","56","0","2025","1","",6,12,10,17,56755,50447,345,336,"",0.08,0.01,0.01,0.01,0.01,0.01,0.00,0.59,"",0,0.0,-4,-25.0,-12,-54.5,-3,-15.0,-9108,-13.8,-9109,-15.3,-848,-71.1,74,28.2
"20000","5","11133","57","0","2025","1","",6,12,10,17,56755,50447,345,336,"",0.08,0.01,0.01,0.02,0.01,0.01,0.00,0.59,"",0,0.0,-4,-25.0,-12,-54.5,-3,-15.0,-9108,-13.8,-9109,-15.3,-848,-71.1,74,28.2
"20000","5","111331","58","0","2025","1","",4,7,6,5,29785,23477,184,382,"",0.34,0.03,0.03,0.02,0.02,0.01,0.02,0.77,"",0,0.0,-3,-30.0,-10,-62.5,-7,-58.3,-5034,-14.5,-5035,-17.7,-397,-68.3,171,81.0
"20000","5","111332","58","0","2025","1","N",1,0,0,0,0,0,0,0,"N",0.07,0,0,0,0,0,0,0,"N",0,0.0,0,0,0,0,0,0,0,0,0,0,0,0,0,0
"20000","5","111333","58","0","2025","1","N",1,0,0,0,0,0,0,0,"N",0.25,0,0,0,0,0,0,0,"N",0,0.0,0,0,0,0,0,0,0,0,0,0,0,0,0,0
"20000","5","1114","56","0","2025","1","",35,360,424,667,3778854,3353521,29950,601,"",0.43,0.25,0.29,0.42,0.29,0.22,0.34,0.89,"",0,0.0,56,18.4,58,15.8,-56,-7.7,150883,4.2,131651,4.1,-24635,-45.1,0,0.0
"20000","5","11141","57","0","2025","1","",6,12,14,13,122944,105740,1346,727,"",0.26,0.03,0.03,0.03,0.03,0.02,0.04,0.99,"",0,0.0,-2,-14.3,1,7.7,0,0.0,-7767,-5.9,2091,2.0,-933,-40.9,-27,-3.6
"20000","5","111411","58","0","2025","1","N",1,0,0,0,0,0,0,0,"N",0.37,0,0,0,0,0,0,0,"N",0,0.0,0,0,0,0,0,0,0,0,0,0,0,0,0,0
"20000","5","111419","58","0","2025","1","N",5,0,0,0,0,0,0,0,"N",0.25,0,0,0,0,0,0,0,"N",0,0.0,0,0,0,0,0,0,0,0,0,0,0,0,0,0
"20000","5","11142","57","0","2025","1","",29,348,410,654,3655910,3247781,28604,598,"",0.50,0.35,0.40,0.57,0.41,0.31,0.57,0.92,"",0,0.0,58,20.0,57,16.1,-56,-7.9,158650,4.5,129560,4.2,-23702,-45.3,2,0.3
"20000","5","111421","58","0","2025","1","",17,154,164,178,1766712,1540883,20911,822,"",0.41,0.23,0.24,0.24,0.30,0.22,0.60,1.24,"",0,0.0,15,10.8,6,3.8,-12,-6.3,51842,3.0,54313,3.7,-11119,-34.7,9,1.1
"20000","5","111422","58","0","2025","1","",12,194,246,476,1889198,1706898,7693,476,"",0.69,0.60,0.69,1.18,0.65,0.49,0.51,0.77,"",0,0.0,43,28.5,51,26.2,-44,-8.5,106808,6.0,75247,4.6,-12583,-62.1,1,0.2
"20000","5","1119","56","0","2025","1","",97,385,382,387,4315456,3832306,13280,863,"",1.06,0.74,0.72,0.69,0.90,0.69,0.42,1.26,"",5,5.4,37,10.6,29,8.2,34,9.6,287312,7.1,389377,11.3,-25228,-65.5,-19,-2.2
"20000","5","11192","57","0","2025","1","N",3,0,0,0,0,0,0,0,"N",0.16,0,0,0,0,0,0,0,"N",0,0.0,0,0,0,0,0,0,0,0,0,0,0,0,0,0
"20000","5","111920","58","0","2025","1","N",3,0,0,0,0,0,0,0,"N",0.16,0,0,0,0,0,0,0,"N",0,0.0,0,0,0,0,0,0,0,0,0,0,0,0,0,0
"20000","5","11194","57","0","2025","1","N",31,0,0,0,0,0,0,0,"N",2.09,0,0,0,0,0,0,0,"N",3,10.7,0,0,0,0,0,0,0,0,0,0,0,0,0,0
"20000","5","111940","58","0","2025","1","N",31,0,0,0,0,0,0,0,"N",2.09,0,0,0,0,0,0,0,"N",3,10.7,0,0,0,0,0,0,0,0,0,0,0,0,0,0
"20000","5","11199","57","0","2025","1","",63,223,221,225,2533488,2218378,10900,874,"",1.20,0.66,0.65,0.62,0.85,0.60,0.48,1.32,"",2,3.3,20,9.9,24,12.2,31,16.0,135096,5.6,257079,13.1,-15385,-58.5,-58,-6.2
"20000","5","111998","58","0","2025","1","",63,223,221,225,2533488,2218378,10900,874,"",1.32,0.70,0.69,0.65,0.90,0.63,0.49,1.32,"",2,3.3,20,9.9,24,12.2,31,16.0,135096,5.6,257079,13.1,-15385,-58.5,-58,-6.2
"20000","5","112","55","0","2025","1","",677,7599,7599,7733,99294367,83433122,150341,999,"",2.89,3.15,3.13,3.15,4.06,2.93,1.97,1.29,"",-3,-0.4,230,3.1,169,2.3,279,3.7,4395450,4.6,3963643,5.0,-494178,-76.7,15,1.5
"20000","5","1121","56","0","2025","1","",611,6946,6942,7058,91695281,76788640,140512,1010,"",4.14,4.74,4.71,4.74,6.56,4.57,3.13,1.39,"",-1,-0.2,235,3.5,161,2.4,254,3.7,3919568,4.5,3736713,5.1,-461589,-76.7,12,1.2
"20000","5","11211","57","0","2025","1","",570,5261,5255,5325,70829852,57246178,125166,1032,"",6.08,10.12,10.08,10.08,14.36,10.08,9.76,1.42,"",1,0.2,94,1.8,41,0.8,74,1.4,2495193,3.7,2355977,4.3,-370479,-74.7,23,2.3
"20000","5","112111","58","0","2025","1","",424,1914,1930,1944,20376455,18552414,73127,812,"",5.06,5.05,5.08,5.04,6.04,4.69,7.50,1.19,"",4,1.0,14,0.7,47,2.5,51,2.7,609200,3.1,836947,4.7,-129468,-63.9,8,1.0
"20000","5","112112","58","0","2025","1","",146,3347,3325,3381,50453397,38693764,52039,1158,"",14.80,23.68,23.53,23.75,32.33,22.43,16.95,1.37,"",-3,-2.0,80,2.4,-6,-0.2,23,0.7,1885993,3.9,1519030,4.1,-241011,-82.2,32,2.8
"20000","5","11212","57","0","2025","1","",41,1685,1687,1733,20865429,19542462,15346,943,"",0.76,1.78,1.77,1.80,2.31,1.76,0.48,1.29,"",-2,-4.7,141,9.1,120,7.7,180,11.6,1424375,7.3,1380736,7.6,-91110,-85.6,-19,-2.0
"20000","5","112120","58","0","2025","1","",41,1685,1687,1733,20865429,19542462,15346,943,"",0.76,1.78,1.77,1.80,2.31,1.76,0.48,1.29,"",-2,-4.7,141,9.1,120,7.7,180,11.6,1424375,7.3,1380736,7.6,-91110,-85.6,-19,-2.0
"20000","5","1122","56","0","2025","1","",30,392,386,372,4843084,4248932,6523,972,"",1.65,1.62,1.59,1.53,1.87,1.28,1.31,1.18,"",-4,-11.8,-37,-8.6,-40,-9.4,-49,-11.6,-216761,-4.3,-298476,-6.6,-25507,-79.6,57,6.2
"20000","5","11221","57","0","2025","1","",30,392,386,372,4843084,4248932,6523,972,"",1.65,1.62,1.59,1.53,1.87,1.28,1.31,1.18,"",-4,-11.8,-37,-8.6,-40,-9.4,-49,-11.6,-216761,-4.3,-298476,-6.6,-25507,-79.6,57,6.2
"20000","5","112210","58","0","2025","1","",30,392,386,372,4843084,4248932,6523,972,"",1.65,1.62,1.59,1.53,1.87,1.28,1.31,1.18,"",-4,-11.8,-37,-8.6,-40,-9.4,-49,-11.6,-216761,-4.3,-298476,-6.6,-25507,-79.6,57,6.2
"20000","5","1123","56","0","2025","1","",10,170,176,212,2045003,1821376,1519,846,"",0.47,0.39,0.40,0.48,0.40,0.33,0.11,0.94,"",1,11.1,38,28.8,47,36.4,85,66.9,601900,41.7,515914,39.5,-3595,-70.3,-12,-1.4
"20000","5","11231","57","0","2025","1","",8,164,170,205,1956109,1749027,1181,837,"",1.18,0.77,0.80,0.95,0.75,0.65,0.14,0.89,"",2,33.3,38,30.2,47,38.2,84,69.4,610082,45.3,520260,42.3,-2858,-70.8,-3,-0.4
"20000","5","112310","58","0","2025","1","",8,164,170,205,1956109,1749027,1181,837,"",1.18,0.77,0.80,0.95,0.75,0.65,0.14,0.89,"",2,33.3,38,30.2,47,38.2,84,69.4,610082,45.3,520260,42.3,-2858,-70.8,-3,-0.4
"20000","5","11233","57","0","2025","1","N",1,0,0,0,0,0,0,0,"N",0.27,0,0,0,0,0,0,0,"N",-1,-50.0,0,0,0,0,0,0,0,0,0,0,0,0,0,0
"20000","5","112330","58","0","2025","1","N",1,0,0,0,0,0,0,0,"N",0.27,0,0,0,0,0,0,0,"N",-1,-50.0,0,0,0,0,0,0,0,0,0,0,0,0,0,0
"20000","5","11239","57","0","2025","1","N",1,0,0,0,0,0,0,0,"N",0.58,0,0,0,0,0,0,0,"N",0,0.0,0,0,0,0,0,0,0,0,0,0,0,0,0,0
"20000","5","112390","58","0","2025","1","N",1,0,0,0,0,0,0,0,"N",0.58,0,0,0,0,0,0,0,"N",0,0.0,0,0,0,0,0,0,0,0,0,0,0,0,0,0
"20000","5","1125","56","0","2025","1","N",2,0,0,0,0,0,0,0,"N",0.24,0,0,0,0,0,0,0,"N",0,0.0,0,0,0,0,0,0,0,0,0,0,0,0,0,0
"20000","5","11251","57","0","2025","1","N",2,0,0,0,0,0,0,0,"N",0.24,0,0,0,0,0,0,0,"N",0,0.0,0,0,0,0,0,0,0,0,0,0,0,0,0,0
"20000","5","112511","58","0","2025","1","N",2,0,0,0,0,0,0,0,"N",0.53,0,0,0,0,0,0,0,"N",0,0.0,0,0,0,0,0,0,0,0,0,0,0,0,0,0
"20000","5","1129","56","0","2025","1","N",24,0,0,0,0,0,0,0,"N",0.68,0,0,0,0,0,0,0,"N",1,4.3,0,0,0,0,0,0,0,0,0,0,0,0,0,0
"20000","5","11291","57","0","2025","1","N",1,0,0,0,0,0,0,0,"N",0.14,0,0,0,0,0,0,0,"N",0,0.0,0,0,0,0,0,0,0,0,0,0,0,0,0,0
"20000","5","112910","58","0","2025","1","N",1,0,0,0,0,0,0,0,"N",0.14,0,0,0,0,0,0,0,"N",0,0.0,0,0,0,0,0,0,0,0,0,0,0,0,0,0
"20000","5","11292","57","0","2025","1","N",6,0,0,0,0,0,0,0,"N",0.44,0,0,0,0,0,0,0,"N",1,20.0,0,0,0,0,0,0,0,0,0,0,0,0,0,0
"20000","5","112920","58","0","2025","1","N",6,0,0,0,0,0,0,0,"N",0.44,0,0,0,0,0,0,0,"N",1,20.0,0,0,0,0,0,0,0,0,0,0,0,0,0,0
"20000","5","11299","57","0","2025","1","",17,59,59,57,390020,322784,681,514,"",1.22,0.61,0.61,0.60,0.35,0.32,0.14,0.58,"",0,0.0,-7,-10.6,0,0.0,-7,-10.9,29699,8.2,-36087,-10.1,-1628,-70.5,74,16.8
"20000","5","112990","58","0","2025","1","",17,59,59,57,390020,322784,681,514,"",1.22,0.61,0.61,0.60,0.35,0.32,0.14,0.58,"",0,0.0,-7,-10.6,0,0.0,-7,-10.9,29699,8.2,-36087,-10.1,-1628,-70.5,74,16.8
"20000","5","113","55","0","2025","1","",3,5,5,5,29590,29590,66,455,"",0.04,0.01,0.01,0.01,0.01,0.01,0.00,0.51,"",-1,-25.0,0,0.0,1,25.0,-1,-16.7,-1282,-4.2,-1282,-4.2,-262,-79.9,-20,-4.2
"20000","5","1133","56","0","2025","1","",3,5,5,5,29590,29590,66,455,"",0.05,0.01,0.01,0.01,0.01,0.01,0.00,0.52,"",-1,-25.0,0,0.0,1,25.0,-1,-16.7,-1282,-4.2,-1282,-4.2,-262,-79.9,-20,-4.2
"20000","5","11331","57","0","2025","1","",3,5,5,5,29590,29590,66,455,"",0.05,0.01,0.01,0.01,0.01,0.01,0.00,0.52,"",-1,-25.0,0,0.0,1,25.0,-1,-16.7,-1282,-4.2,-1282,-4.2,-262,-79.9,-20,-4.2
"20000","5","113310","58","0","2025","1","",3,5,5,5,29590,29590,66,455,"",0.05,0.01,0.01,0.01,0.01,0.01,0.00,0.52,"",-1,-25.0,0,0.0,1,25.0,-1,-16.7,-1282,-4.2,-1282,-4.2,-262,-79.9,-20,-4.2
"20000","5","114","55","0","2025","1","",5,47,49,36,301831,261069,505,528,"",0.23,0.75,0.79,0.59,0.34,0.27,0.05,0.48,"",0,0.0,0,0.0,2,4.3,15,71.4,48952,19.4,27755,11.9,-407,-44.6,21,4.1
"20000","5","1142","56","0","2025","1","",5,47,49,36,301831,261069,505,528,"",0.99,2.23,2.36,1.73,1.52,1.22,0.68,0.72,"",0,0.0,0,0.0,2,4.3,15,71.4,48952,19.4,27755,11.9,-407,-44.6,21,4.1
"20000","5","11421","57","0","2025","1","",5,47,49,36,301831,261069,505,528,"",0.99,2.23,2.36,1.73,1.52,1.22,0.68,0.72,"",0,0.0,0,0.0,2,4.3,15,71.4,48952,19.4,27755,11.9,-407,-44.6,21,4.1
"20000","5","114210","58","0","2025","1","",5,47,49,36,301831,261069,505,528,"",0.99,2.23,2.36,1.73,1.52,1.22,0.68,0.72,"",0,0.0,0,0.0,2,4.3,15,71.4,48952,19.4,27755,11.9,-407,-44.6,21,4.1
"20000","5","115","55","0","2025","1","",290,1315,1355,1359,17151011,13090023,69934,982,"",1.61,0.44,0.46,0.46,0.66,0.46,0.27,1.47,"",10,3.6,71,5.7,104,8.3,96,7.6,1105160,6.9,889568,7.3,-74985,-51.7,-3,-0.3
"20000","5","1151","56","0","2025","1","",218,925,957,960,12714214,9613993,55180,1032,"",2.12,0.36,0.38,0.39,0.61,0.42,0.23,1.61,"",8,3.8,67,7.8,102,11.9,79,9.0,806657,6.8,746283,8.4,-56070,-50.4,-27,-2.5
"20000","5","11511","57","0","2025","1","",218,925,957,960,12714214,9613993,55180,1032,"",2.12,0.36,0.38,0.39,0.61,0.42,0.23,1.61,"",8,3.8,67,7.8,102,11.9,79,9.0,806657,6.8,746283,8.4,-56070,-50.4,-27,-2.5
"20000","5","115111","58","0","2025","1","",3,96,64,51,1277027,845631,12884,1397,"",0.74,1.90,1.61,1.36,2.54,1.86,4.87,1.54,"",0,0.0,20,26.3,10,18.5,11,27.5,596151,87.6,248395,41.6,-2940,-18.6,473,51.2
"20000","5","115112","58","0","2025","1","",95,418,427,444,6222257,4493513,13159,1114,"",3.00,1.88,1.91,1.96,2.64,1.92,0.77,1.38,"",1,1.1,11,2.7,6,1.4,14,3.3,51816,0.8,132524,3.0,-31025,-70.2,-18,-1.6
"20000","5","115113","58","0","2025","1","",67,190,184,184,1959225,1756359,8101,810,"",7.50,2.24,2.35,2.24,2.67,2.24,0.94,1.18,"",-2,-2.9,23,13.8,13,7.6,-1,-0.5,-2294,-0.1,11792,0.7,-12227,-60.1,-56,-6.5
"20000","5","115114","58","0","2025","1","",23,133,138,139,1435872,1305462,12716,808,"",1.32,0.19,0.20,0.20,0.20,0.18,0.21,0.98,"",3,15.0,6,4.7,8,6.2,-3,-2.1,-32666,-2.2,8402,0.6,-7826,-38.1,-41,-4.8
"20000","5","115115","58","0","2025","1","",12,39,38,45,404220,397168,675,765,"",0.46,0.03,0.03,0.04,0.05,0.04,0.00,1.58,"",5,71.4,14,56.0,15,65.2,21,87.5,160917,66.1,162837,69.5,-1069,-61.3,-15,-1.9
"20000","5","115116","58","0","2025","1","",18,49,106,97,1415613,815860,7645,1296,"",1.20,0.31,0.61,0.55,0.82,0.50,0.60,1.64,"",1,5.9,-7,-12.5,50,89.3,37,61.7,32733,2.4,182333,28.8,-983,-11.4,-559,-30.1
"20000","5","1152","56","0","2025","1","",67,384,392,392,4343854,3415039,14364,858,"",1.31,1.33,1.35,1.34,1.59,1.14,1.65,1.18,"",1,1.5,6,1.6,4,1.0,17,4.5,327310,8.1,169035,5.2,-17312,-54.7,46,5.7
"20000","5","11521","57","0","2025","1","",67,384,392,392,4343854,3415039,14364,858,"",1.31,1.33,1.35,1.34,1.59,1.14,1.65,1.18,"",1,1.5,6,1.6,4,1.0,17,4.5,327310,8.1,169035,5.2,-17312,-54.7,46,5.7
"20000","5","115210","58","0","2025","1","",67,384,392,392,4343854,3415039,14364,858,"",1.31,1.33,1.35,1.34,1.59,1.14,1.65,1.18,"",1,1.5,6,1.6,4,1.0,17,4.5,327310,8.1,169035,5.2,-17312,-54.7,46,5.7
"20000","5","1153","56","0","2025","1","",5,6,6,7,92943,60991,390,1129,"",0.19,0.03,0.03,0.04,0.04,0.03,0.04,1.15,"",1,25.0,-2,-25.0,-2,-25.0,0,0.0,-28807,-23.7,-25750,-29.7,-1603,-80.4,-93,-7.6
"20000","5","11531","57","0","2025","1","",5,6,6,7,92943,60991,390,1129,"",0.19,0.03,0.03,0.04,0.04,0.03,0.04,1.15,"",1,25.0,-2,-25.0,-2,-25.0,0,0.0,-28807,-23.7,-25750,-29.7,-1603,-80.4,-93,-7.6
"20000","5","115310","58","0","2025","1","",5,6,6,7,92943,60991,390,1129,"",0.19,0.03,0.03,0.04,0.04,0.03,0.04,1.15,"",1,25.0,-2,-25.0,-2,-25.0,0,0.0,-28807,-23.7,-25750,-29.7,-1603,-80.4,-93,-7.6
"20000","5","21","54","0","2025","1","",817,6035,5992,6051,110002119,72233201,680430,1404,"",3.34,1.15,1.14,1.15,0.67,0.80,1.61,0.58,"",-24,-2.9,0,0.0,-114,-1.9,-69,-1.1,6668501,6.5,131378,0.2,-191031,-21.9,98,7.5
"20000","5","211","55","0","2025","1","",301,1723,1709,1703,35391369,20719963,47777,1591,"",6.06,1.58,1.57,1.57,0.52,1.03,0.65,0.33,"",-9,-2.9,-77,-4.3,-96,-5.3,-48,-2.7,-523301,-1.5,-980839,-4.5,-128086,-72.8,44,2.8
"20000","5","2111","56","0","2025","1","",301,1723,1709,1703,35391369,20719963,47777,1591,"",6.06,1.58,1.57,1.57,0.52,1.03,0.65,0.33,"",-9,-2.9,-77,-4.3,-96,-5.3,-48,-2.7,-523301,-1.5,-980839,-4.5,-128086,-72.8,44,2.8
"20000","5","21112","57","0","2025","1","",274,1415,1403,1400,27372759,16559651,45000,1498,"",8.02,1.90,1.88,1.88,0.55,1.18,0.95,0.29,"",-10,-3.5,-129,-8.4,-145,-9.4,-100,-6.7,-2396444,-8.1,-1749653,-9.6,-111043,-71.2,2,0.1
"20000","5","211120","58","0","2025","1","",274,1415,1403,1400,27372759,16559651,45000,1498,"",8.02,1.90,1.88,1.88,0.55,1.18,0.95,0.29,"",-10,-3.5,-129,-8.4,-145,-9.4,-100,-6.7,-2396444,-8.1,-1749653,-9.6,-111043,-71.2,2,0.1
"20000","5","21113","57","0","2025","1","",27,308,306,303,8018610,4160312,2777,2018,"",1.74,0.89,0.89,0.89,0.45,0.68,0.11,0.51,"",1,3.8,52,20.3,49,19.1,52,20.7,1873143,30.5,768814,22.7,-17043,-86.0,162,8.7
"20000","5","211130","58","0","2025","1","",27,308,306,303,8018610,4160312,2777,2018,"",1.74,0.89,0.89,0.89,0.45,0.68,0.11,0.51,"",1,3.8,52,20.3,49,19.1,52,20.7,1873143,30.5,768814,22.7,-17043,-86.0,162,8.7
"20000","5","212","55","0","2025","1","",100,1629,1655,1694,34626374,20707863,352654,1605,"",1.69,0.97,0.98,0.99,0.97,0.69,2.24,0.99,"",6,6.4,94,6.1,70,4.4,97,6.1,8112718,30.6,1943160,10.4,89254,33.9,308,23.7
"20000","5","2121","56","0","2025","1","N",1,0,0,0,0,0,0,0,"N",0.19,0,0,0,0,0,0,0,"N",0,0.0,0,0,0,0,0,0,0,0,0,0,0,0,0,0
"20000","5","21211","57","0","2025","1","N",1,0,0,0,0,0,0,0,"N",0.19,0,0,0,0,0,0,0,"N",0,0.0,0,0,0,0,0,0,0,0,0,0,0,0,0,0
"20000","5","212114","58","0","2025","1","N",1,0,0,0,0,0,0,0,"N",0.31,0,0,0,0,0,0,0,"N",0,0.0,0,0,0,0,0,0,0,0,0,0,0,0,0,0
"20000","5","2123","56","0","2025","1","N",99,0,0,0,0,0,0,0,"N",1.99,0,0,0,0,0,0,0,"N",6,6.5,0,0,0,0,0,0,0,0,0,0,0,0,0,0
"20000","5","21231","57","0","2025","1","",49,965,988,1010,22995155,12487877,312039,1791,"",2.38,2.46,2.52,2.49,3.67,2.48,7.81,1.47,"",9,22.5,124,14.7,128,14.9,151,17.6,8646628,60.3,2429538,24.2,161416,107.2,498,38.5
"20000","5","212311","58","0","2025","1","N",19,0,0,0,0,0,0,0,"N",4.09,0,0,0,0,0,0,0,"N",8,72.7,0,0,0,0,0,0,0,0,0,0,0,0,0,0
"20000","5","212312","58","0","2025","1","",27,496,487,498,8133791,5761863,51478,1267,"",2.89,2.48,2.41,2.37,2.52,2.30,2.14,1.04,"",0,0.0,48,10.7,27,5.9,28,6.0,646464,8.6,455151,8.6,-46051,-47.2,13,1.0
"20000","5","212319","58","0","2025","1","N",3,0,0,0,0,0,0,0,"N",0.74,0,0,0,0,0,0,0,"N",1,50.0,0,0,0,0,0,0,0,0,0,0,0,0,0,0
"20000","5","21232","57","0","2025","1","",42,469,474,492,7448456,5566763,38445,1198,"",1.65,1.19,1.19,1.20,1.09,0.97,0.81,0.91,"",-1,-2.3,0,0.0,-9,-1.9,-8,-1.6,23111,0.3,-25355,-0.5,-42119,-52.3,18,1.5
"20000","5","212321","58","0","2025","1","",39,463,467,484,7357066,5500126,36065,1201,"",1.79,1.74,1.75,1.74,1.67,1.36,0.97,0.96,"",0,0.0,11,2.4,2,0.4,1,0.2,167278,2.3,52490,1.0,-41710,-53.6,16,1.4
"20000","5","212322","58","0","2025","1","",3,6,7,8,91390,66637,2380,1004,"",1.39,0.08,0.10,0.11,0.07,0.07,0.35,0.73,"",-1,-25.0,-11,-64.7,-11,-61.1,-9,-52.9,-144167,-61.2,-77845,-53.9,-409,-14.7,-41,-3.9
"20000","5","21239","57","0","2025","1","N",8,0,0,0,0,0,0,0,"N",2.07,0,0,0,0,0,0,0,"N",-2,-20.0,0,0,0,0,0,0,0,0,0,0,0,0,0,0
"20000","5","212390","58","0","2025","1","N",8,0,0,0,0,0,0,0,"N",2.07,0,0,0,0,0,0,0,"N",-2,-20.0,0,0,0,0,0,0,0,0,0,0,0,0,0,0
"20000","5","213","55","0","2025","1","",416,2683,2628,2654,39984376,30805375,279999,1158,"",3.06,1.09,1.06,1.07,0.66,0.76,1.47,0.61,"",-21,-4.8,-17,-0.6,-88,-3.2,-118,-4.3,-920916,-2.3,-830943,-2.6,-152199,-35.2,5,0.4
"20000","5","2131","56","0","2025","1","",416,2683,2628,2654,39984376,30805375,279999,1158,"",3.06,1.09,1.06,1.07,0.66,0.76,1.47,0.61,"",-21,-4.8,-17,-0.6,-88,-3.2,-118,-4.3,-920916,-2.3,-830943,-2.6,-152199,-35.2,5,0.4
"20000","5","21311","57","0","2025","1","",416,2683,2628,2654,39984376,30805375,279999,1158,"",3.06,1.09,1.06,1.07,0.66,0.76,1.47,0.61,"",-21,-4.8,-17,-0.6,-88,-3.2,-118,-4.3,-920916,-2.3,-830943,-2.6,-152199,-35.2,5,0.4
"20000","5","213111","58","0","2025","1","N",61,0,0,0,0,0,0,0,"N",3.76,0,0,0,0,0,0,0,"N",-6,-9.0,0,0,0,0,0,0,0,0,0,0,0,0,0,0
"20000","5","213112","58","0","2025","1","",354,2137,2109,2113,32042806,24511346,106351,1163,"",3.21,1.09,1.06,1.06,0.66,0.77,0.71,0.62,"",-14,-3.8,65,3.1,36,1.7,19,0.9,804114,2.6,304980,1.3,-136201,-56.2,8,0.7
"20000","5","213115","58","0","2025","1","N",1,0,0,0,0,0,0,0,"N",0.38,0,0,0,0,0,0,0,"N",-1,-50.0,0,0,0,0,0,0,0,0,0,0,0,0,0,0
"20000","5","22","54","0","2025","1","",258,5889,5901,5904,183839606,78467787,57678,2398,"",1.29,1.08,1.07,1.07,1.00,0.87,0.20,0.93,"",16,6.6,-68,-1.1,-59,-1.0,-66,-1.1,-1777221,-1.0,-403344,-0.5,-428298,-88.1,3,0.1
"20000","5","221","55","0","2025","1","",258,5889,5901,5904,183839606,78467787,57678,2398,"",1.29,1.08,1.07,1.07,1.00,0.87,0.20,0.93,"",16,6.6,-68,-1.1,-59,-1.0,-66,-1.1,-1777221,-1.0,-403344,-0.5,-428298,-88.1,3,0.1
"20000","5","2211","56","0","2025","1","",158,4216,4228,4238,134435369,55641453,40485,2446,"",1.34,1.11,1.10,1.10,0.99,0.85,0.21,0.90,"",16,11.3,-86,-2.0,-84,-1.9,-78,-1.8,-3799624,-2.7,-939232,-1.7,-321052,-88.8,-21,-0.9
"20000","5","22111","57","0","2025","1","",56,1955,1962,1980,65543050,25926016,30978,2565,"",0.95,1.37,1.36,1.36,1.14,1.06,0.34,0.84,"",11,24.4,-63,-3.1,-53,-2.6,-46,-2.3,-163871,-0.2,-649896,-2.4,-179794,-85.3,62,2.5
"20000","5","221111","58","0","2025","1","N",1,0,0,0,0,0,0,0,"N",0.19,0,0,0,0,0,0,0,"N",0,0.0,0,0,0,0,0,0,0,0,0,0,0,0,0,0
"20000","5","221112","58","0","2025","1","",21,861,864,869,27991762,11168579,3027,2490,"",1.39,1.28,1.28,1.28,1.06,0.97,0.09,0.83,"",0,0.0,13,1.5,13,1.5,13,1.5,688389,2.5,502116,4.7,-53446,-94.6,24,1.0
"20000","5","221113","58","0","2025","1","N",1,0,0,0,0,0,0,0,"N",0.67,0,0,0,0,0,0,0,"N",0,0.0,0,0,0,0,0,0,0,0,0,0,0,0,0,0
"20000","5","221114","58","0","2025","1","",12,80,83,96,1333840,815182,15141,1188,"",0.57,0.53,0.55,0.63,0.26,0.34,1.04,0.46,"",5,71.4,75,1500.0,77,1283.3,93,3100.0,1214056,1013.5,749099,1133.6,13543,847.5,-786,-39.8
"20000","5","221115","58","0","2025","1","",17,250,253,253,7279184,3392313,9153,2222,"",2.65,2.10,2.06,2.02,1.80,1.61,0.79,0.88,"",2,13.3,-145,-36.7,-139,-35.5,-138,-35.3,-1315467,-15.3,-1617610,-32.3,-58158,-86.4,538,31.9
"20000","5","221117","58","0","2025","1","-",0,0,0,0,0,0,0,0,"N",0.00,0,0,0,0,0,0,0,"N",0,0,0,0,0,0,0,0,0,0,0,0,0,0,0,0
"20000","5","221118","58","0","2025","1","N",4,0,0,0,0,0,0,0,"N",0.58,0,0,0,0,0,0,0,"N",4,100.0,0,0,0,0,0,0,0,0,0,0,0,0,0,0
"20000","5","22112","57","0","2025","1","",102,2261,2266,2258,68892319,29715437,9507,2343,"",1.73,0.95,0.95,0.94,0.87,0.72,0.09,0.93,"",5,5.2,-23,-1.0,-31,-1.3,-32,-1.4,-3635753,-5.0,-289336,-1.0,-141258,-93.7,-93,-3.8
"20000","5","221121","58","0","2025","1","N",34,0,0,0,0,0,0,0,"N",4.61,0,0,0,0,0,0,0,"N",2,6.2,0,0,0,0,0,0,0,0,0,0,0,0,0,0
"20000","5","221122","58","0","2025","1","N",68,0,0,0,0,0,0,0,"N",1.32,0,0,0,0,0,0,0,"N",3,4.6,0,0,0,0,0,0,0,0,0,0,0,0,0,0
"20000","5","2212","56","0","2025","1","",72,1482,1484,1478,46086080,20638000,6942,2393,"",2.69,1.38,1.37,1.37,1.21,1.26,0.12,0.88,"",-1,-1.4,1,0.1,9,0.6,-2,-0.1,1314606,2.9,245060,1.2,-92390,-93.0,64,2.7
"20000","5","22121","57","0","2025","1","",72,1482,1484,1478,46086080,20638000,6942,2393,"",2.69,1.38,1.37,1.37,1.21,1.26,0.12,0.88,"",-1,-1.4,1,0.1,9,0.6,-2,-0.1,1314606,2.9,245060,1.2,-92390,-93.0,64,2.7
"20000","5","221210","58","0","2025","1","",72,1482,1484,1478,46086080,20638000,6942,2393,"",2.69,1.38,1.37,1.37,1.21,1.26,0.12,0.88,"",-1,-1.4,1,0.1,9,0.6,-2,-0.1,1314606,2.9,245060,1.2,-92390,-93.0,64,2.7
"20000","5","2213","56","0","2025","1","",28,191,189,188,3318157,2188334,10251,1348,"",0.50,0.34,0.33,0.33,0.34,0.29,0.38,1.01,"",1,3.7,17,9.8,16,9.2,14,8.0,707797,27.1,290828,15.3,-14856,-59.2,192,16.6
"20000","5","22131","57","0","2025","1","N",25,0,0,0,0,0,0,0,"N",0.52,0,0,0,0,0,0,0,"N",3,13.6,0,0,0,0,0,0,0,0,0,0,0,0,0,0
"20000","5","221310","58","0","2025","1","N",25,0,0,0,0,0,0,0,"N",0.52,0,0,0,0,0,0,0,"N",3,13.6,0,0,0,0,0,0,0,0,0,0,0,0,0,0
"20000","5","22132","57","0","2025","1","N",3,0,0,0,0,0,0,0,"N",0.49,0,0,0,0,0,0,0,"N",-2,-40.0,0,0,0,0,0,0,0,0,0,0,0,0,0,0
"20000","5","221320","58","0","2025","1","N",3,0,0,0,0,0,0,0,"N",0.49,0,0,0,0,0,0,0,"N",-2,-40.0,0,0,0,0,0,0,0,0,0,0,0,0,0,0
"20000","5","23","54","0","2025","1","",7421,67156,69960,72867,1287150517,843132247,14104914,1415,"",0.98,0.93,0.96,0.98,1.11,0.86,1.94,1.15,"",-142,-1.9,3685,5.8,3240,4.9,4021,5.8,135598711,11.8,54385170,6.9,-2440959,-14.8,80,6.0
"20000","5","236","55","0","2025","1","",1987,14474,14740,14951,287245443,178980460,2282930,1501,"",0.85,0.88,0.88,0.89,0.95,0.78,1.46,1.08,"",-61,-3.0,838,6.1,705,5.0,751,5.3,30906846,12.1,11795225,7.1,-924678,-28.8,88,6.2
"20000","5","2361","56","0","2025","1","",1368,5755,5768,5862,82315523,62221632,636955,1093,"",0.75,0.69,0.69,0.69,0.63,0.59,1.09,0.91,"",-44,-3.1,187,3.4,110,1.9,102,1.8,4702606,6.1,2325499,3.9,-418164,-39.6,39,3.7
"20000","5","23611","57","0","2025","1","",1368,5755,5768,5862,82315523,62221632,636955,1093,"",0.75,0.69,0.69,0.69,0.63,0.59,1.09,0.91,"",-44,-3.1,187,3.4,110,1.9,102,1.8,4702606,6.1,2325499,3.9,-418164,-39.6,39,3.7
"20000","5","236115","58","0","2025","1","",519,2121,2121,2166,30825676,22669217,187678,1110,"",0.74,0.64,0.64,0.65,0.55,0.53,0.90,0.86,"",-44,-7.8,43,2.1,11,0.5,27,1.3,1245668,4.2,222522,1.0,-156488,-45.5,31,2.9
"20000","5","236116","58","0","2025","1","",19,125,127,127,2355789,1494935,9457,1434,"",0.46,0.30,0.31,0.30,0.25,0.24,0.25,0.83,"",-4,-17.4,14,12.6,24,23.3,20,18.7,297604,14.5,193689,14.9,-12127,-56.2,-46,-3.1
"20000","5","236117","58","0","2025","1","",26,172,152,150,2924969,1839374,17111,1424,"",0.58,0.32,0.28,0.28,0.18,0.22,0.44,0.60,"",6,30.0,35,25.5,14,10.1,16,11.9,861890,41.8,298183,19.3,-2806,-14.1,260,22.3
"20000","5","236118","58","0","2025","1","",804,3337,3368,3419,46209089,36218106,422709,1053,"",0.78,0.82,0.82,0.82,0.95,0.74,1.43,1.15,"",-2,-0.2,95,2.9,61,1.8,39,1.2,2297444,5.2,1611105,4.7,-246743,-36.9,32,3.1
"20000","5","2362","56","0","2025","1","",619,8719,8972,9089,204929920,116758828,1645975,1766,"",1.18,1.06,1.08,1.09,1.19,0.95,1.68,1.11,"",-17,-2.7,651,8.1,595,7.1,649,7.7,26204240,14.7,9469726,8.8,-506514,-23.5,109,6.6
"20000","5","23621","57","0","2025","1","",49,1056,1174,1281,31873429,16796798,378440,2095,"",0.86,0.72,0.78,0.84,1.05,0.77,1.83,1.35,"",-5,-9.3,-40,-3.6,-38,-3.1,-22,-1.7,4887548,18.1,494170,3.0,-60476,-13.8,370,21.4
"20000","5","236210","58","0","2025","1","",49,1056,1174,1281,31873429,16796798,378440,2095,"",0.86,0.72,0.78,0.84,1.05,0.77,1.83,1.35,"",-5,-9.3,-40,-3.6,-38,-3.1,-22,-1.7,4887548,18.1,494170,3.0,-60476,-13.8,370,21.4
"20000","5","23622","57","0","2025","1","",570,7663,7798,7808,173056491,99962030,1267535,1716,"",1.22,1.14,1.15,1.14,1.22,0.99,1.65,1.07,"",-12,-2.1,691,9.9,633,8.8,671,9.4,21316692,14.0,8975556,9.9,-446038,-26.0,70,4.3
"20000","5","236220","58","0","2025","1","",570,7663,7798,7808,173056491,99962030,1267535,1716,"",1.22,1.14,1.15,1.14,1.22,0.99,1.65,1.07,"",-12,-2.1,691,9.9,633,8.8,671,9.4,21316692,14.0,8975556,9.9,-446038,-26.0,70,4.3
"20000","5","237","55","0","2025","1","",554,9142,9919,11237,207370348,126698622,2988457,1579,"",1.17,0.93,0.99,1.09,1.10,0.88,2.35,1.09,"",-18,-3.1,-182,-2.0,-171,-1.7,566,5.3,14291773,7.4,1442608,1.2,-664497,-18.2,98,6.6
"20000","5","2371","56","0","2025","1","",346,5070,5529,6176,115892979,71589439,1345677,1594,"",1.40,0.96,1.02,1.11,1.14,0.92,2.12,1.10,"",-17,-4.7,120,2.4,401,7.8,879,16.6,16289621,16.4,6341022,9.7,-349046,-20.6,99,6.6
"20000","5","23711","57","0","2025","1","",120,1703,1809,1854,31934284,21370217,195893,1373,"",1.15,0.90,0.94,0.94,1.01,0.83,1.00,1.09,"",-10,-7.7,58,3.5,88,5.1,81,4.6,3488264,12.3,985527,4.8,-113584,-36.7,96,7.5
"20000","5","237110","58","0","2025","1","",120,1703,1809,1854,31934284,21370217,195893,1373,"",1.15,0.90,0.94,0.94,1.01,0.83,1.00,1.09,"",-10,-7.7,58,3.5,88,5.1,81,4.6,3488264,12.3,985527,4.8,-113584,-36.7,96,7.5
"20000","5","23712","57","0","2025","1","",75,1282,1586,2071,31528289,22054493,657732,1473,"",2.13,1.03,1.21,1.55,1.24,1.13,3.28,0.97,"",-10,-11.8,-119,-8.5,62,4.1,451,27.8,-861980,-2.7,214217,1.0,-253671,-27.8,-172,-10.5
"20000","5","237120","58","0","2025","1","",75,1282,1586,2071,31528289,22054493,657732,1473,"",2.13,1.03,1.21,1.55,1.24,1.13,3.28,0.97,"",-10,-11.8,-119,-8.5,62,4.1,451,27.8,-861980,-2.7,214217,1.0,-253671,-27.8,-172,-10.5
"20000","5","23713","57","0","2025","1","",151,2085,2134,2251,52430406,28164729,492052,1870,"",1.40,0.97,0.97,1.00,1.16,0.86,2.06,1.19,"",3,2.0,181,9.5,251,13.3,347,18.2,13663337,35.2,5141278,22.3,18209,3.8,298,19.0
"20000","5","237130","58","0","2025","1","",151,2085,2134,2251,52430406,28164729,492052,1870,"",1.40,0.97,0.97,1.00,1.16,0.86,2.06,1.19,"",3,2.0,181,9.5,251,13.3,347,18.2,13663337,35.2,5141278,22.3,18209,3.8,298,19.0
"20000","5","2372","56","0","2025","1","",30,109,108,110,2281102,1168670,8132,1610,"",0.66,0.34,0.33,0.33,0.27,0.27,0.44,0.79,"",-2,-6.2,-34,-23.8,-32,-22.9,-28,-20.3,-191514,-7.7,-300939,-20.5,-6087,-42.8,255,18.8
"20000","5","23721","57","0","2025","1","",30,109,108,110,2281102,1168670,8132,1610,"",0.66,0.34,0.33,0.33,0.27,0.27,0.44,0.79,"",-2,-6.2,-34,-23.8,-32,-22.9,-28,-20.3,-191514,-7.7,-300939,-20.5,-6087,-42.8,255,18.8
"20000","5","237210","58","0","2025","1","",30,109,108,110,2281102,1168670,8132,1610,"",0.66,0.34,0.33,0.33,0.27,0.27,0.44,0.79,"",-2,-6.2,-34,-23.8,-32,-22.9,-28,-20.3,-191514,-7.7,-300939,-20.5,-6087,-42.8,255,18.8
"20000","5","2373","56","0","2025","1","",115,3093,3396,4052,63323707,42399702,1452094,1386,"",1.16,1.06,1.14,1.28,1.19,0.98,3.08,1.02,"",5,4.5,-355,-10.3,-623,-15.5,-407,-9.1,-5248885,-7.7,-5175057,-10.9,-247980,-14.6,59,4.4
"20000","5","23731","57","0","2025","1","",115,3093,3396,4052,63323707,42399702,1452094,1386,"",1.16,1.06,1.14,1.28,1.19,0.98,3.08,1.02,"",5,4.5,-355,-10.3,-623,-15.5,-407,-9.1,-5248885,-7.7,-5175057,-10.9,-247980,-14.6,59,4.4
"20000","5","237310","58","0","2025","1","",115,3093,3396,4052,63323707,42399702,1452094,1386,"",1.16,1.06,1.14,1.28,1.19,0.98,3.08,1.02,"",5,4.5,-355,-10.3,-623,-15.5,-407,-9.1,-5248885,-7.7,-5175057,-10.9,-247980,-14.6,59,4.4
"20000","5","2379","56","0","2025","1","",63,870,886,899,25872560,11540811,182554,2249,"",0.78,0.70,0.70,0.70,1.03,0.66,1.24,1.47,"",-4,-6.0,87,11.1,83,10.3,122,15.7,3442551,15.3,577582,5.3,-61384,-25.2,58,2.6
"20000","5","23799","57","0","2025","1","",63,870,886,899,25872560,11540811,182554,2249,"",0.78,0.70,0.70,0.70,1.03,0.66,1.24,1.47,"",-4,-6.0,87,11.1,83,10.3,122,15.7,3442551,15.3,577582,5.3,-61384,-25.2,58,2.6
"20000","5","237990","58","0","2025","1","",63,870,886,899,25872560,11540811,182554,2249,"",0.78,0.70,0.70,0.70,1.03,0.66,1.24,1.47,"",-4,-6.0,87,11.1,83,10.3,122,15.7,3442551,15.3,577582,5.3,-61384,-25.2,58,2.6
"20000","5","238","55","0","2025","1","",4880,43540,45301,46679,792534726,537453165,8833527,1350,"",1.03,0.95,0.98,1.00,1.18,0.88,1.99,1.21,"",-63,-1.3,3029,7.5,2706,6.4,2704,6.1,90400092,12.9,41147337,8.3,-851784,-8.8,75,5.9
"20000","5","2381","56","0","2025","1","",1100,8325,8651,9235,127907585,96919667,1323046,1126,"",1.15,0.99,1.02,1.06,1.15,0.91,1.73,1.13,"",-18,-1.6,418,5.3,-169,-1.9,175,1.9,2503222,2.0,458516,0.5,-645130,-32.8,4,0.4
"20000","5","23811","57","0","2025","1","",277,2817,2972,3239,42762062,33406392,364989,1093,"",1.40,1.32,1.38,1.45,1.52,1.24,1.99,1.09,"",2,0.7,331,13.3,41,1.4,146,4.7,2579859,6.4,1491880,4.7,-196392,-35.0,3,0.3
"20000","5","238111","58","0","2025","1","",213,1536,1587,1826,20249039,17215709,140600,944,"",1.47,1.51,1.55,1.69,1.72,1.40,1.89,1.08,"",3,1.4,177,13.0,11,0.7,148,8.8,1717881,9.3,1122866,7.0,-99106,-41.3,17,1.8
"20000","5","238112","58","0","2025","1","",64,1281,1385,1413,22513023,16190683,224389,1274,"",1.20,1.15,1.24,1.23,1.37,1.10,2.05,1.14,"",-1,-1.5,154,13.7,30,2.2,-2,-0.1,861978,4.0,369014,2.3,-97286,-30.2,-8,-0.6
"20000","5","23812","57","0","2025","1","",44,490,516,494,8956893,6237842,174844,1378,"",0.97,0.63,0.66,0.63,0.75,0.59,1.88,1.17,"",-9,-17.0,-139,-22.1,-125,-19.5,-155,-23.9,-2540575,-22.1,-1814171,-22.5,-136199,-43.8,-5,-0.4
"20000","5","238121","58","0","2025","1","",7,137,139,127,2688142,1732098,79560,1539,"",0.56,1.07,1.07,0.97,1.57,1.11,6.97,1.52,"",-1,-12.5,-156,-53.2,-159,-53.4,-170,-57.2,-3479277,-56.4,-2174353,-55.7,-134763,-62.9,-64,-4.0
"20000","5","238122","58","0","2025","1","",37,353,377,367,6268751,4505744,95284,1319,"",1.12,0.55,0.58,0.56,0.61,0.50,1.17,1.09,"",-8,-17.8,17,5.1,34,9.9,15,4.3,938702,17.6,360182,8.7,-1436,-1.5,126,10.6
"20000","5","23813","57","0","2025","1","",116,529,540,543,6668640,5316974,61623,955,"",1.25,0.71,0.73,0.73,0.81,0.60,1.18,1.11,"",-10,-7.9,17,3.3,25,4.9,13,2.5,535617,8.7,90500,1.7,4485,7.8,46,5.1
"20000","5","238131","58","0","2025","1","",107,419,432,435,4622216,3991796,53995,829,"",1.33,0.73,0.76,0.76,0.79,0.60,1.50,1.05,"",-8,-7.0,33,8.5,42,10.8,32,7.9,394244,9.3,231406,6.2,5086,10.4,1,0.1
"20000","5","238132","58","0","2025","1","",9,110,108,108,2046424,1325178,7628,1449,"",0.70,0.65,0.63,0.64,0.86,0.59,0.47,1.34,"",-2,-18.2,-16,-12.7,-17,-13.6,-19,-15.0,141373,7.4,-140906,-9.6,-601,-7.3,286,24.6
"20000","5","23814","57","0","2025","1","",176,992,1058,1202,13494612,11585611,169222,958,"",1.16,0.88,0.92,0.99,0.98,0.81,1.31,1.05,"",-13,-6.9,18,1.8,-114,-9.7,19,1.6,102761,0.8,-407257,-3.4,-109185,-39.2,30,3.2
"20000","5","238141","58","0","2025","1","",134,610,649,756,8017419,6964116,81578,918,"",1.17,1.07,1.12,1.24,1.31,1.03,1.92,1.15,"",-8,-5.6,-58,-8.7,-118,-15.4,-24,-3.1,-760636,-8.7,-877779,-11.2,-82620,-50.3,3,0.3
"20000","5","238142","58","0","2025","1","",42,382,409,446,5477193,4621495,87644,1022,"",1.14,0.69,0.73,0.74,0.71,0.61,1.01,0.99,"",-5,-10.6,76,24.8,4,1.0,43,10.7,863397,18.7,470522,11.3,-26565,-23.3,66,6.9
"20000","5","23815","57","0","2025","1","",42,416,420,428,6035443,4817412,19845,1102,"",0.65,0.62,0.62,0.64,0.64,0.55,0.29,1.02,"",1,2.4,-10,-2.3,-4,-0.9,-1,-0.2,280970,4.9,37209,0.8,-27876,-58.4,64,6.2
"20000","5","238151","58","0","2025","1","",14,82,83,83,1131476,916838,6603,1053,"",0.36,0.32,0.32,0.32,0.37,0.30,0.37,1.15,"",-1,-6.7,-7,-7.9,-4,-4.6,-8,-8.8,-6804,-0.6,-32281,-3.4,-5327,-44.7,69,7.0
"20000","5","238152","58","0","2025","1","",28,334,337,345,4903967,3900574,13242,1114,"",1.05,0.81,0.82,0.84,0.77,0.69,0.26,0.94,"",2,7.7,-3,-0.9,0,0.0,7,2.1,287774,6.2,69490,1.8,-22549,-63.0,61,5.8
"20000","5","23816","57","0","2025","1","",277,2229,2284,2449,37506441,26133920,372434,1243,"",1.06,1.02,1.05,1.09,1.30,0.98,2.12,1.23,"",5,1.8,169,8.2,-5,-0.2,108,4.6,1487933,4.1,823496,3.3,-108727,-22.6,1,0.1
"20000","5","238161","58","0","2025","1","",196,950,942,1010,15125261,10594901,118782,1203,"",0.93,0.79,0.78,0.82,1.04,0.76,1.61,1.30,"",8,4.3,110,13.1,11,1.2,58,6.1,1278420,9.2,846703,8.7,-56033,-32.1,30,2.6
"20000","5","238162","58","0","2025","1","",81,1279,1342,1439,22381180,15539019,253652,1272,"",1.58,1.31,1.37,1.41,1.56,1.23,2.50,1.14,"",-3,-3.6,59,4.8,-16,-1.2,50,3.6,209513,0.9,-23207,-0.1,-52694,-17.2,-18,-1.4
"20000","5","23817","57","0","2025","1","",113,426,432,465,5164917,4204762,68412,901,"",1.60,1.16,1.18,1.22,1.23,0.91,2.47,1.04,"",1,0.9,40,10.4,12,2.9,28,6.4,265983,5.4,306733,7.9,-6078,-8.2,-9,-1.0
"20000","5","238171","58","0","2025","1","N",111,0,0,0,0,0,0,0,"N",1.68,0,0,0,0,0,0,0,"N",1,0.9,0,0,0,0,0,0,0,0,0,0,0,0,0,0
"20000","5","238172","58","0","2025","1","N",2,0,0,0,0,0,0,0,"N",0.43,0,0,0,0,0,0,0,"N",0,0.0,0,0,0,0,0,0,0,0,0,0,0,0,0,0
"20000","5","23819","57","0","2025","1","",55,426,429,415,7318577,5216754,91677,1330,"",0.82,0.97,0.97,0.91,1.21,0.92,2.49,1.27,"",5,10.0,-8,-1.8,1,0.2,17,4.3,-209326,-2.8,-69874,-1.3,-65158,-41.5,-49,-3.6
"20000","5","238191","58","0","2025","1","",21,202,207,209,3122996,2385181,24663,1166,"",0.53,1.03,1.05,1.04,1.29,1.02,1.90,1.23,"",2,10.5,20,11.0,34,19.7,36,20.8,61536,2.0,173476,7.8,-23422,-48.7,-172,-12.9
"20000","5","238192","58","0","2025","1","",34,224,222,206,4195581,2831573,67014,1485,"",1.24,0.92,0.90,0.81,1.16,0.85,2.80,1.32,"",3,9.7,-28,-11.1,-33,-12.9,-19,-8.4,-270862,-6.1,-243350,-7.9,-41736,-38.4,77,5.5
"20000","5","2382","56","0","2025","1","",1889,23468,23997,24110,478728781,298878164,4802841,1543,"",0.99,1.01,1.02,1.02,1.28,0.92,2.11,1.25,"",3,0.2,2209,10.4,2390,11.1,2026,9.2,75290912,18.7,32492890,12.2,-94683,-1.9,110,7.7
"20000","5","23821","57","0","2025","1","",736,8328,8516,8631,172163843,108275716,2336335,1560,"",0.91,0.83,0.84,0.85,1.04,0.77,2.23,1.24,"",0,0.0,1132,15.7,1135,15.4,1150,15.4,40582838,30.8,17739198,19.6,528805,29.3,183,13.3
"20000","5","238211","58","0","2025","1","",417,3029,3037,3019,54991602,36290237,741233,1397,"",0.85,0.95,0.95,0.94,1.31,0.88,3.26,1.39,"",-7,-1.7,473,18.5,331,12.2,227,8.1,15307629,38.6,5264197,17.0,130042,21.3,260,22.9
"20000","5","238212","58","0","2025","1","",319,5299,5479,5612,117172241,71985479,1595102,1650,"",1.01,0.78,0.79,0.81,0.95,0.72,1.94,1.20,"",7,2.2,659,14.2,804,17.2,923,19.7,25275209,27.5,12475001,21.0,398763,33.3,136,9.0
"20000","5","23822","57","0","2025","1","",1039,12878,12880,12921,250017184,157459335,2011945,1492,"",1.05,1.09,1.09,1.08,1.38,0.97,1.88,1.27,"",13,1.3,1060,9.0,945,7.9,629,5.1,26457142,11.8,10405045,7.1,-683264,-25.4,61,4.3
"20000","5","238221","58","0","2025","1","",790,6406,6374,6422,100020613,72865425,723839,1202,"",1.05,1.05,1.04,1.04,1.27,0.93,1.84,1.22,"",-1,-0.1,223,3.6,184,3.0,159,2.5,7854901,8.5,3276909,4.7,-446607,-38.2,61,5.3
"20000","5","238222","58","0","2025","1","",249,6472,6506,6499,149996571,84593910,1288106,1777,"",1.04,1.14,1.14,1.13,1.46,1.01,1.90,1.28,"",14,6.0,837,14.9,761,13.2,470,7.8,18602241,14.2,7128136,9.2,-236657,-15.5,35,2.0
"20000","5","23829","57","0","2025","1","",114,2262,2601,2558,56547754,33143113,454561,1758,"",1.11,1.54,1.75,1.70,1.97,1.49,2.90,1.18,"",-10,-8.1,17,0.8,310,13.5,247,10.7,8250932,17.1,4348647,15.1,59776,15.1,130,8.0
"20000","5","238291","58","0","2025","1","",15,118,117,125,1613908,1367030,8970,1035,"",0.57,0.80,0.79,0.84,0.84,0.73,0.78,1.04,"",-4,-21.1,-21,-15.1,-19,-14.0,-16,-11.3,-196876,-10.9,-179994,-11.6,-17458,-66.1,30,3.0
"20000","5","238292","58","0","2025","1","",99,2144,2484,2433,54933846,31776083,445591,1795,"",1.29,1.62,1.85,1.79,2.05,1.56,3.06,1.17,"",-6,-5.7,38,1.8,329,15.3,263,12.1,8447808,18.2,4528641,16.6,77234,21.0,127,7.6
"20000","5","2383","56","0","2025","1","",972,5752,6046,6176,86225843,65781889,1052284,1107,"",0.88,0.78,0.81,0.82,0.93,0.72,1.52,1.15,"",-35,-3.5,-146,-2.5,21,0.3,-58,-0.9,3236421,3.9,330224,0.5,-231685,-18.0,52,4.9
"20000","5","23831","57","0","2025","1","",157,1426,1642,1670,23973981,18093377,375522,1168,"",0.88,0.65,0.73,0.74,0.78,0.62,1.47,1.11,"",-11,-6.5,18,1.3,203,14.1,155,10.2,3028604,14.5,1743098,10.7,78402,26.4,60,5.4
"20000","5","238311","58","0","2025","1","",119,687,700,713,9064699,7371428,76162,996,"",0.93,0.66,0.67,0.68,0.76,0.59,1.06,1.13,"",-6,-4.8,-189,-21.6,-181,-20.5,-196,-21.6,-2439801,-21.2,-2040997,-21.7,-53654,-41.3,0,0.0
"20000","5","238312","58","0","2025","1","",38,739,942,957,14909282,10721949,299360,1304,"",0.77,0.63,0.78,0.79,0.80,0.64,1.63,1.09,"",-5,-11.6,207,38.9,384,68.8,351,57.9,5468405,57.9,3784095,54.5,132056,78.9,19,1.5
"20000","5","23832","57","0","2025","1","",320,1266,1286,1347,14321727,12763786,152193,848,"",0.96,0.73,0.74,0.75,0.75,0.64,1.02,1.01,"",-19,-5.6,-83,-6.2,-107,-7.7,-120,-8.2,-675704,-4.5,-749988,-5.5,-71017,-31.8,26,3.2
"20000","5","238321","58","0","2025","1","",262,933,960,1003,10255503,9171745,89134,817,"",0.93,0.86,0.88,0.90,0.99,0.78,1.30,1.13,"",-18,-6.4,-91,-8.9,-92,-8.7,-110,-9.9,-335561,-3.2,-534979,-5.5,-50594,-36.2,51,6.7
"20000","5","238322","58","0","2025","1","",58,333,326,344,4066224,3592041,63059,936,"",1.09,0.52,0.50,0.51,0.46,0.43,0.78,0.90,"",-1,-1.7,8,2.5,-15,-4.4,-10,-2.8,-340143,-7.7,-215009,-5.6,-20423,-24.5,-61,-6.1
"20000","5","23833","57","0","2025","1","",160,630,642,655,9311909,7306310,92063,1115,"",1.03,0.88,0.88,0.89,1.02,0.83,1.47,1.15,"",5,3.2,-44,-6.5,-23,-3.5,-8,-1.2,467943,5.3,-94744,-1.3,-26819,-22.6,96,9.4
"20000","5","238331","58","0","2025","1","",125,368,380,390,4547861,3901496,33727,922,"",0.98,0.79,0.81,0.82,0.88,0.73,1.19,1.09,"",1,0.8,-6,-1.6,0,0.0,22,6.0,243644,5.7,45641,1.2,-16686,-33.1,37,4.2
"20000","5","238332","58","0","2025","1","",35,262,262,265,4764048,3404814,58336,1393,"",1.26,1.04,1.03,1.02,1.21,0.97,1.71,1.17,"",4,12.9,-38,-12.7,-23,-8.1,-30,-10.2,224299,4.9,-140385,-4.0,-10133,-14.8,203,17.1
"20000","5","23834","57","0","2025","1","",41,326,318,330,4853685,3803251,91550,1150,"",0.50,0.68,0.66,0.67,0.86,0.65,2.32,1.29,"",2,5.1,13,4.2,-2,-0.6,1,0.3,-43843,-0.9,-63131,-1.6,-10440,-10.2,-25,-2.1
"20000","5","238341","58","0","2025","1","",31,146,144,153,1931339,1608913,7640,1006,"",0.43,0.40,0.39,0.41,0.48,0.37,0.33,1.21,"",3,10.7,14,10.6,18,14.3,26,20.5,217897,12.7,151015,10.4,-8544,-52.8,-21,-2.0
"20000","5","238342","58","0","2025","1","",10,180,174,177,2922346,2194338,83910,1270,"",1.05,1.61,1.54,1.52,1.81,1.41,5.13,1.16,"",-1,-9.1,-1,-0.6,-20,-10.3,-25,-12.4,-261740,-8.2,-214146,-8.9,-1896,-2.2,-3,-0.2
"20000","5","23835","57","0","2025","1","",221,1346,1358,1360,22673534,14998957,158054,1287,"",0.84,0.94,0.94,0.94,1.27,0.84,1.43,1.35,"",-13,-5.6,-9,-0.7,-14,-1.0,-37,-2.6,442765,2.0,-10282,-0.1,-102377,-39.3,43,3.5
"20000","5","238351","58","0","2025","1","",194,1065,1066,1059,15180297,11325579,57759,1098,"",0.83,0.93,0.93,0.92,1.13,0.82,0.81,1.22,"",-8,-4.0,20,1.9,6,0.6,-17,-1.6,-686937,-4.3,208034,1.9,-72429,-55.6,-53,-4.6
"20000","5","238352","58","0","2025","1","",27,281,292,301,7493237,3673378,100295,1978,"",0.94,0.98,1.01,1.04,1.70,0.89,2.57,1.68,"",-5,-15.6,-29,-9.4,-20,-6.4,-20,-6.2,1129702,17.8,-218316,-5.6,-29948,-23.0,421,27.0
"20000","5","23839","57","0","2025","1","",73,758,800,814,11091007,8816208,182902,1079,"",0.84,0.98,1.04,1.01,1.07,0.90,2.47,1.06,"",1,1.4,-41,-5.1,-36,-4.3,-49,-5.7,16656,0.2,-494729,-5.3,-99434,-35.2,56,5.5
"20000","5","238391","58","0","2025","1","",37,289,303,315,3878742,3251261,53250,987,"",0.73,0.88,0.92,0.93,0.99,0.83,2.48,1.09,"",1,2.8,-21,-6.8,-11,-3.5,-7,-2.2,-113441,-2.8,-210202,-6.1,-12016,-18.4,13,1.3
"20000","5","238392","58","0","2025","1","",36,469,497,499,7212265,5564947,129652,1136,"",0.98,1.05,1.12,1.07,1.12,0.95,2.46,1.04,"",0,0.0,-20,-4.1,-25,-4.8,-42,-7.8,130097,1.8,-284527,-4.9,-87418,-40.3,83,7.9
"20000","5","2389","56","0","2025","1","",919,5995,6607,7158,99672517,75873445,1655356,1164,"",1.14,0.90,0.98,1.02,1.07,0.87,2.37,1.11,"",-13,-1.4,548,10.1,464,7.6,561,8.5,9369537,10.4,7865707,11.6,119714,7.8,18,1.6
"20000","5","23891","57","0","2025","1","",402,2909,2984,3124,44772229,34725290,721607,1146,"",1.19,0.83,0.84,0.86,0.91,0.73,1.94,1.08,"",-30,-6.9,284,10.8,100,3.5,132,4.4,2747835,6.5,2161460,6.6,29560,4.3,5,0.4
"20000","5","238911","58","0","2025","1","",173,804,816,901,11656350,9595432,103872,1067,"",0.88,0.62,0.63,0.68,0.74,0.57,0.96,1.16,"",-9,-4.9,1,0.1,-83,-9.2,-10,-1.1,141901,1.2,-187113,-1.9,-56545,-35.2,50,4.9
"20000","5","238912","58","0","2025","1","",229,2105,2168,2223,33115879,25129858,617735,1176,"",1.63,0.94,0.97,0.96,0.98,0.82,2.35,1.03,"",-21,-8.4,283,15.5,183,9.2,142,6.8,2605934,8.5,2348573,10.3,86105,16.2,-20,-1.7
"20000","5","23899","57","0","2025","1","",517,3086,3623,4034,54900288,41148155,933749,1179,"",1.11,0.98,1.13,1.21,1.26,1.03,2.85,1.14,"",17,3.4,264,9.4,364,11.2,429,11.9,6621702,13.7,5704247,16.1,90154,10.7,29,2.5
"20000","5","238991","58","0","2025","1","",319,1282,1505,1727,17826790,15549950,279903,911,"",1.02,0.84,0.98,1.07,1.00,0.87,2.22,1.04,"",8,2.6,91,7.6,53,3.7,128,8.0,1352512,8.2,1104042,7.6,-17610,-5.9,15,1.7
"20000","5","238992","58","0","2025","1","",198,1804,2118,2307,37073498,25598205,653846,1373,"",1.29,1.10,1.28,1.33,1.44,1.16,3.23,1.16,"",9,4.8,173,10.6,311,17.2,301,15.0,5269190,16.6,4600205,21.9,107764,19.7,25,1.9
"20000","5","31-33","54","0","2025","1","",3450,173691,173997,173842,3432198069,2145324163,10333237,1519,"",1.07,1.51,1.50,1.50,1.61,1.37,1.42,1.07,"",23,0.7,-496,-0.3,-992,-0.6,-879,-0.5,101939423,3.1,17949591,0.8,-13686905,-57.0,52,3.5
"20000","5","311","55","0","2025","1","",390,38587,38481,38255,616734753,458901120,1241004,1234,"",1.14,2.38,2.37,2.35,3.01,2.27,1.48,1.27,"",-4,-1.0,957,2.5,858,2.3,579,1.5,4804522,0.8,14525611,3.3,-2924076,-70.2,-16,-1.3
"20000","5","3111","56","0","2025","1","",94,5024,4985,5012,88101467,57606183,361380,1354,"",3.94,7.20,7.12,7.13,7.60,5.85,10.85,1.06,"",0,0.0,151,3.1,99,2.0,108,2.2,5596150,6.8,241720,0.4,-375303,-50.9,56,4.3
"20000","5","31111","57","0","2025","1","",94,5024,4985,5012,88101467,57606183,361380,1354,"",3.94,7.20,7.12,7.13,7.60,5.85,10.85,1.06,"",0,0.0,151,3.1,99,2.0,108,2.2,5596150,6.8,241720,0.4,-375303,-50.9,56,4.3
"20000","5","311111","58","0","2025","1","",31,3881,3857,3883,65983854,44060388,322198,1310,"",4.01,10.91,10.79,10.79,10.49,8.76,17.65,0.97,"",-1,-3.1,184,5.0,136,3.7,141,3.8,5531997,9.2,731322,1.7,-287489,-47.2,60,4.8
"20000","5","311119","58","0","2025","1","",63,1143,1128,1129,22117613,13545795,39182,1501,"",3.91,3.34,3.29,3.29,4.17,2.81,2.60,1.26,"",1,1.6,-33,-2.8,-37,-3.2,-33,-2.8,64153,0.3,-489602,-3.5,-87814,-69.1,48,3.3
"20000","5","3112","56","0","2025","1","",36,1579,1574,1573,31804077,17910630,37623,1553,"",3.62,2.54,2.54,2.53,2.67,1.85,1.01,1.05,"",1,2.9,-31,-1.9,-68,-4.1,-49,-3.0,-1453574,-4.4,1946703,12.2,-93290,-71.3,-22,-1.4
"20000","5","31121","57","0","2025","1","",22,676,677,684,13462159,7033830,11138,1525,"",4.93,3.45,3.45,3.48,4.37,2.57,1.04,1.26,"",1,4.8,-9,-1.3,-26,-3.7,-19,-2.7,-906209,-6.3,2217342,46.0,-8719,-43.9,-61,-3.8
"20000","5","311211","58","0","2025","1","",22,676,677,684,13462159,7033830,11138,1525,"",7.00,4.91,4.93,4.98,5.85,3.36,1.40,1.18,"",1,4.8,-9,-1.3,-26,-3.7,-19,-2.7,-906209,-6.3,2217342,46.0,-8719,-43.9,-61,-3.8
"20000","5","31122","57","0","2025","1","",14,903,897,889,18341918,10876800,26485,1574,"",3.34,2.97,2.98,2.93,2.73,2.19,1.34,0.92,"",0,0.0,-22,-2.4,-42,-4.5,-30,-3.3,-547365,-2.9,-270639,-2.4,-84571,-76.2,8,0.5
"20000","5","311221","58","0","2025","1","N",2,0,0,0,0,0,0,0,"N",3.43,0,0,0,0,0,0,0,"N",0,0.0,0,0,0,0,0,0,0,0,0,0,0,0,0,0
"20000","5","311224","58","0","2025","1","N",5,0,0,0,0,0,0,0,"N",2.62,0,0,0,0,0,0,0,"N",0,0.0,0,0,0,0,0,0,0,0,0,0,0,0,0,0
"20000","5","311225","58","0","2025","1","",7,589,587,584,10174318,7181285,21577,1334,"",4.13,7.05,6.98,6.94,7.29,6.37,4.45,1.04,"",0,0.0,-18,-3.0,-30,-4.9,-16,-2.7,-608319,-5.6,-152123,-2.1,-69284,-76.3,-30,-2.2
"20000","5","3113","56","0","2025","1","",18,1524,1520,1498,25671831,16778804,53634,1304,"",0.93,2.01,2.01,1.99,2.43,1.83,0.83,1.21,"",0,0.0,9,0.6,8,0.5,180,13.7,1717040,7.2,1408172,9.2,-119782,-69.1,32,2.5
"20000","5","31131","57","0","2025","1","N",1,0,0,0,0,0,0,0,"N",1.08,0,0,0,0,0,0,0,"N",0,0.0,0,0,0,0,0,0,0,0,0,0,0,0,0,0
"20000","5","311314","58","0","2025","1","N",1,0,0,0,0,0,0,0,"N",1.52,0,0,0,0,0,0,0,"N",0,0.0,0,0,0,0,0,0,0,0,0,0,0,0,0,0
"20000","5","31134","57","0","2025","1","N",5,0,0,0,0,0,0,0,"N",0.84,0,0,0,0,0,0,0,"N",1,25.0,0,0,0,0,0,0,0,0,0,0,0,0,0,0
"20000","5","311340","58","0","2025","1","N",5,0,0,0,0,0,0,0,"N",0.84,0,0,0,0,0,0,0,"N",1,25.0,0,0,0,0,0,0,0,0,0,0,0,0,0,0
"20000","5","31135","57","0","2025","1","",12,1483,1480,1459,24278309,16330696,51879,1267,"",0.96,3.94,3.93,3.93,5.21,4.03,1.86,1.32,"",-1,-7.7,73,5.2,71,5.0,233,19.0,2358388,10.8,2217994,15.7,-103979,-66.7,16,1.3
"20000","5","311351","58","0","2025","1","N",3,0,0,0,0,0,0,0,"N",1.03,0,0,0,0,0,0,0,"N",0,0.0,0,0,0,0,0,0,0,0,0,0,0,0,0,0
"20000","5","311352","58","0","2025","1","N",9,0,0,0,0,0,0,0,"N",0.94,0,0,0,0,0,0,0,"N",-1,-10.0,0,0,0,0,0,0,0,0,0,0,0,0,0,0
"20000","5","3114","56","0","2025","1","",20,1767,1761,1778,25588422,20799204,24522,1113,"",0.85,1.15,1.15,1.15,1.27,1.05,0.21,1.10,"",-1,-4.8,150,9.3,136,8.4,157,9.7,2697426,11.8,2044601,10.9,-48734,-66.5,27,2.5
"20000","5","31141","57","0","2025","1","N",12,0,0,0,0,0,0,0,"N",1.18,0,0,0,0,0,0,0,"N",0,0.0,0,0,0,0,0,0,0,0,0,0,0,0,0,0
"20000","5","311411","58","0","2025","1","N",1,0,0,0,0,0,0,0,"N",0.34,0,0,0,0,0,0,0,"N",-1,-50.0,0,0,0,0,0,0,0,0,0,0,0,0,0,0
"20000","5","311412","58","0","2025","1","N",11,0,0,0,0,0,0,0,"N",1.53,0,0,0,0,0,0,0,"N",1,10.0,0,0,0,0,0,0,0,0,0,0,0,0,0,0
"20000","5","31142","57","0","2025","1","N",8,0,0,0,0,0,0,0,"N",0.59,0,0,0,0,0,0,0,"N",-1,-11.1,0,0,0,0,0,0,0,0,0,0,0,0,0,0
"20000","5","311421","58","0","2025","1","N",6,0,0,0,0,0,0,0,"N",0.65,0,0,0,0,0,0,0,"N",-1,-14.3,0,0,0,0,0,0,0,0,0,0,0,0,0,0
"20000","5","311423","58","0","2025","1","N",2,0,0,0,0,0,0,0,"N",0.67,0,0,0,0,0,0,0,"N",0,0.0,0,0,0,0,0,0,0,0,0,0,0,0,0,0
"20000","5","3115","56","0","2025","1","",13,983,1006,1003,19075835,13311709,103583,1471,"",0.57,0.64,0.66,0.65,0.77,0.63,1.12,1.18,"",-2,-13.3,88,9.8,206,25.8,211,26.6,4299559,29.1,2833596,27.0,-33493,-24.4,100,7.3
"20000","5","31151","57","0","2025","1","N",10,0,0,0,0,0,0,0,"N",0.68,0,0,0,0,0,0,0,"N",-3,-23.1,0,0,0,0,0,0,0,0,0,0,0,0,0,0
"20000","5","311511","58","0","2025","1","",4,393,399,390,7921204,5508824,1015,1547,"",0.67,0.76,0.77,0.75,0.87,0.79,0.03,1.15,"",-2,-33.3,-127,-24.4,-9,-2.2,0,0.0,-78410,-1.0,-294282,-5.1,-40139,-97.5,146,10.4
"20000","5","311512","58","0","2025","1","N",1,0,0,0,0,0,0,0,"N",1.90,0,0,0,0,0,0,0,"N",1,100.0,0,0,0,0,0,0,0,0,0,0,0,0,0,0
"20000","5","311513","58","0","2025","1","N",3,0,0,0,0,0,0,0,"N",0.51,0,0,0,0,0,0,0,"N",-2,-40.0,0,0,0,0,0,0,0,0,0,0,0,0,0,0
"20000","5","311514","58","0","2025","1","N",2,0,0,0,0,0,0,0,"N",0.85,0,0,0,0,0,0,0,"N",0,0.0,0,0,0,0,0,0,0,0,0,0,0,0,0,0
"20000","5","31152","57","0","2025","1","N",3,0,0,0,0,0,0,0,"N",0.38,0,0,0,0,0,0,0,"N",1,50.0,0,0,0,0,0,0,0,0,0,0,0,0,0,0
"20000","5","311520","58","0","2025","1","N",3,0,0,0,0,0,0,0,"N",0.38,0,0,0,0,0,0,0,"N",1,50.0,0,0,0,0,0,0,0,0,0,0,0,0,0,0
"20000","5","3116","56","0","2025","1","",91,20473,20344,20107,298555003,245146669,383632,1131,"",2.40,4.00,3.96,3.92,5.31,3.87,2.43,1.34,"",-6,-6.2,226,1.1,115,0.6,-294,-1.4,-8964609,-2.9,-319819,-0.1,-1658987,-81.2,-35,-3.0
"20000","5","31161","57","0","2025","1","",91,20473,20344,20107,298555003,245146669,383632,1131,"",2.40,4.00,3.96,3.92,5.31,3.87,2.43,1.34,"",-6,-6.2,226,1.1,115,0.6,-294,-1.4,-8964609,-2.9,-319819,-0.1,-1658987,-81.2,-35,-3.0
"20000","5","311611","58","0","2025","1","",48,11368,11331,11302,168125098,134880563,100330,1141,"",3.55,8.46,8.41,8.39,10.95,7.21,2.49,1.30,"",-5,-9.4,-465,-3.9,-505,-4.3,-580,-4.9,-17667079,-9.5,-6943540,-4.9,-973195,-90.7,-65,-5.4
"20000","5","311612","58","0","2025","1","",40,8958,8873,8663,127755288,108292818,279095,1113,"",2.51,6.35,6.26,6.12,7.60,5.74,4.11,1.22,"",-1,-2.4,696,8.4,633,7.7,292,3.5,8873870,7.5,6699361,6.6,-675214,-70.8,10,0.9
"20000","5","311613","58","0","2025","1","N",1,0,0,0,0,0,0,0,"N",0.56,0,0,0,0,0,0,0,"N",0,0.0,0,0,0,0,0,0,0,0,0,0,0,0,0,0
"20000","5","311615","58","0","2025","1","N",2,0,0,0,0,0,0,0,"N",0.30,0,0,0,0,0,0,0,"N",0,0.0,0,0,0,0,0,0,0,0,0,0,0,0,0,0
"20000","5","3118","56","0","2025","1","",66,2618,2645,2655,45002510,30785047,127313,1312,"",0.51,0.82,0.83,0.83,1.44,0.92,0.84,1.74,"",0,0.0,132,5.3,122,4.8,84,3.3,2422365,5.7,3015696,10.9,-230469,-64.4,16,1.2
"20000","5","31181","57","0","2025","1","",49,1535,1564,1580,23540834,17146397,95774,1161,"",0.43,0.62,0.63,0.63,1.03,0.69,0.86,1.64,"",1,2.1,44,3.0,45,3.0,18,1.2,1857475,8.6,1956916,12.9,-120749,-55.8,67,6.1
"20000","5","311811","58","0","2025","1","",32,222,225,231,1098657,1041466,6028,374,"",0.41,0.23,0.23,0.24,0.20,0.14,0.18,0.84,"",-1,-3.0,-50,-18.4,-45,-16.7,-41,-15.1,-632885,-36.6,-528812,-33.7,-8681,-59.0,-117,-23.8
"20000","5","311812","58","0","2025","1","",17,1313,1339,1349,22442177,16104931,89746,1294,"",0.50,0.95,0.97,0.97,1.44,1.01,1.26,1.49,"",2,13.3,94,7.7,90,7.2,59,4.6,2490360,12.5,2485728,18.3,-112068,-55.5,69,5.6
"20000","5","31182","57","0","2025","1","",7,819,824,813,18328014,10772454,23230,1722,"",0.68,1.57,1.58,1.56,2.75,1.60,0.68,1.75,"N",0,0.0,0,0,0,0,0,0,0,0,0,0,0,0,0,0
"20000","5","311821","58","0","2025","1","N",1,0,0,0,0,0,0,0,"N",0.16,0,0,0,0,0,0,0,"N",-1,-50.0,0,0,0,0,0,0,0,0,0,0,0,0,0,0
"20000","5","311824","58","0","2025","1","N",6,0,0,0,0,0,0,0,"N",1.42,0,0,0,0,0,0,0,"N",1,20.0,0,0,0,0,0,0,0,0,0,0,0,0,0,0
"20000","5","31183","57","0","2025","1","",10,264,257,262,3133662,2866196,8309,924,"",2.40,1.42,1.38,1.40,1.66,1.47,1.25,1.19,"N",-1,-9.1,0,0,0,0,0,0,0,0,0,0,0,0,0,0
"20000","5","311830","58","0","2025","1","",10,264,257,262,3133662,2866196,8309,924,"",2.40,1.42,1.38,1.40,1.66,1.47,1.25,1.19,"N",-1,-9.1,0,0,0,0,0,0,0,0,0,0,0,0,0,0
"20000","5","3119","56","0","2025","1","",52,4619,4646,4629,82935608,56562874,149317,1378,"",0.73,1.86,1.86,1.85,2.42,1.83,0.93,1.30,"",4,8.3,232,5.3,240,5.4,182,4.1,-1509835,-1.8,3354942,6.3,-364018,-70.9,-94,-6.4
"20000","5","31191","57","0","2025","1","N",8,0,0,0,0,0,0,0,"N",0.82,0,0,0,0,0,0,0,"N",3,60.0,0,0,0,0,0,0,0,0,0,0,0,0,0,0
"20000","5","311919","58","0","2025","1","N",8,0,0,0,0,0,0,0,"N",1.15,0,0,0,0,0,0,0,"N",3,60.0,0,0,0,0,0,0,0,0,0,0,0,0,0,0
"20000","5","31192","57","0","2025","1","",8,61,60,62,437085,394989,1161,551,"",0.55,0.23,0.22,0.23,0.13,0.12,0.07,0.57,"",-1,-11.1,-1,-1.6,1,1.7,2,3.3,-31042,-6.6,-33890,-7.9,-3128,-72.9,-46,-7.7
"20000","5","311920","58","0","2025","1","",8,61,60,62,437085,394989,1161,551,"",0.55,0.23,0.22,0.23,0.13,0.12,0.07,0.57,"",-1,-11.1,-1,-1.6,1,1.7,2,3.3,-31042,-6.6,-33890,-7.9,-3128,-72.9,-46,-7.7
"20000","5","31193","57","0","2025","1","N",3,0,0,0,0,0,0,0,"N",1.07,0,0,0,0,0,0,0,"N",1,50.0,0,0,0,0,0,0,0,0,0,0,0,0,0,0
"20000","5","311930","58","0","2025","1","N",3,0,0,0,0,0,0,0,"N",1.07,0,0,0,0,0,0,0,"N",1,50.0,0,0,0,0,0,0,0,0,0,0,0,0,0,0
"20000","5","31194","57","0","2025","1","",9,806,803,794,19065824,10748789,10769,1831,"",0.90,1.70,1.69,1.66,2.49,1.70,0.32,1.48,"",-1,-10.0,77,10.6,60,8.1,55,7.4,-7557954,-28.4,973626,10.0,-69220,-86.5,-948,-34.1
"20000","5","311941","58","0","2025","1","N",1,0,0,0,0,0,0,0,"N",0.25,0,0,0,0,0,0,0,"N",0,0.0,0,0,0,0,0,0,0,0,0,0,0,0,0,0
"20000","5","311942","58","0","2025","1","N",8,0,0,0,0,0,0,0,"N",1.33,0,0,0,0,0,0,0,"N",-1,-11.1,0,0,0,0,0,0,0,0,0,0,0,0,0,0
"20000","5","31199","57","0","2025","1","",24,2177,2225,2244,37841214,25654859,21652,1314,"",0.71,2.09,2.12,2.14,2.89,1.97,0.34,1.37,"",2,9.1,62,2.9,106,5.0,123,5.8,6012002,18.9,1755693,7.3,-141053,-86.7,158,13.7
"20000","5","311991","58","0","2025","1","N",14,0,0,0,0,0,0,0,"N",0.90,0,0,0,0,0,0,0,"N",1,7.7,0,0,0,0,0,0,0,0,0,0,0,0,0,0
"20000","5","311999","58","0","2025","1","N",10,0,0,0,0,0,0,0,"N",0.55,0,0,0,0,0,0,0,"N",1,11.1,0,0,0,0,0,0,0,0,0,0,0,0,0,0
"20000","5","312","55","0","2025","1","",96,1799,1827,1828,27737279,18291456,100319,1174,"",0.71,0.62,0.63,0.62,0.71,0.58,0.59,1.14,"",7,7.9,-176,-8.9,-171,-8.6,-152,-7.7,-12378752,-30.9,-1320864,-6.7,-111665,-52.7,-381,-24.5
"20000","5","3121","56","0","2025","1","N",95,0,0,0,0,0,0,0,"N",0.72,0,0,0,0,0,0,0,"N",7,8.0,0,0,0,0,0,0,0,0,0,0,0,0,0,0
"20000","5","31211","57","0","2025","1","",23,1052,1041,1041,17657447,12812455,76789,1300,"",1.03,1.04,1.03,1.02,1.09,1.00,1.20,1.06,"",2,9.5,-77,-6.8,-103,-9.0,-113,-9.8,-2008890,-10.2,-620221,-4.6,-58049,-43.1,-24,-1.8
"20000","5","312111","58","0","2025","1","",11,816,813,806,14200651,10115677,65358,1346,"",0.96,1.08,1.07,1.06,1.17,1.04,1.44,1.09,"",1,10.0,-90,-9.9,-107,-11.6,-123,-13.2,-2354944,-14.2,-796827,-7.3,-42412,-39.4,-41,-3.0
"20000","5","312112","58","0","2025","1","",7,69,67,67,1024333,742915,1514,1164,"",1.09,0.35,0.34,0.34,0.30,0.30,0.10,0.88,"",1,16.7,0,0.0,-4,-5.6,-2,-2.9,36759,3.7,-7325,-1.0,-3683,-70.9,74,6.8
"20000","5","312113","58","0","2025","1","",5,167,161,168,2432463,1953863,9917,1132,"",1.12,2.88,2.80,2.81,3.94,3.27,2.77,1.39,"",0,0.0,13,8.4,8,5.2,12,7.7,309295,14.6,183931,10.4,-11954,-54.7,74,7.0
"20000","5","31212","57","0","2025","1","",39,400,421,441,2204265,1908755,13536,403,"",0.81,0.43,0.45,0.47,0.22,0.21,0.32,0.49,"",2,5.4,-56,-12.3,-38,-8.3,-21,-4.5,-409996,-15.7,-352322,-15.6,-25787,-65.6,-35,-8.0
"20000","5","312120","58","0","2025","1","",39,400,421,441,2204265,1908755,13536,403,"",0.81,0.43,0.45,0.47,0.22,0.21,0.32,0.49,"",2,5.4,-56,-12.3,-38,-8.3,-21,-4.5,-409996,-15.7,-352322,-15.6,-25787,-65.6,-35,-8.0
"20000","5","31213","57","0","2025","1","N",22,0,0,0,0,0,0,0,"N",0.47,0,0,0,0,0,0,0,"N",2,10.0,0,0,0,0,0,0,0,0,0,0,0,0,0,0
"20000","5","312130","58","0","2025","1","N",22,0,0,0,0,0,0,0,"N",0.47,0,0,0,0,0,0,0,"N",2,10.0,0,0,0,0,0,0,0,0,0,0,0,0,0,0
"20000","5","31214","57","0","2025","1","",11,239,236,217,6992344,2861136,7033,2332,"",0.72,1.02,1.00,0.92,2.20,1.07,0.52,2.25,"",1,10.0,-5,-2.0,3,1.3,-1,-0.5,-9876044,-58.5,-267084,-8.5,-21502,-75.4,-3269,-58.4
"20000","5","312140","58","0","2025","1","",11,239,236,217,6992344,2861136,7033,2332,"",0.72,1.02,1.00,0.92,2.20,1.07,0.52,2.25,"",1,10.0,-5,-2.0,3,1.3,-1,-0.5,-9876044,-58.5,-267084,-8.5,-21502,-75.4,-3269,-58.4
"20000","5","3122","56","0","2025","1","N",1,0,0,0,0,0,0,0,"N",0.29,0,0,0,0,0,0,0,"N",0,0.0,0,0,0,0,0,0,0,0,0,0,0,0,0,0
"20000","5","31223","57","0","2025","1","N",1,0,0,0,0,0,0,0,"N",0.29,0,0,0,0,0,0,0,"N",0,0.0,0,0,0,0,0,0,0,0,0,0,0,0,0,0
"20000","5","312230","58","0","2025","1","N",1,0,0,0,0,0,0,0,"N",0.29,0,0,0,0,0,0,0,"N",0,0.0,0,0,0,0,0,0,0,0,0,0,0,0,0,0
"20000","5","313","55","0","2025","1","N",12,0,0,0,0,0,0,0,"N",0.56,0,0,0,0,0,0,0,"N",0,0.0,0,0,0,0,0,0,0,0,0,0,0,0,0,0
"20000","5","3131","56","0","2025","1","N",1,0,0,0,0,0,0,0,"N",0.32,0,0,0,0,0,0,0,"N",-1,-50.0,0,0,0,0,0,0,0,0,0,0,0,0,0,0
"20000","5","31311","57","0","2025","1","N",1,0,0,0,0,0,0,0,"N",0.32,0,0,0,0,0,0,0,"N",-1,-50.0,0,0,0,0,0,0,0,0,0,0,0,0,0,0
"20000","5","313110","58","0","2025","1","N",1,0,0,0,0,0,0,0,"N",0.32,0,0,0,0,0,0,0,"N",-1,-50.0,0,0,0,0,0,0,0,0,0,0,0,0,0,0
"20000","5","3132","56","0","2025","1","N",2,0,0,0,0,0,0,0,"N",0.24,0,0,0,0,0,0,0,"N",0,0.0,0,0,0,0,0,0,0,0,0,0,0,0,0,0
"20000","5","31322","57","0","2025","1","N",1,0,0,0,0,0,0,0,"N",0.53,0,0,0,0,0,0,0,"N",0,0.0,0,0,0,0,0,0,0,0,0,0,0,0,0,0
"20000","5","313220","58","0","2025","1","N",1,0,0,0,0,0,0,0,"N",0.53,0,0,0,0,0,0,0,"N",0,0.0,0,0,0,0,0,0,0,0,0,0,0,0,0,0
"20000","5","31324","57","0","2025","1","N",1,0,0,0,0,0,0,0,"N",0.93,0,0,0,0,0,0,0,"N",0,0.0,0,0,0,0,0,0,0,0,0,0,0,0,0,0
"20000","5","313240","58","0","2025","1","N",1,0,0,0,0,0,0,0,"N",0.93,0,0,0,0,0,0,0,"N",0,0.0,0,0,0,0,0,0,0,0,0,0,0,0,0,0
"20000","5","3133","56","0","2025","1","",9,82,81,80,965360,745789,6250,917,"",0.91,0.42,0.42,0.41,0.38,0.32,0.53,0.91,"",1,12.5,45,121.6,44,118.9,41,105.1,669918,226.8,464011,164.7,5340,586.8,314,52.1
"20000","5","31331","57","0","2025","1","",9,82,81,80,965360,745789,6250,917,"",1.10,0.58,0.58,0.57,0.58,0.46,0.87,1.01,"",1,12.5,45,121.6,44,118.9,41,105.1,669918,226.8,464011,164.7,5340,586.8,314,52.1
"20000","5","313310","58","0","2025","1","",9,82,81,80,965360,745789,6250,917,"",1.10,0.58,0.58,0.57,0.58,0.46,0.87,1.01,"",1,12.5,45,121.6,44,118.9,41,105.1,669918,226.8,464011,164.7,5340,586.8,314,52.1
"20000","5","314","55","0","2025","1","",38,385,399,396,3731740,3281093,10526,730,"",0.76,0.45,0.46,0.46,0.39,0.35,0.30,0.85,"",-5,-11.6,-51,-11.7,-46,-10.3,-50,-11.2,-779783,-17.3,-497878,-13.2,-22107,-67.7,-55,-7.0
"20000","5","3141","56","0","2025","1","",6,24,25,25,358926,240424,692,1119,"",0.50,0.07,0.07,0.07,0.08,0.06,0.06,1.15,"",-3,-33.3,-4,-14.3,-4,-13.8,-4,-13.8,-191552,-34.8,-39805,-14.2,-1961,-73.9,-358,-24.2
"20000","5","31411","57","0","2025","1","N",3,0,0,0,0,0,0,0,"N",0.84,0,0,0,0,0,0,0,"N",0,0.0,0,0,0,0,0,0,0,0,0,0,0,0,0,0
"20000","5","314110","58","0","2025","1","N",3,0,0,0,0,0,0,0,"N",0.84,0,0,0,0,0,0,0,"N",0,0.0,0,0,0,0,0,0,0,0,0,0,0,0,0,0
"20000","5","31412","57","0","2025","1","N",3,0,0,0,0,0,0,0,"N",0.35,0,0,0,0,0,0,0,"N",-3,-50.0,0,0,0,0,0,0,0,0,0,0,0,0,0,0
"20000","5","314120","58","0","2025","1","N",3,0,0,0,0,0,0,0,"N",0.35,0,0,0,0,0,0,0,"N",-3,-50.0,0,0,0,0,0,0,0,0,0,0,0,0,0,0
"20000","5","3149","56","0","2025","1","",32,361,374,371,3372814,3040669,9834,704,"",0.85,0.70,0.72,0.71,0.64,0.54,0.44,0.90,"",-2,-5.9,-47,-11.5,-42,-10.1,-46,-11.0,-588231,-14.9,-458073,-13.1,-20146,-67.2,-33,-4.5
"20000","5","31491","57","0","2025","1","",9,210,219,217,2075703,1866073,3125,741,"",0.71,1.03,1.07,1.05,0.98,0.80,0.28,0.93,"",-2,-18.2,-44,-17.3,-42,-16.1,-44,-16.9,-590525,-22.1,-420903,-18.4,-12416,-79.9,-52,-6.6
"20000","5","314910","58","0","2025","1","",9,210,219,217,2075703,1866073,3125,741,"",0.71,1.03,1.07,1.05,0.98,0.80,0.28,0.93,"",-2,-18.2,-44,-17.3,-42,-16.1,-44,-16.9,-590525,-22.1,-420903,-18.4,-12416,-79.9,-52,-6.6
"20000","5","31499","57","0","2025","1","",23,151,155,154,1297111,1174596,6709,651,"",0.92,0.49,0.50,0.49,0.41,0.35,0.59,0.84,"",0,0.0,-3,-1.9,0,0.0,-2,-1.3,2294,0.2,-37170,-3.1,-7730,-53.5,8,1.2
"20000","5","314994","58","0","2025","1","N",1,0,0,0,0,0,0,0,"N",0.77,0,0,0,0,0,0,0,"N",0,0.0,0,0,0,0,0,0,0,0,0,0,0,0,0,0
"20000","5","314999","58","0","2025","1","N",22,0,0,0,0,0,0,0,"N",0.93,0,0,0,0,0,0,0,"N",0,0.0,0,0,0,0,0,0,0,0,0,0,0,0,0,0
"20000","5","315","55","0","2025","1","",17,297,288,266,3365553,2411976,4409,913,"",0.34,0.41,0.39,0.36,0.41,0.33,0.09,1.06,"",-2,-10.5,-20,-6.3,-23,-7.4,-33,-11.0,-87074,-2.5,-186472,-7.2,-14270,-76.4,53,6.2
"20000","5","3152","56","0","2025","1","",12,278,268,252,3115774,2200158,3065,901,"",0.33,0.49,0.47,0.45,0.48,0.40,0.08,1.02,"",-4,-25.0,-19,-6.4,-23,-7.9,-27,-9.7,-102708,-3.2,-202397,-8.4,-12967,-80.9,44,5.1
"20000","5","31521","57","0","2025","1","",4,7,7,7,298757,73305,302,3283,"",0.24,0.04,0.04,0.04,0.20,0.05,0.03,4.87,"",-1,-20.0,1,16.7,1,16.7,1,16.7,118726,65.9,0,0.0,-357,-54.2,975,42.2
"20000","5","315210","58","0","2025","1","",4,7,7,7,298757,73305,302,3283,"",0.24,0.04,0.04,0.04,0.20,0.05,0.03,4.87,"",-1,-20.0,1,16.7,1,16.7,1,16.7,118726,65.9,0,0.0,-357,-54.2,975,42.2
"20000","5","31525","57","0","2025","1","",8,271,261,245,2817017,2126853,2763,837,"",0.40,0.69,0.67,0.63,0.57,0.53,0.09,0.86,"",-3,-27.3,-20,-6.9,-24,-8.4,-28,-10.3,-221434,-7.3,-202397,-8.7,-12610,-82.0,11,1.3
"20000","5","315250","58","0","2025","1","",8,271,261,245,2817017,2126853,2763,837,"",0.40,0.69,0.67,0.63,0.57,0.53,0.09,0.86,"",-3,-27.3,-20,-6.9,-24,-8.4,-28,-10.3,-221434,-7.3,-202397,-8.7,-12610,-82.0,11,1.3
"20000","5","3159","56","0","2025","1","",5,19,20,14,249779,211818,1344,1088,"",0.43,0.17,0.18,0.13,0.21,0.18,0.22,1.34,"",2,66.7,-1,-5.0,0,0.0,-6,-30.0,15634,6.7,15925,8.1,-1303,-49.2,187,20.8
"20000","5","31599","57","0","2025","1","",5,19,20,14,249779,211818,1344,1088,"",0.43,0.17,0.18,0.13,0.21,0.18,0.22,1.34,"",2,66.7,-1,-5.0,0,0.0,-6,-30.0,15634,6.7,15925,8.1,-1303,-49.2,187,20.8
"20000","5","315990","58","0","2025","1","",5,19,20,14,249779,211818,1344,1088,"",0.43,0.17,0.18,0.13,0.21,0.18,0.22,1.34,"",2,66.7,-1,-5.0,0,0.0,-6,-30.0,15634,6.7,15925,8.1,-1303,-49.2,187,20.8
"20000","5","316","55","0","2025","1","N",4,0,0,0,0,0,0,0,"N",0.32,0,0,0,0,0,0,0,"N",-2,-33.3,0,0,0,0,0,0,0,0,0,0,0,0,0,0
"20000","5","3161","56","0","2025","1","N",1,0,0,0,0,0,0,0,"N",0.63,0,0,0,0,0,0,0,"N",0,0.0,0,0,0,0,0,0,0,0,0,0,0,0,0,0
"20000","5","31611","57","0","2025","1","N",1,0,0,0,0,0,0,0,"N",0.63,0,0,0,0,0,0,0,"N",0,0.0,0,0,0,0,0,0,0,0,0,0,0,0,0,0
"20000","5","316110","58","0","2025","1","N",1,0,0,0,0,0,0,0,"N",0.63,0,0,0,0,0,0,0,"N",0,0.0,0,0,0,0,0,0,0,0,0,0,0,0,0,0
"20000","5","3169","56","0","2025","1","N",3,0,0,0,0,0,0,0,"N",0.39,0,0,0,0,0,0,0,"N",-2,-40.0,0,0,0,0,0,0,0,0,0,0,0,0,0,0
"20000","5","31699","57","0","2025","1","N",3,0,0,0,0,0,0,0,"N",0.39,0,0,0,0,0,0,0,"N",-2,-40.0,0,0,0,0,0,0,0,0,0,0,0,0,0,0
"20000","5","316990","58","0","2025","1","N",3,0,0,0,0,0,0,0,"N",0.39,0,0,0,0,0,0,0,"N",-2,-40.0,0,0,0,0,0,0,0,0,0,0,0,0,0,0
"20000","5","321","55","0","2025","1","",93,1848,1822,1823,26309692,20298118,185549,1105,"",0.71,0.50,0.49,0.49,0.57,0.43,0.97,1.15,"",4,4.5,155,9.2,188,11.5,166,10.0,3296571,14.3,2369564,13.2,-90743,-32.8,39,3.7
"20000","5","3211","56","0","2025","1","",5,42,35,31,381035,334730,1094,814,"",0.19,0.05,0.04,0.04,0.04,0.03,0.03,0.84,"",-1,-16.7,21,100.0,14,66.7,9,40.9,130913,52.3,114888,52.3,-449,-29.1,-88,-9.8
"20000","5","32111","57","0","2025","1","",5,42,35,31,381035,334730,1094,814,"",0.19,0.05,0.04,0.04,0.04,0.03,0.03,0.84,"",-1,-16.7,21,100.0,14,66.7,9,40.9,130913,52.3,114888,52.3,-449,-29.1,-88,-9.8
"20000","5","321113","58","0","2025","1","N",3,0,0,0,0,0,0,0,"N",0.13,0,0,0,0,0,0,0,"N",-1,-25.0,0,0,0,0,0,0,0,0,0,0,0,0,0,0
"20000","5","321114","58","0","2025","1","N",2,0,0,0,0,0,0,0,"N",0.54,0,0,0,0,0,0,0,"N",0,0.0,0,0,0,0,0,0,0,0,0,0,0,0,0,0
"20000","5","3212","56","0","2025","1","",18,407,400,401,5353448,4197326,19225,1023,"",1.19,0.55,0.54,0.54,0.53,0.43,0.52,0.97,"",1,5.9,67,19.7,82,25.8,72,21.9,798057,17.5,865741,26.0,-28839,-60.0,-42,-3.9
"20000","5","32121","57","0","2025","1","",18,407,400,401,5353448,4197326,19225,1023,"",1.19,0.55,0.54,0.54,0.53,0.43,0.52,0.97,"",1,5.9,67,19.7,82,25.8,72,21.9,798057,17.5,865741,26.0,-28839,-60.0,-42,-3.9
"20000","5","321215","58","0","2025","1","N",16,0,0,0,0,0,0,0,"N",1.69,0,0,0,0,0,0,0,"N",1,6.7,0,0,0,0,0,0,0,0,0,0,0,0,0,0
"20000","5","321219","58","0","2025","1","N",2,0,0,0,0,0,0,0,"N",1.13,0,0,0,0,0,0,0,"N",0,0.0,0,0,0,0,0,0,0,0,0,0,0,0,0,0
"20000","5","3219","56","0","2025","1","",70,1399,1387,1391,20575209,15766062,165230,1137,"",0.79,0.64,0.63,0.63,0.77,0.57,1.40,1.22,"",4,6.1,67,5.0,92,7.1,85,6.5,2367601,13.0,1388935,9.7,-61455,-27.1,69,6.5
"20000","5","32191","57","0","2025","1","",18,314,305,308,4726773,3706429,15431,1177,"",0.64,0.34,0.33,0.33,0.39,0.28,0.34,1.16,"",3,20.0,-9,-2.8,-12,-3.8,-14,-4.3,192395,4.2,87630,2.4,-29127,-65.4,89,8.2
"20000","5","321911","58","0","2025","1","",11,238,227,230,3679776,2880405,14017,1222,"",1.10,0.46,0.44,0.45,0.50,0.35,0.56,1.10,"",2,22.2,-11,-4.4,-16,-6.6,-13,-5.3,147749,4.2,62164,2.2,-23398,-62.5,113,10.2
"20000","5","321912","58","0","2025","1","N",1,0,0,0,0,0,0,0,"N",0.22,0,0,0,0,0,0,0,"N",0,0.0,0,0,0,0,0,0,0,0,0,0,0,0,0,0
"20000","5","321918","58","0","2025","1","N",6,0,0,0,0,0,0,0,"N",0.44,0,0,0,0,0,0,0,"N",1,20.0,0,0,0,0,0,0,0,0,0,0,0,0,0,0
"20000","5","32192","57","0","2025","1","",22,415,415,408,5249179,4457458,8756,978,"",0.86,0.72,0.71,0.70,0.89,0.68,0.35,1.24,"",-2,-8.3,1,0.2,-3,-0.7,-13,-3.1,-10896,-0.2,56604,1.3,-34013,-79.5,9,0.9
"20000","5","321920","58","0","2025","1","",22,415,415,408,5249179,4457458,8756,978,"",0.86,0.72,0.71,0.70,0.89,0.68,0.35,1.24,"",-2,-8.3,1,0.2,-3,-0.7,-13,-3.1,-10896,-0.2,56604,1.3,-34013,-79.5,9,0.9
"20000","5","32199","57","0","2025","1","",30,670,667,675,10599257,7602175,141043,1216,"",0.87,0.97,0.96,0.96,1.25,0.95,2.99,1.30,"",3,11.1,75,12.6,107,19.1,112,19.9,2186102,26.0,1244701,19.6,1685,1.2,86,7.6
"20000","5","321991","58","0","2025","1","N",3,0,0,0,0,0,0,0,"N",0.88,0,0,0,0,0,0,0,"N",0,0.0,0,0,0,0,0,0,0,0,0,0,0,0,0,0
"20000","5","321992","58","0","2025","1","",10,242,242,247,4314310,2791743,15373,1362,"",1.20,1.54,1.52,1.54,2.28,1.41,1.16,1.49,"N",1,11.1,0,0,0,0,0,0,0,0,0,0,0,0,0,0
"20000","5","321999","58","0","2025","1","N",17,0,0,0,0,0,0,0,"N",0.75,0,0,0,0,0,0,0,"N",2,13.3,0,0,0,0,0,0,0,0,0,0,0,0,0,0
"20000","5","322","55","0","2025","1","",35,1841,1861,1865,39788563,24038858,81375,1649,"",0.76,0.57,0.57,0.57,0.69,0.54,0.44,1.21,"",0,0.0,18,1.0,29,1.6,24,1.3,1776986,4.7,566746,2.4,-144742,-64.0,53,3.3
"20000","5","3221","56","0","2025","1","",4,6,6,6,232357,84000,1405,2979,"",0.55,0.01,0.01,0.01,0.01,0.01,0.04,1.71,"",0,0.0,-7,-53.8,-6,-50.0,-5,-45.5,-148425,-39.0,-95756,-53.3,-1463,-51.0,538,22.0
"20000","5","32212","57","0","2025","1","N",3,0,0,0,0,0,0,0,"N",0.69,0,0,0,0,0,0,0,"N",0,0.0,0,0,0,0,0,0,0,0,0,0,0,0,0,0
"20000","5","322120","58","0","2025","1","N",3,0,0,0,0,0,0,0,"N",0.69,0,0,0,0,0,0,0,"N",0,0.0,0,0,0,0,0,0,0,0,0,0,0,0,0,0
"20000","5","32213","57","0","2025","1","N",1,0,0,0,0,0,0,0,"N",0.44,0,0,0,0,0,0,0,"N",0,0.0,0,0,0,0,0,0,0,0,0,0,0,0,0,0
"20000","5","322130","58","0","2025","1","N",1,0,0,0,0,0,0,0,"N",0.44,0,0,0,0,0,0,0,"N",0,0.0,0,0,0,0,0,0,0,0,0,0,0,0,0,0
"20000","5","3222","56","0","2025","1","",31,1835,1855,1859,39556206,23954858,79970,1645,"",0.79,0.74,0.74,0.74,0.98,0.73,0.54,1.32,"",0,0.0,25,1.4,35,1.9,29,1.6,1925411,5.1,662502,2.8,-143279,-64.2,55,3.5
"20000","5","32221","57","0","2025","1","",18,1308,1326,1338,31889130,17561088,36790,1853,"",0.89,0.90,0.90,0.91,1.33,0.93,0.41,1.47,"",0,0.0,9,0.7,22,1.7,22,1.7,1365683,4.5,296362,1.7,-110469,-75.0,56,3.1
"20000","5","322211","58","0","2025","1","",9,683,691,695,13807247,9058069,24330,1540,"",0.66,0.71,0.71,0.72,0.84,0.70,0.40,1.17,"",0,0.0,18,2.7,19,2.8,28,4.2,809740,6.2,341695,3.9,-53393,-68.7,43,2.9
"20000","5","322212","58","0","2025","1","N",2,0,0,0,0,0,0,0,"N",0.61,0,0,0,0,0,0,0,"N",0,0.0,0,0,0,0,0,0,0,0,0,0,0,0,0,0
"20000","5","322219","58","0","2025","1","N",7,0,0,0,0,0,0,0,"N",2.18,0,0,0,0,0,0,0,"N",0,0.0,0,0,0,0,0,0,0,0,0,0,0,0,0,0
"20000","5","32222","57","0","2025","1","N",4,0,0,0,0,0,0,0,"N",0.46,0,0,0,0,0,0,0,"N",-1,-20.0,0,0,0,0,0,0,0,0,0,0,0,0,0,0
"20000","5","322220","58","0","2025","1","N",4,0,0,0,0,0,0,0,"N",0.46,0,0,0,0,0,0,0,"N",-1,-20.0,0,0,0,0,0,0,0,0,0,0,0,0,0,0
"20000","5","32223","57","0","2025","1","N",3,0,0,0,0,0,0,0,"N",0.92,0,0,0,0,0,0,0,"N",0,0.0,0,0,0,0,0,0,0,0,0,0,0,0,0,0
"20000","5","322230","58","0","2025","1","N",3,0,0,0,0,0,0,0,"N",0.92,0,0,0,0,0,0,0,"N",0,0.0,0,0,0,0,0,0,0,0,0,0,0,0,0,0
"20000","5","32229","57","0","2025","1","",6,85,84,74,1324582,973347,5082,1258,"",0.87,0.20,0.20,0.17,0.20,0.18,0.24,1.03,"",1,20.0,15,21.4,13,18.3,1,1.4,163529,14.1,110228,12.8,-7212,-58.7,6,0.5
"20000","5","322299","58","0","2025","1","",6,85,84,74,1324582,973347,5082,1258,"",1.27,0.52,0.51,0.45,0.59,0.46,0.53,1.19,"",1,20.0,15,21.4,13,18.3,1,1.4,163529,14.1,110228,12.8,-7212,-58.7,6,0.5
"20000","5","323","55","0","2025","1","",303,6518,6507,6426,90060331,71053289,227513,1068,"",1.36,2.04,2.04,2.02,2.28,1.82,1.31,1.12,"",-7,-2.3,-39,-0.6,-64,-1.0,-189,-2.9,-1497318,-1.6,813753,1.2,-242926,-51.6,-2,-0.2
"20000","5","3231","56","0","2025","1","",303,6518,6507,6426,90060331,71053289,227513,1068,"",1.36,2.04,2.04,2.02,2.28,1.82,1.31,1.12,"",-7,-2.3,-39,-0.6,-64,-1.0,-189,-2.9,-1497318,-1.6,813753,1.2,-242926,-51.6,-2,-0.2
"20000","5","32311","57","0","2025","1","N",296,0,0,0,0,0,0,0,"N",1.39,0,0,0,0,0,0,0,"N",-7,-2.3,0,0,0,0,0,0,0,0,0,0,0,0,0,0
"20000","5","323111","58","0","2025","1","",188,3460,3432,3390,47230499,37166152,123063,1060,"",1.29,1.53,1.52,1.50,1.56,1.29,0.93,1.03,"",-8,-4.1,-13,-0.4,-32,-0.9,-98,-2.8,406213,0.9,396695,1.1,-149210,-54.8,23,2.2
"20000","5","323113","58","0","2025","1","",99,1785,1786,1781,24163069,19870307,93258,1042,"",1.59,2.63,2.63,2.62,3.99,2.84,3.34,1.52,"",2,2.1,-46,-2.5,-49,-2.7,-64,-3.5,-960115,-3.8,1639085,9.0,-17458,-15.8,-10,-1.0
"20000","5","323117","58","0","2025","1","N",9,0,0,0,0,0,0,0,"N",2.12,0,0,0,0,0,0,0,"N",-1,-10.0,0,0,0,0,0,0,0,0,0,0,0,0,0,0
"20000","5","32312","57","0","2025","1","N",7,0,0,0,0,0,0,0,"N",0.71,0,0,0,0,0,0,0,"N",0,0.0,0,0,0,0,0,0,0,0,0,0,0,0,0,0
"20000","5","323120","58","0","2025","1","N",7,0,0,0,0,0,0,0,"N",0.71,0,0,0,0,0,0,0,"N",0,0.0,0,0,0,0,0,0,0,0,0,0,0,0,0,0
"20000","5","324","55","0","2025","1","",49,2638,2638,2626,83574459,35357172,73423,2441,"",2.26,2.68,2.66,2.61,2.56,2.20,1.08,0.97,"",9,22.5,93,3.7,64,2.5,30,1.2,7654846,10.1,1389070,4.1,-217706,-74.8,170,7.5
"20000","5","3241","56","0","2025","1","",49,2638,2638,2626,83574459,35357172,73423,2441,"",2.26,2.68,2.66,2.61,2.56,2.20,1.08,0.97,"",9,22.5,93,3.7,64,2.5,30,1.2,7654846,10.1,1389070,4.1,-217706,-74.8,170,7.5
"20000","5","32411","57","0","2025","1","",13,1525,1515,1504,60463789,22095395,6168,3071,"",2.33,2.62,2.60,2.57,2.52,2.13,0.24,0.97,"",1,8.3,7,0.5,5,0.3,-8,-0.5,5206997,9.4,266623,1.2,-121140,-95.2,262,9.3
"20000","5","324110","58","0","2025","1","",13,1525,1515,1504,60463789,22095395,6168,3071,"",2.33,2.62,2.60,2.57,2.52,2.13,0.24,0.97,"",1,8.3,7,0.5,5,0.3,-8,-0.5,5206997,9.4,266623,1.2,-121140,-95.2,262,9.3
"20000","5","32412","57","0","2025","1","",24,350,360,374,6963422,3466061,36856,1482,"",2.13,1.36,1.37,1.36,1.25,0.88,1.10,0.91,"",5,26.3,9,2.6,-9,-2.4,-9,-2.3,108500,1.6,-81224,-2.3,-31433,-46.0,35,2.4
"20000","5","324121","58","0","2025","1","N",15,0,0,0,0,0,0,0,"N",1.78,0,0,0,0,0,0,0,"N",2,15.4,0,0,0,0,0,0,0,0,0,0,0,0,0,0
"20000","5","324122","58","0","2025","1","N",9,0,0,0,0,0,0,0,"N",3.20,0,0,0,0,0,0,0,"N",3,50.0,0,0,0,0,0,0,0,0,0,0,0,0,0,0
"20000","5","32419","57","0","2025","1","",12,763,763,748,16147248,9795716,30399,1639,"",2.50,5.26,5.25,5.14,5.33,5.39,3.61,1.02,"",3,33.3,77,11.2,68,9.8,47,6.7,2339349,16.9,1203671,14.0,-65133,-68.2,109,7.1
"20000","5","324191","58","0","2025","1","N",10,0,0,0,0,0,0,0,"N",2.85,0,0,0,0,0,0,0,"N",1,11.1,0,0,0,0,0,0,0,0,0,0,0,0,0,0
"20000","5","324199","58","0","2025","1","N",2,0,0,0,0,0,0,0,"N",1.55,0,0,0,0,0,0,0,"N",2,100.0,0,0,0,0,0,0,0,0,0,0,0,0,0,0
"20000","5","325","55","0","2025","1","",231,9272,9322,9346,246355296,121527998,304637,2035,"",1.11,1.13,1.13,1.13,0.99,0.99,0.58,0.88,"",1,0.4,225,2.5,284,3.1,261,2.9,27051112,12.3,3927481,3.3,-821994,-73.0,172,9.2
"20000","5","3251","56","0","2025","1","",53,1683,1675,1683,49029913,22987076,56226,2245,"",1.60,1.18,1.18,1.18,1.19,1.13,0.76,1.01,"",-4,-7.0,-5,-0.3,-2,-0.1,2,0.1,2541776,5.5,-4582,0.0,-106399,-65.4,119,5.6
"20000","5","32511","57","0","2025","1","N",1,0,0,0,0,0,0,0,"N",0.55,0,0,0,0,0,0,0,"N",0,0.0,0,0,0,0,0,0,0,0,0,0,0,0,0,0
"20000","5","325110","58","0","2025","1","N",1,0,0,0,0,0,0,0,"N",0.55,0,0,0,0,0,0,0,"N",0,0.0,0,0,0,0,0,0,0,0,0,0,0,0,0,0
"20000","5","32512","57","0","2025","1","",8,84,85,84,2148175,1190093,557,1959,"",1.04,0.42,0.42,0.41,0.29,0.42,0.05,0.70,"",0,0.0,8,10.5,10,13.3,11,15.1,208298,10.7,131357,12.4,-2340,-80.8,-39,-2.0
"20000","5","325120","58","0","2025","1","",8,84,85,84,2148175,1190093,557,1959,"",1.04,0.42,0.42,0.41,0.29,0.42,0.05,0.70,"",0,0.0,8,10.5,10,13.3,11,15.1,208298,10.7,131357,12.4,-2340,-80.8,-39,-2.0
"20000","5","32513","57","0","2025","1","N",2,0,0,0,0,0,0,0,"N",0.86,0,0,0,0,0,0,0,"N",0,0.0,0,0,0,0,0,0,0,0,0,0,0,0,0,0
"20000","5","325130","58","0","2025","1","N",2,0,0,0,0,0,0,0,"N",0.86,0,0,0,0,0,0,0,"N",0,0.0,0,0,0,0,0,0,0,0,0,0,0,0,0,0
"20000","5","32518","57","0","2025","1","",11,660,652,653,21301448,9270144,11990,2502,"",1.33,1.75,1.73,1.72,2.03,1.64,0.59,1.17,"",-1,-8.3,-15,-2.2,-28,-4.1,-32,-4.7,-315752,-1.5,-332183,-3.5,-43908,-78.6,57,2.3
"20000","5","325180","58","0","2025","1","",11,660,652,653,21301448,9270144,11990,2502,"",1.33,1.75,1.73,1.72,2.03,1.64,0.59,1.17,"",-1,-8.3,-15,-2.2,-28,-4.1,-32,-4.7,-315752,-1.5,-332183,-3.5,-43908,-78.6,57,2.3
"20000","5","32519","57","0","2025","1","",31,922,922,929,24969441,12303702,43013,2078,"",2.40,1.81,1.81,1.82,1.99,1.56,1.57,1.10,"",-3,-8.8,5,0.5,20,2.2,26,2.9,2654710,11.9,237107,2.0,-56309,-56.7,186,9.8
"20000","5","325193","58","0","2025","1","",13,416,412,413,9389892,5563522,15401,1746,"",6.58,4.28,4.23,4.25,4.34,3.20,3.28,1.02,"",0,0.0,-7,-1.7,6,1.5,2,0.5,-266864,-2.8,-109655,-1.9,-20184,-56.7,-51,-2.8
"20000","5","325199","58","0","2025","1","",18,506,510,516,15579549,6740180,27612,2347,"",1.78,1.32,1.32,1.34,1.57,1.16,1.30,1.19,"",-3,-14.3,12,2.4,14,2.8,24,4.9,2921574,23.1,346762,5.4,-36125,-56.7,376,19.1
"20000","5","3252","56","0","2025","1","",7,347,349,353,6887720,4487824,2327,1515,"",0.42,0.41,0.41,0.42,0.33,0.42,0.07,0.80,"",0,0.0,-19,-5.2,-14,-3.9,-11,-3.0,-112995,-1.6,-168777,-3.6,-33489,-93.5,37,2.5
"20000","5","32521","57","0","2025","1","N",5,0,0,0,0,0,0,0,"N",0.33,0,0,0,0,0,0,0,"N",0,0.0,0,0,0,0,0,0,0,0,0,0,0,0,0,0
"20000","5","325211","58","0","2025","1","N",5,0,0,0,0,0,0,0,"N",0.38,0,0,0,0,0,0,0,"N",0,0.0,0,0,0,0,0,0,0,0,0,0,0,0,0,0
"20000","5","32522","57","0","2025","1","N",2,0,0,0,0,0,0,0,"N",1.08,0,0,0,0,0,0,0,"N",0,0.0,0,0,0,0,0,0,0,0,0,0,0,0,0,0
"20000","5","325220","58","0","2025","1","N",2,0,0,0,0,0,0,0,"N",1.08,0,0,0,0,0,0,0,"N",0,0.0,0,0,0,0,0,0,0,0,0,0,0,0,0,0
"20000","5","3253","56","0","2025","1","",25,438,452,449,14727905,5504266,7087,2538,"",1.97,1.29,1.32,1.30,2.03,1.06,0.37,1.55,"",-2,-7.4,1,0.2,14,3.2,3,0.7,1420229,10.7,-41653,-0.8,-33411,-82.5,213,9.2
"20000","5","32531","57","0","2025","1","",19,336,346,342,12284785,4546092,4120,2769,"",2.23,1.58,1.61,1.58,2.72,1.37,0.32,1.71,"N",0,0.0,0,0,0,0,0,0,0,0,0,0,0,0,0,0
"20000","5","325311","58","0","2025","1","",7,261,264,262,10854329,3625120,1327,3183,"",2.48,3.15,3.17,3.12,5.19,2.53,0.22,1.65,"",-1,-12.5,8,3.2,10,3.9,5,1.9,778065,7.7,64231,1.8,-21165,-94.1,139,4.6
"20000","5","325312","58","0","2025","1","N",1,0,0,0,0,0,0,0,"N",1.82,0,0,0,0,0,0,0,"N",0,0.0,0,0,0,0,0,0,0,0,0,0,0,0,0,0
"20000","5","325314","58","0","2025","1","",9,53,59,55,1021574,719054,2459,1412,"",2.11,0.82,0.91,0.83,1.08,0.94,0.69,1.27,"",1,12.5,-18,-25.4,-11,-15.7,-14,-20.3,-176277,-14.7,-149390,-17.2,-2285,-48.2,96,7.3
"20000","5","325315","58","0","2025","1","N",2,0,0,0,0,0,0,0,"N",2.26,0,0,0,0,0,0,0,"N",0,0.0,0,0,0,0,0,0,0,0,0,0,0,0,0,0
"20000","5","32532","57","0","2025","1","",6,102,106,107,2443120,958174,2967,1790,"",1.43,0.81,0.83,0.83,0.89,0.51,0.48,1.08,"N",-2,-25.0,0,0,0,0,0,0,0,0,0,0,0,0,0,0
"20000","5","325320","58","0","2025","1","",6,102,106,107,2443120,958174,2967,1790,"",1.43,0.81,0.83,0.83,0.89,0.51,0.48,1.08,"N",-2,-25.0,0,0,0,0,0,0,0,0,0,0,0,0,0,0
"20000","5","3254","56","0","2025","1","",83,4743,4797,4825,127460327,63672515,186906,2048,"",1.33,1.47,1.48,1.48,0.95,1.17,0.74,0.64,"",5,6.4,135,2.9,166,3.6,163,3.5,14979212,13.3,2444892,4.0,-518768,-73.5,181,9.7
"20000","5","32541","57","0","2025","1","",83,4743,4797,4825,127460327,63672515,186906,2048,"",1.33,1.47,1.48,1.48,0.95,1.17,0.74,0.64,"",5,6.4,135,2.9,166,3.6,163,3.5,14979212,13.3,2444892,4.0,-518768,-73.5,181,9.7
"20000","5","325411","58","0","2025","1","N",8,0,0,0,0,0,0,0,"N",0.69,0,0,0,0,0,0,0,"N",1,14.3,0,0,0,0,0,0,0,0,0,0,0,0,0,0
"20000","5","325412","58","0","2025","1","",50,3012,3049,3080,83827475,40552927,130129,2116,"",1.24,1.43,1.44,1.44,0.85,1.17,0.77,0.59,"",4,8.7,101,3.5,102,3.5,105,3.5,11695409,16.2,942969,2.4,-316807,-70.9,231,12.3
"20000","5","325413","58","0","2025","1","N",5,0,0,0,0,0,0,0,"N",1.23,0,0,0,0,0,0,0,"N",0,0.0,0,0,0,0,0,0,0,0,0,0,0,0,0,0
"20000","5","325414","58","0","2025","1","",20,1158,1176,1174,31667542,15752719,31355,2083,"",2.98,2.69,2.72,2.70,2.55,2.09,1.10,0.94,"",0,0.0,40,3.6,67,6.0,58,5.2,1773723,5.9,1026054,7.0,-101254,-76.4,19,0.9
"20000","5","3255","56","0","2025","1","",13,49,49,51,1018101,594563,2024,1577,"",0.62,0.08,0.08,0.08,0.09,0.07,0.06,1.07,"",-3,-18.8,-11,-18.3,-4,-7.5,-2,-3.8,-420774,-29.2,-73976,-11.1,-4842,-70.5,-423,-21.2
"20000","5","32551","57","0","2025","1","N",11,0,0,0,0,0,0,0,"N",0.76,0,0,0,0,0,0,0,"N",-2,-15.4,0,0,0,0,0,0,0,0,0,0,0,0,0,0
"20000","5","325510","58","0","2025","1","N",11,0,0,0,0,0,0,0,"N",0.76,0,0,0,0,0,0,0,"N",-2,-15.4,0,0,0,0,0,0,0,0,0,0,0,0,0,0
"20000","5","32552","57","0","2025","1","N",2,0,0,0,0,0,0,0,"N",0.32,0,0,0,0,0,0,0,"N",-1,-33.3,0,0,0,0,0,0,0,0,0,0,0,0,0,0
"20000","5","325520","58","0","2025","1","N",2,0,0,0,0,0,0,0,"N",0.32,0,0,0,0,0,0,0,"N",-1,-33.3,0,0,0,0,0,0,0,0,0,0,0,0,0,0
"20000","5","3256","56","0","2025","1","",18,604,591,582,11012018,6805500,16124,1430,"",0.55,0.58,0.56,0.55,0.58,0.48,0.24,1.02,"",5,38.5,122,25.3,110,22.9,102,21.2,2059788,23.0,1383361,25.5,-36759,-69.5,-2,-0.1
"20000","5","32561","57","0","2025","1","N",16,0,0,0,0,0,0,0,"N",0.90,0,0,0,0,0,0,0,"N",4,33.3,0,0,0,0,0,0,0,0,0,0,0,0,0,0
"20000","5","325611","58","0","2025","1","N",8,0,0,0,0,0,0,0,"N",0.83,0,0,0,0,0,0,0,"N",2,33.3,0,0,0,0,0,0,0,0,0,0,0,0,0,0
"20000","5","325612","58","0","2025","1","",6,297,288,266,4228186,3144297,5847,1147,"",0.87,1.29,1.24,1.15,1.05,0.97,0.45,0.86,"",0,0.0,45,17.9,30,11.6,1,0.4,314947,8.0,372534,13.4,-25926,-81.6,-18,-1.5
"20000","5","325613","58","0","2025","1","N",2,0,0,0,0,0,0,0,"N",1.59,0,0,0,0,0,0,0,"N",2,100.0,0,0,0,0,0,0,0,0,0,0,0,0,0,0
"20000","5","32562","57","0","2025","1","N",2,0,0,0,0,0,0,0,"N",0.13,0,0,0,0,0,0,0,"N",1,100.0,0,0,0,0,0,0,0,0,0,0,0,0,0,0
"20000","5","325620","58","0","2025","1","N",2,0,0,0,0,0,0,0,"N",0.13,0,0,0,0,0,0,0,"N",1,100.0,0,0,0,0,0,0,0,0,0,0,0,0,0,0
"20000","5","3259","56","0","2025","1","",32,1408,1409,1403,36219312,17476254,33943,1981,"",1.12,1.92,1.91,1.90,2.62,1.74,0.76,1.37,"",0,0.0,2,0.1,14,1.0,4,0.3,6583876,22.2,388216,2.3,-88326,-72.2,353,21.7
"20000","5","32591","57","0","2025","1","N",3,0,0,0,0,0,0,0,"N",0.83,0,0,0,0,0,0,0,"N",0,0.0,0,0,0,0,0,0,0,0,0,0,0,0,0,0
"20000","5","325910","58","0","2025","1","N",3,0,0,0,0,0,0,0,"N",0.83,0,0,0,0,0,0,0,"N",0,0.0,0,0,0,0,0,0,0,0,0,0,0,0,0,0
"20000","5","32592","57","0","2025","1","N",1,0,0,0,0,0,0,0,"N",1.18,0,0,0,0,0,0,0,"N",0,0.0,0,0,0,0,0,0,0,0,0,0,0,0,0,0
"20000","5","325920","58","0","2025","1","N",1,0,0,0,0,0,0,0,"N",1.18,0,0,0,0,0,0,0,"N",0,0.0,0,0,0,0,0,0,0,0,0,0,0,0,0,0
"20000","5","32599","57","0","2025","1","",28,883,885,892,25812362,11418112,33626,2239,"",1.16,1.47,1.46,1.47,2.27,1.37,0.87,1.55,"",0,0.0,-10,-1.1,4,0.5,11,1.2,5951752,30.0,136355,1.2,-66777,-66.5,513,29.7
"20000","5","325991","58","0","2025","1","N",2,0,0,0,0,0,0,0,"N",0.52,0,0,0,0,0,0,0,"N",1,100.0,0,0,0,0,0,0,0,0,0,0,0,0,0,0
"20000","5","325992","58","0","2025","1","N",1,0,0,0,0,0,0,0,"N",0.63,0,0,0,0,0,0,0,"N",-1,-50.0,0,0,0,0,0,0,0,0,0,0,0,0,0,0
"20000","5","325998","58","0","2025","1","",25,874,876,883,25680543,11322735,33200,2251,"",1.33,2.21,2.20,2.22,3.16,2.07,1.30,1.43,"",0,0.0,8,0.9,11,1.3,16,1.8,6093786,31.1,286825,2.6,-63639,-65.7,511,29.4
"20000","5","326","55","0","2025","1","",134,10423,10420,10444,173549136,123845727,287580,1280,"",1.14,1.61,1.60,1.60,1.91,1.49,0.79,1.19,"",2,1.5,-312,-2.9,-299,-2.8,-288,-2.7,-1247347,-0.7,-2890442,-2.3,-851249,-74.7,27,2.2
"20000","5","3261","56","0","2025","1","",110,7337,7357,7349,113970811,84002776,207681,1193,"",1.10,1.39,1.38,1.38,1.54,1.24,0.67,1.12,"",-3,-2.7,-72,-1.0,-2,0.0,-25,-0.3,661967,0.6,-311947,-0.4,-553337,-72.7,12,1.0
"20000","5","32611","57","0","2025","1","",14,1067,1063,1079,17968752,12514055,30965,1292,"",0.97,1.17,1.16,1.17,1.32,1.01,0.62,1.13,"",1,7.7,47,4.6,39,3.8,40,3.8,1450276,8.8,714548,6.1,-79735,-72.0,56,4.5
"20000","5","326111","58","0","2025","1","N",4,0,0,0,0,0,0,0,"N",0.85,0,0,0,0,0,0,0,"N",-1,-20.0,0,0,0,0,0,0,0,0,0,0,0,0,0,0
"20000","5","326112","58","0","2025","1","N",6,0,0,0,0,0,0,0,"N",1.13,0,0,0,0,0,0,0,"N",1,20.0,0,0,0,0,0,0,0,0,0,0,0,0,0,0
"20000","5","326113","58","0","2025","1","N",4,0,0,0,0,0,0,0,"N",0.91,0,0,0,0,0,0,0,"N",1,33.3,0,0,0,0,0,0,0,0,0,0,0,0,0,0
"20000","5","32612","57","0","2025","1","",15,1221,1234,1233,17402506,13682732,21875,1089,"",1.69,2.50,2.51,2.50,2.37,2.01,0.76,0.95,"",-1,-6.2,115,10.4,101,8.9,97,8.5,915622,5.6,991764,7.8,-77058,-77.9,-38,-3.4
"20000","5","326121","58","0","2025","1","",5,122,126,125,1499568,1206244,3562,928,"",1.39,0.61,0.63,0.62,0.52,0.42,0.28,0.84,"",1,25.0,65,114.0,66,110.0,64,104.9,787453,110.6,613895,103.6,-5672,-61.4,5,0.5
"20000","5","326122","58","0","2025","1","",10,1099,1108,1108,15902938,12476488,18313,1107,"",1.90,3.80,3.80,3.79,3.57,3.17,1.16,0.94,"",-2,-16.7,50,4.8,35,3.3,33,3.1,128169,0.8,377869,3.1,-71386,-79.6,-32,-2.8
"20000","5","32613","57","0","2025","1","",9,776,760,749,11056160,8344930,23687,1117,"",2.57,4.32,4.20,4.16,3.98,3.52,2.22,0.94,"",2,28.6,18,2.4,-4,-0.5,-12,-1.6,-1299912,-10.5,166048,2.0,-53929,-69.5,-132,-10.6
"20000","5","326130","58","0","2025","1","",9,776,760,749,11056160,8344930,23687,1117,"",2.57,4.32,4.20,4.16,3.98,3.52,2.22,0.94,"",2,28.6,18,2.4,-4,-0.5,-12,-1.6,-1299912,-10.5,166048,2.0,-53929,-69.5,-132,-10.6
"20000","5","32614","57","0","2025","1","",3,6,6,6,137008,79336,687,1757,"",0.63,0.02,0.02,0.02,0.04,0.02,0.04,1.56,"N",-1,-25.0,0,0,0,0,0,0,0,0,0,0,0,0,0,0
"20000","5","326140","58","0","2025","1","",3,6,6,6,137008,79336,687,1757,"",0.63,0.02,0.02,0.02,0.04,0.02,0.04,1.56,"N",-1,-25.0,0,0,0,0,0,0,0,0,0,0,0,0,0,0
"20000","5","32615","57","0","2025","1","",5,457,465,459,7624312,5258325,6284,1274,"",0.67,1.34,1.35,1.34,1.73,1.33,0.35,1.29,"",-1,-16.7,11,2.5,15,3.3,8,1.8,411490,5.7,31423,0.6,-40427,-86.5,38,3.1
"20000","5","326150","58","0","2025","1","",5,457,465,459,7624312,5258325,6284,1274,"",0.67,1.34,1.35,1.34,1.73,1.33,0.35,1.29,"",-1,-16.7,11,2.5,15,3.3,8,1.8,411490,5.7,31423,0.6,-40427,-86.5,38,3.1
"20000","5","32616","57","0","2025","1","",10,220,228,231,3665720,2637744,19566,1246,"",2.08,0.68,0.70,0.70,0.77,0.66,1.04,1.11,"N",2,25.0,0,0,0,0,0,0,0,0,0,0,0,0,0,0
"20000","5","326160","58","0","2025","1","",10,220,228,231,3665720,2637744,19566,1246,"",2.08,0.68,0.70,0.70,0.77,0.66,1.04,1.11,"N",2,25.0,0,0,0,0,0,0,0,0,0,0,0,0,0,0
"20000","5","32619","57","0","2025","1","",54,3590,3601,3592,56116353,41485654,104617,1201,"",0.97,1.29,1.29,1.28,1.52,1.18,0.63,1.18,"",-5,-8.5,-258,-6.7,-147,-3.9,-155,-4.1,-1173278,-2.0,-2298814,-5.3,-280523,-72.8,35,3.0
"20000","5","326191","58","0","2025","1","N",4,0,0,0,0,0,0,0,"N",1.31,0,0,0,0,0,0,0,"N",0,0.0,0,0,0,0,0,0,0,0,0,0,0,0,0,0
"20000","5","326199","58","0","2025","1","N",50,0,0,0,0,0,0,0,"N",0.95,0,0,0,0,0,0,0,"N",-5,-9.1,0,0,0,0,0,0,0,0,0,0,0,0,0,0
"20000","5","3262","56","0","2025","1","",24,3086,3063,3095,59578325,39842951,79899,1487,"",1.38,2.61,2.59,2.62,3.44,2.59,1.41,1.32,"",5,26.3,-240,-7.2,-297,-8.8,-263,-7.8,-1909314,-3.1,-2578495,-6.1,-297912,-78.9,74,5.2
"20000","5","32621","57","0","2025","1","N",2,0,0,0,0,0,0,0,"N",0.55,0,0,0,0,0,0,0,"N",1,100.0,0,0,0,0,0,0,0,0,0,0,0,0,0,0
"20000","5","326211","58","0","2025","1","N",2,0,0,0,0,0,0,0,"N",1.29,0,0,0,0,0,0,0,"N",1,100.0,0,0,0,0,0,0,0,0,0,0,0,0,0,0
"20000","5","326212","58","0","2025","1","-",0,0,0,0,0,0,0,0,"N",0.00,0,0,0,0,0,0,0,"N",0,0,0,0,0,0,0,0,0,0,0,0,0,0,0,0
"20000","5","32622","57","0","2025","1","",10,844,845,844,12232525,9177338,21967,1114,"",2.51,3.97,3.97,3.97,4.04,3.58,2.27,1.02,"",0,0.0,-172,-16.9,-180,-17.6,-176,-17.3,-1964158,-13.8,-1800364,-16.4,-66075,-75.0,44,4.1
"20000","5","326220","58","0","2025","1","",10,844,845,844,12232525,9177338,21967,1114,"",2.51,3.97,3.97,3.97,4.04,3.58,2.27,1.02,"",0,0.0,-172,-16.9,-180,-17.6,-176,-17.3,-1964158,-13.8,-1800364,-16.4,-66075,-75.0,44,4.1
"20000","5","32629","57","0","2025","1","N",12,0,0,0,0,0,0,0,"N",1.23,0,0,0,0,0,0,0,"N",4,50.0,0,0,0,0,0,0,0,0,0,0,0,0,0,0
"20000","5","326299","58","0","2025","1","N",12,0,0,0,0,0,0,0,"N",2.06,0,0,0,0,0,0,0,"N",4,50.0,0,0,0,0,0,0,0,0,0,0,0,0,0,0
"20000","5","327","55","0","2025","1","",208,5076,5069,5134,98738936,63047095,431675,1491,"",1.47,1.36,1.36,1.36,1.72,1.28,1.56,1.27,"",2,1.0,149,3.0,0,0.0,51,1.0,5350926,5.7,1284282,2.1,-434044,-50.1,62,4.3
"20000","5","3271","56","0","2025","1","",8,212,207,205,2325872,2156573,2860,860,"",0.67,0.68,0.66,0.66,0.52,0.58,0.13,0.78,"",-1,-11.1,-5,-2.3,-15,-6.8,-17,-7.7,-173050,-6.9,-120683,-5.3,-17591,-86.0,-12,-1.4
"20000","5","32711","57","0","2025","1","N",3,0,0,0,0,0,0,0,"N",0.47,0,0,0,0,0,0,0,"N",0,0.0,0,0,0,0,0,0,0,0,0,0,0,0,0,0
"20000","5","327110","58","0","2025","1","N",3,0,0,0,0,0,0,0,"N",0.47,0,0,0,0,0,0,0,"N",0,0.0,0,0,0,0,0,0,0,0,0,0,0,0,0,0
"20000","5","32712","57","0","2025","1","N",5,0,0,0,0,0,0,0,"N",0.91,0,0,0,0,0,0,0,"N",-1,-16.7,0,0,0,0,0,0,0,0,0,0,0,0,0,0
"20000","5","327120","58","0","2025","1","N",5,0,0,0,0,0,0,0,"N",0.91,0,0,0,0,0,0,0,"N",-1,-16.7,0,0,0,0,0,0,0,0,0,0,0,0,0,0
"20000","5","3272","56","0","2025","1","",15,560,555,546,11227990,6686376,5557,1560,"",0.95,0.79,0.78,0.77,1.05,0.71,0.12,1.35,"",3,25.0,33,6.3,33,6.3,21,4.0,2246685,25.0,343453,5.4,-44243,-88.8,243,18.5
"20000","5","32721","57","0","2025","1","",15,560,555,546,11227990,6686376,5557,1560,"",0.95,0.79,0.78,0.77,1.05,0.71,0.12,1.35,"",3,25.0,33,6.3,33,6.3,21,4.0,2246685,25.0,343453,5.4,-44243,-88.8,243,18.5
"20000","5","327211","58","0","2025","1","N",4,0,0,0,0,0,0,0,"N",2.49,0,0,0,0,0,0,0,"N",2,100.0,0,0,0,0,0,0,0,0,0,0,0,0,0,0
"20000","5","327212","58","0","2025","1","N",3,0,0,0,0,0,0,0,"N",0.92,0,0,0,0,0,0,0,"N",0,0.0,0,0,0,0,0,0,0,0,0,0,0,0,0,0
"20000","5","327215","58","0","2025","1","",8,139,140,136,2187696,1662814,1578,1217,"",0.82,0.34,0.34,0.33,0.41,0.31,0.07,1.19,"",1,14.3,12,9.4,18,14.8,16,13.3,348047,18.9,207438,14.3,-6403,-80.2,67,5.8
"20000","5","3273","56","0","2025","1","",143,2697,2695,2761,48248604,32988269,192068,1366,"",1.89,1.48,1.47,1.48,1.72,1.36,1.21,1.17,"",-3,-2.1,39,1.5,-49,-1.8,-13,-0.5,1074494,2.3,286357,0.9,-218044,-53.2,35,2.6
"20000","5","32731","57","0","2025","1","",5,368,356,356,9752991,4984472,931,2084,"",1.34,2.56,2.47,2.46,3.05,2.39,0.10,1.22,"N",0,0.0,0,0,0,0,0,0,0,0,0,0,0,0,0,0
"20000","5","327310","58","0","2025","1","",5,368,356,356,9752991,4984472,931,2084,"",1.34,2.56,2.47,2.46,3.05,2.39,0.10,1.22,"N",0,0.0,0,0,0,0,0,0,0,0,0,0,0,0,0,0
"20000","5","32732","57","0","2025","1","",100,1439,1437,1504,22605514,17477012,171655,1191,"",2.16,1.58,1.58,1.60,1.66,1.44,1.78,1.05,"",-3,-2.9,-31,-2.1,-106,-6.9,-51,-3.3,-674709,-2.9,-588469,-3.3,-136365,-44.3,15,1.3
"20000","5","327320","58","0","2025","1","",100,1439,1437,1504,22605514,17477012,171655,1191,"",2.16,1.58,1.58,1.60,1.66,1.44,1.78,1.05,"",-3,-2.9,-31,-2.1,-106,-6.9,-51,-3.3,-674709,-2.9,-588469,-3.3,-136365,-44.3,15,1.3
"20000","5","32733","57","0","2025","1","",10,295,306,303,6536982,3872672,10838,1669,"",1.15,1.16,1.19,1.16,1.74,1.17,0.62,1.49,"N",-2,-16.7,0,0,0,0,0,0,0,0,0,0,0,0,0,0
"20000","5","327331","58","0","2025","1","",7,136,143,142,2634414,1780269,5805,1444,"",1.04,0.82,0.85,0.84,1.08,0.82,0.50,1.30,"N",-2,-22.2,0,0,0,0,0,0,0,0,0,0,0,0,0,0
"20000","5","327332","58","0","2025","1","",3,159,163,161,3902568,2092403,5033,1865,"",1.54,1.80,1.81,1.76,2.96,1.83,0.87,1.66,"",0,0.0,13,8.9,18,12.4,13,8.8,1065556,37.6,208580,11.1,-16336,-76.4,374,25.1
"20000","5","32739","57","0","2025","1","",28,595,596,598,9353117,6654113,8644,1206,"",1.65,1.16,1.15,1.15,1.25,1.00,0.24,1.09,"",2,7.7,28,4.9,18,3.1,29,5.1,515118,5.8,457470,7.4,-36815,-81.0,16,1.3
"20000","5","327390","58","0","2025","1","",28,595,596,598,9353117,6654113,8644,1206,"",1.65,1.16,1.15,1.15,1.25,1.00,0.24,1.09,"",2,7.7,28,4.9,18,3.1,29,5.1,515118,5.8,457470,7.4,-36815,-81.0,16,1.3
"20000","5","3274","56","0","2025","1","",7,349,342,346,7257788,4660397,10794,1615,"",2.34,2.29,2.23,2.25,2.33,2.03,1.43,1.04,"",1,16.7,55,18.7,42,14.0,34,10.9,960298,15.2,583645,14.3,-11538,-51.7,11,0.7
"20000","5","32741","57","0","2025","1","N",1,0,0,0,0,0,0,0,"N",1.23,0,0,0,0,0,0,0,"N",1,100.0,0,0,0,0,0,0,0,0,0,0,0,0,0,0
"20000","5","327410","58","0","2025","1","N",1,0,0,0,0,0,0,0,"N",1.23,0,0,0,0,0,0,0,"N",1,100.0,0,0,0,0,0,0,0,0,0,0,0,0,0,0
"20000","5","32742","57","0","2025","1","N",6,0,0,0,0,0,0,0,"N",2.75,0,0,0,0,0,0,0,"N",0,0.0,0,0,0,0,0,0,0,0,0,0,0,0,0,0
"20000","5","327420","58","0","2025","1","N",6,0,0,0,0,0,0,0,"N",2.75,0,0,0,0,0,0,0,"N",0,0.0,0,0,0,0,0,0,0,0,0,0,0,0,0,0
"20000","5","3279","56","0","2025","1","",35,1258,1270,1276,29678682,16555480,220396,1800,"",0.99,1.73,1.74,1.74,2.71,1.73,5.26,1.56,"",2,6.1,27,2.2,-11,-0.9,26,2.1,1242499,4.4,191510,1.2,-142628,-39.3,56,3.2
"20000","5","32791","57","0","2025","1","",4,37,37,37,462055,386614,600,961,"",1.25,0.43,0.43,0.43,0.34,0.33,0.11,0.80,"",0,0.0,2,5.7,1,2.8,0,0.0,-26891,-5.5,-16080,-4.0,-3564,-85.6,-84,-8.0
"20000","5","327910","58","0","2025","1","",4,37,37,37,462055,386614,600,961,"",1.25,0.43,0.43,0.43,0.34,0.33,0.11,0.80,"",0,0.0,2,5.7,1,2.8,0,0.0,-26891,-5.5,-16080,-4.0,-3564,-85.6,-84,-8.0
"20000","5","32799","57","0","2025","1","",31,1221,1233,1239,29216627,16168866,219796,1826,"",0.96,1.91,1.91,1.92,3.04,1.93,6.02,1.59,"",2,6.9,25,2.1,-12,-1.0,26,2.1,1269390,4.5,207590,1.3,-139064,-38.8,61,3.5
"20000","5","327991","58","0","2025","1","N",25,0,0,0,0,0,0,0,"N",1.05,0,0,0,0,0,0,0,"N",0,0.0,0,0,0,0,0,0,0,0,0,0,0,0,0,0
"20000","5","327993","58","0","2025","1","",4,825,836,837,24253555,11972942,193274,2241,"",1.71,5.21,5.23,5.23,8.05,6.07,20.48,1.54,"",0,0.0,21,2.6,-6,-0.7,25,3.1,1619933,7.2,426049,3.7,-97837,-33.6,116,5.5
"20000","5","327999","58","0","2025","1","N",2,0,0,0,0,0,0,0,"N",0.42,0,0,0,0,0,0,0,"N",2,100.0,0,0,0,0,0,0,0,0,0,0,0,0,0,0
"20000","5","331","55","0","2025","1","",32,1660,1669,1657,26217273,18937549,211888,1213,"",0.65,0.50,0.50,0.49,0.42,0.42,0.94,0.84,"",4,14.3,-52,-3.0,-52,-3.0,-50,-2.9,-761812,-2.8,-783185,-4.0,-77035,-26.7,2,0.2
"20000","5","3311","56","0","2025","1","",4,102,104,105,1462802,1280459,0,1085,"",0.48,0.13,0.13,0.14,0.08,0.13,0.00,0.60,"",1,33.3,11,12.1,12,13.0,16,18.0,230020,18.7,196699,18.1,-6589,-100.0,39,3.7
"20000","5","33111","57","0","2025","1","",4,102,104,105,1462802,1280459,0,1085,"",0.48,0.13,0.13,0.14,0.08,0.13,0.00,0.60,"",1,33.3,11,12.1,12,13.0,16,18.0,230020,18.7,196699,18.1,-6589,-100.0,39,3.7
"20000","5","331110","58","0","2025","1","",4,102,104,105,1462802,1280459,0,1085,"",0.48,0.13,0.13,0.14,0.08,0.13,0.00,0.60,"",1,33.3,11,12.1,12,13.0,16,18.0,230020,18.7,196699,18.1,-6589,-100.0,39,3.7
"20000","5","3312","56","0","2025","1","N",5,0,0,0,0,0,0,0,"N",0.44,0,0,0,0,0,0,0,"N",0,0.0,0,0,0,0,0,0,0,0,0,0,0,0,0,0
"20000","5","33121","57","0","2025","1","N",4,0,0,0,0,0,0,0,"N",0.77,0,0,0,0,0,0,0,"N",0,0.0,0,0,0,0,0,0,0,0,0,0,0,0,0,0
"20000","5","331210","58","0","2025","1","N",4,0,0,0,0,0,0,0,"N",0.77,0,0,0,0,0,0,0,"N",0,0.0,0,0,0,0,0,0,0,0,0,0,0,0,0,0
"20000","5","33122","57","0","2025","1","N",1,0,0,0,0,0,0,0,"N",0.16,0,0,0,0,0,0,0,"N",0,0.0,0,0,0,0,0,0,0,0,0,0,0,0,0,0
"20000","5","331221","58","0","2025","1","N",1,0,0,0,0,0,0,0,"N",0.24,0,0,0,0,0,0,0,"N",0,0.0,0,0,0,0,0,0,0,0,0,0,0,0,0,0
"20000","5","3313","56","0","2025","1","N",4,0,0,0,0,0,0,0,"N",0.60,0,0,0,0,0,0,0,"N",1,33.3,0,0,0,0,0,0,0,0,0,0,0,0,0,0
"20000","5","33131","57","0","2025","1","N",4,0,0,0,0,0,0,0,"N",0.60,0,0,0,0,0,0,0,"N",1,33.3,0,0,0,0,0,0,0,0,0,0,0,0,0,0
"20000","5","331315","58","0","2025","1","N",2,0,0,0,0,0,0,0,"N",1.32,0,0,0,0,0,0,0,"N",0,0.0,0,0,0,0,0,0,0,0,0,0,0,0,0,0
"20000","5","331318","58","0","2025","1","N",2,0,0,0,0,0,0,0,"N",0.67,0,0,0,0,0,0,0,"N",1,100.0,0,0,0,0,0,0,0,0,0,0,0,0,0,0
"20000","5","3314","56","0","2025","1","",5,393,394,396,7527508,5115170,24261,1468,"",0.55,0.70,0.70,0.70,0.72,0.61,0.56,1.04,"",0,0.0,16,4.2,18,4.8,18,4.8,112588,1.5,226348,4.6,-24486,-50.2,-45,-3.0
"20000","5","33142","57","0","2025","1","N",3,0,0,0,0,0,0,0,"N",1.10,0,0,0,0,0,0,0,"N",0,0.0,0,0,0,0,0,0,0,0,0,0,0,0,0,0
"20000","5","331420","58","0","2025","1","N",3,0,0,0,0,0,0,0,"N",1.10,0,0,0,0,0,0,0,"N",0,0.0,0,0,0,0,0,0,0,0,0,0,0,0,0,0
"20000","5","33149","57","0","2025","1","N",2,0,0,0,0,0,0,0,"N",0.41,0,0,0,0,0,0,0,"N",0,0.0,0,0,0,0,0,0,0,0,0,0,0,0,0,0
"20000","5","331491","58","0","2025","1","N",1,0,0,0,0,0,0,0,"N",0.36,0,0,0,0,0,0,0,"N",0,0.0,0,0,0,0,0,0,0,0,0,0,0,0,0,0
"20000","5","331492","58","0","2025","1","N",1,0,0,0,0,0,0,0,"N",0.47,0,0,0,0,0,0,0,"N",0,0.0,0,0,0,0,0,0,0,0,0,0,0,0,0,0
"20000","5","3315","56","0","2025","1","",14,941,945,927,14283676,10172840,182132,1172,"",1.05,1.02,1.01,0.99,0.95,0.80,2.79,0.95,"",2,16.7,-70,-6.9,-65,-6.4,-72,-7.2,-1291905,-8.3,-1203344,-10.6,-35895,-16.5,-18,-1.5
"20000","5","33151","57","0","2025","1","",11,928,930,911,14153726,10042890,181443,1180,"",1.85,1.89,1.88,1.84,1.61,1.47,5.00,0.86,"",2,22.2,-69,-6.9,-67,-6.7,-73,-7.4,-1294192,-8.4,-1206398,-10.7,-34799,-16.1,-17,-1.4
"20000","5","331511","58","0","2025","1","N",7,0,0,0,0,0,0,0,"N",2.37,0,0,0,0,0,0,0,"N",1,16.7,0,0,0,0,0,0,0,0,0,0,0,0,0,0
"20000","5","331513","58","0","2025","1","N",4,0,0,0,0,0,0,0,"N",1.97,0,0,0,0,0,0,0,"N",1,33.3,0,0,0,0,0,0,0,0,0,0,0,0,0,0
"20000","5","33152","57","0","2025","1","",3,13,15,16,129950,129950,689,682,"",0.40,0.03,0.03,0.04,0.02,0.02,0.02,0.62,"",0,0.0,-1,-7.1,2,15.4,1,6.7,2287,1.8,3054,2.4,-1096,-61.4,-19,-2.7
"20000","5","331524","58","0","2025","1","",3,13,15,16,129950,129950,689,682,"",1.08,0.10,0.11,0.12,0.07,0.07,0.08,0.67,"",0,0.0,-1,-7.1,2,15.4,1,6.7,2287,1.8,3054,2.4,-1096,-61.4,-19,-2.7
"20000","5","332","55","0","2025","1","",520,17402,17420,17430,265318364,202867509,618316,1172,"",1.05,1.33,1.33,1.32,1.38,1.18,0.78,1.04,"",-4,-0.8,198,1.2,138,0.8,57,0.3,1467786,0.6,1351922,0.7,-1321025,-68.1,-2,-0.2
"20000","5","3321","56","0","2025","1","N",4,0,0,0,0,0,0,0,"N",0.22,0,0,0,0,0,0,0,"N",1,33.3,0,0,0,0,0,0,0,0,0,0,0,0,0,0
"20000","5","33211","57","0","2025","1","N",4,0,0,0,0,0,0,0,"N",0.22,0,0,0,0,0,0,0,"N",1,33.3,0,0,0,0,0,0,0,0,0,0,0,0,0,0
"20000","5","332119","58","0","2025","1","N",4,0,0,0,0,0,0,0,"N",0.40,0,0,0,0,0,0,0,"N",1,33.3,0,0,0,0,0,0,0,0,0,0,0,0,0,0
"20000","5","3322","56","0","2025","1","",15,689,684,666,9460056,7317334,21162,1071,"",1.37,2.31,2.29,2.23,1.95,1.69,1.06,0.85,"",1,7.1,-39,-5.4,-50,-6.8,-66,-9.0,-908903,-8.8,-553521,-7.0,-68432,-76.4,-20,-1.8
"20000","5","33221","57","0","2025","1","",15,689,684,666,9460056,7317334,21162,1071,"",1.37,2.31,2.29,2.23,1.95,1.69,1.06,0.85,"",1,7.1,-39,-5.4,-50,-6.8,-66,-9.0,-908903,-8.8,-553521,-7.0,-68432,-76.4,-20,-1.8
"20000","5","332215","58","0","2025","1","N",4,0,0,0,0,0,0,0,"N",1.34,0,0,0,0,0,0,0,"N",1,33.3,0,0,0,0,0,0,0,0,0,0,0,0,0,0
"20000","5","332216","58","0","2025","1","N",11,0,0,0,0,0,0,0,"N",1.38,0,0,0,0,0,0,0,"N",0,0.0,0,0,0,0,0,0,0,0,0,0,0,0,0,0
"20000","5","3323","56","0","2025","1","",144,6286,6261,6273,94917115,73355366,162643,1164,"",1.06,1.66,1.65,1.65,1.74,1.50,0.73,1.05,"",-1,-0.7,-1,0.0,-29,-0.5,-33,-0.5,-3399212,-3.5,-801089,-1.1,-476727,-74.6,-38,-3.2
"20000","5","33231","57","0","2025","1","",67,2810,2803,2835,45114921,33791063,117261,1232,"",1.12,1.65,1.63,1.64,1.67,1.49,1.24,1.02,"",2,3.1,280,11.1,258,10.1,290,11.4,1893765,4.4,2725395,8.8,-235698,-66.8,-77,-5.9
"20000","5","332311","58","0","2025","1","",15,679,693,699,10671223,8017253,36618,1189,"",1.21,1.92,1.95,1.95,1.96,1.80,1.90,1.01,"",-1,-6.2,32,4.9,38,5.8,45,6.9,554666,5.5,406248,5.3,-48214,-56.8,-5,-0.4
"20000","5","332312","58","0","2025","1","",39,1687,1664,1682,27239135,20380484,75514,1249,"",1.21,1.85,1.82,1.83,1.92,1.66,1.50,1.05,"",3,8.3,270,19.1,228,15.9,231,15.9,2523208,10.2,2384956,13.3,-158867,-67.8,-76,-5.7
"20000","5","332313","58","0","2025","1","",13,444,446,454,7204563,5393326,5129,1237,"",0.84,1.00,1.00,1.02,0.99,0.90,0.21,0.98,"",0,0.0,-22,-4.7,-8,-1.8,14,3.2,-1184109,-14.1,-65809,-1.2,-28617,-84.8,-186,-13.1
"20000","5","33232","57","0","2025","1","",77,3476,3458,3438,49802194,39564303,45382,1108,"",1.01,1.67,1.66,1.65,1.80,1.51,0.35,1.08,"",-3,-3.8,-281,-7.5,-287,-7.7,-323,-8.6,-5292977,-9.6,-3526484,-8.2,-241029,-84.2,-21,-1.9
"20000","5","332321","58","0","2025","1","",21,1630,1629,1614,21985894,18557095,8113,1041,"",1.63,2.62,2.63,2.61,2.71,2.54,0.26,1.03,"",2,10.5,-144,-8.1,-146,-8.2,-170,-9.5,-2496085,-10.2,-1781590,-8.8,-95665,-92.2,-18,-1.7
"20000","5","332322","58","0","2025","1","",37,1649,1624,1624,25066302,18904222,30960,1181,"",1.01,1.57,1.54,1.54,1.79,1.39,0.44,1.16,"",-3,-7.5,-44,-2.6,-67,-4.0,-70,-4.1,-1649631,-6.2,-810464,-4.1,-117700,-79.2,-33,-2.7
"20000","5","332323","58","0","2025","1","",19,197,205,200,2749998,2102986,6309,1054,"",0.71,0.49,0.50,0.49,0.50,0.40,0.23,1.01,"",-2,-9.5,-93,-32.1,-74,-26.5,-83,-29.3,-1147261,-29.4,-934430,-30.8,-27664,-81.4,-2,-0.2
"20000","5","3324","56","0","2025","1","",25,2019,2043,2041,32349617,24695977,58071,1223,"",1.41,2.26,2.27,2.26,2.19,1.97,0.96,0.97,"",-4,-13.8,101,5.3,69,3.5,78,4.0,1264655,4.1,1068561,4.5,-144901,-71.4,-2,-0.2
"20000","5","33241","57","0","2025","1","N",2,0,0,0,0,0,0,0,"N",0.57,0,0,0,0,0,0,0,"N",0,0.0,0,0,0,0,0,0,0,0,0,0,0,0,0,0
"20000","5","332410","58","0","2025","1","N",2,0,0,0,0,0,0,0,"N",0.57,0,0,0,0,0,0,0,"N",0,0.0,0,0,0,0,0,0,0,0,0,0,0,0,0,0
"20000","5","33242","57","0","2025","1","",16,1333,1347,1345,21263281,16299010,34908,1219,"",1.96,3.85,3.86,3.85,3.94,3.49,1.71,1.02,"",-4,-20.0,14,1.1,-9,-0.7,13,1.0,625814,3.0,184963,1.1,-94000,-72.9,30,2.5
"20000","5","332420","58","0","2025","1","",16,1333,1347,1345,21263281,16299010,34908,1219,"",1.96,3.85,3.86,3.85,3.94,3.49,1.71,1.02,"",-4,-20.0,14,1.1,-9,-0.7,13,1.0,625814,3.0,184963,1.1,-94000,-72.9,30,2.5
"20000","5","33243","57","0","2025","1","N",7,0,0,0,0,0,0,0,"N",1.16,0,0,0,0,0,0,0,"N",0,0.0,0,0,0,0,0,0,0,0,0,0,0,0,0,0
"20000","5","332439","58","0","2025","1","N",7,0,0,0,0,0,0,0,"N",1.72,0,0,0,0,0,0,0,"N",0,0.0,0,0,0,0,0,0,0,0,0,0,0,0,0,0
"20000","5","3325","56","0","2025","1","N",8,0,0,0,0,0,0,0,"N",1.14,0,0,0,0,0,0,0,"N",0,0.0,0,0,0,0,0,0,0,0,0,0,0,0,0,0
"20000","5","33251","57","0","2025","1","N",8,0,0,0,0,0,0,0,"N",1.14,0,0,0,0,0,0,0,"N",0,0.0,0,0,0,0,0,0,0,0,0,0,0,0,0,0
"20000","5","332510","58","0","2025","1","N",8,0,0,0,0,0,0,0,"N",1.14,0,0,0,0,0,0,0,"N",0,0.0,0,0,0,0,0,0,0,0,0,0,0,0,0,0
"20000","5","3326","56","0","2025","1","",4,19,18,19,218893,177771,656,902,"",0.38,0.05,0.05,0.05,0.05,0.04,0.03,0.88,"",0,0.0,-78,-80.4,-78,-81.2,-79,-80.6,-1008135,-82.2,-915912,-83.7,-35980,-98.2,-71,-7.3
"20000","5","33261","57","0","2025","1","",4,19,18,19,218893,177771,656,902,"",0.38,0.05,0.05,0.05,0.05,0.04,0.03,0.88,"",0,0.0,-78,-80.4,-78,-81.2,-79,-80.6,-1008135,-82.2,-915912,-83.7,-35980,-98.2,-71,-7.3
"20000","5","332613","58","0","2025","1","N",1,0,0,0,0,0,0,0,"N",0.30,0,0,0,0,0,0,0,"N",0,0.0,0,0,0,0,0,0,0,0,0,0,0,0,0,0
"20000","5","332618","58","0","2025","1","N",3,0,0,0,0,0,0,0,"N",0.41,0,0,0,0,0,0,0,"N",0,0.0,0,0,0,0,0,0,0,0,0,0,0,0,0,0
"20000","5","3327","56","0","2025","1","",177,3214,3227,3250,49829568,37987819,101750,1187,"",1.05,1.06,1.06,1.07,1.21,0.96,0.56,1.14,"",-3,-1.7,46,1.5,48,1.5,64,2.0,2080828,4.4,826321,2.2,-251313,-71.2,31,2.7
"20000","5","33271","57","0","2025","1","",169,2900,2904,2930,44365739,34094690,98985,1172,"",1.13,1.24,1.23,1.24,1.43,1.11,0.72,1.16,"",-1,-0.6,42,1.5,40,1.4,69,2.4,1395635,3.2,581363,1.7,-227776,-69.7,17,1.5
"20000","5","332710","58","0","2025","1","",169,2900,2904,2930,44365739,34094690,98985,1172,"",1.13,1.24,1.23,1.24,1.43,1.11,0.72,1.16,"",-1,-0.6,42,1.5,40,1.4,69,2.4,1395635,3.2,581363,1.7,-227776,-69.7,17,1.5
"20000","5","33272","57","0","2025","1","",8,314,323,320,5463829,3893129,2765,1318,"",0.42,0.46,0.47,0.47,0.55,0.44,0.06,1.17,"",-2,-20.0,4,1.3,8,2.5,-5,-1.5,685193,14.3,244958,6.7,-23537,-89.5,157,13.5
"20000","5","332721","58","0","2025","1","N",2,0,0,0,0,0,0,0,"N",0.16,0,0,0,0,0,0,0,"N",-1,-33.3,0,0,0,0,0,0,0,0,0,0,0,0,0,0
"20000","5","332722","58","0","2025","1","N",6,0,0,0,0,0,0,0,"N",0.95,0,0,0,0,0,0,0,"N",-1,-14.3,0,0,0,0,0,0,0,0,0,0,0,0,0,0
"20000","5","3328","56","0","2025","1","",57,1847,1859,1865,27299952,20712708,23099,1131,"",1.15,1.58,1.57,1.58,1.80,1.46,0.34,1.14,"",-2,-3.4,135,7.9,113,6.5,80,4.5,2367834,9.5,1286692,6.6,-105576,-82.0,34,3.1
"20000","5","33281","57","0","2025","1","",57,1847,1859,1865,27299952,20712708,23099,1131,"",1.15,1.58,1.57,1.58,1.80,1.46,0.34,1.14,"",-2,-3.4,135,7.9,113,6.5,80,4.5,2367834,9.5,1286692,6.6,-105576,-82.0,34,3.1
"20000","5","332811","58","0","2025","1","N",3,0,0,0,0,0,0,0,"N",0.53,0,0,0,0,0,0,0,"N",0,0.0,0,0,0,0,0,0,0,0,0,0,0,0,0,0
"20000","5","332812","58","0","2025","1","N",28,0,0,0,0,0,0,0,"N",1.12,0,0,0,0,0,0,0,"N",-1,-3.4,0,0,0,0,0,0,0,0,0,0,0,0,0,0
"20000","5","332813","58","0","2025","1","",26,1141,1160,1153,15202005,12322930,9310,1016,"",1.37,2.41,2.44,2.42,2.62,2.17,0.34,1.08,"",-1,-3.7,94,9.0,91,8.5,48,4.3,1061161,7.5,669634,5.7,-57713,-86.1,3,0.3
"20000","5","3329","56","0","2025","1","",86,3044,3047,3035,47159573,35440211,244746,1193,"",1.15,1.18,1.18,1.17,1.10,1.04,1.67,0.93,"",4,4.9,38,1.3,73,2.5,20,0.7,1062812,2.3,371366,1.1,-207448,-45.9,10,0.8
"20000","5","33291","57","0","2025","1","",20,811,799,800,11427670,9119449,11534,1094,"",1.23,1.00,0.98,0.98,0.76,0.84,0.26,0.77,"",3,17.6,-9,-1.1,-12,-1.5,2,0.3,250298,2.2,132557,1.5,-53996,-82.4,32,3.0
"20000","5","332911","58","0","2025","1","",11,551,547,544,8010206,6409158,8384,1126,"",1.70,2.20,2.17,2.15,1.69,1.75,0.52,0.78,"N",3,37.5,0,0,0,0,0,0,0,0,0,0,0,0,0,0
"20000","5","332912","58","0","2025","1","N",8,0,0,0,0,0,0,0,"N",1.75,0,0,0,0,0,0,0,"N",0,0.0,0,0,0,0,0,0,0,0,0,0,0,0,0,0
"20000","5","332919","58","0","2025","1","N",1,0,0,0,0,0,0,0,"N",0.36,0,0,0,0,0,0,0,"N",0,0.0,0,0,0,0,0,0,0,0,0,0,0,0,0,0
"20000","5","33299","57","0","2025","1","",66,2233,2248,2235,35731903,26320762,233212,1228,"",1.13,1.27,1.27,1.26,1.27,1.13,2.26,1.01,"",1,1.5,47,2.2,85,3.9,18,0.8,812514,2.3,238809,0.9,-153452,-39.7,1,0.1
"20000","5","332991","58","0","2025","1","N",2,0,0,0,0,0,0,0,"N",0.92,0,0,0,0,0,0,0,"N",0,0.0,0,0,0,0,0,0,0,0,0,0,0,0,0,0
"20000","5","332992","58","0","2025","1","",4,28,27,27,228233,220155,789,642,"",2.37,0.26,0.25,0.25,0.14,0.14,0.19,0.57,"",1,33.3,3,12.0,3,12.5,2,8.0,35311,18.3,35367,19.1,-684,-46.4,40,6.6
"20000","5","332993","58","0","2025","1","N",1,0,0,0,0,0,0,0,"N",1.36,0,0,0,0,0,0,0,"N",0,0.0,0,0,0,0,0,0,0,0,0,0,0,0,0,0
"20000","5","332994","58","0","2025","1","",8,50,55,53,1434841,604760,5396,2096,"",1.12,0.22,0.24,0.23,0.31,0.16,0.39,1.36,"",0,0.0,-10,-16.7,-6,-9.8,-8,-13.1,392886,37.7,-69700,-10.3,-7675,-58.7,775,58.7
"20000","5","332996","58","0","2025","1","",12,1072,1074,1072,18624789,13170291,42890,1336,"",1.52,3.61,3.61,3.58,4.16,3.61,2.16,1.15,"",0,0.0,138,14.8,131,13.9,92,9.4,1440264,8.4,1320090,11.1,-102800,-70.6,-52,-3.7
"20000","5","332999","58","0","2025","1","",39,853,870,865,11980452,9766989,53221,1068,"",1.00,1.10,1.12,1.10,1.09,0.97,1.17,0.98,"",0,0.0,-102,-10.7,-59,-6.4,-67,-7.2,-1399150,-10.5,-1140865,-10.5,-55833,-51.2,-28,-2.6
"20000","5","333","55","0","2025","1","",398,19815,19721,19757,347117639,243239218,1998030,1351,"",1.42,1.98,1.96,1.96,1.85,1.70,3.07,0.94,"",6,1.5,-1222,-5.8,-1268,-6.0,-1158,-5.5,-19985438,-5.4,-11916501,-4.7,-1449164,-42.0,5,0.4
"20000","5","3331","56","0","2025","1","",130,7995,7949,7985,131296122,95386254,1306026,1266,"",3.37,4.26,4.24,4.27,3.75,3.46,10.17,0.88,"",-2,-1.5,-1349,-14.4,-1282,-13.9,-1156,-12.6,-25975043,-16.5,-15438810,-13.9,-559423,-30.0,-43,-3.3
"20000","5","33311","57","0","2025","1","",102,6238,6199,6246,98866354,72884823,712437,1221,"",6.52,9.00,8.96,9.12,10.24,7.05,13.93,1.13,"",-4,-3.8,-1012,-14.0,-1047,-14.4,-1002,-13.8,-19803382,-16.7,-12612455,-14.8,-386209,-35.2,-38,-3.0
"20000","5","333111","58","0","2025","1","N",100,0,0,0,0,0,0,0,"N",7.48,0,0,0,0,0,0,0,"N",-3,-2.9,0,0,0,0,0,0,0,0,0,0,0,0,0,0
"20000","5","333112","58","0","2025","1","N",2,0,0,0,0,0,0,0,"N",0.88,0,0,0,0,0,0,0,"N",-1,-33.3,0,0,0,0,0,0,0,0,0,0,0,0,0,0
"20000","5","33312","57","0","2025","1","",20,1635,1627,1619,30698230,21190888,576038,1451,"",2.14,2.41,2.40,2.38,2.33,1.99,12.42,0.97,"",2,11.1,-343,-17.3,-242,-12.9,-155,-8.7,-6215820,-16.8,-2908864,-12.1,-168041,-22.6,-65,-4.3
"20000","5","333120","58","0","2025","1","",20,1635,1627,1619,30698230,21190888,576038,1451,"",2.14,2.41,2.40,2.38,2.33,1.99,12.42,0.97,"",2,11.1,-343,-17.3,-242,-12.9,-155,-8.7,-6215820,-16.8,-2908864,-12.1,-168041,-22.6,-65,-4.3
"20000","5","33313","57","0","2025","1","",8,122,123,120,1731538,1310543,17551,1095,"",0.59,0.24,0.24,0.24,0.14,0.20,0.57,0.59,"",0,0.0,6,5.2,7,6.0,1,0.8,44159,2.6,82509,6.7,-5173,-22.8,-14,-1.3
"20000","5","333131","58","0","2025","1","N",1,0,0,0,0,0,0,0,"N",0.35,0,0,0,0,0,0,0,"N",0,0.0,0,0,0,0,0,0,0,0,0,0,0,0,0,0
"20000","5","333132","58","0","2025","1","N",7,0,0,0,0,0,0,0,"N",0.66,0,0,0,0,0,0,0,"N",0,0.0,0,0,0,0,0,0,0,0,0,0,0,0,0,0
"20000","5","3332","56","0","2025","1","",53,2231,2214,2213,44218215,28808002,58159,1533,"",1.18,1.86,1.84,1.84,1.55,1.60,0.61,0.84,"",-1,-1.9,-101,-4.3,-104,-4.5,-98,-4.2,-520991,-1.2,-627348,-2.1,-187495,-76.3,50,3.4
"20000","5","33324","57","0","2025","1","",53,2231,2214,2213,44218215,28808002,58159,1533,"",1.18,1.86,1.84,1.84,1.55,1.60,0.61,0.84,"",-1,-1.9,-101,-4.3,-104,-4.5,-98,-4.2,-520991,-1.2,-627348,-2.1,-187495,-76.3,50,3.4
"20000","5","333241","58","0","2025","1","N",18,0,0,0,0,0,0,0,"N",2.32,0,0,0,0,0,0,0,"N",1,5.9,0,0,0,0,0,0,0,0,0,0,0,0,0,0
"20000","5","333243","58","0","2025","1","N",3,0,0,0,0,0,0,0,"N",0.67,0,0,0,0,0,0,0,"N",0,0.0,0,0,0,0,0,0,0,0,0,0,0,0,0,0
"20000","5","333248","58","0","2025","1","",32,1446,1426,1421,27195497,18691253,48225,1462,"",1.09,2.29,2.25,2.24,2.41,2.11,1.05,1.07,"",-2,-5.9,-117,-7.5,-130,-8.4,-130,-8.4,7500,0.0,-878395,-4.5,-130101,-73.0,118,8.8
"20000","5","3333","56","0","2025","1","",22,925,941,944,16676472,11793582,39108,1370,"",0.87,1.17,1.19,1.19,1.06,1.00,0.72,0.89,"",4,22.2,13,1.4,10,1.1,18,1.9,378708,2.3,152959,1.3,-84045,-68.2,12,0.9
"20000","5","33331","57","0","2025","1","",22,925,941,944,16676472,11793582,39108,1370,"",0.87,1.17,1.19,1.19,1.06,1.00,0.72,0.89,"",4,22.2,13,1.4,10,1.1,18,1.9,378708,2.3,152959,1.3,-84045,-68.2,12,0.9
"20000","5","333310","58","0","2025","1","",22,925,941,944,16676472,11793582,39108,1370,"",0.87,1.17,1.19,1.19,1.06,1.00,0.72,0.89,"",4,22.2,13,1.4,10,1.1,18,1.9,378708,2.3,152959,1.3,-84045,-68.2,12,0.9
"20000","5","3334","56","0","2025","1","",39,2849,2823,2849,47291092,34055760,134528,1281,"",1.57,2.10,2.06,2.08,2.34,1.93,1.82,1.13,"",8,25.8,356,14.3,333,13.4,339,13.5,4995698,11.8,4545719,15.4,-218972,-61.9,-22,-1.7
"20000","5","33341","57","0","2025","1","",39,2849,2823,2849,47291092,34055760,134528,1281,"",1.57,2.10,2.06,2.08,2.34,1.93,1.82,1.13,"",8,25.8,356,14.3,333,13.4,339,13.5,4995698,11.8,4545719,15.4,-218972,-61.9,-22,-1.7
"20000","5","333413","58","0","2025","1","",14,205,205,211,3582127,2486116,17792,1331,"",1.85,0.68,0.68,0.70,0.83,0.62,1.17,1.21,"",4,40.0,-3,-1.4,2,1.0,8,3.9,196123,5.8,-3629,-0.1,-21415,-54.6,58,4.6
"20000","5","333414","58","0","2025","1","",6,579,573,571,7976970,6491794,9501,1068,"",1.36,4.26,4.09,4.07,4.08,3.39,1.12,0.99,"",0,0.0,11,1.9,-1,-0.2,-10,-1.7,121754,1.5,140459,2.2,-37626,-79.8,16,1.5
"20000","5","333415","58","0","2025","1","",19,2065,2045,2067,35731995,25077850,107235,1335,"",1.48,2.24,2.20,2.22,2.56,2.13,2.14,1.15,"",4,26.7,348,20.3,332,19.4,341,19.8,4677821,15.1,4408889,21.3,-159931,-59.9,-55,-4.0
"20000","5","3335","56","0","2025","1","",44,1203,1197,1200,19389407,14574974,32076,1243,"",0.73,0.86,0.86,0.86,0.93,0.79,0.38,1.08,"",-1,-2.2,3,0.2,-14,-1.2,-1,-0.1,864458,4.7,377471,2.7,-83988,-72.4,59,5.0
"20000","5","33351","57","0","2025","1","",44,1203,1197,1200,19389407,14574974,32076,1243,"",0.73,0.86,0.86,0.86,0.93,0.79,0.38,1.08,"",-1,-2.2,3,0.2,-14,-1.2,-1,-0.1,864458,4.7,377471,2.7,-83988,-72.4,59,5.0
"20000","5","333511","58","0","2025","1","",10,287,287,289,4082791,3281285,1815,1092,"",0.87,1.02,1.02,1.03,1.04,0.84,0.11,1.02,"",0,0.0,4,1.4,-8,-2.7,-4,-1.4,-144143,-3.4,4943,0.2,-21850,-92.3,-28,-2.5
"20000","5","333514","58","0","2025","1","",6,123,122,125,1908263,1385942,6508,1190,"",0.30,0.27,0.27,0.28,0.30,0.24,0.24,1.09,"",-2,-25.0,13,11.8,14,13.0,17,15.7,168302,9.7,129687,10.3,-4686,-41.9,-42,-3.4
"20000","5","333515","58","0","2025","1","N",9,0,0,0,0,0,0,0,"N",1.00,0,0,0,0,0,0,0,"N",0,0.0,0,0,0,0,0,0,0,0,0,0,0,0,0,0
"20000","5","333517","58","0","2025","1","",15,266,261,259,4552378,3173756,18932,1337,"",0.89,0.71,0.69,0.69,0.76,0.64,0.87,1.10,"",2,15.4,-21,-7.3,-26,-9.1,-20,-7.2,-21941,-0.5,-66359,-2.0,-24152,-56.1,99,8.0
"20000","5","333519","58","0","2025","1","N",4,0,0,0,0,0,0,0,"N",1.28,0,0,0,0,0,0,0,"N",-1,-20.0,0,0,0,0,0,0,0,0,0,0,0,0,0,0
"20000","5","3336","56","0","2025","1","",13,620,614,610,12065504,7678988,49760,1510,"",1.11,0.73,0.72,0.71,0.59,0.62,0.88,0.82,"",0,0.0,142,29.7,143,30.4,137,29.0,2433087,25.3,1858444,31.9,-21519,-30.2,-53,-3.4
"20000","5","33361","57","0","2025","1","",13,620,614,610,12065504,7678988,49760,1510,"",1.11,0.73,0.72,0.71,0.59,0.62,0.88,0.82,"",0,0.0,142,29.7,143,30.4,137,29.0,2433087,25.3,1858444,31.9,-21519,-30.2,-53,-3.4
"20000","5","333611","58","0","2025","1","",6,195,191,192,3448397,2528575,15544,1377,"",1.79,1.02,0.99,0.96,0.67,0.92,1.23,0.68,"",1,20.0,170,680.0,166,664.0,167,668.0,3122827,959.2,2292550,971.3,12929,494.4,375,37.4
"20000","5","333612","58","0","2025","1","N",2,0,0,0,0,0,0,0,"N",0.87,0,0,0,0,0,0,0,"N",-1,-33.3,0,0,0,0,0,0,0,0,0,0,0,0,0,0
"20000","5","333613","58","0","2025","1","",3,300,296,293,6598028,3686473,31824,1713,"",1.12,2.59,2.55,2.50,3.59,2.13,4.06,1.41,"",0,0.0,-24,-7.4,-22,-6.9,-28,-8.7,-662280,-9.1,-395651,-9.7,-25019,-44.0,-27,-1.6
"20000","5","333618","58","0","2025","1","N",2,0,0,0,0,0,0,0,"N",0.59,0,0,0,0,0,0,0,"N",0,0.0,0,0,0,0,0,0,0,0,0,0,0,0,0,0
"20000","5","3339","56","0","2025","1","",97,3992,3983,3956,76180827,50941658,378373,1473,"",1.30,1.56,1.55,1.54,1.63,1.39,2.39,1.05,"",-2,-2.0,-286,-6.7,-354,-8.2,-397,-9.1,-2161355,-2.8,-2784936,-5.2,-293722,-43.7,79,5.7
"20000","5","33391","57","0","2025","1","",14,597,602,604,11156391,7286283,22037,1428,"",1.21,1.38,1.39,1.39,1.25,1.16,0.83,0.90,"",-2,-12.5,-12,-2.0,-2,-0.3,-7,-1.1,62843,0.6,85678,1.2,-57235,-72.2,24,1.7
"20000","5","333912","58","0","2025","1","",4,25,25,25,681707,320233,1654,2098,"",1.01,0.14,0.14,0.14,0.19,0.13,0.15,1.31,"N",1,33.3,0,0,0,0,0,0,0,0,0,0,0,0,0,0
"20000","5","333914","58","0","2025","1","",10,572,577,579,10474684,6966050,20383,1399,"",1.32,2.23,2.23,2.23,1.97,1.81,1.30,0.89,"N",-3,-23.1,0,0,0,0,0,0,0,0,0,0,0,0,0,0
"20000","5","33392","57","0","2025","1","",38,2218,2203,2186,41960492,28635145,276069,1466,"",1.92,2.57,2.55,2.53,2.82,2.34,5.43,1.11,"",0,0.0,-120,-5.1,-210,-8.7,-238,-9.8,-158634,-0.4,-1620272,-5.4,-140467,-33.7,111,8.2
"20000","5","333921","58","0","2025","1","N",2,0,0,0,0,0,0,0,"N",0.80,0,0,0,0,0,0,0,"N",0,0.0,0,0,0,0,0,0,0,0,0,0,0,0,0,0
"20000","5","333922","58","0","2025","1","",20,1262,1256,1236,24461921,16409944,26851,1504,"",2.11,3.85,3.84,3.78,4.13,3.61,1.26,1.08,"",0,0.0,-28,-2.2,-44,-3.4,-57,-4.4,65113,0.3,-183304,-1.1,-79880,-74.8,54,3.7
"20000","5","333923","58","0","2025","1","N",5,0,0,0,0,0,0,0,"N",1.26,0,0,0,0,0,0,0,"N",0,0.0,0,0,0,0,0,0,0,0,0,0,0,0,0,0
"20000","5","333924","58","0","2025","1","",11,697,690,688,13447366,8960305,132337,1496,"",2.82,2.41,2.38,2.36,2.97,2.28,9.72,1.25,"",0,0.0,-29,-4.0,-93,-11.9,-114,-14.2,8576,0.1,-927100,-9.4,-31537,-19.2,154,11.5
"20000","5","33399","57","0","2025","1","",45,1177,1178,1166,23063944,15020230,80267,1512,"",1.05,0.93,0.93,0.92,1.01,0.83,0.99,1.09,"",0,0.0,-154,-11.6,-142,-10.8,-152,-11.5,-2065564,-8.2,-1250342,-7.7,-96020,-54.5,51,3.5
"20000","5","333991","58","0","2025","1","N",3,0,0,0,0,0,0,0,"N",1.46,0,0,0,0,0,0,0,"N",1,50.0,0,0,0,0,0,0,0,0,0,0,0,0,0,0
"20000","5","333992","58","0","2025","1","N",5,0,0,0,0,0,0,0,"N",0.73,0,0,0,0,0,0,0,"N",-1,-16.7,0,0,0,0,0,0,0,0,0,0,0,0,0,0
"20000","5","333993","58","0","2025","1","",6,22,24,20,388117,291763,1620,1357,"",0.74,0.10,0.11,0.09,0.09,0.09,0.11,0.93,"N",4,200.0,0,0,0,0,0,0,0,0,0,0,0,0,0,0
"20000","5","333994","58","0","2025","1","",4,44,43,43,966578,520155,1029,1716,"",1.34,0.50,0.48,0.48,0.58,0.38,0.14,1.19,"",0,0.0,-1,-2.2,-2,-4.4,-4,-8.5,-287029,-22.9,-59722,-10.3,-3776,-78.6,-396,-18.8
"20000","5","333995","58","0","2025","1","",7,197,206,198,2754156,2214529,10843,1058,"",2.20,1.40,1.46,1.40,1.32,1.11,1.34,0.93,"",1,16.7,-24,-10.9,-13,-5.9,-20,-9.2,48363,1.8,-51855,-2.3,-19628,-64.4,109,11.5
"20000","5","333996","58","0","2025","1","",6,346,344,342,7331870,4575447,34579,1640,"",2.43,2.14,2.12,2.11,2.23,1.85,3.25,1.05,"",-1,-14.3,-79,-18.6,-87,-20.2,-85,-19.9,-1531348,-17.3,-754050,-14.1,-20445,-37.2,46,2.9
"20000","5","333998","58","0","2025","1","",14,487,479,480,10259285,6442737,26381,1637,"",0.81,1.15,1.13,1.13,1.43,1.10,0.97,1.26,"",-4,-22.2,-50,-9.3,-39,-7.5,-41,-7.9,-413372,-3.9,-405764,-5.9,-45271,-63.2,74,4.7
"20000","5","334","55","0","2025","1","",171,8469,8481,8512,261226724,109693539,234291,2368,"",0.81,0.92,0.92,0.92,0.85,0.74,0.33,0.92,"",-1,-0.6,351,4.3,363,4.5,406,5.0,62073912,31.2,6457556,6.3,-693061,-74.7,480,25.4
"20000","5","3341","56","0","2025","1","",16,51,52,51,1192716,636106,8728,1787,"",0.81,0.06,0.06,0.06,0.03,0.04,0.11,0.52,"",1,6.7,18,54.5,18,52.9,18,54.5,240821,25.3,207584,48.4,3975,83.6,-410,-18.7
"20000","5","33411","57","0","2025","1","",16,51,52,51,1192716,636106,8728,1787,"",0.81,0.06,0.06,0.06,0.03,0.04,0.11,0.52,"",1,6.7,18,54.5,18,52.9,18,54.5,240821,25.3,207584,48.4,3975,83.6,-410,-18.7
"20000","5","334111","58","0","2025","1","N",8,0,0,0,0,0,0,0,"N",0.92,0,0,0,0,0,0,0,"N",1,14.3,0,0,0,0,0,0,0,0,0,0,0,0,0,0
"20000","5","334112","58","0","2025","1","N",2,0,0,0,0,0,0,0,"N",0.88,0,0,0,0,0,0,0,"N",1,100.0,0,0,0,0,0,0,0,0,0,0,0,0,0,0
"20000","5","334118","58","0","2025","1","",6,41,41,41,784151,489642,7335,1471,"",0.69,0.15,0.15,0.15,0.09,0.08,0.39,0.61,"",-1,-14.3,27,192.9,27,192.9,27,192.9,416575,113.3,327801,202.5,4728,181.4,-549,-27.2
"20000","5","3342","56","0","2025","1","N",24,0,0,0,0,0,0,0,"N",0.99,0,0,0,0,0,0,0,"N",1,4.3,0,0,0,0,0,0,0,0,0,0,0,0,0,0
"20000","5","33421","57","0","2025","1","N",3,0,0,0,0,0,0,0,"N",0.85,0,0,0,0,0,0,0,"N",0,0.0,0,0,0,0,0,0,0,0,0,0,0,0,0,0
"20000","5","334210","58","0","2025","1","N",3,0,0,0,0,0,0,0,"N",0.85,0,0,0,0,0,0,0,"N",0,0.0,0,0,0,0,0,0,0,0,0,0,0,0,0,0
"20000","5","33422","57","0","2025","1","N",14,0,0,0,0,0,0,0,"N",1.05,0,0,0,0,0,0,0,"N",2,16.7,0,0,0,0,0,0,0,0,0,0,0,0,0,0
"20000","5","334220","58","0","2025","1","N",14,0,0,0,0,0,0,0,"N",1.05,0,0,0,0,0,0,0,"N",2,16.7,0,0,0,0,0,0,0,0,0,0,0,0,0,0
"20000","5","33429","57","0","2025","1","",7,49,49,48,1874285,645117,4823,2963,"",0.97,0.29,0.29,0.29,0.53,0.27,0.42,1.83,"",-1,-12.5,9,22.5,6,14.0,6,14.3,649153,53.0,74608,13.1,-4069,-45.8,701,31.0
"20000","5","334290","58","0","2025","1","",7,49,49,48,1874285,645117,4823,2963,"",0.97,0.29,0.29,0.29,0.53,0.27,0.42,1.83,"",-1,-12.5,9,22.5,6,14.0,6,14.3,649153,53.0,74608,13.1,-4069,-45.8,701,31.0
"20000","5","3343","56","0","2025","1","",7,141,142,146,2967407,1825783,8457,1596,"",0.76,0.81,0.82,0.84,0.64,0.77,0.48,0.78,"",-3,-30.0,-86,-37.9,-67,-32.1,-65,-30.8,-815938,-21.6,-879286,-32.5,-14960,-63.9,247,18.3
"20000","5","33431","57","0","2025","1","",7,141,142,146,2967407,1825783,8457,1596,"",0.76,0.81,0.82,0.84,0.64,0.77,0.48,0.78,"",-3,-30.0,-86,-37.9,-67,-32.1,-65,-30.8,-815938,-21.6,-879286,-32.5,-14960,-63.9,247,18.3
"20000","5","334310","58","0","2025","1","",7,141,142,146,2967407,1825783,8457,1596,"",0.76,0.81,0.82,0.84,0.64,0.77,0.48,0.78,"",-3,-30.0,-86,-37.9,-67,-32.1,-65,-30.8,-815938,-21.6,-879286,-32.5,-14960,-63.9,247,18.3
"20000","5","3344","56","0","2025","1","",47,1565,1560,1573,38162751,16931910,54523,1875,"",0.82,0.44,0.44,0.44,0.30,0.30,0.20,0.67,"",-1,-2.1,97,6.6,96,6.6,113,7.7,18340731,92.5,1897769,12.6,-101399,-65.0,833,79.9
"20000","5","33441","57","0","2025","1","",47,1565,1560,1573,38162751,16931910,54523,1875,"",0.82,0.44,0.44,0.44,0.30,0.30,0.20,0.67,"",-1,-2.1,97,6.6,96,6.6,113,7.7,18340731,92.5,1897769,12.6,-101399,-65.0,833,79.9
"20000","5","334412","58","0","2025","1","N",3,0,0,0,0,0,0,0,"N",0.73,0,0,0,0,0,0,0,"N",1,50.0,0,0,0,0,0,0,0,0,0,0,0,0,0,0
"20000","5","334413","58","0","2025","1","N",9,0,0,0,0,0,0,0,"N",0.44,0,0,0,0,0,0,0,"N",1,12.5,0,0,0,0,0,0,0,0,0,0,0,0,0,0
"20000","5","334416","58","0","2025","1","N",2,0,0,0,0,0,0,0,"N",0.56,0,0,0,0,0,0,0,"N",-2,-50.0,0,0,0,0,0,0,0,0,0,0,0,0,0,0
"20000","5","334417","58","0","2025","1","",5,80,79,80,1499979,969285,4572,1448,"",1.45,0.37,0.36,0.37,0.36,0.36,0.30,0.97,"",0,0.0,1,1.3,2,2.6,5,6.7,210513,16.3,106083,12.3,-5229,-53.4,160,12.4
"20000","5","334418","58","0","2025","1","",6,187,182,182,2305335,1818676,17403,966,"",0.60,0.34,0.33,0.33,0.27,0.26,0.44,0.81,"",-1,-14.3,-30,-13.8,-41,-18.4,-41,-18.4,-149924,-6.1,-194880,-9.7,-14924,-46.2,111,13.0
"20000","5","334419","58","0","2025","1","",22,830,832,845,11632506,8751594,24493,1071,"",1.39,1.46,1.46,1.48,1.13,1.17,0.62,0.77,"",0,0.0,135,19.4,145,21.1,157,22.8,2847209,32.4,1910760,27.9,-55735,-69.5,92,9.4
"20000","5","3345","56","0","2025","1","",72,1424,1426,1427,32313576,18293948,60561,1744,"",0.80,0.38,0.38,0.38,0.30,0.30,0.22,0.78,"",0,0.0,-69,-4.6,-48,-3.3,-34,-2.3,273215,0.9,-317598,-1.7,-92747,-60.5,74,4.4
"20000","5","33451","57","0","2025","1","",72,1424,1426,1427,32313576,18293948,60561,1744,"",0.80,0.38,0.38,0.38,0.30,0.30,0.22,0.78,"",0,0.0,-69,-4.6,-48,-3.3,-34,-2.3,273215,0.9,-317598,-1.7,-92747,-60.5,74,4.4
"20000","5","334510","58","0","2025","1","",10,17,17,18,788661,251154,2150,3500,"",0.56,0.03,0.03,0.03,0.04,0.02,0.04,1.36,"",-2,-16.7,-4,-19.0,-4,-19.0,-2,-10.0,63127,8.7,-31184,-11.0,-2615,-54.9,800,29.6
"20000","5","334511","58","0","2025","1","",18,669,662,668,15198235,8538609,33123,1755,"",1.50,0.59,0.59,0.59,0.45,0.45,0.53,0.77,"",-1,-5.3,-27,-3.9,-30,-4.3,-19,-2.8,-281682,-1.8,-262215,-3.0,-54360,-62.1,33,1.9
"20000","5","334512","58","0","2025","1","N",1,0,0,0,0,0,0,0,"N",0.22,0,0,0,0,0,0,0,"N",0,0.0,0,0,0,0,0,0,0,0,0,0,0,0,0,0
"20000","5","334513","58","0","2025","1","",14,335,332,331,7407574,4238102,6346,1713,"",0.78,0.64,0.63,0.63,0.72,0.52,0.16,1.14,"",0,0.0,-14,-4.0,-13,-3.8,-12,-3.5,68996,0.9,-2290,-0.1,-18870,-74.8,80,4.9
"20000","5","334515","58","0","2025","1","N",9,0,0,0,0,0,0,0,"N",0.86,0,0,0,0,0,0,0,"N",0,0.0,0,0,0,0,0,0,0,0,0,0,0,0,0,0
"20000","5","334516","58","0","2025","1","",7,38,44,43,872135,508377,10625,1610,"",0.66,0.09,0.11,0.11,0.08,0.08,0.26,0.76,"",2,40.0,-8,-17.4,5,12.8,10,30.3,133108,18.0,-24108,-4.5,2049,23.9,165,11.4
"20000","5","334517","58","0","2025","1","N",2,0,0,0,0,0,0,0,"N",0.83,0,0,0,0,0,0,0,"N",1,100.0,0,0,0,0,0,0,0,0,0,0,0,0,0,0
"20000","5","334519","58","0","2025","1","",11,125,126,125,2584010,1526376,3429,1586,"",0.94,0.33,0.33,0.33,0.19,0.30,0.13,0.56,"",0,0.0,13,11.6,15,13.5,12,10.6,345655,15.4,193609,14.5,-7555,-68.8,49,3.2
"20000","5","3346","56","0","2025","1","N",5,0,0,0,0,0,0,0,"N",0.45,0,0,0,0,0,0,0,"N",1,25.0,0,0,0,0,0,0,0,0,0,0,0,0,0,0
"20000","5","33461","57","0","2025","1","N",5,0,0,0,0,0,0,0,"N",0.45,0,0,0,0,0,0,0,"N",1,25.0,0,0,0,0,0,0,0,0,0,0,0,0,0,0
"20000","5","334610","58","0","2025","1","N",5,0,0,0,0,0,0,0,"N",0.45,0,0,0,0,0,0,0,"N",1,25.0,0,0,0,0,0,0,0,0,0,0,0,0,0,0
"20000","5","335","55","0","2025","1","",73,4588,4649,4749,94243938,60224601,409412,1555,"",0.83,1.18,1.18,1.20,1.31,1.10,1.59,1.11,"",8,12.3,383,9.1,429,10.2,528,12.5,16670189,21.5,8390452,16.2,-184469,-31.1,139,9.8
"20000","5","3351","56","0","2025","1","",12,163,159,157,4118565,1931195,55833,1984,"",0.73,0.50,0.49,0.48,0.75,0.45,2.52,1.54,"",1,9.1,-28,-14.7,-33,-17.2,-32,-16.9,-900764,-17.9,-343355,-15.1,-17123,-23.5,-41,-2.0
"20000","5","33513","57","0","2025","1","",12,163,159,157,4118565,1931195,55833,1984,"",0.73,0.50,0.49,0.48,0.75,0.45,2.52,1.54,"",1,9.1,-28,-14.7,-33,-17.2,-32,-16.9,-900764,-17.9,-343355,-15.1,-17123,-23.5,-41,-2.0
"20000","5","335131","58","0","2025","1","",6,90,86,88,3017841,1102695,53521,2638,"",1.49,1.64,1.56,1.60,3.74,1.62,14.26,2.34,"",1,20.0,-9,-9.1,-11,-11.3,-11,-11.1,-616805,-17.0,-87017,-7.3,-2828,-5.0,-205,-7.2
"20000","5","335132","58","0","2025","1","N",4,0,0,0,0,0,0,0,"N",0.53,0,0,0,0,0,0,0,"N",0,0.0,0,0,0,0,0,0,0,0,0,0,0,0,0,0
"20000","5","335139","58","0","2025","1","N",2,0,0,0,0,0,0,0,"N",0.41,0,0,0,0,0,0,0,"N",0,0.0,0,0,0,0,0,0,0,0,0,0,0,0,0,0
"20000","5","3352","56","0","2025","1","",7,263,261,260,4409731,3048905,16567,1298,"",1.17,0.50,0.49,0.49,0.53,0.45,0.46,1.09,"",1,16.7,-10,-3.7,-9,-3.3,-10,-3.7,123087,2.9,-61123,-2.0,-29948,-64.4,81,6.7
"20000","5","33521","57","0","2025","1","N",5,0,0,0,0,0,0,0,"N",1.46,0,0,0,0,0,0,0,"N",1,25.0,0,0,0,0,0,0,0,0,0,0,0,0,0,0
"20000","5","335210","58","0","2025","1","N",5,0,0,0,0,0,0,0,"N",1.46,0,0,0,0,0,0,0,"N",1,25.0,0,0,0,0,0,0,0,0,0,0,0,0,0,0
"20000","5","33522","57","0","2025","1","N",2,0,0,0,0,0,0,0,"N",0.79,0,0,0,0,0,0,0,"N",0,0.0,0,0,0,0,0,0,0,0,0,0,0,0,0,0
"20000","5","335220","58","0","2025","1","N",2,0,0,0,0,0,0,0,"N",0.79,0,0,0,0,0,0,0,"N",0,0.0,0,0,0,0,0,0,0,0,0,0,0,0,0,0
"20000","5","3353","56","0","2025","1","",25,1919,1931,1932,37296234,24424094,103962,1489,"",0.97,1.32,1.32,1.31,1.38,1.17,1.41,1.04,"",3,13.6,0,0.0,3,0.2,-23,-1.2,1428520,4.0,395618,1.6,-100034,-49.0,62,4.3
"20000","5","33531","57","0","2025","1","",25,1919,1931,1932,37296234,24424094,103962,1489,"",0.97,1.32,1.32,1.31,1.38,1.17,1.41,1.04,"",3,13.6,0,0.0,3,0.2,-23,-1.2,1428520,4.0,395618,1.6,-100034,-49.0,62,4.3
"20000","5","335311","58","0","2025","1","N",3,0,0,0,0,0,0,0,"N",0.57,0,0,0,0,0,0,0,"N",-1,-25.0,0,0,0,0,0,0,0,0,0,0,0,0,0,0
"20000","5","335312","58","0","2025","1","",6,266,262,267,4914102,3295327,17958,1426,"",0.92,0.81,0.79,0.81,0.86,0.69,0.97,1.07,"",1,20.0,8,3.1,3,1.2,5,1.9,499509,11.3,120896,3.8,-21594,-54.6,118,9.0
"20000","5","335313","58","0","2025","1","N",7,0,0,0,0,0,0,0,"N",1.05,0,0,0,0,0,0,0,"N",2,40.0,0,0,0,0,0,0,0,0,0,0,0,0,0,0
"20000","5","335314","58","0","2025","1","",9,238,233,232,2888519,2342169,7538,948,"",1.23,0.64,0.62,0.62,0.38,0.39,0.34,0.60,"",1,12.5,-139,-36.9,-133,-36.3,-139,-37.5,-2175833,-43.0,-1654736,-41.4,-14963,-66.5,-101,-9.6
"20000","5","3359","56","0","2025","1","",29,2243,2298,2400,48419408,30820407,233050,1610,"",0.72,1.41,1.43,1.49,1.57,1.33,1.86,1.09,"",3,11.5,421,23.1,468,25.6,593,32.8,16019346,49.4,8399312,37.5,-37364,-13.8,240,17.5
"20000","5","33591","57","0","2025","1","",13,1577,1621,1712,30624981,21611257,106485,1439,"",1.67,2.89,2.94,3.07,2.89,2.47,2.02,0.97,"",0,0.0,383,32.1,414,34.3,521,43.7,12205281,66.3,6631774,44.3,-40335,-27.5,256,21.6
"20000","5","335910","58","0","2025","1","",13,1577,1621,1712,30624981,21611257,106485,1439,"",1.67,2.89,2.94,3.07,2.89,2.47,2.02,0.97,"",0,0.0,383,32.1,414,34.3,521,43.7,12205281,66.3,6631774,44.3,-40335,-27.5,256,21.6
"20000","5","33592","57","0","2025","1","N",3,0,0,0,0,0,0,0,"N",0.60,0,0,0,0,0,0,0,"N",1,50.0,0,0,0,0,0,0,0,0,0,0,0,0,0,0
"20000","5","335921","58","0","2025","1","N",2,0,0,0,0,0,0,0,"N",0.84,0,0,0,0,0,0,0,"N",1,100.0,0,0,0,0,0,0,0,0,0,0,0,0,0,0
"20000","5","335929","58","0","2025","1","N",1,0,0,0,0,0,0,0,"N",0.38,0,0,0,0,0,0,0,"N",0,0.0,0,0,0,0,0,0,0,0,0,0,0,0,0,0
"20000","5","33593","57","0","2025","1","N",4,0,0,0,0,0,0,0,"N",0.64,0,0,0,0,0,0,0,"N",0,0.0,0,0,0,0,0,0,0,0,0,0,0,0,0,0
"20000","5","335931","58","0","2025","1","N",4,0,0,0,0,0,0,0,"N",0.88,0,0,0,0,0,0,0,"N",0,0.0,0,0,0,0,0,0,0,0,0,0,0,0,0,0
"20000","5","33599","57","0","2025","1","",9,203,200,197,2677030,2040820,2169,1030,"",0.43,0.45,0.44,0.44,0.28,0.32,0.06,0.64,"N",2,28.6,0,0,0,0,0,0,0,0,0,0,0,0,0,0
"20000","5","335991","58","0","2025","1","N",1,0,0,0,0,0,0,0,"N",0.44,0,0,0,0,0,0,0,"N",0,0.0,0,0,0,0,0,0,0,0,0,0,0,0,0,0
"20000","5","335999","58","0","2025","1","N",8,0,0,0,0,0,0,0,"N",0.43,0,0,0,0,0,0,0,"N",2,33.3,0,0,0,0,0,0,0,0,0,0,0,0,0,0
"20000","5","336","55","0","2025","1","",247,37535,37862,37770,946229613,508800492,3600134,1930,"",1.62,2.36,2.34,2.34,2.91,2.20,3.06,1.24,"",2,0.8,-996,-2.6,-1280,-3.3,-913,-2.4,7223901,0.8,-5301101,-1.0,-3757771,-51.1,68,3.7
"20000","5","3361","56","0","2025","1","N",7,0,0,0,0,0,0,0,"N",0.93,0,0,0,0,0,0,0,"N",-1,-12.5,0,0,0,0,0,0,0,0,0,0,0,0,0,0
"20000","5","33611","57","0","2025","1","N",3,0,0,0,0,0,0,0,"N",0.59,0,0,0,0,0,0,0,"N",-1,-25.0,0,0,0,0,0,0,0,0,0,0,0,0,0,0
"20000","5","336110","58","0","2025","1","N",3,0,0,0,0,0,0,0,"N",0.59,0,0,0,0,0,0,0,"N",-1,-25.0,0,0,0,0,0,0,0,0,0,0,0,0,0,0
"20000","5","33612","57","0","2025","1","",4,115,120,120,1956933,1516798,0,1272,"",1.65,0.33,0.34,0.34,0.34,0.29,0.00,1.00,"",0,0.0,6,5.5,12,11.1,16,15.4,348128,21.6,205150,15.6,-2100,-100.0,115,9.9
"20000","5","336120","58","0","2025","1","",4,115,120,120,1956933,1516798,0,1272,"",1.65,0.33,0.34,0.34,0.34,0.29,0.00,1.00,"",0,0.0,6,5.5,12,11.1,16,15.4,348128,21.6,205150,15.6,-2100,-100.0,115,9.9
"20000","5","3362","56","0","2025","1","",36,1436,1440,1432,21403900,16723643,32932,1147,"",1.64,1.00,0.99,0.98,1.08,0.93,0.36,1.09,"",-2,-5.3,93,6.9,63,4.6,5,0.4,-493010,-2.3,-200355,-1.2,-69721,-67.9,-72,-5.9
"20000","5","33621","57","0","2025","1","",36,1436,1440,1432,21403900,16723643,32932,1147,"",1.64,1.00,0.99,0.98,1.08,0.93,0.36,1.09,"",-2,-5.3,93,6.9,63,4.6,5,0.4,-493010,-2.3,-200355,-1.2,-69721,-67.9,-72,-5.9
"20000","5","336211","58","0","2025","1","",12,534,530,528,9391787,6493668,1933,1361,"",1.53,0.95,0.94,0.93,1.12,0.88,0.05,1.19,"",-1,-7.7,44,9.0,29,5.8,0,0.0,-778944,-7.7,-487303,-7.0,-37705,-95.1,-184,-11.9
"20000","5","336212","58","0","2025","1","",13,611,616,608,8540421,7100315,26685,1074,"",2.12,1.73,1.72,1.68,1.86,1.60,1.65,1.09,"",1,8.3,55,9.9,38,6.6,19,3.2,478868,5.9,427436,6.4,-5587,-17.3,-6,-0.6
"20000","5","336214","58","0","2025","1","",11,291,294,296,3471692,3129660,4314,909,"",1.50,0.77,0.76,0.75,0.69,0.67,0.16,0.91,"",-2,-15.4,-6,-2.0,-4,-1.3,-14,-4.5,-192934,-5.3,-140488,-4.3,-26429,-86.0,-25,-2.7
"20000","5","3363","56","0","2025","1","",43,2459,2419,2383,34972236,27964278,76126,1111,"",0.83,0.51,0.49,0.49,0.47,0.48,0.20,0.95,"",6,16.2,40,1.7,-46,-1.9,-98,-4.0,-333361,-0.9,-697524,-2.4,-246948,-76.4,5,0.5
"20000","5","33631","57","0","2025","1","N",6,0,0,0,0,0,0,0,"N",0.79,0,0,0,0,0,0,0,"N",0,0.0,0,0,0,0,0,0,0,0,0,0,0,0,0,0
"20000","5","336310","58","0","2025","1","N",6,0,0,0,0,0,0,0,"N",0.79,0,0,0,0,0,0,0,"N",0,0.0,0,0,0,0,0,0,0,0,0,0,0,0,0,0
"20000","5","33632","57","0","2025","1","",5,549,539,540,9686660,6805708,8424,1373,"",0.59,1.05,1.03,1.03,1.15,1.09,0.22,1.11,"N",1,25.0,0,0,0,0,0,0,0,0,0,0,0,0,0,0
"20000","5","336320","58","0","2025","1","",5,549,539,540,9686660,6805708,8424,1373,"",0.59,1.05,1.03,1.03,1.15,1.09,0.22,1.11,"N",1,25.0,0,0,0,0,0,0,0,0,0,0,0,0,0,0
"20000","5","33635","57","0","2025","1","N",2,0,0,0,0,0,0,0,"N",0.38,0,0,0,0,0,0,0,"N",-1,-33.3,0,0,0,0,0,0,0,0,0,0,0,0,0,0
"20000","5","336350","58","0","2025","1","N",2,0,0,0,0,0,0,0,"N",0.38,0,0,0,0,0,0,0,"N",-1,-33.3,0,0,0,0,0,0,0,0,0,0,0,0,0,0
"20000","5","33636","57","0","2025","1","",11,506,512,511,6851844,5780961,12983,1034,"",2.11,0.77,0.77,0.77,0.82,0.76,0.25,1.06,"",3,37.5,-23,-4.3,-20,-3.8,-23,-4.3,55184,0.8,-138464,-2.3,-48906,-79.0,51,5.2
"20000","5","336360","58","0","2025","1","",11,506,512,511,6851844,5780961,12983,1034,"",2.11,0.77,0.77,0.77,0.82,0.76,0.25,1.06,"",3,37.5,-23,-4.3,-20,-3.8,-23,-4.3,55184,0.8,-138464,-2.3,-48906,-79.0,51,5.2
"20000","5","33637","57","0","2025","1","-",0,0,0,0,0,0,0,0,"N",0.00,0,0,0,0,0,0,0,"N",0,0,0,0,0,0,0,0,0,0,0,0,0,0,0,0
"20000","5","336370","58","0","2025","1","-",0,0,0,0,0,0,0,0,"N",0.00,0,0,0,0,0,0,0,"N",0,0,0,0,0,0,0,0,0,0,0,0,0,0,0,0
"20000","5","33639","57","0","2025","1","",19,1147,1109,1071,14193540,12273669,45045,985,"",1.17,0.88,0.83,0.81,0.78,0.74,0.47,0.93,"",3,18.8,5,0.4,-63,-5.4,-108,-9.2,-1904816,-11.8,-904730,-6.9,-128477,-74.0,-79,-7.4
"20000","5","336390","58","0","2025","1","",19,1147,1109,1071,14193540,12273669,45045,985,"",1.17,0.88,0.83,0.81,0.78,0.74,0.47,0.93,"",3,18.8,5,0.4,-63,-5.4,-108,-9.2,-1904816,-11.8,-904730,-6.9,-128477,-74.0,-79,-7.4
"20000","5","3364","56","0","2025","1","",140,31552,31629,31533,813230932,427566093,1658732,1981,"",3.69,6.08,6.06,6.08,5.63,4.44,5.25,0.93,"",0,0.0,-182,-0.6,-539,-1.7,-236,-0.7,28233666,3.6,41673,0.0,-3404143,-67.2,87,4.6
"20000","5","33641","57","0","2025","1","",140,31552,31629,31533,813230932,427566093,1658732,1981,"",3.69,6.08,6.06,6.08,5.63,4.44,5.25,0.93,"",0,0.0,-182,-0.6,-539,-1.7,-236,-0.7,28233666,3.6,41673,0.0,-3404143,-67.2,87,4.6
"20000","5","336411","58","0","2025","1","",24,24286,24413,24322,677088103,337972831,1514015,2140,"",2.15,10.22,10.18,10.30,10.09,6.58,9.65,0.99,"",3,14.3,-308,-1.3,-606,-2.4,-266,-1.1,20654774,3.1,-1293798,-0.4,-2928787,-65.9,98,4.8
"20000","5","336412","58","0","2025","1","N",9,0,0,0,0,0,0,0,"N",1.21,0,0,0,0,0,0,0,"N",-3,-25.0,0,0,0,0,0,0,0,0,0,0,0,0,0,0
"20000","5","336413","58","0","2025","1","",106,6518,6475,6475,113414874,79365252,140715,1344,"",6.86,6.90,6.83,6.81,5.99,5.42,2.27,0.87,"",0,0.0,81,1.3,19,0.3,-14,-0.2,3658605,3.3,629092,0.8,-456455,-76.4,37,2.8
"20000","5","336414","58","0","2025","1","N",1,0,0,0,0,0,0,0,"N",0.43,0,0,0,0,0,0,0,"N",0,0.0,0,0,0,0,0,0,0,0,0,0,0,0,0,0
"20000","5","3365","56","0","2025","1","",5,77,77,76,2199340,990326,2012,2207,"",1.62,0.39,0.38,0.38,0.60,0.39,0.10,1.57,"",-2,-28.6,-19,-19.8,-18,-18.9,-16,-17.4,220918,11.2,-213804,-17.8,-11678,-85.3,594,36.8
"20000","5","33651","57","0","2025","1","",5,77,77,76,2199340,990326,2012,2207,"",1.62,0.39,0.38,0.38,0.60,0.39,0.10,1.57,"",-2,-28.6,-19,-19.8,-18,-18.9,-16,-17.4,220918,11.2,-213804,-17.8,-11678,-85.3,594,36.8
"20000","5","336510","58","0","2025","1","",5,77,77,76,2199340,990326,2012,2207,"",1.62,0.39,0.38,0.38,0.60,0.39,0.10,1.57,"",-2,-28.6,-19,-19.8,-18,-18.9,-16,-17.4,220918,11.2,-213804,-17.8,-11678,-85.3,594,36.8
"20000","5","3366","56","0","2025","1","N",2,0,0,0,0,0,0,0,"N",0.11,0,0,0,0,0,0,0,"N",0,0.0,0,0,0,0,0,0,0,0,0,0,0,0,0,0
"20000","5","33661","57","0","2025","1","N",2,0,0,0,0,0,0,0,"N",0.11,0,0,0,0,0,0,0,"N",0,0.0,0,0,0,0,0,0,0,0,0,0,0,0,0,0
"20000","5","336612","58","0","2025","1","N",2,0,0,0,0,0,0,0,"N",0.21,0,0,0,0,0,0,0,"N",0,0.0,0,0,0,0,0,0,0,0,0,0,0,0,0,0
"20000","5","3369","56","0","2025","1","",14,93,94,94,2950320,1258424,1754,2423,"",1.18,0.28,0.28,0.28,0.57,0.30,0.06,2.04,"",1,7.7,-14,-13.1,-16,-14.5,-17,-15.3,-174067,-5.6,-114369,-8.3,-9836,-84.9,225,10.2
"20000","5","33699","57","0","2025","1","",14,93,94,94,2950320,1258424,1754,2423,"",1.18,0.28,0.28,0.28,0.57,0.30,0.06,2.04,"",1,7.7,-14,-13.1,-16,-14.5,-17,-15.3,-174067,-5.6,-114369,-8.3,-9836,-84.9,225,10.2
"20000","5","336991","58","0","2025","1","",5,21,21,22,363994,260095,1362,1312,"",1.12,0.25,0.25,0.26,0.30,0.24,0.15,1.19,"",0,0.0,1,5.0,-2,-8.7,-1,-4.3,64793,21.7,31947,14.0,-1987,-59.3,266,25.4
"20000","5","336999","58","0","2025","1","",9,72,73,72,2586326,998329,392,2750,"",1.38,0.41,0.41,0.41,1.10,0.43,0.03,2.68,"",1,12.5,-15,-17.2,-14,-16.1,-16,-18.2,-238860,-8.5,-146316,-12.8,-7849,-95.2,262,10.5
"20000","5","337","55","0","2025","1","",138,2404,2409,2412,31412664,25258967,170527,1003,"",0.95,0.78,0.78,0.78,0.85,0.67,1.07,1.10,"",-3,-2.1,-60,-2.4,-82,-3.3,-56,-2.3,298015,1.0,-121115,-0.5,-90218,-34.6,36,3.7
"20000","5","3371","56","0","2025","1","",100,1720,1745,1745,20232966,17296773,86593,896,"",0.99,0.88,0.89,0.89,0.95,0.75,1.04,1.07,"",1,1.0,-45,-2.5,-55,-3.1,-37,-2.1,-7822,0.0,-230392,-1.3,-94227,-52.1,22,2.5
"20000","5","33711","57","0","2025","1","",76,1576,1607,1607,18591985,15869832,79326,896,"",1.19,1.54,1.56,1.56,1.66,1.29,1.72,1.07,"",2,2.7,0,0.0,4,0.2,21,1.3,495984,2.7,303697,2.0,-79190,-50.0,20,2.3
"20000","5","337110","58","0","2025","1","",76,1576,1607,1607,18591985,15869832,79326,896,"",1.19,1.54,1.56,1.56,1.66,1.29,1.72,1.07,"",2,2.7,0,0.0,4,0.2,21,1.3,495984,2.7,303697,2.0,-79190,-50.0,20,2.3
"20000","5","33712","57","0","2025","1","",24,144,138,138,1640981,1426941,7267,902,"",0.65,0.16,0.15,0.15,0.16,0.13,0.19,1.08,"",-1,-4.0,-45,-23.8,-59,-29.9,-58,-29.6,-503806,-23.5,-534089,-27.2,-15037,-67.4,52,6.1
"20000","5","337122","58","0","2025","1","N",14,0,0,0,0,0,0,0,"N",0.72,0,0,0,0,0,0,0,"N",-1,-6.7,0,0,0,0,0,0,0,0,0,0,0,0,0,0
"20000","5","337126","58","0","2025","1","N",2,0,0,0,0,0,0,0,"N",0.42,0,0,0,0,0,0,0,"N",1,100.0,0,0,0,0,0,0,0,0,0,0,0,0,0,0
"20000","5","337127","58","0","2025","1","",8,90,89,89,1082971,916013,4181,933,"",1.33,0.43,0.43,0.43,0.39,0.35,0.38,0.90,"",0,0.0,2,2.3,-2,-2.2,-6,-6.3,87655,8.8,42560,4.9,-7133,-63.0,95,11.3
"20000","5","3372","56","0","2025","1","N",32,0,0,0,0,0,0,0,"N",0.88,0,0,0,0,0,0,0,"N",-2,-5.9,0,0,0,0,0,0,0,0,0,0,0,0,0,0
"20000","5","33721","57","0","2025","1","N",32,0,0,0,0,0,0,0,"N",0.88,0,0,0,0,0,0,0,"N",-2,-5.9,0,0,0,0,0,0,0,0,0,0,0,0,0,0
"20000","5","337211","58","0","2025","1","",6,70,73,70,850149,747609,2992,921,"",1.33,0.52,0.54,0.52,0.49,0.44,0.36,0.92,"",0,0.0,2,2.9,6,9.0,4,6.1,124446,17.1,68994,10.2,-5521,-64.9,88,10.6
"20000","5","337212","58","0","2025","1","",10,106,89,88,1231668,1066733,4960,1004,"",0.57,0.42,0.36,0.35,0.37,0.32,0.25,0.99,"",-2,-16.7,-37,-25.9,-52,-36.9,-52,-37.1,-481003,-28.1,-438752,-29.1,-16204,-76.6,72,7.7
"20000","5","337214","58","0","2025","1","N",6,0,0,0,0,0,0,0,"N",1.59,0,0,0,0,0,0,0,"N",0,0.0,0,0,0,0,0,0,0,0,0,0,0,0,0,0
"20000","5","337215","58","0","2025","1","",10,283,282,289,5399021,3437731,35551,1459,"",0.94,0.84,0.83,0.85,1.20,0.82,1.70,1.43,"",0,0.0,48,20.4,48,20.5,52,21.9,1049405,24.1,726964,26.8,21210,147.9,37,2.6
"20000","5","3379","56","0","2025","1","N",6,0,0,0,0,0,0,0,"N",0.69,0,0,0,0,0,0,0,"N",-2,-25.0,0,0,0,0,0,0,0,0,0,0,0,0,0,0
"20000","5","33791","57","0","2025","1","N",5,0,0,0,0,0,0,0,"N",1.04,0,0,0,0,0,0,0,"N",-2,-28.6,0,0,0,0,0,0,0,0,0,0,0,0,0,0
"20000","5","337910","58","0","2025","1","N",5,0,0,0,0,0,0,0,"N",1.04,0,0,0,0,0,0,0,"N",-2,-28.6,0,0,0,0,0,0,0,0,0,0,0,0,0,0
"20000","5","33792","57","0","2025","1","N",1,0,0,0,0,0,0,0,"N",0.25,0,0,0,0,0,0,0,"N",0,0.0,0,0,0,0,0,0,0,0,0,0,0,0,0,0
"20000","5","337920","58","0","2025","1","N",1,0,0,0,0,0,0,0,"N",0.25,0,0,0,0,0,0,0,"N",0,0.0,0,0,0,0,0,0,0,0,0,0,0,0,0,0
"20000","5","339","55","0","2025","1","",261,3017,3038,3032,49168396,33223771,136173,1249,"",0.86,0.54,0.54,0.54,0.48,0.43,0.36,0.89,"",6,2.4,-115,-3.7,-75,-2.4,-104,-3.3,594431,1.2,-304007,-0.9,-242511,-64.0,54,4.5
"20000","5","3391","56","0","2025","1","",108,1269,1297,1291,22463163,14222777,90024,1344,"",0.93,0.42,0.43,0.43,0.34,0.34,0.44,0.81,"",6,5.9,35,2.8,67,5.4,41,3.3,670435,3.1,387904,2.8,-99045,-52.4,-10,-0.7
"20000","5","33911","57","0","2025","1","",108,1269,1297,1291,22463163,14222777,90024,1344,"",0.93,0.42,0.43,0.43,0.34,0.34,0.44,0.81,"",6,5.9,35,2.8,67,5.4,41,3.3,670435,3.1,387904,2.8,-99045,-52.4,-10,-0.7
"20000","5","339112","58","0","2025","1","",36,315,335,342,7455596,4037612,58580,1734,"",1.00,0.24,0.26,0.26,0.23,0.21,0.60,0.90,"",5,16.1,41,15.0,66,24.5,49,16.7,478996,6.9,412774,11.4,-39014,-40.0,-192,-10.0
"20000","5","339113","58","0","2025","1","",23,409,415,406,7285206,4380510,21102,1367,"",0.81,0.42,0.43,0.42,0.33,0.31,0.33,0.79,"",0,0.0,22,5.7,32,8.4,27,7.1,885136,13.8,415921,10.5,-32881,-60.9,82,6.4
"20000","5","339114","58","0","2025","1","",6,19,19,19,644050,239908,1492,2607,"",0.81,0.12,0.12,0.12,0.22,0.10,0.11,1.79,"",-1,-14.3,-2,-9.5,-2,-9.5,-1,-5.0,12515,2.0,-26353,-9.9,-3480,-70.0,256,10.9
"20000","5","339115","58","0","2025","1","",6,89,88,88,1154518,947838,0,1005,"",1.14,0.41,0.40,0.40,0.29,0.39,0.00,0.71,"",0,0.0,-16,-15.2,-15,-14.6,-15,-14.6,-131055,-10.2,-92846,-8.9,-1665,-100.0,51,5.3
"20000","5","339116","58","0","2025","1","",37,437,440,436,5923793,4616909,8850,1041,"",0.94,1.18,1.19,1.18,1.42,1.12,0.47,1.20,"",2,5.7,-10,-2.2,-14,-3.1,-19,-4.2,-575157,-8.8,-321592,-6.5,-22005,-71.3,-65,-5.9
"20000","5","3399","56","0","2025","1","",153,1748,1741,1741,26705233,19000994,46149,1178,"",0.81,0.67,0.66,0.66,0.71,0.56,0.28,1.06,"",0,0.0,-150,-7.9,-142,-7.5,-145,-7.7,-76004,-0.3,-691911,-3.5,-143466,-75.7,87,8.0
"20000","5","33991","57","0","2025","1","N",5,0,0,0,0,0,0,0,"N",0.29,0,0,0,0,0,0,0,"N",-2,-28.6,0,0,0,0,0,0,0,0,0,0,0,0,0,0
"20000","5","339910","58","0","2025","1","N",5,0,0,0,0,0,0,0,"N",0.29,0,0,0,0,0,0,0,"N",-2,-28.6,0,0,0,0,0,0,0,0,0,0,0,0,0,0
"20000","5","33992","57","0","2025","1","",15,88,89,88,806834,657099,3130,703,"",0.83,0.23,0.23,0.23,0.13,0.12,0.12,0.58,"",-1,-6.2,-21,-19.3,-19,-17.6,-16,-15.4,-660981,-45.0,-254205,-27.9,-7851,-71.5,-352,-33.4
"20000","5","339920","58","0","2025","1","",15,88,89,88,806834,657099,3130,703,"",0.83,0.23,0.23,0.23,0.13,0.12,0.12,0.58,"",-1,-6.2,-21,-19.3,-19,-17.6,-16,-15.4,-660981,-45.0,-254205,-27.9,-7851,-71.5,-352,-33.4
"20000","5","33993","57","0","2025","1","N",3,0,0,0,0,0,0,0,"N",0.40,0,0,0,0,0,0,0,"N",0,0.0,0,0,0,0,0,0,0,0,0,0,0,0,0,0
"20000","5","339930","58","0","2025","1","N",3,0,0,0,0,0,0,0,"N",0.40,0,0,0,0,0,0,0,"N",0,0.0,0,0,0,0,0,0,0,0,0,0,0,0,0,0
"20000","5","33994","57","0","2025","1","",3,7,6,7,39033,39033,1,450,"",0.77,0.08,0.07,0.08,0.03,0.04,0.00,0.41,"N",0,0.0,0,0,0,0,0,0,0,0,0,0,0,0,0,0
"20000","5","339940","58","0","2025","1","",3,7,6,7,39033,39033,1,450,"",0.77,0.08,0.07,0.08,0.03,0.04,0.00,0.41,"N",0,0.0,0,0,0,0,0,0,0,0,0,0,0,0,0,0
"20000","5","33995","57","0","2025","1","",84,889,892,892,14132202,10375489,14696,1220,"",1.36,1.26,1.26,1.26,1.64,1.19,0.39,1.30,"",0,0.0,10,1.1,12,1.4,13,1.5,977477,7.4,414440,4.2,-71052,-82.9,69,6.0
"20000","5","339950","58","0","2025","1","",84,889,892,892,14132202,10375489,14696,1220,"",1.36,1.26,1.26,1.26,1.64,1.19,0.39,1.30,"",0,0.0,10,1.1,12,1.4,13,1.5,977477,7.4,414440,4.2,-71052,-82.9,69,6.0
"20000","5","33999","57","0","2025","1","",43,705,694,695,10712614,7277137,24361,1181,"",0.54,0.61,0.60,0.60,0.63,0.48,0.31,1.04,"",3,7.5,-45,-6.0,-56,-7.5,-50,-6.7,-41266,-0.4,-397775,-5.2,-65875,-73.0,76,6.9
"20000","5","339991","58","0","2025","1","",8,51,49,49,1306718,554903,107,2024,"",1.25,0.20,0.19,0.19,0.33,0.17,0.01,1.70,"",0,0.0,-4,-7.3,-5,-9.3,-5,-9.3,471621,56.5,9179,1.7,-2260,-95.5,842,71.2
"20000","5","339992","58","0","2025","1","N",4,0,0,0,0,0,0,0,"N",0.68,0,0,0,0,0,0,0,"N",0,0.0,0,0,0,0,0,0,0,0,0,0,0,0,0,0
"20000","5","339993","58","0","2025","1","N",2,0,0,0,0,0,0,0,"N",1.36,0,0,0,0,0,0,0,"N",0,0.0,0,0,0,0,0,0,0,0,0,0,0,0,0,0
"20000","5","339994","58","0","2025","1","",4,267,264,256,4910840,3220021,3767,1440,"",2.48,3.84,3.78,3.69,5.10,3.40,1.36,1.35,"",-1,-20.0,-9,-3.3,-14,-5.0,-17,-6.2,79875,1.7,6680,0.2,-19199,-83.6,92,6.8
"20000","5","339999","58","0","2025","1","",25,353,347,353,4278853,3287668,19548,938,"",0.40,0.54,0.52,0.53,0.43,0.37,0.42,0.81,"",4,19.0,-32,-8.3,-40,-10.3,-31,-8.1,-498232,-10.4,-349301,-9.6,-43541,-69.0,-16,-1.7
"20000","5","42","54","0","2025","1","",7104,57809,57640,57749,1396729143,704906427,2668001,1861,"",1.40,1.05,1.04,1.04,1.15,0.89,0.75,1.10,"",-381,-5.1,-1009,-1.7,-1173,-2.0,-1091,-1.9,14383241,1.0,-3572544,-0.5,-4377787,-62.1,53,2.9
"20000","5","423","55","0","2025","1","",3808,31185,31048,31112,741940553,385592910,1644524,1834,"",1.39,1.00,0.99,0.99,1.08,0.86,0.81,1.09,"",-153,-3.9,-361,-1.1,-470,-1.5,-447,-1.4,3019841,0.4,-510261,-0.1,-2428494,-59.6,32,1.8
"20000","5","4231","56","0","2025","1","",284,3607,3580,3601,61939903,41239643,100100,1325,"",1.30,1.06,1.05,1.06,1.12,0.95,0.53,1.06,"",-17,-5.6,-134,-3.6,-188,-5.0,-133,-3.6,-5494751,-8.1,-1054938,-2.5,-257904,-72.0,-59,-4.3
"20000","5","42311","57","0","2025","1","",92,1429,1382,1402,27419420,17163717,47731,1502,"",1.49,1.12,1.09,1.10,1.19,1.01,0.74,1.08,"",6,7.0,-36,-2.5,-110,-7.4,-77,-5.2,-5567805,-16.9,-443668,-2.5,-122740,-72.0,-214,-12.5
"20000","5","423110","58","0","2025","1","",92,1429,1382,1402,27419420,17163717,47731,1502,"",1.49,1.12,1.09,1.10,1.19,1.01,0.74,1.08,"",6,7.0,-36,-2.5,-110,-7.4,-77,-5.2,-5567805,-16.9,-443668,-2.5,-122740,-72.0,-214,-12.5
"20000","5","42312","57","0","2025","1","",135,1733,1745,1762,28130220,19306865,37465,1239,"",1.14,1.08,1.08,1.10,1.10,0.98,0.38,1.02,"",-22,-14.0,-75,-4.1,-67,-3.7,-30,-1.7,-287944,-1.0,-414282,-2.1,-102399,-73.2,27,2.2
"20000","5","423120","58","0","2025","1","",135,1733,1745,1762,28130220,19306865,37465,1239,"",1.14,1.08,1.08,1.10,1.10,0.98,0.38,1.02,"",-22,-14.0,-75,-4.1,-67,-3.7,-30,-1.7,-287944,-1.0,-414282,-2.1,-102399,-73.2,27,2.2
"20000","5","42313","57","0","2025","1","",21,242,243,229,4008778,2775158,10156,1296,"",1.01,0.77,0.77,0.73,0.90,0.72,0.60,1.19,"",0,0.0,1,0.4,12,5.2,-1,-0.4,627520,18.6,33179,1.2,-20179,-66.5,184,16.5
"20000","5","423130","58","0","2025","1","",21,242,243,229,4008778,2775158,10156,1296,"",1.01,0.77,0.77,0.73,0.90,0.72,0.60,1.19,"",0,0.0,1,0.4,12,5.2,-1,-0.4,627520,18.6,33179,1.2,-20179,-66.5,184,16.5
"20000","5","42314","57","0","2025","1","",36,203,210,208,2381485,1993903,4748,885,"",2.13,1.01,1.04,1.03,0.99,0.75,0.49,0.97,"",-1,-2.7,-24,-10.6,-23,-9.9,-25,-10.7,-266522,-10.1,-230167,-10.3,-12586,-72.6,3,0.3
"20000","5","423140","58","0","2025","1","",36,203,210,208,2381485,1993903,4748,885,"",2.13,1.01,1.04,1.03,0.99,0.75,0.49,0.97,"",-1,-2.7,-24,-10.6,-23,-9.9,-25,-10.7,-266522,-10.1,-230167,-10.3,-12586,-72.6,3,0.3
"20000","5","4232","56","0","2025","1","",81,572,579,561,10467745,6478278,25226,1411,"",0.76,0.57,0.58,0.56,0.61,0.49,0.37,1.07,"",-7,-8.0,-15,-2.6,-7,-1.2,-16,-2.8,-901963,-7.9,-128477,-1.9,-51325,-67.0,-88,-5.9
"20000","5","42321","57","0","2025","1","",28,138,141,136,2828956,1780338,9093,1573,"",0.57,0.31,0.32,0.30,0.35,0.30,0.30,1.14,"",-8,-22.2,-17,-11.0,-6,-4.1,-11,-7.5,-533449,-15.9,-113543,-6.0,-15968,-63.7,-155,-9.0
"20000","5","423210","58","0","2025","1","",28,138,141,136,2828956,1780338,9093,1573,"",0.57,0.31,0.32,0.30,0.35,0.30,0.30,1.14,"",-8,-22.2,-17,-11.0,-6,-4.1,-11,-7.5,-533449,-15.9,-113543,-6.0,-15968,-63.7,-155,-9.0
"20000","5","42322","57","0","2025","1","",53,434,438,425,7638789,4697940,16133,1359,"",0.91,0.79,0.79,0.77,0.84,0.65,0.42,1.08,"",1,1.9,2,0.5,-1,-0.2,-5,-1.2,-368514,-4.6,-14934,-0.3,-35357,-68.7,-61,-4.3
"20000","5","423220","58","0","2025","1","",53,434,438,425,7638789,4697940,16133,1359,"",0.91,0.79,0.79,0.77,0.84,0.65,0.42,1.08,"",1,1.9,2,0.5,-1,-0.2,-5,-1.2,-368514,-4.6,-14934,-0.3,-35357,-68.7,-61,-4.3
"20000","5","4233","56","0","2025","1","",275,2551,2521,2528,63606696,31323668,197127,1931,"",1.31,1.06,1.05,1.05,1.42,0.93,1.25,1.35,"",0,0.0,37,1.5,8,0.3,-3,-0.1,1228886,2.0,551424,1.8,-190149,-49.1,26,1.4
"20000","5","42331","57","0","2025","1","",87,891,880,884,21779062,11305085,74869,1893,"",1.11,0.85,0.84,0.84,1.14,0.75,1.21,1.35,"",-3,-3.3,-23,-2.5,-20,-2.2,-12,-1.3,6995,0.0,189124,1.7,-63849,-46.0,39,2.1
"20000","5","423310","58","0","2025","1","",87,891,880,884,21779062,11305085,74869,1893,"",1.11,0.85,0.84,0.84,1.14,0.75,1.21,1.35,"",-3,-3.3,-23,-2.5,-20,-2.2,-12,-1.3,6995,0.0,189124,1.7,-63849,-46.0,39,2.1
"20000","5","42332","57","0","2025","1","",70,727,725,733,17641450,8971864,53106,1863,"",1.31,1.22,1.21,1.21,1.76,1.14,1.21,1.45,"",3,4.5,28,4.0,24,3.4,17,2.4,-373600,-2.1,331689,3.8,-36505,-40.7,-102,-5.2
"20000","5","423320","58","0","2025","1","",70,727,725,733,17641450,8971864,53106,1863,"",1.31,1.22,1.21,1.21,1.76,1.14,1.21,1.45,"",3,4.5,28,4.0,24,3.4,17,2.4,-373600,-2.1,331689,3.8,-36505,-40.7,-102,-5.2
"20000","5","42333","57","0","2025","1","",50,609,583,585,15187288,7035911,39522,1972,"",1.46,1.45,1.39,1.39,1.58,1.19,1.23,1.12,"",0,0.0,58,10.5,17,3.0,13,2.3,1694300,12.6,268547,4.0,-58170,-59.5,128,6.9
"20000","5","423330","58","0","2025","1","",50,609,583,585,15187288,7035911,39522,1972,"",1.46,1.45,1.39,1.39,1.58,1.19,1.23,1.12,"",0,0.0,58,10.5,17,3.0,13,2.3,1694300,12.6,268547,4.0,-58170,-59.5,128,6.9
"20000","5","42339","57","0","2025","1","",68,324,333,326,8998896,4010808,29630,2113,"",1.57,0.98,1.00,0.97,1.48,0.86,1.45,1.51,"",0,0.0,-26,-7.4,-13,-3.8,-21,-6.1,-98809,-1.1,-237936,-5.6,-31625,-51.6,100,5.0
"20000","5","423390","58","0","2025","1","",68,324,333,326,8998896,4010808,29630,2113,"",1.57,0.98,1.00,0.97,1.48,0.86,1.45,1.51,"",0,0.0,-26,-7.4,-13,-3.8,-21,-6.1,-98809,-1.1,-237936,-5.6,-31625,-51.6,100,5.0
"20000","5","4234","56","0","2025","1","",950,4746,4739,4711,170696198,62291485,337417,2775,"",1.63,0.70,0.69,0.69,0.81,0.57,0.62,1.16,"",-54,-5.4,18,0.4,-1,0.0,9,0.2,7753153,4.8,400554,0.6,-383302,-53.2,121,4.6
"20000","5","42341","57","0","2025","1","",12,98,98,99,1670316,1114458,2068,1307,"",1.19,0.97,0.97,0.98,0.69,0.82,0.23,0.71,"",2,20.0,4,4.3,6,6.5,8,8.8,-274958,-14.1,80270,7.8,-3499,-62.9,-314,-19.4
"20000","5","423410","58","0","2025","1","",12,98,98,99,1670316,1114458,2068,1307,"",1.19,0.97,0.97,0.98,0.69,0.82,0.23,0.71,"",2,20.0,4,4.3,6,6.5,8,8.8,-274958,-14.1,80270,7.8,-3499,-62.9,-314,-19.4
"20000","5","42342","57","0","2025","1","",78,620,626,632,12318745,7865601,18445,1514,"",1.71,1.01,1.03,1.04,1.13,0.89,0.44,1.10,"",2,2.6,-17,-2.7,-17,-2.6,-11,-1.7,-219190,-1.7,2273,0.0,-37628,-67.1,9,0.6
"20000","5","423420","58","0","2025","1","",78,620,626,632,12318745,7865601,18445,1514,"",1.71,1.01,1.03,1.04,1.13,0.89,0.44,1.10,"",2,2.6,-17,-2.7,-17,-2.6,-11,-1.7,-219190,-1.7,2273,0.0,-37628,-67.1,9,0.6
"20000","5","42343","57","0","2025","1","",258,1004,992,981,39870179,12895987,109598,3091,"",1.94,0.49,0.49,0.48,0.47,0.38,0.55,0.96,"",-27,-9.5,-35,-3.4,-44,-4.2,-51,-4.9,-1084038,-2.6,-450069,-3.4,-99968,-47.7,49,1.6
"20000","5","423430","58","0","2025","1","",258,1004,992,981,39870179,12895987,109598,3091,"",1.94,0.49,0.49,0.48,0.47,0.38,0.55,0.96,"",-27,-9.5,-35,-3.4,-44,-4.2,-51,-4.9,-1084038,-2.6,-450069,-3.4,-99968,-47.7,49,1.6
"20000","5","42344","57","0","2025","1","",55,275,280,278,6473271,3606333,17732,1793,"",1.03,0.52,0.52,0.52,0.70,0.50,0.53,1.35,"",-8,-12.7,-38,-12.1,-37,-11.7,-42,-13.1,-463808,-6.7,-504028,-12.3,-32102,-64.4,108,6.4
"20000","5","423440","58","0","2025","1","",55,275,280,278,6473271,3606333,17732,1793,"",1.03,0.52,0.52,0.52,0.70,0.50,0.53,1.35,"",-8,-12.7,-38,-12.1,-37,-11.7,-42,-13.1,-463808,-6.7,-504028,-12.3,-32102,-64.4,108,6.4
"20000","5","42345","57","0","2025","1","",478,2275,2266,2242,98797890,30576672,161371,3361,"",1.69,0.76,0.75,0.75,1.07,0.62,0.73,1.42,"",-21,-4.2,81,3.7,81,3.7,94,4.4,8717013,9.7,1037874,3.5,-185582,-53.5,176,5.5
"20000","5","423450","58","0","2025","1","",478,2275,2266,2242,98797890,30576672,161371,3361,"",1.69,0.76,0.75,0.75,1.07,0.62,0.73,1.42,"",-21,-4.2,81,3.7,81,3.7,94,4.4,8717013,9.7,1037874,3.5,-185582,-53.5,176,5.5
"20000","5","42346","57","0","2025","1","",20,49,48,46,1536991,641659,9505,2480,"",1.06,0.26,0.25,0.24,0.41,0.24,0.76,1.63,"",-1,-4.8,11,28.9,12,33.3,10,27.8,286855,22.9,136182,26.9,-1210,-11.3,-143,-5.5
"20000","5","423460","58","0","2025","1","",20,49,48,46,1536991,641659,9505,2480,"",1.06,0.26,0.25,0.24,0.41,0.24,0.76,1.63,"",-1,-4.8,11,28.9,12,33.3,10,27.8,286855,22.9,136182,26.9,-1210,-11.3,-143,-5.5
"20000","5","42349","57","0","2025","1","",49,425,429,433,10028806,5590775,18698,1798,"",1.26,1.25,1.26,1.27,1.27,1.05,0.76,1.01,"",-1,-2.0,12,2.9,-2,-0.5,1,0.2,791279,8.6,98052,1.8,-23313,-55.5,127,7.6
"20000","5","423490","58","0","2025","1","",49,425,429,433,10028806,5590775,18698,1798,"",1.26,1.25,1.26,1.27,1.27,1.05,0.76,1.01,"",-1,-2.0,12,2.9,-2,-0.5,1,0.2,791279,8.6,98052,1.8,-23313,-55.5,127,7.6
"20000","5","4235","56","0","2025","1","",92,1481,1490,1488,31772754,18714937,49832,1644,"",1.00,1.20,1.21,1.20,1.36,1.12,0.69,1.13,"",-5,-5.2,30,2.1,50,3.5,34,2.3,-5911319,-15.7,329828,1.8,-108137,-68.5,-357,-17.8
"20000","5","42351","57","0","2025","1","",86,1456,1464,1463,31083683,18365163,48500,1637,"",0.97,1.20,1.21,1.20,1.38,1.12,0.68,1.14,"",-5,-5.5,27,1.9,46,3.2,31,2.2,-6085637,-16.4,292004,1.6,-105951,-68.6,-368,-18.4
"20000","5","423510","58","0","2025","1","",86,1456,1464,1463,31083683,18365163,48500,1637,"",0.97,1.20,1.21,1.20,1.38,1.12,0.68,1.14,"",-5,-5.5,27,1.9,46,3.2,31,2.2,-6085637,-16.4,292004,1.6,-105951,-68.6,-368,-18.4
"20000","5","42352","57","0","2025","1","",6,25,26,25,689071,349774,1332,2092,"",1.58,1.06,1.10,1.05,0.92,1.07,0.74,0.86,"",0,0.0,3,13.6,4,18.2,3,13.6,174318,33.9,37824,12.1,-2186,-62.1,292,16.2
"20000","5","423520","58","0","2025","1","",6,25,26,25,689071,349774,1332,2092,"",1.58,1.06,1.10,1.05,0.92,1.07,0.74,0.86,"",0,0.0,3,13.6,4,18.2,3,13.6,174318,33.9,37824,12.1,-2186,-62.1,292,16.2
"20000","5","4236","56","0","2025","1","",379,2801,2814,2837,79169412,34437016,186913,2162,"",1.19,0.82,0.82,0.82,0.90,0.67,0.77,1.10,"",-25,-6.2,-74,-2.6,-51,-1.8,-56,-1.9,4167248,5.6,-1739064,-4.8,-231785,-55.4,157,7.8
"20000","5","42361","57","0","2025","1","",207,1580,1584,1606,42955582,18707001,106947,2078,"",1.33,0.85,0.85,0.86,0.97,0.69,0.93,1.13,"",-12,-5.5,-69,-4.2,-47,-2.9,-43,-2.6,1535011,3.7,-1522649,-7.5,-118810,-52.6,139,7.2
"20000","5","423610","58","0","2025","1","",207,1580,1584,1606,42955582,18707001,106947,2078,"",1.33,0.85,0.85,0.86,0.97,0.69,0.93,1.13,"",-12,-5.5,-69,-4.2,-47,-2.9,-43,-2.6,1535011,3.7,-1522649,-7.5,-118810,-52.6,139,7.2
"20000","5","42362","57","0","2025","1","",45,505,515,518,12983441,6258772,38704,1948,"",1.17,1.56,1.58,1.59,1.46,1.26,1.32,0.93,"",-6,-11.8,-47,-8.5,-55,-9.6,-55,-9.6,-252048,-1.9,-747422,-10.7,-59239,-60.5,146,8.1
"20000","5","423620","58","0","2025","1","",45,505,515,518,12983441,6258772,38704,1948,"",1.17,1.56,1.58,1.59,1.46,1.26,1.32,0.93,"",-6,-11.8,-47,-8.5,-55,-9.6,-55,-9.6,-252048,-1.9,-747422,-10.7,-59239,-60.5,146,8.1
"20000","5","42369","57","0","2025","1","",127,716,715,713,23230389,9471243,41262,2500,"",1.03,0.57,0.57,0.57,0.68,0.48,0.42,1.19,"",-7,-5.2,42,6.2,51,7.7,42,6.3,2884285,14.2,531007,5.9,-53736,-56.6,163,7.0
"20000","5","423690","58","0","2025","1","",127,716,715,713,23230389,9471243,41262,2500,"",1.03,0.57,0.57,0.57,0.68,0.48,0.42,1.19,"",-7,-5.2,42,6.2,51,7.7,42,6.3,2884285,14.2,531007,5.9,-53736,-56.6,163,7.0
"20000","5","4237","56","0","2025","1","",270,2438,2431,2423,67587212,32131307,136579,2139,"",1.19,0.84,0.84,0.83,1.16,0.79,0.79,1.39,"",-15,-5.3,-10,-0.4,-12,-0.5,-30,-1.2,3829205,6.0,652770,2.1,-211318,-60.7,136,6.8
"20000","5","42371","57","0","2025","1","",77,418,413,410,8335222,4695416,31735,1550,"",1.15,0.49,0.48,0.48,0.59,0.41,0.65,1.21,"",1,1.3,-54,-11.4,-64,-13.4,-73,-15.1,-1172804,-12.3,-720975,-13.3,-36574,-53.5,18,1.2
"20000","5","423710","58","0","2025","1","",77,418,413,410,8335222,4695416,31735,1550,"",1.15,0.49,0.48,0.48,0.59,0.41,0.65,1.21,"",1,1.3,-54,-11.4,-64,-13.4,-73,-15.1,-1172804,-12.3,-720975,-13.3,-36574,-53.5,18,1.2
"20000","5","42372","57","0","2025","1","",98,967,957,955,26171626,13422769,50386,2098,"",1.14,0.86,0.85,0.85,1.17,0.82,0.76,1.37,"",-4,-3.9,24,2.5,13,1.4,16,1.7,2091413,8.7,538132,4.2,-68667,-57.7,132,6.7
"20000","5","423720","58","0","2025","1","",98,967,957,955,26171626,13422769,50386,2098,"",1.14,0.86,0.85,0.85,1.17,0.82,0.76,1.37,"",-4,-3.9,24,2.5,13,1.4,16,1.7,2091413,8.7,538132,4.2,-68667,-57.7,132,6.7
"20000","5","42373","57","0","2025","1","",70,888,893,894,28908834,11877631,48346,2494,"",1.17,1.14,1.14,1.14,1.53,1.06,0.99,1.34,"",-11,-13.6,20,2.3,37,4.3,29,3.4,2544677,9.7,683512,6.1,-86636,-64.2,144,6.1
"20000","5","423730","58","0","2025","1","",70,888,893,894,28908834,11877631,48346,2494,"",1.17,1.14,1.14,1.14,1.53,1.06,0.99,1.34,"",-11,-13.6,20,2.3,37,4.3,29,3.4,2544677,9.7,683512,6.1,-86636,-64.2,144,6.1
"20000","5","42374","57","0","2025","1","",25,165,168,164,4171530,2135491,6112,1937,"",1.78,1.13,1.15,1.12,1.53,1.09,0.77,1.36,"",-1,-3.8,0,0.0,2,1.2,-2,-1.2,365919,9.6,152101,7.7,-19441,-76.1,170,9.6
"20000","5","423740","58","0","2025","1","",25,165,168,164,4171530,2135491,6112,1937,"",1.78,1.13,1.15,1.12,1.53,1.09,0.77,1.36,"",-1,-3.8,0,0.0,2,1.2,-2,-1.2,365919,9.6,152101,7.7,-19441,-76.1,170,9.6
"20000","5","4238","56","0","2025","1","",1173,11361,11269,11361,227714777,140174189,501306,1546,"",1.86,1.60,1.58,1.59,1.62,1.36,1.26,1.02,"",-31,-2.6,-129,-1.1,-180,-1.6,-160,-1.4,64691,0.0,1381196,1.0,-854231,-63.0,21,1.4
"20000","5","42381","57","0","2025","1","",74,1239,1223,1241,28644954,16897928,42093,1785,"",1.53,1.24,1.22,1.24,1.40,1.09,0.79,1.13,"",-3,-3.9,-61,-4.7,-75,-5.8,-49,-3.8,1837534,6.9,1008474,6.3,-95107,-69.3,194,12.2
"20000","5","423810","58","0","2025","1","",74,1239,1223,1241,28644954,16897928,42093,1785,"",1.53,1.24,1.22,1.24,1.40,1.09,0.79,1.13,"",-3,-3.9,-61,-4.7,-75,-5.8,-49,-3.8,1837534,6.9,1008474,6.3,-95107,-69.3,194,12.2
"20000","5","42382","57","0","2025","1","",294,3950,3882,3923,66479994,45765802,175496,1305,"",3.82,3.79,3.74,3.76,3.99,3.11,4.20,1.06,"",-8,-2.6,-11,-0.3,-51,-1.3,-53,-1.3,-3661158,-5.2,-77640,-0.2,-314971,-64.2,-59,-4.3
"20000","5","423820","58","0","2025","1","",294,3950,3882,3923,66479994,45765802,175496,1305,"",3.82,3.79,3.74,3.76,3.99,3.11,4.20,1.06,"",-8,-2.6,-11,-0.3,-51,-1.3,-53,-1.3,-3661158,-5.2,-77640,-0.2,-314971,-64.2,-59,-4.3
"20000","5","42383","57","0","2025","1","",467,4006,4006,4061,89121600,51486809,176595,1704,"",1.56,1.27,1.26,1.28,1.33,1.11,0.93,1.05,"",-17,-3.5,-94,-2.3,-96,-2.3,-54,-1.3,-706753,-0.8,-271863,-0.5,-328885,-65.1,21,1.2
"20000","5","423830","58","0","2025","1","",467,4006,4006,4061,89121600,51486809,176595,1704,"",1.56,1.27,1.26,1.28,1.33,1.11,0.93,1.05,"",-17,-3.5,-94,-2.3,-96,-2.3,-54,-1.3,-706753,-0.8,-271863,-0.5,-328885,-65.1,21,1.2
"20000","5","42384","57","0","2025","1","",196,1156,1154,1117,24514291,14204066,49687,1651,"",1.77,1.17,1.16,1.13,1.34,1.02,0.82,1.16,"",-3,-1.5,80,7.4,80,7.4,12,1.1,1467315,6.4,499590,3.6,-66584,-57.3,17,1.0
"20000","5","423840","58","0","2025","1","",196,1156,1154,1117,24514291,14204066,49687,1651,"",1.77,1.17,1.16,1.13,1.34,1.02,0.82,1.16,"",-3,-1.5,80,7.4,80,7.4,12,1.1,1467315,6.4,499590,3.6,-66584,-57.3,17,1.0
"20000","5","42385","57","0","2025","1","",72,478,469,479,7648266,5219252,38860,1238,"",1.31,0.90,0.88,0.90,0.98,0.76,1.31,1.10,"",1,1.4,46,10.6,50,11.9,57,13.5,1517256,24.7,830954,18.9,-5749,-12.9,127,11.4
"20000","5","423850","58","0","2025","1","",72,478,469,479,7648266,5219252,38860,1238,"",1.31,0.90,0.88,0.90,0.98,0.76,1.31,1.10,"",1,1.4,46,10.6,50,11.9,57,13.5,1517256,24.7,830954,18.9,-5749,-12.9,127,11.4
"20000","5","42386","57","0","2025","1","",70,532,535,540,11305672,6600332,18575,1624,"",1.75,1.35,1.35,1.37,1.18,1.22,0.79,0.87,"",-1,-1.4,-89,-14.3,-88,-14.1,-73,-11.9,-389503,-3.3,-608319,-8.4,-42935,-69.8,171,11.8
"20000","5","423860","58","0","2025","1","",70,532,535,540,11305672,6600332,18575,1624,"",1.75,1.35,1.35,1.37,1.18,1.22,0.79,0.87,"",-1,-1.4,-89,-14.3,-88,-14.1,-73,-11.9,-389503,-3.3,-608319,-8.4,-42935,-69.8,171,11.8
"20000","5","4239","56","0","2025","1","",304,1628,1625,1602,28985856,18802387,110024,1378,"",0.86,0.56,0.56,0.55,0.62,0.50,0.60,1.11,"",1,0.3,-84,-4.9,-89,-5.2,-92,-5.4,-1715309,-5.6,-903554,-4.6,-140343,-56.1,-6,-0.4
"20000","5","42391","57","0","2025","1","",101,534,521,521,10336761,6420311,47498,1514,"",1.36,0.92,0.89,0.89,1.08,0.84,1.23,1.20,"",7,7.4,-107,-16.7,-107,-17.0,-109,-17.3,-2531952,-19.7,-1477651,-18.7,-75618,-61.4,-50,-3.2
"20000","5","423910","58","0","2025","1","",101,534,521,521,10336761,6420311,47498,1514,"",1.36,0.92,0.89,0.89,1.08,0.84,1.23,1.20,"",7,7.4,-107,-16.7,-107,-17.0,-109,-17.3,-2531952,-19.7,-1477651,-18.7,-75618,-61.4,-50,-3.2
"20000","5","42392","57","0","2025","1","",17,62,58,47,775456,536357,2184,1072,"",0.66,0.28,0.26,0.21,0.18,0.17,0.13,0.70,"",0,0.0,9,17.0,0,0.0,-11,-19.0,121154,18.5,8475,1.6,-4842,-68.9,179,20.0
"20000","5","423920","58","0","2025","1","",17,62,58,47,775456,536357,2184,1072,"",0.66,0.28,0.26,0.21,0.18,0.17,0.13,0.70,"",0,0.0,9,17.0,0,0.0,-11,-19.0,121154,18.5,8475,1.6,-4842,-68.9,179,20.0
"20000","5","42393","57","0","2025","1","",78,604,610,614,9446071,6981256,28212,1192,"",1.22,0.66,0.66,0.66,0.75,0.61,0.58,1.14,"",-4,-4.9,-12,-1.9,-7,-1.1,0,0.0,-763866,-7.5,109403,1.6,-28805,-50.5,-84,-6.6
"20000","5","423930","58","0","2025","1","",78,604,610,614,9446071,6981256,28212,1192,"",1.22,0.66,0.66,0.66,0.75,0.61,0.58,1.14,"",-4,-4.9,-12,-1.9,-7,-1.1,0,0.0,-763866,-7.5,109403,1.6,-28805,-50.5,-84,-6.6
"20000","5","42394","57","0","2025","1","",28,67,74,68,1039506,665317,7047,1148,"",0.46,0.20,0.22,0.20,0.20,0.17,0.29,0.98,"",1,3.7,13,24.1,17,29.8,15,28.3,214560,26.0,160831,31.9,380,5.7,-13,-1.1
"20000","5","423940","58","0","2025","1","",28,67,74,68,1039506,665317,7047,1148,"",0.46,0.20,0.22,0.20,0.20,0.17,0.29,0.98,"",1,3.7,13,24.1,17,29.8,15,28.3,214560,26.0,160831,31.9,380,5.7,-13,-1.1
"20000","5","42399","57","0","2025","1","",80,361,362,352,7388062,4199146,25083,1586,"",0.61,0.43,0.43,0.42,0.48,0.38,0.46,1.13,"",-3,-3.6,13,3.7,8,2.3,13,3.8,1244795,20.3,295388,7.6,-31458,-55.6,224,16.4
"20000","5","423990","58","0","2025","1","",80,361,362,352,7388062,4199146,25083,1586,"",0.61,0.43,0.43,0.42,0.48,0.38,0.46,1.13,"",-3,-3.6,13,3.7,8,2.3,13,3.8,1244795,20.3,295388,7.6,-31458,-55.6,224,16.4
"20000","5","424","55","0","2025","1","",2221,22510,22494,22593,531408166,269275121,681956,1814,"",1.52,1.12,1.12,1.12,1.27,0.96,0.54,1.14,"",-33,-1.5,-261,-1.1,-318,-1.4,-224,-1.0,28431537,5.7,1903179,0.7,-1530894,-69.2,117,6.9
"20000","5","4241","56","0","2025","1","",90,748,744,738,17940847,9035433,28345,1857,"",1.18,0.71,0.71,0.71,0.91,0.64,0.42,1.28,"",-2,-2.2,-78,-9.4,-79,-9.6,-78,-9.6,848089,5.0,734317,8.8,-37422,-56.9,257,16.1
"20000","5","42411","57","0","2025","1","",20,104,102,99,3209455,1527886,5667,2428,"",1.92,1.01,0.99,0.98,1.21,0.99,0.78,1.22,"",-1,-4.8,-21,-16.8,-22,-17.7,-23,-18.9,-391025,-10.9,-178480,-10.5,-6934,-55.0,188,8.4
"20000","5","424110","58","0","2025","1","",20,104,102,99,3209455,1527886,5667,2428,"",1.92,1.01,0.99,0.98,1.21,0.99,0.78,1.22,"",-1,-4.8,-21,-16.8,-22,-17.7,-23,-18.9,-391025,-10.9,-178480,-10.5,-6934,-55.0,188,8.4
"20000","5","42412","57","0","2025","1","",33,462,462,457,7486098,5108290,6860,1251,"",1.29,1.33,1.33,1.33,1.63,1.36,0.37,1.23,"",-3,-8.3,-24,-4.9,-26,-5.3,-27,-5.6,1678436,28.9,1326877,35.1,-13887,-66.9,332,36.1
"20000","5","424120","58","0","2025","1","",33,462,462,457,7486098,5108290,6860,1251,"",1.29,1.33,1.33,1.33,1.63,1.36,0.37,1.23,"",-3,-8.3,-24,-4.9,-26,-5.3,-27,-5.6,1678436,28.9,1326877,35.1,-13887,-66.9,332,36.1
"20000","5","42413","57","0","2025","1","",37,182,180,182,7245294,2399257,15818,3074,"",0.92,0.31,0.30,0.31,0.58,0.27,0.38,1.92,"",2,5.7,-33,-15.3,-31,-14.7,-28,-13.3,-439322,-5.7,-414080,-14.7,-16601,-51.2,286,10.3
"20000","5","424130","58","0","2025","1","",37,182,180,182,7245294,2399257,15818,3074,"",0.92,0.31,0.30,0.31,0.58,0.27,0.38,1.92,"",2,5.7,-33,-15.3,-31,-14.7,-28,-13.3,-439322,-5.7,-414080,-14.7,-16601,-51.2,286,10.3
"20000","5","4242","56","0","2025","1","",281,2065,2055,2069,101862419,27739812,124177,3798,"",1.54,0.87,0.86,0.86,0.98,0.67,0.60,1.14,"",-13,-4.4,41,2.0,28,1.4,0,0.0,4089470,4.2,316654,1.2,-189782,-60.4,111,3.0
"20000","5","42421","57","0","2025","1","",281,2065,2055,2069,101862419,27739812,124177,3798,"",1.54,0.87,0.86,0.86,0.98,0.67,0.60,1.14,"",-13,-4.4,41,2.0,28,1.4,0,0.0,4089470,4.2,316654,1.2,-189782,-60.4,111,3.0
"20000","5","424210","58","0","2025","1","",281,2065,2055,2069,101862419,27739812,124177,3798,"",1.54,0.87,0.86,0.86,0.98,0.67,0.60,1.14,"",-13,-4.4,41,2.0,28,1.4,0,0.0,4089470,4.2,316654,1.2,-189782,-60.4,111,3.0
"20000","5","4243","56","0","2025","1","",90,1148,1139,1123,21743609,13038258,45964,1471,"",0.67,0.91,0.90,0.89,0.96,0.80,0.44,1.07,"",1,1.1,-27,-2.3,-17,-1.5,-25,-2.2,-170831,-0.8,-250329,-1.9,-77417,-62.7,17,1.2
"20000","5","42431","57","0","2025","1","",18,96,95,94,2084693,1076743,7624,1688,"",0.60,0.50,0.50,0.49,0.76,0.46,0.63,1.53,"",-2,-10.0,-5,-5.0,-10,-9.5,-7,-6.9,-147810,-6.6,17891,1.7,-13048,-63.1,10,0.6
"20000","5","424310","58","0","2025","1","",18,96,95,94,2084693,1076743,7624,1688,"",0.60,0.50,0.50,0.49,0.76,0.46,0.63,1.53,"",-2,-10.0,-5,-5.0,-10,-9.5,-7,-6.9,-147810,-6.6,17891,1.7,-13048,-63.1,10,0.6
"20000","5","42434","57","0","2025","1","",19,71,69,71,2000498,962243,3212,2188,"",1.27,0.35,0.34,0.35,0.45,0.32,0.19,1.32,"",1,5.6,-4,-5.3,-5,-6.8,-1,-1.4,-150587,-7.0,-23732,-2.4,-5509,-63.2,-58,-2.6
"20000","5","424340","58","0","2025","1","",19,71,69,71,2000498,962243,3212,2188,"",1.27,0.35,0.34,0.35,0.45,0.32,0.19,1.32,"",1,5.6,-4,-5.3,-5,-6.8,-1,-1.4,-150587,-7.0,-23732,-2.4,-5509,-63.2,-58,-2.6
"20000","5","42435","57","0","2025","1","",53,981,975,958,17658418,10999272,35128,1398,"",0.60,1.13,1.12,1.11,1.14,1.00,0.47,1.02,"",2,3.9,-18,-1.8,-2,-0.2,-17,-1.7,127566,0.7,-244488,-2.2,-58860,-62.6,27,2.0
"20000","5","424350","58","0","2025","1","",53,981,975,958,17658418,10999272,35128,1398,"",0.60,1.13,1.12,1.11,1.14,1.00,0.47,1.02,"",2,3.9,-18,-1.8,-2,-0.2,-17,-1.7,127566,0.7,-244488,-2.2,-58860,-62.6,27,2.0
"20000","5","4244","56","0","2025","1","",376,4669,4716,4696,94852670,58861068,118704,1555,"",0.93,0.62,0.62,0.61,0.76,0.57,0.26,1.23,"",-10,-2.6,-26,-0.6,73,1.6,127,2.8,5739380,6.4,2105891,3.7,-309562,-72.3,76,5.1
"20000","5","42441","57","0","2025","1","",46,1652,1663,1668,34806600,21211434,27753,1612,"",0.63,0.70,0.70,0.70,0.89,0.63,0.20,1.27,"",0,0.0,-158,-8.7,-127,-7.1,-57,-3.3,-974190,-2.7,-1405744,-6.2,-118698,-81.0,61,3.9
"20000","5","424410","58","0","2025","1","",46,1652,1663,1668,34806600,21211434,27753,1612,"",0.63,0.70,0.70,0.70,0.89,0.63,0.20,1.27,"",0,0.0,-158,-8.7,-127,-7.1,-57,-3.3,-974190,-2.7,-1405744,-6.2,-118698,-81.0,61,3.9
"20000","5","42442","57","0","2025","1","",30,286,304,287,6033038,3643719,20465,1588,"",1.30,0.87,0.91,0.86,0.99,0.83,1.04,1.13,"",-3,-9.1,-7,-2.4,18,6.3,9,3.2,486275,8.8,171368,4.9,-27428,-57.3,94,6.3
"20000","5","424420","58","0","2025","1","",30,286,304,287,6033038,3643719,20465,1588,"",1.30,0.87,0.91,0.86,0.99,0.83,1.04,1.13,"",-3,-9.1,-7,-2.4,18,6.3,9,3.2,486275,8.8,171368,4.9,-27428,-57.3,94,6.3
"20000","5","42443","57","0","2025","1","",27,132,126,127,2522686,1630872,5191,1512,"",1.29,0.43,0.40,0.41,0.48,0.37,0.24,1.15,"",1,3.8,14,11.9,6,5.0,9,7.6,513953,25.6,188731,13.1,-5554,-51.7,210,16.1
"20000","5","424430","58","0","2025","1","",27,132,126,127,2522686,1630872,5191,1512,"",1.29,0.43,0.40,0.41,0.48,0.37,0.24,1.15,"",1,3.8,14,11.9,6,5.0,9,7.6,513953,25.6,188731,13.1,-5554,-51.7,210,16.1
"20000","5","42444","57","0","2025","1","",9,10,10,10,249102,113059,727,1916,"",1.45,0.08,0.08,0.08,0.14,0.07,0.10,1.65,"",3,50.0,3,42.9,3,42.9,1,11.1,-73485,-22.8,30854,37.5,-155,-17.6,-1321,-40.8
"20000","5","424440","58","0","2025","1","",9,10,10,10,249102,113059,727,1916,"",1.45,0.08,0.08,0.08,0.14,0.07,0.10,1.65,"",3,50.0,3,42.9,3,42.9,1,11.1,-73485,-22.8,30854,37.5,-155,-17.6,-1321,-40.8
"20000","5","42445","57","0","2025","1","",40,479,476,472,8649708,5947949,3557,1399,"",1.26,0.80,0.79,0.79,0.88,0.72,0.10,1.11,"",2,5.3,188,64.6,185,63.6,183,63.3,3300865,61.7,2552079,75.2,-7568,-68.0,-18,-1.3
"20000","5","424450","58","0","2025","1","",40,479,476,472,8649708,5947949,3557,1399,"",1.26,0.80,0.79,0.79,0.88,0.72,0.10,1.11,"",2,5.3,188,64.6,185,63.6,183,63.3,3300865,61.7,2552079,75.2,-7568,-68.0,-18,-1.3
"20000","5","42446","57","0","2025","1","",7,21,21,21,718437,267516,1106,2632,"",0.31,0.08,0.08,0.08,0.21,0.09,0.07,2.56,"",0,0.0,0,0.0,1,5.0,0,0.0,-41881,-5.5,8888,3.4,-470,-29.8,-198,-7.0
"20000","5","424460","58","0","2025","1","",7,21,21,21,718437,267516,1106,2632,"",0.31,0.08,0.08,0.08,0.21,0.09,0.07,2.56,"",0,0.0,0,0.0,1,5.0,0,0.0,-41881,-5.5,8888,3.4,-470,-29.8,-198,-7.0
"20000","5","42447","57","0","2025","1","",32,179,187,180,4046956,1979964,6921,1710,"",1.27,0.39,0.41,0.39,0.58,0.33,0.25,1.45,"",-6,-15.8,-33,-15.6,-19,-9.2,-20,-10.0,-145642,-3.5,-339807,-14.6,-20502,-74.8,144,9.2
"20000","5","424470","58","0","2025","1","",32,179,187,180,4046956,1979964,6921,1710,"",1.27,0.39,0.41,0.39,0.58,0.33,0.25,1.45,"",-6,-15.8,-33,-15.6,-19,-9.2,-20,-10.0,-145642,-3.5,-339807,-14.6,-20502,-74.8,144,9.2
"20000","5","42448","57","0","2025","1","",20,247,249,254,4003411,2761413,2877,1232,"",0.46,0.28,0.28,0.28,0.33,0.26,0.06,1.16,"",1,5.3,-7,-2.8,-3,-1.2,5,2.0,23043,0.6,-115540,-4.0,-6456,-69.2,15,1.2
"20000","5","424480","58","0","2025","1","",20,247,249,254,4003411,2761413,2877,1232,"",0.46,0.28,0.28,0.28,0.33,0.26,0.06,1.16,"",1,5.3,-7,-2.8,-3,-1.2,5,2.0,23043,0.6,-115540,-4.0,-6456,-69.2,15,1.2
"20000","5","42449","57","0","2025","1","",165,1663,1680,1677,33822732,21305142,50107,1555,"",1.05,0.74,0.74,0.74,0.84,0.69,0.36,1.14,"",-8,-4.6,-26,-1.5,9,0.5,-3,-0.2,2650442,8.5,1015062,5.0,-122731,-71.0,128,9.0
"20000","5","424490","58","0","2025","1","",165,1663,1680,1677,33822732,21305142,50107,1555,"",1.05,0.74,0.74,0.74,0.84,0.69,0.36,1.14,"",-8,-4.6,-26,-1.5,9,0.5,-3,-0.2,2650442,8.5,1015062,5.0,-122731,-71.0,128,9.0
"20000","5","4245","56","0","2025","1","",414,5185,5159,5249,87937477,52957358,92205,1301,"",7.16,7.87,7.89,7.97,10.30,6.19,3.49,1.30,"",5,1.2,93,1.8,9,0.2,75,1.4,4975255,6.0,939150,1.8,-249602,-73.0,59,4.8
"20000","5","42451","57","0","2025","1","",349,3515,3487,3499,60251544,38481345,83138,1324,"",11.15,9.83,9.81,9.79,10.46,6.64,5.68,1.07,"",3,0.9,90,2.6,95,2.8,101,3.0,2487715,4.3,1436930,3.9,-152020,-64.6,19,1.5
"20000","5","424510","58","0","2025","1","",349,3515,3487,3499,60251544,38481345,83138,1324,"",11.15,9.83,9.81,9.79,10.46,6.64,5.68,1.07,"",3,0.9,90,2.6,95,2.8,101,3.0,2487715,4.3,1436930,3.9,-152020,-64.6,19,1.5
"20000","5","42452","57","0","2025","1","",47,1629,1631,1710,27089105,14097040,6932,1258,"",4.71,11.22,11.40,11.73,29.65,13.91,4.23,2.59,"",-2,-4.1,60,3.8,-29,-1.7,31,1.8,3508588,14.9,256880,1.9,-75751,-91.6,149,13.4
"20000","5","424520","58","0","2025","1","",47,1629,1631,1710,27089105,14097040,6932,1258,"",4.71,11.22,11.40,11.73,29.65,13.91,4.23,2.59,"",-2,-4.1,60,3.8,-29,-1.7,31,1.8,3508588,14.9,256880,1.9,-75751,-91.6,149,13.4
"20000","5","42459","57","0","2025","1","",18,41,41,40,596828,378973,2135,1129,"",1.09,0.26,0.26,0.26,0.32,0.22,0.21,1.23,"",4,28.6,-57,-58.2,-57,-58.2,-57,-58.8,-1021048,-63.1,-754660,-66.6,-21831,-91.1,-145,-11.4
"20000","5","424590","58","0","2025","1","",18,41,41,40,596828,378973,2135,1129,"",1.09,0.26,0.26,0.26,0.32,0.22,0.21,1.23,"",4,28.6,-57,-58.2,-57,-58.2,-57,-58.8,-1021048,-63.1,-754660,-66.6,-21831,-91.1,-145,-11.4
"20000","5","4246","56","0","2025","1","",237,1416,1448,1408,48293035,19480582,56221,2609,"",1.57,1.03,1.05,1.02,1.47,0.95,0.66,1.43,"",-11,-4.4,-30,-2.1,1,0.1,7,0.5,4057104,9.2,-31522,-0.2,-105166,-65.2,232,9.8
"20000","5","42461","57","0","2025","1","",50,217,233,231,7651806,3085977,16450,2593,"",1.43,0.80,0.86,0.85,1.23,0.81,0.95,1.46,"",-5,-9.1,-24,-10.0,-7,-2.9,-10,-4.1,279807,3.8,-77232,-2.4,-10460,-38.9,237,10.1
"20000","5","424610","58","0","2025","1","",50,217,233,231,7651806,3085977,16450,2593,"",1.43,0.80,0.86,0.85,1.23,0.81,0.95,1.46,"",-5,-9.1,-24,-10.0,-7,-2.9,-10,-4.1,279807,3.8,-77232,-2.4,-10460,-38.9,237,10.1
"20000","5","42469","57","0","2025","1","",187,1199,1215,1177,40641229,16394605,39771,2612,"",1.62,1.08,1.09,1.06,1.53,0.99,0.58,1.42,"",-6,-3.1,-6,-0.5,8,0.7,17,1.5,3777297,10.2,45710,0.3,-94706,-70.4,230,9.7
"20000","5","424690","58","0","2025","1","",187,1199,1215,1177,40641229,16394605,39771,2612,"",1.62,1.08,1.09,1.06,1.53,0.99,0.58,1.42,"",-6,-3.1,-6,-0.5,8,0.7,17,1.5,3777297,10.2,45710,0.3,-94706,-70.4,230,9.7
"20000","5","4247","56","0","2025","1","",135,1629,1593,1569,46162325,19959253,52509,2224,"",1.99,1.76,1.72,1.69,1.69,1.50,1.01,0.98,"",-5,-3.6,-62,-3.7,-84,-5.0,-97,-5.8,6474158,16.3,-861063,-4.1,-134669,-71.9,405,22.3
"20000","5","42471","57","0","2025","1","",60,622,582,575,11603580,7636264,30262,1505,"",2.79,2.02,1.88,1.86,1.62,1.70,1.87,0.85,"",-2,-3.2,-1,-0.2,-18,-3.0,-27,-4.5,-443544,-3.7,-48755,-0.6,-57596,-65.6,-18,-1.2
"20000","5","424710","58","0","2025","1","",60,622,582,575,11603580,7636264,30262,1505,"",2.79,2.02,1.88,1.86,1.62,1.70,1.87,0.85,"",-2,-3.2,-1,-0.2,-18,-3.0,-27,-4.5,-443544,-3.7,-48755,-0.6,-57596,-65.6,-18,-1.2
"20000","5","42472","57","0","2025","1","",75,1007,1011,994,34558745,12322989,22247,2648,"",1.62,1.63,1.64,1.61,1.71,1.39,0.62,1.05,"",-3,-3.8,-61,-5.7,-66,-6.1,-70,-6.6,6917702,25.0,-812308,-6.2,-77073,-77.6,660,33.2
"20000","5","424720","58","0","2025","1","",75,1007,1011,994,34558745,12322989,22247,2648,"",1.62,1.63,1.64,1.61,1.71,1.39,0.62,1.05,"",-3,-3.8,-61,-5.7,-66,-6.1,-70,-6.6,6917702,25.0,-812308,-6.2,-77073,-77.6,660,33.2
"20000","5","4248","56","0","2025","1","",95,1809,1785,1793,29330780,21560135,46700,1256,"",1.23,0.94,0.92,0.93,0.86,0.82,0.47,0.92,"",-3,-3.1,-3,-0.2,-31,-1.7,-4,-0.2,-663010,-2.2,-55446,-0.3,-150373,-76.3,-20,-1.6
"20000","5","42481","57","0","2025","1","",37,1009,998,995,14029888,11550092,23045,1079,"",1.55,0.98,0.97,0.97,0.95,0.87,0.50,0.97,"",-2,-5.1,16,1.6,-1,-0.1,17,1.7,-250090,-1.8,1649,0.0,-73459,-76.1,-31,-2.8
"20000","5","424810","58","0","2025","1","",37,1009,998,995,14029888,11550092,23045,1079,"",1.55,0.98,0.97,0.97,0.95,0.87,0.50,0.97,"",-2,-5.1,16,1.6,-1,-0.1,17,1.7,-250090,-1.8,1649,0.0,-73459,-76.1,-31,-2.8
"20000","5","42482","57","0","2025","1","",58,800,787,798,15300892,10010043,23655,1480,"",1.09,0.89,0.87,0.89,0.79,0.76,0.44,0.90,"",-1,-1.7,-19,-2.3,-30,-3.7,-21,-2.6,-412920,-2.6,-57095,-0.6,-76914,-76.5,3,0.2
"20000","5","424820","58","0","2025","1","",58,800,787,798,15300892,10010043,23655,1480,"",1.09,0.89,0.87,0.89,0.79,0.76,0.44,0.90,"",-1,-1.7,-19,-2.3,-30,-3.7,-21,-2.6,-412920,-2.6,-57095,-0.6,-76914,-76.5,3,0.2
"20000","5","4249","56","0","2025","1","",503,3841,3855,3948,83285004,46643222,117131,1651,"",1.60,1.33,1.32,1.34,1.88,1.25,0.72,1.42,"",5,1.0,-169,-4.2,-218,-5.4,-229,-5.5,3081922,3.8,-994473,-2.1,-276901,-70.3,141,9.3
"20000","5","42491","57","0","2025","1","",326,2703,2704,2769,61226662,33646706,66240,1728,"",3.10,2.56,2.54,2.55,3.42,2.16,1.17,1.34,"",-6,-1.8,-9,-0.3,-32,-1.2,-24,-0.9,4771532,8.5,737640,2.2,-192662,-74.4,147,9.3
"20000","5","424910","58","0","2025","1","",326,2703,2704,2769,61226662,33646706,66240,1728,"",3.10,2.56,2.54,2.55,3.42,2.16,1.17,1.34,"",-6,-1.8,-9,-0.3,-32,-1.2,-24,-0.9,4771532,8.5,737640,2.2,-192662,-74.4,147,9.3
"20000","5","42492","57","0","2025","1","",16,93,89,88,1986629,987727,5457,1698,"",1.08,0.41,0.39,0.38,0.62,0.35,0.40,1.59,"",-3,-15.8,11,13.4,4,4.7,-2,-2.2,110948,5.9,14677,1.5,-7364,-57.4,14,0.8
"20000","5","424920","58","0","2025","1","",16,93,89,88,1986629,987727,5457,1698,"",1.08,0.41,0.39,0.38,0.62,0.35,0.40,1.59,"",-3,-15.8,11,13.4,4,4.7,-2,-2.2,110948,5.9,14677,1.5,-7364,-57.4,14,0.8
"20000","5","42493","57","0","2025","1","",26,191,202,230,1473127,1296494,6629,546,"",0.84,0.46,0.47,0.52,0.34,0.30,0.31,0.72,"",2,8.3,-18,-8.6,-20,-9.0,-41,-15.1,-57616,-3.8,-93766,-6.7,-6247,-48.5,43,8.5
"20000","5","424930","58","0","2025","1","",26,191,202,230,1473127,1296494,6629,546,"",0.84,0.46,0.47,0.52,0.34,0.30,0.31,0.72,"",2,8.3,-18,-8.6,-20,-9.0,-41,-15.1,-57616,-3.8,-93766,-6.7,-6247,-48.5,43,8.5
"20000","5","42494","57","0","2025","1","",25,170,169,175,3881779,1970389,3593,1743,"",1.27,0.76,0.76,0.78,1.12,0.72,0.33,1.46,"",4,19.0,11,6.9,5,3.0,13,8.0,870924,28.9,211946,12.1,-13385,-78.8,310,21.6
"20000","5","424940","58","0","2025","1","",25,170,169,175,3881779,1970389,3593,1743,"",1.27,0.76,0.76,0.78,1.12,0.72,0.33,1.46,"",4,19.0,11,6.9,5,3.0,13,8.0,870924,28.9,211946,12.1,-13385,-78.8,310,21.6
"20000","5","42495","57","0","2025","1","",32,287,303,311,7971917,4169802,9335,2042,"",1.39,1.33,1.40,1.43,2.07,1.39,0.78,1.49,"",0,0.0,-21,-6.8,-11,-3.5,1,0.3,489830,6.5,17529,0.4,-20415,-68.6,189,10.2
"20000","5","424950","58","0","2025","1","",32,287,303,311,7971917,4169802,9335,2042,"",1.39,1.33,1.40,1.43,2.07,1.39,0.78,1.49,"",0,0.0,-21,-6.8,-11,-3.5,1,0.3,489830,6.5,17529,0.4,-20415,-68.6,189,10.2
"20000","5","42499","57","0","2025","1","",78,397,388,375,6744890,4572104,25877,1342,"",0.65,0.53,0.52,0.50,0.58,0.52,0.54,1.13,"",8,11.4,-143,-26.5,-164,-29.7,-176,-31.9,-3103696,-31.5,-1882499,-29.2,-36828,-58.7,-41,-3.0
"20000","5","424990","58","0","2025","1","",78,397,388,375,6744890,4572104,25877,1342,"",0.65,0.53,0.52,0.50,0.58,0.52,0.54,1.13,"",8,11.4,-143,-26.5,-164,-29.7,-176,-31.9,-3103696,-31.5,-1882499,-29.2,-36828,-58.7,-41,-3.0
"20000","5","425","55","0","2025","1","",1075,4114,4098,4044,123380424,50038396,341521,2323,"",1.22,1.01,1.00,0.99,1.06,0.82,1.18,1.06,"",-195,-15.4,-387,-8.6,-385,-8.6,-420,-9.4,-17068137,-12.2,-4965462,-9.0,-418399,-55.1,-87,-3.6
"20000","5","4251","56","0","2025","1","",1075,4114,4098,4044,123380424,50038396,341521,2323,"",1.22,1.01,1.00,0.99,1.06,0.82,1.18,1.06,"",-195,-15.4,-387,-8.6,-385,-8.6,-420,-9.4,-17068137,-12.2,-4965462,-9.0,-418399,-55.1,-87,-3.6
"20000","5","42512","57","0","2025","1","",1075,4114,4098,4044,123380424,50038396,341521,2323,"",1.22,1.01,1.00,0.99,1.06,0.82,1.18,1.06,"",-195,-15.4,-387,-8.6,-385,-8.6,-420,-9.4,-17068137,-12.2,-4965462,-9.0,-418399,-55.1,-87,-3.6
"20000","5","425120","58","0","2025","1","",1075,4114,4098,4044,123380424,50038396,341521,2323,"",1.22,1.01,1.00,0.99,1.06,0.82,1.18,1.06,"",-195,-15.4,-387,-8.6,-385,-8.6,-420,-9.4,-17068137,-12.2,-4965462,-9.0,-418399,-55.1,-87,-3.6
"20000","5","44-45","54","0","2025","1","",8829,140282,139609,140218,1293557999,1006971512,2239705,711,"",1.03,0.99,1.00,1.00,1.08,0.82,0.50,1.09,"",-182,-2.0,-824,-0.6,-1212,-0.9,-769,-0.5,3684801,0.3,6533702,0.7,-5588077,-71.4,7,1.0
"20000","5","441","55","0","2025","1","",1234,18652,18626,18499,274331775,189696790,475790,1135,"",1.23,1.00,0.99,0.98,1.10,0.86,0.55,1.11,"",-23,-1.8,174,0.9,-6,0.0,-47,-0.3,1588040,0.6,1808584,1.0,-1083271,-69.5,4,0.4
"20000","5","4411","56","0","2025","1","",446,11767,11747,11641,201475597,129450045,279693,1323,"",1.18,1.00,0.99,0.98,1.10,0.86,0.46,1.11,"",-22,-4.7,91,0.8,-62,-0.5,-27,-0.2,257909,0.1,1125840,0.9,-759947,-73.1,2,0.2
"20000","5","44111","57","0","2025","1","",218,9845,9814,9714,175026845,109229374,198363,1375,"",1.27,0.96,0.95,0.94,1.07,0.82,0.37,1.12,"",-8,-3.5,122,1.3,0,0.0,15,0.2,336599,0.2,1455732,1.4,-601788,-75.2,-4,-0.3
"20000","5","441110","58","0","2025","1","",218,9845,9814,9714,175026845,109229374,198363,1375,"",1.27,0.96,0.95,0.94,1.07,0.82,0.37,1.12,"",-8,-3.5,122,1.3,0,0.0,15,0.2,336599,0.2,1455732,1.4,-601788,-75.2,-4,-0.3
"20000","5","44112","57","0","2025","1","",228,1922,1933,1927,26448752,20220671,81330,1056,"",1.11,1.26,1.25,1.24,1.36,1.14,1.05,1.08,"",-14,-5.8,-31,-1.6,-62,-3.1,-42,-2.1,-78690,-0.3,-329892,-1.6,-158159,-66.0,21,2.0
"20000","5","441120","58","0","2025","1","",228,1922,1933,1927,26448752,20220671,81330,1056,"",1.11,1.26,1.25,1.24,1.36,1.14,1.05,1.08,"",-14,-5.8,-31,-1.6,-62,-3.1,-42,-2.1,-78690,-0.3,-329892,-1.6,-158159,-66.0,21,2.0
"20000","5","4412","56","0","2025","1","",113,1019,1038,1037,12825054,10728545,79714,957,"",0.92,0.70,0.70,0.70,0.74,0.61,0.95,1.06,"",5,4.6,-69,-6.3,-56,-5.1,-81,-7.2,-682465,-5.1,-558010,-4.9,-87363,-52.3,12,1.3
"20000","5","44121","57","0","2025","1","",19,257,253,253,3547586,2799369,24366,1073,"",0.76,0.55,0.54,0.54,0.60,0.47,0.75,1.10,"",-3,-13.6,-15,-5.5,-22,-8.0,-22,-8.0,-77513,-2.1,-131913,-4.5,-24681,-50.3,55,5.4
"20000","5","441210","58","0","2025","1","",19,257,253,253,3547586,2799369,24366,1073,"",0.76,0.55,0.54,0.54,0.60,0.47,0.75,1.10,"",-3,-13.6,-15,-5.5,-22,-8.0,-22,-8.0,-77513,-2.1,-131913,-4.5,-24681,-50.3,55,5.4
"20000","5","44122","57","0","2025","1","",94,762,785,784,9277468,7929176,55348,918,"",0.96,0.76,0.78,0.77,0.81,0.69,1.08,1.05,"",8,9.3,-54,-6.6,-34,-4.2,-59,-7.0,-604952,-6.1,-426097,-5.1,-62682,-53.1,-2,-0.2
"20000","5","441222","58","0","2025","1","",16,118,116,121,1341946,1180219,9189,872,"",0.44,0.37,0.35,0.36,0.35,0.32,0.51,0.96,"",3,23.1,23,24.2,20,20.8,17,16.3,226345,20.3,187631,18.9,-3464,-27.4,-1,-0.1
"20000","5","441227","58","0","2025","1","",78,644,669,663,7935522,6748957,46159,927,"",1.27,0.96,0.99,0.97,1.05,0.86,1.38,1.09,"",5,6.8,-77,-10.7,-54,-7.5,-76,-10.3,-831297,-9.5,-613728,-8.3,-59218,-56.2,0,0.0
"20000","5","4413","56","0","2025","1","",675,5866,5841,5821,60031124,49518200,116383,790,"",1.34,1.08,1.07,1.07,1.25,0.93,0.68,1.17,"",-6,-0.9,152,2.7,112,2.0,61,1.1,2012596,3.5,1240754,2.6,-235961,-67.0,12,1.5
"20000","5","44133","57","0","2025","1","",424,3555,3550,3547,30128172,26133687,41391,653,"",1.26,0.98,0.97,0.96,1.04,0.80,0.40,1.08,"",1,0.2,167,4.9,132,3.9,105,3.1,810146,2.8,805090,3.2,-134634,-76.5,-7,-1.1
"20000","5","441330","58","0","2025","1","",424,3555,3550,3547,30128172,26133687,41391,653,"",1.26,0.98,0.97,0.96,1.04,0.80,0.40,1.08,"",1,0.2,167,4.9,132,3.9,105,3.1,810146,2.8,805090,3.2,-134634,-76.5,-7,-1.1
"20000","5","44134","57","0","2025","1","",251,2311,2291,2274,29902952,23384513,74992,1004,"",1.48,1.29,1.28,1.27,1.56,1.15,1.10,1.22,"",-7,-2.7,-15,-0.6,-20,-0.9,-44,-1.9,1202450,4.2,435664,1.9,-101327,-57.5,52,5.5
"20000","5","441340","58","0","2025","1","",251,2311,2291,2274,29902952,23384513,74992,1004,"",1.48,1.29,1.28,1.27,1.56,1.15,1.10,1.22,"",-7,-2.7,-15,-0.6,-20,-0.9,-44,-1.9,1202450,4.2,435664,1.9,-101327,-57.5,52,5.5
"20000","5","444","55","0","2025","1","",797,12566,12614,13361,129603491,99183274,305604,776,"",1.37,1.03,1.03,1.05,1.17,0.85,0.76,1.13,"",-26,-3.2,-421,-3.2,-608,-4.6,-289,-2.1,-755612,-0.6,-2163302,-2.1,-735977,-70.7,21,2.8
"20000","5","4441","56","0","2025","1","",614,10934,10971,11355,113915579,86455706,188577,790,"",1.40,1.03,1.03,1.02,1.16,0.84,0.56,1.13,"",-18,-2.8,-339,-3.0,-438,-3.8,-152,-1.3,-1292712,-1.1,-2077122,-2.3,-636246,-77.1,12,1.5
"20000","5","44411","57","0","2025","1","",132,6232,6312,6671,58445144,47057721,40788,702,"",1.73,0.97,0.97,0.97,1.18,0.82,0.25,1.22,"",-3,-2.2,-112,-1.8,-110,-1.7,138,2.1,1298202,2.3,134398,0.3,-362290,-89.9,19,2.8
"20000","5","444110","58","0","2025","1","",132,6232,6312,6671,58445144,47057721,40788,702,"",1.73,0.97,0.97,0.97,1.18,0.82,0.25,1.22,"",-3,-2.2,-112,-1.8,-110,-1.7,138,2.1,1298202,2.3,134398,0.3,-362290,-89.9,19,2.8
"20000","5","44412","57","0","2025","1","",86,534,530,523,8576748,5781555,4085,1247,"",1.58,1.43,1.42,1.39,1.79,1.32,0.31,1.27,"",-2,-2.3,-5,-0.9,-28,-5.0,-30,-5.4,-218947,-2.5,-116982,-2.0,-27381,-87.0,17,1.4
"20000","5","444120","58","0","2025","1","",86,534,530,523,8576748,5781555,4085,1247,"",1.58,1.43,1.42,1.39,1.79,1.32,0.31,1.27,"",-2,-2.3,-5,-0.9,-28,-5.0,-30,-5.4,-218947,-2.5,-116982,-2.0,-27381,-87.0,17,1.4
"20000","5","44414","57","0","2025","1","",221,2460,2440,2455,18799412,15122083,81985,590,"",1.76,1.57,1.56,1.55,1.55,1.11,1.88,1.00,"",-3,-1.3,-58,-2.3,-126,-4.9,-93,-3.6,-480337,-2.5,-322905,-2.1,-105076,-56.2,7,1.2
"20000","5","444140","58","0","2025","1","",221,2460,2440,2455,18799412,15122083,81985,590,"",1.76,1.57,1.56,1.55,1.55,1.11,1.88,1.00,"",-3,-1.3,-58,-2.3,-126,-4.9,-93,-3.6,-480337,-2.5,-322905,-2.1,-105076,-56.2,7,1.2
"20000","5","44418","57","0","2025","1","",175,1708,1689,1706,28094275,18494347,61719,1270,"",0.96,0.76,0.75,0.76,0.88,0.66,0.53,1.16,"",-10,-5.4,-164,-8.8,-174,-9.3,-167,-8.9,-1891630,-6.3,-1771633,-8.7,-141499,-69.6,36,2.9
"20000","5","444180","58","0","2025","1","",175,1708,1689,1706,28094275,18494347,61719,1270,"",0.96,0.76,0.75,0.76,0.88,0.66,0.53,1.16,"",-10,-5.4,-164,-8.8,-174,-9.3,-167,-8.9,-1891630,-6.3,-1771633,-8.7,-141499,-69.6,36,2.9
"20000","5","4442","56","0","2025","1","",183,1632,1643,2006,15687912,12727568,117027,686,"",1.29,1.07,1.07,1.22,1.27,0.94,1.91,1.13,"",-8,-4.2,-82,-4.8,-170,-9.4,-137,-6.4,537100,3.5,-86180,-0.7,-99731,-46.0,69,11.2
"20000","5","44423","57","0","2025","1","",33,249,244,251,3934844,2654663,10696,1220,"",1.09,0.91,0.89,0.89,1.34,0.85,0.88,1.50,"",3,10.0,59,31.1,43,21.4,49,24.3,1328848,51.0,723515,37.5,-15278,-58.8,206,20.3
"20000","5","444230","58","0","2025","1","",33,249,244,251,3934844,2654663,10696,1220,"",1.09,0.91,0.89,0.89,1.34,0.85,0.88,1.50,"",3,10.0,59,31.1,43,21.4,49,24.3,1328848,51.0,723515,37.5,-15278,-58.8,206,20.3
"20000","5","44424","57","0","2025","1","",150,1383,1399,1755,11753068,10072905,106331,598,"",1.35,1.11,1.11,1.29,1.25,0.97,2.16,1.07,"",-11,-6.8,-141,-9.3,-213,-13.2,-186,-9.6,-791748,-6.3,-809695,-7.4,-84453,-44.3,28,4.9
"20000","5","444240","58","0","2025","1","",150,1383,1399,1755,11753068,10072905,106331,598,"",1.35,1.11,1.11,1.29,1.25,0.97,2.16,1.07,"",-11,-6.8,-141,-9.3,-213,-13.2,-186,-9.6,-791748,-6.3,-809695,-7.4,-84453,-44.3,28,4.9
"20000","5","445","55","0","2025","1","",1314,27107,27178,27127,183353221,165219963,259658,520,"",1.01,0.91,0.92,0.91,0.93,0.71,0.36,1.01,"",-12,-0.9,361,1.3,280,1.0,661,2.5,954094,0.5,7019377,4.4,-714440,-73.3,-5,-1.0
"20000","5","4451","56","0","2025","1","",562,22428,22508,22497,158429734,142107684,162982,542,"",0.71,0.86,0.86,0.86,0.91,0.69,0.28,1.06,"",4,0.7,366,1.7,305,1.4,726,3.3,477645,0.3,6677535,4.9,-563070,-77.6,-10,-1.8
"20000","5","44511","57","0","2025","1","",459,21642,21723,21729,151022361,135760632,127726,535,"",0.97,0.89,0.90,0.90,0.93,0.71,0.24,1.04,"",9,2.0,383,1.8,330,1.5,750,3.6,597384,0.4,6726182,5.2,-522917,-80.4,-11,-2.0
"20000","5","445110","58","0","2025","1","",459,21642,21723,21729,151022361,135760632,127726,535,"",0.97,0.89,0.90,0.90,0.93,0.71,0.24,1.04,"",9,2.0,383,1.8,330,1.5,750,3.6,597384,0.4,6726182,5.2,-522917,-80.4,-11,-2.0
"20000","5","44513","57","0","2025","1","",103,786,785,768,7407373,6347052,35256,731,"",0.33,0.43,0.43,0.41,0.62,0.43,0.55,1.47,"",-5,-4.6,-17,-2.1,-25,-3.1,-24,-3.0,-119739,-1.6,-48647,-0.8,-40153,-53.2,9,1.2
"20000","5","445131","58","0","2025","1","",70,389,400,380,2028098,1978491,13041,400,"",0.24,0.26,0.27,0.25,0.23,0.18,0.29,0.89,"",-5,-6.7,-22,-5.4,-10,-2.4,-20,-5.0,-88372,-4.2,-54504,-2.7,-18738,-59.0,0,0.0
"20000","5","445132","58","0","2025","1","",33,397,385,388,5379275,4368561,22215,1061,"",1.17,1.19,1.13,1.14,1.70,1.24,1.14,1.47,"",0,0.0,5,1.3,-15,-3.8,-4,-1.0,-31367,-0.6,5857,0.1,-21415,-49.1,6,0.6
"20000","5","4452","56","0","2025","1","",172,1505,1493,1495,9547283,8493583,37173,490,"",0.75,0.73,0.72,0.72,0.65,0.50,0.49,0.91,"",-4,-2.3,61,4.2,32,2.2,24,1.6,543389,6.0,412949,5.1,-53556,-59.0,15,3.2
"20000","5","44523","57","0","2025","1","N",13,0,0,0,0,0,0,0,"N",0.48,0,0,0,0,0,0,0,"N",0,0.0,0,0,0,0,0,0,0,0,0,0,0,0,0,0
"20000","5","445230","58","0","2025","1","N",13,0,0,0,0,0,0,0,"N",0.48,0,0,0,0,0,0,0,"N",0,0.0,0,0,0,0,0,0,0,0,0,0,0,0,0,0
"20000","5","44524","57","0","2025","1","",61,517,508,512,3861553,3520813,14176,580,"",1.11,0.87,0.88,0.88,0.96,0.71,0.73,1.09,"",2,3.4,33,6.8,26,5.4,7,1.4,245331,6.8,188107,5.6,-21367,-60.1,13,2.3
"20000","5","445240","58","0","2025","1","",61,517,508,512,3861553,3520813,14176,580,"",1.11,0.87,0.88,0.88,0.96,0.71,0.73,1.09,"",2,3.4,33,6.8,26,5.4,7,1.4,245331,6.8,188107,5.6,-21367,-60.1,13,2.3
"20000","5","44525","57","0","2025","1","N",1,0,0,0,0,0,0,0,"N",0.06,0,0,0,0,0,0,0,"N",0,0.0,0,0,0,0,0,0,0,0,0,0,0,0,0,0
"20000","5","445250","58","0","2025","1","N",1,0,0,0,0,0,0,0,"N",0.06,0,0,0,0,0,0,0,"N",0,0.0,0,0,0,0,0,0,0,0,0,0,0,0,0,0
"20000","5","44529","57","0","2025","1","",97,924,910,906,5372709,4667718,19594,453,"",0.74,0.85,0.83,0.82,0.71,0.55,0.48,0.85,"",-6,-5.8,9,1.0,-8,-0.9,3,0.3,260044,5.1,191533,4.3,-31132,-61.4,22,5.1
"20000","5","445291","58","0","2025","1","",5,45,43,43,355767,329083,752,627,"",0.24,0.23,0.22,0.22,0.28,0.22,0.12,1.27,"",-2,-28.6,-9,-16.7,-12,-21.8,-9,-17.3,-12040,-3.3,-29044,-8.1,-2750,-78.5,100,19.0
"20000","5","445292","58","0","2025","1","",12,159,150,152,803597,737059,2503,402,"",0.48,0.86,0.77,0.82,0.74,0.59,0.33,0.91,"",-1,-7.7,-3,-1.9,-12,-7.4,-7,-4.4,118924,17.4,90001,13.9,-7789,-75.7,75,22.9
"20000","5","445298","58","0","2025","1","",80,720,717,711,4213345,3601576,16339,453,"",0.95,1.02,1.02,0.99,0.81,0.63,0.60,0.80,"",-3,-3.6,21,3.0,16,2.3,19,2.7,153160,3.8,130576,3.8,-20593,-55.8,5,1.1
"20000","5","4453","56","0","2025","1","",580,3174,3177,3135,15376204,14618696,59503,374,"",2.09,2.04,2.05,2.02,1.61,1.23,1.28,0.79,"",-12,-2.0,-66,-2.0,-57,-1.8,-89,-2.8,-66940,-0.4,-71107,-0.5,-97814,-62.2,7,1.9
"20000","5","44532","57","0","2025","1","",580,3174,3177,3135,15376204,14618696,59503,374,"",2.09,2.04,2.05,2.02,1.61,1.23,1.28,0.79,"",-12,-2.0,-66,-2.0,-57,-1.8,-89,-2.8,-66940,-0.4,-71107,-0.5,-97814,-62.2,7,1.9
"20000","5","445320","58","0","2025","1","",580,3174,3177,3135,15376204,14618696,59503,374,"",2.09,2.04,2.05,2.02,1.61,1.23,1.28,0.79,"",-12,-2.0,-66,-2.0,-57,-1.8,-89,-2.8,-66940,-0.4,-71107,-0.5,-97814,-62.2,7,1.9
"20000","5","449","55","0","2025","1","",700,7440,7300,7372,91664075,68009803,141692,957,"",1.01,1.03,1.02,1.04,1.03,0.90,0.40,1.00,"",-33,-4.5,-341,-4.4,-306,-4.0,-192,-2.5,-5856690,-6.0,-2729692,-3.9,-358889,-71.7,-24,-2.4
"20000","5","4491","56","0","2025","1","",381,4401,4317,4397,50680803,40209502,74328,892,"",1.03,1.18,1.17,1.19,1.24,1.06,0.43,1.06,"",-15,-3.8,-175,-3.8,-159,-3.6,-20,-0.5,-2462742,-4.6,-1383697,-3.3,-214709,-74.3,-19,-2.1
"20000","5","44911","57","0","2025","1","",175,2675,2656,2654,34251827,27234479,40799,990,"",0.97,1.50,1.49,1.49,1.61,1.36,0.46,1.08,"",-5,-2.8,-134,-4.8,-126,-4.5,-104,-3.8,-2361066,-6.4,-1381723,-4.8,-139400,-77.4,-22,-2.2
"20000","5","449110","58","0","2025","1","",175,2675,2656,2654,34251827,27234479,40799,990,"",0.97,1.50,1.49,1.49,1.61,1.36,0.46,1.08,"",-5,-2.8,-134,-4.8,-126,-4.5,-104,-3.8,-2361066,-6.4,-1381723,-4.8,-139400,-77.4,-22,-2.2
"20000","5","44912","57","0","2025","1","",206,1726,1661,1743,16428976,12975023,33529,739,"",1.09,0.88,0.87,0.92,0.84,0.73,0.39,0.95,"",-10,-4.6,-41,-2.3,-33,-1.9,84,5.1,-101676,-0.6,-1974,0.0,-75309,-69.2,-6,-0.8
"20000","5","449121","58","0","2025","1","",105,701,686,696,9615458,7240735,12250,1065,"",1.45,1.13,1.10,1.11,1.13,0.94,0.37,1.01,"",-8,-7.1,-59,-7.8,-57,-7.7,-30,-4.1,-731051,-7.1,-445947,-5.8,-40367,-76.7,-6,-0.6
"20000","5","449122","58","0","2025","1","",21,100,104,108,1310064,1023186,5993,969,"",0.89,0.84,0.87,0.90,0.91,0.73,0.88,1.04,"",2,10.5,14,16.3,7,7.2,13,13.7,96681,8.0,76208,8.0,-4456,-42.6,-38,-3.8
"20000","5","449129","58","0","2025","1","",80,925,871,939,5503454,4711102,15286,464,"",0.86,0.76,0.75,0.81,0.58,0.54,0.33,0.75,"",-4,-4.8,4,0.4,17,2.0,101,12.1,532694,10.7,367765,8.5,-30486,-66.6,25,5.7
"20000","5","4492","56","0","2025","1","",319,3039,2983,2975,40983272,27800301,67364,1051,"",0.98,0.87,0.86,0.87,0.85,0.74,0.37,0.98,"",-18,-5.3,-166,-5.2,-147,-4.7,-172,-5.5,-3393948,-7.6,-1345995,-4.6,-144180,-68.2,-29,-2.7
"20000","5","44921","57","0","2025","1","",319,3039,2983,2975,40983272,27800301,67364,1051,"",0.98,0.87,0.86,0.87,0.85,0.74,0.37,0.98,"",-18,-5.3,-166,-5.2,-147,-4.7,-172,-5.5,-3393948,-7.6,-1345995,-4.6,-144180,-68.2,-29,-2.7
"20000","5","449210","58","0","2025","1","",319,3039,2983,2975,40983272,27800301,67364,1051,"",0.98,0.87,0.86,0.87,0.85,0.74,0.37,0.98,"",-18,-5.3,-166,-5.2,-147,-4.7,-172,-5.5,-3393948,-7.6,-1345995,-4.6,-144180,-68.2,-29,-2.7
"20000","5","455","55","0","2025","1","",744,32075,31724,31762,266710209,215399277,282908,644,"",1.11,1.07,1.07,1.08,1.25,0.92,0.41,1.17,"",-12,-1.6,609,1.9,555,1.8,351,1.1,11779359,4.6,8694076,4.2,-1196204,-80.9,18,2.9
"20000","5","4551","56","0","2025","1","",109,7092,6739,6679,42897520,36494383,51245,483,"",1.11,0.81,0.80,0.79,0.81,0.61,0.24,1.01,"",-1,-0.9,-53,-0.7,-149,-2.2,-142,-2.1,-547121,-1.3,-771775,-2.1,-212872,-80.6,2,0.4
"20000","5","45511","57","0","2025","1","",109,7092,6739,6679,42897520,36494383,51245,483,"",1.11,0.81,0.80,0.79,0.81,0.61,0.24,1.01,"",-1,-0.9,-53,-0.7,-149,-2.2,-142,-2.1,-547121,-1.3,-771775,-2.1,-212872,-80.6,2,0.4
"20000","5","455110","58","0","2025","1","",109,7092,6739,6679,42897520,36494383,51245,483,"",1.11,0.81,0.80,0.79,0.81,0.61,0.24,1.01,"",-1,-0.9,-53,-0.7,-149,-2.2,-142,-2.1,-547121,-1.3,-771775,-2.1,-212872,-80.6,2,0.4
"20000","5","4552","56","0","2025","1","",635,24983,24985,25083,223812689,178904894,231663,688,"",1.11,1.18,1.19,1.19,1.40,1.03,0.48,1.18,"",-11,-1.7,662,2.7,704,2.9,493,2.0,12326480,5.8,9465851,5.6,-983332,-80.9,21,3.1
"20000","5","45521","57","0","2025","1","",635,24983,24985,25083,223812689,178904894,231663,688,"",1.11,1.18,1.19,1.19,1.40,1.03,0.48,1.18,"",-11,-1.7,662,2.7,704,2.9,493,2.0,12326480,5.8,9465851,5.6,-983332,-80.9,21,3.1
"20000","5","455211","58","0","2025","1","N",73,0,0,0,0,0,0,0,"N",1.40,0,0,0,0,0,0,0,"N",-1,-1.4,0,0,0,0,0,0,0,0,0,0,0,0,0,0
"20000","5","455219","58","0","2025","1","N",562,0,0,0,0,0,0,0,"N",1.08,0,0,0,0,0,0,0,"N",-10,-1.7,0,0,0,0,0,0,0,0,0,0,0,0,0,0
"20000","5","456","55","0","2025","1","",810,9449,9333,9308,125492218,81143710,153856,1031,"",0.88,0.96,0.96,0.96,1.29,0.89,0.45,1.34,"",-2,-0.2,-595,-5.9,-658,-6.6,-606,-6.1,-6424618,-4.9,-6513976,-7.4,-393512,-71.9,15,1.5
"20000","5","4561","56","0","2025","1","",810,9449,9333,9308,125492218,81143710,153856,1031,"",0.88,0.96,0.96,0.96,1.29,0.89,0.45,1.34,"",-2,-0.2,-595,-5.9,-658,-6.6,-606,-6.1,-6424618,-4.9,-6513976,-7.4,-393512,-71.9,15,1.5
"20000","5","45611","57","0","2025","1","",457,6728,6685,6684,100344059,62331672,94538,1152,"",0.92,1.08,1.07,1.07,1.55,1.02,0.45,1.45,"",-8,-1.7,-590,-8.1,-607,-8.3,-627,-8.6,-6096027,-5.7,-6473048,-9.4,-283830,-75.0,31,2.8
"20000","5","456110","58","0","2025","1","",457,6728,6685,6684,100344059,62331672,94538,1152,"",0.92,1.08,1.07,1.07,1.55,1.02,0.45,1.45,"",-8,-1.7,-590,-8.1,-607,-8.3,-627,-8.6,-6096027,-5.7,-6473048,-9.4,-283830,-75.0,31,2.8
"20000","5","45612","57","0","2025","1","",125,1393,1333,1323,6948201,6195745,14354,396,"",0.77,0.77,0.77,0.76,0.56,0.52,0.28,0.73,"",5,4.2,45,3.3,41,3.2,55,4.3,-113665,-1.6,182963,3.0,-41086,-74.1,-21,-5.0
"20000","5","456120","58","0","2025","1","",125,1393,1333,1323,6948201,6195745,14354,396,"",0.77,0.77,0.77,0.76,0.56,0.52,0.28,0.73,"",5,4.2,45,3.3,41,3.2,55,4.3,-113665,-1.6,182963,3.0,-41086,-74.1,-21,-5.0
"20000","5","45613","57","0","2025","1","",54,409,403,401,4489894,3535878,13269,854,"",0.65,0.61,0.60,0.60,0.66,0.53,0.48,1.09,"",-1,-1.8,0,0.0,-14,-3.4,9,2.3,9535,0.2,-69265,-1.9,-19348,-59.3,5,0.6
"20000","5","456130","58","0","2025","1","",54,409,403,401,4489894,3535878,13269,854,"",0.65,0.61,0.60,0.60,0.66,0.53,0.48,1.09,"",-1,-1.8,0,0.0,-14,-3.4,9,2.3,9535,0.2,-69265,-1.9,-19348,-59.3,5,0.6
"20000","5","45619","57","0","2025","1","",174,919,912,900,13710064,9080415,31695,1158,"",0.98,0.86,0.85,0.83,1.02,0.80,0.60,1.21,"",2,1.2,-50,-5.2,-78,-7.9,-43,-4.6,-224461,-1.6,-154626,-1.7,-49248,-60.8,50,4.5
"20000","5","456191","58","0","2025","1","",64,197,198,191,1631529,1270388,6801,643,"",0.78,0.46,0.46,0.44,0.35,0.33,0.39,0.76,"",-2,-3.0,-43,-17.9,-53,-21.1,-49,-20.4,-136416,-7.7,-304724,-19.3,-7559,-52.6,85,15.2
"20000","5","456199","58","0","2025","1","",110,722,714,709,12078535,7810027,24894,1299,"",1.16,1.12,1.10,1.09,1.39,1.03,0.70,1.26,"",4,3.8,-7,-1.0,-25,-3.4,6,0.9,-88045,-0.7,150098,2.0,-41689,-62.6,6,0.5
"20000","5","457","55","0","2025","1","",988,11875,11858,11889,79275174,70200631,156137,514,"",1.03,1.25,1.25,1.25,1.21,0.91,0.56,0.97,"",-15,-1.5,-40,-0.3,119,1.0,64,0.5,3226078,4.2,2168232,3.2,-456075,-74.5,19,3.8
"20000","5","4571","56","0","2025","1","",938,11638,11625,11661,75713041,67623551,148708,500,"",1.04,1.31,1.31,1.31,1.37,1.00,0.68,1.04,"",-15,-1.6,-37,-0.3,111,1.0,54,0.5,2960080,4.1,2053307,3.1,-443608,-74.9,17,3.5
"20000","5","45711","57","0","2025","1","",862,10932,10968,11021,68755571,62347334,144649,482,"",1.04,1.36,1.37,1.37,1.41,1.03,0.74,1.03,"",-4,-0.5,69,0.6,255,2.4,233,2.2,3855232,5.9,2749877,4.6,-416998,-74.2,19,4.1
"20000","5","457110","58","0","2025","1","",862,10932,10968,11021,68755571,62347334,144649,482,"",1.04,1.36,1.37,1.37,1.41,1.03,0.74,1.03,"",-4,-0.5,69,0.6,255,2.4,233,2.2,3855232,5.9,2749877,4.6,-416998,-74.2,19,4.1
"20000","5","45712","57","0","2025","1","",76,706,657,640,6957470,5276217,4059,802,"",1.03,0.85,0.79,0.77,1.06,0.73,0.16,1.33,"",-11,-12.6,-106,-13.1,-144,-18.0,-179,-21.9,-895152,-11.4,-696570,-11.7,-26610,-86.8,57,7.7
"20000","5","457120","58","0","2025","1","",76,706,657,640,6957470,5276217,4059,802,"",1.03,0.85,0.79,0.77,1.06,0.73,0.16,1.33,"",-11,-12.6,-106,-13.1,-144,-18.0,-179,-21.9,-895152,-11.4,-696570,-11.7,-26610,-86.8,57,7.7
"20000","5","4572","56","0","2025","1","",50,237,233,228,3562133,2577080,7429,1178,"",0.83,0.36,0.36,0.35,0.35,0.27,0.13,1.00,"",0,0.0,-3,-1.2,8,3.6,10,4.6,265998,8.1,114925,4.7,-12467,-62.7,64,5.7
"20000","5","45721","57","0","2025","1","",50,237,233,228,3562133,2577080,7429,1178,"",0.83,0.36,0.36,0.35,0.35,0.27,0.13,1.00,"",0,0.0,-3,-1.2,8,3.6,10,4.6,265998,8.1,114925,4.7,-12467,-62.7,64,5.7
"20000","5","457210","58","0","2025","1","",50,237,233,228,3562133,2577080,7429,1178,"",0.83,0.36,0.36,0.35,0.35,0.27,0.13,1.00,"",0,0.0,-3,-1.2,8,3.6,10,4.6,265998,8.1,114925,4.7,-12467,-62.7,64,5.7
"20000","5","458","55","0","2025","1","",786,7443,7247,7336,45451630,36483725,131458,476,"",0.82,0.71,0.71,0.72,0.62,0.51,0.40,0.87,"",-25,-3.1,-5,-0.1,45,0.6,44,0.6,2137287,4.9,343635,1.0,-164369,-55.6,20,4.4
"20000","5","4581","56","0","2025","1","",552,5780,5593,5700,32301111,25613268,92587,437,"",0.84,0.74,0.75,0.76,0.64,0.51,0.40,0.85,"",-11,-2.0,-38,-0.7,-5,-0.1,25,0.4,1888940,6.2,89698,0.4,-117593,-55.9,26,6.3
"20000","5","45811","57","0","2025","1","",552,5780,5593,5700,32301111,25613268,92587,437,"",0.84,0.74,0.75,0.76,0.64,0.51,0.40,0.85,"",-11,-2.0,-38,-0.7,-5,-0.1,25,0.4,1888940,6.2,89698,0.4,-117593,-55.9,26,6.3
"20000","5","458110","58","0","2025","1","",552,5780,5593,5700,32301111,25613268,92587,437,"",0.84,0.74,0.75,0.76,0.64,0.51,0.40,0.85,"",-11,-2.0,-38,-0.7,-5,-0.1,25,0.4,1888940,6.2,89698,0.4,-117593,-55.9,26,6.3
"20000","5","4582","56","0","2025","1","",100,868,863,869,5075490,4635902,26958,450,"",0.82,0.55,0.57,0.57,0.54,0.46,0.66,0.97,"",-3,-2.9,4,0.5,2,0.2,0,0.0,46538,0.9,9917,0.2,-20481,-43.2,3,0.7
"20000","5","45821","57","0","2025","1","",100,868,863,869,5075490,4635902,26958,450,"",0.82,0.55,0.57,0.57,0.54,0.46,0.66,0.97,"",-3,-2.9,4,0.5,2,0.2,0,0.0,46538,0.9,9917,0.2,-20481,-43.2,3,0.7
"20000","5","458210","58","0","2025","1","",100,868,863,869,5075490,4635902,26958,450,"",0.82,0.55,0.57,0.57,0.54,0.46,0.66,0.97,"",-3,-2.9,4,0.5,2,0.2,0,0.0,46538,0.9,9917,0.2,-20481,-43.2,3,0.7
"20000","5","4583","56","0","2025","1","",134,795,791,767,8075029,6234555,11913,792,"",0.77,0.68,0.67,0.66,0.61,0.53,0.22,0.90,"",-11,-7.6,29,3.8,48,6.5,19,2.5,201809,2.6,244020,4.1,-26295,-68.8,-13,-1.6
"20000","5","45831","57","0","2025","1","N",133,0,0,0,0,0,0,0,"N",0.81,0,0,0,0,0,0,0,"N",-11,-7.6,0,0,0,0,0,0,0,0,0,0,0,0,0,0
"20000","5","458310","58","0","2025","1","N",133,0,0,0,0,0,0,0,"N",0.81,0,0,0,0,0,0,0,"N",-11,-7.6,0,0,0,0,0,0,0,0,0,0,0,0,0,0
"20000","5","45832","57","0","2025","1","N",1,0,0,0,0,0,0,0,"N",0.10,0,0,0,0,0,0,0,"N",0,0.0,0,0,0,0,0,0,0,0,0,0,0,0,0,0
"20000","5","458320","58","0","2025","1","N",1,0,0,0,0,0,0,0,"N",0.10,0,0,0,0,0,0,0,"N",0,0.0,0,0,0,0,0,0,0,0,0,0,0,0,0,0
"20000","5","459","55","0","2025","1","",1456,13675,13729,13564,97676206,81634339,332602,550,"",0.96,1.01,1.02,1.01,0.96,0.78,0.72,0.95,"",-34,-2.3,-566,-4.0,-633,-4.4,-755,-5.3,-2963137,-2.9,-2093232,-2.5,-485340,-59.3,9,1.7
"20000","5","4591","56","0","2025","1","",409,5367,5302,5261,36624152,31696957,100872,531,"",1.12,1.21,1.23,1.21,1.32,0.98,0.88,1.08,"",-13,-3.1,-214,-3.8,-262,-4.7,-300,-5.4,-93049,-0.3,-622688,-1.9,-156606,-60.8,24,4.7
"20000","5","45911","57","0","2025","1","",212,3544,3458,3442,25796024,21850723,78046,570,"",1.07,1.31,1.32,1.30,1.42,1.06,1.04,1.09,"",-3,-1.4,-165,-4.4,-247,-6.7,-276,-7.4,-492766,-1.9,-954912,-4.2,-114218,-59.4,25,4.6
"20000","5","459110","58","0","2025","1","",212,3544,3458,3442,25796024,21850723,78046,570,"",1.07,1.31,1.32,1.30,1.42,1.06,1.04,1.09,"",-3,-1.4,-165,-4.4,-247,-6.7,-276,-7.4,-492766,-1.9,-954912,-4.2,-114218,-59.4,25,4.6
"20000","5","45912","57","0","2025","1","",110,1194,1196,1157,7547616,6756682,14388,491,"",1.06,1.05,1.09,1.06,1.22,0.88,0.54,1.15,"",0,0.0,-5,-0.4,17,1.4,-12,-1.0,520641,7.4,435835,6.9,-25070,-63.5,34,7.4
"20000","5","459120","58","0","2025","1","",110,1194,1196,1157,7547616,6756682,14388,491,"",1.06,1.05,1.09,1.06,1.22,0.88,0.54,1.15,"",0,0.0,-5,-0.4,17,1.4,-12,-1.0,520641,7.4,435835,6.9,-25070,-63.5,34,7.4
"20000","5","45913","57","0","2025","1","",52,302,321,340,1395852,1318648,3623,334,"",1.58,1.08,1.16,1.12,1.09,0.82,0.71,0.97,"",-4,-7.1,-39,-11.4,-20,-5.9,9,2.7,50406,3.7,28746,2.2,-7036,-66.0,27,8.8
"20000","5","459130","58","0","2025","1","",52,302,321,340,1395852,1318648,3623,334,"",1.58,1.08,1.16,1.12,1.09,0.82,0.71,0.97,"",-4,-7.1,-39,-11.4,-20,-5.9,9,2.7,50406,3.7,28746,2.2,-7036,-66.0,27,8.8
"20000","5","45914","57","0","2025","1","",35,327,327,322,1884660,1770904,4815,446,"",1.19,1.08,1.09,1.07,0.84,0.73,0.60,0.78,"",-6,-14.6,-5,-1.5,-12,-3.5,-21,-6.1,-171330,-8.3,-132357,-7.0,-10282,-68.1,-22,-4.7
"20000","5","459140","58","0","2025","1","",35,327,327,322,1884660,1770904,4815,446,"",1.19,1.08,1.09,1.07,0.84,0.73,0.60,0.78,"",-6,-14.6,-5,-1.5,-12,-3.5,-21,-6.1,-171330,-8.3,-132357,-7.0,-10282,-68.1,-22,-4.7
"20000","5","4592","56","0","2025","1","",50,338,334,339,1814495,1768009,3434,414,"",0.80,0.54,0.55,0.57,0.49,0.40,0.18,0.89,"",0,0.0,35,11.6,55,19.7,52,18.1,329925,22.2,307140,21.0,-4075,-54.3,20,5.1
"20000","5","45921","57","0","2025","1","",50,338,334,339,1814495,1768009,3434,414,"",0.80,0.54,0.55,0.57,0.49,0.40,0.18,0.89,"",0,0.0,35,11.6,55,19.7,52,18.1,329925,22.2,307140,21.0,-4075,-54.3,20,5.1
"20000","5","459210","58","0","2025","1","",50,338,334,339,1814495,1768009,3434,414,"",0.80,0.54,0.55,0.57,0.49,0.40,0.18,0.89,"",0,0.0,35,11.6,55,19.7,52,18.1,329925,22.2,307140,21.0,-4075,-54.3,20,5.1
"20000","5","4593","56","0","2025","1","",115,440,510,460,2115363,2085028,7417,346,"",1.19,0.88,0.93,0.90,0.72,0.56,0.46,0.80,"",-3,-2.5,-1,-0.2,-29,-5.4,-11,-2.3,-22584,-1.1,-19494,-0.9,-10642,-58.9,6,1.8
"20000","5","45931","57","0","2025","1","",115,440,510,460,2115363,2085028,7417,346,"",1.19,0.88,0.93,0.90,0.72,0.56,0.46,0.80,"",-3,-2.5,-1,-0.2,-29,-5.4,-11,-2.3,-22584,-1.1,-19494,-0.9,-10642,-58.9,6,1.8
"20000","5","459310","58","0","2025","1","",115,440,510,460,2115363,2085028,7417,346,"",1.19,0.88,0.93,0.90,0.72,0.56,0.46,0.80,"",-3,-2.5,-1,-0.2,-29,-5.4,-11,-2.3,-22584,-1.1,-19494,-0.9,-10642,-58.9,6,1.8
"20000","5","4594","56","0","2025","1","",220,1863,1855,1763,11652752,9739770,32628,491,"",1.10,1.10,1.11,1.07,0.97,0.76,0.64,0.89,"",-9,-3.9,-149,-7.4,-179,-8.8,-232,-11.6,-900519,-7.2,-682766,-6.6,-56139,-63.2,11,2.3
"20000","5","45941","57","0","2025","1","",59,550,550,548,5459006,4441504,4619,764,"",1.24,0.98,0.98,0.98,0.97,0.82,0.22,0.99,"",-5,-7.8,-12,-2.1,-17,-3.0,-18,-3.2,-91701,-1.7,-42830,-1.0,-16323,-77.9,8,1.1
"20000","5","459410","58","0","2025","1","",59,550,550,548,5459006,4441504,4619,764,"",1.24,0.98,0.98,0.98,0.97,0.82,0.22,0.99,"",-5,-7.8,-12,-2.1,-17,-3.0,-18,-3.2,-91701,-1.7,-42830,-1.0,-16323,-77.9,8,1.1
"20000","5","45942","57","0","2025","1","",161,1313,1305,1215,6193746,5298266,28009,373,"",1.05,1.16,1.18,1.12,0.97,0.72,0.94,0.84,"",-4,-2.4,-137,-9.4,-162,-11.0,-214,-15.0,-808818,-11.6,-639936,-10.8,-39816,-58.7,1,0.3
"20000","5","459420","58","0","2025","1","",161,1313,1305,1215,6193746,5298266,28009,373,"",1.05,1.16,1.18,1.12,0.97,0.72,0.94,0.84,"",-4,-2.4,-137,-9.4,-162,-11.0,-214,-15.0,-808818,-11.6,-639936,-10.8,-39816,-58.7,1,0.3
"20000","5","4595","56","0","2025","1","",157,2175,2187,2188,14279015,10968058,42229,503,"",1.02,1.13,1.13,1.12,1.21,1.20,1.08,1.07,"",0,0.0,36,1.7,19,0.9,-38,-1.7,-1149756,-7.5,605160,5.8,-57365,-57.6,-42,-7.7
"20000","5","45951","57","0","2025","1","",157,2175,2187,2188,14279015,10968058,42229,503,"",1.02,1.13,1.13,1.12,1.21,1.20,1.08,1.07,"",0,0.0,36,1.7,19,0.9,-38,-1.7,-1149756,-7.5,605160,5.8,-57365,-57.6,-42,-7.7
"20000","5","459510","58","0","2025","1","",157,2175,2187,2188,14279015,10968058,42229,503,"",1.02,1.13,1.13,1.12,1.21,1.20,1.08,1.07,"",0,0.0,36,1.7,19,0.9,-38,-1.7,-1149756,-7.5,605160,5.8,-57365,-57.6,-42,-7.7
"20000","5","4599","56","0","2025","1","",505,3492,3541,3553,31190429,25376517,146022,680,"",0.79,0.79,0.80,0.80,0.72,0.60,0.67,0.91,"",-9,-1.8,-273,-7.3,-237,-6.3,-226,-6.0,-1127154,-3.5,-1680584,-6.2,-200513,-57.9,21,3.2
"20000","5","45991","57","0","2025","1","",96,1350,1366,1367,9757395,8733570,31997,551,"",1.07,1.09,1.10,1.10,0.93,0.83,0.92,0.85,"",1,1.1,20,1.5,20,1.5,17,1.3,54931,0.6,-35221,-0.4,-46589,-59.3,-5,-0.9
"20000","5","459910","58","0","2025","1","",96,1350,1366,1367,9757395,8733570,31997,551,"",1.07,1.09,1.10,1.10,0.93,0.83,0.92,0.85,"",1,1.1,20,1.5,20,1.5,17,1.3,54931,0.6,-35221,-0.4,-46589,-59.3,-5,-0.9
"20000","5","45992","57","0","2025","1","",16,94,91,89,793650,727132,1727,668,"",0.40,0.62,0.60,0.59,0.40,0.47,0.19,0.67,"",-2,-11.1,9,10.6,7,8.3,0,0.0,35009,4.6,39419,5.7,-6058,-77.8,-11,-1.6
"20000","5","459920","58","0","2025","1","",16,94,91,89,793650,727132,1727,668,"",0.40,0.62,0.60,0.59,0.40,0.47,0.19,0.67,"",-2,-11.1,9,10.6,7,8.3,0,0.0,35009,4.6,39419,5.7,-6058,-77.8,-11,-1.6
"20000","5","45993","57","0","2025","1","",13,37,37,36,675988,386546,3794,1418,"",0.78,0.30,0.29,0.29,0.29,0.24,0.62,1.00,"",0,0.0,-6,-14.0,-4,-9.8,-4,-10.0,82230,13.8,-29611,-7.1,-2206,-36.8,313,28.3
"20000","5","459930","58","0","2025","1","",13,37,37,36,675988,386546,3794,1418,"",0.78,0.30,0.29,0.29,0.29,0.24,0.62,1.00,"",0,0.0,-6,-14.0,-4,-9.8,-4,-10.0,82230,13.8,-29611,-7.1,-2206,-36.8,313,28.3
"20000","5","45999","57","0","2025","1","",380,2011,2047,2061,19963396,15529269,108504,753,"",0.78,0.70,0.71,0.71,0.71,0.55,0.64,1.00,"",-8,-2.1,-296,-12.8,-260,-11.3,-239,-10.4,-1299324,-6.1,-1655171,-9.6,-145660,-57.3,43,6.1
"20000","5","459991","58","0","2025","1","",154,605,633,632,3709596,3545431,30557,458,"",0.68,0.45,0.47,0.47,0.41,0.30,0.43,0.88,"",1,0.7,-183,-23.2,-142,-18.3,-129,-17.0,-609279,-14.1,-595130,-14.4,-38286,-55.6,29,6.8
"20000","5","459999","58","0","2025","1","",226,1406,1414,1429,16253800,11983838,77947,883,"",0.87,0.91,0.92,0.92,0.85,0.72,0.79,0.93,"",-9,-3.8,-113,-7.4,-118,-7.7,-110,-7.1,-690045,-4.1,-1060041,-8.1,-107374,-57.9,31,3.6
"20000","5","48-49","54","0","2025","1","",2813,63794,63217,62730,933821126,676706814,3105481,1136,"",1.10,1.04,1.04,1.04,1.13,0.95,0.91,1.09,"",-60,-2.1,1030,1.6,438,0.7,814,1.3,33299776,3.7,14595388,2.2,-4836597,-60.9,27,2.4
"20000","5","481","55","0","2025","1","N",59,0,0,0,0,0,0,0,"N",0.94,0,0,0,0,0,0,0,"N",2,3.5,0,0,0,0,0,0,0,0,0,0,0,0,0,0
"20000","5","4811","56","0","2025","1","N",15,0,0,0,0,0,0,0,"N",0.65,0,0,0,0,0,0,0,"N",-1,-6.2,0,0,0,0,0,0,0,0,0,0,0,0,0,0
"20000","5","48111","57","0","2025","1","N",15,0,0,0,0,0,0,0,"N",0.65,0,0,0,0,0,0,0,"N",-1,-6.2,0,0,0,0,0,0,0,0,0,0,0,0,0,0
"20000","5","481111","58","0","2025","1","",11,172,187,179,2629147,1284369,3283,1128,"",0.64,0.04,0.04,0.04,0.02,0.02,0.01,0.55,"",0,0.0,8,4.9,10,5.6,16,9.8,628540,31.4,50268,4.1,-8406,-71.9,212,23.1
"20000","5","481112","58","0","2025","1","N",4,0,0,0,0,0,0,0,"N",0.68,0,0,0,0,0,0,0,"N",-1,-20.0,0,0,0,0,0,0,0,0,0,0,0,0,0,0
"20000","5","4812","56","0","2025","1","",44,290,290,303,7583609,3743090,50140,1982,"",1.10,0.55,0.55,0.57,0.50,0.49,1.37,0.91,"",3,7.3,61,26.6,57,24.5,73,31.7,1575515,26.2,702885,23.1,13488,36.8,-22,-1.1
"20000","5","48121","57","0","2025","1","",44,290,290,303,7583609,3743090,50140,1982,"",1.10,0.55,0.55,0.57,0.50,0.49,1.37,0.91,"",3,7.3,61,26.6,57,24.5,73,31.7,1575515,26.2,702885,23.1,13488,36.8,-22,-1.1
"20000","5","481211","58","0","2025","1","",34,75,72,76,2161937,915410,6905,2237,"",1.29,0.21,0.20,0.21,0.21,0.18,0.29,1.00,"",2,6.2,-4,-5.1,-8,-10.0,-3,-3.8,1364,0.1,-102982,-10.1,-8225,-54.4,142,6.8
"20000","5","481212","58","0","2025","1","N",3,0,0,0,0,0,0,0,"N",0.62,0,0,0,0,0,0,0,"N",0,0.0,0,0,0,0,0,0,0,0,0,0,0,0,0,0
"20000","5","481219","58","0","2025","1","N",7,0,0,0,0,0,0,0,"N",0.80,0,0,0,0,0,0,0,"N",1,16.7,0,0,0,0,0,0,0,0,0,0,0,0,0,0
"20000","5","484","55","0","2025","1","",1564,16777,16651,16644,276457399,208008914,1052963,1274,"",1.13,1.25,1.24,1.23,1.55,1.21,1.37,1.25,"",-46,-2.9,-92,-0.5,-253,-1.5,-391,-2.3,2505383,0.9,-570409,-0.3,-1249693,-54.3,30,2.4
"20000","5","4841","56","0","2025","1","",971,11853,11697,11624,199309240,149753475,677075,1308,"",1.01,1.25,1.23,1.22,1.60,1.24,1.30,1.30,"",-31,-3.1,-156,-1.3,-258,-2.2,-401,-3.3,147957,0.1,-1689188,-1.1,-896998,-57.0,31,2.4
"20000","5","48411","57","0","2025","1","",167,1040,1077,1106,14988589,12240662,113275,1073,"",0.44,0.40,0.42,0.43,0.49,0.39,0.64,1.17,"",15,9.9,-40,-3.7,-21,-1.9,16,1.5,483679,3.3,46282,0.4,-88730,-43.9,49,4.8
"20000","5","484110","58","0","2025","1","",167,1040,1077,1106,14988589,12240662,113275,1073,"",0.44,0.40,0.42,0.43,0.49,0.39,0.64,1.17,"",15,9.9,-40,-3.7,-21,-1.9,16,1.5,483679,3.3,46282,0.4,-88730,-43.9,49,4.8
"20000","5","48412","57","0","2025","1","",804,10813,10620,10518,184320651,137512813,563800,1331,"",1.37,1.56,1.54,1.52,1.97,1.54,1.63,1.28,"",-46,-5.4,-116,-1.1,-237,-2.2,-417,-3.8,-335722,-0.2,-1735470,-1.2,-808268,-58.9,29,2.2
"20000","5","484121","58","0","2025","1","",731,7572,7448,7347,120652432,94850900,428799,1245,"",1.50,1.63,1.60,1.58,2.03,1.61,2.00,1.27,"",-44,-5.7,-256,-3.3,-366,-4.7,-478,-6.1,-3160672,-2.6,-3709858,-3.8,-555975,-56.5,27,2.2
"20000","5","484122","58","0","2025","1","",73,3241,3172,3171,63668219,42661913,135001,1533,"",0.74,1.42,1.41,1.40,1.87,1.42,1.02,1.33,"",-2,-2.7,140,4.5,129,4.2,61,2.0,2824950,4.6,1974388,4.9,-252293,-65.1,16,1.1
"20000","5","4842","56","0","2025","1","",593,4924,4954,5020,77148159,58255439,375888,1195,"",1.39,1.25,1.25,1.25,1.43,1.15,1.52,1.14,"",-15,-2.5,64,1.3,5,0.1,10,0.2,2357426,3.2,1118779,2.0,-352695,-48.4,30,2.6
"20000","5","48421","57","0","2025","1","",82,875,859,909,8317758,7275176,31958,726,"",1.04,1.11,1.08,1.13,1.07,0.90,0.79,0.97,"",-1,-1.2,20,2.3,-7,-0.8,14,1.6,183573,2.3,121007,1.7,-47923,-60.0,8,1.1
"20000","5","484210","58","0","2025","1","",82,875,859,909,8317758,7275176,31958,726,"",1.04,1.11,1.08,1.13,1.07,0.90,0.79,0.97,"",-1,-1.2,20,2.3,-7,-0.8,14,1.6,183573,2.3,121007,1.7,-47923,-60.0,8,1.1
"20000","5","48422","57","0","2025","1","",354,2126,2188,2242,33406914,25706125,224236,1176,"",1.45,1.08,1.10,1.12,1.28,0.98,1.53,1.17,"",2,0.6,65,3.2,55,2.6,80,3.7,2387866,7.7,1035499,4.2,-127098,-36.2,50,4.4
"20000","5","484220","58","0","2025","1","",354,2126,2188,2242,33406914,25706125,224236,1176,"",1.45,1.08,1.10,1.12,1.28,0.98,1.53,1.17,"",2,0.6,65,3.2,55,2.6,80,3.7,2387866,7.7,1035499,4.2,-127098,-36.2,50,4.4
"20000","5","48423","57","0","2025","1","",157,1923,1907,1869,35423487,25274138,119694,1434,"",1.53,1.63,1.61,1.58,1.75,1.54,1.98,1.09,"",-16,-9.2,-21,-1.1,-43,-2.2,-84,-4.3,-214013,-0.6,-37727,-0.1,-177674,-59.7,27,1.9
"20000","5","484230","58","0","2025","1","",157,1923,1907,1869,35423487,25274138,119694,1434,"",1.53,1.63,1.61,1.58,1.75,1.54,1.98,1.09,"",-16,-9.2,-21,-1.1,-43,-2.2,-84,-4.3,-214013,-0.6,-37727,-0.1,-177674,-59.7,27,1.9
"20000","5","485","55","0","2025","1","",130,4227,4214,4237,31745402,29061608,81454,578,"",0.72,0.81,0.80,0.80,0.62,0.55,0.15,0.77,"",11,9.2,330,8.5,292,7.4,668,18.7,1973783,6.6,1389820,5.0,-136132,-62.6,-25,-4.1
"20000","5","4851","56","0","2025","1","",5,65,73,76,561158,112540,1862,605,"",0.73,0.15,0.17,0.17,0.10,0.02,0.07,0.59,"",1,25.0,7,12.1,17,30.4,18,31.0,5495,1.0,50491,81.4,945,103.1,-141,-18.9
"20000","5","48511","57","0","2025","1","",5,65,73,76,561158,112540,1862,605,"",0.73,0.15,0.17,0.17,0.10,0.02,0.07,0.59,"",1,25.0,7,12.1,17,30.4,18,31.0,5495,1.0,50491,81.4,945,103.1,-141,-18.9
"20000","5","485113","58","0","2025","1","",5,65,73,76,561158,112540,1862,605,"",0.97,0.19,0.21,0.21,0.13,0.03,0.08,0.65,"",1,25.0,7,12.1,17,30.4,18,31.0,5495,1.0,50491,81.4,945,103.1,-141,-18.9
"20000","5","4852","56","0","2025","1","",3,10,9,10,75931,75931,1030,604,"",0.75,0.07,0.06,0.07,0.05,0.05,0.12,0.71,"",0,0.0,2,25.0,-1,-10.0,0,0.0,1232,1.6,2832,3.9,-274,-21.0,-12,-1.9
"20000","5","48521","57","0","2025","1","",3,10,9,10,75931,75931,1030,604,"",0.75,0.07,0.06,0.07,0.05,0.05,0.12,0.71,"",0,0.0,2,25.0,-1,-10.0,0,0.0,1232,1.6,2832,3.9,-274,-21.0,-12,-1.9
"20000","5","485210","58","0","2025","1","",3,10,9,10,75931,75931,1030,604,"",0.75,0.07,0.06,0.07,0.05,0.05,0.12,0.71,"",0,0.0,2,25.0,-1,-10.0,0,0.0,1232,1.6,2832,3.9,-274,-21.0,-12,-1.9
"20000","5","4853","56","0","2025","1","",25,180,181,168,1715140,1195574,4331,748,"",0.41,0.13,0.13,0.11,0.09,0.08,0.05,0.74,"",-5,-16.7,26,16.9,14,8.4,17,11.3,553620,47.7,155636,15.0,-4158,-49.0,180,31.7
"20000","5","48531","57","0","2025","1","",13,93,86,68,867118,434856,2681,810,"",0.48,0.08,0.07,0.06,0.05,0.03,0.04,0.73,"",-4,-23.5,16,20.8,5,6.2,3,4.6,489748,129.8,107433,32.8,1660,162.6,419,107.2
"20000","5","485310","58","0","2025","1","",13,93,86,68,867118,434856,2681,810,"",0.48,0.08,0.07,0.06,0.05,0.03,0.04,0.73,"",-4,-23.5,16,20.8,5,6.2,3,4.6,489748,129.8,107433,32.8,1660,162.6,419,107.2
"20000","5","48532","57","0","2025","1","",12,87,95,100,848022,760718,1650,694,"",0.35,0.34,0.36,0.37,0.40,0.32,0.11,1.13,"",-1,-7.7,10,13.0,9,10.5,14,16.3,63872,8.1,48203,6.8,-5818,-77.9,-33,-4.5
"20000","5","485320","58","0","2025","1","",12,87,95,100,848022,760718,1650,694,"",0.35,0.34,0.36,0.37,0.40,0.32,0.11,1.13,"",-1,-7.7,10,13.0,9,10.5,14,16.3,63872,8.1,48203,6.8,-5818,-77.9,-33,-4.5
"20000","5","4854","56","0","2025","1","",28,3179,3133,3156,23332741,22139469,39474,569,"",0.81,1.60,1.56,1.58,1.67,1.18,0.12,1.06,"",4,16.7,152,5.0,114,3.8,469,17.5,310046,1.3,312974,1.4,-117260,-74.8,-39,-6.4
"20000","5","48541","57","0","2025","1","",28,3179,3133,3156,23332741,22139469,39474,569,"",0.81,1.60,1.56,1.58,1.67,1.18,0.12,1.06,"",4,16.7,152,5.0,114,3.8,469,17.5,310046,1.3,312974,1.4,-117260,-74.8,-39,-6.4
"20000","5","485410","58","0","2025","1","",28,3179,3133,3156,23332741,22139469,39474,569,"",0.81,1.60,1.56,1.58,1.67,1.18,0.12,1.06,"",4,16.7,152,5.0,114,3.8,469,17.5,310046,1.3,312974,1.4,-117260,-74.8,-39,-6.4
"20000","5","4855","56","0","2025","1","",9,105,114,110,1098876,1027932,4212,771,"",0.81,0.53,0.55,0.52,0.52,0.45,0.32,0.98,"",1,12.5,-12,-10.3,-5,-4.2,-17,-13.4,-27917,-2.5,-33069,-3.1,-2324,-35.6,55,7.7
"20000","5","48551","57","0","2025","1","",9,105,114,110,1098876,1027932,4212,771,"",0.81,0.53,0.55,0.52,0.52,0.45,0.32,0.98,"",1,12.5,-12,-10.3,-5,-4.2,-17,-13.4,-27917,-2.5,-33069,-3.1,-2324,-35.6,55,7.7
"20000","5","485510","58","0","2025","1","",9,105,114,110,1098876,1027932,4212,771,"",0.81,0.53,0.55,0.52,0.52,0.45,0.32,0.98,"",1,12.5,-12,-10.3,-5,-4.2,-17,-13.4,-27917,-2.5,-33069,-3.1,-2324,-35.6,55,7.7
"20000","5","4859","56","0","2025","1","",60,688,704,717,4961556,4510162,30545,543,"",0.95,0.67,0.68,0.69,0.54,0.45,0.43,0.80,"",10,20.0,155,29.1,153,27.8,181,33.8,1131307,29.5,900956,25.0,-13061,-30.0,-3,-0.5
"20000","5","48599","57","0","2025","1","",60,688,704,717,4961556,4510162,30545,543,"",0.95,0.67,0.68,0.69,0.54,0.45,0.43,0.80,"",10,20.0,155,29.1,153,27.8,181,33.8,1131307,29.5,900956,25.0,-13061,-30.0,-3,-0.5
"20000","5","485991","58","0","2025","1","",44,520,530,545,3733221,3340676,17142,540,"",1.22,0.76,0.77,0.79,0.63,0.50,0.34,0.82,"",5,12.8,79,17.9,77,17.0,89,19.5,894873,31.5,587336,21.3,-12329,-41.8,55,11.3
"20000","5","485999","58","0","2025","1","",16,168,174,172,1228335,1169486,13403,551,"",0.59,0.50,0.51,0.50,0.38,0.35,0.65,0.76,"",5,45.5,76,82.6,76,77.6,92,115.0,236434,23.8,313620,36.6,-732,-5.2,-297,-35.0
"20000","5","486","55","0","2025","1","N",95,0,0,0,0,0,0,0,"N",3.40,0,0,0,0,0,0,0,"N",-8,-7.8,0,0,0,0,0,0,0,0,0,0,0,0,0,0
"20000","5","4861","56","0","2025","1","N",7,0,0,0,0,0,0,0,"N",1.50,0,0,0,0,0,0,0,"N",1,16.7,0,0,0,0,0,0,0,0,0,0,0,0,0,0
"20000","5","48611","57","0","2025","1","N",7,0,0,0,0,0,0,0,"N",1.50,0,0,0,0,0,0,0,"N",1,16.7,0,0,0,0,0,0,0,0,0,0,0,0,0,0
"20000","5","486110","58","0","2025","1","N",7,0,0,0,0,0,0,0,"N",1.50,0,0,0,0,0,0,0,"N",1,16.7,0,0,0,0,0,0,0,0,0,0,0,0,0,0
"20000","5","4862","56","0","2025","1","",81,994,993,997,39383899,13459765,907,3046,"",4.40,2.99,2.97,3.00,2.70,2.39,0.06,0.90,"",-6,-6.9,-74,-6.9,-74,-6.9,-77,-7.2,-644792,-1.6,-1007173,-7.0,-40457,-97.8,167,5.8
"20000","5","48621","57","0","2025","1","",81,994,993,997,39383899,13459765,907,3046,"",4.40,2.99,2.97,3.00,2.70,2.39,0.06,0.90,"",-6,-6.9,-74,-6.9,-74,-6.9,-77,-7.2,-644792,-1.6,-1007173,-7.0,-40457,-97.8,167,5.8
"20000","5","486210","58","0","2025","1","",81,994,993,997,39383899,13459765,907,3046,"",4.40,2.99,2.97,3.00,2.70,2.39,0.06,0.90,"",-6,-6.9,-74,-6.9,-74,-6.9,-77,-7.2,-644792,-1.6,-1007173,-7.0,-40457,-97.8,167,5.8
"20000","5","4869","56","0","2025","1","N",7,0,0,0,0,0,0,0,"N",1.45,0,0,0,0,0,0,0,"N",-3,-30.0,0,0,0,0,0,0,0,0,0,0,0,0,0,0
"20000","5","48691","57","0","2025","1","N",7,0,0,0,0,0,0,0,"N",1.65,0,0,0,0,0,0,0,"N",-3,-30.0,0,0,0,0,0,0,0,0,0,0,0,0,0,0
"20000","5","486910","58","0","2025","1","N",7,0,0,0,0,0,0,0,"N",1.65,0,0,0,0,0,0,0,"N",-3,-30.0,0,0,0,0,0,0,0,0,0,0,0,0,0,0
"20000","5","487","55","0","2025","1","-",0,0,0,0,0,0,0,0,"N",0.00,0,0,0,0,0,0,0,"N",-2,-100.0,0,0,0,0,0,0,0,0,0,0,0,0,0,0
"20000","5","4871","56","0","2025","1","-",0,0,0,0,0,0,0,0,"N",0.00,0,0,0,0,0,0,0,"N",-1,-100.0,0,0,0,0,0,0,0,0,0,0,0,0,0,0
"20000","5","48711","57","0","2025","1","-",0,0,0,0,0,0,0,0,"N",0.00,0,0,0,0,0,0,0,"N",-1,-100.0,0,0,0,0,0,0,0,0,0,0,0,0,0,0
"20000","5","487110","58","0","2025","1","-",0,0,0,0,0,0,0,0,"N",0.00,0,0,0,0,0,0,0,"N",-1,-100.0,0,0,0,0,0,0,0,0,0,0,0,0,0,0
"20000","5","488","55","0","2025","1","",490,8271,8364,8449,169789383,102085831,660259,1562,"",1.05,1.10,1.11,1.12,1.50,1.11,1.44,1.35,"",-12,-2.4,337,4.2,318,4.0,402,5.0,16687868,10.9,6269961,6.5,-656449,-49.9,92,6.3
"20000","5","4881","56","0","2025","1","",128,2025,2039,2051,34205159,22951503,133361,1291,"",1.69,0.82,0.82,0.83,1.09,0.81,1.07,1.32,"",-1,-0.8,239,13.4,250,14.0,224,12.3,5949876,21.1,2920461,14.6,-90208,-40.3,84,7.0
"20000","5","48811","57","0","2025","1","",22,357,359,366,4376768,3214775,20041,933,"",1.12,0.30,0.30,0.31,0.42,0.28,0.33,1.39,"",1,4.8,29,8.8,34,10.5,15,4.3,560164,14.7,349636,12.2,-5629,-21.9,56,6.4
"20000","5","488111","58","0","2025","1","N",10,0,0,0,0,0,0,0,"N",4.50,0,0,0,0,0,0,0,"N",0,0.0,0,0,0,0,0,0,0,0,0,0,0,0,0,0
"20000","5","488119","58","0","2025","1","N",12,0,0,0,0,0,0,0,"N",0.69,0,0,0,0,0,0,0,"N",1,9.1,0,0,0,0,0,0,0,0,0,0,0,0,0,0
"20000","5","48819","57","0","2025","1","",106,1668,1680,1685,29828391,19736728,113320,1368,"",1.89,1.28,1.29,1.29,1.41,1.19,1.75,1.10,"",-2,-1.9,210,14.4,216,14.8,209,14.2,5389712,22.1,2570825,15.0,-84579,-42.7,86,6.7
"20000","5","488190","58","0","2025","1","",106,1668,1680,1685,29828391,19736728,113320,1368,"",1.89,1.28,1.29,1.29,1.41,1.19,1.75,1.10,"",-2,-1.9,210,14.4,216,14.8,209,14.2,5389712,22.1,2570825,15.0,-84579,-42.7,86,6.7
"20000","5","4882","56","0","2025","1","",36,932,916,940,21162505,11802477,49116,1752,"",2.23,2.60,2.52,2.57,3.97,2.48,1.71,1.55,"",-1,-2.7,101,12.2,77,9.2,100,11.9,3153597,17.5,1334980,12.8,-56942,-53.7,96,5.8
"20000","5","48821","57","0","2025","1","",36,932,916,940,21162505,11802477,49116,1752,"",2.23,2.60,2.52,2.57,3.97,2.48,1.71,1.55,"",-1,-2.7,101,12.2,77,9.2,100,11.9,3153597,17.5,1334980,12.8,-56942,-53.7,96,5.8
"20000","5","488210","58","0","2025","1","",36,932,916,940,21162505,11802477,49116,1752,"",2.23,2.60,2.52,2.57,3.97,2.48,1.71,1.55,"",-1,-2.7,101,12.2,77,9.2,100,11.9,3153597,17.5,1334980,12.8,-56942,-53.7,96,5.8
"20000","5","4884","56","0","2025","1","",120,1202,1203,1199,17880351,13682272,91762,1145,"",1.00,1.15,1.14,1.15,1.48,1.13,1.57,1.30,"",7,6.2,43,3.7,38,3.3,39,3.4,1364203,8.3,641063,4.9,-71414,-43.8,51,4.7
"20000","5","48841","57","0","2025","1","",90,686,680,677,9804777,7432845,38545,1108,"",1.04,1.02,1.00,1.00,1.29,0.97,1.15,1.28,"",5,5.9,33,5.1,12,1.8,3,0.4,791329,8.8,279854,3.9,-40854,-51.5,65,6.2
"20000","5","488410","58","0","2025","1","",90,686,680,677,9804777,7432845,38545,1108,"",1.04,1.02,1.00,1.00,1.29,0.97,1.15,1.28,"",5,5.9,33,5.1,12,1.8,3,0.4,791329,8.8,279854,3.9,-40854,-51.5,65,6.2
"20000","5","48849","57","0","2025","1","",30,516,523,522,8075574,6249427,53217,1194,"",0.89,1.37,1.37,1.42,1.81,1.42,2.15,1.31,"",2,7.1,10,2.0,26,5.2,36,7.4,572874,7.6,361209,6.1,-30560,-36.5,31,2.7
"20000","5","488490","58","0","2025","1","",30,516,523,522,8075574,6249427,53217,1194,"",0.89,1.37,1.37,1.42,1.81,1.42,2.15,1.31,"",2,7.1,10,2.0,26,5.2,36,7.4,572874,7.6,361209,6.1,-30560,-36.5,31,2.7
"20000","5","4885","56","0","2025","1","",193,4055,4146,4191,95686726,53065360,377753,1782,"",0.97,1.69,1.72,1.74,2.36,1.66,2.16,1.38,"",-19,-9.0,-52,-1.3,-54,-1.3,24,0.6,6023108,6.7,1213161,2.3,-438489,-53.7,123,7.4
"20000","5","48851","57","0","2025","1","",193,4055,4146,4191,95686726,53065360,377753,1782,"",0.97,1.69,1.72,1.74,2.36,1.66,2.16,1.38,"",-19,-9.0,-52,-1.3,-54,-1.3,24,0.6,6023108,6.7,1213161,2.3,-438489,-53.7,123,7.4
"20000","5","488510","58","0","2025","1","",193,4055,4146,4191,95686726,53065360,377753,1782,"",0.97,1.69,1.72,1.74,2.36,1.66,2.16,1.38,"",-19,-9.0,-52,-1.3,-54,-1.3,24,0.6,6023108,6.7,1213161,2.3,-438489,-53.7,123,7.4
"20000","5","4889","56","0","2025","1","",13,57,60,68,854642,584219,8267,1066,"",0.44,0.17,0.17,0.20,0.17,0.16,0.42,0.96,"",2,18.2,6,11.8,7,13.2,15,28.3,197084,30.0,160296,37.8,604,7.9,99,10.2
"20000","5","48899","57","0","2025","1","",13,57,60,68,854642,584219,8267,1066,"",0.44,0.17,0.17,0.20,0.17,0.16,0.42,0.96,"",2,18.2,6,11.8,7,13.2,15,28.3,197084,30.0,160296,37.8,604,7.9,99,10.2
"20000","5","488991","58","0","2025","1","",5,19,19,19,185135,158251,1581,750,"",0.45,0.10,0.10,0.10,0.09,0.08,0.14,0.88,"",1,25.0,9,90.0,9,90.0,10,111.1,58921,46.7,70855,81.1,406,34.6,-254,-25.3
"20000","5","488999","58","0","2025","1","",8,38,41,49,669507,425968,6686,1207,"",0.43,0.25,0.27,0.32,0.24,0.26,0.76,0.85,"",1,14.3,-3,-7.3,-2,-4.7,5,11.4,138163,26.0,89441,26.6,198,3.1,249,26.0
"20000","5","492","55","0","2025","1","",187,11332,11361,11001,133420053,96275082,259431,914,"",1.04,1.07,1.11,1.11,1.21,0.93,0.60,1.10,"",-11,-5.6,717,6.8,810,7.7,602,5.8,5017623,3.9,2300721,2.4,-880550,-77.2,-25,-2.7
"20000","5","4921","56","0","2025","1","",116,10068,10159,9824,120806073,84489083,162401,928,"",1.04,1.15,1.20,1.20,1.37,1.00,0.52,1.16,"",-7,-5.7,632,6.7,723,7.7,498,5.3,3983121,3.4,1240252,1.5,-776883,-82.7,-28,-2.9
"20000","5","49211","57","0","2025","1","",116,10068,10159,9824,120806073,84489083,162401,928,"",1.04,1.15,1.20,1.20,1.37,1.00,0.52,1.16,"",-7,-5.7,632,6.7,723,7.7,498,5.3,3983121,3.4,1240252,1.5,-776883,-82.7,-28,-2.9
"20000","5","492110","58","0","2025","1","",116,10068,10159,9824,120806073,84489083,162401,928,"",1.04,1.15,1.20,1.20,1.37,1.00,0.52,1.16,"",-7,-5.7,632,6.7,723,7.7,498,5.3,3983121,3.4,1240252,1.5,-776883,-82.7,-28,-2.9
"20000","5","4922","56","0","2025","1","",71,1264,1202,1177,12613980,11785999,97030,799,"",1.05,0.68,0.67,0.67,0.57,0.63,0.79,0.84,"",-4,-5.3,85,7.2,87,7.8,104,9.7,1034502,8.9,1060469,9.9,-103667,-51.7,5,0.6
"20000","5","49221","57","0","2025","1","",71,1264,1202,1177,12613980,11785999,97030,799,"",1.05,0.68,0.67,0.67,0.57,0.63,0.79,0.84,"",-4,-5.3,85,7.2,87,7.8,104,9.7,1034502,8.9,1060469,9.9,-103667,-51.7,5,0.6
"20000","5","492210","58","0","2025","1","",71,1264,1202,1177,12613980,11785999,97030,799,"",1.05,0.68,0.67,0.67,0.57,0.63,0.79,0.84,"",-4,-5.3,85,7.2,87,7.8,104,9.7,1034502,8.9,1060469,9.9,-103667,-51.7,5,0.6
"20000","5","493","55","0","2025","1","",288,21564,20988,20750,266029534,220429057,983511,970,"",1.54,1.21,1.20,1.21,1.39,1.16,1.12,1.15,"",8,2.9,-267,-1.2,-730,-3.4,-487,-2.3,5313860,2.0,5283843,2.5,-1882493,-65.7,41,4.4
"20000","5","4931","56","0","2025","1","",288,21564,20988,20750,266029534,220429057,983511,970,"",1.54,1.21,1.20,1.21,1.39,1.16,1.12,1.15,"",8,2.9,-267,-1.2,-730,-3.4,-487,-2.3,5313860,2.0,5283843,2.5,-1882493,-65.7,41,4.4
"20000","5","49311","57","0","2025","1","",158,18908,18327,18136,226996031,191844349,801475,946,"",1.11,1.14,1.13,1.14,1.31,1.10,1.01,1.15,"",1,0.6,-239,-1.2,-715,-3.8,-403,-2.2,3294988,1.5,3952484,2.1,-1737767,-68.4,36,4.0
"20000","5","493110","58","0","2025","1","",158,18908,18327,18136,226996031,191844349,801475,946,"",1.11,1.14,1.13,1.14,1.31,1.10,1.01,1.15,"",1,0.6,-239,-1.2,-715,-3.8,-403,-2.2,3294988,1.5,3952484,2.1,-1737767,-68.4,36,4.0
"20000","5","49312","57","0","2025","1","",16,1337,1337,1305,21515054,15154173,158519,1248,"",1.11,1.99,1.98,1.93,2.31,1.68,3.21,1.18,"",-3,-15.8,-100,-7.0,-136,-9.2,-154,-10.6,-493699,-2.2,-241545,-1.6,-90743,-36.4,86,7.4
"20000","5","493120","58","0","2025","1","",16,1337,1337,1305,21515054,15154173,158519,1248,"",1.11,1.99,1.98,1.93,2.31,1.68,3.21,1.18,"",-3,-15.8,-100,-7.0,-136,-9.2,-154,-10.6,-493699,-2.2,-241545,-1.6,-90743,-36.4,86,7.4
"20000","5","49313","57","0","2025","1","",91,758,736,753,9844617,7630733,2614,1011,"",12.51,8.30,8.14,8.23,8.94,6.70,0.60,1.09,"",11,13.8,88,13.1,75,11.3,70,10.2,1497256,17.9,932833,13.9,-25454,-90.7,55,5.8
"20000","5","493130","58","0","2025","1","",91,758,736,753,9844617,7630733,2614,1011,"",12.51,8.30,8.14,8.23,8.94,6.70,0.60,1.09,"",11,13.8,88,13.1,75,11.3,70,10.2,1497256,17.9,932833,13.9,-25454,-90.7,55,5.8
"20000","5","49319","57","0","2025","1","",23,561,588,556,7673832,5799802,20903,1039,"",1.04,1.13,1.18,1.11,1.07,0.96,0.67,0.94,"",-1,-4.2,-16,-2.8,46,8.5,0,0.0,1015315,15.2,640071,12.4,-28529,-57.7,122,13.3
"20000","5","493190","58","0","2025","1","",23,561,588,556,7673832,5799802,20903,1039,"",1.04,1.13,1.18,1.11,1.07,0.96,0.67,0.94,"",-1,-4.2,-16,-2.8,46,8.5,0,0.0,1015315,15.2,640071,12.4,-28529,-57.7,122,13.3
"20000","5","51","54","0","2025","1","",2620,17219,17173,17116,444059857,196880904,1390543,1990,"",1.11,0.66,0.65,0.65,0.42,0.43,0.53,0.64,"",-19,-0.7,-562,-3.2,-543,-3.1,-665,-3.7,13256419,3.1,-7383410,-3.6,-1244065,-47.2,124,6.6
"20000","5","512","55","0","2025","1","",154,1439,1392,1383,8508894,5309961,18628,466,"",0.48,0.47,0.41,0.43,0.15,0.17,0.06,0.34,"",-15,-8.9,31,2.2,48,3.6,24,1.8,-255731,-2.9,58334,1.1,-19436,-51.1,-26,-5.3
"20000","5","5121","56","0","2025","1","",144,1382,1331,1322,7638903,4555198,14939,437,"",0.52,0.48,0.42,0.44,0.15,0.16,0.05,0.33,"",-15,-9.4,32,2.4,44,3.4,20,1.5,-224449,-2.9,31166,0.7,-12240,-45.0,-24,-5.2
"20000","5","51211","57","0","2025","1","",68,147,143,158,1908159,1298792,8905,983,"",0.35,0.09,0.07,0.09,0.05,0.06,0.04,0.54,"",-6,-8.1,-9,-5.8,-12,-7.7,-2,-1.2,-184495,-8.8,-69689,-5.1,-6627,-42.7,-42,-4.1
"20000","5","512110","58","0","2025","1","",68,147,143,158,1908159,1298792,8905,983,"",0.35,0.09,0.07,0.09,0.05,0.06,0.04,0.54,"",-6,-8.1,-9,-5.8,-12,-7.7,-2,-1.2,-184495,-8.8,-69689,-5.1,-6627,-42.7,-42,-4.1
"20000","5","51212","57","0","2025","1","N",3,0,0,0,0,0,0,0,"N",0.47,0,0,0,0,0,0,0,"N",-2,-40.0,0,0,0,0,0,0,0,0,0,0,0,0,0,0
"20000","5","512120","58","0","2025","1","N",3,0,0,0,0,0,0,0,"N",0.47,0,0,0,0,0,0,0,"N",-2,-40.0,0,0,0,0,0,0,0,0,0,0,0,0,0,0
"20000","5","51213","57","0","2025","1","",56,1206,1162,1123,5145404,2898918,2404,340,"",1.67,1.10,1.10,1.08,1.05,0.53,0.14,0.96,"",-4,-6.7,58,5.1,60,5.4,34,3.1,42927,0.8,151133,5.5,-3732,-60.8,-13,-3.7
"20000","5","512131","58","0","2025","1","N",53,0,0,0,0,0,0,0,"N",1.66,0,0,0,0,0,0,0,"N",-3,-5.4,0,0,0,0,0,0,0,0,0,0,0,0,0,0
"20000","5","512132","58","0","2025","1","N",3,0,0,0,0,0,0,0,"N",1.86,0,0,0,0,0,0,0,"N",-1,-25.0,0,0,0,0,0,0,0,0,0,0,0,0,0,0
"20000","5","51219","57","0","2025","1","N",17,0,0,0,0,0,0,0,"N",0.44,0,0,0,0,0,0,0,"N",-3,-15.0,0,0,0,0,0,0,0,0,0,0,0,0,0,0
"20000","5","512191","58","0","2025","1","N",13,0,0,0,0,0,0,0,"N",0.40,0,0,0,0,0,0,0,"N",-3,-18.8,0,0,0,0,0,0,0,0,0,0,0,0,0,0
"20000","5","512199","58","0","2025","1","N",4,0,0,0,0,0,0,0,"N",0.61,0,0,0,0,0,0,0,"N",0,0.0,0,0,0,0,0,0,0,0,0,0,0,0,0,0
"20000","5","5122","56","0","2025","1","",10,57,61,61,869991,754763,3689,1122,"",0.23,0.31,0.33,0.32,0.18,0.37,0.26,0.55,"",0,0.0,-1,-1.7,4,7.0,4,7.0,-31282,-3.5,27168,3.7,-7196,-66.1,-87,-7.2
"20000","5","51223","57","0","2025","1","N",2,0,0,0,0,0,0,0,"N",0.21,0,0,0,0,0,0,0,"N",-1,-33.3,0,0,0,0,0,0,0,0,0,0,0,0,0,0
"20000","5","512230","58","0","2025","1","N",2,0,0,0,0,0,0,0,"N",0.21,0,0,0,0,0,0,0,"N",-1,-33.3,0,0,0,0,0,0,0,0,0,0,0,0,0,0
"20000","5","51224","57","0","2025","1","",5,6,10,10,114330,107770,1951,1015,"",0.32,0.15,0.24,0.23,0.19,0.25,0.76,0.92,"",1,25.0,-6,-50.0,-2,-16.7,1,11.1,-16604,-12.7,-4085,-3.7,-1954,-50.0,99,10.8
"20000","5","512240","58","0","2025","1","",5,6,10,10,114330,107770,1951,1015,"",0.32,0.15,0.24,0.23,0.19,0.25,0.76,0.92,"",1,25.0,-6,-50.0,-2,-16.7,1,11.1,-16604,-12.7,-4085,-3.7,-1954,-50.0,99,10.8
"20000","5","51225","57","0","2025","1","N",1,0,0,0,0,0,0,0,"N",0.09,0,0,0,0,0,0,0,"N",-1,-50.0,0,0,0,0,0,0,0,0,0,0,0,0,0,0
"20000","5","512250","58","0","2025","1","N",1,0,0,0,0,0,0,0,"N",0.09,0,0,0,0,0,0,0,"N",-1,-50.0,0,0,0,0,0,0,0,0,0,0,0,0,0,0
"20000","5","51229","57","0","2025","1","N",2,0,0,0,0,0,0,0,"N",0.30,0,0,0,0,0,0,0,"N",1,100.0,0,0,0,0,0,0,0,0,0,0,0,0,0,0
"20000","5","512290","58","0","2025","1","N",2,0,0,0,0,0,0,0,"N",0.30,0,0,0,0,0,0,0,"N",1,100.0,0,0,0,0,0,0,0,0,0,0,0,0,0,0
"20000","5","513","55","0","2025","1","",1197,4818,4861,4942,129725605,58792204,591371,2048,"",1.17,0.58,0.58,0.59,0.39,0.33,0.64,0.66,"",42,3.6,-88,-1.8,-54,-1.1,-35,-0.7,7394706,6.0,-241829,-0.4,-344589,-36.8,140,7.3
"20000","5","5131","56","0","2025","1","",264,1822,1872,1963,29556728,18036704,213914,1206,"",1.18,0.78,0.80,0.84,0.50,0.54,1.02,0.62,"",-23,-8.0,-79,-4.2,-71,-3.7,-57,-2.8,888769,3.1,-402913,-2.2,4194,2.0,78,6.9
"20000","5","51311","57","0","2025","1","",120,809,829,822,8873644,6131967,34571,832,"",2.09,1.03,1.06,1.05,0.59,0.63,0.64,0.57,"",-9,-7.0,-5,-0.6,12,1.5,10,1.2,493434,5.9,278819,4.8,-23300,-40.3,40,5.1
"20000","5","513110","58","0","2025","1","",120,809,829,822,8873644,6131967,34571,832,"",2.09,1.03,1.06,1.05,0.59,0.63,0.64,0.57,"",-9,-7.0,-5,-0.6,12,1.5,10,1.2,493434,5.9,278819,4.8,-23300,-40.3,40,5.1
"20000","5","51312","57","0","2025","1","",65,411,419,418,8725820,4749448,24615,1614,"",1.03,0.72,0.73,0.73,0.54,0.59,0.46,0.74,"",5,8.3,18,4.6,25,6.3,24,6.1,1282458,17.2,405786,9.3,-27643,-52.9,160,11.0
"20000","5","513120","58","0","2025","1","",65,411,419,418,8725820,4749448,24615,1614,"",1.03,0.72,0.73,0.73,0.54,0.59,0.46,0.74,"",5,8.3,18,4.6,25,6.3,24,6.1,1282458,17.2,405786,9.3,-27643,-52.9,160,11.0
"20000","5","51313","57","0","2025","1","",37,383,411,504,6847457,4727743,137755,1217,"",0.84,0.78,0.83,1.02,0.58,0.61,3.31,0.66,"",-4,-9.8,-81,-17.5,-88,-17.6,-72,-12.5,-907257,-11.7,-993134,-17.4,76063,123.3,54,4.6
"20000","5","513130","58","0","2025","1","",37,383,411,504,6847457,4727743,137755,1217,"",0.84,0.78,0.83,1.02,0.58,0.61,3.31,0.66,"",-4,-9.8,-81,-17.5,-88,-17.6,-72,-12.5,-907257,-11.7,-993134,-17.4,76063,123.3,54,4.6
"20000","5","51314","57","0","2025","1","",7,124,119,120,2846827,1441866,8179,1810,"",0.65,0.93,0.90,0.92,0.71,0.56,0.43,0.78,"",-5,-41.7,-8,-6.1,-13,-9.8,-11,-8.4,-334302,-10.5,-85275,-5.6,-11003,-57.4,-48,-2.6
"20000","5","513140","58","0","2025","1","",7,124,119,120,2846827,1441866,8179,1810,"",0.65,0.93,0.90,0.92,0.71,0.56,0.43,0.78,"",-5,-41.7,-8,-6.1,-13,-9.8,-11,-8.4,-334302,-10.5,-85275,-5.6,-11003,-57.4,-48,-2.6
"20000","5","51319","57","0","2025","1","",35,95,94,99,2262980,985680,8794,1813,"",0.72,0.26,0.26,0.27,0.19,0.18,0.20,0.71,"",-10,-22.2,-3,-3.1,-7,-6.9,-8,-7.5,354436,18.6,-9109,-0.9,-9923,-53.0,374,26.0
"20000","5","513199","58","0","2025","1","",35,95,94,99,2262980,985680,8794,1813,"",0.73,0.28,0.28,0.29,0.19,0.19,0.21,0.68,"",-10,-22.2,-3,-3.1,-7,-6.9,-8,-7.5,354436,18.6,-9109,-0.9,-9923,-53.0,374,26.0
"20000","5","5132","56","0","2025","1","",933,2996,2989,2979,100168877,40755500,377457,2579,"",1.17,0.50,0.50,0.50,0.36,0.29,0.53,0.73,"",65,7.5,-9,-0.3,17,0.6,22,0.7,6505937,6.9,161084,0.4,-348783,-48.0,160,6.6
"20000","5","51321","57","0","2025","1","",933,2996,2989,2979,100168877,40755500,377457,2579,"",1.17,0.50,0.50,0.50,0.36,0.29,0.53,0.73,"",65,7.5,-9,-0.3,17,0.6,22,0.7,6505937,6.9,161084,0.4,-348783,-48.0,160,6.6
"20000","5","513210","58","0","2025","1","",933,2996,2989,2979,100168877,40755500,377457,2579,"",1.17,0.50,0.50,0.50,0.36,0.29,0.53,0.73,"",65,7.5,-9,-0.3,17,0.6,22,0.7,6505937,6.9,161084,0.4,-348783,-48.0,160,6.6
"20000","5","516","55","0","2025","1","",182,1668,1670,1661,29509185,17032306,35448,1362,"",1.09,0.53,0.53,0.53,0.15,0.33,0.12,0.28,"",-17,-8.5,-130,-7.2,-154,-8.4,-177,-9.6,-2486905,-7.8,-1780966,-9.5,-139479,-79.7,10,0.7
"20000","5","5161","56","0","2025","1","",70,1249,1248,1245,17931989,11748510,13273,1106,"",1.45,1.19,1.19,1.19,0.86,0.96,0.22,0.72,"",-5,-6.7,-47,-3.6,-70,-5.3,-73,-5.5,-315539,-1.7,-499044,-4.1,-52014,-79.7,35,3.3
"20000","5","51611","57","0","2025","1","",56,799,803,800,10599415,6924373,10951,1018,"",1.64,1.73,1.74,1.75,1.47,1.39,0.48,0.85,"",-2,-3.4,-28,-3.4,-34,-4.1,-39,-4.6,-47000,-0.4,-301481,-4.2,-22423,-67.2,36,3.7
"20000","5","516110","58","0","2025","1","",56,799,803,800,10599415,6924373,10951,1018,"",1.64,1.73,1.74,1.75,1.47,1.39,0.48,0.85,"",-2,-3.4,-28,-3.4,-34,-4.1,-39,-4.6,-47000,-0.4,-301481,-4.2,-22423,-67.2,36,3.7
"20000","5","51612","57","0","2025","1","",14,450,445,445,7332574,4824137,2322,1263,"",0.99,0.76,0.75,0.75,0.53,0.66,0.06,0.71,"",-3,-17.6,-19,-4.1,-36,-7.5,-34,-7.1,-268539,-3.5,-197563,-3.9,-29591,-92.7,35,2.9
"20000","5","516120","58","0","2025","1","",14,450,445,445,7332574,4824137,2322,1263,"",0.99,0.76,0.75,0.75,0.53,0.66,0.06,0.71,"",-3,-17.6,-19,-4.1,-36,-7.5,-34,-7.1,-268539,-3.5,-197563,-3.9,-29591,-92.7,35,2.9
"20000","5","5162","56","0","2025","1","",112,419,422,416,11577196,5283796,22175,2125,"",0.94,0.20,0.20,0.20,0.06,0.14,0.09,0.32,"",-12,-9.7,-83,-16.5,-84,-16.6,-104,-20.0,-2171366,-15.8,-1281922,-19.5,-87465,-79.8,49,2.4
"20000","5","51621","57","0","2025","1","",112,419,422,416,11577196,5283796,22175,2125,"",0.94,0.20,0.20,0.20,0.06,0.14,0.09,0.32,"",-12,-9.7,-83,-16.5,-84,-16.6,-104,-20.0,-2171366,-15.8,-1281922,-19.5,-87465,-79.8,49,2.4
"20000","5","516210","58","0","2025","1","",112,419,422,416,11577196,5283796,22175,2125,"",0.94,0.20,0.20,0.20,0.06,0.14,0.09,0.32,"",-12,-9.7,-83,-16.5,-84,-16.6,-104,-20.0,-2171366,-15.8,-1281922,-19.5,-87465,-79.8,49,2.4
"20000","5","517","55","0","2025","1","",451,6546,6555,6438,179721316,80627926,431161,2123,"",1.60,1.19,1.19,1.17,1.11,0.90,0.94,0.94,"",-18,-3.8,-186,-2.8,-153,-2.3,-225,-3.4,6468164,3.7,-2503971,-3.0,-402567,-48.3,134,6.7
"20000","5","5171","56","0","2025","1","",392,6279,6287,6169,171915181,77053503,395630,2118,"",1.69,1.25,1.25,1.23,1.20,0.94,0.95,0.96,"",-15,-3.7,-198,-3.1,-163,-2.5,-238,-3.7,6296268,3.8,-2548486,-3.2,-382450,-49.2,141,7.1
"20000","5","51711","57","0","2025","1","",354,6039,6050,5929,163211493,73732448,375057,2090,"",1.81,1.29,1.29,1.27,1.20,0.95,0.96,0.94,"",-16,-4.3,-199,-3.2,-162,-2.6,-241,-3.9,5458647,3.5,-2578590,-3.4,-359288,-48.9,135,6.9
"20000","5","517111","58","0","2025","1","",257,4303,4314,4235,114546612,57288850,309575,2057,"",1.78,1.08,1.09,1.06,1.01,0.90,0.98,0.94,"",-20,-7.2,-207,-4.6,-179,-4.0,-229,-5.1,-1268700,-1.1,-2818616,-4.7,-297213,-49.0,72,3.6
"20000","5","517112","58","0","2025","1","",97,1736,1736,1694,48664881,16443598,65482,2174,"",1.87,2.46,2.45,2.40,2.17,1.18,0.88,0.89,"",4,4.3,8,0.5,17,1.0,-12,-0.7,6727347,16.0,240026,1.5,-62075,-48.7,296,15.8
"20000","5","51712","57","0","2025","1","",38,240,237,240,8703688,3321055,20573,2801,"",1.07,0.73,0.72,0.73,1.12,0.66,0.73,1.54,"",1,2.7,1,0.4,-1,-0.4,3,1.3,837621,10.6,30104,0.9,-23162,-53.0,259,10.2
"20000","5","517121","58","0","2025","1","",38,240,237,240,8703688,3321055,20573,2801,"",1.07,0.73,0.72,0.73,1.12,0.66,0.73,1.54,"",1,2.7,1,0.4,-1,-0.4,3,1.3,837621,10.6,30104,0.9,-23162,-53.0,259,10.2
"20000","5","5174","56","0","2025","1","",4,4,4,4,266043,49985,630,5116,"",0.48,0.05,0.05,0.05,0.10,0.04,0.07,2.18,"N",-1,-20.0,0,0,0,0,0,0,0,0,0,0,0,0,0,0
"20000","5","51741","57","0","2025","1","",4,4,4,4,266043,49985,630,5116,"",0.48,0.05,0.05,0.05,0.10,0.04,0.07,2.18,"N",-1,-20.0,0,0,0,0,0,0,0,0,0,0,0,0,0,0
"20000","5","517410","58","0","2025","1","",4,4,4,4,266043,49985,630,5116,"",0.48,0.05,0.05,0.05,0.10,0.04,0.07,2.18,"N",-1,-20.0,0,0,0,0,0,0,0,0,0,0,0,0,0,0
"20000","5","5178","56","0","2025","1","",55,263,264,265,7540092,3524438,34901,2197,"",1.30,0.64,0.65,0.65,0.48,0.56,1.04,0.74,"N",-2,-3.5,0,0,0,0,0,0,0,0,0,0,0,0,0,0
"20000","5","51781","57","0","2025","1","",55,263,264,265,7540092,3524438,34901,2197,"",1.30,0.64,0.65,0.65,0.48,0.56,1.04,0.74,"N",-2,-3.5,0,0,0,0,0,0,0,0,0,0,0,0,0,0
"20000","5","517810","58","0","2025","1","",55,263,264,265,7540092,3524438,34901,2197,"",1.30,0.64,0.65,0.65,0.48,0.56,1.04,0.74,"N",-2,-3.5,0,0,0,0,0,0,0,0,0,0,0,0,0,0
"20000","5","518","55","0","2025","1","",573,2507,2457,2440,91851546,32791287,292969,2863,"",1.29,0.56,0.55,0.55,0.48,0.42,0.64,0.87,"",-31,-5.1,-218,-8.0,-224,-8.4,-268,-9.9,1097319,1.2,-3282188,-9.1,-333578,-53.2,282,10.9
"20000","5","5182","56","0","2025","1","",573,2507,2457,2440,91851546,32791287,292969,2863,"",1.29,0.56,0.55,0.55,0.48,0.42,0.64,0.87,"",-31,-5.1,-218,-8.0,-224,-8.4,-268,-9.9,1097319,1.2,-3282188,-9.1,-333578,-53.2,282,10.9
"20000","5","51821","57","0","2025","1","",573,2507,2457,2440,91851546,32791287,292969,2863,"",1.29,0.56,0.55,0.55,0.48,0.42,0.64,0.87,"",-31,-5.1,-218,-8.0,-224,-8.4,-268,-9.9,1097319,1.2,-3282188,-9.1,-333578,-53.2,282,10.9
"20000","5","518210","58","0","2025","1","",573,2507,2457,2440,91851546,32791287,292969,2863,"",1.29,0.56,0.55,0.55,0.48,0.42,0.64,0.87,"",-31,-5.1,-218,-8.0,-224,-8.4,-268,-9.9,1097319,1.2,-3282188,-9.1,-333578,-53.2,282,10.9
"20000","5","519","55","0","2025","1","",63,241,238,252,4743311,2327220,20966,1497,"",0.47,0.15,0.14,0.15,0.04,0.08,0.13,0.26,"",20,46.5,29,13.7,-6,-2.5,16,6.8,1038866,28.0,367210,18.7,-4416,-17.4,262,21.2
"20000","5","5192","56","0","2025","1","",63,241,238,252,4743311,2327220,20966,1497,"",0.47,0.15,0.14,0.15,0.04,0.08,0.13,0.26,"",20,46.5,29,13.7,-6,-2.5,16,6.8,1038866,28.0,367210,18.7,-4416,-17.4,262,21.2
"20000","5","51921","57","0","2025","1","",7,28,29,42,436314,355935,1247,1017,"",0.36,0.11,0.11,0.16,0.17,0.29,0.18,1.31,"",1,16.7,-11,-28.2,-10,-25.6,17,68.0,18613,4.5,44817,14.4,-833,-40.0,81,8.7
"20000","5","519210","58","0","2025","1","",7,28,29,42,436314,355935,1247,1017,"",0.36,0.11,0.11,0.16,0.17,0.29,0.18,1.31,"",1,16.7,-11,-28.2,-10,-25.6,17,68.0,18613,4.5,44817,14.4,-833,-40.0,81,8.7
"20000","5","51929","57","0","2025","1","",56,213,209,210,4306997,1971285,19719,1573,"",0.49,0.15,0.15,0.15,0.04,0.07,0.13,0.24,"",19,51.4,40,23.1,4,2.0,-1,-0.5,1020253,31.0,322393,19.6,-3583,-15.4,285,22.1
"20000","5","519290","58","0","2025","1","",56,213,209,210,4306997,1971285,19719,1573,"",0.49,0.15,0.15,0.15,0.04,0.07,0.13,0.24,"",19,51.4,40,23.1,4,2.0,-1,-0.5,1020253,31.0,322393,19.6,-3583,-15.4,285,22.1
"20000","5","52","54","0","2025","1","",6250,58006,57871,57700,1776329373,720185125,2369242,2362,"",1.33,1.00,1.00,1.00,0.74,0.82,0.60,0.75,"",-28,-0.4,522,0.9,491,0.9,537,0.9,139953022,8.6,18041634,2.6,-4041989,-63.0,167,7.6
"20000","5","521","55","0","2025","1","",8,37,38,40,1220463,554696,5348,2449,"",1.81,0.20,0.20,0.21,0.22,0.20,0.59,1.10,"N",3,60.0,0,0,0,0,0,0,0,0,0,0,0,0,0,0
"20000","5","5211","56","0","2025","1","",8,37,38,40,1220463,554696,5348,2449,"",1.81,0.20,0.20,0.21,0.22,0.20,0.59,1.10,"N",3,60.0,0,0,0,0,0,0,0,0,0,0,0,0,0,0
"20000","5","52111","57","0","2025","1","",8,37,38,40,1220463,554696,5348,2449,"",1.81,0.20,0.20,0.21,0.22,0.20,0.59,1.10,"N",3,60.0,0,0,0,0,0,0,0,0,0,0,0,0,0,0
"20000","5","521110","58","0","2025","1","",8,37,38,40,1220463,554696,5348,2449,"",1.81,0.20,0.20,0.21,0.22,0.20,0.59,1.10,"N",3,60.0,0,0,0,0,0,0,0,0,0,0,0,0,0,0
"20000","5","522","55","0","2025","1","",2142,25446,25370,25253,650286585,303004464,619291,1973,"",1.39,1.08,1.08,1.07,0.87,0.90,0.40,0.81,"",-18,-0.8,-110,-0.4,-73,-0.3,-141,-0.6,44860415,7.4,4902075,1.6,-1623340,-72.4,144,7.9
"20000","5","5221","56","0","2025","1","",1449,20410,20295,20253,460911201,239281763,264456,1745,"",1.68,1.25,1.24,1.24,0.90,1.03,0.29,0.72,"",16,1.1,162,0.8,115,0.6,38,0.2,51994056,12.7,8290248,3.6,-1124753,-81.0,189,12.1
"20000","5","52211","57","0","2025","1","",1137,16080,15972,15966,363873930,189272589,142780,1749,"",1.78,1.28,1.27,1.26,0.82,1.05,0.20,0.64,"",21,1.9,143,0.9,110,0.7,115,0.7,32429547,9.8,5439841,3.0,-853517,-85.7,144,9.0
"20000","5","522110","58","0","2025","1","",1137,16080,15972,15966,363873930,189272589,142780,1749,"",1.78,1.28,1.27,1.26,0.82,1.05,0.20,0.64,"",21,1.9,143,0.9,110,0.7,115,0.7,32429547,9.8,5439841,3.0,-853517,-85.7,144,9.0
"20000","5","52213","57","0","2025","1","",188,2916,2907,2868,69403787,34569594,76636,1843,"",1.14,1.02,1.01,1.00,1.44,0.89,0.59,1.43,"",-2,-1.1,-25,-0.9,-30,-1.0,-83,-2.8,14768928,27.0,1609108,4.9,-202331,-72.5,415,29.1
"20000","5","522130","58","0","2025","1","",188,2916,2907,2868,69403787,34569594,76636,1843,"",1.14,1.02,1.01,1.00,1.44,0.89,0.59,1.43,"",-2,-1.1,-25,-0.9,-30,-1.0,-83,-2.8,14768928,27.0,1609108,4.9,-202331,-72.5,415,29.1
"20000","5","52218","57","0","2025","1","",124,1414,1416,1419,27633484,15439580,45040,1501,"",2.13,1.65,1.66,1.66,1.33,1.16,0.75,0.81,"",-3,-2.4,44,3.2,35,2.5,6,0.4,4795581,21.0,1241299,8.7,-68905,-60.5,235,18.6
"20000","5","522180","58","0","2025","1","",124,1414,1416,1419,27633484,15439580,45040,1501,"",2.13,1.65,1.66,1.66,1.33,1.16,0.75,0.81,"",-3,-2.4,44,3.2,35,2.5,6,0.4,4795581,21.0,1241299,8.7,-68905,-60.5,235,18.6
"20000","5","5222","56","0","2025","1","",474,3146,3162,3117,102008860,39222181,248264,2498,"",1.16,0.68,0.68,0.67,0.71,0.59,0.64,1.04,"",-19,-3.9,-229,-6.8,-178,-5.3,-151,-4.6,-6888790,-6.3,-3086760,-7.3,-256081,-50.8,-19,-0.8
"20000","5","52221","57","0","2025","1","",8,42,40,40,1699526,443608,1962,3215,"",1.00,0.07,0.07,0.07,0.07,0.05,0.07,1.03,"",-1,-11.1,13,44.8,11,37.9,12,42.9,717913,73.1,174505,64.8,-1976,-50.2,581,22.1
"20000","5","522210","58","0","2025","1","",8,42,40,40,1699526,443608,1962,3215,"",1.00,0.07,0.07,0.07,0.07,0.05,0.07,1.03,"",-1,-11.1,13,44.8,11,37.9,12,42.9,717913,73.1,174505,64.8,-1976,-50.2,581,22.1
"20000","5","52222","57","0","2025","1","",76,512,506,503,20812070,6948765,20884,3158,"",1.49,0.67,0.66,0.66,0.85,0.62,0.33,1.29,"",0,0.0,-127,-19.9,-128,-20.2,-130,-20.5,-2279391,-9.9,-1594637,-18.7,-33331,-61.5,362,12.9
"20000","5","522220","58","0","2025","1","",76,512,506,503,20812070,6948765,20884,3158,"",1.49,0.67,0.66,0.66,0.85,0.62,0.33,1.29,"",0,0.0,-127,-19.9,-128,-20.2,-130,-20.5,-2279391,-9.9,-1594637,-18.7,-33331,-61.5,362,12.9
"20000","5","52229","57","0","2025","1","",390,2592,2616,2574,79497264,31829808,225418,2357,"",1.11,0.79,0.80,0.79,0.83,0.68,0.76,1.04,"",-18,-4.4,-115,-4.2,-61,-2.3,-33,-1.3,-5327312,-6.3,-1666628,-5.0,-220774,-49.5,-93,-3.8
"20000","5","522291","58","0","2025","1","",113,478,479,478,11003161,4923319,42705,1769,"",0.91,0.59,0.59,0.59,0.47,0.44,0.72,0.80,"",8,7.6,19,4.1,50,11.7,50,11.7,743802,7.2,177092,3.7,-13579,-24.1,-30,-1.7
"20000","5","522292","58","0","2025","1","",183,1304,1333,1298,35498641,16937919,162789,2082,"",1.27,0.79,0.80,0.78,0.77,0.70,0.85,0.98,"",-18,-9.0,-97,-6.9,-57,-4.1,-38,-2.8,-4528139,-11.3,-1324513,-7.3,-145422,-47.2,-156,-7.0
"20000","5","522299","58","0","2025","1","",94,810,804,798,32995462,9968570,19924,3157,"",1.15,1.02,1.01,1.01,1.23,0.89,0.45,1.22,"",-8,-7.8,-37,-4.4,-54,-6.3,-45,-5.3,-1542975,-4.5,-519207,-5.0,-61773,-75.6,29,0.9
"20000","5","5223","56","0","2025","1","",219,1890,1913,1883,87366524,24500520,106571,3546,"",0.80,0.74,0.74,0.73,0.96,0.67,0.45,1.31,"",-15,-6.4,-43,-2.2,-10,-0.5,-28,-1.5,-244851,-0.3,-301413,-1.2,-242506,-69.5,40,1.1
"20000","5","52231","57","0","2025","1","",80,241,226,207,6358671,2849864,30176,2177,"",0.59,0.32,0.30,0.28,0.34,0.26,0.33,1.14,"",-7,-8.0,3,1.3,-9,-3.8,-19,-8.4,1560918,32.5,-24380,-0.8,-32182,-51.6,593,37.4
"20000","5","522310","58","0","2025","1","",80,241,226,207,6358671,2849864,30176,2177,"",0.59,0.32,0.30,0.28,0.34,0.26,0.33,1.14,"",-7,-8.0,3,1.3,-9,-3.8,-19,-8.4,1560918,32.5,-24380,-0.8,-32182,-51.6,593,37.4
"20000","5","52232","57","0","2025","1","",72,1395,1435,1422,76920956,19080135,65091,4175,"",0.93,1.19,1.22,1.21,1.56,1.08,0.67,1.29,"",-3,-4.0,-14,-1.0,29,2.1,19,1.4,-1149356,-1.5,21520,0.1,-180033,-73.4,-96,-2.2
"20000","5","522320","58","0","2025","1","",72,1395,1435,1422,76920956,19080135,65091,4175,"",0.93,1.19,1.22,1.21,1.56,1.08,0.67,1.29,"",-3,-4.0,-14,-1.0,29,2.1,19,1.4,-1149356,-1.5,21520,0.1,-180033,-73.4,-96,-2.2
"20000","5","52239","57","0","2025","1","",67,254,252,254,4086897,2570521,11304,1241,"",1.13,0.39,0.39,0.39,0.18,0.32,0.24,0.46,"",-5,-6.9,-32,-11.2,-30,-10.6,-28,-9.9,-656413,-13.8,-298553,-10.4,-30291,-72.8,-47,-3.6
"20000","5","522390","58","0","2025","1","",67,254,252,254,4086897,2570521,11304,1241,"",1.13,0.39,0.39,0.39,0.18,0.32,0.24,0.46,"",-5,-6.9,-32,-11.2,-30,-10.6,-28,-9.9,-656413,-13.8,-298553,-10.4,-30291,-72.8,-47,-3.6
"20000","5","523","55","0","2025","1","",1278,7633,7659,7631,373600271,99597169,552659,3761,"",1.03,0.76,0.76,0.76,0.40,0.55,0.61,0.52,"",-10,-0.8,260,3.5,261,3.5,342,4.7,43408166,13.1,4701433,5.0,-651589,-54.1,307,8.9
"20000","5","5231","56","0","2025","1","",272,2243,2235,2203,132933159,30135745,79479,4592,"",0.81,0.52,0.51,0.51,0.29,0.37,0.22,0.57,"",-12,-4.2,-2,-0.1,15,0.7,48,2.2,3511912,2.7,48718,0.2,-165131,-67.5,80,1.8
"20000","5","52315","57","0","2025","1","",219,1784,1784,1748,102422646,23605293,59953,4446,"",0.72,0.43,0.43,0.42,0.24,0.31,0.18,0.55,"",-6,-2.7,3,0.2,26,1.5,57,3.4,8256443,8.8,66339,0.3,-108667,-64.4,291,7.0
"20000","5","523150","58","0","2025","1","",219,1784,1784,1748,102422646,23605293,59953,4446,"",0.72,0.43,0.43,0.42,0.24,0.31,0.18,0.55,"",-6,-2.7,3,0.2,26,1.5,57,3.4,8256443,8.8,66339,0.3,-108667,-64.4,291,7.0
"20000","5","52316","57","0","2025","1","",53,459,451,455,30510513,6530452,19526,5158,"",1.87,1.96,1.92,1.94,1.22,1.58,0.77,0.63,"",-6,-10.2,-5,-1.1,-11,-2.4,-9,-1.9,-4744531,-13.5,-17621,-0.3,-56464,-74.3,-695,-11.9
"20000","5","523160","58","0","2025","1","",53,459,451,455,30510513,6530452,19526,5158,"",1.87,1.96,1.92,1.94,1.22,1.58,0.77,0.63,"",-6,-10.2,-5,-1.1,-11,-2.4,-9,-1.9,-4744531,-13.5,-17621,-0.3,-56464,-74.3,-695,-11.9
"20000","5","5232","56","0","2025","1","",9,11,11,12,1129448,174249,2980,7666,"",1.10,0.14,0.14,0.15,0.18,0.12,0.28,1.21,"",6,200.0,5,83.3,5,83.3,6,100.0,370630,48.8,90249,107.4,1124,60.6,-2062,-21.2
"20000","5","52321","57","0","2025","1","",9,11,11,12,1129448,174249,2980,7666,"",1.10,0.14,0.14,0.15,0.18,0.12,0.28,1.21,"",6,200.0,5,83.3,5,83.3,6,100.0,370630,48.8,90249,107.4,1124,60.6,-2062,-21.2
"20000","5","523210","58","0","2025","1","",9,11,11,12,1129448,174249,2980,7666,"",1.10,0.14,0.14,0.15,0.18,0.12,0.28,1.21,"",6,200.0,5,83.3,5,83.3,6,100.0,370630,48.8,90249,107.4,1124,60.6,-2062,-21.2
"20000","5","5239","56","0","2025","1","",997,5379,5413,5416,239537664,69287175,470200,3411,"",1.11,0.97,0.97,0.97,0.50,0.70,0.87,0.52,"",-4,-0.4,257,5.0,241,4.7,288,5.6,39525624,19.8,4562466,7.0,-487582,-50.9,418,14.0
"20000","5","52391","57","0","2025","1","",53,129,135,141,5691552,1370734,3435,3243,"",0.68,0.42,0.44,0.46,0.24,0.27,0.11,0.56,"",-4,-7.0,6,4.9,14,11.6,19,15.6,-1354693,-19.2,170027,14.2,-8265,-70.6,-1200,-27.0
"20000","5","523910","58","0","2025","1","",53,129,135,141,5691552,1370734,3435,3243,"",0.68,0.42,0.44,0.46,0.24,0.27,0.11,0.56,"",-4,-7.0,6,4.9,14,11.6,19,15.6,-1354693,-19.2,170027,14.2,-8265,-70.6,-1200,-27.0
"20000","5","52394","57","0","2025","1","",885,4918,4951,4949,224087210,63787064,446253,3490,"",1.22,1.04,1.04,1.05,0.53,0.75,0.97,0.50,"",-7,-0.8,227,4.8,207,4.4,257,5.5,38983063,21.1,4070302,6.8,-465300,-51.0,466,15.4
"20000","5","523940","58","0","2025","1","",885,4918,4951,4949,224087210,63787064,446253,3490,"",1.22,1.04,1.04,1.05,0.53,0.75,0.97,0.50,"",-7,-0.8,227,4.8,207,4.4,257,5.5,38983063,21.1,4070302,6.8,-465300,-51.0,466,15.4
"20000","5","52399","57","0","2025","1","",59,332,327,326,9758902,4129377,20512,2286,"",0.65,0.61,0.59,0.59,0.31,0.45,0.43,0.52,"",7,13.5,24,7.8,20,6.5,12,3.8,1897254,24.1,322137,8.5,-14017,-40.6,333,17.1
"20000","5","523991","58","0","2025","1","",28,278,273,275,6908063,3447949,12638,1930,"",1.17,1.41,1.38,1.39,1.09,1.12,0.93,0.78,"",-2,-6.7,4,1.5,0,0.0,-4,-1.4,523156,8.2,47408,1.4,-13534,-51.7,146,8.2
"20000","5","523999","58","0","2025","1","",31,54,54,51,2850839,681428,7874,4138,"",0.46,0.15,0.15,0.14,0.11,0.11,0.23,0.76,"",9,40.9,20,58.8,20,58.8,16,45.7,1374098,93.0,274729,67.6,-483,-5.8,829,25.1
"20000","5","524","55","0","2025","1","",2768,24808,24723,24695,748255406,315962439,1182767,2326,"",1.52,1.04,1.03,1.03,1.11,0.88,0.80,1.08,"",-16,-0.6,342,1.4,278,1.1,302,1.2,50235900,7.2,7884756,2.6,-1763760,-59.9,129,5.9
"20000","5","5241","56","0","2025","1","",354,7897,7825,7791,278751060,109236787,312654,2736,"",1.24,0.71,0.71,0.70,0.79,0.62,0.43,1.12,"",12,3.5,-653,-7.6,-615,-7.3,-655,-7.8,5575526,2.0,-7841390,-6.7,-565632,-64.4,258,10.4
"20000","5","52411","57","0","2025","1","",105,3234,3174,3211,115684695,45556226,124204,2775,"",0.95,0.54,0.53,0.54,0.64,0.48,0.32,1.19,"",2,1.9,-231,-6.7,-260,-7.6,-223,-6.5,-1573720,-1.3,-2132016,-4.5,-270911,-68.6,156,6.0
"20000","5","524113","58","0","2025","1","",46,567,549,563,25325007,7479956,34324,3481,"",1.09,0.30,0.29,0.29,0.33,0.21,0.26,1.13,"",5,12.2,33,6.2,34,6.6,49,9.5,-530789,-2.1,479441,6.8,-32452,-48.6,-336,-8.8
"20000","5","524114","58","0","2025","1","",59,2667,2625,2648,90359688,38076270,89880,2626,"",0.86,0.66,0.65,0.66,0.87,0.63,0.35,1.32,"",-3,-4.8,-264,-9.0,-294,-10.1,-272,-9.3,-1042931,-1.1,-2611457,-6.4,-238459,-72.6,221,9.2
"20000","5","52412","57","0","2025","1","",237,4495,4480,4409,144588282,61286354,187314,2493,"",1.44,0.93,0.92,0.91,0.93,0.81,0.58,1.01,"",11,4.9,-413,-8.4,-352,-7.3,-428,-8.8,2101722,1.5,-5668554,-8.5,-282784,-60.2,237,10.5
"20000","5","524126","58","0","2025","1","",156,4018,4005,3941,131562529,55315045,126474,2538,"",1.52,0.96,0.96,0.94,0.95,0.84,0.50,1.00,"",6,4.0,-402,-9.1,-350,-8.0,-413,-9.5,1546868,1.2,-5977282,-9.8,-249620,-66.4,253,11.1
"20000","5","524127","58","0","2025","1","",47,293,292,288,5496836,3529602,42163,1453,"",1.04,0.59,0.59,0.58,0.41,0.49,0.76,0.69,"",-1,-2.1,-39,-11.7,-33,-10.2,-38,-11.7,-55051,-1.0,-122252,-3.3,-24059,-36.3,150,11.5
"20000","5","524128","58","0","2025","1","",34,184,183,180,7528917,2441707,18677,3176,"",1.97,1.04,1.02,1.01,1.82,0.93,1.24,1.78,"",6,21.4,28,17.9,31,20.4,23,14.6,609905,8.8,430980,21.4,-9105,-32.8,-258,-7.5
"20000","5","52413","57","0","2025","1","",12,168,171,171,18478083,2394207,1136,8361,"",1.25,0.60,0.60,0.60,1.13,0.40,0.05,1.88,"",-1,-7.7,-9,-5.1,-3,-1.7,-4,-2.3,5047524,37.6,-40820,-1.7,-11937,-91.3,2469,41.9
"20000","5","524130","58","0","2025","1","",12,168,171,171,18478083,2394207,1136,8361,"",1.25,0.60,0.60,0.60,1.13,0.40,0.05,1.88,"",-1,-7.7,-9,-5.1,-3,-1.7,-4,-2.3,5047524,37.6,-40820,-1.7,-11937,-91.3,2469,41.9
"20000","5","5242","56","0","2025","1","",2414,16911,16898,16904,469504346,206725652,870113,2136,"",1.57,1.33,1.32,1.32,1.48,1.14,1.17,1.12,"",-28,-1.1,995,6.3,893,5.6,957,6.0,44660374,10.5,15726146,8.2,-1198128,-57.9,88,4.3
"20000","5","52421","57","0","2025","1","",2021,12535,12548,12537,337302591,150209151,618283,2069,"",1.56,1.37,1.37,1.37,1.45,1.17,1.23,1.06,"",-23,-1.1,501,4.2,442,3.7,464,3.8,16710997,5.2,7853487,5.5,-945210,-60.5,26,1.3
"20000","5","524210","58","0","2025","1","",2021,12535,12548,12537,337302591,150209151,618283,2069,"",1.56,1.37,1.37,1.37,1.45,1.17,1.23,1.06,"",-23,-1.1,501,4.2,442,3.7,464,3.8,16710997,5.2,7853487,5.5,-945210,-60.5,26,1.3
"20000","5","52429","57","0","2025","1","",393,4376,4350,4367,132201755,56516501,251830,2330,"",1.62,1.22,1.20,1.21,1.53,1.07,1.04,1.27,"",-5,-1.3,494,12.7,451,11.6,493,12.7,27949377,26.8,7872659,16.2,-252918,-50.1,266,12.9
"20000","5","524291","58","0","2025","1","",91,802,794,805,25035176,10726020,55584,2406,"",1.31,1.40,1.37,1.38,2.02,1.28,1.42,1.46,"",-7,-7.1,249,45.0,243,44.1,250,45.0,11022070,78.7,3671804,52.1,-39563,-41.6,457,23.4
"20000","5","524292","58","0","2025","1","",142,2006,1992,1992,55009500,24811967,102916,2119,"",1.79,0.96,0.95,0.95,1.18,0.82,0.74,1.24,"",7,5.2,-39,-1.9,-77,-3.7,-64,-3.1,1944396,3.7,-259052,-1.0,-167334,-61.9,134,6.8
"20000","5","524298","58","0","2025","1","",160,1568,1564,1570,52157079,20978514,93330,2560,"",1.72,1.68,1.67,1.68,1.92,1.51,1.42,1.14,"",-5,-3.0,284,22.1,285,22.3,307,24.3,14982911,40.3,4459907,27.0,-46021,-33.0,318,14.2
"20000","5","525","55","0","2025","1","",54,82,81,81,2966648,1066357,9177,2806,"",0.65,0.27,0.27,0.27,0.17,0.19,0.25,0.65,"N",13,31.7,0,0,0,0,0,0,0,0,0,0,0,0,0,0
"20000","5","5251","56","0","2025","1","",9,34,32,34,757870,403047,1377,1749,"",0.52,0.28,0.26,0.28,0.21,0.24,0.16,0.79,"N",3,50.0,0,0,0,0,0,0,0,0,0,0,0,0,0,0
"20000","5","52512","57","0","2025","1","N",7,0,0,0,0,0,0,0,"N",1.15,0,0,0,0,0,0,0,"N",3,75.0,0,0,0,0,0,0,0,0,0,0,0,0,0,0
"20000","5","525120","58","0","2025","1","N",7,0,0,0,0,0,0,0,"N",1.15,0,0,0,0,0,0,0,"N",3,75.0,0,0,0,0,0,0,0,0,0,0,0,0,0,0
"20000","5","52519","57","0","2025","1","N",2,0,0,0,0,0,0,0,"N",0.62,0,0,0,0,0,0,0,"N",0,0.0,0,0,0,0,0,0,0,0,0,0,0,0,0,0
"20000","5","525190","58","0","2025","1","N",2,0,0,0,0,0,0,0,"N",0.62,0,0,0,0,0,0,0,"N",0,0.0,0,0,0,0,0,0,0,0,0,0,0,0,0,0
"20000","5","5259","56","0","2025","1","",45,48,49,47,2208778,663310,7800,3540,"",0.69,0.27,0.27,0.26,0.16,0.16,0.28,0.61,"",10,28.6,-1,-2.0,-7,-12.5,1,2.2,673733,43.9,89173,15.5,-3118,-28.6,1194,50.9
"20000","5","52591","57","0","2025","1","",6,5,6,6,692677,84000,704,9403,"",0.50,0.13,0.16,0.16,0.18,0.06,0.06,1.22,"N",4,200.0,0,0,0,0,0,0,0,0,0,0,0,0,0,0
"20000","5","525910","58","0","2025","1","",6,5,6,6,692677,84000,704,9403,"",0.50,0.13,0.16,0.16,0.18,0.06,0.06,1.22,"N",4,200.0,0,0,0,0,0,0,0,0,0,0,0,0,0,0
"20000","5","52592","57","0","2025","1","",29,29,29,27,835071,405386,4603,2267,"",1.12,0.83,0.80,0.76,0.56,0.42,0.80,0.70,"",4,16.0,-7,-19.4,-15,-34.1,-7,-20.6,143446,20.7,142,0.0,-2776,-37.6,867,61.9
"20000","5","525920","58","0","2025","1","",29,29,29,27,835071,405386,4603,2267,"",1.12,0.83,0.80,0.76,0.56,0.42,0.80,0.70,"",4,16.0,-7,-19.4,-15,-34.1,-7,-20.6,143446,20.7,142,0.0,-2776,-37.6,867,61.9
"20000","5","52599","57","0","2025","1","",10,14,14,14,681030,173924,2493,3742,"",0.36,0.13,0.13,0.13,0.08,0.10,0.22,0.63,"N",2,25.0,0,0,0,0,0,0,0,0,0,0,0,0,0,0
"20000","5","525990","58","0","2025","1","",10,14,14,14,681030,173924,2493,3742,"",0.36,0.13,0.13,0.13,0.08,0.10,0.22,0.63,"N",2,25.0,0,0,0,0,0,0,0,0,0,0,0,0,0,0
"20000","5","53","54","0","2025","1","",3030,15489,15607,15590,237019541,163616163,944446,1172,"",0.76,0.71,0.72,0.71,0.64,0.62,0.69,0.90,"",-42,-1.4,23,0.1,106,0.7,22,0.1,12886185,5.7,4932114,3.1,-1011755,-51.7,61,5.5
"20000","5","531","55","0","2025","1","",2541,11857,11975,11955,173935202,124003160,718884,1122,"",0.73,0.72,0.73,0.72,0.61,0.63,0.68,0.85,"",-47,-1.8,81,0.7,157,1.3,165,1.4,8637279,5.2,4359465,3.6,-812118,-53.0,44,4.1
"20000","5","5311","56","0","2025","1","",656,2928,2938,2927,35780563,26372847,134205,939,"",0.66,0.51,0.51,0.51,0.36,0.40,0.38,0.71,"",-22,-3.2,-37,-1.2,-22,-0.7,7,0.2,647413,1.8,-47026,-0.2,-159403,-54.3,22,2.4
"20000","5","53111","57","0","2025","1","",314,1771,1788,1754,19921772,16776948,79327,865,"",0.59,0.52,0.53,0.51,0.43,0.43,0.38,0.82,"",-10,-3.1,-30,-1.7,-9,-0.5,18,1.0,-466844,-2.3,-171735,-1.0,-99854,-55.7,-17,-1.9
"20000","5","531110","58","0","2025","1","",314,1771,1788,1754,19921772,16776948,79327,865,"",0.59,0.52,0.53,0.51,0.43,0.43,0.38,0.82,"",-10,-3.1,-30,-1.7,-9,-0.5,18,1.0,-466844,-2.3,-171735,-1.0,-99854,-55.7,-17,-1.9
"20000","5","53112","57","0","2025","1","",172,682,674,693,9961463,5576480,24180,1122,"",0.79,0.48,0.47,0.48,0.25,0.32,0.25,0.52,"",-8,-4.4,-5,-0.7,-20,-2.9,-21,-2.9,296239,3.1,-5955,-0.1,-35534,-59.5,57,5.4
"20000","5","531120","58","0","2025","1","",172,682,674,693,9961463,5576480,24180,1122,"",0.79,0.48,0.47,0.48,0.25,0.32,0.25,0.52,"",-8,-4.4,-5,-0.7,-20,-2.9,-21,-2.9,296239,3.1,-5955,-0.1,-35534,-59.5,57,5.4
"20000","5","53113","57","0","2025","1","",107,321,325,326,3098103,2647877,17014,736,"",0.71,0.58,0.59,0.59,0.52,0.48,0.58,0.89,"",-1,-0.9,-5,-1.5,6,1.9,10,3.2,132097,4.5,123730,4.9,-18042,-51.5,24,3.4
"20000","5","531130","58","0","2025","1","",107,321,325,326,3098103,2647877,17014,736,"",0.71,0.58,0.59,0.59,0.52,0.48,0.58,0.89,"",-1,-0.9,-5,-1.5,6,1.9,10,3.2,132097,4.5,123730,4.9,-18042,-51.5,24,3.4
"20000","5","53119","57","0","2025","1","",63,154,151,154,2799225,1371542,13684,1407,"",0.74,0.41,0.40,0.40,0.42,0.33,0.61,1.05,"",-3,-4.5,3,2.0,1,0.7,0,0.0,685921,32.5,6934,0.5,-5973,-30.4,335,31.2
"20000","5","531190","58","0","2025","1","",63,154,151,154,2799225,1371542,13684,1407,"",0.74,0.41,0.40,0.40,0.42,0.33,0.61,1.05,"",-3,-4.5,3,2.0,1,0.7,0,0.0,685921,32.5,6934,0.5,-5973,-30.4,335,31.2
"20000","5","5312","56","0","2025","1","",874,1946,1962,1948,31301382,20643319,153452,1234,"",0.68,0.64,0.64,0.64,0.55,0.56,0.80,0.86,"",-29,-3.2,-109,-5.3,-77,-3.8,-95,-4.7,858422,2.8,-385595,-1.8,-134549,-46.7,89,7.8
"20000","5","53121","57","0","2025","1","",874,1946,1962,1948,31301382,20643319,153452,1234,"",0.68,0.64,0.64,0.64,0.55,0.56,0.80,0.86,"",-29,-3.2,-109,-5.3,-77,-3.8,-95,-4.7,858422,2.8,-385595,-1.8,-134549,-46.7,89,7.8
"20000","5","531210","58","0","2025","1","",874,1946,1962,1948,31301382,20643319,153452,1234,"",0.68,0.64,0.64,0.64,0.55,0.56,0.80,0.86,"",-29,-3.2,-109,-5.3,-77,-3.8,-95,-4.7,858422,2.8,-385595,-1.8,-134549,-46.7,89,7.8
"20000","5","5313","56","0","2025","1","",1011,6983,7075,7080,106853257,76986994,431227,1167,"",0.85,0.91,0.92,0.92,0.84,0.81,0.86,0.91,"",4,0.4,227,3.4,256,3.8,253,3.7,7131444,7.2,4792086,6.6,-518166,-54.6,39,3.5
"20000","5","53131","57","0","2025","1","",754,6256,6349,6353,90593696,68273106,357729,1103,"",0.91,0.96,0.97,0.97,0.90,0.85,0.86,0.93,"",-4,-0.5,206,3.4,234,3.8,216,3.5,6091706,7.2,4312817,6.7,-467164,-56.6,38,3.6
"20000","5","531311","58","0","2025","1","",568,4761,4785,4818,64476093,51396142,278786,1036,"",0.90,0.96,0.96,0.96,0.99,0.88,0.90,1.03,"",15,2.7,199,4.4,187,4.1,239,5.2,4698498,7.9,3538174,7.4,-334511,-54.5,32,3.2
"20000","5","531312","58","0","2025","1","",186,1495,1564,1535,26117603,16876964,78943,1312,"",0.96,0.96,0.99,0.97,0.73,0.77,0.73,0.75,"",-19,-9.3,7,0.5,47,3.1,-23,-1.5,1393208,5.6,774643,4.8,-132653,-62.7,62,5.0
"20000","5","53132","57","0","2025","1","",109,338,334,330,5621352,3788326,15924,1295,"",1.07,1.35,1.33,1.31,1.42,1.26,1.08,1.07,"",-8,-6.8,-3,-0.9,-5,-1.5,6,1.9,450590,8.7,112559,3.1,-24752,-60.9,107,9.0
"20000","5","531320","58","0","2025","1","",109,338,334,330,5621352,3788326,15924,1295,"",1.07,1.35,1.33,1.31,1.42,1.26,1.08,1.07,"",-8,-6.8,-3,-0.9,-5,-1.5,6,1.9,450590,8.7,112559,3.1,-24752,-60.9,107,9.0
"20000","5","53139","57","0","2025","1","",148,389,392,397,10638209,4925562,57574,2084,"",0.55,0.45,0.45,0.45,0.46,0.43,0.82,1.02,"",16,12.1,24,6.6,27,7.4,31,8.5,589148,5.9,366710,8.0,-26250,-31.3,-32,-1.5
"20000","5","531390","58","0","2025","1","",148,389,392,397,10638209,4925562,57574,2084,"",0.55,0.45,0.45,0.45,0.46,0.43,0.82,1.02,"",16,12.1,24,6.6,27,7.4,31,8.5,589148,5.9,366710,8.0,-26250,-31.3,-32,-1.5
"20000","5","532","55","0","2025","1","",440,3487,3489,3496,59380297,37905708,204700,1309,"",0.94,0.69,0.68,0.68,0.79,0.62,0.70,1.16,"",-1,-0.2,-48,-1.4,-44,-1.2,-141,-3.9,4117282,7.5,628352,1.7,-193566,-48.6,118,9.9
"20000","5","5321","56","0","2025","1","",133,1033,1024,1030,15809413,10149228,32603,1182,"",0.90,0.54,0.53,0.53,0.65,0.47,0.38,1.21,"",4,3.1,-59,-5.4,-74,-6.7,-70,-6.4,636703,4.2,-214982,-2.1,-63728,-66.2,118,11.1
"20000","5","53211","57","0","2025","1","",73,528,525,533,7032680,4644829,12352,1023,"",0.85,0.49,0.49,0.49,0.55,0.40,0.28,1.11,"",-2,-2.7,-19,-3.5,-27,-4.9,-26,-4.7,26117,0.4,98130,2.2,-17771,-59.0,48,4.9
"20000","5","532111","58","0","2025","1","",66,458,460,469,4860449,3785812,7862,809,"",0.83,0.48,0.48,0.48,0.48,0.38,0.20,1.00,"",-3,-4.3,-36,-7.3,-37,-7.4,-32,-6.4,-514362,-9.6,-48715,-1.3,-15195,-65.9,-22,-2.6
"20000","5","532112","58","0","2025","1","",7,70,65,64,2172231,859017,4490,2519,"",1.01,0.64,0.59,0.58,0.79,0.51,0.71,1.31,"",1,16.7,17,32.1,10,18.2,6,10.3,540479,33.1,146845,20.6,-2576,-36.5,251,11.1
"20000","5","53212","57","0","2025","1","",60,505,499,497,8776733,5504399,20251,1349,"",0.97,0.59,0.58,0.58,0.76,0.55,0.48,1.30,"",6,11.1,-40,-7.3,-47,-8.6,-44,-8.1,610586,7.5,-313112,-5.4,-45957,-69.4,194,16.8
"20000","5","532120","58","0","2025","1","",60,505,499,497,8776733,5504399,20251,1349,"",0.97,0.59,0.58,0.58,0.76,0.55,0.48,1.30,"",6,11.1,-40,-7.3,-47,-8.6,-44,-8.1,610586,7.5,-313112,-5.4,-45957,-69.4,194,16.8
"20000","5","5322","56","0","2025","1","",122,852,867,862,10760460,8449702,43110,962,"",0.87,0.79,0.80,0.78,0.86,0.72,0.71,1.10,"",-12,-9.0,-96,-10.1,-76,-8.1,-140,-14.0,-665169,-5.8,-660377,-7.2,-37568,-46.6,51,5.6
"20000","5","53221","57","0","2025","1","",7,120,123,119,1276819,1145625,4573,814,"",0.63,1.57,1.60,1.56,1.24,1.44,1.17,0.79,"",-4,-36.4,-5,-4.0,1,0.8,-7,-5.6,10314,0.8,-9773,-0.8,-8170,-64.1,30,3.8
"20000","5","532210","58","0","2025","1","",7,120,123,119,1276819,1145625,4573,814,"",0.63,1.57,1.60,1.56,1.24,1.44,1.17,0.79,"",-4,-36.4,-5,-4.0,1,0.8,-7,-5.6,10314,0.8,-9773,-0.8,-8170,-64.1,30,3.8
"20000","5","53228","57","0","2025","1","",115,732,744,743,9483641,7304077,38537,986,"",0.89,0.73,0.74,0.72,0.83,0.67,0.68,1.14,"",-8,-6.5,-91,-11.1,-77,-9.4,-133,-15.2,-675483,-6.6,-650604,-8.2,-29398,-43.3,56,6.0
"20000","5","532281","58","0","2025","1","N",2,0,0,0,0,0,0,0,"N",0.34,0,0,0,0,0,0,0,"N",-1,-33.3,0,0,0,0,0,0,0,0,0,0,0,0,0,0
"20000","5","532282","58","0","2025","1","N",4,0,0,0,0,0,0,0,"N",1.17,0,0,0,0,0,0,0,"N",-1,-20.0,0,0,0,0,0,0,0,0,0,0,0,0,0,0
"20000","5","532283","58","0","2025","1","",32,276,268,273,4427938,3078219,8687,1251,"",1.46,0.93,0.90,0.92,1.22,0.85,0.60,1.34,"",-3,-8.6,-21,-7.1,-30,-10.1,-27,-9.0,-17677,-0.4,-104000,-3.3,-14935,-63.2,105,9.2
"20000","5","532284","58","0","2025","1","",7,15,23,33,169942,155077,2147,552,"",0.27,0.11,0.17,0.23,0.13,0.13,0.28,0.74,"",-1,-12.5,1,7.1,9,64.3,2,6.5,28625,20.3,17960,13.1,-16,-0.7,-1,-0.2
"20000","5","532289","58","0","2025","1","",70,431,444,431,4721546,3963372,27362,834,"",0.98,0.83,0.85,0.82,0.84,0.72,0.89,1.01,"",-2,-2.8,-32,-6.9,-22,-4.7,-52,-10.8,-307384,-6.1,-266793,-6.3,-3548,-11.5,12,1.5
"20000","5","5323","56","0","2025","1","",15,103,101,101,1233332,1041653,677,933,"",0.55,0.40,0.39,0.39,0.35,0.35,0.05,0.88,"",-1,-6.2,-1,-1.0,-4,-3.8,-7,-6.5,-20953,-1.7,-3532,-0.3,-4041,-85.7,20,2.2
"20000","5","53231","57","0","2025","1","",15,103,101,101,1233332,1041653,677,933,"",0.55,0.40,0.39,0.39,0.35,0.35,0.05,0.88,"",-1,-6.2,-1,-1.0,-4,-3.8,-7,-6.5,-20953,-1.7,-3532,-0.3,-4041,-85.7,20,2.2
"20000","5","532310","58","0","2025","1","",15,103,101,101,1233332,1041653,677,933,"",0.55,0.40,0.39,0.39,0.35,0.35,0.05,0.88,"",-1,-6.2,-1,-1.0,-4,-3.8,-7,-6.5,-20953,-1.7,-3532,-0.3,-4041,-85.7,20,2.2
"20000","5","5324","56","0","2025","1","",170,1499,1497,1503,31577092,18265125,128310,1620,"",1.10,0.83,0.82,0.82,0.92,0.74,0.97,1.12,"",8,4.9,108,7.8,110,7.9,76,5.3,4166701,15.2,1507243,9.0,-88229,-40.7,116,7.7
"20000","5","53241","57","0","2025","1","",71,563,559,567,14059433,7126910,27248,1921,"",1.03,0.59,0.58,0.59,0.72,0.54,0.44,1.23,"",6,9.2,31,5.8,28,5.3,40,7.6,1626922,13.1,645293,10.0,-53426,-66.2,117,6.5
"20000","5","532411","58","0","2025","1","",4,6,6,6,267807,64977,0,3433,"",0.59,0.13,0.13,0.13,0.16,0.10,0.00,1.18,"",0,0.0,0,0.0,0,0.0,0,0.0,75080,39.0,602,0.9,-147,-100.0,962,38.9
"20000","5","532412","58","0","2025","1","",67,557,553,561,13791626,7061933,27248,1905,"",1.08,0.61,0.61,0.61,0.78,0.56,0.46,1.27,"",6,9.8,31,5.9,28,5.3,40,7.7,1551842,12.7,644691,10.0,-53279,-66.2,108,6.0
"20000","5","53242","57","0","2025","1","",14,148,143,145,2960847,1866483,3750,1567,"",1.52,1.56,1.51,1.53,1.42,1.48,0.58,0.93,"",1,7.7,-1,-0.7,-3,-2.1,-4,-2.7,51523,1.8,-28341,-1.5,-6415,-63.1,55,3.6
"20000","5","532420","58","0","2025","1","",14,148,143,145,2960847,1866483,3750,1567,"",1.52,1.56,1.51,1.53,1.42,1.48,0.58,0.93,"",1,7.7,-1,-0.7,-3,-2.1,-4,-2.7,51523,1.8,-28341,-1.5,-6415,-63.1,55,3.6
"20000","5","53249","57","0","2025","1","",85,788,795,791,14556812,9271732,97312,1415,"",1.10,1.03,1.02,1.01,1.12,0.92,1.52,1.10,"",1,1.2,78,11.0,85,12.0,40,5.3,2488256,20.6,890291,10.6,-28388,-22.6,132,10.3
"20000","5","532490","58","0","2025","1","",85,788,795,791,14556812,9271732,97312,1415,"",1.10,1.03,1.02,1.01,1.12,0.92,1.52,1.10,"",1,1.2,78,11.0,85,12.0,40,5.3,2488256,20.6,890291,10.6,-28388,-22.6,132,10.3
"20000","5","533","55","0","2025","1","",49,145,143,139,3704042,1707295,20862,2002,"",1.60,0.72,0.71,0.69,0.35,0.55,1.17,0.49,"",6,14.0,-10,-6.5,-7,-4.7,-2,-1.4,131624,3.7,-55703,-3.2,-6071,-22.5,154,8.3
"20000","5","5331","56","0","2025","1","",49,145,143,139,3704042,1707295,20862,2002,"",1.60,0.72,0.71,0.69,0.35,0.55,1.17,0.49,"",6,14.0,-10,-6.5,-7,-4.7,-2,-1.4,131624,3.7,-55703,-3.2,-6071,-22.5,154,8.3
"20000","5","53311","57","0","2025","1","",49,145,143,139,3704042,1707295,20862,2002,"",1.60,0.72,0.71,0.69,0.35,0.55,1.17,0.49,"",6,14.0,-10,-6.5,-7,-4.7,-2,-1.4,131624,3.7,-55703,-3.2,-6071,-22.5,154,8.3
"20000","5","533110","58","0","2025","1","",49,145,143,139,3704042,1707295,20862,2002,"",1.60,0.72,0.71,0.69,0.35,0.55,1.17,0.49,"",6,14.0,-10,-6.5,-7,-4.7,-2,-1.4,131624,3.7,-55703,-3.2,-6071,-22.5,154,8.3
"20000","5","54","54","0","2025","1","",13936,79156,79725,78989,2003599539,962368606,6667273,1944,"",0.99,0.80,0.80,0.80,0.74,0.67,0.87,0.93,"",-458,-3.2,1234,1.6,978,1.2,960,1.2,145158202,7.8,28254145,3.0,-5643927,-45.8,117,6.4
"20000","5","541","55","0","2025","1","",13936,79156,79725,78989,2003599539,962368606,6667273,1944,"",0.99,0.80,0.80,0.80,0.74,0.67,0.87,0.93,"",-458,-3.2,1234,1.6,978,1.2,960,1.2,145158202,7.8,28254145,3.0,-5643927,-45.8,117,6.4
"20000","5","5411","56","0","2025","1","",1386,6798,6814,6789,125584397,76936361,288712,1421,"",0.82,0.62,0.62,0.61,0.47,0.52,0.44,0.76,"",-24,-1.7,73,1.1,-22,-0.3,-19,-0.3,8706628,7.4,2043601,2.7,-450056,-60.9,97,7.3
"20000","5","54111","57","0","2025","1","",1216,5553,5569,5551,105336392,62572471,220575,1458,"",0.80,0.55,0.55,0.55,0.42,0.46,0.38,0.76,"",-18,-1.5,72,1.3,-10,-0.2,14,0.3,7891802,8.1,1995390,3.3,-348830,-61.3,103,7.6
"20000","5","541110","58","0","2025","1","",1216,5553,5569,5551,105336392,62572471,220575,1458,"",0.80,0.55,0.55,0.55,0.42,0.46,0.38,0.76,"",-18,-1.5,72,1.3,-10,-0.2,14,0.3,7891802,8.1,1995390,3.3,-348830,-61.3,103,7.6
"20000","5","54119","57","0","2025","1","",170,1245,1245,1238,20248005,14363890,68137,1253,"",0.98,1.37,1.36,1.35,1.26,1.24,0.93,0.93,"",-6,-3.4,1,0.1,-12,-1.0,-33,-2.6,814826,4.2,48211,0.3,-101226,-59.8,64,5.4
"20000","5","541191","58","0","2025","1","",103,849,849,848,12095486,9564892,29345,1096,"",1.27,1.64,1.64,1.64,1.54,1.45,0.65,0.94,"",2,2.0,18,2.2,16,1.9,13,1.6,766787,6.8,387208,4.2,-62339,-68.0,50,4.8
"20000","5","541199","58","0","2025","1","",67,396,396,390,8152519,4798998,38792,1592,"",0.73,1.01,0.99,0.98,1.00,0.97,1.37,1.01,"",-8,-10.7,-17,-4.1,-28,-6.6,-46,-10.6,48039,0.6,-338997,-6.6,-38887,-50.1,123,8.4
"20000","5","5412","56","0","2025","1","",1748,8978,9291,9286,169723580,95141277,749292,1421,"",1.16,0.85,0.84,0.84,0.84,0.67,1.01,0.99,"",-10,-0.6,-293,-3.2,-353,-3.7,-254,-2.7,-136789,-0.1,-2310204,-2.4,-559710,-42.8,43,3.1
"20000","5","54121","57","0","2025","1","",1748,8978,9291,9286,169723580,95141277,749292,1421,"",1.16,0.85,0.84,0.84,0.84,0.67,1.01,0.99,"",-10,-0.6,-293,-3.2,-353,-3.7,-254,-2.7,-136789,-0.1,-2310204,-2.4,-559710,-42.8,43,3.1
"20000","5","541211","58","0","2025","1","",501,3326,3456,3446,66395666,40307538,153110,1498,"",0.98,0.68,0.69,0.68,0.62,0.55,0.48,0.91,"",1,0.2,-134,-3.9,-157,-4.3,-123,-3.4,131505,0.2,-1175068,-2.8,-237659,-60.8,61,4.2
"20000","5","541213","58","0","2025","1","",298,1164,1259,1269,10101712,8504540,250292,631,"",0.97,0.95,0.93,0.95,0.87,0.75,2.07,0.92,"",2,0.7,18,1.6,0,0.0,19,1.5,261574,2.7,38876,0.5,-30826,-11.0,10,1.6
"20000","5","541214","58","0","2025","1","",111,1180,1191,1203,16845059,9862442,70403,1088,"",1.07,0.64,0.61,0.61,0.42,0.40,0.47,0.68,"",-7,-5.9,-147,-11.1,-158,-11.7,-125,-9.4,-605505,-3.5,-621452,-5.9,-79831,-53.1,82,8.2
"20000","5","541219","58","0","2025","1","",838,3308,3385,3368,76381143,36466757,275487,1752,"",1.43,1.26,1.26,1.25,1.72,1.12,1.85,1.37,"",-6,-0.7,-30,-0.9,-38,-1.1,-25,-0.7,75637,0.1,-552560,-1.5,-211394,-43.4,18,1.0
"20000","5","5413","56","0","2025","1","",1414,16401,16469,16547,472025671,222222043,912782,2204,"",1.01,1.06,1.06,1.06,1.33,0.95,0.81,1.25,"",-15,-1.0,229,1.4,219,1.3,337,2.1,34934805,8.0,5892199,2.7,-1146728,-55.7,130,6.3
"20000","5","54131","57","0","2025","1","",204,1436,1426,1407,29508300,18573706,50189,1595,"",0.85,0.78,0.77,0.76,0.81,0.69,0.40,1.06,"",-12,-5.6,-60,-4.0,-55,-3.7,-62,-4.2,434466,1.5,-376348,-2.0,-120888,-70.7,86,5.7
"20000","5","541310","58","0","2025","1","",204,1436,1426,1407,29508300,18573706,50189,1595,"",0.85,0.78,0.77,0.76,0.81,0.69,0.40,1.06,"",-12,-5.6,-60,-4.0,-55,-3.7,-62,-4.2,434466,1.5,-376348,-2.0,-120888,-70.7,86,5.7
"20000","5","54132","57","0","2025","1","",27,75,70,71,1162181,746473,3476,1242,"",0.45,0.26,0.24,0.24,0.27,0.21,0.19,1.11,"",-2,-6.9,-13,-14.8,-15,-17.6,-14,-16.5,-163741,-12.3,-198792,-21.0,-9130,-72.4,56,4.7
"20000","5","541320","58","0","2025","1","",27,75,70,71,1162181,746473,3476,1242,"",0.45,0.26,0.24,0.24,0.27,0.21,0.19,1.11,"",-2,-6.9,-13,-14.8,-15,-17.6,-14,-16.5,-163741,-12.3,-198792,-21.0,-9130,-72.4,56,4.7
"20000","5","54133","57","0","2025","1","",938,13397,13488,13532,414797464,184758224,686450,2368,"",1.15,1.24,1.24,1.25,1.55,1.10,0.88,1.25,"",5,0.5,194,1.5,200,1.5,282,2.1,32878612,8.6,4844757,2.7,-967204,-58.5,150,6.8
"20000","5","541330","58","0","2025","1","",938,13397,13488,13532,414797464,184758224,686450,2368,"",1.15,1.24,1.24,1.25,1.55,1.10,0.88,1.25,"",5,0.5,194,1.5,200,1.5,282,2.1,32878612,8.6,4844757,2.7,-967204,-58.5,150,6.8
"20000","5","54134","57","0","2025","1","",23,39,41,41,725583,533599,6279,1384,"",0.79,0.46,0.48,0.48,0.60,0.48,1.24,1.27,"",-3,-11.5,1,2.6,4,10.8,5,13.9,144352,24.8,71368,15.4,-2736,-30.3,176,14.6
"20000","5","541340","58","0","2025","1","",23,39,41,41,725583,533599,6279,1384,"",0.79,0.46,0.48,0.48,0.60,0.48,1.24,1.27,"",-3,-11.5,1,2.6,4,10.8,5,13.9,144352,24.8,71368,15.4,-2736,-30.3,176,14.6
"20000","5","54135","57","0","2025","1","",44,79,78,82,1145457,836495,4775,1106,"",0.65,0.33,0.32,0.34,0.35,0.31,0.29,1.05,"",1,2.3,6,8.2,-4,-4.9,4,5.1,125570,12.3,7862,0.9,-7690,-61.7,96,9.5
"20000","5","541350","58","0","2025","1","",44,79,78,82,1145457,836495,4775,1106,"",0.65,0.33,0.32,0.34,0.35,0.31,0.29,1.05,"",1,2.3,6,8.2,-4,-4.9,4,5.1,125570,12.3,7862,0.9,-7690,-61.7,96,9.5
"20000","5","54136","57","0","2025","1","",21,129,114,113,2033300,1575367,80423,1318,"",1.04,0.99,0.88,0.87,0.66,0.78,6.92,0.72,"",1,5.0,28,27.7,-8,-6.6,3,2.7,252038,14.1,158546,11.2,28685,55.4,84,6.8
"20000","5","541360","58","0","2025","1","",21,129,114,113,2033300,1575367,80423,1318,"",1.04,0.99,0.88,0.87,0.66,0.78,6.92,0.72,"",1,5.0,28,27.7,-8,-6.6,3,2.7,252038,14.1,158546,11.2,28685,55.4,84,6.8
"20000","5","54137","57","0","2025","1","",45,293,300,318,4573360,3447113,29177,1158,"",0.65,0.58,0.59,0.62,0.62,0.54,1.03,1.04,"",-1,-2.2,19,6.9,31,11.5,32,11.2,372631,8.9,322522,10.3,-12363,-29.8,-11,-0.9
"20000","5","541370","58","0","2025","1","",45,293,300,318,4573360,3447113,29177,1158,"",0.65,0.58,0.59,0.62,0.62,0.54,1.03,1.04,"",-1,-2.2,19,6.9,31,11.5,32,11.2,372631,8.9,322522,10.3,-12363,-29.8,-11,-0.9
"20000","5","54138","57","0","2025","1","",112,953,952,983,18080026,11751066,52013,1445,"",1.21,0.60,0.59,0.61,0.56,0.52,0.38,0.93,"",-4,-3.4,54,6.0,66,7.4,87,9.7,890877,5.2,1062284,9.9,-55402,-51.6,-35,-2.4
"20000","5","541380","58","0","2025","1","",112,953,952,983,18080026,11751066,52013,1445,"",1.21,0.60,0.59,0.61,0.56,0.52,0.38,0.93,"",-4,-3.4,54,6.0,66,7.4,87,9.7,890877,5.2,1062284,9.9,-55402,-51.6,-35,-2.4
"20000","5","5414","56","0","2025","1","",256,941,925,919,18818995,10603351,82879,1559,"",0.66,0.70,0.68,0.68,0.77,0.64,0.83,1.12,"",-34,-11.7,-23,-2.4,-38,-3.9,-28,-3.0,1538014,8.9,48671,0.5,-54217,-39.5,171,12.3
"20000","5","54141","57","0","2025","1","",82,289,286,296,4711231,3121604,19193,1248,"",0.53,0.57,0.56,0.58,0.68,0.53,0.58,1.20,"",-7,-7.9,12,4.3,14,5.1,24,8.8,667711,16.5,274505,9.6,-14483,-43.0,111,9.8
"20000","5","541410","58","0","2025","1","",82,289,286,296,4711231,3121604,19193,1248,"",0.53,0.57,0.56,0.58,0.68,0.53,0.58,1.20,"",-7,-7.9,12,4.3,14,5.1,24,8.8,667711,16.5,274505,9.6,-14483,-43.0,111,9.8
"20000","5","54142","57","0","2025","1","",39,127,127,129,3945724,1690627,38375,2377,"",1.74,0.71,0.71,0.72,0.76,0.68,2.23,1.06,"",-8,-17.0,-35,-21.6,-41,-24.4,-38,-22.8,188263,5.0,-210004,-11.0,-5546,-12.6,632,36.2
"20000","5","541420","58","0","2025","1","",39,127,127,129,3945724,1690627,38375,2377,"",1.74,0.71,0.71,0.72,0.76,0.68,2.23,1.06,"",-8,-17.0,-35,-21.6,-41,-24.4,-38,-22.8,188263,5.0,-210004,-11.0,-5546,-12.6,632,36.2
"20000","5","54143","57","0","2025","1","",111,305,300,287,4444929,3199399,18474,1150,"",0.70,0.63,0.62,0.60,0.51,0.53,0.54,0.82,"",-20,-15.3,-22,-6.7,-25,-7.7,-25,-8.0,-192204,-4.1,-160261,-4.8,-17154,-48.1,40,3.6
"20000","5","541430","58","0","2025","1","",111,305,300,287,4444929,3199399,18474,1150,"",0.70,0.63,0.62,0.60,0.51,0.53,0.54,0.82,"",-20,-15.3,-22,-6.7,-25,-7.7,-25,-8.0,-192204,-4.1,-160261,-4.8,-17154,-48.1,40,3.6
"20000","5","54149","57","0","2025","1","",24,220,212,207,5717111,2591721,6837,2065,"",0.46,1.22,1.17,1.14,1.59,1.16,0.46,1.36,"",1,4.3,22,11.1,14,7.1,11,5.6,874244,18.1,144431,5.9,-17034,-71.4,177,9.4
"20000","5","541490","58","0","2025","1","",24,220,212,207,5717111,2591721,6837,2065,"",0.46,1.22,1.17,1.14,1.59,1.16,0.46,1.36,"",1,4.3,22,11.1,14,7.1,11,5.6,874244,18.1,144431,5.9,-17034,-71.4,177,9.4
"20000","5","5415","56","0","2025","1","",3821,17627,17559,17093,576483747,232947499,1901411,2545,"",1.14,0.79,0.79,0.78,0.70,0.65,0.91,0.89,"",-291,-7.1,790,4.7,694,4.1,549,3.3,51321151,9.8,8913773,4.0,-1655457,-46.5,133,5.5
"20000","5","54151","57","0","2025","1","",3821,17627,17559,17093,576483747,232947499,1901411,2545,"",1.14,0.79,0.79,0.78,0.70,0.65,0.91,0.89,"",-291,-7.1,790,4.7,694,4.1,549,3.3,51321151,9.8,8913773,4.0,-1655457,-46.5,133,5.5
"20000","5","541511","58","0","2025","1","",1575,7116,7102,6944,223516654,95626959,814914,2437,"",0.99,0.73,0.72,0.72,0.52,0.59,0.82,0.72,"",-97,-5.8,599,9.2,597,9.2,493,7.6,25594097,12.9,7584298,8.6,-681161,-45.5,91,3.9
"20000","5","541512","58","0","2025","1","",2100,9366,9295,9004,282372566,122793252,1018220,2355,"",1.47,0.90,0.89,0.87,0.86,0.73,1.10,0.97,"",-215,-9.3,145,1.6,30,0.3,0,0.0,7604953,2.8,378482,0.3,-844736,-45.3,48,2.1
"20000","5","541513","58","0","2025","1","",40,267,262,258,6586423,2789283,13679,1931,"",0.73,0.38,0.37,0.37,0.28,0.28,0.27,0.74,"",9,29.0,4,1.5,5,1.9,18,7.5,-156493,-2.3,-11109,-0.4,-25762,-65.3,-116,-5.7
"20000","5","541519","58","0","2025","1","",106,878,900,887,64008104,11738005,54598,5543,"",0.38,0.68,0.70,0.69,1.60,0.57,0.46,2.32,"",12,12.8,42,5.0,62,7.4,38,4.5,18278594,40.0,962102,8.9,-103798,-65.5,1360,32.5
"20000","5","5416","56","0","2025","1","",2889,12905,13070,12779,310625100,157021696,1530085,1850,"",0.85,0.76,0.77,0.75,0.71,0.64,1.11,0.93,"",-59,-2.0,330,2.6,407,3.2,270,2.2,26735673,9.4,8501035,5.7,-916809,-37.5,114,6.6
"20000","5","54161","57","0","2025","1","",2362,10572,10769,10494,251883596,127798117,1279989,1826,"",0.84,0.75,0.76,0.75,0.68,0.63,1.12,0.91,"",-58,-2.4,190,1.8,303,2.9,170,1.6,18916847,8.1,6616337,5.5,-765667,-37.4,101,5.9
"20000","5","541611","58","0","2025","1","",1261,6227,6207,6021,147644396,73229299,501118,1846,"",0.88,0.81,0.81,0.79,0.66,0.64,0.80,0.83,"",-21,-1.6,252,4.2,102,1.7,-25,-0.4,15873016,12.0,3884550,5.6,-562262,-52.9,168,10.0
"20000","5","541612","58","0","2025","1","",156,642,623,589,15115383,7514403,91185,1881,"",1.16,0.76,0.74,0.70,0.69,0.63,1.26,0.93,"",-16,-9.3,-56,-8.0,-26,-4.0,-24,-3.9,1259313,9.1,240886,3.3,-47727,-34.4,250,15.3
"20000","5","541613","58","0","2025","1","",659,1887,1912,1901,45436596,22490916,257753,1840,"",0.86,0.66,0.66,0.65,0.68,0.55,1.02,1.04,"",-32,-4.6,-38,-2.0,-33,-1.7,-1,-0.1,-1218560,-2.6,-76335,-0.3,-154767,-37.5,-25,-1.3
"20000","5","541614","58","0","2025","1","",163,1323,1523,1459,29928773,18095851,360494,1604,"",1.02,0.89,1.02,0.99,1.07,0.93,3.45,1.11,"",4,2.5,146,12.4,367,31.7,309,26.9,4376413,17.1,3624959,25.1,61563,20.6,-89,-5.3
"20000","5","541618","58","0","2025","1","",123,493,504,524,13758448,6467648,69439,2087,"",0.40,0.42,0.43,0.45,0.48,0.42,0.78,1.11,"",7,6.0,-114,-18.8,-107,-17.5,-89,-14.5,-1373335,-9.1,-1057723,-14.1,-62474,-47.4,180,9.4
"20000","5","54162","57","0","2025","1","",104,506,500,490,10817962,6278833,62315,1669,"",0.82,0.54,0.53,0.52,0.59,0.45,0.92,1.11,"",-3,-2.8,1,0.2,-1,-0.2,-10,-2.0,407339,3.9,10354,0.2,-35234,-36.1,74,4.6
"20000","5","541620","58","0","2025","1","",104,506,500,490,10817962,6278833,62315,1669,"",0.82,0.54,0.53,0.52,0.59,0.45,0.92,1.11,"",-3,-2.8,1,0.2,-1,-0.2,-10,-2.0,407339,3.9,10354,0.2,-35234,-36.1,74,4.6
"20000","5","54169","57","0","2025","1","",423,1827,1801,1795,47923542,22944746,187781,2039,"",0.91,0.94,0.92,0.92,0.95,0.79,1.14,1.03,"",2,0.5,139,8.2,105,6.2,110,6.5,7411487,18.3,1874344,8.9,-115908,-38.2,195,10.6
"20000","5","541690","58","0","2025","1","",423,1827,1801,1795,47923542,22944746,187781,2039,"",0.91,0.94,0.92,0.92,0.95,0.79,1.14,1.03,"",2,0.5,139,8.2,105,6.2,110,6.5,7411487,18.3,1874344,8.9,-115908,-38.2,195,10.6
"20000","5","5417","56","0","2025","1","",427,3520,3522,3482,117303279,47525821,267439,2572,"",0.89,0.42,0.41,0.41,0.32,0.36,0.36,0.78,"",0,0.0,61,1.8,88,2.6,97,2.9,5090165,4.5,1309124,2.8,-268103,-50.1,53,2.1
"20000","5","54171","57","0","2025","1","",396,3345,3343,3309,113740090,45552618,258572,2626,"",0.92,0.42,0.42,0.42,0.32,0.36,0.37,0.77,"",-2,-0.5,70,2.1,97,3.0,119,3.7,5892002,5.5,1714118,3.9,-253775,-49.5,63,2.5
"20000","5","541713","58","0","2025","1","",8,13,13,13,1052348,178311,2487,6227,"",0.39,0.07,0.07,0.07,0.15,0.05,0.16,2.27,"",-2,-20.0,-4,-23.5,-3,-18.8,-2,-13.3,62968,6.4,-45709,-20.4,-1727,-41.0,1470,30.9
"20000","5","541714","58","0","2025","1","",163,818,818,800,31798143,10827513,108578,3012,"",0.89,0.31,0.31,0.30,0.20,0.23,0.35,0.66,"",16,10.9,167,25.7,177,27.6,186,30.3,4604897,16.9,2400255,28.5,-49597,-31.4,-280,-8.5
"20000","5","541715","58","0","2025","1","",225,2514,2512,2496,80889599,34546794,147507,2482,"",1.00,0.50,0.50,0.49,0.43,0.46,0.39,0.87,"",-16,-6.6,-93,-3.6,-77,-3.0,-65,-2.5,1224137,1.5,-640428,-1.8,-202451,-57.9,112,4.7
"20000","5","54172","57","0","2025","1","",31,175,179,173,3563189,1973203,8867,1560,"",0.62,0.29,0.30,0.28,0.29,0.35,0.30,1.00,"",2,6.9,-9,-4.9,-9,-4.8,-22,-11.3,-801837,-18.4,-404994,-17.0,-14328,-61.8,-217,-12.2
"20000","5","541720","58","0","2025","1","",31,175,179,173,3563189,1973203,8867,1560,"",0.62,0.29,0.30,0.28,0.29,0.35,0.30,1.00,"",2,6.9,-9,-4.9,-9,-4.8,-22,-11.3,-801837,-18.4,-404994,-17.0,-14328,-61.8,-217,-12.2
"20000","5","5418","56","0","2025","1","",529,3259,3283,3301,59108470,35395827,223387,1386,"",0.83,0.74,0.74,0.75,0.59,0.59,0.58,0.80,"",-45,-7.8,274,9.2,250,8.2,262,8.6,5031657,9.3,2728557,8.4,-177772,-44.3,8,0.6
"20000","5","54181","57","0","2025","1","",283,1212,1233,1233,28819700,16038499,162213,1808,"",0.90,0.63,0.64,0.64,0.56,0.54,0.75,0.87,"",-19,-6.3,53,4.6,70,6.0,88,7.7,3854066,15.4,1129733,7.6,-73962,-31.3,146,8.8
"20000","5","541810","58","0","2025","1","",283,1212,1233,1233,28819700,16038499,162213,1808,"",0.90,0.63,0.64,0.64,0.56,0.54,0.75,0.87,"",-19,-6.3,53,4.6,70,6.0,88,7.7,3854066,15.4,1129733,7.6,-73962,-31.3,146,8.8
"20000","5","54182","57","0","2025","1","",73,198,202,202,6083045,2488621,17407,2332,"",0.60,0.35,0.35,0.35,0.36,0.31,0.33,1.03,"",-8,-9.9,6,3.1,-7,-3.3,-11,-5.2,547173,9.9,65601,2.7,-9638,-35.6,251,12.1
"20000","5","541820","58","0","2025","1","",73,198,202,202,6083045,2488621,17407,2332,"",0.60,0.35,0.35,0.35,0.36,0.31,0.33,1.03,"",-8,-9.9,6,3.1,-7,-3.3,-11,-5.2,547173,9.9,65601,2.7,-9638,-35.6,251,12.1
"20000","5","54183","57","0","2025","1","",10,29,29,30,1046801,402488,4413,2745,"",0.78,0.17,0.17,0.18,0.23,0.16,0.23,1.30,"",-4,-28.6,-17,-37.0,-17,-37.0,-17,-36.2,-37807,-3.5,-82256,-17.0,-2021,-31.4,944,52.4
"20000","5","541830","58","0","2025","1","",10,29,29,30,1046801,402488,4413,2745,"",0.78,0.17,0.17,0.18,0.23,0.16,0.23,1.30,"",-4,-28.6,-17,-37.0,-17,-37.0,-17,-36.2,-37807,-3.5,-82256,-17.0,-2021,-31.4,944,52.4
"20000","5","54184","57","0","2025","1","",23,93,96,92,2202492,1162190,1794,1809,"",0.79,0.60,0.62,0.60,0.51,0.48,0.13,0.85,"",-5,-17.9,-10,-9.7,-23,-19.3,-30,-24.6,-587826,-21.1,-281930,-19.5,-9726,-84.4,-63,-3.4
"20000","5","541840","58","0","2025","1","",23,93,96,92,2202492,1162190,1794,1809,"",0.79,0.60,0.62,0.60,0.51,0.48,0.13,0.85,"",-5,-17.9,-10,-9.7,-23,-19.3,-30,-24.6,-587826,-21.1,-281930,-19.5,-9726,-84.4,-63,-3.4
"20000","5","54185","57","0","2025","1","",22,129,136,132,2311571,1507308,5542,1344,"",0.91,0.47,0.49,0.47,0.42,0.44,0.35,0.87,"",1,4.8,4,3.2,9,7.1,2,1.5,-320833,-12.2,57044,3.9,-8860,-61.5,-246,-15.5
"20000","5","541850","58","0","2025","1","",22,129,136,132,2311571,1507308,5542,1344,"",0.91,0.47,0.49,0.47,0.42,0.44,0.35,0.87,"",1,4.8,4,3.2,9,7.1,2,1.5,-320833,-12.2,57044,3.9,-8860,-61.5,-246,-15.5
"20000","5","54186","57","0","2025","1","",25,906,910,906,10241967,8592628,14700,868,"",1.21,3.13,3.14,3.13,2.32,2.30,0.69,0.74,"",1,4.2,217,31.5,229,33.6,217,31.5,2016650,24.5,1809225,26.7,-48802,-76.9,-54,-5.9
"20000","5","541860","58","0","2025","1","",25,906,910,906,10241967,8592628,14700,868,"",1.21,3.13,3.14,3.13,2.32,2.30,0.69,0.74,"",1,4.2,217,31.5,229,33.6,217,31.5,2016650,24.5,1809225,26.7,-48802,-76.9,-54,-5.9
"20000","5","54187","57","0","2025","1","",20,66,64,63,2174654,774694,5832,2600,"",0.63,0.43,0.41,0.40,0.88,0.46,0.55,2.13,"",-1,-4.8,-9,-12.0,-11,-14.7,-11,-14.9,-445598,-17.0,-51843,-6.3,-4472,-43.4,-99,-3.7
"20000","5","541870","58","0","2025","1","",20,66,64,63,2174654,774694,5832,2600,"",0.63,0.43,0.41,0.40,0.88,0.46,0.55,2.13,"",-1,-4.8,-9,-12.0,-11,-14.7,-11,-14.9,-445598,-17.0,-51843,-6.3,-4472,-43.4,-99,-3.7
"20000","5","54189","57","0","2025","1","",73,626,613,643,6228240,4429399,11486,764,"",0.87,0.73,0.71,0.74,0.66,0.54,0.31,0.90,"",-10,-12.0,30,5.0,0,0.0,24,3.9,5832,0.1,82983,1.9,-20291,-63.9,-22,-2.8
"20000","5","541890","58","0","2025","1","",73,626,613,643,6228240,4429399,11486,764,"",0.87,0.73,0.71,0.74,0.66,0.54,0.31,0.90,"",-10,-12.0,30,5.0,0,0.0,24,3.9,5832,0.1,82983,1.9,-20291,-63.9,-22,-2.8
"20000","5","5419","56","0","2025","1","",1466,8727,8792,8793,153926300,84574731,711286,1350,"",1.27,1.09,1.09,1.09,1.20,0.88,1.57,1.10,"",20,1.4,-207,-2.3,-267,-2.9,-254,-2.8,11936898,8.4,1127389,1.4,-415075,-36.9,138,11.4
"20000","5","54191","57","0","2025","1","",74,450,435,430,6824523,3788292,26140,1198,"",0.88,0.76,0.73,0.72,0.44,0.45,0.44,0.60,"",-2,-2.6,-141,-23.9,-128,-22.7,-131,-23.4,-263767,-3.7,-191109,-4.8,-25110,-49.0,244,25.6
"20000","5","541910","58","0","2025","1","",74,450,435,430,6824523,3788292,26140,1198,"",0.88,0.76,0.73,0.72,0.44,0.45,0.44,0.60,"",-2,-2.6,-141,-23.9,-128,-22.7,-131,-23.4,-263767,-3.7,-191109,-4.8,-25110,-49.0,244,25.6
"20000","5","54192","57","0","2025","1","",89,210,232,240,1613958,1499318,23069,546,"",0.65,0.55,0.58,0.57,0.50,0.43,1.00,0.88,"",-10,-10.1,15,7.7,0,0.0,-31,-11.4,-55686,-3.3,-29207,-1.9,-9569,-29.3,-6,-1.1
"20000","5","541921","58","0","2025","1","",72,178,203,209,1362522,1255232,21323,533,"",0.73,0.63,0.68,0.66,0.66,0.52,1.29,1.01,"",-4,-5.3,24,15.6,8,4.1,-24,-10.3,-15261,-1.1,3332,0.3,-8166,-27.7,-13,-2.4
"20000","5","541922","58","0","2025","1","",17,32,29,31,251436,244086,1746,631,"",0.43,0.32,0.29,0.30,0.21,0.23,0.27,0.70,"",-6,-26.1,-9,-22.0,-8,-21.6,-7,-18.4,-40425,-13.9,-32539,-11.8,-1403,-44.6,50,8.6
"20000","5","54193","57","0","2025","1","",34,301,310,309,11186607,3651224,33417,2806,"",0.80,0.81,0.82,0.82,2.44,0.92,1.49,2.99,"",-4,-10.5,31,11.5,30,10.7,34,12.4,3449305,44.6,543379,17.5,-23043,-40.8,642,29.7
"20000","5","541930","58","0","2025","1","",34,301,310,309,11186607,3651224,33417,2806,"",0.80,0.81,0.82,0.82,2.44,0.92,1.49,2.99,"",-4,-10.5,31,11.5,30,10.7,34,12.4,3449305,44.6,543379,17.5,-23043,-40.8,642,29.7
"20000","5","54194","57","0","2025","1","",466,5066,4971,5003,56245772,40154584,159691,863,"",1.60,1.17,1.16,1.16,1.13,0.87,0.99,0.97,"",14,3.1,119,2.4,17,0.3,24,0.5,3254474,6.1,1383429,3.6,-248920,-60.9,41,5.0
"20000","5","541940","58","0","2025","1","",466,5066,4971,5003,56245772,40154584,159691,863,"",1.60,1.17,1.16,1.16,1.13,0.87,0.99,0.97,"",14,3.1,119,2.4,17,0.3,24,0.5,3254474,6.1,1383429,3.6,-248920,-60.9,41,5.0
"20000","5","54199","57","0","2025","1","",803,2700,2844,2811,78055440,35481313,468969,2156,"",1.34,1.15,1.20,1.18,1.42,1.05,2.50,1.20,"",22,2.8,-231,-7.9,-186,-6.1,-150,-5.1,5552572,7.7,-579103,-1.6,-108433,-18.8,281,15.0
"20000","5","541990","58","0","2025","1","",803,2700,2844,2811,78055440,35481313,468969,2156,"",1.34,1.15,1.20,1.18,1.42,1.05,2.50,1.20,"",22,2.8,-231,-7.9,-186,-6.1,-150,-5.1,5552572,7.7,-579103,-1.6,-108433,-18.8,281,15.0
"20000","5","55","54","0","2025","1","",848,21664,21559,21565,1034364489,339425971,998343,3684,"",1.01,0.91,0.90,0.90,1.12,0.77,0.54,1.24,"",20,2.4,-426,-1.9,-472,-2.1,-461,-2.1,26570214,2.6,-7054815,-2.0,-1736640,-63.5,168,4.8
"20000","5","551","55","0","2025","1","",848,21664,21559,21565,1034364489,339425971,998343,3684,"",1.01,0.91,0.90,0.90,1.12,0.77,0.54,1.24,"",20,2.4,-426,-1.9,-472,-2.1,-461,-2.1,26570214,2.6,-7054815,-2.0,-1736640,-63.5,168,4.8
"20000","5","5511","56","0","2025","1","",848,21664,21559,21565,1034364489,339425971,998343,3684,"",1.01,0.91,0.90,0.90,1.12,0.77,0.54,1.24,"",20,2.4,-426,-1.9,-472,-2.1,-461,-2.1,26570214,2.6,-7054815,-2.0,-1736640,-63.5,168,4.8
"20000","5","55111","57","0","2025","1","",848,21664,21559,21565,1034364489,339425971,998343,3684,"",1.01,0.91,0.90,0.90,1.12,0.77,0.54,1.24,"",20,2.4,-426,-1.9,-472,-2.1,-461,-2.1,26570214,2.6,-7054815,-2.0,-1736640,-63.5,168,4.8
"20000","5","551111","58","0","2025","1","",13,75,75,74,3741601,988775,2453,3855,"",1.65,0.94,0.93,0.92,1.02,0.72,0.59,1.09,"",-1,-7.1,-5,-6.2,-6,-7.4,-4,-5.1,293234,8.5,-29222,-2.9,-7383,-75.1,525,15.8
"20000","5","551112","58","0","2025","1","",119,1383,1334,1352,56311281,19026019,124347,3194,"",0.93,1.68,1.61,1.62,1.51,1.52,1.98,0.93,"",8,7.2,73,5.6,18,1.4,29,2.2,12052305,27.2,1230945,6.9,-134545,-52.0,608,23.5
"20000","5","551114","58","0","2025","1","",716,20206,20150,20139,974311607,319411177,871543,3717,"",1.02,0.88,0.88,0.87,1.10,0.75,0.49,1.26,"",13,1.8,-494,-2.4,-484,-2.3,-486,-2.4,14224675,1.5,-8256538,-2.5,-1594712,-64.7,141,3.9
"20000","5","56","54","0","2025","1","",6869,69073,70204,71756,1032865882,674787202,4690936,1129,"",1.24,0.86,0.87,0.88,1.07,0.78,0.93,1.22,"",-240,-3.4,-1975,-2.8,-2375,-3.3,-1123,-1.5,-1511032,-0.1,-10686198,-1.6,-4597297,-49.5,26,2.4
"20000","5","561","55","0","2025","1","",6569,65734,66847,68387,971281097,633863540,4533371,1115,"",1.25,0.87,0.88,0.89,1.09,0.79,0.97,1.23,"",-238,-3.5,-2108,-3.1,-2495,-3.6,-1230,-1.8,-4949252,-0.5,-12253088,-1.9,-4364231,-49.0,26,2.4
"20000","5","5611","56","0","2025","1","",1507,10589,10599,10589,302819749,124080272,842891,2199,"",2.21,1.87,1.87,1.86,2.19,1.75,2.39,1.17,"",-16,-1.1,652,6.6,584,5.8,610,6.1,20239645,7.2,7327362,6.3,-673539,-44.4,20,0.9
"20000","5","56111","57","0","2025","1","",1507,10589,10599,10589,302819749,124080272,842891,2199,"",2.21,1.87,1.87,1.86,2.19,1.75,2.39,1.17,"",-16,-1.1,652,6.6,584,5.8,610,6.1,20239645,7.2,7327362,6.3,-673539,-44.4,20,0.9
"20000","5","561110","58","0","2025","1","",1507,10589,10599,10589,302819749,124080272,842891,2199,"",2.21,1.87,1.87,1.86,2.19,1.75,2.39,1.17,"",-16,-1.1,652,6.6,584,5.8,610,6.1,20239645,7.2,7327362,6.3,-673539,-44.4,20,0.9
"20000","5","5612","56","0","2025","1","",86,1635,1676,1768,18081953,14506883,56231,822,"",1.30,0.99,1.02,1.07,0.79,0.79,0.58,0.77,"",-6,-6.5,74,4.7,110,7.0,119,7.2,686413,3.9,619593,4.5,-65892,-54.0,-19,-2.3
"20000","5","56121","57","0","2025","1","",86,1635,1676,1768,18081953,14506883,56231,822,"",1.30,0.99,1.02,1.07,0.79,0.79,0.58,0.77,"",-6,-6.5,74,4.7,110,7.0,119,7.2,686413,3.9,619593,4.5,-65892,-54.0,-19,-2.3
"20000","5","561210","58","0","2025","1","",86,1635,1676,1768,18081953,14506883,56231,822,"",1.30,0.99,1.02,1.07,0.79,0.79,0.58,0.77,"",-6,-6.5,74,4.7,110,7.0,119,7.2,686413,3.9,619593,4.5,-65892,-54.0,-19,-2.3
"20000","5","5613","56","0","2025","1","",1633,21265,22100,22665,265746534,201294040,1792234,929,"",1.35,0.74,0.76,0.78,0.83,0.66,0.88,1.10,"",-131,-7.4,-1962,-8.4,-2187,-9.0,-834,-3.5,-19734978,-6.9,-14075745,-6.5,-1706668,-48.8,1,0.1
"20000","5","56131","57","0","2025","1","",266,1145,1200,1157,20050168,12981989,193797,1321,"",0.91,0.44,0.45,0.43,0.49,0.42,0.90,1.11,"",-15,-5.3,207,22.1,54,4.7,40,3.6,949615,5.0,1098040,9.2,-12032,-5.8,-56,-4.1
"20000","5","561311","58","0","2025","1","",203,1012,1067,1027,15915288,11289166,177895,1182,"",0.92,0.44,0.46,0.44,0.55,0.43,0.99,1.22,"",-8,-3.8,213,26.7,51,5.0,39,3.9,1161717,7.9,1193174,11.8,914,0.5,-33,-2.7
"20000","5","561312","58","0","2025","1","",63,133,133,130,4134880,1692823,15902,2410,"",0.89,0.39,0.39,0.39,0.34,0.34,0.42,0.88,"",-7,-10.0,-6,-4.3,3,2.3,1,0.8,-212102,-4.9,-95134,-5.3,-12946,-44.9,-110,-4.4
"20000","5","56132","57","0","2025","1","",1143,19350,20128,20732,228359266,178160192,1538843,875,"",1.49,0.87,0.89,0.91,1.05,0.77,0.99,1.19,"",-84,-6.8,-2304,-10.6,-2380,-10.6,-1006,-4.6,-22873611,-9.1,-16842249,-8.6,-1633613,-51.5,-5,-0.6
"20000","5","561320","58","0","2025","1","",1143,19350,20128,20732,228359266,178160192,1538843,875,"",1.49,0.87,0.89,0.91,1.05,0.77,0.99,1.19,"",-84,-6.8,-2304,-10.6,-2380,-10.6,-1006,-4.6,-22873611,-9.1,-16842249,-8.6,-1633613,-51.5,-5,-0.6
"20000","5","56133","57","0","2025","1","",224,770,772,776,17337100,10151859,59594,1726,"",1.52,0.21,0.21,0.21,0.28,0.24,0.22,1.34,"",-32,-12.5,135,21.3,139,22.0,132,20.5,2189018,14.5,1668464,19.7,-61023,-50.6,-102,-5.6
"20000","5","561330","58","0","2025","1","",224,770,772,776,17337100,10151859,59594,1726,"",1.52,0.21,0.21,0.21,0.28,0.24,0.22,1.34,"",-32,-12.5,135,21.3,139,22.0,132,20.5,2189018,14.5,1668464,19.7,-61023,-50.6,-102,-5.6
"20000","5","5614","56","0","2025","1","",704,6642,6523,6347,97913097,64741911,402851,1158,"",1.43,1.07,1.06,1.04,1.08,0.94,1.10,1.02,"",-55,-7.2,-1029,-13.4,-1196,-15.5,-1296,-17.0,-9992531,-9.3,-7955891,-10.9,-453748,-53.0,77,7.1
"20000","5","56141","57","0","2025","1","",75,193,175,157,2248342,1486683,10420,988,"",1.24,0.59,0.53,0.48,0.60,0.46,0.75,1.13,"",-19,-20.2,-19,-9.0,-36,-17.1,-47,-23.0,-270708,-10.7,-199461,-11.8,-19042,-64.6,61,6.6
"20000","5","561410","58","0","2025","1","",75,193,175,157,2248342,1486683,10420,988,"",1.24,0.59,0.53,0.48,0.60,0.46,0.75,1.13,"",-19,-20.2,-19,-9.0,-36,-17.1,-47,-23.0,-270708,-10.7,-199461,-11.8,-19042,-64.6,61,6.6
"20000","5","56142","57","0","2025","1","",290,3692,3641,3518,49300877,34379693,276967,1048,"",2.35,1.17,1.17,1.15,1.34,1.01,1.59,1.15,"",-58,-16.7,-785,-17.5,-915,-20.1,-971,-21.6,-11355613,-18.7,-7650662,-18.2,-281529,-50.4,13,1.3
"20000","5","561421","58","0","2025","1","",81,380,388,375,4756162,3483438,33142,960,"",3.09,1.20,1.23,1.22,1.34,1.04,1.95,1.10,"",-5,-5.8,-46,-10.8,-31,-7.4,-39,-9.4,-303960,-6.0,-396865,-10.2,-20813,-38.6,33,3.6
"20000","5","561422","58","0","2025","1","",209,3312,3253,3143,44544715,30896255,243825,1059,"",2.15,1.17,1.17,1.14,1.34,1.00,1.55,1.16,"",-53,-20.2,-739,-18.2,-884,-21.4,-932,-22.9,-11051653,-19.9,-7253797,-19.0,-260716,-51.7,13,1.2
"20000","5","56143","57","0","2025","1","",63,432,419,417,5159182,3550248,10627,939,"",0.68,0.63,0.61,0.61,0.81,0.54,0.33,1.31,"",-2,-3.1,-24,-5.3,-34,-7.5,-28,-6.3,-175866,-3.3,-99682,-2.7,-20122,-65.4,30,3.3
"20000","5","561431","58","0","2025","1","",30,179,172,171,1103027,989284,2452,488,"",0.64,0.55,0.53,0.53,0.52,0.38,0.21,0.97,"",0,0.0,-37,-17.1,-42,-19.6,-38,-18.2,-408242,-27.0,-425173,-30.1,-13692,-84.8,-58,-10.6
"20000","5","561439","58","0","2025","1","",33,253,247,246,4056155,2560964,8175,1255,"",0.71,0.70,0.68,0.67,0.95,0.64,0.41,1.39,"",-2,-5.7,13,5.4,8,3.3,10,4.2,232376,6.1,325491,14.6,-6430,-44.0,21,1.7
"20000","5","56144","57","0","2025","1","",75,1382,1350,1316,19587439,14576065,55638,1117,"",1.50,1.73,1.70,1.66,1.63,1.55,1.09,0.96,"",-6,-7.4,-43,-3.0,-46,-3.3,-102,-7.2,-1458011,-6.9,-25902,-0.2,-48311,-46.5,-29,-2.5
"20000","5","561440","58","0","2025","1","",75,1382,1350,1316,19587439,14576065,55638,1117,"",1.50,1.73,1.70,1.66,1.63,1.55,1.09,0.96,"",-6,-7.4,-43,-3.0,-46,-3.3,-102,-7.2,-1458011,-6.9,-25902,-0.2,-48311,-46.5,-29,-2.5
"20000","5","56145","57","0","2025","1","",15,34,34,34,1574122,448220,3479,3561,"",1.45,0.18,0.17,0.18,0.17,0.15,0.20,0.98,"",3,25.0,5,17.2,5,17.2,6,21.4,378671,31.7,66591,17.4,-2134,-38.0,353,11.0
"20000","5","561450","58","0","2025","1","",15,34,34,34,1574122,448220,3479,3561,"",1.45,0.18,0.17,0.18,0.17,0.15,0.20,0.98,"",3,25.0,5,17.2,5,17.2,6,21.4,378671,31.7,66591,17.4,-2134,-38.0,353,11.0
"20000","5","56149","57","0","2025","1","",186,909,904,905,20043135,10301002,45720,1702,"",1.19,0.89,0.87,0.87,0.89,0.81,0.60,1.01,"",27,17.0,-163,-15.2,-170,-15.8,-154,-14.5,2888996,16.8,-46775,-0.5,-82610,-64.4,467,37.8
"20000","5","561491","58","0","2025","1","",11,31,28,30,323337,298701,1338,838,"",1.59,0.45,0.40,0.43,0.41,0.40,0.35,0.97,"",-2,-15.4,-3,-8.8,-7,-20.0,-5,-14.3,2023,0.6,-11357,-3.7,-1754,-56.7,125,17.5
"20000","5","561492","58","0","2025","1","",21,64,66,55,871685,662551,2018,1087,"",0.81,0.61,0.62,0.52,0.60,0.57,0.34,1.02,"",-2,-8.7,1,1.6,2,3.1,-1,-1.8,53031,6.5,10259,1.6,-3511,-63.5,55,5.3
"20000","5","561499","58","0","2025","1","",154,814,810,820,18848113,9339750,42364,1780,"",1.25,0.95,0.94,0.95,0.93,0.87,0.64,0.98,"",31,25.2,-161,-16.5,-165,-16.9,-148,-15.3,2833942,17.7,-45677,-0.5,-77345,-64.6,514,40.6
"20000","5","5615","56","0","2025","1","",169,1083,1085,1088,21830969,12845288,66720,1547,"",0.91,0.65,0.64,0.64,0.58,0.56,0.59,0.90,"",3,1.8,-24,-2.2,-34,-3.0,-37,-3.3,-371676,-1.7,-231168,-1.8,-62915,-48.5,18,1.2
"20000","5","56151","57","0","2025","1","",97,406,422,425,7033593,4845858,29074,1295,"",0.88,0.59,0.61,0.61,0.46,0.45,0.52,0.76,"",7,7.8,-67,-14.2,-54,-11.3,-47,-10.0,-941435,-11.8,-796272,-14.1,-30503,-51.2,0,0.0
"20000","5","561510","58","0","2025","1","",97,406,422,425,7033593,4845858,29074,1295,"",0.88,0.59,0.61,0.61,0.46,0.45,0.52,0.76,"",7,7.8,-67,-14.2,-54,-11.3,-47,-10.0,-941435,-11.8,-796272,-14.1,-30503,-51.2,0,0.0
"20000","5","56152","57","0","2025","1","",18,177,164,170,2115679,1766054,6967,955,"",0.64,0.87,0.79,0.79,0.70,0.67,0.46,0.86,"",2,12.5,3,1.7,-6,-3.5,-9,-5.0,136960,6.9,102427,6.2,-12363,-64.0,82,9.4
"20000","5","561520","58","0","2025","1","",18,177,164,170,2115679,1766054,6967,955,"",0.64,0.87,0.79,0.79,0.70,0.67,0.46,0.86,"",2,12.5,3,1.7,-6,-3.5,-9,-5.0,136960,6.9,102427,6.2,-12363,-64.0,82,9.4
"20000","5","56159","57","0","2025","1","",54,500,499,493,12681697,6233376,30679,1961,"",1.14,0.64,0.63,0.62,0.66,0.65,0.74,1.04,"",-6,-10.0,40,8.7,26,5.5,19,4.0,432799,3.5,462677,8.0,-20049,-39.5,-48,-2.4
"20000","5","561591","58","0","2025","1","",9,52,51,52,1169114,652235,1306,1741,"",1.10,0.64,0.61,0.63,0.88,0.68,0.35,1.41,"",1,12.5,5,10.6,2,4.1,1,2.0,153333,15.1,70619,12.1,-1772,-57.6,146,9.2
"20000","5","561599","58","0","2025","1","",45,448,448,441,11512583,5581141,29373,1987,"",1.15,0.64,0.64,0.62,0.64,0.64,0.78,1.01,"",-7,-13.5,35,8.5,24,5.7,18,4.3,279466,2.5,392058,7.6,-18277,-38.4,-70,-3.4
"20000","5","5616","56","0","2025","1","",250,5865,5941,5834,69204621,52788582,246524,905,"",0.78,0.61,0.62,0.61,0.77,0.55,0.47,1.25,"",9,3.7,453,8.4,433,7.9,444,8.2,5448701,8.5,3746269,7.6,-334535,-57.6,3,0.3
"20000","5","56161","57","0","2025","1","",134,4217,4264,4122,37621949,32451040,165557,689,"",0.69,0.52,0.52,0.51,0.56,0.42,0.37,1.09,"",6,4.7,351,9.1,331,8.4,290,7.6,2296195,6.5,1890356,6.2,-193665,-53.9,-12,-1.7
"20000","5","561611","58","0","2025","1","",36,115,117,116,1806234,1296473,8398,1198,"",0.77,0.31,0.31,0.31,0.37,0.32,0.32,1.19,"",-4,-10.0,-18,-13.5,-8,-6.4,-3,-2.5,85595,5.0,9562,0.7,-9139,-52.1,145,13.8
"20000","5","561612","58","0","2025","1","",92,3858,3909,3765,30972850,28421576,147485,620,"",0.65,0.51,0.52,0.51,0.53,0.41,0.37,1.03,"",10,12.2,383,11.0,362,10.2,313,9.1,2402941,8.4,2049273,7.8,-157532,-51.6,-9,-1.4
"20000","5","561613","58","0","2025","1","",6,244,238,241,4842865,2732991,9674,1546,"",0.82,1.04,1.01,1.02,1.54,0.96,0.67,1.51,"",0,0.0,-14,-5.4,-23,-8.8,-20,-7.7,-192341,-3.8,-168479,-5.8,-26994,-73.6,56,3.8
"20000","5","56162","57","0","2025","1","",116,1648,1677,1712,31582672,20337542,80967,1447,"",0.93,1.15,1.17,1.19,1.36,1.10,0.93,1.16,"",3,2.7,102,6.6,102,6.5,154,9.9,3152506,11.1,1855913,10.0,-140870,-63.5,45,3.2
"20000","5","561621","58","0","2025","1","",93,1571,1599,1632,30703109,19521473,78853,1475,"",1.03,1.23,1.25,1.27,1.43,1.17,0.99,1.14,"",3,3.3,97,6.6,96,6.4,144,9.7,3087307,11.2,1788943,10.1,-138254,-63.7,48,3.4
"20000","5","561622","58","0","2025","1","",23,77,78,80,879563,816069,2114,864,"",0.66,0.49,0.49,0.51,0.50,0.46,0.30,1.00,"",0,0.0,5,6.9,6,8.3,10,14.3,65199,8.0,66970,8.9,-2616,-55.3,-14,-1.6
"20000","5","5617","56","0","2025","1","",2002,16851,17144,18231,169996354,146247571,964218,751,"",0.99,0.88,0.88,0.91,1.07,0.80,1.00,1.20,"",-25,-1.2,-59,-0.3,-40,-0.2,-152,-0.8,85620,0.1,12614,0.0,-935799,-49.3,4,0.5
"20000","5","56171","57","0","2025","1","",181,1069,1074,1098,13907845,11048469,65464,990,"",1.28,0.79,0.79,0.79,0.90,0.73,1.04,1.14,"",3,1.7,-127,-10.6,-123,-10.3,-96,-8.0,-1689920,-10.8,-1298019,-10.5,-88261,-57.4,-13,-1.3
"20000","5","561710","58","0","2025","1","",181,1069,1074,1098,13907845,11048469,65464,990,"",1.28,0.79,0.79,0.79,0.90,0.73,1.04,1.14,"",3,1.7,-127,-10.6,-123,-10.3,-96,-8.0,-1689920,-10.8,-1298019,-10.5,-88261,-57.4,-13,-1.3
"20000","5","56172","57","0","2025","1","",696,8540,8561,8597,67517646,60951496,261644,606,"",1.04,0.88,0.88,0.88,1.06,0.76,0.72,1.20,"",-23,-3.2,-212,-2.4,-258,-2.9,-152,-1.7,-2019885,-2.9,-798102,-1.3,-367575,-58.4,-4,-0.7
"20000","5","561720","58","0","2025","1","",696,8540,8561,8597,67517646,60951496,261644,606,"",1.04,0.88,0.88,0.88,1.06,0.76,0.72,1.20,"",-23,-3.2,-212,-2.4,-258,-2.9,-152,-1.7,-2019885,-2.9,-798102,-1.3,-367575,-58.4,-4,-0.7
"20000","5","56173","57","0","2025","1","",933,6233,6471,7513,76006859,64385661,573008,868,"",0.95,0.91,0.91,1.01,1.14,0.87,1.23,1.20,"",-7,-0.7,264,4.4,305,4.9,79,1.1,4133188,5.8,2385655,3.8,-422019,-42.4,20,2.4
"20000","5","561730","58","0","2025","1","",933,6233,6471,7513,76006859,64385661,573008,868,"",0.95,0.91,0.91,1.01,1.14,0.87,1.23,1.20,"",-7,-0.7,264,4.4,305,4.9,79,1.1,4133188,5.8,2385655,3.8,-422019,-42.4,20,2.4
"20000","5","56174","57","0","2025","1","",70,353,346,349,3536074,2942976,12472,779,"",1.29,1.14,1.11,1.13,1.33,0.95,0.90,1.18,"",-3,-4.1,-1,-0.3,-10,-2.8,-10,-2.8,-158676,-4.3,-177239,-5.7,-19832,-61.4,-19,-2.4
"20000","5","561740","58","0","2025","1","",70,353,346,349,3536074,2942976,12472,779,"",1.29,1.14,1.11,1.13,1.33,0.95,0.90,1.18,"",-3,-4.1,-1,-0.3,-10,-2.8,-10,-2.8,-158676,-4.3,-177239,-5.7,-19832,-61.4,-19,-2.4
"20000","5","56179","57","0","2025","1","",122,656,692,674,9027930,6918969,51630,1030,"",0.71,0.68,0.71,0.69,0.95,0.69,0.88,1.37,"",5,4.3,17,2.7,46,7.1,27,4.2,-179087,-1.9,-99681,-1.4,-38112,-42.5,-70,-6.4
"20000","5","561790","58","0","2025","1","",122,656,692,674,9027930,6918969,51630,1030,"",0.71,0.68,0.71,0.69,0.95,0.69,0.88,1.37,"",5,4.3,17,2.7,46,7.1,27,4.2,-179087,-1.9,-99681,-1.4,-38112,-42.5,-70,-6.4
"20000","5","5619","56","0","2025","1","",218,1804,1779,1865,25687820,17358993,161702,1088,"",0.83,0.63,0.61,0.62,0.71,0.51,0.75,1.14,"",-17,-7.2,-213,-10.6,-165,-8.5,-84,-4.3,-1310446,-4.9,-1696122,-8.9,-131135,-44.8,34,3.2
"20000","5","56191","57","0","2025","1","",18,219,218,228,3480444,2117194,16377,1208,"",0.74,0.39,0.39,0.40,0.52,0.32,0.46,1.32,"",0,0.0,-58,-20.9,-92,-29.7,-78,-25.5,273346,8.5,-661480,-23.8,-26304,-61.6,379,45.7
"20000","5","561910","58","0","2025","1","",18,219,218,228,3480444,2117194,16377,1208,"",0.74,0.39,0.39,0.40,0.52,0.32,0.46,1.32,"",0,0.0,-58,-20.9,-92,-29.7,-78,-25.5,273346,8.5,-661480,-23.8,-26304,-61.6,379,45.7
"20000","5","56192","57","0","2025","1","",43,162,146,186,2695152,1742269,16081,1259,"",0.66,0.32,0.28,0.34,0.33,0.25,0.26,1.05,"",-3,-6.5,27,20.0,10,7.4,39,26.5,289110,12.0,209264,13.7,-5617,-25.9,-69,-5.2
"20000","5","561920","58","0","2025","1","",43,162,146,186,2695152,1742269,16081,1259,"",0.66,0.32,0.28,0.34,0.33,0.25,0.26,1.05,"",-3,-6.5,27,20.0,10,7.4,39,26.5,289110,12.0,209264,13.7,-5617,-25.9,-69,-5.2
"20000","5","56199","57","0","2025","1","",157,1423,1415,1451,19512224,13499530,129244,1050,"",0.91,0.79,0.77,0.77,0.91,0.67,1.09,1.17,"",-14,-8.2,-182,-11.3,-83,-5.5,-45,-3.0,-1872902,-8.8,-1243906,-8.4,-99214,-43.4,-23,-2.1
"20000","5","561990","58","0","2025","1","",157,1423,1415,1451,19512224,13499530,129244,1050,"",0.91,0.79,0.77,0.77,0.91,0.67,1.09,1.17,"",-14,-8.2,-182,-11.3,-83,-5.5,-45,-3.0,-1872902,-8.8,-1243906,-8.4,-99214,-43.4,-23,-2.1
"20000","5","562","55","0","2025","1","",300,3339,3357,3369,61584785,40923662,157565,1412,"",0.99,0.72,0.72,0.71,0.82,0.64,0.47,1.15,"",-2,-0.7,133,4.1,120,3.7,107,3.3,3438220,5.9,1566890,4.0,-233066,-59.7,29,2.1
"20000","5","5621","56","0","2025","1","",124,1688,1697,1695,32496478,20688029,50341,1476,"",1.07,0.84,0.85,0.84,1.11,0.80,0.42,1.31,"",-6,-4.6,65,4.0,66,4.0,69,4.2,1990749,6.5,818784,4.1,-123731,-71.1,33,2.3
"20000","5","56211","57","0","2025","1","",124,1688,1697,1695,32496478,20688029,50341,1476,"",1.07,0.84,0.85,0.84,1.11,0.80,0.42,1.31,"",-6,-4.6,65,4.0,66,4.0,69,4.2,1990749,6.5,818784,4.1,-123731,-71.1,33,2.3
"20000","5","562111","58","0","2025","1","",109,1424,1441,1439,27109419,18085321,42088,1454,"",1.22,0.83,0.84,0.83,1.07,0.80,0.42,1.29,"",-5,-4.4,58,4.2,72,5.3,71,5.2,1855441,7.3,940870,5.5,-103564,-71.1,34,2.4
"20000","5","562112","58","0","2025","1","",3,6,6,6,59358,43142,387,761,"",0.48,0.05,0.05,0.05,0.03,0.03,0.04,0.56,"",0,0.0,2,50.0,2,50.0,1,20.0,17365,41.4,8116,23.2,-163,-29.6,16,2.1
"20000","5","562119","58","0","2025","1","",12,258,250,250,5327701,2559566,7866,1622,"",0.59,1.54,1.52,1.54,2.71,1.33,0.78,1.77,"",-1,-7.7,5,2.0,-8,-3.1,-3,-1.2,117943,2.3,-130202,-4.8,-20004,-71.8,48,3.0
"20000","5","5622","56","0","2025","1","",41,528,526,533,11192152,6803439,12247,1627,"",1.07,0.53,0.52,0.53,0.54,0.45,0.19,1.03,"",-1,-2.4,-33,-5.9,-37,-6.6,-27,-4.8,-76722,-0.7,-262512,-3.7,-36485,-74.9,83,5.4
"20000","5","56221","57","0","2025","1","",41,528,526,533,11192152,6803439,12247,1627,"",1.07,0.53,0.52,0.53,0.54,0.45,0.19,1.03,"",-1,-2.4,-33,-5.9,-37,-6.6,-27,-4.8,-76722,-0.7,-262512,-3.7,-36485,-74.9,83,5.4
"20000","5","562211","58","0","2025","1","",13,209,206,207,3556401,2569192,3489,1319,"",1.10,0.52,0.51,0.51,0.42,0.38,0.15,0.82,"",-1,-7.1,-41,-16.4,-44,-17.6,-43,-17.2,-658445,-15.6,-511243,-16.6,-18829,-84.4,22,1.7
"20000","5","562212","58","0","2025","1","",17,226,225,229,5767332,2972925,7128,1957,"",1.25,0.64,0.63,0.64,0.76,0.63,0.34,1.20,"",0,0.0,10,4.6,7,3.2,7,3.2,446794,8.4,202019,7.3,-10156,-58.8,85,4.5
"20000","5","562219","58","0","2025","1","",11,93,95,97,1868419,1261322,1630,1513,"",0.96,0.47,0.47,0.47,0.53,0.43,0.10,1.14,"",0,0.0,-2,-2.1,0,0.0,9,10.2,134929,7.8,46712,3.8,-7500,-82.1,74,5.1
"20000","5","5629","56","0","2025","1","",135,1123,1134,1141,17896155,13432194,94977,1215,"",0.91,0.68,0.68,0.67,0.72,0.59,0.63,1.06,"",5,3.8,101,9.9,91,8.7,65,6.0,1524193,9.3,1010618,8.1,-72850,-43.4,12,1.0
"20000","5","56291","57","0","2025","1","",69,565,562,571,10338851,7157659,46846,1405,"",0.93,0.63,0.62,0.63,0.71,0.54,0.48,1.13,"",7,11.3,50,9.7,34,6.4,29,5.4,893794,9.5,472759,7.1,-30868,-39.7,30,2.2
"20000","5","562910","58","0","2025","1","",69,565,562,571,10338851,7157659,46846,1405,"",0.93,0.63,0.62,0.63,0.71,0.54,0.48,1.13,"",7,11.3,50,9.7,34,6.4,29,5.4,893794,9.5,472759,7.1,-30868,-39.7,30,2.2
"20000","5","56292","57","0","2025","1","",12,276,286,285,3788437,3047723,16938,1032,"",0.81,1.16,1.19,1.18,1.12,0.99,1.00,0.96,"",0,0.0,7,2.6,16,5.9,18,6.7,173026,4.8,122374,4.2,-29514,-63.5,-3,-0.3
"20000","5","562920","58","0","2025","1","",12,276,286,285,3788437,3047723,16938,1032,"",0.81,1.16,1.19,1.18,1.12,0.99,1.00,0.96,"",0,0.0,7,2.6,16,5.9,18,6.7,173026,4.8,122374,4.2,-29514,-63.5,-3,-0.3
"20000","5","56299","57","0","2025","1","",54,282,286,285,3768867,3226812,31193,1020,"",0.90,0.54,0.54,0.53,0.54,0.49,0.82,1.01,"",-2,-3.6,44,18.5,41,16.7,18,6.7,457373,13.8,415485,14.8,-12468,-28.6,1,0.1
"20000","5","562991","58","0","2025","1","",30,151,154,156,1803720,1601364,16528,903,"",0.80,0.48,0.49,0.49,0.47,0.42,0.73,0.96,"",0,0.0,16,11.9,16,11.6,7,4.7,119199,7.1,83723,5.5,-8663,-34.4,-18,-2.0
"20000","5","562998","58","0","2025","1","",24,131,132,129,1965147,1625448,14665,1157,"",1.05,0.61,0.61,0.58,0.62,0.58,0.95,1.03,"",-2,-7.7,28,27.2,25,23.4,11,9.3,338174,20.8,331762,25.6,-3805,-20.6,12,1.0
"20000","5","61","54","0","2025","1","",1107,14156,15067,14902,168879334,78043807,355109,883,"",0.81,0.48,0.49,0.49,0.45,0.56,0.54,0.93,"",-15,-1.3,249,1.8,353,2.4,572,4.0,13249717,8.5,3599772,4.8,-455997,-56.2,47,5.6
"20000","5","611","55","0","2025","1","",1107,14156,15067,14902,168879334,78043807,355109,883,"",0.81,0.48,0.49,0.49,0.45,0.56,0.54,0.93,"",-15,-1.3,249,1.8,353,2.4,572,4.0,13249717,8.5,3599772,4.8,-455997,-56.2,47,5.6
"20000","5","6111","56","0","2025","1","",89,2135,2199,2091,18229492,9387308,40103,655,"",0.50,0.23,0.24,0.23,0.19,0.19,0.20,0.83,"",2,2.3,49,2.3,56,2.6,31,1.5,941995,5.4,725946,8.4,-51097,-56.0,21,3.3
"20000","5","61111","57","0","2025","1","",89,2135,2199,2091,18229492,9387308,40103,655,"",0.50,0.23,0.24,0.23,0.19,0.19,0.20,0.83,"",2,2.3,49,2.3,56,2.6,31,1.5,941995,5.4,725946,8.4,-51097,-56.0,21,3.3
"20000","5","611110","58","0","2025","1","",89,2135,2199,2091,18229492,9387308,40103,655,"",0.50,0.23,0.24,0.23,0.19,0.19,0.20,0.83,"",2,2.3,49,2.3,56,2.6,31,1.5,941995,5.4,725946,8.4,-51097,-56.0,21,3.3
"20000","5","6112","56","0","2025","1","",20,231,287,296,3715799,1983882,3434,1053,"",2.28,1.36,1.58,1.61,1.97,1.31,0.37,1.30,"",-3,-13.0,-149,-39.2,-119,-29.3,-113,-27.6,-1122754,-23.2,174965,9.7,-7576,-68.8,119,12.7
"20000","5","61121","57","0","2025","1","",20,231,287,296,3715799,1983882,3434,1053,"",2.28,1.36,1.58,1.61,1.97,1.31,0.37,1.30,"",-3,-13.0,-149,-39.2,-119,-29.3,-113,-27.6,-1122754,-23.2,174965,9.7,-7576,-68.8,119,12.7
"20000","5","611210","58","0","2025","1","",20,231,287,296,3715799,1983882,3434,1053,"",2.28,1.36,1.58,1.61,1.97,1.31,0.37,1.30,"",-3,-13.0,-149,-39.2,-119,-29.3,-113,-27.6,-1122754,-23.2,174965,9.7,-7576,-68.8,119,12.7
"20000","5","6113","56","0","2025","1","",128,4970,5698,5770,55012666,12157242,25251,772,"",1.10,0.44,0.46,0.47,0.28,0.68,0.38,0.61,"",7,5.8,184,3.8,361,6.8,594,11.5,3987043,7.8,521899,4.5,-39132,-60.8,2,0.3
"20000","5","61131","57","0","2025","1","",128,4970,5698,5770,55012666,12157242,25251,772,"",1.10,0.44,0.46,0.47,0.28,0.68,0.38,0.61,"",7,5.8,184,3.8,361,6.8,594,11.5,3987043,7.8,521899,4.5,-39132,-60.8,2,0.3
"20000","5","611310","58","0","2025","1","",128,4970,5698,5770,55012666,12157242,25251,772,"",1.10,0.44,0.46,0.47,0.28,0.68,0.38,0.61,"",7,5.8,184,3.8,361,6.8,594,11.5,3987043,7.8,521899,4.5,-39132,-60.8,2,0.3
"20000","5","6114","56","0","2025","1","",149,978,893,894,13859676,9069735,55199,1157,"",0.91,1.35,1.22,1.24,0.96,0.93,0.95,0.76,"",-7,-4.5,176,21.9,115,14.8,139,18.4,2507783,22.1,1784724,24.5,-63120,-53.3,35,3.1
"20000","5","61141","57","0","2025","1","N",4,0,0,0,0,0,0,0,"N",1.26,0,0,0,0,0,0,0,"N",-1,-20.0,0,0,0,0,0,0,0,0,0,0,0,0,0,0
"20000","5","611410","58","0","2025","1","N",4,0,0,0,0,0,0,0,"N",1.26,0,0,0,0,0,0,0,"N",-1,-20.0,0,0,0,0,0,0,0,0,0,0,0,0,0,0
"20000","5","61142","57","0","2025","1","N",30,0,0,0,0,0,0,0,"N",0.88,0,0,0,0,0,0,0,"N",4,15.4,0,0,0,0,0,0,0,0,0,0,0,0,0,0
"20000","5","611420","58","0","2025","1","N",30,0,0,0,0,0,0,0,"N",0.88,0,0,0,0,0,0,0,"N",4,15.4,0,0,0,0,0,0,0,0,0,0,0,0,0,0
"20000","5","61143","57","0","2025","1","",115,792,805,818,11022455,7304781,40814,1053,"",0.91,1.52,1.53,1.57,1.07,1.04,1.04,0.70,"",-10,-8.0,55,7.5,88,12.3,123,17.7,1115076,11.3,727098,11.1,-60525,-59.7,-11,-1.0
"20000","5","611430","58","0","2025","1","",115,792,805,818,11022455,7304781,40814,1053,"",0.91,1.52,1.53,1.57,1.07,1.04,1.04,0.70,"",-10,-8.0,55,7.5,88,12.3,123,17.7,1115076,11.3,727098,11.1,-60525,-59.7,-11,-1.0
"20000","5","6115","56","0","2025","1","",91,1146,1165,1131,22505530,12429626,55767,1509,"",0.93,0.97,0.96,0.94,1.52,0.98,0.83,1.59,"",-3,-3.2,52,4.8,13,1.1,1,0.1,781449,3.6,27127,0.2,-59382,-51.6,24,1.6
"20000","5","61151","57","0","2025","1","",91,1146,1165,1131,22505530,12429626,55767,1509,"",0.93,0.97,0.96,0.94,1.52,0.98,0.83,1.59,"",-3,-3.2,52,4.8,13,1.1,1,0.1,781449,3.6,27127,0.2,-59382,-51.6,24,1.6
"20000","5","611511","58","0","2025","1","",16,225,226,231,2345366,2056427,6421,794,"",0.99,1.32,1.30,1.35,1.64,1.27,0.68,1.24,"",0,0.0,7,3.2,5,2.3,9,4.1,112536,5.0,80385,4.1,-11684,-64.5,14,1.8
"20000","5","611512","58","0","2025","1","",20,519,518,525,13962535,6481358,14689,2063,"",1.36,2.02,1.99,2.02,3.31,2.03,1.43,1.65,"",-2,-9.1,5,1.0,-17,-3.2,-13,-2.4,409521,3.0,-107783,-1.6,-16071,-52.2,92,4.7
"20000","5","611513","58","0","2025","1","",5,30,31,30,454441,326061,754,1152,"",0.37,0.19,0.19,0.18,0.23,0.19,0.07,1.25,"",0,0.0,5,20.0,5,19.2,3,11.1,79966,21.4,58279,21.8,-1127,-59.9,44,4.0
"20000","5","611519","58","0","2025","1","",50,372,390,345,5743188,3565780,33903,1197,"",0.93,0.62,0.64,0.57,0.80,0.58,0.91,1.31,"",-1,-2.0,35,10.4,20,5.4,2,0.6,179426,3.2,-3754,-0.1,-30500,-47.4,-26,-2.1
"20000","5","6116","56","0","2025","1","",421,3048,3160,3012,17354879,13954253,66856,434,"",0.78,0.63,0.63,0.60,0.67,0.51,0.49,1.09,"",-3,-0.7,-70,-2.2,-54,-1.7,-52,-1.7,72203,0.4,-430907,-3.0,-79125,-54.2,10,2.4
"20000","5","61161","57","0","2025","1","",133,1060,1097,979,3579117,3247240,14088,263,"",1.02,0.89,0.89,0.80,0.69,0.56,0.49,0.80,"",-2,-1.5,-4,-0.4,-12,-1.1,-27,-2.7,113705,3.3,33808,1.1,-18922,-57.3,11,4.4
"20000","5","611610","58","0","2025","1","",133,1060,1097,979,3579117,3247240,14088,263,"",1.02,0.89,0.89,0.80,0.69,0.56,0.49,0.80,"",-2,-1.5,-4,-0.4,-12,-1.1,-27,-2.7,113705,3.3,33808,1.1,-18922,-57.3,11,4.4
"20000","5","61162","57","0","2025","1","",140,1256,1306,1246,6904961,5988883,20942,418,"",0.79,0.74,0.76,0.72,0.91,0.68,0.56,1.22,"",2,1.4,-27,-2.1,1,0.1,35,2.9,-69841,-1.0,-91948,-1.5,-22495,-51.8,-6,-1.4
"20000","5","611620","58","0","2025","1","",140,1256,1306,1246,6904961,5988883,20942,418,"",0.79,0.74,0.76,0.72,0.91,0.68,0.56,1.22,"",2,1.4,-27,-2.1,1,0.1,35,2.9,-69841,-1.0,-91948,-1.5,-22495,-51.8,-6,-1.4
"20000","5","61163","57","0","2025","1","",8,61,60,57,102653,102653,151,133,"",0.49,0.38,0.36,0.35,0.11,0.10,0.03,0.30,"",1,14.3,24,64.9,24,66.7,-5,-8.1,-2065,-2.0,-2065,-2.0,-181,-54.5,-46,-25.7
"20000","5","611630","58","0","2025","1","",8,61,60,57,102653,102653,151,133,"",0.49,0.38,0.36,0.35,0.11,0.10,0.03,0.30,"",1,14.3,24,64.9,24,66.7,-5,-8.1,-2065,-2.0,-2065,-2.0,-181,-54.5,-46,-25.7
"20000","5","61169","57","0","2025","1","",140,671,697,730,6768148,4615477,31675,744,"",0.66,0.37,0.37,0.38,0.57,0.39,0.49,1.52,"",-4,-2.8,-63,-8.6,-67,-8.8,-55,-7.0,30404,0.5,-370702,-7.4,-37527,-54.2,63,9.3
"20000","5","611691","58","0","2025","1","",50,284,293,296,1803687,1375125,8871,477,"",0.54,0.30,0.30,0.30,0.32,0.26,0.28,1.06,"",-8,-13.8,-66,-18.9,-65,-18.2,-67,-18.5,-625864,-25.8,-314106,-18.6,-14005,-61.2,-46,-8.8
"20000","5","611692","58","0","2025","1","",14,117,122,132,676209,612241,5694,421,"",0.62,0.80,0.83,0.87,0.81,0.60,1.28,0.97,"",-1,-6.7,8,7.3,-8,-6.2,5,3.9,97947,16.9,59832,10.8,-3140,-35.5,56,15.3
"20000","5","611699","58","0","2025","1","",76,270,282,302,4288252,2628111,17110,1159,"",0.77,0.36,0.37,0.39,0.78,0.49,0.60,2.09,"",5,7.0,-5,-1.8,6,2.2,7,2.4,558321,15.0,-116428,-4.2,-20382,-54.4,142,14.0
"20000","5","6117","56","0","2025","1","",209,1648,1665,1708,38201292,19061761,108499,1756,"",0.79,0.85,0.83,0.86,1.49,0.97,0.92,1.76,"",-8,-3.7,7,0.4,-19,-1.1,-28,-1.6,6081998,18.9,796018,4.4,-156565,-59.1,291,19.9
"20000","5","61171","57","0","2025","1","",209,1648,1665,1708,38201292,19061761,108499,1756,"",0.79,0.85,0.83,0.86,1.49,0.97,0.92,1.76,"",-8,-3.7,7,0.4,-19,-1.1,-28,-1.6,6081998,18.9,796018,4.4,-156565,-59.1,291,19.9
"20000","5","611710","58","0","2025","1","",209,1648,1665,1708,38201292,19061761,108499,1756,"",0.79,0.85,0.83,0.86,1.49,0.97,0.92,1.76,"",-8,-3.7,7,0.4,-19,-1.1,-28,-1.6,6081998,18.9,796018,4.4,-156565,-59.1,291,19.9
"20000","5","62","54","0","2025","1","",11258,197060,197202,197117,2841123692,1399515880,5078304,1109,"",0.69,0.95,0.94,0.94,1.06,0.99,0.83,1.12,"",21,0.2,4133,2.1,3491,1.8,4820,2.5,150156339,5.6,60436427,4.5,-6726387,-57.0,36,3.4
"20000","5","621","55","0","2025","1","",5187,66916,66906,66677,1260117370,614593003,2591924,1450,"",0.85,0.81,0.81,0.81,1.01,0.80,0.82,1.25,"",-2,0.0,3371,5.3,3031,4.7,3417,5.4,103214039,8.9,47511330,8.4,-3541483,-57.7,50,3.6
"20000","5","6211","56","0","2025","1","",1364,22350,22161,22097,629700813,223812364,747525,2182,"",0.70,0.82,0.81,0.81,1.07,0.86,0.77,1.32,"",-25,-1.8,2061,10.2,1866,9.2,2049,10.2,67439614,12.0,31035354,16.1,-1091278,-59.3,42,2.0
"20000","5","62111","57","0","2025","1","",1364,22350,22161,22097,629700813,223812364,747525,2182,"",0.70,0.82,0.81,0.81,1.07,0.86,0.77,1.32,"",-25,-1.8,2061,10.2,1866,9.2,2049,10.2,67439614,12.0,31035354,16.1,-1091278,-59.3,42,2.0
"20000","5","621111","58","0","2025","1","",1290,21922,21729,21664,621500434,219508374,717062,2196,"",0.71,0.83,0.82,0.81,1.08,0.87,0.77,1.31,"",-19,-1.5,2046,10.3,1836,9.2,2011,10.2,67240290,12.1,30803239,16.3,-1071579,-59.9,43,2.0
"20000","5","621112","58","0","2025","1","",74,428,432,433,8200379,4303990,30463,1464,"",0.56,0.55,0.55,0.56,0.69,0.52,0.73,1.24,"",-6,-7.5,15,3.6,30,7.5,38,9.6,199324,2.5,232115,5.7,-19699,-39.3,-62,-4.1
"20000","5","6212","56","0","2025","1","",917,8919,8935,8828,126807706,86212874,309448,1097,"",0.83,0.93,0.93,0.92,1.07,0.80,0.78,1.16,"",-6,-0.7,354,4.1,298,3.5,323,3.8,3301238,2.7,2344174,2.8,-493257,-61.4,-12,-1.1
"20000","5","62121","57","0","2025","1","",917,8919,8935,8828,126807706,86212874,309448,1097,"",0.83,0.93,0.93,0.92,1.07,0.80,0.78,1.16,"",-6,-0.7,354,4.1,298,3.5,323,3.8,3301238,2.7,2344174,2.8,-493257,-61.4,-12,-1.1
"20000","5","621210","58","0","2025","1","",917,8919,8935,8828,126807706,86212874,309448,1097,"",0.83,0.93,0.93,0.92,1.07,0.80,0.78,1.16,"",-6,-0.7,354,4.1,298,3.5,323,3.8,3301238,2.7,2344174,2.8,-493257,-61.4,-12,-1.1
"20000","5","6213","56","0","2025","1","",1770,11843,11938,11963,141117609,105539324,602843,911,"",1.02,1.00,1.00,1.00,1.17,0.89,1.22,1.17,"",4,0.2,561,5.0,568,5.0,760,6.8,10746636,8.2,7163400,7.3,-595003,-49.7,22,2.5
"20000","5","62131","57","0","2025","1","",518,1534,1540,1503,14014275,11991719,45633,707,"",1.64,1.15,1.15,1.13,1.28,0.96,1.08,1.12,"",-12,-2.3,-34,-2.2,-50,-3.1,-30,-2.0,-106360,-0.8,-98930,-0.8,-61951,-57.6,12,1.7
"20000","5","621310","58","0","2025","1","",518,1534,1540,1503,14014275,11991719,45633,707,"",1.64,1.15,1.15,1.13,1.28,0.96,1.08,1.12,"",-12,-2.3,-34,-2.2,-50,-3.1,-30,-2.0,-106360,-0.8,-98930,-0.8,-61951,-57.6,12,1.7
"20000","5","62132","57","0","2025","1","",301,2461,2469,2491,31331620,22229188,66517,974,"",1.74,1.73,1.73,1.75,2.09,1.47,1.30,1.20,"",-1,-0.3,-26,-1.0,-3,-0.1,42,1.7,558536,1.8,400994,1.8,-121335,-64.6,15,1.6
"20000","5","621320","58","0","2025","1","",301,2461,2469,2491,31331620,22229188,66517,974,"",1.74,1.73,1.73,1.75,2.09,1.47,1.30,1.20,"",-1,-0.3,-26,-1.0,-3,-0.1,42,1.7,558536,1.8,400994,1.8,-121335,-64.6,15,1.6
"20000","5","62133","57","0","2025","1","",283,1588,1606,1603,16414189,13323029,117540,790,"",0.68,0.62,0.62,0.62,0.67,0.53,0.88,1.08,"",15,5.6,208,15.1,230,16.7,278,21.0,2833023,20.9,2164504,19.4,-79876,-40.5,22,2.9
"20000","5","621330","58","0","2025","1","",283,1588,1606,1603,16414189,13323029,117540,790,"",0.68,0.62,0.62,0.62,0.67,0.53,0.88,1.08,"",15,5.6,208,15.1,230,16.7,278,21.0,2833023,20.9,2164504,19.4,-79876,-40.5,22,2.9
"20000","5","62134","57","0","2025","1","",362,4519,4565,4607,52167061,41166453,245143,879,"",0.84,0.97,0.97,0.98,1.09,0.88,1.34,1.13,"",-10,-2.7,231,5.4,200,4.6,249,5.7,4152429,8.6,2624441,6.8,-239813,-49.5,27,3.2
"20000","5","621340","58","0","2025","1","",362,4519,4565,4607,52167061,41166453,245143,879,"",0.84,0.97,0.97,0.98,1.09,0.88,1.34,1.13,"",-10,-2.7,231,5.4,200,4.6,249,5.7,4152429,8.6,2624441,6.8,-239813,-49.5,27,3.2
"20000","5","62139","57","0","2025","1","",306,1741,1758,1759,27190464,16828935,128010,1193,"",0.78,0.95,0.95,0.95,1.23,0.89,1.53,1.29,"",12,4.1,182,11.7,191,12.2,221,14.4,3309008,13.9,2072391,14.0,-92028,-41.8,11,0.9
"20000","5","621391","58","0","2025","1","",32,144,148,140,1596537,1236270,7194,853,"",0.61,0.48,0.49,0.47,0.46,0.41,0.58,0.95,"",-2,-5.9,-14,-8.9,-6,-3.9,-14,-9.1,-105465,-6.2,-76767,-5.8,-3732,-34.2,10,1.2
"20000","5","621399","58","0","2025","1","",274,1597,1610,1619,25593927,15592665,120816,1224,"",0.81,1.05,1.04,1.05,1.38,0.98,1.69,1.32,"",14,5.4,196,14.0,197,13.9,235,17.0,3414473,15.4,2149158,16.0,-88296,-42.2,5,0.4
"20000","5","6214","56","0","2025","1","",410,9141,9169,9176,142487021,62731735,290792,1196,"",0.94,0.86,0.85,0.85,0.79,0.75,0.78,0.92,"",0,0.0,406,4.6,423,4.8,333,3.8,13730157,10.7,4886755,8.4,-354365,-54.9,67,5.9
"20000","5","62141","57","0","2025","1","",18,166,168,168,1963045,1034888,8488,902,"",0.72,0.65,0.62,0.62,0.52,0.48,0.71,0.83,"",0,0.0,17,11.4,21,14.3,21,14.3,-7747,-0.4,103765,11.1,-6238,-42.4,-125,-12.2
"20000","5","621410","58","0","2025","1","",18,166,168,168,1963045,1034888,8488,902,"",0.72,0.65,0.62,0.62,0.52,0.48,0.71,0.83,"",0,0.0,17,11.4,21,14.3,21,14.3,-7747,-0.4,103765,11.1,-6238,-42.4,-125,-12.2
"20000","5","62142","57","0","2025","1","",162,3938,3954,3955,52791722,18991872,53108,1028,"",1.08,1.33,1.32,1.32,1.56,0.91,0.51,1.18,"",-6,-3.6,230,6.2,235,6.3,219,5.9,5693192,12.1,2193958,13.1,-71078,-57.2,54,5.5
"20000","5","621420","58","0","2025","1","",162,3938,3954,3955,52791722,18991872,53108,1028,"",1.08,1.33,1.32,1.32,1.56,0.91,0.51,1.18,"",-6,-3.6,230,6.2,235,6.3,219,5.9,5693192,12.1,2193958,13.1,-71078,-57.2,54,5.5
"20000","5","62149","57","0","2025","1","",230,5037,5047,5053,87732254,42704975,229196,1338,"",0.88,0.68,0.68,0.68,0.61,0.70,0.89,0.91,"",6,2.7,159,3.3,167,3.4,93,1.9,8044712,10.1,2589032,6.5,-277049,-54.7,89,7.1
"20000","5","621491","58","0","2025","1","",4,17,17,16,416711,218975,3833,1923,"",0.17,0.01,0.01,0.01,0.01,0.02,0.07,0.90,"",1,33.3,12,240.0,12,240.0,12,300.0,316095,314.2,165507,309.5,2389,165.4,264,15.9
"20000","5","621492","58","0","2025","1","",64,830,838,849,13627373,9367297,5143,1249,"",0.99,0.70,0.70,0.71,0.80,0.68,0.11,1.13,"",-2,-3.0,-29,-3.4,-8,-0.9,-7,-0.8,4297,0.0,-178825,-1.9,-41667,-89.0,21,1.7
"20000","5","621493","58","0","2025","1","",53,1051,1046,1000,16834496,10581808,50714,1254,"",0.71,0.63,0.62,0.60,0.68,0.64,0.74,1.10,"",-2,-3.6,31,3.0,25,2.4,-46,-4.4,2134649,14.5,378417,3.7,-80301,-61.3,155,14.1
"20000","5","621498","58","0","2025","1","",109,3139,3146,3188,56853674,22536895,169506,1385,"",1.10,1.29,1.28,1.30,1.37,1.24,2.03,1.07,"",9,9.0,145,4.8,138,4.6,134,4.4,5589671,10.9,2223933,10.9,-157470,-48.2,79,6.0
"20000","5","6215","56","0","2025","1","",249,4418,4449,4359,87825177,52502751,251864,1532,"",1.03,1.56,1.56,1.53,1.70,1.60,1.75,1.10,"",0,0.0,-266,-5.7,-222,-4.8,-251,-5.4,-535724,-0.6,-2146630,-3.9,-421632,-62.6,72,4.9
"20000","5","62151","57","0","2025","1","",249,4418,4449,4359,87825177,52502751,251864,1532,"",1.03,1.56,1.56,1.53,1.70,1.60,1.75,1.10,"",0,0.0,-266,-5.7,-222,-4.8,-251,-5.4,-535724,-0.6,-2146630,-3.9,-421632,-62.6,72,4.9
"20000","5","621511","58","0","2025","1","",186,4009,4041,3963,78978887,48403982,229820,1517,"",1.04,1.97,1.97,1.94,2.08,2.03,2.17,1.06,"",-5,-2.6,-286,-6.7,-243,-5.7,-277,-6.5,-760528,-1.0,-2343959,-4.6,-397281,-63.4,82,5.7
"20000","5","621512","58","0","2025","1","",63,409,408,396,8846290,4098769,22044,1683,"",1.02,0.51,0.50,0.49,0.64,0.46,0.59,1.28,"",5,8.6,20,5.1,21,5.4,26,7.0,224804,2.6,197329,5.1,-24351,-52.5,-53,-3.1
"20000","5","6216","56","0","2025","1","",309,8131,8146,8155,93015472,63767029,273492,879,"",0.71,0.49,0.48,0.48,0.68,0.48,0.43,1.41,"",14,4.7,83,1.0,-37,-0.5,81,1.0,5353232,6.1,2178095,3.5,-434023,-61.3,47,5.6
"20000","5","62161","57","0","2025","1","",309,8131,8146,8155,93015472,63767029,273492,879,"",0.71,0.49,0.48,0.48,0.68,0.48,0.43,1.41,"",14,4.7,83,1.0,-37,-0.5,81,1.0,5353232,6.1,2178095,3.5,-434023,-61.3,47,5.6
"20000","5","621610","58","0","2025","1","",309,8131,8146,8155,93015472,63767029,273492,879,"",0.71,0.49,0.48,0.48,0.68,0.48,0.43,1.41,"",14,4.7,83,1.0,-37,-0.5,81,1.0,5353232,6.1,2178095,3.5,-434023,-61.3,47,5.6
"20000","5","6219","56","0","2025","1","",168,2114,2108,2099,39163572,20026926,115960,1430,"",0.95,0.64,0.63,0.63,0.85,0.59,0.76,1.35,"",11,7.0,172,8.9,135,6.8,122,6.2,3178886,8.8,2050182,11.4,-151925,-56.7,21,1.5
"20000","5","62191","57","0","2025","1","",32,734,744,743,14561582,8593530,39786,1513,"",0.68,0.46,0.46,0.46,0.76,0.51,0.62,1.64,"",-1,-3.0,41,5.9,48,6.9,35,4.9,1916837,15.2,723947,9.2,-62333,-61.0,121,8.7
"20000","5","621910","58","0","2025","1","",32,734,744,743,14561582,8593530,39786,1513,"",0.68,0.46,0.46,0.46,0.76,0.51,0.62,1.64,"",-1,-3.0,41,5.9,48,6.9,35,4.9,1916837,15.2,723947,9.2,-62333,-61.0,121,8.7
"20000","5","62199","57","0","2025","1","",136,1380,1364,1356,24601990,11433396,76174,1385,"",1.05,0.80,0.79,0.79,0.92,0.67,0.86,1.16,"",12,9.7,131,10.5,87,6.8,87,6.9,1262049,5.4,1326235,13.1,-89592,-54.0,-34,-2.4
"20000","5","621991","58","0","2025","1","",15,776,756,752,12761057,4402027,23284,1289,"",0.74,0.96,0.94,0.94,1.21,0.70,0.80,1.28,"",1,7.1,35,4.7,4,0.5,0,0.0,999670,8.5,297802,7.3,-33530,-59.0,80,6.6
"20000","5","621999","58","0","2025","1","",121,604,608,604,11840933,7031369,52890,1505,"",1.10,0.66,0.66,0.65,0.73,0.65,0.90,1.11,"",11,10.0,96,18.9,83,15.8,87,16.8,262379,2.3,1028433,17.1,-56062,-51.5,-219,-12.7
"20000","5","622","55","0","2025","1","",212,54523,54491,54798,937089659,378009271,591648,1320,"",1.58,1.08,1.07,1.07,1.09,3.44,1.81,1.01,"",-1,-0.5,-43,-0.1,30,0.1,95,0.2,18111450,2.0,-6052788,-1.6,-828202,-58.3,25,1.9
"20000","5","6221","56","0","2025","1","",179,51607,51499,51764,893115420,352774301,518026,1331,"",1.80,1.10,1.09,1.09,1.11,4.02,2.08,1.01,"",-2,-1.1,-51,-0.1,-48,-0.1,39,0.1,15911461,1.8,-6585608,-1.8,-660875,-56.1,24,1.8
"20000","5","62211","57","0","2025","1","",179,51607,51499,51764,893115420,352774301,518026,1331,"",1.80,1.10,1.09,1.09,1.11,4.02,2.08,1.01,"",-2,-1.1,-51,-0.1,-48,-0.1,39,0.1,15911461,1.8,-6585608,-1.8,-660875,-56.1,24,1.8
"20000","5","622110","58","0","2025","1","",179,51607,51499,51764,893115420,352774301,518026,1331,"",1.80,1.10,1.09,1.09,1.11,4.02,2.08,1.01,"",-2,-1.1,-51,-0.1,-48,-0.1,39,0.1,15911461,1.8,-6585608,-1.8,-660875,-56.1,24,1.8
"20000","5","6222","56","0","2025","1","",13,1092,1100,1101,15601276,6733257,18165,1093,"",1.02,0.91,0.91,0.90,0.98,0.67,0.47,1.08,"",-1,-7.1,-46,-4.0,-53,-4.6,-68,-5.8,87921,0.6,-599275,-8.2,-73156,-80.1,58,5.6
"20000","5","62221","57","0","2025","1","",13,1092,1100,1101,15601276,6733257,18165,1093,"",1.02,0.91,0.91,0.90,0.98,0.67,0.47,1.08,"",-1,-7.1,-46,-4.0,-53,-4.6,-68,-5.8,87921,0.6,-599275,-8.2,-73156,-80.1,58,5.6
"20000","5","622210","58","0","2025","1","",13,1092,1100,1101,15601276,6733257,18165,1093,"",1.02,0.91,0.91,0.90,0.98,0.67,0.47,1.08,"",-1,-7.1,-46,-4.0,-53,-4.6,-68,-5.8,87921,0.6,-599275,-8.2,-73156,-80.1,58,5.6
"20000","5","6223","56","0","2025","1","",20,1824,1892,1933,28372963,18501713,55457,1159,"",0.93,0.72,0.75,0.76,0.69,1.51,1.42,0.93,"",2,11.1,54,3.1,131,7.4,124,6.9,2112068,8.0,1132095,6.5,-94171,-62.9,24,2.1
"20000","5","62231","57","0","2025","1","",20,1824,1892,1933,28372963,18501713,55457,1159,"",0.93,0.72,0.75,0.76,0.69,1.51,1.42,0.93,"",2,11.1,54,3.1,131,7.4,124,6.9,2112068,8.0,1132095,6.5,-94171,-62.9,24,2.1
"20000","5","622310","58","0","2025","1","",20,1824,1892,1933,28372963,18501713,55457,1159,"",0.93,0.72,0.75,0.76,0.69,1.51,1.42,0.93,"",2,11.1,54,3.1,131,7.4,124,6.9,2112068,8.0,1132095,6.5,-94171,-62.9,24,2.1
"20000","5","623","55","0","2025","1","",744,38340,38283,38270,372459327,227885665,871382,748,"",1.00,1.24,1.23,1.22,1.33,0.95,0.89,1.08,"",-4,-0.5,1762,4.8,1458,4.0,2205,6.1,21767302,6.2,12656411,5.9,-1272874,-59.4,9,1.2
"20000","5","6231","56","0","2025","1","",293,17909,17829,17840,179786271,125486539,439462,774,"",1.79,1.28,1.27,1.26,1.34,0.99,0.89,1.05,"",-7,-2.3,841,4.9,670,3.9,761,4.5,8610640,5.0,6204205,5.2,-767357,-63.6,4,0.5
"20000","5","62311","57","0","2025","1","",293,17909,17829,17840,179786271,125486539,439462,774,"",1.79,1.28,1.27,1.26,1.34,0.99,0.89,1.05,"",-7,-2.3,841,4.9,670,3.9,761,4.5,8610640,5.0,6204205,5.2,-767357,-63.6,4,0.5
"20000","5","623110","58","0","2025","1","",293,17909,17829,17840,179786271,125486539,439462,774,"",1.79,1.28,1.27,1.26,1.34,0.99,0.89,1.05,"",-7,-2.3,841,4.9,670,3.9,761,4.5,8610640,5.0,6204205,5.2,-767357,-63.6,4,0.5
"20000","5","6232","56","0","2025","1","",109,3981,3996,4048,41155952,20272418,63204,790,"",0.38,0.64,0.64,0.64,0.71,0.57,0.40,1.11,"",2,1.9,146,3.8,125,3.2,211,5.5,2289707,5.9,1416610,7.5,-77279,-55.0,13,1.7
"20000","5","62321","57","0","2025","1","",73,2831,2841,2869,27775029,7861990,11742,750,"",0.36,0.75,0.74,0.75,0.84,0.41,0.17,1.13,"",1,1.4,65,2.3,41,1.5,107,3.9,1314766,5.0,395030,5.3,-28644,-70.9,17,2.3
"20000","5","623210","58","0","2025","1","",73,2831,2841,2869,27775029,7861990,11742,750,"",0.36,0.75,0.74,0.75,0.84,0.41,0.17,1.13,"",1,1.4,65,2.3,41,1.5,107,3.9,1314766,5.0,395030,5.3,-28644,-70.9,17,2.3
"20000","5","62322","57","0","2025","1","",36,1150,1155,1179,13380923,12410428,51462,886,"",0.43,0.47,0.47,0.48,0.53,0.75,0.58,1.13,"",1,2.9,81,7.6,84,7.8,104,9.7,974941,7.9,1021580,9.0,-48635,-48.6,-4,-0.4
"20000","5","623220","58","0","2025","1","",36,1150,1155,1179,13380923,12410428,51462,886,"",0.43,0.47,0.47,0.48,0.53,0.75,0.58,1.13,"",1,2.9,81,7.6,84,7.8,104,9.7,974941,7.9,1021580,9.0,-48635,-48.6,-4,-0.4
"20000","5","6233","56","0","2025","1","",280,15104,15064,15021,136245497,73944046,313329,696,"",1.18,1.64,1.63,1.62,1.86,1.08,1.09,1.15,"",0,0.0,783,5.5,621,4.3,1224,8.9,9059394,7.1,4450041,6.4,-351807,-52.9,6,0.9
"20000","5","62331","57","0","2025","1","",280,15104,15064,15021,136245497,73944046,313329,696,"",1.18,1.64,1.63,1.62,1.86,1.08,1.09,1.15,"",0,0.0,783,5.5,621,4.3,1224,8.9,9059394,7.1,4450041,6.4,-351807,-52.9,6,0.9
"20000","5","623311","58","0","2025","1","",153,11219,11156,11128,101961163,44488981,206132,702,"",2.61,2.47,2.46,2.44,2.71,1.58,1.94,1.11,"",-8,-5.0,442,4.1,250,2.3,361,3.4,5506136,5.7,1291325,3.0,-284162,-58.0,16,2.3
"20000","5","623312","58","0","2025","1","",127,3885,3908,3893,34284334,29455065,107197,677,"",0.71,0.83,0.83,0.82,0.97,0.73,0.59,1.17,"",8,6.7,341,9.6,371,10.5,863,28.5,3553258,11.6,3158716,12.0,-67645,-38.7,-24,-3.4
"20000","5","6239","56","0","2025","1","",62,1346,1394,1361,15271607,8182662,55387,859,"",1.03,0.88,0.91,0.88,1.08,0.87,1.44,1.21,"",1,1.6,-8,-0.6,42,3.1,9,0.7,1807561,13.4,585555,7.7,-76431,-58.0,93,12.1
"20000","5","62399","57","0","2025","1","",62,1346,1394,1361,15271607,8182662,55387,859,"",1.03,0.88,0.91,0.88,1.08,0.87,1.44,1.21,"",1,1.6,-8,-0.6,42,3.1,9,0.7,1807561,13.4,585555,7.7,-76431,-58.0,93,12.1
"20000","5","623990","58","0","2025","1","",62,1346,1394,1361,15271607,8182662,55387,859,"",1.03,0.88,0.91,0.88,1.08,0.87,1.44,1.21,"",1,1.6,-8,-0.6,42,3.1,9,0.7,1807561,13.4,585555,7.7,-76431,-58.0,93,12.1
"20000","5","624","55","0","2025","1","",5115,37281,37522,37372,271457336,179027941,1023350,558,"",0.54,0.84,0.84,0.84,0.91,0.61,0.63,1.08,"",28,0.6,-957,-2.5,-1028,-2.7,-897,-2.3,7063548,2.7,6321474,3.7,-1083828,-51.4,28,5.3
"20000","5","6241","56","0","2025","1","",4422,25561,25800,25776,184084941,118783017,711433,551,"",0.51,0.84,0.84,0.84,0.93,0.60,0.61,1.11,"",23,0.5,-799,-3.0,-749,-2.8,-579,-2.2,7096800,4.0,6785083,6.1,-746776,-51.2,36,7.0
"20000","5","62411","57","0","2025","1","",168,3540,3614,3556,37973718,16933694,76079,818,"",1.44,1.64,1.66,1.63,1.96,1.41,1.26,1.19,"",10,6.3,88,2.5,67,1.9,52,1.5,3013802,8.6,1341258,8.6,-89379,-54.0,50,6.5
"20000","5","624110","58","0","2025","1","",168,3540,3614,3556,37973718,16933694,76079,818,"",1.44,1.64,1.66,1.63,1.96,1.41,1.26,1.19,"",10,6.3,88,2.5,67,1.9,52,1.5,3013802,8.6,1341258,8.6,-89379,-54.0,50,6.5
"20000","5","62412","57","0","2025","1","",3972,18587,18806,18863,107765297,78954350,418772,442,"",0.49,0.79,0.80,0.80,0.83,0.52,0.47,1.04,"",10,0.3,-1000,-5.1,-884,-4.5,-682,-3.5,1818609,1.7,3615947,4.8,-530244,-55.9,26,6.2
"20000","5","624120","58","0","2025","1","",3972,18587,18806,18863,107765297,78954350,418772,442,"",0.49,0.79,0.80,0.80,0.83,0.52,0.47,1.04,"",10,0.3,-1000,-5.1,-884,-4.5,-682,-3.5,1818609,1.7,3615947,4.8,-530244,-55.9,26,6.2
"20000","5","62419","57","0","2025","1","",282,3434,3380,3357,38345926,22894973,216582,870,"",0.76,0.71,0.70,0.69,0.80,0.65,1.05,1.14,"",3,1.1,113,3.4,68,2.1,51,1.5,2264389,6.3,1827878,8.7,-127153,-37.0,32,3.8
"20000","5","624190","58","0","2025","1","",282,3434,3380,3357,38345926,22894973,216582,870,"",0.76,0.71,0.70,0.69,0.80,0.65,1.05,1.14,"",3,1.1,113,3.4,68,2.1,51,1.5,2264389,6.3,1827878,8.7,-127153,-37.0,32,3.8
"20000","5","6242","56","0","2025","1","",133,1481,1483,1490,15380188,11409533,58522,797,"",1.09,0.69,0.69,0.69,0.66,0.74,0.63,0.96,"",3,2.3,78,5.6,69,4.9,74,5.2,1487422,10.7,964771,9.2,-76287,-56.6,40,5.3
"20000","5","62421","57","0","2025","1","",36,172,168,175,1017775,878295,1700,456,"",1.07,0.37,0.36,0.38,0.23,0.27,0.10,0.61,"",1,2.9,10,6.2,11,7.0,14,8.7,100050,10.9,83966,10.6,-4495,-72.6,15,3.4
"20000","5","624210","58","0","2025","1","",36,172,168,175,1017775,878295,1700,456,"",1.07,0.37,0.36,0.38,0.23,0.27,0.10,0.61,"",1,2.9,10,6.2,11,7.0,14,8.7,100050,10.9,83966,10.6,-4495,-72.6,15,3.4
"20000","5","62422","57","0","2025","1","",72,1045,1051,1044,11176174,9149623,38247,821,"",1.09,0.77,0.78,0.77,0.80,0.93,0.61,1.03,"",6,9.1,91,9.5,89,9.3,82,8.5,1575185,16.4,976544,11.9,-63679,-62.5,51,6.6
"20000","5","624221","58","0","2025","1","",44,763,771,772,7321178,6521680,17811,733,"",1.26,0.86,0.87,0.87,0.88,1.11,0.49,1.02,"",3,7.3,49,6.9,54,7.5,45,6.2,1026158,16.3,779462,13.6,-45519,-71.9,60,8.9
"20000","5","624229","58","0","2025","1","",28,282,280,272,3854996,2627943,20436,1067,"",0.90,0.61,0.60,0.58,0.68,0.66,0.78,1.14,"",3,12.0,42,17.5,35,14.3,37,15.7,549027,16.6,197082,8.1,-18160,-47.1,7,0.7
"20000","5","62423","57","0","2025","1","",25,264,264,271,3186239,1381615,18575,920,"",1.14,0.76,0.78,0.81,0.68,0.61,1.39,0.86,"",-4,-13.8,-23,-8.0,-31,-10.5,-22,-7.5,-187813,-5.6,-95739,-6.5,-8113,-30.4,30,3.4
"20000","5","624230","58","0","2025","1","",25,264,264,271,3186239,1381615,18575,920,"",1.14,0.76,0.78,0.81,0.68,0.61,1.39,0.86,"",-4,-13.8,-23,-8.0,-31,-10.5,-22,-7.5,-187813,-5.6,-95739,-6.5,-8113,-30.4,30,3.4
"20000","5","6243","56","0","2025","1","",95,3058,3077,3062,27196114,7339531,2608,682,"",1.21,1.18,1.18,1.17,1.36,0.68,0.06,1.15,"",11,13.1,-266,-8.0,-286,-8.5,-252,-7.6,-699619,-2.5,-547684,-6.9,-24822,-90.5,38,5.9
"20000","5","62431","57","0","2025","1","",95,3058,3077,3062,27196114,7339531,2608,682,"",1.21,1.18,1.18,1.17,1.36,0.68,0.06,1.15,"",11,13.1,-266,-8.0,-286,-8.5,-252,-7.6,-699619,-2.5,-547684,-6.9,-24822,-90.5,38,5.9
"20000","5","624310","58","0","2025","1","",95,3058,3077,3062,27196114,7339531,2608,682,"",1.21,1.18,1.18,1.17,1.36,0.68,0.06,1.15,"",11,13.1,-266,-8.0,-286,-8.5,-252,-7.6,-699619,-2.5,-547684,-6.9,-24822,-90.5,38,5.9
"20000","5","6244","56","0","2025","1","",465,7181,7162,7044,44796093,41495860,250787,483,"",0.73,0.79,0.78,0.76,0.78,0.60,0.78,1.00,"",-9,-1.9,30,0.4,-62,-0.9,-140,-1.9,-821055,-1.8,-880696,-2.1,-235943,-48.5,-5,-1.0
"20000","5","62441","57","0","2025","1","",465,7181,7162,7044,44796093,41495860,250787,483,"",0.73,0.79,0.78,0.76,0.78,0.60,0.78,1.00,"",-9,-1.9,30,0.4,-62,-0.9,-140,-1.9,-821055,-1.8,-880696,-2.1,-235943,-48.5,-5,-1.0
"20000","5","624410","58","0","2025","1","",465,7181,7162,7044,44796093,41495860,250787,483,"",0.73,0.79,0.78,0.76,0.78,0.60,0.78,1.00,"",-9,-1.9,30,0.4,-62,-0.9,-140,-1.9,-821055,-1.8,-880696,-2.1,-235943,-48.5,-5,-1.0
"20000","5","71","54","0","2025","1","",1006,15923,16448,17480,115061740,85284592,358491,533,"",0.67,0.73,0.74,0.76,0.51,0.54,0.43,0.69,"",9,0.9,1022,6.9,389,2.4,773,4.6,7380108,6.9,4202150,5.2,-334524,-48.3,12,2.3
"20000","5","711","55","0","2025","1","",263,1728,2026,2085,21756954,11860781,67161,860,"",0.40,0.37,0.42,0.40,0.20,0.27,0.24,0.51,"",-6,-2.2,106,6.5,-72,-3.4,-39,-1.8,1508595,7.5,723135,6.5,-47009,-41.2,60,7.5
"20000","5","7111","56","0","2025","1","",40,560,592,614,3803459,3204677,13618,497,"",0.38,0.50,0.49,0.49,0.33,0.34,0.17,0.67,"",0,0.0,22,4.1,-17,-2.8,-17,-2.7,401834,11.8,347941,12.2,-5745,-29.7,55,12.4
"20000","5","71111","57","0","2025","1","",20,472,472,498,2870814,2332196,4469,459,"",0.60,0.79,0.73,0.74,0.49,0.44,0.09,0.65,"",5,33.3,18,4.0,-18,-3.7,-12,-2.4,262146,10.0,189638,8.9,-6115,-57.8,45,10.9
"20000","5","711110","58","0","2025","1","",20,472,472,498,2870814,2332196,4469,459,"",0.60,0.79,0.73,0.74,0.49,0.44,0.09,0.65,"",5,33.3,18,4.0,-18,-3.7,-12,-2.4,262146,10.0,189638,8.9,-6115,-57.8,45,10.9
"20000","5","71112","57","0","2025","1","N",5,0,0,0,0,0,0,0,"N",0.38,0,0,0,0,0,0,0,"N",0,0.0,0,0,0,0,0,0,0,0,0,0,0,0,0,0
"20000","5","711120","58","0","2025","1","N",5,0,0,0,0,0,0,0,"N",0.38,0,0,0,0,0,0,0,"N",0,0.0,0,0,0,0,0,0,0,0,0,0,0,0,0,0
"20000","5","71113","57","0","2025","1","",11,48,71,68,465857,415900,1861,575,"",0.23,0.16,0.22,0.20,0.14,0.20,0.13,0.69,"",-6,-35.3,-13,-21.3,-21,-22.8,-21,-23.6,-191687,-29.2,-180014,-30.2,-5167,-73.5,-52,-8.3
"20000","5","711130","58","0","2025","1","",11,48,71,68,465857,415900,1861,575,"",0.23,0.16,0.22,0.20,0.14,0.20,0.13,0.69,"",-6,-35.3,-13,-21.3,-21,-22.8,-21,-23.6,-191687,-29.2,-180014,-30.2,-5167,-73.5,-52,-8.3
"20000","5","71119","57","0","2025","1","N",4,0,0,0,0,0,0,0,"N",0.35,0,0,0,0,0,0,0,"N",1,33.3,0,0,0,0,0,0,0,0,0,0,0,0,0,0
"20000","5","711190","58","0","2025","1","N",4,0,0,0,0,0,0,0,"N",0.35,0,0,0,0,0,0,0,"N",1,33.3,0,0,0,0,0,0,0,0,0,0,0,0,0,0
"20000","5","7112","56","0","2025","1","",51,221,229,294,8228244,2447709,19976,2552,"",0.72,0.17,0.17,0.19,0.14,0.17,0.32,0.79,"",-6,-10.5,-3,-1.3,9,4.1,56,23.5,469811,6.1,112540,4.8,-12581,-38.6,-73,-2.8
"20000","5","71121","57","0","2025","1","",51,221,229,294,8228244,2447709,19976,2552,"",0.72,0.17,0.17,0.19,0.14,0.17,0.32,0.79,"",-6,-10.5,-3,-1.3,9,4.1,56,23.5,469811,6.1,112540,4.8,-12581,-38.6,-73,-2.8
"20000","5","711211","58","0","2025","1","",28,150,154,218,7035860,1802944,16067,3110,"",0.89,0.16,0.16,0.20,0.13,0.18,0.35,0.76,"",-3,-9.7,-12,-7.4,2,1.3,48,28.2,212355,3.1,25262,1.4,-12215,-43.2,-143,-4.4
"20000","5","711212","58","0","2025","1","N",4,0,0,0,0,0,0,0,"N",0.68,0,0,0,0,0,0,0,"N",-1,-20.0,0,0,0,0,0,0,0,0,0,0,0,0,0,0
"20000","5","711219","58","0","2025","1","N",19,0,0,0,0,0,0,0,"N",0.57,0,0,0,0,0,0,0,"N",-2,-9.5,0,0,0,0,0,0,0,0,0,0,0,0,0,0
"20000","5","7113","56","0","2025","1","",94,774,1014,1009,7722695,5130550,23657,637,"",1.00,0.53,0.66,0.61,0.40,0.42,0.29,0.66,"",8,9.3,73,10.4,-42,-4.0,-70,-6.5,546555,7.6,392582,8.3,-19576,-45.3,53,9.1
"20000","5","71131","57","0","2025","1","",36,427,703,793,4329887,2762960,9769,520,"",0.90,0.38,0.59,0.62,0.32,0.32,0.16,0.60,"",4,12.5,4,0.9,-53,-7.0,-8,-1.0,257395,6.3,183027,7.1,-9076,-48.2,45,9.5
"20000","5","711310","58","0","2025","1","",36,427,703,793,4329887,2762960,9769,520,"",0.90,0.38,0.59,0.62,0.32,0.32,0.16,0.60,"",4,12.5,4,0.9,-53,-7.0,-8,-1.0,257395,6.3,183027,7.1,-9076,-48.2,45,9.5
"20000","5","71132","57","0","2025","1","",58,347,311,216,3392808,2367590,13888,896,"",1.07,1.02,0.89,0.59,0.58,0.65,0.63,0.70,"",4,7.4,69,24.8,11,3.7,-62,-22.3,289160,9.3,209555,9.7,-10500,-43.1,59,7.0
"20000","5","711320","58","0","2025","1","",58,347,311,216,3392808,2367590,13888,896,"",1.07,1.02,0.89,0.59,0.58,0.65,0.63,0.70,"",4,7.4,69,24.8,11,3.7,-62,-22.3,289160,9.3,209555,9.7,-10500,-43.1,59,7.0
"20000","5","7114","56","0","2025","1","",18,40,54,33,827422,278975,2944,1503,"",0.31,0.16,0.20,0.12,0.10,0.10,0.13,0.60,"",-4,-18.2,6,17.6,-10,-15.6,2,6.5,303827,58.0,-11528,-4.0,-2384,-44.7,566,60.4
"20000","5","71141","57","0","2025","1","",18,40,54,33,827422,278975,2944,1503,"",0.31,0.16,0.20,0.12,0.10,0.10,0.13,0.60,"",-4,-18.2,6,17.6,-10,-15.6,2,6.5,303827,58.0,-11528,-4.0,-2384,-44.7,566,60.4
"20000","5","711410","58","0","2025","1","",18,40,54,33,827422,278975,2944,1503,"",0.31,0.16,0.20,0.12,0.10,0.10,0.13,0.60,"",-4,-18.2,6,17.6,-10,-15.6,2,6.5,303827,58.0,-11528,-4.0,-2384,-44.7,566,60.4
"20000","5","7115","56","0","2025","1","",60,133,137,135,1175134,798870,6966,670,"",0.18,0.27,0.26,0.26,0.13,0.16,0.21,0.48,"",-4,-6.2,8,6.4,-12,-8.1,-10,-6.9,-213432,-15.4,-118400,-12.9,-6723,-49.1,-95,-12.4
"20000","5","71151","57","0","2025","1","",60,133,137,135,1175134,798870,6966,670,"",0.18,0.27,0.26,0.26,0.13,0.16,0.21,0.48,"",-4,-6.2,8,6.4,-12,-8.1,-10,-6.9,-213432,-15.4,-118400,-12.9,-6723,-49.1,-95,-12.4
"20000","5","711510","58","0","2025","1","",60,133,137,135,1175134,798870,6966,670,"",0.18,0.27,0.26,0.26,0.13,0.16,0.21,0.48,"",-4,-6.2,8,6.4,-12,-8.1,-10,-6.9,-213432,-15.4,-118400,-12.9,-6723,-49.1,-95,-12.4
"20000","5","712","55","0","2025","1","",64,808,812,915,6151746,5401632,14262,560,"",0.99,0.53,0.53,0.58,0.41,0.70,0.43,0.74,"",4,6.7,27,3.5,-12,-1.5,17,1.9,461163,8.1,307236,6.0,-19175,-57.3,35,6.7
"20000","5","7121","56","0","2025","1","",64,808,812,915,6151746,5401632,14262,560,"",0.99,0.53,0.53,0.58,0.41,0.70,0.43,0.74,"",4,6.7,27,3.5,-12,-1.5,17,1.9,461163,8.1,307236,6.0,-19175,-57.3,35,6.7
"20000","5","71211","57","0","2025","1","",54,520,521,525,3850586,3258196,9524,567,"",1.24,0.58,0.57,0.57,0.41,0.71,0.43,0.72,"",3,5.9,17,3.4,31,6.3,29,5.8,382157,11.0,243006,8.1,-9173,-49.1,29,5.4
"20000","5","712110","58","0","2025","1","",54,520,521,525,3850586,3258196,9524,567,"",1.24,0.58,0.57,0.57,0.41,0.71,0.43,0.72,"",3,5.9,17,3.4,31,6.3,29,5.8,382157,11.0,243006,8.1,-9173,-49.1,29,5.4
"20000","5","71212","57","0","2025","1","-",0,0,0,0,0,0,0,0,"N",0.00,0,0,0,0,0,0,0,"N",-1,-100.0,0,0,0,0,0,0,0,0,0,0,0,0,0,0
"20000","5","712120","58","0","2025","1","-",0,0,0,0,0,0,0,0,"N",0.00,0,0,0,0,0,0,0,"N",-1,-100.0,0,0,0,0,0,0,0,0,0,0,0,0,0,0
"20000","5","71213","57","0","2025","1","N",6,0,0,0,0,0,0,0,"N",0.78,0,0,0,0,0,0,0,"N",1,20.0,0,0,0,0,0,0,0,0,0,0,0,0,0,0
"20000","5","712130","58","0","2025","1","N",6,0,0,0,0,0,0,0,"N",0.78,0,0,0,0,0,0,0,"N",1,20.0,0,0,0,0,0,0,0,0,0,0,0,0,0,0
"20000","5","71219","57","0","2025","1","N",4,0,0,0,0,0,0,0,"N",0.52,0,0,0,0,0,0,0,"N",1,33.3,0,0,0,0,0,0,0,0,0,0,0,0,0,0
"20000","5","712190","58","0","2025","1","N",4,0,0,0,0,0,0,0,"N",0.52,0,0,0,0,0,0,0,"N",1,33.3,0,0,0,0,0,0,0,0,0,0,0,0,0,0
"20000","5","713","55","0","2025","1","",679,13387,13610,14480,87153040,68022179,277068,485,"",0.86,0.86,0.86,0.89,0.85,0.63,0.53,0.98,"",11,1.6,889,7.1,473,3.6,795,5.8,5410350,6.6,3171779,4.9,-268340,-49.2,5,1.0
"20000","5","7131","56","0","2025","1","",18,264,279,263,1124354,1012218,7187,322,"",0.53,0.14,0.15,0.13,0.08,0.08,0.17,0.54,"",0,0.0,0,0.0,3,1.1,-9,-3.3,-51140,-4.4,-21267,-2.1,-6415,-47.2,-12,-3.6
"20000","5","71311","57","0","2025","1","N",6,0,0,0,0,0,0,0,"N",0.54,0,0,0,0,0,0,0,"N",-1,-14.3,0,0,0,0,0,0,0,0,0,0,0,0,0,0
"20000","5","713110","58","0","2025","1","N",6,0,0,0,0,0,0,0,"N",0.54,0,0,0,0,0,0,0,"N",-1,-14.3,0,0,0,0,0,0,0,0,0,0,0,0,0,0
"20000","5","71312","57","0","2025","1","N",12,0,0,0,0,0,0,0,"N",0.53,0,0,0,0,0,0,0,"N",1,9.1,0,0,0,0,0,0,0,0,0,0,0,0,0,0
"20000","5","713120","58","0","2025","1","N",12,0,0,0,0,0,0,0,"N",0.53,0,0,0,0,0,0,0,"N",1,9.1,0,0,0,0,0,0,0,0,0,0,0,0,0,0
"20000","5","7132","56","0","2025","1","",19,1768,1775,1781,21696542,17588287,37475,940,"",0.53,1.51,1.50,1.50,1.58,1.33,0.51,1.05,"",2,11.8,44,2.6,1,0.1,4,0.2,1502284,7.4,693074,4.1,-36809,-49.6,57,6.5
"20000","5","71321","57","0","2025","1","",6,1703,1703,1709,20161861,16787474,24901,910,"",1.60,2.87,2.80,2.79,3.35,2.61,0.85,1.19,"",0,0.0,28,1.7,-19,-1.1,-16,-0.9,986159,5.1,440211,2.7,-36716,-59.6,46,5.3
"20000","5","713210","58","0","2025","1","",6,1703,1703,1709,20161861,16787474,24901,910,"",1.60,2.87,2.80,2.79,3.35,2.61,0.85,1.19,"",0,0.0,28,1.7,-19,-1.1,-16,-0.9,986159,5.1,440211,2.7,-36716,-59.6,46,5.3
"20000","5","71329","57","0","2025","1","",13,65,72,72,1534681,800813,12574,1695,"",0.40,0.11,0.13,0.13,0.20,0.12,0.29,1.64,"",2,18.2,16,32.7,20,38.5,20,38.5,516125,50.7,252863,46.1,-93,-0.7,159,10.4
"20000","5","713290","58","0","2025","1","",13,65,72,72,1534681,800813,12574,1695,"",0.40,0.11,0.13,0.13,0.20,0.12,0.29,1.64,"",2,18.2,16,32.7,20,38.5,20,38.5,516125,50.7,252863,46.1,-93,-0.7,159,10.4
"20000","5","7139","56","0","2025","1","",642,11355,11556,12436,64332144,49421674,232406,420,"",0.89,0.90,0.91,0.95,0.87,0.61,0.56,0.95,"",9,1.4,845,8.0,469,4.2,800,6.9,3959206,6.6,2499972,5.3,-225116,-49.2,1,0.2
"20000","5","71391","57","0","2025","1","",115,2642,2668,3362,23919965,18573314,54361,637,"",1.27,0.88,0.88,1.01,0.97,0.74,0.38,1.05,"",-1,-0.9,62,2.4,-331,-11.0,-77,-2.2,1417898,6.3,526020,2.9,-104034,-65.7,61,10.6
"20000","5","713910","58","0","2025","1","",115,2642,2668,3362,23919965,18573314,54361,637,"",1.27,0.88,0.88,1.01,0.97,0.74,0.38,1.05,"",-1,-0.9,62,2.4,-331,-11.0,-77,-2.2,1417898,6.3,526020,2.9,-104034,-65.7,61,10.6
"20000","5","71393","57","0","2025","1","",13,32,33,38,303618,273024,2503,680,"",0.40,0.11,0.11,0.12,0.10,0.09,0.16,0.88,"",-1,-7.1,-17,-34.7,-11,-25.0,-20,-34.5,-131191,-30.2,-124602,-31.3,-3806,-60.3,15,2.3
"20000","5","713930","58","0","2025","1","",13,32,33,38,303618,273024,2503,680,"",0.40,0.11,0.11,0.12,0.10,0.09,0.16,0.88,"",-1,-7.1,-17,-34.7,-11,-25.0,-20,-34.5,-131191,-30.2,-124602,-31.3,-3806,-60.3,15,2.3
"20000","5","71394","57","0","2025","1","",295,6217,6371,6441,26964053,19081760,101273,327,"",0.80,1.06,1.07,1.08,1.03,0.66,0.77,0.96,"",2,0.7,603,10.7,644,11.2,701,12.2,2655829,10.9,1779996,10.3,-80768,-44.4,-1,-0.3
"20000","5","713940","58","0","2025","1","",295,6217,6371,6441,26964053,19081760,101273,327,"",0.80,1.06,1.07,1.08,1.03,0.66,0.77,0.96,"",2,0.7,603,10.7,644,11.2,701,12.2,2655829,10.9,1779996,10.3,-80768,-44.4,-1,-0.3
"20000","5","71395","57","0","2025","1","",42,848,869,866,3943899,3695972,19080,352,"",1.56,1.31,1.33,1.31,1.21,0.87,1.10,0.92,"",2,5.0,56,7.1,47,5.7,7,0.8,74706,1.9,86096,2.4,-16682,-46.6,-9,-2.5
"20000","5","713950","58","0","2025","1","",42,848,869,866,3943899,3695972,19080,352,"",1.56,1.31,1.33,1.31,1.21,0.87,1.10,0.92,"",2,5.0,56,7.1,47,5.7,7,0.8,74706,1.9,86096,2.4,-16682,-46.6,-9,-2.5
"20000","5","71399","57","0","2025","1","",177,1616,1615,1729,9200609,7797604,55189,428,"",0.88,0.82,0.81,0.83,0.80,0.60,0.88,0.97,"",7,4.1,141,9.6,120,8.0,189,12.3,-58036,-0.6,232462,3.1,-19826,-26.4,-46,-9.7
"20000","5","713990","58","0","2025","1","",177,1616,1615,1729,9200609,7797604,55189,428,"",0.88,0.82,0.81,0.83,0.80,0.60,0.88,0.97,"",7,4.1,141,9.6,120,8.0,189,12.3,-58036,-0.6,232462,3.1,-19826,-26.4,-46,-9.7
"20000","5","72","54","0","2025","1","",6170,111544,112385,113164,612509506,570620496,2593867,419,"",0.96,0.89,0.89,0.88,0.82,0.61,0.66,0.93,"",-34,-0.5,-769,-0.7,-1569,-1.4,-1985,-1.7,-3089335,-0.5,-4752303,-0.8,-3204211,-55.3,3,0.7
"20000","5","721","55","0","2025","1","",677,8896,8981,9158,64932251,56386165,284091,554,"",1.07,0.53,0.53,0.53,0.42,0.33,0.37,0.80,"",-17,-2.4,-270,-2.9,-259,-2.8,-165,-1.8,-352382,-0.5,-741394,-1.3,-271758,-48.9,11,2.0
"20000","5","7211","56","0","2025","1","",584,8558,8604,8778,61632650,53712770,268479,548,"",1.07,0.53,0.52,0.53,0.41,0.32,0.36,0.78,"",-14,-2.3,-296,-3.3,-298,-3.3,-198,-2.2,-1038016,-1.7,-1182897,-2.2,-262164,-49.4,7,1.3
"20000","5","72111","57","0","2025","1","",565,8467,8506,8678,61030159,53283086,265010,549,"",1.14,0.62,0.61,0.62,0.50,0.41,0.44,0.81,"",-11,-1.9,-279,-3.2,-281,-3.2,-183,-2.1,-1145113,-1.8,-1159116,-2.1,-258457,-49.4,5,0.9
"20000","5","721110","58","0","2025","1","",565,8467,8506,8678,61030159,53283086,265010,549,"",1.14,0.62,0.61,0.62,0.50,0.41,0.44,0.81,"",-11,-1.9,-279,-3.2,-281,-3.2,-183,-2.1,-1145113,-1.8,-1159116,-2.1,-258457,-49.4,5,0.9
"20000","5","72119","57","0","2025","1","",19,91,98,100,602491,429684,3469,481,"",0.43,0.35,0.37,0.37,0.28,0.19,0.27,0.76,"",-3,-13.6,-17,-15.7,-17,-14.8,-15,-13.0,107097,21.6,-23781,-5.2,-3707,-51.7,143,42.3
"20000","5","721191","58","0","2025","1","",12,60,66,70,253635,249635,1358,299,"",0.66,0.55,0.60,0.62,0.39,0.31,0.30,0.65,"",-2,-14.3,-7,-10.4,-4,-5.7,2,2.9,-8230,-3.1,-11030,-4.2,-1805,-57.1,4,1.4
"20000","5","721199","58","0","2025","1","",7,31,32,30,348856,180049,2111,866,"",0.27,0.20,0.21,0.19,0.23,0.12,0.25,1.15,"",-1,-12.5,-10,-24.4,-13,-28.9,-17,-36.2,115327,49.4,-12751,-6.6,-1902,-47.4,461,113.8
"20000","5","7212","56","0","2025","1","",43,241,237,242,2350362,1823798,7392,753,"",0.59,0.53,0.52,0.50,0.67,0.52,0.41,1.32,"",4,10.3,55,29.6,40,20.3,36,17.5,687876,41.4,448887,32.6,-6138,-45.4,102,15.7
"20000","5","72121","57","0","2025","1","",43,241,237,242,2350362,1823798,7392,753,"",0.59,0.53,0.52,0.50,0.67,0.52,0.41,1.32,"",4,10.3,55,29.6,40,20.3,36,17.5,687876,41.4,448887,32.6,-6138,-45.4,102,15.7
"20000","5","721211","58","0","2025","1","",29,92,92,87,610873,571768,4333,520,"",0.63,0.39,0.39,0.34,0.37,0.30,0.40,0.99,"",2,7.4,11,13.6,6,7.0,-4,-4.4,100080,19.6,71378,14.3,-3343,-43.6,63,13.8
"20000","5","721214","58","0","2025","1","",14,149,145,155,1739489,1252030,3059,894,"",0.52,0.68,0.65,0.67,0.95,0.80,0.41,1.43,"",2,16.7,44,41.9,34,30.6,40,34.8,587796,51.0,377509,43.2,-2795,-47.7,91,11.3
"20000","5","7213","56","0","2025","1","",50,97,140,138,949239,849597,8220,584,"",3.59,1.09,1.49,1.47,1.35,1.14,1.81,0.99,"",-7,-12.3,-29,-23.0,-1,-0.7,-3,-2.1,-2242,-0.2,-7384,-0.9,-3456,-29.6,46,8.6
"20000","5","72131","57","0","2025","1","",50,97,140,138,949239,849597,8220,584,"",3.59,1.09,1.49,1.47,1.35,1.14,1.81,0.99,"",-7,-12.3,-29,-23.0,-1,-0.7,-3,-2.1,-2242,-0.2,-7384,-0.9,-3456,-29.6,46,8.6
"20000","5","721310","58","0","2025","1","",50,97,140,138,949239,849597,8220,584,"",3.59,1.09,1.49,1.47,1.35,1.14,1.81,0.99,"",-7,-12.3,-29,-23.0,-1,-0.7,-3,-2.1,-2242,-0.2,-7384,-0.9,-3456,-29.6,46,8.6
"20000","5","722","55","0","2025","1","",5493,102648,103404,104006,547577255,514234331,2309776,408,"",0.95,0.95,0.95,0.94,0.93,0.68,0.73,0.99,"",-17,-0.3,-499,-0.5,-1310,-1.3,-1820,-1.7,-2736953,-0.5,-4010909,-0.8,-2932453,-55.9,3,0.7
"20000","5","7223","56","0","2025","1","",363,5627,6068,5991,44598893,39206586,368510,582,"",0.87,0.83,0.86,0.83,0.88,0.65,0.74,1.05,"",-12,-3.2,92,1.7,169,2.9,42,0.7,3361281,8.2,2585448,7.1,-186030,-33.5,35,6.4
"20000","5","72231","57","0","2025","1","",206,4517,4957,4853,36950378,32525811,320856,595,"",0.98,0.89,0.93,0.90,0.93,0.69,0.76,1.02,"",-4,-1.9,67,1.5,199,4.2,42,0.9,2956864,8.7,2184417,7.2,-147141,-31.4,35,6.2
"20000","5","722310","58","0","2025","1","",206,4517,4957,4853,36950378,32525811,320856,595,"",0.98,0.89,0.93,0.90,0.93,0.69,0.76,1.02,"",-4,-1.9,67,1.5,199,4.2,42,0.9,2956864,8.7,2184417,7.2,-147141,-31.4,35,6.2
"20000","5","72232","57","0","2025","1","",78,877,898,867,6249274,5382713,34396,546,"",0.70,0.65,0.65,0.60,0.68,0.51,0.52,1.08,"",-3,-3.7,28,3.3,-3,-0.3,11,1.3,358171,6.1,358962,7.1,-23424,-40.5,24,4.6
"20000","5","722320","58","0","2025","1","",78,877,898,867,6249274,5382713,34396,546,"",0.70,0.65,0.65,0.60,0.68,0.51,0.52,1.08,"",-3,-3.7,28,3.3,-3,-0.3,11,1.3,358171,6.1,358962,7.1,-23424,-40.5,24,4.6
"20000","5","72233","57","0","2025","1","",79,233,213,271,1399241,1298062,13258,450,"",0.81,0.71,0.64,0.74,0.78,0.57,1.09,1.12,"",-5,-6.0,-3,-1.3,-27,-11.2,-11,-3.9,46246,3.4,42069,3.3,-15465,-53.8,38,9.2
"20000","5","722330","58","0","2025","1","",79,233,213,271,1399241,1298062,13258,450,"",0.81,0.71,0.64,0.74,0.78,0.57,1.09,1.12,"",-5,-6.0,-3,-1.3,-27,-11.2,-11,-3.9,46246,3.4,42069,3.3,-15465,-53.8,38,9.2
"20000","5","7224","56","0","2025","1","",289,3031,3330,3183,12795718,12477968,59253,309,"",0.85,0.84,0.91,0.86,0.68,0.50,0.52,0.78,"",5,1.8,-179,-5.6,-209,-5.9,-201,-5.9,-625065,-4.7,-536128,-4.1,-73599,-55.4,3,1.0
"20000","5","72241","57","0","2025","1","",289,3031,3330,3183,12795718,12477968,59253,309,"",0.85,0.84,0.91,0.86,0.68,0.50,0.52,0.78,"",5,1.8,-179,-5.6,-209,-5.9,-201,-5.9,-625065,-4.7,-536128,-4.1,-73599,-55.4,3,1.0
"20000","5","722410","58","0","2025","1","",289,3031,3330,3183,12795718,12477968,59253,309,"",0.85,0.84,0.91,0.86,0.68,0.50,0.52,0.78,"",5,1.8,-179,-5.6,-209,-5.9,-201,-5.9,-625065,-4.7,-536128,-4.1,-73599,-55.4,3,1.0
"20000","5","7225","56","0","2025","1","",4841,93990,94006,94832,490182644,462549777,1882013,400,"",0.96,0.96,0.95,0.95,0.94,0.68,0.74,0.99,"",-10,-0.2,-412,-0.4,-1270,-1.3,-1661,-1.7,-5473169,-1.1,-6060229,-1.3,-2672824,-58.7,0,0.0
"20000","5","72251","57","0","2025","1","",4841,93990,94006,94832,490182644,462549777,1882013,400,"",0.96,0.96,0.95,0.95,0.94,0.68,0.74,0.99,"",-10,-0.2,-412,-0.4,-1270,-1.3,-1661,-1.7,-5473169,-1.1,-6060229,-1.3,-2672824,-58.7,0,0.0
"20000","5","722511","58","0","2025","1","",2055,43381,43355,43498,246243613,234325413,986157,436,"",0.97,0.91,0.90,0.90,0.86,0.64,0.69,0.95,"",-66,-3.1,-765,-1.7,-1237,-2.8,-1454,-3.2,-4663850,-1.9,-5033800,-2.1,-1334095,-57.5,3,0.7
"20000","5","722513","58","0","2025","1","",2093,41989,42024,42515,205135576,192242302,647538,374,"",0.96,1.02,1.01,1.02,1.08,0.76,0.75,1.07,"",44,2.1,49,0.1,-282,-0.7,-488,-1.1,-3439097,-1.6,-2725948,-1.4,-1052897,-61.9,-4,-1.1
"20000","5","722514","58","0","2025","1","",27,419,405,411,2777036,2586727,3044,519,"",0.65,0.62,0.59,0.59,0.79,0.58,0.19,1.30,"",-4,-12.9,-47,-10.1,-44,-9.8,-55,-11.8,-188387,-6.4,-218119,-7.8,-7759,-71.8,23,4.6
"20000","5","722515","58","0","2025","1","",666,8201,8222,8408,36026419,33395335,245274,335,"",0.96,0.98,0.97,0.97,0.89,0.62,1.05,0.91,"",16,2.5,351,4.5,293,3.7,336,4.2,2818165,8.5,1917638,6.1,-278073,-53.1,14,4.4
"20000","5","81","54","0","2025","1","",6152,36710,37284,37779,456340827,306508909,2312777,942,"",0.87,0.87,0.88,0.88,1.02,0.78,1.28,1.16,"",-42,-0.7,1640,4.7,1433,4.0,1707,4.7,36413619,8.7,20705817,7.2,-994155,-30.1,36,4.0
"20000","5","811","55","0","2025","1","",2278,14047,14406,14801,215342323,153971759,1596539,1149,"",1.14,1.06,1.08,1.10,1.34,0.99,2.35,1.24,"",-16,-0.7,644,4.8,804,5.9,994,7.2,26528996,14.1,14149077,10.1,-170142,-9.6,81,7.6
"20000","5","8111","56","0","2025","1","",1568,8952,9036,9140,107382843,86589620,430167,913,"",1.12,0.95,0.95,0.96,1.08,0.83,1.01,1.13,"",-6,-0.4,89,1.0,28,0.3,201,2.2,5093346,5.0,2517356,3.0,-556421,-56.4,33,3.8
"20000","5","81111","57","0","2025","1","",914,4063,4061,4084,53891061,43409122,204986,1019,"",1.18,1.01,1.00,1.00,1.17,0.90,1.07,1.17,"",1,0.1,-11,-0.3,-8,-0.2,40,1.0,2759580,5.4,1187955,2.8,-257341,-55.7,51,5.3
"20000","5","811111","58","0","2025","1","",843,3775,3759,3783,49822529,40194875,195067,1016,"",1.22,1.04,1.03,1.03,1.20,0.92,1.12,1.16,"",6,0.7,-8,-0.2,-9,-0.2,34,0.9,2492530,5.3,1037464,2.6,-239165,-55.1,49,5.1
"20000","5","811114","58","0","2025","1","",71,288,302,301,4068532,3214247,9919,1054,"",0.87,0.71,0.74,0.74,0.91,0.69,0.55,1.24,"",-5,-6.6,-3,-1.0,1,0.3,6,2.0,267050,7.0,150491,4.9,-18176,-64.7,65,6.6
"20000","5","81112","57","0","2025","1","",375,2238,2276,2265,33075182,25211534,115144,1126,"",1.09,0.84,0.85,0.84,0.96,0.75,0.81,1.14,"",-12,-3.1,-42,-1.8,-21,-0.9,-12,-0.5,294745,0.9,69204,0.3,-176848,-60.6,22,2.0
"20000","5","811121","58","0","2025","1","",332,2019,2050,2040,30258065,22883852,106668,1143,"",1.17,0.87,0.87,0.87,0.99,0.77,0.86,1.14,"",-14,-4.0,-54,-2.6,-37,-1.8,-21,-1.0,122937,0.4,-83187,-0.4,-160721,-60.1,25,2.2
"20000","5","811122","58","0","2025","1","",43,219,226,225,2817117,2327682,8476,970,"",0.74,0.65,0.66,0.65,0.73,0.57,0.45,1.11,"",2,4.9,12,5.8,16,7.6,9,4.2,171808,6.5,152391,7.0,-16127,-65.5,6,0.6
"20000","5","81119","57","0","2025","1","",279,2651,2699,2791,20416600,17968964,110037,579,"",0.96,0.98,0.99,1.01,1.05,0.79,1.17,1.06,"",5,1.8,142,5.7,57,2.2,173,6.6,2039021,11.1,1260197,7.5,-122232,-52.6,33,6.0
"20000","5","811191","58","0","2025","1","",58,444,443,457,4030219,3717071,24933,692,"",0.85,0.64,0.64,0.65,0.76,0.58,1.02,1.18,"",3,5.5,7,1.6,6,1.4,26,6.0,161689,4.2,59316,1.6,-20831,-45.5,8,1.2
"20000","5","811192","58","0","2025","1","",175,2082,2132,2203,14654110,12918715,74835,527,"",1.10,1.22,1.24,1.24,1.33,0.98,1.37,1.08,"",-3,-1.7,112,5.7,30,1.4,121,5.8,1525491,11.6,907540,7.6,-96602,-56.3,35,7.1
"20000","5","811198","58","0","2025","1","",46,125,124,131,1732271,1333178,10269,1052,"",0.74,0.43,0.42,0.44,0.58,0.43,0.70,1.34,"",5,12.2,23,22.5,21,20.4,26,24.8,351841,25.5,293341,28.2,-4799,-31.8,24,2.3
"20000","5","8112","56","0","2025","1","",153,889,892,877,14192168,9699983,41635,1232,"",1.20,0.95,0.95,0.94,0.89,0.80,0.70,0.94,"",3,2.0,0,0.0,-7,-0.8,-21,-2.3,178262,1.3,26876,0.3,-64642,-60.8,28,2.3
"20000","5","81121","57","0","2025","1","",153,889,892,877,14192168,9699983,41635,1232,"",1.20,0.95,0.95,0.94,0.89,0.80,0.70,0.94,"",3,2.0,0,0.0,-7,-0.8,-21,-2.3,178262,1.3,26876,0.3,-64642,-60.8,28,2.3
"20000","5","811210","58","0","2025","1","",153,889,892,877,14192168,9699983,41635,1232,"",1.20,0.95,0.95,0.94,0.89,0.80,0.70,0.94,"",3,2.0,0,0.0,-7,-0.8,-21,-2.3,178262,1.3,26876,0.3,-64642,-60.8,28,2.3
"20000","5","8113","56","0","2025","1","",415,3806,4080,4363,89864551,54262321,1105415,1693,"",1.61,1.74,1.82,1.92,2.38,1.74,7.00,1.30,"",-7,-1.7,576,17.8,810,24.8,832,23.6,21438868,31.3,11735902,27.6,476373,75.7,119,7.6
"20000","5","81131","57","0","2025","1","",415,3806,4080,4363,89864551,54262321,1105415,1693,"",1.61,1.74,1.82,1.92,2.38,1.74,7.00,1.30,"",-7,-1.7,576,17.8,810,24.8,832,23.6,21438868,31.3,11735902,27.6,476373,75.7,119,7.6
"20000","5","811310","58","0","2025","1","",415,3806,4080,4363,89864551,54262321,1105415,1693,"",1.61,1.74,1.82,1.92,2.38,1.74,7.00,1.30,"",-7,-1.7,576,17.8,810,24.8,832,23.6,21438868,31.3,11735902,27.6,476373,75.7,119,7.6
"20000","5","8114","56","0","2025","1","",142,400,398,421,3902761,3419835,19322,739,"",0.70,0.55,0.54,0.56,0.54,0.45,0.56,0.98,"",-6,-4.1,-21,-5.0,-27,-6.4,-18,-4.1,-181480,-4.4,-131057,-3.7,-25452,-56.8,6,0.8
"20000","5","81141","57","0","2025","1","",61,152,152,170,1668435,1473351,11492,812,"",0.91,0.57,0.57,0.63,0.59,0.50,0.81,0.99,"",2,3.4,7,4.8,6,4.1,11,6.9,85795,5.4,81719,5.9,-6940,-37.7,0,0.0
"20000","5","811411","58","0","2025","1","",17,31,32,40,351824,307575,4083,788,"",1.05,0.66,0.67,0.81,0.78,0.65,1.74,1.09,"",2,13.3,7,29.2,6,23.1,10,33.3,115393,48.8,89198,40.8,104,2.6,106,15.5
"20000","5","811412","58","0","2025","1","",44,121,120,130,1316611,1165776,7409,819,"",0.87,0.55,0.54,0.59,0.55,0.47,0.63,0.98,"",0,0.0,0,0.0,0,0.0,1,0.8,-29598,-2.2,-7479,-0.6,-7044,-48.7,-21,-2.5
"20000","5","81142","57","0","2025","1","",27,87,94,90,817858,758173,3886,696,"",0.99,0.78,0.84,0.79,0.81,0.66,0.80,1.00,"",0,0.0,-10,-10.3,5,5.6,2,2.3,21307,2.7,16828,2.3,-5458,-58.4,25,3.7
"20000","5","811420","58","0","2025","1","",27,87,94,90,817858,758173,3886,696,"",0.99,0.78,0.84,0.79,0.81,0.66,0.80,1.00,"",0,0.0,-10,-10.3,5,5.6,2,2.3,21307,2.7,16828,2.3,-5458,-58.4,25,3.7
"20000","5","81143","57","0","2025","1","",4,10,10,10,70868,70868,0,545,"",0.73,0.59,0.60,0.60,0.55,0.46,0.00,0.92,"",-2,-33.3,-2,-16.7,-3,-23.1,-2,-16.7,-6011,-7.8,-6011,-7.8,-204,-100.0,66,13.8
"20000","5","811430","58","0","2025","1","",4,10,10,10,70868,70868,0,545,"",0.73,0.59,0.60,0.60,0.55,0.46,0.00,0.92,"",-2,-33.3,-2,-16.7,-3,-23.1,-2,-16.7,-6011,-7.8,-6011,-7.8,-204,-100.0,66,13.8
"20000","5","81149","57","0","2025","1","",50,151,142,151,1345600,1117443,3944,699,"",0.49,0.45,0.42,0.44,0.41,0.33,0.26,0.95,"",-6,-10.7,-16,-9.6,-35,-19.8,-29,-16.1,-282571,-17.4,-223593,-16.7,-12850,-76.5,-18,-2.5
"20000","5","811490","58","0","2025","1","",50,151,142,151,1345600,1117443,3944,699,"",0.49,0.45,0.42,0.44,0.41,0.33,0.26,0.95,"",-6,-10.7,-16,-9.6,-35,-19.8,-29,-16.1,-282571,-17.4,-223593,-16.7,-12850,-76.5,-18,-2.5
"20000","5","812","55","0","2025","1","",1657,12018,12044,12204,96722157,85716214,388216,615,"",0.77,0.85,0.84,0.85,0.92,0.71,0.75,1.09,"",-2,-0.1,372,3.2,287,2.4,287,2.4,3799905,4.1,2953494,3.6,-451604,-53.8,8,1.3
"20000","5","8121","56","0","2025","1","",941,5938,5966,6094,45365306,41881885,212582,582,"",0.75,0.88,0.88,0.89,1.05,0.77,0.92,1.19,"",10,1.1,115,2.0,44,0.7,38,0.6,55955,0.1,-40824,-0.1,-266423,-55.6,-5,-0.9
"20000","5","81211","57","0","2025","1","",716,4607,4632,4745,36048458,33435599,148951,595,"",0.74,0.93,0.93,0.94,1.16,0.84,0.94,1.25,"",-19,-2.6,-10,-0.2,-57,-1.2,2,0.0,-522169,-1.4,-532984,-1.6,-217600,-59.4,-6,-1.0
"20000","5","812111","58","0","2025","1","",28,206,204,209,2279197,1986722,15660,850,"",0.41,0.63,0.63,0.64,0.95,0.67,1.37,1.50,"",-3,-9.7,10,5.1,-4,-1.9,-1,-0.5,160177,7.6,70545,3.7,-18014,-53.5,54,6.8
"20000","5","812112","58","0","2025","1","",467,3091,3092,3103,24215002,22154529,55486,602,"",0.75,0.94,0.93,0.93,1.11,0.81,0.55,1.19,"",-20,-4.1,-109,-3.4,-174,-5.3,-115,-3.6,-1391916,-5.4,-1239316,-5.3,-131341,-70.3,-8,-1.3
"20000","5","812113","58","0","2025","1","",221,1310,1336,1433,9554259,9294348,77805,541,"",0.81,0.97,0.99,1.03,1.42,0.98,1.65,1.43,"",4,1.8,89,7.3,121,10.0,118,9.0,709570,8.0,635787,7.3,-68245,-46.7,-3,-0.6
"20000","5","81219","57","0","2025","1","",225,1331,1334,1349,9316848,8446286,63631,536,"",0.79,0.75,0.74,0.74,0.76,0.59,0.90,1.02,"",29,14.8,125,10.4,101,8.2,36,2.7,578124,6.6,492160,6.2,-48823,-43.4,-1,-0.2
"20000","5","812191","58","0","2025","1","",11,60,59,62,442904,395710,2294,565,"",0.57,0.64,0.62,0.65,0.47,0.53,0.56,0.74,"",0,0.0,-22,-26.8,-23,-28.0,-17,-21.5,-249291,-36.0,-193360,-32.8,-3994,-63.5,-92,-14.0
"20000","5","812199","58","0","2025","1","",214,1271,1275,1287,8873944,8050576,61337,534,"",0.80,0.76,0.75,0.75,0.78,0.60,0.92,1.04,"",29,15.7,147,13.1,124,10.8,53,4.3,827415,10.3,685520,9.3,-44829,-42.2,5,0.9
"20000","5","8122","56","0","2025","1","",207,1340,1333,1335,12968295,9983799,14869,747,"",1.40,1.11,1.10,1.09,1.06,0.87,0.34,0.96,"",-9,-4.2,-12,-0.9,-14,-1.0,-29,-2.1,44915,0.3,-53405,-0.5,-43650,-74.6,13,1.8
"20000","5","81221","57","0","2025","1","",175,1200,1190,1195,11398926,8774925,9335,734,"",1.56,1.28,1.26,1.26,1.25,1.00,0.35,0.98,"",-8,-4.4,-29,-2.4,-35,-2.9,-43,-3.5,-112972,-1.0,-138901,-1.6,-38872,-80.6,14,1.9
"20000","5","812210","58","0","2025","1","",175,1200,1190,1195,11398926,8774925,9335,734,"",1.56,1.28,1.26,1.26,1.25,1.00,0.35,0.98,"",-8,-4.4,-29,-2.4,-35,-2.9,-43,-3.5,-112972,-1.0,-138901,-1.6,-38872,-80.6,14,1.9
"20000","5","81222","57","0","2025","1","",32,140,143,140,1569369,1208874,5534,856,"",0.89,0.52,0.53,0.51,0.51,0.44,0.33,0.98,"",-1,-3.0,17,13.8,21,17.2,14,11.1,157887,11.2,85496,7.6,-4778,-46.3,-22,-2.5
"20000","5","812220","58","0","2025","1","",32,140,143,140,1569369,1208874,5534,856,"",0.89,0.52,0.53,0.51,0.51,0.44,0.33,0.98,"",-1,-3.0,17,13.8,21,17.2,14,11.1,157887,11.2,85496,7.6,-4778,-46.3,-22,-2.5
"20000","5","8123","56","0","2025","1","",148,2073,2075,2038,20290845,17116184,31637,757,"",0.67,0.88,0.88,0.86,1.00,0.75,0.36,1.14,"",-5,-3.3,-23,-1.1,-30,-1.4,-53,-2.5,291735,1.5,-20748,-0.1,-76462,-70.7,24,3.3
"20000","5","81231","57","0","2025","1","",60,287,292,284,2024888,1568361,4883,541,"",0.74,0.79,0.80,0.77,1.00,0.61,0.41,1.27,"",2,3.4,13,4.7,3,1.0,-1,-0.4,270795,15.4,105645,7.2,-9172,-65.3,64,13.4
"20000","5","812310","58","0","2025","1","",60,287,292,284,2024888,1568361,4883,541,"",0.74,0.79,0.80,0.77,1.00,0.61,0.41,1.27,"",2,3.4,13,4.7,3,1.0,-1,-0.4,270795,15.4,105645,7.2,-9172,-65.3,64,13.4
"20000","5","81232","57","0","2025","1","",59,520,496,493,3167897,3012038,12676,484,"",0.51,0.64,0.61,0.61,0.63,0.47,0.52,1.01,"",-7,-10.6,-39,-7.0,-52,-9.5,-45,-8.4,-448978,-12.4,-350293,-10.4,-6359,-33.4,-23,-4.5
"20000","5","812320","58","0","2025","1","",59,520,496,493,3167897,3012038,12676,484,"",0.51,0.64,0.61,0.61,0.63,0.47,0.52,1.01,"",-7,-10.6,-39,-7.0,-52,-9.5,-45,-8.4,-448978,-12.4,-350293,-10.4,-6359,-33.4,-23,-4.5
"20000","5","81233","57","0","2025","1","",29,1266,1287,1261,15098060,12535785,14078,914,"",1.28,1.07,1.08,1.06,1.14,0.91,0.27,1.06,"",0,0.0,3,0.2,19,1.5,-7,-0.6,469918,3.2,223900,1.8,-60931,-81.2,25,2.8
"20000","5","812331","58","0","2025","1","",9,428,440,435,3752244,3348319,9195,665,"",0.78,0.73,0.75,0.73,0.62,0.49,0.34,0.85,"",0,0.0,25,6.2,34,8.4,40,10.1,195260,5.5,163389,5.1,-9456,-50.7,-17,-2.5
"20000","5","812332","58","0","2025","1","",20,838,847,826,11345816,9187466,4883,1043,"",1.80,1.41,1.42,1.37,1.57,1.31,0.19,1.12,"",0,0.0,-22,-2.6,-15,-1.7,-47,-5.4,274658,2.5,60511,0.7,-51475,-91.3,58,5.9
"20000","5","8129","56","0","2025","1","",361,2667,2670,2737,18097711,16734346,129128,517,"",0.67,0.69,0.69,0.69,0.62,0.53,0.82,0.91,"",2,0.6,292,12.3,287,12.0,331,13.8,3407300,23.2,3068471,22.5,-65069,-33.5,44,9.3
"20000","5","81291","57","0","2025","1","",217,1832,1839,1868,11471239,10783975,81252,478,"",0.97,1.03,1.04,1.04,1.09,0.83,1.47,1.04,"",8,3.8,-27,-1.5,-18,-1.0,-29,-1.5,579420,5.3,398389,3.8,-64427,-44.2,30,6.7
"20000","5","812910","58","0","2025","1","",217,1832,1839,1868,11471239,10783975,81252,478,"",0.97,1.03,1.04,1.04,1.09,0.83,1.47,1.04,"",8,3.8,-27,-1.5,-18,-1.0,-29,-1.5,579420,5.3,398389,3.8,-64427,-44.2,30,6.7
"20000","5","81292","57","0","2025","1","",3,30,30,30,144278,144278,1776,370,"",0.61,0.62,0.62,0.61,0.25,0.29,0.47,0.40,"",-1,-25.0,-6,-16.7,-7,-18.9,-7,-18.9,-55665,-27.8,-55665,-27.8,-1865,-51.2,-49,-11.7
"20000","5","812921","58","0","2025","1","N",2,0,0,0,0,0,0,0,"N",0.50,0,0,0,0,0,0,0,"N",-1,-33.3,0,0,0,0,0,0,0,0,0,0,0,0,0,0
"20000","5","812922","58","0","2025","1","N",1,0,0,0,0,0,0,0,"N",1.02,0,0,0,0,0,0,0,"N",0,0.0,0,0,0,0,0,0,0,0,0,0,0,0,0,0
"20000","5","81293","57","0","2025","1","",17,406,412,417,3450760,3300037,23578,645,"",0.27,0.34,0.34,0.34,0.40,0.33,0.44,1.18,"",-1,-5.6,278,217.2,265,180.3,281,206.6,2465792,250.3,2399711,266.5,14665,164.5,92,16.6
"20000","5","812930","58","0","2025","1","",17,406,412,417,3450760,3300037,23578,645,"",0.27,0.34,0.34,0.34,0.40,0.33,0.44,1.18,"",-1,-5.6,278,217.2,265,180.3,281,206.6,2465792,250.3,2399711,266.5,14665,164.5,92,16.6
"20000","5","81299","57","0","2025","1","",124,399,389,422,3031434,2506056,22522,578,"",0.50,0.47,0.45,0.48,0.33,0.32,0.50,0.71,"",-4,-3.1,47,13.4,47,13.7,86,25.6,417753,16.0,326036,15.0,-13442,-37.4,-8,-1.4
"20000","5","812990","58","0","2025","1","",124,399,389,422,3031434,2506056,22522,578,"",0.50,0.47,0.45,0.48,0.33,0.32,0.50,0.71,"",-4,-3.1,47,13.4,47,13.7,86,25.6,417753,16.0,326036,15.0,-13442,-37.4,-8,-1.4
"20000","5","813","55","0","2025","1","",1283,9604,9791,9738,136661717,59911253,252391,1083,"",0.88,0.75,0.75,0.75,0.82,0.59,0.49,1.10,"",13,1.0,605,6.7,338,3.6,394,4.2,5766735,4.4,3472707,6.2,-323353,-56.2,-4,-0.4
"20000","5","8131","56","0","2025","1","",55,414,439,440,5156280,1455006,9663,920,"",0.26,0.22,0.23,0.23,0.36,0.19,0.24,1.57,"",11,25.0,21,5.3,36,8.9,44,11.1,676867,15.1,301360,26.1,-3448,-26.3,53,6.1
"20000","5","81311","57","0","2025","1","",55,414,439,440,5156280,1455006,9663,920,"",0.26,0.22,0.23,0.23,0.36,0.19,0.24,1.57,"",11,25.0,21,5.3,36,8.9,44,11.1,676867,15.1,301360,26.1,-3448,-26.3,53,6.1
"20000","5","813110","58","0","2025","1","",55,414,439,440,5156280,1455006,9663,920,"",0.26,0.22,0.23,0.23,0.36,0.19,0.24,1.57,"",11,25.0,21,5.3,36,8.9,44,11.1,676867,15.1,301360,26.1,-3448,-26.3,53,6.1
"20000","5","8132","56","0","2025","1","",139,1267,1294,1250,24764569,10776798,60798,1500,"",0.73,0.84,0.84,0.81,0.87,0.74,0.75,1.04,"",-1,-0.7,95,8.1,106,8.9,74,6.3,2350831,10.5,1154850,12.0,-57522,-48.6,37,2.5
"20000","5","81321","57","0","2025","1","",139,1267,1294,1250,24764569,10776798,60798,1500,"",0.73,0.84,0.84,0.81,0.87,0.74,0.75,1.04,"",-1,-0.7,95,8.1,106,8.9,74,6.3,2350831,10.5,1154850,12.0,-57522,-48.6,37,2.5
"20000","5","813211","58","0","2025","1","",73,883,910,876,17712213,7360791,31301,1531,"",0.76,1.24,1.24,1.19,1.16,0.95,0.79,0.95,"",-1,-1.4,72,8.9,84,10.2,63,7.7,1808280,11.4,963365,15.1,-35154,-52.9,33,2.2
"20000","5","813212","58","0","2025","1","",32,142,142,138,3122655,933489,8799,1708,"",0.75,0.38,0.38,0.37,0.45,0.28,0.40,1.19,"",-4,-11.1,1,0.7,0,0.0,-5,-3.5,103619,3.4,-86527,-8.5,-9258,-51.3,73,4.5
"20000","5","813219","58","0","2025","1","",34,242,242,236,3929701,2482518,20698,1260,"",0.67,0.57,0.56,0.55,0.62,0.72,1.04,1.10,"",4,13.3,22,10.0,22,10.0,16,7.3,438932,12.6,278012,12.6,-13110,-38.8,39,3.2
"20000","5","8133","56","0","2025","1","",206,1218,1185,1197,16141621,10509710,68927,1035,"",0.68,0.51,0.49,0.50,0.48,0.45,0.53,0.96,"",1,0.5,44,3.7,5,0.4,1,0.1,830905,5.4,281927,2.8,-82297,-54.4,40,4.0
"20000","5","81331","57","0","2025","1","",206,1218,1185,1197,16141621,10509710,68927,1035,"",0.68,0.51,0.49,0.50,0.48,0.45,0.53,0.96,"",1,0.5,44,3.7,5,0.4,1,0.1,830905,5.4,281927,2.8,-82297,-54.4,40,4.0
"20000","5","813311","58","0","2025","1","",69,341,334,342,4376144,2821487,19585,993,"",1.21,0.66,0.65,0.66,0.59,0.58,0.69,0.90,"",3,4.5,9,2.7,-4,-1.2,-1,-0.3,73431,1.7,14824,0.5,-21458,-52.3,13,1.3
"20000","5","813312","58","0","2025","1","",50,410,390,400,4619343,2826301,12321,888,"",0.64,0.58,0.55,0.56,0.47,0.44,0.40,0.83,"",2,4.2,18,4.6,7,1.8,1,0.3,519221,12.7,213934,8.2,-17076,-58.1,82,10.2
"20000","5","813319","58","0","2025","1","",87,467,461,455,7146134,4861922,37021,1192,"",0.52,0.40,0.39,0.38,0.43,0.41,0.52,1.11,"",-4,-4.4,17,3.8,2,0.4,1,0.2,238253,3.4,53169,1.1,-43763,-54.2,22,1.9
"20000","5","8134","56","0","2025","1","",243,2679,2751,2784,16347672,6087936,13247,459,"",1.05,0.84,0.85,0.85,0.84,0.54,0.24,0.99,"",2,0.8,245,10.1,-25,-0.9,-14,-0.5,1441581,9.7,167710,2.8,-24771,-65.2,29,6.7
"20000","5","81341","57","0","2025","1","",243,2679,2751,2784,16347672,6087936,13247,459,"",1.05,0.84,0.85,0.85,0.84,0.54,0.24,0.99,"",2,0.8,245,10.1,-25,-0.9,-14,-0.5,1441581,9.7,167710,2.8,-24771,-65.2,29,6.7
"20000","5","813410","58","0","2025","1","",243,2679,2751,2784,16347672,6087936,13247,459,"",1.05,0.84,0.85,0.85,0.84,0.54,0.24,0.99,"",2,0.8,245,10.1,-25,-0.9,-14,-0.5,1441581,9.7,167710,2.8,-24771,-65.2,29,6.7
"20000","5","8139","56","0","2025","1","",640,4026,4122,4067,74251575,31081803,99756,1403,"",1.21,1.04,1.06,1.04,1.07,0.70,0.49,1.02,"",0,0.0,200,5.2,216,5.5,289,7.6,466551,0.6,1566860,5.3,-155315,-60.9,-76,-5.1
"20000","5","81391","57","0","2025","1","",351,1151,1156,1104,24581596,14083619,46672,1663,"",1.99,1.07,1.07,1.02,0.96,0.97,0.76,0.91,"",3,0.9,28,2.5,26,2.3,22,2.0,-277718,-1.1,1438738,11.4,-58582,-55.7,-57,-3.3
"20000","5","813910","58","0","2025","1","",351,1151,1156,1104,24581596,14083619,46672,1663,"",1.99,1.07,1.07,1.02,0.96,0.97,0.76,0.91,"",3,0.9,28,2.5,26,2.3,22,2.0,-277718,-1.1,1438738,11.4,-58582,-55.7,-57,-3.3
"20000","5","81392","57","0","2025","1","",130,917,912,913,22353185,11810019,35839,1881,"",1.30,1.12,1.11,1.11,1.16,1.17,0.72,1.04,"",2,1.6,2,0.2,-10,-1.1,-6,-0.7,736880,3.4,12677,0.1,-71622,-66.6,71,3.9
"20000","5","813920","58","0","2025","1","",130,917,912,913,22353185,11810019,35839,1881,"",1.30,1.12,1.11,1.11,1.16,1.17,0.72,1.04,"",2,1.6,2,0.2,-10,-1.1,-6,-0.7,736880,3.4,12677,0.1,-71622,-66.6,71,3.9
"20000","5","81393","57","0","2025","1","",91,557,526,508,4408376,2813607,8983,639,"",0.89,0.59,0.55,0.52,0.38,0.31,0.22,0.69,"",0,0.0,27,5.1,1,0.2,-38,-7.0,205040,4.9,51189,1.9,-15817,-63.8,33,5.4
"20000","5","813930","58","0","2025","1","",91,557,526,508,4408376,2813607,8983,639,"",0.89,0.59,0.55,0.52,0.38,0.31,0.22,0.69,"",0,0.0,27,5.1,1,0.2,-38,-7.0,205040,4.9,51189,1.9,-15817,-63.8,33,5.4
"20000","5","81394","57","0","2025","1","",16,17,23,20,529440,198164,3907,2036,"",0.58,0.24,0.32,0.27,0.42,0.22,0.63,1.53,"",-7,-30.4,-11,-39.3,-4,-14.8,-11,-35.5,169936,47.3,-35476,-15.2,-1797,-31.5,1071,111.0
"20000","5","813940","58","0","2025","1","",16,17,23,20,529440,198164,3907,2036,"",0.58,0.24,0.32,0.27,0.42,0.22,0.63,1.53,"",-7,-30.4,-11,-39.3,-4,-14.8,-11,-35.5,169936,47.3,-35476,-15.2,-1797,-31.5,1071,111.0
"20000","5","81399","57","0","2025","1","",52,1384,1505,1522,22378978,2176394,4355,1171,"",0.42,1.44,1.55,1.58,1.87,0.22,0.10,1.23,"",2,4.0,154,12.5,203,15.6,322,26.8,-367587,-1.6,99732,4.8,-7497,-63.3,-236,-16.8
"20000","5","813990","58","0","2025","1","",52,1384,1505,1522,22378978,2176394,4355,1171,"",0.42,1.44,1.55,1.58,1.87,0.22,0.10,1.23,"",2,4.0,154,12.5,203,15.6,322,26.8,-367587,-1.6,99732,4.8,-7497,-63.3,-236,-16.8
"20000","5","814","55","0","2025","1","",934,1041,1043,1036,7614630,6909683,75631,563,"",0.63,0.56,0.55,0.55,0.48,0.42,0.84,0.87,"",-37,-3.8,19,1.9,4,0.4,32,3.2,317983,4.4,130539,1.9,-49056,-39.3,14,2.6
"20000","5","8141","56","0","2025","1","",934,1041,1043,1036,7614630,6909683,75631,563,"",0.63,0.56,0.55,0.55,0.48,0.42,0.84,0.87,"",-37,-3.8,19,1.9,4,0.4,32,3.2,317983,4.4,130539,1.9,-49056,-39.3,14,2.6
"20000","5","81411","57","0","2025","1","",934,1041,1043,1036,7614630,6909683,75631,563,"",0.63,0.56,0.55,0.55,0.48,0.42,0.84,0.87,"",-37,-3.8,19,1.9,4,0.4,32,3.2,317983,4.4,130539,1.9,-49056,-39.3,14,2.6
"20000","5","814110","58","0","2025","1","",934,1041,1043,1036,7614630,6909683,75631,563,"",0.63,0.56,0.55,0.55,0.48,0.42,0.84,0.87,"",-37,-3.8,19,1.9,4,0.4,32,3.2,317983,4.4,130539,1.9,-49056,-39.3,14,2.6
"20000","8","10","96","0","2025","1","",5057,247079,249570,249893,3482372210,1977506741,2280453,1076,"",2.04,1.19,1.18,1.18,1.12,10.87,6.85,0.95,"",40,0.8,2474,1.0,1680,0.7,849,0.3,182545384,5.5,90288144,4.8,-177743,-7.2,49,4.8
