"area_fips","own_code","industry_code","agglvl_code","size_code","year","qtr","disclosure_code","qtrly_estabs","month1_emplvl","month2_emplvl","month3_emplvl","total_qtrly_wages","taxable_qtrly_wages","qtrly_contributions","avg_wkly_wage","lq_disclosure_code","lq_qtrly_estabs","lq_month1_emplvl","lq_month2_emplvl","lq_month3_emplvl","lq_total_qtrly_wages","lq_taxable_qtrly_wages","lq_qtrly_contributions","lq_avg_wkly_wage","oty_disclosure_code","oty_qtrly_estabs_chg","oty_qtrly_estabs_pct_chg","oty_month1_emplvl_chg","oty_month1_emplvl_pct_chg","oty_month2_emplvl_chg","oty_month2_emplvl_pct_chg","oty_month3_emplvl_chg","oty_month3_emplvl_pct_chg","oty_total_qtrly_wages_chg","oty_total_qtrly_wages_pct_chg","oty_taxable_qtrly_wages_chg","oty_taxable_qtrly_wages_pct_chg","oty_qtrly_contributions_chg","oty_qtrly_contributions_pct_chg","oty_avg_wkly_wage_chg","oty_avg_wkly_wage_pct_chg"
"US000","0","10","10","0","2025","1","",11963690,153630223,154221484,154686369,3191034562757,1172217530288,20257826744,1592,"",1.00,1.00,1.00,1.00,1.00,1.00,1.00,1.00,"",55835,0.5,1236498,0.8,1091940,0.7,837939,0.5,153244237967,5.0,20342452768,1.8,702480214,3.6,66,4.3
"US000","1","10","11","0","2025","1","",61074,3003199,2994798,2983829,81631273464,0,0,2097,"",1.00,1.00,1.00,1.00,1.00,0.00,0.00,1.00,"",-301,-0.5,39007,1.3,17218,0.6,-1590,-0.1,5789476193,7.6,0,0.0,0,0.0,136,6.9
"US000","1","101","12","0","2025","1","",166,53020,53016,53022,1411336280,0,0,2048,"",1.00,1.00,1.00,1.00,1.00,0.00,0.00,1.00,"",7,4.4,684,1.3,368,0.7,45,0.1,46712246,3.4,0,0.0,0,0.0,54,2.7
"US000","1","1011","13","0","2025","1","",75,3118,3117,3336,75747938,0,0,1826,"",1.00,1.00,1.00,1.00,1.00,0.00,0.00,1.00,"",0,0.0,-154,-4.7,-224,-6.7,-242,-6.8,9994669,15.2,0,0.0,0,0.0,337,22.6
"US000","1","1012","13","0","2025","1","",4,25,25,25,782852,0,0,2409,"",1.00,1.00,1.00,1.00,1.00,0.00,0.00,1.00,"",-1,-20.0,-3,-10.7,-2,-7.4,-3,-10.7,-291698,-27.1,0,0.0,0,0.0,-579,-19.4
"US000","1","1013","13","0","2025","1","",87,49877,49874,49661,1334805490,0,0,2062,"",1.00,1.00,1.00,1.00,1.00,0.00,0.00,1.00,"",8,10.1,841,1.7,594,1.2,290,0.6,37009275,2.9,0,0.0,0,0.0,34,1.7
"US000","1","102","12","0","2025","1","",60908,2950179,2941782,2930807,80219937184,0,0,2098,"",1.00,1.00,1.00,1.00,1.00,0.00,0.00,1.00,"",-308,-0.5,38323,1.3,16850,0.6,-1635,-0.1,5742763947,7.7,0,0.0,0,0.0,138,7.0
"US000","1","1021","13","0","2025","1","",30680,666431,664117,663187,13048530350,0,0,1510,"",1.00,1.00,1.00,1.00,1.00,0.00,0.00,1.00,"",-180,-0.6,-1750,-0.3,-6694,-1.0,-8906,-1.3,217083346,1.7,0,0.0,0,0.0,38,2.6
"US000","1","1022","13","0","2025","1","",151,6583,6567,6513,168595071,0,0,1979,"",1.00,1.00,1.00,1.00,1.00,0.00,0.00,1.00,"",6,4.1,-75,-1.1,-79,-1.2,-100,-1.5,19228382,12.9,0,0.0,0,0.0,248,14.3
"US000","1","1023","13","0","2025","1","",832,13604,13519,13407,575470210,0,0,3277,"",1.00,1.00,1.00,1.00,1.00,0.00,0.00,1.00,"",4,0.5,784,6.1,739,5.8,579,4.5,92472234,19.1,0,0.0,0,0.0,376,13.0
"US000","1","1024","13","0","2025","1","",1527,73453,73349,72972,1932507189,0,0,2029,"",1.00,1.00,1.00,1.00,1.00,0.00,0.00,1.00,"",-3,-0.2,1762,2.5,1439,2.0,894,1.2,121585080,6.7,0,0.0,0,0.0,91,4.7
"US000","1","1025","13","0","2025","1","",1458,449065,448134,445012,13156628221,0,0,2262,"",1.00,1.00,1.00,1.00,1.00,0.00,0.00,1.00,"",-9,-0.6,-8811,-1.9,-11477,-2.5,-14989,-3.3,265621184,2.1,0,0.0,0,0.0,102,4.7
"US000","1","1026","13","0","2025","1","",1425,45159,45445,45556,713500798,0,0,1209,"",1.00,1.00,1.00,1.00,1.00,0.00,0.00,1.00,"",-15,-1.0,238,0.5,-142,-0.3,-397,-0.9,32742482,4.8,0,0.0,0,0.0,58,5.0
"US000","1","1027","13","0","2025","1","",166,5042,5033,4982,86855965,0,0,1331,"",1.00,1.00,1.00,1.00,1.00,0.00,0.00,1.00,"",0,0.0,67,1.3,57,1.1,23,0.5,1331407,1.6,0,0.0,0,0.0,7,0.5
"US000","1","1028","13","0","2025","1","",24667,1690839,1685615,1679174,50537745491,0,0,2307,"",1.00,1.00,1.00,1.00,1.00,0.00,0.00,1.00,"",-111,-0.4,46107,2.8,33007,2.0,21260,1.3,4992682171,11.0,0,0.0,0,0.0,186,8.8
"US000","1","1029","13","0","2025","1","",2,3,3,4,103889,0,0,2397,"",1.00,1.00,1.00,1.00,1.00,0.00,0.00,1.00,"",0,0.0,1,50.0,0,0.0,1,33.3,17661,20.5,0,0.0,0,0.0,-90,-3.6
"US000","1","11","14","0","2025","1","",75,3118,3117,3336,75747938,0,0,1826,"",1.00,1.00,1.00,1.00,1.00,0.00,0.00,1.00,"",0,0.0,-154,-4.7,-224,-6.7,-242,-6.8,9994669,15.2,0,0.0,0,0.0,337,22.6
"US000","1","111","15","0","2025","1","",2,2,2,2,77031,0,0,2963,"",1.00,1.00,1.00,1.00,1.00,0.00,0.00,1.00,"",0,0.0,-2,-50.0,-1,-33.3,-1,-33.3,-52295,-40.4,0,0.0,0,0.0,-21,-0.7
"US000","1","1111","16","0","2025","1","",2,2,2,2,77031,0,0,2963,"",1.00,1.00,1.00,1.00,1.00,0.00,0.00,1.00,"",0,0.0,-2,-50.0,-1,-33.3,-1,-33.3,-52295,-40.4,0,0.0,0,0.0,-21,-0.7
"US000","1","11111","17","0","2025","1","",2,2,2,2,77031,0,0,2963,"",1.00,1.00,1.00,1.00,1.00,0.00,0.00,1.00,"",0,0.0,-2,-50.0,-1,-33.3,-1,-33.3,-52295,-40.4,0,0.0,0,0.0,-21,-0.7
"US000","1","111110","18","0","2025","1","",2,2,2,2,77031,0,0,2963,"",1.00,1.00,1.00,1.00,1.00,0.00,0.00,1.00,"",0,0.0,-2,-50.0,-1,-33.3,-1,-33.3,-52295,-40.4,0,0.0,0,0.0,-21,-0.7
"US000","1","112","15","0","2025","1","",2,19,19,19,334913,0,0,1356,"",1.00,1.00,1.00,1.00,1.00,0.00,0.00,1.00,"",0,0.0,2,11.8,2,11.8,1,5.6,-601,-0.2,0,0.0,0,0.0,-133,-8.9
"US000","1","1125","16","0","2025","1","",2,19,19,19,334913,0,0,1356,"",1.00,1.00,1.00,1.00,1.00,0.00,0.00,1.00,"",0,0.0,2,11.8,2,11.8,1,5.6,-601,-0.2,0,0.0,0,0.0,-133,-8.9
"US000","1","11251","17","0","2025","1","",2,19,19,19,334913,0,0,1356,"",1.00,1.00,1.00,1.00,1.00,0.00,0.00,1.00,"",0,0.0,2,11.8,2,11.8,1,5.6,-601,-0.2,0,0.0,0,0.0,-133,-8.9
"US000","1","112511","18","0","2025","1","",2,19,19,19,334913,0,0,1356,"",1.00,1.00,1.00,1.00,1.00,0.00,0.00,1.00,"",0,0.0,2,11.8,2,11.8,1,5.6,-601,-0.2,0,0.0,0,0.0,-133,-8.9
"US000","1","113","15","0","2025","1","",70,3090,3088,3309,75263091,0,0,1831,"",1.00,1.00,1.00,1.00,1.00,0.00,0.00,1.00,"",0,0.0,-155,-4.8,-226,-6.8,-242,-6.8,10030785,15.4,0,0.0,0,0.0,342,23.0
"US000","1","1131","16","0","2025","1","",70,3090,3088,3309,75263091,0,0,1831,"",1.00,1.00,1.00,1.00,1.00,0.00,0.00,1.00,"",0,0.0,-155,-4.8,-226,-6.8,-242,-6.8,10030785,15.4,0,0.0,0,0.0,342,23.0
"US000","1","11311","17","0","2025","1","",70,3090,3088,3309,75263091,0,0,1831,"",1.00,1.00,1.00,1.00,1.00,0.00,0.00,1.00,"",0,0.0,-155,-4.8,-226,-6.8,-242,-6.8,10030785,15.4,0,0.0,0,0.0,342,23.0
"US000","1","113110","18","0","2025","1","",70,3090,3088,3309,75263091,0,0,1831,"",1.00,1.00,1.00,1.00,1.00,0.00,0.00,1.00,"",0,0.0,-155,-4.8,-226,-6.8,-242,-6.8,10030785,15.4,0,0.0,0,0.0,342,23.0
"US000","1","114","15","0","2025","1","",1,7,8,6,72903,0,0,801,"",1.00,1.00,1.00,1.00,1.00,0.00,0.00,1.00,"",0,0.0,1,16.7,1,14.3,0,0.0,16780,29.9,0,0.0,0,0.0,119,17.4
"US000","1","1142","16","0","2025","1","",1,7,8,6,72903,0,0,801,"",1.00,1.00,1.00,1.00,1.00,0.00,0.00,1.00,"",0,0.0,1,16.7,1,14.3,0,0.0,16780,29.9,0,0.0,0,0.0,119,17.4
"US000","1","11421","17","0","2025","1","",1,7,8,6,72903,0,0,801,"",1.00,1.00,1.00,1.00,1.00,0.00,0.00,1.00,"",0,0.0,1,16.7,1,14.3,0,0.0,16780,29.9,0,0.0,0,0.0,119,17.4
"US000","1","114210","18","0","2025","1","",1,7,8,6,72903,0,0,801,"",1.00,1.00,1.00,1.00,1.00,0.00,0.00,1.00,"",0,0.0,1,16.7,1,14.3,0,0.0,16780,29.9,0,0.0,0,0.0,119,17.4
"US000","1","22","14","0","2025","1","",213,9941,9957,9938,343559214,0,0,2657,"",1.00,1.00,1.00,1.00,1.00,0.00,0.00,1.00,"",8,3.9,393,4.1,382,4.0,347,3.6,-1833592,-0.5,0,0.0,0,0.0,-119,-4.3
"US000","1","221","15","0","2025","1","",213,9941,9957,9938,343559214,0,0,2657,"",1.00,1.00,1.00,1.00,1.00,0.00,0.00,1.00,"",8,3.9,393,4.1,382,4.0,347,3.6,-1833592,-0.5,0,0.0,0,0.0,-119,-4.3
"US000","1","2211","16","0","2025","1","",208,9175,9205,9177,322996383,0,0,2705,"",1.00,1.00,1.00,1.00,1.00,0.00,0.00,1.00,"",8,4.0,370,4.2,372,4.2,329,3.7,-2697859,-0.8,0,0.0,0,0.0,-133,-4.7
"US000","1","22111","17","0","2025","1","",92,6117,6136,6123,214712517,0,0,2696,"",1.00,1.00,1.00,1.00,1.00,0.00,0.00,1.00,"",13,16.5,143,2.4,168,2.8,149,2.5,-9224124,-4.1,0,0.0,0,0.0,-188,-6.5
"US000","1","221111","18","0","2025","1","",78,1789,1802,1798,60791750,0,0,2603,"",1.00,1.00,1.00,1.00,1.00,0.00,0.00,1.00,"",13,20.0,79,4.6,90,5.3,80,4.7,2969017,5.1,0,0.0,0,0.0,7,0.3
"US000","1","221112","18","0","2025","1","",10,1002,1007,1008,35494223,0,0,2715,"",1.00,1.00,1.00,1.00,1.00,0.00,0.00,1.00,"",-1,-9.1,15,1.5,37,3.8,40,4.1,-1300285,-3.5,0,0.0,0,0.0,-188,-6.5
"US000","1","221113","18","0","2025","1","",4,3326,3327,3317,118426544,0,0,2741,"",1.00,1.00,1.00,1.00,1.00,0.00,0.00,1.00,"",1,33.3,49,1.5,41,1.2,29,0.9,-10892856,-8.4,0,0.0,0,0.0,-288,-9.5
"US000","1","22112","17","0","2025","1","",116,3058,3069,3054,108283866,0,0,2722,"",1.00,1.00,1.00,1.00,1.00,0.00,0.00,1.00,"",-5,-4.1,227,8.0,204,7.1,180,6.3,6526265,6.4,0,0.0,0,0.0,-18,-0.7
"US000","1","221121","18","0","2025","1","",85,2392,2390,2376,86313600,0,0,2783,"",1.00,1.00,1.00,1.00,1.00,0.00,0.00,1.00,"",-3,-3.4,202,9.2,174,7.9,149,6.7,7915598,10.1,0,0.0,0,0.0,55,2.0
"US000","1","221122","18","0","2025","1","",31,666,679,678,21970266,0,0,2506,"",1.00,1.00,1.00,1.00,1.00,0.00,0.00,1.00,"",-2,-6.1,25,3.9,30,4.6,31,4.8,-1389333,-5.9,0,0.0,0,0.0,-277,-10.0
"US000","1","2213","16","0","2025","1","",5,766,752,761,20562831,0,0,2082,"",1.00,1.00,1.00,1.00,1.00,0.00,0.00,1.00,"",0,0.0,23,3.1,10,1.3,18,2.4,864267,4.4,0,0.0,0,0.0,42,2.1
"US000","1","22131","17","0","2025","1","",5,766,752,761,20562831,0,0,2082,"",1.00,1.00,1.00,1.00,1.00,0.00,0.00,1.00,"",0,0.0,23,3.1,10,1.3,18,2.4,864267,4.4,0,0.0,0,0.0,42,2.1
"US000","1","221310","18","0","2025","1","",5,766,752,761,20562831,0,0,2082,"",1.00,1.00,1.00,1.00,1.00,0.00,0.00,1.00,"",0,0.0,23,3.1,10,1.3,18,2.4,864267,4.4,0,0.0,0,0.0,42,2.1
"US000","1","23","14","0","2025","1","",4,25,25,25,782852,0,0,2409,"",1.00,1.00,1.00,1.00,1.00,0.00,0.00,1.00,"",-1,-20.0,-3,-10.7,-2,-7.4,-3,-10.7,-291698,-27.1,0,0.0,0,0.0,-579,-19.4
"US000","1","237","15","0","2025","1","",4,25,25,25,782852,0,0,2409,"",1.00,1.00,1.00,1.00,1.00,0.00,0.00,1.00,"",0,0.0,-3,-10.7,-2,-7.4,-3,-10.7,-291698,-27.1,0,0.0,0,0.0,-579,-19.4
"US000","1","2371","16","0","2025","1","",4,25,25,25,782852,0,0,2409,"",1.00,1.00,1.00,1.00,1.00,0.00,0.00,1.00,"",0,0.0,-3,-10.7,-2,-7.4,-3,-10.7,-291698,-27.1,0,0.0,0,0.0,-579,-19.4
"US000","1","23713","17","0","2025","1","",4,25,25,25,782852,0,0,2409,"",1.00,1.00,1.00,1.00,1.00,0.00,0.00,1.00,"",0,0.0,-3,-10.7,-2,-7.4,-3,-10.7,-291698,-27.1,0,0.0,0,0.0,-579,-19.4
"US000","1","237130","18","0","2025","1","",4,25,25,25,782852,0,0,2409,"",1.00,1.00,1.00,1.00,1.00,0.00,0.00,1.00,"",0,0.0,-3,-10.7,-2,-7.4,-3,-10.7,-291698,-27.1,0,0.0,0,0.0,-579,-19.4
"US000","1","31-33","14","0","2025","1","",87,49877,49874,49661,1334805490,0,0,2062,"",1.00,1.00,1.00,1.00,1.00,0.00,0.00,1.00,"",8,10.1,841,1.7,594,1.2,290,0.6,37009275,2.9,0,0.0,0,0.0,34,1.7
"US000","1","323","15","0","2025","1","",50,2731,2718,2745,93522717,0,0,2634,"",1.00,1.00,1.00,1.00,1.00,0.00,0.00,1.00,"",6,13.6,17,0.6,14,0.5,49,1.8,16786523,21.9,0,0.0,0,0.0,452,20.7
"US000","1","3231","16","0","2025","1","",50,2731,2718,2745,93522717,0,0,2634,"",1.00,1.00,1.00,1.00,1.00,0.00,0.00,1.00,"",6,13.6,17,0.6,14,0.5,49,1.8,16786523,21.9,0,0.0,0,0.0,452,20.7
"US000","1","32311","17","0","2025","1","",50,2731,2718,2745,93522717,0,0,2634,"",1.00,1.00,1.00,1.00,1.00,0.00,0.00,1.00,"",6,13.6,17,0.6,14,0.5,49,1.8,16786523,21.9,0,0.0,0,0.0,452,20.7
"US000","1","323111","18","0","2025","1","",25,1165,1149,1173,42378488,0,0,2805,"",1.00,1.00,1.00,1.00,1.00,0.00,0.00,1.00,"",6,31.6,3,0.3,-11,-0.9,27,2.4,7562651,21.7,0,0.0,0,0.0,488,21.1
"US000","1","323117","18","0","2025","1","",25,1566,1569,1572,51144229,0,0,2507,"",1.00,1.00,1.00,1.00,1.00,0.00,0.00,1.00,"",0,0.0,14,0.9,25,1.6,22,1.4,9223872,22.0,0,0.0,0,0.0,425,20.4
"US000","1","332","15","0","2025","1","",5,4215,4196,4169,94633801,0,0,1736,"",1.00,1.00,1.00,1.00,1.00,0.00,0.00,1.00,"",0,0.0,50,1.2,8,0.2,-15,-0.4,3456559,3.8,0,0.0,0,0.0,58,3.5
"US000","1","3321","16","0","2025","1","",1,323,322,320,13283454,0,0,3177,"",1.00,1.00,1.00,1.00,1.00,0.00,0.00,1.00,"",0,0.0,-16,-4.7,-16,-4.7,-15,-4.5,1957747,17.3,0,0.0,0,0.0,594,23.0
"US000","1","33211","17","0","2025","1","",1,323,322,320,13283454,0,0,3177,"",1.00,1.00,1.00,1.00,1.00,0.00,0.00,1.00,"",0,0.0,-16,-4.7,-16,-4.7,-15,-4.5,1957747,17.3,0,0.0,0,0.0,594,23.0
"US000","1","332119","18","0","2025","1","",1,323,322,320,13283454,0,0,3177,"",1.00,1.00,1.00,1.00,1.00,0.00,0.00,1.00,"",0,0.0,-16,-4.7,-16,-4.7,-15,-4.5,1957747,17.3,0,0.0,0,0.0,594,23.0
"US000","1","3329","16","0","2025","1","",4,3892,3874,3849,81350347,0,0,1616,"",1.00,1.00,1.00,1.00,1.00,0.00,0.00,1.00,"",0,0.0,66,1.7,24,0.6,0,0.0,1498812,1.9,0,0.0,0,0.0,17,1.1
"US000","1","33299","17","0","2025","1","",4,3892,3874,3849,81350347,0,0,1616,"",1.00,1.00,1.00,1.00,1.00,0.00,0.00,1.00,"",0,0.0,66,1.7,24,0.6,0,0.0,1498812,1.9,0,0.0,0,0.0,17,1.1
"US000","1","332993","18","0","2025","1","",1,1637,1645,1629,31219227,0,0,1467,"",1.00,1.00,1.00,1.00,1.00,0.00,0.00,1.00,"",0,0.0,36,2.2,47,2.9,37,2.3,1806393,6.1,0,0.0,0,0.0,50,3.5
"US000","1","332994","18","0","2025","1","",3,2255,2229,2220,50131120,0,0,1726,"",1.00,1.00,1.00,1.00,1.00,0.00,0.00,1.00,"",0,0.0,30,1.3,-23,-1.0,-37,-1.6,-307581,-0.6,0,0.0,0,0.0,-2,-0.1
"US000","1","336","15","0","2025","1","",14,42130,42164,41953,1126314339,0,0,2059,"",1.00,1.00,1.00,1.00,1.00,0.00,0.00,1.00,"",0,0.0,805,1.9,604,1.5,295,0.7,14065487,1.3,0,0.0,0,0.0,-2,-0.1
"US000","1","3364","16","0","2025","1","",1,2677,2677,2653,65748001,0,0,1895,"",1.00,1.00,1.00,1.00,1.00,0.00,0.00,1.00,"",0,0.0,47,1.8,44,1.7,25,1.0,15905995,31.9,0,0.0,0,0.0,437,30.0
"US000","1","33641","17","0","2025","1","",1,2677,2677,2653,65748001,0,0,1895,"",1.00,1.00,1.00,1.00,1.00,0.00,0.00,1.00,"",0,0.0,47,1.8,44,1.7,25,1.0,15905995,31.9,0,0.0,0,0.0,437,30.0
"US000","1","336411","18","0","2025","1","",1,2677,2677,2653,65748001,0,0,1895,"",1.00,1.00,1.00,1.00,1.00,0.00,0.00,1.00,"",0,0.0,47,1.8,44,1.7,25,1.0,15905995,31.9,0,0.0,0,0.0,437,30.0
"US000","1","3366","16","0","2025","1","",13,39453,39487,39300,1060566338,0,0,2070,"",1.00,1.00,1.00,1.00,1.00,0.00,0.00,1.00,"",0,0.0,758,2.0,560,1.4,270,0.7,-1840508,-0.2,0,0.0,0,0.0,-32,-1.5
"US000","1","33661","17","0","2025","1","",13,39453,39487,39300,1060566338,0,0,2070,"",1.00,1.00,1.00,1.00,1.00,0.00,0.00,1.00,"",0,0.0,758,2.0,560,1.4,270,0.7,-1840508,-0.2,0,0.0,0,0.0,-32,-1.5
"US000","1","336611","18","0","2025","1","",13,39453,39487,39300,1060566338,0,0,2070,"",1.00,1.00,1.00,1.00,1.00,0.00,0.00,1.00,"",0,0.0,758,2.0,560,1.4,270,0.7,-1840508,-0.2,0,0.0,0,0.0,-32,-1.5
"US000","1","339","15","0","2025","1","",18,801,796,794,20334633,0,0,1963,"",1.00,1.00,1.00,1.00,1.00,0.00,0.00,1.00,"",2,12.5,-31,-3.7,-32,-3.9,-39,-4.7,2700706,15.3,0,0.0,0,0.0,331,20.3
"US000","1","3399","16","0","2025","1","",18,801,796,794,20334633,0,0,1963,"",1.00,1.00,1.00,1.00,1.00,0.00,0.00,1.00,"",2,12.5,-31,-3.7,-32,-3.9,-39,-4.7,2700706,15.3,0,0.0,0,0.0,331,20.3
"US000","1","33991","17","0","2025","1","",18,801,796,794,20334633,0,0,1963,"",1.00,1.00,1.00,1.00,1.00,0.00,0.00,1.00,"",2,12.5,-31,-3.7,-32,-3.9,-39,-4.7,2700706,15.3,0,0.0,0,0.0,331,20.3
"US000","1","339910","18","0","2025","1","",18,801,796,794,20334633,0,0,1963,"",1.00,1.00,1.00,1.00,1.00,0.00,0.00,1.00,"",2,12.5,-31,-3.7,-32,-3.9,-39,-4.7,2700706,15.3,0,0.0,0,0.0,331,20.3
"US000","1","44-45","14","0","2025","1","",713,39809,39873,39483,406388627,0,0,787,"",1.00,1.00,1.00,1.00,1.00,0.00,0.00,1.00,"",3,0.4,72,0.2,96,0.2,-238,-0.6,13857422,3.5,0,0.0,0,0.0,27,3.6
"US000","1","441","15","0","2025","1","",38,133,127,130,1182354,0,0,700,"",1.00,1.00,1.00,1.00,1.00,0.00,0.00,1.00,"",1,2.7,5,3.9,-1,-0.8,0,0.0,118893,11.2,0,0.0,0,0.0,64,10.1
"US000","1","4413","16","0","2025","1","",38,133,127,130,1182354,0,0,700,"",1.00,1.00,1.00,1.00,1.00,0.00,0.00,1.00,"",1,2.7,5,3.9,-1,-0.8,0,0.0,118893,11.2,0,0.0,0,0.0,64,10.1
"US000","1","44133","17","0","2025","1","",38,133,127,130,1182354,0,0,700,"",1.00,1.00,1.00,1.00,1.00,0.00,0.00,1.00,"",1,2.7,5,3.9,-1,-0.8,0,0.0,118893,11.2,0,0.0,0,0.0,64,10.1
"US000","1","441330","18","0","2025","1","",38,133,127,130,1182354,0,0,700,"",1.00,1.00,1.00,1.00,1.00,0.00,0.00,1.00,"",1,2.7,5,3.9,-1,-0.8,0,0.0,118893,11.2,0,0.0,0,0.0,64,10.1
"US000","1","444","15","0","2025","1","",1,36,36,36,368707,0,0,788,"",1.00,1.00,1.00,1.00,1.00,0.00,0.00,1.00,"",0,0.0,-48,-57.1,-46,-56.1,-45,-55.6,-410757,-52.7,0,0.0,0,0.0,60,8.2
"US000","1","4442","16","0","2025","1","",1,36,36,36,368707,0,0,788,"",1.00,1.00,1.00,1.00,1.00,0.00,0.00,1.00,"",0,0.0,-48,-57.1,-46,-56.1,-45,-55.6,-410757,-52.7,0,0.0,0,0.0,60,8.2
"US000","1","44424","17","0","2025","1","",1,36,36,36,368707,0,0,788,"",1.00,1.00,1.00,1.00,1.00,0.00,0.00,1.00,"",0,0.0,-48,-57.1,-46,-56.1,-45,-55.6,-410757,-52.7,0,0.0,0,0.0,60,8.2
"US000","1","444240","18","0","2025","1","",1,36,36,36,368707,0,0,788,"",1.00,1.00,1.00,1.00,1.00,0.00,0.00,1.00,"",0,0.0,-48,-57.1,-46,-56.1,-45,-55.6,-410757,-52.7,0,0.0,0,0.0,60,8.2
"US000","1","445","15","0","2025","1","",203,10187,10270,10153,141132937,0,0,1064,"",1.00,1.00,1.00,1.00,1.00,0.00,0.00,1.00,"",0,0.0,142,1.4,202,2.0,94,0.9,3501812,2.5,0,0.0,0,0.0,11,1.0
"US000","1","4451","16","0","2025","1","",203,10187,10270,10153,141132937,0,0,1064,"",1.00,1.00,1.00,1.00,1.00,0.00,0.00,1.00,"",0,0.0,142,1.4,202,2.0,94,0.9,3501812,2.5,0,0.0,0,0.0,11,1.0
"US000","1","44511","17","0","2025","1","",174,9585,9665,9555,135837068,0,0,1088,"",1.00,1.00,1.00,1.00,1.00,0.00,0.00,1.00,"",-1,-0.6,133,1.4,192,2.0,94,1.0,3075631,2.3,0,0.0,0,0.0,9,0.8
"US000","1","445110","18","0","2025","1","",174,9585,9665,9555,135837068,0,0,1088,"",1.00,1.00,1.00,1.00,1.00,0.00,0.00,1.00,"",-1,-0.6,133,1.4,192,2.0,94,1.0,3075631,2.3,0,0.0,0,0.0,9,0.8
"US000","1","44513","17","0","2025","1","",29,602,605,598,5295869,0,0,677,"",1.00,1.00,1.00,1.00,1.00,0.00,0.00,1.00,"",1,3.6,9,1.5,10,1.7,0,0.0,426181,8.8,0,0.0,0,0.0,48,7.6
"US000","1","445131","18","0","2025","1","",28,599,603,595,5274238,0,0,677,"",1.00,1.00,1.00,1.00,1.00,0.00,0.00,1.00,"",2,7.7,9,1.5,11,1.9,0,0.0,427440,8.8,0,0.0,0,0.0,48,7.6
"US000","1","445132","18","0","2025","1","",1,3,2,3,21631,0,0,624,"",1.00,1.00,1.00,1.00,1.00,0.00,0.00,1.00,"",-1,-50.0,0,0.0,-1,-33.3,0,0.0,-1259,-5.5,0,0.0,0,0.0,37,6.3
"US000","1","449","15","0","2025","1","",63,1697,1695,1701,7498544,0,0,340,"",1.00,1.00,1.00,1.00,1.00,0.00,0.00,1.00,"",1,1.6,30,1.8,29,1.7,32,1.9,423472,6.0,0,0.0,0,0.0,14,4.3
"US000","1","4491","16","0","2025","1","",56,204,199,200,1628479,0,0,623,"",1.00,1.00,1.00,1.00,1.00,0.00,0.00,1.00,"",2,3.7,-1,-0.5,-2,-1.0,1,0.5,60333,3.8,0,0.0,0,0.0,25,4.2
"US000","1","44911","17","0","2025","1","",1,22,22,22,182050,0,0,637,"",1.00,1.00,1.00,1.00,1.00,0.00,0.00,1.00,"",0,0.0,0,0.0,2,10.0,0,0.0,36379,25.0,0,0.0,0,0.0,112,21.3
"US000","1","449110","18","0","2025","1","",1,22,22,22,182050,0,0,637,"",1.00,1.00,1.00,1.00,1.00,0.00,0.00,1.00,"",0,0.0,0,0.0,2,10.0,0,0.0,36379,25.0,0,0.0,0,0.0,112,21.3
"US000","1","44912","17","0","2025","1","",55,182,177,178,1446429,0,0,622,"",1.00,1.00,1.00,1.00,1.00,0.00,0.00,1.00,"",2,3.8,-1,-0.5,-4,-2.2,1,0.6,23954,1.7,0,0.0,0,0.0,15,2.5
"US000","1","449129","18","0","2025","1","",55,182,177,178,1446429,0,0,622,"",1.00,1.00,1.00,1.00,1.00,0.00,0.00,1.00,"",2,3.8,-1,-0.5,-4,-2.2,1,0.6,23954,1.7,0,0.0,0,0.0,15,2.5
"US000","1","4492","16","0","2025","1","",7,1493,1496,1501,5870065,0,0,302,"",1.00,1.00,1.00,1.00,1.00,0.00,0.00,1.00,"",-1,-12.5,31,2.1,31,2.1,31,2.1,363139,6.6,0,0.0,0,0.0,13,4.5
"US000","1","44921","17","0","2025","1","",7,1493,1496,1501,5870065,0,0,302,"",1.00,1.00,1.00,1.00,1.00,0.00,0.00,1.00,"",-1,-12.5,31,2.1,31,2.1,31,2.1,363139,6.6,0,0.0,0,0.0,13,4.5
"US000","1","449210","18","0","2025","1","",7,1493,1496,1501,5870065,0,0,302,"",1.00,1.00,1.00,1.00,1.00,0.00,0.00,1.00,"",-1,-12.5,31,2.1,31,2.1,31,2.1,363139,6.6,0,0.0,0,0.0,13,4.5
"US000","1","455","15","0","2025","1","",287,25257,25226,24949,238435836,0,0,729,"",1.00,1.00,1.00,1.00,1.00,0.00,0.00,1.00,"",-1,-0.3,-1,0.0,8,0.0,-247,-1.0,10764389,4.7,0,0.0,0,0.0,35,5.0
"US000","1","4551","16","0","2025","1","",215,16611,16585,16346,158443050,0,0,738,"",1.00,1.00,1.00,1.00,1.00,0.00,0.00,1.00,"",3,1.4,27,0.2,34,0.2,-90,-0.5,7852302,5.2,0,0.0,0,0.0,37,5.3
"US000","1","45511","17","0","2025","1","",215,16611,16585,16346,158443050,0,0,738,"",1.00,1.00,1.00,1.00,1.00,0.00,0.00,1.00,"",3,1.4,27,0.2,34,0.2,-90,-0.5,7852302,5.2,0,0.0,0,0.0,37,5.3
"US000","1","455110","18","0","2025","1","",215,16611,16585,16346,158443050,0,0,738,"",1.00,1.00,1.00,1.00,1.00,0.00,0.00,1.00,"",3,1.4,27,0.2,34,0.2,-90,-0.5,7852302,5.2,0,0.0,0,0.0,37,5.3
"US000","1","4552","16","0","2025","1","",72,8646,8641,8603,79992786,0,0,713,"",1.00,1.00,1.00,1.00,1.00,0.00,0.00,1.00,"",-4,-5.3,-28,-0.3,-26,-0.3,-157,-1.8,2912087,3.8,0,0.0,0,0.0,31,4.5
"US000","1","45521","17","0","2025","1","",72,8646,8641,8603,79992786,0,0,713,"",1.00,1.00,1.00,1.00,1.00,0.00,0.00,1.00,"",-4,-5.3,-28,-0.3,-26,-0.3,-157,-1.8,2912087,3.8,0,0.0,0,0.0,31,4.5
"US000","1","455211","18","0","2025","1","",28,5098,5104,5072,60909551,0,0,920,"",1.00,1.00,1.00,1.00,1.00,0.00,0.00,1.00,"",-2,-6.7,6,0.1,4,0.1,-22,-0.4,2885994,5.0,0,0.0,0,0.0,44,5.0
"US000","1","455219","18","0","2025","1","",44,3548,3537,3531,19083235,0,0,415,"",1.00,1.00,1.00,1.00,1.00,0.00,0.00,1.00,"",-2,-4.3,-34,-0.9,-30,-0.8,-135,-3.7,26093,0.1,0,0.0,0,0.0,8,2.0
"US000","1","457","15","0","2025","1","",51,1261,1266,1256,12406680,0,0,757,"",1.00,1.00,1.00,1.00,1.00,0.00,0.00,1.00,"",0,0.0,-97,-7.1,-103,-7.5,-92,-6.8,-623316,-4.8,0,0.0,0,0.0,19,2.6
"US000","1","4571","16","0","2025","1","",51,1261,1266,1256,12406680,0,0,757,"",1.00,1.00,1.00,1.00,1.00,0.00,0.00,1.00,"",0,0.0,-97,-7.1,-103,-7.5,-92,-6.8,-623316,-4.8,0,0.0,0,0.0,19,2.6
"US000","1","45711","17","0","2025","1","",48,1234,1237,1229,12187004,0,0,760,"",1.00,1.00,1.00,1.00,1.00,0.00,0.00,1.00,"",0,0.0,-94,-7.1,-103,-7.7,-92,-7.0,-622632,-4.9,0,0.0,0,0.0,19,2.6
"US000","1","457110","18","0","2025","1","",48,1234,1237,1229,12187004,0,0,760,"",1.00,1.00,1.00,1.00,1.00,0.00,0.00,1.00,"",0,0.0,-94,-7.1,-103,-7.7,-92,-7.0,-622632,-4.9,0,0.0,0,0.0,19,2.6
"US000","1","45712","17","0","2025","1","",3,27,29,27,219676,0,0,611,"",1.00,1.00,1.00,1.00,1.00,0.00,0.00,1.00,"",0,0.0,-3,-10.0,0,0.0,0,0.0,-684,-0.3,0,0.0,0,0.0,20,3.4
"US000","1","457120","18","0","2025","1","",3,27,29,27,219676,0,0,611,"",1.00,1.00,1.00,1.00,1.00,0.00,0.00,1.00,"",0,0.0,-3,-10.0,0,0.0,0,0.0,-684,-0.3,0,0.0,0,0.0,20,3.4
"US000","1","458","15","0","2025","1","",3,38,41,39,268936,0,0,526,"",1.00,1.00,1.00,1.00,1.00,0.00,0.00,1.00,"",0,0.0,3,8.6,5,13.9,4,11.4,46953,21.2,0,0.0,0,0.0,43,8.9
"US000","1","4581","16","0","2025","1","",3,38,41,39,268936,0,0,526,"",1.00,1.00,1.00,1.00,1.00,0.00,0.00,1.00,"",0,0.0,3,8.6,5,13.9,4,11.4,46953,21.2,0,0.0,0,0.0,43,8.9
"US000","1","45811","17","0","2025","1","",3,38,41,39,268936,0,0,526,"",1.00,1.00,1.00,1.00,1.00,0.00,0.00,1.00,"",0,0.0,3,8.6,5,13.9,4,11.4,46953,21.2,0,0.0,0,0.0,43,8.9
"US000","1","458110","18","0","2025","1","",3,38,41,39,268936,0,0,526,"",1.00,1.00,1.00,1.00,1.00,0.00,0.00,1.00,"",0,0.0,3,8.6,5,13.9,4,11.4,46953,21.2,0,0.0,0,0.0,43,8.9
"US000","1","459","15","0","2025","1","",67,1200,1212,1219,5094633,0,0,324,"",1.00,1.00,1.00,1.00,1.00,0.00,0.00,1.00,"",2,3.1,38,3.3,2,0.2,16,1.3,35976,0.7,0,0.0,0,0.0,-3,-0.9
"US000","1","4591","16","0","2025","1","",48,193,200,196,1195318,0,0,468,"",1.00,1.00,1.00,1.00,1.00,0.00,0.00,1.00,"",2,4.3,24,14.2,-12,-5.7,-9,-4.4,-153749,-11.4,0,0.0,0,0.0,-63,-11.9
"US000","1","45911","17","0","2025","1","",46,191,198,194,1172437,0,0,464,"",1.00,1.00,1.00,1.00,1.00,0.00,0.00,1.00,"",2,4.5,25,15.1,-11,-5.3,-8,-4.0,-147011,-11.1,0,0.0,0,0.0,-64,-12.1
"US000","1","459110","18","0","2025","1","",46,191,198,194,1172437,0,0,464,"",1.00,1.00,1.00,1.00,1.00,0.00,0.00,1.00,"",2,4.5,25,15.1,-11,-5.3,-8,-4.0,-147011,-11.1,0,0.0,0,0.0,-64,-12.1
"US000","1","45912","17","0","2025","1","",2,2,2,2,22881,0,0,880,"",1.00,1.00,1.00,1.00,1.00,0.00,0.00,1.00,"",0,0.0,-1,-33.3,-1,-33.3,-1,-33.3,-6738,-22.7,0,0.0,0,0.0,121,15.9
"US000","1","459120","18","0","2025","1","",2,2,2,2,22881,0,0,880,"",1.00,1.00,1.00,1.00,1.00,0.00,0.00,1.00,"",0,0.0,-1,-33.3,-1,-33.3,-1,-33.3,-6738,-22.7,0,0.0,0,0.0,121,15.9
"US000","1","4592","16","0","2025","1","",1,1,1,1,34798,0,0,2677,"",1.00,1.00,1.00,1.00,1.00,0.00,0.00,1.00,"",0,0.0,0,0.0,0,0.0,0,0.0,5931,20.5,0,0.0,0,0.0,456,20.5
"US000","1","45921","17","0","2025","1","",1,1,1,1,34798,0,0,2677,"",1.00,1.00,1.00,1.00,1.00,0.00,0.00,1.00,"",0,0.0,0,0.0,0,0.0,0,0.0,5931,20.5,0,0.0,0,0.0,456,20.5
"US000","1","459210","18","0","2025","1","",1,1,1,1,34798,0,0,2677,"",1.00,1.00,1.00,1.00,1.00,0.00,0.00,1.00,"",0,0.0,0,0.0,0,0.0,0,0.0,5931,20.5,0,0.0,0,0.0,456,20.5
"US000","1","4594","16","0","2025","1","",2,1,1,1,13468,0,0,1036,"",1.00,1.00,1.00,1.00,1.00,0.00,0.00,1.00,"",0,0.0,-1,-50.0,-1,-50.0,-1,-50.0,-5249,-28.0,0,0.0,0,0.0,316,43.9
"US000","1","45942","17","0","2025","1","",2,1,1,1,13468,0,0,1036,"",1.00,1.00,1.00,1.00,1.00,0.00,0.00,1.00,"",0,0.0,-1,-50.0,-1,-50.0,-1,-50.0,-5249,-28.0,0,0.0,0,0.0,316,43.9
"US000","1","459420","18","0","2025","1","",2,1,1,1,13468,0,0,1036,"",1.00,1.00,1.00,1.00,1.00,0.00,0.00,1.00,"",0,0.0,-1,-50.0,-1,-50.0,-1,-50.0,-5249,-28.0,0,0.0,0,0.0,316,43.9
"US000","1","4599","16","0","2025","1","",16,1005,1010,1021,3851049,0,0,293,"",1.00,1.00,1.00,1.00,1.00,0.00,0.00,1.00,"",0,0.0,15,1.5,15,1.5,26,2.6,189043,5.2,0,0.0,0,0.0,9,3.2
"US000","1","45992","17","0","2025","1","",1,1,1,3,27946,0,0,1290,"",1.00,1.00,1.00,1.00,1.00,0.00,0.00,1.00,"",1,100.0,1,100.0,1,100.0,3,100.0,27946,100.0,0,0.0,0,0.0,1290,100.0
"US000","1","459920","18","0","2025","1","",1,1,1,3,27946,0,0,1290,"",1.00,1.00,1.00,1.00,1.00,0.00,0.00,1.00,"",1,100.0,1,100.0,1,100.0,3,100.0,27946,100.0,0,0.0,0,0.0,1290,100.0
"US000","1","45999","17","0","2025","1","",15,1004,1009,1018,3823103,0,0,291,"",1.00,1.00,1.00,1.00,1.00,0.00,0.00,1.00,"",-1,-6.2,14,1.4,14,1.4,23,2.3,161097,4.4,0,0.0,0,0.0,7,2.5
"US000","1","459999","18","0","2025","1","",15,1004,1009,1018,3823103,0,0,291,"",1.00,1.00,1.00,1.00,1.00,0.00,0.00,1.00,"",-1,-6.2,14,1.4,14,1.4,23,2.3,161097,4.4,0,0.0,0,0.0,7,2.5
"US000","1","48-49","14","0","2025","1","",29754,616681,614287,613766,12298582509,0,0,1539,"",1.00,1.00,1.00,1.00,1.00,0.00,0.00,1.00,"",-190,-0.6,-2215,-0.4,-7172,-1.2,-9015,-1.4,205059516,1.7,0,0.0,0,0.0,41,2.7
"US000","1","481","15","0","2025","1","",3,15,16,23,194484,0,0,831,"",1.00,1.00,1.00,1.00,1.00,0.00,0.00,1.00,"",0,0.0,-4,-21.1,0,0.0,5,27.8,-17940,-8.4,0,0.0,0,0.0,-94,-10.2
"US000","1","4812","16","0","2025","1","",3,15,16,23,194484,0,0,831,"",1.00,1.00,1.00,1.00,1.00,0.00,0.00,1.00,"",0,0.0,-4,-21.1,0,0.0,5,27.8,-17940,-8.4,0,0.0,0,0.0,-94,-10.2
"US000","1","48121","17","0","2025","1","",3,15,16,23,194484,0,0,831,"",1.00,1.00,1.00,1.00,1.00,0.00,0.00,1.00,"",0,0.0,-4,-21.1,0,0.0,5,27.8,-17940,-8.4,0,0.0,0,0.0,-94,-10.2
"US000","1","481219","18","0","2025","1","",3,15,16,23,194484,0,0,831,"",1.00,1.00,1.00,1.00,1.00,0.00,0.00,1.00,"",0,0.0,-4,-21.1,0,0.0,5,27.8,-17940,-8.4,0,0.0,0,0.0,-94,-10.2
"US000","1","483","15","0","2025","1","",1,116,115,116,2686678,0,0,1787,"",1.00,1.00,1.00,1.00,1.00,0.00,0.00,1.00,"",0,0.0,-2,-1.7,-4,-3.4,-4,-3.3,77810,3.0,0,0.0,0,0.0,101,6.0
"US000","1","4831","16","0","2025","1","",1,116,115,116,2686678,0,0,1787,"",1.00,1.00,1.00,1.00,1.00,0.00,0.00,1.00,"",0,0.0,-2,-1.7,-4,-3.4,-4,-3.3,77810,3.0,0,0.0,0,0.0,101,6.0
"US000","1","48311","17","0","2025","1","",1,116,115,116,2686678,0,0,1787,"",1.00,1.00,1.00,1.00,1.00,0.00,0.00,1.00,"",0,0.0,-2,-1.7,-4,-3.4,-4,-3.3,77810,3.0,0,0.0,0,0.0,101,6.0
"US000","1","483113","18","0","2025","1","",1,116,115,116,2686678,0,0,1787,"",1.00,1.00,1.00,1.00,1.00,0.00,0.00,1.00,"",0,0.0,-2,-1.7,-4,-3.4,-4,-3.3,77810,3.0,0,0.0,0,0.0,101,6.0
"US000","1","484","15","0","2025","1","",2,3,3,3,109852,0,0,2817,"",1.00,1.00,1.00,1.00,1.00,0.00,0.00,1.00,"",0,0.0,0,0.0,0,0.0,0,0.0,6896,6.7,0,0.0,0,0.0,177,6.7
"US000","1","4841","16","0","2025","1","",2,3,3,3,109852,0,0,2817,"",1.00,1.00,1.00,1.00,1.00,0.00,0.00,1.00,"",0,0.0,0,0.0,0,0.0,0,0.0,6896,6.7,0,0.0,0,0.0,177,6.7
"US000","1","48412","17","0","2025","1","",2,3,3,3,109852,0,0,2817,"",1.00,1.00,1.00,1.00,1.00,0.00,0.00,1.00,"",0,0.0,0,0.0,0,0.0,0,0.0,6896,6.7,0,0.0,0,0.0,177,6.7
"US000","1","484121","18","0","2025","1","",2,3,3,3,109852,0,0,2817,"",1.00,1.00,1.00,1.00,1.00,0.00,0.00,1.00,"",0,0.0,0,0.0,0,0.0,0,0.0,6896,6.7,0,0.0,0,0.0,177,6.7
"US000","1","487","15","0","2025","1","",2,112,116,117,1217032,0,0,814,"",1.00,1.00,1.00,1.00,1.00,0.00,0.00,1.00,"",0,0.0,3,2.8,10,9.4,9,8.3,-66906,-5.2,0,0.0,0,0.0,-103,-11.2
"US000","1","4879","16","0","2025","1","",2,112,116,117,1217032,0,0,814,"",1.00,1.00,1.00,1.00,1.00,0.00,0.00,1.00,"",0,0.0,3,2.8,10,9.4,9,8.3,-66906,-5.2,0,0.0,0,0.0,-103,-11.2
"US000","1","48799","17","0","2025","1","",2,112,116,117,1217032,0,0,814,"",1.00,1.00,1.00,1.00,1.00,0.00,0.00,1.00,"",0,0.0,3,2.8,10,9.4,9,8.3,-66906,-5.2,0,0.0,0,0.0,-103,-11.2
"US000","1","487990","18","0","2025","1","",2,112,116,117,1217032,0,0,814,"",1.00,1.00,1.00,1.00,1.00,0.00,0.00,1.00,"",0,0.0,3,2.8,10,9.4,9,8.3,-66906,-5.2,0,0.0,0,0.0,-103,-11.2
"US000","1","488","15","0","2025","1","",130,12787,12727,12726,490421727,0,0,2960,"",1.00,1.00,1.00,1.00,1.00,0.00,0.00,1.00,"",0,0.0,327,2.6,187,1.5,170,1.4,29686558,6.4,0,0.0,0,0.0,129,4.6
"US000","1","4881","16","0","2025","1","",130,12787,12727,12726,490421727,0,0,2960,"",1.00,1.00,1.00,1.00,1.00,0.00,0.00,1.00,"",0,0.0,327,2.6,187,1.5,170,1.4,29686558,6.4,0,0.0,0,0.0,129,4.6
"US000","1","48811","17","0","2025","1","",130,12787,12727,12726,490421727,0,0,2960,"",1.00,1.00,1.00,1.00,1.00,0.00,0.00,1.00,"",0,0.0,327,2.6,187,1.5,170,1.4,29686558,6.4,0,0.0,0,0.0,129,4.6
"US000","1","488111","18","0","2025","1","",129,12770,12710,12709,490295080,0,0,2963,"",1.00,1.00,1.00,1.00,1.00,0.00,0.00,1.00,"",0,0.0,329,2.6,189,1.5,173,1.4,29713775,6.5,0,0.0,0,0.0,129,4.6
"US000","1","488119","18","0","2025","1","",1,17,17,17,126647,0,0,573,"",1.00,1.00,1.00,1.00,1.00,0.00,0.00,1.00,"",0,0.0,-2,-10.5,-2,-10.5,-3,-15.0,-27217,-17.7,0,0.0,0,0.0,-39,-6.4
"US000","1","491","15","0","2025","1","",29606,602294,599963,599439,11794243604,0,0,1511,"",1.00,1.00,1.00,1.00,1.00,0.00,0.00,1.00,"",-190,-0.6,-2530,-0.4,-7352,-1.2,-9181,-1.5,174756606,1.5,0,0.0,0,0.0,38,2.6
"US000","1","4911","16","0","2025","1","",29606,602294,599963,599439,11794243604,0,0,1511,"",1.00,1.00,1.00,1.00,1.00,0.00,0.00,1.00,"",-190,-0.6,-2530,-0.4,-7352,-1.2,-9181,-1.5,174756606,1.5,0,0.0,0,0.0,38,2.6
"US000","1","49111","17","0","2025","1","",29606,602294,599963,599439,11794243604,0,0,1511,"",1.00,1.00,1.00,1.00,1.00,0.00,0.00,1.00,"",-190,-0.6,-2530,-0.4,-7352,-1.2,-9181,-1.5,174756606,1.5,0,0.0,0,0.0,38,2.6
"US000","1","491110","18","0","2025","1","",29606,602294,599963,599439,11794243604,0,0,1511,"",1.00,1.00,1.00,1.00,1.00,0.00,0.00,1.00,"",-190,-0.6,-2530,-0.4,-7352,-1.2,-9181,-1.5,174756606,1.5,0,0.0,0,0.0,38,2.6
"US000","1","493","15","0","2025","1","",10,1354,1347,1342,9709132,0,0,554,"",1.00,1.00,1.00,1.00,1.00,0.00,0.00,1.00,"",0,0.0,-9,-0.7,-13,-1.0,-14,-1.0,616492,6.8,0,0.0,0,0.0,40,7.8
"US000","1","4931","16","0","2025","1","",10,1354,1347,1342,9709132,0,0,554,"",1.00,1.00,1.00,1.00,1.00,0.00,0.00,1.00,"",0,0.0,-9,-0.7,-13,-1.0,-14,-1.0,616492,6.8,0,0.0,0,0.0,40,7.8
"US000","1","49311","17","0","2025","1","",8,1289,1283,1280,7885261,0,0,472,"",1.00,1.00,1.00,1.00,1.00,0.00,0.00,1.00,"",0,0.0,-6,-0.5,-9,-0.7,-8,-0.6,470245,6.3,0,0.0,0,0.0,30,6.8
"US000","1","493110","18","0","2025","1","",8,1289,1283,1280,7885261,0,0,472,"",1.00,1.00,1.00,1.00,1.00,0.00,0.00,1.00,"",0,0.0,-6,-0.5,-9,-0.7,-8,-0.6,470245,6.3,0,0.0,0,0.0,30,6.8
"US000","1","49319","17","0","2025","1","",2,65,64,62,1823871,0,0,2204,"",1.00,1.00,1.00,1.00,1.00,0.00,0.00,1.00,"",0,0.0,-3,-4.4,-4,-5.9,-6,-8.8,146247,8.7,0,0.0,0,0.0,306,16.1
"US000","1","493190","18","0","2025","1","",2,65,64,62,1823871,0,0,2204,"",1.00,1.00,1.00,1.00,1.00,0.00,0.00,1.00,"",0,0.0,-3,-4.4,-4,-5.9,-6,-8.8,146247,8.7,0,0.0,0,0.0,306,16.1
"US000","1","51","14","0","2025","1","",151,6583,6567,6513,168595071,0,0,1979,"",1.00,1.00,1.00,1.00,1.00,0.00,0.00,1.00,"",6,4.1,-75,-1.1,-79,-1.2,-100,-1.5,19228382,12.9,0,0.0,0,0.0,248,14.3
"US000","1","512","15","0","2025","1","",6,34,37,36,365063,0,0,787,"",1.00,1.00,1.00,1.00,1.00,0.00,0.00,1.00,"",0,0.0,1,3.0,4,12.1,3,9.1,-28446,-7.2,0,0.0,0,0.0,-130,-14.2
"US000","1","5121","16","0","2025","1","",6,34,37,36,365063,0,0,787,"",1.00,1.00,1.00,1.00,1.00,0.00,0.00,1.00,"",0,0.0,1,3.0,4,12.1,3,9.1,-28446,-7.2,0,0.0,0,0.0,-130,-14.2
"US000","1","51213","17","0","2025","1","",2,2,2,2,6521,0,0,251,"",1.00,1.00,1.00,1.00,1.00,0.00,0.00,1.00,"",0,0.0,0,0.0,0,0.0,0,0.0,765,13.3,0,0.0,0,0.0,30,13.6
"US000","1","512131","18","0","2025","1","",2,2,2,2,6521,0,0,251,"",1.00,1.00,1.00,1.00,1.00,0.00,0.00,1.00,"",0,0.0,0,0.0,0,0.0,0,0.0,765,13.3,0,0.0,0,0.0,30,13.6
"US000","1","51219","17","0","2025","1","",4,32,35,34,358542,0,0,819,"",1.00,1.00,1.00,1.00,1.00,0.00,0.00,1.00,"",0,0.0,1,3.2,4,12.9,3,9.7,-29211,-7.5,0,0.0,0,0.0,-143,-14.9
"US000","1","512199","18","0","2025","1","",4,32,35,34,358542,0,0,819,"",1.00,1.00,1.00,1.00,1.00,0.00,0.00,1.00,"",0,0.0,1,3.2,4,12.9,3,9.7,-29211,-7.5,0,0.0,0,0.0,-143,-14.9
"US000","1","513","15","0","2025","1","",7,122,124,123,3058082,0,0,1912,"",1.00,1.00,1.00,1.00,1.00,0.00,0.00,1.00,"",0,0.0,0,0.0,3,2.5,2,1.7,318874,11.6,0,0.0,0,0.0,175,10.1
"US000","1","5131","16","0","2025","1","",7,122,124,123,3058082,0,0,1912,"",1.00,1.00,1.00,1.00,1.00,0.00,0.00,1.00,"",0,0.0,0,0.0,3,2.5,2,1.7,318874,11.6,0,0.0,0,0.0,175,10.1
"US000","1","51311","17","0","2025","1","",1,60,62,62,1261189,0,0,1582,"",1.00,1.00,1.00,1.00,1.00,0.00,0.00,1.00,"",0,0.0,0,0.0,3,5.1,2,3.3,49065,4.0,0,0.0,0,0.0,19,1.2
"US000","1","513110","18","0","2025","1","",1,60,62,62,1261189,0,0,1582,"",1.00,1.00,1.00,1.00,1.00,0.00,0.00,1.00,"",0,0.0,0,0.0,3,5.1,2,3.3,49065,4.0,0,0.0,0,0.0,19,1.2
"US000","1","51313","17","0","2025","1","",4,41,41,40,1004515,0,0,1900,"",1.00,1.00,1.00,1.00,1.00,0.00,0.00,1.00,"",0,0.0,-3,-6.8,-3,-6.8,-3,-7.0,60662,6.4,0,0.0,0,0.0,237,14.3
"US000","1","513130","18","0","2025","1","",4,41,41,40,1004515,0,0,1900,"",1.00,1.00,1.00,1.00,1.00,0.00,0.00,1.00,"",0,0.0,-3,-6.8,-3,-6.8,-3,-7.0,60662,6.4,0,0.0,0,0.0,237,14.3
"US000","1","51314","17","0","2025","1","",1,18,18,18,671118,0,0,2868,"",1.00,1.00,1.00,1.00,1.00,0.00,0.00,1.00,"",0,0.0,4,28.6,4,28.6,4,28.6,213933,46.8,0,0.0,0,0.0,356,14.2
"US000","1","513140","18","0","2025","1","",1,18,18,18,671118,0,0,2868,"",1.00,1.00,1.00,1.00,1.00,0.00,0.00,1.00,"",0,0.0,4,28.6,4,28.6,4,28.6,213933,46.8,0,0.0,0,0.0,356,14.2
"US000","1","51319","17","0","2025","1","",1,3,3,3,121260,0,0,3109,"",1.00,1.00,1.00,1.00,1.00,0.00,0.00,1.00,"",0,0.0,-1,-25.0,-1,-25.0,-1,-25.0,-4786,-3.8,0,0.0,0,0.0,685,28.3
"US000","1","513199","18","0","2025","1","",1,3,3,3,121260,0,0,3109,"",1.00,1.00,1.00,1.00,1.00,0.00,0.00,1.00,"",0,0.0,-1,-25.0,-1,-25.0,-1,-25.0,-4786,-3.8,0,0.0,0,0.0,685,28.3
"US000","1","518","15","0","2025","1","",1,1189,1182,1164,19592610,0,0,1279,"",1.00,1.00,1.00,1.00,1.00,0.00,0.00,1.00,"",0,0.0,-6,-0.5,3,0.3,-9,-0.8,-40464,-0.2,0,0.0,0,0.0,2,0.2
"US000","1","5182","16","0","2025","1","",1,1189,1182,1164,19592610,0,0,1279,"",1.00,1.00,1.00,1.00,1.00,0.00,0.00,1.00,"",0,0.0,-6,-0.5,3,0.3,-9,-0.8,-40464,-0.2,0,0.0,0,0.0,2,0.2
"US000","1","51821","17","0","2025","1","",1,1189,1182,1164,19592610,0,0,1279,"",1.00,1.00,1.00,1.00,1.00,0.00,0.00,1.00,"",0,0.0,-6,-0.5,3,0.3,-9,-0.8,-40464,-0.2,0,0.0,0,0.0,2,0.2
"US000","1","518210","18","0","2025","1","",1,1189,1182,1164,19592610,0,0,1279,"",1.00,1.00,1.00,1.00,1.00,0.00,0.00,1.00,"",0,0.0,-6,-0.5,3,0.3,-9,-0.8,-40464,-0.2,0,0.0,0,0.0,2,0.2
"US000","1","519","15","0","2025","1","",137,5238,5224,5190,145579316,0,0,2146,"",1.00,1.00,1.00,1.00,1.00,0.00,0.00,1.00,"",8,6.2,-1,0.0,-21,-0.4,-28,-0.5,20604153,16.5,0,0.0,0,0.0,309,16.8
"US000","1","5192","16","0","2025","1","",137,5238,5224,5190,145579316,0,0,2146,"",1.00,1.00,1.00,1.00,1.00,0.00,0.00,1.00,"",8,6.2,-1,0.0,-21,-0.4,-28,-0.5,20604153,16.5,0,0.0,0,0.0,309,16.8
"US000","1","51921","17","0","2025","1","",137,5238,5224,5190,145579316,0,0,2146,"",1.00,1.00,1.00,1.00,1.00,0.00,0.00,1.00,"",8,6.2,-1,0.0,-21,-0.4,-28,-0.5,20604153,16.5,0,0.0,0,0.0,309,16.8
"US000","1","519210","18","0","2025","1","",137,5238,5224,5190,145579316,0,0,2146,"",1.00,1.00,1.00,1.00,1.00,0.00,0.00,1.00,"",8,6.2,-1,0.0,-21,-0.4,-28,-0.5,20604153,16.5,0,0.0,0,0.0,309,16.8
"US000","1","52","14","0","2025","1","",825,13580,13495,13380,575316018,0,0,3282,"",1.00,1.00,1.00,1.00,1.00,0.00,0.00,1.00,"",5,0.6,784,6.1,741,5.8,576,4.5,92462241,19.1,0,0.0,0,0.0,377,13.0
"US000","1","521","15","0","2025","1","",1,0,0,1,331893,0,0,76591,"",1.00,0.00,0.00,1.00,1.00,0.00,0.00,1.00,"",0,0.0,0,0.0,0,0.0,1,100.0,331893,100.0,0,0.0,0,0.0,76591,100.0
"US000","1","5211","16","0","2025","1","",1,0,0,1,331893,0,0,76591,"",1.00,0.00,0.00,1.00,1.00,0.00,0.00,1.00,"",0,0.0,0,0.0,0,0.0,1,100.0,331893,100.0,0,0.0,0,0.0,76591,100.0
"US000","1","52111","17","0","2025","1","",1,0,0,1,331893,0,0,76591,"",1.00,0.00,0.00,1.00,1.00,0.00,0.00,1.00,"",0,0.0,0,0.0,0,0.0,1,100.0,331893,100.0,0,0.0,0,0.0,76591,100.0
"US000","1","521110","18","0","2025","1","",1,0,0,1,331893,0,0,76591,"",1.00,0.00,0.00,1.00,1.00,0.00,0.00,1.00,"",0,0.0,0,0.0,0,0.0,1,100.0,331893,100.0,0,0.0,0,0.0,76591,100.0
"US000","1","522","15","0","2025","1","",641,6588,6538,6481,197399485,0,0,2323,"",1.00,1.00,1.00,1.00,1.00,0.00,0.00,1.00,"",-2,-0.3,329,5.3,322,5.2,271,4.4,16194364,8.9,0,0.0,0,0.0,85,3.8
"US000","1","5221","16","0","2025","1","",3,2,2,2,49969,0,0,1922,"",1.00,1.00,1.00,1.00,1.00,0.00,0.00,1.00,"",0,0.0,0,0.0,0,0.0,0,0.0,9985,25.0,0,0.0,0,0.0,384,25.0
"US000","1","52218","17","0","2025","1","",3,2,2,2,49969,0,0,1922,"",1.00,1.00,1.00,1.00,1.00,0.00,0.00,1.00,"",0,0.0,0,0.0,0,0.0,0,0.0,9985,25.0,0,0.0,0,0.0,384,25.0
"US000","1","522180","18","0","2025","1","",3,2,2,2,49969,0,0,1922,"",1.00,1.00,1.00,1.00,1.00,0.00,0.00,1.00,"",0,0.0,0,0.0,0,0.0,0,0.0,9985,25.0,0,0.0,0,0.0,384,25.0
"US000","1","5222","16","0","2025","1","",638,6586,6536,6479,197349516,0,0,2323,"",1.00,1.00,1.00,1.00,1.00,0.00,0.00,1.00,"",-2,-0.3,329,5.3,322,5.2,271,4.4,16184379,8.9,0,0.0,0,0.0,85,3.8
"US000","1","52229","17","0","2025","1","",638,6586,6536,6479,197349516,0,0,2323,"",1.00,1.00,1.00,1.00,1.00,0.00,0.00,1.00,"",-2,-0.3,329,5.3,322,5.2,271,4.4,16184379,8.9,0,0.0,0,0.0,85,3.8
"US000","1","522292","18","0","2025","1","",287,3644,3618,3589,100558494,0,0,2139,"",1.00,1.00,1.00,1.00,1.00,0.00,0.00,1.00,"",-1,-0.3,420,13.0,426,13.3,404,12.7,25853836,34.6,0,0.0,0,0.0,343,19.1
"US000","1","522299","18","0","2025","1","",351,2942,2918,2890,96791022,0,0,2553,"",1.00,1.00,1.00,1.00,1.00,0.00,0.00,1.00,"",-1,-0.3,-91,-3.0,-104,-3.4,-133,-4.4,-9669457,-9.1,0,0.0,0,0.0,-153,-5.7
"US000","1","523","15","0","2025","1","",4,5,5,5,144851,0,0,2228,"",1.00,1.00,1.00,1.00,1.00,0.00,0.00,1.00,"",-1,-20.0,-1,-16.7,-1,-16.7,0,0.0,-34960,-19.4,0,0.0,0,0.0,-213,-8.7
"US000","1","5239","16","0","2025","1","",4,5,5,5,144851,0,0,2228,"",1.00,1.00,1.00,1.00,1.00,0.00,0.00,1.00,"",-1,-20.0,-1,-16.7,-1,-16.7,0,0.0,-34960,-19.4,0,0.0,0,0.0,-213,-8.7
"US000","1","52391","17","0","2025","1","",1,0,0,0,0,0,0,0,"",1.00,0.00,0.00,0.00,0.00,0.00,0.00,0.00,"",0,0.0,-1,-100.0,-1,-100.0,0,0.0,-49948,-100.0,0,0.0,0,0.0,-5763,-100.0
"US000","1","523910","18","0","2025","1","",1,0,0,0,0,0,0,0,"",1.00,0.00,0.00,0.00,0.00,0.00,0.00,0.00,"",0,0.0,-1,-100.0,-1,-100.0,0,0.0,-49948,-100.0,0,0.0,0,0.0,-5763,-100.0
"US000","1","52394","17","0","2025","1","",3,5,5,5,144851,0,0,2228,"",1.00,1.00,1.00,1.00,1.00,0.00,0.00,1.00,"",-1,-25.0,0,0.0,0,0.0,0,0.0,14988,11.5,0,0.0,0,0.0,230,11.5
"US000","1","523940","18","0","2025","1","",3,5,5,5,144851,0,0,2228,"",1.00,1.00,1.00,1.00,1.00,0.00,0.00,1.00,"",-1,-25.0,0,0.0,0,0.0,0,0.0,14988,11.5,0,0.0,0,0.0,230,11.5
"US000","1","524","15","0","2025","1","",178,6980,6945,6886,377203079,0,0,4183,"",1.00,1.00,1.00,1.00,1.00,0.00,0.00,1.00,"",8,4.7,457,7.0,420,6.4,304,4.6,75957085,25.2,0,0.0,0,0.0,642,18.1
"US000","1","5241","16","0","2025","1","",127,6641,6604,6549,366345112,0,0,4271,"",1.00,1.00,1.00,1.00,1.00,0.00,0.00,1.00,"",5,4.1,452,7.3,417,6.7,299,4.8,73970833,25.3,0,0.0,0,0.0,649,17.9
"US000","1","52412","17","0","2025","1","",127,6641,6604,6549,366345112,0,0,4271,"",1.00,1.00,1.00,1.00,1.00,0.00,0.00,1.00,"",5,4.1,452,7.3,417,6.7,299,4.8,73970833,25.3,0,0.0,0,0.0,649,17.9
"US000","1","524126","18","0","2025","1","",2,16,15,15,556426,0,0,2791,"",1.00,1.00,1.00,1.00,1.00,0.00,0.00,1.00,"",0,0.0,-2,-11.1,-3,-16.7,-3,-16.7,41134,8.0,0,0.0,0,0.0,589,26.7
"US000","1","524128","18","0","2025","1","",125,6625,6589,6534,365788686,0,0,4274,"",1.00,1.00,1.00,1.00,1.00,0.00,0.00,1.00,"",5,4.2,454,7.4,420,6.8,302,4.8,73929699,25.3,0,0.0,0,0.0,647,17.8
"US000","1","5242","16","0","2025","1","",51,339,341,337,10857967,0,0,2464,"",1.00,1.00,1.00,1.00,1.00,0.00,0.00,1.00,"",3,6.2,5,1.5,3,0.9,5,1.5,1986252,22.4,0,0.0,0,0.0,425,20.8
"US000","1","52421","17","0","2025","1","",42,214,216,212,6840220,0,0,2459,"",1.00,1.00,1.00,1.00,1.00,0.00,0.00,1.00,"",3,7.7,17,8.6,10,4.9,11,5.5,1549845,29.3,0,0.0,0,0.0,438,21.7
"US000","1","524210","18","0","2025","1","",42,214,216,212,6840220,0,0,2459,"",1.00,1.00,1.00,1.00,1.00,0.00,0.00,1.00,"",3,7.7,17,8.6,10,4.9,11,5.5,1549845,29.3,0,0.0,0,0.0,438,21.7
"US000","1","52429","17","0","2025","1","",9,125,125,125,4017747,0,0,2472,"",1.00,1.00,1.00,1.00,1.00,0.00,0.00,1.00,"",0,0.0,-12,-8.8,-7,-5.3,-6,-4.6,436407,12.2,0,0.0,0,0.0,406,19.7
"US000","1","524292","18","0","2025","1","",3,13,13,13,278856,0,0,1650,"",1.00,1.00,1.00,1.00,1.00,0.00,0.00,1.00,"",0,0.0,0,0.0,1,8.3,2,18.2,-19387,-6.5,0,0.0,0,0.0,-262,-13.7
"US000","1","524298","18","0","2025","1","",6,112,112,112,3738891,0,0,2568,"",1.00,1.00,1.00,1.00,1.00,0.00,0.00,1.00,"",0,0.0,-12,-9.7,-8,-6.7,-8,-6.7,455794,13.9,0,0.0,0,0.0,487,23.4
"US000","1","525","15","0","2025","1","",1,7,7,7,236710,0,0,2601,"",1.00,1.00,1.00,1.00,1.00,0.00,0.00,1.00,"",0,0.0,-1,-12.5,0,0.0,0,0.0,13859,6.2,0,0.0,0,0.0,263,11.2
"US000","1","5251","16","0","2025","1","",1,7,7,7,236710,0,0,2601,"",1.00,1.00,1.00,1.00,1.00,0.00,0.00,1.00,"",0,0.0,-1,-12.5,0,0.0,0,0.0,13859,6.2,0,0.0,0,0.0,263,11.2
"US000","1","52511","17","0","2025","1","",1,7,7,7,236710,0,0,2601,"",1.00,1.00,1.00,1.00,1.00,0.00,0.00,1.00,"",0,0.0,-1,-12.5,0,0.0,0,0.0,13859,6.2,0,0.0,0,0.0,263,11.2
"US000","1","525110","18","0","2025","1","",1,7,7,7,236710,0,0,2601,"",1.00,1.00,1.00,1.00,1.00,0.00,0.00,1.00,"",0,0.0,-1,-12.5,0,0.0,0,0.0,13859,6.2,0,0.0,0,0.0,263,11.2
"US000","1","53","14","0","2025","1","",7,24,24,27,154192,0,0,474,"",1.00,1.00,1.00,1.00,1.00,0.00,0.00,1.00,"",-1,-12.5,0,0.0,-2,-7.7,3,12.5,9993,6.9,0,0.0,0,0.0,24,5.3
"US000","1","531","15","0","2025","1","",1,11,11,13,81630,0,0,538,"",1.00,1.00,1.00,1.00,1.00,0.00,0.00,1.00,"",0,0.0,-1,-8.3,-1,-8.3,1,8.3,-3683,-4.3,0,0.0,0,0.0,-9,-1.6
"US000","1","5311","16","0","2025","1","",1,11,11,13,81630,0,0,538,"",1.00,1.00,1.00,1.00,1.00,0.00,0.00,1.00,"",0,0.0,-1,-8.3,-1,-8.3,1,8.3,-3683,-4.3,0,0.0,0,0.0,-9,-1.6
"US000","1","53111","17","0","2025","1","",1,11,11,13,81630,0,0,538,"",1.00,1.00,1.00,1.00,1.00,0.00,0.00,1.00,"",0,0.0,-1,-8.3,-1,-8.3,1,8.3,-3683,-4.3,0,0.0,0,0.0,-9,-1.6
"US000","1","531110","18","0","2025","1","",1,11,11,13,81630,0,0,538,"",1.00,1.00,1.00,1.00,1.00,0.00,0.00,1.00,"",0,0.0,-1,-8.3,-1,-8.3,1,8.3,-3683,-4.3,0,0.0,0,0.0,-9,-1.6
"US000","1","532","15","0","2025","1","",6,13,13,14,72562,0,0,419,"",1.00,1.00,1.00,1.00,1.00,0.00,0.00,1.00,"",-1,-14.3,1,8.3,-1,-7.1,2,16.7,13676,23.2,0,0.0,0,0.0,61,17.0
"US000","1","5322","16","0","2025","1","",6,13,13,14,72562,0,0,419,"",1.00,1.00,1.00,1.00,1.00,0.00,0.00,1.00,"",-1,-14.3,1,8.3,-1,-7.1,2,16.7,13676,23.2,0,0.0,0,0.0,61,17.0
"US000","1","53228","17","0","2025","1","",6,13,13,14,72562,0,0,419,"",1.00,1.00,1.00,1.00,1.00,0.00,0.00,1.00,"",-1,-14.3,1,8.3,-1,-7.1,2,16.7,13676,23.2,0,0.0,0,0.0,61,17.0
"US000","1","532289","18","0","2025","1","",6,13,13,14,72562,0,0,419,"",1.00,1.00,1.00,1.00,1.00,0.00,0.00,1.00,"",-1,-14.3,1,8.3,-1,-7.1,2,16.7,13676,23.2,0,0.0,0,0.0,61,17.0
"US000","1","54","14","0","2025","1","",1364,71767,71671,71305,1910634405,0,0,2053,"",1.00,1.00,1.00,1.00,1.00,0.00,0.00,1.00,"",-5,-0.4,1720,2.5,1429,2.0,903,1.3,121674780,6.8,0,0.0,0,0.0,94,4.8
"US000","1","541","15","0","2025","1","",1364,71767,71671,71305,1910634405,0,0,2053,"",1.00,1.00,1.00,1.00,1.00,0.00,0.00,1.00,"",-5,-0.4,1720,2.5,1429,2.0,903,1.3,121674780,6.8,0,0.0,0,0.0,94,4.8
"US000","1","5411","16","0","2025","1","",1,14,13,14,407377,0,0,2293,"",1.00,1.00,1.00,1.00,1.00,0.00,0.00,1.00,"",-1,-50.0,0,0.0,-1,-7.1,0,0.0,-5140,-1.2,0,0.0,0,0.0,26,1.1
"US000","1","54111","17","0","2025","1","",1,14,13,14,407377,0,0,2293,"",1.00,1.00,1.00,1.00,1.00,0.00,0.00,1.00,"",-1,-50.0,0,0.0,-1,-7.1,0,0.0,-5140,-1.2,0,0.0,0,0.0,26,1.1
"US000","1","541110","18","0","2025","1","",1,14,13,14,407377,0,0,2293,"",1.00,1.00,1.00,1.00,1.00,0.00,0.00,1.00,"",-1,-50.0,0,0.0,-1,-7.1,0,0.0,-5140,-1.2,0,0.0,0,0.0,26,1.1
"US000","1","5412","16","0","2025","1","",75,821,832,841,13108884,0,0,1213,"",1.00,1.00,1.00,1.00,1.00,0.00,0.00,1.00,"",0,0.0,39,5.0,43,5.4,50,6.3,934732,7.7,0,0.0,0,0.0,24,2.0
"US000","1","54121","17","0","2025","1","",75,821,832,841,13108884,0,0,1213,"",1.00,1.00,1.00,1.00,1.00,0.00,0.00,1.00,"",0,0.0,39,5.0,43,5.4,50,6.3,934732,7.7,0,0.0,0,0.0,24,2.0
"US000","1","541211","18","0","2025","1","",5,167,169,168,1491918,0,0,683,"",1.00,1.00,1.00,1.00,1.00,0.00,0.00,1.00,"",1,25.0,2,1.2,1,0.6,0,0.0,325004,27.9,0,0.0,0,0.0,145,27.0
"US000","1","541214","18","0","2025","1","",1,10,10,10,271073,0,0,2085,"",1.00,1.00,1.00,1.00,1.00,0.00,0.00,1.00,"",0,0.0,4,66.7,4,66.7,4,66.7,128504,90.1,0,0.0,0,0.0,257,14.1
"US000","1","541219","18","0","2025","1","",69,644,653,663,11345893,0,0,1336,"",1.00,1.00,1.00,1.00,1.00,0.00,0.00,1.00,"",-1,-1.4,33,5.4,38,6.2,46,7.5,481224,4.4,0,0.0,0,0.0,-24,-1.8
"US000","1","5413","16","0","2025","1","",849,57343,57274,56960,1431824547,0,0,1926,"",1.00,1.00,1.00,1.00,1.00,0.00,0.00,1.00,"",2,0.2,1300,2.3,1092,1.9,699,1.2,55004764,4.0,0,0.0,0,0.0,40,2.1
"US000","1","54131","17","0","2025","1","",14,2650,2630,2641,76476942,0,0,2228,"",1.00,1.00,1.00,1.00,1.00,0.00,0.00,1.00,"",2,16.7,135,5.4,102,4.0,103,4.1,16854737,28.3,0,0.0,0,0.0,413,22.8
"US000","1","541310","18","0","2025","1","",14,2650,2630,2641,76476942,0,0,2228,"",1.00,1.00,1.00,1.00,1.00,0.00,0.00,1.00,"",2,16.7,135,5.4,102,4.0,103,4.1,16854737,28.3,0,0.0,0,0.0,413,22.8
"US000","1","54133","17","0","2025","1","",834,54690,54641,54315,1355292304,0,0,1911,"",1.00,1.00,1.00,1.00,1.00,0.00,0.00,1.00,"",0,0.0,1166,2.2,991,1.8,596,1.1,38173416,2.9,0,0.0,0,0.0,22,1.2
"US000","1","541330","18","0","2025","1","",834,54690,54641,54315,1355292304,0,0,1911,"",1.00,1.00,1.00,1.00,1.00,0.00,0.00,1.00,"",0,0.0,1166,2.2,991,1.8,596,1.1,38173416,2.9,0,0.0,0,0.0,22,1.2
"US000","1","54138","17","0","2025","1","",1,3,3,4,55301,0,0,1276,"",1.00,1.00,1.00,1.00,1.00,0.00,0.00,1.00,"",0,0.0,-1,-25.0,-1,-25.0,0,0.0,-23389,-29.7,0,0.0,0,0.0,-237,-15.7
"US000","1","541380","18","0","2025","1","",1,3,3,4,55301,0,0,1276,"",1.00,1.00,1.00,1.00,1.00,0.00,0.00,1.00,"",0,0.0,-1,-25.0,-1,-25.0,0,0.0,-23389,-29.7,0,0.0,0,0.0,-237,-15.7
"US000","1","5415","16","0","2025","1","",74,164,164,165,2865215,0,0,1341,"",1.00,1.00,1.00,1.00,1.00,0.00,0.00,1.00,"",-3,-3.9,-1,-0.6,-2,-1.2,-6,-3.5,-119860,-4.0,0,0.0,0,0.0,-31,-2.3
"US000","1","54151","17","0","2025","1","",74,164,164,165,2865215,0,0,1341,"",1.00,1.00,1.00,1.00,1.00,0.00,0.00,1.00,"",-3,-3.9,-1,-0.6,-2,-1.2,-6,-3.5,-119860,-4.0,0,0.0,0,0.0,-31,-2.3
"US000","1","541511","18","0","2025","1","",22,35,34,35,445984,0,0,990,"",1.00,1.00,1.00,1.00,1.00,0.00,0.00,1.00,"",-1,-4.3,-3,-7.9,-4,-10.5,-4,-10.3,-49208,-9.9,0,0.0,0,0.0,-4,-0.4
"US000","1","541512","18","0","2025","1","",2,0,0,0,0,0,0,0,"",1.00,0.00,0.00,0.00,0.00,0.00,0.00,0.00,"",-2,-50.0,-2,-100.0,-2,-100.0,-2,-100.0,-53566,-100.0,0,0.0,0,0.0,-2060,-100.0
"US000","1","541513","18","0","2025","1","",50,129,130,130,2419231,0,0,1435,"",1.00,1.00,1.00,1.00,1.00,0.00,0.00,1.00,"",1,2.0,4,3.2,4,3.2,0,0.0,-17086,-0.7,0,0.0,0,0.0,-41,-2.8
"US000","1","5416","16","0","2025","1","",76,854,846,846,28363673,0,0,2571,"",1.00,1.00,1.00,1.00,1.00,0.00,0.00,1.00,"",-1,-1.3,56,7.0,49,6.1,42,5.2,5686612,25.1,0,0.0,0,0.0,390,17.9
"US000","1","54161","17","0","2025","1","",53,99,98,98,1642672,0,0,1285,"",1.00,1.00,1.00,1.00,1.00,0.00,0.00,1.00,"",-1,-1.9,15,17.9,19,24.1,17,21.0,453942,38.2,0,0.0,0,0.0,161,14.3
"US000","1","541611","18","0","2025","1","",3,11,11,10,194340,0,0,1401,"",1.00,1.00,1.00,1.00,1.00,0.00,0.00,1.00,"",0,0.0,2,22.2,2,22.2,0,0.0,70691,57.2,0,0.0,0,0.0,382,37.5
"US000","1","541612","18","0","2025","1","",4,18,19,20,328906,0,0,1332,"",1.00,1.00,1.00,1.00,1.00,0.00,0.00,1.00,"",0,0.0,-7,-28.0,-3,-13.6,-3,-13.0,-58471,-15.1,0,0.0,0,0.0,55,4.3
"US000","1","541613","18","0","2025","1","",27,47,46,46,873879,0,0,1451,"",1.00,1.00,1.00,1.00,1.00,0.00,0.00,1.00,"",-1,-3.6,17,56.7,17,58.6,17,58.6,411483,89.0,0,0.0,0,0.0,238,19.6
"US000","1","541614","18","0","2025","1","",19,23,22,22,245547,0,0,846,"",1.00,1.00,1.00,1.00,1.00,0.00,0.00,1.00,"",0,0.0,3,15.0,3,15.8,3,15.8,30239,14.0,0,0.0,0,0.0,-11,-1.3
"US000","1","54162","17","0","2025","1","",17,639,633,633,22936079,0,0,2778,"",1.00,1.00,1.00,1.00,1.00,0.00,0.00,1.00,"",0,0.0,43,7.2,30,5.0,26,4.3,4561010,24.8,0,0.0,0,0.0,430,18.3
"US000","1","541620","18","0","2025","1","",17,639,633,633,22936079,0,0,2778,"",1.00,1.00,1.00,1.00,1.00,0.00,0.00,1.00,"",0,0.0,43,7.2,30,5.0,26,4.3,4561010,24.8,0,0.0,0,0.0,430,18.3
"US000","1","54169","17","0","2025","1","",6,116,115,115,3784922,0,0,2524,"",1.00,1.00,1.00,1.00,1.00,0.00,0.00,1.00,"",0,0.0,-2,-1.7,0,0.0,-1,-0.9,671660,21.6,0,0.0,0,0.0,465,22.6
"US000","1","541690","18","0","2025","1","",6,116,115,115,3784922,0,0,2524,"",1.00,1.00,1.00,1.00,1.00,0.00,0.00,1.00,"",0,0.0,-2,-1.7,0,0.0,-1,-0.9,671660,21.6,0,0.0,0,0.0,465,22.6
"US000","1","5417","16","0","2025","1","",108,7904,7871,7824,287201439,0,0,2808,"",1.00,1.00,1.00,1.00,1.00,0.00,0.00,1.00,"",-1,-0.9,170,2.2,110,1.4,38,0.5,33748518,13.3,0,0.0,0,0.0,296,11.8
"US000","1","54171","17","0","2025","1","",107,7902,7871,7823,287197839,0,0,2809,"",1.00,1.00,1.00,1.00,1.00,0.00,0.00,1.00,"",-1,-0.9,169,2.2,111,1.4,38,0.5,33746018,13.3,0,0.0,0,0.0,296,11.8
"US000","1","541713","18","0","2025","1","",27,2179,2174,2162,64524090,0,0,2286,"",1.00,1.00,1.00,1.00,1.00,0.00,0.00,1.00,"",0,0.0,-19,-0.9,-33,-1.5,-48,-2.2,-3160137,-4.7,0,0.0,0,0.0,-75,-3.2
"US000","1","541714","18","0","2025","1","",3,50,50,49,2154139,0,0,3336,"",1.00,1.00,1.00,1.00,1.00,0.00,0.00,1.00,"",0,0.0,-9,-15.3,-11,-18.0,-13,-21.0,-262225,-10.9,0,0.0,0,0.0,272,8.9
"US000","1","541715","18","0","2025","1","",77,5673,5647,5612,220519610,0,0,3006,"",1.00,1.00,1.00,1.00,1.00,0.00,0.00,1.00,"",-1,-1.3,197,3.6,155,2.8,99,1.8,37168380,20.3,0,0.0,0,0.0,439,17.1
"US000","1","54172","17","0","2025","1","",1,2,0,1,3600,0,0,277,"",1.00,1.00,0.00,1.00,1.00,0.00,0.00,1.00,"",0,0.0,1,100.0,-1,-100.0,0,0.0,2500,227.3,0,0.0,0,0.0,192,225.9
"US000","1","541720","18","0","2025","1","",1,2,0,1,3600,0,0,277,"",1.00,1.00,0.00,1.00,1.00,0.00,0.00,1.00,"",0,0.0,1,100.0,-1,-100.0,0,0.0,2500,227.3,0,0.0,0,0.0,192,225.9
"US000","1","5418","16","0","2025","1","",46,168,173,168,2506123,0,0,1136,"",1.00,1.00,1.00,1.00,1.00,0.00,0.00,1.00,"",1,2.2,7,4.3,17,10.9,5,3.1,-37461,-1.5,0,0.0,0,0.0,-87,-7.1
"US000","1","54185","17","0","2025","1","",41,145,150,146,2166489,0,0,1134,"",1.00,1.00,1.00,1.00,1.00,0.00,0.00,1.00,"",1,2.5,10,7.4,19,14.5,7,5.0,28175,1.3,0,0.0,0,0.0,-84,-6.9
"US000","1","541850","18","0","2025","1","",41,145,150,146,2166489,0,0,1134,"",1.00,1.00,1.00,1.00,1.00,0.00,0.00,1.00,"",1,2.5,10,7.4,19,14.5,7,5.0,28175,1.3,0,0.0,0,0.0,-84,-6.9
"US000","1","54187","17","0","2025","1","",2,9,9,8,116709,0,0,1036,"",1.00,1.00,1.00,1.00,1.00,0.00,0.00,1.00,"",0,0.0,1,12.5,1,12.5,0,0.0,-1582,-1.3,0,0.0,0,0.0,-101,-8.9
"US000","1","541870","18","0","2025","1","",2,9,9,8,116709,0,0,1036,"",1.00,1.00,1.00,1.00,1.00,0.00,0.00,1.00,"",0,0.0,1,12.5,1,12.5,0,0.0,-1582,-1.3,0,0.0,0,0.0,-101,-8.9
"US000","1","54189","17","0","2025","1","",3,14,14,14,222925,0,0,1225,"",1.00,1.00,1.00,1.00,1.00,0.00,0.00,1.00,"",0,0.0,-4,-22.2,-3,-17.6,-2,-12.5,-64054,-22.3,0,0.0,0,0.0,-74,-5.7
"US000","1","541890","18","0","2025","1","",3,14,14,14,222925,0,0,1225,"",1.00,1.00,1.00,1.00,1.00,0.00,0.00,1.00,"",0,0.0,-4,-22.2,-3,-17.6,-2,-12.5,-64054,-22.3,0,0.0,0,0.0,-74,-5.7
"US000","1","5419","16","0","2025","1","",135,4499,4498,4487,144357147,0,0,2471,"",1.00,1.00,1.00,1.00,1.00,0.00,0.00,1.00,"",-2,-1.5,149,3.4,121,2.8,75,1.7,26462615,22.4,0,0.0,0,0.0,400,19.3
"US000","1","54194","17","0","2025","1","",2,424,455,467,3559712,0,0,610,"",1.00,1.00,1.00,1.00,1.00,0.00,0.00,1.00,"",0,0.0,2,0.5,7,1.6,17,3.8,-222212,-5.9,0,0.0,0,0.0,-51,-7.7
"US000","1","541940","18","0","2025","1","",2,424,455,467,3559712,0,0,610,"",1.00,1.00,1.00,1.00,1.00,0.00,0.00,1.00,"",0,0.0,2,0.5,7,1.6,17,3.8,-222212,-5.9,0,0.0,0,0.0,-51,-7.7
"US000","1","54199","17","0","2025","1","",133,4075,4043,4020,140797435,0,0,2677,"",1.00,1.00,1.00,1.00,1.00,0.00,0.00,1.00,"",-2,-1.5,147,3.7,114,2.9,58,1.5,26684827,23.4,0,0.0,0,0.0,449,20.2
"US000","1","541990","18","0","2025","1","",133,4075,4043,4020,140797435,0,0,2677,"",1.00,1.00,1.00,1.00,1.00,0.00,0.00,1.00,"",-2,-1.5,147,3.7,114,2.9,58,1.5,26684827,23.4,0,0.0,0,0.0,449,20.2
"US000","1","56","14","0","2025","1","",163,1686,1678,1667,21872784,0,0,1003,"",1.00,1.00,1.00,1.00,1.00,0.00,0.00,1.00,"",2,1.2,42,2.6,10,0.6,-9,-0.5,-89700,-0.4,0,0.0,0,0.0,-13,-1.3
"US000","1","561","15","0","2025","1","",145,1564,1554,1548,20468131,0,0,1012,"",1.00,1.00,1.00,1.00,1.00,0.00,0.00,1.00,"",3,2.1,39,2.6,7,0.5,-12,-0.8,-86620,-0.4,0,0.0,0,0.0,-12,-1.2
"US000","1","5611","16","0","2025","1","",16,384,378,375,5926923,0,0,1203,"",1.00,1.00,1.00,1.00,1.00,0.00,0.00,1.00,"",2,14.3,23,6.4,15,4.1,13,3.6,268663,4.7,0,0.0,0,0.0,1,0.1
"US000","1","56111","17","0","2025","1","",16,384,378,375,5926923,0,0,1203,"",1.00,1.00,1.00,1.00,1.00,0.00,0.00,1.00,"",2,14.3,23,6.4,15,4.1,13,3.6,268663,4.7,0,0.0,0,0.0,1,0.1
"US000","1","561110","18","0","2025","1","",16,384,378,375,5926923,0,0,1203,"",1.00,1.00,1.00,1.00,1.00,0.00,0.00,1.00,"",2,14.3,23,6.4,15,4.1,13,3.6,268663,4.7,0,0.0,0,0.0,1,0.1
"US000","1","5612","16","0","2025","1","",12,141,136,140,1122737,0,0,621,"",1.00,1.00,1.00,1.00,1.00,0.00,0.00,1.00,"",0,0.0,-9,-6.0,-18,-11.7,-22,-13.6,-117809,-9.5,0,0.0,0,0.0,7,1.1
"US000","1","56121","17","0","2025","1","",12,141,136,140,1122737,0,0,621,"",1.00,1.00,1.00,1.00,1.00,0.00,0.00,1.00,"",0,0.0,-9,-6.0,-18,-11.7,-22,-13.6,-117809,-9.5,0,0.0,0,0.0,7,1.1
"US000","1","561210","18","0","2025","1","",12,141,136,140,1122737,0,0,621,"",1.00,1.00,1.00,1.00,1.00,0.00,0.00,1.00,"",0,0.0,-9,-6.0,-18,-11.7,-22,-13.6,-117809,-9.5,0,0.0,0,0.0,7,1.1
"US000","1","5613","16","0","2025","1","",1,1,1,1,15390,0,0,1184,"",1.00,1.00,1.00,1.00,1.00,0.00,0.00,1.00,"",0,0.0,-1,-50.0,-1,-50.0,-1,-50.0,-11059,-41.8,0,0.0,0,0.0,167,16.4
"US000","1","56132","17","0","2025","1","",1,1,1,1,15390,0,0,1184,"",1.00,1.00,1.00,1.00,1.00,0.00,0.00,1.00,"",0,0.0,-1,-50.0,-1,-50.0,-1,-50.0,-11059,-41.8,0,0.0,0,0.0,167,16.4
"US000","1","561320","18","0","2025","1","",1,1,1,1,15390,0,0,1184,"",1.00,1.00,1.00,1.00,1.00,0.00,0.00,1.00,"",0,0.0,-1,-50.0,-1,-50.0,-1,-50.0,-11059,-41.8,0,0.0,0,0.0,167,16.4
"US000","1","5614","16","0","2025","1","",6,465,465,450,8203880,0,0,1372,"",1.00,1.00,1.00,1.00,1.00,0.00,0.00,1.00,"",0,0.0,14,3.1,11,2.4,-10,-2.2,94389,1.2,0,0.0,0,0.0,1,0.1
"US000","1","56142","17","0","2025","1","",1,351,351,336,5799266,0,0,1289,"",1.00,1.00,1.00,1.00,1.00,0.00,0.00,1.00,"",0,0.0,0,0.0,0,0.0,-21,-5.9,-16934,-0.3,0,0.0,0,0.0,22,1.7
"US000","1","561422","18","0","2025","1","",1,351,351,336,5799266,0,0,1289,"",1.00,1.00,1.00,1.00,1.00,0.00,0.00,1.00,"",0,0.0,0,0.0,0,0.0,-21,-5.9,-16934,-0.3,0,0.0,0,0.0,22,1.7
"US000","1","56149","17","0","2025","1","",5,114,114,114,2404614,0,0,1623,"",1.00,1.00,1.00,1.00,1.00,0.00,0.00,1.00,"",0,0.0,14,14.0,11,10.7,11,10.7,111323,4.9,0,0.0,0,0.0,-106,-6.1
"US000","1","561499","18","0","2025","1","",5,114,114,114,2404614,0,0,1623,"",1.00,1.00,1.00,1.00,1.00,0.00,0.00,1.00,"",0,0.0,14,14.0,11,10.7,11,10.7,111323,4.9,0,0.0,0,0.0,-106,-6.1
"US000","1","5615","16","0","2025","1","",106,550,552,559,4950748,0,0,688,"",1.00,1.00,1.00,1.00,1.00,0.00,0.00,1.00,"",1,1.0,11,2.0,3,0.5,9,1.6,-343612,-6.5,0,0.0,0,0.0,-58,-7.8
"US000","1","56151","17","0","2025","1","",7,2,2,2,15650,0,0,602,"",1.00,1.00,1.00,1.00,1.00,0.00,0.00,1.00,"",1,16.7,-1,-33.3,-2,-50.0,-4,-66.7,-1513,-8.8,0,0.0,0,0.0,297,97.4
"US000","1","561510","18","0","2025","1","",7,2,2,2,15650,0,0,602,"",1.00,1.00,1.00,1.00,1.00,0.00,0.00,1.00,"",1,16.7,-1,-33.3,-2,-50.0,-4,-66.7,-1513,-8.8,0,0.0,0,0.0,297,97.4
"US000","1","56152","17","0","2025","1","",51,95,94,93,780445,0,0,639,"",1.00,1.00,1.00,1.00,1.00,0.00,0.00,1.00,"",-1,-1.9,-6,-5.9,-5,-5.1,-7,-7.0,-37300,-4.6,0,0.0,0,0.0,10,1.6
"US000","1","561520","18","0","2025","1","",51,95,94,93,780445,0,0,639,"",1.00,1.00,1.00,1.00,1.00,0.00,0.00,1.00,"",-1,-1.9,-6,-5.9,-5,-5.1,-7,-7.0,-37300,-4.6,0,0.0,0,0.0,10,1.6
"US000","1","56159","17","0","2025","1","",48,453,456,464,4154653,0,0,698,"",1.00,1.00,1.00,1.00,1.00,0.00,0.00,1.00,"",1,2.1,18,4.1,10,2.2,20,4.5,-304799,-6.8,0,0.0,0,0.0,-79,-10.2
"US000","1","561599","18","0","2025","1","",48,453,456,464,4154653,0,0,698,"",1.00,1.00,1.00,1.00,1.00,0.00,0.00,1.00,"",1,2.1,18,4.1,10,2.2,20,4.5,-304799,-6.8,0,0.0,0,0.0,-79,-10.2
"US000","1","5616","16","0","2025","1","",1,10,10,10,141457,0,0,1088,"",1.00,1.00,1.00,1.00,1.00,0.00,0.00,1.00,"",0,0.0,0,0.0,0,0.0,0,0.0,4979,3.6,0,0.0,0,0.0,38,3.6
"US000","1","56161","17","0","2025","1","",1,10,10,10,141457,0,0,1088,"",1.00,1.00,1.00,1.00,1.00,0.00,0.00,1.00,"",0,0.0,0,0.0,0,0.0,0,0.0,4979,3.6,0,0.0,0,0.0,38,3.6
"US000","1","561611","18","0","2025","1","",1,10,10,10,141457,0,0,1088,"",1.00,1.00,1.00,1.00,1.00,0.00,0.00,1.00,"",0,0.0,0,0.0,0,0.0,0,0.0,4979,3.6,0,0.0,0,0.0,38,3.6
"US000","1","5617","16","0","2025","1","",2,4,4,4,37870,0,0,728,"",1.00,1.00,1.00,1.00,1.00,0.00,0.00,1.00,"",0,0.0,1,33.3,0,0.0,0,0.0,2545,7.2,0,0.0,0,0.0,-13,-1.8
"US000","1","56172","17","0","2025","1","",2,4,4,4,37870,0,0,728,"",1.00,1.00,1.00,1.00,1.00,0.00,0.00,1.00,"",0,0.0,1,33.3,0,0.0,0,0.0,2545,7.2,0,0.0,0,0.0,-13,-1.8
"US000","1","561720","18","0","2025","1","",2,4,4,4,37870,0,0,728,"",1.00,1.00,1.00,1.00,1.00,0.00,0.00,1.00,"",0,0.0,1,33.3,0,0.0,0,0.0,2545,7.2,0,0.0,0,0.0,-13,-1.8
"US000","1","5619","16","0","2025","1","",1,9,8,9,69126,0,0,614,"",1.00,1.00,1.00,1.00,1.00,0.00,0.00,1.00,"",0,0.0,0,0.0,-3,-27.3,-1,-10.0,15284,28.4,0,0.0,0,0.0,200,48.3
"US000","1","56199","17","0","2025","1","",1,9,8,9,69126,0,0,614,"",1.00,1.00,1.00,1.00,1.00,0.00,0.00,1.00,"",0,0.0,0,0.0,-3,-27.3,-1,-10.0,15284,28.4,0,0.0,0,0.0,200,48.3
"US000","1","561990","18","0","2025","1","",1,9,8,9,69126,0,0,614,"",1.00,1.00,1.00,1.00,1.00,0.00,0.00,1.00,"",0,0.0,0,0.0,-3,-27.3,-1,-10.0,15284,28.4,0,0.0,0,0.0,200,48.3
"US000","1","562","15","0","2025","1","",18,122,124,119,1404653,0,0,888,"",1.00,1.00,1.00,1.00,1.00,0.00,0.00,1.00,"",-1,-5.3,3,2.5,3,2.5,3,2.6,-3080,-0.2,0,0.0,0,0.0,-25,-2.7
"US000","1","5621","16","0","2025","1","",18,122,124,119,1404653,0,0,888,"",1.00,1.00,1.00,1.00,1.00,0.00,0.00,1.00,"",-1,-5.3,3,2.5,3,2.5,3,2.6,-3080,-0.2,0,0.0,0,0.0,-25,-2.7
"US000","1","56211","17","0","2025","1","",18,122,124,119,1404653,0,0,888,"",1.00,1.00,1.00,1.00,1.00,0.00,0.00,1.00,"",-1,-5.3,3,2.5,3,2.5,3,2.6,-3080,-0.2,0,0.0,0,0.0,-25,-2.7
"US000","1","562111","18","0","2025","1","",18,122,124,119,1404653,0,0,888,"",1.00,1.00,1.00,1.00,1.00,0.00,0.00,1.00,"",-1,-5.3,3,2.5,3,2.5,3,2.6,-3080,-0.2,0,0.0,0,0.0,-25,-2.7
"US000","1","61","14","0","2025","1","",198,13123,13171,13122,313607672,0,0,1836,"",1.00,1.00,1.00,1.00,1.00,0.00,0.00,1.00,"",1,0.5,386,3.0,424,3.3,348,2.7,10467792,3.5,0,0.0,0,0.0,7,0.4
"US000","1","611","15","0","2025","1","",198,13123,13171,13122,313607672,0,0,1836,"",1.00,1.00,1.00,1.00,1.00,0.00,0.00,1.00,"",1,0.5,386,3.0,424,3.3,348,2.7,10467792,3.5,0,0.0,0,0.0,7,0.4
"US000","1","6111","16","0","2025","1","",64,5757,5813,5784,118326818,0,0,1573,"",1.00,1.00,1.00,1.00,1.00,0.00,0.00,1.00,"",-1,-1.5,260,4.7,299,5.4,265,4.8,8981727,8.2,0,0.0,0,0.0,46,3.0
"US000","1","61111","17","0","2025","1","",64,5757,5813,5784,118326818,0,0,1573,"",1.00,1.00,1.00,1.00,1.00,0.00,0.00,1.00,"",-1,-1.5,260,4.7,299,5.4,265,4.8,8981727,8.2,0,0.0,0,0.0,46,3.0
"US000","1","611110","18","0","2025","1","",64,5757,5813,5784,118326818,0,0,1573,"",1.00,1.00,1.00,1.00,1.00,0.00,0.00,1.00,"",-1,-1.5,260,4.7,299,5.4,265,4.8,8981727,8.2,0,0.0,0,0.0,46,3.0
"US000","1","6113","16","0","2025","1","",39,5390,5363,5341,144269891,0,0,2069,"",1.00,1.00,1.00,1.00,1.00,0.00,0.00,1.00,"",-1,-2.5,52,1.0,23,0.4,2,0.0,-6320195,-4.2,0,0.0,0,0.0,-101,-4.7
"US000","1","61131","17","0","2025","1","",39,5390,5363,5341,144269891,0,0,2069,"",1.00,1.00,1.00,1.00,1.00,0.00,0.00,1.00,"",-1,-2.5,52,1.0,23,0.4,2,0.0,-6320195,-4.2,0,0.0,0,0.0,-101,-4.7
"US000","1","611310","18","0","2025","1","",39,5390,5363,5341,144269891,0,0,2069,"",1.00,1.00,1.00,1.00,1.00,0.00,0.00,1.00,"",-1,-2.5,52,1.0,23,0.4,2,0.0,-6320195,-4.2,0,0.0,0,0.0,-101,-4.7
"US000","1","6114","16","0","2025","1","",2,10,10,11,172307,0,0,1283,"",1.00,1.00,1.00,1.00,1.00,0.00,0.00,1.00,"",-1,-33.3,2,25.0,3,42.9,4,57.1,17160,11.1,0,0.0,0,0.0,-344,-21.1
"US000","1","61143","17","0","2025","1","",2,10,10,11,172307,0,0,1283,"",1.00,1.00,1.00,1.00,1.00,0.00,0.00,1.00,"",-1,-33.3,2,25.0,3,42.9,4,57.1,17160,11.1,0,0.0,0,0.0,-344,-21.1
"US000","1","611430","18","0","2025","1","",2,10,10,11,172307,0,0,1283,"",1.00,1.00,1.00,1.00,1.00,0.00,0.00,1.00,"",-1,-33.3,2,25.0,3,42.9,4,57.1,17160,11.1,0,0.0,0,0.0,-344,-21.1
"US000","1","6115","16","0","2025","1","",29,1330,1339,1338,41167589,0,0,2371,"",1.00,1.00,1.00,1.00,1.00,0.00,0.00,1.00,"",5,20.8,49,3.8,64,5.0,47,3.6,8192565,24.8,0,0.0,0,0.0,393,19.9
"US000","1","61151","17","0","2025","1","",29,1330,1339,1338,41167589,0,0,2371,"",1.00,1.00,1.00,1.00,1.00,0.00,0.00,1.00,"",5,20.8,49,3.8,64,5.0,47,3.6,8192565,24.8,0,0.0,0,0.0,393,19.9
"US000","1","611512","18","0","2025","1","",1,5,5,4,42429,0,0,699,"",1.00,1.00,1.00,1.00,1.00,0.00,0.00,1.00,"",0,0.0,2,66.7,0,0.0,-1,-20.0,551,1.3,0,0.0,0,0.0,-44,-5.9
"US000","1","611519","18","0","2025","1","",28,1325,1334,1334,41125160,0,0,2377,"",1.00,1.00,1.00,1.00,1.00,0.00,0.00,1.00,"",5,21.7,47,3.7,64,5.0,48,3.7,8192014,24.9,0,0.0,0,0.0,395,19.9
"US000","1","6116","16","0","2025","1","",64,636,646,648,9671067,0,0,1156,"",1.00,1.00,1.00,1.00,1.00,0.00,0.00,1.00,"",-1,-1.5,23,3.8,35,5.7,30,4.9,-403465,-4.0,0,0.0,0,0.0,-106,-8.4
"US000","1","61161","17","0","2025","1","",11,18,17,19,104507,0,0,447,"",1.00,1.00,1.00,1.00,1.00,0.00,0.00,1.00,"",0,0.0,-2,-10.0,-1,-5.6,-2,-9.5,8262,8.6,0,0.0,0,0.0,71,18.9
"US000","1","611610","18","0","2025","1","",11,18,17,19,104507,0,0,447,"",1.00,1.00,1.00,1.00,1.00,0.00,0.00,1.00,"",0,0.0,-2,-10.0,-1,-5.6,-2,-9.5,8262,8.6,0,0.0,0,0.0,71,18.9
"US000","1","61169","17","0","2025","1","",53,618,629,629,9566560,0,0,1177,"",1.00,1.00,1.00,1.00,1.00,0.00,0.00,1.00,"",-1,-1.9,25,4.2,36,6.1,32,5.4,-411727,-4.1,0,0.0,0,0.0,-114,-8.8
"US000","1","611691","18","0","2025","1","",2,27,27,27,476669,0,0,1358,"",1.00,1.00,1.00,1.00,1.00,0.00,0.00,1.00,"",0,0.0,5,22.7,6,28.6,5,22.7,56907,13.6,0,0.0,0,0.0,-132,-8.9
"US000","1","611692","18","0","2025","1","",2,28,28,29,405565,0,0,1101,"",1.00,1.00,1.00,1.00,1.00,0.00,0.00,1.00,"",0,0.0,1,3.7,1,3.7,4,16.0,9591,2.4,0,0.0,0,0.0,-56,-4.8
"US000","1","611699","18","0","2025","1","",49,563,574,573,8684326,0,0,1172,"",1.00,1.00,1.00,1.00,1.00,0.00,0.00,1.00,"",-1,-2.0,19,3.5,29,5.3,23,4.2,-478225,-5.2,0,0.0,0,0.0,-118,-9.1
"US000","1","62","14","0","2025","1","",1260,435942,434963,431890,12843020549,0,0,2275,"",1.00,1.00,1.00,1.00,1.00,0.00,0.00,1.00,"",-10,-0.8,-9197,-2.1,-11901,-2.7,-15337,-3.4,255153392,2.0,0,0.0,0,0.0,106,4.9
"US000","1","621","15","0","2025","1","",458,40867,40797,40348,1212483514,0,0,2293,"",1.00,1.00,1.00,1.00,1.00,0.00,0.00,1.00,"",-7,-1.5,-384,-0.9,-615,-1.5,-1222,-2.9,39578356,3.4,0,0.0,0,0.0,114,5.2
"US000","1","6211","16","0","2025","1","",335,26822,26802,26424,823505006,0,0,2374,"",1.00,1.00,1.00,1.00,1.00,0.00,0.00,1.00,"",-3,-0.9,50,0.2,-43,-0.2,-560,-2.1,36541687,4.6,0,0.0,0,0.0,121,5.4
"US000","1","62111","17","0","2025","1","",335,26822,26802,26424,823505006,0,0,2374,"",1.00,1.00,1.00,1.00,1.00,0.00,0.00,1.00,"",-3,-0.9,50,0.2,-43,-0.2,-560,-2.1,36541687,4.6,0,0.0,0,0.0,121,5.4
"US000","1","621111","18","0","2025","1","",335,26822,26802,26424,823505006,0,0,2374,"",1.00,1.00,1.00,1.00,1.00,0.00,0.00,1.00,"",-3,-0.9,50,0.2,-43,-0.2,-560,-2.1,36541687,4.6,0,0.0,0,0.0,121,5.4
"US000","1","6213","16","0","2025","1","",6,89,88,90,2668435,0,0,2306,"",1.00,1.00,1.00,1.00,1.00,0.00,0.00,1.00,"",-1,-14.3,-31,-25.8,-39,-30.7,-37,-29.1,-996229,-27.2,0,0.0,0,0.0,45,2.0
"US000","1","62131","17","0","2025","1","",1,17,18,18,450185,0,0,1960,"",1.00,1.00,1.00,1.00,1.00,0.00,0.00,1.00,"",0,0.0,-2,-10.5,-3,-14.3,-1,-5.3,-21587,-4.6,0,0.0,0,0.0,115,6.2
"US000","1","621310","18","0","2025","1","",1,17,18,18,450185,0,0,1960,"",1.00,1.00,1.00,1.00,1.00,0.00,0.00,1.00,"",0,0.0,-2,-10.5,-3,-14.3,-1,-5.3,-21587,-4.6,0,0.0,0,0.0,115,6.2
"US000","1","62133","17","0","2025","1","",5,72,70,72,2218250,0,0,2392,"",1.00,1.00,1.00,1.00,1.00,0.00,0.00,1.00,"",-1,-16.7,-29,-28.7,-36,-34.0,-36,-33.3,-974642,-30.5,0,0.0,0,0.0,53,2.3
"US000","1","621330","18","0","2025","1","",5,72,70,72,2218250,0,0,2392,"",1.00,1.00,1.00,1.00,1.00,0.00,0.00,1.00,"",-1,-16.7,-29,-28.7,-36,-34.0,-36,-33.3,-974642,-30.5,0,0.0,0,0.0,53,2.3
"US000","1","6214","16","0","2025","1","",115,13705,13656,13585,378509347,0,0,2133,"",1.00,1.00,1.00,1.00,1.00,0.00,0.00,1.00,"",-3,-2.5,-404,-2.9,-533,-3.8,-624,-4.4,3520926,0.9,0,0.0,0,0.0,97,4.8
"US000","1","62142","17","0","2025","1","",3,171,169,165,4656281,0,0,2128,"",1.00,1.00,1.00,1.00,1.00,0.00,0.00,1.00,"",0,0.0,4,2.4,2,1.2,-5,-2.9,341049,7.9,0,0.0,0,0.0,152,7.7
"US000","1","621420","18","0","2025","1","",3,171,169,165,4656281,0,0,2128,"",1.00,1.00,1.00,1.00,1.00,0.00,0.00,1.00,"",0,0.0,4,2.4,2,1.2,-5,-2.9,341049,7.9,0,0.0,0,0.0,152,7.7
"US000","1","62149","17","0","2025","1","",112,13534,13487,13420,373853066,0,0,2133,"",1.00,1.00,1.00,1.00,1.00,0.00,0.00,1.00,"",-3,-2.6,-408,-2.9,-535,-3.8,-619,-4.4,3179877,0.9,0,0.0,0,0.0,96,4.7
"US000","1","621491","18","0","2025","1","",5,241,241,238,5593756,0,0,1793,"",1.00,1.00,1.00,1.00,1.00,0.00,0.00,1.00,"",0,0.0,-12,-4.7,-7,-2.8,-12,-4.8,-31070,-0.6,0,0.0,0,0.0,65,3.8
"US000","1","621493","18","0","2025","1","",48,4039,4031,3966,98124561,0,0,1881,"",1.00,1.00,1.00,1.00,1.00,0.00,0.00,1.00,"",-1,-2.0,-93,-2.3,-91,-2.2,-159,-3.9,-1617244,-1.6,0,0.0,0,0.0,22,1.2
"US000","1","621498","18","0","2025","1","",59,9254,9215,9216,270134749,0,0,2252,"",1.00,1.00,1.00,1.00,1.00,0.00,0.00,1.00,"",-2,-3.3,-303,-3.2,-437,-4.5,-448,-4.6,4828191,1.8,0,0.0,0,0.0,132,6.2
"US000","1","6215","16","0","2025","1","",2,251,251,249,7800726,0,0,2397,"",1.00,1.00,1.00,1.00,1.00,0.00,0.00,1.00,"",0,0.0,1,0.4,0,0.0,-1,-0.4,511972,7.0,0,0.0,0,0.0,157,7.0
"US000","1","62151","17","0","2025","1","",2,251,251,249,7800726,0,0,2397,"",1.00,1.00,1.00,1.00,1.00,0.00,0.00,1.00,"",0,0.0,1,0.4,0,0.0,-1,-0.4,511972,7.0,0,0.0,0,0.0,157,7.0
"US000","1","621511","18","0","2025","1","",2,251,251,249,7800726,0,0,2397,"",1.00,1.00,1.00,1.00,1.00,0.00,0.00,1.00,"",0,0.0,1,0.4,0,0.0,-1,-0.4,511972,7.0,0,0.0,0,0.0,157,7.0
"US000","1","622","15","0","2025","1","",446,376855,376000,373579,11410801043,0,0,2338,"",1.00,1.00,1.00,1.00,1.00,0.00,0.00,1.00,"",-4,-0.9,-9925,-2.6,-12278,-3.2,-14938,-3.8,208280444,1.9,0,0.0,0,0.0,116,5.2
"US000","1","6221","16","0","2025","1","",439,369659,368863,366459,11211977303,0,0,2342,"",1.00,1.00,1.00,1.00,1.00,0.00,0.00,1.00,"",-4,-0.9,-9823,-2.6,-12034,-3.2,-14662,-3.8,201533992,1.8,0,0.0,0,0.0,116,5.2
"US000","1","62211","17","0","2025","1","",439,369659,368863,366459,11211977303,0,0,2342,"",1.00,1.00,1.00,1.00,1.00,0.00,0.00,1.00,"",-4,-0.9,-9823,-2.6,-12034,-3.2,-14662,-3.8,201533992,1.8,0,0.0,0,0.0,116,5.2
"US000","1","622110","18","0","2025","1","",439,369659,368863,366459,11211977303,0,0,2342,"",1.00,1.00,1.00,1.00,1.00,0.00,0.00,1.00,"",-4,-0.9,-9823,-2.6,-12034,-3.2,-14662,-3.8,201533992,1.8,0,0.0,0,0.0,116,5.2
"US000","1","6222","16","0","2025","1","",4,6111,6059,6031,165637990,0,0,2100,"",1.00,1.00,1.00,1.00,1.00,0.00,0.00,1.00,"",0,0.0,-27,-0.4,-166,-2.7,-205,-3.3,6196967,3.9,0,0.0,0,0.0,122,6.2
"US000","1","62221","17","0","2025","1","",4,6111,6059,6031,165637990,0,0,2100,"",1.00,1.00,1.00,1.00,1.00,0.00,0.00,1.00,"",0,0.0,-27,-0.4,-166,-2.7,-205,-3.3,6196967,3.9,0,0.0,0,0.0,122,6.2
"US000","1","622210","18","0","2025","1","",4,6111,6059,6031,165637990,0,0,2100,"",1.00,1.00,1.00,1.00,1.00,0.00,0.00,1.00,"",0,0.0,-27,-0.4,-166,-2.7,-205,-3.3,6196967,3.9,0,0.0,0,0.0,122,6.2
"US000","1","6223","16","0","2025","1","",3,1085,1078,1089,33185750,0,0,2355,"",1.00,1.00,1.00,1.00,1.00,0.00,0.00,1.00,"",0,0.0,-75,-6.5,-78,-6.7,-71,-6.1,549485,1.7,0,0.0,0,0.0,188,8.7
"US000","1","62231","17","0","2025","1","",3,1085,1078,1089,33185750,0,0,2355,"",1.00,1.00,1.00,1.00,1.00,0.00,0.00,1.00,"",0,0.0,-75,-6.5,-78,-6.7,-71,-6.1,549485,1.7,0,0.0,0,0.0,188,8.7
"US000","1","622310","18","0","2025","1","",3,1085,1078,1089,33185750,0,0,2355,"",1.00,1.00,1.00,1.00,1.00,0.00,0.00,1.00,"",0,0.0,-75,-6.5,-78,-6.7,-71,-6.1,549485,1.7,0,0.0,0,0.0,188,8.7
"US000","1","623","15","0","2025","1","",9,1460,1446,1447,33897017,0,0,1797,"",1.00,1.00,1.00,1.00,1.00,0.00,0.00,1.00,"",1,12.5,70,5.0,33,2.3,47,3.4,3366441,11.0,0,0.0,0,0.0,121,7.2
"US000","1","6231","16","0","2025","1","",5,286,282,288,5563304,0,0,1500,"",1.00,1.00,1.00,1.00,1.00,0.00,0.00,1.00,"",1,25.0,40,16.3,32,12.8,41,16.6,975192,21.3,0,0.0,0,0.0,75,5.3
"US000","1","62311","17","0","2025","1","",5,286,282,288,5563304,0,0,1500,"",1.00,1.00,1.00,1.00,1.00,0.00,0.00,1.00,"",1,25.0,40,16.3,32,12.8,41,16.6,975192,21.3,0,0.0,0,0.0,75,5.3
"US000","1","623110","18","0","2025","1","",5,286,282,288,5563304,0,0,1500,"",1.00,1.00,1.00,1.00,1.00,0.00,0.00,1.00,"",1,25.0,40,16.3,32,12.8,41,16.6,975192,21.3,0,0.0,0,0.0,75,5.3
"US000","1","6233","16","0","2025","1","",4,1174,1164,1159,28333713,0,0,1870,"",1.00,1.00,1.00,1.00,1.00,0.00,0.00,1.00,"",0,0.0,30,2.6,1,0.1,6,0.5,2391249,9.2,0,0.0,0,0.0,140,8.1
"US000","1","62331","17","0","2025","1","",4,1174,1164,1159,28333713,0,0,1870,"",1.00,1.00,1.00,1.00,1.00,0.00,0.00,1.00,"",0,0.0,30,2.6,1,0.1,6,0.5,2391249,9.2,0,0.0,0,0.0,140,8.1
"US000","1","623311","18","0","2025","1","",3,1148,1139,1134,27950551,0,0,1885,"",1.00,1.00,1.00,1.00,1.00,0.00,0.00,1.00,"",0,0.0,28,2.5,1,0.1,6,0.5,2434485,9.5,0,0.0,0,0.0,146,8.4
"US000","1","623312","18","0","2025","1","",1,26,25,25,383162,0,0,1163,"",1.00,1.00,1.00,1.00,1.00,0.00,0.00,1.00,"",0,0.0,2,8.3,0,0.0,0,0.0,-43236,-10.1,0,0.0,0,0.0,-167,-12.6
"US000","1","624","15","0","2025","1","",347,16760,16720,16516,185838975,0,0,858,"",1.00,1.00,1.00,1.00,1.00,0.00,0.00,1.00,"",0,0.0,1042,6.6,959,6.1,776,4.9,3928151,2.2,0,0.0,0,0.0,-31,-3.5
"US000","1","6241","16","0","2025","1","",139,3116,3101,3072,38969755,0,0,968,"",1.00,1.00,1.00,1.00,1.00,0.00,0.00,1.00,"",-4,-2.8,689,28.4,706,29.5,675,28.2,6270917,19.2,0,0.0,0,0.0,-77,-7.4
"US000","1","62411","17","0","2025","1","",45,1513,1499,1495,15317775,0,0,784,"",1.00,1.00,1.00,1.00,1.00,0.00,0.00,1.00,"",-1,-2.2,617,68.9,626,71.7,606,68.2,6541085,74.5,0,0.0,0,0.0,22,2.9
"US000","1","624110","18","0","2025","1","",45,1513,1499,1495,15317775,0,0,784,"",1.00,1.00,1.00,1.00,1.00,0.00,0.00,1.00,"",-1,-2.2,617,68.9,626,71.7,606,68.2,6541085,74.5,0,0.0,0,0.0,22,2.9
"US000","1","62412","17","0","2025","1","",30,298,300,294,6929137,0,0,1793,"",1.00,1.00,1.00,1.00,1.00,0.00,0.00,1.00,"",-3,-9.1,0,0.0,7,2.4,0,0.0,-617819,-8.2,0,0.0,0,0.0,-175,-8.9
"US000","1","624120","18","0","2025","1","",30,298,300,294,6929137,0,0,1793,"",1.00,1.00,1.00,1.00,1.00,0.00,0.00,1.00,"",-3,-9.1,0,0.0,7,2.4,0,0.0,-617819,-8.2,0,0.0,0,0.0,-175,-8.9
"US000","1","62419","17","0","2025","1","",64,1305,1302,1283,16722843,0,0,992,"",1.00,1.00,1.00,1.00,1.00,0.00,0.00,1.00,"",0,0.0,72,5.8,73,5.9,69,5.7,347651,2.1,0,0.0,0,0.0,-36,-3.5
"US000","1","624190","18","0","2025","1","",64,1305,1302,1283,16722843,0,0,992,"",1.00,1.00,1.00,1.00,1.00,0.00,0.00,1.00,"",0,0.0,72,5.8,73,5.9,69,5.7,347651,2.1,0,0.0,0,0.0,-36,-3.5
"US000","1","6242","16","0","2025","1","",12,218,219,213,1663661,0,0,591,"",1.00,1.00,1.00,1.00,1.00,0.00,0.00,1.00,"",0,0.0,22,11.2,23,11.7,16,8.1,16428,1.0,0,0.0,0,0.0,-54,-8.4
"US000","1","62421","17","0","2025","1","",9,134,135,134,965763,0,0,553,"",1.00,1.00,1.00,1.00,1.00,0.00,0.00,1.00,"",0,0.0,12,9.8,11,8.9,12,9.8,-43395,-4.3,0,0.0,0,0.0,-80,-12.6
"US000","1","624210","18","0","2025","1","",9,134,135,134,965763,0,0,553,"",1.00,1.00,1.00,1.00,1.00,0.00,0.00,1.00,"",0,0.0,12,9.8,11,8.9,12,9.8,-43395,-4.3,0,0.0,0,0.0,-80,-12.6
"US000","1","62422","17","0","2025","1","",3,84,84,79,697898,0,0,652,"",1.00,1.00,1.00,1.00,1.00,0.00,0.00,1.00,"",0,0.0,10,13.5,12,16.7,4,5.3,59823,9.4,0,0.0,0,0.0,-14,-2.1
"US000","1","624221","18","0","2025","1","",3,84,84,79,697898,0,0,652,"",1.00,1.00,1.00,1.00,1.00,0.00,0.00,1.00,"",0,0.0,10,13.5,12,16.7,4,5.3,59823,9.4,0,0.0,0,0.0,-14,-2.1
"US000","1","6243","16","0","2025","1","",68,2381,2345,2342,48797759,0,0,1593,"",1.00,1.00,1.00,1.00,1.00,0.00,0.00,1.00,"",0,0.0,19,0.8,1,0.0,10,0.4,-172469,-0.4,0,0.0,0,0.0,-13,-0.8
"US000","1","62431","17","0","2025","1","",68,2381,2345,2342,48797759,0,0,1593,"",1.00,1.00,1.00,1.00,1.00,0.00,0.00,1.00,"",0,0.0,19,0.8,1,0.0,10,0.4,-172469,-0.4,0,0.0,0,0.0,-13,-0.8
"US000","1","624310","18","0","2025","1","",68,2381,2345,2342,48797759,0,0,1593,"",1.00,1.00,1.00,1.00,1.00,0.00,0.00,1.00,"",0,0.0,19,0.8,1,0.0,10,0.4,-172469,-0.4,0,0.0,0,0.0,-13,-0.8
"US000","1","6244","16","0","2025","1","",128,11045,11055,10889,96407800,0,0,674,"",1.00,1.00,1.00,1.00,1.00,0.00,0.00,1.00,"",4,3.2,312,2.9,229,2.1,75,0.7,-2186725,-2.2,0,0.0,0,0.0,-29,-4.1
"US000","1","62441","17","0","2025","1","",128,11045,11055,10889,96407800,0,0,674,"",1.00,1.00,1.00,1.00,1.00,0.00,0.00,1.00,"",4,3.2,312,2.9,229,2.1,75,0.7,-2186725,-2.2,0,0.0,0,0.0,-29,-4.1
"US000","1","624410","18","0","2025","1","",128,11045,11055,10889,96407800,0,0,674,"",1.00,1.00,1.00,1.00,1.00,0.00,0.00,1.00,"",4,3.2,312,2.9,229,2.1,75,0.7,-2186725,-2.2,0,0.0,0,0.0,-29,-4.1
"US000","1","71","14","0","2025","1","",1050,36961,37143,37267,640467678,0,0,1327,"",1.00,1.00,1.00,1.00,1.00,0.00,0.00,1.00,"",-1,-0.1,-48,-0.1,-390,-1.0,-600,-1.6,32485196,5.3,0,0.0,0,0.0,79,6.3
"US000","1","711","15","0","2025","1","",8,1077,1349,1014,23762707,0,0,1594,"",1.00,1.00,1.00,1.00,1.00,0.00,0.00,1.00,"",-1,-11.1,-289,-21.2,-15,-1.1,-353,-25.8,-1269441,-5.1,0,0.0,0,0.0,184,13.0
"US000","1","7111","16","0","2025","1","",5,1016,1291,952,22134426,0,0,1567,"",1.00,1.00,1.00,1.00,1.00,0.00,0.00,1.00,"",-1,-16.7,-291,-22.3,-14,-1.1,-355,-27.2,-1381504,-5.9,0,0.0,0,0.0,182,13.1
"US000","1","71111","17","0","2025","1","",5,1016,1291,952,22134426,0,0,1567,"",1.00,1.00,1.00,1.00,1.00,0.00,0.00,1.00,"",-1,-16.7,-291,-22.3,-14,-1.1,-355,-27.2,-1381504,-5.9,0,0.0,0,0.0,182,13.1
"US000","1","711110","18","0","2025","1","",5,1016,1291,952,22134426,0,0,1567,"",1.00,1.00,1.00,1.00,1.00,0.00,0.00,1.00,"",-1,-16.7,-291,-22.3,-14,-1.1,-355,-27.2,-1381504,-5.9,0,0.0,0,0.0,182,13.1
"US000","1","7112","16","0","2025","1","",1,0,0,0,0,0,0,0,"",1.00,0.00,0.00,0.00,0.00,0.00,0.00,0.00,"",0,0.0,0,0.0,0,0.0,0,0.0,0,0.0,0,0.0,0,0.0,0,0.0
"US000","1","71121","17","0","2025","1","",1,0,0,0,0,0,0,0,"",1.00,0.00,0.00,0.00,0.00,0.00,0.00,0.00,"",0,0.0,0,0.0,0,0.0,0,0.0,0,0.0,0,0.0,0,0.0,0,0.0
"US000","1","711219","18","0","2025","1","",1,0,0,0,0,0,0,0,"",1.00,0.00,0.00,0.00,0.00,0.00,0.00,0.00,"",0,0.0,0,0.0,0,0.0,0,0.0,0,0.0,0,0.0,0,0.0,0,0.0
"US000","1","7113","16","0","2025","1","",2,61,58,62,1628281,0,0,2076,"",1.00,1.00,1.00,1.00,1.00,0.00,0.00,1.00,"",0,0.0,2,3.4,-1,-1.7,2,3.3,112063,7.4,0,0.0,0,0.0,110,5.6
"US000","1","71131","17","0","2025","1","",1,53,50,54,1524419,0,0,2241,"",1.00,1.00,1.00,1.00,1.00,0.00,0.00,1.00,"",0,0.0,0,0.0,-3,-5.7,0,0.0,85744,6.0,0,0.0,0,0.0,166,8.0
"US000","1","711310","18","0","2025","1","",1,53,50,54,1524419,0,0,2241,"",1.00,1.00,1.00,1.00,1.00,0.00,0.00,1.00,"",0,0.0,0,0.0,-3,-5.7,0,0.0,85744,6.0,0,0.0,0,0.0,166,8.0
"US000","1","71132","17","0","2025","1","",1,8,8,8,103862,0,0,999,"",1.00,1.00,1.00,1.00,1.00,0.00,0.00,1.00,"",0,0.0,2,33.3,2,33.3,2,33.3,26319,33.9,0,0.0,0,0.0,5,0.5
"US000","1","711320","18","0","2025","1","",1,8,8,8,103862,0,0,999,"",1.00,1.00,1.00,1.00,1.00,0.00,0.00,1.00,"",0,0.0,2,33.3,2,33.3,2,33.3,26319,33.9,0,0.0,0,0.0,5,0.5
"US000","1","712","15","0","2025","1","",503,21187,20961,21332,483670736,0,0,1758,"",1.00,1.00,1.00,1.00,1.00,0.00,0.00,1.00,"",8,1.6,303,1.5,-181,-0.9,-48,-0.2,39507746,8.9,0,0.0,0,0.0,141,8.7
"US000","1","7121","16","0","2025","1","",503,21187,20961,21332,483670736,0,0,1758,"",1.00,1.00,1.00,1.00,1.00,0.00,0.00,1.00,"",8,1.6,303,1.5,-181,-0.9,-48,-0.2,39507746,8.9,0,0.0,0,0.0,141,8.7
"US000","1","71211","17","0","2025","1","",51,6064,6036,6058,175219006,0,0,2227,"",1.00,1.00,1.00,1.00,1.00,0.00,0.00,1.00,"",5,10.9,188,3.2,122,2.1,150,2.5,28916946,19.8,0,0.0,0,0.0,319,16.7
"US000","1","712110","18","0","2025","1","",51,6064,6036,6058,175219006,0,0,2227,"",1.00,1.00,1.00,1.00,1.00,0.00,0.00,1.00,"",5,10.9,188,3.2,122,2.1,150,2.5,28916946,19.8,0,0.0,0,0.0,319,16.7
"US000","1","71212","17","0","2025","1","",28,486,476,484,10718769,0,0,1711,"",1.00,1.00,1.00,1.00,1.00,0.00,0.00,1.00,"",2,7.7,-26,-5.1,-42,-8.1,-32,-6.2,-18735,-0.2,0,0.0,0,0.0,108,6.7
"US000","1","712120","18","0","2025","1","",28,486,476,484,10718769,0,0,1711,"",1.00,1.00,1.00,1.00,1.00,0.00,0.00,1.00,"",2,7.7,-26,-5.1,-42,-8.1,-32,-6.2,-18735,-0.2,0,0.0,0,0.0,108,6.7
"US000","1","71219","17","0","2025","1","",424,14637,14449,14790,297732961,0,0,1566,"",1.00,1.00,1.00,1.00,1.00,0.00,0.00,1.00,"",1,0.2,141,1.0,-261,-1.8,-166,-1.1,10609535,3.7,0,0.0,0,0.0,66,4.4
"US000","1","712190","18","0","2025","1","",424,14637,14449,14790,297732961,0,0,1566,"",1.00,1.00,1.00,1.00,1.00,0.00,0.00,1.00,"",1,0.2,141,1.0,-261,-1.8,-166,-1.1,10609535,3.7,0,0.0,0,0.0,66,4.4
"US000","1","713","15","0","2025","1","",539,14697,14833,14921,133034235,0,0,691,"",1.00,1.00,1.00,1.00,1.00,0.00,0.00,1.00,"",-8,-1.5,-62,-0.4,-194,-1.3,-199,-1.3,-5753109,-4.1,0,0.0,0,0.0,-22,-3.1
"US000","1","7131","16","0","2025","1","",1,5,5,5,81432,0,0,1253,"",1.00,1.00,1.00,1.00,1.00,0.00,0.00,1.00,"",0,0.0,0,0.0,0,0.0,0,0.0,-7640,-8.6,0,0.0,0,0.0,-117,-8.5
"US000","1","71312","17","0","2025","1","",1,5,5,5,81432,0,0,1253,"",1.00,1.00,1.00,1.00,1.00,0.00,0.00,1.00,"",0,0.0,0,0.0,0,0.0,0,0.0,-7640,-8.6,0,0.0,0,0.0,-117,-8.5
"US000","1","713120","18","0","2025","1","",1,5,5,5,81432,0,0,1253,"",1.00,1.00,1.00,1.00,1.00,0.00,0.00,1.00,"",0,0.0,0,0.0,0,0.0,0,0.0,-7640,-8.6,0,0.0,0,0.0,-117,-8.5
"US000","1","7132","16","0","2025","1","",6,144,143,140,1460187,0,0,789,"",1.00,1.00,1.00,1.00,1.00,0.00,0.00,1.00,"",0,0.0,15,11.6,9,6.7,9,6.9,121992,9.1,0,0.0,0,0.0,5,0.6
"US000","1","71329","17","0","2025","1","",6,144,143,140,1460187,0,0,789,"",1.00,1.00,1.00,1.00,1.00,0.00,0.00,1.00,"",0,0.0,15,11.6,9,6.7,9,6.9,121992,9.1,0,0.0,0,0.0,5,0.6
"US000","1","713290","18","0","2025","1","",6,144,143,140,1460187,0,0,789,"",1.00,1.00,1.00,1.00,1.00,0.00,0.00,1.00,"",0,0.0,15,11.6,9,6.7,9,6.9,121992,9.1,0,0.0,0,0.0,5,0.6
"US000","1","7139","16","0","2025","1","",532,14548,14685,14776,131492616,0,0,690,"",1.00,1.00,1.00,1.00,1.00,0.00,0.00,1.00,"",-8,-1.5,-77,-0.5,-203,-1.4,-208,-1.4,-5867461,-4.3,0,0.0,0,0.0,-22,-3.1
"US000","1","71391","17","0","2025","1","",71,1317,1374,1469,11112778,0,0,616,"",1.00,1.00,1.00,1.00,1.00,0.00,0.00,1.00,"",-1,-1.4,-24,-1.8,-12,-0.9,20,1.4,-530961,-4.6,0,0.0,0,0.0,-27,-4.2
"US000","1","713910","18","0","2025","1","",71,1317,1374,1469,11112778,0,0,616,"",1.00,1.00,1.00,1.00,1.00,0.00,0.00,1.00,"",-1,-1.4,-24,-1.8,-12,-0.9,20,1.4,-530961,-4.6,0,0.0,0,0.0,-27,-4.2
"US000","1","71393","17","0","2025","1","",10,27,27,26,254521,0,0,734,"",1.00,1.00,1.00,1.00,1.00,0.00,0.00,1.00,"",-1,-9.1,-4,-12.9,-4,-12.9,-5,-16.1,-23399,-8.4,0,0.0,0,0.0,44,6.4
"US000","1","713930","18","0","2025","1","",10,27,27,26,254521,0,0,734,"",1.00,1.00,1.00,1.00,1.00,0.00,0.00,1.00,"",-1,-9.1,-4,-12.9,-4,-12.9,-5,-16.1,-23399,-8.4,0,0.0,0,0.0,44,6.4
"US000","1","71394","17","0","2025","1","",161,5850,5863,5855,56562654,0,0,743,"",1.00,1.00,1.00,1.00,1.00,0.00,0.00,1.00,"",-2,-1.2,-30,-0.5,-114,-1.9,-156,-2.6,-122721,-0.2,0,0.0,0,0.0,11,1.5
"US000","1","713940","18","0","2025","1","",161,5850,5863,5855,56562654,0,0,743,"",1.00,1.00,1.00,1.00,1.00,0.00,0.00,1.00,"",-2,-1.2,-30,-0.5,-114,-1.9,-156,-2.6,-122721,-0.2,0,0.0,0,0.0,11,1.5
"US000","1","71395","17","0","2025","1","",93,1170,1174,1164,8201208,0,0,540,"",1.00,1.00,1.00,1.00,1.00,0.00,0.00,1.00,"",-2,-2.1,64,5.8,48,4.3,52,4.7,148272,1.8,0,0.0,0,0.0,-16,-2.9
"US000","1","713950","18","0","2025","1","",93,1170,1174,1164,8201208,0,0,540,"",1.00,1.00,1.00,1.00,1.00,0.00,0.00,1.00,"",-2,-2.1,64,5.8,48,4.3,52,4.7,148272,1.8,0,0.0,0,0.0,-16,-2.9
"US000","1","71399","17","0","2025","1","",197,6184,6247,6262,55361455,0,0,683,"",1.00,1.00,1.00,1.00,1.00,0.00,0.00,1.00,"",-2,-1.0,-83,-1.3,-121,-1.9,-119,-1.9,-5338652,-8.8,0,0.0,0,0.0,-54,-7.3
"US000","1","713990","18","0","2025","1","",197,6184,6247,6262,55361455,0,0,683,"",1.00,1.00,1.00,1.00,1.00,0.00,0.00,1.00,"",-2,-1.0,-83,-1.3,-121,-1.9,-119,-1.9,-5338652,-8.8,0,0.0,0,0.0,-54,-7.3
"US000","1","72","14","0","2025","1","",375,8198,8302,8289,73033120,0,0,680,"",1.00,1.00,1.00,1.00,1.00,0.00,0.00,1.00,"",-14,-3.6,286,3.6,248,3.1,203,2.5,257286,0.4,0,0.0,0,0.0,-18,-2.6
"US000","1","721","15","0","2025","1","",198,4984,4990,4985,49148320,0,0,758,"",1.00,1.00,1.00,1.00,1.00,0.00,0.00,1.00,"",-6,-2.9,294,6.3,291,6.2,277,5.9,1990773,4.2,0,0.0,0,0.0,-14,-1.8
"US000","1","7211","16","0","2025","1","",115,3335,3318,3298,34770496,0,0,806,"",1.00,1.00,1.00,1.00,1.00,0.00,0.00,1.00,"",-9,-7.3,139,4.3,134,4.2,116,3.6,991882,2.9,0,0.0,0,0.0,-9,-1.1
"US000","1","72111","17","0","2025","1","",42,1303,1301,1292,17661336,0,0,1046,"",1.00,1.00,1.00,1.00,1.00,0.00,0.00,1.00,"",2,5.0,43,3.4,53,4.2,41,3.3,-312793,-1.7,0,0.0,0,0.0,-57,-5.2
"US000","1","721110","18","0","2025","1","",42,1303,1301,1292,17661336,0,0,1046,"",1.00,1.00,1.00,1.00,1.00,0.00,0.00,1.00,"",2,5.0,43,3.4,53,4.2,41,3.3,-312793,-1.7,0,0.0,0,0.0,-57,-5.2
"US000","1","72119","17","0","2025","1","",73,2032,2017,2006,17109160,0,0,652,"",1.00,1.00,1.00,1.00,1.00,0.00,0.00,1.00,"",-11,-13.1,96,5.0,81,4.2,75,3.9,1304675,8.3,0,0.0,0,0.0,23,3.7
"US000","1","721199","18","0","2025","1","",73,2032,2017,2006,17109160,0,0,652,"",1.00,1.00,1.00,1.00,1.00,0.00,0.00,1.00,"",-11,-13.1,96,5.0,81,4.2,75,3.9,1304675,8.3,0,0.0,0,0.0,23,3.7
"US000","1","7212","16","0","2025","1","",61,208,211,203,1685668,0,0,625,"",1.00,1.00,1.00,1.00,1.00,0.00,0.00,1.00,"",0,0.0,-4,-1.9,-4,-1.9,-10,-4.7,-38350,-2.2,0,0.0,0,0.0,3,0.5
"US000","1","72121","17","0","2025","1","",61,208,211,203,1685668,0,0,625,"",1.00,1.00,1.00,1.00,1.00,0.00,0.00,1.00,"",0,0.0,-4,-1.9,-4,-1.9,-10,-4.7,-38350,-2.2,0,0.0,0,0.0,3,0.5
"US000","1","721211","18","0","2025","1","",61,208,211,203,1685668,0,0,625,"",1.00,1.00,1.00,1.00,1.00,0.00,0.00,1.00,"",0,0.0,-4,-1.9,-4,-1.9,-10,-4.7,-38350,-2.2,0,0.0,0,0.0,3,0.5
"US000","1","7213","16","0","2025","1","",22,1441,1461,1484,12692156,0,0,668,"",1.00,1.00,1.00,1.00,1.00,0.00,0.00,1.00,"",3,15.8,159,12.4,161,12.4,171,13.0,1037241,8.9,0,0.0,0,0.0,-23,-3.3
"US000","1","72131","17","0","2025","1","",22,1441,1461,1484,12692156,0,0,668,"",1.00,1.00,1.00,1.00,1.00,0.00,0.00,1.00,"",3,15.8,159,12.4,161,12.4,171,13.0,1037241,8.9,0,0.0,0,0.0,-23,-3.3
"US000","1","721310","18","0","2025","1","",22,1441,1461,1484,12692156,0,0,668,"",1.00,1.00,1.00,1.00,1.00,0.00,0.00,1.00,"",3,15.8,159,12.4,161,12.4,171,13.0,1037241,8.9,0,0.0,0,0.0,-23,-3.3
"US000","1","722","15","0","2025","1","",177,3214,3312,3304,23884800,0,0,561,"",1.00,1.00,1.00,1.00,1.00,0.00,0.00,1.00,"",-8,-4.3,-8,-0.2,-43,-1.3,-74,-2.2,-1733487,-6.8,0,0.0,0,0.0,-33,-5.6
"US000","1","7223","16","0","2025","1","",8,454,449,450,4395016,0,0,750,"",1.00,1.00,1.00,1.00,1.00,0.00,0.00,1.00,"",0,0.0,14,3.2,-1,-0.2,-1,-0.2,-568838,-11.5,0,0.0,0,0.0,-104,-12.2
"US000","1","72231","17","0","2025","1","",6,444,441,442,4324075,0,0,752,"",1.00,1.00,1.00,1.00,1.00,0.00,0.00,1.00,"",0,0.0,14,3.3,1,0.2,1,0.2,-551612,-11.3,0,0.0,0,0.0,-106,-12.4
"US000","1","722310","18","0","2025","1","",6,444,441,442,4324075,0,0,752,"",1.00,1.00,1.00,1.00,1.00,0.00,0.00,1.00,"",0,0.0,14,3.3,1,0.2,1,0.2,-551612,-11.3,0,0.0,0,0.0,-106,-12.4
"US000","1","72233","17","0","2025","1","",2,10,8,8,70941,0,0,630,"",1.00,1.00,1.00,1.00,1.00,0.00,0.00,1.00,"",0,0.0,0,0.0,-2,-20.0,-2,-20.0,-17226,-19.5,0,0.0,0,0.0,-48,-7.1
"US000","1","722330","18","0","2025","1","",2,10,8,8,70941,0,0,630,"",1.00,1.00,1.00,1.00,1.00,0.00,0.00,1.00,"",0,0.0,0,0.0,-2,-20.0,-2,-20.0,-17226,-19.5,0,0.0,0,0.0,-48,-7.1
"US000","1","7224","16","0","2025","1","",7,22,20,22,146599,0,0,529,"",1.00,1.00,1.00,1.00,1.00,0.00,0.00,1.00,"",0,0.0,1,4.8,1,5.3,3,15.8,-28125,-16.1,0,0.0,0,0.0,-154,-22.5
"US000","1","72241","17","0","2025","1","",7,22,20,22,146599,0,0,529,"",1.00,1.00,1.00,1.00,1.00,0.00,0.00,1.00,"",0,0.0,1,4.8,1,5.3,3,15.8,-28125,-16.1,0,0.0,0,0.0,-154,-22.5
"US000","1","722410","18","0","2025","1","",7,22,20,22,146599,0,0,529,"",1.00,1.00,1.00,1.00,1.00,0.00,0.00,1.00,"",0,0.0,1,4.8,1,5.3,3,15.8,-28125,-16.1,0,0.0,0,0.0,-154,-22.5
"US000","1","7225","16","0","2025","1","",162,2738,2843,2832,19343185,0,0,531,"",1.00,1.00,1.00,1.00,1.00,0.00,0.00,1.00,"",-8,-4.7,-23,-0.8,-43,-1.5,-76,-2.6,-1136524,-5.5,0,0.0,0,0.0,-21,-3.8
"US000","1","72251","17","0","2025","1","",162,2738,2843,2832,19343185,0,0,531,"",1.00,1.00,1.00,1.00,1.00,0.00,0.00,1.00,"",-8,-4.7,-23,-0.8,-43,-1.5,-76,-2.6,-1136524,-5.5,0,0.0,0,0.0,-21,-3.8
"US000","1","722511","18","0","2025","1","",103,1996,2088,2081,14032344,0,0,525,"",1.00,1.00,1.00,1.00,1.00,0.00,0.00,1.00,"",-6,-5.5,-11,-0.5,-24,-1.1,-55,-2.6,-874389,-5.9,0,0.0,0,0.0,-25,-4.5
"US000","1","722513","18","0","2025","1","",13,153,155,158,1259606,0,0,624,"",1.00,1.00,1.00,1.00,1.00,0.00,0.00,1.00,"",-1,-7.1,9,6.2,4,2.6,5,3.3,-147602,-10.5,0,0.0,0,0.0,-101,-13.9
"US000","1","722514","18","0","2025","1","",6,385,395,392,2680097,0,0,528,"",1.00,1.00,1.00,1.00,1.00,0.00,0.00,1.00,"",0,0.0,-12,-3.0,-15,-3.7,-18,-4.4,108304,4.2,0,0.0,0,0.0,40,8.2
"US000","1","722515","18","0","2025","1","",40,204,205,201,1371138,0,0,519,"",1.00,1.00,1.00,1.00,1.00,0.00,0.00,1.00,"",-1,-2.4,-9,-4.2,-8,-3.8,-8,-3.8,-222837,-14.0,0,0.0,0,0.0,-60,-10.4
"US000","1","81","14","0","2025","1","",166,5042,5033,4982,86855965,0,0,1331,"",1.00,1.00,1.00,1.00,1.00,0.00,0.00,1.00,"",0,0.0,67,1.3,57,1.1,23,0.5,1331407,1.6,0,0.0,0,0.0,7,0.5
"US000","1","811","15","0","2025","1","",41,690,693,690,20811542,0,0,2317,"",1.00,1.00,1.00,1.00,1.00,0.00,0.00,1.00,"",-3,-6.8,36,5.5,34,5.2,31,4.7,-103144,-0.5,0,0.0,0,0.0,-130,-5.3
"US000","1","8111","16","0","2025","1","",40,109,105,101,1184139,0,0,868,"",1.00,1.00,1.00,1.00,1.00,0.00,0.00,1.00,"",-2,-4.8,1,0.9,0,0.0,-5,-4.7,21870,1.9,0,0.0,0,0.0,27,3.2
"US000","1","81111","17","0","2025","1","",7,65,62,58,712173,0,0,888,"",1.00,1.00,1.00,1.00,1.00,0.00,0.00,1.00,"",0,0.0,0,0.0,-1,-1.6,-5,-7.9,-1572,-0.2,0,0.0,0,0.0,26,3.0
"US000","1","811111","18","0","2025","1","",7,65,62,58,712173,0,0,888,"",1.00,1.00,1.00,1.00,1.00,0.00,0.00,1.00,"",0,0.0,0,0.0,-1,-1.6,-5,-7.9,-1572,-0.2,0,0.0,0,0.0,26,3.0
"US000","1","81112","17","0","2025","1","",28,40,39,39,438339,0,0,857,"",1.00,1.00,1.00,1.00,1.00,0.00,0.00,1.00,"",-2,-6.7,2,5.3,2,5.4,1,2.6,23753,5.7,0,0.0,0,0.0,10,1.2
"US000","1","811121","18","0","2025","1","",28,40,39,39,438339,0,0,857,"",1.00,1.00,1.00,1.00,1.00,0.00,0.00,1.00,"",-2,-6.7,2,5.3,2,5.4,1,2.6,23753,5.7,0,0.0,0,0.0,10,1.2
"US000","1","81119","17","0","2025","1","",5,4,4,4,33627,0,0,647,"",1.00,1.00,1.00,1.00,1.00,0.00,0.00,1.00,"",0,0.0,-1,-20.0,-1,-20.0,-1,-20.0,-311,-0.9,0,0.0,0,0.0,125,23.9
"US000","1","811192","18","0","2025","1","",5,4,4,4,33627,0,0,647,"",1.00,1.00,1.00,1.00,1.00,0.00,0.00,1.00,"",0,0.0,-1,-20.0,-1,-20.0,-1,-20.0,-311,-0.9,0,0.0,0,0.0,125,23.9
"US000","1","8113","16","0","2025","1","",1,581,588,589,19627403,0,0,2576,"",1.00,1.00,1.00,1.00,1.00,0.00,0.00,1.00,"",0,0.0,36,6.6,35,6.3,36,6.5,-111503,-0.6,0,0.0,0,0.0,-183,-6.6
"US000","1","81131","17","0","2025","1","",1,581,588,589,19627403,0,0,2576,"",1.00,1.00,1.00,1.00,1.00,0.00,0.00,1.00,"",0,0.0,36,6.6,35,6.3,36,6.5,-111503,-0.6,0,0.0,0,0.0,-183,-6.6
"US000","1","811310","18","0","2025","1","",1,581,588,589,19627403,0,0,2576,"",1.00,1.00,1.00,1.00,1.00,0.00,0.00,1.00,"",0,0.0,36,6.6,35,6.3,36,6.5,-111503,-0.6,0,0.0,0,0.0,-183,-6.6
"US000","1","812","15","0","2025","1","",79,1636,1632,1617,31329771,0,0,1480,"",1.00,1.00,1.00,1.00,1.00,0.00,0.00,1.00,"",-3,-3.7,48,3.0,46,2.9,44,2.8,1179547,3.9,0,0.0,0,0.0,14,1.0
"US000","1","8121","16","0","2025","1","",3,19,19,17,175756,0,0,737,"",1.00,1.00,1.00,1.00,1.00,0.00,0.00,1.00,"",0,0.0,1,5.6,3,18.8,1,6.2,17848,11.3,0,0.0,0,0.0,8,1.1
"US000","1","81211","17","0","2025","1","",3,19,19,17,175756,0,0,737,"",1.00,1.00,1.00,1.00,1.00,0.00,0.00,1.00,"",0,0.0,1,5.6,3,18.8,1,6.2,17848,11.3,0,0.0,0,0.0,8,1.1
"US000","1","812111","18","0","2025","1","",2,4,4,4,21285,0,0,409,"",1.00,1.00,1.00,1.00,1.00,0.00,0.00,1.00,"",0,0.0,0,0.0,0,0.0,0,0.0,-4485,-17.4,0,0.0,0,0.0,-87,-17.5
"US000","1","812112","18","0","2025","1","",1,15,15,13,154471,0,0,829,"",1.00,1.00,1.00,1.00,1.00,0.00,0.00,1.00,"",0,0.0,1,7.1,3,25.0,1,8.3,22333,16.9,0,0.0,0,0.0,27,3.4
"US000","1","8122","16","0","2025","1","",72,1614,1610,1597,31135657,0,0,1490,"",1.00,1.00,1.00,1.00,1.00,0.00,0.00,1.00,"",-2,-2.7,49,3.1,44,2.8,44,2.8,1172776,3.9,0,0.0,0,0.0,14,0.9
"US000","1","81222","17","0","2025","1","",72,1614,1610,1597,31135657,0,0,1490,"",1.00,1.00,1.00,1.00,1.00,0.00,0.00,1.00,"",-2,-2.7,49,3.1,44,2.8,44,2.8,1172776,3.9,0,0.0,0,0.0,14,0.9
"US000","1","812220","18","0","2025","1","",72,1614,1610,1597,31135657,0,0,1490,"",1.00,1.00,1.00,1.00,1.00,0.00,0.00,1.00,"",-2,-2.7,49,3.1,44,2.8,44,2.8,1172776,3.9,0,0.0,0,0.0,14,0.9
"US000","1","8123","16","0","2025","1","",4,3,3,3,18358,0,0,471,"",1.00,1.00,1.00,1.00,1.00,0.00,0.00,1.00,"",0,0.0,-2,-40.0,-1,-25.0,-1,-25.0,-11077,-37.6,0,0.0,0,0.0,-52,-9.9
"US000","1","81231","17","0","2025","1","",4,3,3,3,18358,0,0,471,"",1.00,1.00,1.00,1.00,1.00,0.00,0.00,1.00,"",0,0.0,-2,-40.0,-1,-25.0,-1,-25.0,-11077,-37.6,0,0.0,0,0.0,-52,-9.9
"US000","1","812310","18","0","2025","1","",4,3,3,3,18358,0,0,471,"",1.00,1.00,1.00,1.00,1.00,0.00,0.00,1.00,"",0,0.0,-2,-40.0,-1,-25.0,-1,-25.0,-11077,-37.6,0,0.0,0,0.0,-52,-9.9
"US000","1","813","15","0","2025","1","",46,2716,2708,2675,34714652,0,0,989,"",1.00,1.00,1.00,1.00,1.00,0.00,0.00,1.00,"",6,15.0,-17,-0.6,-23,-0.8,-52,-1.9,255004,0.7,0,0.0,0,0.0,18,1.9
"US000","1","8131","16","0","2025","1","",1,1,1,1,4622,0,0,356,"",1.00,1.00,1.00,1.00,1.00,0.00,0.00,1.00,"",0,0.0,0,0.0,0,0.0,0,0.0,114,2.5,0,0.0,0,0.0,9,2.6
"US000","1","81311","17","0","2025","1","",1,1,1,1,4622,0,0,356,"",1.00,1.00,1.00,1.00,1.00,0.00,0.00,1.00,"",0,0.0,0,0.0,0,0.0,0,0.0,114,2.5,0,0.0,0,0.0,9,2.6
"US000","1","813110","18","0","2025","1","",1,1,1,1,4622,0,0,356,"",1.00,1.00,1.00,1.00,1.00,0.00,0.00,1.00,"",0,0.0,0,0.0,0,0.0,0,0.0,114,2.5,0,0.0,0,0.0,9,2.6
"US000","1","8132","16","0","2025","1","",26,1369,1364,1354,18355841,0,0,1036,"",1.00,1.00,1.00,1.00,1.00,0.00,0.00,1.00,"",3,13.0,6,0.4,0,0.0,-9,-0.7,-130964,-0.7,0,0.0,0,0.0,-7,-0.7
"US000","1","81321","17","0","2025","1","",26,1369,1364,1354,18355841,0,0,1036,"",1.00,1.00,1.00,1.00,1.00,0.00,0.00,1.00,"",3,13.0,6,0.4,0,0.0,-9,-0.7,-130964,-0.7,0,0.0,0,0.0,-7,-0.7
"US000","1","813211","18","0","2025","1","",20,72,73,69,2085726,0,0,2249,"",1.00,1.00,1.00,1.00,1.00,0.00,0.00,1.00,"",3,17.6,2,2.9,0,0.0,-5,-6.8,-59137,-2.8,0,0.0,0,0.0,-32,-1.4
"US000","1","813212","18","0","2025","1","",6,1297,1291,1285,16270115,0,0,969,"",1.00,1.00,1.00,1.00,1.00,0.00,0.00,1.00,"",0,0.0,4,0.3,0,0.0,-4,-0.3,-71827,-0.4,0,0.0,0,0.0,-5,-0.5
"US000","1","8133","16","0","2025","1","",10,425,425,425,5962952,0,0,1079,"",1.00,1.00,1.00,1.00,1.00,0.00,0.00,1.00,"",2,25.0,8,1.9,13,3.2,9,2.2,333700,5.9,0,0.0,0,0.0,36,3.5
"US000","1","81331","17","0","2025","1","",10,425,425,425,5962952,0,0,1079,"",1.00,1.00,1.00,1.00,1.00,0.00,0.00,1.00,"",2,25.0,8,1.9,13,3.2,9,2.2,333700,5.9,0,0.0,0,0.0,36,3.5
"US000","1","813311","18","0","2025","1","",7,161,161,161,3416052,0,0,1632,"",1.00,1.00,1.00,1.00,1.00,0.00,0.00,1.00,"",1,16.7,8,5.2,13,8.8,9,5.9,268700,8.5,0,0.0,0,0.0,29,1.8
"US000","1","813312","18","0","2025","1","",3,264,264,264,2546900,0,0,742,"",1.00,1.00,1.00,1.00,1.00,0.00,0.00,1.00,"",1,50.0,0,0.0,0,0.0,0,0.0,65000,2.6,0,0.0,0,0.0,19,2.6
"US000","1","8134","16","0","2025","1","",8,917,914,891,10271786,0,0,871,"",1.00,1.00,1.00,1.00,1.00,0.00,0.00,1.00,"",1,14.3,-31,-3.3,-36,-3.8,-52,-5.5,45125,0.4,0,0.0,0,0.0,40,4.8
"US000","1","81341","17","0","2025","1","",8,917,914,891,10271786,0,0,871,"",1.00,1.00,1.00,1.00,1.00,0.00,0.00,1.00,"",1,14.3,-31,-3.3,-36,-3.8,-52,-5.5,45125,0.4,0,0.0,0,0.0,40,4.8
"US000","1","813410","18","0","2025","1","",8,917,914,891,10271786,0,0,871,"",1.00,1.00,1.00,1.00,1.00,0.00,0.00,1.00,"",1,14.3,-31,-3.3,-36,-3.8,-52,-5.5,45125,0.4,0,0.0,0,0.0,40,4.8
"US000","1","8139","16","0","2025","1","",1,4,4,4,119451,0,0,2297,"",1.00,1.00,1.00,1.00,1.00,0.00,0.00,1.00,"",0,0.0,0,0.0,0,0.0,0,0.0,7029,6.3,0,0.0,0,0.0,135,6.2
"US000","1","81399","17","0","2025","1","",1,4,4,4,119451,0,0,2297,"",1.00,1.00,1.00,1.00,1.00,0.00,0.00,1.00,"",0,0.0,0,0.0,0,0.0,0,0.0,7029,6.3,0,0.0,0,0.0,135,6.2
"US000","1","813990","18","0","2025","1","",1,4,4,4,119451,0,0,2297,"",1.00,1.00,1.00,1.00,1.00,0.00,0.00,1.00,"",0,0.0,0,0.0,0,0.0,0,0.0,7029,6.3,0,0.0,0,0.0,135,6.2
"US000","1","92","14","0","2025","1","",24667,1690839,1685615,1679174,50537745491,0,0,2307,"",1.00,1.00,1.00,1.00,1.00,0.00,0.00,1.00,"",-111,-0.4,46107,2.8,33007,2.0,21260,1.3,4992682171,11.0,0,0.0,0,0.0,186,8.8
"US000","1","921","15","0","2025","1","",1825,167948,168780,168664,4659835736,0,0,2128,"",1.00,1.00,1.00,1.00,1.00,0.00,0.00,1.00,"",71,4.0,9690,6.1,7863,4.9,6966,4.3,735915039,18.8,0,0.0,0,0.0,245,13.0
"US000","1","9211","16","0","2025","1","",1825,167948,168780,168664,4659835736,0,0,2128,"",1.00,1.00,1.00,1.00,1.00,0.00,0.00,1.00,"",71,4.0,9690,6.1,7863,4.9,6966,4.3,735915039,18.8,0,0.0,0,0.0,245,13.0
"US000","1","92111","17","0","2025","1","",10,931,828,875,22707397,0,0,1989,"",1.00,1.00,1.00,1.00,1.00,0.00,0.00,1.00,"",-1,-9.1,12,1.3,-98,-10.6,-46,-5.0,-1113295,-4.7,0,0.0,0,0.0,2,0.1
"US000","1","921110","18","0","2025","1","",10,931,828,875,22707397,0,0,1989,"",1.00,1.00,1.00,1.00,1.00,0.00,0.00,1.00,"",-1,-9.1,12,1.3,-98,-10.6,-46,-5.0,-1113295,-4.7,0,0.0,0,0.0,2,0.1
"US000","1","92112","17","0","2025","1","",5,18971,19648,19617,452066361,0,0,1791,"",1.00,1.00,1.00,1.00,1.00,0.00,0.00,1.00,"",0,0.0,-684,-3.5,-265,-1.3,-196,-1.0,23337963,5.4,0,0.0,0,0.0,125,7.5
"US000","1","921120","18","0","2025","1","",5,18971,19648,19617,452066361,0,0,1791,"",1.00,1.00,1.00,1.00,1.00,0.00,0.00,1.00,"",0,0.0,-684,-3.5,-265,-1.3,-196,-1.0,23337963,5.4,0,0.0,0,0.0,125,7.5
"US000","1","92113","17","0","2025","1","",579,114618,115063,115111,3249719600,0,0,2175,"",1.00,1.00,1.00,1.00,1.00,0.00,0.00,1.00,"",0,0.0,9315,8.8,7414,6.9,6783,6.3,698866323,27.4,0,0.0,0,0.0,343,18.7
"US000","1","921130","18","0","2025","1","",579,114618,115063,115111,3249719600,0,0,2175,"",1.00,1.00,1.00,1.00,1.00,0.00,0.00,1.00,"",0,0.0,9315,8.8,7414,6.9,6783,6.3,698866323,27.4,0,0.0,0,0.0,343,18.7
"US000","1","92114","17","0","2025","1","",1,6,6,6,33434,0,0,429,"",1.00,1.00,1.00,1.00,1.00,0.00,0.00,1.00,"",0,0.0,0,0.0,0,0.0,0,0.0,-69722,-67.6,0,0.0,0,0.0,-894,-67.6
"US000","1","921140","18","0","2025","1","",1,6,6,6,33434,0,0,429,"",1.00,1.00,1.00,1.00,1.00,0.00,0.00,1.00,"",0,0.0,0,0.0,0,0.0,0,0.0,-69722,-67.6,0,0.0,0,0.0,-894,-67.6
"US000","1","92119","17","0","2025","1","",1230,33422,33235,33055,935308944,0,0,2165,"",1.00,1.00,1.00,1.00,1.00,0.00,0.00,1.00,"",72,6.2,1047,3.2,812,2.5,425,1.3,14893770,1.6,0,0.0,0,0.0,-15,-0.7
"US000","1","921190","18","0","2025","1","",1230,33422,33235,33055,935308944,0,0,2165,"",1.00,1.00,1.00,1.00,1.00,0.00,0.00,1.00,"",72,6.2,1047,3.2,812,2.5,425,1.3,14893770,1.6,0,0.0,0,0.0,-15,-0.7
"US000","1","922","15","0","2025","1","",3589,275934,274910,275080,9715386903,0,0,2715,"",1.00,1.00,1.00,1.00,1.00,0.00,0.00,1.00,"",90,2.6,7753,2.9,5871,2.2,6205,2.3,1762102266,22.2,0,0.0,0,0.0,438,19.2
"US000","1","9221","16","0","2025","1","",3589,275934,274910,275080,9715386903,0,0,2715,"",1.00,1.00,1.00,1.00,1.00,0.00,0.00,1.00,"",90,2.6,7753,2.9,5871,2.2,6205,2.3,1762102266,22.2,0,0.0,0,0.0,438,19.2
"US000","1","92211","17","0","2025","1","",807,33125,33022,33066,1015489650,0,0,2362,"",1.00,1.00,1.00,1.00,1.00,0.00,0.00,1.00,"",87,12.1,178,0.5,91,0.3,149,0.5,29484094,3.0,0,0.0,0,0.0,59,2.6
"US000","1","922110","18","0","2025","1","",807,33125,33022,33066,1015489650,0,0,2362,"",1.00,1.00,1.00,1.00,1.00,0.00,0.00,1.00,"",87,12.1,178,0.5,91,0.3,149,0.5,29484094,3.0,0,0.0,0,0.0,59,2.6
"US000","1","92212","17","0","2025","1","",1697,148099,147586,147833,5526632888,0,0,2876,"",1.00,1.00,1.00,1.00,1.00,0.00,0.00,1.00,"",2,0.1,2622,1.8,1926,1.3,1780,1.2,1072936742,24.1,0,0.0,0,0.0,525,22.3
"US000","1","922120","18","0","2025","1","",1697,148099,147586,147833,5526632888,0,0,2876,"",1.00,1.00,1.00,1.00,1.00,0.00,0.00,1.00,"",2,0.1,2622,1.8,1926,1.3,1780,1.2,1072936742,24.1,0,0.0,0,0.0,525,22.3
"US000","1","92213","17","0","2025","1","",365,22813,22560,22454,880141003,0,0,2995,"",1.00,1.00,1.00,1.00,1.00,0.00,0.00,1.00,"",-1,-0.3,-538,-2.3,-772,-3.3,-846,-3.6,130633085,17.4,0,0.0,0,0.0,523,21.2
"US000","1","922130","18","0","2025","1","",365,22813,22560,22454,880141003,0,0,2995,"",1.00,1.00,1.00,1.00,1.00,0.00,0.00,1.00,"",-1,-0.3,-538,-2.3,-772,-3.3,-846,-3.6,130633085,17.4,0,0.0,0,0.0,523,21.2
"US000","1","92214","17","0","2025","1","",146,34995,34794,34915,1048995061,0,0,2312,"",1.00,1.00,1.00,1.00,1.00,0.00,0.00,1.00,"",5,3.5,1356,4.0,1229,3.7,1288,3.8,203584050,24.1,0,0.0,0,0.0,377,19.5
"US000","1","922140","18","0","2025","1","",146,34995,34794,34915,1048995061,0,0,2312,"",1.00,1.00,1.00,1.00,1.00,0.00,0.00,1.00,"",5,3.5,1356,4.0,1229,3.7,1288,3.8,203584050,24.1,0,0.0,0,0.0,377,19.5
"US000","1","92215","17","0","2025","1","",4,1040,1033,1031,35455809,0,0,2636,"",1.00,1.00,1.00,1.00,1.00,0.00,0.00,1.00,"",0,0.0,1,0.1,12,1.2,15,1.5,6186568,21.1,0,0.0,0,0.0,440,20.0
"US000","1","922150","18","0","2025","1","",4,1040,1033,1031,35455809,0,0,2636,"",1.00,1.00,1.00,1.00,1.00,0.00,0.00,1.00,"",0,0.0,1,0.1,12,1.2,15,1.5,6186568,21.1,0,0.0,0,0.0,440,20.0
"US000","1","92219","17","0","2025","1","",570,35862,35915,35781,1208672492,0,0,2593,"",1.00,1.00,1.00,1.00,1.00,0.00,0.00,1.00,"",-3,-0.5,4134,13.0,3385,10.4,3819,11.9,319277727,35.9,0,0.0,0,0.0,460,21.6
"US000","1","922190","18","0","2025","1","",570,35862,35915,35781,1208672492,0,0,2593,"",1.00,1.00,1.00,1.00,1.00,0.00,0.00,1.00,"",-3,-0.5,4134,13.0,3385,10.4,3819,11.9,319277727,35.9,0,0.0,0,0.0,460,21.6
"US000","1","923","15","0","2025","1","",2703,245567,244800,241788,7451469197,0,0,2349,"",1.00,1.00,1.00,1.00,1.00,0.00,0.00,1.00,"",30,1.1,8598,3.6,6086,2.5,1692,0.7,374849620,5.3,0,0.0,0,0.0,67,2.9
"US000","1","9231","16","0","2025","1","",2703,245567,244800,241788,7451469197,0,0,2349,"",1.00,1.00,1.00,1.00,1.00,0.00,0.00,1.00,"",30,1.1,8598,3.6,6086,2.5,1692,0.7,374849620,5.3,0,0.0,0,0.0,67,2.9
"US000","1","92311","17","0","2025","1","",122,3005,2992,2516,91696409,0,0,2486,"",1.00,1.00,1.00,1.00,1.00,0.00,0.00,1.00,"",-1,-0.8,-54,-1.8,-75,-2.4,-552,-18.0,-5034018,-5.2,0,0.0,0,0.0,58,2.4
"US000","1","923110","18","0","2025","1","",122,3005,2992,2516,91696409,0,0,2486,"",1.00,1.00,1.00,1.00,1.00,0.00,0.00,1.00,"",-1,-0.8,-54,-1.8,-75,-2.4,-552,-18.0,-5034018,-5.2,0,0.0,0,0.0,58,2.4
"US000","1","92312","17","0","2025","1","",809,65424,65050,64700,2502296324,0,0,2959,"",1.00,1.00,1.00,1.00,1.00,0.00,0.00,1.00,"",28,3.6,1655,2.6,1111,1.7,769,1.2,135523442,5.7,0,0.0,0,0.0,109,3.8
"US000","1","923120","18","0","2025","1","",809,65424,65050,64700,2502296324,0,0,2959,"",1.00,1.00,1.00,1.00,1.00,0.00,0.00,1.00,"",28,3.6,1655,2.6,1111,1.7,769,1.2,135523442,5.7,0,0.0,0,0.0,109,3.8
"US000","1","92313","17","0","2025","1","",1417,67028,66207,65738,1668548522,0,0,1935,"",1.00,1.00,1.00,1.00,1.00,0.00,0.00,1.00,"",9,0.6,-2344,-3.4,-2660,-3.9,-2899,-4.2,-3015819,-0.2,0,0.0,0,0.0,70,3.8
"US000","1","923130","18","0","2025","1","",1417,67028,66207,65738,1668548522,0,0,1935,"",1.00,1.00,1.00,1.00,1.00,0.00,0.00,1.00,"",9,0.6,-2344,-3.4,-2660,-3.9,-2899,-4.2,-3015819,-0.2,0,0.0,0,0.0,70,3.8
"US000","1","92314","17","0","2025","1","",355,110110,110551,108834,3188927942,0,0,2233,"",1.00,1.00,1.00,1.00,1.00,0.00,0.00,1.00,"",-6,-1.7,9341,9.3,7710,7.5,4374,4.2,247376015,8.4,0,0.0,0,0.0,30,1.4
"US000","1","923140","18","0","2025","1","",355,110110,110551,108834,3188927942,0,0,2233,"",1.00,1.00,1.00,1.00,1.00,0.00,0.00,1.00,"",-6,-1.7,9341,9.3,7710,7.5,4374,4.2,247376015,8.4,0,0.0,0,0.0,30,1.4
"US000","1","924","15","0","2025","1","",5098,100294,98752,100457,2542500089,0,0,1959,"",1.00,1.00,1.00,1.00,1.00,0.00,0.00,1.00,"",-9,-0.2,595,0.6,-1318,-1.3,-1497,-1.5,239367454,10.4,0,0.0,0,0.0,197,11.2
"US000","1","9241","16","0","2025","1","",5098,100294,98752,100457,2542500089,0,0,1959,"",1.00,1.00,1.00,1.00,1.00,0.00,0.00,1.00,"",-9,-0.2,595,0.6,-1318,-1.3,-1497,-1.5,239367454,10.4,0,0.0,0,0.0,197,11.2
"US000","1","92411","17","0","2025","1","",347,19600,19504,19369,613509005,0,0,2421,"",1.00,1.00,1.00,1.00,1.00,0.00,0.00,1.00,"",8,2.4,697,3.7,503,2.6,317,1.7,38395676,6.7,0,0.0,0,0.0,91,3.9
"US000","1","924110","18","0","2025","1","",347,19600,19504,19369,613509005,0,0,2421,"",1.00,1.00,1.00,1.00,1.00,0.00,0.00,1.00,"",8,2.4,697,3.7,503,2.6,317,1.7,38395676,6.7,0,0.0,0,0.0,91,3.9
"US000","1","92412","17","0","2025","1","",4751,80694,79248,81088,1928991084,0,0,1847,"",1.00,1.00,1.00,1.00,1.00,0.00,0.00,1.00,"",-17,-0.4,-102,-0.1,-1821,-2.2,-1814,-2.2,200971778,11.6,0,0.0,0,0.0,218,13.4
"US000","1","924120","18","0","2025","1","",4751,80694,79248,81088,1928991084,0,0,1847,"",1.00,1.00,1.00,1.00,1.00,0.00,0.00,1.00,"",-17,-0.4,-102,-0.1,-1821,-2.2,-1814,-2.2,200971778,11.6,0,0.0,0,0.0,218,13.4
"US000","1","925","15","0","2025","1","",181,10174,10150,10026,382056060,0,0,2905,"",1.00,1.00,1.00,1.00,1.00,0.00,0.00,1.00,"",8,4.6,192,1.9,115,1.1,-31,-0.3,59267349,18.4,0,0.0,0,0.0,428,17.3
"US000","1","9251","16","0","2025","1","",181,10174,10150,10026,382056060,0,0,2905,"",1.00,1.00,1.00,1.00,1.00,0.00,0.00,1.00,"",8,4.6,192,1.9,115,1.1,-31,-0.3,59267349,18.4,0,0.0,0,0.0,428,17.3
"US000","1","92511","17","0","2025","1","",110,8971,8948,8841,346798474,0,0,2991,"",1.00,1.00,1.00,1.00,1.00,0.00,0.00,1.00,"",0,0.0,151,1.7,97,1.1,-29,-0.3,54130098,18.5,0,0.0,0,0.0,446,17.5
"US000","1","925110","18","0","2025","1","",110,8971,8948,8841,346798474,0,0,2991,"",1.00,1.00,1.00,1.00,1.00,0.00,0.00,1.00,"",0,0.0,151,1.7,97,1.1,-29,-0.3,54130098,18.5,0,0.0,0,0.0,446,17.5
"US000","1","92512","17","0","2025","1","",71,1203,1202,1185,35257586,0,0,2266,"",1.00,1.00,1.00,1.00,1.00,0.00,0.00,1.00,"",8,12.7,41,3.5,18,1.5,-2,-0.2,5137251,17.1,0,0.0,0,0.0,299,15.2
"US000","1","925120","18","0","2025","1","",71,1203,1202,1185,35257586,0,0,2266,"",1.00,1.00,1.00,1.00,1.00,0.00,0.00,1.00,"",8,12.7,41,3.5,18,1.5,-2,-0.2,5137251,17.1,0,0.0,0,0.0,299,15.2
"US000","1","926","15","0","2025","1","",8671,264586,261446,261597,8213723292,0,0,2407,"",1.00,1.00,1.00,1.00,1.00,0.00,0.00,1.00,"",-235,-2.6,8394,3.3,5280,2.1,4474,1.7,1186553881,16.9,0,0.0,0,0.0,300,14.2
"US000","1","9261","16","0","2025","1","",8671,264586,261446,261597,8213723292,0,0,2407,"",1.00,1.00,1.00,1.00,1.00,0.00,0.00,1.00,"",-235,-2.6,8394,3.3,5280,2.1,4474,1.7,1186553881,16.9,0,0.0,0,0.0,300,14.2
"US000","1","92611","17","0","2025","1","",3350,49538,49436,48783,1596281920,0,0,2493,"",1.00,1.00,1.00,1.00,1.00,0.00,0.00,1.00,"",-236,-6.6,955,2.0,604,1.2,69,0.1,250103522,18.6,0,0.0,0,0.0,367,17.3
"US000","1","926110","18","0","2025","1","",3350,49538,49436,48783,1596281920,0,0,2493,"",1.00,1.00,1.00,1.00,1.00,0.00,0.00,1.00,"",-236,-6.6,955,2.0,604,1.2,69,0.1,250103522,18.6,0,0.0,0,0.0,367,17.3
"US000","1","92612","17","0","2025","1","",993,115708,115029,115560,3311401981,0,0,2207,"",1.00,1.00,1.00,1.00,1.00,0.00,0.00,1.00,"",3,0.3,5224,4.7,4139,3.7,4358,3.9,477482305,16.8,0,0.0,0,0.0,241,12.3
"US000","1","926120","18","0","2025","1","",993,115708,115029,115560,3311401981,0,0,2207,"",1.00,1.00,1.00,1.00,1.00,0.00,0.00,1.00,"",3,0.3,5224,4.7,4139,3.7,4358,3.9,477482305,16.8,0,0.0,0,0.0,241,12.3
"US000","1","92613","17","0","2025","1","",237,14495,14483,14408,538177757,0,0,2863,"",1.00,1.00,1.00,1.00,1.00,0.00,0.00,1.00,"",6,2.6,636,4.6,525,3.8,382,2.7,28987696,5.7,0,0.0,0,0.0,55,2.0
"US000","1","926130","18","0","2025","1","",237,14495,14483,14408,538177757,0,0,2863,"",1.00,1.00,1.00,1.00,1.00,0.00,0.00,1.00,"",6,2.6,636,4.6,525,3.8,382,2.7,28987696,5.7,0,0.0,0,0.0,55,2.0
"US000","1","92614","17","0","2025","1","",3133,49650,47489,48157,1339006525,0,0,2127,"",1.00,1.00,1.00,1.00,1.00,0.00,0.00,1.00,"",-20,-0.6,1215,2.5,-93,-0.2,-292,-0.6,214490540,19.1,0,0.0,0,0.0,331,18.4
"US000","1","926140","18","0","2025","1","",3133,49650,47489,48157,1339006525,0,0,2127,"",1.00,1.00,1.00,1.00,1.00,0.00,0.00,1.00,"",-20,-0.6,1215,2.5,-93,-0.2,-292,-0.6,214490540,19.1,0,0.0,0,0.0,331,18.4
"US000","1","92615","17","0","2025","1","",958,35195,35009,34689,1428855109,0,0,3144,"",1.00,1.00,1.00,1.00,1.00,0.00,0.00,1.00,"",12,1.3,364,1.0,105,0.3,-43,-0.1,215489818,17.8,0,0.0,0,0.0,464,17.3
"US000","1","926150","18","0","2025","1","",958,35195,35009,34689,1428855109,0,0,3144,"",1.00,1.00,1.00,1.00,1.00,0.00,0.00,1.00,"",12,1.3,364,1.0,105,0.3,-43,-0.1,215489818,17.8,0,0.0,0,0.0,464,17.3
"US000","1","927","15","0","2025","1","",108,18041,17982,17899,622614363,0,0,2665,"",1.00,1.00,1.00,1.00,1.00,0.00,0.00,1.00,"",0,0.0,202,1.1,-42,-0.2,-142,-0.8,17208346,2.8,0,0.0,0,0.0,73,2.8
"US000","1","9271","16","0","2025","1","",108,18041,17982,17899,622614363,0,0,2665,"",1.00,1.00,1.00,1.00,1.00,0.00,0.00,1.00,"",0,0.0,202,1.1,-42,-0.2,-142,-0.8,17208346,2.8,0,0.0,0,0.0,73,2.8
"US000","1","92711","17","0","2025","1","",108,18041,17982,17899,622614363,0,0,2665,"",1.00,1.00,1.00,1.00,1.00,0.00,0.00,1.00,"",0,0.0,202,1.1,-42,-0.2,-142,-0.8,17208346,2.8,0,0.0,0,0.0,73,2.8
"US000","1","927110","18","0","2025","1","",108,18041,17982,17899,622614363,0,0,2665,"",1.00,1.00,1.00,1.00,1.00,0.00,0.00,1.00,"",0,0.0,202,1.1,-42,-0.2,-142,-0.8,17208346,2.8,0,0.0,0,0.0,73,2.8
"US000","1","928","15","0","2025","1","",2492,608295,608795,603663,16950159851,0,0,2148,"",1.00,1.00,1.00,1.00,1.00,0.00,0.00,1.00,"",-66,-2.6,10683,1.8,9152,1.5,3593,0.6,617418216,3.8,0,0.0,0,0.0,51,2.4
"US000","1","9281","16","0","2025","1","",2492,608295,608795,603663,16950159851,0,0,2148,"",1.00,1.00,1.00,1.00,1.00,0.00,0.00,1.00,"",-66,-2.6,10683,1.8,9152,1.5,3593,0.6,617418216,3.8,0,0.0,0,0.0,51,2.4
"US000","1","92811","17","0","2025","1","",1932,563417,563267,558478,15396635755,0,0,2108,"",1.00,1.00,1.00,1.00,1.00,0.00,0.00,1.00,"",7,0.4,9048,1.6,7200,1.3,2144,0.4,394992511,2.6,0,0.0,0,0.0,31,1.5
"US000","1","928110","18","0","2025","1","",1932,563417,563267,558478,15396635755,0,0,2108,"",1.00,1.00,1.00,1.00,1.00,0.00,0.00,1.00,"",7,0.4,9048,1.6,7200,1.3,2144,0.4,394992511,2.6,0,0.0,0,0.0,31,1.5
"US000","1","92812","17","0","2025","1","",560,44878,45528,45185,1553524096,0,0,2644,"",1.00,1.00,1.00,1.00,1.00,0.00,0.00,1.00,"",-73,-11.5,1635,3.8,1952,4.5,1449,3.3,222425705,16.7,0,0.0,0,0.0,291,12.4
"US000","1","928120","18","0","2025","1","",560,44878,45528,45185,1553524096,0,0,2644,"",1.00,1.00,1.00,1.00,1.00,0.00,0.00,1.00,"",-73,-11.5,1635,3.8,1952,4.5,1449,3.3,222425705,16.7,0,0.0,0,0.0,291,12.4
"US000","1","99","14","0","2025","1","",2,3,3,4,103889,0,0,2397,"",1.00,1.00,1.00,1.00,1.00,0.00,0.00,1.00,"",0,0.0,1,50.0,0,0.0,1,33.3,17661,20.5,0,0.0,0,0.0,-90,-3.6
"US000","1","999","15","0","2025","1","",2,3,3,4,103889,0,0,2397,"",1.00,1.00,1.00,1.00,1.00,0.00,0.00,1.00,"",0,0.0,1,50.0,0,0.0,1,33.3,17661,20.5,0,0.0,0,0.0,-90,-3.6
"US000","1","9999","16","0","2025","1","",2,3,3,4,103889,0,0,2397,"",1.00,1.00,1.00,1.00,1.00,0.00,0.00,1.00,"",0,0.0,1,50.0,0,0.0,1,33.3,17661,20.5,0,0.0,0,0.0,-90,-3.6
"US000","1","99999","17","0","2025","1","",2,3,3,4,103889,0,0,2397,"",1.00,1.00,1.00,1.00,1.00,0.00,0.00,1.00,"",0,0.0,1,50.0,0,0.0,1,33.3,17661,20.5,0,0.0,0,0.0,-90,-3.6
"US000","1","999999","18","0","2025","1","",2,3,3,4,103889,0,0,2397,"",1.00,1.00,1.00,1.00,1.00,0.00,0.00,1.00,"",0,0.0,1,50.0,0,0.0,1,33.3,17661,20.5,0,0.0,0,0.0,-90,-3.6
"US000","2","10","11","0","2025","1","",72341,4826832,4900189,4910107,99797645537,3662751476,8580084,1573,"",1.00,1.00,1.00,1.00,1.00,1.00,1.00,1.00,"",-167,-0.2,133619,2.8,114574,2.4,105202,2.2,5686350380,6.0,224036136,6.5,712498,9.1,53,3.5
"US000","2","101","12","0","2025","1","",2011,76723,76737,76561,1368717082,93180077,232338,1373,"",1.00,1.00,1.00,1.00,1.00,1.00,1.00,1.00,"",13,0.7,1325,1.8,1113,1.5,937,1.2,103800554,8.2,7431195,8.7,33301,16.7,85,6.6
"US000","2","1011","13","0","2025","1","N",137,0,0,0,0,0,0,0,"N",1.00,0,0,0,0,0,0,0,"N",0,0.0,0,0,0,0,0,0,0,0,0,0,0,0,0,0
"US000","2","1012","13","0","2025","1","",1845,73877,73855,73670,1328243059,93074267,231938,1384,"",1.00,1.00,1.00,1.00,1.00,1.00,1.00,1.00,"",9,0.5,1259,1.7,1029,1.4,856,1.2,100689826,8.2,7415955,8.7,32987,16.6,86,6.6
"US000","2","1013","13","0","2025","1","N",29,0,0,0,0,0,0,0,"N",1.00,0,0,0,0,0,0,0,"N",4,16.0,0,0,0,0,0,0,0,0,0,0,0,0,0,0
"US000","2","102","12","0","2025","1","",70330,4750109,4823452,4833546,98428928455,3569571399,8347746,1577,"",1.00,1.00,1.00,1.00,1.00,1.00,1.00,1.00,"",-180,-0.3,132294,2.9,113461,2.4,104265,2.2,5582549826,6.0,216604941,6.5,679197,8.9,53,3.5
"US000","2","1021","13","0","2025","1","",961,58874,58430,58329,1252073571,33295976,215563,1645,"",1.00,1.00,1.00,1.00,1.00,1.00,1.00,1.00,"",3,0.3,1690,3.0,1376,2.4,1284,2.3,58672560,4.9,-608316,-1.8,-1328,-0.6,37,2.3
"US000","2","1022","13","0","2025","1","",305,6331,6331,6328,101096804,2241983,7422,1229,"",1.00,1.00,1.00,1.00,1.00,1.00,1.00,1.00,"",0,0.0,128,2.1,111,1.8,58,0.9,8379786,9.0,71991,3.3,-958,-11.4,84,7.3
"US000","2","1023","13","0","2025","1","",148,12000,11966,11997,292203514,16159605,156531,1875,"",1.00,1.00,1.00,1.00,1.00,1.00,1.00,1.00,"",1,0.7,43,0.4,-16,-0.1,-17,-0.1,4012358,1.4,-210924,-1.3,32422,26.1,25,1.4
"US000","2","1024","13","0","2025","1","",1252,41221,41727,41429,902430924,56399310,231487,1674,"",1.00,1.00,1.00,1.00,1.00,1.00,1.00,1.00,"",8,0.6,3615,9.6,3963,10.5,3573,9.4,97141140,12.1,4514317,8.7,17291,8.1,33,2.0
"US000","2","1025","13","0","2025","1","",15114,2732802,2802902,2810581,56544679550,1596255807,2769585,1563,"",1.00,1.00,1.00,1.00,1.00,1.00,1.00,1.00,"",-3,0.0,78377,3.0,62437,2.3,63533,2.3,3204310843,6.0,92894107,6.2,287703,11.6,51,3.4
"US000","2","1026","13","0","2025","1","",934,17490,17428,17574,219553152,19069740,472666,965,"",1.00,1.00,1.00,1.00,1.00,1.00,1.00,1.00,"",-7,-0.7,-173,-1.0,277,1.6,264,1.5,9135534,4.3,1139961,6.4,18918,4.2,33,3.5
"US000","2","1027","13","0","2025","1","N",178,0,0,0,0,0,0,0,"N",1.00,0,0,0,0,0,0,0,"N",-1,-0.6,0,0,0,0,0,0,0,0,0,0,0,0,0,0
"US000","2","1028","13","0","2025","1","",51357,1876168,1879417,1882359,39049521417,1838459708,4478814,1598,"",1.00,1.00,1.00,1.00,1.00,1.00,1.00,1.00,"",-152,-0.3,48112,2.6,44773,2.4,35265,1.9,2193860978,6.0,117175614,6.8,320523,7.7,54,3.5
"US000","2","1029","13","0","2025","1","N",81,0,0,0,0,0,0,0,"N",1.00,0,0,0,0,0,0,0,"N",-29,-26.4,0,0,0,0,0,0,0,0,0,0,0,0,0,0
"US000","2","11","14","0","2025","1","N",137,0,0,0,0,0,0,0,"N",1.00,0,0,0,0,0,0,0,"N",0,0.0,0,0,0,0,0,0,0,0,0,0,0,0,0,0
"US000","2","111","15","0","2025","1","",1,5,5,4,108891,0,0,1795,"",1.00,1.00,1.00,1.00,1.00,0.00,0.00,1.00,"",0,0.0,0,0.0,0,0.0,-1,-20.0,12862,13.4,0,0.0,0,0.0,318,21.5
"US000","2","1114","16","0","2025","1","",1,5,5,4,108891,0,0,1795,"",1.00,1.00,1.00,1.00,1.00,0.00,0.00,1.00,"",0,0.0,0,0.0,0,0.0,-1,-20.0,12862,13.4,0,0.0,0,0.0,318,21.5
"US000","2","11142","17","0","2025","1","",1,5,5,4,108891,0,0,1795,"",1.00,1.00,1.00,1.00,1.00,0.00,0.00,1.00,"",0,0.0,0,0.0,0,0.0,-1,-20.0,12862,13.4,0,0.0,0,0.0,318,21.5
"US000","2","111421","18","0","2025","1","",1,5,5,4,108891,0,0,1795,"",1.00,1.00,1.00,1.00,1.00,0.00,0.00,1.00,"",0,0.0,0,0.0,0,0.0,-1,-20.0,12862,13.4,0,0.0,0,0.0,318,21.5
"US000","2","112","15","0","2025","1","",55,398,413,407,6679551,0,0,1266,"",1.00,1.00,1.00,1.00,1.00,0.00,0.00,1.00,"",0,0.0,-6,-1.5,13,3.2,9,2.3,469449,7.6,0,0.0,0,0.0,74,6.2
"US000","2","1125","16","0","2025","1","",55,398,413,407,6679551,0,0,1266,"",1.00,1.00,1.00,1.00,1.00,0.00,0.00,1.00,"",0,0.0,-6,-1.5,13,3.2,9,2.3,469449,7.6,0,0.0,0,0.0,74,6.2
"US000","2","11251","17","0","2025","1","",55,398,413,407,6679551,0,0,1266,"",1.00,1.00,1.00,1.00,1.00,0.00,0.00,1.00,"",0,0.0,-6,-1.5,13,3.2,9,2.3,469449,7.6,0,0.0,0,0.0,74,6.2
"US000","2","112511","18","0","2025","1","",55,398,413,407,6679551,0,0,1266,"",1.00,1.00,1.00,1.00,1.00,0.00,0.00,1.00,"",0,0.0,-6,-1.5,13,3.2,9,2.3,469449,7.6,0,0.0,0,0.0,74,6.2
"US000","2","113","15","0","2025","1","N",11,0,0,0,0,0,0,0,"N",1.00,0,0,0,0,0,0,0,"N",0,0.0,0,0,0,0,0,0,0,0,0,0,0,0,0,0
"US000","2","1131","16","0","2025","1","",5,167,169,170,3362968,0,0,1534,"",1.00,1.00,1.00,1.00,1.00,0.00,0.00,1.00,"",0,0.0,11,7.1,13,8.3,15,9.7,390589,13.1,0,0.0,0,0.0,65,4.4
"US000","2","11311","17","0","2025","1","",5,167,169,170,3362968,0,0,1534,"",1.00,1.00,1.00,1.00,1.00,0.00,0.00,1.00,"",0,0.0,11,7.1,13,8.3,15,9.7,390589,13.1,0,0.0,0,0.0,65,4.4
"US000","2","113110","18","0","2025","1","",5,167,169,170,3362968,0,0,1534,"",1.00,1.00,1.00,1.00,1.00,0.00,0.00,1.00,"",0,0.0,11,7.1,13,8.3,15,9.7,390589,13.1,0,0.0,0,0.0,65,4.4
"US000","2","1132","16","0","2025","1","N",6,0,0,0,0,0,0,0,"N",1.00,0,0,0,0,0,0,0,"N",0,0.0,0,0,0,0,0,0,0,0,0,0,0,0,0,0
"US000","2","11321","17","0","2025","1","N",6,0,0,0,0,0,0,0,"N",1.00,0,0,0,0,0,0,0,"N",0,0.0,0,0,0,0,0,0,0,0,0,0,0,0,0,0
"US000","2","113210","18","0","2025","1","N",6,0,0,0,0,0,0,0,"N",1.00,0,0,0,0,0,0,0,"N",0,0.0,0,0,0,0,0,0,0,0,0,0,0,0,0,0
"US000","2","114","15","0","2025","1","N",1,0,0,0,0,0,0,0,"N",1.00,0,0,0,0,0,0,0,"N",0,0.0,0,0,0,0,0,0,0,0,0,0,0,0,0,0
"US000","2","1141","16","0","2025","1","N",1,0,0,0,0,0,0,0,"N",1.00,0,0,0,0,0,0,0,"N",0,0.0,0,0,0,0,0,0,0,0,0,0,0,0,0,0
"US000","2","11411","17","0","2025","1","N",1,0,0,0,0,0,0,0,"N",1.00,0,0,0,0,0,0,0,"N",0,0.0,0,0,0,0,0,0,0,0,0,0,0,0,0,0
"US000","2","114111","18","0","2025","1","N",1,0,0,0,0,0,0,0,"N",1.00,0,0,0,0,0,0,0,"N",0,0.0,0,0,0,0,0,0,0,0,0,0,0,0,0,0
"US000","2","115","15","0","2025","1","N",69,0,0,0,0,0,0,0,"N",1.00,0,0,0,0,0,0,0,"N",0,0.0,0,0,0,0,0,0,0,0,0,0,0,0,0,0
"US000","2","1151","16","0","2025","1","N",2,0,0,0,0,0,0,0,"N",1.00,0,0,0,0,0,0,0,"N",0,0.0,0,0,0,0,0,0,0,0,0,0,0,0,0,0
"US000","2","11511","17","0","2025","1","N",2,0,0,0,0,0,0,0,"N",1.00,0,0,0,0,0,0,0,"N",0,0.0,0,0,0,0,0,0,0,0,0,0,0,0,0,0
"US000","2","115112","18","0","2025","1","N",2,0,0,0,0,0,0,0,"N",1.00,0,0,0,0,0,0,0,"N",0,0.0,0,0,0,0,0,0,0,0,0,0,0,0,0,0
"US000","2","1153","16","0","2025","1","",67,1237,1233,1233,14167959,0,0,883,"",1.00,1.00,1.00,1.00,1.00,0.00,0.00,1.00,"",0,0.0,32,2.7,18,1.5,18,1.5,947229,7.2,0,0.0,0,0.0,44,5.2
"US000","2","11531","17","0","2025","1","",67,1237,1233,1233,14167959,0,0,883,"",1.00,1.00,1.00,1.00,1.00,0.00,0.00,1.00,"",0,0.0,32,2.7,18,1.5,18,1.5,947229,7.2,0,0.0,0,0.0,44,5.2
"US000","2","115310","18","0","2025","1","",67,1237,1233,1233,14167959,0,0,883,"",1.00,1.00,1.00,1.00,1.00,0.00,0.00,1.00,"",0,0.0,32,2.7,18,1.5,18,1.5,947229,7.2,0,0.0,0,0.0,44,5.2
"US000","2","22","14","0","2025","1","",59,3769,3776,3782,101355613,9601828,76122,2065,"",1.00,1.00,1.00,1.00,1.00,1.00,1.00,1.00,"N",-2,-3.3,0,0,0,0,0,0,0,0,0,0,0,0,0,0
"US000","2","221","15","0","2025","1","",59,3769,3776,3782,101355613,9601828,76122,2065,"",1.00,1.00,1.00,1.00,1.00,1.00,1.00,1.00,"N",-2,-3.3,0,0,0,0,0,0,0,0,0,0,0,0,0,0
"US000","2","2211","16","0","2025","1","",34,2796,2808,2814,77344092,7262424,72625,2120,"",1.00,1.00,1.00,1.00,1.00,1.00,1.00,1.00,"",-1,-2.9,-43,-1.5,-20,-0.7,-28,-1.0,755554,1.0,-1637341,-18.4,-405,-0.6,43,2.1
"US000","2","22111","17","0","2025","1","",25,1620,1624,1627,45100539,3627787,36278,2137,"",1.00,1.00,1.00,1.00,1.00,1.00,1.00,1.00,"",-1,-3.8,-73,-4.3,-56,-3.3,-63,-3.7,-1110004,-2.4,-1626643,-31.0,-298,-0.8,31,1.5
"US000","2","221111","18","0","2025","1","",7,820,820,821,24007944,819965,8200,2251,"",1.00,1.00,1.00,1.00,1.00,1.00,1.00,1.00,"",0,0.0,7,0.9,15,1.9,11,1.4,-394462,-1.6,-56566,-6.5,-565,-6.4,-68,-2.9
"US000","2","221112","18","0","2025","1","",18,800,804,806,21092595,2807822,28078,2020,"",1.00,1.00,1.00,1.00,1.00,1.00,1.00,1.00,"",-1,-5.3,-80,-9.1,-71,-8.1,-74,-8.4,-715542,-3.3,-1570077,-35.9,267,1.0,110,5.8
"US000","2","22112","17","0","2025","1","",9,1176,1184,1187,32243553,3634637,36347,2098,"",1.00,1.00,1.00,1.00,1.00,1.00,1.00,1.00,"",0,0.0,30,2.6,36,3.1,35,3.0,1865558,6.1,-10698,-0.3,-107,-0.3,64,3.1
"US000","2","221121","18","0","2025","1","N",2,0,0,0,0,0,0,0,"N",1.00,0,0,0,0,0,0,0,"N",0,0.0,0,0,0,0,0,0,0,0,0,0,0,0,0,0
"US000","2","221122","18","0","2025","1","N",7,0,0,0,0,0,0,0,"N",1.00,0,0,0,0,0,0,0,"N",0,0.0,0,0,0,0,0,0,0,0,0,0,0,0,0,0
"US000","2","2212","16","0","2025","1","",1,1,1,1,11357,0,0,874,"",1.00,1.00,1.00,1.00,1.00,0.00,0.00,1.00,"",0,0.0,0,0.0,0,0.0,0,0.0,-85,-0.7,0,0.0,0,0.0,-6,-0.7
"US000","2","22121","17","0","2025","1","",1,1,1,1,11357,0,0,874,"",1.00,1.00,1.00,1.00,1.00,0.00,0.00,1.00,"",0,0.0,0,0.0,0,0.0,0,0.0,-85,-0.7,0,0.0,0,0.0,-6,-0.7
"US000","2","221210","18","0","2025","1","",1,1,1,1,11357,0,0,874,"",1.00,1.00,1.00,1.00,1.00,0.00,0.00,1.00,"",0,0.0,0,0.0,0,0.0,0,0.0,-85,-0.7,0,0.0,0,0.0,-6,-0.7
"US000","2","2213","16","0","2025","1","",24,972,967,967,24000164,2339404,3497,1906,"",1.00,1.00,1.00,1.00,1.00,1.00,1.00,1.00,"N",-1,-4.0,0,0,0,0,0,0,0,0,0,0,0,0,0,0
"US000","2","22131","17","0","2025","1","",23,423,426,425,7385302,2339404,3497,1338,"",1.00,1.00,1.00,1.00,1.00,1.00,1.00,1.00,"N",-1,-4.2,0,0,0,0,0,0,0,0,0,0,0,0,0,0
"US000","2","221310","18","0","2025","1","",23,423,426,425,7385302,2339404,3497,1338,"",1.00,1.00,1.00,1.00,1.00,1.00,1.00,1.00,"N",-1,-4.2,0,0,0,0,0,0,0,0,0,0,0,0,0,0
"US000","2","22132","17","0","2025","1","",1,549,541,542,16614862,0,0,2349,"",1.00,1.00,1.00,1.00,1.00,0.00,0.00,1.00,"",0,0.0,-2,-0.4,-9,-1.6,-11,-2.0,431562,2.7,0,0.0,0,0.0,91,4.0
"US000","2","221320","18","0","2025","1","",1,549,541,542,16614862,0,0,2349,"",1.00,1.00,1.00,1.00,1.00,0.00,0.00,1.00,"",0,0.0,-2,-0.4,-9,-1.6,-11,-2.0,431562,2.7,0,0.0,0,0.0,91,4.0
"US000","2","23","14","0","2025","1","",1845,73877,73855,73670,1328243059,93074267,231938,1384,"",1.00,1.00,1.00,1.00,1.00,1.00,1.00,1.00,"",9,0.5,1259,1.7,1029,1.4,856,1.2,100689826,8.2,7415955,8.7,32987,16.6,86,6.6
"US000","2","236","15","0","2025","1","N",11,0,0,0,0,0,0,0,"N",1.00,0,0,0,0,0,0,0,"N",7,175.0,0,0,0,0,0,0,0,0,0,0,0,0,0,0
"US000","2","2361","16","0","2025","1","N",4,0,0,0,0,0,0,0,"N",1.00,0,0,0,0,0,0,0,"N",2,100.0,0,0,0,0,0,0,0,0,0,0,0,0,0,0
"US000","2","23611","17","0","2025","1","N",4,0,0,0,0,0,0,0,"N",1.00,0,0,0,0,0,0,0,"N",2,100.0,0,0,0,0,0,0,0,0,0,0,0,0,0,0
"US000","2","236118","18","0","2025","1","N",4,0,0,0,0,0,0,0,"N",1.00,0,0,0,0,0,0,0,"N",2,100.0,0,0,0,0,0,0,0,0,0,0,0,0,0,0
"US000","2","2362","16","0","2025","1","N",7,0,0,0,0,0,0,0,"N",1.00,0,0,0,0,0,0,0,"N",5,250.0,0,0,0,0,0,0,0,0,0,0,0,0,0,0
"US000","2","23621","17","0","2025","1","",5,12,11,12,187938,82608,2231,1239,"",1.00,1.00,1.00,1.00,1.00,1.00,1.00,1.00,"",5,100.0,12,100.0,11,100.0,12,100.0,187938,100.0,82608,100.0,2231,100.0,1239,100.0
"US000","2","236210","18","0","2025","1","",5,12,11,12,187938,82608,2231,1239,"",1.00,1.00,1.00,1.00,1.00,1.00,1.00,1.00,"",5,100.0,12,100.0,11,100.0,12,100.0,187938,100.0,82608,100.0,2231,100.0,1239,100.0
"US000","2","23622","17","0","2025","1","N",2,0,0,0,0,0,0,0,"N",1.00,0,0,0,0,0,0,0,"N",0,0.0,0,0,0,0,0,0,0,0,0,0,0,0,0,0
"US000","2","236220","18","0","2025","1","N",2,0,0,0,0,0,0,0,"N",1.00,0,0,0,0,0,0,0,"N",0,0.0,0,0,0,0,0,0,0,0,0,0,0,0,0,0
"US000","2","237","15","0","2025","1","",1828,73595,73573,73381,1322353434,92907877,228340,1384,"",1.00,1.00,1.00,1.00,1.00,1.00,1.00,1.00,"N",1,0.1,0,0,0,0,0,0,0,0,0,0,0,0,0,0
"US000","2","2371","16","0","2025","1","N",5,0,0,0,0,0,0,0,"N",1.00,0,0,0,0,0,0,0,"N",5,100.0,0,0,0,0,0,0,0,0,0,0,0,0,0,0
"US000","2","23711","17","0","2025","1","N",1,0,0,0,0,0,0,0,"N",1.00,0,0,0,0,0,0,0,"N",1,100.0,0,0,0,0,0,0,0,0,0,0,0,0,0,0
"US000","2","237110","18","0","2025","1","N",1,0,0,0,0,0,0,0,"N",1.00,0,0,0,0,0,0,0,"N",1,100.0,0,0,0,0,0,0,0,0,0,0,0,0,0,0
"US000","2","23713","17","0","2025","1","",4,15,14,13,412054,88005,2376,2264,"",1.00,1.00,1.00,1.00,1.00,1.00,1.00,1.00,"",4,100.0,15,100.0,14,100.0,13,100.0,412054,100.0,88005,100.0,2376,100.0,2264,100.0
"US000","2","237130","18","0","2025","1","",4,15,14,13,412054,88005,2376,2264,"",1.00,1.00,1.00,1.00,1.00,1.00,1.00,1.00,"",4,100.0,15,100.0,14,100.0,13,100.0,412054,100.0,88005,100.0,2376,100.0,2264,100.0
"US000","2","2373","16","0","2025","1","N",1822,0,0,0,0,0,0,0,"N",1.00,0,0,0,0,0,0,0,"N",-4,-0.2,0,0,0,0,0,0,0,0,0,0,0,0,0,0
"US000","2","23731","17","0","2025","1","N",1822,0,0,0,0,0,0,0,"N",1.00,0,0,0,0,0,0,0,"N",-4,-0.2,0,0,0,0,0,0,0,0,0,0,0,0,0,0
"US000","2","237310","18","0","2025","1","N",1822,0,0,0,0,0,0,0,"N",1.00,0,0,0,0,0,0,0,"N",-4,-0.2,0,0,0,0,0,0,0,0,0,0,0,0,0,0
"US000","2","2379","16","0","2025","1","",1,36,36,37,937701,0,0,1985,"",1.00,1.00,1.00,1.00,1.00,0.00,0.00,1.00,"",0,0.0,-2,-5.3,-1,-2.7,0,0.0,300378,47.1,0,0.0,0,0.0,672,51.2
"US000","2","23799","17","0","2025","1","",1,36,36,37,937701,0,0,1985,"",1.00,1.00,1.00,1.00,1.00,0.00,0.00,1.00,"",0,0.0,-2,-5.3,-1,-2.7,0,0.0,300378,47.1,0,0.0,0,0.0,672,51.2
"US000","2","237990","18","0","2025","1","",1,36,36,37,937701,0,0,1985,"",1.00,1.00,1.00,1.00,1.00,0.00,0.00,1.00,"",0,0.0,-2,-5.3,-1,-2.7,0,0.0,300378,47.1,0,0.0,0,0.0,672,51.2
"US000","2","238","15","0","2025","1","N",6,0,0,0,0,0,0,0,"N",1.00,0,0,0,0,0,0,0,"N",1,20.0,0,0,0,0,0,0,0,0,0,0,0,0,0,0
"US000","2","2382","16","0","2025","1","N",1,0,0,0,0,0,0,0,"N",1.00,0,0,0,0,0,0,0,"N",0,0.0,0,0,0,0,0,0,0,0,0,0,0,0,0,0
"US000","2","23821","17","0","2025","1","N",1,0,0,0,0,0,0,0,"N",1.00,0,0,0,0,0,0,0,"N",0,0.0,0,0,0,0,0,0,0,0,0,0,0,0,0,0
"US000","2","238212","18","0","2025","1","N",1,0,0,0,0,0,0,0,"N",1.00,0,0,0,0,0,0,0,"N",0,0.0,0,0,0,0,0,0,0,0,0,0,0,0,0,0
"US000","2","2389","16","0","2025","1","N",5,0,0,0,0,0,0,0,"N",1.00,0,0,0,0,0,0,0,"N",1,25.0,0,0,0,0,0,0,0,0,0,0,0,0,0,0
"US000","2","23899","17","0","2025","1","N",5,0,0,0,0,0,0,0,"N",1.00,0,0,0,0,0,0,0,"N",1,25.0,0,0,0,0,0,0,0,0,0,0,0,0,0,0
"US000","2","238991","18","0","2025","1","N",3,0,0,0,0,0,0,0,"N",1.00,0,0,0,0,0,0,0,"N",1,50.0,0,0,0,0,0,0,0,0,0,0,0,0,0,0
"US000","2","238992","18","0","2025","1","N",2,0,0,0,0,0,0,0,"N",1.00,0,0,0,0,0,0,0,"N",0,0.0,0,0,0,0,0,0,0,0,0,0,0,0,0,0
"US000","2","31-33","14","0","2025","1","N",29,0,0,0,0,0,0,0,"N",1.00,0,0,0,0,0,0,0,"N",4,16.0,0,0,0,0,0,0,0,0,0,0,0,0,0,0
"US000","2","311","15","0","2025","1","",5,164,164,166,3750294,11038,298,1752,"",1.00,1.00,1.00,1.00,1.00,1.00,1.00,1.00,"",4,400.0,14,9.3,10,6.5,9,5.7,355283,10.5,11038,100.0,298,100.0,53,3.1
"US000","2","3112","16","0","2025","1","",1,164,162,164,3738980,0,0,1761,"",1.00,1.00,1.00,1.00,1.00,0.00,0.00,1.00,"",0,0.0,14,9.3,8,5.2,7,4.5,343969,10.1,0,0.0,0,0.0,62,3.6
"US000","2","31121","17","0","2025","1","",1,164,162,164,3738980,0,0,1761,"",1.00,1.00,1.00,1.00,1.00,0.00,0.00,1.00,"",0,0.0,14,9.3,8,5.2,7,4.5,343969,10.1,0,0.0,0,0.0,62,3.6
"US000","2","311211","18","0","2025","1","",1,164,162,164,3738980,0,0,1761,"",1.00,1.00,1.00,1.00,1.00,0.00,0.00,1.00,"",0,0.0,14,9.3,8,5.2,7,4.5,343969,10.1,0,0.0,0,0.0,62,3.6
"US000","2","3118","16","0","2025","1","",4,0,2,2,11314,11038,298,653,"",1.00,0.00,1.00,1.00,1.00,1.00,1.00,1.00,"",4,100.0,0,0.0,2,100.0,2,100.0,11314,100.0,11038,100.0,298,100.0,653,100.0
"US000","2","31181","17","0","2025","1","",4,0,2,2,11314,11038,298,653,"",1.00,0.00,1.00,1.00,1.00,1.00,1.00,1.00,"",4,100.0,0,0.0,2,100.0,2,100.0,11314,100.0,11038,100.0,298,100.0,653,100.0
"US000","2","311811","18","0","2025","1","",4,0,2,2,11314,11038,298,653,"",1.00,0.00,1.00,1.00,1.00,1.00,1.00,1.00,"",4,100.0,0,0.0,2,100.0,2,100.0,11314,100.0,11038,100.0,298,100.0,653,100.0
"US000","2","315","15","0","2025","1","",1,83,81,75,549191,0,0,530,"",1.00,1.00,1.00,1.00,1.00,0.00,0.00,1.00,"",0,0.0,-2,-2.4,-2,-2.4,-12,-13.8,-19115,-3.4,0,0.0,0,0.0,16,3.1
"US000","2","3152","16","0","2025","1","",1,83,81,75,549191,0,0,530,"",1.00,1.00,1.00,1.00,1.00,0.00,0.00,1.00,"",0,0.0,-2,-2.4,-2,-2.4,-12,-13.8,-19115,-3.4,0,0.0,0,0.0,16,3.1
"US000","2","31525","17","0","2025","1","",1,83,81,75,549191,0,0,530,"",1.00,1.00,1.00,1.00,1.00,0.00,0.00,1.00,"",0,0.0,-2,-2.4,-2,-2.4,-12,-13.8,-19115,-3.4,0,0.0,0,0.0,16,3.1
"US000","2","315250","18","0","2025","1","",1,83,81,75,549191,0,0,530,"",1.00,1.00,1.00,1.00,1.00,0.00,0.00,1.00,"",0,0.0,-2,-2.4,-2,-2.4,-12,-13.8,-19115,-3.4,0,0.0,0,0.0,16,3.1
"US000","2","323","15","0","2025","1","N",2,0,0,0,0,0,0,0,"N",1.00,0,0,0,0,0,0,0,"N",0,0.0,0,0,0,0,0,0,0,0,0,0,0,0,0,0
"US000","2","3231","16","0","2025","1","N",2,0,0,0,0,0,0,0,"N",1.00,0,0,0,0,0,0,0,"N",0,0.0,0,0,0,0,0,0,0,0,0,0,0,0,0,0
"US000","2","32311","17","0","2025","1","N",2,0,0,0,0,0,0,0,"N",1.00,0,0,0,0,0,0,0,"N",0,0.0,0,0,0,0,0,0,0,0,0,0,0,0,0,0
"US000","2","323111","18","0","2025","1","N",2,0,0,0,0,0,0,0,"N",1.00,0,0,0,0,0,0,0,"N",0,0.0,0,0,0,0,0,0,0,0,0,0,0,0,0,0
"US000","2","332","15","0","2025","1","",1,9,9,9,59642,0,0,510,"",1.00,1.00,1.00,1.00,1.00,0.00,0.00,1.00,"",0,0.0,1,12.5,1,12.5,1,12.5,-2691,-4.3,0,0.0,0,0.0,-89,-14.9
"US000","2","3325","16","0","2025","1","",1,9,9,9,59642,0,0,510,"",1.00,1.00,1.00,1.00,1.00,0.00,0.00,1.00,"",0,0.0,1,12.5,1,12.5,1,12.5,-2691,-4.3,0,0.0,0,0.0,-89,-14.9
"US000","2","33251","17","0","2025","1","",1,9,9,9,59642,0,0,510,"",1.00,1.00,1.00,1.00,1.00,0.00,0.00,1.00,"",0,0.0,1,12.5,1,12.5,1,12.5,-2691,-4.3,0,0.0,0,0.0,-89,-14.9
"US000","2","332510","18","0","2025","1","",1,9,9,9,59642,0,0,510,"",1.00,1.00,1.00,1.00,1.00,0.00,0.00,1.00,"",0,0.0,1,12.5,1,12.5,1,12.5,-2691,-4.3,0,0.0,0,0.0,-89,-14.9
"US000","2","334","15","0","2025","1","N",2,0,0,0,0,0,0,0,"N",1.00,0,0,0,0,0,0,0,"N",0,0.0,0,0,0,0,0,0,0,0,0,0,0,0,0,0
"US000","2","3342","16","0","2025","1","N",1,0,0,0,0,0,0,0,"N",1.00,0,0,0,0,0,0,0,"N",0,0.0,0,0,0,0,0,0,0,0,0,0,0,0,0,0
"US000","2","33429","17","0","2025","1","N",1,0,0,0,0,0,0,0,"N",1.00,0,0,0,0,0,0,0,"N",0,0.0,0,0,0,0,0,0,0,0,0,0,0,0,0,0
"US000","2","334290","18","0","2025","1","N",1,0,0,0,0,0,0,0,"N",1.00,0,0,0,0,0,0,0,"N",0,0.0,0,0,0,0,0,0,0,0,0,0,0,0,0,0
"US000","2","3345","16","0","2025","1","",1,245,266,286,1321783,0,0,383,"",1.00,1.00,1.00,1.00,1.00,0.00,0.00,1.00,"",0,0.0,6,2.5,15,6.0,38,15.3,213773,19.3,0,0.0,0,0.0,37,10.7
"US000","2","33451","17","0","2025","1","",1,245,266,286,1321783,0,0,383,"",1.00,1.00,1.00,1.00,1.00,0.00,0.00,1.00,"",0,0.0,6,2.5,15,6.0,38,15.3,213773,19.3,0,0.0,0,0.0,37,10.7
"US000","2","334511","18","0","2025","1","",1,245,266,286,1321783,0,0,383,"",1.00,1.00,1.00,1.00,1.00,0.00,0.00,1.00,"",0,0.0,6,2.5,15,6.0,38,15.3,213773,19.3,0,0.0,0,0.0,37,10.7
"US000","2","337","15","0","2025","1","",18,369,373,370,7089346,0,0,1471,"",1.00,1.00,1.00,1.00,1.00,0.00,0.00,1.00,"",0,0.0,5,1.4,11,3.0,9,2.5,328467,4.9,0,0.0,0,0.0,36,2.5
"US000","2","3371","16","0","2025","1","",16,298,299,298,5822581,0,0,1501,"",1.00,1.00,1.00,1.00,1.00,0.00,0.00,1.00,"",0,0.0,6,2.1,10,3.5,10,3.5,286127,5.2,0,0.0,0,0.0,31,2.1
"US000","2","33712","17","0","2025","1","",16,298,299,298,5822581,0,0,1501,"",1.00,1.00,1.00,1.00,1.00,0.00,0.00,1.00,"",0,0.0,6,2.1,10,3.5,10,3.5,286127,5.2,0,0.0,0,0.0,31,2.1
"US000","2","337127","18","0","2025","1","",16,298,299,298,5822581,0,0,1501,"",1.00,1.00,1.00,1.00,1.00,0.00,0.00,1.00,"",0,0.0,6,2.1,10,3.5,10,3.5,286127,5.2,0,0.0,0,0.0,31,2.1
"US000","2","3372","16","0","2025","1","",2,71,74,72,1266765,0,0,1347,"",1.00,1.00,1.00,1.00,1.00,0.00,0.00,1.00,"",0,0.0,-1,-1.4,1,1.4,-1,-1.4,42340,3.5,0,0.0,0,0.0,51,3.9
"US000","2","33721","17","0","2025","1","",2,71,74,72,1266765,0,0,1347,"",1.00,1.00,1.00,1.00,1.00,0.00,0.00,1.00,"",0,0.0,-1,-1.4,1,1.4,-1,-1.4,42340,3.5,0,0.0,0,0.0,51,3.9
"US000","2","337211","18","0","2025","1","",2,71,74,72,1266765,0,0,1347,"",1.00,1.00,1.00,1.00,1.00,0.00,0.00,1.00,"",0,0.0,-1,-1.4,1,1.4,-1,-1.4,42340,3.5,0,0.0,0,0.0,51,3.9
"US000","2","44-45","14","0","2025","1","",436,9215,8558,8593,89637544,49210,335,785,"",1.00,1.00,1.00,1.00,1.00,1.00,1.00,1.00,"N",1,0.2,0,0,0,0,0,0,0,0,0,0,0,0,0,0
"US000","2","445","15","0","2025","1","",432,9147,8490,8526,88443583,49210,335,780,"",1.00,1.00,1.00,1.00,1.00,1.00,1.00,1.00,"",1,0.2,211,2.4,-21,-0.2,-1,0.0,1480457,1.7,-8179,-14.3,-15,-4.3,7,0.9
"US000","2","4453","16","0","2025","1","",432,9147,8490,8526,88443583,49210,335,780,"",1.00,1.00,1.00,1.00,1.00,1.00,1.00,1.00,"",1,0.2,211,2.4,-21,-0.2,-1,0.0,1480457,1.7,-8179,-14.3,-15,-4.3,7,0.9
"US000","2","44532","17","0","2025","1","",432,9147,8490,8526,88443583,49210,335,780,"",1.00,1.00,1.00,1.00,1.00,1.00,1.00,1.00,"",1,0.2,211,2.4,-21,-0.2,-1,0.0,1480457,1.7,-8179,-14.3,-15,-4.3,7,0.9
"US000","2","445320","18","0","2025","1","",432,9147,8490,8526,88443583,49210,335,780,"",1.00,1.00,1.00,1.00,1.00,1.00,1.00,1.00,"",1,0.2,211,2.4,-21,-0.2,-1,0.0,1480457,1.7,-8179,-14.3,-15,-4.3,7,0.9
"US000","2","456","15","0","2025","1","",2,38,38,38,857803,0,0,1736,"",1.00,1.00,1.00,1.00,1.00,0.00,0.00,1.00,"",0,0.0,-3,-7.3,-3,-7.3,-2,-5.0,-26997,-3.1,0,0.0,0,0.0,62,3.7
"US000","2","4561","16","0","2025","1","",2,38,38,38,857803,0,0,1736,"",1.00,1.00,1.00,1.00,1.00,0.00,0.00,1.00,"",0,0.0,-3,-7.3,-3,-7.3,-2,-5.0,-26997,-3.1,0,0.0,0,0.0,62,3.7
"US000","2","45611","17","0","2025","1","",2,38,38,38,857803,0,0,1736,"",1.00,1.00,1.00,1.00,1.00,0.00,0.00,1.00,"",0,0.0,-3,-7.3,-3,-7.3,-2,-5.0,-26997,-3.1,0,0.0,0,0.0,62,3.7
"US000","2","456110","18","0","2025","1","",2,38,38,38,857803,0,0,1736,"",1.00,1.00,1.00,1.00,1.00,0.00,0.00,1.00,"",0,0.0,-3,-7.3,-3,-7.3,-2,-5.0,-26997,-3.1,0,0.0,0,0.0,62,3.7
"US000","2","457","15","0","2025","1","N",1,0,0,0,0,0,0,0,"N",1.00,0,0,0,0,0,0,0,"N",0,0.0,0,0,0,0,0,0,0,0,0,0,0,0,0,0
"US000","2","4571","16","0","2025","1","N",1,0,0,0,0,0,0,0,"N",1.00,0,0,0,0,0,0,0,"N",0,0.0,0,0,0,0,0,0,0,0,0,0,0,0,0,0
"US000","2","45712","17","0","2025","1","N",1,0,0,0,0,0,0,0,"N",1.00,0,0,0,0,0,0,0,"N",0,0.0,0,0,0,0,0,0,0,0,0,0,0,0,0,0
"US000","2","457120","18","0","2025","1","N",1,0,0,0,0,0,0,0,"N",1.00,0,0,0,0,0,0,0,"N",0,0.0,0,0,0,0,0,0,0,0,0,0,0,0,0,0
"US000","2","459","15","0","2025","1","N",1,0,0,0,0,0,0,0,"N",1.00,0,0,0,0,0,0,0,"N",0,0.0,0,0,0,0,0,0,0,0,0,0,0,0,0,0
"US000","2","4594","16","0","2025","1","N",1,0,0,0,0,0,0,0,"N",1.00,0,0,0,0,0,0,0,"N",0,0.0,0,0,0,0,0,0,0,0,0,0,0,0,0,0
"US000","2","45942","17","0","2025","1","N",1,0,0,0,0,0,0,0,"N",1.00,0,0,0,0,0,0,0,"N",0,0.0,0,0,0,0,0,0,0,0,0,0,0,0,0,0
"US000","2","459420","18","0","2025","1","N",1,0,0,0,0,0,0,0,"N",1.00,0,0,0,0,0,0,0,"N",0,0.0,0,0,0,0,0,0,0,0,0,0,0,0,0,0
"US000","2","48-49","14","0","2025","1","",466,45890,46096,45954,1061080414,23644938,139106,1775,"",1.00,1.00,1.00,1.00,1.00,1.00,1.00,1.00,"",4,0.9,1525,3.4,1425,3.2,1326,3.0,55854132,5.6,870046,3.8,-1110,-0.8,39,2.2
"US000","2","481","15","0","2025","1","N",1,0,0,0,0,0,0,0,"N",1.00,0,0,0,0,0,0,0,"N",0,0.0,0,0,0,0,0,0,0,0,0,0,0,0,0,0
"US000","2","4812","16","0","2025","1","N",1,0,0,0,0,0,0,0,"N",1.00,0,0,0,0,0,0,0,"N",0,0.0,0,0,0,0,0,0,0,0,0,0,0,0,0,0
"US000","2","48121","17","0","2025","1","N",1,0,0,0,0,0,0,0,"N",1.00,0,0,0,0,0,0,0,"N",0,0.0,0,0,0,0,0,0,0,0,0,0,0,0,0,0
"US000","2","481212","18","0","2025","1","N",1,0,0,0,0,0,0,0,"N",1.00,0,0,0,0,0,0,0,"N",0,0.0,0,0,0,0,0,0,0,0,0,0,0,0,0,0
"US000","2","482","15","0","2025","1","",2,694,699,737,14074128,96000,874,1525,"",1.00,1.00,1.00,1.00,1.00,1.00,1.00,1.00,"",0,0.0,42,6.4,53,8.2,48,7.0,1400376,11.0,-11515,-10.7,57,7.0,53,3.6
"US000","2","4821","16","0","2025","1","",2,694,699,737,14074128,96000,874,1525,"",1.00,1.00,1.00,1.00,1.00,1.00,1.00,1.00,"",0,0.0,42,6.4,53,8.2,48,7.0,1400376,11.0,-11515,-10.7,57,7.0,53,3.6
"US000","2","48211","17","0","2025","1","",2,694,699,737,14074128,96000,874,1525,"",1.00,1.00,1.00,1.00,1.00,1.00,1.00,1.00,"",0,0.0,42,6.4,53,8.2,48,7.0,1400376,11.0,-11515,-10.7,57,7.0,53,3.6
"US000","2","482111","18","0","2025","1","",2,694,699,737,14074128,96000,874,1525,"",1.00,1.00,1.00,1.00,1.00,1.00,1.00,1.00,"",0,0.0,42,6.4,53,8.2,48,7.0,1400376,11.0,-11515,-10.7,57,7.0,53,3.6
"US000","2","483","15","0","2025","1","",14,1974,1978,2004,43893328,3328936,19974,1701,"",1.00,1.00,1.00,1.00,1.00,1.00,1.00,1.00,"",1,7.7,74,3.9,91,4.8,74,3.8,3484869,8.6,-29738,-0.9,-178,-0.9,70,4.3
"US000","2","4831","16","0","2025","1","",13,1685,1688,1711,40559905,0,0,1841,"",1.00,1.00,1.00,1.00,1.00,0.00,0.00,1.00,"",1,8.3,79,4.9,85,5.3,85,5.2,3524806,9.5,0,0.0,0,0.0,73,4.1
"US000","2","48311","17","0","2025","1","",13,1685,1688,1711,40559905,0,0,1841,"",1.00,1.00,1.00,1.00,1.00,0.00,0.00,1.00,"",1,8.3,79,4.9,85,5.3,85,5.2,3524806,9.5,0,0.0,0,0.0,73,4.1
"US000","2","483114","18","0","2025","1","",13,1685,1688,1711,40559905,0,0,1841,"",1.00,1.00,1.00,1.00,1.00,0.00,0.00,1.00,"",1,8.3,79,4.9,85,5.3,85,5.2,3524806,9.5,0,0.0,0,0.0,73,4.1
"US000","2","4832","16","0","2025","1","",1,289,290,293,3333423,3328936,19974,882,"",1.00,1.00,1.00,1.00,1.00,1.00,1.00,1.00,"",0,0.0,-5,-1.7,6,2.1,-11,-3.6,-39937,-1.2,-29738,-0.9,-178,-0.9,-1,-0.1
"US000","2","48321","17","0","2025","1","",1,289,290,293,3333423,3328936,19974,882,"",1.00,1.00,1.00,1.00,1.00,1.00,1.00,1.00,"",0,0.0,-5,-1.7,6,2.1,-11,-3.6,-39937,-1.2,-29738,-0.9,-178,-0.9,-1,-0.1
"US000","2","483212","18","0","2025","1","",1,289,290,293,3333423,3328936,19974,882,"",1.00,1.00,1.00,1.00,1.00,1.00,1.00,1.00,"",0,0.0,-5,-1.7,6,2.1,-11,-3.6,-39937,-1.2,-29738,-0.9,-178,-0.9,-1,-0.1
"US000","2","485","15","0","2025","1","",62,26691,27003,26795,668331970,0,0,1916,"",1.00,1.00,1.00,1.00,1.00,0.00,0.00,1.00,"",4,6.9,1028,4.0,1082,4.2,1030,4.0,34874768,5.5,0,0.0,0,0.0,26,1.4
"US000","2","4851","16","0","2025","1","",59,26137,26426,26246,658105299,0,0,1927,"",1.00,1.00,1.00,1.00,1.00,0.00,0.00,1.00,"",4,7.3,1047,4.2,1108,4.4,1057,4.2,35122720,5.6,0,0.0,0,0.0,25,1.3
"US000","2","48511","17","0","2025","1","",59,26137,26426,26246,658105299,0,0,1927,"",1.00,1.00,1.00,1.00,1.00,0.00,0.00,1.00,"",4,7.3,1047,4.2,1108,4.4,1057,4.2,35122720,5.6,0,0.0,0,0.0,25,1.3
"US000","2","485111","18","0","2025","1","",10,17886,17915,18047,495811037,0,0,2125,"",1.00,1.00,1.00,1.00,1.00,0.00,0.00,1.00,"",0,0.0,812,4.8,840,4.9,812,4.7,35688810,7.8,0,0.0,0,0.0,59,2.9
"US000","2","485112","18","0","2025","1","N",2,0,0,0,0,0,0,0,"N",1.00,0,0,0,0,0,0,0,"N",0,0.0,0,0,0,0,0,0,0,0,0,0,0,0,0,0
"US000","2","485113","18","0","2025","1","N",47,0,0,0,0,0,0,0,"N",1.00,0,0,0,0,0,0,0,"N",4,9.3,0,0,0,0,0,0,0,0,0,0,0,0,0,0
"US000","2","4852","16","0","2025","1","N",2,0,0,0,0,0,0,0,"N",1.00,0,0,0,0,0,0,0,"N",0,0.0,0,0,0,0,0,0,0,0,0,0,0,0,0,0
"US000","2","48521","17","0","2025","1","N",2,0,0,0,0,0,0,0,"N",1.00,0,0,0,0,0,0,0,"N",0,0.0,0,0,0,0,0,0,0,0,0,0,0,0,0,0
"US000","2","485210","18","0","2025","1","N",2,0,0,0,0,0,0,0,"N",1.00,0,0,0,0,0,0,0,"N",0,0.0,0,0,0,0,0,0,0,0,0,0,0,0,0,0
"US000","2","4859","16","0","2025","1","N",1,0,0,0,0,0,0,0,"N",1.00,0,0,0,0,0,0,0,"N",0,0.0,0,0,0,0,0,0,0,0,0,0,0,0,0,0
"US000","2","48599","17","0","2025","1","N",1,0,0,0,0,0,0,0,"N",1.00,0,0,0,0,0,0,0,"N",0,0.0,0,0,0,0,0,0,0,0,0,0,0,0,0,0
"US000","2","485991","18","0","2025","1","N",1,0,0,0,0,0,0,0,"N",1.00,0,0,0,0,0,0,0,"N",0,0.0,0,0,0,0,0,0,0,0,0,0,0,0,0,0
"US000","2","487","15","0","2025","1","",8,222,202,202,3334465,3324580,6649,1229,"",1.00,1.00,1.00,1.00,1.00,1.00,1.00,1.00,"",0,0.0,66,42.3,-4,-1.9,-2,-1.0,123625,3.9,114788,3.6,-116,-1.7,-80,-6.1
"US000","2","4871","16","0","2025","1","",8,222,202,202,3334465,3324580,6649,1229,"",1.00,1.00,1.00,1.00,1.00,1.00,1.00,1.00,"",0,0.0,66,42.3,-4,-1.9,-2,-1.0,123625,3.9,114788,3.6,-116,-1.7,-80,-6.1
"US000","2","48711","17","0","2025","1","",8,222,202,202,3334465,3324580,6649,1229,"",1.00,1.00,1.00,1.00,1.00,1.00,1.00,1.00,"",0,0.0,66,42.3,-4,-1.9,-2,-1.0,123625,3.9,114788,3.6,-116,-1.7,-80,-6.1
"US000","2","487110","18","0","2025","1","",8,222,202,202,3334465,3324580,6649,1229,"",1.00,1.00,1.00,1.00,1.00,1.00,1.00,1.00,"",0,0.0,66,42.3,-4,-1.9,-2,-1.0,123625,3.9,114788,3.6,-116,-1.7,-80,-6.1
"US000","2","488","15","0","2025","1","",371,16058,15966,15968,328210848,16776061,111609,1578,"",1.00,1.00,1.00,1.00,1.00,1.00,1.00,1.00,"",-2,-0.5,255,1.6,146,0.9,131,0.8,14958240,4.8,784143,4.9,-873,-0.8,55,3.6
"US000","2","4881","16","0","2025","1","",168,4482,4479,4470,71578055,434890,1990,1230,"",1.00,1.00,1.00,1.00,1.00,1.00,1.00,1.00,"",-2,-1.2,110,2.5,83,1.9,77,1.8,5099547,7.7,-12192,-2.7,-5181,-72.2,64,5.5
"US000","2","48811","17","0","2025","1","N",167,0,0,0,0,0,0,0,"N",1.00,0,0,0,0,0,0,0,"N",-2,-1.2,0,0,0,0,0,0,0,0,0,0,0,0,0,0
"US000","2","488111","18","0","2025","1","",159,4093,4090,4084,61794619,157003,63,1162,"",1.00,1.00,1.00,1.00,1.00,1.00,1.00,1.00,"",-2,-1.2,118,3.0,88,2.2,89,2.2,4546478,7.9,-8171,-4.9,-5173,-98.8,58,5.3
"US000","2","488119","18","0","2025","1","N",8,0,0,0,0,0,0,0,"N",1.00,0,0,0,0,0,0,0,"N",0,0.0,0,0,0,0,0,0,0,0,0,0,0,0,0,0
"US000","2","48819","17","0","2025","1","N",1,0,0,0,0,0,0,0,"N",1.00,0,0,0,0,0,0,0,"N",0,0.0,0,0,0,0,0,0,0,0,0,0,0,0,0,0
"US000","2","488190","18","0","2025","1","N",1,0,0,0,0,0,0,0,"N",1.00,0,0,0,0,0,0,0,"N",0,0.0,0,0,0,0,0,0,0,0,0,0,0,0,0,0
"US000","2","4883","16","0","2025","1","",13,1194,1178,1171,28052301,2164645,19114,1827,"",1.00,1.00,1.00,1.00,1.00,1.00,1.00,1.00,"",1,8.3,32,2.8,18,1.6,13,1.1,2105691,8.1,164882,8.2,-2543,-11.7,106,6.2
"US000","2","48831","17","0","2025","1","N",12,0,0,0,0,0,0,0,"N",1.00,0,0,0,0,0,0,0,"N",1,9.1,0,0,0,0,0,0,0,0,0,0,0,0,0,0
"US000","2","488310","18","0","2025","1","N",12,0,0,0,0,0,0,0,"N",1.00,0,0,0,0,0,0,0,"N",1,9.1,0,0,0,0,0,0,0,0,0,0,0,0,0,0
"US000","2","48832","17","0","2025","1","N",1,0,0,0,0,0,0,0,"N",1.00,0,0,0,0,0,0,0,"N",0,0.0,0,0,0,0,0,0,0,0,0,0,0,0,0,0
"US000","2","488320","18","0","2025","1","N",1,0,0,0,0,0,0,0,"N",1.00,0,0,0,0,0,0,0,"N",0,0.0,0,0,0,0,0,0,0,0,0,0,0,0,0,0
"US000","2","4884","16","0","2025","1","",190,10382,10309,10327,228580492,14176526,90505,1701,"",1.00,1.00,1.00,1.00,1.00,1.00,1.00,1.00,"",-1,-0.5,113,1.1,45,0.4,41,0.4,7753002,3.5,631453,4.7,6851,8.2,47,2.8
"US000","2","48849","17","0","2025","1","",190,10382,10309,10327,228580492,14176526,90505,1701,"",1.00,1.00,1.00,1.00,1.00,1.00,1.00,1.00,"",-1,-0.5,113,1.1,45,0.4,41,0.4,7753002,3.5,631453,4.7,6851,8.2,47,2.8
"US000","2","488490","18","0","2025","1","",190,10382,10309,10327,228580492,14176526,90505,1701,"",1.00,1.00,1.00,1.00,1.00,1.00,1.00,1.00,"",-1,-0.5,113,1.1,45,0.4,41,0.4,7753002,3.5,631453,4.7,6851,8.2,47,2.8
"US000","2","492","15","0","2025","1","N",1,0,0,0,0,0,0,0,"N",1.00,0,0,0,0,0,0,0,"N",0,0.0,0,0,0,0,0,0,0,0,0,0,0,0,0,0
"US000","2","4922","16","0","2025","1","N",1,0,0,0,0,0,0,0,"N",1.00,0,0,0,0,0,0,0,"N",0,0.0,0,0,0,0,0,0,0,0,0,0,0,0,0,0
"US000","2","49221","17","0","2025","1","N",1,0,0,0,0,0,0,0,"N",1.00,0,0,0,0,0,0,0,"N",0,0.0,0,0,0,0,0,0,0,0,0,0,0,0,0,0
"US000","2","492210","18","0","2025","1","N",1,0,0,0,0,0,0,0,"N",1.00,0,0,0,0,0,0,0,"N",0,0.0,0,0,0,0,0,0,0,0,0,0,0,0,0,0
"US000","2","493","15","0","2025","1","",7,242,239,239,3116314,0,0,999,"",1.00,1.00,1.00,1.00,1.00,0.00,0.00,1.00,"",1,16.7,59,32.2,56,30.6,44,22.6,1000502,47.3,0,0.0,0,0.0,129,14.8
"US000","2","4931","16","0","2025","1","",7,242,239,239,3116314,0,0,999,"",1.00,1.00,1.00,1.00,1.00,0.00,0.00,1.00,"",1,16.7,59,32.2,56,30.6,44,22.6,1000502,47.3,0,0.0,0,0.0,129,14.8
"US000","2","49311","17","0","2025","1","",5,104,103,102,1499016,0,0,1120,"",1.00,1.00,1.00,1.00,1.00,0.00,0.00,1.00,"",0,0.0,3,3.0,4,4.0,2,2.0,87206,6.2,0,0.0,0,0.0,34,3.1
"US000","2","493110","18","0","2025","1","",5,104,103,102,1499016,0,0,1120,"",1.00,1.00,1.00,1.00,1.00,0.00,0.00,1.00,"",0,0.0,3,3.0,4,4.0,2,2.0,87206,6.2,0,0.0,0,0.0,34,3.1
"US000","2","49319","17","0","2025","1","",2,138,136,137,1617298,0,0,908,"",1.00,1.00,1.00,1.00,1.00,0.00,0.00,1.00,"",1,100.0,56,68.3,52,61.9,42,44.2,913296,129.7,0,0.0,0,0.0,286,46.0
"US000","2","493190","18","0","2025","1","",2,138,136,137,1617298,0,0,908,"",1.00,1.00,1.00,1.00,1.00,0.00,0.00,1.00,"",1,100.0,56,68.3,52,61.9,42,44.2,913296,129.7,0,0.0,0,0.0,286,46.0
"US000","2","51","14","0","2025","1","",305,6331,6331,6328,101096804,2241983,7422,1229,"",1.00,1.00,1.00,1.00,1.00,1.00,1.00,1.00,"",0,0.0,128,2.1,111,1.8,58,0.9,8379786,9.0,71991,3.3,-958,-11.4,84,7.3
"US000","2","513","15","0","2025","1","",1,28,28,28,260716,0,0,716,"",1.00,1.00,1.00,1.00,1.00,0.00,0.00,1.00,"",0,0.0,-1,-3.4,0,0.0,-1,-3.4,-7161,-2.7,0,0.0,0,0.0,-3,-0.4
"US000","2","5131","16","0","2025","1","",1,28,28,28,260716,0,0,716,"",1.00,1.00,1.00,1.00,1.00,0.00,0.00,1.00,"",0,0.0,-1,-3.4,0,0.0,-1,-3.4,-7161,-2.7,0,0.0,0,0.0,-3,-0.4
"US000","2","51313","17","0","2025","1","",1,28,28,28,260716,0,0,716,"",1.00,1.00,1.00,1.00,1.00,0.00,0.00,1.00,"",0,0.0,-1,-3.4,0,0.0,-1,-3.4,-7161,-2.7,0,0.0,0,0.0,-3,-0.4
"US000","2","513130","18","0","2025","1","",1,28,28,28,260716,0,0,716,"",1.00,1.00,1.00,1.00,1.00,0.00,0.00,1.00,"",0,0.0,-1,-3.4,0,0.0,-1,-3.4,-7161,-2.7,0,0.0,0,0.0,-3,-0.4
"US000","2","516","15","0","2025","1","",56,701,691,690,10652075,0,0,1181,"",1.00,1.00,1.00,1.00,1.00,0.00,0.00,1.00,"",0,0.0,9,1.3,-4,-0.6,-7,-1.0,384087,3.7,0,0.0,0,0.0,44,3.9
"US000","2","5161","16","0","2025","1","",38,453,447,444,6859157,0,0,1178,"",1.00,1.00,1.00,1.00,1.00,0.00,0.00,1.00,"",0,0.0,0,0.0,-6,-1.3,-9,-2.0,315035,4.8,0,0.0,0,0.0,67,6.0
"US000","2","51612","17","0","2025","1","",38,453,447,444,6859157,0,0,1178,"",1.00,1.00,1.00,1.00,1.00,0.00,0.00,1.00,"",0,0.0,0,0.0,-6,-1.3,-9,-2.0,315035,4.8,0,0.0,0,0.0,67,6.0
"US000","2","516120","18","0","2025","1","",38,453,447,444,6859157,0,0,1178,"",1.00,1.00,1.00,1.00,1.00,0.00,0.00,1.00,"",0,0.0,0,0.0,-6,-1.3,-9,-2.0,315035,4.8,0,0.0,0,0.0,67,6.0
"US000","2","5162","16","0","2025","1","",18,248,244,246,3792918,0,0,1186,"",1.00,1.00,1.00,1.00,1.00,0.00,0.00,1.00,"",0,0.0,9,3.8,2,0.8,2,0.8,69052,1.9,0,0.0,0,0.0,1,0.1
"US000","2","51621","17","0","2025","1","",18,248,244,246,3792918,0,0,1186,"",1.00,1.00,1.00,1.00,1.00,0.00,0.00,1.00,"",0,0.0,9,3.8,2,0.8,2,0.8,69052,1.9,0,0.0,0,0.0,1,0.1
"US000","2","516210","18","0","2025","1","",18,248,244,246,3792918,0,0,1186,"",1.00,1.00,1.00,1.00,1.00,0.00,0.00,1.00,"",0,0.0,9,3.8,2,0.8,2,0.8,69052,1.9,0,0.0,0,0.0,1,0.1
"US000","2","517","15","0","2025","1","",5,118,118,116,2946563,376000,2707,1932,"",1.00,1.00,1.00,1.00,1.00,1.00,1.00,1.00,"",0,0.0,2,1.7,2,1.7,2,1.8,120115,4.2,15679,4.4,-3382,-55.5,47,2.5
"US000","2","5171","16","0","2025","1","",5,118,118,116,2946563,376000,2707,1932,"",1.00,1.00,1.00,1.00,1.00,1.00,1.00,1.00,"",0,0.0,2,1.7,2,1.7,2,1.8,120115,4.2,15679,4.4,-3382,-55.5,47,2.5
"US000","2","51711","17","0","2025","1","",5,118,118,116,2946563,376000,2707,1932,"",1.00,1.00,1.00,1.00,1.00,1.00,1.00,1.00,"",0,0.0,2,1.7,2,1.7,2,1.8,120115,4.2,15679,4.4,-3382,-55.5,47,2.5
"US000","2","517111","18","0","2025","1","",5,118,118,116,2946563,376000,2707,1932,"",1.00,1.00,1.00,1.00,1.00,1.00,1.00,1.00,"",0,0.0,2,1.7,2,1.7,2,1.8,120115,4.2,15679,4.4,-3382,-55.5,47,2.5
"US000","2","518","15","0","2025","1","",19,1048,1055,1046,24694133,0,0,1810,"",1.00,1.00,1.00,1.00,1.00,0.00,0.00,1.00,"",-1,-5.0,45,4.5,42,4.1,29,2.9,1952443,8.6,0,0.0,0,0.0,80,4.6
"US000","2","5182","16","0","2025","1","",19,1048,1055,1046,24694133,0,0,1810,"",1.00,1.00,1.00,1.00,1.00,0.00,0.00,1.00,"",-1,-5.0,45,4.5,42,4.1,29,2.9,1952443,8.6,0,0.0,0,0.0,80,4.6
"US000","2","51821","17","0","2025","1","",19,1048,1055,1046,24694133,0,0,1810,"",1.00,1.00,1.00,1.00,1.00,0.00,0.00,1.00,"",-1,-5.0,45,4.5,42,4.1,29,2.9,1952443,8.6,0,0.0,0,0.0,80,4.6
"US000","2","518210","18","0","2025","1","",19,1048,1055,1046,24694133,0,0,1810,"",1.00,1.00,1.00,1.00,1.00,0.00,0.00,1.00,"",-1,-5.0,45,4.5,42,4.1,29,2.9,1952443,8.6,0,0.0,0,0.0,80,4.6
"US000","2","519","15","0","2025","1","",224,4436,4439,4448,62543317,1865983,4715,1083,"",1.00,1.00,1.00,1.00,1.00,1.00,1.00,1.00,"",1,0.4,73,1.7,71,1.6,35,0.8,5930302,10.5,56312,3.1,2424,105.8,89,9.0
"US000","2","5192","16","0","2025","1","",224,4436,4439,4448,62543317,1865983,4715,1083,"",1.00,1.00,1.00,1.00,1.00,1.00,1.00,1.00,"",1,0.4,73,1.7,71,1.6,35,0.8,5930302,10.5,56312,3.1,2424,105.8,89,9.0
"US000","2","51921","17","0","2025","1","",224,4436,4439,4448,62543317,1865983,4715,1083,"",1.00,1.00,1.00,1.00,1.00,1.00,1.00,1.00,"",1,0.4,73,1.7,71,1.6,35,0.8,5930302,10.5,56312,3.1,2424,105.8,89,9.0
"US000","2","519210","18","0","2025","1","",224,4436,4439,4448,62543317,1865983,4715,1083,"",1.00,1.00,1.00,1.00,1.00,1.00,1.00,1.00,"",1,0.4,73,1.7,71,1.6,35,0.8,5930302,10.5,56312,3.1,2424,105.8,89,9.0
"US000","2","52","14","0","2025","1","",112,11348,11305,11334,279941672,9348471,57523,1901,"",1.00,1.00,1.00,1.00,1.00,1.00,1.00,1.00,"",0,0.0,-30,-0.3,-90,-0.8,-92,-0.8,1970785,0.7,-103768,-1.1,13675,31.2,25,1.3
"US000","2","522","15","0","2025","1","",36,3372,3339,3366,75836232,6170873,48793,1737,"",1.00,1.00,1.00,1.00,1.00,1.00,1.00,1.00,"",3,9.1,-217,-6.0,-267,-7.4,-239,-6.6,-1342652,-1.7,-388590,-5.9,7640,18.6,88,5.3
"US000","2","5221","16","0","2025","1","N",16,0,0,0,0,0,0,0,"N",1.00,0,0,0,0,0,0,0,"N",2,14.3,0,0,0,0,0,0,0,0,0,0,0,0,0,0
"US000","2","52211","17","0","2025","1","",13,179,181,182,3954203,0,0,1684,"",1.00,1.00,1.00,1.00,1.00,0.00,0.00,1.00,"",2,18.2,1,0.6,5,2.8,6,3.4,297480,8.1,0,0.0,0,0.0,92,5.8
"US000","2","522110","18","0","2025","1","",13,179,181,182,3954203,0,0,1684,"",1.00,1.00,1.00,1.00,1.00,0.00,0.00,1.00,"",2,18.2,1,0.6,5,2.8,6,3.4,297480,8.1,0,0.0,0,0.0,92,5.8
"US000","2","52213","17","0","2025","1","N",3,0,0,0,0,0,0,0,"N",1.00,0,0,0,0,0,0,0,"N",0,0.0,0,0,0,0,0,0,0,0,0,0,0,0,0,0
"US000","2","522130","18","0","2025","1","N",3,0,0,0,0,0,0,0,"N",1.00,0,0,0,0,0,0,0,"N",0,0.0,0,0,0,0,0,0,0,0,0,0,0,0,0,0
"US000","2","5222","16","0","2025","1","",17,2625,2586,2609,54414938,6170873,48793,1606,"",1.00,1.00,1.00,1.00,1.00,1.00,1.00,1.00,"",1,6.2,-264,-9.1,-323,-11.1,-292,-10.1,-3669102,-6.3,-388590,-5.9,7640,18.6,65,4.2
"US000","2","52229","17","0","2025","1","",17,2625,2586,2609,54414938,6170873,48793,1606,"",1.00,1.00,1.00,1.00,1.00,1.00,1.00,1.00,"",1,6.2,-264,-9.1,-323,-11.1,-292,-10.1,-3669102,-6.3,-388590,-5.9,7640,18.6,65,4.2
"US000","2","522291","18","0","2025","1","N",4,0,0,0,0,0,0,0,"N",1.00,0,0,0,0,0,0,0,"N",1,33.3,0,0,0,0,0,0,0,0,0,0,0,0,0,0
"US000","2","522292","18","0","2025","1","N",5,0,0,0,0,0,0,0,"N",1.00,0,0,0,0,0,0,0,"N",0,0.0,0,0,0,0,0,0,0,0,0,0,0,0,0,0
"US000","2","522299","18","0","2025","1","N",8,0,0,0,0,0,0,0,"N",1.00,0,0,0,0,0,0,0,"N",0,0.0,0,0,0,0,0,0,0,0,0,0,0,0,0,0
"US000","2","5223","16","0","2025","1","N",3,0,0,0,0,0,0,0,"N",1.00,0,0,0,0,0,0,0,"N",0,0.0,0,0,0,0,0,0,0,0,0,0,0,0,0,0
"US000","2","52231","17","0","2025","1","N",1,0,0,0,0,0,0,0,"N",1.00,0,0,0,0,0,0,0,"N",0,0.0,0,0,0,0,0,0,0,0,0,0,0,0,0,0
"US000","2","522310","18","0","2025","1","N",1,0,0,0,0,0,0,0,"N",1.00,0,0,0,0,0,0,0,"N",0,0.0,0,0,0,0,0,0,0,0,0,0,0,0,0,0
"US000","2","52239","17","0","2025","1","N",2,0,0,0,0,0,0,0,"N",1.00,0,0,0,0,0,0,0,"N",0,0.0,0,0,0,0,0,0,0,0,0,0,0,0,0,0
"US000","2","522390","18","0","2025","1","N",2,0,0,0,0,0,0,0,"N",1.00,0,0,0,0,0,0,0,"N",0,0.0,0,0,0,0,0,0,0,0,0,0,0,0,0,0
"US000","2","523","15","0","2025","1","",13,1158,1145,1150,28228769,113530,0,1887,"",1.00,1.00,1.00,1.00,1.00,1.00,0.00,1.00,"",-1,-7.1,64,5.9,36,3.2,34,3.0,2502072,9.7,9181,8.8,0,0.0,98,5.5
"US000","2","5239","16","0","2025","1","",13,1158,1145,1150,28228769,113530,0,1887,"",1.00,1.00,1.00,1.00,1.00,1.00,0.00,1.00,"",-1,-7.1,64,5.9,36,3.2,34,3.0,2502072,9.7,9181,8.8,0,0.0,98,5.5
"US000","2","52394","17","0","2025","1","",13,1158,1145,1150,28228769,113530,0,1887,"",1.00,1.00,1.00,1.00,1.00,1.00,0.00,1.00,"",-1,-7.1,64,5.9,36,3.2,34,3.0,2502072,9.7,9181,8.8,0,0.0,98,5.5
"US000","2","523940","18","0","2025","1","",13,1158,1145,1150,28228769,113530,0,1887,"",1.00,1.00,1.00,1.00,1.00,1.00,0.00,1.00,"",-1,-7.1,64,5.9,36,3.2,34,3.0,2502072,9.7,9181,8.8,0,0.0,98,5.5
"US000","2","524","15","0","2025","1","",54,6626,6628,6618,171516812,2950713,8730,1992,"",1.00,1.00,1.00,1.00,1.00,1.00,1.00,1.00,"",-2,-3.6,82,1.3,98,1.5,68,1.0,-236236,-0.1,294791,11.1,6035,223.9,-28,-1.4
"US000","2","5241","16","0","2025","1","",32,4402,4406,4409,110798659,2869789,8609,1935,"",1.00,1.00,1.00,1.00,1.00,1.00,1.00,1.00,"",-3,-8.6,110,2.6,101,2.3,80,1.8,-1756093,-1.6,291679,11.3,6031,233.9,-74,-3.7
"US000","2","52411","17","0","2025","1","",9,334,338,338,7759261,2869789,8609,1773,"",1.00,1.00,1.00,1.00,1.00,1.00,1.00,1.00,"",-1,-10.0,5,1.5,9,2.7,11,3.4,576763,8.0,291679,11.3,6031,233.9,90,5.3
"US000","2","524114","18","0","2025","1","",9,334,338,338,7759261,2869789,8609,1773,"",1.00,1.00,1.00,1.00,1.00,1.00,1.00,1.00,"",-1,-10.0,5,1.5,9,2.7,11,3.4,576763,8.0,291679,11.3,6031,233.9,90,5.3
"US000","2","52412","17","0","2025","1","",23,4068,4068,4071,103039398,0,0,1948,"",1.00,1.00,1.00,1.00,1.00,0.00,0.00,1.00,"",-2,-8.0,105,2.6,92,2.3,69,1.7,-2332856,-2.2,0,0.0,0,0.0,-88,-4.3
"US000","2","524126","18","0","2025","1","",22,4026,4025,4028,102231163,0,0,1953,"",1.00,1.00,1.00,1.00,1.00,0.00,0.00,1.00,"",-2,-8.3,91,2.3,79,2.0,60,1.5,-2571294,-2.5,0,0.0,0,0.0,-88,-4.3
"US000","2","524128","18","0","2025","1","",1,42,43,43,808235,0,0,1457,"",1.00,1.00,1.00,1.00,1.00,0.00,0.00,1.00,"",0,0.0,14,50.0,13,43.3,9,26.5,238438,41.8,0,0.0,0,0.0,28,2.0
"US000","2","5242","16","0","2025","1","",22,2224,2222,2209,60718153,80924,121,2105,"",1.00,1.00,1.00,1.00,1.00,1.00,1.00,1.00,"",1,4.8,-28,-1.2,-3,-0.1,-12,-0.5,1519857,2.6,3112,4.0,4,3.4,65,3.2
"US000","2","52421","17","0","2025","1","",6,2,2,2,58328,0,0,2243,"",1.00,1.00,1.00,1.00,1.00,0.00,0.00,1.00,"",1,20.0,0,0.0,0,0.0,0,0.0,-122,-0.2,0,0.0,0,0.0,-5,-0.2
"US000","2","524210","18","0","2025","1","",6,2,2,2,58328,0,0,2243,"",1.00,1.00,1.00,1.00,1.00,0.00,0.00,1.00,"",1,20.0,0,0.0,0,0.0,0,0.0,-122,-0.2,0,0.0,0,0.0,-5,-0.2
"US000","2","52429","17","0","2025","1","",16,2222,2220,2207,60659825,80924,121,2105,"",1.00,1.00,1.00,1.00,1.00,1.00,1.00,1.00,"",0,0.0,-28,-1.2,-3,-0.1,-12,-0.5,1519979,2.6,3112,4.0,4,3.4,66,3.2
"US000","2","524292","18","0","2025","1","",11,1825,1829,1833,53625139,80924,121,2255,"",1.00,1.00,1.00,1.00,1.00,1.00,1.00,1.00,"",0,0.0,-26,-1.4,-9,-0.5,-8,-0.4,1535406,2.9,3112,4.0,4,3.4,81,3.7
"US000","2","524298","18","0","2025","1","",5,397,391,374,7034686,0,0,1397,"",1.00,1.00,1.00,1.00,1.00,0.00,0.00,1.00,"",0,0.0,-2,-0.5,6,1.6,-4,-1.1,-15427,-0.2,0,0.0,0,0.0,-3,-0.2
"US000","2","525","15","0","2025","1","",9,192,193,200,4359859,113355,0,1720,"",1.00,1.00,1.00,1.00,1.00,1.00,0.00,1.00,"",0,0.0,41,27.2,43,28.7,45,29.0,1047601,31.6,-19150,-14.5,0,0.0,44,2.6
"US000","2","5251","16","0","2025","1","",9,192,193,200,4359859,113355,0,1720,"",1.00,1.00,1.00,1.00,1.00,1.00,0.00,1.00,"",0,0.0,41,27.2,43,28.7,45,29.0,1047601,31.6,-19150,-14.5,0,0.0,44,2.6
"US000","2","52511","17","0","2025","1","",3,132,132,132,2782266,0,0,1621,"",1.00,1.00,1.00,1.00,1.00,0.00,0.00,1.00,"",0,0.0,7,5.6,9,7.3,6,4.8,258465,10.2,0,0.0,0,0.0,64,4.1
"US000","2","525110","18","0","2025","1","",3,132,132,132,2782266,0,0,1621,"",1.00,1.00,1.00,1.00,1.00,0.00,0.00,1.00,"",0,0.0,7,5.6,9,7.3,6,4.8,258465,10.2,0,0.0,0,0.0,64,4.1
"US000","2","52512","17","0","2025","1","N",1,0,0,0,0,0,0,0,"N",1.00,0,0,0,0,0,0,0,"N",0,0.0,0,0,0,0,0,0,0,0,0,0,0,0,0,0
"US000","2","525120","18","0","2025","1","N",1,0,0,0,0,0,0,0,"N",1.00,0,0,0,0,0,0,0,"N",0,0.0,0,0,0,0,0,0,0,0,0,0,0,0,0,0
"US000","2","52519","17","0","2025","1","N",5,0,0,0,0,0,0,0,"N",1.00,0,0,0,0,0,0,0,"N",0,0.0,0,0,0,0,0,0,0,0,0,0,0,0,0,0
"US000","2","525190","18","0","2025","1","N",5,0,0,0,0,0,0,0,"N",1.00,0,0,0,0,0,0,0,"N",0,0.0,0,0,0,0,0,0,0,0,0,0,0,0,0,0
"US000","2","53","14","0","2025","1","",36,652,661,663,12261842,6811134,99008,1432,"",1.00,1.00,1.00,1.00,1.00,1.00,1.00,1.00,"",1,2.9,73,12.6,74,12.6,75,12.8,2041573,20.0,-107156,-1.5,18747,23.4,87,6.5
"US000","2","531","15","0","2025","1","",36,652,661,663,12261842,6811134,99008,1432,"",1.00,1.00,1.00,1.00,1.00,1.00,1.00,1.00,"",1,2.9,73,12.6,74,12.6,75,12.8,2041573,20.0,-107156,-1.5,18747,23.4,87,6.5
"US000","2","5311","16","0","2025","1","N",33,0,0,0,0,0,0,0,"N",1.00,0,0,0,0,0,0,0,"N",0,0.0,0,0,0,0,0,0,0,0,0,0,0,0,0,0
"US000","2","53111","17","0","2025","1","N",25,0,0,0,0,0,0,0,"N",1.00,0,0,0,0,0,0,0,"N",1,4.2,0,0,0,0,0,0,0,0,0,0,0,0,0,0
"US000","2","531110","18","0","2025","1","N",25,0,0,0,0,0,0,0,"N",1.00,0,0,0,0,0,0,0,"N",1,4.2,0,0,0,0,0,0,0,0,0,0,0,0,0,0
"US000","2","53112","17","0","2025","1","",1,0,1,1,17172,0,0,1981,"",1.00,0.00,1.00,1.00,1.00,0.00,0.00,1.00,"",0,0.0,-1,-100.0,0,0.0,0,0.0,5641,48.9,0,0.0,0,0.0,1094,123.3
"US000","2","531120","18","0","2025","1","",1,0,1,1,17172,0,0,1981,"",1.00,0.00,1.00,1.00,1.00,0.00,0.00,1.00,"",0,0.0,-1,-100.0,0,0.0,0,0.0,5641,48.9,0,0.0,0,0.0,1094,123.3
"US000","2","53119","17","0","2025","1","N",7,0,0,0,0,0,0,0,"N",1.00,0,0,0,0,0,0,0,"N",-1,-12.5,0,0,0,0,0,0,0,0,0,0,0,0,0,0
"US000","2","531190","18","0","2025","1","N",7,0,0,0,0,0,0,0,"N",1.00,0,0,0,0,0,0,0,"N",-1,-12.5,0,0,0,0,0,0,0,0,0,0,0,0,0,0
"US000","2","5313","16","0","2025","1","N",3,0,0,0,0,0,0,0,"N",1.00,0,0,0,0,0,0,0,"N",1,50.0,0,0,0,0,0,0,0,0,0,0,0,0,0,0
"US000","2","53131","17","0","2025","1","N",2,0,0,0,0,0,0,0,"N",1.00,0,0,0,0,0,0,0,"N",1,100.0,0,0,0,0,0,0,0,0,0,0,0,0,0,0
"US000","2","531311","18","0","2025","1","N",1,0,0,0,0,0,0,0,"N",1.00,0,0,0,0,0,0,0,"N",0,0.0,0,0,0,0,0,0,0,0,0,0,0,0,0,0
"US000","2","531312","18","0","2025","1","",1,2,2,2,52681,0,0,2026,"",1.00,1.00,1.00,1.00,1.00,0.00,0.00,1.00,"",1,100.0,2,100.0,2,100.0,2,100.0,52681,100.0,0,0.0,0,0.0,2026,100.0
"US000","2","53139","17","0","2025","1","N",1,0,0,0,0,0,0,0,"N",1.00,0,0,0,0,0,0,0,"N",0,0.0,0,0,0,0,0,0,0,0,0,0,0,0,0,0
"US000","2","531390","18","0","2025","1","N",1,0,0,0,0,0,0,0,"N",1.00,0,0,0,0,0,0,0,"N",0,0.0,0,0,0,0,0,0,0,0,0,0,0,0,0,0
"US000","2","54","14","0","2025","1","",683,27747,27804,27810,665195289,40464450,109354,1841,"",1.00,1.00,1.00,1.00,1.00,1.00,1.00,1.00,"",9,1.3,752,2.8,715,2.6,642,2.4,35076462,5.6,3777312,10.3,15798,16.9,51,2.8
"US000","2","541","15","0","2025","1","",683,27747,27804,27810,665195289,40464450,109354,1841,"",1.00,1.00,1.00,1.00,1.00,1.00,1.00,1.00,"",9,1.3,752,2.8,715,2.6,642,2.4,35076462,5.6,3777312,10.3,15798,16.9,51,2.8
"US000","2","5411","16","0","2025","1","",37,357,368,367,7408191,14000,245,1566,"",1.00,1.00,1.00,1.00,1.00,1.00,1.00,1.00,"",-1,-2.6,34,10.5,36,10.8,34,10.2,918239,14.1,14000,100.0,245,100.0,50,3.3
"US000","2","54111","17","0","2025","1","",36,356,367,366,7389960,0,0,1566,"",1.00,1.00,1.00,1.00,1.00,0.00,0.00,1.00,"",-2,-5.3,33,10.2,35,10.5,33,9.9,900008,13.9,0,0.0,0,0.0,50,3.3
"US000","2","541110","18","0","2025","1","",36,356,367,366,7389960,0,0,1566,"",1.00,1.00,1.00,1.00,1.00,0.00,0.00,1.00,"",-2,-5.3,33,10.2,35,10.5,33,9.9,900008,13.9,0,0.0,0,0.0,50,3.3
"US000","2","54119","17","0","2025","1","",1,1,1,1,18231,14000,245,1402,"",1.00,1.00,1.00,1.00,1.00,1.00,1.00,1.00,"",1,100.0,1,100.0,1,100.0,1,100.0,18231,100.0,14000,100.0,245,100.0,1402,100.0
"US000","2","541199","18","0","2025","1","",1,1,1,1,18231,14000,245,1402,"",1.00,1.00,1.00,1.00,1.00,1.00,1.00,1.00,"",1,100.0,1,100.0,1,100.0,1,100.0,18231,100.0,14000,100.0,245,100.0,1402,100.0
"US000","2","5412","16","0","2025","1","",13,191,193,186,2360421,0,0,956,"",1.00,1.00,1.00,1.00,1.00,0.00,0.00,1.00,"",3,30.0,56,41.5,57,41.9,53,39.8,340854,16.9,0,0.0,0,0.0,-198,-17.2
"US000","2","54121","17","0","2025","1","",13,191,193,186,2360421,0,0,956,"",1.00,1.00,1.00,1.00,1.00,0.00,0.00,1.00,"",3,30.0,56,41.5,57,41.9,53,39.8,340854,16.9,0,0.0,0,0.0,-198,-17.2
"US000","2","541211","18","0","2025","1","N",3,0,0,0,0,0,0,0,"N",1.00,0,0,0,0,0,0,0,"N",0,0.0,0,0,0,0,0,0,0,0,0,0,0,0,0,0
"US000","2","541214","18","0","2025","1","",1,1,1,1,4576,0,0,352,"",1.00,1.00,1.00,1.00,1.00,0.00,0.00,1.00,"",1,100.0,1,100.0,1,100.0,1,100.0,4576,100.0,0,0.0,0,0.0,352,100.0
"US000","2","541219","18","0","2025","1","N",9,0,0,0,0,0,0,0,"N",1.00,0,0,0,0,0,0,0,"N",2,28.6,0,0,0,0,0,0,0,0,0,0,0,0,0,0
"US000","2","5413","16","0","2025","1","",75,5908,5901,5896,121276802,794696,7950,1581,"",1.00,1.00,1.00,1.00,1.00,1.00,1.00,1.00,"",-1,-1.3,182,3.2,151,2.6,121,2.1,8795657,7.8,157355,24.7,1555,24.3,76,5.0
"US000","2","54131","17","0","2025","1","",1,1,1,1,38733,9500,257,2979,"",1.00,1.00,1.00,1.00,1.00,1.00,1.00,1.00,"",0,0.0,0,0.0,0,0.0,0,0.0,1310,3.5,-21,-0.2,0,0.0,100,3.5
"US000","2","541310","18","0","2025","1","",1,1,1,1,38733,9500,257,2979,"",1.00,1.00,1.00,1.00,1.00,1.00,1.00,1.00,"",0,0.0,0,0.0,0,0.0,0,0.0,1310,3.5,-21,-0.2,0,0.0,100,3.5
"US000","2","54133","17","0","2025","1","",64,5337,5326,5321,110477851,719010,7190,1595,"",1.00,1.00,1.00,1.00,1.00,1.00,1.00,1.00,"",0,0.0,167,3.2,131,2.5,106,2.0,8121359,7.9,106590,17.4,1066,17.4,79,5.2
"US000","2","541330","18","0","2025","1","",64,5337,5326,5321,110477851,719010,7190,1595,"",1.00,1.00,1.00,1.00,1.00,1.00,1.00,1.00,"",0,0.0,167,3.2,131,2.5,106,2.0,8121359,7.9,106590,17.4,1066,17.4,79,5.2
"US000","2","54134","17","0","2025","1","N",1,0,0,0,0,0,0,0,"N",1.00,0,0,0,0,0,0,0,"N",0,0.0,0,0,0,0,0,0,0,0,0,0,0,0,0,0
"US000","2","541340","18","0","2025","1","N",1,0,0,0,0,0,0,0,"N",1.00,0,0,0,0,0,0,0,"N",0,0.0,0,0,0,0,0,0,0,0,0,0,0,0,0,0
"US000","2","54138","17","0","2025","1","N",9,0,0,0,0,0,0,0,"N",1.00,0,0,0,0,0,0,0,"N",-1,-10.0,0,0,0,0,0,0,0,0,0,0,0,0,0,0
"US000","2","541380","18","0","2025","1","N",9,0,0,0,0,0,0,0,"N",1.00,0,0,0,0,0,0,0,"N",-1,-10.0,0,0,0,0,0,0,0,0,0,0,0,0,0,0
"US000","2","5415","16","0","2025","1","",319,10136,10118,10113,261745958,1251287,12636,1989,"",1.00,1.00,1.00,1.00,1.00,1.00,1.00,1.00,"",-4,-1.2,44,0.4,73,0.7,68,0.7,6478966,2.5,-42908,-3.3,-439,-3.4,37,1.9
"US000","2","54151","17","0","2025","1","",319,10136,10118,10113,261745958,1251287,12636,1989,"",1.00,1.00,1.00,1.00,1.00,1.00,1.00,1.00,"",-4,-1.2,44,0.4,73,0.7,68,0.7,6478966,2.5,-42908,-3.3,-439,-3.4,37,1.9
"US000","2","541511","18","0","2025","1","",96,2359,2356,2347,63212852,1249787,12555,2066,"",1.00,1.00,1.00,1.00,1.00,1.00,1.00,1.00,"N",0,0.0,0,0,0,0,0,0,0,0,0,0,0,0,0,0
"US000","2","541512","18","0","2025","1","",177,4770,4759,4764,133028048,0,0,2148,"",1.00,1.00,1.00,1.00,1.00,0.00,0.00,1.00,"",0,0.0,0,0.0,-40,-0.8,-31,-0.6,5157894,4.0,-2160,-100.0,-58,-100.0,94,4.6
"US000","2","541513","18","0","2025","1","",41,2964,2957,2958,64553071,0,0,1678,"",1.00,1.00,1.00,1.00,1.00,0.00,0.00,1.00,"",-2,-4.7,93,3.2,72,2.5,55,1.9,1138489,1.8,0,0.0,0,0.0,-12,-0.7
"US000","2","541519","18","0","2025","1","",5,43,46,44,951987,1500,81,1652,"",1.00,1.00,1.00,1.00,1.00,1.00,1.00,1.00,"N",-2,-28.6,0,0,0,0,0,0,0,0,0,0,0,0,0,0
"US000","2","5416","16","0","2025","1","",13,212,213,223,3418552,1428249,5799,1217,"",1.00,1.00,1.00,1.00,1.00,1.00,1.00,1.00,"",2,18.2,40,23.3,38,21.7,37,19.9,983347,40.4,20157,1.4,-534,-8.4,163,15.5
"US000","2","54161","17","0","2025","1","N",10,0,0,0,0,0,0,0,"N",1.00,0,0,0,0,0,0,0,"N",2,25.0,0,0,0,0,0,0,0,0,0,0,0,0,0,0
"US000","2","541611","18","0","2025","1","N",5,0,0,0,0,0,0,0,"N",1.00,0,0,0,0,0,0,0,"N",0,0.0,0,0,0,0,0,0,0,0,0,0,0,0,0,0
"US000","2","541612","18","0","2025","1","",3,33,34,33,769916,0,0,1777,"",1.00,1.00,1.00,1.00,1.00,0.00,0.00,1.00,"",1,50.0,31,1550.0,32,1600.0,31,1550.0,743526,2817.5,0,0.0,0,0.0,762,75.1
"US000","2","541613","18","0","2025","1","",1,3,3,15,111483,51686,3205,1225,"",1.00,1.00,1.00,1.00,1.00,1.00,1.00,1.00,"",0,0.0,0,0.0,0,0.0,0,0.0,7091,6.8,4136,8.7,257,8.7,78,6.8
"US000","2","541614","18","0","2025","1","",1,2,2,2,63740,0,0,2452,"",1.00,1.00,1.00,1.00,1.00,0.00,0.00,1.00,"N",1,100.0,0,0,0,0,0,0,0,0,0,0,0,0,0,0
"US000","2","54162","17","0","2025","1","N",3,0,0,0,0,0,0,0,"N",1.00,0,0,0,0,0,0,0,"N",0,0.0,0,0,0,0,0,0,0,0,0,0,0,0,0,0
"US000","2","541620","18","0","2025","1","N",3,0,0,0,0,0,0,0,"N",1.00,0,0,0,0,0,0,0,"N",0,0.0,0,0,0,0,0,0,0,0,0,0,0,0,0,0
"US000","2","5417","16","0","2025","1","",180,10502,10554,10580,261254155,36970458,82666,1906,"",1.00,1.00,1.00,1.00,1.00,1.00,1.00,1.00,"",6,3.4,370,3.7,316,3.1,301,2.9,16727788,6.8,3632690,10.9,14998,22.2,65,3.5
"US000","2","54171","17","0","2025","1","",172,10363,10414,10440,258796543,36811662,82348,1913,"",1.00,1.00,1.00,1.00,1.00,1.00,1.00,1.00,"",7,4.2,366,3.7,314,3.1,297,2.9,16593298,6.9,3653512,11.0,15219,22.7,65,3.5
"US000","2","541713","18","0","2025","1","N",2,0,0,0,0,0,0,0,"N",1.00,0,0,0,0,0,0,0,"N",0,0.0,0,0,0,0,0,0,0,0,0,0,0,0,0,0
"US000","2","541714","18","0","2025","1","N",6,0,0,0,0,0,0,0,"N",1.00,0,0,0,0,0,0,0,"N",0,0.0,0,0,0,0,0,0,0,0,0,0,0,0,0,0
"US000","2","541715","18","0","2025","1","",164,10078,10122,10130,253279795,36757762,81356,1927,"",1.00,1.00,1.00,1.00,1.00,1.00,1.00,1.00,"",7,4.5,316,3.2,260,2.6,226,2.3,15657856,6.6,3660012,11.1,15411,23.4,70,3.8
"US000","2","54172","17","0","2025","1","",8,139,140,140,2457612,158796,318,1354,"",1.00,1.00,1.00,1.00,1.00,1.00,1.00,1.00,"",-1,-11.1,4,3.0,2,1.4,4,2.9,134490,5.8,-20822,-11.6,-221,-41.0,43,3.3
"US000","2","541720","18","0","2025","1","",8,139,140,140,2457612,158796,318,1354,"",1.00,1.00,1.00,1.00,1.00,1.00,1.00,1.00,"",-1,-11.1,4,3.0,2,1.4,4,2.9,134490,5.8,-20822,-11.6,-221,-41.0,43,3.3
"US000","2","5418","16","0","2025","1","",4,19,20,19,470471,0,0,1872,"",1.00,1.00,1.00,1.00,1.00,0.00,0.00,1.00,"",0,0.0,1,5.6,2,11.1,1,5.6,13956,3.1,0,0.0,0,0.0,-79,-4.0
"US000","2","54185","17","0","2025","1","",4,19,20,19,470471,0,0,1872,"",1.00,1.00,1.00,1.00,1.00,0.00,0.00,1.00,"",0,0.0,1,5.6,2,11.1,1,5.6,13956,3.1,0,0.0,0,0.0,-79,-4.0
"US000","2","541850","18","0","2025","1","",4,19,20,19,470471,0,0,1872,"",1.00,1.00,1.00,1.00,1.00,0.00,0.00,1.00,"",0,0.0,1,5.6,2,11.1,1,5.6,13956,3.1,0,0.0,0,0.0,-79,-4.0
"US000","2","5419","16","0","2025","1","",42,422,437,426,7260739,5760,58,1304,"",1.00,1.00,1.00,1.00,1.00,1.00,1.00,1.00,"",4,10.5,25,6.3,42,10.6,27,6.8,817655,12.7,-3982,-40.9,-27,-31.8,56,4.5
"US000","2","54191","17","0","2025","1","",2,5,5,5,169068,0,0,2601,"",1.00,1.00,1.00,1.00,1.00,0.00,0.00,1.00,"",0,0.0,0,0.0,1,25.0,1,25.0,36573,27.6,-1668,-100.0,-4,-100.0,249,10.6
"US000","2","541910","18","0","2025","1","",2,5,5,5,169068,0,0,2601,"",1.00,1.00,1.00,1.00,1.00,0.00,0.00,1.00,"",0,0.0,0,0.0,1,25.0,1,25.0,36573,27.6,-1668,-100.0,-4,-100.0,249,10.6
"US000","2","54194","17","0","2025","1","",11,321,302,295,4656813,0,0,1171,"",1.00,1.00,1.00,1.00,1.00,0.00,0.00,1.00,"",0,0.0,24,8.1,6,2.0,-4,-1.3,416498,9.8,0,0.0,0,0.0,74,6.7
"US000","2","541940","18","0","2025","1","",11,321,302,295,4656813,0,0,1171,"",1.00,1.00,1.00,1.00,1.00,0.00,0.00,1.00,"",0,0.0,24,8.1,6,2.0,-4,-1.3,416498,9.8,0,0.0,0,0.0,74,6.7
"US000","2","54199","17","0","2025","1","",29,96,130,126,2434858,5760,58,1596,"",1.00,1.00,1.00,1.00,1.00,1.00,1.00,1.00,"",4,16.0,1,1.1,35,36.8,30,31.2,364584,17.6,-2314,-28.7,-23,-28.4,-74,-4.4
"US000","2","541990","18","0","2025","1","",29,96,130,126,2434858,5760,58,1596,"",1.00,1.00,1.00,1.00,1.00,1.00,1.00,1.00,"",4,16.0,1,1.1,35,36.8,30,31.2,364584,17.6,-2314,-28.7,-23,-28.4,-74,-4.4
"US000","2","56","14","0","2025","1","",569,13474,13923,13619,237235635,15934860,122133,1335,"",1.00,1.00,1.00,1.00,1.00,1.00,1.00,1.00,"",-1,-0.2,2863,27.0,3248,30.4,2931,27.4,62064678,35.4,737005,4.8,1493,1.2,71,5.6
"US000","2","561","15","0","2025","1","",563,13085,13545,13229,229883346,12979574,50261,1331,"",1.00,1.00,1.00,1.00,1.00,1.00,1.00,1.00,"",0,0.0,2866,28.0,3261,31.7,2934,28.5,61368308,36.4,881303,7.3,-488,-1.0,68,5.4
"US000","2","5611","16","0","2025","1","",29,2783,3321,3000,54928567,2034504,16915,1392,"",1.00,1.00,1.00,1.00,1.00,1.00,1.00,1.00,"",-1,-3.3,863,44.9,1372,70.4,1042,53.2,17147916,45.4,-13334,-0.7,-4907,-22.5,-104,-7.0
"US000","2","56111","17","0","2025","1","",29,2783,3321,3000,54928567,2034504,16915,1392,"",1.00,1.00,1.00,1.00,1.00,1.00,1.00,1.00,"",-1,-3.3,863,44.9,1372,70.4,1042,53.2,17147916,45.4,-13334,-0.7,-4907,-22.5,-104,-7.0
"US000","2","561110","18","0","2025","1","",29,2783,3321,3000,54928567,2034504,16915,1392,"",1.00,1.00,1.00,1.00,1.00,1.00,1.00,1.00,"",-1,-3.3,863,44.9,1372,70.4,1042,53.2,17147916,45.4,-13334,-0.7,-4907,-22.5,-104,-7.0
"US000","2","5612","16","0","2025","1","",18,897,896,896,18033667,0,0,1548,"",1.00,1.00,1.00,1.00,1.00,0.00,0.00,1.00,"N",2,12.5,0,0,0,0,0,0,0,0,0,0,0,0,0,0
"US000","2","56121","17","0","2025","1","",18,897,896,896,18033667,0,0,1548,"",1.00,1.00,1.00,1.00,1.00,0.00,0.00,1.00,"N",2,12.5,0,0,0,0,0,0,0,0,0,0,0,0,0,0
"US000","2","561210","18","0","2025","1","",18,897,896,896,18033667,0,0,1548,"",1.00,1.00,1.00,1.00,1.00,0.00,0.00,1.00,"N",2,12.5,0,0,0,0,0,0,0,0,0,0,0,0,0,0
"US000","2","5613","16","0","2025","1","",409,3748,3694,3715,60189898,7421501,11237,1245,"",1.00,1.00,1.00,1.00,1.00,1.00,1.00,1.00,"",-9,-2.2,-175,-4.5,-237,-6.0,-263,-6.6,2524753,4.4,1189868,19.1,323,3.0,120,10.7
"US000","2","56131","17","0","2025","1","",408,3699,3683,3700,59981561,7220954,6223,1249,"",1.00,1.00,1.00,1.00,1.00,1.00,1.00,1.00,"",-9,-2.2,-180,-4.6,-240,-6.1,-269,-6.8,2515118,4.4,1179140,19.5,54,0.9,122,10.8
"US000","2","561311","18","0","2025","1","",408,3699,3683,3700,59981561,7220954,6223,1249,"",1.00,1.00,1.00,1.00,1.00,1.00,1.00,1.00,"",-9,-2.2,-180,-4.6,-240,-6.1,-269,-6.8,2515118,4.4,1179140,19.5,54,0.9,122,10.8
"US000","2","56132","17","0","2025","1","",1,49,11,15,208337,200547,5014,641,"",1.00,1.00,1.00,1.00,1.00,1.00,1.00,1.00,"",0,0.0,5,11.4,3,37.5,6,66.7,9635,4.8,10728,5.7,269,5.7,-111,-14.8
"US000","2","561320","18","0","2025","1","",1,49,11,15,208337,200547,5014,641,"",1.00,1.00,1.00,1.00,1.00,1.00,1.00,1.00,"",0,0.0,5,11.4,3,37.5,6,66.7,9635,4.8,10728,5.7,269,5.7,-111,-14.8
"US000","2","5614","16","0","2025","1","",10,749,743,739,11767495,0,0,1217,"",1.00,1.00,1.00,1.00,1.00,0.00,0.00,1.00,"",0,0.0,-37,-4.7,-32,-4.1,-17,-2.2,-696520,-5.6,0,0.0,0,0.0,-24,-1.9
"US000","2","56142","17","0","2025","1","",10,749,743,739,11767495,0,0,1217,"",1.00,1.00,1.00,1.00,1.00,0.00,0.00,1.00,"",0,0.0,-37,-4.7,-32,-4.1,-17,-2.2,-696520,-5.6,0,0.0,0,0.0,-24,-1.9
"US000","2","561421","18","0","2025","1","N",1,0,0,0,0,0,0,0,"N",1.00,0,0,0,0,0,0,0,"N",0,0.0,0,0,0,0,0,0,0,0,0,0,0,0,0,0
"US000","2","561422","18","0","2025","1","N",9,0,0,0,0,0,0,0,"N",1.00,0,0,0,0,0,0,0,"N",0,0.0,0,0,0,0,0,0,0,0,0,0,0,0,0,0
"US000","2","5615","16","0","2025","1","",10,108,107,112,1315317,0,0,928,"",1.00,1.00,1.00,1.00,1.00,0.00,0.00,1.00,"",1,11.1,-4,-3.6,-20,-15.7,-14,-11.1,-689730,-34.4,0,0.0,0,0.0,-340,-26.8
"US000","2","56159","17","0","2025","1","",10,108,107,112,1315317,0,0,928,"",1.00,1.00,1.00,1.00,1.00,0.00,0.00,1.00,"",1,11.1,-4,-3.6,-20,-15.7,-14,-11.1,-689730,-34.4,0,0.0,0,0.0,-340,-26.8
"US000","2","561591","18","0","2025","1","",7,51,52,56,669548,0,0,972,"",1.00,1.00,1.00,1.00,1.00,0.00,0.00,1.00,"",0,0.0,4,8.5,-9,-14.8,-5,-8.2,-941,-0.1,0,0.0,0,0.0,56,6.1
"US000","2","561599","18","0","2025","1","",3,57,55,56,645769,0,0,887,"",1.00,1.00,1.00,1.00,1.00,0.00,0.00,1.00,"",1,50.0,-8,-12.3,-11,-16.7,-9,-13.8,-688789,-51.6,0,0.0,0,0.0,-684,-43.5
"US000","2","5616","16","0","2025","1","N",14,0,0,0,0,0,0,0,"N",1.00,0,0,0,0,0,0,0,"N",0,0.0,0,0,0,0,0,0,0,0,0,0,0,0,0,0
"US000","2","56161","17","0","2025","1","N",14,0,0,0,0,0,0,0,"N",1.00,0,0,0,0,0,0,0,"N",0,0.0,0,0,0,0,0,0,0,0,0,0,0,0,0,0
"US000","2","561611","18","0","2025","1","N",11,0,0,0,0,0,0,0,"N",1.00,0,0,0,0,0,0,0,"N",0,0.0,0,0,0,0,0,0,0,0,0,0,0,0,0,0
"US000","2","561612","18","0","2025","1","N",3,0,0,0,0,0,0,0,"N",1.00,0,0,0,0,0,0,0,"N",0,0.0,0,0,0,0,0,0,0,0,0,0,0,0,0,0
"US000","2","5617","16","0","2025","1","",57,2074,2096,2111,33779089,2066980,4134,1241,"",1.00,1.00,1.00,1.00,1.00,1.00,1.00,1.00,"",-2,-3.4,33,1.6,43,2.1,65,3.2,1428796,4.4,79089,4.0,158,4.0,25,2.1
"US000","2","56171","17","0","2025","1","N",14,0,0,0,0,0,0,0,"N",1.00,0,0,0,0,0,0,0,"N",-2,-12.5,0,0,0,0,0,0,0,0,0,0,0,0,0,0
"US000","2","561710","18","0","2025","1","N",14,0,0,0,0,0,0,0,"N",1.00,0,0,0,0,0,0,0,"N",-2,-12.5,0,0,0,0,0,0,0,0,0,0,0,0,0,0
"US000","2","56172","17","0","2025","1","",40,1181,1197,1201,20009275,0,0,1290,"",1.00,1.00,1.00,1.00,1.00,0.00,0.00,1.00,"",0,0.0,5,0.4,14,1.2,29,2.5,1301050,7.0,0,0.0,0,0.0,67,5.5
"US000","2","561720","18","0","2025","1","",40,1181,1197,1201,20009275,0,0,1290,"",1.00,1.00,1.00,1.00,1.00,0.00,0.00,1.00,"",0,0.0,5,0.4,14,1.2,29,2.5,1301050,7.0,0,0.0,0,0.0,67,5.5
"US000","2","56173","17","0","2025","1","",1,206,206,206,3509186,0,0,1310,"",1.00,1.00,1.00,1.00,1.00,0.00,0.00,1.00,"",0,0.0,4,2.0,5,2.5,4,2.0,-328472,-8.6,0,0.0,0,0.0,-154,-10.5
"US000","2","561730","18","0","2025","1","",1,206,206,206,3509186,0,0,1310,"",1.00,1.00,1.00,1.00,1.00,0.00,0.00,1.00,"",0,0.0,4,2.0,5,2.5,4,2.0,-328472,-8.6,0,0.0,0,0.0,-154,-10.5
"US000","2","56179","17","0","2025","1","N",2,0,0,0,0,0,0,0,"N",1.00,0,0,0,0,0,0,0,"N",0,0.0,0,0,0,0,0,0,0,0,0,0,0,0,0,0
"US000","2","561790","18","0","2025","1","N",2,0,0,0,0,0,0,0,"N",1.00,0,0,0,0,0,0,0,"N",0,0.0,0,0,0,0,0,0,0,0,0,0,0,0,0,0
"US000","2","5619","16","0","2025","1","N",16,0,0,0,0,0,0,0,"N",1.00,0,0,0,0,0,0,0,"N",9,128.6,0,0,0,0,0,0,0,0,0,0,0,0,0,0
"US000","2","56192","17","0","2025","1","N",2,0,0,0,0,0,0,0,"N",1.00,0,0,0,0,0,0,0,"N",0,0.0,0,0,0,0,0,0,0,0,0,0,0,0,0,0
"US000","2","561920","18","0","2025","1","N",2,0,0,0,0,0,0,0,"N",1.00,0,0,0,0,0,0,0,"N",0,0.0,0,0,0,0,0,0,0,0,0,0,0,0,0,0
"US000","2","56199","17","0","2025","1","",14,2232,2218,2196,40803491,104467,1157,1417,"",1.00,1.00,1.00,1.00,1.00,1.00,1.00,1.00,"",9,180.0,2206,8484.6,2193,8772.0,2169,8033.3,40608335,20808.1,54822,110.4,661,133.3,840,145.6
"US000","2","561990","18","0","2025","1","",14,2232,2218,2196,40803491,104467,1157,1417,"",1.00,1.00,1.00,1.00,1.00,1.00,1.00,1.00,"",9,180.0,2206,8484.6,2193,8772.0,2169,8033.3,40608335,20808.1,54822,110.4,661,133.3,840,145.6
"US000","2","562","15","0","2025","1","",6,389,378,390,7352289,2955286,71872,1466,"",1.00,1.00,1.00,1.00,1.00,1.00,1.00,1.00,"",-1,-14.3,-3,-0.8,-13,-3.3,-3,-0.8,696370,10.5,-144298,-4.7,1981,2.8,160,12.3
"US000","2","5622","16","0","2025","1","",5,373,367,375,7162445,2765442,63329,1482,"",1.00,1.00,1.00,1.00,1.00,1.00,1.00,1.00,"",-1,-16.7,-2,-0.5,-8,-2.1,-2,-0.5,718580,11.2,-122088,-4.2,2980,4.9,163,12.4
"US000","2","56221","17","0","2025","1","",5,373,367,375,7162445,2765442,63329,1482,"",1.00,1.00,1.00,1.00,1.00,1.00,1.00,1.00,"",-1,-16.7,-2,-0.5,-8,-2.1,-2,-0.5,718580,11.2,-122088,-4.2,2980,4.9,163,12.4
"US000","2","562212","18","0","2025","1","",5,373,367,375,7162445,2765442,63329,1482,"",1.00,1.00,1.00,1.00,1.00,1.00,1.00,1.00,"",-1,-16.7,-2,-0.5,-8,-2.1,-2,-0.5,718580,11.2,-122088,-4.2,2980,4.9,163,12.4
"US000","2","5629","16","0","2025","1","",1,16,11,15,189844,189844,8543,1043,"",1.00,1.00,1.00,1.00,1.00,1.00,1.00,1.00,"",0,0.0,-1,-5.9,-5,-31.2,-1,-6.2,-22210,-10.5,-22210,-10.5,-999,-10.5,44,4.4
"US000","2","56291","17","0","2025","1","",1,16,11,15,189844,189844,8543,1043,"",1.00,1.00,1.00,1.00,1.00,1.00,1.00,1.00,"",0,0.0,-1,-5.9,-5,-31.2,-1,-6.2,-22210,-10.5,-22210,-10.5,-999,-10.5,44,4.4
"US000","2","562910","18","0","2025","1","",1,16,11,15,189844,189844,8543,1043,"",1.00,1.00,1.00,1.00,1.00,1.00,1.00,1.00,"",0,0.0,-1,-5.9,-5,-31.2,-1,-6.2,-22210,-10.5,-22210,-10.5,-999,-10.5,44,4.4
"US000","2","61","14","0","2025","1","",8376,2028760,2097388,2103530,41440948777,1330157941,2171437,1535,"",1.00,1.00,1.00,1.00,1.00,1.00,1.00,1.00,"",-51,-0.6,48079,2.4,33893,1.6,35575,1.7,2021182995,5.1,61116786,4.8,221266,11.3,47,3.2
"US000","2","611","15","0","2025","1","",8376,2028760,2097388,2103530,41440948777,1330157941,2171437,1535,"",1.00,1.00,1.00,1.00,1.00,1.00,1.00,1.00,"",-51,-0.6,48079,2.4,33893,1.6,35575,1.7,2021182995,5.1,61116786,4.8,221266,11.3,47,3.2
"US000","2","6111","16","0","2025","1","",943,64992,67249,67721,1057892733,41662645,103085,1221,"",1.00,1.00,1.00,1.00,1.00,1.00,1.00,1.00,"",1,0.1,2102,3.3,970,1.5,1668,2.5,117280134,12.5,4525079,12.2,21294,26.0,109,9.8
"US000","2","61111","17","0","2025","1","",943,64992,67249,67721,1057892733,41662645,103085,1221,"",1.00,1.00,1.00,1.00,1.00,1.00,1.00,1.00,"",1,0.1,2102,3.3,970,1.5,1668,2.5,117280134,12.5,4525079,12.2,21294,26.0,109,9.8
"US000","2","611110","18","0","2025","1","",943,64992,67249,67721,1057892733,41662645,103085,1221,"",1.00,1.00,1.00,1.00,1.00,1.00,1.00,1.00,"",1,0.1,2102,3.3,970,1.5,1668,2.5,117280134,12.5,4525079,12.2,21294,26.0,109,9.8
"US000","2","6112","16","0","2025","1","",877,192439,214462,218490,2613360112,207098442,347001,964,"",1.00,1.00,1.00,1.00,1.00,1.00,1.00,1.00,"",-6,-0.7,3680,1.9,3546,1.7,4071,1.9,135438295,5.5,13734409,7.1,26192,8.2,33,3.5
"US000","2","61121","17","0","2025","1","",877,192439,214462,218490,2613360112,207098442,347001,964,"",1.00,1.00,1.00,1.00,1.00,1.00,1.00,1.00,"",-6,-0.7,3680,1.9,3546,1.7,4071,1.9,135438295,5.5,13734409,7.1,26192,8.2,33,3.5
"US000","2","611210","18","0","2025","1","",877,192439,214462,218490,2613360112,207098442,347001,964,"",1.00,1.00,1.00,1.00,1.00,1.00,1.00,1.00,"",-6,-0.7,3680,1.9,3546,1.7,4071,1.9,135438295,5.5,13734409,7.1,26192,8.2,33,3.5
"US000","2","6113","16","0","2025","1","",6181,1756946,1800457,1801831,37587158234,1077823499,1704162,1619,"",1.00,1.00,1.00,1.00,1.00,1.00,1.00,1.00,"",-61,-1.0,42352,2.5,29315,1.7,29864,1.7,1765550230,4.9,42607975,4.1,176161,11.5,47,3.0
"US000","2","61131","17","0","2025","1","",6181,1756946,1800457,1801831,37587158234,1077823499,1704162,1619,"",1.00,1.00,1.00,1.00,1.00,1.00,1.00,1.00,"",-61,-1.0,42352,2.5,29315,1.7,29864,1.7,1765550230,4.9,42607975,4.1,176161,11.5,47,3.0
"US000","2","611310","18","0","2025","1","",6181,1756946,1800457,1801831,37587158234,1077823499,1704162,1619,"",1.00,1.00,1.00,1.00,1.00,1.00,1.00,1.00,"",-61,-1.0,42352,2.5,29315,1.7,29864,1.7,1765550230,4.9,42607975,4.1,176161,11.5,47,3.0
"US000","2","6114","16","0","2025","1","",32,2302,2321,2322,44424153,7000,140,1476,"",1.00,1.00,1.00,1.00,1.00,1.00,1.00,1.00,"",11,52.4,92,4.2,58,2.6,49,2.2,1055925,2.4,7000,100.0,140,100.0,-8,-0.5
"US000","2","61143","17","0","2025","1","",32,2302,2321,2322,44424153,7000,140,1476,"",1.00,1.00,1.00,1.00,1.00,1.00,1.00,1.00,"",11,52.4,92,4.2,58,2.6,49,2.2,1055925,2.4,7000,100.0,140,100.0,-8,-0.5
"US000","2","611430","18","0","2025","1","",32,2302,2321,2322,44424153,7000,140,1476,"",1.00,1.00,1.00,1.00,1.00,1.00,1.00,1.00,"",11,52.4,92,4.2,58,2.6,49,2.2,1055925,2.4,7000,100.0,140,100.0,-8,-0.5
"US000","2","6115","16","0","2025","1","",266,10765,11418,11667,119919641,3110013,9287,818,"",1.00,1.00,1.00,1.00,1.00,1.00,1.00,1.00,"",-4,-1.5,-221,-2.0,-42,-0.4,-184,-1.6,-117769,-0.1,194102,6.7,-2312,-19.9,10,1.2
"US000","2","61151","17","0","2025","1","",266,10765,11418,11667,119919641,3110013,9287,818,"",1.00,1.00,1.00,1.00,1.00,1.00,1.00,1.00,"",-4,-1.5,-221,-2.0,-42,-0.4,-184,-1.6,-117769,-0.1,194102,6.7,-2312,-19.9,10,1.2
"US000","2","611512","18","0","2025","1","",2,74,82,82,1120028,0,0,1086,"",1.00,1.00,1.00,1.00,1.00,0.00,0.00,1.00,"",0,0.0,-8,-9.8,-4,-4.7,-1,-1.2,-9290,-0.8,0,0.0,0,0.0,48,4.6
"US000","2","611513","18","0","2025","1","",4,328,336,342,3668599,3088403,9265,842,"",1.00,1.00,1.00,1.00,1.00,1.00,1.00,1.00,"",0,0.0,-21,-6.0,4,1.2,7,2.1,-53392,-1.4,194147,6.7,-2312,-20.0,-3,-0.4
"US000","2","611519","18","0","2025","1","",260,10363,11000,11243,115131014,21610,22,815,"",1.00,1.00,1.00,1.00,1.00,1.00,1.00,1.00,"",-4,-1.5,-192,-1.8,-42,-0.4,-190,-1.7,-55087,0.0,-45,-0.2,0,0.0,10,1.2
"US000","2","6116","16","0","2025","1","",32,1106,1264,1281,13997305,107898,4292,885,"",1.00,1.00,1.00,1.00,1.00,1.00,1.00,1.00,"",-1,-3.0,24,2.2,-11,-0.9,51,4.1,485313,3.6,5726,5.6,184,4.5,16,1.8
"US000","2","61161","17","0","2025","1","",4,693,740,732,10460820,0,0,1115,"",1.00,1.00,1.00,1.00,1.00,0.00,0.00,1.00,"",0,0.0,-8,-1.1,-22,-2.9,-16,-2.1,236331,2.3,0,0.0,0,0.0,48,4.5
"US000","2","611610","18","0","2025","1","",4,693,740,732,10460820,0,0,1115,"",1.00,1.00,1.00,1.00,1.00,0.00,0.00,1.00,"",0,0.0,-8,-1.1,-22,-2.9,-16,-2.1,236331,2.3,0,0.0,0,0.0,48,4.5
"US000","2","61162","17","0","2025","1","",2,21,21,21,272914,0,0,1000,"",1.00,1.00,1.00,1.00,1.00,0.00,0.00,1.00,"",0,0.0,-1,-4.5,-2,-8.7,-4,-16.0,-23266,-7.9,0,0.0,0,0.0,24,2.5
"US000","2","611620","18","0","2025","1","",2,21,21,21,272914,0,0,1000,"",1.00,1.00,1.00,1.00,1.00,0.00,0.00,1.00,"",0,0.0,-1,-4.5,-2,-8.7,-4,-16.0,-23266,-7.9,0,0.0,0,0.0,24,2.5
"US000","2","61163","17","0","2025","1","N",1,0,0,0,0,0,0,0,"N",1.00,0,0,0,0,0,0,0,"N",0,0.0,0,0,0,0,0,0,0,0,0,0,0,0,0,0
"US000","2","611630","18","0","2025","1","N",1,0,0,0,0,0,0,0,"N",1.00,0,0,0,0,0,0,0,"N",0,0.0,0,0,0,0,0,0,0,0,0,0,0,0,0,0
"US000","2","61169","17","0","2025","1","N",25,0,0,0,0,0,0,0,"N",1.00,0,0,0,0,0,0,0,"N",-1,-3.8,0,0,0,0,0,0,0,0,0,0,0,0,0,0
"US000","2","611691","18","0","2025","1","",6,164,263,282,791787,0,0,258,"",1.00,1.00,1.00,1.00,1.00,0.00,0.00,1.00,"",0,0.0,14,9.3,-14,-5.1,46,19.5,68579,9.5,0,0.0,0,0.0,6,2.4
"US000","2","611699","18","0","2025","1","N",19,0,0,0,0,0,0,0,"N",1.00,0,0,0,0,0,0,0,"N",-1,-5.0,0,0,0,0,0,0,0,0,0,0,0,0,0,0
"US000","2","6117","16","0","2025","1","",45,210,217,218,4196599,348444,3470,1501,"",1.00,1.00,1.00,1.00,1.00,1.00,1.00,1.00,"",9,25.0,50,31.2,57,35.6,56,34.6,1490867,55.1,42495,13.9,-393,-10.2,206,15.9
"US000","2","61171","17","0","2025","1","",45,210,217,218,4196599,348444,3470,1501,"",1.00,1.00,1.00,1.00,1.00,1.00,1.00,1.00,"",9,25.0,50,31.2,57,35.6,56,34.6,1490867,55.1,42495,13.9,-393,-10.2,206,15.9
"US000","2","611710","18","0","2025","1","",45,210,217,218,4196599,348444,3470,1501,"",1.00,1.00,1.00,1.00,1.00,1.00,1.00,1.00,"",9,25.0,50,31.2,57,35.6,56,34.6,1490867,55.1,42495,13.9,-393,-10.2,206,15.9
"US000","2","62","14","0","2025","1","",6738,704042,705514,707051,15103730773,266097866,598148,1647,"",1.00,1.00,1.00,1.00,1.00,1.00,1.00,1.00,"",48,0.7,30298,4.5,28544,4.2,27958,4.1,1183127848,8.5,31777321,13.6,66437,12.5,64,4.0
"US000","2","621","15","0","2025","1","",1263,46938,46845,46864,904445858,28829378,58052,1484,"",1.00,1.00,1.00,1.00,1.00,1.00,1.00,1.00,"",88,7.5,6451,15.9,5913,14.4,5829,14.2,157266010,21.0,1897645,7.0,2298,4.1,76,5.4
"US000","2","6211","16","0","2025","1","",363,20337,20339,20255,464054085,0,0,1758,"",1.00,1.00,1.00,1.00,1.00,0.00,0.00,1.00,"",138,61.3,4612,29.3,4270,26.6,4024,24.8,121464977,35.5,-14000,-100.0,-210,-100.0,112,6.8
"US000","2","62111","17","0","2025","1","",363,20337,20339,20255,464054085,0,0,1758,"",1.00,1.00,1.00,1.00,1.00,0.00,0.00,1.00,"",138,61.3,4612,29.3,4270,26.6,4024,24.8,121464977,35.5,-14000,-100.0,-210,-100.0,112,6.8
"US000","2","621111","18","0","2025","1","N",360,0,0,0,0,0,0,0,"N",1.00,0,0,0,0,0,0,0,"N",137,61.4,0,0,0,0,0,0,0,0,0,0,0,0,0,0
"US000","2","621112","18","0","2025","1","N",3,0,0,0,0,0,0,0,"N",1.00,0,0,0,0,0,0,0,"N",1,50.0,0,0,0,0,0,0,0,0,0,0,0,0,0,0
"US000","2","6212","16","0","2025","1","",2,10,10,10,246677,0,0,1898,"",1.00,1.00,1.00,1.00,1.00,0.00,0.00,1.00,"",0,0.0,3,42.9,2,25.0,3,42.9,109005,79.2,0,0.0,0,0.0,454,31.4
"US000","2","62121","17","0","2025","1","",2,10,10,10,246677,0,0,1898,"",1.00,1.00,1.00,1.00,1.00,0.00,0.00,1.00,"",0,0.0,3,42.9,2,25.0,3,42.9,109005,79.2,0,0.0,0,0.0,454,31.4
"US000","2","621210","18","0","2025","1","",2,10,10,10,246677,0,0,1898,"",1.00,1.00,1.00,1.00,1.00,0.00,0.00,1.00,"",0,0.0,3,42.9,2,25.0,3,42.9,109005,79.2,0,0.0,0,0.0,454,31.4
"US000","2","6213","16","0","2025","1","N",32,0,0,0,0,0,0,0,"N",1.00,0,0,0,0,0,0,0,"N",2,6.7,0,0,0,0,0,0,0,0,0,0,0,0,0,0
"US000","2","62133","17","0","2025","1","N",2,0,0,0,0,0,0,0,"N",1.00,0,0,0,0,0,0,0,"N",-7,-77.8,0,0,0,0,0,0,0,0,0,0,0,0,0,0
"US000","2","621330","18","0","2025","1","N",2,0,0,0,0,0,0,0,"N",1.00,0,0,0,0,0,0,0,"N",-7,-77.8,0,0,0,0,0,0,0,0,0,0,0,0,0,0
"US000","2","62134","17","0","2025","1","",14,535,528,528,9003355,0,0,1306,"",1.00,1.00,1.00,1.00,1.00,0.00,0.00,1.00,"",8,133.3,270,101.9,260,97.0,259,96.3,4087894,83.2,0,0.0,0,0.0,-108,-7.6
"US000","2","621340","18","0","2025","1","",14,535,528,528,9003355,0,0,1306,"",1.00,1.00,1.00,1.00,1.00,0.00,0.00,1.00,"",8,133.3,270,101.9,260,97.0,259,96.3,4087894,83.2,0,0.0,0,0.0,-108,-7.6
"US000","2","62139","17","0","2025","1","N",16,0,0,0,0,0,0,0,"N",1.00,0,0,0,0,0,0,0,"N",1,6.7,0,0,0,0,0,0,0,0,0,0,0,0,0,0
"US000","2","621391","18","0","2025","1","",1,6,5,5,62494,0,0,901,"",1.00,1.00,1.00,1.00,1.00,0.00,0.00,1.00,"N",1,100.0,0,0,0,0,0,0,0,0,0,0,0,0,0,0
"US000","2","621399","18","0","2025","1","N",15,0,0,0,0,0,0,0,"N",1.00,0,0,0,0,0,0,0,"N",0,0.0,0,0,0,0,0,0,0,0,0,0,0,0,0,0
"US000","2","6214","16","0","2025","1","",835,24150,24069,24130,400608222,28797116,57594,1278,"",1.00,1.00,1.00,1.00,1.00,1.00,1.00,1.00,"",-59,-6.6,1376,6.0,1214,5.3,1348,5.9,27093789,7.3,2350991,8.9,4702,8.9,18,1.4
"US000","2","62141","17","0","2025","1","",4,100,96,96,1194005,0,0,944,"",1.00,1.00,1.00,1.00,1.00,0.00,0.00,1.00,"",0,0.0,0,0.0,-2,-2.0,-2,-2.0,-85458,-6.7,0,0.0,0,0.0,-54,-5.4
"US000","2","621410","18","0","2025","1","",4,100,96,96,1194005,0,0,944,"",1.00,1.00,1.00,1.00,1.00,0.00,0.00,1.00,"",0,0.0,0,0.0,-2,-2.0,-2,-2.0,-85458,-6.7,0,0.0,0,0.0,-54,-5.4
"US000","2","62142","17","0","2025","1","",489,13064,13005,13045,217954397,28797116,57594,1286,"",1.00,1.00,1.00,1.00,1.00,1.00,1.00,1.00,"",-56,-10.3,218,1.7,105,0.8,184,1.4,9133943,4.4,2350991,8.9,4702,8.9,38,3.0
"US000","2","621420","18","0","2025","1","",489,13064,13005,13045,217954397,28797116,57594,1286,"",1.00,1.00,1.00,1.00,1.00,1.00,1.00,1.00,"",-56,-10.3,218,1.7,105,0.8,184,1.4,9133943,4.4,2350991,8.9,4702,8.9,38,3.0
"US000","2","62149","17","0","2025","1","",342,10986,10968,10989,181459820,0,0,1271,"",1.00,1.00,1.00,1.00,1.00,0.00,0.00,1.00,"",-3,-0.9,1158,11.8,1111,11.3,1166,11.9,18045304,11.0,0,0.0,0,0.0,-7,-0.5
"US000","2","621492","18","0","2025","1","",7,87,87,87,1339344,0,0,1184,"",1.00,1.00,1.00,1.00,1.00,0.00,0.00,1.00,"",0,0.0,7,8.8,5,6.1,5,6.1,113089,9.2,0,0.0,0,0.0,24,2.1
"US000","2","621493","18","0","2025","1","N",21,0,0,0,0,0,0,0,"N",1.00,0,0,0,0,0,0,0,"N",-1,-4.5,0,0,0,0,0,0,0,0,0,0,0,0,0,0
"US000","2","621498","18","0","2025","1","N",314,0,0,0,0,0,0,0,"N",1.00,0,0,0,0,0,0,0,"N",-2,-0.6,0,0,0,0,0,0,0,0,0,0,0,0,0,0
"US000","2","6215","16","0","2025","1","",19,1377,1376,1385,20839374,0,0,1162,"",1.00,1.00,1.00,1.00,1.00,0.00,0.00,1.00,"",1,5.6,44,3.3,34,2.5,25,1.8,-1372334,-6.2,0,0.0,0,0.0,-108,-8.5
"US000","2","62151","17","0","2025","1","",19,1377,1376,1385,20839374,0,0,1162,"",1.00,1.00,1.00,1.00,1.00,0.00,0.00,1.00,"",1,5.6,44,3.3,34,2.5,25,1.8,-1372334,-6.2,0,0.0,0,0.0,-108,-8.5
"US000","2","621511","18","0","2025","1","",16,1165,1163,1171,18711605,0,0,1234,"",1.00,1.00,1.00,1.00,1.00,0.00,0.00,1.00,"",1,6.7,108,10.2,97,9.1,89,8.2,-632230,-3.3,0,0.0,0,0.0,-159,-11.4
"US000","2","621512","18","0","2025","1","",3,212,213,214,2127769,0,0,768,"",1.00,1.00,1.00,1.00,1.00,0.00,0.00,1.00,"",0,0.0,-64,-23.2,-63,-22.8,-64,-23.0,-740104,-25.8,0,0.0,0,0.0,-29,-3.6
"US000","2","6216","16","0","2025","1","",7,78,76,76,1070125,0,0,1074,"",1.00,1.00,1.00,1.00,1.00,0.00,0.00,1.00,"",3,75.0,-2,-2.5,-4,-5.0,-5,-6.2,-16192,-1.5,0,0.0,0,0.0,34,3.3
"US000","2","62161","17","0","2025","1","",7,78,76,76,1070125,0,0,1074,"",1.00,1.00,1.00,1.00,1.00,0.00,0.00,1.00,"",3,75.0,-2,-2.5,-4,-5.0,-5,-6.2,-16192,-1.5,0,0.0,0,0.0,34,3.3
"US000","2","621610","18","0","2025","1","",7,78,76,76,1070125,0,0,1074,"",1.00,1.00,1.00,1.00,1.00,0.00,0.00,1.00,"",3,75.0,-2,-2.5,-4,-5.0,-5,-6.2,-16192,-1.5,0,0.0,0,0.0,34,3.3
"US000","2","6219","16","0","2025","1","N",5,0,0,0,0,0,0,0,"N",1.00,0,0,0,0,0,0,0,"N",3,150.0,0,0,0,0,0,0,0,0,0,0,0,0,0,0
"US000","2","62191","17","0","2025","1","",4,202,201,203,2948800,0,0,1123,"",1.00,1.00,1.00,1.00,1.00,0.00,0.00,1.00,"",3,300.0,196,3266.7,195,3250.0,197,3283.3,2856568,3097.2,0,0.0,0,0.0,-59,-5.0
"US000","2","621910","18","0","2025","1","",4,202,201,203,2948800,0,0,1123,"",1.00,1.00,1.00,1.00,1.00,0.00,0.00,1.00,"",3,300.0,196,3266.7,195,3250.0,197,3283.3,2856568,3097.2,0,0.0,0,0.0,-59,-5.0
"US000","2","62199","17","0","2025","1","N",1,0,0,0,0,0,0,0,"N",1.00,0,0,0,0,0,0,0,"N",0,0.0,0,0,0,0,0,0,0,0,0,0,0,0,0,0
"US000","2","621991","18","0","2025","1","N",1,0,0,0,0,0,0,0,"N",1.00,0,0,0,0,0,0,0,"N",0,0.0,0,0,0,0,0,0,0,0,0,0,0,0,0,0
"US000","2","622","15","0","2025","1","",1150,449533,450820,452383,10541960277,114250716,229219,1798,"",1.00,1.00,1.00,1.00,1.00,1.00,1.00,1.00,"",4,0.3,18428,4.3,17669,4.1,17387,4.0,819878303,8.4,16770066,17.2,33450,17.1,71,4.1
"US000","2","6221","16","0","2025","1","",146,298476,299852,300950,7008456369,50721081,104720,1798,"",1.00,1.00,1.00,1.00,1.00,1.00,1.00,1.00,"",24,19.7,12978,4.5,12810,4.5,12717,4.4,501849646,7.7,5072035,11.1,10197,10.8,54,3.1
"US000","2","62211","17","0","2025","1","",146,298476,299852,300950,7008456369,50721081,104720,1798,"",1.00,1.00,1.00,1.00,1.00,1.00,1.00,1.00,"",24,19.7,12978,4.5,12810,4.5,12717,4.4,501849646,7.7,5072035,11.1,10197,10.8,54,3.1
"US000","2","622110","18","0","2025","1","",146,298476,299852,300950,7008456369,50721081,104720,1798,"",1.00,1.00,1.00,1.00,1.00,1.00,1.00,1.00,"",24,19.7,12978,4.5,12810,4.5,12717,4.4,501849646,7.7,5072035,11.1,10197,10.8,54,3.1
"US000","2","6222","16","0","2025","1","",979,111683,111522,111953,2424485748,63529635,124499,1669,"",1.00,1.00,1.00,1.00,1.00,1.00,1.00,1.00,"",-12,-1.2,3595,3.3,3146,2.9,3024,2.8,217752880,9.9,11698031,22.6,23253,23.0,104,6.6
"US000","2","62221","17","0","2025","1","",979,111683,111522,111953,2424485748,63529635,124499,1669,"",1.00,1.00,1.00,1.00,1.00,1.00,1.00,1.00,"",-12,-1.2,3595,3.3,3146,2.9,3024,2.8,217752880,9.9,11698031,22.6,23253,23.0,104,6.6
"US000","2","622210","18","0","2025","1","",979,111683,111522,111953,2424485748,63529635,124499,1669,"",1.00,1.00,1.00,1.00,1.00,1.00,1.00,1.00,"",-12,-1.2,3595,3.3,3146,2.9,3024,2.8,217752880,9.9,11698031,22.6,23253,23.0,104,6.6
"US000","2","6223","16","0","2025","1","",25,39374,39446,39480,1109018160,0,0,2163,"",1.00,1.00,1.00,1.00,1.00,0.00,0.00,1.00,"",-8,-24.2,1855,4.9,1713,4.5,1646,4.4,100275777,9.9,0,0.0,0,0.0,105,5.1
"US000","2","62231","17","0","2025","1","",25,39374,39446,39480,1109018160,0,0,2163,"",1.00,1.00,1.00,1.00,1.00,0.00,0.00,1.00,"",-8,-24.2,1855,4.9,1713,4.5,1646,4.4,100275777,9.9,0,0.0,0,0.0,105,5.1
"US000","2","622310","18","0","2025","1","",25,39374,39446,39480,1109018160,0,0,2163,"",1.00,1.00,1.00,1.00,1.00,0.00,0.00,1.00,"",-8,-24.2,1855,4.9,1713,4.5,1646,4.4,100275777,9.9,0,0.0,0,0.0,105,5.1
"US000","2","623","15","0","2025","1","",1716,109672,109969,109684,2062049952,83860329,163127,1445,"",1.00,1.00,1.00,1.00,1.00,1.00,1.00,1.00,"",-123,-6.7,4327,4.1,4156,3.9,3590,3.4,134660886,7.0,8449011,11.2,16641,11.4,43,3.1
"US000","2","6231","16","0","2025","1","",118,17754,17837,17824,274711374,4085079,6127,1187,"",1.00,1.00,1.00,1.00,1.00,1.00,1.00,1.00,"",0,0.0,919,5.5,907,5.4,849,5.0,23875323,9.5,230188,6.0,345,6.0,46,4.0
"US000","2","62311","17","0","2025","1","",118,17754,17837,17824,274711374,4085079,6127,1187,"",1.00,1.00,1.00,1.00,1.00,1.00,1.00,1.00,"",0,0.0,919,5.5,907,5.4,849,5.0,23875323,9.5,230188,6.0,345,6.0,46,4.0
"US000","2","623110","18","0","2025","1","",118,17754,17837,17824,274711374,4085079,6127,1187,"",1.00,1.00,1.00,1.00,1.00,1.00,1.00,1.00,"",0,0.0,919,5.5,907,5.4,849,5.0,23875323,9.5,230188,6.0,345,6.0,46,4.0
"US000","2","6232","16","0","2025","1","",1034,78653,78791,78800,1515919044,72586019,142622,1481,"",1.00,1.00,1.00,1.00,1.00,1.00,1.00,1.00,"",-111,-9.7,2505,3.3,2311,3.0,2082,2.7,99666854,7.0,7617202,11.7,15093,11.8,56,3.9
"US000","2","62321","17","0","2025","1","",884,70400,70495,70522,1362843885,60227889,117907,1488,"",1.00,1.00,1.00,1.00,1.00,1.00,1.00,1.00,"",-110,-11.1,2325,3.4,2124,3.1,2072,3.0,90150496,7.1,6089354,11.2,12042,11.4,55,3.8
"US000","2","623210","18","0","2025","1","",884,70400,70495,70522,1362843885,60227889,117907,1488,"",1.00,1.00,1.00,1.00,1.00,1.00,1.00,1.00,"",-110,-11.1,2325,3.4,2124,3.1,2072,3.0,90150496,7.1,6089354,11.2,12042,11.4,55,3.8
"US000","2","62322","17","0","2025","1","",150,8253,8296,8278,153075159,12358130,24715,1423,"",1.00,1.00,1.00,1.00,1.00,1.00,1.00,1.00,"",-1,-0.7,180,2.2,187,2.3,10,0.1,9516358,6.6,1527848,14.1,3051,14.1,68,5.0
"US000","2","623220","18","0","2025","1","",150,8253,8296,8278,153075159,12358130,24715,1423,"",1.00,1.00,1.00,1.00,1.00,1.00,1.00,1.00,"",-1,-0.7,180,2.2,187,2.3,10,0.1,9516358,6.6,1527848,14.1,3051,14.1,68,5.0
"US000","2","6233","16","0","2025","1","",283,4358,4352,4380,74683670,0,0,1317,"",1.00,1.00,1.00,1.00,1.00,0.00,0.00,1.00,"",-1,-0.4,204,4.9,184,4.4,200,4.8,5717450,8.3,0,0.0,0,0.0,44,3.5
"US000","2","62331","17","0","2025","1","",283,4358,4352,4380,74683670,0,0,1317,"",1.00,1.00,1.00,1.00,1.00,0.00,0.00,1.00,"",-1,-0.4,204,4.9,184,4.4,200,4.8,5717450,8.3,0,0.0,0,0.0,44,3.5
"US000","2","623311","18","0","2025","1","N",14,0,0,0,0,0,0,0,"N",1.00,0,0,0,0,0,0,0,"N",-2,-12.5,0,0,0,0,0,0,0,0,0,0,0,0,0,0
"US000","2","623312","18","0","2025","1","N",269,0,0,0,0,0,0,0,"N",1.00,0,0,0,0,0,0,0,"N",1,0.4,0,0,0,0,0,0,0,0,0,0,0,0,0,0
"US000","2","6239","16","0","2025","1","",281,8907,8989,8680,196735864,7189231,14378,1708,"",1.00,1.00,1.00,1.00,1.00,1.00,1.00,1.00,"",-11,-3.8,699,8.5,754,9.2,459,5.6,5401259,2.8,601621,9.1,1203,9.1,-82,-4.6
"US000","2","62399","17","0","2025","1","",281,8907,8989,8680,196735864,7189231,14378,1708,"",1.00,1.00,1.00,1.00,1.00,1.00,1.00,1.00,"",-11,-3.8,699,8.5,754,9.2,459,5.6,5401259,2.8,601621,9.1,1203,9.1,-82,-4.6
"US000","2","623990","18","0","2025","1","",281,8907,8989,8680,196735864,7189231,14378,1708,"",1.00,1.00,1.00,1.00,1.00,1.00,1.00,1.00,"",-11,-3.8,699,8.5,754,9.2,459,5.6,5401259,2.8,601621,9.1,1203,9.1,-82,-4.6
"US000","2","624","15","0","2025","1","",2609,97899,97880,98120,1595274686,39157443,147750,1253,"",1.00,1.00,1.00,1.00,1.00,1.00,1.00,1.00,"",79,3.1,1092,1.1,806,0.8,1152,1.2,71322649,4.7,4660599,13.5,14048,10.5,44,3.6
"US000","2","6241","16","0","2025","1","",1922,84655,84652,84944,1391936773,36017931,116721,1263,"",1.00,1.00,1.00,1.00,1.00,1.00,1.00,1.00,"",75,4.1,1177,1.4,994,1.2,1429,1.7,67137885,5.1,4152477,13.0,12406,11.9,43,3.5
"US000","2","62411","17","0","2025","1","",622,28042,28086,28202,490206188,5952266,55351,1341,"",1.00,1.00,1.00,1.00,1.00,1.00,1.00,1.00,"",0,0.0,-329,-1.2,-407,-1.4,-133,-0.5,9518612,2.0,585812,10.9,3971,7.7,39,3.0
"US000","2","624110","18","0","2025","1","",622,28042,28086,28202,490206188,5952266,55351,1341,"",1.00,1.00,1.00,1.00,1.00,1.00,1.00,1.00,"",0,0.0,-329,-1.2,-407,-1.4,-133,-0.5,9518612,2.0,585812,10.9,3971,7.7,39,3.0
"US000","2","62412","17","0","2025","1","",228,5246,5181,5219,84333077,12288929,25813,1244,"",1.00,1.00,1.00,1.00,1.00,1.00,1.00,1.00,"",55,31.8,801,18.0,717,16.1,715,15.9,16483217,24.3,1015436,9.0,3334,14.8,77,6.6
"US000","2","624120","18","0","2025","1","",228,5246,5181,5219,84333077,12288929,25813,1244,"",1.00,1.00,1.00,1.00,1.00,1.00,1.00,1.00,"",55,31.8,801,18.0,717,16.1,715,15.9,16483217,24.3,1015436,9.0,3334,14.8,77,6.6
"US000","2","62419","17","0","2025","1","",1072,51367,51385,51523,817397508,17776736,35557,1223,"",1.00,1.00,1.00,1.00,1.00,1.00,1.00,1.00,"",20,1.9,705,1.4,684,1.3,847,1.7,41136056,5.3,2551229,16.8,5101,16.7,45,3.8
"US000","2","624190","18","0","2025","1","",1072,51367,51385,51523,817397508,17776736,35557,1223,"",1.00,1.00,1.00,1.00,1.00,1.00,1.00,1.00,"",20,1.9,705,1.4,684,1.3,847,1.7,41136056,5.3,2551229,16.8,5101,16.7,45,3.8
"US000","2","6242","16","0","2025","1","",8,37,37,37,534149,0,0,1110,"",1.00,1.00,1.00,1.00,1.00,0.00,0.00,1.00,"N",5,166.7,0,0,0,0,0,0,0,0,0,0,0,0,0,0
"US000","2","62421","17","0","2025","1","N",5,0,0,0,0,0,0,0,"N",1.00,0,0,0,0,0,0,0,"N",5,100.0,0,0,0,0,0,0,0,0,0,0,0,0,0,0
"US000","2","624210","18","0","2025","1","N",5,0,0,0,0,0,0,0,"N",1.00,0,0,0,0,0,0,0,"N",5,100.0,0,0,0,0,0,0,0,0,0,0,0,0,0,0
"US000","2","62422","17","0","2025","1","N",3,0,0,0,0,0,0,0,"N",1.00,0,0,0,0,0,0,0,"N",0,0.0,0,0,0,0,0,0,0,0,0,0,0,0,0,0
"US000","2","624229","18","0","2025","1","N",3,0,0,0,0,0,0,0,"N",1.00,0,0,0,0,0,0,0,"N",0,0.0,0,0,0,0,0,0,0,0,0,0,0,0,0,0
"US000","2","6243","16","0","2025","1","",658,11897,11862,11805,187431362,7000,140,1216,"",1.00,1.00,1.00,1.00,1.00,1.00,1.00,1.00,"",1,0.2,-151,-1.3,-227,-1.9,-319,-2.6,3014641,1.6,0,0.0,0,0.0,42,3.6
"US000","2","62431","17","0","2025","1","",658,11897,11862,11805,187431362,7000,140,1216,"",1.00,1.00,1.00,1.00,1.00,1.00,1.00,1.00,"",1,0.2,-151,-1.3,-227,-1.9,-319,-2.6,3014641,1.6,0,0.0,0,0.0,42,3.6
"US000","2","624310","18","0","2025","1","",658,11897,11862,11805,187431362,7000,140,1216,"",1.00,1.00,1.00,1.00,1.00,1.00,1.00,1.00,"",1,0.2,-151,-1.3,-227,-1.9,-319,-2.6,3014641,1.6,0,0.0,0,0.0,42,3.6
"US000","2","6244","16","0","2025","1","",21,1310,1329,1334,15372402,3132512,30889,893,"",1.00,1.00,1.00,1.00,1.00,1.00,1.00,1.00,"N",-2,-8.7,0,0,0,0,0,0,0,0,0,0,0,0,0,0
"US000","2","62441","17","0","2025","1","",21,1310,1329,1334,15372402,3132512,30889,893,"",1.00,1.00,1.00,1.00,1.00,1.00,1.00,1.00,"N",-2,-8.7,0,0,0,0,0,0,0,0,0,0,0,0,0,0
"US000","2","624410","18","0","2025","1","",21,1310,1329,1334,15372402,3132512,30889,893,"",1.00,1.00,1.00,1.00,1.00,1.00,1.00,1.00,"N",-2,-8.7,0,0,0,0,0,0,0,0,0,0,0,0,0,0
"US000","2","71","14","0","2025","1","N",921,0,0,0,0,0,0,0,"N",1.00,0,0,0,0,0,0,0,"N",-7,-0.8,0,0,0,0,0,0,0,0,0,0,0,0,0,0
"US000","2","711","15","0","2025","1","",34,3070,3004,2907,34025520,16575000,423905,874,"",1.00,1.00,1.00,1.00,1.00,1.00,1.00,1.00,"",1,3.0,86,2.9,-91,-2.9,-58,-2.0,872653,2.6,1050967,6.8,17974,4.4,28,3.3
"US000","2","7111","16","0","2025","1","",1,144,149,165,2521130,0,0,1270,"",1.00,1.00,1.00,1.00,1.00,0.00,0.00,1.00,"",0,0.0,-7,-4.6,6,4.2,1,0.6,117686,4.9,0,0.0,0,0.0,59,4.9
"US000","2","71113","17","0","2025","1","",1,144,149,165,2521130,0,0,1270,"",1.00,1.00,1.00,1.00,1.00,0.00,0.00,1.00,"",0,0.0,-7,-4.6,6,4.2,1,0.6,117686,4.9,0,0.0,0,0.0,59,4.9
"US000","2","711130","18","0","2025","1","",1,144,149,165,2521130,0,0,1270,"",1.00,1.00,1.00,1.00,1.00,0.00,0.00,1.00,"",0,0.0,-7,-4.6,6,4.2,1,0.6,117686,4.9,0,0.0,0,0.0,59,4.9
"US000","2","7112","16","0","2025","1","N",2,0,0,0,0,0,0,0,"N",1.00,0,0,0,0,0,0,0,"N",0,0.0,0,0,0,0,0,0,0,0,0,0,0,0,0,0
"US000","2","71121","17","0","2025","1","N",2,0,0,0,0,0,0,0,"N",1.00,0,0,0,0,0,0,0,"N",0,0.0,0,0,0,0,0,0,0,0,0,0,0,0,0,0
"US000","2","711211","18","0","2025","1","",1,296,267,270,4294571,4174385,25046,1190,"",1.00,1.00,1.00,1.00,1.00,1.00,1.00,1.00,"",0,0.0,4,1.4,-34,-11.3,-2,-0.7,164882,4.0,148541,3.7,891,3.7,88,8.0
"US000","2","711219","18","0","2025","1","N",1,0,0,0,0,0,0,0,"N",1.00,0,0,0,0,0,0,0,"N",0,0.0,0,0,0,0,0,0,0,0,0,0,0,0,0,0
"US000","2","7113","16","0","2025","1","N",31,0,0,0,0,0,0,0,"N",1.00,0,0,0,0,0,0,0,"N",1,3.3,0,0,0,0,0,0,0,0,0,0,0,0,0,0
"US000","2","71131","17","0","2025","1","N",30,0,0,0,0,0,0,0,"N",1.00,0,0,0,0,0,0,0,"N",1,3.4,0,0,0,0,0,0,0,0,0,0,0,0,0,0
"US000","2","711310","18","0","2025","1","N",30,0,0,0,0,0,0,0,"N",1.00,0,0,0,0,0,0,0,"N",1,3.4,0,0,0,0,0,0,0,0,0,0,0,0,0,0
"US000","2","71132","17","0","2025","1","",1,1,1,1,22584,0,0,1737,"",1.00,1.00,1.00,1.00,1.00,0.00,0.00,1.00,"",0,0.0,-1,-50.0,-1,-50.0,-1,-50.0,-11607,-33.9,0,0.0,0,0.0,422,32.1
"US000","2","711320","18","0","2025","1","",1,1,1,1,22584,0,0,1737,"",1.00,1.00,1.00,1.00,1.00,0.00,0.00,1.00,"",0,0.0,-1,-50.0,-1,-50.0,-1,-50.0,-11607,-33.9,0,0.0,0,0.0,422,32.1
"US000","2","712","15","0","2025","1","",853,12536,12534,12783,156892194,436009,19938,956,"",1.00,1.00,1.00,1.00,1.00,1.00,1.00,1.00,"",-9,-1.0,-319,-2.5,315,2.6,284,2.3,6890845,4.6,21457,5.2,-23,-0.1,35,3.8
"US000","2","7121","16","0","2025","1","",853,12536,12534,12783,156892194,436009,19938,956,"",1.00,1.00,1.00,1.00,1.00,1.00,1.00,1.00,"",-9,-1.0,-319,-2.5,315,2.6,284,2.3,6890845,4.6,21457,5.2,-23,-0.1,35,3.8
"US000","2","71211","17","0","2025","1","",145,3201,3249,3265,40462802,57050,0,961,"",1.00,1.00,1.00,1.00,1.00,1.00,0.00,1.00,"",-3,-2.0,-15,-0.5,-11,-0.3,-41,-1.2,143166,0.4,15169,36.2,0,0.0,10,1.1
"US000","2","712110","18","0","2025","1","",145,3201,3249,3265,40462802,57050,0,961,"",1.00,1.00,1.00,1.00,1.00,1.00,0.00,1.00,"",-3,-2.0,-15,-0.5,-11,-0.3,-41,-1.2,143166,0.4,15169,36.2,0,0.0,10,1.1
"US000","2","71212","17","0","2025","1","",61,829,831,834,8958745,0,0,829,"",1.00,1.00,1.00,1.00,1.00,0.00,0.00,1.00,"",1,1.7,17,2.1,24,3.0,42,5.3,593949,7.1,0,0.0,0,0.0,28,3.5
"US000","2","712120","18","0","2025","1","",61,829,831,834,8958745,0,0,829,"",1.00,1.00,1.00,1.00,1.00,0.00,0.00,1.00,"",1,1.7,17,2.1,24,3.0,42,5.3,593949,7.1,0,0.0,0,0.0,28,3.5
"US000","2","71213","17","0","2025","1","",2,309,305,324,4575512,52382,3609,1126,"",1.00,1.00,1.00,1.00,1.00,1.00,1.00,1.00,"",0,0.0,-6,-1.9,-9,-2.9,1,0.3,230590,5.3,-9775,-15.7,-1413,-28.1,73,6.9
"US000","2","712130","18","0","2025","1","",2,309,305,324,4575512,52382,3609,1126,"",1.00,1.00,1.00,1.00,1.00,1.00,1.00,1.00,"",0,0.0,-6,-1.9,-9,-2.9,1,0.3,230590,5.3,-9775,-15.7,-1413,-28.1,73,6.9
"US000","2","71219","17","0","2025","1","",645,8197,8149,8360,102895135,326577,16329,961,"",1.00,1.00,1.00,1.00,1.00,1.00,1.00,1.00,"",-7,-1.1,-315,-3.7,311,4.0,282,3.5,5923140,6.1,16063,5.2,1390,9.3,45,4.9
"US000","2","712190","18","0","2025","1","",645,8197,8149,8360,102895135,326577,16329,961,"",1.00,1.00,1.00,1.00,1.00,1.00,1.00,1.00,"",-7,-1.1,-315,-3.7,311,4.0,282,3.5,5923140,6.1,16063,5.2,1390,9.3,45,4.9
"US000","2","713","15","0","2025","1","N",34,0,0,0,0,0,0,0,"N",1.00,0,0,0,0,0,0,0,"N",1,3.0,0,0,0,0,0,0,0,0,0,0,0,0,0,0
"US000","2","7132","16","0","2025","1","N",18,0,0,0,0,0,0,0,"N",1.00,0,0,0,0,0,0,0,"N",0,0.0,0,0,0,0,0,0,0,0,0,0,0,0,0,0
"US000","2","71329","17","0","2025","1","N",18,0,0,0,0,0,0,0,"N",1.00,0,0,0,0,0,0,0,"N",0,0.0,0,0,0,0,0,0,0,0,0,0,0,0,0,0
"US000","2","713290","18","0","2025","1","N",18,0,0,0,0,0,0,0,"N",1.00,0,0,0,0,0,0,0,"N",0,0.0,0,0,0,0,0,0,0,0,0,0,0,0,0,0
"US000","2","7139","16","0","2025","1","N",16,0,0,0,0,0,0,0,"N",1.00,0,0,0,0,0,0,0,"N",1,6.7,0,0,0,0,0,0,0,0,0,0,0,0,0,0
"US000","2","71391","17","0","2025","1","",2,115,113,112,820581,0,0,557,"",1.00,1.00,1.00,1.00,1.00,0.00,0.00,1.00,"",0,0.0,-9,-7.3,-7,-5.8,-11,-8.9,-40425,-4.7,0,0.0,0,0.0,16,3.0
"US000","2","713910","18","0","2025","1","",2,115,113,112,820581,0,0,557,"",1.00,1.00,1.00,1.00,1.00,0.00,0.00,1.00,"",0,0.0,-9,-7.3,-7,-5.8,-11,-8.9,-40425,-4.7,0,0.0,0,0.0,16,3.0
"US000","2","71394","17","0","2025","1","",2,195,198,197,4410093,0,0,1725,"",1.00,1.00,1.00,1.00,1.00,0.00,0.00,1.00,"",0,0.0,18,10.2,14,7.6,16,8.8,492044,12.6,0,0.0,0,0.0,57,3.4
"US000","2","713940","18","0","2025","1","",2,195,198,197,4410093,0,0,1725,"",1.00,1.00,1.00,1.00,1.00,0.00,0.00,1.00,"",0,0.0,18,10.2,14,7.6,16,8.8,492044,12.6,0,0.0,0,0.0,57,3.4
"US000","2","71399","17","0","2025","1","N",12,0,0,0,0,0,0,0,"N",1.00,0,0,0,0,0,0,0,"N",1,9.1,0,0,0,0,0,0,0,0,0,0,0,0,0,0
"US000","2","713990","18","0","2025","1","N",12,0,0,0,0,0,0,0,"N",1.00,0,0,0,0,0,0,0,"N",1,9.1,0,0,0,0,0,0,0,0,0,0,0,0,0,0
"US000","2","72","14","0","2025","1","N",13,0,0,0,0,0,0,0,"N",1.00,0,0,0,0,0,0,0,"N",0,0.0,0,0,0,0,0,0,0,0,0,0,0,0,0,0
"US000","2","721","15","0","2025","1","",10,427,438,430,2495655,50115,200,445,"",1.00,1.00,1.00,1.00,1.00,1.00,1.00,1.00,"",0,0.0,41,10.6,45,11.5,53,14.1,335398,15.5,8828,21.4,130,185.7,14,3.2
"US000","2","7211","16","0","2025","1","",9,426,428,418,2445374,0,0,444,"",1.00,1.00,1.00,1.00,1.00,0.00,0.00,1.00,"",0,0.0,48,12.7,43,11.2,50,13.6,326988,15.4,0,0.0,0,0.0,12,2.8
"US000","2","72111","17","0","2025","1","",8,418,420,410,2352847,0,0,435,"",1.00,1.00,1.00,1.00,1.00,0.00,0.00,1.00,"",0,0.0,48,13.0,42,11.1,49,13.6,346521,17.3,0,0.0,0,0.0,18,4.3
"US000","2","721110","18","0","2025","1","",8,418,420,410,2352847,0,0,435,"",1.00,1.00,1.00,1.00,1.00,0.00,0.00,1.00,"",0,0.0,48,13.0,42,11.1,49,13.6,346521,17.3,0,0.0,0,0.0,18,4.3
"US000","2","72119","17","0","2025","1","",1,8,8,8,92527,0,0,890,"",1.00,1.00,1.00,1.00,1.00,0.00,0.00,1.00,"",0,0.0,0,0.0,1,14.3,1,14.3,-19533,-17.4,0,0.0,0,0.0,-285,-24.3
"US000","2","721199","18","0","2025","1","",1,8,8,8,92527,0,0,890,"",1.00,1.00,1.00,1.00,1.00,0.00,0.00,1.00,"",0,0.0,0,0.0,1,14.3,1,14.3,-19533,-17.4,0,0.0,0,0.0,-285,-24.3
"US000","2","7212","16","0","2025","1","",1,1,10,12,50281,50115,200,504,"",1.00,1.00,1.00,1.00,1.00,1.00,1.00,1.00,"",0,0.0,-7,-87.5,2,25.0,3,33.3,8410,20.1,8828,21.4,130,185.7,117,30.2
"US000","2","72121","17","0","2025","1","",1,1,10,12,50281,50115,200,504,"",1.00,1.00,1.00,1.00,1.00,1.00,1.00,1.00,"",0,0.0,-7,-87.5,2,25.0,3,33.3,8410,20.1,8828,21.4,130,185.7,117,30.2
"US000","2","721214","18","0","2025","1","",1,1,10,12,50281,50115,200,504,"",1.00,1.00,1.00,1.00,1.00,1.00,1.00,1.00,"",0,0.0,-7,-87.5,2,25.0,3,33.3,8410,20.1,8828,21.4,130,185.7,117,30.2
"US000","2","722","15","0","2025","1","N",3,0,0,0,0,0,0,0,"N",1.00,0,0,0,0,0,0,0,"N",0,0.0,0,0,0,0,0,0,0,0,0,0,0,0,0,0
"US000","2","7223","16","0","2025","1","",1,24,25,25,104448,0,0,326,"",1.00,1.00,1.00,1.00,1.00,0.00,0.00,1.00,"",0,0.0,1,4.3,2,8.7,1,4.2,4993,5.0,0,0.0,0,0.0,-2,-0.6
"US000","2","72231","17","0","2025","1","",1,24,25,25,104448,0,0,326,"",1.00,1.00,1.00,1.00,1.00,0.00,0.00,1.00,"",0,0.0,1,4.3,2,8.7,1,4.2,4993,5.0,0,0.0,0,0.0,-2,-0.6
"US000","2","722310","18","0","2025","1","",1,24,25,25,104448,0,0,326,"",1.00,1.00,1.00,1.00,1.00,0.00,0.00,1.00,"",0,0.0,1,4.3,2,8.7,1,4.2,4993,5.0,0,0.0,0,0.0,-2,-0.6
"US000","2","7225","16","0","2025","1","N",2,0,0,0,0,0,0,0,"N",1.00,0,0,0,0,0,0,0,"N",0,0.0,0,0,0,0,0,0,0,0,0,0,0,0,0,0
"US000","2","72251","17","0","2025","1","N",2,0,0,0,0,0,0,0,"N",1.00,0,0,0,0,0,0,0,"N",0,0.0,0,0,0,0,0,0,0,0,0,0,0,0,0,0
"US000","2","722513","18","0","2025","1","N",2,0,0,0,0,0,0,0,"N",1.00,0,0,0,0,0,0,0,"N",0,0.0,0,0,0,0,0,0,0,0,0,0,0,0,0,0
"US000","2","81","14","0","2025","1","N",178,0,0,0,0,0,0,0,"N",1.00,0,0,0,0,0,0,0,"N",-1,-0.6,0,0,0,0,0,0,0,0,0,0,0,0,0,0
"US000","2","811","15","0","2025","1","",25,472,456,436,9170335,170181,1021,1551,"",1.00,1.00,1.00,1.00,1.00,1.00,1.00,1.00,"",-1,-3.8,35,8.0,27,6.3,23,5.6,984551,12.0,28075,19.8,168,19.7,74,5.0
"US000","2","8111","16","0","2025","1","",8,381,366,344,7490739,0,0,1584,"",1.00,1.00,1.00,1.00,1.00,0.00,0.00,1.00,"",0,0.0,43,12.7,38,11.6,36,11.7,904225,13.7,0,0.0,0,0.0,23,1.5
"US000","2","81111","17","0","2025","1","",8,381,366,344,7490739,0,0,1584,"",1.00,1.00,1.00,1.00,1.00,0.00,0.00,1.00,"",0,0.0,43,12.7,38,11.6,36,11.7,904225,13.7,0,0.0,0,0.0,23,1.5
"US000","2","811111","18","0","2025","1","",8,381,366,344,7490739,0,0,1584,"",1.00,1.00,1.00,1.00,1.00,0.00,0.00,1.00,"",0,0.0,43,12.7,38,11.6,36,11.7,904225,13.7,0,0.0,0,0.0,23,1.5
"US000","2","8112","16","0","2025","1","N",1,0,0,0,0,0,0,0,"N",1.00,0,0,0,0,0,0,0,"N",-1,-50.0,0,0,0,0,0,0,0,0,0,0,0,0,0,0
"US000","2","81121","17","0","2025","1","N",1,0,0,0,0,0,0,0,"N",1.00,0,0,0,0,0,0,0,"N",-1,-50.0,0,0,0,0,0,0,0,0,0,0,0,0,0,0
"US000","2","811210","18","0","2025","1","N",1,0,0,0,0,0,0,0,"N",1.00,0,0,0,0,0,0,0,"N",-1,-50.0,0,0,0,0,0,0,0,0,0,0,0,0,0,0
"US000","2","8113","16","0","2025","1","N",16,0,0,0,0,0,0,0,"N",1.00,0,0,0,0,0,0,0,"N",0,0.0,0,0,0,0,0,0,0,0,0,0,0,0,0,0
"US000","2","81131","17","0","2025","1","N",16,0,0,0,0,0,0,0,"N",1.00,0,0,0,0,0,0,0,"N",0,0.0,0,0,0,0,0,0,0,0,0,0,0,0,0,0
"US000","2","811310","18","0","2025","1","N",16,0,0,0,0,0,0,0,"N",1.00,0,0,0,0,0,0,0,"N",0,0.0,0,0,0,0,0,0,0,0,0,0,0,0,0,0
"US000","2","812","15","0","2025","1","N",11,0,0,0,0,0,0,0,"N",1.00,0,0,0,0,0,0,0,"N",0,0.0,0,0,0,0,0,0,0,0,0,0,0,0,0,0
"US000","2","8122","16","0","2025","1","N",9,0,0,0,0,0,0,0,"N",1.00,0,0,0,0,0,0,0,"N",0,0.0,0,0,0,0,0,0,0,0,0,0,0,0,0,0
"US000","2","81221","17","0","2025","1","N",1,0,0,0,0,0,0,0,"N",1.00,0,0,0,0,0,0,0,"N",0,0.0,0,0,0,0,0,0,0,0,0,0,0,0,0,0
"US000","2","812210","18","0","2025","1","N",1,0,0,0,0,0,0,0,"N",1.00,0,0,0,0,0,0,0,"N",0,0.0,0,0,0,0,0,0,0,0,0,0,0,0,0,0
"US000","2","81222","17","0","2025","1","N",8,0,0,0,0,0,0,0,"N",1.00,0,0,0,0,0,0,0,"N",0,0.0,0,0,0,0,0,0,0,0,0,0,0,0,0,0
"US000","2","812220","18","0","2025","1","N",8,0,0,0,0,0,0,0,"N",1.00,0,0,0,0,0,0,0,"N",0,0.0,0,0,0,0,0,0,0,0,0,0,0,0,0,0
"US000","2","8123","16","0","2025","1","N",1,0,0,0,0,0,0,0,"N",1.00,0,0,0,0,0,0,0,"N",0,0.0,0,0,0,0,0,0,0,0,0,0,0,0,0,0
"US000","2","81232","17","0","2025","1","N",1,0,0,0,0,0,0,0,"N",1.00,0,0,0,0,0,0,0,"N",0,0.0,0,0,0,0,0,0,0,0,0,0,0,0,0,0
"US000","2","812320","18","0","2025","1","N",1,0,0,0,0,0,0,0,"N",1.00,0,0,0,0,0,0,0,"N",0,0.0,0,0,0,0,0,0,0,0,0,0,0,0,0,0
"US000","2","8129","16","0","2025","1","",1,69,71,75,1091489,0,0,1172,"",1.00,1.00,1.00,1.00,1.00,0.00,0.00,1.00,"",0,0.0,7,11.3,10,16.4,10,15.4,170057,18.5,0,0.0,0,0.0,41,3.6
"US000","2","81293","17","0","2025","1","",1,69,71,75,1091489,0,0,1172,"",1.00,1.00,1.00,1.00,1.00,0.00,0.00,1.00,"",0,0.0,7,11.3,10,16.4,10,15.4,170057,18.5,0,0.0,0,0.0,41,3.6
"US000","2","812930","18","0","2025","1","",1,69,71,75,1091489,0,0,1172,"",1.00,1.00,1.00,1.00,1.00,0.00,0.00,1.00,"",0,0.0,7,11.3,10,16.4,10,15.4,170057,18.5,0,0.0,0,0.0,41,3.6
"US000","2","813","15","0","2025","1","",142,4349,4383,4098,51001044,7111729,13958,917,"",1.00,1.00,1.00,1.00,1.00,1.00,1.00,1.00,"",0,0.0,431,11.0,467,11.9,225,5.8,4319340,9.3,1498113,26.7,4306,44.6,-3,-0.3
"US000","2","8132","16","0","2025","1","N",17,0,0,0,0,0,0,0,"N",1.00,0,0,0,0,0,0,0,"N",0,0.0,0,0,0,0,0,0,0,0,0,0,0,0,0,0
"US000","2","81321","17","0","2025","1","N",17,0,0,0,0,0,0,0,"N",1.00,0,0,0,0,0,0,0,"N",0,0.0,0,0,0,0,0,0,0,0,0,0,0,0,0,0
"US000","2","813211","18","0","2025","1","N",17,0,0,0,0,0,0,0,"N",1.00,0,0,0,0,0,0,0,"N",0,0.0,0,0,0,0,0,0,0,0,0,0,0,0,0,0
"US000","2","8133","16","0","2025","1","N",96,0,0,0,0,0,0,0,"N",1.00,0,0,0,0,0,0,0,"N",0,0.0,0,0,0,0,0,0,0,0,0,0,0,0,0,0
"US000","2","81331","17","0","2025","1","N",96,0,0,0,0,0,0,0,"N",1.00,0,0,0,0,0,0,0,"N",0,0.0,0,0,0,0,0,0,0,0,0,0,0,0,0,0
"US000","2","813311","18","0","2025","1","",2,27,27,27,312785,0,0,891,"",1.00,1.00,1.00,1.00,1.00,0.00,0.00,1.00,"",0,0.0,-5,-15.6,-4,-12.9,-3,-10.0,-6612,-2.1,0,0.0,0,0.0,98,12.4
"US000","2","813312","18","0","2025","1","N",5,0,0,0,0,0,0,0,"N",1.00,0,0,0,0,0,0,0,"N",-1,-16.7,0,0,0,0,0,0,0,0,0,0,0,0,0,0
"US000","2","813319","18","0","2025","1","",89,1489,1526,1283,16572584,91468,1264,890,"",1.00,1.00,1.00,1.00,1.00,1.00,1.00,1.00,"",1,1.1,301,25.3,329,27.5,72,5.9,1536789,10.2,43600,91.1,623,97.2,-75,-7.8
"US000","2","8134","16","0","2025","1","N",7,0,0,0,0,0,0,0,"N",1.00,0,0,0,0,0,0,0,"N",1,16.7,0,0,0,0,0,0,0,0,0,0,0,0,0,0
"US000","2","81341","17","0","2025","1","N",7,0,0,0,0,0,0,0,"N",1.00,0,0,0,0,0,0,0,"N",1,16.7,0,0,0,0,0,0,0,0,0,0,0,0,0,0
"US000","2","813410","18","0","2025","1","N",7,0,0,0,0,0,0,0,"N",1.00,0,0,0,0,0,0,0,"N",1,16.7,0,0,0,0,0,0,0,0,0,0,0,0,0,0
"US000","2","8139","16","0","2025","1","",22,485,491,486,9603395,2782636,4911,1516,"",1.00,1.00,1.00,1.00,1.00,1.00,1.00,1.00,"",-1,-4.3,-12,-2.4,-11,-2.2,-13,-2.6,144749,1.5,-6445,-0.2,-317,-6.1,59,4.0
"US000","2","81391","17","0","2025","1","",9,384,390,384,7640448,1845648,479,1523,"",1.00,1.00,1.00,1.00,1.00,1.00,1.00,1.00,"",-1,-10.0,-6,-1.5,-2,-0.5,-8,-2.0,328933,4.5,70286,4.0,74,18.3,86,6.0
"US000","2","813910","18","0","2025","1","",9,384,390,384,7640448,1845648,479,1523,"",1.00,1.00,1.00,1.00,1.00,1.00,1.00,1.00,"",-1,-10.0,-6,-1.5,-2,-0.5,-8,-2.0,328933,4.5,70286,4.0,74,18.3,86,6.0
"US000","2","81392","17","0","2025","1","",8,93,93,93,1825160,933118,4328,1510,"",1.00,1.00,1.00,1.00,1.00,1.00,1.00,1.00,"",0,0.0,-5,-5.1,-8,-7.9,-5,-5.1,-170494,-8.5,-75441,-7.5,-356,-7.6,-41,-2.6
"US000","2","813920","18","0","2025","1","",8,93,93,93,1825160,933118,4328,1510,"",1.00,1.00,1.00,1.00,1.00,1.00,1.00,1.00,"",0,0.0,-5,-5.1,-8,-7.9,-5,-5.1,-170494,-8.5,-75441,-7.5,-356,-7.6,-41,-2.6
"US000","2","81393","17","0","2025","1","",1,2,2,2,3870,3870,104,149,"",1.00,1.00,1.00,1.00,1.00,1.00,1.00,1.00,"",0,0.0,0,0.0,0,0.0,0,0.0,-1290,-25.0,-1290,-25.0,-35,-25.2,-49,-24.7
"US000","2","813930","18","0","2025","1","",1,2,2,2,3870,3870,104,149,"",1.00,1.00,1.00,1.00,1.00,1.00,1.00,1.00,"",0,0.0,0,0.0,0,0.0,0,0.0,-1290,-25.0,-1290,-25.0,-35,-25.2,-49,-24.7
"US000","2","81394","17","0","2025","1","",2,4,4,5,112392,0,0,1995,"",1.00,1.00,1.00,1.00,1.00,0.00,0.00,1.00,"",0,0.0,0,0.0,0,0.0,1,25.0,8839,8.5,0,0.0,0,0.0,4,0.2
"US000","2","813940","18","0","2025","1","",2,4,4,5,112392,0,0,1995,"",1.00,1.00,1.00,1.00,1.00,0.00,0.00,1.00,"",0,0.0,0,0.0,0,0.0,1,25.0,8839,8.5,0,0.0,0,0.0,4,0.2
"US000","2","81399","17","0","2025","1","",2,2,2,2,21525,0,0,828,"",1.00,1.00,1.00,1.00,1.00,0.00,0.00,1.00,"",0,0.0,-1,-33.3,-1,-33.3,-1,-33.3,-21239,-49.7,0,0.0,0,0.0,-269,-24.5
"US000","2","813990","18","0","2025","1","",2,2,2,2,21525,0,0,828,"",1.00,1.00,1.00,1.00,1.00,0.00,0.00,1.00,"",0,0.0,-1,-33.3,-1,-33.3,-1,-33.3,-21239,-49.7,0,0.0,0,0.0,-269,-24.5
"US000","2","92","14","0","2025","1","",51357,1876168,1879417,1882359,39049521417,1838459708,4478814,1598,"",1.00,1.00,1.00,1.00,1.00,1.00,1.00,1.00,"",-152,-0.3,48112,2.6,44773,2.4,35265,1.9,2193860978,6.0,117175614,6.8,320523,7.7,54,3.5
"US000","2","921","15","0","2025","1","",6542,243883,245584,246014,5434379692,223178583,529901,1705,"",1.00,1.00,1.00,1.00,1.00,1.00,1.00,1.00,"",42,0.6,6760,2.9,6002,2.5,5756,2.4,273537810,5.3,21359779,10.6,51144,10.7,44,2.6
"US000","2","9211","16","0","2025","1","",6542,243883,245584,246014,5434379692,223178583,529901,1705,"",1.00,1.00,1.00,1.00,1.00,1.00,1.00,1.00,"",42,0.6,6760,2.9,6002,2.5,5756,2.4,273537810,5.3,21359779,10.6,51144,10.7,44,2.6
"US000","2","92111","17","0","2025","1","",572,13741,13850,13840,292077199,10139891,26366,1627,"",1.00,1.00,1.00,1.00,1.00,1.00,1.00,1.00,"",1,0.2,616,4.7,689,5.2,608,4.6,22886349,8.5,401593,4.1,2851,12.1,55,3.5
"US000","2","921110","18","0","2025","1","",572,13741,13850,13840,292077199,10139891,26366,1627,"",1.00,1.00,1.00,1.00,1.00,1.00,1.00,1.00,"",1,0.2,616,4.7,689,5.2,608,4.6,22886349,8.5,401593,4.1,2851,12.1,55,3.5
"US000","2","92112","17","0","2025","1","",462,31036,32035,31875,587607864,27357071,43724,1428,"",1.00,1.00,1.00,1.00,1.00,1.00,1.00,1.00,"",-38,-7.6,1405,4.7,1377,4.5,1854,6.2,41668494,7.6,4239119,18.3,3512,8.7,33,2.4
"US000","2","921120","18","0","2025","1","",462,31036,32035,31875,587607864,27357071,43724,1428,"",1.00,1.00,1.00,1.00,1.00,1.00,1.00,1.00,"",-38,-7.6,1405,4.7,1377,4.5,1854,6.2,41668494,7.6,4239119,18.3,3512,8.7,33,2.4
"US000","2","92113","17","0","2025","1","",2473,102844,103316,103732,2322298863,75838553,186102,1729,"",1.00,1.00,1.00,1.00,1.00,1.00,1.00,1.00,"",20,0.8,2629,2.6,2342,2.3,2192,2.2,97170313,4.4,4409558,6.2,11867,6.8,33,1.9
"US000","2","921130","18","0","2025","1","",2473,102844,103316,103732,2322298863,75838553,186102,1729,"",1.00,1.00,1.00,1.00,1.00,1.00,1.00,1.00,"",20,0.8,2629,2.6,2342,2.3,2192,2.2,97170313,4.4,4409558,6.2,11867,6.8,33,1.9
"US000","2","92114","17","0","2025","1","",82,2498,2504,2584,52457453,0,0,1596,"",1.00,1.00,1.00,1.00,1.00,0.00,0.00,1.00,"",10,13.9,451,22.0,400,19.0,486,23.2,9359218,21.7,0,0.0,0,0.0,4,0.3
"US000","2","921140","18","0","2025","1","",82,2498,2504,2584,52457453,0,0,1596,"",1.00,1.00,1.00,1.00,1.00,0.00,0.00,1.00,"",10,13.9,451,22.0,400,19.0,486,23.2,9359218,21.7,0,0.0,0,0.0,4,0.3
"US000","2","92119","17","0","2025","1","",2953,93764,93879,93983,2179938313,109843068,273709,1786,"",1.00,1.00,1.00,1.00,1.00,1.00,1.00,1.00,"",49,1.7,1659,1.8,1194,1.3,616,0.7,102453436,4.9,12309509,12.6,32914,13.7,62,3.6
"US000","2","921190","18","0","2025","1","",2953,93764,93879,93983,2179938313,109843068,273709,1786,"",1.00,1.00,1.00,1.00,1.00,1.00,1.00,1.00,"",49,1.7,1659,1.8,1194,1.3,616,0.7,102453436,4.9,12309509,12.6,32914,13.7,62,3.6
"US000","2","922","15","0","2025","1","",14530,694717,695731,694622,14906913961,764267013,1558935,1650,"",1.00,1.00,1.00,1.00,1.00,1.00,1.00,1.00,"",-4,0.0,15650,2.3,15376,2.3,7267,1.1,784940652,5.6,52325195,7.3,109713,7.6,58,3.6
"US000","2","9221","16","0","2025","1","",14530,694717,695731,694622,14906913961,764267013,1558935,1650,"",1.00,1.00,1.00,1.00,1.00,1.00,1.00,1.00,"",-4,0.0,15650,2.3,15376,2.3,7267,1.1,784940652,5.6,52325195,7.3,109713,7.6,58,3.6
"US000","2","92211","17","0","2025","1","",3990,105763,105738,106062,2282532608,229151139,480457,1659,"",1.00,1.00,1.00,1.00,1.00,1.00,1.00,1.00,"",-15,-0.4,2877,2.8,2504,2.4,2456,2.4,91708323,4.2,10123108,4.6,19784,4.3,27,1.7
"US000","2","922110","18","0","2025","1","",3990,105763,105738,106062,2282532608,229151139,480457,1659,"",1.00,1.00,1.00,1.00,1.00,1.00,1.00,1.00,"",-15,-0.4,2877,2.8,2504,2.4,2456,2.4,91708323,4.2,10123108,4.6,19784,4.3,27,1.7
"US000","2","92212","17","0","2025","1","",2583,106874,106931,107186,2733808549,151235338,298735,1965,"",1.00,1.00,1.00,1.00,1.00,1.00,1.00,1.00,"",95,3.8,3422,3.3,3319,3.2,2916,2.8,120377083,4.6,10228824,7.3,22024,8.0,28,1.4
"US000","2","922120","18","0","2025","1","",2583,106874,106931,107186,2733808549,151235338,298735,1965,"",1.00,1.00,1.00,1.00,1.00,1.00,1.00,1.00,"",95,3.8,3422,3.3,3319,3.2,2916,2.8,120377083,4.6,10228824,7.3,22024,8.0,28,1.4
"US000","2","92213","17","0","2025","1","",2085,63569,63589,63661,1439747309,33829865,49548,1741,"",1.00,1.00,1.00,1.00,1.00,1.00,1.00,1.00,"",30,1.5,2617,4.3,2461,4.0,2321,3.8,116766774,8.8,4546188,15.5,5638,12.8,76,4.6
"US000","2","922130","18","0","2025","1","",2085,63569,63589,63661,1439747309,33829865,49548,1741,"",1.00,1.00,1.00,1.00,1.00,1.00,1.00,1.00,"",30,1.5,2617,4.3,2461,4.0,2321,3.8,116766774,8.8,4546188,15.5,5638,12.8,76,4.6
"US000","2","92214","17","0","2025","1","",4131,365565,366421,364557,7336846281,312704962,628021,1544,"",1.00,1.00,1.00,1.00,1.00,1.00,1.00,1.00,"",-87,-2.1,4898,1.4,5505,1.5,-1378,-0.4,374581310,5.4,24059497,8.3,49207,8.5,67,4.5
"US000","2","922140","18","0","2025","1","",4131,365565,366421,364557,7336846281,312704962,628021,1544,"",1.00,1.00,1.00,1.00,1.00,1.00,1.00,1.00,"",-87,-2.1,4898,1.4,5505,1.5,-1378,-0.4,374581310,5.4,24059497,8.3,49207,8.5,67,4.5
"US000","2","92215","17","0","2025","1","",927,20663,20644,20563,375216090,11679210,26278,1400,"",1.00,1.00,1.00,1.00,1.00,1.00,1.00,1.00,"",-31,-3.2,287,1.4,299,1.5,282,1.4,13652327,3.8,857018,7.9,1967,8.1,32,2.3
"US000","2","922150","18","0","2025","1","",927,20663,20644,20563,375216090,11679210,26278,1400,"",1.00,1.00,1.00,1.00,1.00,1.00,1.00,1.00,"",-31,-3.2,287,1.4,299,1.5,282,1.4,13652327,3.8,857018,7.9,1967,8.1,32,2.3
"US000","2","92216","17","0","2025","1","",152,2540,2612,2730,42886589,7749442,23663,1256,"",1.00,1.00,1.00,1.00,1.00,1.00,1.00,1.00,"",1,0.7,135,5.6,101,4.0,104,4.0,7027706,19.6,207175,2.7,1886,8.7,159,14.5
"US000","2","922160","18","0","2025","1","",152,2540,2612,2730,42886589,7749442,23663,1256,"",1.00,1.00,1.00,1.00,1.00,1.00,1.00,1.00,"",1,0.7,135,5.6,101,4.0,104,4.0,7027706,19.6,207175,2.7,1886,8.7,159,14.5
"US000","2","92219","17","0","2025","1","",662,29743,29796,29863,695876535,17917057,52233,1796,"",1.00,1.00,1.00,1.00,1.00,1.00,1.00,1.00,"",3,0.5,1414,5.0,1187,4.1,566,1.9,60827129,9.6,2303385,14.8,9207,21.4,97,5.7
"US000","2","922190","18","0","2025","1","",662,29743,29796,29863,695876535,17917057,52233,1796,"",1.00,1.00,1.00,1.00,1.00,1.00,1.00,1.00,"",3,0.5,1414,5.0,1187,4.1,566,1.9,60827129,9.6,2303385,14.8,9207,21.4,97,5.7
"US000","2","923","15","0","2025","1","",10938,436863,437434,438055,8527325232,563789318,1271657,1499,"",1.00,1.00,1.00,1.00,1.00,1.00,1.00,1.00,"",-171,-1.5,9858,2.3,9115,2.1,7889,1.8,454513599,5.6,31364135,5.9,87623,7.4,50,3.5
"US000","2","9231","16","0","2025","1","",10938,436863,437434,438055,8527325232,563789318,1271657,1499,"",1.00,1.00,1.00,1.00,1.00,1.00,1.00,1.00,"",-171,-1.5,9858,2.3,9115,2.1,7889,1.8,454513599,5.6,31364135,5.9,87623,7.4,50,3.5
"US000","2","92311","17","0","2025","1","",1282,47478,47690,47915,1076250667,51774242,101234,1736,"",1.00,1.00,1.00,1.00,1.00,1.00,1.00,1.00,"",52,4.2,1269,2.7,1333,2.9,1288,2.8,78205663,7.8,2052633,4.1,-17576,-14.8,81,4.9
"US000","2","923110","18","0","2025","1","",1282,47478,47690,47915,1076250667,51774242,101234,1736,"",1.00,1.00,1.00,1.00,1.00,1.00,1.00,1.00,"",52,4.2,1269,2.7,1333,2.9,1288,2.8,78205663,7.8,2052633,4.1,-17576,-14.8,81,4.9
"US000","2","92312","17","0","2025","1","",3644,145977,146308,146494,2906266493,200430683,554595,1529,"",1.00,1.00,1.00,1.00,1.00,1.00,1.00,1.00,"",36,1.0,3698,2.6,3472,2.4,3134,2.2,172120552,6.3,12890728,6.9,71549,14.8,56,3.8
"US000","2","923120","18","0","2025","1","",3644,145977,146308,146494,2906266493,200430683,554595,1529,"",1.00,1.00,1.00,1.00,1.00,1.00,1.00,1.00,"",36,1.0,3698,2.6,3472,2.4,3134,2.2,172120552,6.3,12890728,6.9,71549,14.8,56,3.8
"US000","2","92313","17","0","2025","1","",5416,235596,235614,235817,4416712205,308164760,608962,1442,"",1.00,1.00,1.00,1.00,1.00,1.00,1.00,1.00,"",-267,-4.7,4537,2.0,3969,1.7,3125,1.3,196203344,4.6,16123831,5.5,33627,5.8,41,2.9
"US000","2","923130","18","0","2025","1","",5416,235596,235614,235817,4416712205,308164760,608962,1442,"",1.00,1.00,1.00,1.00,1.00,1.00,1.00,1.00,"",-267,-4.7,4537,2.0,3969,1.7,3125,1.3,196203344,4.6,16123831,5.5,33627,5.8,41,2.9
"US000","2","92314","17","0","2025","1","",596,7812,7822,7829,128095867,3419633,6866,1260,"",1.00,1.00,1.00,1.00,1.00,1.00,1.00,1.00,"",8,1.4,354,4.7,341,4.6,342,4.6,7984040,6.6,296943,9.5,23,0.3,24,1.9
"US000","2","923140","18","0","2025","1","",596,7812,7822,7829,128095867,3419633,6866,1260,"",1.00,1.00,1.00,1.00,1.00,1.00,1.00,1.00,"",8,1.4,354,4.7,341,4.6,342,4.6,7984040,6.6,296943,9.5,23,0.3,24,1.9
"US000","2","924","15","0","2025","1","",7047,150391,150454,153300,2982070790,99792332,494217,1515,"",1.00,1.00,1.00,1.00,1.00,1.00,1.00,1.00,"",29,0.4,6916,4.8,6551,4.6,6854,4.7,239671441,8.7,6300914,6.7,36845,8.1,56,3.8
"US000","2","9241","16","0","2025","1","",7047,150391,150454,153300,2982070790,99792332,494217,1515,"",1.00,1.00,1.00,1.00,1.00,1.00,1.00,1.00,"",29,0.4,6916,4.8,6551,4.6,6854,4.7,239671441,8.7,6300914,6.7,36845,8.1,56,3.8
"US000","2","92411","17","0","2025","1","",1413,45047,45084,45267,1064063360,31376205,100107,1814,"",1.00,1.00,1.00,1.00,1.00,1.00,1.00,1.00,"",41,3.0,2283,5.3,2083,4.8,1885,4.3,67191931,6.7,411559,1.3,3760,3.9,33,1.9
"US000","2","924110","18","0","2025","1","",1413,45047,45084,45267,1064063360,31376205,100107,1814,"",1.00,1.00,1.00,1.00,1.00,1.00,1.00,1.00,"",41,3.0,2283,5.3,2083,4.8,1885,4.3,67191931,6.7,411559,1.3,3760,3.9,33,1.9
"US000","2","92412","17","0","2025","1","",5634,105344,105370,108033,1918007430,68416127,394110,1389,"",1.00,1.00,1.00,1.00,1.00,1.00,1.00,1.00,"",-12,-0.2,4633,4.6,4468,4.4,4969,4.8,172479510,9.9,5889355,9.4,33085,9.2,67,5.1
"US000","2","924120","18","0","2025","1","",5634,105344,105370,108033,1918007430,68416127,394110,1389,"",1.00,1.00,1.00,1.00,1.00,1.00,1.00,1.00,"",-12,-0.2,4633,4.6,4468,4.4,4969,4.8,172479510,9.9,5889355,9.4,33085,9.2,67,5.1
"US000","2","925","15","0","2025","1","N",493,0,0,0,0,0,0,0,"N",1.00,0,0,0,0,0,0,0,"N",14,2.9,0,0,0,0,0,0,0,0,0,0,0,0,0,0
"US000","2","9251","16","0","2025","1","N",493,0,0,0,0,0,0,0,"N",1.00,0,0,0,0,0,0,0,"N",14,2.9,0,0,0,0,0,0,0,0,0,0,0,0,0,0
"US000","2","92511","17","0","2025","1","N",278,0,0,0,0,0,0,0,"N",1.00,0,0,0,0,0,0,0,"N",12,4.5,0,0,0,0,0,0,0,0,0,0,0,0,0,0
"US000","2","925110","18","0","2025","1","N",278,0,0,0,0,0,0,0,"N",1.00,0,0,0,0,0,0,0,"N",12,4.5,0,0,0,0,0,0,0,0,0,0,0,0,0,0
"US000","2","92512","17","0","2025","1","",215,7377,7417,7405,173179975,16651669,48580,1800,"",1.00,1.00,1.00,1.00,1.00,1.00,1.00,1.00,"",2,0.9,567,8.3,541,7.9,449,6.5,19638167,12.8,3125261,23.1,1872,4.0,83,4.8
"US000","2","925120","18","0","2025","1","",215,7377,7417,7405,173179975,16651669,48580,1800,"",1.00,1.00,1.00,1.00,1.00,1.00,1.00,1.00,"",2,0.9,567,8.3,541,7.9,449,6.5,19638167,12.8,3125261,23.1,1872,4.0,83,4.8
"US000","2","926","15","0","2025","1","",11030,317452,317520,317829,6595010610,142250988,455045,1597,"",1.00,1.00,1.00,1.00,1.00,1.00,1.00,1.00,"",-44,-0.4,7454,2.4,6707,2.2,6452,2.1,402001246,6.5,3414955,2.5,26124,6.1,64,4.2
"US000","2","9261","16","0","2025","1","",11030,317452,317520,317829,6595010610,142250988,455045,1597,"",1.00,1.00,1.00,1.00,1.00,1.00,1.00,1.00,"",-44,-0.4,7454,2.4,6707,2.2,6452,2.1,402001246,6.5,3414955,2.5,26124,6.1,64,4.2
"US000","2","92611","17","0","2025","1","",953,32075,32071,32057,603378848,17247324,116147,1447,"",1.00,1.00,1.00,1.00,1.00,1.00,1.00,1.00,"",47,5.2,1023,3.3,926,3.0,783,2.5,37769903,6.7,-98218,-0.6,8779,8.2,51,3.7
"US000","2","926110","18","0","2025","1","",953,32075,32071,32057,603378848,17247324,116147,1447,"",1.00,1.00,1.00,1.00,1.00,1.00,1.00,1.00,"",47,5.2,1023,3.3,926,3.0,783,2.5,37769903,6.7,-98218,-0.6,8779,8.2,51,3.7
"US000","2","92612","17","0","2025","1","",4016,186480,186379,186292,4065418127,61556773,157033,1678,"",1.00,1.00,1.00,1.00,1.00,1.00,1.00,1.00,"",17,0.4,3244,1.8,3037,1.7,3031,1.7,241740448,6.3,-397591,-0.6,-4792,-3.0,73,4.5
"US000","2","926120","18","0","2025","1","",4016,186480,186379,186292,4065418127,61556773,157033,1678,"",1.00,1.00,1.00,1.00,1.00,1.00,1.00,1.00,"",17,0.4,3244,1.8,3037,1.7,3031,1.7,241740448,6.3,-397591,-0.6,-4792,-3.0,73,4.5
"US000","2","92613","17","0","2025","1","",343,9441,9467,9519,274195532,9664372,32974,2226,"",1.00,1.00,1.00,1.00,1.00,1.00,1.00,1.00,"",-96,-21.9,408,4.5,377,4.1,370,4.0,11888180,4.5,318820,3.4,12490,61.0,6,0.3
"US000","2","926130","18","0","2025","1","",343,9441,9467,9519,274195532,9664372,32974,2226,"",1.00,1.00,1.00,1.00,1.00,1.00,1.00,1.00,"",-96,-21.9,408,4.5,377,4.1,370,4.0,11888180,4.5,318820,3.4,12490,61.0,6,0.3
"US000","2","92614","17","0","2025","1","",3039,33954,33995,34088,534615662,7151520,22618,1209,"",1.00,1.00,1.00,1.00,1.00,1.00,1.00,1.00,"",-9,-0.3,946,2.9,716,2.2,497,1.5,34299023,6.9,479071,7.2,-311,-1.4,53,4.6
"US000","2","926140","18","0","2025","1","",3039,33954,33995,34088,534615662,7151520,22618,1209,"",1.00,1.00,1.00,1.00,1.00,1.00,1.00,1.00,"",-9,-0.3,946,2.9,716,2.2,497,1.5,34299023,6.9,479071,7.2,-311,-1.4,53,4.6
"US000","2","92615","17","0","2025","1","",2679,55502,55608,55873,1117402441,46630999,126273,1544,"",1.00,1.00,1.00,1.00,1.00,1.00,1.00,1.00,"",-3,-0.1,1833,3.4,1651,3.1,1771,3.3,76303692,7.3,3112873,7.2,9958,8.6,58,3.9
"US000","2","926150","18","0","2025","1","",2679,55502,55608,55873,1117402441,46630999,126273,1544,"",1.00,1.00,1.00,1.00,1.00,1.00,1.00,1.00,"",-3,-0.1,1833,3.4,1651,3.1,1771,3.3,76303692,7.3,3112873,7.2,9958,8.6,58,3.9
"US000","2","927","15","0","2025","1","N",5,0,0,0,0,0,0,0,"N",1.00,0,0,0,0,0,0,0,"N",1,25.0,0,0,0,0,0,0,0,0,0,0,0,0,0,0
"US000","2","9271","16","0","2025","1","N",5,0,0,0,0,0,0,0,"N",1.00,0,0,0,0,0,0,0,"N",1,25.0,0,0,0,0,0,0,0,0,0,0,0,0,0,0
"US000","2","92711","17","0","2025","1","N",5,0,0,0,0,0,0,0,"N",1.00,0,0,0,0,0,0,0,"N",1,25.0,0,0,0,0,0,0,0,0,0,0,0,0,0,0
"US000","2","927110","18","0","2025","1","N",5,0,0,0,0,0,0,0,"N",1.00,0,0,0,0,0,0,0,"N",1,25.0,0,0,0,0,0,0,0,0,0,0,0,0,0,0
"US000","2","928","15","0","2025","1","",772,19857,19658,19517,305444570,22013943,87000,1194,"",1.00,1.00,1.00,1.00,1.00,1.00,1.00,1.00,"",-19,-2.4,566,2.9,175,0.9,304,1.6,10130591,3.4,-958892,-4.2,7156,9.0,19,1.6
"US000","2","9281","16","0","2025","1","",772,19857,19658,19517,305444570,22013943,87000,1194,"",1.00,1.00,1.00,1.00,1.00,1.00,1.00,1.00,"",-19,-2.4,566,2.9,175,0.9,304,1.6,10130591,3.4,-958892,-4.2,7156,9.0,19,1.6
"US000","2","92811","17","0","2025","1","",767,19793,19595,19452,304057557,21014282,85256,1193,"",1.00,1.00,1.00,1.00,1.00,1.00,1.00,1.00,"N",-19,-2.4,0,0,0,0,0,0,0,0,0,0,0,0,0,0
"US000","2","928110","18","0","2025","1","",767,19793,19595,19452,304057557,21014282,85256,1193,"",1.00,1.00,1.00,1.00,1.00,1.00,1.00,1.00,"N",-19,-2.4,0,0,0,0,0,0,0,0,0,0,0,0,0,0
"US000","2","92812","17","0","2025","1","",5,64,63,65,1387013,999661,1744,1667,"",1.00,1.00,1.00,1.00,1.00,1.00,1.00,1.00,"N",0,0.0,0,0,0,0,0,0,0,0,0,0,0,0,0,0
"US000","2","928120","18","0","2025","1","",5,64,63,65,1387013,999661,1744,1667,"",1.00,1.00,1.00,1.00,1.00,1.00,1.00,1.00,"N",0,0.0,0,0,0,0,0,0,0,0,0,0,0,0,0,0
"US000","2","99","14","0","2025","1","N",81,0,0,0,0,0,0,0,"N",1.00,0,0,0,0,0,0,0,"N",-29,-26.4,0,0,0,0,0,0,0,0,0,0,0,0,0,0
"US000","2","999","15","0","2025","1","N",81,0,0,0,0,0,0,0,"N",1.00,0,0,0,0,0,0,0,"N",-29,-26.4,0,0,0,0,0,0,0,0,0,0,0,0,0,0
"US000","2","9999","16","0","2025","1","N",81,0,0,0,0,0,0,0,"N",1.00,0,0,0,0,0,0,0,"N",-29,-26.4,0,0,0,0,0,0,0,0,0,0,0,0,0,0
"US000","2","99999","17","0","2025","1","N",81,0,0,0,0,0,0,0,"N",1.00,0,0,0,0,0,0,0,"N",-29,-26.4,0,0,0,0,0,0,0,0,0,0,0,0,0,0
"US000","2","999999","18","0","2025","1","N",81,0,0,0,0,0,0,0,"N",1.00,0,0,0,0,0,0,0,"N",-29,-26.4,0,0,0,0,0,0,0,0,0,0,0,0,0,0
"US000","3","10","11","0","2025","1","",172599,14865564,14995531,15039921,249928117061,12580622983,97496624,1285,"",1.00,1.00,1.00,1.00,1.00,1.00,1.00,1.00,"",631,0.4,227318,1.6,204289,1.4,158903,1.1,11438521729,4.8,471009667,3.9,-2620680,-2.6,43,3.5
"US000","3","101","12","0","2025","1","",4373,112323,112112,112264,1955670829,146341124,1480568,1340,"",1.00,1.00,1.00,1.00,1.00,1.00,1.00,1.00,"",-14,-0.3,1965,1.8,1787,1.6,1903,1.7,129551626,7.1,2839323,2.0,42296,2.9,67,5.3
"US000","3","1011","13","0","2025","1","",75,1894,1876,1912,36941241,20921773,309416,1500,"",1.00,1.00,1.00,1.00,1.00,1.00,1.00,1.00,"",1,1.4,-5,-0.3,-1,-0.1,-8,-0.4,727370,2.0,-742876,-3.4,181600,142.1,33,2.2
"US000","3","1012","13","0","2025","1","",4249,109045,108898,109042,1893459743,118419716,1036851,1336,"",1.00,1.00,1.00,1.00,1.00,1.00,1.00,1.00,"",-13,-0.3,1957,1.8,1827,1.7,1927,1.8,127164997,7.2,3828129,3.3,-90712,-8.0,67,5.3
"US000","3","1013","13","0","2025","1","",49,1384,1338,1310,25269845,6999635,134301,1446,"",1.00,1.00,1.00,1.00,1.00,1.00,1.00,1.00,"",-2,-3.9,13,0.9,-39,-2.8,-16,-1.2,1659259,7.0,-245930,-3.4,-48592,-26.6,109,8.2
"US000","3","102","12","0","2025","1","",168226,14753241,14883419,14927657,247972446232,12434281859,96016056,1284,"",1.00,1.00,1.00,1.00,1.00,1.00,1.00,1.00,"",645,0.4,225353,1.6,202502,1.4,157000,1.1,11308970103,4.8,468170344,3.9,-2662976,-2.7,42,3.4
"US000","3","1021","13","0","2025","1","",12043,582457,583357,583361,12673843787,816067724,6898413,1672,"",1.00,1.00,1.00,1.00,1.00,1.00,1.00,1.00,"",13,0.1,15918,2.8,15651,2.8,13992,2.5,786734482,6.6,11334324,1.4,-1114797,-13.9,62,3.9
"US000","3","1022","13","0","2025","1","",5197,126100,126253,126534,1389053865,126555665,804630,846,"",1.00,1.00,1.00,1.00,1.00,1.00,1.00,1.00,"",63,1.2,1001,0.8,977,0.8,653,0.5,47049280,3.5,6794541,5.7,-15805,-1.9,23,2.8
"US000","3","1023","13","0","2025","1","",1897,47879,48005,48076,883823324,252439298,3218322,1417,"",1.00,1.00,1.00,1.00,1.00,1.00,1.00,1.00,"",-9,-0.5,954,2.0,140,0.3,505,1.1,30896575,3.6,7899247,3.2,-36679,-1.1,34,2.5
"US000","3","1024","13","0","2025","1","",4819,101346,102888,101769,1764166411,220656689,3496632,1330,"",1.00,1.00,1.00,1.00,1.00,1.00,1.00,1.00,"",42,0.9,4403,4.5,5567,5.7,3718,3.8,139519868,8.6,10091699,4.8,70978,2.1,47,3.7
"US000","3","1025","13","0","2025","1","",73664,9225826,9344246,9375790,144199176682,4345699671,24947045,1191,"",1.00,1.00,1.00,1.00,1.00,1.00,1.00,1.00,"",92,0.1,98248,1.1,95471,1.0,80638,0.9,4747796287,3.4,157448073,3.8,-377606,-1.5,28,2.4
"US000","3","1026","13","0","2025","1","",4649,387080,389827,390843,4294822035,1055905123,15018901,849,"",1.00,1.00,1.00,1.00,1.00,1.00,1.00,1.00,"",23,0.5,8065,2.1,7691,2.0,5578,1.4,159364229,3.9,3603161,0.3,365334,2.5,17,2.0
"US000","3","1027","13","0","2025","1","",2070,33401,33407,33789,516039381,70943150,1040432,1184,"",1.00,1.00,1.00,1.00,1.00,1.00,1.00,1.00,"",-27,-1.3,402,1.2,272,0.8,366,1.1,23957821,4.9,2638129,3.9,-24195,-2.3,43,3.8
"US000","3","1028","13","0","2025","1","",63714,4248747,4254991,4267050,82243775012,5544826303,40575027,1486,"",1.00,1.00,1.00,1.00,1.00,1.00,1.00,1.00,"",440,0.7,96346,2.3,76688,1.8,51506,1.2,5372981077,7.0,267903838,5.1,-1534063,-3.6,72,5.1
"US000","3","1029","13","0","2025","1","",173,405,445,445,7745735,1188236,16654,1380,"",1.00,1.00,1.00,1.00,1.00,1.00,1.00,1.00,"",8,4.8,16,4.1,45,11.2,44,11.0,670484,9.5,457332,62.6,3857,30.1,8,0.6
"US000","3","11","14","0","2025","1","",67,1008,994,1022,14615825,6043889,54633,1115,"",1.00,1.00,1.00,1.00,1.00,1.00,1.00,1.00,"",1,1.5,41,4.2,39,4.1,20,2.0,1931823,15.2,475535,8.5,14158,35.0,114,11.4
"US000","3","111","15","0","2025","1","",13,494,495,519,5868040,4236307,26268,898,"",1.00,1.00,1.00,1.00,1.00,1.00,1.00,1.00,"",2,18.2,31,6.7,35,7.6,50,10.7,744641,14.5,159069,3.9,5977,29.5,49,5.8
"US000","3","1111","16","0","2025","1","",1,5,5,5,59375,0,0,913,"",1.00,1.00,1.00,1.00,1.00,0.00,0.00,1.00,"",0,0.0,0,0.0,0,0.0,0,0.0,4304,7.8,0,0.0,0,0.0,66,7.8
"US000","3","11114","17","0","2025","1","",1,5,5,5,59375,0,0,913,"",1.00,1.00,1.00,1.00,1.00,0.00,0.00,1.00,"",0,0.0,0,0.0,0,0.0,0,0.0,4304,7.8,0,0.0,0,0.0,66,7.8
"US000","3","111140","18","0","2025","1","",1,5,5,5,59375,0,0,913,"",1.00,1.00,1.00,1.00,1.00,0.00,0.00,1.00,"",0,0.0,0,0.0,0,0.0,0,0.0,4304,7.8,0,0.0,0,0.0,66,7.8
"US000","3","1112","16","0","2025","1","",1,22,22,23,249470,154414,7566,859,"",1.00,1.00,1.00,1.00,1.00,1.00,1.00,1.00,"",0,0.0,5,29.4,5,29.4,9,64.3,78629,46.0,36361,30.8,4142,121.0,38,4.6
"US000","3","11121","17","0","2025","1","",1,22,22,23,249470,154414,7566,859,"",1.00,1.00,1.00,1.00,1.00,1.00,1.00,1.00,"",0,0.0,5,29.4,5,29.4,9,64.3,78629,46.0,36361,30.8,4142,121.0,38,4.6
"US000","3","111219","18","0","2025","1","",1,22,22,23,249470,154414,7566,859,"",1.00,1.00,1.00,1.00,1.00,1.00,1.00,1.00,"",0,0.0,5,29.4,5,29.4,9,64.3,78629,46.0,36361,30.8,4142,121.0,38,4.6
"US000","3","1113","16","0","2025","1","N",1,0,0,0,0,0,0,0,"N",1.00,0,0,0,0,0,0,0,"N",0,0.0,0,0,0,0,0,0,0,0,0,0,0,0,0,0
"US000","3","11133","17","0","2025","1","N",1,0,0,0,0,0,0,0,"N",1.00,0,0,0,0,0,0,0,"N",0,0.0,0,0,0,0,0,0,0,0,0,0,0,0,0,0
"US000","3","111331","18","0","2025","1","N",1,0,0,0,0,0,0,0,"N",1.00,0,0,0,0,0,0,0,"N",0,0.0,0,0,0,0,0,0,0,0,0,0,0,0,0,0
"US000","3","1114","16","0","2025","1","N",3,0,0,0,0,0,0,0,"N",1.00,0,0,0,0,0,0,0,"N",1,50.0,0,0,0,0,0,0,0,0,0,0,0,0,0,0
"US000","3","11141","17","0","2025","1","",1,2,4,4,50472,21479,730,1165,"",1.00,1.00,1.00,1.00,1.00,1.00,1.00,1.00,"",1,100.0,2,100.0,4,100.0,4,100.0,50472,100.0,21479,100.0,730,100.0,1165,100.0
"US000","3","111419","18","0","2025","1","",1,2,4,4,50472,21479,730,1165,"",1.00,1.00,1.00,1.00,1.00,1.00,1.00,1.00,"",1,100.0,2,100.0,4,100.0,4,100.0,50472,100.0,21479,100.0,730,100.0,1165,100.0
"US000","3","11142","17","0","2025","1","N",2,0,0,0,0,0,0,0,"N",1.00,0,0,0,0,0,0,0,"N",0,0.0,0,0,0,0,0,0,0,0,0,0,0,0,0,0
"US000","3","111421","18","0","2025","1","N",1,0,0,0,0,0,0,0,"N",1.00,0,0,0,0,0,0,0,"N",0,0.0,0,0,0,0,0,0,0,0,0,0,0,0,0,0
"US000","3","111422","18","0","2025","1","N",1,0,0,0,0,0,0,0,"N",1.00,0,0,0,0,0,0,0,"N",0,0.0,0,0,0,0,0,0,0,0,0,0,0,0,0,0
"US000","3","1119","16","0","2025","1","",7,446,445,468,5400666,4060414,17972,917,"",1.00,1.00,1.00,1.00,1.00,1.00,1.00,1.00,"",1,16.7,27,6.4,29,7.0,39,9.1,625888,13.1,101229,2.6,1105,6.6,45,5.2
"US000","3","11192","17","0","2025","1","N",3,0,0,0,0,0,0,0,"N",1.00,0,0,0,0,0,0,0,"N",0,0.0,0,0,0,0,0,0,0,0,0,0,0,0,0,0
"US000","3","111920","18","0","2025","1","N",3,0,0,0,0,0,0,0,"N",1.00,0,0,0,0,0,0,0,"N",0,0.0,0,0,0,0,0,0,0,0,0,0,0,0,0,0
"US000","3","11194","17","0","2025","1","",1,24,24,23,258416,248953,4158,840,"",1.00,1.00,1.00,1.00,1.00,1.00,1.00,1.00,"",0,0.0,3,14.3,3,14.3,1,4.5,33086,14.7,24586,11.0,-554,-11.8,28,3.4
"US000","3","111940","18","0","2025","1","",1,24,24,23,258416,248953,4158,840,"",1.00,1.00,1.00,1.00,1.00,1.00,1.00,1.00,"",0,0.0,3,14.3,3,14.3,1,4.5,33086,14.7,24586,11.0,-554,-11.8,28,3.4
"US000","3","11199","17","0","2025","1","N",3,0,0,0,0,0,0,0,"N",1.00,0,0,0,0,0,0,0,"N",1,50.0,0,0,0,0,0,0,0,0,0,0,0,0,0,0
"US000","3","111998","18","0","2025","1","N",3,0,0,0,0,0,0,0,"N",1.00,0,0,0,0,0,0,0,"N",1,50.0,0,0,0,0,0,0,0,0,0,0,0,0,0,0
"US000","3","112","15","0","2025","1","",13,65,66,65,670396,354337,3705,789,"",1.00,1.00,1.00,1.00,1.00,1.00,1.00,1.00,"",-1,-7.1,-4,-5.8,-5,-7.0,-5,-7.1,-130562,-16.3,-98512,-21.8,-1311,-26.1,-91,-10.3
"US000","3","1121","16","0","2025","1","",8,35,35,35,408525,170233,203,898,"",1.00,1.00,1.00,1.00,1.00,1.00,1.00,1.00,"",-1,-11.1,-7,-16.7,-7,-16.7,-7,-16.7,-128833,-24.0,-93646,-35.5,-1425,-87.5,-86,-8.7
"US000","3","11211","17","0","2025","1","N",7,0,0,0,0,0,0,0,"N",1.00,0,0,0,0,0,0,0,"N",-1,-12.5,0,0,0,0,0,0,0,0,0,0,0,0,0,0
"US000","3","112111","18","0","2025","1","N",7,0,0,0,0,0,0,0,"N",1.00,0,0,0,0,0,0,0,"N",-1,-12.5,0,0,0,0,0,0,0,0,0,0,0,0,0,0
"US000","3","11212","17","0","2025","1","N",1,0,0,0,0,0,0,0,"N",1.00,0,0,0,0,0,0,0,"N",0,0.0,0,0,0,0,0,0,0,0,0,0,0,0,0,0
"US000","3","112120","18","0","2025","1","N",1,0,0,0,0,0,0,0,"N",1.00,0,0,0,0,0,0,0,"N",0,0.0,0,0,0,0,0,0,0,0,0,0,0,0,0,0
"US000","3","1125","16","0","2025","1","",3,25,26,25,215760,137993,1427,655,"",1.00,1.00,1.00,1.00,1.00,1.00,1.00,1.00,"",0,0.0,1,4.2,0,0.0,0,0.0,-8715,-3.9,-11852,-7.9,-200,-12.3,-36,-5.2
"US000","3","11251","17","0","2025","1","",3,25,26,25,215760,137993,1427,655,"",1.00,1.00,1.00,1.00,1.00,1.00,1.00,1.00,"",0,0.0,1,4.2,0,0.0,0,0.0,-8715,-3.9,-11852,-7.9,-200,-12.3,-36,-5.2
"US000","3","112511","18","0","2025","1","",3,25,26,25,215760,137993,1427,655,"",1.00,1.00,1.00,1.00,1.00,1.00,1.00,1.00,"",0,0.0,1,4.2,0,0.0,0,0.0,-8715,-3.9,-11852,-7.9,-200,-12.3,-36,-5.2
"US000","3","1129","16","0","2025","1","",2,5,5,5,46111,46111,2075,709,"",1.00,1.00,1.00,1.00,1.00,1.00,1.00,1.00,"",0,0.0,2,66.7,2,66.7,2,66.7,6986,17.9,6986,17.9,314,17.8,-294,-29.3
"US000","3","11291","17","0","2025","1","",1,0,0,0,0,0,0,0,"",1.00,0.00,0.00,0.00,0.00,0.00,0.00,0.00,"",0,0.0,0,0.0,0,0.0,0,0.0,0,0.0,0,0.0,0,0.0,0,0.0
"US000","3","112910","18","0","2025","1","",1,0,0,0,0,0,0,0,"",1.00,0.00,0.00,0.00,0.00,0.00,0.00,0.00,"",0,0.0,0,0.0,0,0.0,0,0.0,0,0.0,0,0.0,0,0.0,0,0.0
"US000","3","11299","17","0","2025","1","",1,5,5,5,46111,46111,2075,709,"",1.00,1.00,1.00,1.00,1.00,1.00,1.00,1.00,"",0,0.0,2,66.7,2,66.7,2,66.7,6986,17.9,6986,17.9,314,17.8,-294,-29.3
"US000","3","112990","18","0","2025","1","",1,5,5,5,46111,46111,2075,709,"",1.00,1.00,1.00,1.00,1.00,1.00,1.00,1.00,"",0,0.0,2,66.7,2,66.7,2,66.7,6986,17.9,6986,17.9,314,17.8,-294,-29.3
"US000","3","113","15","0","2025","1","N",3,0,0,0,0,0,0,0,"N",1.00,0,0,0,0,0,0,0,"N",0,0.0,0,0,0,0,0,0,0,0,0,0,0,0,0,0
"US000","3","1133","16","0","2025","1","N",3,0,0,0,0,0,0,0,"N",1.00,0,0,0,0,0,0,0,"N",0,0.0,0,0,0,0,0,0,0,0,0,0,0,0,0,0
"US000","3","11331","17","0","2025","1","N",3,0,0,0,0,0,0,0,"N",1.00,0,0,0,0,0,0,0,"N",0,0.0,0,0,0,0,0,0,0,0,0,0,0,0,0,0
"US000","3","113310","18","0","2025","1","N",3,0,0,0,0,0,0,0,"N",1.00,0,0,0,0,0,0,0,"N",0,0.0,0,0,0,0,0,0,0,0,0,0,0,0,0,0
"US000","3","114","15","0","2025","1","N",2,0,0,0,0,0,0,0,"N",1.00,0,0,0,0,0,0,0,"N",0,0.0,0,0,0,0,0,0,0,0,0,0,0,0,0,0
"US000","3","1142","16","0","2025","1","N",2,0,0,0,0,0,0,0,"N",1.00,0,0,0,0,0,0,0,"N",0,0.0,0,0,0,0,0,0,0,0,0,0,0,0,0,0
"US000","3","11421","17","0","2025","1","N",2,0,0,0,0,0,0,0,"N",1.00,0,0,0,0,0,0,0,"N",0,0.0,0,0,0,0,0,0,0,0,0,0,0,0,0,0
"US000","3","114210","18","0","2025","1","N",2,0,0,0,0,0,0,0,"N",1.00,0,0,0,0,0,0,0,"N",0,0.0,0,0,0,0,0,0,0,0,0,0,0,0,0,0
"US000","3","115","15","0","2025","1","",36,387,371,381,6998184,1289903,18141,1418,"",1.00,1.00,1.00,1.00,1.00,1.00,1.00,1.00,"",0,0.0,8,2.1,1,0.3,-14,-3.5,1213506,21.0,362808,39.1,5089,39.0,251,21.5
"US000","3","1151","16","0","2025","1","",22,176,171,172,2585558,647051,14455,1150,"",1.00,1.00,1.00,1.00,1.00,1.00,1.00,1.00,"",1,4.8,2,1.1,2,1.2,-11,-6.0,323060,14.3,90629,16.3,5289,57.7,157,15.8
"US000","3","11511","17","0","2025","1","",22,176,171,172,2585558,647051,14455,1150,"",1.00,1.00,1.00,1.00,1.00,1.00,1.00,1.00,"",1,4.8,2,1.1,2,1.2,-11,-6.0,323060,14.3,90629,16.3,5289,57.7,157,15.8
"US000","3","115111","18","0","2025","1","N",1,0,0,0,0,0,0,0,"N",1.00,0,0,0,0,0,0,0,"N",0,0.0,0,0,0,0,0,0,0,0,0,0,0,0,0,0
"US000","3","115112","18","0","2025","1","N",20,0,0,0,0,0,0,0,"N",1.00,0,0,0,0,0,0,0,"N",1,5.3,0,0,0,0,0,0,0,0,0,0,0,0,0,0
"US000","3","115115","18","0","2025","1","",1,0,0,0,0,0,0,0,"",1.00,0.00,0.00,0.00,0.00,0.00,0.00,0.00,"",0,0.0,0,0.0,0,0.0,0,0.0,0,0.0,0,0.0,0,0.0,0,0.0
"US000","3","1153","16","0","2025","1","",14,211,200,209,4412626,642852,3686,1642,"",1.00,1.00,1.00,1.00,1.00,1.00,1.00,1.00,"",-1,-6.7,6,2.9,-1,-0.5,-3,-1.4,890446,25.3,272179,73.4,-200,-5.1,327,24.9
"US000","3","11531","17","0","2025","1","",14,211,200,209,4412626,642852,3686,1642,"",1.00,1.00,1.00,1.00,1.00,1.00,1.00,1.00,"",-1,-6.7,6,2.9,-1,-0.5,-3,-1.4,890446,25.3,272179,73.4,-200,-5.1,327,24.9
"US000","3","115310","18","0","2025","1","",14,211,200,209,4412626,642852,3686,1642,"",1.00,1.00,1.00,1.00,1.00,1.00,1.00,1.00,"",-1,-6.7,6,2.9,-1,-0.5,-3,-1.4,890446,25.3,272179,73.4,-200,-5.1,327,24.9
"US000","3","21","14","0","2025","1","",8,886,882,890,22325416,14877884,254783,1938,"",1.00,1.00,1.00,1.00,1.00,1.00,1.00,1.00,"",0,0.0,-46,-4.9,-40,-4.3,-28,-3.1,-1204453,-5.1,-1218411,-7.6,167442,191.7,-21,-1.1
"US000","3","211","15","0","2025","1","",1,2,2,2,48375,48375,4688,1861,"",1.00,1.00,1.00,1.00,1.00,1.00,1.00,1.00,"",0,0.0,0,0.0,0,0.0,0,0.0,0,0.0,0,0.0,4649,11920.5,0,0.0
"US000","3","2111","16","0","2025","1","",1,2,2,2,48375,48375,4688,1861,"",1.00,1.00,1.00,1.00,1.00,1.00,1.00,1.00,"",0,0.0,0,0.0,0,0.0,0,0.0,0,0.0,0,0.0,4649,11920.5,0,0.0
"US000","3","21112","17","0","2025","1","",1,2,2,2,48375,48375,4688,1861,"",1.00,1.00,1.00,1.00,1.00,1.00,1.00,1.00,"",0,0.0,0,0.0,0,0.0,0,0.0,0,0.0,0,0.0,4649,11920.5,0,0.0
"US000","3","211120","18","0","2025","1","",1,2,2,2,48375,48375,4688,1861,"",1.00,1.00,1.00,1.00,1.00,1.00,1.00,1.00,"",0,0.0,0,0.0,0,0.0,0,0.0,0,0.0,0,0.0,4649,11920.5,0,0.0
"US000","3","212","15","0","2025","1","N",6,0,0,0,0,0,0,0,"N",1.00,0,0,0,0,0,0,0,"N",0,0.0,0,0,0,0,0,0,0,0,0,0,0,0,0,0
"US000","3","2121","16","0","2025","1","N",2,0,0,0,0,0,0,0,"N",1.00,0,0,0,0,0,0,0,"N",0,0.0,0,0,0,0,0,0,0,0,0,0,0,0,0,0
"US000","3","21211","17","0","2025","1","N",2,0,0,0,0,0,0,0,"N",1.00,0,0,0,0,0,0,0,"N",0,0.0,0,0,0,0,0,0,0,0,0,0,0,0,0,0
"US000","3","212114","18","0","2025","1","N",2,0,0,0,0,0,0,0,"N",1.00,0,0,0,0,0,0,0,"N",0,0.0,0,0,0,0,0,0,0,0,0,0,0,0,0,0
"US000","3","2123","16","0","2025","1","N",4,0,0,0,0,0,0,0,"N",1.00,0,0,0,0,0,0,0,"N",0,0.0,0,0,0,0,0,0,0,0,0,0,0,0,0,0
"US000","3","21232","17","0","2025","1","N",4,0,0,0,0,0,0,0,"N",1.00,0,0,0,0,0,0,0,"N",0,0.0,0,0,0,0,0,0,0,0,0,0,0,0,0,0
"US000","3","212321","18","0","2025","1","N",4,0,0,0,0,0,0,0,"N",1.00,0,0,0,0,0,0,0,"N",0,0.0,0,0,0,0,0,0,0,0,0,0,0,0,0,0
"US000","3","213","15","0","2025","1","N",1,0,0,0,0,0,0,0,"N",1.00,0,0,0,0,0,0,0,"N",0,0.0,0,0,0,0,0,0,0,0,0,0,0,0,0,0
"US000","3","2131","16","0","2025","1","N",1,0,0,0,0,0,0,0,"N",1.00,0,0,0,0,0,0,0,"N",0,0.0,0,0,0,0,0,0,0,0,0,0,0,0,0,0
"US000","3","21311","17","0","2025","1","N",1,0,0,0,0,0,0,0,"N",1.00,0,0,0,0,0,0,0,"N",0,0.0,0,0,0,0,0,0,0,0,0,0,0,0,0,0
"US000","3","213112","18","0","2025","1","N",1,0,0,0,0,0,0,0,"N",1.00,0,0,0,0,0,0,0,"N",0,0.0,0,0,0,0,0,0,0,0,0,0,0,0,0,0
"US000","3","22","14","0","2025","1","",8325,257894,257711,257931,6216432155,457642871,3289065,1855,"",1.00,1.00,1.00,1.00,1.00,1.00,1.00,1.00,"",7,0.1,4981,2.0,4905,1.9,4520,1.8,451089502,7.8,-17646111,-3.7,-1460254,-30.7,102,5.8
"US000","3","221","15","0","2025","1","",8325,257894,257711,257931,6216432155,457642871,3289065,1855,"",1.00,1.00,1.00,1.00,1.00,1.00,1.00,1.00,"",7,0.1,4981,2.0,4905,1.9,4520,1.8,451089502,7.8,-17646111,-3.7,-1460254,-30.7,102,5.8
"US000","3","2211","16","0","2025","1","",928,82632,82682,82479,2576738165,94497619,682443,2400,"",1.00,1.00,1.00,1.00,1.00,1.00,1.00,1.00,"",-1,-0.1,2680,3.4,2649,3.3,2455,3.1,275515420,12.0,-31390905,-24.9,-1227763,-64.3,187,8.5
"US000","3","22111","17","0","2025","1","",242,22541,22605,22621,671998326,48351728,515363,2288,"",1.00,1.00,1.00,1.00,1.00,1.00,1.00,1.00,"",-8,-3.2,833,3.8,882,4.1,843,3.9,59539721,9.7,6790599,16.3,49826,10.7,121,5.6
"US000","3","221111","18","0","2025","1","",59,4217,4188,4163,124344752,3022109,16963,2283,"",1.00,1.00,1.00,1.00,1.00,1.00,1.00,1.00,"",-2,-3.3,269,6.8,277,7.1,151,3.8,11097247,9.8,124337,4.3,-12293,-42.0,81,3.7
"US000","3","221112","18","0","2025","1","",175,16316,16399,16411,473346847,6737211,22992,2224,"",1.00,1.00,1.00,1.00,1.00,1.00,1.00,1.00,"",-5,-2.8,509,3.2,530,3.3,588,3.7,40163918,9.3,2013147,42.6,-7589,-24.8,119,5.7
"US000","3","221113","18","0","2025","1","",4,1909,1917,1948,71491022,37749208,443009,2857,"",1.00,1.00,1.00,1.00,1.00,1.00,1.00,1.00,"",0,0.0,52,2.8,70,3.8,102,5.5,8225989,13.0,4513217,13.6,56395,14.6,226,8.6
"US000","3","221114","18","0","2025","1","N",1,0,0,0,0,0,0,0,"N",1.00,0,0,0,0,0,0,0,"N",0,0.0,0,0,0,0,0,0,0,0,0,0,0,0,0,0
"US000","3","221115","18","0","2025","1","N",1,0,0,0,0,0,0,0,"N",1.00,0,0,0,0,0,0,0,"N",-1,-50.0,0,0,0,0,0,0,0,0,0,0,0,0,0,0
"US000","3","221117","18","0","2025","1","",1,1,1,1,13859,0,0,1066,"",1.00,1.00,1.00,1.00,1.00,0.00,0.00,1.00,"",0,0.0,0,0.0,0,0.0,0,0.0,2034,17.2,0,0.0,0,0.0,156,17.1
"US000","3","221118","18","0","2025","1","N",1,0,0,0,0,0,0,0,"N",1.00,0,0,0,0,0,0,0,"N",0,0.0,0,0,0,0,0,0,0,0,0,0,0,0,0,0
"US000","3","22112","17","0","2025","1","",686,60091,60077,59858,1904739839,46145891,167080,2442,"",1.00,1.00,1.00,1.00,1.00,1.00,1.00,1.00,"",7,1.0,1847,3.2,1767,3.0,1612,2.8,215975699,12.8,-38181504,-45.3,-1277589,-88.4,213,9.6
"US000","3","221121","18","0","2025","1","",65,7219,7220,7224,227771069,1925225,10055,2426,"",1.00,1.00,1.00,1.00,1.00,1.00,1.00,1.00,"",-2,-3.0,317,4.6,328,4.8,297,4.3,19079676,9.1,15977,0.8,4102,68.9,102,4.4
"US000","3","221122","18","0","2025","1","",621,52872,52857,52634,1676968770,44220666,157025,2444,"",1.00,1.00,1.00,1.00,1.00,1.00,1.00,1.00,"",9,1.5,1530,3.0,1439,2.8,1315,2.6,196896023,13.3,-38197481,-46.3,-1281691,-89.1,227,10.2
"US000","3","2212","16","0","2025","1","",206,6638,6633,6640,124518386,15723508,46832,1443,"",1.00,1.00,1.00,1.00,1.00,1.00,1.00,1.00,"",-3,-1.4,78,1.2,76,1.2,71,1.1,5630601,4.7,651755,4.3,-2621,-5.3,49,3.5
"US000","3","22121","17","0","2025","1","",206,6638,6633,6640,124518386,15723508,46832,1443,"",1.00,1.00,1.00,1.00,1.00,1.00,1.00,1.00,"",-3,-1.4,78,1.2,76,1.2,71,1.1,5630601,4.7,651755,4.3,-2621,-5.3,49,3.5
"US000","3","221210","18","0","2025","1","",206,6638,6633,6640,124518386,15723508,46832,1443,"",1.00,1.00,1.00,1.00,1.00,1.00,1.00,1.00,"",-3,-1.4,78,1.2,76,1.2,71,1.1,5630601,4.7,651755,4.3,-2621,-5.3,49,3.5
"US000","3","2213","16","0","2025","1","",7191,168624,168396,168812,3515175604,347421744,2559790,1604,"",1.00,1.00,1.00,1.00,1.00,1.00,1.00,1.00,"",11,0.2,2223,1.3,2180,1.3,1994,1.2,169943481,5.1,13093039,3.9,-229870,-8.2,58,3.8
"US000","3","22131","17","0","2025","1","",4874,116177,115916,116229,2390544892,249051085,1781192,1584,"",1.00,1.00,1.00,1.00,1.00,1.00,1.00,1.00,"",11,0.2,2064,1.8,1923,1.7,1782,1.6,145865461,6.5,8526388,3.5,-224252,-11.2,72,4.8
"US000","3","221310","18","0","2025","1","",4874,116177,115916,116229,2390544892,249051085,1781192,1584,"",1.00,1.00,1.00,1.00,1.00,1.00,1.00,1.00,"",11,0.2,2064,1.8,1923,1.7,1782,1.6,145865461,6.5,8526388,3.5,-224252,-11.2,72,4.8
"US000","3","22132","17","0","2025","1","",2312,52307,52340,52446,1121615982,97503204,774261,1648,"",1.00,1.00,1.00,1.00,1.00,1.00,1.00,1.00,"",0,0.0,155,0.3,253,0.5,214,0.4,23981999,2.2,4574070,4.9,-5581,-0.7,29,1.8
"US000","3","221320","18","0","2025","1","",2312,52307,52340,52446,1121615982,97503204,774261,1648,"",1.00,1.00,1.00,1.00,1.00,1.00,1.00,1.00,"",0,0.0,155,0.3,253,0.5,214,0.4,23981999,2.2,4574070,4.9,-5581,-0.7,29,1.8
"US000","3","22133","17","0","2025","1","",5,140,140,137,3014730,867455,4337,1668,"",1.00,1.00,1.00,1.00,1.00,1.00,1.00,1.00,"",0,0.0,4,2.9,4,2.9,-2,-1.4,96021,3.3,-7419,-0.8,-37,-0.8,29,1.8
"US000","3","221330","18","0","2025","1","",5,140,140,137,3014730,867455,4337,1668,"",1.00,1.00,1.00,1.00,1.00,1.00,1.00,1.00,"",0,0.0,4,2.9,4,2.9,-2,-1.4,96021,3.3,-7419,-0.8,-37,-0.8,29,1.8
"US000","3","23","14","0","2025","1","",4249,109045,108898,109042,1893459743,118419716,1036851,1336,"",1.00,1.00,1.00,1.00,1.00,1.00,1.00,1.00,"",-13,-0.3,1957,1.8,1827,1.7,1927,1.8,127164997,7.2,3828129,3.3,-90712,-8.0,67,5.3
"US000","3","236","15","0","2025","1","",111,2951,2923,2977,75443449,4517707,48760,1967,"",1.00,1.00,1.00,1.00,1.00,1.00,1.00,1.00,"",-3,-2.6,63,2.2,10,0.3,42,1.4,13039493,20.9,97046,2.2,-5262,-9.7,319,19.4
"US000","3","2361","16","0","2025","1","",13,140,136,136,1770383,1024614,21547,992,"",1.00,1.00,1.00,1.00,1.00,1.00,1.00,1.00,"",1,8.3,0,0.0,-7,-4.9,-8,-5.6,-51657,-2.8,39752,4.0,7889,57.8,7,0.7
"US000","3","23611","17","0","2025","1","",13,140,136,136,1770383,1024614,21547,992,"",1.00,1.00,1.00,1.00,1.00,1.00,1.00,1.00,"",1,8.3,0,0.0,-7,-4.9,-8,-5.6,-51657,-2.8,39752,4.0,7889,57.8,7,0.7
"US000","3","236115","18","0","2025","1","",4,68,68,67,852439,852439,18922,969,"",1.00,1.00,1.00,1.00,1.00,1.00,1.00,1.00,"",-1,-20.0,0,0.0,0,0.0,-1,-1.5,82897,10.8,82897,10.8,11158,143.7,98,11.3
"US000","3","236118","18","0","2025","1","",9,72,68,69,917944,172175,2625,1014,"",1.00,1.00,1.00,1.00,1.00,1.00,1.00,1.00,"",2,28.6,0,0.0,-7,-9.3,-7,-9.2,-134554,-12.8,-43145,-20.0,-3269,-55.5,-75,-6.9
"US000","3","2362","16","0","2025","1","",98,2811,2787,2841,73673066,3493093,27213,2015,"",1.00,1.00,1.00,1.00,1.00,1.00,1.00,1.00,"",-4,-3.9,63,2.3,17,0.6,50,1.8,13091150,21.6,57294,1.7,-13151,-32.6,332,19.7
"US000","3","23621","17","0","2025","1","N",1,0,0,0,0,0,0,0,"N",1.00,0,0,0,0,0,0,0,"N",0,0.0,0,0,0,0,0,0,0,0,0,0,0,0,0,0
"US000","3","236210","18","0","2025","1","N",1,0,0,0,0,0,0,0,"N",1.00,0,0,0,0,0,0,0,"N",0,0.0,0,0,0,0,0,0,0,0,0,0,0,0,0,0
"US000","3","23622","17","0","2025","1","N",97,0,0,0,0,0,0,0,"N",1.00,0,0,0,0,0,0,0,"N",-4,-4.0,0,0,0,0,0,0,0,0,0,0,0,0,0,0
"US000","3","236220","18","0","2025","1","N",97,0,0,0,0,0,0,0,"N",1.00,0,0,0,0,0,0,0,"N",-4,-4.0,0,0,0,0,0,0,0,0,0,0,0,0,0,0
"US000","3","237","15","0","2025","1","",4064,105096,104962,105053,1801347860,113498184,979945,1319,"",1.00,1.00,1.00,1.00,1.00,1.00,1.00,1.00,"",-6,-0.1,1954,1.9,1867,1.8,1948,1.9,114083368,6.8,3735065,3.4,-81832,-7.7,60,4.8
"US000","3","2371","16","0","2025","1","",100,2308,2301,2346,41190458,5172895,68622,1367,"",1.00,1.00,1.00,1.00,1.00,1.00,1.00,1.00,"",5,5.3,179,8.4,198,9.4,227,10.7,2042936,5.2,1296474,33.4,7536,12.3,-55,-3.9
"US000","3","23711","17","0","2025","1","",80,1912,1905,1952,32865202,4782625,67458,1315,"",1.00,1.00,1.00,1.00,1.00,1.00,1.00,1.00,"",3,3.9,169,9.7,185,10.8,220,12.7,1809639,5.8,1308524,37.7,11158,19.8,-65,-4.7
"US000","3","237110","18","0","2025","1","",80,1912,1905,1952,32865202,4782625,67458,1315,"",1.00,1.00,1.00,1.00,1.00,1.00,1.00,1.00,"",3,3.9,169,9.7,185,10.8,220,12.7,1809639,5.8,1308524,37.7,11158,19.8,-65,-4.7
"US000","3","23712","17","0","2025","1","N",2,0,0,0,0,0,0,0,"N",1.00,0,0,0,0,0,0,0,"N",0,0.0,0,0,0,0,0,0,0,0,0,0,0,0,0,0
"US000","3","237120","18","0","2025","1","N",2,0,0,0,0,0,0,0,"N",1.00,0,0,0,0,0,0,0,"N",0,0.0,0,0,0,0,0,0,0,0,0,0,0,0,0,0
"US000","3","23713","17","0","2025","1","N",18,0,0,0,0,0,0,0,"N",1.00,0,0,0,0,0,0,0,"N",2,12.5,0,0,0,0,0,0,0,0,0,0,0,0,0,0
"US000","3","237130","18","0","2025","1","N",18,0,0,0,0,0,0,0,"N",1.00,0,0,0,0,0,0,0,"N",2,12.5,0,0,0,0,0,0,0,0,0,0,0,0,0,0
"US000","3","2372","16","0","2025","1","",10,95,93,98,2177645,988970,5462,1757,"",1.00,1.00,1.00,1.00,1.00,1.00,1.00,1.00,"",0,0.0,-3,-3.1,-4,-4.1,2,2.1,2910,0.1,-61992,-5.9,-3806,-41.1,32,1.9
"US000","3","23721","17","0","2025","1","",10,95,93,98,2177645,988970,5462,1757,"",1.00,1.00,1.00,1.00,1.00,1.00,1.00,1.00,"",0,0.0,-3,-3.1,-4,-4.1,2,2.1,2910,0.1,-61992,-5.9,-3806,-41.1,32,1.9
"US000","3","237210","18","0","2025","1","",10,95,93,98,2177645,988970,5462,1757,"",1.00,1.00,1.00,1.00,1.00,1.00,1.00,1.00,"",0,0.0,-3,-3.1,-4,-4.1,2,2.1,2910,0.1,-61992,-5.9,-3806,-41.1,32,1.9
"US000","3","2373","16","0","2025","1","",3904,101641,101535,101564,1736392606,104520948,850695,1315,"",1.00,1.00,1.00,1.00,1.00,1.00,1.00,1.00,"",-12,-0.3,1792,1.8,1680,1.7,1726,1.7,110978558,6.8,2578196,2.5,-100731,-10.6,63,5.0
"US000","3","23731","17","0","2025","1","",3904,101641,101535,101564,1736392606,104520948,850695,1315,"",1.00,1.00,1.00,1.00,1.00,1.00,1.00,1.00,"",-12,-0.3,1792,1.8,1680,1.7,1726,1.7,110978558,6.8,2578196,2.5,-100731,-10.6,63,5.0
"US000","3","237310","18","0","2025","1","",3904,101641,101535,101564,1736392606,104520948,850695,1315,"",1.00,1.00,1.00,1.00,1.00,1.00,1.00,1.00,"",-12,-0.3,1792,1.8,1680,1.7,1726,1.7,110978558,6.8,2578196,2.5,-100731,-10.6,63,5.0
"US000","3","2379","16","0","2025","1","",50,1052,1033,1045,21587151,2815371,55166,1592,"",1.00,1.00,1.00,1.00,1.00,1.00,1.00,1.00,"",1,2.0,-14,-1.3,-7,-0.7,-7,-0.7,1058964,5.2,-77613,-2.7,15169,37.9,92,6.1
"US000","3","23799","17","0","2025","1","",50,1052,1033,1045,21587151,2815371,55166,1592,"",1.00,1.00,1.00,1.00,1.00,1.00,1.00,1.00,"",1,2.0,-14,-1.3,-7,-0.7,-7,-0.7,1058964,5.2,-77613,-2.7,15169,37.9,92,6.1
"US000","3","237990","18","0","2025","1","",50,1052,1033,1045,21587151,2815371,55166,1592,"",1.00,1.00,1.00,1.00,1.00,1.00,1.00,1.00,"",1,2.0,-14,-1.3,-7,-0.7,-7,-0.7,1058964,5.2,-77613,-2.7,15169,37.9,92,6.1
"US000","3","238","15","0","2025","1","",74,998,1013,1012,16668434,403825,8146,1272,"",1.00,1.00,1.00,1.00,1.00,1.00,1.00,1.00,"",-4,-5.1,-60,-5.7,-50,-4.7,-63,-5.9,42136,0.3,-3982,-1.0,-3618,-30.8,71,5.9
"US000","3","2381","16","0","2025","1","N",2,0,0,0,0,0,0,0,"N",1.00,0,0,0,0,0,0,0,"N",0,0.0,0,0,0,0,0,0,0,0,0,0,0,0,0,0
"US000","3","23811","17","0","2025","1","",1,6,6,6,106548,0,0,1366,"",1.00,1.00,1.00,1.00,1.00,0.00,0.00,1.00,"",0,0.0,0,0.0,0,0.0,0,0.0,13989,15.1,0,0.0,0,0.0,179,15.1
"US000","3","238112","18","0","2025","1","",1,6,6,6,106548,0,0,1366,"",1.00,1.00,1.00,1.00,1.00,0.00,0.00,1.00,"",0,0.0,0,0.0,0,0.0,0,0.0,13989,15.1,0,0.0,0,0.0,179,15.1
"US000","3","23819","17","0","2025","1","N",1,0,0,0,0,0,0,0,"N",1.00,0,0,0,0,0,0,0,"N",0,0.0,0,0,0,0,0,0,0,0,0,0,0,0,0,0
"US000","3","238192","18","0","2025","1","N",1,0,0,0,0,0,0,0,"N",1.00,0,0,0,0,0,0,0,"N",0,0.0,0,0,0,0,0,0,0,0,0,0,0,0,0,0
"US000","3","2382","16","0","2025","1","",50,418,422,419,7853480,186618,3309,1440,"",1.00,1.00,1.00,1.00,1.00,1.00,1.00,1.00,"",-3,-5.7,-54,-11.4,-53,-11.2,-65,-13.4,-267060,-3.3,-25755,-12.1,-3520,-51.5,130,9.9
"US000","3","23821","17","0","2025","1","N",33,0,0,0,0,0,0,0,"N",1.00,0,0,0,0,0,0,0,"N",-2,-5.7,0,0,0,0,0,0,0,0,0,0,0,0,0,0
"US000","3","238211","18","0","2025","1","N",6,0,0,0,0,0,0,0,"N",1.00,0,0,0,0,0,0,0,"N",-1,-14.3,0,0,0,0,0,0,0,0,0,0,0,0,0,0
"US000","3","238212","18","0","2025","1","",27,116,117,116,1944974,21982,154,1286,"",1.00,1.00,1.00,1.00,1.00,1.00,1.00,1.00,"",-1,-3.6,-46,-28.4,-46,-28.2,-47,-28.8,-348723,-15.2,11609,111.9,-9,-5.5,201,18.5
"US000","3","23822","17","0","2025","1","",16,235,237,237,4473910,0,0,1456,"",1.00,1.00,1.00,1.00,1.00,0.00,0.00,1.00,"",-1,-5.9,-5,-2.1,-4,-1.7,-9,-3.7,156573,3.6,0,0.0,0,0.0,86,6.3
"US000","3","238222","18","0","2025","1","",16,235,237,237,4473910,0,0,1456,"",1.00,1.00,1.00,1.00,1.00,0.00,0.00,1.00,"",0,0.0,-5,-2.1,-4,-1.7,-9,-3.7,156573,3.6,0,0.0,0,0.0,86,6.3
"US000","3","23829","17","0","2025","1","N",1,0,0,0,0,0,0,0,"N",1.00,0,0,0,0,0,0,0,"N",0,0.0,0,0,0,0,0,0,0,0,0,0,0,0,0,0
"US000","3","238292","18","0","2025","1","N",1,0,0,0,0,0,0,0,"N",1.00,0,0,0,0,0,0,0,"N",0,0.0,0,0,0,0,0,0,0,0,0,0,0,0,0,0
"US000","3","2383","16","0","2025","1","N",7,0,0,0,0,0,0,0,"N",1.00,0,0,0,0,0,0,0,"N",0,0.0,0,0,0,0,0,0,0,0,0,0,0,0,0,0
"US000","3","23831","17","0","2025","1","N",1,0,0,0,0,0,0,0,"N",1.00,0,0,0,0,0,0,0,"N",0,0.0,0,0,0,0,0,0,0,0,0,0,0,0,0,0
"US000","3","238312","18","0","2025","1","N",1,0,0,0,0,0,0,0,"N",1.00,0,0,0,0,0,0,0,"N",0,0.0,0,0,0,0,0,0,0,0,0,0,0,0,0,0
"US000","3","23832","17","0","2025","1","",1,7,7,7,125026,97278,973,1374,"",1.00,1.00,1.00,1.00,1.00,1.00,1.00,1.00,"",0,0.0,1,16.7,1,16.7,1,16.7,31852,34.2,27062,38.5,271,38.6,179,15.0
"US000","3","238322","18","0","2025","1","",1,7,7,7,125026,97278,973,1374,"",1.00,1.00,1.00,1.00,1.00,1.00,1.00,1.00,"",0,0.0,1,16.7,1,16.7,1,16.7,31852,34.2,27062,38.5,271,38.6,179,15.0
"US000","3","23835","17","0","2025","1","N",3,0,0,0,0,0,0,0,"N",1.00,0,0,0,0,0,0,0,"N",0,0.0,0,0,0,0,0,0,0,0,0,0,0,0,0,0
"US000","3","238352","18","0","2025","1","N",3,0,0,0,0,0,0,0,"N",1.00,0,0,0,0,0,0,0,"N",0,0.0,0,0,0,0,0,0,0,0,0,0,0,0,0,0
"US000","3","23839","17","0","2025","1","N",2,0,0,0,0,0,0,0,"N",1.00,0,0,0,0,0,0,0,"N",0,0.0,0,0,0,0,0,0,0,0,0,0,0,0,0,0
"US000","3","238392","18","0","2025","1","N",2,0,0,0,0,0,0,0,"N",1.00,0,0,0,0,0,0,0,"N",0,0.0,0,0,0,0,0,0,0,0,0,0,0,0,0,0
"US000","3","2389","16","0","2025","1","",15,340,348,348,6375715,111466,3805,1420,"",1.00,1.00,1.00,1.00,1.00,1.00,1.00,1.00,"",-1,-6.2,-23,-6.3,-16,-4.4,-16,-4.4,71098,1.1,-6938,-5.9,-340,-8.2,86,6.4
"US000","3","23891","17","0","2025","1","",7,250,255,256,4942724,81334,3724,1499,"",1.00,1.00,1.00,1.00,1.00,1.00,1.00,1.00,"",0,0.0,-18,-6.7,-14,-5.2,-13,-4.8,42454,0.9,-9262,-10.2,-407,-9.9,96,6.8
"US000","3","238911","18","0","2025","1","N",1,0,0,0,0,0,0,0,"N",1.00,0,0,0,0,0,0,0,"N",0,0.0,0,0,0,0,0,0,0,0,0,0,0,0,0,0
"US000","3","238912","18","0","2025","1","N",6,0,0,0,0,0,0,0,"N",1.00,0,0,0,0,0,0,0,"N",0,0.0,0,0,0,0,0,0,0,0,0,0,0,0,0,0
"US000","3","23899","17","0","2025","1","",8,90,93,92,1432991,30132,81,1203,"",1.00,1.00,1.00,1.00,1.00,1.00,1.00,1.00,"",-1,-11.1,-5,-5.3,-2,-2.1,-3,-3.2,28644,2.0,2324,8.4,67,478.6,66,5.8
"US000","3","238992","18","0","2025","1","",8,90,93,92,1432991,30132,81,1203,"",1.00,1.00,1.00,1.00,1.00,1.00,1.00,1.00,"",-1,-11.1,-5,-5.3,-2,-2.1,-3,-3.2,28644,2.0,2324,8.4,67,478.6,66,5.8
"US000","3","31-33","14","0","2025","1","",49,1384,1338,1310,25269845,6999635,134301,1446,"",1.00,1.00,1.00,1.00,1.00,1.00,1.00,1.00,"",-2,-3.9,13,0.9,-39,-2.8,-16,-1.2,1659259,7.0,-245930,-3.4,-48592,-26.6,109,8.2
"US000","3","311","15","0","2025","1","",6,57,57,58,536261,0,0,719,"",1.00,1.00,1.00,1.00,1.00,0.00,0.00,1.00,"",-2,-25.0,4,7.5,8,16.3,4,7.4,-15780,-2.9,-18709,-100.0,-229,-100.0,-98,-12.0
"US000","3","3114","16","0","2025","1","",1,0,0,0,0,0,0,0,"",1.00,0.00,0.00,0.00,0.00,0.00,0.00,0.00,"",-1,-50.0,-2,-100.0,-1,-100.0,-4,-100.0,-10575,-100.0,-10209,-100.0,-8,-100.0,-349,-100.0
"US000","3","31142","17","0","2025","1","",1,0,0,0,0,0,0,0,"",1.00,0.00,0.00,0.00,0.00,0.00,0.00,0.00,"",0,0.0,0,0.0,0,0.0,-2,-100.0,-366,-100.0,0,0.0,0,0.0,-42,-100.0
"US000","3","311421","18","0","2025","1","",1,0,0,0,0,0,0,0,"",1.00,0.00,0.00,0.00,0.00,0.00,0.00,0.00,"",0,0.0,0,0.0,0,0.0,-2,-100.0,-366,-100.0,0,0.0,0,0.0,-42,-100.0
"US000","3","3116","16","0","2025","1","N",1,0,0,0,0,0,0,0,"N",1.00,0,0,0,0,0,0,0,"N",0,0.0,0,0,0,0,0,0,0,0,0,0,0,0,0,0
"US000","3","31161","17","0","2025","1","N",1,0,0,0,0,0,0,0,"N",1.00,0,0,0,0,0,0,0,"N",0,0.0,0,0,0,0,0,0,0,0,0,0,0,0,0,0
"US000","3","311612","18","0","2025","1","N",1,0,0,0,0,0,0,0,"N",1.00,0,0,0,0,0,0,0,"N",0,0.0,0,0,0,0,0,0,0,0,0,0,0,0,0,0
"US000","3","3117","16","0","2025","1","N",1,0,0,0,0,0,0,0,"N",1.00,0,0,0,0,0,0,0,"N",0,0.0,0,0,0,0,0,0,0,0,0,0,0,0,0,0
"US000","3","31171","17","0","2025","1","N",1,0,0,0,0,0,0,0,"N",1.00,0,0,0,0,0,0,0,"N",0,0.0,0,0,0,0,0,0,0,0,0,0,0,0,0,0
"US000","3","311710","18","0","2025","1","N",1,0,0,0,0,0,0,0,"N",1.00,0,0,0,0,0,0,0,"N",0,0.0,0,0,0,0,0,0,0,0,0,0,0,0,0,0
"US000","3","3118","16","0","2025","1","N",2,0,0,0,0,0,0,0,"N",1.00,0,0,0,0,0,0,0,"N",0,0.0,0,0,0,0,0,0,0,0,0,0,0,0,0,0
"US000","3","31181","17","0","2025","1","N",2,0,0,0,0,0,0,0,"N",1.00,0,0,0,0,0,0,0,"N",0,0.0,0,0,0,0,0,0,0,0,0,0,0,0,0,0
"US000","3","311812","18","0","2025","1","N",2,0,0,0,0,0,0,0,"N",1.00,0,0,0,0,0,0,0,"N",0,0.0,0,0,0,0,0,0,0,0,0,0,0,0,0,0
"US000","3","3119","16","0","2025","1","N",1,0,0,0,0,0,0,0,"N",1.00,0,0,0,0,0,0,0,"N",-1,-50.0,0,0,0,0,0,0,0,0,0,0,0,0,0,0
"US000","3","31199","17","0","2025","1","N",1,0,0,0,0,0,0,0,"N",1.00,0,0,0,0,0,0,0,"N",-1,-50.0,0,0,0,0,0,0,0,0,0,0,0,0,0,0
"US000","3","311999","18","0","2025","1","N",1,0,0,0,0,0,0,0,"N",1.00,0,0,0,0,0,0,0,"N",-1,-50.0,0,0,0,0,0,0,0,0,0,0,0,0,0,0
"US000","3","312","15","0","2025","1","",4,46,48,46,686330,204805,2808,1131,"",1.00,1.00,1.00,1.00,1.00,1.00,1.00,1.00,"",0,0.0,1,2.2,3,6.7,1,2.2,49039,7.7,14138,7.4,610,27.8,42,3.9
"US000","3","3121","16","0","2025","1","N",1,0,0,0,0,0,0,0,"N",1.00,0,0,0,0,0,0,0,"N",0,0.0,0,0,0,0,0,0,0,0,0,0,0,0,0,0
"US000","3","31212","17","0","2025","1","N",1,0,0,0,0,0,0,0,"N",1.00,0,0,0,0,0,0,0,"N",0,0.0,0,0,0,0,0,0,0,0,0,0,0,0,0,0
"US000","3","312120","18","0","2025","1","N",1,0,0,0,0,0,0,0,"N",1.00,0,0,0,0,0,0,0,"N",0,0.0,0,0,0,0,0,0,0,0,0,0,0,0,0,0
"US000","3","3122","16","0","2025","1","N",3,0,0,0,0,0,0,0,"N",1.00,0,0,0,0,0,0,0,"N",0,0.0,0,0,0,0,0,0,0,0,0,0,0,0,0,0
"US000","3","31223","17","0","2025","1","N",3,0,0,0,0,0,0,0,"N",1.00,0,0,0,0,0,0,0,"N",0,0.0,0,0,0,0,0,0,0,0,0,0,0,0,0,0
"US000","3","312230","18","0","2025","1","N",3,0,0,0,0,0,0,0,"N",1.00,0,0,0,0,0,0,0,"N",0,0.0,0,0,0,0,0,0,0,0,0,0,0,0,0,0
"US000","3","313","15","0","2025","1","",1,69,70,68,847422,847422,678,945,"",1.00,1.00,1.00,1.00,1.00,1.00,1.00,1.00,"",0,0.0,5,7.8,6,9.4,3,4.6,-22243,-2.6,-22243,-2.6,-9845,-93.6,-95,-9.1
"US000","3","3132","16","0","2025","1","",1,69,70,68,847422,847422,678,945,"",1.00,1.00,1.00,1.00,1.00,1.00,1.00,1.00,"",0,0.0,5,7.8,6,9.4,3,4.6,-22243,-2.6,-22243,-2.6,-9845,-93.6,-95,-9.1
"US000","3","31321","17","0","2025","1","",1,69,70,68,847422,847422,678,945,"",1.00,1.00,1.00,1.00,1.00,1.00,1.00,1.00,"",0,0.0,5,7.8,6,9.4,3,4.6,-22243,-2.6,-22243,-2.6,-9845,-93.6,-95,-9.1
"US000","3","313210","18","0","2025","1","",1,69,70,68,847422,847422,678,945,"",1.00,1.00,1.00,1.00,1.00,1.00,1.00,1.00,"",0,0.0,5,7.8,6,9.4,3,4.6,-22243,-2.6,-22243,-2.6,-9845,-93.6,-95,-9.1
"US000","3","321","15","0","2025","1","",5,439,406,372,5025169,2460219,114989,953,"",1.00,1.00,1.00,1.00,1.00,1.00,1.00,1.00,"",0,0.0,-40,-8.4,-67,-14.2,-46,-11.0,-482993,-8.8,-316364,-11.4,-33121,-22.4,25,2.7
"US000","3","3211","16","0","2025","1","",3,408,371,343,4576703,2017830,108796,941,"",1.00,1.00,1.00,1.00,1.00,1.00,1.00,1.00,"",0,0.0,-22,-5.1,-58,-13.5,-35,-9.3,-308605,-6.3,-140164,-6.5,-31969,-22.7,30,3.3
"US000","3","32111","17","0","2025","1","",3,408,371,343,4576703,2017830,108796,941,"",1.00,1.00,1.00,1.00,1.00,1.00,1.00,1.00,"",0,0.0,-22,-5.1,-58,-13.5,-35,-9.3,-308605,-6.3,-140164,-6.5,-31969,-22.7,30,3.3
"US000","3","321113","18","0","2025","1","",3,408,371,343,4576703,2017830,108796,941,"",1.00,1.00,1.00,1.00,1.00,1.00,1.00,1.00,"",0,0.0,-22,-5.1,-58,-13.5,-35,-9.3,-308605,-6.3,-140164,-6.5,-31969,-22.7,30,3.3
"US000","3","3212","16","0","2025","1","N",1,0,0,0,0,0,0,0,"N",1.00,0,0,0,0,0,0,0,"N",0,0.0,0,0,0,0,0,0,0,0,0,0,0,0,0,0
"US000","3","32121","17","0","2025","1","N",1,0,0,0,0,0,0,0,"N",1.00,0,0,0,0,0,0,0,"N",0,0.0,0,0,0,0,0,0,0,0,0,0,0,0,0,0
"US000","3","321219","18","0","2025","1","N",1,0,0,0,0,0,0,0,"N",1.00,0,0,0,0,0,0,0,"N",0,0.0,0,0,0,0,0,0,0,0,0,0,0,0,0,0
"US000","3","3219","16","0","2025","1","N",1,0,0,0,0,0,0,0,"N",1.00,0,0,0,0,0,0,0,"N",0,0.0,0,0,0,0,0,0,0,0,0,0,0,0,0,0
"US000","3","32192","17","0","2025","1","N",1,0,0,0,0,0,0,0,"N",1.00,0,0,0,0,0,0,0,"N",0,0.0,0,0,0,0,0,0,0,0,0,0,0,0,0,0
"US000","3","321920","18","0","2025","1","N",1,0,0,0,0,0,0,0,"N",1.00,0,0,0,0,0,0,0,"N",0,0.0,0,0,0,0,0,0,0,0,0,0,0,0,0,0
"US000","3","323","15","0","2025","1","",8,54,51,52,833458,101845,2648,1225,"",1.00,1.00,1.00,1.00,1.00,1.00,1.00,1.00,"",1,14.3,21,63.6,18,54.5,19,57.6,191049,29.7,101845,100.0,2648,100.0,-272,-18.2
"US000","3","3231","16","0","2025","1","",8,54,51,52,833458,101845,2648,1225,"",1.00,1.00,1.00,1.00,1.00,1.00,1.00,1.00,"",1,14.3,21,63.6,18,54.5,19,57.6,191049,29.7,101845,100.0,2648,100.0,-272,-18.2
"US000","3","32311","17","0","2025","1","",8,54,51,52,833458,101845,2648,1225,"",1.00,1.00,1.00,1.00,1.00,1.00,1.00,1.00,"",1,14.3,21,63.6,18,54.5,19,57.6,191049,29.7,101845,100.0,2648,100.0,-272,-18.2
"US000","3","323111","18","0","2025","1","",7,50,47,48,786830,101845,2648,1252,"",1.00,1.00,1.00,1.00,1.00,1.00,1.00,1.00,"",1,16.7,21,72.4,18,62.1,19,65.5,185571,30.9,101845,100.0,2648,100.0,-343,-21.5
"US000","3","323113","18","0","2025","1","",1,4,4,4,46628,0,0,897,"",1.00,1.00,1.00,1.00,1.00,0.00,0.00,1.00,"",0,0.0,0,0.0,0,0.0,0,0.0,5478,13.3,0,0.0,0,0.0,106,13.4
"US000","3","324","15","0","2025","1","",1,10,10,10,154651,154651,124,1190,"",1.00,1.00,1.00,1.00,1.00,1.00,1.00,1.00,"",0,0.0,0,0.0,0,0.0,0,0.0,1134,0.7,1134,0.7,1,0.8,9,0.8
"US000","3","3241","16","0","2025","1","",1,10,10,10,154651,154651,124,1190,"",1.00,1.00,1.00,1.00,1.00,1.00,1.00,1.00,"",0,0.0,0,0.0,0,0.0,0,0.0,1134,0.7,1134,0.7,1,0.8,9,0.8
"US000","3","32411","17","0","2025","1","",1,10,10,10,154651,154651,124,1190,"",1.00,1.00,1.00,1.00,1.00,1.00,1.00,1.00,"",0,0.0,0,0.0,0,0.0,0,0.0,1134,0.7,1134,0.7,1,0.8,9,0.8
"US000","3","324110","18","0","2025","1","",1,10,10,10,154651,154651,124,1190,"",1.00,1.00,1.00,1.00,1.00,1.00,1.00,1.00,"",0,0.0,0,0.0,0,0.0,0,0.0,1134,0.7,1134,0.7,1,0.8,9,0.8
"US000","3","325","15","0","2025","1","",4,64,63,64,1035509,401073,4132,1251,"",1.00,1.00,1.00,1.00,1.00,1.00,1.00,1.00,"",0,0.0,-2,-3.0,0,0.0,-1,-1.5,-111972,-9.8,-53698,-11.8,-2037,-33.0,-114,-8.4
"US000","3","3251","16","0","2025","1","N",1,0,0,0,0,0,0,0,"N",1.00,0,0,0,0,0,0,0,"N",0,0.0,0,0,0,0,0,0,0,0,0,0,0,0,0,0
"US000","3","32512","17","0","2025","1","N",1,0,0,0,0,0,0,0,"N",1.00,0,0,0,0,0,0,0,"N",0,0.0,0,0,0,0,0,0,0,0,0,0,0,0,0,0
"US000","3","325120","18","0","2025","1","N",1,0,0,0,0,0,0,0,"N",1.00,0,0,0,0,0,0,0,"N",0,0.0,0,0,0,0,0,0,0,0,0,0,0,0,0,0
"US000","3","3253","16","0","2025","1","N",1,0,0,0,0,0,0,0,"N",1.00,0,0,0,0,0,0,0,"N",0,0.0,0,0,0,0,0,0,0,0,0,0,0,0,0,0
"US000","3","32532","17","0","2025","1","N",1,0,0,0,0,0,0,0,"N",1.00,0,0,0,0,0,0,0,"N",0,0.0,0,0,0,0,0,0,0,0,0,0,0,0,0,0
"US000","3","325320","18","0","2025","1","N",1,0,0,0,0,0,0,0,"N",1.00,0,0,0,0,0,0,0,"N",0,0.0,0,0,0,0,0,0,0,0,0,0,0,0,0,0
"US000","3","3254","16","0","2025","1","N",1,0,0,0,0,0,0,0,"N",1.00,0,0,0,0,0,0,0,"N",0,0.0,0,0,0,0,0,0,0,0,0,0,0,0,0,0
"US000","3","32541","17","0","2025","1","N",1,0,0,0,0,0,0,0,"N",1.00,0,0,0,0,0,0,0,"N",0,0.0,0,0,0,0,0,0,0,0,0,0,0,0,0,0
"US000","3","325412","18","0","2025","1","N",1,0,0,0,0,0,0,0,"N",1.00,0,0,0,0,0,0,0,"N",0,0.0,0,0,0,0,0,0,0,0,0,0,0,0,0,0
"US000","3","3255","16","0","2025","1","N",1,0,0,0,0,0,0,0,"N",1.00,0,0,0,0,0,0,0,"N",0,0.0,0,0,0,0,0,0,0,0,0,0,0,0,0,0
"US000","3","32551","17","0","2025","1","N",1,0,0,0,0,0,0,0,"N",1.00,0,0,0,0,0,0,0,"N",0,0.0,0,0,0,0,0,0,0,0,0,0,0,0,0,0
"US000","3","325510","18","0","2025","1","N",1,0,0,0,0,0,0,0,"N",1.00,0,0,0,0,0,0,0,"N",0,0.0,0,0,0,0,0,0,0,0,0,0,0,0,0,0
"US000","3","326","15","0","2025","1","N",2,0,0,0,0,0,0,0,"N",1.00,0,0,0,0,0,0,0,"N",0,0.0,0,0,0,0,0,0,0,0,0,0,0,0,0,0
"US000","3","3261","16","0","2025","1","N",2,0,0,0,0,0,0,0,"N",1.00,0,0,0,0,0,0,0,"N",0,0.0,0,0,0,0,0,0,0,0,0,0,0,0,0,0
"US000","3","32611","17","0","2025","1","N",1,0,0,0,0,0,0,0,"N",1.00,0,0,0,0,0,0,0,"N",0,0.0,0,0,0,0,0,0,0,0,0,0,0,0,0,0
"US000","3","326111","18","0","2025","1","N",1,0,0,0,0,0,0,0,"N",1.00,0,0,0,0,0,0,0,"N",0,0.0,0,0,0,0,0,0,0,0,0,0,0,0,0,0
"US000","3","32619","17","0","2025","1","N",1,0,0,0,0,0,0,0,"N",1.00,0,0,0,0,0,0,0,"N",0,0.0,0,0,0,0,0,0,0,0,0,0,0,0,0,0
"US000","3","326199","18","0","2025","1","N",1,0,0,0,0,0,0,0,"N",1.00,0,0,0,0,0,0,0,"N",0,0.0,0,0,0,0,0,0,0,0,0,0,0,0,0,0
"US000","3","327","15","0","2025","1","N",2,0,0,0,0,0,0,0,"N",1.00,0,0,0,0,0,0,0,"N",0,0.0,0,0,0,0,0,0,0,0,0,0,0,0,0,0
"US000","3","3273","16","0","2025","1","N",2,0,0,0,0,0,0,0,"N",1.00,0,0,0,0,0,0,0,"N",0,0.0,0,0,0,0,0,0,0,0,0,0,0,0,0,0
"US000","3","32731","17","0","2025","1","N",1,0,0,0,0,0,0,0,"N",1.00,0,0,0,0,0,0,0,"N",0,0.0,0,0,0,0,0,0,0,0,0,0,0,0,0,0
"US000","3","327310","18","0","2025","1","N",1,0,0,0,0,0,0,0,"N",1.00,0,0,0,0,0,0,0,"N",0,0.0,0,0,0,0,0,0,0,0,0,0,0,0,0,0
"US000","3","32732","17","0","2025","1","N",1,0,0,0,0,0,0,0,"N",1.00,0,0,0,0,0,0,0,"N",0,0.0,0,0,0,0,0,0,0,0,0,0,0,0,0,0
"US000","3","327320","18","0","2025","1","N",1,0,0,0,0,0,0,0,"N",1.00,0,0,0,0,0,0,0,"N",0,0.0,0,0,0,0,0,0,0,0,0,0,0,0,0,0
"US000","3","331","15","0","2025","1","N",1,0,0,0,0,0,0,0,"N",1.00,0,0,0,0,0,0,0,"N",1,100.0,0,0,0,0,0,0,0,0,0,0,0,0,0,0
"US000","3","3315","16","0","2025","1","N",1,0,0,0,0,0,0,0,"N",1.00,0,0,0,0,0,0,0,"N",1,100.0,0,0,0,0,0,0,0,0,0,0,0,0,0,0
"US000","3","33151","17","0","2025","1","N",1,0,0,0,0,0,0,0,"N",1.00,0,0,0,0,0,0,0,"N",1,100.0,0,0,0,0,0,0,0,0,0,0,0,0,0,0
"US000","3","331511","18","0","2025","1","N",1,0,0,0,0,0,0,0,"N",1.00,0,0,0,0,0,0,0,"N",1,100.0,0,0,0,0,0,0,0,0,0,0,0,0,0,0
"US000","3","332","15","0","2025","1","N",6,0,0,0,0,0,0,0,"N",1.00,0,0,0,0,0,0,0,"N",0,0.0,0,0,0,0,0,0,0,0,0,0,0,0,0,0
"US000","3","3324","16","0","2025","1","",5,26,26,26,899221,0,0,2660,"",1.00,1.00,1.00,1.00,1.00,0.00,0.00,1.00,"",0,0.0,5,23.8,5,23.8,5,23.8,211767,30.8,0,0.0,0,0.0,142,5.6
"US000","3","33243","17","0","2025","1","",5,26,26,26,899221,0,0,2660,"",1.00,1.00,1.00,1.00,1.00,0.00,0.00,1.00,"",0,0.0,5,23.8,5,23.8,5,23.8,211767,30.8,0,0.0,0,0.0,142,5.6
"US000","3","332431","18","0","2025","1","",5,26,26,26,899221,0,0,2660,"",1.00,1.00,1.00,1.00,1.00,0.00,0.00,1.00,"",0,0.0,5,23.8,5,23.8,5,23.8,211767,30.8,0,0.0,0,0.0,142,5.6
"US000","3","3329","16","0","2025","1","N",1,0,0,0,0,0,0,0,"N",1.00,0,0,0,0,0,0,0,"N",0,0.0,0,0,0,0,0,0,0,0,0,0,0,0,0,0
"US000","3","33299","17","0","2025","1","N",1,0,0,0,0,0,0,0,"N",1.00,0,0,0,0,0,0,0,"N",0,0.0,0,0,0,0,0,0,0,0,0,0,0,0,0,0
"US000","3","332992","18","0","2025","1","N",1,0,0,0,0,0,0,0,"N",1.00,0,0,0,0,0,0,0,"N",0,0.0,0,0,0,0,0,0,0,0,0,0,0,0,0,0
"US000","3","334","15","0","2025","1","",3,117,113,119,1440679,1375393,2454,953,"",1.00,1.00,1.00,1.00,1.00,1.00,1.00,1.00,"",0,0.0,15,14.7,5,4.6,13,12.3,217855,17.8,208281,17.8,68,2.8,60,6.7
"US000","3","3344","16","0","2025","1","N",2,0,0,0,0,0,0,0,"N",1.00,0,0,0,0,0,0,0,"N",0,0.0,0,0,0,0,0,0,0,0,0,0,0,0,0,0
"US000","3","33441","17","0","2025","1","N",2,0,0,0,0,0,0,0,"N",1.00,0,0,0,0,0,0,0,"N",0,0.0,0,0,0,0,0,0,0,0,0,0,0,0,0,0
"US000","3","334418","18","0","2025","1","",1,60,58,61,894009,838725,1090,1153,"",1.00,1.00,1.00,1.00,1.00,1.00,1.00,1.00,"",0,0.0,5,9.1,3,5.5,6,10.9,94754,11.9,84203,11.2,109,11.1,35,3.1
"US000","3","334419","18","0","2025","1","N",1,0,0,0,0,0,0,0,"N",1.00,0,0,0,0,0,0,0,"N",0,0.0,0,0,0,0,0,0,0,0,0,0,0,0,0,0
"US000","3","3345","16","0","2025","1","N",1,0,0,0,0,0,0,0,"N",1.00,0,0,0,0,0,0,0,"N",0,0.0,0,0,0,0,0,0,0,0,0,0,0,0,0,0
"US000","3","33451","17","0","2025","1","N",1,0,0,0,0,0,0,0,"N",1.00,0,0,0,0,0,0,0,"N",0,0.0,0,0,0,0,0,0,0,0,0,0,0,0,0,0
"US000","3","334515","18","0","2025","1","N",1,0,0,0,0,0,0,0,"N",1.00,0,0,0,0,0,0,0,"N",0,0.0,0,0,0,0,0,0,0,0,0,0,0,0,0,0
"US000","3","335","15","0","2025","1","",2,91,90,89,2268141,0,0,1939,"",1.00,1.00,1.00,1.00,1.00,0.00,0.00,1.00,"",0,0.0,7,8.3,7,8.4,5,6.0,215388,10.5,0,0.0,0,0.0,52,2.8
"US000","3","3353","16","0","2025","1","",1,87,86,85,2187719,0,0,1957,"",1.00,1.00,1.00,1.00,1.00,0.00,0.00,1.00,"",0,0.0,7,8.8,7,8.9,5,6.2,209118,10.6,0,0.0,0,0.0,47,2.5
"US000","3","33531","17","0","2025","1","",1,87,86,85,2187719,0,0,1957,"",1.00,1.00,1.00,1.00,1.00,0.00,0.00,1.00,"",0,0.0,7,8.8,7,8.9,5,6.2,209118,10.6,0,0.0,0,0.0,47,2.5
"US000","3","335311","18","0","2025","1","",1,87,86,85,2187719,0,0,1957,"",1.00,1.00,1.00,1.00,1.00,0.00,0.00,1.00,"",0,0.0,7,8.8,7,8.9,5,6.2,209118,10.6,0,0.0,0,0.0,47,2.5
"US000","3","3359","16","0","2025","1","",1,4,4,4,80422,0,0,1547,"",1.00,1.00,1.00,1.00,1.00,0.00,0.00,1.00,"",0,0.0,0,0.0,0,0.0,0,0.0,6270,8.5,0,0.0,0,0.0,121,8.5
"US000","3","33599","17","0","2025","1","",1,4,4,4,80422,0,0,1547,"",1.00,1.00,1.00,1.00,1.00,0.00,0.00,1.00,"",0,0.0,0,0.0,0,0.0,0,0.0,6270,8.5,0,0.0,0,0.0,121,8.5
"US000","3","335999","18","0","2025","1","",1,4,4,4,80422,0,0,1547,"",1.00,1.00,1.00,1.00,1.00,0.00,0.00,1.00,"",0,0.0,0,0.0,0,0.0,0,0.0,6270,8.5,0,0.0,0,0.0,121,8.5
"US000","3","336","15","0","2025","1","N",4,0,0,0,0,0,0,0,"N",1.00,0,0,0,0,0,0,0,"N",1,33.3,0,0,0,0,0,0,0,0,0,0,0,0,0,0
"US000","3","3363","16","0","2025","1","N",1,0,0,0,0,0,0,0,"N",1.00,0,0,0,0,0,0,0,"N",1,100.0,0,0,0,0,0,0,0,0,0,0,0,0,0,0
"US000","3","33637","17","0","2025","1","N",1,0,0,0,0,0,0,0,"N",1.00,0,0,0,0,0,0,0,"N",1,100.0,0,0,0,0,0,0,0,0,0,0,0,0,0,0
"US000","3","336370","18","0","2025","1","N",1,0,0,0,0,0,0,0,"N",1.00,0,0,0,0,0,0,0,"N",1,100.0,0,0,0,0,0,0,0,0,0,0,0,0,0,0
"US000","3","3364","16","0","2025","1","N",2,0,0,0,0,0,0,0,"N",1.00,0,0,0,0,0,0,0,"N",0,0.0,0,0,0,0,0,0,0,0,0,0,0,0,0,0
"US000","3","33641","17","0","2025","1","N",2,0,0,0,0,0,0,0,"N",1.00,0,0,0,0,0,0,0,"N",0,0.0,0,0,0,0,0,0,0,0,0,0,0,0,0,0
"US000","3","336413","18","0","2025","1","N",1,0,0,0,0,0,0,0,"N",1.00,0,0,0,0,0,0,0,"N",0,0.0,0,0,0,0,0,0,0,0,0,0,0,0,0,0
"US000","3","336419","18","0","2025","1","N",1,0,0,0,0,0,0,0,"N",1.00,0,0,0,0,0,0,0,"N",0,0.0,0,0,0,0,0,0,0,0,0,0,0,0,0,0
"US000","3","3369","16","0","2025","1","",1,0,0,0,0,0,0,0,"",1.00,0.00,0.00,0.00,0.00,0.00,0.00,0.00,"",0,0.0,-1,-100.0,-1,-100.0,-1,-100.0,-23586,-100.0,-14000,-100.0,-210,-100.0,-1814,-100.0
"US000","3","33699","17","0","2025","1","",1,0,0,0,0,0,0,0,"",1.00,0.00,0.00,0.00,0.00,0.00,0.00,0.00,"",0,0.0,-1,-100.0,-1,-100.0,-1,-100.0,-23586,-100.0,-14000,-100.0,-210,-100.0,-1814,-100.0
"US000","3","336992","18","0","2025","1","",1,0,0,0,0,0,0,0,"",1.00,0.00,0.00,0.00,0.00,0.00,0.00,0.00,"",0,0.0,-1,-100.0,-1,-100.0,-1,-100.0,-23586,-100.0,-14000,-100.0,-210,-100.0,-1814,-100.0
"US000","3","42","14","0","2025","1","",45,386,381,389,17881768,4458458,57821,3570,"",1.00,1.00,1.00,1.00,1.00,1.00,1.00,1.00,"",-3,-6.2,27,7.5,27,7.6,33,9.3,11131470,164.9,434125,10.8,33767,140.4,2113,145.0
"US000","3","423","15","0","2025","1","",23,268,266,269,16274445,3646984,45510,4677,"",1.00,1.00,1.00,1.00,1.00,1.00,1.00,1.00,"",-1,-4.2,20,8.1,14,5.6,19,7.6,11021476,209.8,360903,11.0,28832,172.9,3061,189.4
"US000","3","4232","16","0","2025","1","N",1,0,0,0,0,0,0,0,"N",1.00,0,0,0,0,0,0,0,"N",0,0.0,0,0,0,0,0,0,0,0,0,0,0,0,0,0
"US000","3","42321","17","0","2025","1","N",1,0,0,0,0,0,0,0,"N",1.00,0,0,0,0,0,0,0,"N",0,0.0,0,0,0,0,0,0,0,0,0,0,0,0,0,0
"US000","3","423210","18","0","2025","1","N",1,0,0,0,0,0,0,0,"N",1.00,0,0,0,0,0,0,0,"N",0,0.0,0,0,0,0,0,0,0,0,0,0,0,0,0,0
"US000","3","4233","16","0","2025","1","",3,25,26,26,770320,643125,5872,2309,"",1.00,1.00,1.00,1.00,1.00,1.00,1.00,1.00,"",0,0.0,-1,-3.8,0,0.0,-1,-3.7,33151,4.5,41379,6.9,-2683,-31.4,156,7.2
"US000","3","42332","17","0","2025","1","",3,25,26,26,770320,643125,5872,2309,"",1.00,1.00,1.00,1.00,1.00,1.00,1.00,1.00,"",0,0.0,-1,-3.8,0,0.0,-1,-3.7,33151,4.5,41379,6.9,-2683,-31.4,156,7.2
"US000","3","423320","18","0","2025","1","",3,25,26,26,770320,643125,5872,2309,"",1.00,1.00,1.00,1.00,1.00,1.00,1.00,1.00,"",0,0.0,-1,-3.8,0,0.0,-1,-3.7,33151,4.5,41379,6.9,-2683,-31.4,156,7.2
"US000","3","4234","16","0","2025","1","N",5,0,0,0,0,0,0,0,"N",1.00,0,0,0,0,0,0,0,"N",0,0.0,0,0,0,0,0,0,0,0,0,0,0,0,0,0
"US000","3","42343","17","0","2025","1","N",1,0,0,0,0,0,0,0,"N",1.00,0,0,0,0,0,0,0,"N",0,0.0,0,0,0,0,0,0,0,0,0,0,0,0,0,0
"US000","3","423430","18","0","2025","1","N",1,0,0,0,0,0,0,0,"N",1.00,0,0,0,0,0,0,0,"N",0,0.0,0,0,0,0,0,0,0,0,0,0,0,0,0,0
"US000","3","42344","17","0","2025","1","",1,1,1,1,16950,7000,7,1304,"",1.00,1.00,1.00,1.00,1.00,1.00,1.00,1.00,"",0,0.0,0,0.0,0,0.0,0,0.0,-8867,-34.3,0,0.0,0,0.0,-682,-34.3
"US000","3","423440","18","0","2025","1","",1,1,1,1,16950,7000,7,1304,"",1.00,1.00,1.00,1.00,1.00,1.00,1.00,1.00,"",0,0.0,0,0.0,0,0.0,0,0.0,-8867,-34.3,0,0.0,0,0.0,-682,-34.3
"US000","3","42345","17","0","2025","1","N",3,0,0,0,0,0,0,0,"N",1.00,0,0,0,0,0,0,0,"N",0,0.0,0,0,0,0,0,0,0,0,0,0,0,0,0,0
"US000","3","423450","18","0","2025","1","N",3,0,0,0,0,0,0,0,"N",1.00,0,0,0,0,0,0,0,"N",0,0.0,0,0,0,0,0,0,0,0,0,0,0,0,0,0
"US000","3","4235","16","0","2025","1","",1,3,2,2,23587,22928,48,778,"",1.00,1.00,1.00,1.00,1.00,1.00,1.00,1.00,"",0,0.0,0,0.0,-1,-33.3,-1,-33.3,-5767,-19.6,-4072,-15.1,-9,-15.8,25,3.3
"US000","3","42351","17","0","2025","1","",1,3,2,2,23587,22928,48,778,"",1.00,1.00,1.00,1.00,1.00,1.00,1.00,1.00,"",0,0.0,0,0.0,-1,-33.3,-1,-33.3,-5767,-19.6,-4072,-15.1,-9,-15.8,25,3.3
"US000","3","423510","18","0","2025","1","",1,3,2,2,23587,22928,48,778,"",1.00,1.00,1.00,1.00,1.00,1.00,1.00,1.00,"",0,0.0,0,0.0,-1,-33.3,-1,-33.3,-5767,-19.6,-4072,-15.1,-9,-15.8,25,3.3
"US000","3","4236","16","0","2025","1","",4,24,24,23,460243,201465,836,1496,"",1.00,1.00,1.00,1.00,1.00,1.00,1.00,1.00,"",0,0.0,2,9.1,1,4.3,0,0.0,-21180,-4.4,2465,1.2,125,17.6,-138,-8.4
"US000","3","42361","17","0","2025","1","N",2,0,0,0,0,0,0,0,"N",1.00,0,0,0,0,0,0,0,"N",0,0.0,0,0,0,0,0,0,0,0,0,0,0,0,0,0
"US000","3","423610","18","0","2025","1","N",2,0,0,0,0,0,0,0,"N",1.00,0,0,0,0,0,0,0,"N",0,0.0,0,0,0,0,0,0,0,0,0,0,0,0,0,0
"US000","3","42369","17","0","2025","1","N",2,0,0,0,0,0,0,0,"N",1.00,0,0,0,0,0,0,0,"N",0,0.0,0,0,0,0,0,0,0,0,0,0,0,0,0,0
"US000","3","423690","18","0","2025","1","N",2,0,0,0,0,0,0,0,"N",1.00,0,0,0,0,0,0,0,"N",0,0.0,0,0,0,0,0,0,0,0,0,0,0,0,0,0
"US000","3","4238","16","0","2025","1","",1,28,29,29,545681,209129,12966,1464,"",1.00,1.00,1.00,1.00,1.00,1.00,1.00,1.00,"",0,0.0,15,115.4,16,123.1,17,141.7,326436,148.9,119407,133.1,7403,133.1,133,10.0
"US000","3","42381","17","0","2025","1","",1,28,29,29,545681,209129,12966,1464,"",1.00,1.00,1.00,1.00,1.00,1.00,1.00,1.00,"",0,0.0,15,115.4,16,123.1,17,141.7,326436,148.9,119407,133.1,7403,133.1,133,10.0
"US000","3","423810","18","0","2025","1","",1,28,29,29,545681,209129,12966,1464,"",1.00,1.00,1.00,1.00,1.00,1.00,1.00,1.00,"",0,0.0,15,115.4,16,123.1,17,141.7,326436,148.9,119407,133.1,7403,133.1,133,10.0
"US000","3","42385","17","0","2025","1","-",0,0,0,0,0,0,0,0,"N",0.00,0,0,0,0,0,0,0,"N",0,0,0,0,0,0,0,0,0,0,0,0,0,0,0,0
"US000","3","423850","18","0","2025","1","-",0,0,0,0,0,0,0,0,"N",0.00,0,0,0,0,0,0,0,"N",0,0,0,0,0,0,0,0,0,0,0,0,0,0,0,0
"US000","3","4239","16","0","2025","1","",8,42,42,43,327238,176507,996,595,"",1.00,1.00,1.00,1.00,1.00,1.00,1.00,1.00,"",-1,-11.1,-3,-6.7,-5,-10.6,-2,-4.4,-5689,-1.7,4932,2.9,81,8.9,34,6.1
"US000","3","42393","17","0","2025","1","N",6,0,0,0,0,0,0,0,"N",1.00,0,0,0,0,0,0,0,"N",-1,-14.3,0,0,0,0,0,0,0,0,0,0,0,0,0,0
"US000","3","423930","18","0","2025","1","N",6,0,0,0,0,0,0,0,"N",1.00,0,0,0,0,0,0,0,"N",-1,-14.3,0,0,0,0,0,0,0,0,0,0,0,0,0,0
"US000","3","42399","17","0","2025","1","N",2,0,0,0,0,0,0,0,"N",1.00,0,0,0,0,0,0,0,"N",0,0.0,0,0,0,0,0,0,0,0,0,0,0,0,0,0
"US000","3","423990","18","0","2025","1","N",2,0,0,0,0,0,0,0,"N",1.00,0,0,0,0,0,0,0,"N",0,0.0,0,0,0,0,0,0,0,0,0,0,0,0,0,0
"US000","3","424","15","0","2025","1","N",18,0,0,0,0,0,0,0,"N",1.00,0,0,0,0,0,0,0,"N",-2,-10.0,0,0,0,0,0,0,0,0,0,0,0,0,0,0
"US000","3","4241","16","0","2025","1","",2,9,9,9,162374,81000,697,1388,"",1.00,1.00,1.00,1.00,1.00,1.00,1.00,1.00,"",-1,-33.3,-8,-47.1,0,0.0,0,0.0,-44340,-21.4,-32196,-28.4,-773,-52.6,25,1.8
"US000","3","42412","17","0","2025","1","",1,9,9,9,162374,81000,697,1388,"",1.00,1.00,1.00,1.00,1.00,1.00,1.00,1.00,"",-1,-50.0,-7,-43.8,0,0.0,0,0.0,-39340,-19.5,-27196,-25.1,-603,-46.4,19,1.4
"US000","3","424120","18","0","2025","1","",1,9,9,9,162374,81000,697,1388,"",1.00,1.00,1.00,1.00,1.00,1.00,1.00,1.00,"",-1,-50.0,-7,-43.8,0,0.0,0,0.0,-39340,-19.5,-27196,-25.1,-603,-46.4,19,1.4
"US000","3","42413","17","0","2025","1","",1,0,0,0,0,0,0,0,"",1.00,0.00,0.00,0.00,0.00,0.00,0.00,0.00,"",0,0.0,-1,-100.0,0,0.0,0,0.0,-5000,-100.0,-5000,-100.0,-170,-100.0,-1154,-100.0
"US000","3","424130","18","0","2025","1","",1,0,0,0,0,0,0,0,"",1.00,0.00,0.00,0.00,0.00,0.00,0.00,0.00,"",0,0.0,-1,-100.0,0,0.0,0,0.0,-5000,-100.0,-5000,-100.0,-170,-100.0,-1154,-100.0
"US000","3","4244","16","0","2025","1","N",1,0,0,0,0,0,0,0,"N",1.00,0,0,0,0,0,0,0,"N",-1,-50.0,0,0,0,0,0,0,0,0,0,0,0,0,0,0
"US000","3","42446","17","0","2025","1","N",1,0,0,0,0,0,0,0,"N",1.00,0,0,0,0,0,0,0,"N",0,0.0,0,0,0,0,0,0,0,0,0,0,0,0,0,0
"US000","3","424460","18","0","2025","1","N",1,0,0,0,0,0,0,0,"N",1.00,0,0,0,0,0,0,0,"N",0,0.0,0,0,0,0,0,0,0,0,0,0,0,0,0,0
"US000","3","4245","16","0","2025","1","",1,8,8,8,46428,0,0,446,"",1.00,1.00,1.00,1.00,1.00,0.00,0.00,1.00,"",0,0.0,3,60.0,3,60.0,3,60.0,7551,19.4,0,0.0,0,0.0,-152,-25.4
"US000","3","42451","17","0","2025","1","",1,8,8,8,46428,0,0,446,"",1.00,1.00,1.00,1.00,1.00,0.00,0.00,1.00,"",0,0.0,3,60.0,3,60.0,3,60.0,7551,19.4,0,0.0,0,0.0,-152,-25.4
"US000","3","424510","18","0","2025","1","",1,8,8,8,46428,0,0,446,"",1.00,1.00,1.00,1.00,1.00,0.00,0.00,1.00,"",0,0.0,3,60.0,3,60.0,3,60.0,7551,19.4,0,0.0,0,0.0,-152,-25.4
"US000","3","4247","16","0","2025","1","N",4,0,0,0,0,0,0,0,"N",1.00,0,0,0,0,0,0,0,"N",0,0.0,0,0,0,0,0,0,0,0,0,0,0,0,0,0
"US000","3","42471","17","0","2025","1","",2,16,16,16,202570,161587,1901,974,"",1.00,1.00,1.00,1.00,1.00,1.00,1.00,1.00,"",0,0.0,-3,-15.8,-4,-20.0,-2,-11.1,-12290,-5.7,-3379,-2.0,-552,-22.5,104,12.0
"US000","3","424710","18","0","2025","1","",2,16,16,16,202570,161587,1901,974,"",1.00,1.00,1.00,1.00,1.00,1.00,1.00,1.00,"",0,0.0,-3,-15.8,-4,-20.0,-2,-11.1,-12290,-5.7,-3379,-2.0,-552,-22.5,104,12.0
"US000","3","42472","17","0","2025","1","N",2,0,0,0,0,0,0,0,"N",1.00,0,0,0,0,0,0,0,"N",0,0.0,0,0,0,0,0,0,0,0,0,0,0,0,0,0
"US000","3","424720","18","0","2025","1","N",2,0,0,0,0,0,0,0,"N",1.00,0,0,0,0,0,0,0,"N",0,0.0,0,0,0,0,0,0,0,0,0,0,0,0,0,0
"US000","3","4248","16","0","2025","1","",1,0,0,0,0,0,0,0,"",1.00,0.00,0.00,0.00,0.00,0.00,0.00,0.00,"",0,0.0,-1,-100.0,0,0.0,0,0.0,-10326,-100.0,-7000,-100.0,-231,-100.0,-2383,-100.0
"US000","3","42482","17","0","2025","1","",1,0,0,0,0,0,0,0,"",1.00,0.00,0.00,0.00,0.00,0.00,0.00,0.00,"",0,0.0,-1,-100.0,0,0.0,0,0.0,-10326,-100.0,-7000,-100.0,-231,-100.0,-2383,-100.0
"US000","3","424820","18","0","2025","1","",1,0,0,0,0,0,0,0,"",1.00,0.00,0.00,0.00,0.00,0.00,0.00,0.00,"",0,0.0,-1,-100.0,0,0.0,0,0.0,-10326,-100.0,-7000,-100.0,-231,-100.0,-2383,-100.0
"US000","3","4249","16","0","2025","1","N",9,0,0,0,0,0,0,0,"N",1.00,0,0,0,0,0,0,0,"N",0,0.0,0,0,0,0,0,0,0,0,0,0,0,0,0,0
"US000","3","42491","17","0","2025","1","N",9,0,0,0,0,0,0,0,"N",1.00,0,0,0,0,0,0,0,"N",0,0.0,0,0,0,0,0,0,0,0,0,0,0,0,0,0
"US000","3","424910","18","0","2025","1","N",9,0,0,0,0,0,0,0,"N",1.00,0,0,0,0,0,0,0,"N",0,0.0,0,0,0,0,0,0,0,0,0,0,0,0,0,0
"US000","3","425","15","0","2025","1","N",4,0,0,0,0,0,0,0,"N",1.00,0,0,0,0,0,0,0,"N",0,0.0,0,0,0,0,0,0,0,0,0,0,0,0,0,0
"US000","3","4251","16","0","2025","1","N",4,0,0,0,0,0,0,0,"N",1.00,0,0,0,0,0,0,0,"N",0,0.0,0,0,0,0,0,0,0,0,0,0,0,0,0,0
"US000","3","42512","17","0","2025","1","N",4,0,0,0,0,0,0,0,"N",1.00,0,0,0,0,0,0,0,"N",0,0.0,0,0,0,0,0,0,0,0,0,0,0,0,0,0
"US000","3","425120","18","0","2025","1","N",4,0,0,0,0,0,0,0,"N",1.00,0,0,0,0,0,0,0,"N",0,0.0,0,0,0,0,0,0,0,0,0,0,0,0,0,0
"US000","3","44-45","14","0","2025","1","",727,10701,10700,10709,98726936,41829710,445583,710,"",1.00,1.00,1.00,1.00,1.00,1.00,1.00,1.00,"",8,1.1,531,5.2,536,5.3,591,5.8,8237317,9.1,1125005,2.8,-58523,-11.6,24,3.5
"US000","3","444","15","0","2025","1","N",6,0,0,0,0,0,0,0,"N",1.00,0,0,0,0,0,0,0,"N",0,0.0,0,0,0,0,0,0,0,0,0,0,0,0,0,0
"US000","3","4441","16","0","2025","1","N",3,0,0,0,0,0,0,0,"N",1.00,0,0,0,0,0,0,0,"N",0,0.0,0,0,0,0,0,0,0,0,0,0,0,0,0,0
"US000","3","44414","17","0","2025","1","N",2,0,0,0,0,0,0,0,"N",1.00,0,0,0,0,0,0,0,"N",0,0.0,0,0,0,0,0,0,0,0,0,0,0,0,0,0
"US000","3","444140","18","0","2025","1","N",2,0,0,0,0,0,0,0,"N",1.00,0,0,0,0,0,0,0,"N",0,0.0,0,0,0,0,0,0,0,0,0,0,0,0,0,0
"US000","3","44418","17","0","2025","1","",1,16,16,16,141658,108656,3912,681,"",1.00,1.00,1.00,1.00,1.00,1.00,1.00,1.00,"",0,0.0,-5,-23.8,12,300.0,-5,-23.8,-2104,-1.5,-12855,-10.6,-462,-10.6,-40,-5.5
"US000","3","444180","18","0","2025","1","",1,16,16,16,141658,108656,3912,681,"",1.00,1.00,1.00,1.00,1.00,1.00,1.00,1.00,"",0,0.0,-5,-23.8,12,300.0,-5,-23.8,-2104,-1.5,-12855,-10.6,-462,-10.6,-40,-5.5
"US000","3","4442","16","0","2025","1","",3,14,14,14,256314,42912,60,1408,"",1.00,1.00,1.00,1.00,1.00,1.00,1.00,1.00,"N",0,0.0,0,0,0,0,0,0,0,0,0,0,0,0,0,0
"US000","3","44424","17","0","2025","1","",3,14,14,14,256314,42912,60,1408,"",1.00,1.00,1.00,1.00,1.00,1.00,1.00,1.00,"N",0,0.0,0,0,0,0,0,0,0,0,0,0,0,0,0,0
"US000","3","444240","18","0","2025","1","",3,14,14,14,256314,42912,60,1408,"",1.00,1.00,1.00,1.00,1.00,1.00,1.00,1.00,"N",0,0.0,0,0,0,0,0,0,0,0,0,0,0,0,0,0
"US000","3","445","15","0","2025","1","",462,5159,5149,5177,40868550,6333683,55126,609,"",1.00,1.00,1.00,1.00,1.00,1.00,1.00,1.00,"",-1,-0.2,158,3.2,161,3.2,192,3.9,2684197,7.0,42082,0.7,-19303,-25.9,21,3.6
"US000","3","4451","16","0","2025","1","",27,1056,1050,1053,7975206,4812085,47929,583,"",1.00,1.00,1.00,1.00,1.00,1.00,1.00,1.00,"",1,3.8,20,1.9,16,1.5,14,1.3,-33381,-0.4,113923,2.4,-18788,-28.2,-11,-1.9
"US000","3","44511","17","0","2025","1","",15,896,893,896,6428277,4134201,43756,552,"",1.00,1.00,1.00,1.00,1.00,1.00,1.00,1.00,"",1,7.1,11,1.2,9,1.0,5,0.6,-121083,-1.8,78942,1.9,-18700,-29.9,-16,-2.8
"US000","3","445110","18","0","2025","1","",15,896,893,896,6428277,4134201,43756,552,"",1.00,1.00,1.00,1.00,1.00,1.00,1.00,1.00,"",1,7.1,11,1.2,9,1.0,5,0.6,-121083,-1.8,78942,1.9,-18700,-29.9,-16,-2.8
"US000","3","44513","17","0","2025","1","",12,160,157,157,1546929,677884,4173,753,"",1.00,1.00,1.00,1.00,1.00,1.00,1.00,1.00,"",0,0.0,9,6.0,7,4.7,9,6.1,87702,6.0,34981,5.4,-88,-2.1,3,0.4
"US000","3","445131","18","0","2025","1","",12,160,157,157,1546929,677884,4173,753,"",1.00,1.00,1.00,1.00,1.00,1.00,1.00,1.00,"",0,0.0,9,6.0,7,4.7,9,6.1,87702,6.0,34981,5.4,-88,-2.1,3,0.4
"US000","3","4452","16","0","2025","1","N",5,0,0,0,0,0,0,0,"N",1.00,0,0,0,0,0,0,0,"N",1,25.0,0,0,0,0,0,0,0,0,0,0,0,0,0,0
"US000","3","44523","17","0","2025","1","N",4,0,0,0,0,0,0,0,"N",1.00,0,0,0,0,0,0,0,"N",1,33.3,0,0,0,0,0,0,0,0,0,0,0,0,0,0
"US000","3","445230","18","0","2025","1","N",4,0,0,0,0,0,0,0,"N",1.00,0,0,0,0,0,0,0,"N",1,33.3,0,0,0,0,0,0,0,0,0,0,0,0,0,0
"US000","3","44529","17","0","2025","1","N",1,0,0,0,0,0,0,0,"N",1.00,0,0,0,0,0,0,0,"N",0,0.0,0,0,0,0,0,0,0,0,0,0,0,0,0,0
"US000","3","445298","18","0","2025","1","N",1,0,0,0,0,0,0,0,"N",1.00,0,0,0,0,0,0,0,"N",0,0.0,0,0,0,0,0,0,0,0,0,0,0,0,0,0
"US000","3","4453","16","0","2025","1","N",430,0,0,0,0,0,0,0,"N",1.00,0,0,0,0,0,0,0,"N",-3,-0.7,0,0,0,0,0,0,0,0,0,0,0,0,0,0
"US000","3","44532","17","0","2025","1","N",430,0,0,0,0,0,0,0,"N",1.00,0,0,0,0,0,0,0,"N",-3,-0.7,0,0,0,0,0,0,0,0,0,0,0,0,0,0
"US000","3","445320","18","0","2025","1","N",430,0,0,0,0,0,0,0,"N",1.00,0,0,0,0,0,0,0,"N",-3,-0.7,0,0,0,0,0,0,0,0,0,0,0,0,0,0
"US000","3","455","15","0","2025","1","",3,45,43,44,337487,273218,5977,590,"",1.00,1.00,1.00,1.00,1.00,1.00,1.00,1.00,"",0,0.0,-8,-15.1,-2,-4.4,0,0.0,-7514,-2.2,-17024,-5.9,-1325,-18.1,29,5.2
"US000","3","4552","16","0","2025","1","",3,45,43,44,337487,273218,5977,590,"",1.00,1.00,1.00,1.00,1.00,1.00,1.00,1.00,"",0,0.0,-8,-15.1,-2,-4.4,0,0.0,-7514,-2.2,-17024,-5.9,-1325,-18.1,29,5.2
"US000","3","45521","17","0","2025","1","",3,45,43,44,337487,273218,5977,590,"",1.00,1.00,1.00,1.00,1.00,1.00,1.00,1.00,"",0,0.0,-8,-15.1,-2,-4.4,0,0.0,-7514,-2.2,-17024,-5.9,-1325,-18.1,29,5.2
"US000","3","455219","18","0","2025","1","",3,45,43,44,337487,273218,5977,590,"",1.00,1.00,1.00,1.00,1.00,1.00,1.00,1.00,"",0,0.0,-8,-15.1,-2,-4.4,0,0.0,-7514,-2.2,-17024,-5.9,-1325,-18.1,29,5.2
"US000","3","456","15","0","2025","1","",14,188,185,191,3784090,41257,516,1548,"",1.00,1.00,1.00,1.00,1.00,1.00,1.00,1.00,"",0,0.0,12,6.8,12,6.9,18,10.4,303581,8.7,-52636,-56.1,-425,-45.2,9,0.6
"US000","3","4561","16","0","2025","1","",14,188,185,191,3784090,41257,516,1548,"",1.00,1.00,1.00,1.00,1.00,1.00,1.00,1.00,"",0,0.0,12,6.8,12,6.9,18,10.4,303581,8.7,-52636,-56.1,-425,-45.2,9,0.6
"US000","3","45611","17","0","2025","1","",11,171,169,176,3577327,0,0,1600,"",1.00,1.00,1.00,1.00,1.00,0.00,0.00,1.00,"",0,0.0,17,11.0,15,9.7,21,13.5,360848,11.2,0,0.0,0,0.0,-3,-0.2
"US000","3","456110","18","0","2025","1","",11,171,169,176,3577327,0,0,1600,"",1.00,1.00,1.00,1.00,1.00,0.00,0.00,1.00,"",0,0.0,17,11.0,15,9.7,21,13.5,360848,11.2,0,0.0,0,0.0,-3,-0.2
"US000","3","45619","17","0","2025","1","",3,17,16,15,206763,41257,516,994,"",1.00,1.00,1.00,1.00,1.00,1.00,1.00,1.00,"",0,0.0,-5,-22.7,-3,-15.8,-3,-16.7,-57267,-21.7,-52636,-56.1,-425,-45.2,-39,-3.8
"US000","3","456199","18","0","2025","1","",3,17,16,15,206763,41257,516,994,"",1.00,1.00,1.00,1.00,1.00,1.00,1.00,1.00,"",0,0.0,-5,-22.7,-3,-15.8,-3,-16.7,-57267,-21.7,-52636,-56.1,-425,-45.2,-39,-3.8
"US000","3","457","15","0","2025","1","",111,2541,2569,2577,24474176,13805857,234736,735,"",1.00,1.00,1.00,1.00,1.00,1.00,1.00,1.00,"",3,2.8,329,14.9,319,14.2,348,15.6,4303160,21.3,859368,6.6,-1021,-0.4,39,5.6
"US000","3","4571","16","0","2025","1","N",109,0,0,0,0,0,0,0,"N",1.00,0,0,0,0,0,0,0,"N",3,2.8,0,0,0,0,0,0,0,0,0,0,0,0,0,0
"US000","3","45711","17","0","2025","1","",103,2338,2370,2377,22349378,12271566,213726,728,"",1.00,1.00,1.00,1.00,1.00,1.00,1.00,1.00,"",4,4.0,295,14.4,307,14.9,336,16.5,4135052,22.7,774992,6.7,-7865,-3.5,44,6.4
"US000","3","457110","18","0","2025","1","",103,2338,2370,2377,22349378,12271566,213726,728,"",1.00,1.00,1.00,1.00,1.00,1.00,1.00,1.00,"",4,4.0,295,14.4,307,14.9,336,16.5,4135052,22.7,774992,6.7,-7865,-3.5,44,6.4
"US000","3","45712","17","0","2025","1","N",6,0,0,0,0,0,0,0,"N",1.00,0,0,0,0,0,0,0,"N",-1,-14.3,0,0,0,0,0,0,0,0,0,0,0,0,0,0
"US000","3","457120","18","0","2025","1","N",6,0,0,0,0,0,0,0,"N",1.00,0,0,0,0,0,0,0,"N",-1,-14.3,0,0,0,0,0,0,0,0,0,0,0,0,0,0
"US000","3","4572","16","0","2025","1","N",2,0,0,0,0,0,0,0,"N",1.00,0,0,0,0,0,0,0,"N",0,0.0,0,0,0,0,0,0,0,0,0,0,0,0,0,0
"US000","3","45721","17","0","2025","1","N",2,0,0,0,0,0,0,0,"N",1.00,0,0,0,0,0,0,0,"N",0,0.0,0,0,0,0,0,0,0,0,0,0,0,0,0,0
"US000","3","457210","18","0","2025","1","N",2,0,0,0,0,0,0,0,"N",1.00,0,0,0,0,0,0,0,"N",0,0.0,0,0,0,0,0,0,0,0,0,0,0,0,0,0
"US000","3","458","15","0","2025","1","N",3,0,0,0,0,0,0,0,"N",1.00,0,0,0,0,0,0,0,"N",0,0.0,0,0,0,0,0,0,0,0,0,0,0,0,0,0
"US000","3","4581","16","0","2025","1","",2,59,61,49,552035,9472,9,754,"",1.00,1.00,1.00,1.00,1.00,1.00,1.00,1.00,"",0,0.0,5,9.3,15,32.6,48,4800.0,108076,24.3,-396,-4.0,-121,-93.1,-260,-25.6
"US000","3","45811","17","0","2025","1","",2,59,61,49,552035,9472,9,754,"",1.00,1.00,1.00,1.00,1.00,1.00,1.00,1.00,"",0,0.0,5,9.3,15,32.6,48,4800.0,108076,24.3,-396,-4.0,-121,-93.1,-260,-25.6
"US000","3","458110","18","0","2025","1","",2,59,61,49,552035,9472,9,754,"",1.00,1.00,1.00,1.00,1.00,1.00,1.00,1.00,"",0,0.0,5,9.3,15,32.6,48,4800.0,108076,24.3,-396,-4.0,-121,-93.1,-260,-25.6
"US000","3","4583","16","0","2025","1","N",1,0,0,0,0,0,0,0,"N",1.00,0,0,0,0,0,0,0,"N",0,0.0,0,0,0,0,0,0,0,0,0,0,0,0,0,0
"US000","3","45831","17","0","2025","1","N",1,0,0,0,0,0,0,0,"N",1.00,0,0,0,0,0,0,0,"N",0,0.0,0,0,0,0,0,0,0,0,0,0,0,0,0,0
"US000","3","458310","18","0","2025","1","N",1,0,0,0,0,0,0,0,"N",1.00,0,0,0,0,0,0,0,"N",0,0.0,0,0,0,0,0,0,0,0,0,0,0,0,0,0
"US000","3","459","15","0","2025","1","",128,2611,2593,2573,27585266,20771969,104844,819,"",1.00,1.00,1.00,1.00,1.00,1.00,1.00,1.00,"",6,4.9,65,2.6,39,1.5,8,0.3,953252,3.6,443838,2.2,2088,2.0,17,2.1
"US000","3","4591","16","0","2025","1","N",3,0,0,0,0,0,0,0,"N",1.00,0,0,0,0,0,0,0,"N",0,0.0,0,0,0,0,0,0,0,0,0,0,0,0,0,0
"US000","3","45911","17","0","2025","1","N",2,0,0,0,0,0,0,0,"N",1.00,0,0,0,0,0,0,0,"N",0,0.0,0,0,0,0,0,0,0,0,0,0,0,0,0,0
"US000","3","459110","18","0","2025","1","N",2,0,0,0,0,0,0,0,"N",1.00,0,0,0,0,0,0,0,"N",0,0.0,0,0,0,0,0,0,0,0,0,0,0,0,0,0
"US000","3","45912","17","0","2025","1","N",1,0,0,0,0,0,0,0,"N",1.00,0,0,0,0,0,0,0,"N",0,0.0,0,0,0,0,0,0,0,0,0,0,0,0,0,0
"US000","3","459120","18","0","2025","1","N",1,0,0,0,0,0,0,0,"N",1.00,0,0,0,0,0,0,0,"N",0,0.0,0,0,0,0,0,0,0,0,0,0,0,0,0,0
"US000","3","4592","16","0","2025","1","",2,6,5,6,56990,0,0,774,"",1.00,1.00,1.00,1.00,1.00,0.00,0.00,1.00,"",1,100.0,3,100.0,2,66.7,3,100.0,25216,79.4,0,0.0,0,0.0,-41,-5.0
"US000","3","45921","17","0","2025","1","",2,6,5,6,56990,0,0,774,"",1.00,1.00,1.00,1.00,1.00,0.00,0.00,1.00,"",1,100.0,3,100.0,2,66.7,3,100.0,25216,79.4,0,0.0,0,0.0,-41,-5.0
"US000","3","459210","18","0","2025","1","",2,6,5,6,56990,0,0,774,"",1.00,1.00,1.00,1.00,1.00,0.00,0.00,1.00,"",1,100.0,3,100.0,2,66.7,3,100.0,25216,79.4,0,0.0,0,0.0,-41,-5.0
"US000","3","4594","16","0","2025","1","N",48,0,0,0,0,0,0,0,"N",1.00,0,0,0,0,0,0,0,"N",1,2.1,0,0,0,0,0,0,0,0,0,0,0,0,0,0
"US000","3","45941","17","0","2025","1","N",5,0,0,0,0,0,0,0,"N",1.00,0,0,0,0,0,0,0,"N",0,0.0,0,0,0,0,0,0,0,0,0,0,0,0,0,0
"US000","3","459410","18","0","2025","1","N",5,0,0,0,0,0,0,0,"N",1.00,0,0,0,0,0,0,0,"N",0,0.0,0,0,0,0,0,0,0,0,0,0,0,0,0,0
"US000","3","45942","17","0","2025","1","",43,956,949,933,9225611,8794409,818,750,"",1.00,1.00,1.00,1.00,1.00,1.00,1.00,1.00,"",1,2.4,63,7.1,49,5.4,25,2.8,386776,4.4,341053,4.0,-461,-36.0,-5,-0.7
"US000","3","459420","18","0","2025","1","",43,956,949,933,9225611,8794409,818,750,"",1.00,1.00,1.00,1.00,1.00,1.00,1.00,1.00,"",1,2.4,63,7.1,49,5.4,25,2.8,386776,4.4,341053,4.0,-461,-36.0,-5,-0.7
"US000","3","4599","16","0","2025","1","",75,1620,1610,1609,17923373,11792139,101963,855,"",1.00,1.00,1.00,1.00,1.00,1.00,1.00,1.00,"",4,5.6,22,1.4,7,0.4,3,0.2,932254,5.5,352418,3.1,4593,4.7,39,4.8
"US000","3","45992","17","0","2025","1","N",3,0,0,0,0,0,0,0,"N",1.00,0,0,0,0,0,0,0,"N",1,50.0,0,0,0,0,0,0,0,0,0,0,0,0,0,0
"US000","3","459920","18","0","2025","1","N",3,0,0,0,0,0,0,0,"N",1.00,0,0,0,0,0,0,0,"N",1,50.0,0,0,0,0,0,0,0,0,0,0,0,0,0,0
"US000","3","45999","17","0","2025","1","N",72,0,0,0,0,0,0,0,"N",1.00,0,0,0,0,0,0,0,"N",3,4.3,0,0,0,0,0,0,0,0,0,0,0,0,0,0
"US000","3","459991","18","0","2025","1","N",68,0,0,0,0,0,0,0,"N",1.00,0,0,0,0,0,0,0,"N",2,3.0,0,0,0,0,0,0,0,0,0,0,0,0,0,0
"US000","3","459999","18","0","2025","1","N",4,0,0,0,0,0,0,0,"N",1.00,0,0,0,0,0,0,0,"N",1,33.3,0,0,0,0,0,0,0,0,0,0,0,0,0,0
"US000","3","48-49","14","0","2025","1","",2946,313476,314565,314332,6340802928,312136685,3105944,1553,"",1.00,1.00,1.00,1.00,1.00,1.00,1.00,1.00,"",1,0.0,10379,3.4,10183,3.3,8848,2.9,316276193,5.2,27421305,9.6,370213,13.5,30,2.0
"US000","3","481","15","0","2025","1","N",5,0,0,0,0,0,0,0,"N",1.00,0,0,0,0,0,0,0,"N",0,0.0,0,0,0,0,0,0,0,0,0,0,0,0,0,0
"US000","3","4811","16","0","2025","1","",2,24,23,24,218916,18313,73,712,"",1.00,1.00,1.00,1.00,1.00,1.00,1.00,1.00,"",0,0.0,0,0.0,-1,-4.2,0,0.0,11135,5.4,316,1.8,-17,-18.9,46,6.9
"US000","3","48111","17","0","2025","1","",2,24,23,24,218916,18313,73,712,"",1.00,1.00,1.00,1.00,1.00,1.00,1.00,1.00,"",0,0.0,0,0.0,-1,-4.2,0,0.0,11135,5.4,316,1.8,-17,-18.9,46,6.9
"US000","3","481111","18","0","2025","1","",2,24,23,24,218916,18313,73,712,"",1.00,1.00,1.00,1.00,1.00,1.00,1.00,1.00,"",0,0.0,0,0.0,-1,-4.2,0,0.0,11135,5.4,316,1.8,-17,-18.9,46,6.9
"US000","3","4812","16","0","2025","1","N",3,0,0,0,0,0,0,0,"N",1.00,0,0,0,0,0,0,0,"N",0,0.0,0,0,0,0,0,0,0,0,0,0,0,0,0,0
"US000","3","48121","17","0","2025","1","N",3,0,0,0,0,0,0,0,"N",1.00,0,0,0,0,0,0,0,"N",0,0.0,0,0,0,0,0,0,0,0,0,0,0,0,0,0
"US000","3","481211","18","0","2025","1","N",1,0,0,0,0,0,0,0,"N",1.00,0,0,0,0,0,0,0,"N",0,0.0,0,0,0,0,0,0,0,0,0,0,0,0,0,0
"US000","3","481219","18","0","2025","1","N",2,0,0,0,0,0,0,0,"N",1.00,0,0,0,0,0,0,0,"N",0,0.0,0,0,0,0,0,0,0,0,0,0,0,0,0,0
"US000","3","483","15","0","2025","1","",9,87,82,85,989609,420594,7562,899,"",1.00,1.00,1.00,1.00,1.00,1.00,1.00,1.00,"",0,0.0,5,6.1,-1,-1.2,-1,-1.2,-485676,-32.9,-5916,-1.4,-476,-5.9,-457,-33.7
"US000","3","4831","16","0","2025","1","",1,6,4,5,51421,32125,1735,791,"",1.00,1.00,1.00,1.00,1.00,1.00,1.00,1.00,"",0,0.0,2,50.0,-1,-20.0,0,0.0,935,1.9,-2776,-8.0,-429,-19.8,-41,-4.9
"US000","3","48311","17","0","2025","1","",1,6,4,5,51421,32125,1735,791,"",1.00,1.00,1.00,1.00,1.00,1.00,1.00,1.00,"",0,0.0,2,50.0,-1,-20.0,0,0.0,935,1.9,-2776,-8.0,-429,-19.8,-41,-4.9
"US000","3","483114","18","0","2025","1","",1,6,4,5,51421,32125,1735,791,"",1.00,1.00,1.00,1.00,1.00,1.00,1.00,1.00,"",0,0.0,2,50.0,-1,-20.0,0,0.0,935,1.9,-2776,-8.0,-429,-19.8,-41,-4.9
"US000","3","4832","16","0","2025","1","",8,81,78,80,938188,388469,5827,906,"",1.00,1.00,1.00,1.00,1.00,1.00,1.00,1.00,"",0,0.0,3,3.8,0,0.0,-1,-1.2,-486611,-34.2,-3140,-0.8,-47,-0.8,-481,-34.7
"US000","3","48321","17","0","2025","1","",8,81,78,80,938188,388469,5827,906,"",1.00,1.00,1.00,1.00,1.00,1.00,1.00,1.00,"",0,0.0,3,3.8,0,0.0,-1,-1.2,-486611,-34.2,-3140,-0.8,-47,-0.8,-481,-34.7
"US000","3","483212","18","0","2025","1","",8,81,78,80,938188,388469,5827,906,"",1.00,1.00,1.00,1.00,1.00,1.00,1.00,1.00,"",0,0.0,3,3.8,0,0.0,-1,-1.2,-486611,-34.2,-3140,-0.8,-47,-0.8,-481,-34.7
"US000","3","485","15","0","2025","1","",1779,252723,253467,253196,4929636084,244075609,2233932,1498,"",1.00,1.00,1.00,1.00,1.00,1.00,1.00,1.00,"",1,0.1,7291,3.0,7140,2.9,6027,2.4,192939465,4.1,24822061,11.3,180409,8.8,19,1.3
"US000","3","4851","16","0","2025","1","",516,182911,183432,182994,4115883083,160253501,1508661,1729,"",1.00,1.00,1.00,1.00,1.00,1.00,1.00,1.00,"",3,0.6,6106,3.5,5973,3.4,5252,3.0,148912382,3.8,11476960,7.7,91169,6.4,8,0.5
"US000","3","48511","17","0","2025","1","",516,182911,183432,182994,4115883083,160253501,1508661,1729,"",1.00,1.00,1.00,1.00,1.00,1.00,1.00,1.00,"",3,0.6,6106,3.5,5973,3.4,5252,3.0,148912382,3.8,11476960,7.7,91169,6.4,8,0.5
"US000","3","485111","18","0","2025","1","",128,103737,104010,103996,2416994059,65422336,194388,1789,"",1.00,1.00,1.00,1.00,1.00,1.00,1.00,1.00,"",0,0.0,2779,2.8,2870,2.8,2847,2.8,71792647,3.1,4637109,7.6,10862,5.9,4,0.2
"US000","3","485112","18","0","2025","1","N",6,0,0,0,0,0,0,0,"N",1.00,0,0,0,0,0,0,0,"N",0,0.0,0,0,0,0,0,0,0,0,0,0,0,0,0,0
"US000","3","485113","18","0","2025","1","",377,68284,68823,68438,1398920169,92393834,1304536,1571,"",1.00,1.00,1.00,1.00,1.00,1.00,1.00,1.00,"",3,0.8,3083,4.7,3176,4.8,2475,3.8,99267508,7.6,5792320,6.7,80317,6.6,47,3.1
"US000","3","485119","18","0","2025","1","N",5,0,0,0,0,0,0,0,"N",1.00,0,0,0,0,0,0,0,"N",0,0.0,0,0,0,0,0,0,0,0,0,0,0,0,0,0
"US000","3","4852","16","0","2025","1","",71,6206,6179,6242,137219726,77911713,652297,1700,"",1.00,1.00,1.00,1.00,1.00,1.00,1.00,1.00,"",1,1.4,389,6.7,338,5.8,351,6.0,19616379,16.7,13066910,20.2,79877,14.0,154,10.0
"US000","3","48521","17","0","2025","1","",71,6206,6179,6242,137219726,77911713,652297,1700,"",1.00,1.00,1.00,1.00,1.00,1.00,1.00,1.00,"",1,1.4,389,6.7,338,5.8,351,6.0,19616379,16.7,13066910,20.2,79877,14.0,154,10.0
"US000","3","485210","18","0","2025","1","",71,6206,6179,6242,137219726,77911713,652297,1700,"",1.00,1.00,1.00,1.00,1.00,1.00,1.00,1.00,"",1,1.4,389,6.7,338,5.8,351,6.0,19616379,16.7,13066910,20.2,79877,14.0,154,10.0
"US000","3","4853","16","0","2025","1","N",4,0,0,0,0,0,0,0,"N",1.00,0,0,0,0,0,0,0,"N",0,0.0,0,0,0,0,0,0,0,0,0,0,0,0,0,0
"US000","3","48531","17","0","2025","1","N",3,0,0,0,0,0,0,0,"N",1.00,0,0,0,0,0,0,0,"N",0,0.0,0,0,0,0,0,0,0,0,0,0,0,0,0,0
"US000","3","485310","18","0","2025","1","N",3,0,0,0,0,0,0,0,"N",1.00,0,0,0,0,0,0,0,"N",0,0.0,0,0,0,0,0,0,0,0,0,0,0,0,0,0
"US000","3","48532","17","0","2025","1","",1,17,17,17,452688,111624,1898,2048,"",1.00,1.00,1.00,1.00,1.00,1.00,1.00,1.00,"",0,0.0,0,0.0,0,0.0,1,6.2,57417,14.5,-92,-0.1,222,13.2,224,12.3
"US000","3","485320","18","0","2025","1","",1,17,17,17,452688,111624,1898,2048,"",1.00,1.00,1.00,1.00,1.00,1.00,1.00,1.00,"",0,0.0,0,0.0,0,0.0,1,6.2,57417,14.5,-92,-0.1,222,13.2,224,12.3
"US000","3","4854","16","0","2025","1","",1119,62045,62282,62383,656247839,1299233,4159,811,"",1.00,1.00,1.00,1.00,1.00,1.00,1.00,1.00,"",1,0.1,702,1.1,715,1.2,335,0.5,22203803,3.5,-207670,-13.8,-113,-2.6,20,2.5
"US000","3","48541","17","0","2025","1","",1119,62045,62282,62383,656247839,1299233,4159,811,"",1.00,1.00,1.00,1.00,1.00,1.00,1.00,1.00,"",1,0.1,702,1.1,715,1.2,335,0.5,22203803,3.5,-207670,-13.8,-113,-2.6,20,2.5
"US000","3","485410","18","0","2025","1","",1119,62045,62282,62383,656247839,1299233,4159,811,"",1.00,1.00,1.00,1.00,1.00,1.00,1.00,1.00,"",1,0.1,702,1.1,715,1.2,335,0.5,22203803,3.5,-207670,-13.8,-113,-2.6,20,2.5
"US000","3","4855","16","0","2025","1","N",3,0,0,0,0,0,0,0,"N",1.00,0,0,0,0,0,0,0,"N",0,0.0,0,0,0,0,0,0,0,0,0,0,0,0,0,0
"US000","3","48551","17","0","2025","1","N",3,0,0,0,0,0,0,0,"N",1.00,0,0,0,0,0,0,0,"N",0,0.0,0,0,0,0,0,0,0,0,0,0,0,0,0,0
"US000","3","485510","18","0","2025","1","N",3,0,0,0,0,0,0,0,"N",1.00,0,0,0,0,0,0,0,"N",0,0.0,0,0,0,0,0,0,0,0,0,0,0,0,0,0
"US000","3","4859","16","0","2025","1","",66,1425,1433,1431,18213414,4141541,66584,980,"",1.00,1.00,1.00,1.00,1.00,1.00,1.00,1.00,"",-4,-5.7,90,6.7,100,7.5,73,5.4,1945249,12.0,449633,12.2,9226,16.1,48,5.2
"US000","3","48599","17","0","2025","1","",66,1425,1433,1431,18213414,4141541,66584,980,"",1.00,1.00,1.00,1.00,1.00,1.00,1.00,1.00,"",-4,-5.7,90,6.7,100,7.5,73,5.4,1945249,12.0,449633,12.2,9226,16.1,48,5.2
"US000","3","485991","18","0","2025","1","",50,896,902,899,10821228,2545750,50189,926,"",1.00,1.00,1.00,1.00,1.00,1.00,1.00,1.00,"",-4,-7.4,18,2.1,32,3.7,10,1.1,581061,5.7,10821,0.4,3061,6.5,30,3.3
"US000","3","485999","18","0","2025","1","",16,529,531,532,7392186,1595791,16395,1072,"",1.00,1.00,1.00,1.00,1.00,1.00,1.00,1.00,"",0,0.0,72,15.8,68,14.7,63,13.4,1364188,22.6,438812,37.9,6165,60.3,71,7.1
"US000","3","486","15","0","2025","1","",19,869,861,864,18492494,383065,1648,1645,"",1.00,1.00,1.00,1.00,1.00,1.00,1.00,1.00,"",0,0.0,11,1.3,2,0.2,-1,-0.1,1224976,7.1,13684,3.7,-40,-2.4,102,6.6
"US000","3","4862","16","0","2025","1","",19,869,861,864,18492494,383065,1648,1645,"",1.00,1.00,1.00,1.00,1.00,1.00,1.00,1.00,"",0,0.0,11,1.3,2,0.2,-1,-0.1,1224976,7.1,13684,3.7,-40,-2.4,102,6.6
"US000","3","48621","17","0","2025","1","",19,869,861,864,18492494,383065,1648,1645,"",1.00,1.00,1.00,1.00,1.00,1.00,1.00,1.00,"",0,0.0,11,1.3,2,0.2,-1,-0.1,1224976,7.1,13684,3.7,-40,-2.4,102,6.6
"US000","3","486210","18","0","2025","1","",19,869,861,864,18492494,383065,1648,1645,"",1.00,1.00,1.00,1.00,1.00,1.00,1.00,1.00,"",0,0.0,11,1.3,2,0.2,-1,-0.1,1224976,7.1,13684,3.7,-40,-2.4,102,6.6
"US000","3","487","15","0","2025","1","",18,635,638,647,8569825,209728,3565,1030,"",1.00,1.00,1.00,1.00,1.00,1.00,1.00,1.00,"",-2,-10.0,-10,-1.6,-9,-1.4,15,2.4,182864,2.2,32316,18.2,190,5.6,24,2.4
"US000","3","4871","16","0","2025","1","N",14,0,0,0,0,0,0,0,"N",1.00,0,0,0,0,0,0,0,"N",-2,-12.5,0,0,0,0,0,0,0,0,0,0,0,0,0,0
"US000","3","48711","17","0","2025","1","N",14,0,0,0,0,0,0,0,"N",1.00,0,0,0,0,0,0,0,"N",-2,-12.5,0,0,0,0,0,0,0,0,0,0,0,0,0,0
"US000","3","487110","18","0","2025","1","N",14,0,0,0,0,0,0,0,"N",1.00,0,0,0,0,0,0,0,"N",-2,-12.5,0,0,0,0,0,0,0,0,0,0,0,0,0,0
"US000","3","4872","16","0","2025","1","N",3,0,0,0,0,0,0,0,"N",1.00,0,0,0,0,0,0,0,"N",0,0.0,0,0,0,0,0,0,0,0,0,0,0,0,0,0
"US000","3","48721","17","0","2025","1","N",3,0,0,0,0,0,0,0,"N",1.00,0,0,0,0,0,0,0,"N",0,0.0,0,0,0,0,0,0,0,0,0,0,0,0,0,0
"US000","3","487210","18","0","2025","1","N",3,0,0,0,0,0,0,0,"N",1.00,0,0,0,0,0,0,0,"N",0,0.0,0,0,0,0,0,0,0,0,0,0,0,0,0,0
"US000","3","4879","16","0","2025","1","",1,75,73,75,1551317,0,0,1605,"",1.00,1.00,1.00,1.00,1.00,0.00,0.00,1.00,"",0,0.0,-1,-1.3,-2,-2.7,-3,-3.8,86316,5.9,0,0.0,0,0.0,129,8.7
"US000","3","48799","17","0","2025","1","",1,75,73,75,1551317,0,0,1605,"",1.00,1.00,1.00,1.00,1.00,0.00,0.00,1.00,"",0,0.0,-1,-1.3,-2,-2.7,-3,-3.8,86316,5.9,0,0.0,0,0.0,129,8.7
"US000","3","487990","18","0","2025","1","",1,75,73,75,1551317,0,0,1605,"",1.00,1.00,1.00,1.00,1.00,0.00,0.00,1.00,"",0,0.0,-1,-1.3,-2,-2.7,-3,-3.8,86316,5.9,0,0.0,0,0.0,129,8.7
"US000","3","488","15","0","2025","1","",864,50477,50755,50728,1232671723,65999206,853611,1872,"",1.00,1.00,1.00,1.00,1.00,1.00,1.00,1.00,"",2,0.2,2593,5.4,2622,5.4,2359,4.9,109087844,9.7,2600082,4.1,192488,29.1,76,4.2
"US000","3","4881","16","0","2025","1","",595,36343,36536,36412,842138695,40733605,605981,1778,"",1.00,1.00,1.00,1.00,1.00,1.00,1.00,1.00,"",4,0.7,1960,5.7,1933,5.6,1666,4.8,79009192,10.4,2450100,6.4,189388,45.5,80,4.7
"US000","3","48811","17","0","2025","1","N",588,0,0,0,0,0,0,0,"N",1.00,0,0,0,0,0,0,0,"N",4,0.7,0,0,0,0,0,0,0,0,0,0,0,0,0,0
"US000","3","488111","18","0","2025","1","N",33,0,0,0,0,0,0,0,"N",1.00,0,0,0,0,0,0,0,"N",0,0.0,0,0,0,0,0,0,0,0,0,0,0,0,0,0
"US000","3","488119","18","0","2025","1","",555,34744,34939,34809,804871590,40156739,592405,1778,"",1.00,1.00,1.00,1.00,1.00,1.00,1.00,1.00,"",4,0.7,1821,5.5,1814,5.5,1541,4.6,74544204,10.2,2386949,6.3,187463,46.3,81,4.8
"US000","3","48819","17","0","2025","1","N",7,0,0,0,0,0,0,0,"N",1.00,0,0,0,0,0,0,0,"N",0,0.0,0,0,0,0,0,0,0,0,0,0,0,0,0,0
"US000","3","488190","18","0","2025","1","N",7,0,0,0,0,0,0,0,"N",1.00,0,0,0,0,0,0,0,"N",0,0.0,0,0,0,0,0,0,0,0,0,0,0,0,0,0
"US000","3","4882","16","0","2025","1","N",6,0,0,0,0,0,0,0,"N",1.00,0,0,0,0,0,0,0,"N",0,0.0,0,0,0,0,0,0,0,0,0,0,0,0,0,0
"US000","3","48821","17","0","2025","1","N",6,0,0,0,0,0,0,0,"N",1.00,0,0,0,0,0,0,0,"N",0,0.0,0,0,0,0,0,0,0,0,0,0,0,0,0,0
"US000","3","488210","18","0","2025","1","N",6,0,0,0,0,0,0,0,"N",1.00,0,0,0,0,0,0,0,"N",0,0.0,0,0,0,0,0,0,0,0,0,0,0,0,0,0
"US000","3","4883","16","0","2025","1","",69,5312,5354,5388,155313061,9629087,120904,2233,"",1.00,1.00,1.00,1.00,1.00,1.00,1.00,1.00,"",0,0.0,380,7.7,432,8.8,403,8.1,10490620,7.2,347701,3.7,-4674,-3.7,-19,-0.8
"US000","3","48831","17","0","2025","1","",50,4756,4783,4807,136062916,8785759,106398,2189,"",1.00,1.00,1.00,1.00,1.00,1.00,1.00,1.00,"",-1,-2.0,344,7.8,340,7.7,350,7.9,6460007,5.0,283460,3.3,-8832,-7.7,-58,-2.6
"US000","3","488310","18","0","2025","1","",50,4756,4783,4807,136062916,8785759,106398,2189,"",1.00,1.00,1.00,1.00,1.00,1.00,1.00,1.00,"",-1,-2.0,344,7.8,340,7.7,350,7.9,6460007,5.0,283460,3.3,-8832,-7.7,-58,-2.6
"US000","3","48832","17","0","2025","1","",14,338,355,364,12162109,467198,4727,2655,"",1.00,1.00,1.00,1.00,1.00,1.00,1.00,1.00,"",1,7.7,29,9.4,81,29.6,39,12.0,2539561,26.4,13580,3.0,-88,-1.8,209,8.5
"US000","3","488320","18","0","2025","1","",14,338,355,364,12162109,467198,4727,2655,"",1.00,1.00,1.00,1.00,1.00,1.00,1.00,1.00,"",1,7.7,29,9.4,81,29.6,39,12.0,2539561,26.4,13580,3.0,-88,-1.8,209,8.5
"US000","3","48833","17","0","2025","1","N",2,0,0,0,0,0,0,0,"N",1.00,0,0,0,0,0,0,0,"N",0,0.0,0,0,0,0,0,0,0,0,0,0,0,0,0,0
"US000","3","488330","18","0","2025","1","N",2,0,0,0,0,0,0,0,"N",1.00,0,0,0,0,0,0,0,"N",0,0.0,0,0,0,0,0,0,0,0,0,0,0,0,0,0
"US000","3","48839","17","0","2025","1","N",3,0,0,0,0,0,0,0,"N",1.00,0,0,0,0,0,0,0,"N",0,0.0,0,0,0,0,0,0,0,0,0,0,0,0,0,0
"US000","3","488390","18","0","2025","1","N",3,0,0,0,0,0,0,0,"N",1.00,0,0,0,0,0,0,0,"N",0,0.0,0,0,0,0,0,0,0,0,0,0,0,0,0,0
"US000","3","4884","16","0","2025","1","",143,4566,4584,4593,108024044,12765422,119501,1814,"",1.00,1.00,1.00,1.00,1.00,1.00,1.00,1.00,"",0,0.0,-189,-4.0,-130,-2.8,-141,-3.0,3978695,3.8,-374971,-2.9,8812,8.0,123,7.3
"US000","3","48841","17","0","2025","1","N",2,0,0,0,0,0,0,0,"N",1.00,0,0,0,0,0,0,0,"N",0,0.0,0,0,0,0,0,0,0,0,0,0,0,0,0,0
"US000","3","488410","18","0","2025","1","N",2,0,0,0,0,0,0,0,"N",1.00,0,0,0,0,0,0,0,"N",0,0.0,0,0,0,0,0,0,0,0,0,0,0,0,0,0
"US000","3","48849","17","0","2025","1","N",141,0,0,0,0,0,0,0,"N",1.00,0,0,0,0,0,0,0,"N",0,0.0,0,0,0,0,0,0,0,0,0,0,0,0,0,0
"US000","3","488490","18","0","2025","1","N",141,0,0,0,0,0,0,0,"N",1.00,0,0,0,0,0,0,0,"N",0,0.0,0,0,0,0,0,0,0,0,0,0,0,0,0,0
"US000","3","4885","16","0","2025","1","N",1,0,0,0,0,0,0,0,"N",1.00,0,0,0,0,0,0,0,"N",-1,-50.0,0,0,0,0,0,0,0,0,0,0,0,0,0,0
"US000","3","48851","17","0","2025","1","N",1,0,0,0,0,0,0,0,"N",1.00,0,0,0,0,0,0,0,"N",-1,-50.0,0,0,0,0,0,0,0,0,0,0,0,0,0,0
"US000","3","488510","18","0","2025","1","N",1,0,0,0,0,0,0,0,"N",1.00,0,0,0,0,0,0,0,"N",-1,-50.0,0,0,0,0,0,0,0,0,0,0,0,0,0,0
"US000","3","4889","16","0","2025","1","",50,3093,3116,3142,93813718,1010774,5155,2315,"",1.00,1.00,1.00,1.00,1.00,1.00,1.00,1.00,"",-1,-2.0,172,5.9,145,4.9,204,6.9,8303819,9.7,123777,14.0,-522,-9.2,80,3.6
"US000","3","48899","17","0","2025","1","",50,3093,3116,3142,93813718,1010774,5155,2315,"",1.00,1.00,1.00,1.00,1.00,1.00,1.00,1.00,"",-1,-2.0,172,5.9,145,4.9,204,6.9,8303819,9.7,123777,14.0,-522,-9.2,80,3.6
"US000","3","488999","18","0","2025","1","",50,3093,3116,3142,93813718,1010774,5155,2315,"",1.00,1.00,1.00,1.00,1.00,1.00,1.00,1.00,"",-1,-2.0,172,5.9,145,4.9,204,6.9,8303819,9.7,123777,14.0,-522,-9.2,80,3.6
"US000","3","492","15","0","2025","1","N",3,0,0,0,0,0,0,0,"N",1.00,0,0,0,0,0,0,0,"N",0,0.0,0,0,0,0,0,0,0,0,0,0,0,0,0,0
"US000","3","4921","16","0","2025","1","N",2,0,0,0,0,0,0,0,"N",1.00,0,0,0,0,0,0,0,"N",0,0.0,0,0,0,0,0,0,0,0,0,0,0,0,0,0
"US000","3","49211","17","0","2025","1","N",2,0,0,0,0,0,0,0,"N",1.00,0,0,0,0,0,0,0,"N",0,0.0,0,0,0,0,0,0,0,0,0,0,0,0,0,0
"US000","3","492110","18","0","2025","1","N",2,0,0,0,0,0,0,0,"N",1.00,0,0,0,0,0,0,0,"N",0,0.0,0,0,0,0,0,0,0,0,0,0,0,0,0,0
"US000","3","4922","16","0","2025","1","N",1,0,0,0,0,0,0,0,"N",1.00,0,0,0,0,0,0,0,"N",0,0.0,0,0,0,0,0,0,0,0,0,0,0,0,0,0
"US000","3","49221","17","0","2025","1","N",1,0,0,0,0,0,0,0,"N",1.00,0,0,0,0,0,0,0,"N",0,0.0,0,0,0,0,0,0,0,0,0,0,0,0,0,0
"US000","3","492210","18","0","2025","1","N",1,0,0,0,0,0,0,0,"N",1.00,0,0,0,0,0,0,0,"N",0,0.0,0,0,0,0,0,0,0,0,0,0,0,0,0,0
"US000","3","493","15","0","2025","1","",249,8645,8723,8772,150033854,1001144,5463,1325,"",1.00,1.00,1.00,1.00,1.00,1.00,1.00,1.00,"",0,0.0,491,6.0,432,5.2,450,5.4,13320057,9.7,-32654,-3.2,-2304,-29.7,51,4.0
"US000","3","4931","16","0","2025","1","",249,8645,8723,8772,150033854,1001144,5463,1325,"",1.00,1.00,1.00,1.00,1.00,1.00,1.00,1.00,"",0,0.0,491,6.0,432,5.2,450,5.4,13320057,9.7,-32654,-3.2,-2304,-29.7,51,4.0
"US000","3","49311","17","0","2025","1","",233,8408,8486,8529,145992038,878014,4793,1325,"",1.00,1.00,1.00,1.00,1.00,1.00,1.00,1.00,"",1,0.4,497,6.3,446,5.5,457,5.7,13348833,10.1,-44582,-4.8,-2823,-37.1,51,4.0
"US000","3","493110","18","0","2025","1","",233,8408,8486,8529,145992038,878014,4793,1325,"",1.00,1.00,1.00,1.00,1.00,1.00,1.00,1.00,"",1,0.4,497,6.3,446,5.5,457,5.7,13348833,10.1,-44582,-4.8,-2823,-37.1,51,4.0
"US000","3","49312","17","0","2025","1","",1,13,13,13,168659,0,0,998,"",1.00,1.00,1.00,1.00,1.00,0.00,0.00,1.00,"",0,0.0,2,18.2,2,18.2,2,18.2,15839,10.4,0,0.0,0,0.0,-71,-6.6
"US000","3","493120","18","0","2025","1","",1,13,13,13,168659,0,0,998,"",1.00,1.00,1.00,1.00,1.00,0.00,0.00,1.00,"",0,0.0,2,18.2,2,18.2,2,18.2,15839,10.4,0,0.0,0,0.0,-71,-6.6
"US000","3","49319","17","0","2025","1","",15,224,224,230,3873157,123130,670,1318,"",1.00,1.00,1.00,1.00,1.00,1.00,1.00,1.00,"",-1,-6.2,-8,-3.4,-16,-6.7,-9,-3.8,-44615,-1.1,11928,10.7,519,343.7,46,3.6
"US000","3","493190","18","0","2025","1","",15,224,224,230,3873157,123130,670,1318,"",1.00,1.00,1.00,1.00,1.00,1.00,1.00,1.00,"",-1,-6.2,-8,-3.4,-16,-6.7,-9,-3.8,-44615,-1.1,11928,10.7,519,343.7,46,3.6
"US000","3","51","14","0","2025","1","",5197,126100,126253,126534,1389053865,126555665,804630,846,"",1.00,1.00,1.00,1.00,1.00,1.00,1.00,1.00,"",63,1.2,1001,0.8,977,0.8,653,0.5,47049280,3.5,6794541,5.7,-15805,-1.9,23,2.8
"US000","3","512","15","0","2025","1","",7,92,96,98,673492,74726,1308,543,"",1.00,1.00,1.00,1.00,1.00,1.00,1.00,1.00,"",0,0.0,11,13.6,14,17.1,15,18.1,103996,18.3,16760,28.9,293,28.9,9,1.7
"US000","3","5121","16","0","2025","1","",7,92,96,98,673492,74726,1308,543,"",1.00,1.00,1.00,1.00,1.00,1.00,1.00,1.00,"",0,0.0,11,13.6,14,17.1,15,18.1,103996,18.3,16760,28.9,293,28.9,9,1.7
"US000","3","51211","17","0","2025","1","",3,18,19,21,336080,0,0,1337,"",1.00,1.00,1.00,1.00,1.00,0.00,0.00,1.00,"",0,0.0,0,0.0,0,0.0,2,10.5,12029,3.7,0,0.0,0,0.0,2,0.1
"US000","3","512110","18","0","2025","1","",3,18,19,21,336080,0,0,1337,"",1.00,1.00,1.00,1.00,1.00,0.00,0.00,1.00,"",0,0.0,0,0.0,0,0.0,2,10.5,12029,3.7,0,0.0,0,0.0,2,0.1
"US000","3","51213","17","0","2025","1","",4,74,77,77,337412,74726,1308,342,"",1.00,1.00,1.00,1.00,1.00,1.00,1.00,1.00,"",0,0.0,11,17.5,14,22.2,13,20.3,91967,37.5,16760,28.9,293,28.9,44,14.8
"US000","3","512131","18","0","2025","1","",4,74,77,77,337412,74726,1308,342,"",1.00,1.00,1.00,1.00,1.00,1.00,1.00,1.00,"",0,0.0,11,17.5,14,22.2,13,20.3,91967,37.5,16760,28.9,293,28.9,44,14.8
"US000","3","513","15","0","2025","1","",5,65,64,66,1115988,210431,453,1321,"",1.00,1.00,1.00,1.00,1.00,1.00,1.00,1.00,"",0,0.0,-2,-3.0,-3,-4.5,0,0.0,-29655,-2.6,-3643,-1.7,327,259.5,-1,-0.1
"US000","3","5131","16","0","2025","1","N",4,0,0,0,0,0,0,0,"N",1.00,0,0,0,0,0,0,0,"N",0,0.0,0,0,0,0,0,0,0,0,0,0,0,0,0,0
"US000","3","51311","17","0","2025","1","",1,8,7,8,60439,60439,48,606,"",1.00,1.00,1.00,1.00,1.00,1.00,1.00,1.00,"",0,0.0,1,14.3,0,0.0,2,33.3,-3415,-5.3,-3415,-5.3,-3,-5.9,-131,-17.8
"US000","3","513110","18","0","2025","1","",1,8,7,8,60439,60439,48,606,"",1.00,1.00,1.00,1.00,1.00,1.00,1.00,1.00,"",0,0.0,1,14.3,0,0.0,2,33.3,-3415,-5.3,-3415,-5.3,-3,-5.9,-131,-17.8
"US000","3","51312","17","0","2025","1","N",2,0,0,0,0,0,0,0,"N",1.00,0,0,0,0,0,0,0,"N",0,0.0,0,0,0,0,0,0,0,0,0,0,0,0,0,0
"US000","3","513120","18","0","2025","1","N",2,0,0,0,0,0,0,0,"N",1.00,0,0,0,0,0,0,0,"N",0,0.0,0,0,0,0,0,0,0,0,0,0,0,0,0,0
"US000","3","51319","17","0","2025","1","N",1,0,0,0,0,0,0,0,"N",1.00,0,0,0,0,0,0,0,"N",0,0.0,0,0,0,0,0,0,0,0,0,0,0,0,0,0
"US000","3","513199","18","0","2025","1","N",1,0,0,0,0,0,0,0,"N",1.00,0,0,0,0,0,0,0,"N",0,0.0,0,0,0,0,0,0,0,0,0,0,0,0,0,0
"US000","3","5132","16","0","2025","1","N",1,0,0,0,0,0,0,0,"N",1.00,0,0,0,0,0,0,0,"N",0,0.0,0,0,0,0,0,0,0,0,0,0,0,0,0,0
"US000","3","51321","17","0","2025","1","N",1,0,0,0,0,0,0,0,"N",1.00,0,0,0,0,0,0,0,"N",0,0.0,0,0,0,0,0,0,0,0,0,0,0,0,0,0
"US000","3","513210","18","0","2025","1","N",1,0,0,0,0,0,0,0,"N",1.00,0,0,0,0,0,0,0,"N",0,0.0,0,0,0,0,0,0,0,0,0,0,0,0,0,0
"US000","3","516","15","0","2025","1","",31,187,195,185,2035472,131254,430,828,"",1.00,1.00,1.00,1.00,1.00,1.00,1.00,1.00,"",0,0.0,8,4.5,18,10.2,13,7.6,103163,5.3,15892,13.8,-43,-9.1,-17,-2.0
"US000","3","5161","16","0","2025","1","",10,67,71,69,427997,109620,408,477,"",1.00,1.00,1.00,1.00,1.00,1.00,1.00,1.00,"",0,0.0,9,15.5,14,24.6,9,15.0,-411,-0.1,-238,-0.2,-59,-12.6,-88,-15.6
"US000","3","51611","17","0","2025","1","N",5,0,0,0,0,0,0,0,"N",1.00,0,0,0,0,0,0,0,"N",0,0.0,0,0,0,0,0,0,0,0,0,0,0,0,0,0
"US000","3","516110","18","0","2025","1","N",5,0,0,0,0,0,0,0,"N",1.00,0,0,0,0,0,0,0,"N",0,0.0,0,0,0,0,0,0,0,0,0,0,0,0,0,0
"US000","3","51612","17","0","2025","1","N",5,0,0,0,0,0,0,0,"N",1.00,0,0,0,0,0,0,0,"N",0,0.0,0,0,0,0,0,0,0,0,0,0,0,0,0,0
"US000","3","516120","18","0","2025","1","N",5,0,0,0,0,0,0,0,"N",1.00,0,0,0,0,0,0,0,"N",0,0.0,0,0,0,0,0,0,0,0,0,0,0,0,0,0
"US000","3","5162","16","0","2025","1","",21,120,124,116,1607475,21634,22,1030,"",1.00,1.00,1.00,1.00,1.00,1.00,1.00,1.00,"",0,0.0,-1,-0.8,4,3.3,4,3.6,103574,6.9,16130,293.1,16,266.7,47,4.8
"US000","3","51621","17","0","2025","1","",21,120,124,116,1607475,21634,22,1030,"",1.00,1.00,1.00,1.00,1.00,1.00,1.00,1.00,"",0,0.0,-1,-0.8,4,3.3,4,3.6,103574,6.9,16130,293.1,16,266.7,47,4.8
"US000","3","516210","18","0","2025","1","",21,120,124,116,1607475,21634,22,1030,"",1.00,1.00,1.00,1.00,1.00,1.00,1.00,1.00,"",0,0.0,-1,-0.8,4,3.3,4,3.6,103574,6.9,16130,293.1,16,266.7,47,4.8
"US000","3","517","15","0","2025","1","",50,956,958,955,18639323,6381066,35515,1499,"",1.00,1.00,1.00,1.00,1.00,1.00,1.00,1.00,"",1,2.0,28,3.0,28,3.0,35,3.8,982513,5.6,238115,3.9,901,2.6,32,2.2
"US000","3","5171","16","0","2025","1","",44,848,846,845,17266783,5661800,29694,1569,"",1.00,1.00,1.00,1.00,1.00,1.00,1.00,1.00,"",1,2.3,26,3.2,25,3.0,32,3.9,911944,5.6,224558,4.1,878,3.0,32,2.1
"US000","3","51711","17","0","2025","1","",40,811,810,809,16773548,5268595,29474,1593,"",1.00,1.00,1.00,1.00,1.00,1.00,1.00,1.00,"",1,2.6,22,2.8,22,2.8,27,3.5,870552,5.5,173505,3.4,1001,3.5,37,2.4
"US000","3","517111","18","0","2025","1","",24,486,483,485,9873264,455541,6326,1567,"",1.00,1.00,1.00,1.00,1.00,1.00,1.00,1.00,"",1,4.3,8,1.7,11,2.3,16,3.4,615509,6.6,44818,10.9,634,11.1,61,4.1
"US000","3","517112","18","0","2025","1","",16,325,327,324,6900284,4813054,23148,1632,"",1.00,1.00,1.00,1.00,1.00,1.00,1.00,1.00,"",0,0.0,14,4.5,11,3.5,11,3.5,255043,3.8,128687,2.7,367,1.6,1,0.1
"US000","3","51712","17","0","2025","1","",4,37,36,36,493235,393205,220,1044,"",1.00,1.00,1.00,1.00,1.00,1.00,1.00,1.00,"",0,0.0,4,12.1,3,9.1,5,16.1,41392,9.2,51053,14.9,-123,-35.9,-31,-2.9
"US000","3","517121","18","0","2025","1","",4,37,36,36,493235,393205,220,1044,"",1.00,1.00,1.00,1.00,1.00,1.00,1.00,1.00,"",0,0.0,4,12.1,3,9.1,5,16.1,41392,9.2,51053,14.9,-123,-35.9,-31,-2.9
"US000","3","5174","16","0","2025","1","",2,17,21,19,192778,149814,387,780,"",1.00,1.00,1.00,1.00,1.00,1.00,1.00,1.00,"",0,0.0,2,13.3,4,23.5,3,18.8,38963,25.3,18004,13.7,51,15.2,41,5.5
"US000","3","51741","17","0","2025","1","",2,17,21,19,192778,149814,387,780,"",1.00,1.00,1.00,1.00,1.00,1.00,1.00,1.00,"",0,0.0,2,13.3,4,23.5,3,18.8,38963,25.3,18004,13.7,51,15.2,41,5.5
"US000","3","517410","18","0","2025","1","",2,17,21,19,192778,149814,387,780,"",1.00,1.00,1.00,1.00,1.00,1.00,1.00,1.00,"",0,0.0,2,13.3,4,23.5,3,18.8,38963,25.3,18004,13.7,51,15.2,41,5.5
"US000","3","5178","16","0","2025","1","",4,91,91,91,1179762,569452,5434,997,"",1.00,1.00,1.00,1.00,1.00,1.00,1.00,1.00,"",0,0.0,0,0.0,-1,-1.1,0,0.0,31606,2.8,-4447,-0.8,-28,-0.5,30,3.1
"US000","3","51781","17","0","2025","1","",4,91,91,91,1179762,569452,5434,997,"",1.00,1.00,1.00,1.00,1.00,1.00,1.00,1.00,"",0,0.0,0,0.0,-1,-1.1,0,0.0,31606,2.8,-4447,-0.8,-28,-0.5,30,3.1
"US000","3","517810","18","0","2025","1","",4,91,91,91,1179762,569452,5434,997,"",1.00,1.00,1.00,1.00,1.00,1.00,1.00,1.00,"",0,0.0,0,0.0,-1,-1.1,0,0.0,31606,2.8,-4447,-0.8,-28,-0.5,30,3.1
"US000","3","518","15","0","2025","1","",96,1929,1955,1953,42742387,871597,2190,1690,"",1.00,1.00,1.00,1.00,1.00,1.00,1.00,1.00,"",-1,-1.0,-890,-31.6,-891,-31.3,-926,-32.2,-21491791,-33.5,-43393,-4.7,33,1.5,-45,-2.6
"US000","3","5182","16","0","2025","1","",96,1929,1955,1953,42742387,871597,2190,1690,"",1.00,1.00,1.00,1.00,1.00,1.00,1.00,1.00,"",-1,-1.0,-890,-31.6,-891,-31.3,-926,-32.2,-21491791,-33.5,-43393,-4.7,33,1.5,-45,-2.6
"US000","3","51821","17","0","2025","1","",96,1929,1955,1953,42742387,871597,2190,1690,"",1.00,1.00,1.00,1.00,1.00,1.00,1.00,1.00,"",-1,-1.0,-890,-31.6,-891,-31.3,-926,-32.2,-21491791,-33.5,-43393,-4.7,33,1.5,-45,-2.6
"US000","3","518210","18","0","2025","1","",96,1929,1955,1953,42742387,871597,2190,1690,"",1.00,1.00,1.00,1.00,1.00,1.00,1.00,1.00,"",-1,-1.0,-890,-31.6,-891,-31.3,-926,-32.2,-21491791,-33.5,-43393,-4.7,33,1.5,-45,-2.6
"US000","3","519","15","0","2025","1","",5008,122871,122985,123277,1323847203,118886591,764734,828,"",1.00,1.00,1.00,1.00,1.00,1.00,1.00,1.00,"",63,1.3,1846,1.5,1811,1.5,1516,1.2,67381054,5.4,6570810,5.9,-17316,-2.2,31,3.9
"US000","3","5192","16","0","2025","1","",5008,122871,122985,123277,1323847203,118886591,764734,828,"",1.00,1.00,1.00,1.00,1.00,1.00,1.00,1.00,"",63,1.3,1846,1.5,1811,1.5,1516,1.2,67381054,5.4,6570810,5.9,-17316,-2.2,31,3.9
"US000","3","51921","17","0","2025","1","N",5005,0,0,0,0,0,0,0,"N",1.00,0,0,0,0,0,0,0,"N",63,1.3,0,0,0,0,0,0,0,0,0,0,0,0,0,0
"US000","3","519210","18","0","2025","1","N",5005,0,0,0,0,0,0,0,"N",1.00,0,0,0,0,0,0,0,"N",63,1.3,0,0,0,0,0,0,0,0,0,0,0,0,0,0
"US000","3","51929","17","0","2025","1","N",3,0,0,0,0,0,0,0,"N",1.00,0,0,0,0,0,0,0,"N",0,0.0,0,0,0,0,0,0,0,0,0,0,0,0,0,0
"US000","3","519290","18","0","2025","1","N",3,0,0,0,0,0,0,0,"N",1.00,0,0,0,0,0,0,0,"N",0,0.0,0,0,0,0,0,0,0,0,0,0,0,0,0,0
"US000","3","52","14","0","2025","1","",205,12907,12910,12914,344035732,70304651,1292980,2050,"",1.00,1.00,1.00,1.00,1.00,1.00,1.00,1.00,"",2,1.0,734,6.0,625,5.1,632,5.1,29265692,9.3,5114853,7.8,155871,13.7,73,3.7
"US000","3","522","15","0","2025","1","",50,1536,1523,1527,36300047,9840665,113774,1827,"",1.00,1.00,1.00,1.00,1.00,1.00,1.00,1.00,"",0,0.0,77,5.3,62,4.2,69,4.7,2323481,6.8,1205239,14.0,18084,18.9,36,2.0
"US000","3","5221","16","0","2025","1","N",7,0,0,0,0,0,0,0,"N",1.00,0,0,0,0,0,0,0,"N",0,0.0,0,0,0,0,0,0,0,0,0,0,0,0,0,0
"US000","3","52211","17","0","2025","1","",1,19,18,19,327765,327765,3278,1351,"",1.00,1.00,1.00,1.00,1.00,1.00,1.00,1.00,"",0,0.0,0,0.0,-2,-10.0,0,0.0,19800,6.4,19800,6.4,814,33.0,126,10.3
"US000","3","522110","18","0","2025","1","",1,19,18,19,327765,327765,3278,1351,"",1.00,1.00,1.00,1.00,1.00,1.00,1.00,1.00,"",0,0.0,0,0.0,-2,-10.0,0,0.0,19800,6.4,19800,6.4,814,33.0,126,10.3
"US000","3","52213","17","0","2025","1","N",6,0,0,0,0,0,0,0,"N",1.00,0,0,0,0,0,0,0,"N",0,0.0,0,0,0,0,0,0,0,0,0,0,0,0,0,0
"US000","3","522130","18","0","2025","1","N",6,0,0,0,0,0,0,0,"N",1.00,0,0,0,0,0,0,0,"N",0,0.0,0,0,0,0,0,0,0,0,0,0,0,0,0,0
"US000","3","5222","16","0","2025","1","",37,1444,1432,1435,34290786,8934406,100034,1836,"",1.00,1.00,1.00,1.00,1.00,1.00,1.00,1.00,"",0,0.0,50,3.6,38,2.7,42,3.0,1266768,3.8,904663,11.3,10472,11.7,13,0.7
"US000","3","52222","17","0","2025","1","N",1,0,0,0,0,0,0,0,"N",1.00,0,0,0,0,0,0,0,"N",0,0.0,0,0,0,0,0,0,0,0,0,0,0,0,0,0
"US000","3","522220","18","0","2025","1","N",1,0,0,0,0,0,0,0,"N",1.00,0,0,0,0,0,0,0,"N",0,0.0,0,0,0,0,0,0,0,0,0,0,0,0,0,0
"US000","3","52229","17","0","2025","1","N",36,0,0,0,0,0,0,0,"N",1.00,0,0,0,0,0,0,0,"N",0,0.0,0,0,0,0,0,0,0,0,0,0,0,0,0,0
"US000","3","522291","18","0","2025","1","N",26,0,0,0,0,0,0,0,"N",1.00,0,0,0,0,0,0,0,"N",0,0.0,0,0,0,0,0,0,0,0,0,0,0,0,0,0
"US000","3","522292","18","0","2025","1","",9,924,920,921,25934734,4955690,39660,2165,"",1.00,1.00,1.00,1.00,1.00,1.00,1.00,1.00,"",0,0.0,16,1.8,11,1.2,18,2.0,1082925,4.4,115232,2.4,6373,19.1,57,2.7
"US000","3","522299","18","0","2025","1","",1,1,1,1,48377,0,0,3721,"",1.00,1.00,1.00,1.00,1.00,0.00,0.00,1.00,"",0,0.0,0,0.0,0,0.0,0,0.0,782,1.6,0,0.0,0,0.0,60,1.6
"US000","3","5223","16","0","2025","1","N",6,0,0,0,0,0,0,0,"N",1.00,0,0,0,0,0,0,0,"N",0,0.0,0,0,0,0,0,0,0,0,0,0,0,0,0,0
"US000","3","52231","17","0","2025","1","N",2,0,0,0,0,0,0,0,"N",1.00,0,0,0,0,0,0,0,"N",0,0.0,0,0,0,0,0,0,0,0,0,0,0,0,0,0
"US000","3","522310","18","0","2025","1","N",2,0,0,0,0,0,0,0,"N",1.00,0,0,0,0,0,0,0,"N",0,0.0,0,0,0,0,0,0,0,0,0,0,0,0,0,0
"US000","3","52232","17","0","2025","1","",1,4,4,4,42014,0,0,808,"",1.00,1.00,1.00,1.00,1.00,0.00,0.00,1.00,"",0,0.0,0,0.0,0,0.0,0,0.0,-7492,-15.1,0,0.0,0,0.0,-144,-15.1
"US000","3","522320","18","0","2025","1","",1,4,4,4,42014,0,0,808,"",1.00,1.00,1.00,1.00,1.00,0.00,0.00,1.00,"",0,0.0,0,0.0,0,0.0,0,0.0,-7492,-15.1,0,0.0,0,0.0,-144,-15.1
"US000","3","52239","17","0","2025","1","",3,6,6,7,124570,105954,1596,1513,"",1.00,1.00,1.00,1.00,1.00,1.00,1.00,1.00,"",0,0.0,-8,-57.1,-9,-60.0,-7,-50.0,-10496,-7.8,-17782,-14.4,-324,-16.9,788,108.7
"US000","3","522390","18","0","2025","1","",3,6,6,7,124570,105954,1596,1513,"",1.00,1.00,1.00,1.00,1.00,1.00,1.00,1.00,"",0,0.0,-8,-57.1,-9,-60.0,-7,-50.0,-10496,-7.8,-17782,-14.4,-324,-16.9,788,108.7
"US000","3","523","15","0","2025","1","",35,1096,1096,1101,41507859,22133414,85517,2909,"",1.00,1.00,1.00,1.00,1.00,1.00,1.00,1.00,"",0,0.0,34,3.2,21,2.0,26,2.4,3847076,10.2,1217866,5.8,3619,4.4,203,7.5
"US000","3","5231","16","0","2025","1","",6,22,22,22,611031,113200,458,2136,"",1.00,1.00,1.00,1.00,1.00,1.00,1.00,1.00,"",0,0.0,1,4.8,1,4.8,1,4.8,24010,4.1,9500,9.2,16,3.6,-14,-0.7
"US000","3","52315","17","0","2025","1","",5,21,21,21,571678,80000,348,2094,"",1.00,1.00,1.00,1.00,1.00,1.00,1.00,1.00,"",0,0.0,1,5.0,1,5.0,1,5.0,22136,4.0,8000,11.1,11,3.3,-20,-0.9
"US000","3","523150","18","0","2025","1","",5,21,21,21,571678,80000,348,2094,"",1.00,1.00,1.00,1.00,1.00,1.00,1.00,1.00,"",0,0.0,1,5.0,1,5.0,1,5.0,22136,4.0,8000,11.1,11,3.3,-20,-0.9
"US000","3","52316","17","0","2025","1","",1,1,1,1,39353,33200,110,3027,"",1.00,1.00,1.00,1.00,1.00,1.00,1.00,1.00,"",0,0.0,0,0.0,0,0.0,0,0.0,1874,5.0,1500,4.7,5,4.8,144,5.0
"US000","3","523160","18","0","2025","1","",1,1,1,1,39353,33200,110,3027,"",1.00,1.00,1.00,1.00,1.00,1.00,1.00,1.00,"",0,0.0,0,0.0,0,0.0,0,0.0,1874,5.0,1500,4.7,5,4.8,144,5.0
"US000","3","5239","16","0","2025","1","",29,1074,1074,1079,40896828,22020214,85059,2925,"",1.00,1.00,1.00,1.00,1.00,1.00,1.00,1.00,"",0,0.0,33,3.2,20,1.9,25,2.4,3823066,10.3,1208366,5.8,3603,4.4,208,7.7
"US000","3","52391","17","0","2025","1","",1,10,9,9,232715,64924,2337,1918,"",1.00,1.00,1.00,1.00,1.00,1.00,1.00,1.00,"",0,0.0,-1,-9.1,-2,-18.2,-2,-18.2,-1826,-0.8,-9233,-12.5,-333,-12.5,278,17.0
"US000","3","523910","18","0","2025","1","",1,10,9,9,232715,64924,2337,1918,"",1.00,1.00,1.00,1.00,1.00,1.00,1.00,1.00,"",0,0.0,-1,-9.1,-2,-18.2,-2,-18.2,-1826,-0.8,-9233,-12.5,-333,-12.5,278,17.0
"US000","3","52394","17","0","2025","1","",27,980,982,986,38839569,21955290,82722,3040,"",1.00,1.00,1.00,1.00,1.00,1.00,1.00,1.00,"",0,0.0,28,2.9,17,1.8,19,2.0,3603704,10.2,1217599,5.9,3936,5.0,221,7.8
"US000","3","523940","18","0","2025","1","",27,980,982,986,38839569,21955290,82722,3040,"",1.00,1.00,1.00,1.00,1.00,1.00,1.00,1.00,"",0,0.0,28,2.9,17,1.8,19,2.0,3603704,10.2,1217599,5.9,3936,5.0,221,7.8
"US000","3","52399","17","0","2025","1","",1,84,83,84,1824544,0,0,1677,"",1.00,1.00,1.00,1.00,1.00,0.00,0.00,1.00,"",0,0.0,6,7.7,5,6.4,8,10.5,221188,13.8,0,0.0,0,0.0,82,5.1
"US000","3","523991","18","0","2025","1","",1,84,83,84,1824544,0,0,1677,"",1.00,1.00,1.00,1.00,1.00,0.00,0.00,1.00,"",0,0.0,6,7.7,5,6.4,8,10.5,221188,13.8,0,0.0,0,0.0,82,5.1
"US000","3","524","15","0","2025","1","",95,10091,10107,10108,261557547,38020513,1089958,1992,"",1.00,1.00,1.00,1.00,1.00,1.00,1.00,1.00,"",2,2.2,621,6.6,531,5.5,526,5.5,22597494,9.5,2745195,7.8,133987,14.0,66,3.4
"US000","3","5241","16","0","2025","1","",46,8125,8131,8127,208498669,34012455,997255,1973,"",1.00,1.00,1.00,1.00,1.00,1.00,1.00,1.00,"",1,2.2,550,7.3,457,6.0,450,5.9,19741747,10.5,2366268,7.5,132724,15.4,73,3.8
"US000","3","52411","17","0","2025","1","",21,6552,6544,6541,159198537,33746987,995085,1871,"",1.00,1.00,1.00,1.00,1.00,1.00,1.00,1.00,"",0,0.0,494,8.2,390,6.3,391,6.4,14555969,10.1,2353157,7.5,132400,15.3,53,2.9
"US000","3","524113","18","0","2025","1","N",2,0,0,0,0,0,0,0,"N",1.00,0,0,0,0,0,0,0,"N",0,0.0,0,0,0,0,0,0,0,0,0,0,0,0,0,0
"US000","3","524114","18","0","2025","1","N",19,0,0,0,0,0,0,0,"N",1.00,0,0,0,0,0,0,0,"N",0,0.0,0,0,0,0,0,0,0,0,0,0,0,0,0,0
"US000","3","52412","17","0","2025","1","",24,1560,1575,1573,48905421,265468,2170,2397,"",1.00,1.00,1.00,1.00,1.00,1.00,1.00,1.00,"",1,4.3,56,3.7,68,4.5,59,3.9,5159910,11.8,13111,5.2,324,17.6,166,7.4
"US000","3","524126","18","0","2025","1","",23,1558,1572,1570,48746483,244468,1855,2393,"",1.00,1.00,1.00,1.00,1.00,1.00,1.00,1.00,"",1,4.5,60,4.0,70,4.7,61,4.0,5161498,11.8,13111,5.7,324,21.2,162,7.3
"US000","3","524128","18","0","2025","1","",1,2,3,3,158938,21000,315,4585,"",1.00,1.00,1.00,1.00,1.00,1.00,1.00,1.00,"",0,0.0,-4,-66.7,-2,-40.0,-2,-40.0,-1588,-1.0,0,0.0,0,0.0,2270,98.1
"US000","3","52413","17","0","2025","1","",1,13,12,13,394711,0,0,2397,"",1.00,1.00,1.00,1.00,1.00,0.00,0.00,1.00,"",0,0.0,0,0.0,-1,-7.7,0,0.0,25868,7.0,0,0.0,0,0.0,214,9.8
"US000","3","524130","18","0","2025","1","",1,13,12,13,394711,0,0,2397,"",1.00,1.00,1.00,1.00,1.00,0.00,0.00,1.00,"",0,0.0,0,0.0,-1,-7.7,0,0.0,25868,7.0,0,0.0,0,0.0,214,9.8
"US000","3","5242","16","0","2025","1","",49,1966,1976,1981,53058878,4008058,92703,2067,"",1.00,1.00,1.00,1.00,1.00,1.00,1.00,1.00,"",1,2.1,71,3.7,74,3.9,76,4.0,2855747,5.7,378927,10.4,1263,1.4,35,1.7
"US000","3","52421","17","0","2025","1","N",13,0,0,0,0,0,0,0,"N",1.00,0,0,0,0,0,0,0,"N",0,0.0,0,0,0,0,0,0,0,0,0,0,0,0,0,0
"US000","3","524210","18","0","2025","1","N",13,0,0,0,0,0,0,0,"N",1.00,0,0,0,0,0,0,0,"N",0,0.0,0,0,0,0,0,0,0,0,0,0,0,0,0,0
"US000","3","52429","17","0","2025","1","N",36,0,0,0,0,0,0,0,"N",1.00,0,0,0,0,0,0,0,"N",1,2.9,0,0,0,0,0,0,0,0,0,0,0,0,0,0
"US000","3","524291","18","0","2025","1","",8,221,223,226,6313106,295251,7896,2174,"",1.00,1.00,1.00,1.00,1.00,1.00,1.00,1.00,"",0,0.0,-15,-6.4,-7,-3.0,-9,-3.8,-1135779,-15.2,11070,3.9,742,10.4,-278,-11.3
"US000","3","524292","18","0","2025","1","",19,1230,1239,1246,34327217,2717117,78606,2132,"",1.00,1.00,1.00,1.00,1.00,1.00,1.00,1.00,"",1,5.6,79,6.9,79,6.8,84,7.2,3226049,10.4,87303,3.3,71,0.1,65,3.1
"US000","3","524298","18","0","2025","1","N",9,0,0,0,0,0,0,0,"N",1.00,0,0,0,0,0,0,0,"N",0,0.0,0,0,0,0,0,0,0,0,0,0,0,0,0,0
"US000","3","525","15","0","2025","1","",25,184,184,178,4670279,310059,3731,1974,"",1.00,1.00,1.00,1.00,1.00,1.00,1.00,1.00,"",0,0.0,2,1.1,11,6.4,11,6.6,497641,11.9,-53447,-14.7,181,5.1,129,7.0
"US000","3","5251","16","0","2025","1","N",23,0,0,0,0,0,0,0,"N",1.00,0,0,0,0,0,0,0,"N",0,0.0,0,0,0,0,0,0,0,0,0,0,0,0,0,0
"US000","3","52511","17","0","2025","1","",14,110,106,104,2423295,68083,68,1748,"",1.00,1.00,1.00,1.00,1.00,1.00,1.00,1.00,"",0,0.0,6,5.8,10,10.4,10,10.6,136885,6.0,-1131,-1.6,-1,-1.4,-47,-2.6
"US000","3","525110","18","0","2025","1","",14,110,106,104,2423295,68083,68,1748,"",1.00,1.00,1.00,1.00,1.00,1.00,1.00,1.00,"",0,0.0,6,5.8,10,10.4,10,10.6,136885,6.0,-1131,-1.6,-1,-1.4,-47,-2.6
"US000","3","52512","17","0","2025","1","N",3,0,0,0,0,0,0,0,"N",1.00,0,0,0,0,0,0,0,"N",0,0.0,0,0,0,0,0,0,0,0,0,0,0,0,0,0
"US000","3","525120","18","0","2025","1","N",3,0,0,0,0,0,0,0,"N",1.00,0,0,0,0,0,0,0,"N",0,0.0,0,0,0,0,0,0,0,0,0,0,0,0,0,0
"US000","3","52519","17","0","2025","1","N",6,0,0,0,0,0,0,0,"N",1.00,0,0,0,0,0,0,0,"N",0,0.0,0,0,0,0,0,0,0,0,0,0,0,0,0,0
"US000","3","525190","18","0","2025","1","N",6,0,0,0,0,0,0,0,"N",1.00,0,0,0,0,0,0,0,"N",0,0.0,0,0,0,0,0,0,0,0,0,0,0,0,0,0
"US000","3","5259","16","0","2025","1","N",2,0,0,0,0,0,0,0,"N",1.00,0,0,0,0,0,0,0,"N",0,0.0,0,0,0,0,0,0,0,0,0,0,0,0,0,0
"US000","3","52592","17","0","2025","1","N",2,0,0,0,0,0,0,0,"N",1.00,0,0,0,0,0,0,0,"N",0,0.0,0,0,0,0,0,0,0,0,0,0,0,0,0,0
"US000","3","525920","18","0","2025","1","N",2,0,0,0,0,0,0,0,"N",1.00,0,0,0,0,0,0,0,"N",0,0.0,0,0,0,0,0,0,0,0,0,0,0,0,0,0
"US000","3","53","14","0","2025","1","",1692,34972,35095,35162,539787592,182134647,1925342,1184,"",1.00,1.00,1.00,1.00,1.00,1.00,1.00,1.00,"",-11,-0.6,220,0.6,-485,-1.4,-127,-0.4,1630883,0.3,2784394,1.6,-192550,-9.1,8,0.7
"US000","3","531","15","0","2025","1","",1684,34606,34728,34790,535991200,182054390,1924837,1188,"",1.00,1.00,1.00,1.00,1.00,1.00,1.00,1.00,"",-12,-0.7,214,0.6,-495,-1.4,-131,-0.4,1674363,0.3,2792183,1.6,-192619,-9.1,8,0.7
"US000","3","5311","16","0","2025","1","",1179,27141,27307,27340,430904079,136367966,1508307,1216,"",1.00,1.00,1.00,1.00,1.00,1.00,1.00,1.00,"",-8,-0.7,160,0.6,-518,-1.9,-166,-0.6,-2384676,-0.6,2584881,1.9,-140089,-8.5,1,0.1
"US000","3","53111","17","0","2025","1","",1088,25027,25028,25012,396918258,123283423,1286623,1220,"",1.00,1.00,1.00,1.00,1.00,1.00,1.00,1.00,"",-10,-0.9,90,0.4,-544,-2.1,-204,-0.8,-5341528,-1.3,1671340,1.4,-117158,-8.3,-6,-0.5
"US000","3","531110","18","0","2025","1","",1088,25027,25028,25012,396918258,123283423,1286623,1220,"",1.00,1.00,1.00,1.00,1.00,1.00,1.00,1.00,"",-10,-0.9,90,0.4,-544,-2.1,-204,-0.8,-5341528,-1.3,1671340,1.4,-117158,-8.3,-6,-0.5
"US000","3","53112","17","0","2025","1","",81,2007,2174,2221,32306043,11982661,206154,1165,"",1.00,1.00,1.00,1.00,1.00,1.00,1.00,1.00,"",2,2.5,68,3.5,25,1.2,36,1.6,2868305,9.7,802473,7.2,-28262,-12.1,82,7.6
"US000","3","531120","18","0","2025","1","",81,2007,2174,2221,32306043,11982661,206154,1165,"",1.00,1.00,1.00,1.00,1.00,1.00,1.00,1.00,"",2,2.5,68,3.5,25,1.2,36,1.6,2868305,9.7,802473,7.2,-28262,-12.1,82,7.6
"US000","3","53119","17","0","2025","1","",10,107,105,107,1679778,1101882,15530,1215,"",1.00,1.00,1.00,1.00,1.00,1.00,1.00,1.00,"",0,0.0,2,1.9,1,1.0,2,1.9,88547,5.6,111068,11.2,5331,52.3,46,3.9
"US000","3","531190","18","0","2025","1","",10,107,105,107,1679778,1101882,15530,1215,"",1.00,1.00,1.00,1.00,1.00,1.00,1.00,1.00,"",0,0.0,2,1.9,1,1.0,2,1.9,88547,5.6,111068,11.2,5331,52.3,46,3.9
"US000","3","5312","16","0","2025","1","",52,521,521,555,7187637,1881233,17913,1039,"",1.00,1.00,1.00,1.00,1.00,1.00,1.00,1.00,"",-1,-1.9,8,1.6,12,2.4,58,11.7,679651,10.4,116079,6.6,-611,-3.3,50,5.1
"US000","3","53121","17","0","2025","1","",52,521,521,555,7187637,1881233,17913,1039,"",1.00,1.00,1.00,1.00,1.00,1.00,1.00,1.00,"",-1,-1.9,8,1.6,12,2.4,58,11.7,679651,10.4,116079,6.6,-611,-3.3,50,5.1
"US000","3","531210","18","0","2025","1","",52,521,521,555,7187637,1881233,17913,1039,"",1.00,1.00,1.00,1.00,1.00,1.00,1.00,1.00,"",-1,-1.9,8,1.6,12,2.4,58,11.7,679651,10.4,116079,6.6,-611,-3.3,50,5.1
"US000","3","5313","16","0","2025","1","",453,6944,6900,6895,97899484,43805191,398617,1089,"",1.00,1.00,1.00,1.00,1.00,1.00,1.00,1.00,"",-3,-0.7,46,0.7,11,0.2,-23,-0.3,3379388,3.6,91223,0.2,-51919,-11.5,36,3.4
"US000","3","53131","17","0","2025","1","",437,6587,6536,6535,91764174,42217455,385544,1077,"",1.00,1.00,1.00,1.00,1.00,1.00,1.00,1.00,"",-3,-0.7,47,0.7,8,0.1,-33,-0.5,3150843,3.6,78423,0.2,-51508,-11.8,36,3.5
"US000","3","531311","18","0","2025","1","",414,5735,5698,5697,83177952,38699137,303701,1121,"",1.00,1.00,1.00,1.00,1.00,1.00,1.00,1.00,"",-4,-1.0,-60,-1.0,-70,-1.2,-106,-1.8,2336147,2.9,-326816,-0.8,-57172,-15.8,47,4.4
"US000","3","531312","18","0","2025","1","",23,852,838,838,8586222,3518318,81843,784,"",1.00,1.00,1.00,1.00,1.00,1.00,1.00,1.00,"",1,4.5,107,14.4,78,10.3,73,9.5,814696,10.5,405239,13.0,5664,7.4,-6,-0.8
"US000","3","53132","17","0","2025","1","N",11,0,0,0,0,0,0,0,"N",1.00,0,0,0,0,0,0,0,"N",1,10.0,0,0,0,0,0,0,0,0,0,0,0,0,0,0
"US000","3","531320","18","0","2025","1","N",11,0,0,0,0,0,0,0,"N",1.00,0,0,0,0,0,0,0,"N",1,10.0,0,0,0,0,0,0,0,0,0,0,0,0,0,0
"US000","3","53139","17","0","2025","1","N",5,0,0,0,0,0,0,0,"N",1.00,0,0,0,0,0,0,0,"N",-1,-16.7,0,0,0,0,0,0,0,0,0,0,0,0,0,0
"US000","3","531390","18","0","2025","1","N",5,0,0,0,0,0,0,0,"N",1.00,0,0,0,0,0,0,0,"N",-1,-16.7,0,0,0,0,0,0,0,0,0,0,0,0,0,0
"US000","3","532","15","0","2025","1","",8,366,367,372,3796392,80257,505,793,"",1.00,1.00,1.00,1.00,1.00,1.00,1.00,1.00,"",1,14.3,6,1.7,10,2.8,4,1.1,-43480,-1.1,-7789,-8.8,69,15.8,-24,-2.9
"US000","3","5321","16","0","2025","1","N",1,0,0,0,0,0,0,0,"N",1.00,0,0,0,0,0,0,0,"N",0,0.0,0,0,0,0,0,0,0,0,0,0,0,0,0,0
"US000","3","53211","17","0","2025","1","N",1,0,0,0,0,0,0,0,"N",1.00,0,0,0,0,0,0,0,"N",0,0.0,0,0,0,0,0,0,0,0,0,0,0,0,0,0
"US000","3","532112","18","0","2025","1","N",1,0,0,0,0,0,0,0,"N",1.00,0,0,0,0,0,0,0,"N",0,0.0,0,0,0,0,0,0,0,0,0,0,0,0,0,0
"US000","3","5322","16","0","2025","1","N",5,0,0,0,0,0,0,0,"N",1.00,0,0,0,0,0,0,0,"N",0,0.0,0,0,0,0,0,0,0,0,0,0,0,0,0,0
"US000","3","53228","17","0","2025","1","N",5,0,0,0,0,0,0,0,"N",1.00,0,0,0,0,0,0,0,"N",0,0.0,0,0,0,0,0,0,0,0,0,0,0,0,0,0
"US000","3","532283","18","0","2025","1","N",1,0,0,0,0,0,0,0,"N",1.00,0,0,0,0,0,0,0,"N",0,0.0,0,0,0,0,0,0,0,0,0,0,0,0,0,0
"US000","3","532284","18","0","2025","1","N",4,0,0,0,0,0,0,0,"N",1.00,0,0,0,0,0,0,0,"N",0,0.0,0,0,0,0,0,0,0,0,0,0,0,0,0,0
"US000","3","5324","16","0","2025","1","N",2,0,0,0,0,0,0,0,"N",1.00,0,0,0,0,0,0,0,"N",1,100.0,0,0,0,0,0,0,0,0,0,0,0,0,0,0
"US000","3","53241","17","0","2025","1","N",1,0,0,0,0,0,0,0,"N",1.00,0,0,0,0,0,0,0,"N",0,0.0,0,0,0,0,0,0,0,0,0,0,0,0,0,0
"US000","3","532412","18","0","2025","1","N",1,0,0,0,0,0,0,0,"N",1.00,0,0,0,0,0,0,0,"N",0,0.0,0,0,0,0,0,0,0,0,0,0,0,0,0,0
"US000","3","53249","17","0","2025","1","N",1,0,0,0,0,0,0,0,"N",1.00,0,0,0,0,0,0,0,"N",1,100.0,0,0,0,0,0,0,0,0,0,0,0,0,0,0
"US000","3","532490","18","0","2025","1","N",1,0,0,0,0,0,0,0,"N",1.00,0,0,0,0,0,0,0,"N",1,100.0,0,0,0,0,0,0,0,0,0,0,0,0,0,0
"US000","3","54","14","0","2025","1","",1293,22033,21916,22054,496880319,49988939,586625,1737,"",1.00,1.00,1.00,1.00,1.00,1.00,1.00,1.00,"",32,2.5,580,2.7,351,1.6,398,1.8,34342085,7.4,1853264,3.9,64708,12.4,87,5.3
"US000","3","541","15","0","2025","1","",1293,22033,21916,22054,496880319,49988939,586625,1737,"",1.00,1.00,1.00,1.00,1.00,1.00,1.00,1.00,"",32,2.5,580,2.7,351,1.6,398,1.8,34342085,7.4,1853264,3.9,64708,12.4,87,5.3
"US000","3","5411","16","0","2025","1","",39,374,382,376,9039540,210419,1558,1843,"",1.00,1.00,1.00,1.00,1.00,1.00,1.00,1.00,"",7,21.9,157,72.4,166,76.9,168,80.8,3657643,68.0,-136416,-39.3,-1235,-44.2,-95,-4.9
"US000","3","54111","17","0","2025","1","",35,336,342,336,8167586,210419,1558,1859,"",1.00,1.00,1.00,1.00,1.00,1.00,1.00,1.00,"",7,25.0,157,87.7,164,92.1,165,96.5,3581038,78.1,-136416,-39.3,-1235,-44.2,-146,-7.3
"US000","3","541110","18","0","2025","1","",35,336,342,336,8167586,210419,1558,1859,"",1.00,1.00,1.00,1.00,1.00,1.00,1.00,1.00,"",7,25.0,157,87.7,164,92.1,165,96.5,3581038,78.1,-136416,-39.3,-1235,-44.2,-146,-7.3
"US000","3","54119","17","0","2025","1","",4,38,40,40,871954,0,0,1705,"",1.00,1.00,1.00,1.00,1.00,0.00,0.00,1.00,"",0,0.0,0,0.0,2,5.3,3,8.1,76605,9.6,0,0.0,0,0.0,81,5.0
"US000","3","541199","18","0","2025","1","",4,38,40,40,871954,0,0,1705,"",1.00,1.00,1.00,1.00,1.00,0.00,0.00,1.00,"",0,0.0,0,0.0,2,5.3,3,8.1,76605,9.6,0,0.0,0,0.0,81,5.0
"US000","3","5412","16","0","2025","1","",94,2803,2786,2791,55559713,17998600,66845,1530,"",1.00,1.00,1.00,1.00,1.00,1.00,1.00,1.00,"",0,0.0,-356,-11.3,-392,-12.3,-379,-12.0,-2356651,-4.1,-1311905,-6.8,6400,10.6,124,8.8
"US000","3","54121","17","0","2025","1","",94,2803,2786,2791,55559713,17998600,66845,1530,"",1.00,1.00,1.00,1.00,1.00,1.00,1.00,1.00,"",0,0.0,-356,-11.3,-392,-12.3,-379,-12.0,-2356651,-4.1,-1311905,-6.8,6400,10.6,124,8.8
"US000","3","541211","18","0","2025","1","N",3,0,0,0,0,0,0,0,"N",1.00,0,0,0,0,0,0,0,"N",0,0.0,0,0,0,0,0,0,0,0,0,0,0,0,0,0
"US000","3","541213","18","0","2025","1","N",1,0,0,0,0,0,0,0,"N",1.00,0,0,0,0,0,0,0,"N",0,0.0,0,0,0,0,0,0,0,0,0,0,0,0,0,0
"US000","3","541214","18","0","2025","1","",19,412,415,417,7643286,497544,8441,1418,"",1.00,1.00,1.00,1.00,1.00,1.00,1.00,1.00,"",0,0.0,-33,-7.4,-26,-5.9,-26,-5.9,573435,8.1,192736,63.2,5349,173.0,190,15.5
"US000","3","541219","18","0","2025","1","",71,2379,2358,2361,47765192,17430200,56764,1553,"",1.00,1.00,1.00,1.00,1.00,1.00,1.00,1.00,"",0,0.0,-325,-12.0,-368,-13.5,-356,-13.1,-2964345,-5.8,-1502485,-7.9,940,1.7,116,8.1
"US000","3","5413","16","0","2025","1","",490,8589,8532,8635,190397700,6423917,77310,1706,"",1.00,1.00,1.00,1.00,1.00,1.00,1.00,1.00,"",-9,-1.8,369,4.5,301,3.7,377,4.6,15458172,8.8,1838852,40.1,12681,19.6,72,4.4
"US000","3","54131","17","0","2025","1","",2,40,41,41,951552,0,0,1800,"",1.00,1.00,1.00,1.00,1.00,0.00,0.00,1.00,"",0,0.0,-1,-2.4,-1,-2.4,-1,-2.4,8171,0.9,0,0.0,0,0.0,58,3.3
"US000","3","541310","18","0","2025","1","",2,40,41,41,951552,0,0,1800,"",1.00,1.00,1.00,1.00,1.00,0.00,0.00,1.00,"",0,0.0,-1,-2.4,-1,-2.4,-1,-2.4,8171,0.9,0,0.0,0,0.0,58,3.3
"US000","3","54132","17","0","2025","1","",20,845,816,876,29481334,305047,3741,2682,"",1.00,1.00,1.00,1.00,1.00,1.00,1.00,1.00,"",-6,-23.1,57,7.2,19,2.4,60,7.4,2226676,8.2,-216275,-41.5,1744,87.3,62,2.4
"US000","3","541320","18","0","2025","1","",20,845,816,876,29481334,305047,3741,2682,"",1.00,1.00,1.00,1.00,1.00,1.00,1.00,1.00,"",-6,-23.1,57,7.2,19,2.4,60,7.4,2226676,8.2,-216275,-41.5,1744,87.3,62,2.4
"US000","3","54133","17","0","2025","1","",389,6868,6847,6869,143474560,5950810,71780,1609,"",1.00,1.00,1.00,1.00,1.00,1.00,1.00,1.00,"",-4,-1.0,256,3.9,233,3.5,257,3.9,11526871,8.7,2038740,52.1,11304,18.7,74,4.8
"US000","3","541330","18","0","2025","1","",389,6868,6847,6869,143474560,5950810,71780,1609,"",1.00,1.00,1.00,1.00,1.00,1.00,1.00,1.00,"",-4,-1.0,256,3.9,233,3.5,257,3.9,11526871,8.7,2038740,52.1,11304,18.7,74,4.8
"US000","3","54134","17","0","2025","1","N",1,0,0,0,0,0,0,0,"N",1.00,0,0,0,0,0,0,0,"N",0,0.0,0,0,0,0,0,0,0,0,0,0,0,0,0,0
"US000","3","541340","18","0","2025","1","N",1,0,0,0,0,0,0,0,"N",1.00,0,0,0,0,0,0,0,"N",0,0.0,0,0,0,0,0,0,0,0,0,0,0,0,0,0
"US000","3","54135","17","0","2025","1","",37,337,340,344,4874508,43391,287,1102,"",1.00,1.00,1.00,1.00,1.00,1.00,1.00,1.00,"",-1,-2.6,-4,-1.2,1,0.3,-6,-1.7,273751,6.0,4065,10.3,53,22.6,71,6.9
"US000","3","541350","18","0","2025","1","",37,337,340,344,4874508,43391,287,1102,"",1.00,1.00,1.00,1.00,1.00,1.00,1.00,1.00,"",-1,-2.6,-4,-1.2,1,0.3,-6,-1.7,273751,6.0,4065,10.3,53,22.6,71,6.9
"US000","3","54136","17","0","2025","1","N",2,0,0,0,0,0,0,0,"N",1.00,0,0,0,0,0,0,0,"N",0,0.0,0,0,0,0,0,0,0,0,0,0,0,0,0,0
"US000","3","541360","18","0","2025","1","N",2,0,0,0,0,0,0,0,"N",1.00,0,0,0,0,0,0,0,"N",0,0.0,0,0,0,0,0,0,0,0,0,0,0,0,0,0
"US000","3","54137","17","0","2025","1","",28,119,117,115,2218072,120868,1470,1458,"",1.00,1.00,1.00,1.00,1.00,1.00,1.00,1.00,"",1,3.7,-2,-1.7,-1,-0.8,0,0.0,105770,5.0,12065,11.1,-407,-21.7,81,5.9
"US000","3","541370","18","0","2025","1","",28,119,117,115,2218072,120868,1470,1458,"",1.00,1.00,1.00,1.00,1.00,1.00,1.00,1.00,"",1,3.7,-2,-1.7,-1,-0.8,0,0.0,105770,5.0,12065,11.1,-407,-21.7,81,5.9
"US000","3","54138","17","0","2025","1","",11,374,365,384,9306146,3801,32,1912,"",1.00,1.00,1.00,1.00,1.00,1.00,1.00,1.00,"",1,10.0,63,20.3,50,15.9,67,21.1,1310944,16.4,257,7.3,-13,-28.9,-45,-2.3
"US000","3","541380","18","0","2025","1","",11,374,365,384,9306146,3801,32,1912,"",1.00,1.00,1.00,1.00,1.00,1.00,1.00,1.00,"",1,10.0,63,20.3,50,15.9,67,21.1,1310944,16.4,257,7.3,-13,-28.9,-45,-2.3
"US000","3","5414","16","0","2025","1","N",3,0,0,0,0,0,0,0,"N",1.00,0,0,0,0,0,0,0,"N",0,0.0,0,0,0,0,0,0,0,0,0,0,0,0,0,0
"US000","3","54141","17","0","2025","1","N",1,0,0,0,0,0,0,0,"N",1.00,0,0,0,0,0,0,0,"N",0,0.0,0,0,0,0,0,0,0,0,0,0,0,0,0,0
"US000","3","541410","18","0","2025","1","N",1,0,0,0,0,0,0,0,"N",1.00,0,0,0,0,0,0,0,"N",0,0.0,0,0,0,0,0,0,0,0,0,0,0,0,0,0
"US000","3","54143","17","0","2025","1","",2,4,5,5,60688,40374,40,1000,"",1.00,1.00,1.00,1.00,1.00,1.00,1.00,1.00,"",0,0.0,0,0.0,1,25.0,1,25.0,-113134,-65.1,-100141,-71.3,-100,-71.4,-2343,-70.1
"US000","3","541430","18","0","2025","1","",2,4,5,5,60688,40374,40,1000,"",1.00,1.00,1.00,1.00,1.00,1.00,1.00,1.00,"",0,0.0,0,0.0,1,25.0,1,25.0,-113134,-65.1,-100141,-71.3,-100,-71.4,-2343,-70.1
"US000","3","5415","16","0","2025","1","",322,5272,5241,5265,114693354,7824253,74136,1678,"",1.00,1.00,1.00,1.00,1.00,1.00,1.00,1.00,"",16,5.2,362,7.4,303,6.1,308,6.2,10643307,10.2,944061,13.7,-134,-0.2,56,3.5
"US000","3","54151","17","0","2025","1","",322,5272,5241,5265,114693354,7824253,74136,1678,"",1.00,1.00,1.00,1.00,1.00,1.00,1.00,1.00,"",16,5.2,362,7.4,303,6.1,308,6.2,10643307,10.2,944061,13.7,-134,-0.2,56,3.5
"US000","3","541511","18","0","2025","1","",49,461,457,459,9622768,1105745,24009,1613,"",1.00,1.00,1.00,1.00,1.00,1.00,1.00,1.00,"",2,4.3,40,9.5,31,7.3,37,8.8,1080451,12.6,-30093,-2.6,6711,38.8,60,3.9
"US000","3","541512","18","0","2025","1","",154,2292,2260,2256,55452738,5361113,41907,1880,"",1.00,1.00,1.00,1.00,1.00,1.00,1.00,1.00,"",11,7.7,118,5.4,78,3.6,60,2.7,3407133,6.5,720006,15.5,-6641,-13.7,47,2.6
"US000","3","541513","18","0","2025","1","",97,2163,2168,2190,41212489,312523,2423,1458,"",1.00,1.00,1.00,1.00,1.00,1.00,1.00,1.00,"",3,3.2,171,8.6,166,8.3,184,9.2,4964806,13.7,28622,10.1,-1148,-32.1,64,4.6
"US000","3","541519","18","0","2025","1","",22,356,356,360,8405359,1044872,5797,1809,"",1.00,1.00,1.00,1.00,1.00,1.00,1.00,1.00,"",0,0.0,33,10.2,28,8.5,27,8.1,1190917,16.5,225526,27.5,944,19.5,117,6.9
"US000","3","5416","16","0","2025","1","",221,2208,2210,2238,55552500,9943737,231901,1926,"",1.00,1.00,1.00,1.00,1.00,1.00,1.00,1.00,"",14,6.8,27,1.2,5,0.2,-2,-0.1,5331713,10.6,-200058,-2.0,35692,18.2,177,10.1
"US000","3","54161","17","0","2025","1","",97,1279,1288,1276,33796850,3715305,95075,2029,"",1.00,1.00,1.00,1.00,1.00,1.00,1.00,1.00,"",-7,-6.7,-108,-7.8,-105,-7.5,-142,-10.0,1572143,4.9,-1125976,-23.3,6654,7.5,258,14.6
"US000","3","541611","18","0","2025","1","",63,967,972,960,26583340,3210119,91229,2116,"",1.00,1.00,1.00,1.00,1.00,1.00,1.00,1.00,"",-2,-3.1,-95,-8.9,-101,-9.4,-116,-10.8,1527330,6.1,-1129478,-26.0,7639,9.1,315,17.5
"US000","3","541612","18","0","2025","1","",22,242,247,247,5495439,330377,1695,1723,"",1.00,1.00,1.00,1.00,1.00,1.00,1.00,1.00,"",0,0.0,-9,-3.6,0,0.0,-18,-6.8,79527,1.5,-4301,-1.3,-564,-25.0,85,5.2
"US000","3","541613","18","0","2025","1","",5,15,15,15,352544,61808,1823,1808,"",1.00,1.00,1.00,1.00,1.00,1.00,1.00,1.00,"N",-1,-16.7,0,0,0,0,0,0,0,0,0,0,0,0,0,0
"US000","3","541614","18","0","2025","1","N",4,0,0,0,0,0,0,0,"N",1.00,0,0,0,0,0,0,0,"N",-4,-50.0,0,0,0,0,0,0,0,0,0,0,0,0,0,0
"US000","3","541618","18","0","2025","1","N",3,0,0,0,0,0,0,0,"N",1.00,0,0,0,0,0,0,0,"N",0,0.0,0,0,0,0,0,0,0,0,0,0,0,0,0,0
"US000","3","54162","17","0","2025","1","",16,121,118,133,1695141,606658,8378,1052,"",1.00,1.00,1.00,1.00,1.00,1.00,1.00,1.00,"",0,0.0,6,5.2,1,0.9,6,4.7,118571,7.5,59831,10.9,1660,24.7,39,3.8
"US000","3","541620","18","0","2025","1","",16,121,118,133,1695141,606658,8378,1052,"",1.00,1.00,1.00,1.00,1.00,1.00,1.00,1.00,"",0,0.0,6,5.2,1,0.9,6,4.7,118571,7.5,59831,10.9,1660,24.7,39,3.8
"US000","3","54169","17","0","2025","1","",108,808,804,829,20060509,5621774,128448,1896,"",1.00,1.00,1.00,1.00,1.00,1.00,1.00,1.00,"",21,24.1,129,19.0,109,15.7,134,19.3,3640999,22.2,866087,18.2,27378,27.1,65,3.5
"US000","3","541690","18","0","2025","1","",108,808,804,829,20060509,5621774,128448,1896,"",1.00,1.00,1.00,1.00,1.00,1.00,1.00,1.00,"",21,24.1,129,19.0,109,15.7,134,19.3,3640999,22.2,866087,18.2,27378,27.1,65,3.5
"US000","3","5417","16","0","2025","1","",44,2218,2196,2179,58169346,4760839,116443,2036,"",1.00,1.00,1.00,1.00,1.00,1.00,1.00,1.00,"",-2,-4.3,139,6.7,85,4.0,58,2.7,3382162,6.2,460648,10.7,6066,5.5,33,1.6
"US000","3","54171","17","0","2025","1","",28,2076,2062,2047,55778435,3934709,108257,2081,"",1.00,1.00,1.00,1.00,1.00,1.00,1.00,1.00,"",-2,-6.7,94,4.7,55,2.7,28,1.4,2904201,5.5,144073,3.8,6076,5.9,50,2.5
"US000","3","541714","18","0","2025","1","N",3,0,0,0,0,0,0,0,"N",1.00,0,0,0,0,0,0,0,"N",0,0.0,0,0,0,0,0,0,0,0,0,0,0,0,0,0
"US000","3","541715","18","0","2025","1","N",25,0,0,0,0,0,0,0,"N",1.00,0,0,0,0,0,0,0,"N",-2,-7.4,0,0,0,0,0,0,0,0,0,0,0,0,0,0
"US000","3","54172","17","0","2025","1","",16,142,134,132,2390911,826130,8186,1352,"",1.00,1.00,1.00,1.00,1.00,1.00,1.00,1.00,"",0,0.0,45,46.4,30,28.8,30,29.4,477961,25.0,316575,62.1,-10,-0.1,-105,-7.2
"US000","3","541720","18","0","2025","1","",16,142,134,132,2390911,826130,8186,1352,"",1.00,1.00,1.00,1.00,1.00,1.00,1.00,1.00,"",0,0.0,45,46.4,30,28.8,30,29.4,477961,25.0,316575,62.1,-10,-0.1,-105,-7.2
"US000","3","5418","16","0","2025","1","",38,373,371,373,10196553,1969442,3271,2107,"",1.00,1.00,1.00,1.00,1.00,1.00,1.00,1.00,"",1,2.7,-155,-29.4,-153,-29.2,-150,-28.7,-2644003,-20.6,140429,7.7,-147,-4.3,226,12.0
"US000","3","54181","17","0","2025","1","N",4,0,0,0,0,0,0,0,"N",1.00,0,0,0,0,0,0,0,"N",1,33.3,0,0,0,0,0,0,0,0,0,0,0,0,0,0
"US000","3","541810","18","0","2025","1","N",4,0,0,0,0,0,0,0,"N",1.00,0,0,0,0,0,0,0,"N",1,33.3,0,0,0,0,0,0,0,0,0,0,0,0,0,0
"US000","3","54182","17","0","2025","1","",32,346,344,346,9703135,1866425,2407,2161,"",1.00,1.00,1.00,1.00,1.00,1.00,1.00,1.00,"",0,0.0,-161,-31.8,-159,-31.6,-157,-31.2,-2771041,-22.2,135397,7.8,296,14.0,258,13.6
"US000","3","541820","18","0","2025","1","",32,346,344,346,9703135,1866425,2407,2161,"",1.00,1.00,1.00,1.00,1.00,1.00,1.00,1.00,"",0,0.0,-161,-31.8,-159,-31.6,-157,-31.2,-2771041,-22.2,135397,7.8,296,14.0,258,13.6
"US000","3","54189","17","0","2025","1","N",2,0,0,0,0,0,0,0,"N",1.00,0,0,0,0,0,0,0,"N",0,0.0,0,0,0,0,0,0,0,0,0,0,0,0,0,0
"US000","3","541890","18","0","2025","1","N",2,0,0,0,0,0,0,0,"N",1.00,0,0,0,0,0,0,0,"N",0,0.0,0,0,0,0,0,0,0,0,0,0,0,0,0,0
"US000","3","5419","16","0","2025","1","N",42,0,0,0,0,0,0,0,"N",1.00,0,0,0,0,0,0,0,"N",5,13.5,0,0,0,0,0,0,0,0,0,0,0,0,0,0
"US000","3","54191","17","0","2025","1","",1,9,9,9,63260,63260,63,541,"",1.00,1.00,1.00,1.00,1.00,1.00,1.00,1.00,"",0,0.0,2,28.6,2,28.6,2,28.6,7809,14.1,7809,14.1,8,14.5,-68,-11.2
"US000","3","541910","18","0","2025","1","",1,9,9,9,63260,63260,63,541,"",1.00,1.00,1.00,1.00,1.00,1.00,1.00,1.00,"",0,0.0,2,28.6,2,28.6,2,28.6,7809,14.1,7809,14.1,8,14.5,-68,-11.2
"US000","3","54193","17","0","2025","1","",1,1,1,1,19217,7000,189,1478,"",1.00,1.00,1.00,1.00,1.00,1.00,1.00,1.00,"",1,100.0,1,100.0,1,100.0,1,100.0,19217,100.0,7000,100.0,189,100.0,1478,100.0
"US000","3","541930","18","0","2025","1","",1,1,1,1,19217,7000,189,1478,"",1.00,1.00,1.00,1.00,1.00,1.00,1.00,1.00,"",1,100.0,1,100.0,1,100.0,1,100.0,19217,100.0,7000,100.0,189,100.0,1478,100.0
"US000","3","54194","17","0","2025","1","N",6,0,0,0,0,0,0,0,"N",1.00,0,0,0,0,0,0,0,"N",0,0.0,0,0,0,0,0,0,0,0,0,0,0,0,0,0
"US000","3","541940","18","0","2025","1","N",6,0,0,0,0,0,0,0,"N",1.00,0,0,0,0,0,0,0,"N",0,0.0,0,0,0,0,0,0,0,0,0,0,0,0,0,0
"US000","3","54199","17","0","2025","1","",34,123,124,124,2370020,747098,14869,1474,"",1.00,1.00,1.00,1.00,1.00,1.00,1.00,1.00,"",4,13.3,29,30.9,29,30.5,11,9.7,871926,58.2,202985,37.3,5288,55.2,329,28.7
"US000","3","541990","18","0","2025","1","",34,123,124,124,2370020,747098,14869,1474,"",1.00,1.00,1.00,1.00,1.00,1.00,1.00,1.00,"",4,13.3,29,30.9,29,30.5,11,9.7,871926,58.2,202985,37.3,5288,55.2,329,28.7
"US000","3","56","14","0","2025","1","",3526,79313,80972,79715,1267286092,170667750,2910007,1219,"",1.00,1.00,1.00,1.00,1.00,1.00,1.00,1.00,"",10,0.3,3823,5.1,5216,6.9,3320,4.3,105177783,9.1,8238435,5.1,6270,0.2,41,3.5
"US000","3","561","15","0","2025","1","",2391,53698,55395,54057,862506419,139521406,2706717,1220,"",1.00,1.00,1.00,1.00,1.00,1.00,1.00,1.00,"",16,0.7,3117,6.2,4665,9.2,2841,5.5,81850546,10.5,6605603,5.0,34104,1.3,39,3.3
"US000","3","5611","16","0","2025","1","",200,4602,4601,4613,101152286,9179823,127581,1690,"",1.00,1.00,1.00,1.00,1.00,1.00,1.00,1.00,"",6,3.1,459,11.1,437,10.5,434,10.4,12268037,13.8,262632,2.9,5848,4.8,47,2.9
"US000","3","56111","17","0","2025","1","",200,4602,4601,4613,101152286,9179823,127581,1690,"",1.00,1.00,1.00,1.00,1.00,1.00,1.00,1.00,"",6,3.1,459,11.1,437,10.5,434,10.4,12268037,13.8,262632,2.9,5848,4.8,47,2.9
"US000","3","561110","18","0","2025","1","",200,4602,4601,4613,101152286,9179823,127581,1690,"",1.00,1.00,1.00,1.00,1.00,1.00,1.00,1.00,"",6,3.1,459,11.1,437,10.5,434,10.4,12268037,13.8,262632,2.9,5848,4.8,47,2.9
"US000","3","5612","16","0","2025","1","",192,11701,11690,11728,224134910,81997789,2105226,1473,"",1.00,1.00,1.00,1.00,1.00,1.00,1.00,1.00,"",6,3.2,326,2.9,531,4.8,531,4.7,14907874,7.1,1744896,2.2,55321,2.7,42,2.9
"US000","3","56121","17","0","2025","1","",192,11701,11690,11728,224134910,81997789,2105226,1473,"",1.00,1.00,1.00,1.00,1.00,1.00,1.00,1.00,"",6,3.2,326,2.9,531,4.8,531,4.7,14907874,7.1,1744896,2.2,55321,2.7,42,2.9
"US000","3","561210","18","0","2025","1","",192,11701,11690,11728,224134910,81997789,2105226,1473,"",1.00,1.00,1.00,1.00,1.00,1.00,1.00,1.00,"",6,3.2,326,2.9,531,4.8,531,4.7,14907874,7.1,1744896,2.2,55321,2.7,42,2.9
"US000","3","5613","16","0","2025","1","",28,1810,3094,1824,27349627,854001,25751,938,"",1.00,1.00,1.00,1.00,1.00,1.00,1.00,1.00,"",-1,-3.4,914,102.0,2227,256.9,965,112.3,18939219,225.2,300322,54.2,15677,155.6,198,26.8
"US000","3","56131","17","0","2025","1","N",8,0,0,0,0,0,0,0,"N",1.00,0,0,0,0,0,0,0,"N",1,14.3,0,0,0,0,0,0,0,0,0,0,0,0,0,0
"US000","3","561311","18","0","2025","1","N",8,0,0,0,0,0,0,0,"N",1.00,0,0,0,0,0,0,0,"N",1,14.3,0,0,0,0,0,0,0,0,0,0,0,0,0,0
"US000","3","56132","17","0","2025","1","N",20,0,0,0,0,0,0,0,"N",1.00,0,0,0,0,0,0,0,"N",-1,-4.8,0,0,0,0,0,0,0,0,0,0,0,0,0,0
"US000","3","561320","18","0","2025","1","N",20,0,0,0,0,0,0,0,"N",1.00,0,0,0,0,0,0,0,"N",-1,-4.8,0,0,0,0,0,0,0,0,0,0,0,0,0,0
"US000","3","56133","17","0","2025","1","-",0,0,0,0,0,0,0,0,"N",0.00,0,0,0,0,0,0,0,"N",-1,-100.0,0,0,0,0,0,0,0,0,0,0,0,0,0,0
"US000","3","561330","18","0","2025","1","-",0,0,0,0,0,0,0,0,"N",0.00,0,0,0,0,0,0,0,"N",-1,-100.0,0,0,0,0,0,0,0,0,0,0,0,0,0,0
"US000","3","5614","16","0","2025","1","",101,1914,1965,1982,38906616,6599856,59309,1532,"",1.00,1.00,1.00,1.00,1.00,1.00,1.00,1.00,"",2,2.0,208,12.2,220,12.6,265,15.4,5321021,15.8,268318,4.2,-12871,-17.8,32,2.1
"US000","3","56141","17","0","2025","1","",13,286,285,291,4284408,583273,7336,1147,"",1.00,1.00,1.00,1.00,1.00,1.00,1.00,1.00,"",0,0.0,84,41.6,74,35.1,95,48.5,1387368,47.9,40673,7.5,-6381,-46.5,49,4.5
"US000","3","561410","18","0","2025","1","",13,286,285,291,4284408,583273,7336,1147,"",1.00,1.00,1.00,1.00,1.00,1.00,1.00,1.00,"",0,0.0,84,41.6,74,35.1,95,48.5,1387368,47.9,40673,7.5,-6381,-46.5,49,4.5
"US000","3","56142","17","0","2025","1","",56,1343,1347,1348,29384094,5721284,49790,1679,"",1.00,1.00,1.00,1.00,1.00,1.00,1.00,1.00,"",0,0.0,80,6.3,67,5.2,76,6.0,2471843,9.2,204279,3.7,-5151,-9.4,51,3.1
"US000","3","561421","18","0","2025","1","",43,1106,1110,1114,24961163,4880409,40568,1730,"",1.00,1.00,1.00,1.00,1.00,1.00,1.00,1.00,"",0,0.0,33,3.1,19,1.7,24,2.2,1581310,6.8,79706,1.7,-7409,-15.4,72,4.3
"US000","3","561422","18","0","2025","1","",13,237,237,234,4422931,840875,9222,1442,"",1.00,1.00,1.00,1.00,1.00,1.00,1.00,1.00,"",0,0.0,47,24.7,48,25.4,52,28.6,890533,25.2,124573,17.4,2258,32.4,-11,-0.8
"US000","3","56143","17","0","2025","1","N",5,0,0,0,0,0,0,0,"N",1.00,0,0,0,0,0,0,0,"N",0,0.0,0,0,0,0,0,0,0,0,0,0,0,0,0,0
"US000","3","561439","18","0","2025","1","N",5,0,0,0,0,0,0,0,"N",1.00,0,0,0,0,0,0,0,"N",0,0.0,0,0,0,0,0,0,0,0,0,0,0,0,0,0
"US000","3","56144","17","0","2025","1","N",8,0,0,0,0,0,0,0,"N",1.00,0,0,0,0,0,0,0,"N",0,0.0,0,0,0,0,0,0,0,0,0,0,0,0,0,0
"US000","3","561440","18","0","2025","1","N",8,0,0,0,0,0,0,0,"N",1.00,0,0,0,0,0,0,0,"N",0,0.0,0,0,0,0,0,0,0,0,0,0,0,0,0,0
"US000","3","56149","17","0","2025","1","",19,239,261,271,4296862,180000,1336,1286,"",1.00,1.00,1.00,1.00,1.00,1.00,1.00,1.00,"N",2,11.8,0,0,0,0,0,0,0,0,0,0,0,0,0,0
"US000","3","561492","18","0","2025","1","N",2,0,0,0,0,0,0,0,"N",1.00,0,0,0,0,0,0,0,"N",1,100.0,0,0,0,0,0,0,0,0,0,0,0,0,0,0
"US000","3","561499","18","0","2025","1","N",17,0,0,0,0,0,0,0,"N",1.00,0,0,0,0,0,0,0,"N",1,6.2,0,0,0,0,0,0,0,0,0,0,0,0,0,0
"US000","3","5615","16","0","2025","1","",108,1411,1594,1430,14226517,5226349,39809,740,"",1.00,1.00,1.00,1.00,1.00,1.00,1.00,1.00,"",-1,-0.9,64,4.8,220,16.0,-123,-7.9,1225085,9.4,233301,4.7,-3311,-7.7,38,5.4
"US000","3","56151","17","0","2025","1","",1,6,7,6,119067,0,0,1446,"",1.00,1.00,1.00,1.00,1.00,0.00,0.00,1.00,"",0,0.0,0,0.0,1,16.7,0,0.0,-1639,-1.4,0,0.0,0,0.0,-102,-6.6
"US000","3","561510","18","0","2025","1","",1,6,7,6,119067,0,0,1446,"",1.00,1.00,1.00,1.00,1.00,0.00,0.00,1.00,"",0,0.0,0,0.0,1,16.7,0,0.0,-1639,-1.4,0,0.0,0,0.0,-102,-6.6
"US000","3","56152","17","0","2025","1","",1,61,61,61,401425,216151,0,506,"",1.00,1.00,1.00,1.00,1.00,1.00,0.00,1.00,"",0,0.0,5,8.9,4,7.0,3,5.2,45597,12.8,9012,4.4,0,0.0,26,5.4
"US000","3","561520","18","0","2025","1","",1,61,61,61,401425,216151,0,506,"",1.00,1.00,1.00,1.00,1.00,1.00,0.00,1.00,"",0,0.0,5,8.9,4,7.0,3,5.2,45597,12.8,9012,4.4,0,0.0,26,5.4
"US000","3","56159","17","0","2025","1","",106,1344,1526,1363,13706025,5010198,39809,747,"",1.00,1.00,1.00,1.00,1.00,1.00,1.00,1.00,"",-1,-0.9,59,4.6,215,16.4,-126,-8.5,1181127,9.4,224289,4.7,-3311,-7.7,39,5.5
"US000","3","561591","18","0","2025","1","",97,968,973,980,11521132,4022434,31898,910,"",1.00,1.00,1.00,1.00,1.00,1.00,1.00,1.00,"",-1,-1.0,41,4.4,47,5.1,-3,-0.3,895119,8.4,4104,0.1,-702,-2.2,45,5.2
"US000","3","561599","18","0","2025","1","",9,376,553,383,2184893,987764,7911,384,"",1.00,1.00,1.00,1.00,1.00,1.00,1.00,1.00,"",0,0.0,18,5.0,168,43.6,-123,-24.3,286008,15.1,220185,28.7,-2609,-24.8,33,9.4
"US000","3","5616","16","0","2025","1","",36,882,880,874,12659093,2226732,19096,1108,"",1.00,1.00,1.00,1.00,1.00,1.00,1.00,1.00,"",-1,-2.7,93,11.8,81,10.1,89,11.3,1545278,13.9,333093,17.6,-744,-3.8,27,2.5
"US000","3","56161","17","0","2025","1","N",34,0,0,0,0,0,0,0,"N",1.00,0,0,0,0,0,0,0,"N",0,0.0,0,0,0,0,0,0,0,0,0,0,0,0,0,0
"US000","3","561611","18","0","2025","1","",1,0,0,0,0,0,0,0,"",1.00,0.00,0.00,0.00,0.00,0.00,0.00,0.00,"",0,0.0,-7,-100.0,-8,-100.0,0,0.0,-150707,-100.0,-56000,-100.0,-1904,-100.0,-2319,-100.0
"US000","3","561612","18","0","2025","1","N",33,0,0,0,0,0,0,0,"N",1.00,0,0,0,0,0,0,0,"N",0,0.0,0,0,0,0,0,0,0,0,0,0,0,0,0,0
"US000","3","56162","17","0","2025","1","N",2,0,0,0,0,0,0,0,"N",1.00,0,0,0,0,0,0,0,"N",-1,-33.3,0,0,0,0,0,0,0,0,0,0,0,0,0,0
"US000","3","561621","18","0","2025","1","N",2,0,0,0,0,0,0,0,"N",1.00,0,0,0,0,0,0,0,"N",-1,-33.3,0,0,0,0,0,0,0,0,0,0,0,0,0,0
"US000","3","5617","16","0","2025","1","",1509,25656,25787,25933,353560649,11924533,136687,1054,"",1.00,1.00,1.00,1.00,1.00,1.00,1.00,1.00,"",5,0.3,772,3.1,719,2.9,572,2.3,19042073,5.7,1332360,12.6,1947,1.4,29,2.8
"US000","3","56171","17","0","2025","1","",73,948,954,1000,14479497,2046262,28903,1151,"",1.00,1.00,1.00,1.00,1.00,1.00,1.00,1.00,"",1,1.4,10,1.1,2,0.2,-13,-1.3,966504,7.2,113255,5.9,-4205,-12.7,77,7.2
"US000","3","561710","18","0","2025","1","",73,948,954,1000,14479497,2046262,28903,1151,"",1.00,1.00,1.00,1.00,1.00,1.00,1.00,1.00,"",1,1.4,10,1.1,2,0.2,-13,-1.3,966504,7.2,113255,5.9,-4205,-12.7,77,7.2
"US000","3","56172","17","0","2025","1","",898,13931,14024,14084,196860773,7840116,87316,1081,"",1.00,1.00,1.00,1.00,1.00,1.00,1.00,1.00,"",-4,-0.4,441,3.3,422,3.1,373,2.7,10135994,5.4,826574,11.8,4576,5.5,25,2.4
"US000","3","561720","18","0","2025","1","",898,13931,14024,14084,196860773,7840116,87316,1081,"",1.00,1.00,1.00,1.00,1.00,1.00,1.00,1.00,"",-4,-0.4,441,3.3,422,3.1,373,2.7,10135994,5.4,826574,11.8,4576,5.5,25,2.4
"US000","3","56173","17","0","2025","1","",243,4364,4415,4476,58480048,1726049,19561,1018,"",1.00,1.00,1.00,1.00,1.00,1.00,1.00,1.00,"",7,3.0,204,4.9,191,4.5,154,3.6,4475455,8.3,386841,28.9,2121,12.2,37,3.8
"US000","3","561730","18","0","2025","1","",243,4364,4415,4476,58480048,1726049,19561,1018,"",1.00,1.00,1.00,1.00,1.00,1.00,1.00,1.00,"",7,3.0,204,4.9,191,4.5,154,3.6,4475455,8.3,386841,28.9,2121,12.2,37,3.8
"US000","3","56179","17","0","2025","1","",295,6413,6394,6373,83740331,312106,907,1008,"",1.00,1.00,1.00,1.00,1.00,1.00,1.00,1.00,"",1,0.3,117,1.9,104,1.7,58,0.9,3464120,4.3,5690,1.9,-545,-37.5,28,2.9
"US000","3","561790","18","0","2025","1","",295,6413,6394,6373,83740331,312106,907,1008,"",1.00,1.00,1.00,1.00,1.00,1.00,1.00,1.00,"",1,0.3,117,1.9,104,1.7,58,0.9,3464120,4.3,5690,1.9,-545,-37.5,28,2.9
"US000","3","5619","16","0","2025","1","",217,5722,5784,5673,90516721,21512323,193258,1216,"",1.00,1.00,1.00,1.00,1.00,1.00,1.00,1.00,"",0,0.0,281,5.2,230,4.1,108,1.9,8601959,10.5,2130681,11.0,-27763,-12.6,74,6.5
"US000","3","56192","17","0","2025","1","",19,1186,1204,1150,9729413,956425,27486,634,"",1.00,1.00,1.00,1.00,1.00,1.00,1.00,1.00,"N",0,0.0,0,0,0,0,0,0,0,0,0,0,0,0,0,0
"US000","3","561920","18","0","2025","1","",19,1186,1204,1150,9729413,956425,27486,634,"",1.00,1.00,1.00,1.00,1.00,1.00,1.00,1.00,"N",0,0.0,0,0,0,0,0,0,0,0,0,0,0,0,0,0
"US000","3","56199","17","0","2025","1","",198,4536,4580,4523,80787308,20555898,165772,1367,"",1.00,1.00,1.00,1.00,1.00,1.00,1.00,1.00,"",1,0.5,301,7.1,302,7.1,202,4.7,8568677,11.9,2119346,11.5,-26957,-14.0,68,5.2
"US000","3","561990","18","0","2025","1","",198,4536,4580,4523,80787308,20555898,165772,1367,"",1.00,1.00,1.00,1.00,1.00,1.00,1.00,1.00,"",1,0.5,301,7.1,302,7.1,202,4.7,8568677,11.9,2119346,11.5,-26957,-14.0,68,5.2
"US000","3","562","15","0","2025","1","",1135,25615,25577,25658,404779673,31146344,203290,1215,"",1.00,1.00,1.00,1.00,1.00,1.00,1.00,1.00,"",-6,-0.5,706,2.8,551,2.2,479,1.9,23327237,6.1,1632832,5.5,-27834,-12.0,43,3.7
"US000","3","5621","16","0","2025","1","",267,4981,4974,4972,73164392,5319903,39352,1131,"",1.00,1.00,1.00,1.00,1.00,1.00,1.00,1.00,"",4,1.5,80,1.6,39,0.8,27,0.5,4331506,6.3,387583,7.9,6359,19.3,56,5.2
"US000","3","56211","17","0","2025","1","",267,4981,4974,4972,73164392,5319903,39352,1131,"",1.00,1.00,1.00,1.00,1.00,1.00,1.00,1.00,"",4,1.5,80,1.6,39,0.8,27,0.5,4331506,6.3,387583,7.9,6359,19.3,56,5.2
"US000","3","562111","18","0","2025","1","",249,4854,4843,4836,71766425,4859683,36679,1140,"",1.00,1.00,1.00,1.00,1.00,1.00,1.00,1.00,"",4,1.6,85,1.8,37,0.8,24,0.5,4298235,6.4,378824,8.5,7134,24.1,58,5.4
"US000","3","562112","18","0","2025","1","",4,12,14,14,336754,49000,735,1943,"",1.00,1.00,1.00,1.00,1.00,1.00,1.00,1.00,"",0,0.0,-1,-7.7,2,16.7,1,7.7,8027,2.4,7000,16.7,105,16.7,-53,-2.7
"US000","3","562119","18","0","2025","1","",14,115,117,122,1061213,411220,1938,692,"",1.00,1.00,1.00,1.00,1.00,1.00,1.00,1.00,"",0,0.0,-4,-3.4,0,0.0,2,1.7,25244,2.4,1759,0.4,-880,-31.2,20,3.0
"US000","3","5622","16","0","2025","1","",749,19139,19102,19136,308998063,23615245,130176,1243,"",1.00,1.00,1.00,1.00,1.00,1.00,1.00,1.00,"",-5,-0.7,617,3.3,507,2.7,467,2.5,17917951,6.2,1144199,5.1,-33093,-20.3,39,3.2
"US000","3","56221","17","0","2025","1","",749,19139,19102,19136,308998063,23615245,130176,1243,"",1.00,1.00,1.00,1.00,1.00,1.00,1.00,1.00,"",-5,-0.7,617,3.3,507,2.7,467,2.5,17917951,6.2,1144199,5.1,-33093,-20.3,39,3.2
"US000","3","562211","18","0","2025","1","",49,1126,1124,1123,18125921,1814848,16746,1240,"",1.00,1.00,1.00,1.00,1.00,1.00,1.00,1.00,"",-3,-5.8,-11,-1.0,-18,-1.6,-19,-1.7,665079,3.8,14215,0.8,-6922,-29.2,62,5.3
"US000","3","562212","18","0","2025","1","",561,13729,13734,13759,203963183,19747611,94235,1142,"",1.00,1.00,1.00,1.00,1.00,1.00,1.00,1.00,"",0,0.0,356,2.7,311,2.3,281,2.1,12728190,6.7,976624,5.2,-27840,-22.8,46,4.2
"US000","3","562213","18","0","2025","1","",21,521,516,516,9776046,339039,9208,1453,"",1.00,1.00,1.00,1.00,1.00,1.00,1.00,1.00,"",0,0.0,63,13.8,59,12.9,62,13.7,696847,7.7,2501,0.7,379,4.3,-77,-5.0
"US000","3","562219","18","0","2025","1","",118,3763,3728,3738,77132913,1713747,9987,1585,"",1.00,1.00,1.00,1.00,1.00,1.00,1.00,1.00,"",-2,-1.7,209,5.9,155,4.3,143,4.0,3827835,5.2,150859,9.7,1290,14.8,7,0.4
"US000","3","5629","16","0","2025","1","",119,1495,1501,1550,22617218,2211196,33762,1148,"",1.00,1.00,1.00,1.00,1.00,1.00,1.00,1.00,"",-5,-4.0,9,0.6,5,0.3,-15,-1.0,1077780,5.0,101050,4.8,-1100,-3.2,55,5.0
"US000","3","56291","17","0","2025","1","N",4,0,0,0,0,0,0,0,"N",1.00,0,0,0,0,0,0,0,"N",0,0.0,0,0,0,0,0,0,0,0,0,0,0,0,0,0
"US000","3","562910","18","0","2025","1","N",4,0,0,0,0,0,0,0,"N",1.00,0,0,0,0,0,0,0,"N",0,0.0,0,0,0,0,0,0,0,0,0,0,0,0,0,0
"US000","3","56292","17","0","2025","1","",94,1113,1120,1129,16242738,1285472,20465,1115,"",1.00,1.00,1.00,1.00,1.00,1.00,1.00,1.00,"",-3,-3.1,17,1.6,23,2.1,23,2.1,960566,6.3,45237,3.6,-1518,-6.9,46,4.3
"US000","3","562920","18","0","2025","1","",94,1113,1120,1129,16242738,1285472,20465,1115,"",1.00,1.00,1.00,1.00,1.00,1.00,1.00,1.00,"",-3,-3.1,17,1.6,23,2.1,23,2.1,960566,6.3,45237,3.6,-1518,-6.9,46,4.3
"US000","3","56299","17","0","2025","1","N",21,0,0,0,0,0,0,0,"N",1.00,0,0,0,0,0,0,0,"N",-2,-8.7,0,0,0,0,0,0,0,0,0,0,0,0,0,0
"US000","3","562991","18","0","2025","1","N",1,0,0,0,0,0,0,0,"N",1.00,0,0,0,0,0,0,0,"N",0,0.0,0,0,0,0,0,0,0,0,0,0,0,0,0,0
"US000","3","562998","18","0","2025","1","N",20,0,0,0,0,0,0,0,"N",1.00,0,0,0,0,0,0,0,"N",-2,-9.1,0,0,0,0,0,0,0,0,0,0,0,0,0,0
"US000","3","61","14","0","2025","1","",66366,8265781,8382657,8411029,125127439379,3265725591,17630749,1152,"",1.00,1.00,1.00,1.00,1.00,1.00,1.00,1.00,"",60,0.1,82187,1.0,82429,1.0,68993,0.8,3887348532,3.2,111051386,3.5,110402,0.6,25,2.2
"US000","3","611","15","0","2025","1","",66366,8265781,8382657,8411029,125127439379,3265725591,17630749,1152,"",1.00,1.00,1.00,1.00,1.00,1.00,1.00,1.00,"",60,0.1,82187,1.0,82429,1.0,68993,0.8,3887348532,3.2,111051386,3.5,110402,0.6,25,2.2
"US000","3","6111","16","0","2025","1","",63597,7762594,7831945,7848212,116851235365,3000543744,16411291,1150,"",1.00,1.00,1.00,1.00,1.00,1.00,1.00,1.00,"",48,0.1,69538,0.9,72622,0.9,56068,0.7,3412502760,3.0,105025974,3.6,205591,1.3,24,2.1
"US000","3","61111","17","0","2025","1","",63597,7762594,7831945,7848212,116851235365,3000543744,16411291,1150,"",1.00,1.00,1.00,1.00,1.00,1.00,1.00,1.00,"",48,0.1,69538,0.9,72622,0.9,56068,0.7,3412502760,3.0,105025974,3.6,205591,1.3,24,2.1
"US000","3","611110","18","0","2025","1","",63597,7762594,7831945,7848212,116851235365,3000543744,16411291,1150,"",1.00,1.00,1.00,1.00,1.00,1.00,1.00,1.00,"",48,0.1,69538,0.9,72622,0.9,56068,0.7,3412502760,3.0,105025974,3.6,205591,1.3,24,2.1
"US000","3","6112","16","0","2025","1","",1440,365776,409925,421316,5844924340,188519823,827147,1127,"",1.00,1.00,1.00,1.00,1.00,1.00,1.00,1.00,"",9,0.6,10105,2.8,8275,2.1,9697,2.4,271021371,4.9,4038438,2.2,-82037,-9.0,27,2.5
"US000","3","61121","17","0","2025","1","",1440,365776,409925,421316,5844924340,188519823,827147,1127,"",1.00,1.00,1.00,1.00,1.00,1.00,1.00,1.00,"",9,0.6,10105,2.8,8275,2.1,9697,2.4,271021371,4.9,4038438,2.2,-82037,-9.0,27,2.5
"US000","3","611210","18","0","2025","1","",1440,365776,409925,421316,5844924340,188519823,827147,1127,"",1.00,1.00,1.00,1.00,1.00,1.00,1.00,1.00,"",9,0.6,10105,2.8,8275,2.1,9697,2.4,271021371,4.9,4038438,2.2,-82037,-9.0,27,2.5
"US000","3","6113","16","0","2025","1","",479,77450,79389,80083,1663420996,11408668,65972,1620,"",1.00,1.00,1.00,1.00,1.00,1.00,1.00,1.00,"",15,3.2,3679,5.0,3656,4.8,3771,4.9,189999503,12.9,1560643,15.8,-5764,-8.0,114,7.6
"US000","3","61131","17","0","2025","1","",479,77450,79389,80083,1663420996,11408668,65972,1620,"",1.00,1.00,1.00,1.00,1.00,1.00,1.00,1.00,"",15,3.2,3679,5.0,3656,4.8,3771,4.9,189999503,12.9,1560643,15.8,-5764,-8.0,114,7.6
"US000","3","611310","18","0","2025","1","",479,77450,79389,80083,1663420996,11408668,65972,1620,"",1.00,1.00,1.00,1.00,1.00,1.00,1.00,1.00,"",15,3.2,3679,5.0,3656,4.8,3771,4.9,189999503,12.9,1560643,15.8,-5764,-8.0,114,7.6
"US000","3","6114","16","0","2025","1","",80,2274,2288,2309,31810828,3175586,15093,1068,"",1.00,1.00,1.00,1.00,1.00,1.00,1.00,1.00,"",3,3.9,224,10.9,180,8.5,156,7.2,2248003,7.6,400741,14.4,1145,8.2,-13,-1.2
"US000","3","61142","17","0","2025","1","",7,330,328,327,5666181,0,0,1327,"",1.00,1.00,1.00,1.00,1.00,0.00,0.00,1.00,"",0,0.0,-6,-1.8,-10,-3.0,-13,-3.8,-7999,-0.1,0,0.0,0,0.0,36,2.8
"US000","3","611420","18","0","2025","1","",7,330,328,327,5666181,0,0,1327,"",1.00,1.00,1.00,1.00,1.00,0.00,0.00,1.00,"",0,0.0,-6,-1.8,-10,-3.0,-13,-3.8,-7999,-0.1,0,0.0,0,0.0,36,2.8
"US000","3","61143","17","0","2025","1","",73,1944,1960,1982,26144647,3175586,15093,1025,"",1.00,1.00,1.00,1.00,1.00,1.00,1.00,1.00,"",3,4.3,230,13.4,190,10.7,169,9.3,2256002,9.4,400741,14.4,1145,8.2,-16,-1.5
"US000","3","611430","18","0","2025","1","",73,1944,1960,1982,26144647,3175586,15093,1025,"",1.00,1.00,1.00,1.00,1.00,1.00,1.00,1.00,"",3,4.3,230,13.4,190,10.7,169,9.3,2256002,9.4,400741,14.4,1145,8.2,-16,-1.5
"US000","3","6115","16","0","2025","1","",172,10343,10737,10930,143928591,27000698,99905,1038,"",1.00,1.00,1.00,1.00,1.00,1.00,1.00,1.00,"",-3,-1.7,57,0.6,159,1.5,296,2.8,5061014,3.6,2012498,8.1,-22308,-18.3,21,2.1
"US000","3","61151","17","0","2025","1","",172,10343,10737,10930,143928591,27000698,99905,1038,"",1.00,1.00,1.00,1.00,1.00,1.00,1.00,1.00,"",-3,-1.7,57,0.6,159,1.5,296,2.8,5061014,3.6,2012498,8.1,-22308,-18.3,21,2.1
"US000","3","611512","18","0","2025","1","",4,98,110,110,1203176,347281,1544,873,"",1.00,1.00,1.00,1.00,1.00,1.00,1.00,1.00,"",0,0.0,3,3.2,15,15.8,3,2.8,223372,22.8,117668,51.2,210,15.7,112,14.7
"US000","3","611513","18","0","2025","1","",33,2220,2155,2202,31178165,4738898,47138,1094,"",1.00,1.00,1.00,1.00,1.00,1.00,1.00,1.00,"",-1,-2.9,24,1.1,35,1.7,74,3.5,1673879,5.7,292751,6.6,2844,6.4,37,3.5
"US000","3","611519","18","0","2025","1","",135,8025,8472,8618,111547250,21914519,51223,1025,"",1.00,1.00,1.00,1.00,1.00,1.00,1.00,1.00,"",-2,-1.5,30,0.4,109,1.3,219,2.6,3163763,2.9,1602079,7.9,-25362,-33.1,15,1.5
"US000","3","6116","16","0","2025","1","",195,8333,8482,8815,88248820,1740608,22237,795,"",1.00,1.00,1.00,1.00,1.00,1.00,1.00,1.00,"",-7,-3.5,420,5.3,358,4.4,456,5.5,4181539,5.0,156643,9.9,-2006,-8.3,0,0.0
"US000","3","61161","17","0","2025","1","",9,239,235,240,2141092,0,0,692,"",1.00,1.00,1.00,1.00,1.00,0.00,0.00,1.00,"",0,0.0,21,9.6,12,5.4,16,7.1,105406,5.2,0,0.0,0,0.0,-14,-2.0
"US000","3","611610","18","0","2025","1","",9,239,235,240,2141092,0,0,692,"",1.00,1.00,1.00,1.00,1.00,0.00,0.00,1.00,"",0,0.0,21,9.6,12,5.4,16,7.1,105406,5.2,0,0.0,0,0.0,-14,-2.0
"US000","3","61162","17","0","2025","1","",66,2499,2549,2733,21752813,507741,15412,645,"",1.00,1.00,1.00,1.00,1.00,1.00,1.00,1.00,"",-2,-2.9,97,4.0,128,5.3,215,8.5,1412321,6.9,-10489,-2.0,-1288,-7.7,6,0.9
"US000","3","611620","18","0","2025","1","",66,2499,2549,2733,21752813,507741,15412,645,"",1.00,1.00,1.00,1.00,1.00,1.00,1.00,1.00,"",-2,-2.9,97,4.0,128,5.3,215,8.5,1412321,6.9,-10489,-2.0,-1288,-7.7,6,0.9
"US000","3","61163","17","0","2025","1","",6,211,221,220,2453842,820315,4268,869,"",1.00,1.00,1.00,1.00,1.00,1.00,1.00,1.00,"",0,0.0,43,25.6,55,33.1,52,31.0,259524,11.8,165798,25.3,-376,-8.1,-140,-13.9
"US000","3","611630","18","0","2025","1","",6,211,221,220,2453842,820315,4268,869,"",1.00,1.00,1.00,1.00,1.00,1.00,1.00,1.00,"",0,0.0,43,25.6,55,33.1,52,31.0,259524,11.8,165798,25.3,-376,-8.1,-140,-13.9
"US000","3","61169","17","0","2025","1","",114,5384,5477,5622,61901073,412552,2557,867,"",1.00,1.00,1.00,1.00,1.00,1.00,1.00,1.00,"",-5,-4.2,259,5.1,163,3.1,173,3.2,2404288,4.0,1334,0.3,-342,-11.8,3,0.3
"US000","3","611691","18","0","2025","1","",48,3412,3445,3550,37796959,156244,461,838,"",1.00,1.00,1.00,1.00,1.00,1.00,1.00,1.00,"",-3,-5.9,254,8.0,126,3.8,191,5.7,2047396,5.7,34,0.0,-42,-8.3,-1,-0.1
"US000","3","611692","18","0","2025","1","",1,6,4,6,33496,0,0,483,"",1.00,1.00,1.00,1.00,1.00,0.00,0.00,1.00,"",0,0.0,1,20.0,-1,-20.0,1,20.0,4366,15.0,0,0.0,0,0.0,35,7.8
"US000","3","611699","18","0","2025","1","",65,1966,2028,2066,24070618,256308,2096,917,"",1.00,1.00,1.00,1.00,1.00,1.00,1.00,1.00,"",-2,-3.0,4,0.2,38,1.9,-19,-0.9,352526,1.5,1300,0.5,-300,-12.5,10,1.1
"US000","3","6117","16","0","2025","1","",403,39011,39891,39364,503870439,33336464,189104,983,"",1.00,1.00,1.00,1.00,1.00,1.00,1.00,1.00,"",-5,-1.2,-1836,-4.5,-2821,-6.6,-1451,-3.6,2334342,0.5,-2143551,-6.0,15781,9.1,52,5.6
"US000","3","61171","17","0","2025","1","",403,39011,39891,39364,503870439,33336464,189104,983,"",1.00,1.00,1.00,1.00,1.00,1.00,1.00,1.00,"",-5,-1.2,-1836,-4.5,-2821,-6.6,-1451,-3.6,2334342,0.5,-2143551,-6.0,15781,9.1,52,5.6
"US000","3","611710","18","0","2025","1","",403,39011,39891,39364,503870439,33336464,189104,983,"",1.00,1.00,1.00,1.00,1.00,1.00,1.00,1.00,"",-5,-1.2,-1836,-4.5,-2821,-6.6,-1451,-3.6,2334342,0.5,-2143551,-6.0,15781,9.1,52,5.6
"US000","3","62","14","0","2025","1","",7298,960045,961589,964761,19071737303,1079974080,7316296,1525,"",1.00,1.00,1.00,1.00,1.00,1.00,1.00,1.00,"",32,0.4,16061,1.7,13042,1.4,11645,1.2,860447755,4.7,46396687,4.5,-488008,-6.3,48,3.2
"US000","3","621","15","0","2025","1","",2279,87969,88149,88353,1710215063,233581476,2335194,1492,"",1.00,1.00,1.00,1.00,1.00,1.00,1.00,1.00,"",17,0.8,5742,7.0,5051,6.1,4866,5.8,157118206,10.1,17746498,8.2,376264,19.2,52,3.6
"US000","3","6211","16","0","2025","1","",808,24555,24606,24728,585419347,70247856,815287,1828,"",1.00,1.00,1.00,1.00,1.00,1.00,1.00,1.00,"",22,2.8,2090,9.3,2124,9.4,2152,9.5,57787580,11.0,8284267,13.4,386459,90.1,25,1.4
"US000","3","62111","17","0","2025","1","",808,24555,24606,24728,585419347,70247856,815287,1828,"",1.00,1.00,1.00,1.00,1.00,1.00,1.00,1.00,"",22,2.8,2090,9.3,2124,9.4,2152,9.5,57787580,11.0,8284267,13.4,386459,90.1,25,1.4
"US000","3","621111","18","0","2025","1","",791,24060,24115,24234,577269157,67608269,735288,1840,"",1.00,1.00,1.00,1.00,1.00,1.00,1.00,1.00,"",22,2.9,2078,9.5,2111,9.6,2146,9.7,57594091,11.1,8197724,13.8,371787,102.3,25,1.4
"US000","3","621112","18","0","2025","1","",17,495,491,494,8150190,2639587,79999,1271,"",1.00,1.00,1.00,1.00,1.00,1.00,1.00,1.00,"",0,0.0,12,2.5,13,2.7,6,1.2,193489,2.4,86543,3.4,14672,22.5,4,0.3
"US000","3","6212","16","0","2025","1","",9,267,261,267,5161262,1227271,72304,1498,"",1.00,1.00,1.00,1.00,1.00,1.00,1.00,1.00,"",-1,-10.0,15,6.0,5,2.0,10,3.9,64549,1.3,-42404,-3.3,491,0.7,-39,-2.5
"US000","3","62121","17","0","2025","1","",9,267,261,267,5161262,1227271,72304,1498,"",1.00,1.00,1.00,1.00,1.00,1.00,1.00,1.00,"",-1,-10.0,15,6.0,5,2.0,10,3.9,64549,1.3,-42404,-3.3,491,0.7,-39,-2.5
"US000","3","621210","18","0","2025","1","",9,267,261,267,5161262,1227271,72304,1498,"",1.00,1.00,1.00,1.00,1.00,1.00,1.00,1.00,"",-1,-10.0,15,6.0,5,2.0,10,3.9,64549,1.3,-42404,-3.3,491,0.7,-39,-2.5
"US000","3","6213","16","0","2025","1","",106,2724,2702,2710,40755886,9720003,188322,1156,"",1.00,1.00,1.00,1.00,1.00,1.00,1.00,1.00,"",-12,-10.2,78,2.9,45,1.7,31,1.2,1716439,4.4,386434,4.1,-9536,-4.8,27,2.4
"US000","3","62131","17","0","2025","1","N",1,0,0,0,0,0,0,0,"N",1.00,0,0,0,0,0,0,0,"N",0,0.0,0,0,0,0,0,0,0,0,0,0,0,0,0,0
"US000","3","621310","18","0","2025","1","N",1,0,0,0,0,0,0,0,"N",1.00,0,0,0,0,0,0,0,"N",0,0.0,0,0,0,0,0,0,0,0,0,0,0,0,0,0
"US000","3","62133","17","0","2025","1","",40,1330,1317,1313,20078431,5932211,26106,1170,"",1.00,1.00,1.00,1.00,1.00,1.00,1.00,1.00,"",0,0.0,49,3.8,29,2.3,14,1.1,458778,2.3,247753,4.4,-16174,-38.3,-1,-0.1
"US000","3","621330","18","0","2025","1","",40,1330,1317,1313,20078431,5932211,26106,1170,"",1.00,1.00,1.00,1.00,1.00,1.00,1.00,1.00,"",0,0.0,49,3.8,29,2.3,14,1.1,458778,2.3,247753,4.4,-16174,-38.3,-1,-0.1
"US000","3","62134","17","0","2025","1","N",21,0,0,0,0,0,0,0,"N",1.00,0,0,0,0,0,0,0,"N",-5,-19.2,0,0,0,0,0,0,0,0,0,0,0,0,0,0
"US000","3","621340","18","0","2025","1","N",21,0,0,0,0,0,0,0,"N",1.00,0,0,0,0,0,0,0,"N",-5,-19.2,0,0,0,0,0,0,0,0,0,0,0,0,0,0
"US000","3","62139","17","0","2025","1","",44,739,732,745,11448792,1414832,14959,1192,"",1.00,1.00,1.00,1.00,1.00,1.00,1.00,1.00,"",-7,-13.7,1,0.1,-13,-1.7,0,0.0,803556,7.5,-181915,-11.4,-1353,-8.3,89,8.1
"US000","3","621399","18","0","2025","1","",44,739,732,745,11448792,1414832,14959,1192,"",1.00,1.00,1.00,1.00,1.00,1.00,1.00,1.00,"",-7,-13.7,1,0.1,-13,-1.7,0,0.0,803556,7.5,-181915,-11.4,-1353,-8.3,89,8.1
"US000","3","6214","16","0","2025","1","",512,36795,36960,37072,722181608,90907809,870177,1504,"",1.00,1.00,1.00,1.00,1.00,1.00,1.00,1.00,"",8,1.6,2826,8.3,2238,6.4,2163,6.2,73794475,11.4,4097687,4.7,49875,6.1,60,4.2
"US000","3","62141","17","0","2025","1","",10,275,253,253,3805331,1585206,8606,1124,"",1.00,1.00,1.00,1.00,1.00,1.00,1.00,1.00,"",-1,-9.1,-6,-2.1,-28,-10.0,-32,-11.2,-359704,-8.6,-131778,-7.7,-9782,-53.2,-11,-1.0
"US000","3","621410","18","0","2025","1","",10,275,253,253,3805331,1585206,8606,1124,"",1.00,1.00,1.00,1.00,1.00,1.00,1.00,1.00,"",-1,-9.1,-6,-2.1,-28,-10.0,-32,-11.2,-359704,-8.6,-131778,-7.7,-9782,-53.2,-11,-1.0
"US000","3","62142","17","0","2025","1","",247,15542,15645,15642,237189189,48506833,381800,1169,"",1.00,1.00,1.00,1.00,1.00,1.00,1.00,1.00,"",2,0.8,1091,7.5,598,4.0,518,3.4,14340174,6.4,722693,1.5,-115381,-23.2,17,1.5
"US000","3","621420","18","0","2025","1","",247,15542,15645,15642,237189189,48506833,381800,1169,"",1.00,1.00,1.00,1.00,1.00,1.00,1.00,1.00,"",2,0.8,1091,7.5,598,4.0,518,3.4,14340174,6.4,722693,1.5,-115381,-23.2,17,1.5
"US000","3","62149","17","0","2025","1","",255,20978,21062,21177,481187088,40815770,479771,1757,"",1.00,1.00,1.00,1.00,1.00,1.00,1.00,1.00,"",7,2.8,1741,9.1,1668,8.6,1677,8.6,59814005,14.2,3506772,9.4,175038,57.4,84,5.0
"US000","3","621491","18","0","2025","1","",1,114,115,118,1987575,0,0,1322,"",1.00,1.00,1.00,1.00,1.00,0.00,0.00,1.00,"",0,0.0,5,4.6,9,8.5,10,9.3,-117013,-5.6,0,0.0,0,0.0,-182,-12.1
"US000","3","621492","18","0","2025","1","N",2,0,0,0,0,0,0,0,"N",1.00,0,0,0,0,0,0,0,"N",0,0.0,0,0,0,0,0,0,0,0,0,0,0,0,0,0
"US000","3","621493","18","0","2025","1","N",27,0,0,0,0,0,0,0,"N",1.00,0,0,0,0,0,0,0,"N",0,0.0,0,0,0,0,0,0,0,0,0,0,0,0,0,0
"US000","3","621498","18","0","2025","1","",225,17868,17950,18062,416131234,23844442,279905,1782,"",1.00,1.00,1.00,1.00,1.00,1.00,1.00,1.00,"",7,3.2,1572,9.6,1490,9.1,1523,9.2,55535255,15.4,2029465,9.3,41193,17.3,94,5.6
"US000","3","6215","16","0","2025","1","",16,244,241,243,4612863,0,0,1462,"",1.00,1.00,1.00,1.00,1.00,0.00,0.00,1.00,"",-1,-5.9,19,8.4,14,6.2,17,7.5,466160,11.2,0,0.0,0,0.0,51,3.6
"US000","3","62151","17","0","2025","1","",16,244,241,243,4612863,0,0,1462,"",1.00,1.00,1.00,1.00,1.00,0.00,0.00,1.00,"",-1,-5.9,19,8.4,14,6.2,17,7.5,466160,11.2,0,0.0,0,0.0,51,3.6
"US000","3","621511","18","0","2025","1","",9,152,149,150,3387001,0,0,1733,"",1.00,1.00,1.00,1.00,1.00,0.00,0.00,1.00,"",-1,-10.0,7,4.8,2,1.4,5,3.4,323564,10.6,0,0.0,0,0.0,115,7.1
"US000","3","621512","18","0","2025","1","",7,92,92,93,1225862,0,0,1021,"",1.00,1.00,1.00,1.00,1.00,0.00,0.00,1.00,"",0,0.0,12,15.0,12,15.0,12,14.8,142596,13.2,0,0.0,0,0.0,-16,-1.5
"US000","3","6216","16","0","2025","1","",99,2878,2862,2864,44933148,7055884,75038,1205,"",1.00,1.00,1.00,1.00,1.00,1.00,1.00,1.00,"",2,2.1,73,2.6,57,2.0,48,1.7,1332927,3.1,344375,5.1,17525,30.5,11,0.9
"US000","3","62161","17","0","2025","1","",99,2878,2862,2864,44933148,7055884,75038,1205,"",1.00,1.00,1.00,1.00,1.00,1.00,1.00,1.00,"",2,2.1,73,2.6,57,2.0,48,1.7,1332927,3.1,344375,5.1,17525,30.5,11,0.9
"US000","3","621610","18","0","2025","1","",99,2878,2862,2864,44933148,7055884,75038,1205,"",1.00,1.00,1.00,1.00,1.00,1.00,1.00,1.00,"",2,2.1,73,2.6,57,2.0,48,1.7,1332927,3.1,344375,5.1,17525,30.5,11,0.9
"US000","3","6219","16","0","2025","1","",729,20506,20517,20469,307150949,54422653,314066,1153,"",1.00,1.00,1.00,1.00,1.00,1.00,1.00,1.00,"",-1,-0.1,641,3.2,568,2.8,445,2.2,21956076,7.7,4676139,9.4,-68550,-17.9,53,4.8
"US000","3","62191","17","0","2025","1","",620,18664,18700,18648,280663992,50232858,297349,1156,"",1.00,1.00,1.00,1.00,1.00,1.00,1.00,1.00,"",0,0.0,685,3.8,644,3.6,522,2.9,21680182,8.4,4802674,10.6,-54060,-15.4,53,4.8
"US000","3","621910","18","0","2025","1","",620,18664,18700,18648,280663992,50232858,297349,1156,"",1.00,1.00,1.00,1.00,1.00,1.00,1.00,1.00,"",0,0.0,685,3.8,644,3.6,522,2.9,21680182,8.4,4802674,10.6,-54060,-15.4,53,4.8
"US000","3","62199","17","0","2025","1","",109,1842,1817,1821,26486957,4189795,16717,1115,"",1.00,1.00,1.00,1.00,1.00,1.00,1.00,1.00,"",-1,-0.9,-44,-2.3,-76,-4.0,-77,-4.1,275894,1.1,-126535,-2.9,-14490,-46.4,50,4.7
"US000","3","621991","18","0","2025","1","",1,56,57,58,746255,0,0,1007,"",1.00,1.00,1.00,1.00,1.00,0.00,0.00,1.00,"",0,0.0,4,7.7,3,5.6,4,7.4,72370,10.7,0,0.0,0,0.0,35,3.6
"US000","3","621999","18","0","2025","1","",108,1786,1760,1763,25740702,4189795,16717,1119,"",1.00,1.00,1.00,1.00,1.00,1.00,1.00,1.00,"",-1,-0.9,-48,-2.6,-79,-4.3,-81,-4.4,203524,0.8,-126535,-2.9,-14490,-46.4,51,4.8
"US000","3","622","15","0","2025","1","",1448,695007,696238,698726,14789271713,444238318,1526939,1633,"",1.00,1.00,1.00,1.00,1.00,1.00,1.00,1.00,"",2,0.1,6095,0.9,4914,0.7,3917,0.6,562615295,4.0,18302436,4.3,-121848,-7.4,51,3.2
"US000","3","6221","16","0","2025","1","",1427,691116,692364,694841,14708765504,443249820,1518749,1633,"",1.00,1.00,1.00,1.00,1.00,1.00,1.00,1.00,"",0,0.0,5922,0.9,4739,0.7,3739,0.5,554073619,3.9,18248024,4.3,-119178,-7.3,50,3.2
"US000","3","62211","17","0","2025","1","",1427,691116,692364,694841,14708765504,443249820,1518749,1633,"",1.00,1.00,1.00,1.00,1.00,1.00,1.00,1.00,"",0,0.0,5922,0.9,4739,0.7,3739,0.5,554073619,3.9,18248024,4.3,-119178,-7.3,50,3.2
"US000","3","622110","18","0","2025","1","",1427,691116,692364,694841,14708765504,443249820,1518749,1633,"",1.00,1.00,1.00,1.00,1.00,1.00,1.00,1.00,"",0,0.0,5922,0.9,4739,0.7,3739,0.5,554073619,3.9,18248024,4.3,-119178,-7.3,50,3.2
"US000","3","6222","16","0","2025","1","",17,3168,3147,3159,58040014,988498,8190,1414,"",1.00,1.00,1.00,1.00,1.00,1.00,1.00,1.00,"",2,13.3,158,5.2,160,5.4,164,5.5,4927068,9.3,54412,5.8,-2670,-24.6,51,3.7
"US000","3","62221","17","0","2025","1","",17,3168,3147,3159,58040014,988498,8190,1414,"",1.00,1.00,1.00,1.00,1.00,1.00,1.00,1.00,"",2,13.3,158,5.2,160,5.4,164,5.5,4927068,9.3,54412,5.8,-2670,-24.6,51,3.7
"US000","3","622210","18","0","2025","1","",17,3168,3147,3159,58040014,988498,8190,1414,"",1.00,1.00,1.00,1.00,1.00,1.00,1.00,1.00,"",2,13.3,158,5.2,160,5.4,164,5.5,4927068,9.3,54412,5.8,-2670,-24.6,51,3.7
"US000","3","6223","16","0","2025","1","",4,723,727,726,22466195,0,0,2383,"",1.00,1.00,1.00,1.00,1.00,0.00,0.00,1.00,"",0,0.0,15,2.1,15,2.1,14,2.0,3614608,19.2,0,0.0,0,0.0,342,16.8
"US000","3","62231","17","0","2025","1","",4,723,727,726,22466195,0,0,2383,"",1.00,1.00,1.00,1.00,1.00,0.00,0.00,1.00,"",0,0.0,15,2.1,15,2.1,14,2.0,3614608,19.2,0,0.0,0,0.0,342,16.8
"US000","3","622310","18","0","2025","1","",4,723,727,726,22466195,0,0,2383,"",1.00,1.00,1.00,1.00,1.00,0.00,0.00,1.00,"",0,0.0,15,2.1,15,2.1,14,2.0,3614608,19.2,0,0.0,0,0.0,342,16.8
"US000","3","623","15","0","2025","1","",731,55359,55412,55500,746222590,99657026,548792,1036,"",1.00,1.00,1.00,1.00,1.00,1.00,1.00,1.00,"",5,0.7,385,0.7,276,0.5,236,0.4,29764882,4.2,2117195,2.2,-239737,-30.4,36,3.6
"US000","3","6231","16","0","2025","1","",309,40691,40742,40820,558065730,34437814,190940,1053,"",1.00,1.00,1.00,1.00,1.00,1.00,1.00,1.00,"",-1,-0.3,758,1.9,629,1.6,583,1.4,27131653,5.1,2647580,8.3,-11377,-5.6,34,3.3
"US000","3","62311","17","0","2025","1","",309,40691,40742,40820,558065730,34437814,190940,1053,"",1.00,1.00,1.00,1.00,1.00,1.00,1.00,1.00,"",-1,-0.3,758,1.9,629,1.6,583,1.4,27131653,5.1,2647580,8.3,-11377,-5.6,34,3.3
"US000","3","623110","18","0","2025","1","",309,40691,40742,40820,558065730,34437814,190940,1053,"",1.00,1.00,1.00,1.00,1.00,1.00,1.00,1.00,"",-1,-0.3,758,1.9,629,1.6,583,1.4,27131653,5.1,2647580,8.3,-11377,-5.6,34,3.3
"US000","3","6232","16","0","2025","1","",328,9817,9853,9829,130511094,54132958,317931,1021,"",1.00,1.00,1.00,1.00,1.00,1.00,1.00,1.00,"",8,2.5,-458,-4.5,-413,-4.0,-367,-3.6,-405206,-0.3,-2120611,-3.8,-234694,-42.5,38,3.9
"US000","3","62321","17","0","2025","1","",213,6436,6481,6444,80443568,34903185,189578,959,"",1.00,1.00,1.00,1.00,1.00,1.00,1.00,1.00,"",-2,-0.9,-181,-2.7,-141,-2.1,-161,-2.4,552407,0.7,-665675,-1.9,-120805,-38.9,30,3.2
"US000","3","623210","18","0","2025","1","",213,6436,6481,6444,80443568,34903185,189578,959,"",1.00,1.00,1.00,1.00,1.00,1.00,1.00,1.00,"",-2,-0.9,-181,-2.7,-141,-2.1,-161,-2.4,552407,0.7,-665675,-1.9,-120805,-38.9,30,3.2
"US000","3","62322","17","0","2025","1","",115,3381,3372,3385,50067526,19229773,128353,1140,"",1.00,1.00,1.00,1.00,1.00,1.00,1.00,1.00,"",10,9.5,-277,-7.6,-272,-7.5,-206,-5.7,-957613,-1.9,-1454936,-7.0,-113889,-47.0,59,5.5
"US000","3","623220","18","0","2025","1","",115,3381,3372,3385,50067526,19229773,128353,1140,"",1.00,1.00,1.00,1.00,1.00,1.00,1.00,1.00,"",10,9.5,-277,-7.6,-272,-7.5,-206,-5.7,-957613,-1.9,-1454936,-7.0,-113889,-47.0,59,5.5
"US000","3","6233","16","0","2025","1","",50,3349,3308,3330,39345530,8404141,27288,909,"",1.00,1.00,1.00,1.00,1.00,1.00,1.00,1.00,"",-2,-3.8,73,2.2,33,1.0,-3,-0.1,1703938,4.5,1421026,20.3,1659,6.5,30,3.4
"US000","3","62331","17","0","2025","1","",50,3349,3308,3330,39345530,8404141,27288,909,"",1.00,1.00,1.00,1.00,1.00,1.00,1.00,1.00,"",-2,-3.8,73,2.2,33,1.0,-3,-0.1,1703938,4.5,1421026,20.3,1659,6.5,30,3.4
"US000","3","623311","18","0","2025","1","",24,2671,2631,2657,32786694,7708189,21006,951,"",1.00,1.00,1.00,1.00,1.00,1.00,1.00,1.00,"",-1,-4.0,64,2.5,28,1.1,-11,-0.4,1505846,4.8,1417501,22.5,3808,22.1,35,3.8
"US000","3","623312","18","0","2025","1","",26,678,677,673,6558836,695952,6282,746,"",1.00,1.00,1.00,1.00,1.00,1.00,1.00,1.00,"",-1,-3.7,9,1.3,5,0.7,8,1.2,198092,3.1,3525,0.5,-2149,-25.5,14,1.9
"US000","3","6239","16","0","2025","1","",44,1502,1509,1521,18300236,2682113,12633,932,"",1.00,1.00,1.00,1.00,1.00,1.00,1.00,1.00,"",0,0.0,12,0.8,27,1.8,23,1.5,1334497,7.9,169200,6.7,4675,58.7,56,6.4
"US000","3","62399","17","0","2025","1","",44,1502,1509,1521,18300236,2682113,12633,932,"",1.00,1.00,1.00,1.00,1.00,1.00,1.00,1.00,"",0,0.0,12,0.8,27,1.8,23,1.5,1334497,7.9,169200,6.7,4675,58.7,56,6.4
"US000","3","623990","18","0","2025","1","",44,1502,1509,1521,18300236,2682113,12633,932,"",1.00,1.00,1.00,1.00,1.00,1.00,1.00,1.00,"",0,0.0,12,0.8,27,1.8,23,1.5,1334497,7.9,169200,6.7,4675,58.7,56,6.4
"US000","3","624","15","0","2025","1","",2840,121710,121790,122182,1826027937,302497260,2905371,1152,"",1.00,1.00,1.00,1.00,1.00,1.00,1.00,1.00,"",8,0.3,3839,3.3,2801,2.4,2626,2.2,110949372,6.5,8230558,2.8,-502687,-14.7,42,3.8
"US000","3","6241","16","0","2025","1","",1828,101193,101191,101546,1570806247,250874294,2074871,1193,"",1.00,1.00,1.00,1.00,1.00,1.00,1.00,1.00,"",18,1.0,3477,3.6,2650,2.7,2478,2.5,99148142,6.7,10181376,4.2,-560803,-21.3,43,3.7
"US000","3","62411","17","0","2025","1","",257,17557,17477,17559,258278107,18032474,136028,1133,"",1.00,1.00,1.00,1.00,1.00,1.00,1.00,1.00,"",-3,-1.2,705,4.2,648,3.9,697,4.1,18840475,7.9,275562,1.6,-36396,-21.1,40,3.7
"US000","3","624110","18","0","2025","1","",257,17557,17477,17559,258278107,18032474,136028,1133,"",1.00,1.00,1.00,1.00,1.00,1.00,1.00,1.00,"",-3,-1.2,705,4.2,648,3.9,697,4.1,18840475,7.9,275562,1.6,-36396,-21.1,40,3.7
"US000","3","62412","17","0","2025","1","",778,26383,26419,26486,356998307,88625753,630555,1039,"",1.00,1.00,1.00,1.00,1.00,1.00,1.00,1.00,"",3,0.4,805,3.1,726,2.8,687,2.7,21653793,6.5,2995038,3.5,-297251,-32.0,35,3.5
"US000","3","624120","18","0","2025","1","",778,26383,26419,26486,356998307,88625753,630555,1039,"",1.00,1.00,1.00,1.00,1.00,1.00,1.00,1.00,"",3,0.4,805,3.1,726,2.8,687,2.7,21653793,6.5,2995038,3.5,-297251,-32.0,35,3.5
"US000","3","62419","17","0","2025","1","",793,57253,57295,57501,955529833,144216067,1308288,1282,"",1.00,1.00,1.00,1.00,1.00,1.00,1.00,1.00,"",18,2.3,1967,3.6,1276,2.3,1094,1.9,58653874,6.5,6910776,5.0,-227156,-14.8,48,3.9
"US000","3","624190","18","0","2025","1","",793,57253,57295,57501,955529833,144216067,1308288,1282,"",1.00,1.00,1.00,1.00,1.00,1.00,1.00,1.00,"",18,2.3,1967,3.6,1276,2.3,1094,1.9,58653874,6.5,6910776,5.0,-227156,-14.8,48,3.9
"US000","3","6242","16","0","2025","1","",193,3871,3871,3875,50965743,14065769,287193,1012,"",1.00,1.00,1.00,1.00,1.00,1.00,1.00,1.00,"",-6,-3.0,179,4.8,173,4.7,174,4.7,4209558,9.0,990372,7.6,63744,28.5,39,4.0
"US000","3","62421","17","0","2025","1","",80,882,888,887,7138759,3110839,85164,620,"",1.00,1.00,1.00,1.00,1.00,1.00,1.00,1.00,"",-3,-3.6,46,5.5,52,6.2,45,5.3,312587,4.6,215712,7.5,6553,8.3,-7,-1.1
"US000","3","624210","18","0","2025","1","",80,882,888,887,7138759,3110839,85164,620,"",1.00,1.00,1.00,1.00,1.00,1.00,1.00,1.00,"",-3,-3.6,46,5.5,52,6.2,45,5.3,312587,4.6,215712,7.5,6553,8.3,-7,-1.1
"US000","3","62422","17","0","2025","1","",85,2498,2494,2502,36623621,9632194,193163,1128,"",1.00,1.00,1.00,1.00,1.00,1.00,1.00,1.00,"",-2,-2.3,98,4.1,87,3.6,108,4.5,3516787,10.6,684989,7.7,63316,48.8,67,6.3
"US000","3","624221","18","0","2025","1","",17,404,414,415,7898505,3604445,39436,1478,"",1.00,1.00,1.00,1.00,1.00,1.00,1.00,1.00,"",1,6.2,78,23.9,86,26.2,91,28.1,1636352,26.1,491802,15.8,25641,185.9,0,0.0
"US000","3","624229","18","0","2025","1","",68,2094,2080,2087,28725116,6027749,153727,1059,"",1.00,1.00,1.00,1.00,1.00,1.00,1.00,1.00,"",-3,-4.2,20,1.0,1,0.0,17,0.8,1880435,7.0,193187,3.3,37675,32.5,64,6.4
"US000","3","62423","17","0","2025","1","",28,491,489,486,7203363,1322736,8866,1134,"",1.00,1.00,1.00,1.00,1.00,1.00,1.00,1.00,"",-1,-3.4,35,7.7,34,7.5,21,4.5,380184,5.6,89671,7.3,-6125,-40.9,-10,-0.9
"US000","3","624230","18","0","2025","1","",28,491,489,486,7203363,1322736,8866,1134,"",1.00,1.00,1.00,1.00,1.00,1.00,1.00,1.00,"",-1,-3.4,35,7.7,34,7.5,21,4.5,380184,5.6,89671,7.3,-6125,-40.9,-10,-0.9
"US000","3","6243","16","0","2025","1","",189,5069,5138,5165,65975897,20098383,228380,990,"",1.00,1.00,1.00,1.00,1.00,1.00,1.00,1.00,"",-5,-2.6,-115,-2.2,-212,-4.0,-215,-4.0,-1031618,-1.5,-4121138,-17.0,-16199,-6.6,18,1.9
"US000","3","62431","17","0","2025","1","",189,5069,5138,5165,65975897,20098383,228380,990,"",1.00,1.00,1.00,1.00,1.00,1.00,1.00,1.00,"",-5,-2.6,-115,-2.2,-212,-4.0,-215,-4.0,-1031618,-1.5,-4121138,-17.0,-16199,-6.6,18,1.9
"US000","3","624310","18","0","2025","1","",189,5069,5138,5165,65975897,20098383,228380,990,"",1.00,1.00,1.00,1.00,1.00,1.00,1.00,1.00,"",-5,-2.6,-115,-2.2,-212,-4.0,-215,-4.0,-1031618,-1.5,-4121138,-17.0,-16199,-6.6,18,1.9
"US000","3","6244","16","0","2025","1","",630,11577,11590,11596,138280050,17458814,314927,918,"",1.00,1.00,1.00,1.00,1.00,1.00,1.00,1.00,"",1,0.2,298,2.6,190,1.7,189,1.7,8623290,6.7,1179948,7.2,10571,3.5,40,4.6
"US000","3","62441","17","0","2025","1","",630,11577,11590,11596,138280050,17458814,314927,918,"",1.00,1.00,1.00,1.00,1.00,1.00,1.00,1.00,"",1,0.2,298,2.6,190,1.7,189,1.7,8623290,6.7,1179948,7.2,10571,3.5,40,4.6
"US000","3","624410","18","0","2025","1","",630,11577,11590,11596,138280050,17458814,314927,918,"",1.00,1.00,1.00,1.00,1.00,1.00,1.00,1.00,"",1,0.2,298,2.6,190,1.7,189,1.7,8623290,6.7,1179948,7.2,10571,3.5,40,4.6
"US000","3","71","14","0","2025","1","",3936,283868,286261,287230,3002080781,675679270,8799364,808,"",1.00,1.00,1.00,1.00,1.00,1.00,1.00,1.00,"",15,0.4,10695,3.9,9843,3.6,7706,2.8,180298486,6.4,34164030,5.3,523336,6.3,23,2.9
"US000","3","711","15","0","2025","1","",174,6935,7171,7241,68731798,8954530,63786,743,"",1.00,1.00,1.00,1.00,1.00,1.00,1.00,1.00,"",-2,-1.1,271,4.1,-288,-3.9,255,3.7,4747082,7.4,317232,3.7,4361,7.3,44,6.3
"US000","3","7111","16","0","2025","1","",13,536,686,690,6498408,4369353,21652,784,"",1.00,1.00,1.00,1.00,1.00,1.00,1.00,1.00,"",0,0.0,-136,-20.2,-19,-2.7,43,6.6,378292,6.2,190488,4.6,1233,6.0,86,12.3
"US000","3","71111","17","0","2025","1","",7,458,486,489,5010859,3653466,7088,807,"",1.00,1.00,1.00,1.00,1.00,1.00,1.00,1.00,"",0,0.0,-12,-2.6,-19,-3.8,-2,-0.4,83090,1.7,134475,3.8,109,1.6,31,4.0
"US000","3","711110","18","0","2025","1","",7,458,486,489,5010859,3653466,7088,807,"",1.00,1.00,1.00,1.00,1.00,1.00,1.00,1.00,"",0,0.0,-12,-2.6,-19,-3.8,-2,-0.4,83090,1.7,134475,3.8,109,1.6,31,4.0
"US000","3","71112","17","0","2025","1","N",1,0,0,0,0,0,0,0,"N",1.00,0,0,0,0,0,0,0,"N",0,0.0,0,0,0,0,0,0,0,0,0,0,0,0,0,0
"US000","3","711120","18","0","2025","1","N",1,0,0,0,0,0,0,0,"N",1.00,0,0,0,0,0,0,0,"N",0,0.0,0,0,0,0,0,0,0,0,0,0,0,0,0,0
"US000","3","71113","17","0","2025","1","N",5,0,0,0,0,0,0,0,"N",1.00,0,0,0,0,0,0,0,"N",0,0.0,0,0,0,0,0,0,0,0,0,0,0,0,0,0
"US000","3","711130","18","0","2025","1","N",5,0,0,0,0,0,0,0,"N",1.00,0,0,0,0,0,0,0,"N",0,0.0,0,0,0,0,0,0,0,0,0,0,0,0,0,0
"US000","3","7112","16","0","2025","1","N",15,0,0,0,0,0,0,0,"N",1.00,0,0,0,0,0,0,0,"N",-2,-11.8,0,0,0,0,0,0,0,0,0,0,0,0,0,0
"US000","3","71121","17","0","2025","1","N",15,0,0,0,0,0,0,0,"N",1.00,0,0,0,0,0,0,0,"N",-2,-11.8,0,0,0,0,0,0,0,0,0,0,0,0,0,0
"US000","3","711211","18","0","2025","1","N",1,0,0,0,0,0,0,0,"N",1.00,0,0,0,0,0,0,0,"N",-1,-50.0,0,0,0,0,0,0,0,0,0,0,0,0,0,0
"US000","3","711212","18","0","2025","1","N",3,0,0,0,0,0,0,0,"N",1.00,0,0,0,0,0,0,0,"N",-1,-25.0,0,0,0,0,0,0,0,0,0,0,0,0,0,0
"US000","3","711219","18","0","2025","1","",11,430,350,353,3685636,119043,1786,751,"",1.00,1.00,1.00,1.00,1.00,1.00,1.00,1.00,"",0,0.0,52,13.8,3,0.9,-23,-6.1,205530,5.9,-51507,-30.2,-772,-30.2,22,3.0
"US000","3","7113","16","0","2025","1","N",146,0,0,0,0,0,0,0,"N",1.00,0,0,0,0,0,0,0,"N",0,0.0,0,0,0,0,0,0,0,0,0,0,0,0,0,0
"US000","3","71131","17","0","2025","1","N",140,0,0,0,0,0,0,0,"N",1.00,0,0,0,0,0,0,0,"N",1,0.7,0,0,0,0,0,0,0,0,0,0,0,0,0,0
"US000","3","711310","18","0","2025","1","N",140,0,0,0,0,0,0,0,"N",1.00,0,0,0,0,0,0,0,"N",1,0.7,0,0,0,0,0,0,0,0,0,0,0,0,0,0
"US000","3","71132","17","0","2025","1","",6,89,99,94,1191561,11016,7,975,"",1.00,1.00,1.00,1.00,1.00,1.00,1.00,1.00,"N",-1,-14.3,0,0,0,0,0,0,0,0,0,0,0,0,0,0
"US000","3","711320","18","0","2025","1","",6,89,99,94,1191561,11016,7,975,"",1.00,1.00,1.00,1.00,1.00,1.00,1.00,1.00,"N",-1,-14.3,0,0,0,0,0,0,0,0,0,0,0,0,0,0
"US000","3","712","15","0","2025","1","",733,38767,38690,39938,405470920,24865219,222876,797,"",1.00,1.00,1.00,1.00,1.00,1.00,1.00,1.00,"",2,0.3,1116,3.0,819,2.2,735,1.9,28449548,7.5,866727,3.6,-77115,-25.7,39,5.1
"US000","3","7121","16","0","2025","1","",733,38767,38690,39938,405470920,24865219,222876,797,"",1.00,1.00,1.00,1.00,1.00,1.00,1.00,1.00,"",2,0.3,1116,3.0,819,2.2,735,1.9,28449548,7.5,866727,3.6,-77115,-25.7,39,5.1
"US000","3","71211","17","0","2025","1","",167,2849,2845,2882,37066161,2073412,21043,997,"",1.00,1.00,1.00,1.00,1.00,1.00,1.00,1.00,"",0,0.0,144,5.3,63,2.3,93,3.3,3456075,10.3,93118,4.7,-1774,-7.8,60,6.4
"US000","3","712110","18","0","2025","1","",167,2849,2845,2882,37066161,2073412,21043,997,"",1.00,1.00,1.00,1.00,1.00,1.00,1.00,1.00,"",0,0.0,144,5.3,63,2.3,93,3.3,3456075,10.3,93118,4.7,-1774,-7.8,60,6.4
"US000","3","71212","17","0","2025","1","",17,110,108,111,1370495,425349,7276,961,"",1.00,1.00,1.00,1.00,1.00,1.00,1.00,1.00,"",0,0.0,-1,-0.9,0,0.0,0,0.0,57744,4.4,-56902,-11.8,862,13.4,43,4.7
"US000","3","712120","18","0","2025","1","",17,110,108,111,1370495,425349,7276,961,"",1.00,1.00,1.00,1.00,1.00,1.00,1.00,1.00,"",0,0.0,-1,-0.9,0,0.0,0,0.0,57744,4.4,-56902,-11.8,862,13.4,43,4.7
"US000","3","71213","17","0","2025","1","",17,2356,2515,2967,27642695,2670027,527,814,"",1.00,1.00,1.00,1.00,1.00,1.00,1.00,1.00,"",0,0.0,6,0.3,54,2.2,139,4.9,2281989,9.0,328282,14.0,162,44.4,48,6.3
"US000","3","712130","18","0","2025","1","",17,2356,2515,2967,27642695,2670027,527,814,"",1.00,1.00,1.00,1.00,1.00,1.00,1.00,1.00,"",0,0.0,6,0.3,54,2.2,139,4.9,2281989,9.0,328282,14.0,162,44.4,48,6.3
"US000","3","71219","17","0","2025","1","",532,33452,33222,33978,339391569,19696431,194030,778,"",1.00,1.00,1.00,1.00,1.00,1.00,1.00,1.00,"",2,0.4,967,3.0,702,2.2,503,1.5,22653740,7.2,502229,2.6,-76365,-28.2,36,4.9
"US000","3","712190","18","0","2025","1","",532,33452,33222,33978,339391569,19696431,194030,778,"",1.00,1.00,1.00,1.00,1.00,1.00,1.00,1.00,"",2,0.4,967,3.0,702,2.2,503,1.5,22653740,7.2,502229,2.6,-76365,-28.2,36,4.9
"US000","3","713","15","0","2025","1","",3029,238166,240400,240051,2527878063,641859521,8512702,812,"",1.00,1.00,1.00,1.00,1.00,1.00,1.00,1.00,"",15,0.5,9308,4.1,9312,4.0,6716,2.9,147101856,6.2,32980071,5.4,596090,7.5,20,2.5
"US000","3","7131","16","0","2025","1","",11,396,400,428,2345460,193633,774,442,"",1.00,1.00,1.00,1.00,1.00,1.00,1.00,1.00,"",0,0.0,22,5.9,9,2.3,12,2.9,117066,5.3,-3299,-1.7,167,27.5,7,1.6
"US000","3","71311","17","0","2025","1","N",10,0,0,0,0,0,0,0,"N",1.00,0,0,0,0,0,0,0,"N",0,0.0,0,0,0,0,0,0,0,0,0,0,0,0,0,0
"US000","3","713110","18","0","2025","1","N",10,0,0,0,0,0,0,0,"N",1.00,0,0,0,0,0,0,0,"N",0,0.0,0,0,0,0,0,0,0,0,0,0,0,0,0,0
"US000","3","71312","17","0","2025","1","N",1,0,0,0,0,0,0,0,"N",1.00,0,0,0,0,0,0,0,"N",0,0.0,0,0,0,0,0,0,0,0,0,0,0,0,0,0
"US000","3","713120","18","0","2025","1","N",1,0,0,0,0,0,0,0,"N",1.00,0,0,0,0,0,0,0,"N",0,0.0,0,0,0,0,0,0,0,0,0,0,0,0,0,0
"US000","3","7132","16","0","2025","1","",357,113159,113268,113545,1565775844,560388127,7610030,1063,"",1.00,1.00,1.00,1.00,1.00,1.00,1.00,1.00,"",0,0.0,2299,2.1,1841,1.7,1904,1.7,79597517,5.4,27879163,5.2,637778,9.1,36,3.5
"US000","3","71321","17","0","2025","1","",257,103802,103940,104229,1442268466,475658133,7334947,1067,"",1.00,1.00,1.00,1.00,1.00,1.00,1.00,1.00,"",1,0.4,1979,1.9,1691,1.7,1769,1.7,77495435,5.7,23483031,5.2,628166,9.4,40,3.9
"US000","3","713210","18","0","2025","1","",257,103802,103940,104229,1442268466,475658133,7334947,1067,"",1.00,1.00,1.00,1.00,1.00,1.00,1.00,1.00,"",1,0.4,1979,1.9,1691,1.7,1769,1.7,77495435,5.7,23483031,5.2,628166,9.4,40,3.9
"US000","3","71329","17","0","2025","1","",100,9357,9328,9316,123507378,84729994,275083,1018,"",1.00,1.00,1.00,1.00,1.00,1.00,1.00,1.00,"",-1,-1.0,320,3.5,150,1.6,135,1.5,2102082,1.7,4396132,5.5,9612,3.6,-5,-0.5
"US000","3","713290","18","0","2025","1","",100,9357,9328,9316,123507378,84729994,275083,1018,"",1.00,1.00,1.00,1.00,1.00,1.00,1.00,1.00,"",-1,-1.0,320,3.5,150,1.6,135,1.5,2102082,1.7,4396132,5.5,9612,3.6,-5,-0.5
"US000","3","7139","16","0","2025","1","",2661,124611,126732,126078,959756759,81277761,901898,587,"",1.00,1.00,1.00,1.00,1.00,1.00,1.00,1.00,"",15,0.6,6987,5.9,7462,6.3,4800,4.0,67387273,7.6,5104207,6.7,-41855,-4.4,12,2.1
"US000","3","71391","17","0","2025","1","",230,5777,5760,6578,43352150,9661459,90220,552,"",1.00,1.00,1.00,1.00,1.00,1.00,1.00,1.00,"",-5,-2.1,80,1.4,5,0.1,14,0.2,2562032,6.3,1488296,18.2,877,1.0,30,5.7
"US000","3","713910","18","0","2025","1","",230,5777,5760,6578,43352150,9661459,90220,552,"",1.00,1.00,1.00,1.00,1.00,1.00,1.00,1.00,"",-5,-2.1,80,1.4,5,0.1,14,0.2,2562032,6.3,1488296,18.2,877,1.0,30,5.7
"US000","3","71392","17","0","2025","1","N",4,0,0,0,0,0,0,0,"N",1.00,0,0,0,0,0,0,0,"N",-1,-20.0,0,0,0,0,0,0,0,0,0,0,0,0,0,0
"US000","3","713920","18","0","2025","1","N",4,0,0,0,0,0,0,0,"N",1.00,0,0,0,0,0,0,0,"N",-1,-20.0,0,0,0,0,0,0,0,0,0,0,0,0,0,0
"US000","3","71393","17","0","2025","1","N",32,0,0,0,0,0,0,0,"N",1.00,0,0,0,0,0,0,0,"N",-2,-5.9,0,0,0,0,0,0,0,0,0,0,0,0,0,0
"US000","3","713930","18","0","2025","1","N",32,0,0,0,0,0,0,0,"N",1.00,0,0,0,0,0,0,0,"N",-2,-5.9,0,0,0,0,0,0,0,0,0,0,0,0,0,0
"US000","3","71394","17","0","2025","1","",1152,49133,48930,49816,322743191,27740276,320820,504,"",1.00,1.00,1.00,1.00,1.00,1.00,1.00,1.00,"",-3,-0.3,2892,6.3,2066,4.4,2026,4.2,22485611,7.5,1327359,5.0,-26470,-7.6,12,2.4
"US000","3","713940","18","0","2025","1","",1152,49133,48930,49816,322743191,27740276,320820,504,"",1.00,1.00,1.00,1.00,1.00,1.00,1.00,1.00,"",-3,-0.3,2892,6.3,2066,4.4,2026,4.2,22485611,7.5,1327359,5.0,-26470,-7.6,12,2.4
"US000","3","71395","17","0","2025","1","N",2,0,0,0,0,0,0,0,"N",1.00,0,0,0,0,0,0,0,"N",0,0.0,0,0,0,0,0,0,0,0,0,0,0,0,0,0
"US000","3","713950","18","0","2025","1","N",2,0,0,0,0,0,0,0,"N",1.00,0,0,0,0,0,0,0,"N",0,0.0,0,0,0,0,0,0,0,0,0,0,0,0,0,0
"US000","3","71399","17","0","2025","1","",1241,68103,70465,68218,580536132,38966197,434970,648,"",1.00,1.00,1.00,1.00,1.00,1.00,1.00,1.00,"",26,2.1,4027,6.3,5376,8.3,2658,4.1,41906362,7.8,1994383,5.4,-16680,-3.7,10,1.6
"US000","3","713990","18","0","2025","1","",1241,68103,70465,68218,580536132,38966197,434970,648,"",1.00,1.00,1.00,1.00,1.00,1.00,1.00,1.00,"",26,2.1,4027,6.3,5376,8.3,2658,4.1,41906362,7.8,1994383,5.4,-16680,-3.7,10,1.6
"US000","3","72","14","0","2025","1","",713,103212,103566,103613,1292741254,380225853,6219537,961,"",1.00,1.00,1.00,1.00,1.00,1.00,1.00,1.00,"",8,1.1,-2630,-2.5,-2152,-2.0,-2128,-2.0,-20934257,-1.6,-30560869,-7.4,-158002,-2.5,6,0.6
"US000","3","721","15","0","2025","1","",189,91272,91668,91594,1193979396,364120920,6131911,1004,"",1.00,1.00,1.00,1.00,1.00,1.00,1.00,1.00,"",4,2.2,-2719,-2.9,-2217,-2.4,-2249,-2.4,-26490439,-2.2,-31628351,-8.0,-186749,-3.0,4,0.4
"US000","3","7211","16","0","2025","1","",148,90810,91221,91128,1190061177,362722902,6091236,1005,"",1.00,1.00,1.00,1.00,1.00,1.00,1.00,1.00,"",3,2.1,-2778,-3.0,-2259,-2.4,-2301,-2.5,-26791178,-2.2,-31672622,-8.0,-188812,-3.0,4,0.4
"US000","3","72111","17","0","2025","1","",40,3597,3633,3588,36775192,18816936,98629,784,"",1.00,1.00,1.00,1.00,1.00,1.00,1.00,1.00,"",2,5.3,-56,-1.5,167,4.8,151,4.4,1911833,5.5,1559165,9.0,27571,38.8,22,2.9
"US000","3","721110","18","0","2025","1","",40,3597,3633,3588,36775192,18816936,98629,784,"",1.00,1.00,1.00,1.00,1.00,1.00,1.00,1.00,"",2,5.3,-56,-1.5,167,4.8,151,4.4,1911833,5.5,1559165,9.0,27571,38.8,22,2.9
"US000","3","72112","17","0","2025","1","",107,87205,87581,87533,1153144303,343905966,5992607,1014,"",1.00,1.00,1.00,1.00,1.00,1.00,1.00,1.00,"",1,0.9,-2726,-3.0,-2429,-2.7,-2455,-2.7,-28780646,-2.4,-33231787,-8.8,-216383,-3.5,4,0.4
"US000","3","721120","18","0","2025","1","",107,87205,87581,87533,1153144303,343905966,5992607,1014,"",1.00,1.00,1.00,1.00,1.00,1.00,1.00,1.00,"",1,0.9,-2726,-3.0,-2429,-2.7,-2455,-2.7,-28780646,-2.4,-33231787,-8.8,-216383,-3.5,4,0.4
"US000","3","72119","17","0","2025","1","",1,8,7,7,141682,0,0,1486,"",1.00,1.00,1.00,1.00,1.00,0.00,0.00,1.00,"",0,0.0,4,100.0,3,75.0,3,75.0,77635,121.2,0,0.0,0,0.0,254,20.6
"US000","3","721199","18","0","2025","1","",1,8,7,7,141682,0,0,1486,"",1.00,1.00,1.00,1.00,1.00,0.00,0.00,1.00,"",0,0.0,4,100.0,3,75.0,3,75.0,77635,121.2,0,0.0,0,0.0,254,20.6
"US000","3","7212","16","0","2025","1","N",40,0,0,0,0,0,0,0,"N",1.00,0,0,0,0,0,0,0,"N",1,2.6,0,0,0,0,0,0,0,0,0,0,0,0,0,0
"US000","3","72121","17","0","2025","1","N",40,0,0,0,0,0,0,0,"N",1.00,0,0,0,0,0,0,0,"N",1,2.6,0,0,0,0,0,0,0,0,0,0,0,0,0,0
"US000","3","721211","18","0","2025","1","N",36,0,0,0,0,0,0,0,"N",1.00,0,0,0,0,0,0,0,"N",1,2.9,0,0,0,0,0,0,0,0,0,0,0,0,0,0
"US000","3","721214","18","0","2025","1","N",4,0,0,0,0,0,0,0,"N",1.00,0,0,0,0,0,0,0,"N",0,0.0,0,0,0,0,0,0,0,0,0,0,0,0,0,0
"US000","3","7213","16","0","2025","1","N",1,0,0,0,0,0,0,0,"N",1.00,0,0,0,0,0,0,0,"N",0,0.0,0,0,0,0,0,0,0,0,0,0,0,0,0,0
"US000","3","72131","17","0","2025","1","N",1,0,0,0,0,0,0,0,"N",1.00,0,0,0,0,0,0,0,"N",0,0.0,0,0,0,0,0,0,0,0,0,0,0,0,0,0
"US000","3","721310","18","0","2025","1","N",1,0,0,0,0,0,0,0,"N",1.00,0,0,0,0,0,0,0,"N",0,0.0,0,0,0,0,0,0,0,0,0,0,0,0,0,0
"US000","3","722","15","0","2025","1","",524,11940,11898,12019,98761858,16104933,87626,636,"",1.00,1.00,1.00,1.00,1.00,1.00,1.00,1.00,"",4,0.8,89,0.8,65,0.5,121,1.0,5556182,6.0,1067482,7.1,28747,48.8,32,5.3
"US000","3","7223","16","0","2025","1","",177,5089,5011,5094,45278901,889324,2668,688,"",1.00,1.00,1.00,1.00,1.00,1.00,1.00,1.00,"",6,3.5,494,10.8,450,9.9,463,10.0,7576717,20.1,84949,10.6,256,10.6,57,9.0
"US000","3","72231","17","0","2025","1","N",176,0,0,0,0,0,0,0,"N",1.00,0,0,0,0,0,0,0,"N",5,2.9,0,0,0,0,0,0,0,0,0,0,0,0,0,0
"US000","3","722310","18","0","2025","1","N",176,0,0,0,0,0,0,0,"N",1.00,0,0,0,0,0,0,0,"N",5,2.9,0,0,0,0,0,0,0,0,0,0,0,0,0,0
"US000","3","72233","17","0","2025","1","N",1,0,0,0,0,0,0,0,"N",1.00,0,0,0,0,0,0,0,"N",1,100.0,0,0,0,0,0,0,0,0,0,0,0,0,0,0
"US000","3","722330","18","0","2025","1","N",1,0,0,0,0,0,0,0,"N",1.00,0,0,0,0,0,0,0,"N",1,100.0,0,0,0,0,0,0,0,0,0,0,0,0,0,0
"US000","3","7224","16","0","2025","1","",20,321,320,331,3357331,2831438,0,797,"",1.00,1.00,1.00,1.00,1.00,1.00,0.00,1.00,"",0,0.0,-16,-4.7,-15,-4.5,4,1.2,36663,1.1,124108,4.6,0,0.0,30,3.9
"US000","3","72241","17","0","2025","1","",20,321,320,331,3357331,2831438,0,797,"",1.00,1.00,1.00,1.00,1.00,1.00,0.00,1.00,"",0,0.0,-16,-4.7,-15,-4.5,4,1.2,36663,1.1,124108,4.6,0,0.0,30,3.9
"US000","3","722410","18","0","2025","1","",20,321,320,331,3357331,2831438,0,797,"",1.00,1.00,1.00,1.00,1.00,1.00,0.00,1.00,"",0,0.0,-16,-4.7,-15,-4.5,4,1.2,36663,1.1,124108,4.6,0,0.0,30,3.9
"US000","3","7225","16","0","2025","1","",327,6530,6567,6594,50125626,12384171,84958,587,"",1.00,1.00,1.00,1.00,1.00,1.00,1.00,1.00,"",-2,-0.6,-389,-5.6,-370,-5.3,-346,-5.0,-2057198,-3.9,858425,7.4,28491,50.5,8,1.4
"US000","3","72251","17","0","2025","1","",327,6530,6567,6594,50125626,12384171,84958,587,"",1.00,1.00,1.00,1.00,1.00,1.00,1.00,1.00,"",-2,-0.6,-389,-5.6,-370,-5.3,-346,-5.0,-2057198,-3.9,858425,7.4,28491,50.5,8,1.4
"US000","3","722511","18","0","2025","1","",27,1070,1059,1081,12310719,10928092,76292,885,"",1.00,1.00,1.00,1.00,1.00,1.00,1.00,1.00,"",0,0.0,-8,-0.7,-12,-1.1,18,1.7,1046885,9.3,803790,7.9,33005,76.2,76,9.4
"US000","3","722513","18","0","2025","1","",12,210,211,214,1808367,282023,4869,657,"",1.00,1.00,1.00,1.00,1.00,1.00,1.00,1.00,"",0,0.0,-12,-5.4,-9,-4.1,-8,-3.6,42748,2.4,-126437,-31.0,-4890,-50.1,43,7.0
"US000","3","722514","18","0","2025","1","",287,5246,5293,5295,35975961,1152822,3457,524,"",1.00,1.00,1.00,1.00,1.00,1.00,1.00,1.00,"",-2,-0.7,-369,-6.6,-350,-6.2,-356,-6.3,-3147972,-8.0,180870,18.6,541,18.6,-10,-1.9
"US000","3","722515","18","0","2025","1","",1,4,4,4,30579,21234,340,588,"",1.00,1.00,1.00,1.00,1.00,1.00,1.00,1.00,"",0,0.0,0,0.0,1,33.3,0,0.0,1141,3.9,202,1.0,-165,-32.7,-30,-4.9
"US000","3","81","14","0","2025","1","",2070,33401,33407,33789,516039381,70943150,1040432,1184,"",1.00,1.00,1.00,1.00,1.00,1.00,1.00,1.00,"",-27,-1.3,402,1.2,272,0.8,366,1.1,23957821,4.9,2638129,3.9,-24195,-2.3,43,3.8
"US000","3","811","15","0","2025","1","",599,14761,14742,14888,239723682,5593280,16701,1246,"",1.00,1.00,1.00,1.00,1.00,1.00,1.00,1.00,"",-1,-0.2,-65,-0.4,-59,-0.4,-27,-0.2,8600545,3.7,354567,6.8,-291,-1.7,49,4.1
"US000","3","8111","16","0","2025","1","",543,12316,12280,12425,193111728,5260509,14649,1204,"",1.00,1.00,1.00,1.00,1.00,1.00,1.00,1.00,"",-3,-0.5,43,0.4,28,0.2,76,0.6,8853629,4.8,346556,7.1,0,0.0,51,4.4
"US000","3","81111","17","0","2025","1","N",538,0,0,0,0,0,0,0,"N",1.00,0,0,0,0,0,0,0,"N",-4,-0.7,0,0,0,0,0,0,0,0,0,0,0,0,0,0
"US000","3","811111","18","0","2025","1","N",532,0,0,0,0,0,0,0,"N",1.00,0,0,0,0,0,0,0,"N",-5,-0.9,0,0,0,0,0,0,0,0,0,0,0,0,0,0
"US000","3","811114","18","0","2025","1","N",6,0,0,0,0,0,0,0,"N",1.00,0,0,0,0,0,0,0,"N",1,20.0,0,0,0,0,0,0,0,0,0,0,0,0,0,0
"US000","3","81119","17","0","2025","1","N",5,0,0,0,0,0,0,0,"N",1.00,0,0,0,0,0,0,0,"N",1,25.0,0,0,0,0,0,0,0,0,0,0,0,0,0,0
"US000","3","811192","18","0","2025","1","N",2,0,0,0,0,0,0,0,"N",1.00,0,0,0,0,0,0,0,"N",0,0.0,0,0,0,0,0,0,0,0,0,0,0,0,0,0
"US000","3","811198","18","0","2025","1","N",3,0,0,0,0,0,0,0,"N",1.00,0,0,0,0,0,0,0,"N",1,50.0,0,0,0,0,0,0,0,0,0,0,0,0,0,0
"US000","3","8112","16","0","2025","1","",13,268,278,287,3938817,278034,1668,1091,"",1.00,1.00,1.00,1.00,1.00,1.00,1.00,1.00,"",0,0.0,13,5.1,25,9.9,32,12.5,123858,3.2,9533,3.6,57,3.5,-63,-5.5
"US000","3","81121","17","0","2025","1","",13,268,278,287,3938817,278034,1668,1091,"",1.00,1.00,1.00,1.00,1.00,1.00,1.00,1.00,"",0,0.0,13,5.1,25,9.9,32,12.5,123858,3.2,9533,3.6,57,3.5,-63,-5.5
"US000","3","811210","18","0","2025","1","",13,268,278,287,3938817,278034,1668,1091,"",1.00,1.00,1.00,1.00,1.00,1.00,1.00,1.00,"",0,0.0,13,5.1,25,9.9,32,12.5,123858,3.2,9533,3.6,57,3.5,-63,-5.5
"US000","3","8113","16","0","2025","1","",43,2177,2184,2176,42673137,54737,384,1506,"",1.00,1.00,1.00,1.00,1.00,1.00,1.00,1.00,"",2,4.9,-121,-5.3,-112,-4.9,-135,-5.8,-376942,-0.9,-1522,-2.7,-348,-47.5,67,4.7
"US000","3","81131","17","0","2025","1","",43,2177,2184,2176,42673137,54737,384,1506,"",1.00,1.00,1.00,1.00,1.00,1.00,1.00,1.00,"",2,4.9,-121,-5.3,-112,-4.9,-135,-5.8,-376942,-0.9,-1522,-2.7,-348,-47.5,67,4.7
"US000","3","811310","18","0","2025","1","",43,2177,2184,2176,42673137,54737,384,1506,"",1.00,1.00,1.00,1.00,1.00,1.00,1.00,1.00,"",2,4.9,-121,-5.3,-112,-4.9,-135,-5.8,-376942,-0.9,-1522,-2.7,-348,-47.5,67,4.7
"US000","3","812","15","0","2025","1","",1017,7327,7322,7408,95690302,12165800,223293,1001,"",1.00,1.00,1.00,1.00,1.00,1.00,1.00,1.00,"",-6,-0.6,359,5.2,322,4.6,335,4.7,9248781,10.7,-1967,0.0,14012,6.7,53,5.6
"US000","3","8121","16","0","2025","1","N",3,0,0,0,0,0,0,0,"N",1.00,0,0,0,0,0,0,0,"N",-1,-25.0,0,0,0,0,0,0,0,0,0,0,0,0,0,0
"US000","3","81211","17","0","2025","1","-",0,0,0,0,0,0,0,0,"N",0.00,0,0,0,0,0,0,0,"N",0,0,0,0,0,0,0,0,0,0,0,0,0,0,0,0
"US000","3","812113","18","0","2025","1","-",0,0,0,0,0,0,0,0,"N",0.00,0,0,0,0,0,0,0,"N",0,0,0,0,0,0,0,0,0,0,0,0,0,0,0,0
"US000","3","81219","17","0","2025","1","N",3,0,0,0,0,0,0,0,"N",1.00,0,0,0,0,0,0,0,"N",-1,-25.0,0,0,0,0,0,0,0,0,0,0,0,0,0,0
"US000","3","812199","18","0","2025","1","N",3,0,0,0,0,0,0,0,"N",1.00,0,0,0,0,0,0,0,"N",-1,-25.0,0,0,0,0,0,0,0,0,0,0,0,0,0,0
"US000","3","8122","16","0","2025","1","",707,2255,2227,2253,23101570,5481589,121295,792,"",1.00,1.00,1.00,1.00,1.00,1.00,1.00,1.00,"",-7,-1.0,0,0.0,-7,-0.3,-28,-1.2,1266352,5.8,-139460,-2.5,5650,4.9,48,6.5
"US000","3","81221","17","0","2025","1","",2,13,12,12,92251,38800,1125,575,"",1.00,1.00,1.00,1.00,1.00,1.00,1.00,1.00,"",0,0.0,1,8.3,1,9.1,5,71.4,6116,7.1,-18520,-32.3,-537,-32.3,-88,-13.3
"US000","3","812210","18","0","2025","1","",2,13,12,12,92251,38800,1125,575,"",1.00,1.00,1.00,1.00,1.00,1.00,1.00,1.00,"",0,0.0,1,8.3,1,9.1,5,71.4,6116,7.1,-18520,-32.3,-537,-32.3,-88,-13.3
"US000","3","81222","17","0","2025","1","",705,2242,2215,2241,23009319,5442789,120170,793,"",1.00,1.00,1.00,1.00,1.00,1.00,1.00,1.00,"",-7,-1.0,-1,0.0,-8,-0.4,-33,-1.5,1260236,5.8,-120940,-2.2,6187,5.4,48,6.4
"US000","3","812220","18","0","2025","1","",705,2242,2215,2241,23009319,5442789,120170,793,"",1.00,1.00,1.00,1.00,1.00,1.00,1.00,1.00,"",-7,-1.0,-1,0.0,-8,-0.4,-33,-1.5,1260236,5.8,-120940,-2.2,6187,5.4,48,6.4
"US000","3","8123","16","0","2025","1","N",5,0,0,0,0,0,0,0,"N",1.00,0,0,0,0,0,0,0,"N",0,0.0,0,0,0,0,0,0,0,0,0,0,0,0,0,0
"US000","3","81232","17","0","2025","1","N",2,0,0,0,0,0,0,0,"N",1.00,0,0,0,0,0,0,0,"N",0,0.0,0,0,0,0,0,0,0,0,0,0,0,0,0,0
"US000","3","812320","18","0","2025","1","N",2,0,0,0,0,0,0,0,"N",1.00,0,0,0,0,0,0,0,"N",0,0.0,0,0,0,0,0,0,0,0,0,0,0,0,0,0
"US000","3","81233","17","0","2025","1","N",3,0,0,0,0,0,0,0,"N",1.00,0,0,0,0,0,0,0,"N",0,0.0,0,0,0,0,0,0,0,0,0,0,0,0,0,0
"US000","3","812331","18","0","2025","1","N",2,0,0,0,0,0,0,0,"N",1.00,0,0,0,0,0,0,0,"N",0,0.0,0,0,0,0,0,0,0,0,0,0,0,0,0,0
"US000","3","812332","18","0","2025","1","",1,24,25,25,163601,0,0,510,"",1.00,1.00,1.00,1.00,1.00,0.00,0.00,1.00,"",0,0.0,3,14.3,2,8.7,3,13.6,4354,2.7,0,0.0,0,0.0,-47,-8.4
"US000","3","8129","16","0","2025","1","",302,4812,4827,4872,70108200,6389186,100584,1115,"",1.00,1.00,1.00,1.00,1.00,1.00,1.00,1.00,"",2,0.7,353,7.9,316,7.0,349,7.7,7858288,12.6,179928,2.9,11808,13.3,50,4.7
"US000","3","81291","17","0","2025","1","N",228,0,0,0,0,0,0,0,"N",1.00,0,0,0,0,0,0,0,"N",1,0.4,0,0,0,0,0,0,0,0,0,0,0,0,0,0
"US000","3","812910","18","0","2025","1","N",228,0,0,0,0,0,0,0,"N",1.00,0,0,0,0,0,0,0,"N",1,0.4,0,0,0,0,0,0,0,0,0,0,0,0,0,0
"US000","3","81293","17","0","2025","1","",72,2804,2809,2827,45331935,2664015,65958,1239,"",1.00,1.00,1.00,1.00,1.00,1.00,1.00,1.00,"",1,1.4,223,8.6,206,7.9,214,8.2,5500280,13.8,-110894,-4.0,14268,27.6,60,5.1
"US000","3","812930","18","0","2025","1","",72,2804,2809,2827,45331935,2664015,65958,1239,"",1.00,1.00,1.00,1.00,1.00,1.00,1.00,1.00,"",1,1.4,223,8.6,206,7.9,214,8.2,5500280,13.8,-110894,-4.0,14268,27.6,60,5.1
"US000","3","81299","17","0","2025","1","N",2,0,0,0,0,0,0,0,"N",1.00,0,0,0,0,0,0,0,"N",0,0.0,0,0,0,0,0,0,0,0,0,0,0,0,0,0
"US000","3","812990","18","0","2025","1","N",2,0,0,0,0,0,0,0,"N",1.00,0,0,0,0,0,0,0,"N",0,0.0,0,0,0,0,0,0,0,0,0,0,0,0,0,0
"US000","3","813","15","0","2025","1","",454,11313,11343,11493,180625397,53184070,800438,1221,"",1.00,1.00,1.00,1.00,1.00,1.00,1.00,1.00,"",-20,-4.2,108,1.0,9,0.1,58,0.5,6108495,3.5,2285529,4.5,-37916,-4.5,36,3.0
"US000","3","8131","16","0","2025","1","N",5,0,0,0,0,0,0,0,"N",1.00,0,0,0,0,0,0,0,"N",0,0.0,0,0,0,0,0,0,0,0,0,0,0,0,0,0
"US000","3","81311","17","0","2025","1","N",5,0,0,0,0,0,0,0,"N",1.00,0,0,0,0,0,0,0,"N",0,0.0,0,0,0,0,0,0,0,0,0,0,0,0,0,0
"US000","3","813110","18","0","2025","1","N",5,0,0,0,0,0,0,0,"N",1.00,0,0,0,0,0,0,0,"N",0,0.0,0,0,0,0,0,0,0,0,0,0,0,0,0,0
"US000","3","8132","16","0","2025","1","",44,1400,1402,1418,16524678,6764473,41757,904,"",1.00,1.00,1.00,1.00,1.00,1.00,1.00,1.00,"N",0,0.0,0,0,0,0,0,0,0,0,0,0,0,0,0,0
"US000","3","81321","17","0","2025","1","",44,1400,1402,1418,16524678,6764473,41757,904,"",1.00,1.00,1.00,1.00,1.00,1.00,1.00,1.00,"N",0,0.0,0,0,0,0,0,0,0,0,0,0,0,0,0,0
"US000","3","813211","18","0","2025","1","",26,231,249,250,4401055,1079745,9486,1391,"",1.00,1.00,1.00,1.00,1.00,1.00,1.00,1.00,"N",0,0.0,0,0,0,0,0,0,0,0,0,0,0,0,0,0
"US000","3","813212","18","0","2025","1","",4,606,590,615,6009627,2142213,6427,766,"",1.00,1.00,1.00,1.00,1.00,1.00,1.00,1.00,"",0,0.0,55,10.0,8,1.4,48,8.5,460192,8.3,108110,5.3,325,5.3,13,1.7
"US000","3","813219","18","0","2025","1","",14,563,563,553,6113996,3542515,25844,840,"",1.00,1.00,1.00,1.00,1.00,1.00,1.00,1.00,"",0,0.0,32,6.0,26,4.8,27,5.1,420884,7.4,114885,3.4,4031,18.5,16,1.9
"US000","3","8133","16","0","2025","1","",189,6323,6295,6287,96181396,28184806,551625,1174,"",1.00,1.00,1.00,1.00,1.00,1.00,1.00,1.00,"",-2,-1.0,2,0.0,-43,-0.7,-23,-0.4,1796864,1.9,1074579,4.0,-36860,-6.3,26,2.3
"US000","3","81331","17","0","2025","1","",189,6323,6295,6287,96181396,28184806,551625,1174,"",1.00,1.00,1.00,1.00,1.00,1.00,1.00,1.00,"",-2,-1.0,2,0.0,-43,-0.7,-23,-0.4,1796864,1.9,1074579,4.0,-36860,-6.3,26,2.3
"US000","3","813311","18","0","2025","1","",31,2055,2047,2049,30997482,6619364,73013,1163,"",1.00,1.00,1.00,1.00,1.00,1.00,1.00,1.00,"",-1,-3.1,22,1.1,-11,-0.5,-7,-0.3,-1957511,-5.9,754421,12.9,7949,12.2,-74,-6.0
"US000","3","813312","18","0","2025","1","",67,930,925,923,16568065,2888613,71272,1376,"",1.00,1.00,1.00,1.00,1.00,1.00,1.00,1.00,"",-2,-2.9,15,1.6,14,1.5,27,3.0,1335767,8.8,35381,1.2,6767,10.5,85,6.6
"US000","3","813319","18","0","2025","1","",91,3338,3323,3315,48615849,18676829,407340,1125,"",1.00,1.00,1.00,1.00,1.00,1.00,1.00,1.00,"",1,1.1,-35,-1.0,-46,-1.4,-43,-1.3,2418608,5.2,284777,1.5,-51576,-11.2,69,6.5
"US000","3","8134","16","0","2025","1","N",54,0,0,0,0,0,0,0,"N",1.00,0,0,0,0,0,0,0,"N",0,0.0,0,0,0,0,0,0,0,0,0,0,0,0,0,0
"US000","3","81341","17","0","2025","1","N",54,0,0,0,0,0,0,0,"N",1.00,0,0,0,0,0,0,0,"N",0,0.0,0,0,0,0,0,0,0,0,0,0,0,0,0,0
"US000","3","813410","18","0","2025","1","N",54,0,0,0,0,0,0,0,"N",1.00,0,0,0,0,0,0,0,"N",0,0.0,0,0,0,0,0,0,0,0,0,0,0,0,0,0
"US000","3","8139","16","0","2025","1","",162,2238,2288,2411,49082805,12922221,107990,1633,"",1.00,1.00,1.00,1.00,1.00,1.00,1.00,1.00,"",-18,-10.0,35,1.6,27,1.2,-1,0.0,2190951,4.7,574653,4.7,20708,23.7,59,3.7
"US000","3","81391","17","0","2025","1","",109,1392,1437,1528,31201038,5244805,63327,1653,"",1.00,1.00,1.00,1.00,1.00,1.00,1.00,1.00,"",-7,-6.0,55,4.1,61,4.4,37,2.5,1949166,6.7,714104,15.8,27441,76.5,47,2.9
"US000","3","813910","18","0","2025","1","",109,1392,1437,1528,31201038,5244805,63327,1653,"",1.00,1.00,1.00,1.00,1.00,1.00,1.00,1.00,"",-7,-6.0,55,4.1,61,4.4,37,2.5,1949166,6.7,714104,15.8,27441,76.5,47,2.9
"US000","3","81392","17","0","2025","1","",18,630,631,664,15071694,6577746,36958,1807,"",1.00,1.00,1.00,1.00,1.00,1.00,1.00,1.00,"",-2,-10.0,-6,-0.9,-10,-1.6,-12,-1.8,196375,1.3,-180472,-2.7,-2892,-7.3,49,2.8
"US000","3","813920","18","0","2025","1","",18,630,631,664,15071694,6577746,36958,1807,"",1.00,1.00,1.00,1.00,1.00,1.00,1.00,1.00,"",-2,-10.0,-6,-0.9,-10,-1.6,-12,-1.8,196375,1.3,-180472,-2.7,-2892,-7.3,49,2.8
"US000","3","81393","17","0","2025","1","",9,50,50,51,606406,484687,2907,927,"",1.00,1.00,1.00,1.00,1.00,1.00,1.00,1.00,"",0,0.0,3,6.4,-2,-3.8,-1,-1.9,184365,43.7,177720,57.9,912,45.7,282,43.7
"US000","3","813930","18","0","2025","1","",9,50,50,51,606406,484687,2907,927,"",1.00,1.00,1.00,1.00,1.00,1.00,1.00,1.00,"",0,0.0,3,6.4,-2,-3.8,-1,-1.9,184365,43.7,177720,57.9,912,45.7,282,43.7
"US000","3","81394","17","0","2025","1","",12,50,51,50,663220,136416,929,1014,"",1.00,1.00,1.00,1.00,1.00,1.00,1.00,1.00,"",-9,-42.9,-27,-35.1,-27,-34.6,-30,-37.5,-270548,-29.0,-161069,-54.1,-3232,-77.7,97,10.6
"US000","3","813940","18","0","2025","1","",12,50,51,50,663220,136416,929,1014,"",1.00,1.00,1.00,1.00,1.00,1.00,1.00,1.00,"",-9,-42.9,-27,-35.1,-27,-34.6,-30,-37.5,-270548,-29.0,-161069,-54.1,-3232,-77.7,97,10.6
"US000","3","81399","17","0","2025","1","",14,116,119,118,1540447,478567,3869,1007,"",1.00,1.00,1.00,1.00,1.00,1.00,1.00,1.00,"",0,0.0,10,9.4,5,4.4,5,4.4,131593,9.3,24370,5.4,-1521,-28.2,31,3.2
"US000","3","813990","18","0","2025","1","",14,116,119,118,1540447,478567,3869,1007,"",1.00,1.00,1.00,1.00,1.00,1.00,1.00,1.00,"",0,0.0,10,9.4,5,4.4,5,4.4,131593,9.3,24370,5.4,-1521,-28.2,31,3.2
"US000","3","92","14","0","2025","1","",63714,4248747,4254991,4267050,82243775012,5544826303,40575027,1486,"",1.00,1.00,1.00,1.00,1.00,1.00,1.00,1.00,"",440,0.7,96346,2.3,76688,1.8,51506,1.2,5372981077,7.0,267903838,5.1,-1534063,-3.6,72,5.1
"US000","3","921","15","0","2025","1","",37085,2789471,2795273,2802777,48375668828,4020460193,27854534,1331,"",1.00,1.00,1.00,1.00,1.00,1.00,1.00,1.00,"",255,0.7,66426,2.4,50767,1.8,25500,0.9,3013261102,6.6,200390583,5.2,-586976,-2.1,61,4.8
"US000","3","9211","16","0","2025","1","",37085,2789471,2795273,2802777,48375668828,4020460193,27854534,1331,"",1.00,1.00,1.00,1.00,1.00,1.00,1.00,1.00,"",255,0.7,66426,2.4,50767,1.8,25500,0.9,3013261102,6.6,200390583,5.2,-586976,-2.1,61,4.8
"US000","3","92111","17","0","2025","1","",4528,188768,187608,188599,3229631525,305407716,3328227,1319,"",1.00,1.00,1.00,1.00,1.00,1.00,1.00,1.00,"",4,0.1,6298,3.5,4747,2.6,3100,1.7,217929516,7.2,16987289,5.9,28701,0.9,57,4.5
"US000","3","921110","18","0","2025","1","",4528,188768,187608,188599,3229631525,305407716,3328227,1319,"",1.00,1.00,1.00,1.00,1.00,1.00,1.00,1.00,"",4,0.1,6298,3.5,4747,2.6,3100,1.7,217929516,7.2,16987289,5.9,28701,0.9,57,4.5
"US000","3","92112","17","0","2025","1","",2853,272932,273181,274338,4835913003,76003901,1235440,1360,"",1.00,1.00,1.00,1.00,1.00,1.00,1.00,1.00,"",117,4.3,8102,3.1,7551,2.8,5302,2.0,253833226,5.5,3540284,4.9,82578,7.2,37,2.8
"US000","3","921120","18","0","2025","1","",2853,272932,273181,274338,4835913003,76003901,1235440,1360,"",1.00,1.00,1.00,1.00,1.00,1.00,1.00,1.00,"",117,4.3,8102,3.1,7551,2.8,5302,2.0,253833226,5.5,3540284,4.9,82578,7.2,37,2.8
"US000","3","92113","17","0","2025","1","",2586,74199,74158,74389,1447739529,73904717,466317,1500,"",1.00,1.00,1.00,1.00,1.00,1.00,1.00,1.00,"",14,0.5,1488,2.0,1266,1.7,985,1.3,103271649,7.7,1753995,2.4,-190314,-29.0,83,5.9
"US000","3","921130","18","0","2025","1","",2586,74199,74158,74389,1447739529,73904717,466317,1500,"",1.00,1.00,1.00,1.00,1.00,1.00,1.00,1.00,"",14,0.5,1488,2.0,1266,1.7,985,1.3,103271649,7.7,1753995,2.4,-190314,-29.0,83,5.9
"US000","3","92114","17","0","2025","1","",21096,1808634,1813962,1819222,31184298724,2210081749,10373928,1322,"",1.00,1.00,1.00,1.00,1.00,1.00,1.00,1.00,"",-9,0.0,36630,2.1,26713,1.5,10764,0.6,1949652812,6.7,95419684,4.5,-815593,-7.3,65,5.2
"US000","3","921140","18","0","2025","1","",21096,1808634,1813962,1819222,31184298724,2210081749,10373928,1322,"",1.00,1.00,1.00,1.00,1.00,1.00,1.00,1.00,"",-9,0.0,36630,2.1,26713,1.5,10764,0.6,1949652812,6.7,95419684,4.5,-815593,-7.3,65,5.2
"US000","3","92115","17","0","2025","1","",1141,123198,123249,123708,1973310123,908727431,10683696,1230,"",1.00,1.00,1.00,1.00,1.00,1.00,1.00,1.00,"",8,0.7,4859,4.1,4430,3.7,4543,3.8,138048587,7.5,59743710,7.0,323431,3.1,41,3.4
"US000","3","921150","18","0","2025","1","",1141,123198,123249,123708,1973310123,908727431,10683696,1230,"",1.00,1.00,1.00,1.00,1.00,1.00,1.00,1.00,"",8,0.7,4859,4.1,4430,3.7,4543,3.8,138048587,7.5,59743710,7.0,323431,3.1,41,3.4
"US000","3","92119","17","0","2025","1","",4881,321740,323115,322521,5704775924,446334679,1766926,1361,"",1.00,1.00,1.00,1.00,1.00,1.00,1.00,1.00,"",121,2.5,9049,2.9,6060,1.9,806,0.3,350525312,6.5,22945621,5.4,-15779,-0.9,62,4.8
"US000","3","921190","18","0","2025","1","",4881,321740,323115,322521,5704775924,446334679,1766926,1361,"",1.00,1.00,1.00,1.00,1.00,1.00,1.00,1.00,"",121,2.5,9049,2.9,6060,1.9,806,0.3,350525312,6.5,22945621,5.4,-15779,-0.9,62,4.8
"US000","3","922","15","0","2025","1","",13578,972466,972050,973717,24266825181,773457243,5126937,1919,"",1.00,1.00,1.00,1.00,1.00,1.00,1.00,1.00,"",145,1.1,18870,2.0,16698,1.7,14548,1.5,1680800720,7.4,40137991,5.5,-730013,-12.5,102,5.6
"US000","3","9221","16","0","2025","1","",13578,972466,972050,973717,24266825181,773457243,5126937,1919,"",1.00,1.00,1.00,1.00,1.00,1.00,1.00,1.00,"",145,1.1,18870,2.0,16698,1.7,14548,1.5,1680800720,7.4,40137991,5.5,-730013,-12.5,102,5.6
"US000","3","92211","17","0","2025","1","",1917,77381,77347,77430,1352533994,33918203,228060,1344,"",1.00,1.00,1.00,1.00,1.00,1.00,1.00,1.00,"",27,1.4,-530,-0.7,-791,-1.0,-1086,-1.4,34335608,2.6,-79172,-0.2,-25452,-10.0,47,3.6
"US000","3","922110","18","0","2025","1","",1917,77381,77347,77430,1352533994,33918203,228060,1344,"",1.00,1.00,1.00,1.00,1.00,1.00,1.00,1.00,"",27,1.4,-530,-0.7,-791,-1.0,-1086,-1.4,34335608,2.6,-79172,-0.2,-25452,-10.0,47,3.6
"US000","3","92212","17","0","2025","1","",3546,428753,428813,428859,10422006661,243202769,1416733,1870,"",1.00,1.00,1.00,1.00,1.00,1.00,1.00,1.00,"",25,0.7,7042,1.7,6244,1.5,4717,1.1,590145570,6.0,6906159,2.9,-493879,-25.8,81,4.5
"US000","3","922120","18","0","2025","1","",3546,428753,428813,428859,10422006661,243202769,1416733,1870,"",1.00,1.00,1.00,1.00,1.00,1.00,1.00,1.00,"",25,0.7,7042,1.7,6244,1.5,4717,1.1,590145570,6.0,6906159,2.9,-493879,-25.8,81,4.5
"US000","3","92213","17","0","2025","1","",1034,36222,36112,36300,846090225,19985098,87889,1797,"",1.00,1.00,1.00,1.00,1.00,1.00,1.00,1.00,"",4,0.4,753,2.1,669,1.9,634,1.8,62603239,8.0,-212344,-1.1,-10883,-11.0,101,6.0
"US000","3","922130","18","0","2025","1","",1034,36222,36112,36300,846090225,19985098,87889,1797,"",1.00,1.00,1.00,1.00,1.00,1.00,1.00,1.00,"",4,0.4,753,2.1,669,1.9,634,1.8,62603239,8.0,-212344,-1.1,-10883,-11.0,101,6.0
"US000","3","92214","17","0","2025","1","",617,58930,58870,59109,1258823654,34600286,140216,1642,"",1.00,1.00,1.00,1.00,1.00,1.00,1.00,1.00,"",11,1.8,1921,3.4,1694,3.0,1711,3.0,148106610,13.3,3074006,9.8,-12812,-8.4,148,9.9
"US000","3","922140","18","0","2025","1","",617,58930,58870,59109,1258823654,34600286,140216,1642,"",1.00,1.00,1.00,1.00,1.00,1.00,1.00,1.00,"",11,1.8,1921,3.4,1694,3.0,1711,3.0,148106610,13.3,3074006,9.8,-12812,-8.4,148,9.9
"US000","3","92215","17","0","2025","1","",276,17509,17310,17269,358776720,4582151,34102,1590,"",1.00,1.00,1.00,1.00,1.00,1.00,1.00,1.00,"",6,2.2,570,3.4,388,2.3,321,1.9,34202286,10.5,314468,7.4,-11728,-25.6,116,7.9
"US000","3","922150","18","0","2025","1","",276,17509,17310,17269,358776720,4582151,34102,1590,"",1.00,1.00,1.00,1.00,1.00,1.00,1.00,1.00,"",6,2.2,570,3.4,388,2.3,321,1.9,34202286,10.5,314468,7.4,-11728,-25.6,116,7.9
"US000","3","92216","17","0","2025","1","",5402,228243,227823,228421,5796613932,399005971,2892698,1954,"",1.00,1.00,1.00,1.00,1.00,1.00,1.00,1.00,"",52,1.0,7021,3.2,6810,3.1,6520,2.9,523129883,9.9,28840063,7.8,-147230,-4.8,122,6.7
"US000","3","922160","18","0","2025","1","",5402,228243,227823,228421,5796613932,399005971,2892698,1954,"",1.00,1.00,1.00,1.00,1.00,1.00,1.00,1.00,"",52,1.0,7021,3.2,6810,3.1,6520,2.9,523129883,9.9,28840063,7.8,-147230,-4.8,122,6.7
"US000","3","92219","17","0","2025","1","",786,125428,125775,126329,4231979995,38162765,327239,2587,"",1.00,1.00,1.00,1.00,1.00,1.00,1.00,1.00,"",20,2.6,2093,1.7,1684,1.4,1731,1.4,288277524,7.3,1294811,3.5,-28029,-7.9,141,5.8
"US000","3","922190","18","0","2025","1","",786,125428,125775,126329,4231979995,38162765,327239,2587,"",1.00,1.00,1.00,1.00,1.00,1.00,1.00,1.00,"",20,2.6,2093,1.7,1684,1.4,1731,1.4,288277524,7.3,1294811,3.5,-28029,-7.9,141,5.8
"US000","3","923","15","0","2025","1","",2274,229040,230413,231692,4539820385,188202327,1767622,1516,"",1.00,1.00,1.00,1.00,1.00,1.00,1.00,1.00,"",32,1.4,5055,2.3,4489,2.0,5403,2.4,314930337,7.5,5139137,2.8,-18798,-1.1,74,5.1
"US000","3","9231","16","0","2025","1","",2274,229040,230413,231692,4539820385,188202327,1767622,1516,"",1.00,1.00,1.00,1.00,1.00,1.00,1.00,1.00,"",32,1.4,5055,2.3,4489,2.0,5403,2.4,314930337,7.5,5139137,2.8,-18798,-1.1,74,5.1
"US000","3","92311","17","0","2025","1","",279,27948,28976,29422,429161069,34114573,298867,1147,"",1.00,1.00,1.00,1.00,1.00,1.00,1.00,1.00,"",8,3.0,781,2.9,460,1.6,740,2.6,44807713,11.7,1443062,4.4,-3828,-1.3,96,9.1
"US000","3","923110","18","0","2025","1","",279,27948,28976,29422,429161069,34114573,298867,1147,"",1.00,1.00,1.00,1.00,1.00,1.00,1.00,1.00,"",8,3.0,781,2.9,460,1.6,740,2.6,44807713,11.7,1443062,4.4,-3828,-1.3,96,9.1
"US000","3","92312","17","0","2025","1","",1207,83303,83485,83738,1648338542,127417553,1231988,1518,"",1.00,1.00,1.00,1.00,1.00,1.00,1.00,1.00,"",10,0.8,2218,2.7,2627,3.2,3314,4.1,158121360,10.6,3858144,3.1,25720,2.1,99,7.0
"US000","3","923120","18","0","2025","1","",1207,83303,83485,83738,1648338542,127417553,1231988,1518,"",1.00,1.00,1.00,1.00,1.00,1.00,1.00,1.00,"",10,0.8,2218,2.7,2627,3.2,3314,4.1,158121360,10.6,3858144,3.1,25720,2.1,99,7.0
"US000","3","92313","17","0","2025","1","",553,115259,115417,115961,2427756161,26431532,234152,1616,"",1.00,1.00,1.00,1.00,1.00,1.00,1.00,1.00,"",12,2.2,2002,1.8,1333,1.2,1275,1.1,106368560,4.6,-155155,-0.6,-40373,-14.7,50,3.2
"US000","3","923130","18","0","2025","1","",553,115259,115417,115961,2427756161,26431532,234152,1616,"",1.00,1.00,1.00,1.00,1.00,1.00,1.00,1.00,"",12,2.2,2002,1.8,1333,1.2,1275,1.1,106368560,4.6,-155155,-0.6,-40373,-14.7,50,3.2
"US000","3","92314","17","0","2025","1","",235,2530,2535,2571,34564613,238669,2615,1045,"",1.00,1.00,1.00,1.00,1.00,1.00,1.00,1.00,"",2,0.9,54,2.2,69,2.8,74,3.0,5632704,19.5,-6914,-2.8,-317,-10.8,147,16.4
"US000","3","923140","18","0","2025","1","",235,2530,2535,2571,34564613,238669,2615,1045,"",1.00,1.00,1.00,1.00,1.00,1.00,1.00,1.00,"",2,0.9,54,2.2,69,2.8,74,3.0,5632704,19.5,-6914,-2.8,-317,-10.8,147,16.4
"US000","3","924","15","0","2025","1","",4195,101506,101480,102160,1946043597,123339785,1305273,1472,"",1.00,1.00,1.00,1.00,1.00,1.00,1.00,1.00,"",11,0.3,1532,1.5,1103,1.1,812,0.8,122909580,6.7,5488898,4.7,-12715,-1.0,77,5.5
"US000","3","9241","16","0","2025","1","",4195,101506,101480,102160,1946043597,123339785,1305273,1472,"",1.00,1.00,1.00,1.00,1.00,1.00,1.00,1.00,"",11,0.3,1532,1.5,1103,1.1,812,0.8,122909580,6.7,5488898,4.7,-12715,-1.0,77,5.5
"US000","3","92411","17","0","2025","1","",1681,60784,60647,60762,1429783119,54036303,553444,1811,"",1.00,1.00,1.00,1.00,1.00,1.00,1.00,1.00,"",7,0.4,429,0.7,-242,-0.4,-211,-0.3,81430883,6.0,1282696,2.4,-34625,-5.9,103,6.0
"US000","3","924110","18","0","2025","1","",1681,60784,60647,60762,1429783119,54036303,553444,1811,"",1.00,1.00,1.00,1.00,1.00,1.00,1.00,1.00,"",7,0.4,429,0.7,-242,-0.4,-211,-0.3,81430883,6.0,1282696,2.4,-34625,-5.9,103,6.0
"US000","3","92412","17","0","2025","1","",2514,40722,40833,41398,516260478,69303482,751829,969,"",1.00,1.00,1.00,1.00,1.00,1.00,1.00,1.00,"",4,0.2,1103,2.8,1345,3.4,1023,2.5,41478697,8.7,4206202,6.5,21910,3.0,52,5.7
"US000","3","924120","18","0","2025","1","",2514,40722,40833,41398,516260478,69303482,751829,969,"",1.00,1.00,1.00,1.00,1.00,1.00,1.00,1.00,"",4,0.2,1103,2.8,1345,3.4,1023,2.5,41478697,8.7,4206202,6.5,21910,3.0,52,5.7
"US000","3","925","15","0","2025","1","",3719,85180,85141,85319,1536877633,305371431,2880947,1387,"",1.00,1.00,1.00,1.00,1.00,1.00,1.00,1.00,"",-17,-0.5,2600,3.1,2296,2.8,4098,5.0,116419965,8.2,12119848,4.1,-74281,-2.5,58,4.4
"US000","3","9251","16","0","2025","1","",3719,85180,85141,85319,1536877633,305371431,2880947,1387,"",1.00,1.00,1.00,1.00,1.00,1.00,1.00,1.00,"",-17,-0.5,2600,3.1,2296,2.8,4098,5.0,116419965,8.2,12119848,4.1,-74281,-2.5,58,4.4
"US000","3","92511","17","0","2025","1","",2393,51681,51540,51512,953177711,222761122,2123285,1422,"",1.00,1.00,1.00,1.00,1.00,1.00,1.00,1.00,"",-8,-0.3,1078,2.1,696,1.4,636,1.3,49619002,5.5,11411447,5.4,102551,5.1,53,3.9
"US000","3","925110","18","0","2025","1","",2393,51681,51540,51512,953177711,222761122,2123285,1422,"",1.00,1.00,1.00,1.00,1.00,1.00,1.00,1.00,"",-8,-0.3,1078,2.1,696,1.4,636,1.3,49619002,5.5,11411447,5.4,102551,5.1,53,3.9
"US000","3","92512","17","0","2025","1","",1326,33499,33601,33807,583699922,82610309,757662,1335,"",1.00,1.00,1.00,1.00,1.00,1.00,1.00,1.00,"",-9,-0.7,1522,4.8,1600,5.0,3462,11.4,66800963,12.9,708401,0.9,-176832,-18.9,70,5.5
"US000","3","925120","18","0","2025","1","",1326,33499,33601,33807,583699922,82610309,757662,1335,"",1.00,1.00,1.00,1.00,1.00,1.00,1.00,1.00,"",-9,-0.7,1522,4.8,1600,5.0,3462,11.4,66800963,12.9,708401,0.9,-176832,-18.9,70,5.5
"US000","3","926","15","0","2025","1","",2849,70970,70516,71264,1575147337,133507847,1636134,1709,"",1.00,1.00,1.00,1.00,1.00,1.00,1.00,1.00,"",12,0.4,1860,2.7,1327,1.9,1133,1.6,124169086,8.6,4571786,3.5,-112901,-6.5,103,6.4
"US000","3","9261","16","0","2025","1","",2849,70970,70516,71264,1575147337,133507847,1636134,1709,"",1.00,1.00,1.00,1.00,1.00,1.00,1.00,1.00,"",12,0.4,1860,2.7,1327,1.9,1133,1.6,124169086,8.6,4571786,3.5,-112901,-6.5,103,6.4
"US000","3","92611","17","0","2025","1","",633,13327,13394,13367,268988941,47157170,388203,1548,"",1.00,1.00,1.00,1.00,1.00,1.00,1.00,1.00,"",12,1.9,245,1.9,197,1.5,138,1.0,20528998,8.3,2528319,5.7,55980,16.9,97,6.7
"US000","3","926110","18","0","2025","1","",633,13327,13394,13367,268988941,47157170,388203,1548,"",1.00,1.00,1.00,1.00,1.00,1.00,1.00,1.00,"",12,1.9,245,1.9,197,1.5,138,1.0,20528998,8.3,2528319,5.7,55980,16.9,97,6.7
"US000","3","92612","17","0","2025","1","",413,27618,27171,27756,710028853,52437306,739024,1985,"",1.00,1.00,1.00,1.00,1.00,1.00,1.00,1.00,"",5,1.2,1243,4.7,836,3.2,641,2.4,67126454,10.4,2468991,4.9,-33451,-4.3,126,6.8
"US000","3","926120","18","0","2025","1","",413,27618,27171,27756,710028853,52437306,739024,1985,"",1.00,1.00,1.00,1.00,1.00,1.00,1.00,1.00,"",5,1.2,1243,4.7,836,3.2,641,2.4,67126454,10.4,2468991,4.9,-33451,-4.3,126,6.8
"US000","3","92613","17","0","2025","1","",450,12522,12480,12569,289662665,14524050,304573,1779,"",1.00,1.00,1.00,1.00,1.00,1.00,1.00,1.00,"",7,1.6,309,2.5,303,2.5,327,2.7,25803546,9.8,-335205,-2.3,-12345,-3.9,117,7.0
"US000","3","926130","18","0","2025","1","",450,12522,12480,12569,289662665,14524050,304573,1779,"",1.00,1.00,1.00,1.00,1.00,1.00,1.00,1.00,"",7,1.6,309,2.5,303,2.5,327,2.7,25803546,9.8,-335205,-2.3,-12345,-3.9,117,7.0
"US000","3","92614","17","0","2025","1","",501,2470,2456,2472,29861557,5709650,108537,931,"",1.00,1.00,1.00,1.00,1.00,1.00,1.00,1.00,"",-8,-1.6,-38,-1.5,-41,-1.6,-34,-1.4,428404,1.5,-238293,-4.0,-33021,-23.3,27,3.0
"US000","3","926140","18","0","2025","1","",501,2470,2456,2472,29861557,5709650,108537,931,"",1.00,1.00,1.00,1.00,1.00,1.00,1.00,1.00,"",-8,-1.6,-38,-1.5,-41,-1.6,-34,-1.4,428404,1.5,-238293,-4.0,-33021,-23.3,27,3.0
"US000","3","92615","17","0","2025","1","",852,15033,15015,15100,276605321,13679671,95797,1414,"",1.00,1.00,1.00,1.00,1.00,1.00,1.00,1.00,"",-4,-0.5,101,0.7,32,0.2,61,0.4,10281684,3.9,147974,1.1,-90064,-48.5,47,3.4
"US000","3","926150","18","0","2025","1","",852,15033,15015,15100,276605321,13679671,95797,1414,"",1.00,1.00,1.00,1.00,1.00,1.00,1.00,1.00,"",-4,-0.5,101,0.7,32,0.2,61,0.4,10281684,3.9,147974,1.1,-90064,-48.5,47,3.4
"US000","3","927","15","0","2025","1","",1,59,62,64,2246140,0,0,2802,"",1.00,1.00,1.00,1.00,1.00,0.00,0.00,1.00,"",0,0.0,6,11.3,8,14.8,11,20.8,493274,28.1,0,0.0,0,0.0,274,10.8
"US000","3","9271","16","0","2025","1","",1,59,62,64,2246140,0,0,2802,"",1.00,1.00,1.00,1.00,1.00,0.00,0.00,1.00,"",0,0.0,6,11.3,8,14.8,11,20.8,493274,28.1,0,0.0,0,0.0,274,10.8
"US000","3","92711","17","0","2025","1","",1,59,62,64,2246140,0,0,2802,"",1.00,1.00,1.00,1.00,1.00,0.00,0.00,1.00,"",0,0.0,6,11.3,8,14.8,11,20.8,493274,28.1,0,0.0,0,0.0,274,10.8
"US000","3","927110","18","0","2025","1","",1,59,62,64,2246140,0,0,2802,"",1.00,1.00,1.00,1.00,1.00,0.00,0.00,1.00,"",0,0.0,6,11.3,8,14.8,11,20.8,493274,28.1,0,0.0,0,0.0,274,10.8
"US000","3","928","15","0","2025","1","",13,55,56,57,1145911,487477,3580,1574,"",1.00,1.00,1.00,1.00,1.00,1.00,1.00,1.00,"",2,18.2,-3,-5.2,0,0.0,1,1.8,-2987,-0.3,55595,12.9,1621,82.7,14,0.9
"US000","3","9281","16","0","2025","1","",13,55,56,57,1145911,487477,3580,1574,"",1.00,1.00,1.00,1.00,1.00,1.00,1.00,1.00,"",2,18.2,-3,-5.2,0,0.0,1,1.8,-2987,-0.3,55595,12.9,1621,82.7,14,0.9
"US000","3","92811","17","0","2025","1","N",9,0,0,0,0,0,0,0,"N",1.00,0,0,0,0,0,0,0,"N",0,0.0,0,0,0,0,0,0,0,0,0,0,0,0,0,0
"US000","3","928110","18","0","2025","1","N",9,0,0,0,0,0,0,0,"N",1.00,0,0,0,0,0,0,0,"N",0,0.0,0,0,0,0,0,0,0,0,0,0,0,0,0,0
"US000","3","92812","17","0","2025","1","N",4,0,0,0,0,0,0,0,"N",1.00,0,0,0,0,0,0,0,"N",2,100.0,0,0,0,0,0,0,0,0,0,0,0,0,0,0
"US000","3","928120","18","0","2025","1","N",4,0,0,0,0,0,0,0,"N",1.00,0,0,0,0,0,0,0,"N",2,100.0,0,0,0,0,0,0,0,0,0,0,0,0,0,0
"US000","3","99","14","0","2025","1","",173,405,445,445,7745735,1188236,16654,1380,"",1.00,1.00,1.00,1.00,1.00,1.00,1.00,1.00,"",8,4.8,16,4.1,45,11.2,44,11.0,670484,9.5,457332,62.6,3857,30.1,8,0.6
"US000","3","999","15","0","2025","1","",173,405,445,445,7745735,1188236,16654,1380,"",1.00,1.00,1.00,1.00,1.00,1.00,1.00,1.00,"",8,4.8,16,4.1,45,11.2,44,11.0,670484,9.5,457332,62.6,3857,30.1,8,0.6
"US000","3","9999","16","0","2025","1","",173,405,445,445,7745735,1188236,16654,1380,"",1.00,1.00,1.00,1.00,1.00,1.00,1.00,1.00,"",8,4.8,16,4.1,45,11.2,44,11.0,670484,9.5,457332,62.6,3857,30.1,8,0.6
"US000","3","99999","17","0","2025","1","",173,405,445,445,7745735,1188236,16654,1380,"",1.00,1.00,1.00,1.00,1.00,1.00,1.00,1.00,"",8,4.8,16,4.1,45,11.2,44,11.0,670484,9.5,457332,62.6,3857,30.1,8,0.6
"US000","3","999999","18","0","2025","1","",173,405,445,445,7745735,1188236,16654,1380,"",1.00,1.00,1.00,1.00,1.00,1.00,1.00,1.00,"",8,4.8,16,4.1,45,11.2,44,11.0,670484,9.5,457332,62.6,3857,30.1,8,0.6
"US000","5","10","11","0","2025","1","",11657676,130934628,131330966,131752512,2759677526695,1155974155829,20151750036,1616,"",1.00,1.00,1.00,1.00,1.00,1.00,1.00,1.00,"",55672,0.5,836554,0.6,755859,0.6,575424,0.4,130329889665,5.0,19647406965,1.7,704388396,3.6,68,4.4
"US000","5","101","12","0","2025","1","",1476741,22069919,22171863,22328602,493083601372,245336528217,4966888367,1709,"",1.00,1.00,1.00,1.00,1.00,1.00,1.00,1.00,"",9375,0.6,-56143,-0.3,-69152,-0.3,-76401,-0.3,14061993063,2.9,2533817467,1.0,19723428,0.4,53,3.2
"US000","5","1011","13","0","2025","1","",143872,1652691,1658368,1686599,35575606981,17365699323,336887083,1643,"",1.00,1.00,1.00,1.00,1.00,1.00,1.00,1.00,"",-643,-0.4,-28864,-1.7,-45871,-2.7,-44387,-2.6,330440828,0.9,122002056,0.7,-9184597,-2.7,53,3.3
"US000","5","1012","13","0","2025","1","",934914,7849272,7905596,8031682,161316075469,87720192666,2314350794,1565,"",1.00,1.00,1.00,1.00,1.00,1.00,1.00,1.00,"",5980,0.6,122977,1.6,110468,1.4,118525,1.5,8285799790,5.4,2556809751,3.0,41675947,1.8,58,3.8
"US000","5","1013","13","0","2025","1","",397955,12567956,12607899,12610321,296191918922,140250636228,2315650490,1809,"",1.00,1.00,1.00,1.00,1.00,1.00,1.00,1.00,"",4038,1.0,-150256,-1.2,-133749,-1.0,-150539,-1.2,5445752445,1.9,-144994340,-0.1,-12767922,-0.5,54,3.1
"US000","5","102","12","0","2025","1","",10180935,108864709,109159103,109423910,2266593925323,910637627612,15184861669,1597,"",1.00,1.00,1.00,1.00,1.00,1.00,1.00,1.00,"",46297,0.5,892697,0.8,825011,0.8,651825,0.6,116267896602,5.4,17113589498,1.9,684664968,4.7,71,4.7
"US000","5","1021","13","0","2025","1","",2027857,28651581,28448977,28427622,475209278237,251082341615,3737742382,1282,"",1.00,1.00,1.00,1.00,1.00,1.00,1.00,1.00,"",-19727,-1.0,-33265,-0.1,-12814,0.0,-30276,-0.1,12600101037,2.7,3514419085,1.4,50965636,1.4,35,2.8
"US000","5","1022","13","0","2025","1","",292513,2846481,2874556,2852233,148026657325,40448581275,831134221,3984,"",1.00,1.00,1.00,1.00,1.00,1.00,1.00,1.00,"",1901,0.7,-60846,-2.1,-59343,-2.0,-81874,-2.8,10369832402,7.5,446150236,1.1,81489131,10.9,364,10.1
"US000","5","1023","13","0","2025","1","",1068529,8657871,8670138,8667003,382328950433,102202751211,1699198513,3394,"",1.00,1.00,1.00,1.00,1.00,1.00,1.00,1.00,"",882,0.1,24966,0.3,35235,0.4,30509,0.4,32968799179,9.4,1259607256,1.2,101998454,6.4,282,9.1
"US000","5","1024","13","0","2025","1","",2518241,22043059,22171959,22177092,637345552270,244292512087,4624780359,2215,"",1.00,1.00,1.00,1.00,1.00,1.00,1.00,1.00,"",32577,1.3,-147353,-0.7,-131774,-0.6,-182094,-0.8,28687716663,4.7,2896034199,1.2,291986344,6.7,114,5.4
"US000","5","1025","13","0","2025","1","",2193979,25867023,26062932,26088267,423860784910,138370376223,2148510365,1254,"",1.00,1.00,1.00,1.00,1.00,1.00,1.00,1.00,"",65988,3.1,981078,3.9,919867,3.7,870427,3.5,25665765546,6.4,6498547690,4.9,114106368,5.6,33,2.7
"US000","5","1026","13","0","2025","1","",979026,16025836,16129788,16384675,134150056374,97268670954,1519812959,638,"",1.00,1.00,1.00,1.00,1.00,1.00,1.00,1.00,"",11483,1.2,104780,0.7,64919,0.4,43093,0.3,4350334118,3.4,2027471333,2.1,36045301,2.4,18,2.9
"US000","5","1027","13","0","2025","1","",875704,4594721,4618591,4644032,62059026100,35070874704,573883903,1033,"",1.00,1.00,1.00,1.00,1.00,1.00,1.00,1.00,"",-709,-0.1,39324,0.9,28300,0.6,25498,0.6,1856486212,3.1,657753119,1.9,15309592,2.7,24,2.4
"US000","5","1029","13","0","2025","1","",225086,178137,182162,182986,3613619674,1901519543,49798967,1535,"",1.00,1.00,1.00,1.00,1.00,1.00,1.00,1.00,"",-46098,-17.0,-15987,-8.2,-19379,-9.6,-23458,-11.4,-231138555,-6.0,-186393420,-8.9,-7235858,-12.7,61,4.1
"US000","5","11","14","0","2025","1","",113683,1083217,1086907,1113783,12734351122,9309824999,202529711,895,"",1.00,1.00,1.00,1.00,1.00,1.00,1.00,1.00,"",-62,-0.1,-15438,-1.4,-31270,-2.8,-30094,-2.6,207173256,1.7,48695450,0.5,-7601948,-3.6,35,4.1
"US000","5","111","15","0","2025","1","",51259,439036,448892,476663,4961140372,3669554279,83436542,839,"",1.00,1.00,1.00,1.00,1.00,1.00,1.00,1.00,"",-89,-0.2,-6355,-1.4,-13775,-3.0,-13588,-2.8,-2113675,0.0,-5244861,-0.1,-1925738,-2.3,20,2.4
"US000","5","1111","16","0","2025","1","",14783,50418,50566,52223,596393964,459446562,5476905,898,"",1.00,1.00,1.00,1.00,1.00,1.00,1.00,1.00,"",313,2.2,-303,-0.6,-791,-1.5,-869,-1.6,1322271,0.2,-2250744,-0.5,-539785,-9.0,13,1.5
"US000","5","11111","17","0","2025","1","",1507,4896,4974,5209,57681845,42042173,559212,883,"",1.00,1.00,1.00,1.00,1.00,1.00,1.00,1.00,"",46,3.1,11,0.2,-50,-1.0,17,0.3,1924718,3.5,37480,0.1,-42470,-7.1,31,3.6
"US000","5","111110","18","0","2025","1","",1507,4896,4974,5209,57681845,42042173,559212,883,"",1.00,1.00,1.00,1.00,1.00,1.00,1.00,1.00,"",46,3.1,11,0.2,-50,-1.0,17,0.3,1924718,3.5,37480,0.1,-42470,-7.1,31,3.6
"US000","5","11112","17","0","2025","1","",66,220,237,237,4790358,2313290,49805,1593,"",1.00,1.00,1.00,1.00,1.00,1.00,1.00,1.00,"",2,3.1,3,1.4,27,12.9,29,13.9,1437643,42.9,204905,9.7,11571,30.3,375,30.8
"US000","5","111120","18","0","2025","1","",66,220,237,237,4790358,2313290,49805,1593,"",1.00,1.00,1.00,1.00,1.00,1.00,1.00,1.00,"",2,3.1,3,1.4,27,12.9,29,13.9,1437643,42.9,204905,9.7,11571,30.3,375,30.8
"US000","5","11113","17","0","2025","1","",94,228,226,257,2980978,2190715,29972,968,"",1.00,1.00,1.00,1.00,1.00,1.00,1.00,1.00,"",-2,-2.1,-129,-36.1,-124,-35.4,-102,-28.4,-1014112,-25.4,-699831,-24.2,-12805,-29.9,103,11.9
"US000","5","111130","18","0","2025","1","",94,228,226,257,2980978,2190715,29972,968,"",1.00,1.00,1.00,1.00,1.00,1.00,1.00,1.00,"",-2,-2.1,-129,-36.1,-124,-35.4,-102,-28.4,-1014112,-25.4,-699831,-24.2,-12805,-29.9,103,11.9
"US000","5","11114","17","0","2025","1","",2004,4626,4591,4796,49114296,45548874,367991,809,"",1.00,1.00,1.00,1.00,1.00,1.00,1.00,1.00,"",18,0.9,-151,-3.2,-259,-5.3,-191,-3.8,-1275678,-2.5,-1187949,-2.5,-58727,-13.8,13,1.6
"US000","5","111140","18","0","2025","1","",2004,4626,4591,4796,49114296,45548874,367991,809,"",1.00,1.00,1.00,1.00,1.00,1.00,1.00,1.00,"",18,0.9,-151,-3.2,-259,-5.3,-191,-3.8,-1275678,-2.5,-1187949,-2.5,-58727,-13.8,13,1.6
"US000","5","11115","17","0","2025","1","",4232,17428,17467,17956,219413561,167612515,2004074,958,"",1.00,1.00,1.00,1.00,1.00,1.00,1.00,1.00,"",129,3.1,12,0.1,-25,-0.1,1,0.0,849644,0.4,480385,0.3,-124320,-5.8,4,0.4
"US000","5","111150","18","0","2025","1","",4232,17428,17467,17956,219413561,167612515,2004074,958,"",1.00,1.00,1.00,1.00,1.00,1.00,1.00,1.00,"",129,3.1,12,0.1,-25,-0.1,1,0.0,849644,0.4,480385,0.3,-124320,-5.8,4,0.4
"US000","5","11116","17","0","2025","1","",772,2375,2425,2611,30341348,17235409,525767,945,"",1.00,1.00,1.00,1.00,1.00,1.00,1.00,1.00,"",-29,-3.6,-149,-5.9,-183,-7.0,-174,-6.2,-650425,-2.1,-1065265,-5.8,-22388,-4.1,42,4.7
"US000","5","111160","18","0","2025","1","",772,2375,2425,2611,30341348,17235409,525767,945,"",1.00,1.00,1.00,1.00,1.00,1.00,1.00,1.00,"",-29,-3.6,-149,-5.9,-183,-7.0,-174,-6.2,-650425,-2.1,-1065265,-5.8,-22388,-4.1,42,4.7
"US000","5","11119","17","0","2025","1","",6108,20645,20646,21157,232071578,182503586,1940084,858,"",1.00,1.00,1.00,1.00,1.00,1.00,1.00,1.00,"",149,2.5,100,0.5,-177,-0.9,-449,-2.1,50481,0.0,-20469,0.0,-290646,-13.0,8,0.9
"US000","5","111191","18","0","2025","1","",4567,15711,15596,16287,177816562,140133975,1354722,862,"",1.00,1.00,1.00,1.00,1.00,1.00,1.00,1.00,"",74,1.6,-158,-1.0,-464,-2.9,-317,-1.9,-1628573,-0.9,-1478303,-1.0,-244146,-15.3,9,1.1
"US000","5","111199","18","0","2025","1","",1541,4934,5050,4870,54255016,42369611,585362,843,"",1.00,1.00,1.00,1.00,1.00,1.00,1.00,1.00,"",75,5.1,258,5.5,287,6.0,-132,-2.6,1679054,3.2,1457834,3.6,-46500,-7.4,3,0.4
"US000","5","1112","16","0","2025","1","",5378,60977,63418,67122,752234898,505593939,14900364,906,"",1.00,1.00,1.00,1.00,1.00,1.00,1.00,1.00,"",30,0.6,-1990,-3.2,-1175,-1.8,-1681,-2.4,10937300,1.5,-4097895,-0.8,-1215979,-7.5,35,4.0
"US000","5","11121","17","0","2025","1","",5378,60977,63418,67122,752234898,505593939,14900364,906,"",1.00,1.00,1.00,1.00,1.00,1.00,1.00,1.00,"",30,0.6,-1990,-3.2,-1175,-1.8,-1681,-2.4,10937300,1.5,-4097895,-0.8,-1215979,-7.5,35,4.0
"US000","5","111211","18","0","2025","1","",1039,10634,12040,13450,144695289,116748731,2465046,924,"",1.00,1.00,1.00,1.00,1.00,1.00,1.00,1.00,"",-2,-0.2,-701,-6.2,-396,-3.2,-159,-1.2,-2660883,-1.8,38910,0.0,-190283,-7.2,14,1.5
"US000","5","111219","18","0","2025","1","",4339,50343,51378,53672,607539609,388845208,12435318,902,"",1.00,1.00,1.00,1.00,1.00,1.00,1.00,1.00,"",32,0.7,-1289,-2.5,-779,-1.5,-1522,-2.8,13598183,2.3,-4136805,-1.1,-1025696,-7.6,40,4.6
"US000","5","1113","16","0","2025","1","",9801,116691,118303,125281,1140648800,843620729,25069716,731,"",1.00,1.00,1.00,1.00,1.00,1.00,1.00,1.00,"",-149,-1.5,-2565,-2.2,-6593,-5.3,-5063,-3.9,-10114416,-0.9,-14345366,-1.7,-749943,-2.9,22,3.1
"US000","5","11131","17","0","2025","1","",322,2917,3055,3190,39687207,19832150,542139,1000,"",1.00,1.00,1.00,1.00,1.00,1.00,1.00,1.00,"",-19,-5.6,-121,-4.0,-34,-1.1,14,0.4,-1820194,-4.4,-520496,-2.6,-22289,-3.9,-30,-2.9
"US000","5","111310","18","0","2025","1","",322,2917,3055,3190,39687207,19832150,542139,1000,"",1.00,1.00,1.00,1.00,1.00,1.00,1.00,1.00,"",-19,-5.6,-121,-4.0,-34,-1.1,14,0.4,-1820194,-4.4,-520496,-2.6,-22289,-3.9,-30,-2.9
"US000","5","11132","17","0","2025","1","",254,2385,2219,2180,23695905,15184533,632358,806,"",1.00,1.00,1.00,1.00,1.00,1.00,1.00,1.00,"",-8,-3.1,-123,-4.9,-438,-16.5,-442,-16.9,-472400,-2.0,-1100179,-6.8,12058,1.9,90,12.6
"US000","5","111320","18","0","2025","1","",254,2385,2219,2180,23695905,15184533,632358,806,"",1.00,1.00,1.00,1.00,1.00,1.00,1.00,1.00,"",-8,-3.1,-123,-4.9,-438,-16.5,-442,-16.9,-472400,-2.0,-1100179,-6.8,12058,1.9,90,12.6
"US000","5","11133","17","0","2025","1","",9225,111389,113029,119911,1077265688,808604046,23895219,722,"",1.00,1.00,1.00,1.00,1.00,1.00,1.00,1.00,"",-122,-1.3,-2321,-2.0,-6121,-5.1,-4635,-3.7,-7821822,-0.7,-12724691,-1.5,-739712,-3.0,21,3.0
"US000","5","111331","18","0","2025","1","",1459,22395,22692,24588,192451798,179787668,2702268,637,"",1.00,1.00,1.00,1.00,1.00,1.00,1.00,1.00,"",-10,-0.7,944,4.4,-89,-0.4,367,1.5,2948102,1.6,2239588,1.3,-44383,-1.6,-2,-0.3
"US000","5","111332","18","0","2025","1","",1733,18642,18726,18290,201261513,131764867,4831278,834,"",1.00,1.00,1.00,1.00,1.00,1.00,1.00,1.00,"",-50,-2.8,-1853,-9.0,-2574,-12.1,-2606,-12.5,-12249150,-5.7,-11280973,-7.9,-322439,-6.3,48,6.1
"US000","5","111333","18","0","2025","1","",494,17382,19461,22535,138586856,111215646,4199415,539,"",1.00,1.00,1.00,1.00,1.00,1.00,1.00,1.00,"",-10,-2.0,-990,-5.4,-992,-4.9,-1252,-5.3,-4293260,-3.0,-4122338,-3.6,-212082,-4.8,12,2.3
"US000","5","111334","18","0","2025","1","",931,12157,12227,13830,112524616,88809007,2264441,680,"",1.00,1.00,1.00,1.00,1.00,1.00,1.00,1.00,"",-17,-1.8,427,3.6,-98,-0.8,-76,-0.5,-1042117,-0.9,336620,0.4,11207,0.5,-10,-1.4
"US000","5","111335","18","0","2025","1","",2106,17505,16852,16038,207286816,123860932,5033186,949,"",1.00,1.00,1.00,1.00,1.00,1.00,1.00,1.00,"",-26,-1.2,-1452,-7.7,-1077,-6.0,-1199,-7.0,-3190452,-1.5,-5898317,-4.5,-183098,-3.5,52,5.8
"US000","5","111336","18","0","2025","1","",459,5816,5829,6308,59811818,42579350,1312056,769,"",1.00,1.00,1.00,1.00,1.00,1.00,1.00,1.00,"",12,2.7,340,6.2,-266,-4.4,26,0.4,3852840,6.9,1626177,4.0,-15414,-1.2,46,6.4
"US000","5","111339","18","0","2025","1","",2043,17492,17242,18322,165342271,130586576,3552575,719,"",1.00,1.00,1.00,1.00,1.00,1.00,1.00,1.00,"",-21,-1.0,263,1.5,-1025,-5.6,105,0.6,6152215,3.9,4374552,3.5,26497,0.8,35,5.1
"US000","5","1114","16","0","2025","1","",10038,153946,158924,171298,1806965961,1364060254,27911007,861,"",1.00,1.00,1.00,1.00,1.00,1.00,1.00,1.00,"",-36,-0.4,-1075,-0.7,-3518,-2.2,-4169,-2.4,13430039,0.7,17740556,1.3,682791,2.5,21,2.5
"US000","5","11141","17","0","2025","1","",2810,47008,47584,47486,578725827,440913170,12014318,940,"",1.00,1.00,1.00,1.00,1.00,1.00,1.00,1.00,"",20,0.7,-390,-0.8,-233,-0.5,-644,-1.3,8597084,1.5,8873400,2.1,1103758,10.1,22,2.4
"US000","5","111411","18","0","2025","1","",335,8587,8986,8937,110154126,78453296,1568246,959,"",1.00,1.00,1.00,1.00,1.00,1.00,1.00,1.00,"",19,6.0,-1009,-10.5,-733,-7.5,-771,-7.9,-7142146,-6.1,-2036107,-2.5,125265,8.7,26,2.8
"US000","5","111419","18","0","2025","1","",2475,38421,38598,38549,468571701,362459874,10446072,936,"",1.00,1.00,1.00,1.00,1.00,1.00,1.00,1.00,"",1,0.0,619,1.6,500,1.3,127,0.3,15739230,3.5,10909507,3.1,978493,10.3,22,2.4
"US000","5","11142","17","0","2025","1","",7228,106938,111340,123812,1228240134,923147084,15896689,829,"",1.00,1.00,1.00,1.00,1.00,1.00,1.00,1.00,"",-56,-0.8,-685,-0.6,-3285,-2.9,-3525,-2.8,4832955,0.4,8867156,1.0,-420967,-2.6,21,2.6
"US000","5","111421","18","0","2025","1","",5082,71805,72791,80114,826700985,615045257,11087048,849,"",1.00,1.00,1.00,1.00,1.00,1.00,1.00,1.00,"",-66,-1.3,-567,-0.8,-2243,-3.0,-2593,-3.1,4228085,0.5,10744434,1.8,-159484,-1.4,24,2.9
"US000","5","111422","18","0","2025","1","",2146,35133,38549,43698,401539149,308101827,4809641,789,"",1.00,1.00,1.00,1.00,1.00,1.00,1.00,1.00,"",10,0.5,-118,-0.3,-1042,-2.6,-932,-2.1,604870,0.2,-1877278,-0.6,-261483,-5.2,15,1.9
"US000","5","1119","16","0","2025","1","",11259,57004,57681,60739,664896749,496832795,10078550,875,"",1.00,1.00,1.00,1.00,1.00,1.00,1.00,1.00,"",-247,-2.1,-422,-0.7,-1698,-2.9,-1806,-2.9,-17688869,-2.6,-2291412,-0.5,-102822,-1.0,-3,-0.3
"US000","5","11191","17","0","2025","1","",340,1240,1271,1302,11607168,10474419,85551,702,"",1.00,1.00,1.00,1.00,1.00,1.00,1.00,1.00,"",-31,-8.4,36,3.0,8,0.6,-10,-0.8,409172,3.7,-8752,-0.1,19040,28.6,18,2.6
"US000","5","111910","18","0","2025","1","",340,1240,1271,1302,11607168,10474419,85551,702,"",1.00,1.00,1.00,1.00,1.00,1.00,1.00,1.00,"",-31,-8.4,36,3.0,8,0.6,-10,-0.8,409172,3.7,-8752,-0.1,19040,28.6,18,2.6
"US000","5","11192","17","0","2025","1","",2364,8299,8421,8708,88899221,63223116,974233,807,"",1.00,1.00,1.00,1.00,1.00,1.00,1.00,1.00,"",-114,-4.6,-539,-6.1,-540,-6.0,-655,-7.0,-3021125,-3.3,-2860287,-4.3,-87599,-8.2,26,3.3
"US000","5","111920","18","0","2025","1","",2364,8299,8421,8708,88899221,63223116,974233,807,"",1.00,1.00,1.00,1.00,1.00,1.00,1.00,1.00,"",-114,-4.6,-539,-6.1,-540,-6.0,-655,-7.0,-3021125,-3.3,-2860287,-4.3,-87599,-8.2,26,3.3
"US000","5","11193","17","0","2025","1","",257,3374,3319,3364,62909917,23173004,440020,1444,"",1.00,1.00,1.00,1.00,1.00,1.00,1.00,1.00,"",-9,-3.4,-20,-0.6,2,0.1,26,0.8,-16732665,-21.0,198984,0.9,-160353,-26.7,-385,-21.0
"US000","5","111930","18","0","2025","1","",257,3374,3319,3364,62909917,23173004,440020,1444,"",1.00,1.00,1.00,1.00,1.00,1.00,1.00,1.00,"",-9,-3.4,-20,-0.6,2,0.1,26,0.8,-16732665,-21.0,198984,0.9,-160353,-26.7,-385,-21.0
"US000","5","11194","17","0","2025","1","",1831,7479,7679,8042,87997237,67451357,1374846,875,"",1.00,1.00,1.00,1.00,1.00,1.00,1.00,1.00,"",10,0.5,-71,-0.9,-178,-2.3,-322,-3.8,1490432,1.7,5593,0.0,-64883,-4.5,35,4.2
"US000","5","111940","18","0","2025","1","",1831,7479,7679,8042,87997237,67451357,1374846,875,"",1.00,1.00,1.00,1.00,1.00,1.00,1.00,1.00,"",10,0.5,-71,-0.9,-178,-2.3,-322,-3.8,1490432,1.7,5593,0.0,-64883,-4.5,35,4.2
"US000","5","11199","17","0","2025","1","",6467,36612,36991,39323,413483206,332510899,7203900,845,"",1.00,1.00,1.00,1.00,1.00,1.00,1.00,1.00,"",-103,-1.6,172,0.5,-990,-2.6,-845,-2.1,165317,0.0,373050,0.1,190973,2.7,13,1.6
"US000","5","111991","18","0","2025","1","",354,1028,1072,1130,12473021,11538972,127459,891,"",1.00,1.00,1.00,1.00,1.00,1.00,1.00,1.00,"",-8,-2.2,-30,-2.8,-24,-2.2,-30,-2.6,-151179,-1.2,-12965,-0.1,-4835,-3.7,12,1.4
"US000","5","111992","18","0","2025","1","",230,909,891,872,8786293,6822793,27829,759,"",1.00,1.00,1.00,1.00,1.00,1.00,1.00,1.00,"",8,3.6,-85,-8.6,-131,-12.8,-181,-17.2,-1226705,-12.3,-817137,-10.7,131,0.5,6,0.8
"US000","5","111998","18","0","2025","1","",5883,34675,35028,37321,392223892,314149134,7048612,846,"",1.00,1.00,1.00,1.00,1.00,1.00,1.00,1.00,"",-103,-1.7,287,0.8,-835,-2.3,-634,-1.7,1543201,0.4,1203152,0.4,195677,2.9,13,1.6
"US000","5","112","15","0","2025","1","",28940,262709,263794,266171,3392609908,2542515716,24296485,988,"",1.00,1.00,1.00,1.00,1.00,1.00,1.00,1.00,"",203,0.7,1916,0.7,1623,0.6,2378,0.9,150681045,4.6,74002770,3.0,-286914,-1.2,37,3.9
"US000","5","1121","16","0","2025","1","",18231,159703,160046,161559,1939249641,1499305795,14300974,930,"",1.00,1.00,1.00,1.00,1.00,1.00,1.00,1.00,"",153,0.8,1630,1.0,1556,1.0,1868,1.2,78544354,4.2,42228676,2.9,-397663,-2.7,28,3.1
"US000","5","11211","17","0","2025","1","",11563,56655,56650,57309,684197429,506719875,4086087,925,"",1.00,1.00,1.00,1.00,1.00,1.00,1.00,1.00,"",218,1.9,1031,1.9,731,1.3,756,1.3,29240897,4.5,17098175,3.5,-366523,-8.2,26,2.9
"US000","5","112111","18","0","2025","1","",10345,41261,41290,41859,467693936,352733603,3107973,868,"",1.00,1.00,1.00,1.00,1.00,1.00,1.00,1.00,"",187,1.8,749,1.8,584,1.4,596,1.4,19371887,4.3,12167268,3.6,-147538,-4.5,23,2.7
"US000","5","112112","18","0","2025","1","",1218,15394,15360,15450,216503493,153986272,978114,1081,"",1.00,1.00,1.00,1.00,1.00,1.00,1.00,1.00,"",31,2.6,282,1.9,147,1.0,160,1.0,9869010,4.8,4930907,3.3,-218985,-18.3,36,3.4
"US000","5","11212","17","0","2025","1","",6668,103048,103396,104250,1255052212,992585920,10214887,932,"",1.00,1.00,1.00,1.00,1.00,1.00,1.00,1.00,"",-65,-1.0,599,0.6,825,0.8,1112,1.1,49303457,4.1,25130501,2.6,-31140,-0.3,29,3.2
"US000","5","112120","18","0","2025","1","",6668,103048,103396,104250,1255052212,992585920,10214887,932,"",1.00,1.00,1.00,1.00,1.00,1.00,1.00,1.00,"",-65,-1.0,599,0.6,825,0.8,1112,1.1,49303457,4.1,25130501,2.6,-31140,-0.3,29,3.2
"US000","5","1122","16","0","2025","1","",2244,26373,26383,26385,360040030,295352983,1586148,1050,"",1.00,1.00,1.00,1.00,1.00,1.00,1.00,1.00,"",-69,-3.0,-1231,-4.5,-1179,-4.3,-1178,-4.3,4333753,1.2,-3784885,-1.3,-69863,-4.2,58,5.8
"US000","5","11221","17","0","2025","1","",2244,26373,26383,26385,360040030,295352983,1586148,1050,"",1.00,1.00,1.00,1.00,1.00,1.00,1.00,1.00,"",-69,-3.0,-1231,-4.5,-1179,-4.3,-1178,-4.3,4333753,1.2,-3784885,-1.3,-69863,-4.2,58,5.8
"US000","5","112210","18","0","2025","1","",2244,26373,26383,26385,360040030,295352983,1586148,1050,"",1.00,1.00,1.00,1.00,1.00,1.00,1.00,1.00,"",-69,-3.0,-1231,-4.5,-1179,-4.3,-1178,-4.3,4333753,1.2,-3784885,-1.3,-69863,-4.2,58,5.8
"US000","5","1123","16","0","2025","1","",2654,47482,47636,47985,716506798,491994664,4598732,1155,"",1.00,1.00,1.00,1.00,1.00,1.00,1.00,1.00,"",47,1.8,2345,5.2,2082,4.6,2302,5.0,81026640,12.8,41106093,9.1,150728,3.4,80,7.4
"US000","5","11231","17","0","2025","1","",838,23197,23155,23342,362259129,241676669,2619379,1200,"",1.00,1.00,1.00,1.00,1.00,1.00,1.00,1.00,"",22,2.7,1471,6.8,1275,5.8,1373,6.2,42687219,13.4,18724518,8.4,-135438,-4.9,75,6.7
"US000","5","112310","18","0","2025","1","",838,23197,23155,23342,362259129,241676669,2619379,1200,"",1.00,1.00,1.00,1.00,1.00,1.00,1.00,1.00,"",22,2.7,1471,6.8,1275,5.8,1373,6.2,42687219,13.4,18724518,8.4,-135438,-4.9,75,6.7
"US000","5","11232","17","0","2025","1","",654,7318,7392,7434,111489711,84273374,435565,1162,"",1.00,1.00,1.00,1.00,1.00,1.00,1.00,1.00,"",-5,-0.8,111,1.5,72,1.0,116,1.6,13599552,13.9,6856492,8.9,44427,11.4,128,12.4
"US000","5","112320","18","0","2025","1","",654,7318,7392,7434,111489711,84273374,435565,1162,"",1.00,1.00,1.00,1.00,1.00,1.00,1.00,1.00,"",-5,-0.8,111,1.5,72,1.0,116,1.6,13599552,13.9,6856492,8.9,44427,11.4,128,12.4
"US000","5","11233","17","0","2025","1","",463,5092,5066,5057,67569819,51510596,444820,1025,"",1.00,1.00,1.00,1.00,1.00,1.00,1.00,1.00,"",13,2.9,368,7.8,347,7.4,343,7.3,8676211,14.7,7534290,17.1,139590,45.7,65,6.8
"US000","5","112330","18","0","2025","1","",463,5092,5066,5057,67569819,51510596,444820,1025,"",1.00,1.00,1.00,1.00,1.00,1.00,1.00,1.00,"",13,2.9,368,7.8,347,7.4,343,7.3,8676211,14.7,7534290,17.1,139590,45.7,65,6.8
"US000","5","11234","17","0","2025","1","",486,9697,9868,9944,149476734,94769051,769596,1169,"",1.00,1.00,1.00,1.00,1.00,1.00,1.00,1.00,"",5,1.0,144,1.5,156,1.6,201,2.1,13008192,9.5,5071770,5.7,26011,3.5,83,7.6
"US000","5","112340","18","0","2025","1","",486,9697,9868,9944,149476734,94769051,769596,1169,"",1.00,1.00,1.00,1.00,1.00,1.00,1.00,1.00,"",5,1.0,144,1.5,156,1.6,201,2.1,13008192,9.5,5071770,5.7,26011,3.5,83,7.6
"US000","5","11239","17","0","2025","1","",213,2178,2155,2208,25711405,19764974,329372,907,"",1.00,1.00,1.00,1.00,1.00,1.00,1.00,1.00,"",12,6.0,251,13.0,232,12.1,269,13.9,3055466,13.5,2919023,17.3,76138,30.1,4,0.4
"US000","5","112390","18","0","2025","1","",213,2178,2155,2208,25711405,19764974,329372,907,"",1.00,1.00,1.00,1.00,1.00,1.00,1.00,1.00,"",12,6.0,251,13.0,232,12.1,269,13.9,3055466,13.5,2919023,17.3,76138,30.1,4,0.4
"US000","5","1124","16","0","2025","1","",407,1498,1517,1541,15183787,12152802,159232,769,"",1.00,1.00,1.00,1.00,1.00,1.00,1.00,1.00,"",1,0.2,-30,-2.0,-66,-4.2,-56,-3.5,111876,0.7,-254595,-2.1,-6455,-3.9,30,4.1
"US000","5","11241","17","0","2025","1","",266,971,974,989,10753934,8480700,102211,846,"",1.00,1.00,1.00,1.00,1.00,1.00,1.00,1.00,"",-2,-0.7,-36,-3.6,-63,-6.1,-60,-5.7,12979,0.1,-300760,-3.4,1730,1.7,45,5.6
"US000","5","112410","18","0","2025","1","",266,971,974,989,10753934,8480700,102211,846,"",1.00,1.00,1.00,1.00,1.00,1.00,1.00,1.00,"",-2,-0.7,-36,-3.6,-63,-6.1,-60,-5.7,12979,0.1,-300760,-3.4,1730,1.7,45,5.6
"US000","5","11242","17","0","2025","1","",141,527,543,552,4429853,3672102,57021,630,"",1.00,1.00,1.00,1.00,1.00,1.00,1.00,1.00,"",3,2.2,6,1.2,-3,-0.5,4,0.7,98897,2.3,46165,1.3,-8185,-12.6,11,1.8
"US000","5","112420","18","0","2025","1","",141,527,543,552,4429853,3672102,57021,630,"",1.00,1.00,1.00,1.00,1.00,1.00,1.00,1.00,"",3,2.2,6,1.2,-3,-0.5,4,0.7,98897,2.3,46165,1.3,-8185,-12.6,11,1.8
"US000","5","1125","16","0","2025","1","",1035,6740,6875,7207,85774787,63754722,796704,951,"",1.00,1.00,1.00,1.00,1.00,1.00,1.00,1.00,"",-1,-0.1,-315,-4.5,-343,-4.8,-130,-1.8,-2274343,-2.6,-1619109,-2.5,-57133,-6.7,11,1.2
"US000","5","11251","17","0","2025","1","",1035,6740,6875,7207,85774787,63754722,796704,951,"",1.00,1.00,1.00,1.00,1.00,1.00,1.00,1.00,"",-1,-0.1,-315,-4.5,-343,-4.8,-130,-1.8,-2274343,-2.6,-1619109,-2.5,-57133,-6.7,11,1.2
"US000","5","112511","18","0","2025","1","",469,3247,3345,3496,42623964,30750040,343358,975,"",1.00,1.00,1.00,1.00,1.00,1.00,1.00,1.00,"",-4,-0.8,-277,-7.9,-350,-9.5,-285,-7.5,-1216054,-2.8,-1491897,-4.6,-53749,-13.5,55,6.0
"US000","5","112512","18","0","2025","1","",361,2423,2424,2605,28018143,23522229,280821,868,"",1.00,1.00,1.00,1.00,1.00,1.00,1.00,1.00,"",17,4.9,-72,-2.9,-60,-2.4,99,4.0,-450206,-1.6,-36019,-0.2,-19632,-6.5,-10,-1.1
"US000","5","112519","18","0","2025","1","",205,1070,1106,1106,15132680,9482453,172525,1064,"",1.00,1.00,1.00,1.00,1.00,1.00,1.00,1.00,"",-14,-6.4,34,3.3,67,6.4,56,5.3,-608083,-3.9,-91193,-1.0,16248,10.4,-98,-8.4
"US000","5","1129","16","0","2025","1","",4369,20913,21337,21494,275854865,179954750,2854695,999,"",1.00,1.00,1.00,1.00,1.00,1.00,1.00,1.00,"",72,1.7,-483,-2.3,-427,-2.0,-428,-2.0,-11061235,-3.9,-3673410,-2.0,93472,3.4,-18,-1.8
"US000","5","11291","17","0","2025","1","",899,3653,3927,4135,44111993,32067228,613036,869,"",1.00,1.00,1.00,1.00,1.00,1.00,1.00,1.00,"",37,4.3,52,1.4,120,3.2,178,4.5,-20753,0.0,477999,1.5,1239,0.2,-27,-3.0
"US000","5","112910","18","0","2025","1","",899,3653,3927,4135,44111993,32067228,613036,869,"",1.00,1.00,1.00,1.00,1.00,1.00,1.00,1.00,"",37,4.3,52,1.4,120,3.2,178,4.5,-20753,0.0,477999,1.5,1239,0.2,-27,-3.0
"US000","5","11292","17","0","2025","1","",1680,6269,6414,6460,73362992,51871808,621288,884,"",1.00,1.00,1.00,1.00,1.00,1.00,1.00,1.00,"",55,3.4,159,2.6,181,2.9,212,3.4,4377173,6.3,2186116,4.4,16842,2.8,28,3.3
"US000","5","112920","18","0","2025","1","",1680,6269,6414,6460,73362992,51871808,621288,884,"",1.00,1.00,1.00,1.00,1.00,1.00,1.00,1.00,"",55,3.4,159,2.6,181,2.9,212,3.4,4377173,6.3,2186116,4.4,16842,2.8,28,3.3
"US000","5","11293","17","0","2025","1","",71,524,543,529,5095586,4694263,16247,737,"",1.00,1.00,1.00,1.00,1.00,1.00,1.00,1.00,"",-9,-11.2,-8,-1.5,-7,-1.3,-6,-1.1,26400,0.5,31923,0.7,-8152,-33.4,14,1.9
"US000","5","112930","18","0","2025","1","",71,524,543,529,5095586,4694263,16247,737,"",1.00,1.00,1.00,1.00,1.00,1.00,1.00,1.00,"",-9,-11.2,-8,-1.5,-7,-1.3,-6,-1.1,26400,0.5,31923,0.7,-8152,-33.4,14,1.9
"US000","5","11299","17","0","2025","1","",1719,10467,10453,10370,153284294,91321451,1604124,1130,"",1.00,1.00,1.00,1.00,1.00,1.00,1.00,1.00,"",-11,-0.6,-686,-6.2,-721,-6.5,-812,-7.3,-15444055,-9.2,-6369448,-6.5,83543,5.5,-32,-2.8
"US000","5","112990","18","0","2025","1","",1719,10467,10453,10370,153284294,91321451,1604124,1130,"",1.00,1.00,1.00,1.00,1.00,1.00,1.00,1.00,"",-11,-0.6,-686,-6.2,-721,-6.5,-812,-7.3,-15444055,-9.2,-6369448,-6.5,83543,5.5,-32,-2.8
"US000","5","113","15","0","2025","1","",8539,45476,45399,44974,665834522,484351322,7933325,1131,"",1.00,1.00,1.00,1.00,1.00,1.00,1.00,1.00,"",-205,-2.3,-1628,-3.5,-1508,-3.2,-1256,-2.7,4810710,0.7,-4535748,-0.9,-225179,-2.8,43,4.0
"US000","5","1131","16","0","2025","1","",695,2826,2773,2786,56250891,35042495,361966,1548,"",1.00,1.00,1.00,1.00,1.00,1.00,1.00,1.00,"",14,2.1,-104,-3.5,-140,-4.8,-82,-2.9,-2200660,-3.8,-1479194,-4.1,-73832,-16.9,0,0.0
"US000","5","11311","17","0","2025","1","",695,2826,2773,2786,56250891,35042495,361966,1548,"",1.00,1.00,1.00,1.00,1.00,1.00,1.00,1.00,"",14,2.1,-104,-3.5,-140,-4.8,-82,-2.9,-2200660,-3.8,-1479194,-4.1,-73832,-16.9,0,0.0
"US000","5","113110","18","0","2025","1","",695,2826,2773,2786,56250891,35042495,361966,1548,"",1.00,1.00,1.00,1.00,1.00,1.00,1.00,1.00,"",14,2.1,-104,-3.5,-140,-4.8,-82,-2.9,-2200660,-3.8,-1479194,-4.1,-73832,-16.9,0,0.0
"US000","5","1132","16","0","2025","1","",351,1616,1571,1658,19717543,13681115,247873,939,"",1.00,1.00,1.00,1.00,1.00,1.00,1.00,1.00,"",1,0.3,-18,-1.1,15,1.0,-36,-2.1,590772,3.1,227470,1.7,3785,1.6,35,3.9
"US000","5","11321","17","0","2025","1","",351,1616,1571,1658,19717543,13681115,247873,939,"",1.00,1.00,1.00,1.00,1.00,1.00,1.00,1.00,"",1,0.3,-18,-1.1,15,1.0,-36,-2.1,590772,3.1,227470,1.7,3785,1.6,35,3.9
"US000","5","113210","18","0","2025","1","",351,1616,1571,1658,19717543,13681115,247873,939,"",1.00,1.00,1.00,1.00,1.00,1.00,1.00,1.00,"",1,0.3,-18,-1.1,15,1.0,-36,-2.1,590772,3.1,227470,1.7,3785,1.6,35,3.9
"US000","5","1133","16","0","2025","1","",7493,41034,41055,40530,589866088,435627712,7323486,1110,"",1.00,1.00,1.00,1.00,1.00,1.00,1.00,1.00,"",-220,-2.9,-1506,-3.5,-1383,-3.3,-1138,-2.7,6420598,1.1,-3284024,-0.7,-155132,-2.1,47,4.4
"US000","5","11331","17","0","2025","1","",7493,41034,41055,40530,589866088,435627712,7323486,1110,"",1.00,1.00,1.00,1.00,1.00,1.00,1.00,1.00,"",-220,-2.9,-1506,-3.5,-1383,-3.3,-1138,-2.7,6420598,1.1,-3284024,-0.7,-155132,-2.1,47,4.4
"US000","5","113310","18","0","2025","1","",7493,41034,41055,40530,589866088,435627712,7323486,1110,"",1.00,1.00,1.00,1.00,1.00,1.00,1.00,1.00,"",-220,-2.9,-1506,-3.5,-1383,-3.3,-1138,-2.7,6420598,1.1,-3284024,-0.7,-155132,-2.1,47,4.4
"US000","5","114","15","0","2025","1","",2737,6840,6748,6674,124105172,87201967,3402976,1413,"",1.00,1.00,1.00,1.00,1.00,1.00,1.00,1.00,"",-62,-2.2,-313,-4.4,-440,-6.1,-441,-6.2,8734856,7.6,2760392,3.3,287324,9.2,172,13.9
"US000","5","1141","16","0","2025","1","",2112,4543,4491,4415,96512374,68086980,3166053,1656,"",1.00,1.00,1.00,1.00,1.00,1.00,1.00,1.00,"",-67,-3.1,-368,-7.5,-431,-8.8,-454,-9.3,7552723,8.5,2164354,3.3,293507,10.2,260,18.6
"US000","5","11411","17","0","2025","1","",2112,4543,4491,4415,96512374,68086980,3166053,1656,"",1.00,1.00,1.00,1.00,1.00,1.00,1.00,1.00,"",-67,-3.1,-368,-7.5,-431,-8.8,-454,-9.3,7552723,8.5,2164354,3.3,293507,10.2,260,18.6
"US000","5","114111","18","0","2025","1","",944,2593,2703,2435,59122569,43629081,1810008,1765,"",1.00,1.00,1.00,1.00,1.00,1.00,1.00,1.00,"",-24,-2.5,-271,-9.5,-77,-2.8,-244,-9.1,5459577,10.2,2445313,5.9,132858,7.9,277,18.6
"US000","5","114112","18","0","2025","1","",985,1487,1410,1534,29492577,18952490,1117690,1536,"",1.00,1.00,1.00,1.00,1.00,1.00,1.00,1.00,"",-45,-4.4,-112,-7.0,-277,-16.4,-215,-12.3,1871090,6.8,-538868,-2.8,150516,15.6,270,21.3
"US000","5","114119","18","0","2025","1","",183,463,378,446,7897228,5505409,238355,1416,"",1.00,1.00,1.00,1.00,1.00,1.00,1.00,1.00,"",2,1.1,15,3.3,-77,-16.9,5,1.1,222056,2.9,257909,4.9,10133,4.4,98,7.4
"US000","5","1142","16","0","2025","1","",625,2297,2257,2259,27592798,19114987,236923,935,"",1.00,1.00,1.00,1.00,1.00,1.00,1.00,1.00,"",5,0.8,55,2.5,-9,-0.4,13,0.6,1182133,4.5,596038,3.2,-6183,-2.5,33,3.7
"US000","5","11421","17","0","2025","1","",625,2297,2257,2259,27592798,19114987,236923,935,"",1.00,1.00,1.00,1.00,1.00,1.00,1.00,1.00,"",5,0.8,55,2.5,-9,-0.4,13,0.6,1182133,4.5,596038,3.2,-6183,-2.5,33,3.7
"US000","5","114210","18","0","2025","1","",625,2297,2257,2259,27592798,19114987,236923,935,"",1.00,1.00,1.00,1.00,1.00,1.00,1.00,1.00,"",5,0.8,55,2.5,-9,-0.4,13,0.6,1182133,4.5,596038,3.2,-6183,-2.5,33,3.7
"US000","5","115","15","0","2025","1","",22208,329156,322074,319301,3590661148,2526201715,83460383,854,"",1.00,1.00,1.00,1.00,1.00,1.00,1.00,1.00,"",91,0.4,-9058,-2.7,-17170,-5.1,-17187,-5.1,45060320,1.3,-18287103,-0.7,-5451441,-6.1,47,5.8
"US000","5","1151","16","0","2025","1","",12712,278804,271009,267960,2895821767,2045505728,77458318,817,"",1.00,1.00,1.00,1.00,1.00,1.00,1.00,1.00,"",38,0.3,-10536,-3.6,-17807,-6.2,-17640,-6.2,9124663,0.3,-36601263,-1.8,-5605660,-6.7,46,6.0
"US000","5","11511","17","0","2025","1","",12712,278804,271009,267960,2895821767,2045505728,77458318,817,"",1.00,1.00,1.00,1.00,1.00,1.00,1.00,1.00,"",38,0.3,-10536,-3.6,-17807,-6.2,-17640,-6.2,9124663,0.3,-36601263,-1.8,-5605660,-6.7,46,6.0
"US000","5","115111","18","0","2025","1","",502,5493,4321,4079,69723518,40648354,843095,1158,"",1.00,1.00,1.00,1.00,1.00,1.00,1.00,1.00,"",-23,-4.4,454,9.0,-32,-0.7,-56,-1.4,6302613,9.9,2216734,5.8,65427,8.4,76,7.0
"US000","5","115112","18","0","2025","1","",3911,24193,24354,24631,327087799,209327127,5471721,1031,"",1.00,1.00,1.00,1.00,1.00,1.00,1.00,1.00,"",1,0.0,-666,-2.7,-1248,-4.9,-938,-3.7,2116077,0.7,-2786248,-1.3,-185595,-3.3,45,4.6
"US000","5","115113","18","0","2025","1","",1102,9244,8519,8908,101723845,70068317,2750867,880,"",1.00,1.00,1.00,1.00,1.00,1.00,1.00,1.00,"",-28,-2.5,179,2.0,-249,-2.8,-459,-4.9,2850516,2.9,509331,0.7,-254939,-8.5,41,4.9
"US000","5","115114","18","0","2025","1","",2156,75221,74436,74434,1018173544,657636957,19731059,1049,"",1.00,1.00,1.00,1.00,1.00,1.00,1.00,1.00,"",-41,-1.9,-2646,-3.4,-2449,-3.2,-3519,-4.5,22980375,2.3,-5925558,-0.9,-2285699,-10.4,62,6.3
"US000","5","115115","18","0","2025","1","",3186,147667,140518,136870,1138763122,922971238,44618061,618,"",1.00,1.00,1.00,1.00,1.00,1.00,1.00,1.00,"",73,2.3,-6620,-4.3,-12802,-8.3,-11643,-7.8,-21509941,-1.9,-24634388,-2.6,-2784610,-5.9,31,5.3
"US000","5","115116","18","0","2025","1","",1855,16986,18861,19038,240349939,144853735,4043515,1011,"",1.00,1.00,1.00,1.00,1.00,1.00,1.00,1.00,"",56,3.1,-1237,-6.8,-1027,-5.2,-1025,-5.1,-3614977,-1.5,-5981134,-4.0,-160244,-3.8,43,4.4
"US000","5","1152","16","0","2025","1","",6323,31364,31561,31652,380212916,268353699,2779889,928,"",1.00,1.00,1.00,1.00,1.00,1.00,1.00,1.00,"",-28,-0.4,510,1.7,454,1.5,409,1.3,16349953,4.5,7034371,2.7,-61770,-2.2,27,3.0
"US000","5","11521","17","0","2025","1","",6323,31364,31561,31652,380212916,268353699,2779889,928,"",1.00,1.00,1.00,1.00,1.00,1.00,1.00,1.00,"",-28,-0.4,510,1.7,454,1.5,409,1.3,16349953,4.5,7034371,2.7,-61770,-2.2,27,3.0
"US000","5","115210","18","0","2025","1","",6323,31364,31561,31652,380212916,268353699,2779889,928,"",1.00,1.00,1.00,1.00,1.00,1.00,1.00,1.00,"",-28,-0.4,510,1.7,454,1.5,409,1.3,16349953,4.5,7034371,2.7,-61770,-2.2,27,3.0
"US000","5","1153","16","0","2025","1","",3173,18988,19504,19689,314626465,212342288,3222176,1248,"",1.00,1.00,1.00,1.00,1.00,1.00,1.00,1.00,"",81,2.6,968,5.4,183,0.9,44,0.2,19585704,6.6,11279789,5.6,215989,7.2,53,4.4
"US000","5","11531","17","0","2025","1","",3173,18988,19504,19689,314626465,212342288,3222176,1248,"",1.00,1.00,1.00,1.00,1.00,1.00,1.00,1.00,"",81,2.6,968,5.4,183,0.9,44,0.2,19585704,6.6,11279789,5.6,215989,7.2,53,4.4
"US000","5","115310","18","0","2025","1","",3173,18988,19504,19689,314626465,212342288,3222176,1248,"",1.00,1.00,1.00,1.00,1.00,1.00,1.00,1.00,"",81,2.6,968,5.4,183,0.9,44,0.2,19585704,6.6,11279789,5.6,215989,7.2,53,4.4
"US000","5","21","14","0","2025","1","",30189,569474,571461,572816,22841255859,8055874324,134357372,3076,"",1.00,1.00,1.00,1.00,1.00,1.00,1.00,1.00,"",-581,-1.9,-13426,-2.3,-14601,-2.5,-14293,-2.4,123267572,0.5,73306606,0.9,-1582649,-1.2,91,3.0
"US000","5","211","15","0","2025","1","",6132,119024,118295,117791,9438077825,1790694575,23442673,6133,"",1.00,1.00,1.00,1.00,1.00,1.00,1.00,1.00,"",-167,-2.7,-2141,-1.8,-3222,-2.7,-3575,-2.9,248089847,2.7,72353875,4.2,-2409860,-9.3,307,5.3
"US000","5","2111","16","0","2025","1","",6132,119024,118295,117791,9438077825,1790694575,23442673,6133,"",1.00,1.00,1.00,1.00,1.00,1.00,1.00,1.00,"",-167,-2.7,-2141,-1.8,-3222,-2.7,-3575,-2.9,248089847,2.7,72353875,4.2,-2409860,-9.3,307,5.3
"US000","5","21112","17","0","2025","1","",4215,81223,81008,80723,6959510529,1248625004,15079540,6610,"",1.00,1.00,1.00,1.00,1.00,1.00,1.00,1.00,"",-128,-2.9,-2705,-3.2,-3003,-3.6,-3039,-3.6,85341825,1.2,44655808,3.7,-2445681,-14.0,307,4.9
"US000","5","211120","18","0","2025","1","",4215,81223,81008,80723,6959510529,1248625004,15079540,6610,"",1.00,1.00,1.00,1.00,1.00,1.00,1.00,1.00,"",-128,-2.9,-2705,-3.2,-3003,-3.6,-3039,-3.6,85341825,1.2,44655808,3.7,-2445681,-14.0,307,4.9
"US000","5","21113","17","0","2025","1","",1917,37801,37287,37068,2478567296,542069571,8363133,5100,"",1.00,1.00,1.00,1.00,1.00,1.00,1.00,1.00,"",-39,-2.0,564,1.5,-219,-0.6,-536,-1.4,162748022,7.0,27698067,5.4,35821,0.4,343,7.2
"US000","5","211130","18","0","2025","1","",1917,37801,37287,37068,2478567296,542069571,8363133,5100,"",1.00,1.00,1.00,1.00,1.00,1.00,1.00,1.00,"",-39,-2.0,564,1.5,-219,-0.6,-536,-1.4,162748022,7.0,27698067,5.4,35821,0.4,343,7.2
"US000","5","212","15","0","2025","1","",7293,183441,183157,185479,4953370194,2663684360,50210221,2071,"",1.00,1.00,1.00,1.00,1.00,1.00,1.00,1.00,"",21,0.3,-1422,-0.8,-2454,-1.3,-2940,-1.6,86076796,1.8,-446984,0.0,1066636,2.2,61,3.0
"US000","5","2121","16","0","2025","1","",635,40296,39980,39642,1238253817,535605316,9269089,2383,"",1.00,1.00,1.00,1.00,1.00,1.00,1.00,1.00,"",-51,-7.4,-1831,-4.3,-2108,-5.0,-2441,-5.8,-34517112,-2.7,-29094612,-5.2,485000,5.5,57,2.5
"US000","5","21211","17","0","2025","1","",635,40296,39980,39642,1238253817,535605316,9269089,2383,"",1.00,1.00,1.00,1.00,1.00,1.00,1.00,1.00,"",-51,-7.4,-1831,-4.3,-2108,-5.0,-2441,-5.8,-34517112,-2.7,-29094612,-5.2,485000,5.5,57,2.5
"US000","5","212114","18","0","2025","1","",393,17531,17510,17346,547873722,273901660,4410052,2413,"",1.00,1.00,1.00,1.00,1.00,1.00,1.00,1.00,"",-24,-5.8,-1113,-6.0,-1007,-5.4,-1193,-6.4,-18685174,-3.3,-19191000,-6.5,763599,20.9,66,2.8
"US000","5","212115","18","0","2025","1","",242,22765,22470,22296,690380095,261703656,4859037,2359,"",1.00,1.00,1.00,1.00,1.00,1.00,1.00,1.00,"",-27,-10.0,-718,-3.1,-1101,-4.7,-1248,-5.3,-15831938,-2.2,-9903612,-3.6,-278599,-5.4,51,2.2
"US000","5","2122","16","0","2025","1","",513,45341,45383,45408,1561073938,962516609,10020698,2646,"",1.00,1.00,1.00,1.00,1.00,1.00,1.00,1.00,"",-10,-1.9,1042,2.4,1122,2.5,1153,2.6,108867052,7.5,32607078,3.5,1342623,15.5,123,4.9
"US000","5","21221","17","0","2025","1","",38,5196,5175,5151,142808524,120950864,558901,2123,"",1.00,1.00,1.00,1.00,1.00,1.00,1.00,1.00,"",-7,-15.6,-54,-1.0,-14,-0.3,-30,-0.6,-11112748,-7.2,-6278947,-4.9,-54062,-8.8,-151,-6.6
"US000","5","212210","18","0","2025","1","",38,5196,5175,5151,142808524,120950864,558901,2123,"",1.00,1.00,1.00,1.00,1.00,1.00,1.00,1.00,"",-7,-15.6,-54,-1.0,-14,-0.3,-30,-0.6,-11112748,-7.2,-6278947,-4.9,-54062,-8.8,-151,-6.6
"US000","5","21222","17","0","2025","1","",227,15667,15630,15674,591170316,474726501,5807107,2904,"",1.00,1.00,1.00,1.00,1.00,1.00,1.00,1.00,"",-6,-2.6,173,1.1,78,0.5,225,1.5,54475930,10.2,31401597,7.1,979658,20.3,240,9.0
"US000","5","212220","18","0","2025","1","",227,15667,15630,15674,591170316,474726501,5807107,2904,"",1.00,1.00,1.00,1.00,1.00,1.00,1.00,1.00,"",-6,-2.6,173,1.1,78,0.5,225,1.5,54475930,10.2,31401597,7.1,979658,20.3,240,9.0
"US000","5","21223","17","0","2025","1","",107,19954,19979,19937,677624457,269726360,2625572,2612,"",1.00,1.00,1.00,1.00,1.00,1.00,1.00,1.00,"",3,2.9,955,5.0,1031,5.4,915,4.8,68687881,11.3,13788970,5.4,452783,20.8,145,5.9
"US000","5","212230","18","0","2025","1","",107,19954,19979,19937,677624457,269726360,2625572,2612,"",1.00,1.00,1.00,1.00,1.00,1.00,1.00,1.00,"",3,2.9,955,5.0,1031,5.4,915,4.8,68687881,11.3,13788970,5.4,452783,20.8,145,5.9
"US000","5","21229","17","0","2025","1","",141,4524,4599,4646,149470641,97112884,1029118,2505,"",1.00,1.00,1.00,1.00,1.00,1.00,1.00,1.00,"",0,0.0,-32,-0.7,27,0.6,43,0.9,-3184011,-2.1,-6304542,-6.1,-35756,-3.4,-61,-2.4
"US000","5","212290","18","0","2025","1","",141,4524,4599,4646,149470641,97112884,1029118,2505,"",1.00,1.00,1.00,1.00,1.00,1.00,1.00,1.00,"",0,0.0,-32,-0.7,27,0.6,43,0.9,-3184011,-2.1,-6304542,-6.1,-35756,-3.4,-61,-2.4
"US000","5","2123","16","0","2025","1","",6145,97804,97794,100429,2154042439,1165562435,30920434,1679,"",1.00,1.00,1.00,1.00,1.00,1.00,1.00,1.00,"",82,1.4,-633,-0.6,-1468,-1.5,-1652,-1.6,11726856,0.5,-3959450,-0.3,-760987,-2.4,30,1.8
"US000","5","21231","17","0","2025","1","",2536,42659,42618,44037,869416259,449028703,12729871,1552,"",1.00,1.00,1.00,1.00,1.00,1.00,1.00,1.00,"",20,0.8,328,0.8,178,0.4,316,0.7,17640143,2.1,-4961308,-1.1,-475560,-3.6,22,1.4
"US000","5","212311","18","0","2025","1","",573,7059,7069,7300,120623591,76479931,1768673,1299,"",1.00,1.00,1.00,1.00,1.00,1.00,1.00,1.00,"",6,1.1,130,1.9,124,1.8,183,2.6,12373088,11.4,3659089,5.0,162747,10.1,109,9.2
"US000","5","212312","18","0","2025","1","",1153,21808,21936,22769,447401512,223390379,7677550,1552,"",1.00,1.00,1.00,1.00,1.00,1.00,1.00,1.00,"",1,0.1,-105,-0.5,-109,-0.5,-83,-0.4,9256204,2.1,-602715,-0.3,-433000,-5.3,39,2.6
"US000","5","212313","18","0","2025","1","",307,6376,6340,6407,139218878,58595469,548835,1680,"",1.00,1.00,1.00,1.00,1.00,1.00,1.00,1.00,"",12,4.1,349,5.8,299,4.9,303,5.0,-1612886,-1.1,-4914716,-7.7,-57240,-9.4,-108,-6.0
"US000","5","212319","18","0","2025","1","",503,7416,7273,7561,162172278,90562924,2734813,1682,"",1.00,1.00,1.00,1.00,1.00,1.00,1.00,1.00,"",1,0.2,-46,-0.6,-136,-1.8,-87,-1.1,-2376263,-1.4,-3102966,-3.3,-148067,-5.1,-4,-0.2
"US000","5","21232","17","0","2025","1","",3133,43063,43159,44341,948619193,514476973,15046396,1677,"",1.00,1.00,1.00,1.00,1.00,1.00,1.00,1.00,"",77,2.5,-910,-2.1,-1519,-3.4,-1873,-4.1,-18718757,-1.9,-3940809,-0.8,-715232,-4.5,22,1.3
"US000","5","212321","18","0","2025","1","",2682,29026,29037,30210,610417464,360991873,11863428,1596,"",1.00,1.00,1.00,1.00,1.00,1.00,1.00,1.00,"",56,2.1,-260,-0.9,-439,-1.5,-330,-1.1,4713625,0.8,4259057,1.2,250086,2.2,31,2.0
"US000","5","212322","18","0","2025","1","",267,7785,7860,7879,178606654,81867406,2136537,1752,"",1.00,1.00,1.00,1.00,1.00,1.00,1.00,1.00,"",21,8.5,-908,-10.4,-1264,-13.9,-1697,-17.7,-19840005,-10.0,-10413928,-11.3,-1136208,-34.7,80,4.8
"US000","5","212323","18","0","2025","1","",184,6252,6262,6252,159595075,71617694,1046431,1963,"",1.00,1.00,1.00,1.00,1.00,1.00,1.00,1.00,"",0,0.0,258,4.3,184,3.0,154,2.5,-3592377,-2.2,2214062,3.2,170890,19.5,-110,-5.3
"US000","5","21239","17","0","2025","1","",476,12082,12017,12051,336006987,202056759,3144167,2145,"",1.00,1.00,1.00,1.00,1.00,1.00,1.00,1.00,"",-15,-3.1,-51,-0.4,-127,-1.0,-95,-0.8,12805470,4.0,4942667,2.5,429805,15.8,97,4.7
"US000","5","212390","18","0","2025","1","",476,12082,12017,12051,336006987,202056759,3144167,2145,"",1.00,1.00,1.00,1.00,1.00,1.00,1.00,1.00,"",-15,-3.1,-51,-0.4,-127,-1.0,-95,-0.8,12805470,4.0,4942667,2.5,429805,15.8,97,4.7
"US000","5","213","15","0","2025","1","",16764,267009,270009,269546,8449807840,3601495389,60704478,2418,"",1.00,1.00,1.00,1.00,1.00,1.00,1.00,1.00,"",-435,-2.5,-9863,-3.6,-8925,-3.2,-7778,-2.8,-210899071,-2.4,1399715,0.0,-239425,-0.4,19,0.8
"US000","5","2131","16","0","2025","1","",16764,267009,270009,269546,8449807840,3601495389,60704478,2418,"",1.00,1.00,1.00,1.00,1.00,1.00,1.00,1.00,"",-435,-2.5,-9863,-3.6,-8925,-3.2,-7778,-2.8,-210899071,-2.4,1399715,0.0,-239425,-0.4,19,0.8
"US000","5","21311","17","0","2025","1","",16764,267009,270009,269546,8449807840,3601495389,60704478,2418,"",1.00,1.00,1.00,1.00,1.00,1.00,1.00,1.00,"",-435,-2.5,-9863,-3.6,-8925,-3.2,-7778,-2.8,-210899071,-2.4,1399715,0.0,-239425,-0.4,19,0.8
"US000","5","213111","18","0","2025","1","",2005,41252,41306,41218,1420173952,562870099,9600909,2648,"",1.00,1.00,1.00,1.00,1.00,1.00,1.00,1.00,"",-66,-3.2,-4065,-9.0,-3767,-8.4,-3561,-8.0,-127952899,-8.3,-31970919,-5.4,-111744,-1.2,5,0.2
"US000","5","213112","18","0","2025","1","",13606,213691,216918,216465,6718336543,2845463323,47450142,2396,"",1.00,1.00,1.00,1.00,1.00,1.00,1.00,1.00,"",-376,-2.7,-4976,-2.3,-3971,-1.8,-3111,-1.4,3788794,0.1,40818924,1.5,111599,0.2,45,1.9
"US000","5","213113","18","0","2025","1","",392,4761,4715,4675,113508415,53190848,1206520,1851,"",1.00,1.00,1.00,1.00,1.00,1.00,1.00,1.00,"",12,3.2,-272,-5.4,-324,-6.4,-273,-5.5,-70876526,-38.4,-3624751,-6.4,-35037,-2.8,-982,-34.7
"US000","5","213114","18","0","2025","1","",432,4338,4105,4145,129357275,102274749,1589664,2371,"",1.00,1.00,1.00,1.00,1.00,1.00,1.00,1.00,"",4,0.9,-509,-10.5,-770,-15.8,-726,-14.9,-13772139,-9.6,-3385081,-3.2,-263680,-14.2,108,4.8
"US000","5","213115","18","0","2025","1","",329,2967,2965,3043,68431655,37696370,857243,1760,"",1.00,1.00,1.00,1.00,1.00,1.00,1.00,1.00,"",-9,-2.7,-41,-1.4,-93,-3.0,-107,-3.4,-2086301,-3.0,-438458,-1.1,59437,7.5,-6,-0.3
"US000","5","22","14","0","2025","1","",24693,592780,596718,598212,25553694455,8003991069,90492078,3299,"",1.00,1.00,1.00,1.00,1.00,1.00,1.00,1.00,"",548,2.3,8052,1.4,9711,1.7,11058,1.9,1805986238,7.6,472753637,6.3,5968267,7.1,183,5.9
"US000","5","221","15","0","2025","1","",24693,592780,596718,598212,25553694455,8003991069,90492078,3299,"",1.00,1.00,1.00,1.00,1.00,1.00,1.00,1.00,"",548,2.3,8052,1.4,9711,1.7,11058,1.9,1805986238,7.6,472753637,6.3,5968267,7.1,183,5.9
"US000","5","2211","16","0","2025","1","",14528,414483,417574,418796,18900234737,5866090272,62911042,3487,"",1.00,1.00,1.00,1.00,1.00,1.00,1.00,1.00,"",388,2.7,4835,1.2,6082,1.5,7869,1.9,1423673566,8.1,386958926,7.1,5494054,9.6,214,6.5
"US000","5","22111","17","0","2025","1","",7251,155582,157118,157838,7969083441,2185803623,28702900,3908,"",1.00,1.00,1.00,1.00,1.00,1.00,1.00,1.00,"",435,6.4,575,0.4,1126,0.7,1832,1.2,815285718,11.4,73132002,3.5,56121,0.2,373,10.6
"US000","5","221111","18","0","2025","1","",655,7912,7930,7958,373279291,110030739,1568249,3619,"",1.00,1.00,1.00,1.00,1.00,1.00,1.00,1.00,"",-23,-3.4,70,0.9,64,0.8,65,0.8,29669050,8.6,5921749,5.7,125492,8.7,259,7.7
"US000","5","221112","18","0","2025","1","",1869,73134,73508,73464,3661895384,1031737871,11104626,3839,"",1.00,1.00,1.00,1.00,1.00,1.00,1.00,1.00,"",-46,-2.4,-666,-0.9,-756,-1.0,-913,-1.2,356030555,10.8,10574578,1.0,-366511,-3.2,409,11.9
"US000","5","221113","18","0","2025","1","",183,36680,37434,37801,2288898639,525280427,5574045,4720,"",1.00,1.00,1.00,1.00,1.00,1.00,1.00,1.00,"",9,5.2,-272,-0.7,-385,-1.0,126,0.3,216729788,10.5,6081346,1.2,-63512,-1.1,467,11.0
"US000","5","221114","18","0","2025","1","",2605,16515,16533,16633,717036220,216972596,4626364,3331,"",1.00,1.00,1.00,1.00,1.00,1.00,1.00,1.00,"",245,10.4,-772,-4.5,-256,-1.5,-103,-0.6,92613762,14.8,10176226,4.9,-420161,-8.3,495,17.5
"US000","5","221115","18","0","2025","1","",791,12958,13324,13611,560034349,187824264,3693892,3240,"",1.00,1.00,1.00,1.00,1.00,1.00,1.00,1.00,"",87,12.4,1998,18.2,2210,19.9,2488,22.4,93409412,20.0,31467525,20.1,868866,30.8,-4,-0.1
"US000","5","221116","18","0","2025","1","",66,970,983,990,41814794,14010529,261075,3279,"",1.00,1.00,1.00,1.00,1.00,1.00,1.00,1.00,"",2,3.1,-293,-23.2,-268,-21.4,-271,-21.5,-6890833,-14.1,-1933668,-12.1,-39784,-13.2,302,10.1
"US000","5","221117","18","0","2025","1","",227,2380,2377,2345,83256618,32985849,520992,2705,"",1.00,1.00,1.00,1.00,1.00,1.00,1.00,1.00,"",9,4.1,-21,-0.9,-32,-1.3,-83,-3.4,8617269,11.5,1691593,5.4,-45490,-8.0,325,13.7
"US000","5","221118","18","0","2025","1","",855,5033,5029,5036,242868146,66961348,1353657,3712,"",1.00,1.00,1.00,1.00,1.00,1.00,1.00,1.00,"",152,21.6,531,11.8,549,12.3,523,11.6,25106715,11.5,9152653,15.8,-2779,-0.2,-12,-0.3
"US000","5","22112","17","0","2025","1","",7277,258901,260456,260958,10931151296,3680286649,34208142,3233,"",1.00,1.00,1.00,1.00,1.00,1.00,1.00,1.00,"",-47,-0.6,4260,1.7,4956,1.9,6037,2.4,608387848,5.9,313826924,9.3,5437933,18.9,119,3.8
"US000","5","221121","18","0","2025","1","",910,29625,29753,29782,1453315637,400900391,3294198,3762,"",1.00,1.00,1.00,1.00,1.00,1.00,1.00,1.00,"",50,5.8,1404,5.0,1289,4.5,1434,5.1,144063964,11.0,19164382,5.0,-86924,-2.6,209,5.9
"US000","5","221122","18","0","2025","1","",6367,229276,230703,231176,9477835659,3279386258,30913944,3165,"",1.00,1.00,1.00,1.00,1.00,1.00,1.00,1.00,"",-97,-1.5,2856,1.3,3667,1.6,4603,2.0,464323884,5.2,294662542,9.9,5524857,21.8,106,3.5
"US000","5","2212","16","0","2025","1","",3300,117027,117603,117430,5285485608,1463351146,19094555,3465,"",1.00,1.00,1.00,1.00,1.00,1.00,1.00,1.00,"",-9,-0.3,1331,1.2,1560,1.3,1232,1.1,251529585,5.0,42147615,3.0,96211,0.5,126,3.8
"US000","5","22121","17","0","2025","1","",3300,117027,117603,117430,5285485608,1463351146,19094555,3465,"",1.00,1.00,1.00,1.00,1.00,1.00,1.00,1.00,"",-9,-0.3,1331,1.2,1560,1.3,1232,1.1,251529585,5.0,42147615,3.0,96211,0.5,126,3.8
"US000","5","221210","18","0","2025","1","",3300,117027,117603,117430,5285485608,1463351146,19094555,3465,"",1.00,1.00,1.00,1.00,1.00,1.00,1.00,1.00,"",-9,-0.3,1331,1.2,1560,1.3,1232,1.1,251529585,5.0,42147615,3.0,96211,0.5,126,3.8
"US000","5","2213","16","0","2025","1","",6865,61270,61541,61986,1367974110,674549651,8486481,1708,"",1.00,1.00,1.00,1.00,1.00,1.00,1.00,1.00,"",169,2.5,1886,3.2,2069,3.5,1957,3.3,130783087,10.6,43647096,6.9,378002,4.7,112,7.0
"US000","5","22131","17","0","2025","1","",5947,52691,52918,53309,1179600213,577429933,7128225,1713,"",1.00,1.00,1.00,1.00,1.00,1.00,1.00,1.00,"",154,2.7,1728,3.4,1882,3.7,1721,3.3,121834117,11.5,40286905,7.5,336040,4.9,124,7.8
"US000","5","221310","18","0","2025","1","",5947,52691,52918,53309,1179600213,577429933,7128225,1713,"",1.00,1.00,1.00,1.00,1.00,1.00,1.00,1.00,"",154,2.7,1728,3.4,1882,3.7,1721,3.3,121834117,11.5,40286905,7.5,336040,4.9,124,7.8
"US000","5","22132","17","0","2025","1","",762,7187,7214,7273,146068566,78382136,1077396,1555,"",1.00,1.00,1.00,1.00,1.00,1.00,1.00,1.00,"",10,1.3,199,2.8,216,3.1,293,4.2,8613643,6.3,3282316,4.4,76671,7.7,42,2.8
"US000","5","221320","18","0","2025","1","",762,7187,7214,7273,146068566,78382136,1077396,1555,"",1.00,1.00,1.00,1.00,1.00,1.00,1.00,1.00,"",10,1.3,199,2.8,216,3.1,293,4.2,8613643,6.3,3282316,4.4,76671,7.7,42,2.8
"US000","5","22133","17","0","2025","1","",156,1392,1409,1404,42305331,18737582,280860,2322,"",1.00,1.00,1.00,1.00,1.00,1.00,1.00,1.00,"",5,3.3,-41,-2.9,-29,-2.0,-57,-3.9,335327,0.8,77875,0.4,-34709,-11.0,86,3.8
"US000","5","221330","18","0","2025","1","",156,1392,1409,1404,42305331,18737582,280860,2322,"",1.00,1.00,1.00,1.00,1.00,1.00,1.00,1.00,"",5,3.3,-41,-2.9,-29,-2.0,-57,-3.9,335327,0.8,77875,0.4,-34709,-11.0,86,3.8
"US000","5","23","14","0","2025","1","",934914,7849272,7905596,8031682,161316075469,87720192666,2314350794,1565,"",1.00,1.00,1.00,1.00,1.00,1.00,1.00,1.00,"",5980,0.6,122977,1.6,110468,1.4,118525,1.5,8285799790,5.4,2556809751,3.0,41675947,1.8,58,3.8
"US000","5","236","15","0","2025","1","",289410,1801737,1810744,1824866,41933211763,20405352448,497110282,1780,"",1.00,1.00,1.00,1.00,1.00,1.00,1.00,1.00,"",1201,0.4,19503,1.1,18188,1.0,19594,1.1,1957707229,4.9,473488424,2.4,5073533,1.0,65,3.8
"US000","5","2361","16","0","2025","1","",224623,907172,910401,917156,18114655848,9450245370,185657168,1529,"",1.00,1.00,1.00,1.00,1.00,1.00,1.00,1.00,"",9,0.0,199,0.0,-856,-0.1,-935,-0.1,347037117,2.0,100009544,1.1,2106195,1.1,31,2.1
"US000","5","23611","17","0","2025","1","",224623,907172,910401,917156,18114655848,9450245370,185657168,1529,"",1.00,1.00,1.00,1.00,1.00,1.00,1.00,1.00,"",9,0.0,199,0.0,-856,-0.1,-935,-0.1,347037117,2.0,100009544,1.1,2106195,1.1,31,2.1
"US000","5","236115","18","0","2025","1","",86922,359579,360281,362881,7761802899,3807672233,66761858,1654,"",1.00,1.00,1.00,1.00,1.00,1.00,1.00,1.00,"",-2008,-2.3,-4399,-1.2,-6075,-1.7,-6116,-1.7,-64368843,-0.8,-19505219,-0.5,-1750599,-2.6,11,0.7
"US000","5","236116","18","0","2025","1","",5113,45172,45140,45246,1290034058,548027241,12156608,2196,"",1.00,1.00,1.00,1.00,1.00,1.00,1.00,1.00,"",-36,-0.7,-641,-1.4,-912,-2.0,-863,-1.9,19707216,1.6,-686661,-0.1,-530010,-4.2,71,3.3
"US000","5","236117","18","0","2025","1","",5531,59053,58911,58555,2306446651,743512358,12343130,3015,"",1.00,1.00,1.00,1.00,1.00,1.00,1.00,1.00,"",144,2.7,2816,5.0,2351,4.2,1487,2.6,205730879,9.8,36411278,5.1,562702,4.8,161,5.6
"US000","5","236118","18","0","2025","1","",127057,443368,446069,450474,6756372240,4351033538,94395572,1164,"",1.00,1.00,1.00,1.00,1.00,1.00,1.00,1.00,"",1909,1.5,2423,0.5,3780,0.9,4557,1.0,185967865,2.8,83790146,2.0,3824102,4.2,23,2.0
"US000","5","2362","16","0","2025","1","",64787,894565,900343,907710,23818555915,10955107078,311453114,2034,"",1.00,1.00,1.00,1.00,1.00,1.00,1.00,1.00,"",1192,1.9,19304,2.2,19044,2.2,20529,2.3,1610670112,7.3,373478880,3.5,2967338,1.0,95,4.9
"US000","5","23621","17","0","2025","1","",7005,160542,164583,165695,4206000919,1936838241,66037257,1978,"",1.00,1.00,1.00,1.00,1.00,1.00,1.00,1.00,"",206,3.0,5457,3.5,4810,3.0,4493,2.8,245922470,6.2,43439310,2.3,-3098360,-4.5,58,3.0
"US000","5","236210","18","0","2025","1","",7005,160542,164583,165695,4206000919,1936838241,66037257,1978,"",1.00,1.00,1.00,1.00,1.00,1.00,1.00,1.00,"",206,3.0,5457,3.5,4810,3.0,4493,2.8,245922470,6.2,43439310,2.3,-3098360,-4.5,58,3.0
"US000","5","23622","17","0","2025","1","",57782,734023,735760,742015,19612554996,9018268837,245415857,2046,"",1.00,1.00,1.00,1.00,1.00,1.00,1.00,1.00,"",986,1.7,13847,1.9,14234,2.0,16036,2.2,1364747642,7.5,330039570,3.8,6065698,2.5,103,5.3
"US000","5","236220","18","0","2025","1","",57782,734023,735760,742015,19612554996,9018268837,245415857,2046,"",1.00,1.00,1.00,1.00,1.00,1.00,1.00,1.00,"",986,1.7,13847,1.9,14234,2.0,16036,2.2,1364747642,7.5,330039570,3.8,6065698,2.5,103,5.3
"US000","5","237","15","0","2025","1","",58433,1065879,1086984,1121047,26218531372,12787711849,404985995,1848,"",1.00,1.00,1.00,1.00,1.00,1.00,1.00,1.00,"",411,0.7,37543,3.7,33746,3.2,33871,3.1,1769907219,7.2,478547627,3.9,3416484,0.9,67,3.8
"US000","5","2371","16","0","2025","1","",30548,576765,591033,602217,14159691195,6981120430,202169229,1846,"",1.00,1.00,1.00,1.00,1.00,1.00,1.00,1.00,"",189,0.6,16077,2.9,17615,3.1,18075,3.1,941962668,7.1,222002317,3.3,2938078,1.5,71,4.0
"US000","5","23711","17","0","2025","1","",12936,206148,209014,213649,4368859387,2308418040,62115245,1603,"",1.00,1.00,1.00,1.00,1.00,1.00,1.00,1.00,"",32,0.2,9037,4.6,8496,4.2,9067,4.4,398107380,10.0,135016862,6.2,1569472,2.6,81,5.3
"US000","5","237110","18","0","2025","1","",12936,206148,209014,213649,4368859387,2308418040,62115245,1603,"",1.00,1.00,1.00,1.00,1.00,1.00,1.00,1.00,"",32,0.2,9037,4.6,8496,4.2,9067,4.4,398107380,10.0,135016862,6.2,1569472,2.6,81,5.3
"US000","5","23712","17","0","2025","1","",4344,135310,142847,144978,3537898873,1736358791,63848920,1929,"",1.00,1.00,1.00,1.00,1.00,1.00,1.00,1.00,"",-84,-1.9,3026,2.3,2369,1.7,2238,1.6,55670514,1.6,-41094822,-2.3,-4126870,-6.1,-5,-0.3
"US000","5","237120","18","0","2025","1","",4344,135310,142847,144978,3537898873,1736358791,63848920,1929,"",1.00,1.00,1.00,1.00,1.00,1.00,1.00,1.00,"",-84,-1.9,3026,2.3,2369,1.7,2238,1.6,55670514,1.6,-41094822,-2.3,-4126870,-6.1,-5,-0.3
"US000","5","23713","17","0","2025","1","",13268,235307,239172,243590,6252932935,2936343599,76205064,2010,"",1.00,1.00,1.00,1.00,1.00,1.00,1.00,1.00,"",241,1.9,4014,1.7,6750,2.9,6770,2.9,488184774,8.5,128080277,4.6,5495476,7.8,111,5.8
"US000","5","237130","18","0","2025","1","",13268,235307,239172,243590,6252932935,2936343599,76205064,2010,"",1.00,1.00,1.00,1.00,1.00,1.00,1.00,1.00,"",241,1.9,4014,1.7,6750,2.9,6770,2.9,488184774,8.5,128080277,4.6,5495476,7.8,111,5.8
"US000","5","2372","16","0","2025","1","",5608,35245,35424,35689,1191854920,380346038,5875127,2586,"",1.00,1.00,1.00,1.00,1.00,1.00,1.00,1.00,"",-152,-2.6,-372,-1.0,-428,-1.2,-354,-1.0,9927799,0.8,-1391699,-0.4,-124995,-2.1,49,1.9
"US000","5","23721","17","0","2025","1","",5608,35245,35424,35689,1191854920,380346038,5875127,2586,"",1.00,1.00,1.00,1.00,1.00,1.00,1.00,1.00,"",-152,-2.6,-372,-1.0,-428,-1.2,-354,-1.0,9927799,0.8,-1391699,-0.4,-124995,-2.1,49,1.9
"US000","5","237210","18","0","2025","1","",5608,35245,35424,35689,1191854920,380346038,5875127,2586,"",1.00,1.00,1.00,1.00,1.00,1.00,1.00,1.00,"",-152,-2.6,-372,-1.0,-428,-1.2,-354,-1.0,9927799,0.8,-1391699,-0.4,-124995,-2.1,49,1.9
"US000","5","2373","16","0","2025","1","",12284,318775,323509,343533,7391061896,3854742591,150199112,1730,"",1.00,1.00,1.00,1.00,1.00,1.00,1.00,1.00,"",142,1.2,9667,3.1,6081,1.9,6740,2.0,441273202,6.3,119277640,3.2,-1218274,-0.8,65,3.9
"US000","5","23731","17","0","2025","1","",12284,318775,323509,343533,7391061896,3854742591,150199112,1730,"",1.00,1.00,1.00,1.00,1.00,1.00,1.00,1.00,"",142,1.2,9667,3.1,6081,1.9,6740,2.0,441273202,6.3,119277640,3.2,-1218274,-0.8,65,3.9
"US000","5","237310","18","0","2025","1","",12284,318775,323509,343533,7391061896,3854742591,150199112,1730,"",1.00,1.00,1.00,1.00,1.00,1.00,1.00,1.00,"",142,1.2,9667,3.1,6081,1.9,6740,2.0,441273202,6.3,119277640,3.2,-1218274,-0.8,65,3.9
"US000","5","2379","16","0","2025","1","",9993,135094,137018,139608,3475923361,1571502790,46742527,1948,"",1.00,1.00,1.00,1.00,1.00,1.00,1.00,1.00,"",232,2.4,12171,9.9,10478,8.3,9410,7.2,376743550,12.2,138659369,9.7,1821675,4.1,64,3.4
"US000","5","23799","17","0","2025","1","",9993,135094,137018,139608,3475923361,1571502790,46742527,1948,"",1.00,1.00,1.00,1.00,1.00,1.00,1.00,1.00,"",232,2.4,12171,9.9,10478,8.3,9410,7.2,376743550,12.2,138659369,9.7,1821675,4.1,64,3.4
"US000","5","237990","18","0","2025","1","",9993,135094,137018,139608,3475923361,1571502790,46742527,1948,"",1.00,1.00,1.00,1.00,1.00,1.00,1.00,1.00,"",232,2.4,12171,9.9,10478,8.3,9410,7.2,376743550,12.2,138659369,9.7,1821675,4.1,64,3.4
"US000","5","238","15","0","2025","1","",587071,4981656,5007868,5085769,93164332334,54527128369,1412254517,1426,"",1.00,1.00,1.00,1.00,1.00,1.00,1.00,1.00,"",4368,0.7,65931,1.3,58534,1.2,65060,1.3,4558185342,5.1,1604773700,3.0,33185930,2.4,52,3.8
"US000","5","2381","16","0","2025","1","",117618,918158,921331,948435,15376085588,9500436072,244163630,1273,"",1.00,1.00,1.00,1.00,1.00,1.00,1.00,1.00,"",858,0.7,-9472,-1.0,-18867,-2.0,-12275,-1.3,198772827,1.3,23949506,0.3,-5006350,-2.0,35,2.8
"US000","5","23811","17","0","2025","1","",24414,232052,233282,242198,3908968459,2404064643,58578163,1275,"",1.00,1.00,1.00,1.00,1.00,1.00,1.00,1.00,"",18,0.1,-2785,-1.2,-4779,-2.0,-3007,-1.2,52505356,1.4,-13885633,-0.6,-1431150,-2.4,36,2.9
"US000","5","238111","18","0","2025","1","",17844,110946,111442,117035,1636196050,1095266444,23724061,1112,"",1.00,1.00,1.00,1.00,1.00,1.00,1.00,1.00,"",-21,-0.1,-190,-0.2,-1619,-1.4,-853,-0.7,7907379,0.5,-8689795,-0.8,-1026318,-4.1,14,1.3
"US000","5","238112","18","0","2025","1","",6570,121106,121840,125163,2272772409,1308798199,34854102,1425,"",1.00,1.00,1.00,1.00,1.00,1.00,1.00,1.00,"",39,0.6,-2595,-2.1,-3160,-2.5,-2154,-1.7,44597977,2.0,-5195838,-0.4,-404832,-1.1,58,4.2
"US000","5","23812","17","0","2025","1","",5613,84074,85132,85492,1664383328,946253563,29676970,1508,"",1.00,1.00,1.00,1.00,1.00,1.00,1.00,1.00,"",-1,0.0,-1742,-2.0,-1312,-1.5,-1291,-1.5,2379417,0.1,15707699,1.7,-698743,-2.3,27,1.8
"US000","5","238121","18","0","2025","1","",1539,13958,14154,14137,237042068,139114754,3635480,1295,"",1.00,1.00,1.00,1.00,1.00,1.00,1.00,1.00,"",9,0.6,-338,-2.4,-156,-1.1,-193,-1.3,2145682,0.9,2142888,1.6,-78797,-2.1,32,2.5
"US000","5","238122","18","0","2025","1","",4074,70116,70978,71355,1427341260,807138809,26041490,1550,"",1.00,1.00,1.00,1.00,1.00,1.00,1.00,1.00,"",-10,-0.2,-1404,-2.0,-1156,-1.6,-1098,-1.5,233735,0.0,13564811,1.7,-619946,-2.3,26,1.7
"US000","5","23813","17","0","2025","1","",11484,80828,80567,80664,1147471035,793854175,16627519,1094,"",1.00,1.00,1.00,1.00,1.00,1.00,1.00,1.00,"",-182,-1.6,-3013,-3.6,-3414,-4.1,-4015,-4.7,-14186443,-1.2,-20183143,-2.5,-885285,-5.1,32,3.0
"US000","5","238131","18","0","2025","1","",9899,62449,62012,62258,816802900,593261485,11484604,1010,"",1.00,1.00,1.00,1.00,1.00,1.00,1.00,1.00,"",-195,-1.9,-3436,-5.2,-3964,-6.0,-4305,-6.5,-33827372,-4.0,-27757005,-4.5,-898831,-7.3,21,2.1
"US000","5","238132","18","0","2025","1","",1585,18379,18555,18406,330668135,200592690,5142915,1379,"",1.00,1.00,1.00,1.00,1.00,1.00,1.00,1.00,"",13,0.8,423,2.4,550,3.1,290,1.6,19640929,6.3,7573862,3.9,13546,0.3,52,3.9
"US000","5","23814","17","0","2025","1","",18756,122238,124332,131839,1913301966,1282707901,41087990,1167,"",1.00,1.00,1.00,1.00,1.00,1.00,1.00,1.00,"",-701,-3.6,-6933,-5.4,-7585,-5.7,-4547,-3.3,-16078672,-0.8,-39127268,-3.0,-2011839,-4.7,47,4.2
"US000","5","238141","18","0","2025","1","",14192,62244,63144,66263,846872216,603218065,13535232,1020,"",1.00,1.00,1.00,1.00,1.00,1.00,1.00,1.00,"",-532,-3.6,-3076,-4.7,-3150,-4.8,-2454,-3.6,-10789549,-1.3,-14663135,-2.4,-687442,-4.8,32,3.2
"US000","5","238142","18","0","2025","1","",4564,59994,61188,65576,1066429750,679489836,27552758,1318,"",1.00,1.00,1.00,1.00,1.00,1.00,1.00,1.00,"",-169,-3.6,-3857,-6.0,-4435,-6.8,-2093,-3.1,-5289123,-0.5,-24464133,-3.5,-1324397,-4.6,63,5.0
"US000","5","23815","17","0","2025","1","",8032,73372,73086,73098,1309400805,781623085,21709591,1376,"",1.00,1.00,1.00,1.00,1.00,1.00,1.00,1.00,"",150,1.9,-1239,-1.7,-1184,-1.6,-1172,-1.6,20671109,1.6,-5036419,-0.6,-102128,-0.5,43,3.2
"US000","5","238151","18","0","2025","1","",4749,28323,28353,28304,429817235,275090878,5623057,1167,"",1.00,1.00,1.00,1.00,1.00,1.00,1.00,1.00,"",115,2.5,193,0.7,242,0.9,83,0.3,8075123,1.9,4718029,1.7,-32808,-0.6,15,1.3
"US000","5","238152","18","0","2025","1","",3283,45049,44733,44794,879583570,506532207,16086534,1508,"",1.00,1.00,1.00,1.00,1.00,1.00,1.00,1.00,"",35,1.1,-1432,-3.1,-1426,-3.1,-1255,-2.7,12595986,1.5,-9754448,-1.9,-69320,-0.4,65,4.5
"US000","5","23816","17","0","2025","1","",32299,237725,236801,244581,4013846470,2374071238,55890775,1288,"",1.00,1.00,1.00,1.00,1.00,1.00,1.00,1.00,"",1404,4.5,6889,3.0,1169,0.5,2592,1.1,170710192,4.4,88694575,3.9,30411,0.1,36,2.9
"US000","5","238161","18","0","2025","1","",25977,131019,130685,133462,2019315042,1248391685,23573487,1179,"",1.00,1.00,1.00,1.00,1.00,1.00,1.00,1.00,"",1296,5.3,7328,5.9,3917,3.1,2961,2.3,156920730,8.4,78927928,6.7,853309,3.8,51,4.5
"US000","5","238162","18","0","2025","1","",6322,106706,106116,111119,1994531428,1125679553,32317288,1421,"",1.00,1.00,1.00,1.00,1.00,1.00,1.00,1.00,"",108,1.7,-439,-0.4,-2748,-2.5,-369,-0.3,13789462,0.7,9766647,0.9,-822898,-2.5,25,1.8
"US000","5","23817","17","0","2025","1","",8715,40175,39952,41282,580460298,414001399,8840242,1103,"",1.00,1.00,1.00,1.00,1.00,1.00,1.00,1.00,"",10,0.1,169,0.4,-673,-1.7,-450,-1.1,-4803475,-0.8,2596908,0.6,210666,2.4,-1,-0.1
"US000","5","238171","18","0","2025","1","",8139,34908,34674,35967,483256805,351265400,6524580,1057,"",1.00,1.00,1.00,1.00,1.00,1.00,1.00,1.00,"",15,0.2,-170,-0.5,-934,-2.6,-671,-1.8,-13787455,-2.8,-1225960,-0.3,-268239,-3.9,-12,-1.1
"US000","5","238172","18","0","2025","1","",576,5267,5278,5315,97203493,62735999,2315662,1414,"",1.00,1.00,1.00,1.00,1.00,1.00,1.00,1.00,"",-5,-0.9,339,6.9,261,5.2,221,4.3,8983980,10.2,3822868,6.5,478905,26.1,60,4.4
"US000","5","23819","17","0","2025","1","",8305,47694,48179,49281,838253227,503860068,11752380,1333,"",1.00,1.00,1.00,1.00,1.00,1.00,1.00,1.00,"",160,2.0,-818,-1.7,-1089,-2.2,-385,-0.8,-12424657,-1.5,-4817213,-0.9,-118282,-1.0,2,0.2
"US000","5","238191","18","0","2025","1","",4925,21271,21398,21712,336548582,207744187,4127744,1206,"",1.00,1.00,1.00,1.00,1.00,1.00,1.00,1.00,"",124,2.6,560,2.7,261,1.2,665,3.2,7369045,2.2,5840055,2.9,279667,7.3,-2,-0.2
"US000","5","238192","18","0","2025","1","",3380,26423,26781,27569,501704645,296115881,7624636,1433,"",1.00,1.00,1.00,1.00,1.00,1.00,1.00,1.00,"",36,1.1,-1378,-5.0,-1350,-4.8,-1050,-3.7,-19793702,-3.8,-10657268,-3.5,-397949,-5.0,10,0.7
"US000","5","2382","16","0","2025","1","",234588,2536862,2548832,2561870,52042811276,29048425457,724974169,1570,"",1.00,1.00,1.00,1.00,1.00,1.00,1.00,1.00,"",2326,1.0,64989,2.6,69937,2.8,67212,2.7,3414947875,7.0,1267746255,4.6,30348876,4.4,63,4.2
"US000","5","23821","17","0","2025","1","",99337,1092936,1098799,1103781,22885861143,12607452153,334115292,1603,"",1.00,1.00,1.00,1.00,1.00,1.00,1.00,1.00,"",909,0.9,26387,2.5,30583,2.9,30811,2.9,1633833658,7.7,577224701,4.8,13124432,4.1,74,4.8
"US000","5","238211","18","0","2025","1","",60258,348495,348863,349032,5818368699,3664478891,72534839,1283,"",1.00,1.00,1.00,1.00,1.00,1.00,1.00,1.00,"",464,0.8,-7337,-2.1,-6348,-1.8,-6512,-1.8,25235748,0.4,-30923498,-0.8,786151,1.1,30,2.4
"US000","5","238212","18","0","2025","1","",39079,744441,749936,754749,17067492444,8942973262,261580453,1751,"",1.00,1.00,1.00,1.00,1.00,1.00,1.00,1.00,"",445,1.2,33724,4.7,36931,5.2,37323,5.2,1608597910,10.4,608148199,7.3,12338281,5.0,85,5.1
"US000","5","23822","17","0","2025","1","",122581,1283965,1288391,1294470,25173670327,14455197652,340842901,1502,"",1.00,1.00,1.00,1.00,1.00,1.00,1.00,1.00,"",1241,1.0,32557,2.6,33105,2.6,30714,2.4,1554008040,6.6,601149194,4.3,15076216,4.6,56,3.9
"US000","5","238221","18","0","2025","1","",93122,666077,668432,670609,10889832366,6967965274,125140291,1253,"",1.00,1.00,1.00,1.00,1.00,1.00,1.00,1.00,"",1132,1.2,12891,2.0,14175,2.2,12476,1.9,574484488,5.6,265350440,4.0,6683067,5.6,42,3.5
"US000","5","238222","18","0","2025","1","",29459,617888,619959,623861,14283837961,7487232378,215702610,1771,"",1.00,1.00,1.00,1.00,1.00,1.00,1.00,1.00,"",109,0.4,19666,3.3,18930,3.1,18238,3.0,979523552,7.4,335798754,4.7,8393149,4.0,70,4.1
"US000","5","23829","17","0","2025","1","",12670,159961,161642,163619,3983279806,1985775652,50015976,1894,"",1.00,1.00,1.00,1.00,1.00,1.00,1.00,1.00,"",176,1.4,6045,3.9,6249,4.0,5687,3.6,227106177,6.0,89372360,4.7,2148228,4.5,39,2.1
"US000","5","238291","18","0","2025","1","",3231,16099,16054,16229,266587882,167487527,3663570,1272,"",1.00,1.00,1.00,1.00,1.00,1.00,1.00,1.00,"",67,2.1,330,2.1,155,1.0,362,2.3,13011540,5.1,5748436,3.6,24129,0.7,41,3.3
"US000","5","238292","18","0","2025","1","",9439,143862,145588,147390,3716691924,1818288125,46352406,1963,"",1.00,1.00,1.00,1.00,1.00,1.00,1.00,1.00,"",109,1.2,5715,4.1,6094,4.4,5325,3.7,214094637,6.1,83623924,4.8,2124099,4.8,37,1.9
"US000","5","2383","16","0","2025","1","",135622,798591,806346,817518,12864966194,8180608394,220289882,1226,"",1.00,1.00,1.00,1.00,1.00,1.00,1.00,1.00,"",-1073,-0.8,-10494,-1.3,-7692,-0.9,-7232,-0.9,235858281,1.9,13271387,0.2,2580243,1.2,35,2.9
"US000","5","23831","17","0","2025","1","",21900,240526,244619,246050,4241750725,2600307963,81222513,1339,"",1.00,1.00,1.00,1.00,1.00,1.00,1.00,1.00,"",-118,-0.5,-3521,-1.4,-2139,-0.9,-2577,-1.0,74393124,1.8,-13206855,-0.5,1573782,2.0,38,2.9
"US000","5","238311","18","0","2025","1","",15840,112651,114128,113891,1660206740,1112279982,22852784,1125,"",1.00,1.00,1.00,1.00,1.00,1.00,1.00,1.00,"",-53,-0.3,-3860,-3.3,-3884,-3.3,-5325,-4.5,-22753625,-1.4,-29984402,-2.6,-374204,-1.6,27,2.5
"US000","5","238312","18","0","2025","1","",6060,127875,130491,132159,2581543985,1488027981,58369729,1525,"",1.00,1.00,1.00,1.00,1.00,1.00,1.00,1.00,"",-65,-1.1,339,0.3,1745,1.4,2748,2.1,97146749,3.9,16777547,1.1,1947986,3.5,39,2.6
"US000","5","23832","17","0","2025","1","",41181,187984,189876,194227,2662087461,1792701961,47717004,1074,"",1.00,1.00,1.00,1.00,1.00,1.00,1.00,1.00,"",-483,-1.2,-2297,-1.2,-1999,-1.0,-2244,-1.1,56206647,2.2,10657664,0.6,347168,0.7,35,3.4
"US000","5","238321","18","0","2025","1","",34600,118009,119035,121451,1434376462,1049822059,21812523,923,"",1.00,1.00,1.00,1.00,1.00,1.00,1.00,1.00,"",-427,-1.2,-1005,-0.8,-794,-0.7,-963,-0.8,25943306,1.8,7618659,0.7,691738,3.3,23,2.6
"US000","5","238322","18","0","2025","1","",6581,69975,70841,72776,1227710999,742879902,25904481,1326,"",1.00,1.00,1.00,1.00,1.00,1.00,1.00,1.00,"",-56,-0.8,-1292,-1.8,-1205,-1.7,-1281,-1.7,30263341,2.5,3039005,0.4,-344570,-1.3,55,4.3
"US000","5","23833","17","0","2025","1","",19192,78219,79005,79739,1267671157,789823118,19942934,1235,"",1.00,1.00,1.00,1.00,1.00,1.00,1.00,1.00,"",-160,-0.8,-1455,-1.8,-420,-0.5,-272,-0.3,14824015,1.2,3975602,0.5,365840,1.9,26,2.2
"US000","5","238331","18","0","2025","1","",15752,50712,51237,51656,719756582,477710080,9061973,1081,"",1.00,1.00,1.00,1.00,1.00,1.00,1.00,1.00,"",-175,-1.1,-1514,-2.9,-1000,-1.9,-950,-1.8,-5776853,-0.8,-5827274,-1.2,-152577,-1.7,15,1.4
"US000","5","238332","18","0","2025","1","",3440,27507,27768,28083,547914575,312113038,10880961,1517,"",1.00,1.00,1.00,1.00,1.00,1.00,1.00,1.00,"",15,0.4,59,0.2,580,2.1,678,2.5,20600868,3.9,9802876,3.2,518417,5.0,34,2.3
"US000","5","23834","17","0","2025","1","",10173,52212,52717,53292,781230394,525446599,12597040,1139,"",1.00,1.00,1.00,1.00,1.00,1.00,1.00,1.00,"",-288,-2.8,-1817,-3.4,-1410,-2.6,-1262,-2.3,-78977,0.0,-8928139,-1.7,-118975,-0.9,31,2.8
"US000","5","238341","18","0","2025","1","",8997,40039,40401,40669,556928480,386479537,7389305,1061,"",1.00,1.00,1.00,1.00,1.00,1.00,1.00,1.00,"",-239,-2.6,-1376,-3.3,-1038,-2.5,-1055,-2.5,-5126911,-0.9,-6304264,-1.6,-27254,-0.4,20,1.9
"US000","5","238342","18","0","2025","1","",1176,12173,12316,12623,224301914,138967062,5207735,1395,"",1.00,1.00,1.00,1.00,1.00,1.00,1.00,1.00,"",-49,-4.0,-441,-3.5,-372,-2.9,-207,-1.6,5047934,2.3,-2623875,-1.9,-91721,-1.7,68,5.1
"US000","5","23835","17","0","2025","1","",32397,155479,156365,156980,2477809090,1599032261,35178661,1220,"",1.00,1.00,1.00,1.00,1.00,1.00,1.00,1.00,"",-161,-0.5,-2099,-1.3,-2047,-1.3,-2354,-1.5,33772760,1.4,954510,0.1,282603,0.8,33,2.8
"US000","5","238351","18","0","2025","1","",28863,124275,124954,125437,1864859571,1231464850,22749638,1149,"",1.00,1.00,1.00,1.00,1.00,1.00,1.00,1.00,"",-64,-0.2,-776,-0.6,-752,-0.6,-920,-0.7,35348838,1.9,5568050,0.5,372595,1.7,29,2.6
"US000","5","238352","18","0","2025","1","",3534,31204,31411,31543,612949519,367567411,12429023,1502,"",1.00,1.00,1.00,1.00,1.00,1.00,1.00,1.00,"",-97,-2.7,-1323,-4.1,-1295,-4.0,-1434,-4.3,-1576078,-0.3,-4613540,-1.2,-89992,-0.7,58,4.0
"US000","5","23839","17","0","2025","1","",10779,84171,83764,87230,1434417367,873296492,23631730,1297,"",1.00,1.00,1.00,1.00,1.00,1.00,1.00,1.00,"",137,1.3,695,0.8,323,0.4,1477,1.7,56740712,4.1,19818605,2.3,129825,0.6,39,3.1
"US000","5","238391","18","0","2025","1","",6229,35627,35714,36576,541711681,350084847,6845950,1158,"",1.00,1.00,1.00,1.00,1.00,1.00,1.00,1.00,"",76,1.2,136,0.4,-137,-0.4,180,0.5,8606662,1.6,2407269,0.7,-364073,-5.0,16,1.4
"US000","5","238392","18","0","2025","1","",4550,48544,48050,50654,892705686,523211645,16785780,1399,"",1.00,1.00,1.00,1.00,1.00,1.00,1.00,1.00,"",61,1.4,559,1.2,460,1.0,1297,2.6,48134050,5.7,17411336,3.4,493898,3.0,54,4.0
"US000","5","2389","16","0","2025","1","",99243,728045,731359,757946,12880469276,7797658446,222826836,1341,"",1.00,1.00,1.00,1.00,1.00,1.00,1.00,1.00,"",2257,2.3,20908,3.0,15156,2.1,17355,2.3,708606359,5.8,299806552,4.0,5263161,2.4,43,3.3
"US000","5","23891","17","0","2025","1","",41665,383626,383877,394784,6842405391,4234004165,118319871,1359,"",1.00,1.00,1.00,1.00,1.00,1.00,1.00,1.00,"",312,0.8,13694,3.7,10604,2.8,11760,3.1,462731714,7.3,202015128,5.0,2936020,2.5,52,4.0
"US000","5","238911","18","0","2025","1","",24318,140964,140633,144392,2177056364,1504594834,34414058,1179,"",1.00,1.00,1.00,1.00,1.00,1.00,1.00,1.00,"",176,0.7,5740,4.2,4251,3.1,4556,3.3,135149321,6.6,89796124,6.3,541125,1.6,34,3.0
"US000","5","238912","18","0","2025","1","",17347,242662,243244,250392,4665349027,2729409331,83905813,1462,"",1.00,1.00,1.00,1.00,1.00,1.00,1.00,1.00,"",136,0.8,7954,3.4,6353,2.7,7204,3.0,327582393,7.6,112219004,4.3,2394895,2.9,62,4.4
"US000","5","23899","17","0","2025","1","",57578,344419,347482,363162,6038063885,3563654281,104506965,1321,"",1.00,1.00,1.00,1.00,1.00,1.00,1.00,1.00,"",1945,3.5,7214,2.1,4552,1.3,5595,1.6,245874645,4.2,97791424,2.8,2327141,2.3,33,2.6
"US000","5","238991","18","0","2025","1","",38572,166120,166959,175355,2464803349,1587358020,40100657,1119,"",1.00,1.00,1.00,1.00,1.00,1.00,1.00,1.00,"",1128,3.0,2347,1.4,1202,0.7,1869,1.1,85729692,3.6,38757303,2.5,359502,0.9,28,2.6
"US000","5","238992","18","0","2025","1","",19006,178299,180523,187807,3573260536,1976296261,64406308,1509,"",1.00,1.00,1.00,1.00,1.00,1.00,1.00,1.00,"",817,4.5,4867,2.8,3350,1.9,3726,2.0,160144953,4.7,59034121,3.1,1967639,3.2,36,2.4
"US000","5","31-33","14","0","2025","1","",397955,12567956,12607899,12610321,296191918922,140250636228,2315650490,1809,"",1.00,1.00,1.00,1.00,1.00,1.00,1.00,1.00,"",4038,1.0,-150256,-1.2,-133749,-1.0,-150539,-1.2,5445752445,1.9,-144994340,-0.1,-12767922,-0.5,54,3.1
"US000","5","311","15","0","2025","1","",42369,1763042,1766807,1767855,28402388397,18010767542,267568074,1237,"",1.00,1.00,1.00,1.00,1.00,1.00,1.00,1.00,"",967,2.3,30490,1.8,26391,1.5,21471,1.2,1072068403,3.9,547926554,3.1,3304002,1.3,29,2.4
"US000","5","3111","16","0","2025","1","",2943,75964,76055,76226,1608073189,878563018,10612368,1626,"",1.00,1.00,1.00,1.00,1.00,1.00,1.00,1.00,"",86,3.0,1521,2.0,1394,1.9,1385,1.9,60617103,3.9,28602367,3.4,-533217,-4.8,31,1.9
"US000","5","31111","17","0","2025","1","",2943,75964,76055,76226,1608073189,878563018,10612368,1626,"",1.00,1.00,1.00,1.00,1.00,1.00,1.00,1.00,"",86,3.0,1521,2.0,1394,1.9,1385,1.9,60617103,3.9,28602367,3.4,-533217,-4.8,31,1.9
"US000","5","311111","18","0","2025","1","",954,38741,38840,39040,872311732,449069271,5817686,1726,"",1.00,1.00,1.00,1.00,1.00,1.00,1.00,1.00,"",26,2.8,1052,2.8,951,2.5,893,2.3,14307638,1.7,13049150,3.0,-458677,-7.3,-15,-0.9
"US000","5","311119","18","0","2025","1","",1989,37223,37215,37186,735761457,429493747,4794682,1521,"",1.00,1.00,1.00,1.00,1.00,1.00,1.00,1.00,"",60,3.1,469,1.3,443,1.2,492,1.3,46309465,6.7,15553217,3.8,-74540,-1.5,77,5.3
"US000","5","3112","16","0","2025","1","",1229,67724,67296,67512,1655109355,862905473,11879533,1886,"",1.00,1.00,1.00,1.00,1.00,1.00,1.00,1.00,"",9,0.7,1391,2.1,892,1.3,951,1.4,27973225,1.7,72114287,9.1,2360061,24.8,2,0.1
"US000","5","31121","17","0","2025","1","",551,21373,21335,21301,427076929,244648631,3414930,1540,"",1.00,1.00,1.00,1.00,1.00,1.00,1.00,1.00,"",0,0.0,80,0.4,-75,-0.4,-116,-0.5,13404186,3.2,10085148,4.3,307408,9.9,51,3.4
"US000","5","311211","18","0","2025","1","",388,15004,14909,14893,319153043,186741746,2539926,1644,"",1.00,1.00,1.00,1.00,1.00,1.00,1.00,1.00,"",0,0.0,251,1.7,86,0.6,78,0.5,9782624,3.2,10862671,6.2,332724,15.1,36,2.2
"US000","5","311212","18","0","2025","1","",103,5274,5342,5311,84367652,39601372,711004,1222,"",1.00,1.00,1.00,1.00,1.00,1.00,1.00,1.00,"",2,2.0,-68,-1.3,-67,-1.2,-113,-2.1,3294626,4.1,-129287,-0.3,18190,2.6,65,5.6
"US000","5","311213","18","0","2025","1","",60,1095,1084,1097,23556234,18305513,164000,1659,"",1.00,1.00,1.00,1.00,1.00,1.00,1.00,1.00,"",-2,-3.2,-103,-8.6,-94,-8.0,-81,-6.9,326936,1.4,-648236,-3.4,-43506,-21.0,151,10.0
"US000","5","31122","17","0","2025","1","",517,33064,32704,32892,932285890,443044629,6319079,2181,"",1.00,1.00,1.00,1.00,1.00,1.00,1.00,1.00,"",0,0.0,1147,3.6,778,2.4,781,2.4,-451182,0.0,72405858,19.5,2062842,48.5,-62,-2.8
"US000","5","311221","18","0","2025","1","",72,13842,13464,13617,509352639,216202205,3478154,2872,"",1.00,1.00,1.00,1.00,1.00,1.00,1.00,1.00,"",0,0.0,474,3.5,66,0.5,124,0.9,-23486391,-4.4,65460658,43.4,1914278,122.4,-182,-6.0
"US000","5","311224","18","0","2025","1","",236,10115,10107,10140,229355002,126180584,1295320,1743,"",1.00,1.00,1.00,1.00,1.00,1.00,1.00,1.00,"",-14,-5.6,352,3.6,371,3.8,304,3.1,5666930,2.5,2490043,2.0,73220,6.0,-17,-1.0
"US000","5","311225","18","0","2025","1","",209,9107,9133,9135,193578249,100661840,1545605,1632,"",1.00,1.00,1.00,1.00,1.00,1.00,1.00,1.00,"",14,7.2,321,3.7,341,3.9,353,4.0,17368279,9.9,4455157,4.6,75344,5.1,89,5.8
"US000","5","31123","17","0","2025","1","",161,13287,13257,13319,295746536,175212213,2145524,1712,"",1.00,1.00,1.00,1.00,1.00,1.00,1.00,1.00,"",9,5.9,164,1.2,189,1.4,286,2.2,15020221,5.4,-10376719,-5.6,-10189,-0.5,60,3.6
"US000","5","311230","18","0","2025","1","",161,13287,13257,13319,295746536,175212213,2145524,1712,"",1.00,1.00,1.00,1.00,1.00,1.00,1.00,1.00,"",9,5.9,164,1.2,189,1.4,286,2.2,15020221,5.4,-10376719,-5.6,-10189,-0.5,60,3.6
"US000","5","3113","16","0","2025","1","",2390,82435,82211,81529,1465405167,819311124,20660108,1374,"",1.00,1.00,1.00,1.00,1.00,1.00,1.00,1.00,"",29,1.2,264,0.3,693,0.9,302,0.4,46194239,3.3,36544963,4.7,588219,2.9,37,2.8
"US000","5","31131","17","0","2025","1","",114,14094,13777,13711,287794165,168111190,4285454,1597,"",1.00,1.00,1.00,1.00,1.00,1.00,1.00,1.00,"",4,3.6,197,1.4,591,4.5,532,4.0,21737151,8.2,8875116,5.6,65356,1.5,72,4.7
"US000","5","311313","18","0","2025","1","",33,6977,7058,6991,130484885,109226054,2712512,1432,"",1.00,1.00,1.00,1.00,1.00,1.00,1.00,1.00,"",0,0.0,334,5.0,488,7.4,372,5.6,12042613,10.2,9128755,9.1,124759,4.8,54,3.9
"US000","5","311314","18","0","2025","1","",81,7117,6719,6720,157309280,58885136,1572942,1766,"",1.00,1.00,1.00,1.00,1.00,1.00,1.00,1.00,"",4,5.2,-137,-1.9,103,1.6,160,2.4,9694538,6.6,-253639,-0.4,-59403,-3.6,99,5.9
"US000","5","31134","17","0","2025","1","",737,27387,27483,27501,531141039,289735573,7500648,1488,"",1.00,1.00,1.00,1.00,1.00,1.00,1.00,1.00,"",29,4.1,1448,5.6,1573,6.1,1328,5.1,38994244,7.9,24504977,9.2,708271,10.4,32,2.2
"US000","5","311340","18","0","2025","1","",737,27387,27483,27501,531141039,289735573,7500648,1488,"",1.00,1.00,1.00,1.00,1.00,1.00,1.00,1.00,"",29,4.1,1448,5.6,1573,6.1,1328,5.1,38994244,7.9,24504977,9.2,708271,10.4,32,2.2
"US000","5","31135","17","0","2025","1","",1539,40954,40951,40317,646469963,361464361,8874006,1221,"",1.00,1.00,1.00,1.00,1.00,1.00,1.00,1.00,"",-4,-0.3,-1381,-3.3,-1471,-3.5,-1558,-3.7,-14537156,-2.2,3164870,0.9,-185408,-2.0,16,1.3
"US000","5","311351","18","0","2025","1","",360,9456,9471,9366,202675897,96149338,2481316,1653,"",1.00,1.00,1.00,1.00,1.00,1.00,1.00,1.00,"",12,3.4,-1127,-10.6,-1019,-9.7,-1314,-12.3,-13017705,-6.0,-1653494,-1.7,-232167,-8.6,85,5.4
"US000","5","311352","18","0","2025","1","",1179,31498,31480,30951,443794066,265315023,6392690,1090,"",1.00,1.00,1.00,1.00,1.00,1.00,1.00,1.00,"",-16,-1.3,-254,-0.8,-452,-1.4,-244,-0.8,-1519451,-0.3,4818364,1.8,46759,0.7,7,0.6
"US000","5","3114","16","0","2025","1","",2920,166673,166619,167986,2797609825,1773126495,37084318,1288,"",1.00,1.00,1.00,1.00,1.00,1.00,1.00,1.00,"",96,3.4,46,0.0,-71,0.0,943,0.6,99121216,3.7,29500966,1.7,-122161,-0.3,43,3.5
"US000","5","31141","17","0","2025","1","",1252,93758,93512,94194,1484889302,1007539993,18030484,1217,"",1.00,1.00,1.00,1.00,1.00,1.00,1.00,1.00,"",62,5.2,1223,1.3,776,0.8,1201,1.3,71585989,5.1,25206492,2.6,-303784,-1.7,45,3.8
"US000","5","311411","18","0","2025","1","",367,27226,26722,27446,457417170,337007437,6988328,1297,"",1.00,1.00,1.00,1.00,1.00,1.00,1.00,1.00,"",39,11.9,-611,-2.2,-1191,-4.3,-662,-2.4,24064128,5.6,2714777,0.8,160338,2.3,104,8.7
"US000","5","311412","18","0","2025","1","",885,66532,66790,66748,1027472132,670532556,11042156,1185,"",1.00,1.00,1.00,1.00,1.00,1.00,1.00,1.00,"",23,2.7,1834,2.8,1967,3.0,1863,2.9,47521861,4.8,22491715,3.5,-464122,-4.0,22,1.9
"US000","5","31142","17","0","2025","1","",1668,72915,73107,73792,1312720523,765586502,19053834,1378,"",1.00,1.00,1.00,1.00,1.00,1.00,1.00,1.00,"",34,2.1,-1177,-1.6,-847,-1.1,-258,-0.3,27535227,2.1,4294474,0.6,181623,1.0,43,3.2
"US000","5","311421","18","0","2025","1","",1136,48283,48486,49403,879807866,489226549,13004761,1389,"",1.00,1.00,1.00,1.00,1.00,1.00,1.00,1.00,"",0,0.0,-709,-1.4,-510,-1.0,47,0.1,16356862,1.9,1760453,0.4,408725,3.2,37,2.7
"US000","5","311422","18","0","2025","1","",165,11961,11972,11917,230304343,130055495,2560625,1482,"",1.00,1.00,1.00,1.00,1.00,1.00,1.00,1.00,"",8,5.1,-206,-1.7,-82,-0.7,-39,-0.3,6847478,3.1,-122005,-0.1,-245552,-8.8,57,4.0
"US000","5","311423","18","0","2025","1","",367,12671,12649,12472,202608314,146304458,3488448,1237,"",1.00,1.00,1.00,1.00,1.00,1.00,1.00,1.00,"",26,7.6,-262,-2.0,-255,-2.0,-266,-2.1,4330887,2.2,2656026,1.8,18450,0.5,51,4.3
"US000","5","3115","16","0","2025","1","",2798,166564,166530,167246,3458778551,1897048420,29337822,1595,"",1.00,1.00,1.00,1.00,1.00,1.00,1.00,1.00,"",116,4.3,2299,1.4,2034,1.2,1255,0.8,196547634,6.0,62818804,3.4,954740,3.4,73,4.8
"US000","5","31151","17","0","2025","1","",1814,143266,143078,143020,3094654934,1661007437,24600586,1663,"",1.00,1.00,1.00,1.00,1.00,1.00,1.00,1.00,"",17,0.9,2675,1.9,2591,1.8,1862,1.3,192051942,6.6,65623604,4.1,818936,3.4,77,4.9
"US000","5","311511","18","0","2025","1","",733,56269,56192,56294,1256956807,624355059,10518891,1719,"",1.00,1.00,1.00,1.00,1.00,1.00,1.00,1.00,"",1,0.1,909,1.6,848,1.5,536,1.0,86628634,7.4,31098709,5.2,584537,5.9,97,6.0
"US000","5","311512","18","0","2025","1","",65,3711,3747,3802,75134052,39277781,563562,1540,"",1.00,1.00,1.00,1.00,1.00,1.00,1.00,1.00,"",2,3.2,-85,-2.2,-31,-0.8,-50,-1.3,-658054,-0.9,-715187,-1.8,-18895,-3.2,9,0.6
"US000","5","311513","18","0","2025","1","",727,62536,62403,62130,1216522250,771212059,9711613,1501,"",1.00,1.00,1.00,1.00,1.00,1.00,1.00,1.00,"",-7,-1.0,980,1.6,949,1.5,595,1.0,62267404,5.4,26418676,3.5,-31959,-0.3,58,4.0
"US000","5","311514","18","0","2025","1","",289,20750,20736,20794,546041825,226162538,3806520,2023,"",1.00,1.00,1.00,1.00,1.00,1.00,1.00,1.00,"",21,7.8,871,4.4,825,4.1,781,3.9,43813958,8.7,8821406,4.1,285253,8.1,85,4.4
"US000","5","31152","17","0","2025","1","",984,23298,23452,24226,364123617,236040983,4737236,1184,"",1.00,1.00,1.00,1.00,1.00,1.00,1.00,1.00,"",99,11.2,-376,-1.6,-557,-2.3,-607,-2.4,4495692,1.3,-2804800,-1.2,135804,3.0,40,3.5
"US000","5","311520","18","0","2025","1","",984,23298,23452,24226,364123617,236040983,4737236,1184,"",1.00,1.00,1.00,1.00,1.00,1.00,1.00,1.00,"",99,11.2,-376,-1.6,-557,-2.3,-607,-2.4,4495692,1.3,-2804800,-1.2,135804,3.0,40,3.5
"US000","5","3116","16","0","2025","1","",4679,557097,558929,557079,7807416912,5653818060,50228503,1077,"",1.00,1.00,1.00,1.00,1.00,1.00,1.00,1.00,"",-5,-0.1,9753,1.8,8423,1.5,5994,1.1,323510896,4.3,126181691,2.3,-2978389,-5.6,30,2.9
"US000","5","31161","17","0","2025","1","",4679,557097,558929,557079,7807416912,5653818060,50228503,1077,"",1.00,1.00,1.00,1.00,1.00,1.00,1.00,1.00,"",-5,-0.1,9753,1.8,8423,1.5,5994,1.1,323510896,4.3,126181691,2.3,-2978389,-5.6,30,2.9
"US000","5","311611","18","0","2025","1","",1669,146443,146501,146174,2131199495,1669105783,12831655,1120,"",1.00,1.00,1.00,1.00,1.00,1.00,1.00,1.00,"",-1,-0.1,-2683,-1.8,-3381,-2.3,-3748,-2.5,-41245713,-1.9,-42384735,-2.5,-2282485,-15.1,3,0.3
"US000","5","311612","18","0","2025","1","",1965,153701,154040,153612,2332057542,1683606927,21621332,1166,"",1.00,1.00,1.00,1.00,1.00,1.00,1.00,1.00,"",-6,-0.3,2680,1.8,2620,1.7,2156,1.4,62062880,2.7,58071766,3.6,-52816,-0.2,12,1.0
"US000","5","311613","18","0","2025","1","",219,7521,7500,7473,147431113,86892633,1043117,1513,"",1.00,1.00,1.00,1.00,1.00,1.00,1.00,1.00,"",0,0.0,-821,-9.8,-835,-10.0,-898,-10.7,-19985480,-11.9,-7442336,-7.9,95295,10.1,-29,-1.9
"US000","5","311615","18","0","2025","1","",826,249432,250888,249820,3196728762,2214212717,14732399,983,"",1.00,1.00,1.00,1.00,1.00,1.00,1.00,1.00,"",2,0.2,10577,4.4,10019,4.2,8484,3.5,322679209,11.2,117936996,5.6,-738383,-4.8,63,6.8
"US000","5","3117","16","0","2025","1","",839,29977,31557,31616,510257502,394068575,8136156,1264,"",1.00,1.00,1.00,1.00,1.00,1.00,1.00,1.00,"",10,1.2,91,0.3,302,1.0,536,1.7,27233335,5.6,11914364,3.1,33833,0.4,55,4.5
"US000","5","31171","17","0","2025","1","",839,29977,31557,31616,510257502,394068575,8136156,1264,"",1.00,1.00,1.00,1.00,1.00,1.00,1.00,1.00,"",10,1.2,91,0.3,302,1.0,536,1.7,27233335,5.6,11914364,3.1,33833,0.4,55,4.5
"US000","5","311710","18","0","2025","1","",839,29977,31557,31616,510257502,394068575,8136156,1264,"",1.00,1.00,1.00,1.00,1.00,1.00,1.00,1.00,"",10,1.2,91,0.3,302,1.0,536,1.7,27233335,5.6,11914364,3.1,33833,0.4,55,4.5
"US000","5","3118","16","0","2025","1","",15824,345858,345936,347330,4343403982,2979876891,48541724,965,"",1.00,1.00,1.00,1.00,1.00,1.00,1.00,1.00,"",164,1.0,8185,2.4,5991,1.8,4414,1.3,123895639,2.9,84377774,2.9,1164958,2.5,11,1.2
"US000","5","31181","17","0","2025","1","",14041,268633,268868,270480,3156387434,2204327296,35572192,902,"",1.00,1.00,1.00,1.00,1.00,1.00,1.00,1.00,"",141,1.0,10399,4.0,8669,3.3,7740,2.9,152753199,5.1,94197922,4.5,1141192,3.3,15,1.7
"US000","5","311811","18","0","2025","1","",9543,104429,104296,104988,772035388,647710152,10779476,568,"",1.00,1.00,1.00,1.00,1.00,1.00,1.00,1.00,"",206,2.2,4080,4.1,3017,3.0,2994,2.9,30199124,4.1,26119499,4.2,874644,8.8,4,0.7
"US000","5","311812","18","0","2025","1","",4195,149865,150210,151191,2163033327,1423581000,22638795,1106,"",1.00,1.00,1.00,1.00,1.00,1.00,1.00,1.00,"",-62,-1.5,5103,3.5,4494,3.1,3625,2.5,92475442,4.5,56360178,4.1,102519,0.5,15,1.4
"US000","5","311813","18","0","2025","1","",303,14339,14362,14301,221318719,133036144,2153921,1188,"",1.00,1.00,1.00,1.00,1.00,1.00,1.00,1.00,"",-3,-1.0,1216,9.3,1158,8.8,1121,8.5,30078633,15.7,11718245,9.7,164029,8.2,71,6.4
"US000","5","31182","17","0","2025","1","",1269,56933,56841,56500,925404442,601788680,10849802,1254,"",1.00,1.00,1.00,1.00,1.00,1.00,1.00,1.00,"",23,1.8,-1788,-3.0,-2145,-3.6,-2871,-4.8,-25322033,-2.7,-9767133,-1.6,52019,0.5,15,1.2
"US000","5","311821","18","0","2025","1","",749,35604,35456,35155,527392447,365948474,6665572,1146,"",1.00,1.00,1.00,1.00,1.00,1.00,1.00,1.00,"",-7,-0.9,-2024,-5.4,-2345,-6.2,-2795,-7.4,-35140414,-6.2,-14062900,-3.7,-188876,-2.8,1,0.1
"US000","5","311824","18","0","2025","1","",520,21329,21385,21345,398011995,235840206,4184230,1434,"",1.00,1.00,1.00,1.00,1.00,1.00,1.00,1.00,"",30,6.1,236,1.1,200,0.9,-76,-0.4,9818381,2.5,4295767,1.9,240895,6.1,28,2.0
"US000","5","31183","17","0","2025","1","",514,20292,20227,20350,261612106,173760915,2119730,992,"",1.00,1.00,1.00,1.00,1.00,1.00,1.00,1.00,"",0,0.0,-426,-2.1,-533,-2.6,-455,-2.2,-3535527,-1.3,-53015,0.0,-28253,-1.3,10,1.0
"US000","5","311830","18","0","2025","1","",514,20292,20227,20350,261612106,173760915,2119730,992,"",1.00,1.00,1.00,1.00,1.00,1.00,1.00,1.00,"",0,0.0,-426,-2.1,-533,-2.6,-455,-2.2,-3535527,-1.3,-53015,0.0,-28253,-1.3,10,1.0
"US000","5","3119","16","0","2025","1","",8747,270750,271674,271331,4756333914,2752049486,51087542,1349,"",1.00,1.00,1.00,1.00,1.00,1.00,1.00,1.00,"",462,5.6,6940,2.6,6733,2.5,5691,2.1,166975116,3.6,95871338,3.6,1835958,3.7,16,1.2
"US000","5","31191","17","0","2025","1","",1206,66566,66725,66702,1093323026,638858397,12759742,1262,"",1.00,1.00,1.00,1.00,1.00,1.00,1.00,1.00,"",81,7.2,1188,1.8,1525,2.3,1260,1.9,-34233081,-3.0,9079913,1.4,-135125,-1.0,-65,-4.9
"US000","5","311911","18","0","2025","1","",349,16269,16301,16358,259550782,145566013,4183952,1224,"",1.00,1.00,1.00,1.00,1.00,1.00,1.00,1.00,"",8,2.3,-261,-1.6,-90,-0.5,24,0.1,-15474186,-5.6,-5563617,-3.7,-209183,-4.8,-65,-5.0
"US000","5","311919","18","0","2025","1","",857,50297,50424,50344,833772244,493292384,8575790,1274,"",1.00,1.00,1.00,1.00,1.00,1.00,1.00,1.00,"",73,9.3,1449,3.0,1615,3.3,1236,2.5,-18758895,-2.2,14643530,3.1,74058,0.9,-66,-4.9
"US000","5","31192","17","0","2025","1","",1785,29099,29087,29109,470376720,287450569,4963846,1243,"",1.00,1.00,1.00,1.00,1.00,1.00,1.00,1.00,"",117,7.0,1189,4.3,1073,3.8,963,3.4,23321037,5.2,5196584,1.8,-82579,-1.6,16,1.3
"US000","5","311920","18","0","2025","1","",1785,29099,29087,29109,470376720,287450569,4963846,1243,"",1.00,1.00,1.00,1.00,1.00,1.00,1.00,1.00,"",117,7.0,1189,4.3,1073,3.8,963,3.4,23321037,5.2,5196584,1.8,-82579,-1.6,16,1.3
"US000","5","31193","17","0","2025","1","",347,9923,9994,9995,315833851,101552173,2116917,2437,"",1.00,1.00,1.00,1.00,1.00,1.00,1.00,1.00,"",3,0.9,446,4.7,147,1.5,146,1.5,2639577,0.8,3630266,3.7,125626,6.3,-40,-1.6
"US000","5","311930","18","0","2025","1","",347,9923,9994,9995,315833851,101552173,2116917,2437,"",1.00,1.00,1.00,1.00,1.00,1.00,1.00,1.00,"",3,0.9,446,4.7,147,1.5,146,1.5,2639577,0.8,3630266,3.7,125626,6.3,-40,-1.6
"US000","5","31194","17","0","2025","1","",1234,51726,51777,51795,1061164392,563379861,10846374,1577,"",1.00,1.00,1.00,1.00,1.00,1.00,1.00,1.00,"",10,0.8,2864,5.9,2786,5.7,2499,5.1,70276370,7.1,39268189,7.5,1145293,11.8,23,1.5
"US000","5","311941","18","0","2025","1","",494,22198,22241,22292,414086687,223285069,4197048,1432,"",1.00,1.00,1.00,1.00,1.00,1.00,1.00,1.00,"",-8,-1.6,1741,8.5,1690,8.2,1489,7.2,35456773,9.4,17905095,8.7,863773,25.9,18,1.3
"US000","5","311942","18","0","2025","1","",740,29528,29536,29503,647077705,340094792,6649326,1686,"",1.00,1.00,1.00,1.00,1.00,1.00,1.00,1.00,"",18,2.5,1123,4.0,1096,3.9,1010,3.5,34819597,5.7,21363094,6.7,281520,4.4,30,1.8
"US000","5","31199","17","0","2025","1","",4175,113436,114091,113730,1815635925,1160808486,20400663,1228,"",1.00,1.00,1.00,1.00,1.00,1.00,1.00,1.00,"",251,6.4,1253,1.1,1202,1.1,823,0.7,104971213,6.1,38696386,3.4,782743,4.0,60,5.1
"US000","5","311991","18","0","2025","1","",1926,69644,70045,69790,962948364,664470490,12513329,1061,"",1.00,1.00,1.00,1.00,1.00,1.00,1.00,1.00,"",84,4.6,629,0.9,313,0.4,37,0.1,20184157,2.1,22244545,3.5,-624,0.0,18,1.7
"US000","5","311999","18","0","2025","1","",2249,43792,44046,43940,852687561,496337996,7887334,1493,"",1.00,1.00,1.00,1.00,1.00,1.00,1.00,1.00,"",167,8.0,624,1.4,889,2.1,786,1.8,84787056,11.0,16451841,3.4,783367,11.0,124,9.1
"US000","5","312","15","0","2025","1","",16730,316544,317110,319972,5413193622,2794559394,54455639,1310,"",1.00,1.00,1.00,1.00,1.00,1.00,1.00,1.00,"",24,0.1,-4666,-1.5,-5337,-1.7,-5789,-1.8,123056775,2.3,-25872817,-0.9,343544,0.6,51,4.1
"US000","5","3121","16","0","2025","1","",16309,305181,305784,308810,5084894117,2674127469,52538756,1276,"",1.00,1.00,1.00,1.00,1.00,1.00,1.00,1.00,"",32,0.2,-5234,-1.7,-6033,-1.9,-6695,-2.1,79556343,1.6,-20288370,-0.8,112886,0.2,44,3.6
"US000","5","31211","17","0","2025","1","",2765,110061,110264,110468,2247224179,1144863002,20410937,1568,"",1.00,1.00,1.00,1.00,1.00,1.00,1.00,1.00,"",91,3.4,159,0.1,215,0.2,-56,-0.1,135278341,6.4,24090496,2.1,-354842,-1.7,93,6.3
"US000","5","312111","18","0","2025","1","",1417,82117,82386,82378,1688361699,869387132,14498912,1578,"",1.00,1.00,1.00,1.00,1.00,1.00,1.00,1.00,"",92,6.9,357,0.4,501,0.6,161,0.2,82129371,5.1,20474972,2.4,-190498,-1.3,70,4.6
"US000","5","312112","18","0","2025","1","",795,21626,21624,21605,473157901,222073057,4771424,1684,"",1.00,1.00,1.00,1.00,1.00,1.00,1.00,1.00,"",-2,-0.3,28,0.1,-102,-0.5,-160,-0.7,45885938,10.7,3539537,1.6,-93580,-1.9,169,11.2
"US000","5","312113","18","0","2025","1","",553,6318,6254,6485,85704579,53402813,1140601,1038,"",1.00,1.00,1.00,1.00,1.00,1.00,1.00,1.00,"",1,0.2,-226,-3.5,-184,-2.9,-57,-0.9,7263032,9.3,75987,0.1,-70764,-5.8,111,12.0
"US000","5","31212","17","0","2025","1","",5915,101760,100563,102235,1382302426,817213765,13666068,1047,"",1.00,1.00,1.00,1.00,1.00,1.00,1.00,1.00,"",-114,-1.9,-2680,-2.6,-3685,-3.5,-3822,-3.6,-20551551,-1.5,-25025226,-3.0,-43660,-0.3,18,1.7
"US000","5","312120","18","0","2025","1","",5915,101760,100563,102235,1382302426,817213765,13666068,1047,"",1.00,1.00,1.00,1.00,1.00,1.00,1.00,1.00,"",-114,-1.9,-2680,-2.6,-3685,-3.5,-3822,-3.6,-20551551,-1.5,-25025226,-3.0,-43660,-0.3,18,1.7
"US000","5","31213","17","0","2025","1","",5746,67866,69432,70433,1015112195,474377617,14118539,1128,"",1.00,1.00,1.00,1.00,1.00,1.00,1.00,1.00,"",3,0.1,-1943,-2.8,-1860,-2.6,-2077,-2.9,-21749383,-2.1,-11663420,-2.4,333683,2.4,8,0.7
"US000","5","312130","18","0","2025","1","",5746,67866,69432,70433,1015112195,474377617,14118539,1128,"",1.00,1.00,1.00,1.00,1.00,1.00,1.00,1.00,"",3,0.1,-1943,-2.8,-1860,-2.6,-2077,-2.9,-21749383,-2.1,-11663420,-2.4,333683,2.4,8,0.7
"US000","5","31214","17","0","2025","1","",1883,25494,25525,25674,440255317,237673085,4343212,1325,"",1.00,1.00,1.00,1.00,1.00,1.00,1.00,1.00,"",52,2.8,-770,-2.9,-703,-2.7,-740,-2.8,-13421064,-3.0,-7690220,-3.1,177705,4.3,-2,-0.2
"US000","5","312140","18","0","2025","1","",1883,25494,25525,25674,440255317,237673085,4343212,1325,"",1.00,1.00,1.00,1.00,1.00,1.00,1.00,1.00,"",52,2.8,-770,-2.9,-703,-2.7,-740,-2.8,-13421064,-3.0,-7690220,-3.1,177705,4.3,-2,-0.2
"US000","5","3122","16","0","2025","1","",421,11363,11326,11162,328299505,120431925,1916883,2238,"",1.00,1.00,1.00,1.00,1.00,1.00,1.00,1.00,"",-8,-1.9,568,5.3,696,6.5,906,8.8,43500432,15.3,-5584447,-4.4,230658,13.7,163,7.9
"US000","5","31223","17","0","2025","1","",421,11363,11326,11162,328299505,120431925,1916883,2238,"",1.00,1.00,1.00,1.00,1.00,1.00,1.00,1.00,"",-8,-1.9,568,5.3,696,6.5,906,8.8,43500432,15.3,-5584447,-4.4,230658,13.7,163,7.9
"US000","5","312230","18","0","2025","1","",421,11363,11326,11162,328299505,120431925,1916883,2238,"",1.00,1.00,1.00,1.00,1.00,1.00,1.00,1.00,"",-8,-1.9,568,5.3,696,6.5,906,8.8,43500432,15.3,-5584447,-4.4,230658,13.7,163,7.9
"US000","5","313","15","0","2025","1","",2641,82600,82307,82341,1295520751,818519336,11104378,1209,"",1.00,1.00,1.00,1.00,1.00,1.00,1.00,1.00,"",-48,-1.8,-3256,-3.8,-3596,-4.2,-3861,-4.5,5214568,0.4,-35403638,-4.1,-125283,-1.1,55,4.8
"US000","5","3131","16","0","2025","1","",382,20061,19999,20011,259609330,167547009,1592382,997,"",1.00,1.00,1.00,1.00,1.00,1.00,1.00,1.00,"",2,0.5,-458,-2.2,-462,-2.3,-614,-3.0,10509643,4.2,-7888511,-4.5,-286056,-15.2,64,6.9
"US000","5","31311","17","0","2025","1","",382,20061,19999,20011,259609330,167547009,1592382,997,"",1.00,1.00,1.00,1.00,1.00,1.00,1.00,1.00,"",2,0.5,-458,-2.2,-462,-2.3,-614,-3.0,10509643,4.2,-7888511,-4.5,-286056,-15.2,64,6.9
"US000","5","313110","18","0","2025","1","",382,20061,19999,20011,259609330,167547009,1592382,997,"",1.00,1.00,1.00,1.00,1.00,1.00,1.00,1.00,"",2,0.5,-458,-2.2,-462,-2.3,-614,-3.0,10509643,4.2,-7888511,-4.5,-286056,-15.2,64,6.9
"US000","5","3132","16","0","2025","1","",1040,41444,41305,41284,685026988,440342547,5771246,1275,"",1.00,1.00,1.00,1.00,1.00,1.00,1.00,1.00,"",-20,-1.9,-1355,-3.2,-1546,-3.6,-1645,-3.8,-318133,0.0,-14299707,-3.1,110265,1.9,45,3.7
"US000","5","31321","17","0","2025","1","",359,17720,17694,17693,269543981,176767838,2449211,1171,"",1.00,1.00,1.00,1.00,1.00,1.00,1.00,1.00,"",-3,-0.8,-1071,-5.7,-1147,-6.1,-1163,-6.2,-5768456,-2.1,-8919678,-4.8,5042,0.2,46,4.1
"US000","5","313210","18","0","2025","1","",359,17720,17694,17693,269543981,176767838,2449211,1171,"",1.00,1.00,1.00,1.00,1.00,1.00,1.00,1.00,"",-3,-0.8,-1071,-5.7,-1147,-6.1,-1163,-6.2,-5768456,-2.1,-8919678,-4.8,5042,0.2,46,4.1
"US000","5","31322","17","0","2025","1","",234,4873,4838,4841,67412976,48287514,617239,1069,"",1.00,1.00,1.00,1.00,1.00,1.00,1.00,1.00,"",-7,-2.9,-136,-2.7,-134,-2.7,-153,-3.1,-4301817,-6.0,-918229,-1.9,-57081,-8.5,-36,-3.3
"US000","5","313220","18","0","2025","1","",234,4873,4838,4841,67412976,48287514,617239,1069,"",1.00,1.00,1.00,1.00,1.00,1.00,1.00,1.00,"",-7,-2.9,-136,-2.7,-134,-2.7,-153,-3.1,-4301817,-6.0,-918229,-1.9,-57081,-8.5,-36,-3.3
"US000","5","31323","17","0","2025","1","",314,14731,14645,14640,291727305,172715529,1902319,1529,"",1.00,1.00,1.00,1.00,1.00,1.00,1.00,1.00,"",-1,-0.3,198,1.4,47,0.3,-79,-0.5,10402643,3.7,-347071,-0.2,114542,6.4,48,3.2
"US000","5","313230","18","0","2025","1","",314,14731,14645,14640,291727305,172715529,1902319,1529,"",1.00,1.00,1.00,1.00,1.00,1.00,1.00,1.00,"",-1,-0.3,198,1.4,47,0.3,-79,-0.5,10402643,3.7,-347071,-0.2,114542,6.4,48,3.2
"US000","5","31324","17","0","2025","1","",133,4120,4128,4110,56342726,42571666,802477,1052,"",1.00,1.00,1.00,1.00,1.00,1.00,1.00,1.00,"",-9,-6.3,-346,-7.7,-312,-7.0,-250,-5.7,-650503,-1.1,-4114729,-8.8,47762,6.3,61,6.2
"US000","5","313240","18","0","2025","1","",133,4120,4128,4110,56342726,42571666,802477,1052,"",1.00,1.00,1.00,1.00,1.00,1.00,1.00,1.00,"",-9,-6.3,-346,-7.7,-312,-7.0,-250,-5.7,-650503,-1.1,-4114729,-8.8,47762,6.3,61,6.2
"US000","5","3133","16","0","2025","1","",1219,21095,21003,21046,350884433,210629780,3740750,1282,"",1.00,1.00,1.00,1.00,1.00,1.00,1.00,1.00,"",-30,-2.4,-1443,-6.4,-1588,-7.0,-1602,-7.1,-4976942,-1.4,-13215420,-5.9,50508,1.4,70,5.8
"US000","5","31331","17","0","2025","1","",1014,15306,15264,15293,230901981,144451644,2288399,1162,"",1.00,1.00,1.00,1.00,1.00,1.00,1.00,1.00,"",-38,-3.6,-1155,-7.0,-1196,-7.3,-1189,-7.2,-6756161,-2.8,-11376827,-7.3,-133278,-5.5,52,4.7
"US000","5","313310","18","0","2025","1","",1014,15306,15264,15293,230901981,144451644,2288399,1162,"",1.00,1.00,1.00,1.00,1.00,1.00,1.00,1.00,"",-38,-3.6,-1155,-7.0,-1196,-7.3,-1189,-7.2,-6756161,-2.8,-11376827,-7.3,-133278,-5.5,52,4.7
"US000","5","31332","17","0","2025","1","",205,5789,5739,5753,119982452,66178136,1452351,1602,"",1.00,1.00,1.00,1.00,1.00,1.00,1.00,1.00,"",8,4.1,-288,-4.7,-392,-6.4,-413,-6.7,1779219,1.5,-1838593,-2.7,183786,14.5,117,7.9
"US000","5","313320","18","0","2025","1","",205,5789,5739,5753,119982452,66178136,1452351,1602,"",1.00,1.00,1.00,1.00,1.00,1.00,1.00,1.00,"",8,4.1,-288,-4.7,-392,-6.4,-413,-6.7,1779219,1.5,-1838593,-2.7,183786,14.5,117,7.9
"US000","5","314","15","0","2025","1","",6155,94016,94132,94220,1341111490,842218623,11040363,1096,"",1.00,1.00,1.00,1.00,1.00,1.00,1.00,1.00,"",-126,-2.0,-3972,-4.1,-3866,-3.9,-3819,-3.9,8864659,0.7,-22321150,-2.6,-729318,-6.2,50,4.8
"US000","5","3141","16","0","2025","1","",1496,38017,38043,37912,612124780,336145989,3885957,1239,"",1.00,1.00,1.00,1.00,1.00,1.00,1.00,1.00,"",-47,-3.0,-2020,-5.0,-1998,-5.0,-2137,-5.3,11790107,2.0,-13817984,-3.9,-760185,-16.4,86,7.5
"US000","5","31411","17","0","2025","1","",441,25145,25290,25267,454200161,222783223,2078019,1385,"",1.00,1.00,1.00,1.00,1.00,1.00,1.00,1.00,"",16,3.8,-1295,-4.9,-1204,-4.5,-1154,-4.4,13820599,3.1,-8843460,-3.8,-494969,-19.2,104,8.1
"US000","5","314110","18","0","2025","1","",441,25145,25290,25267,454200161,222783223,2078019,1385,"",1.00,1.00,1.00,1.00,1.00,1.00,1.00,1.00,"",16,3.8,-1295,-4.9,-1204,-4.5,-1154,-4.4,13820599,3.1,-8843460,-3.8,-494969,-19.2,104,8.1
"US000","5","31412","17","0","2025","1","",1055,12872,12753,12645,157924619,113362766,1807938,952,"",1.00,1.00,1.00,1.00,1.00,1.00,1.00,1.00,"",-63,-5.6,-725,-5.3,-794,-5.9,-983,-7.2,-2030492,-1.3,-4974524,-4.2,-265216,-12.8,47,5.2
"US000","5","314120","18","0","2025","1","",1055,12872,12753,12645,157924619,113362766,1807938,952,"",1.00,1.00,1.00,1.00,1.00,1.00,1.00,1.00,"",-63,-5.6,-725,-5.3,-794,-5.9,-983,-7.2,-2030492,-1.3,-4974524,-4.2,-265216,-12.8,47,5.2
"US000","5","3149","16","0","2025","1","",4659,55999,56089,56308,728986710,506072634,7154406,999,"",1.00,1.00,1.00,1.00,1.00,1.00,1.00,1.00,"",-79,-1.7,-1952,-3.4,-1868,-3.2,-1682,-2.9,-2925448,-0.4,-8503166,-1.7,30867,0.4,28,2.9
"US000","5","31491","17","0","2025","1","",1572,22180,22246,22484,294370437,208085231,3529837,1015,"",1.00,1.00,1.00,1.00,1.00,1.00,1.00,1.00,"",-76,-4.6,-1034,-4.5,-979,-4.2,-913,-3.9,-5252231,-1.8,-4994741,-2.3,179033,5.3,25,2.5
"US000","5","314910","18","0","2025","1","",1572,22180,22246,22484,294370437,208085231,3529837,1015,"",1.00,1.00,1.00,1.00,1.00,1.00,1.00,1.00,"",-76,-4.6,-1034,-4.5,-979,-4.2,-913,-3.9,-5252231,-1.8,-4994741,-2.3,179033,5.3,25,2.5
"US000","5","31499","17","0","2025","1","",3087,33819,33843,33824,434616273,297987403,3624569,988,"",1.00,1.00,1.00,1.00,1.00,1.00,1.00,1.00,"",-3,-0.1,-918,-2.6,-889,-2.6,-769,-2.2,2326783,0.5,-3508425,-1.2,-148166,-3.9,29,3.0
"US000","5","314994","18","0","2025","1","",161,5002,5057,5030,80675119,52440828,500267,1234,"",1.00,1.00,1.00,1.00,1.00,1.00,1.00,1.00,"",-1,-0.6,-154,-3.0,-117,-2.3,-117,-2.3,-396077,-0.5,-540224,-1.0,-12319,-2.4,25,2.1
"US000","5","314999","18","0","2025","1","",2926,28817,28786,28794,353941154,245546575,3124302,945,"",1.00,1.00,1.00,1.00,1.00,1.00,1.00,1.00,"",-2,-0.1,-764,-2.6,-772,-2.6,-652,-2.2,2722860,0.8,-2968201,-1.2,-135847,-4.2,30,3.3
"US000","5","315","15","0","2025","1","",6169,79383,79527,79235,1137800953,647420082,15344259,1103,"",1.00,1.00,1.00,1.00,1.00,1.00,1.00,1.00,"",-130,-2.1,-3629,-4.4,-3291,-4.0,-3654,-4.4,-18764298,-1.6,-29108940,-4.3,191619,1.3,30,2.8
"US000","5","3151","16","0","2025","1","",246,5986,5990,5943,80300119,47710777,737251,1034,"",1.00,1.00,1.00,1.00,1.00,1.00,1.00,1.00,"",-19,-7.2,-186,-3.0,-149,-2.4,-159,-2.6,12993553,19.3,-2509021,-5.0,30053,4.2,190,22.5
"US000","5","31512","17","0","2025","1","",246,5986,5990,5943,80300119,47710777,737251,1034,"",1.00,1.00,1.00,1.00,1.00,1.00,1.00,1.00,"",-19,-7.2,-186,-3.0,-149,-2.4,-159,-2.6,12993553,19.3,-2509021,-5.0,30053,4.2,190,22.5
"US000","5","315120","18","0","2025","1","",246,5986,5990,5943,80300119,47710777,737251,1034,"",1.00,1.00,1.00,1.00,1.00,1.00,1.00,1.00,"",-19,-7.2,-186,-3.0,-149,-2.4,-159,-2.6,12993553,19.3,-2509021,-5.0,30053,4.2,190,22.5
"US000","5","3152","16","0","2025","1","",4494,61432,61451,61199,895651649,496428675,12645156,1123,"",1.00,1.00,1.00,1.00,1.00,1.00,1.00,1.00,"",-180,-3.9,-3114,-4.8,-2951,-4.6,-3390,-5.2,-36414434,-3.9,-26840191,-5.1,44135,0.4,12,1.1
"US000","5","31521","17","0","2025","1","",2023,18908,18873,18713,210467020,137581030,3339182,860,"",1.00,1.00,1.00,1.00,1.00,1.00,1.00,1.00,"",-130,-6.0,-1825,-8.8,-1788,-8.7,-1885,-9.2,-22371243,-9.6,-12920417,-8.6,-238962,-6.7,-7,-0.8
"US000","5","315210","18","0","2025","1","",2023,18908,18873,18713,210467020,137581030,3339182,860,"",1.00,1.00,1.00,1.00,1.00,1.00,1.00,1.00,"",-130,-6.0,-1825,-8.8,-1788,-8.7,-1885,-9.2,-22371243,-9.6,-12920417,-8.6,-238962,-6.7,-7,-0.8
"US000","5","31525","17","0","2025","1","",2471,42524,42578,42486,685184629,358847645,9305974,1239,"",1.00,1.00,1.00,1.00,1.00,1.00,1.00,1.00,"",-50,-2.0,-1289,-2.9,-1163,-2.7,-1505,-3.4,-14043191,-2.0,-13919774,-3.7,283097,3.1,12,1.0
"US000","5","315250","18","0","2025","1","",2471,42524,42578,42486,685184629,358847645,9305974,1239,"",1.00,1.00,1.00,1.00,1.00,1.00,1.00,1.00,"",-50,-2.0,-1289,-2.9,-1163,-2.7,-1505,-3.4,-14043191,-2.0,-13919774,-3.7,283097,3.1,12,1.0
"US000","5","3159","16","0","2025","1","",1429,11965,12086,12093,161849185,103280630,1961852,1033,"",1.00,1.00,1.00,1.00,1.00,1.00,1.00,1.00,"",69,5.1,-329,-2.7,-191,-1.6,-105,-0.9,4656583,3.0,240272,0.2,117431,6.4,46,4.7
"US000","5","31599","17","0","2025","1","",1429,11965,12086,12093,161849185,103280630,1961852,1033,"",1.00,1.00,1.00,1.00,1.00,1.00,1.00,1.00,"",69,5.1,-329,-2.7,-191,-1.6,-105,-0.9,4656583,3.0,240272,0.2,117431,6.4,46,4.7
"US000","5","315990","18","0","2025","1","",1429,11965,12086,12093,161849185,103280630,1961852,1033,"",1.00,1.00,1.00,1.00,1.00,1.00,1.00,1.00,"",69,5.1,-329,-2.7,-191,-1.6,-105,-0.9,4656583,3.0,240272,0.2,117431,6.4,46,4.7
"US000","5","316","15","0","2025","1","",1529,24088,23986,23977,375673732,216712055,3216889,1203,"",1.00,1.00,1.00,1.00,1.00,1.00,1.00,1.00,"",-4,-0.3,-1468,-5.7,-1637,-6.4,-1503,-5.9,-14366675,-3.7,-18897756,-8.0,-413043,-11.4,29,2.5
"US000","5","3161","16","0","2025","1","",195,3090,3106,3096,46146833,33508591,390149,1146,"",1.00,1.00,1.00,1.00,1.00,1.00,1.00,1.00,"",-3,-1.5,-108,-3.4,-98,-3.1,-96,-3.0,-1474014,-3.1,830440,2.5,-9809,-2.5,1,0.1
"US000","5","31611","17","0","2025","1","",195,3090,3106,3096,46146833,33508591,390149,1146,"",1.00,1.00,1.00,1.00,1.00,1.00,1.00,1.00,"",-3,-1.5,-108,-3.4,-98,-3.1,-96,-3.0,-1474014,-3.1,830440,2.5,-9809,-2.5,1,0.1
"US000","5","316110","18","0","2025","1","",195,3090,3106,3096,46146833,33508591,390149,1146,"",1.00,1.00,1.00,1.00,1.00,1.00,1.00,1.00,"",-3,-1.5,-108,-3.4,-98,-3.1,-96,-3.0,-1474014,-3.1,830440,2.5,-9809,-2.5,1,0.1
"US000","5","3162","16","0","2025","1","",384,10559,10542,10534,182661322,94926018,1585450,1332,"",1.00,1.00,1.00,1.00,1.00,1.00,1.00,1.00,"",-4,-1.0,-1130,-9.7,-1134,-9.7,-1003,-8.7,-8612206,-4.5,-16384647,-14.7,-188756,-10.6,67,5.3
"US000","5","31621","17","0","2025","1","",384,10559,10542,10534,182661322,94926018,1585450,1332,"",1.00,1.00,1.00,1.00,1.00,1.00,1.00,1.00,"",-4,-1.0,-1130,-9.7,-1134,-9.7,-1003,-8.7,-8612206,-4.5,-16384647,-14.7,-188756,-10.6,67,5.3
"US000","5","316210","18","0","2025","1","",384,10559,10542,10534,182661322,94926018,1585450,1332,"",1.00,1.00,1.00,1.00,1.00,1.00,1.00,1.00,"",-4,-1.0,-1130,-9.7,-1134,-9.7,-1003,-8.7,-8612206,-4.5,-16384647,-14.7,-188756,-10.6,67,5.3
"US000","5","3169","16","0","2025","1","",950,10439,10338,10347,146865577,88277446,1241290,1089,"",1.00,1.00,1.00,1.00,1.00,1.00,1.00,1.00,"",3,0.3,-230,-2.2,-405,-3.8,-404,-3.8,-4280455,-2.8,-3343549,-3.6,-214478,-14.7,5,0.5
"US000","5","31699","17","0","2025","1","",950,10439,10338,10347,146865577,88277446,1241290,1089,"",1.00,1.00,1.00,1.00,1.00,1.00,1.00,1.00,"",3,0.3,-230,-2.2,-405,-3.8,-404,-3.8,-4280455,-2.8,-3343549,-3.6,-214478,-14.7,5,0.5
"US000","5","316990","18","0","2025","1","",950,10439,10338,10347,146865577,88277446,1241290,1089,"",1.00,1.00,1.00,1.00,1.00,1.00,1.00,1.00,"",3,0.3,-230,-2.2,-405,-3.8,-404,-3.8,-4280455,-2.8,-3343549,-3.6,-214478,-14.7,5,0.5
"US000","5","321","15","0","2025","1","",16062,403679,404357,404320,6457326425,4245361201,60736751,1229,"",1.00,1.00,1.00,1.00,1.00,1.00,1.00,1.00,"",-5,0.0,-10088,-2.4,-9557,-2.3,-10659,-2.6,-111434388,-1.7,-10173350,-0.2,344197,0.6,9,0.7
"US000","5","3211","16","0","2025","1","",3326,84880,85031,85062,1374912028,908537326,11369746,1244,"",1.00,1.00,1.00,1.00,1.00,1.00,1.00,1.00,"",-109,-3.2,-5413,-6.0,-5342,-5.9,-5530,-6.1,-54436313,-3.8,-48429858,-5.1,-387916,-3.3,28,2.3
"US000","5","32111","17","0","2025","1","",3326,84880,85031,85062,1374912028,908537326,11369746,1244,"",1.00,1.00,1.00,1.00,1.00,1.00,1.00,1.00,"",-109,-3.2,-5413,-6.0,-5342,-5.9,-5530,-6.1,-54436313,-3.8,-48429858,-5.1,-387916,-3.3,28,2.3
"US000","5","321113","18","0","2025","1","",2867,74403,74524,74519,1200372173,798278433,10024066,1240,"",1.00,1.00,1.00,1.00,1.00,1.00,1.00,1.00,"",-122,-4.1,-5139,-6.5,-5005,-6.3,-4939,-6.2,-53939252,-4.3,-50505894,-6.0,-381002,-3.7,26,2.1
"US000","5","321114","18","0","2025","1","",459,10477,10507,10543,174539855,110258893,1345680,1278,"",1.00,1.00,1.00,1.00,1.00,1.00,1.00,1.00,"",13,2.9,-274,-2.5,-337,-3.1,-591,-5.3,-497061,-0.3,2076036,1.9,-6914,-0.5,44,3.6
"US000","5","3212","16","0","2025","1","",1862,80084,80096,80054,1394578479,865167134,11719121,1340,"",1.00,1.00,1.00,1.00,1.00,1.00,1.00,1.00,"",30,1.6,-1708,-2.1,-1633,-2.0,-1693,-2.1,-34192926,-2.4,-10848092,-1.2,-457590,-3.8,-4,-0.3
"US000","5","32121","17","0","2025","1","",1862,80084,80096,80054,1394578479,865167134,11719121,1340,"",1.00,1.00,1.00,1.00,1.00,1.00,1.00,1.00,"",30,1.6,-1708,-2.1,-1633,-2.0,-1693,-2.1,-34192926,-2.4,-10848092,-1.2,-457590,-3.8,-4,-0.3
"US000","5","321211","18","0","2025","1","",351,12915,12974,12952,223839673,134896796,1880928,1330,"",1.00,1.00,1.00,1.00,1.00,1.00,1.00,1.00,"",2,0.6,-71,-0.5,-35,-0.3,-37,-0.3,2549085,1.2,-3424326,-2.5,38663,2.1,20,1.5
"US000","5","321212","18","0","2025","1","",122,14694,14706,14659,248796673,173233179,2314595,1303,"",1.00,1.00,1.00,1.00,1.00,1.00,1.00,1.00,"",15,14.0,-24,-0.2,-97,-0.7,-251,-1.7,-7669787,-3.0,-3559982,-2.0,-162907,-6.6,-29,-2.2
"US000","5","321215","18","0","2025","1","",1171,38494,38362,38378,609582430,385813362,5411501,1221,"",1.00,1.00,1.00,1.00,1.00,1.00,1.00,1.00,"",13,1.1,-1371,-3.4,-1222,-3.1,-1156,-2.9,-35052652,-5.4,-5260209,-1.3,-230257,-4.1,-29,-2.3
"US000","5","321219","18","0","2025","1","",218,13981,14054,14065,312359703,171223797,2112097,1712,"",1.00,1.00,1.00,1.00,1.00,1.00,1.00,1.00,"",0,0.0,-242,-1.7,-279,-1.9,-249,-1.7,5980428,2.0,1396425,0.8,-103089,-4.7,63,3.8
"US000","5","3219","16","0","2025","1","",10874,238715,239230,239204,3687835918,2471656741,37647884,1187,"",1.00,1.00,1.00,1.00,1.00,1.00,1.00,1.00,"",74,0.7,-2967,-1.2,-2582,-1.1,-3436,-1.4,-22805149,-0.6,49104600,2.0,1189703,3.3,8,0.7
"US000","5","32191","17","0","2025","1","",3480,100519,100380,100215,1693722720,1175852068,14655564,1298,"",1.00,1.00,1.00,1.00,1.00,1.00,1.00,1.00,"",28,0.8,-2601,-2.5,-2364,-2.3,-2599,-2.5,-37035700,-2.1,44314778,3.9,258674,1.8,4,0.3
"US000","5","321911","18","0","2025","1","",1237,56020,55862,55748,1029203134,728624676,7996997,1417,"",1.00,1.00,1.00,1.00,1.00,1.00,1.00,1.00,"",44,3.7,-1151,-2.0,-901,-1.6,-1081,-1.9,-29530917,-2.8,50109442,7.4,375798,4.9,-14,-1.0
"US000","5","321912","18","0","2025","1","",567,12747,12816,12789,172469481,130871256,1709392,1038,"",1.00,1.00,1.00,1.00,1.00,1.00,1.00,1.00,"",9,1.6,-269,-2.1,-245,-1.9,-302,-2.3,658888,0.4,719572,0.6,-42048,-2.4,26,2.6
"US000","5","321918","18","0","2025","1","",1676,31752,31702,31678,492050105,316356136,4949175,1194,"",1.00,1.00,1.00,1.00,1.00,1.00,1.00,1.00,"",-25,-1.5,-1181,-3.6,-1218,-3.7,-1216,-3.7,-8163671,-1.6,-6514236,-2.0,-75076,-1.5,25,2.1
"US000","5","32192","17","0","2025","1","",3162,62933,63099,63032,821504980,583446322,7977493,1003,"",1.00,1.00,1.00,1.00,1.00,1.00,1.00,1.00,"",-10,-0.3,-1556,-2.4,-1545,-2.4,-1616,-2.5,-11680477,-1.4,-7841891,-1.3,-150731,-1.9,11,1.1
"US000","5","321920","18","0","2025","1","",3162,62933,63099,63032,821504980,583446322,7977493,1003,"",1.00,1.00,1.00,1.00,1.00,1.00,1.00,1.00,"",-10,-0.3,-1556,-2.4,-1545,-2.4,-1616,-2.5,-11680477,-1.4,-7841891,-1.3,-150731,-1.9,11,1.1
"US000","5","32199","17","0","2025","1","",4232,75263,75751,75957,1172608218,712358351,15014827,1192,"",1.00,1.00,1.00,1.00,1.00,1.00,1.00,1.00,"",56,1.3,1190,1.6,1327,1.8,779,1.0,25911028,2.3,12631713,1.8,1081760,7.8,9,0.8
"US000","5","321991","18","0","2025","1","",421,31386,31597,31484,504072663,284258845,6801666,1231,"",1.00,1.00,1.00,1.00,1.00,1.00,1.00,1.00,"",9,2.2,1934,6.6,1777,6.0,1294,4.3,47543469,10.4,20396163,7.7,929303,15.8,53,4.5
"US000","5","321992","18","0","2025","1","",1028,17147,17277,17450,263053243,176872476,4219394,1170,"",1.00,1.00,1.00,1.00,1.00,1.00,1.00,1.00,"",60,6.2,95,0.6,186,1.1,124,0.7,-874944,-0.3,2780147,1.6,283391,7.2,-13,-1.1
"US000","5","321999","18","0","2025","1","",2783,26730,26877,27023,405482312,251227030,3993767,1161,"",1.00,1.00,1.00,1.00,1.00,1.00,1.00,1.00,"",-13,-0.5,-839,-3.0,-636,-2.3,-639,-2.3,-20757497,-4.9,-10544597,-4.0,-130934,-3.2,-28,-2.4
"US000","5","322","15","0","2025","1","",5720,354925,355053,354208,8000427847,4005245644,59151641,1735,"",1.00,1.00,1.00,1.00,1.00,1.00,1.00,1.00,"",86,1.5,619,0.2,323,0.1,-992,-0.3,446217435,5.9,-28672879,-0.7,2090565,3.7,97,5.9
"US000","5","3221","16","0","2025","1","",903,83514,83008,82831,2401761823,1073667232,12044866,2223,"",1.00,1.00,1.00,1.00,1.00,1.00,1.00,1.00,"",25,2.8,-2063,-2.4,-2255,-2.6,-2438,-2.9,177157447,8.0,-33048735,-3.0,215241,1.8,219,10.9
"US000","5","32211","17","0","2025","1","",88,4378,4371,4340,135206336,57442890,407318,2384,"",1.00,1.00,1.00,1.00,1.00,1.00,1.00,1.00,"",5,6.0,-90,-2.0,-92,-2.1,-139,-3.1,20551692,17.9,1709251,3.1,-54247,-11.8,411,20.8
"US000","5","322110","18","0","2025","1","",88,4378,4371,4340,135206336,57442890,407318,2384,"",1.00,1.00,1.00,1.00,1.00,1.00,1.00,1.00,"",5,6.0,-90,-2.0,-92,-2.1,-139,-3.1,20551692,17.9,1709251,3.1,-54247,-11.8,411,20.8
"US000","5","32212","17","0","2025","1","",536,48934,48930,48899,1362174450,649929619,7800375,2142,"",1.00,1.00,1.00,1.00,1.00,1.00,1.00,1.00,"",22,4.3,-275,-0.6,-209,-0.4,-199,-0.4,117934677,9.5,-26942611,-4.0,221792,2.9,195,10.0
"US000","5","322120","18","0","2025","1","",536,48934,48930,48899,1362174450,649929619,7800375,2142,"",1.00,1.00,1.00,1.00,1.00,1.00,1.00,1.00,"",22,4.3,-275,-0.6,-209,-0.4,-199,-0.4,117934677,9.5,-26942611,-4.0,221792,2.9,195,10.0
"US000","5","32213","17","0","2025","1","",279,30202,29707,29592,904381037,366294723,3837173,2332,"",1.00,1.00,1.00,1.00,1.00,1.00,1.00,1.00,"",-2,-0.7,-1698,-5.3,-1954,-6.2,-2100,-6.6,38671078,4.5,-7815375,-2.1,47696,1.3,235,11.2
"US000","5","322130","18","0","2025","1","",279,30202,29707,29592,904381037,366294723,3837173,2332,"",1.00,1.00,1.00,1.00,1.00,1.00,1.00,1.00,"",-2,-0.7,-1698,-5.3,-1954,-6.2,-2100,-6.6,38671078,4.5,-7815375,-2.1,47696,1.3,235,11.2
"US000","5","3222","16","0","2025","1","",4817,271411,272045,271377,5598666024,2931578412,47106775,1586,"",1.00,1.00,1.00,1.00,1.00,1.00,1.00,1.00,"",61,1.3,2682,1.0,2578,1.0,1446,0.5,269059988,5.0,4375856,0.1,1875324,4.1,64,4.2
"US000","5","32221","17","0","2025","1","",2486,159003,159474,158701,3334660936,1694227482,28403937,1613,"",1.00,1.00,1.00,1.00,1.00,1.00,1.00,1.00,"",56,2.3,2419,1.5,2470,1.6,1216,0.8,206104855,6.6,4151910,0.2,1410064,5.2,80,5.2
"US000","5","322211","18","0","2025","1","",1686,104730,105093,104892,2293333474,1155275427,19339670,1682,"",1.00,1.00,1.00,1.00,1.00,1.00,1.00,1.00,"",42,2.6,1525,1.5,1711,1.7,1431,1.4,157381124,7.4,16808986,1.5,1650324,9.3,92,5.8
"US000","5","322212","18","0","2025","1","",404,28365,28482,28354,546074104,281998887,4620951,1479,"",1.00,1.00,1.00,1.00,1.00,1.00,1.00,1.00,"",10,2.5,203,0.7,227,0.8,53,0.2,18323938,3.5,-16291295,-5.5,61193,1.3,41,2.9
"US000","5","322219","18","0","2025","1","",396,25908,25899,25455,495253358,256953168,4443316,1479,"",1.00,1.00,1.00,1.00,1.00,1.00,1.00,1.00,"",4,1.0,691,2.7,532,2.1,-268,-1.0,30399793,6.5,3634219,1.4,-301453,-6.4,73,5.2
"US000","5","32222","17","0","2025","1","",1081,53612,53979,54026,1110468865,624311025,9773925,1586,"",1.00,1.00,1.00,1.00,1.00,1.00,1.00,1.00,"",-12,-1.1,-142,-0.3,168,0.3,397,0.7,37537529,3.5,1972692,0.3,154212,1.6,50,3.3
"US000","5","322220","18","0","2025","1","",1081,53612,53979,54026,1110468865,624311025,9773925,1586,"",1.00,1.00,1.00,1.00,1.00,1.00,1.00,1.00,"",-12,-1.1,-142,-0.3,168,0.3,397,0.7,37537529,3.5,1972692,0.3,154212,1.6,50,3.3
"US000","5","32223","17","0","2025","1","",401,12652,12601,12552,217814940,124484449,2243468,1330,"",1.00,1.00,1.00,1.00,1.00,1.00,1.00,1.00,"",-1,-0.2,-516,-3.9,-582,-4.4,-500,-3.8,-3024972,-1.4,-13598932,-9.8,-160166,-6.7,37,2.9
"US000","5","322230","18","0","2025","1","",401,12652,12601,12552,217814940,124484449,2243468,1330,"",1.00,1.00,1.00,1.00,1.00,1.00,1.00,1.00,"",-1,-0.2,-516,-3.9,-582,-4.4,-500,-3.8,-3024972,-1.4,-13598932,-9.8,-160166,-6.7,37,2.9
"US000","5","32229","17","0","2025","1","",849,46144,45991,46098,935721283,488555456,6685445,1562,"",1.00,1.00,1.00,1.00,1.00,1.00,1.00,1.00,"",18,2.2,921,2.0,522,1.1,333,0.7,28442576,3.1,11850186,2.5,471214,7.6,28,1.8
"US000","5","322291","18","0","2025","1","",267,28247,28154,28149,622164755,301402919,3650762,1698,"",1.00,1.00,1.00,1.00,1.00,1.00,1.00,1.00,"",11,4.3,332,1.2,203,0.7,13,0.0,11922797,2.0,4707181,1.6,262829,7.8,22,1.3
"US000","5","322299","18","0","2025","1","",582,17897,17837,17949,313556528,187152537,3034683,1348,"",1.00,1.00,1.00,1.00,1.00,1.00,1.00,1.00,"",7,1.2,589,3.4,319,1.8,320,1.8,16519779,5.6,7143005,4.0,208385,7.4,41,3.1
"US000","5","323","15","0","2025","1","",27428,347696,346838,345767,5471560667,3475673489,55213043,1214,"",1.00,1.00,1.00,1.00,1.00,1.00,1.00,1.00,"",-389,-1.4,-12150,-3.4,-11533,-3.2,-12381,-3.5,20417088,0.4,-73098241,-2.1,-1669214,-2.9,45,3.8
"US000","5","3231","16","0","2025","1","",27428,347696,346838,345767,5471560667,3475673489,55213043,1214,"",1.00,1.00,1.00,1.00,1.00,1.00,1.00,1.00,"",-389,-1.4,-12150,-3.4,-11533,-3.2,-12381,-3.5,20417088,0.4,-73098241,-2.1,-1669214,-2.9,45,3.8
"US000","5","32311","17","0","2025","1","",26203,332451,331655,330710,5228917866,3317639319,52828651,1213,"",1.00,1.00,1.00,1.00,1.00,1.00,1.00,1.00,"",-376,-1.4,-11716,-3.4,-11079,-3.2,-11765,-3.4,12449172,0.2,-71120925,-2.1,-1669531,-3.1,44,3.8
"US000","5","323111","18","0","2025","1","",18017,246544,245839,245018,4191690801,2578423715,42249279,1312,"",1.00,1.00,1.00,1.00,1.00,1.00,1.00,1.00,"",-342,-1.9,-7945,-3.1,-7892,-3.1,-8268,-3.3,20294234,0.5,-49531620,-1.9,-1020509,-2.4,48,3.8
"US000","5","323113","18","0","2025","1","",7663,73829,73706,73648,839171772,624204037,8899320,876,"",1.00,1.00,1.00,1.00,1.00,1.00,1.00,1.00,"",-29,-0.4,-2441,-3.2,-2030,-2.7,-2262,-3.0,-2689772,-0.3,-6052369,-1.0,-332781,-3.6,24,2.8
"US000","5","323117","18","0","2025","1","",523,12078,12110,12044,198055293,115011567,1680052,1261,"",1.00,1.00,1.00,1.00,1.00,1.00,1.00,1.00,"",-5,-0.9,-1330,-9.9,-1157,-8.7,-1235,-9.3,-5155290,-2.5,-15536936,-11.9,-316241,-15.8,87,7.4
"US000","5","32312","17","0","2025","1","",1225,15245,15183,15057,242642801,158034170,2384392,1231,"",1.00,1.00,1.00,1.00,1.00,1.00,1.00,1.00,"",-13,-1.1,-434,-2.8,-454,-2.9,-616,-3.9,7967916,3.4,-1977316,-1.2,317,0.0,78,6.8
"US000","5","323120","18","0","2025","1","",1225,15245,15183,15057,242642801,158034170,2384392,1231,"",1.00,1.00,1.00,1.00,1.00,1.00,1.00,1.00,"",-13,-1.1,-434,-2.8,-454,-2.9,-616,-3.9,7967916,3.4,-1977316,-1.2,317,0.0,78,6.8
"US000","5","324","15","0","2025","1","",2672,107130,107705,109118,4520638777,1437177039,21722841,3220,"",1.00,1.00,1.00,1.00,1.00,1.00,1.00,1.00,"",117,4.6,769,0.7,453,0.4,503,0.5,-140971866,-3.0,29087783,2.1,-1313078,-5.7,-118,-3.5
"US000","5","3241","16","0","2025","1","",2672,107130,107705,109118,4520638777,1437177039,21722841,3220,"",1.00,1.00,1.00,1.00,1.00,1.00,1.00,1.00,"",117,4.6,769,0.7,453,0.4,503,0.5,-140971866,-3.0,29087783,2.1,-1313078,-5.7,-118,-3.5
"US000","5","32411","17","0","2025","1","",690,63366,63428,63490,3326571000,923974860,8320092,4034,"",1.00,1.00,1.00,1.00,1.00,1.00,1.00,1.00,"",38,5.8,716,1.1,483,0.8,512,0.8,-151662077,-4.4,20284393,2.2,-1160938,-12.2,-223,-5.2
"US000","5","324110","18","0","2025","1","",690,63366,63428,63490,3326571000,923974860,8320092,4034,"",1.00,1.00,1.00,1.00,1.00,1.00,1.00,1.00,"",38,5.8,716,1.1,483,0.8,512,0.8,-151662077,-4.4,20284393,2.2,-1160938,-12.2,-223,-5.2
"US000","5","32412","17","0","2025","1","",1390,27976,28482,29848,773365797,350928832,10718725,2068,"",1.00,1.00,1.00,1.00,1.00,1.00,1.00,1.00,"",51,3.8,-109,-0.4,-82,-0.3,-49,-0.2,1698436,0.2,6520674,1.9,-95603,-0.9,10,0.5
"US000","5","324121","18","0","2025","1","",1043,14387,14785,16030,351903070,168848585,7036186,1797,"",1.00,1.00,1.00,1.00,1.00,1.00,1.00,1.00,"",23,2.3,-429,-2.9,-460,-3.0,-426,-2.6,-2961721,-0.8,344593,0.2,-430929,-5.8,37,2.1
"US000","5","324122","18","0","2025","1","",347,13589,13697,13818,421462727,182080247,3682539,2366,"",1.00,1.00,1.00,1.00,1.00,1.00,1.00,1.00,"",28,8.8,320,2.4,378,2.8,377,2.8,4660157,1.1,6176081,3.5,335326,10.0,-37,-1.5
"US000","5","32419","17","0","2025","1","",592,15788,15795,15780,420701980,162273347,2684024,2050,"",1.00,1.00,1.00,1.00,1.00,1.00,1.00,1.00,"",28,5.0,162,1.0,52,0.3,40,0.3,8991775,2.2,2282716,1.4,-56537,-2.1,33,1.6
"US000","5","324191","18","0","2025","1","",433,11110,11117,11111,294882395,121622582,1982808,2041,"",1.00,1.00,1.00,1.00,1.00,1.00,1.00,1.00,"",12,2.9,134,1.2,32,0.3,53,0.5,6310482,2.2,1008570,0.8,-73161,-3.6,30,1.5
"US000","5","324199","18","0","2025","1","",159,4678,4678,4669,125819585,40650765,701216,2070,"",1.00,1.00,1.00,1.00,1.00,1.00,1.00,1.00,"",16,11.2,28,0.6,20,0.4,-13,-0.3,2681293,2.2,1274146,3.2,16624,2.4,39,1.9
"US000","5","325","15","0","2025","1","",25586,894017,896510,898708,34468691033,10967561961,168535994,2958,"",1.00,1.00,1.00,1.00,1.00,1.00,1.00,1.00,"",622,2.5,3583,0.4,4601,0.5,4144,0.5,2150005087,6.7,38291414,0.4,7380936,4.6,172,6.2
"US000","5","3251","16","0","2025","1","",4078,154910,154897,155202,5704875470,1810931858,23485423,2831,"",1.00,1.00,1.00,1.00,1.00,1.00,1.00,1.00,"",111,2.8,775,0.5,671,0.4,770,0.5,8247074,0.1,29157131,1.6,797489,3.5,-10,-0.4
"US000","5","32511","17","0","2025","1","",223,26701,26765,26910,1223774750,239583264,2788594,3514,"",1.00,1.00,1.00,1.00,1.00,1.00,1.00,1.00,"",-5,-2.2,1004,3.9,1064,4.1,1172,4.6,9262195,0.8,6821158,2.9,-4177,-0.1,-119,-3.3
"US000","5","325110","18","0","2025","1","",223,26701,26765,26910,1223774750,239583264,2788594,3514,"",1.00,1.00,1.00,1.00,1.00,1.00,1.00,1.00,"",-5,-2.2,1004,3.9,1064,4.1,1172,4.6,9262195,0.8,6821158,2.9,-4177,-0.1,-119,-3.3
"US000","5","32512","17","0","2025","1","",951,21963,22050,22068,1026034685,255358339,3785245,3583,"",1.00,1.00,1.00,1.00,1.00,1.00,1.00,1.00,"",43,4.7,400,1.9,385,1.8,375,1.7,-50166700,-4.7,4035533,1.6,139785,3.8,-242,-6.3
"US000","5","325120","18","0","2025","1","",951,21963,22050,22068,1026034685,255358339,3785245,3583,"",1.00,1.00,1.00,1.00,1.00,1.00,1.00,1.00,"",43,4.7,400,1.9,385,1.8,375,1.7,-50166700,-4.7,4035533,1.6,139785,3.8,-242,-6.3
"US000","5","32513","17","0","2025","1","",288,9653,9640,9661,253256233,107870075,1693269,2019,"",1.00,1.00,1.00,1.00,1.00,1.00,1.00,1.00,"",5,1.8,51,0.5,28,0.3,-31,-0.3,4733974,1.9,260131,0.2,27742,1.7,35,1.8
"US000","5","325130","18","0","2025","1","",288,9653,9640,9661,253256233,107870075,1693269,2019,"",1.00,1.00,1.00,1.00,1.00,1.00,1.00,1.00,"",5,1.8,51,0.5,28,0.3,-31,-0.3,4733974,1.9,260131,0.2,27742,1.7,35,1.8
"US000","5","32518","17","0","2025","1","",1024,41109,40970,41079,1458414457,504216388,6515558,2733,"",1.00,1.00,1.00,1.00,1.00,1.00,1.00,1.00,"",4,0.4,-802,-1.9,-976,-2.3,-945,-2.2,-11152613,-0.8,1883622,0.4,759529,13.2,39,1.4
"US000","5","325180","18","0","2025","1","",1024,41109,40970,41079,1458414457,504216388,6515558,2733,"",1.00,1.00,1.00,1.00,1.00,1.00,1.00,1.00,"",4,0.4,-802,-1.9,-976,-2.3,-945,-2.2,-11152613,-0.8,1883622,0.4,759529,13.2,39,1.4
"US000","5","32519","17","0","2025","1","",1592,55484,55472,55484,1743395345,703903792,8702757,2417,"",1.00,1.00,1.00,1.00,1.00,1.00,1.00,1.00,"",64,4.2,122,0.2,170,0.3,199,0.4,55570218,3.3,16156687,2.3,-125390,-1.4,70,3.0
"US000","5","325193","18","0","2025","1","",244,10597,10574,10534,300167527,155375526,1495576,2185,"",1.00,1.00,1.00,1.00,1.00,1.00,1.00,1.00,"",6,2.5,102,1.0,106,1.0,30,0.3,4229030,1.4,4462400,3.0,-207626,-12.2,15,0.7
"US000","5","325194","18","0","2025","1","",103,3013,3033,3031,68935079,30971832,437093,1753,"",1.00,1.00,1.00,1.00,1.00,1.00,1.00,1.00,"",-4,-3.7,-386,-11.4,-370,-10.9,-356,-10.5,-4761482,-6.5,-3364279,-9.8,38305,9.6,84,5.0
"US000","5","325199","18","0","2025","1","",1245,41874,41865,41919,1374292739,517556434,6770088,2524,"",1.00,1.00,1.00,1.00,1.00,1.00,1.00,1.00,"",62,5.2,406,1.0,434,1.0,525,1.3,56102670,4.3,15058566,3.0,43931,0.7,77,3.1
"US000","5","3252","16","0","2025","1","",2072,92323,92500,92217,2915989945,955430127,11369874,2429,"",1.00,1.00,1.00,1.00,1.00,1.00,1.00,1.00,"",71,3.5,-2845,-3.0,-2757,-2.9,-2902,-3.1,63732007,2.2,-54576988,-5.4,-1387192,-10.9,124,5.4
"US000","5","32521","17","0","2025","1","",1843,69195,69340,69186,2171250722,742352698,10113402,2412,"",1.00,1.00,1.00,1.00,1.00,1.00,1.00,1.00,"",77,4.4,-1160,-1.6,-1153,-1.6,-1468,-2.1,51295675,2.4,-7360248,-1.0,-649312,-6.0,99,4.3
"US000","5","325211","18","0","2025","1","",1616,59016,59118,58955,1890549851,640862138,8789086,2464,"",1.00,1.00,1.00,1.00,1.00,1.00,1.00,1.00,"",72,4.7,-1674,-2.8,-1769,-2.9,-2055,-3.4,20423443,1.1,-12419585,-1.9,-711452,-7.5,100,4.2
"US000","5","325212","18","0","2025","1","",227,10179,10222,10231,280700871,101490560,1324316,2115,"",1.00,1.00,1.00,1.00,1.00,1.00,1.00,1.00,"",5,2.3,514,5.3,616,6.4,587,6.1,30872232,12.4,5059337,5.2,62140,4.9,121,6.1
"US000","5","32522","17","0","2025","1","",229,23128,23160,23031,744739223,213077429,1256472,2479,"",1.00,1.00,1.00,1.00,1.00,1.00,1.00,1.00,"",-6,-2.6,-1685,-6.8,-1604,-6.5,-1434,-5.9,12436332,1.7,-47216740,-18.1,-737880,-37.0,197,8.6
"US000","5","325220","18","0","2025","1","",229,23128,23160,23031,744739223,213077429,1256472,2479,"",1.00,1.00,1.00,1.00,1.00,1.00,1.00,1.00,"",-6,-2.6,-1685,-6.8,-1604,-6.5,-1434,-5.9,12436332,1.7,-47216740,-18.1,-737880,-37.0,197,8.6
"US000","5","3253","16","0","2025","1","",1568,36909,37211,37398,1008717140,464458095,6030026,2087,"",1.00,1.00,1.00,1.00,1.00,1.00,1.00,1.00,"",33,2.1,113,0.3,355,1.0,176,0.5,12679615,1.3,23267379,5.3,692113,13.0,14,0.7
"US000","5","32531","17","0","2025","1","",1051,23220,23321,23482,627109313,295407137,4046113,2067,"",1.00,1.00,1.00,1.00,1.00,1.00,1.00,1.00,"",0,0.0,391,1.7,438,1.9,248,1.1,29348670,4.9,25884184,9.6,518840,14.7,66,3.3
"US000","5","325311","18","0","2025","1","",348,9028,9060,9112,290160981,127934806,1951714,2462,"",1.00,1.00,1.00,1.00,1.00,1.00,1.00,1.00,"",0,0.0,272,3.1,281,3.2,184,2.1,18184180,6.7,4086598,3.3,65676,3.5,90,3.8
"US000","5","325312","18","0","2025","1","",68,5774,5774,5788,180660993,84679821,668693,2405,"",1.00,1.00,1.00,1.00,1.00,1.00,1.00,1.00,"",-2,-2.9,-79,-1.3,-50,-0.9,-78,-1.3,6146541,3.5,20366207,31.7,345803,107.1,109,4.7
"US000","5","325314","18","0","2025","1","",526,7024,7082,7153,131128444,68291825,1132002,1423,"",1.00,1.00,1.00,1.00,1.00,1.00,1.00,1.00,"",-11,-2.0,-92,-1.3,-87,-1.2,-132,-1.8,-1802297,-1.4,-1411891,-2.0,42100,3.9,1,0.1
"US000","5","325315","18","0","2025","1","",109,1394,1405,1429,25158895,14500685,293704,1373,"",1.00,1.00,1.00,1.00,1.00,1.00,1.00,1.00,"",13,13.5,290,26.3,294,26.5,274,23.7,6820246,37.2,2843270,24.4,65261,28.6,117,9.3
"US000","5","32532","17","0","2025","1","",517,13689,13890,13916,381607827,169050958,1983913,2122,"",1.00,1.00,1.00,1.00,1.00,1.00,1.00,1.00,"",33,6.8,-278,-2.0,-83,-0.6,-72,-0.5,-16669055,-4.2,-2616805,-1.5,173273,9.6,-70,-3.2
"US000","5","325320","18","0","2025","1","",517,13689,13890,13916,381607827,169050958,1983913,2122,"",1.00,1.00,1.00,1.00,1.00,1.00,1.00,1.00,"",33,6.8,-278,-2.0,-83,-0.6,-72,-0.5,-16669055,-4.2,-2616805,-1.5,173273,9.6,-70,-3.2
"US000","5","3254","16","0","2025","1","",7721,350597,351976,354172,18667024008,4841801970,80272386,4076,"",1.00,1.00,1.00,1.00,1.00,1.00,1.00,1.00,"",219,2.9,4888,1.4,5480,1.6,5890,1.7,1935637877,11.6,37972380,0.8,7226633,9.9,365,9.8
"US000","5","32541","17","0","2025","1","",7721,350597,351976,354172,18667024008,4841801970,80272386,4076,"",1.00,1.00,1.00,1.00,1.00,1.00,1.00,1.00,"",219,2.9,4888,1.4,5480,1.6,5890,1.7,1935637877,11.6,37972380,0.8,7226633,9.9,365,9.8
"US000","5","325411","18","0","2025","1","",1430,45539,45742,46122,2201545574,741676340,10973496,3698,"",1.00,1.00,1.00,1.00,1.00,1.00,1.00,1.00,"",-29,-2.0,2245,5.2,2169,5.0,2395,5.5,52863488,2.5,65500834,9.7,382924,3.6,-99,-2.6
"US000","5","325412","18","0","2025","1","",4961,229769,230758,232364,13730726731,3099798843,53770168,4573,"",1.00,1.00,1.00,1.00,1.00,1.00,1.00,1.00,"",199,4.2,2106,0.9,2294,1.0,2513,1.1,1814605569,15.2,-41251994,-1.3,5015967,10.3,564,14.1
"US000","5","325413","18","0","2025","1","",502,28390,28497,28433,1009130208,328078000,6413879,2729,"",1.00,1.00,1.00,1.00,1.00,1.00,1.00,1.00,"",6,1.2,-131,-0.5,102,0.4,27,0.1,104221421,11.5,-9024270,-2.7,602848,10.4,282,11.5
"US000","5","325414","18","0","2025","1","",828,46899,46979,47253,1725621495,672248787,9114843,2822,"",1.00,1.00,1.00,1.00,1.00,1.00,1.00,1.00,"",43,5.5,668,1.4,915,2.0,955,2.1,-36052601,-2.0,22747810,3.5,1224894,15.5,-111,-3.8
"US000","5","3255","16","0","2025","1","",2572,65552,65573,65712,1606696506,739509672,11673113,1884,"",1.00,1.00,1.00,1.00,1.00,1.00,1.00,1.00,"",62,2.5,-174,-0.3,-201,-0.3,-213,-0.3,27963199,1.8,928968,0.1,104767,0.9,39,2.1
"US000","5","32551","17","0","2025","1","",1798,41282,41362,41465,1012422943,454534052,6916292,1883,"",1.00,1.00,1.00,1.00,1.00,1.00,1.00,1.00,"",33,1.9,-711,-1.7,-664,-1.6,-516,-1.2,1415969,0.1,-6685792,-1.4,-273736,-3.8,31,1.7
"US000","5","325510","18","0","2025","1","",1798,41282,41362,41465,1012422943,454534052,6916292,1883,"",1.00,1.00,1.00,1.00,1.00,1.00,1.00,1.00,"",33,1.9,-711,-1.7,-664,-1.6,-516,-1.2,1415969,0.1,-6685792,-1.4,-273736,-3.8,31,1.7
"US000","5","32552","17","0","2025","1","",774,24270,24211,24247,594273563,284975620,4756821,1886,"",1.00,1.00,1.00,1.00,1.00,1.00,1.00,1.00,"",29,3.9,537,2.3,463,1.9,303,1.3,26547230,4.7,7614760,2.7,378503,8.6,52,2.8
"US000","5","325520","18","0","2025","1","",774,24270,24211,24247,594273563,284975620,4756821,1886,"",1.00,1.00,1.00,1.00,1.00,1.00,1.00,1.00,"",29,3.9,537,2.3,463,1.9,303,1.3,26547230,4.7,7614760,2.7,378503,8.6,52,2.8
"US000","5","3256","16","0","2025","1","",4041,113720,113994,113820,2644089547,1261120553,21432852,1787,"",1.00,1.00,1.00,1.00,1.00,1.00,1.00,1.00,"",65,1.6,402,0.4,362,0.3,21,0.0,-66728,0.0,-19983918,-1.6,-881574,-4.0,-4,-0.2
"US000","5","32561","17","0","2025","1","",2197,58640,58866,58788,1509517758,645230655,9680181,1976,"",1.00,1.00,1.00,1.00,1.00,1.00,1.00,1.00,"",64,3.0,1136,2.0,1235,2.1,1216,2.1,-5061560,-0.3,-12023682,-1.8,-467337,-4.6,-48,-2.4
"US000","5","325611","18","0","2025","1","",1187,29065,29205,29144,832781925,295525859,4793997,2199,"",1.00,1.00,1.00,1.00,1.00,1.00,1.00,1.00,"",43,3.8,1360,4.9,1509,5.4,1540,5.6,-22357504,-2.6,-14033277,-4.5,-84396,-1.7,-178,-7.5
"US000","5","325612","18","0","2025","1","",855,25136,25209,25186,556658036,288021260,4162229,1701,"",1.00,1.00,1.00,1.00,1.00,1.00,1.00,1.00,"",14,1.7,-297,-1.2,-363,-1.4,-435,-1.7,6620427,1.2,-953144,-0.3,-522075,-11.1,44,2.7
"US000","5","325613","18","0","2025","1","",155,4439,4452,4458,120077797,61683536,723955,2076,"",1.00,1.00,1.00,1.00,1.00,1.00,1.00,1.00,"",7,4.7,73,1.7,89,2.0,111,2.6,10675517,9.8,2962739,5.0,139134,23.8,145,7.5
"US000","5","32562","17","0","2025","1","",1844,55080,55128,55032,1134571789,615889898,11752671,1585,"",1.00,1.00,1.00,1.00,1.00,1.00,1.00,1.00,"",1,0.1,-734,-1.3,-873,-1.6,-1195,-2.1,4994832,0.4,-7960236,-1.3,-414237,-3.4,34,2.2
"US000","5","325620","18","0","2025","1","",1844,55080,55128,55032,1134571789,615889898,11752671,1585,"",1.00,1.00,1.00,1.00,1.00,1.00,1.00,1.00,"",1,0.1,-734,-1.3,-873,-1.6,-1195,-2.1,4994832,0.4,-7960236,-1.3,-414237,-3.4,34,2.2
"US000","5","3259","16","0","2025","1","",3534,80006,80359,80187,1921298417,894309686,14272320,1843,"",1.00,1.00,1.00,1.00,1.00,1.00,1.00,1.00,"",61,1.8,424,0.5,691,0.9,402,0.5,101812043,5.6,21526462,2.5,828700,6.2,86,4.9
"US000","5","32591","17","0","2025","1","",446,7327,7348,7333,166205246,86449584,1221204,1743,"",1.00,1.00,1.00,1.00,1.00,1.00,1.00,1.00,"",-7,-1.5,-70,-0.9,-15,-0.2,9,0.1,10786746,6.9,1058518,1.2,-118887,-8.9,119,7.3
"US000","5","325910","18","0","2025","1","",446,7327,7348,7333,166205246,86449584,1221204,1743,"",1.00,1.00,1.00,1.00,1.00,1.00,1.00,1.00,"",-7,-1.5,-70,-0.9,-15,-0.2,9,0.1,10786746,6.9,1058518,1.2,-118887,-8.9,119,7.3
"US000","5","32592","17","0","2025","1","",105,7100,7106,7031,180112210,64533617,781033,1957,"",1.00,1.00,1.00,1.00,1.00,1.00,1.00,1.00,"",4,4.0,40,0.6,99,1.4,-25,-0.4,-3305141,-1.8,658841,1.0,-22313,-2.8,-47,-2.3
"US000","5","325920","18","0","2025","1","",105,7100,7106,7031,180112210,64533617,781033,1957,"",1.00,1.00,1.00,1.00,1.00,1.00,1.00,1.00,"",4,4.0,40,0.6,99,1.4,-25,-0.4,-3305141,-1.8,658841,1.0,-22313,-2.8,-47,-2.3
"US000","5","32599","17","0","2025","1","",2983,65579,65905,65823,1574980961,743326485,12270083,1842,"",1.00,1.00,1.00,1.00,1.00,1.00,1.00,1.00,"",64,2.2,454,0.7,607,0.9,418,0.6,94330438,6.4,19809103,2.7,969900,8.6,97,5.6
"US000","5","325991","18","0","2025","1","",472,16980,17121,17136,322949129,187694966,2849347,1455,"",1.00,1.00,1.00,1.00,1.00,1.00,1.00,1.00,"",3,0.6,90,0.5,104,0.6,-31,-0.2,10960683,3.5,3629015,2.0,214410,8.1,45,3.2
"US000","5","325992","18","0","2025","1","",195,5572,5524,5517,123933675,67376741,1287657,1722,"",1.00,1.00,1.00,1.00,1.00,1.00,1.00,1.00,"",-16,-7.6,-373,-6.3,-390,-6.6,-379,-6.4,-5673574,-4.4,-3087469,-4.4,-46977,-3.5,37,2.2
"US000","5","325998","18","0","2025","1","",2316,43027,43260,43170,1128098157,488254778,8133079,2011,"",1.00,1.00,1.00,1.00,1.00,1.00,1.00,1.00,"",77,3.4,737,1.7,893,2.1,828,2.0,89043329,8.6,19267557,4.1,802467,10.9,123,6.5
"US000","5","326","15","0","2025","1","",14456,705262,707176,706337,12636597862,7435054239,116170685,1376,"",1.00,1.00,1.00,1.00,1.00,1.00,1.00,1.00,"",186,1.3,-16780,-2.3,-17425,-2.4,-18913,-2.6,-191508165,-1.5,-157607525,-2.1,-4513925,-3.7,13,1.0
"US000","5","3261","16","0","2025","1","",12304,576504,578571,578114,10234862464,6062353461,98119051,1363,"",1.00,1.00,1.00,1.00,1.00,1.00,1.00,1.00,"",161,1.3,-12358,-2.1,-12826,-2.2,-14379,-2.4,-157228938,-1.5,-76610166,-1.2,-2355939,-2.3,10,0.7
"US000","5","32611","17","0","2025","1","",1779,99418,99965,99985,1889688359,1102983326,16003883,1457,"",1.00,1.00,1.00,1.00,1.00,1.00,1.00,1.00,"",53,3.1,4,0.0,147,0.1,-43,0.0,52792367,2.9,23289548,2.2,71211,0.4,41,2.9
"US000","5","326111","18","0","2025","1","",581,39880,39980,40088,714650287,419279564,6194140,1375,"",1.00,1.00,1.00,1.00,1.00,1.00,1.00,1.00,"",34,6.2,1000,2.6,833,2.1,778,2.0,30080980,4.4,13605995,3.4,247319,4.2,29,2.2
"US000","5","326112","18","0","2025","1","",657,24635,24712,24729,512849969,292859931,4243864,1598,"",1.00,1.00,1.00,1.00,1.00,1.00,1.00,1.00,"",40,6.5,255,1.0,243,1.0,274,1.1,23425860,4.8,11749020,4.2,-447,0.0,57,3.7
"US000","5","326113","18","0","2025","1","",541,34903,35273,35168,662188103,390843831,5565879,1451,"",1.00,1.00,1.00,1.00,1.00,1.00,1.00,1.00,"",-21,-3.7,-1251,-3.5,-929,-2.6,-1095,-3.0,-714473,-0.1,-2065467,-0.5,-175661,-3.1,43,3.1
"US000","5","32612","17","0","2025","1","",1093,53286,53436,53479,1018814171,606731905,9157773,1468,"",1.00,1.00,1.00,1.00,1.00,1.00,1.00,1.00,"",-5,-0.5,-798,-1.5,-995,-1.8,-1180,-2.2,-171940040,-14.4,5500072,0.9,150188,1.7,-216,-12.8
"US000","5","326121","18","0","2025","1","",445,21815,21750,21771,400414807,255094892,4110845,1414,"",1.00,1.00,1.00,1.00,1.00,1.00,1.00,1.00,"",-9,-2.0,-426,-1.9,-625,-2.8,-625,-2.8,-192143444,-32.4,-3242835,-1.3,-53051,-1.3,-627,-30.7
"US000","5","326122","18","0","2025","1","",648,31471,31686,31708,618399364,351637013,5046928,1504,"",1.00,1.00,1.00,1.00,1.00,1.00,1.00,1.00,"",4,0.6,-372,-1.2,-370,-1.2,-555,-1.7,20203404,3.4,8742907,2.5,203239,4.2,68,4.7
"US000","5","32613","17","0","2025","1","",432,19550,19671,19552,385731945,211714576,3392382,1515,"",1.00,1.00,1.00,1.00,1.00,1.00,1.00,1.00,"",3,0.7,-446,-2.2,-470,-2.3,-674,-3.3,-1988503,-0.5,-582606,-0.3,9973,0.3,33,2.2
"US000","5","326130","18","0","2025","1","",432,19550,19671,19552,385731945,211714576,3392382,1515,"",1.00,1.00,1.00,1.00,1.00,1.00,1.00,1.00,"",3,0.7,-446,-2.2,-470,-2.3,-674,-3.3,-1988503,-0.5,-582606,-0.3,9973,0.3,33,2.2
"US000","5","32614","17","0","2025","1","",592,28654,28526,28555,534382508,292453855,5064015,1438,"",1.00,1.00,1.00,1.00,1.00,1.00,1.00,1.00,"",11,1.9,-514,-1.8,-994,-3.4,-1114,-3.8,25887458,5.1,-3762417,-1.3,-247999,-4.7,110,8.3
"US000","5","326140","18","0","2025","1","",592,28654,28526,28555,534382508,292453855,5064015,1438,"",1.00,1.00,1.00,1.00,1.00,1.00,1.00,1.00,"",11,1.9,-514,-1.8,-994,-3.4,-1114,-3.8,25887458,5.1,-3762417,-1.3,-247999,-4.7,110,8.3
"US000","5","32615","17","0","2025","1","",922,37251,37317,37181,612698734,353996165,5697086,1265,"",1.00,1.00,1.00,1.00,1.00,1.00,1.00,1.00,"",19,2.1,196,0.5,88,0.2,-197,-0.5,55083,0.0,-10046962,-2.8,-371893,-6.1,-1,-0.1
"US000","5","326150","18","0","2025","1","",922,37251,37317,37181,612698734,353996165,5697086,1265,"",1.00,1.00,1.00,1.00,1.00,1.00,1.00,1.00,"",19,2.1,196,0.5,88,0.2,-197,-0.5,55083,0.0,-10046962,-2.8,-371893,-6.1,-1,-0.1
"US000","5","32616","17","0","2025","1","",592,35452,35573,35566,660033912,354077440,5969068,1429,"",1.00,1.00,1.00,1.00,1.00,1.00,1.00,1.00,"",11,1.9,963,2.8,827,2.4,693,2.0,27761501,4.4,8953683,2.6,17651,0.3,27,1.9
"US000","5","326160","18","0","2025","1","",592,35452,35573,35566,660033912,354077440,5969068,1429,"",1.00,1.00,1.00,1.00,1.00,1.00,1.00,1.00,"",11,1.9,963,2.8,827,2.4,693,2.0,27761501,4.4,8953683,2.6,17651,0.3,27,1.9
"US000","5","32619","17","0","2025","1","",6894,302893,304083,303796,5133512835,3140396194,52834844,1301,"",1.00,1.00,1.00,1.00,1.00,1.00,1.00,1.00,"",69,1.0,-11763,-3.7,-11429,-3.6,-11864,-3.8,-89796804,-1.7,-99961484,-3.1,-1985070,-3.6,27,2.1
"US000","5","326191","18","0","2025","1","",377,14504,14578,14400,222423833,138071062,1962569,1180,"",1.00,1.00,1.00,1.00,1.00,1.00,1.00,1.00,"",9,2.4,-538,-3.6,-585,-3.9,-778,-5.1,-4220371,-1.9,-2345863,-1.7,-1558,-0.1,28,2.4
"US000","5","326199","18","0","2025","1","",6517,288389,289505,289396,4911089002,3002325132,50872275,1307,"",1.00,1.00,1.00,1.00,1.00,1.00,1.00,1.00,"",60,0.9,-11225,-3.7,-10844,-3.6,-11086,-3.7,-85576433,-1.7,-97615621,-3.1,-1983512,-3.8,26,2.0
"US000","5","3262","16","0","2025","1","",2152,128758,128605,128223,2401735398,1372700778,18051634,1437,"",1.00,1.00,1.00,1.00,1.00,1.00,1.00,1.00,"",25,1.2,-4422,-3.3,-4599,-3.5,-4534,-3.4,-34279227,-1.4,-80997359,-5.6,-2157986,-10.7,29,2.1
"US000","5","32621","17","0","2025","1","",452,55523,55212,54904,1089203680,641848543,6846060,1517,"",1.00,1.00,1.00,1.00,1.00,1.00,1.00,1.00,"",-25,-5.2,-2838,-4.9,-3044,-5.2,-3014,-5.2,-1144220,-0.1,-67476579,-9.5,-984199,-12.6,75,5.2
"US000","5","326211","18","0","2025","1","",191,50129,49867,49591,1011169867,591329136,6196679,1560,"",1.00,1.00,1.00,1.00,1.00,1.00,1.00,1.00,"",4,2.1,-1743,-3.4,-1949,-3.8,-1903,-3.7,12130455,1.2,-58768966,-9.0,-891189,-12.6,74,5.0
"US000","5","326212","18","0","2025","1","",261,5394,5345,5313,78033813,50519407,649381,1122,"",1.00,1.00,1.00,1.00,1.00,1.00,1.00,1.00,"",-29,-10.0,-1095,-16.9,-1095,-17.0,-1111,-17.3,-13274675,-14.5,-8707613,-14.7,-93010,-12.5,33,3.0
"US000","5","32622","17","0","2025","1","",492,23171,23112,23075,419744050,228682581,3086543,1397,"",1.00,1.00,1.00,1.00,1.00,1.00,1.00,1.00,"",22,4.7,410,1.8,216,0.9,160,0.7,-7179215,-1.7,2734434,1.2,-324649,-9.5,-40,-2.8
"US000","5","326220","18","0","2025","1","",492,23171,23112,23075,419744050,228682581,3086543,1397,"",1.00,1.00,1.00,1.00,1.00,1.00,1.00,1.00,"",22,4.7,410,1.8,216,0.9,160,0.7,-7179215,-1.7,2734434,1.2,-324649,-9.5,-40,-2.8
"US000","5","32629","17","0","2025","1","",1208,50064,50281,50244,892787668,502169654,8119031,1368,"",1.00,1.00,1.00,1.00,1.00,1.00,1.00,1.00,"",28,2.4,-1994,-3.8,-1771,-3.4,-1680,-3.2,-25955792,-2.8,-16255214,-3.1,-849138,-9.5,9,0.7
"US000","5","326291","18","0","2025","1","",489,26283,26393,26347,444556472,256926144,3987716,1298,"",1.00,1.00,1.00,1.00,1.00,1.00,1.00,1.00,"",7,1.5,-1606,-5.8,-1392,-5.0,-1363,-4.9,-22022027,-4.7,-12661691,-4.7,-734510,-15.6,7,0.5
"US000","5","326299","18","0","2025","1","",719,23781,23888,23897,448231196,245243510,4131315,1445,"",1.00,1.00,1.00,1.00,1.00,1.00,1.00,1.00,"",21,3.0,-388,-1.6,-379,-1.6,-317,-1.3,-3933765,-0.9,-3593523,-1.4,-114628,-2.7,9,0.6
"US000","5","327","15","0","2025","1","",17516,406332,406050,409690,7953140658,4382222919,88089460,1502,"",1.00,1.00,1.00,1.00,1.00,1.00,1.00,1.00,"",-40,-0.2,-859,-0.2,-2075,-0.5,-2216,-0.5,287351152,3.7,-19731428,-0.4,-1758048,-2.0,61,4.2
"US000","5","3271","16","0","2025","1","",1468,33945,33914,33801,622442744,330821138,6973109,1413,"",1.00,1.00,1.00,1.00,1.00,1.00,1.00,1.00,"",1,0.1,-565,-1.6,-533,-1.5,-694,-2.0,9905896,1.6,-438138,-0.1,51990,0.8,47,3.4
"US000","5","32711","17","0","2025","1","",789,12500,12452,12453,221817610,119314714,2566136,1368,"",1.00,1.00,1.00,1.00,1.00,1.00,1.00,1.00,"",-8,-1.0,-563,-4.3,-589,-4.5,-507,-3.9,-8339387,-3.6,-2068192,-1.7,113214,4.6,8,0.6
"US000","5","327110","18","0","2025","1","",789,12500,12452,12453,221817610,119314714,2566136,1368,"",1.00,1.00,1.00,1.00,1.00,1.00,1.00,1.00,"",-8,-1.0,-563,-4.3,-589,-4.5,-507,-3.9,-8339387,-3.6,-2068192,-1.7,113214,4.6,8,0.6
"US000","5","32712","17","0","2025","1","",679,21445,21462,21348,400625134,211506424,4406973,1439,"",1.00,1.00,1.00,1.00,1.00,1.00,1.00,1.00,"",9,1.3,-2,0.0,56,0.3,-187,-0.9,18245283,4.8,1630054,0.8,-61224,-1.4,69,5.0
"US000","5","327120","18","0","2025","1","",679,21445,21462,21348,400625134,211506424,4406973,1439,"",1.00,1.00,1.00,1.00,1.00,1.00,1.00,1.00,"",9,1.3,-2,0.0,56,0.3,-187,-0.9,18245283,4.8,1630054,0.8,-61224,-1.4,69,5.0
"US000","5","3272","16","0","2025","1","",1959,77668,77267,77267,1488948099,835416575,14782002,1480,"",1.00,1.00,1.00,1.00,1.00,1.00,1.00,1.00,"",-22,-1.1,-855,-1.1,-765,-1.0,-766,-1.0,41925059,2.9,-51823489,-5.8,-291113,-1.9,57,4.0
"US000","5","32721","17","0","2025","1","",1959,77668,77267,77267,1488948099,835416575,14782002,1480,"",1.00,1.00,1.00,1.00,1.00,1.00,1.00,1.00,"",-22,-1.1,-855,-1.1,-765,-1.0,-766,-1.0,41925059,2.9,-51823489,-5.8,-291113,-1.9,57,4.0
"US000","5","327211","18","0","2025","1","",198,11805,11822,11827,240284533,123269881,2054076,1564,"",1.00,1.00,1.00,1.00,1.00,1.00,1.00,1.00,"",13,7.0,356,3.1,408,3.6,297,2.6,17388492,7.8,1329975,1.1,159944,8.4,68,4.5
"US000","5","327212","18","0","2025","1","",403,10712,10688,10755,237785058,95944432,2249043,1707,"",1.00,1.00,1.00,1.00,1.00,1.00,1.00,1.00,"",-21,-5.0,-391,-3.5,-434,-3.9,-331,-3.0,15228805,6.8,-49718145,-34.1,-295574,-11.6,165,10.7
"US000","5","327213","18","0","2025","1","",152,10828,10632,10524,263211337,139954202,3414358,1899,"",1.00,1.00,1.00,1.00,1.00,1.00,1.00,1.00,"",0,0.0,-702,-6.1,-652,-5.8,-721,-6.4,-7739615,-2.9,-11787160,-7.8,350302,11.4,63,3.4
"US000","5","327215","18","0","2025","1","",1206,44323,44125,44161,747667171,476248060,7064525,1301,"",1.00,1.00,1.00,1.00,1.00,1.00,1.00,1.00,"",-14,-1.1,-118,-0.3,-87,-0.2,-11,0.0,17047377,2.3,8351841,1.8,-505785,-6.7,32,2.5
"US000","5","3273","16","0","2025","1","",9350,198874,198783,202373,3889261010,2158422825,50584283,1496,"",1.00,1.00,1.00,1.00,1.00,1.00,1.00,1.00,"",22,0.2,882,0.4,-208,-0.1,-321,-0.2,165940971,4.5,27946979,1.3,-512344,-1.0,63,4.4
"US000","5","32731","17","0","2025","1","",461,15657,15650,15676,444043739,185788992,3088659,2181,"",1.00,1.00,1.00,1.00,1.00,1.00,1.00,1.00,"",23,5.3,848,5.7,691,4.6,495,3.3,37021151,9.1,6736371,3.8,110060,3.7,91,4.4
"US000","5","327310","18","0","2025","1","",461,15657,15650,15676,444043739,185788992,3088659,2181,"",1.00,1.00,1.00,1.00,1.00,1.00,1.00,1.00,"",23,5.3,848,5.7,691,4.6,495,3.3,37021151,9.1,6736371,3.8,110060,3.7,91,4.4
"US000","5","32732","17","0","2025","1","",5716,99474,98963,101892,1888951457,1080909622,30681160,1451,"",1.00,1.00,1.00,1.00,1.00,1.00,1.00,1.00,"",-6,-0.1,115,0.1,-1002,-1.0,-741,-0.7,61127076,3.3,2944112,0.3,-557687,-1.8,54,3.9
"US000","5","327320","18","0","2025","1","",5716,99474,98963,101892,1888951457,1080909622,30681160,1451,"",1.00,1.00,1.00,1.00,1.00,1.00,1.00,1.00,"",-6,-0.1,115,0.1,-1002,-1.0,-741,-0.7,61127076,3.3,2944112,0.3,-557687,-1.8,54,3.9
"US000","5","32733","17","0","2025","1","",1074,27721,27957,28358,519798904,295442400,5530150,1427,"",1.00,1.00,1.00,1.00,1.00,1.00,1.00,1.00,"",-21,-1.9,-2,0.0,90,0.3,58,0.2,13905669,2.7,4446922,1.5,-582841,-9.5,35,2.5
"US000","5","327331","18","0","2025","1","",833,18086,18183,18441,337062939,193425117,3678110,1422,"",1.00,1.00,1.00,1.00,1.00,1.00,1.00,1.00,"",-7,-0.8,-127,-0.7,-107,-0.6,-122,-0.7,4804603,1.4,2457319,1.3,-252423,-6.4,30,2.2
"US000","5","327332","18","0","2025","1","",241,9635,9774,9917,182735965,102017283,1852040,1438,"",1.00,1.00,1.00,1.00,1.00,1.00,1.00,1.00,"",-14,-5.5,125,1.3,197,2.1,180,1.8,9101066,5.2,1989603,2.0,-330418,-15.1,48,3.5
"US000","5","32739","17","0","2025","1","",2099,56022,56213,56447,1036466910,596281811,11284314,1418,"",1.00,1.00,1.00,1.00,1.00,1.00,1.00,1.00,"",26,1.3,-79,-0.1,13,0.0,-133,-0.2,53887075,5.5,13819574,2.4,518124,4.8,75,5.6
"US000","5","327390","18","0","2025","1","",2099,56022,56213,56447,1036466910,596281811,11284314,1418,"",1.00,1.00,1.00,1.00,1.00,1.00,1.00,1.00,"",26,1.3,-79,-0.1,13,0.0,-133,-0.2,53887075,5.5,13819574,2.4,518124,4.8,75,5.6
"US000","5","3274","16","0","2025","1","",369,16610,16677,16698,431533822,205322073,2404726,1992,"",1.00,1.00,1.00,1.00,1.00,1.00,1.00,1.00,"",-4,-1.1,606,3.8,520,3.2,480,3.0,36901314,9.4,7039463,3.6,-33356,-1.4,110,5.8
"US000","5","32741","17","0","2025","1","",100,4318,4324,4353,114177132,49651730,530258,2028,"",1.00,1.00,1.00,1.00,1.00,1.00,1.00,1.00,"",-1,-1.0,104,2.5,105,2.5,124,2.9,5998890,5.5,1517623,3.2,-52396,-9.0,56,2.8
"US000","5","327410","18","0","2025","1","",100,4318,4324,4353,114177132,49651730,530258,2028,"",1.00,1.00,1.00,1.00,1.00,1.00,1.00,1.00,"",-1,-1.0,104,2.5,105,2.5,124,2.9,5998890,5.5,1517623,3.2,-52396,-9.0,56,2.8
"US000","5","32742","17","0","2025","1","",269,12292,12353,12345,317356690,155670343,1874468,1980,"",1.00,1.00,1.00,1.00,1.00,1.00,1.00,1.00,"",-3,-1.1,502,4.3,415,3.5,356,3.0,30902424,10.8,5521840,3.7,19040,1.0,129,7.0
"US000","5","327420","18","0","2025","1","",269,12292,12353,12345,317356690,155670343,1874468,1980,"",1.00,1.00,1.00,1.00,1.00,1.00,1.00,1.00,"",-3,-1.1,502,4.3,415,3.5,356,3.0,30902424,10.8,5521840,3.7,19040,1.0,129,7.0
"US000","5","3279","16","0","2025","1","",4370,79235,79409,79551,1520954983,852240308,13345340,1474,"",1.00,1.00,1.00,1.00,1.00,1.00,1.00,1.00,"",-37,-0.8,-927,-1.2,-1089,-1.4,-915,-1.1,32677912,2.2,-2456243,-0.3,-973225,-6.8,50,3.5
"US000","5","32791","17","0","2025","1","",396,9420,9393,9396,187922548,103393752,1718962,1537,"",1.00,1.00,1.00,1.00,1.00,1.00,1.00,1.00,"",-6,-1.5,-313,-3.2,-381,-3.9,-265,-2.7,-784099,-0.4,-2770166,-2.6,-104749,-5.7,44,2.9
"US000","5","327910","18","0","2025","1","",396,9420,9393,9396,187922548,103393752,1718962,1537,"",1.00,1.00,1.00,1.00,1.00,1.00,1.00,1.00,"",-6,-1.5,-313,-3.2,-381,-3.9,-265,-2.7,-784099,-0.4,-2770166,-2.6,-104749,-5.7,44,2.9
"US000","5","32799","17","0","2025","1","",3974,69815,70016,70155,1333032435,748846556,11626378,1465,"",1.00,1.00,1.00,1.00,1.00,1.00,1.00,1.00,"",-31,-0.8,-614,-0.9,-708,-1.0,-650,-0.9,33462011,2.6,313923,0.0,-868476,-7.0,50,3.5
"US000","5","327991","18","0","2025","1","",2932,33570,33662,33717,487366947,348402266,4989702,1114,"",1.00,1.00,1.00,1.00,1.00,1.00,1.00,1.00,"",-28,-0.9,-890,-2.6,-841,-2.4,-856,-2.5,-12168794,-2.4,-4941024,-1.4,-279160,-5.3,1,0.1
"US000","5","327992","18","0","2025","1","",170,6874,6829,6774,193924341,84278172,1382310,2185,"",1.00,1.00,1.00,1.00,1.00,1.00,1.00,1.00,"",-1,-0.6,231,3.5,165,2.5,61,0.9,14605982,8.1,413520,0.5,-502357,-26.7,118,5.7
"US000","5","327993","18","0","2025","1","",288,17246,17375,17372,418106161,176149092,3006830,1856,"",1.00,1.00,1.00,1.00,1.00,1.00,1.00,1.00,"",-12,-4.0,216,1.3,110,0.6,211,1.2,30097358,7.8,4319340,2.5,-32408,-1.1,116,6.7
"US000","5","327999","18","0","2025","1","",584,12125,12150,12292,233634986,140017026,2247536,1474,"",1.00,1.00,1.00,1.00,1.00,1.00,1.00,1.00,"",10,1.7,-171,-1.4,-142,-1.2,-66,-0.5,927465,0.4,522087,0.4,-54551,-2.4,20,1.4
"US000","5","331","15","0","2025","1","",6044,362053,363331,363642,8716180269,4039467890,71934967,1847,"",1.00,1.00,1.00,1.00,1.00,1.00,1.00,1.00,"",101,1.7,-9209,-2.5,-7604,-2.0,-7504,-2.0,-111758708,-1.3,-30474489,-0.7,-2813408,-3.8,17,0.9
"US000","5","3311","16","0","2025","1","",1037,84117,84140,84324,2545096997,886795823,16425928,2325,"",1.00,1.00,1.00,1.00,1.00,1.00,1.00,1.00,"",15,1.5,-996,-1.2,-1163,-1.4,-1109,-1.3,-135809602,-5.1,-1517978,-0.2,-3195191,-16.3,-93,-3.8
"US000","5","33111","17","0","2025","1","",1037,84117,84140,84324,2545096997,886795823,16425928,2325,"",1.00,1.00,1.00,1.00,1.00,1.00,1.00,1.00,"",15,1.5,-996,-1.2,-1163,-1.4,-1109,-1.3,-135809602,-5.1,-1517978,-0.2,-3195191,-16.3,-93,-3.8
"US000","5","331110","18","0","2025","1","",1037,84117,84140,84324,2545096997,886795823,16425928,2325,"",1.00,1.00,1.00,1.00,1.00,1.00,1.00,1.00,"",15,1.5,-996,-1.2,-1163,-1.4,-1109,-1.3,-135809602,-5.1,-1517978,-0.2,-3195191,-16.3,-93,-3.8
"US000","5","3312","16","0","2025","1","",1413,57502,57842,58029,1320670388,614802090,10905119,1758,"",1.00,1.00,1.00,1.00,1.00,1.00,1.00,1.00,"",68,5.1,-1723,-2.9,-1521,-2.6,-1476,-2.5,30849315,2.4,-7384560,-1.2,-69770,-0.6,87,5.2
"US000","5","33121","17","0","2025","1","",638,26356,26605,26739,653571670,277064785,5512372,1892,"",1.00,1.00,1.00,1.00,1.00,1.00,1.00,1.00,"",51,8.7,-1104,-4.0,-954,-3.5,-897,-3.2,40273709,6.6,-4456022,-1.6,-382843,-6.5,180,10.5
"US000","5","331210","18","0","2025","1","",638,26356,26605,26739,653571670,277064785,5512372,1892,"",1.00,1.00,1.00,1.00,1.00,1.00,1.00,1.00,"",51,8.7,-1104,-4.0,-954,-3.5,-897,-3.2,40273709,6.6,-4456022,-1.6,-382843,-6.5,180,10.5
"US000","5","33122","17","0","2025","1","",775,31146,31237,31290,667098718,337737305,5392747,1643,"",1.00,1.00,1.00,1.00,1.00,1.00,1.00,1.00,"",17,2.2,-619,-1.9,-567,-1.8,-579,-1.8,-9424394,-1.4,-2928538,-0.9,313073,6.2,7,0.4
"US000","5","331221","18","0","2025","1","",523,21658,21738,21770,500096535,238737041,3782984,1771,"",1.00,1.00,1.00,1.00,1.00,1.00,1.00,1.00,"",18,3.6,20,0.1,30,0.1,51,0.2,2428317,0.5,1689576,0.7,421793,12.5,6,0.3
"US000","5","331222","18","0","2025","1","",252,9488,9499,9520,167002183,99000264,1609763,1352,"",1.00,1.00,1.00,1.00,1.00,1.00,1.00,1.00,"",-1,-0.4,-639,-6.3,-597,-5.9,-630,-6.2,-11852711,-6.6,-4618114,-4.5,-108720,-6.3,-7,-0.5
"US000","5","3313","16","0","2025","1","",821,58060,58319,58327,1329271585,653341084,10012585,1756,"",1.00,1.00,1.00,1.00,1.00,1.00,1.00,1.00,"",28,3.5,-1120,-1.9,-379,-0.6,-570,-1.0,-3163281,-0.2,-1163828,-0.2,334398,3.5,17,1.0
"US000","5","33131","17","0","2025","1","",821,58060,58319,58327,1329271585,653341084,10012585,1756,"",1.00,1.00,1.00,1.00,1.00,1.00,1.00,1.00,"",28,3.5,-1120,-1.9,-379,-0.6,-570,-1.0,-3163281,-0.2,-1163828,-0.2,334398,3.5,17,1.0
"US000","5","331313","18","0","2025","1","",132,7428,7551,7480,189155028,75796525,1682236,1944,"",1.00,1.00,1.00,1.00,1.00,1.00,1.00,1.00,"",6,4.8,-608,-7.6,11,0.1,-45,-0.6,-15172848,-7.4,-5110927,-6.3,351384,26.4,-97,-4.8
"US000","5","331314","18","0","2025","1","",135,5614,5634,5625,118175559,58860611,839179,1616,"",1.00,1.00,1.00,1.00,1.00,1.00,1.00,1.00,"",0,0.0,-79,-1.4,-29,-0.5,-63,-1.1,-15128926,-11.3,-1769372,-2.9,-66651,-7.4,-189,-10.5
"US000","5","331315","18","0","2025","1","",187,18466,18403,18396,508691007,254199731,2738725,2124,"",1.00,1.00,1.00,1.00,1.00,1.00,1.00,1.00,"",6,3.3,-35,-0.2,-159,-0.9,-273,-1.5,24489910,5.1,6284319,2.5,293320,12.0,119,5.9
"US000","5","331318","18","0","2025","1","",367,26552,26731,26826,513249991,264484217,4752445,1479,"",1.00,1.00,1.00,1.00,1.00,1.00,1.00,1.00,"",16,4.6,-398,-1.5,-202,-0.8,-189,-0.7,2648583,0.5,-567848,-0.2,-243655,-4.9,22,1.5
"US000","5","3314","16","0","2025","1","",1121,61525,61607,61696,1443543228,754174786,13777688,1802,"",1.00,1.00,1.00,1.00,1.00,1.00,1.00,1.00,"",9,0.8,-499,-0.8,-221,-0.4,-306,-0.5,-40065160,-2.7,11088857,1.5,601687,4.6,-40,-2.2
"US000","5","33141","17","0","2025","1","",179,8071,8014,8022,226103131,134235528,2177302,2164,"",1.00,1.00,1.00,1.00,1.00,1.00,1.00,1.00,"",10,5.9,-160,-1.9,-125,-1.5,-91,-1.1,2263649,1.0,4360438,3.4,193366,9.7,54,2.6
"US000","5","331410","18","0","2025","1","",179,8071,8014,8022,226103131,134235528,2177302,2164,"",1.00,1.00,1.00,1.00,1.00,1.00,1.00,1.00,"",10,5.9,-160,-1.9,-125,-1.5,-91,-1.1,2263649,1.0,4360438,3.4,193366,9.7,54,2.6
"US000","5","33142","17","0","2025","1","",338,28776,28889,28990,651109438,322442437,6054878,1734,"",1.00,1.00,1.00,1.00,1.00,1.00,1.00,1.00,"",-4,-1.2,681,2.4,790,2.8,755,2.7,-36857279,-5.4,6960825,2.2,600631,11.0,-146,-7.8
"US000","5","331420","18","0","2025","1","",338,28776,28889,28990,651109438,322442437,6054878,1734,"",1.00,1.00,1.00,1.00,1.00,1.00,1.00,1.00,"",-4,-1.2,681,2.4,790,2.8,755,2.7,-36857279,-5.4,6960825,2.2,600631,11.0,-146,-7.8
"US000","5","33149","17","0","2025","1","",604,24678,24704,24684,566330659,297496821,5545508,1765,"",1.00,1.00,1.00,1.00,1.00,1.00,1.00,1.00,"",3,0.5,-1020,-4.0,-886,-3.5,-970,-3.8,-5471530,-1.0,-232406,-0.1,-192310,-3.4,50,2.9
"US000","5","331491","18","0","2025","1","",340,14816,14828,14807,334219905,187111215,3525995,1735,"",1.00,1.00,1.00,1.00,1.00,1.00,1.00,1.00,"",3,0.9,-597,-3.9,-525,-3.4,-587,-3.8,-2861430,-0.8,2272170,1.2,-158246,-4.3,50,3.0
"US000","5","331492","18","0","2025","1","",264,9862,9876,9877,232110754,110385606,2019513,1809,"",1.00,1.00,1.00,1.00,1.00,1.00,1.00,1.00,"",0,0.0,-423,-4.1,-361,-3.5,-383,-3.7,-2610100,-1.1,-2504576,-2.2,-34064,-1.7,49,2.8
"US000","5","3315","16","0","2025","1","",1652,100849,101423,101266,2077598071,1130354107,20813647,1580,"",1.00,1.00,1.00,1.00,1.00,1.00,1.00,1.00,"",-19,-1.1,-4871,-4.6,-4320,-4.1,-4043,-3.8,36430020,1.8,-31496980,-2.7,-484532,-2.3,93,6.3
"US000","5","33151","17","0","2025","1","",732,53524,53793,53843,1217416975,610890766,11555381,1743,"",1.00,1.00,1.00,1.00,1.00,1.00,1.00,1.00,"",0,0.0,-2069,-3.7,-1843,-3.3,-1690,-3.0,42440036,3.6,-10723837,-1.7,-525719,-4.4,117,7.2
"US000","5","331511","18","0","2025","1","",364,31943,32222,32224,799550986,344332019,6119377,1914,"",1.00,1.00,1.00,1.00,1.00,1.00,1.00,1.00,"",-4,-1.1,-1345,-4.0,-1165,-3.5,-1168,-3.5,30616542,4.0,-10340364,-2.9,-141497,-2.3,141,8.0
"US000","5","331512","18","0","2025","1","",117,10774,10771,10813,206141607,140836299,2316900,1470,"",1.00,1.00,1.00,1.00,1.00,1.00,1.00,1.00,"",-3,-2.5,-447,-4.0,-444,-4.0,-374,-3.3,6007242,3.0,2475236,1.8,102040,4.6,96,7.0
"US000","5","331513","18","0","2025","1","",251,10807,10800,10806,211724382,125722448,3119104,1507,"",1.00,1.00,1.00,1.00,1.00,1.00,1.00,1.00,"",7,2.9,-277,-2.5,-234,-2.1,-148,-1.4,5816252,2.8,-2858709,-2.2,-486262,-13.5,70,4.9
"US000","5","33152","17","0","2025","1","",920,47325,47630,47423,860181096,519463341,9258266,1394,"",1.00,1.00,1.00,1.00,1.00,1.00,1.00,1.00,"",-19,-2.0,-2802,-5.6,-2477,-4.9,-2353,-4.7,-6010016,-0.7,-20773143,-3.8,41187,0.4,61,4.6
"US000","5","331523","18","0","2025","1","",293,19445,19577,19375,347199512,202789441,3508652,1372,"",1.00,1.00,1.00,1.00,1.00,1.00,1.00,1.00,"",-9,-3.0,-1940,-9.1,-1771,-8.3,-1674,-8.0,-17468254,-4.8,-19914266,-8.9,-279184,-7.4,53,4.0
"US000","5","331524","18","0","2025","1","",343,14666,14728,14702,249761187,161796447,2754461,1307,"",1.00,1.00,1.00,1.00,1.00,1.00,1.00,1.00,"",-1,-0.3,-973,-6.2,-931,-5.9,-948,-6.1,-7139814,-2.8,-9020928,-5.3,177491,6.9,44,3.5
"US000","5","331529","18","0","2025","1","",284,13214,13325,13346,263220397,154877453,2995153,1523,"",1.00,1.00,1.00,1.00,1.00,1.00,1.00,1.00,"",-9,-3.1,111,0.8,225,1.7,269,2.1,18598052,7.6,8162051,5.6,142880,5.0,86,6.0
"US000","5","332","15","0","2025","1","",60973,1425825,1428256,1429751,26768476485,15290637155,251214239,1442,"",1.00,1.00,1.00,1.00,1.00,1.00,1.00,1.00,"",319,0.5,-12977,-0.9,-14275,-1.0,-14701,-1.0,346783996,1.3,-13159394,-0.1,-3951899,-1.5,32,2.3
"US000","5","3321","16","0","2025","1","",2249,85482,85393,85112,1562285581,925975299,17516598,1408,"",1.00,1.00,1.00,1.00,1.00,1.00,1.00,1.00,"",3,0.1,-4072,-4.5,-4076,-4.6,-4471,-5.0,-42565983,-2.7,-40869315,-4.2,-605014,-3.3,29,2.1
"US000","5","33211","17","0","2025","1","",2249,85482,85393,85112,1562285581,925975299,17516598,1408,"",1.00,1.00,1.00,1.00,1.00,1.00,1.00,1.00,"",3,0.1,-4072,-4.5,-4076,-4.6,-4471,-5.0,-42565983,-2.7,-40869315,-4.2,-605014,-3.3,29,2.1
"US000","5","332111","18","0","2025","1","",506,19520,19509,19393,397169287,206584455,3948805,1569,"",1.00,1.00,1.00,1.00,1.00,1.00,1.00,1.00,"",-4,-0.8,-904,-4.4,-951,-4.6,-1105,-5.4,-11204069,-2.7,-7389808,-3.5,-287670,-6.8,34,2.2
"US000","5","332112","18","0","2025","1","",95,6804,6793,6817,166528152,66386839,1356870,1883,"",1.00,1.00,1.00,1.00,1.00,1.00,1.00,1.00,"",6,6.7,-99,-1.4,-212,-3.0,-172,-2.5,6588716,4.1,-1131305,-1.7,68892,5.3,117,6.6
"US000","5","332114","18","0","2025","1","",255,6150,6096,6071,116474314,59754370,1106805,1467,"",1.00,1.00,1.00,1.00,1.00,1.00,1.00,1.00,"",20,8.5,308,5.3,286,4.9,231,4.0,6224232,5.6,2424715,4.2,-167948,-13.2,12,0.8
"US000","5","332117","18","0","2025","1","",168,7870,7808,7705,127860975,83996483,2605216,1262,"",1.00,1.00,1.00,1.00,1.00,1.00,1.00,1.00,"",-7,-4.0,-346,-4.2,-405,-4.9,-494,-6.0,-3870132,-2.9,-1730920,-2.0,-2394,-0.1,28,2.3
"US000","5","332119","18","0","2025","1","",1225,45138,45187,45126,754252853,509253152,8498902,1285,"",1.00,1.00,1.00,1.00,1.00,1.00,1.00,1.00,"",-12,-1.0,-3031,-6.3,-2794,-5.8,-2931,-6.1,-40304730,-5.1,-33041997,-6.1,-215894,-2.5,13,1.0
"US000","5","3322","16","0","2025","1","",1351,32464,32435,32352,674146485,386802298,6345061,1600,"",1.00,1.00,1.00,1.00,1.00,1.00,1.00,1.00,"",-36,-2.6,-1837,-5.4,-1757,-5.1,-1850,-5.4,686464,0.1,-9123861,-2.3,60564,1.0,87,5.8
"US000","5","33221","17","0","2025","1","",1351,32464,32435,32352,674146485,386802298,6345061,1600,"",1.00,1.00,1.00,1.00,1.00,1.00,1.00,1.00,"",-36,-2.6,-1837,-5.4,-1757,-5.1,-1850,-5.4,686464,0.1,-9123861,-2.3,60564,1.0,87,5.8
"US000","5","332215","18","0","2025","1","",369,9173,9191,9197,211721770,117078120,1899150,1773,"",1.00,1.00,1.00,1.00,1.00,1.00,1.00,1.00,"",7,1.9,-80,-0.9,-31,-0.3,-50,-0.5,562599,0.3,1072815,0.9,-71432,-3.6,15,0.9
"US000","5","332216","18","0","2025","1","",982,23291,23244,23155,462424715,269724178,4445911,1531,"",1.00,1.00,1.00,1.00,1.00,1.00,1.00,1.00,"",-43,-4.2,-1757,-7.0,-1726,-6.9,-1800,-7.2,123865,0.0,-10196676,-3.6,131996,3.1,108,7.6
"US000","5","3323","16","0","2025","1","",16835,412084,412649,413301,7573640547,4361293496,71209276,1412,"",1.00,1.00,1.00,1.00,1.00,1.00,1.00,1.00,"",207,1.2,2166,0.5,1407,0.3,1004,0.2,175672927,2.4,63812807,1.5,-1863381,-2.6,28,2.0
"US000","5","33231","17","0","2025","1","",7413,185996,186810,187077,3738769831,2024863300,30060815,1541,"",1.00,1.00,1.00,1.00,1.00,1.00,1.00,1.00,"",155,2.1,1937,1.1,2106,1.1,1829,1.0,132726487,3.7,49624911,2.5,-1140570,-3.7,39,2.6
"US000","5","332311","18","0","2025","1","",1533,38521,38701,38846,756606882,397133987,6131187,1504,"",1.00,1.00,1.00,1.00,1.00,1.00,1.00,1.00,"",61,4.1,1280,3.4,1173,3.1,1225,3.3,-16470963,-2.1,6891773,1.8,120262,2.0,-83,-5.2
"US000","5","332312","18","0","2025","1","",3964,99152,99499,99751,1970575124,1094459188,16034678,1524,"",1.00,1.00,1.00,1.00,1.00,1.00,1.00,1.00,"",84,2.2,674,0.7,833,0.8,828,0.8,53239554,2.8,18409528,1.7,-817433,-4.9,30,2.0
"US000","5","332313","18","0","2025","1","",1916,48323,48610,48480,1011587825,533270125,7894950,1605,"",1.00,1.00,1.00,1.00,1.00,1.00,1.00,1.00,"",10,0.5,-17,0.0,100,0.2,-224,-0.5,95957896,10.5,24323610,4.8,-443399,-5.3,153,10.5
"US000","5","33232","17","0","2025","1","",9422,226088,225839,226224,3834870716,2336430196,41148461,1305,"",1.00,1.00,1.00,1.00,1.00,1.00,1.00,1.00,"",52,0.6,229,0.1,-699,-0.3,-825,-0.4,42946440,1.1,14187896,0.6,-722811,-1.7,17,1.3
"US000","5","332321","18","0","2025","1","",1591,67834,67338,67154,1126268997,650838769,9924010,1285,"",1.00,1.00,1.00,1.00,1.00,1.00,1.00,1.00,"",38,2.4,290,0.4,-372,-0.5,-578,-0.9,3848809,0.3,5217733,0.8,-858265,-8.0,9,0.7
"US000","5","332322","18","0","2025","1","",4512,114068,114279,114578,1938213314,1210428621,22327633,1304,"",1.00,1.00,1.00,1.00,1.00,1.00,1.00,1.00,"",-3,-0.1,-104,-0.1,-255,-0.2,-204,-0.2,23137103,1.2,4695782,0.4,-99990,-0.4,17,1.3
"US000","5","332323","18","0","2025","1","",3319,44186,44222,44492,770388405,475162806,8896818,1338,"",1.00,1.00,1.00,1.00,1.00,1.00,1.00,1.00,"",17,0.5,43,0.1,-72,-0.2,-43,-0.1,15960528,2.1,4274381,0.9,235444,2.7,29,2.2
"US000","5","3324","16","0","2025","1","",2187,97275,97658,97973,2046695532,1117445562,19233311,1613,"",1.00,1.00,1.00,1.00,1.00,1.00,1.00,1.00,"",59,2.8,-1396,-1.4,-1260,-1.3,-964,-1.0,49331177,2.5,6571563,0.6,-329301,-1.7,59,3.8
"US000","5","33241","17","0","2025","1","",432,22847,23011,23284,515079749,284514492,5201398,1719,"",1.00,1.00,1.00,1.00,1.00,1.00,1.00,1.00,"",12,2.9,584,2.6,555,2.5,871,3.9,32464505,6.7,16350785,6.1,466364,9.8,60,3.6
"US000","5","332410","18","0","2025","1","",432,22847,23011,23284,515079749,284514492,5201398,1719,"",1.00,1.00,1.00,1.00,1.00,1.00,1.00,1.00,"",12,2.9,584,2.6,555,2.5,871,3.9,32464505,6.7,16350785,6.1,466364,9.8,60,3.6
"US000","5","33242","17","0","2025","1","",1009,37719,37886,37898,748637690,417114662,6493773,1522,"",1.00,1.00,1.00,1.00,1.00,1.00,1.00,1.00,"",24,2.4,-754,-2.0,-774,-2.0,-769,-2.0,10592597,1.4,-4030243,-1.0,-838082,-11.4,51,3.5
"US000","5","332420","18","0","2025","1","",1009,37719,37886,37898,748637690,417114662,6493773,1522,"",1.00,1.00,1.00,1.00,1.00,1.00,1.00,1.00,"",24,2.4,-754,-2.0,-774,-2.0,-769,-2.0,10592597,1.4,-4030243,-1.0,-838082,-11.4,51,3.5
"US000","5","33243","17","0","2025","1","",746,36709,36761,36791,782978093,415816408,7538140,1639,"",1.00,1.00,1.00,1.00,1.00,1.00,1.00,1.00,"",23,3.2,-1226,-3.2,-1041,-2.8,-1066,-2.8,6274075,0.8,-5748979,-1.4,42417,0.6,61,3.9
"US000","5","332431","18","0","2025","1","",243,21437,21454,21484,537211319,256596531,4592248,1926,"",1.00,1.00,1.00,1.00,1.00,1.00,1.00,1.00,"",-4,-1.6,-593,-2.7,-416,-1.9,-353,-1.6,10909972,2.1,-798889,-0.3,316578,7.4,78,4.2
"US000","5","332439","18","0","2025","1","",503,15272,15307,15307,245766774,159219877,2945892,1236,"",1.00,1.00,1.00,1.00,1.00,1.00,1.00,1.00,"",27,5.7,-633,-4.0,-625,-3.9,-713,-4.5,-4635897,-1.9,-4950090,-3.0,-274161,-8.5,29,2.4
"US000","5","3325","16","0","2025","1","",866,22106,22091,22111,483363217,259303777,3688419,1682,"",1.00,1.00,1.00,1.00,1.00,1.00,1.00,1.00,"",22,2.6,-482,-2.1,-368,-1.6,-345,-1.5,-9600861,-1.9,-884251,-0.3,36039,1.0,-3,-0.2
"US000","5","33251","17","0","2025","1","",866,22106,22091,22111,483363217,259303777,3688419,1682,"",1.00,1.00,1.00,1.00,1.00,1.00,1.00,1.00,"",22,2.6,-482,-2.1,-368,-1.6,-345,-1.5,-9600861,-1.9,-884251,-0.3,36039,1.0,-3,-0.2
"US000","5","332510","18","0","2025","1","",866,22106,22091,22111,483363217,259303777,3688419,1682,"",1.00,1.00,1.00,1.00,1.00,1.00,1.00,1.00,"",22,2.6,-482,-2.1,-368,-1.6,-345,-1.5,-9600861,-1.9,-884251,-0.3,36039,1.0,-3,-0.2
"US000","5","3326","16","0","2025","1","",1309,38524,38462,38555,656582968,405375931,6598821,1311,"",1.00,1.00,1.00,1.00,1.00,1.00,1.00,1.00,"",35,2.7,-719,-1.8,-835,-2.1,-817,-2.1,13594875,2.1,-2529166,-0.6,-142316,-2.1,53,4.2
"US000","5","33261","17","0","2025","1","",1309,38524,38462,38555,656582968,405375931,6598821,1311,"",1.00,1.00,1.00,1.00,1.00,1.00,1.00,1.00,"",35,2.7,-719,-1.8,-835,-2.1,-817,-2.1,13594875,2.1,-2529166,-0.6,-142316,-2.1,53,4.2
"US000","5","332613","18","0","2025","1","",410,15634,15573,15515,264306239,162002641,2907726,1305,"",1.00,1.00,1.00,1.00,1.00,1.00,1.00,1.00,"",16,4.1,186,1.2,152,1.0,128,0.8,11995555,4.8,2214732,1.4,8355,0.3,46,3.7
"US000","5","332618","18","0","2025","1","",899,22890,22889,23040,392276729,243373290,3691095,1315,"",1.00,1.00,1.00,1.00,1.00,1.00,1.00,1.00,"",19,2.2,-905,-3.8,-987,-4.1,-945,-3.9,1599320,0.4,-4743898,-1.9,-150671,-3.9,57,4.5
"US000","5","3327","16","0","2025","1","",20811,329863,330706,330703,5697551592,3514624180,58325945,1326,"",1.00,1.00,1.00,1.00,1.00,1.00,1.00,1.00,"",-258,-1.2,-5974,-1.8,-5847,-1.7,-5739,-1.7,42992549,0.8,-27189997,-0.8,-187405,-0.3,33,2.6
"US000","5","33271","17","0","2025","1","",18463,255398,255943,256145,4308251064,2731965636,43775226,1295,"",1.00,1.00,1.00,1.00,1.00,1.00,1.00,1.00,"",-313,-1.7,-5594,-2.1,-5553,-2.1,-5436,-2.1,34326300,0.8,-29432933,-1.1,-255500,-0.6,37,2.9
"US000","5","332710","18","0","2025","1","",18463,255398,255943,256145,4308251064,2731965636,43775226,1295,"",1.00,1.00,1.00,1.00,1.00,1.00,1.00,1.00,"",-313,-1.7,-5594,-2.1,-5553,-2.1,-5436,-2.1,34326300,0.8,-29432933,-1.1,-255500,-0.6,37,2.9
"US000","5","33272","17","0","2025","1","",2348,74465,74763,74558,1389300528,782658544,14550719,1433,"",1.00,1.00,1.00,1.00,1.00,1.00,1.00,1.00,"",55,2.4,-380,-0.5,-294,-0.4,-303,-0.4,8666249,0.6,2242936,0.3,68095,0.5,15,1.1
"US000","5","332721","18","0","2025","1","",1568,38384,38413,38257,651807474,418751912,7675231,1307,"",1.00,1.00,1.00,1.00,1.00,1.00,1.00,1.00,"",51,3.4,-668,-1.7,-600,-1.5,-764,-2.0,-14297293,-2.1,-5255802,-1.2,130721,1.7,-6,-0.5
"US000","5","332722","18","0","2025","1","",780,36081,36350,36301,737493054,363906632,6875488,1565,"",1.00,1.00,1.00,1.00,1.00,1.00,1.00,1.00,"",4,0.5,288,0.8,306,0.8,461,1.3,22963542,3.2,7498738,2.1,-62626,-0.9,34,2.2
"US000","5","3328","16","0","2025","1","",6119,127533,128319,128183,2100888242,1268680070,21467297,1262,"",1.00,1.00,1.00,1.00,1.00,1.00,1.00,1.00,"",-62,-1.0,-2456,-1.9,-2148,-1.6,-2254,-1.7,17177527,0.8,-20551352,-1.6,-842287,-3.8,32,2.6
"US000","5","33281","17","0","2025","1","",6119,127533,128319,128183,2100888242,1268680070,21467297,1262,"",1.00,1.00,1.00,1.00,1.00,1.00,1.00,1.00,"",-62,-1.0,-2456,-1.9,-2148,-1.6,-2254,-1.7,17177527,0.8,-20551352,-1.6,-842287,-3.8,32,2.6
"US000","5","332811","18","0","2025","1","",700,17856,18057,18078,348105276,185330080,3361418,1488,"",1.00,1.00,1.00,1.00,1.00,1.00,1.00,1.00,"",18,2.6,-418,-2.3,-276,-1.5,-280,-1.5,-4863551,-1.4,-3527830,-1.9,-252747,-7.0,6,0.4
"US000","5","332812","18","0","2025","1","",3073,58187,58564,58456,948301173,577653381,9366823,1249,"",1.00,1.00,1.00,1.00,1.00,1.00,1.00,1.00,"",-26,-0.8,-839,-1.4,-910,-1.5,-1037,-1.7,3456890,0.4,-6625202,-1.1,-499387,-5.1,24,2.0
"US000","5","332813","18","0","2025","1","",2346,51490,51698,51649,804481793,505696609,8739056,1199,"",1.00,1.00,1.00,1.00,1.00,1.00,1.00,1.00,"",-54,-2.2,-1199,-2.3,-962,-1.8,-937,-1.8,18584188,2.4,-10398320,-2.0,-90153,-1.0,51,4.4
"US000","5","3329","16","0","2025","1","",9246,280494,280543,281461,5973322321,3051136542,46829511,1636,"",1.00,1.00,1.00,1.00,1.00,1.00,1.00,1.00,"",349,3.9,1793,0.6,609,0.2,735,0.3,99495321,1.7,17604178,0.6,-78798,-0.2,21,1.3
"US000","5","33291","17","0","2025","1","",2012,88292,88300,88484,2082517407,970298518,13991591,1813,"",1.00,1.00,1.00,1.00,1.00,1.00,1.00,1.00,"",69,3.6,-324,-0.4,-545,-0.6,-816,-0.9,-6395427,-0.3,-9880772,-1.0,-1026351,-6.8,6,0.3
"US000","5","332911","18","0","2025","1","",797,27311,27341,27479,657440313,327641174,5143491,1847,"",1.00,1.00,1.00,1.00,1.00,1.00,1.00,1.00,"",55,7.4,311,1.2,278,1.0,359,1.3,26791340,4.2,2237099,0.7,-139796,-2.6,54,3.0
"US000","5","332912","18","0","2025","1","",565,34843,34826,34865,806610622,368306118,5185378,1781,"",1.00,1.00,1.00,1.00,1.00,1.00,1.00,1.00,"",-23,-3.9,-1110,-3.1,-1171,-3.3,-1334,-3.7,-66773733,-7.6,-12916696,-3.4,-808252,-13.5,-83,-4.5
"US000","5","332913","18","0","2025","1","",305,11533,11480,11451,263552974,117776726,1618752,1765,"",1.00,1.00,1.00,1.00,1.00,1.00,1.00,1.00,"",30,10.9,307,2.7,287,2.6,148,1.3,15281136,6.2,-3120858,-2.6,-50867,-3.0,66,3.9
"US000","5","332919","18","0","2025","1","",345,14605,14653,14689,354913498,156574500,2043970,1864,"",1.00,1.00,1.00,1.00,1.00,1.00,1.00,1.00,"",7,2.1,168,1.2,61,0.4,11,0.1,18305830,5.4,3919683,2.6,-27436,-1.3,87,4.9
"US000","5","33299","17","0","2025","1","",7234,192202,192243,192977,3890804914,2080838024,32837920,1555,"",1.00,1.00,1.00,1.00,1.00,1.00,1.00,1.00,"",280,4.0,2117,1.1,1154,0.6,1551,0.8,105890748,2.8,27484950,1.3,947553,3.0,30,2.0
"US000","5","332991","18","0","2025","1","",268,19753,19599,19605,367347742,213862941,3345022,1438,"",1.00,1.00,1.00,1.00,1.00,1.00,1.00,1.00,"",14,5.5,-269,-1.3,-480,-2.4,-587,-2.9,-281027,-0.1,-13791807,-6.1,-142147,-4.1,31,2.2
"US000","5","332992","18","0","2025","1","",208,11910,11926,11678,220024512,144323733,1302936,1430,"",1.00,1.00,1.00,1.00,1.00,1.00,1.00,1.00,"",-3,-1.4,-40,-0.3,-72,-0.6,-383,-3.2,2814147,1.3,-1662182,-1.1,-142249,-9.8,38,2.7
"US000","5","332993","18","0","2025","1","",91,18744,18825,18958,508074917,159958856,2970249,2074,"",1.00,1.00,1.00,1.00,1.00,1.00,1.00,1.00,"",2,2.2,1581,9.2,1564,9.1,1579,9.1,42396936,9.1,13900671,9.5,1255912,73.3,0,0.0
"US000","5","332994","18","0","2025","1","",878,25073,24987,25201,642202383,335893806,4436011,1969,"",1.00,1.00,1.00,1.00,1.00,1.00,1.00,1.00,"",24,2.8,272,1.1,24,0.1,213,0.9,41842777,7.0,14726862,4.6,289164,7.0,116,6.3
"US000","5","332996","18","0","2025","1","",972,32338,32327,32471,621805009,325905129,6338515,1477,"",1.00,1.00,1.00,1.00,1.00,1.00,1.00,1.00,"",21,2.2,-70,-0.2,-212,-0.7,134,0.4,-12337154,-1.9,2571872,0.8,-523501,-7.6,-27,-1.8
"US000","5","332999","18","0","2025","1","",4817,84384,84579,85064,1531350351,900893559,14445187,1391,"",1.00,1.00,1.00,1.00,1.00,1.00,1.00,1.00,"",222,4.8,643,0.8,330,0.4,595,0.7,31455069,2.1,11739534,1.3,210374,1.5,20,1.5
"US000","5","333","15","0","2025","1","",34543,1092216,1092616,1091666,26049175699,12732958789,207066859,1835,"",1.00,1.00,1.00,1.00,1.00,1.00,1.00,1.00,"",587,1.7,-22146,-2.0,-21203,-1.9,-23437,-2.1,-246355391,-0.9,-223557406,-1.7,-2824953,-1.3,20,1.1
"US000","5","3331","16","0","2025","1","",4757,204227,203934,202827,4858144195,2462993566,40914615,1835,"",1.00,1.00,1.00,1.00,1.00,1.00,1.00,1.00,"",57,1.2,-13096,-6.0,-13756,-6.3,-14620,-6.7,-360118545,-6.9,-179100082,-6.8,-4667330,-10.2,-11,-0.6
"US000","5","33311","17","0","2025","1","",1931,75478,75156,74315,1340102734,922326901,16294308,1375,"",1.00,1.00,1.00,1.00,1.00,1.00,1.00,1.00,"",1,0.1,-9761,-11.5,-9882,-11.6,-10134,-12.0,-178503051,-11.8,-131734383,-12.5,-1389030,-7.9,-1,-0.1
"US000","5","333111","18","0","2025","1","",1650,60489,60251,59889,1108758174,763627486,12610176,1417,"",1.00,1.00,1.00,1.00,1.00,1.00,1.00,1.00,"",-7,-0.4,-7671,-11.3,-7846,-11.5,-7756,-11.5,-172187562,-13.4,-119483973,-13.5,-1310852,-9.4,-33,-2.3
"US000","5","333112","18","0","2025","1","",281,14989,14905,14426,231344560,158699415,3684132,1205,"",1.00,1.00,1.00,1.00,1.00,1.00,1.00,1.00,"",8,2.9,-2090,-12.2,-2036,-12.0,-2378,-14.2,-6315489,-2.7,-12250410,-7.2,-78178,-2.1,126,11.7
"US000","5","33312","17","0","2025","1","",1155,74023,73802,73691,1831740210,952606923,14774969,1908,"",1.00,1.00,1.00,1.00,1.00,1.00,1.00,1.00,"",33,2.9,-2249,-2.9,-2557,-3.3,-2886,-3.8,-171872373,-8.6,-41824874,-4.2,-490653,-3.2,-109,-5.4
"US000","5","333120","18","0","2025","1","",1155,74023,73802,73691,1831740210,952606923,14774969,1908,"",1.00,1.00,1.00,1.00,1.00,1.00,1.00,1.00,"",33,2.9,-2249,-2.9,-2557,-3.3,-2886,-3.8,-171872373,-8.6,-41824874,-4.2,-490653,-3.2,-109,-5.4
"US000","5","33313","17","0","2025","1","",1671,54726,54976,54821,1686301251,588059742,9845338,2365,"",1.00,1.00,1.00,1.00,1.00,1.00,1.00,1.00,"",23,1.4,-1086,-1.9,-1317,-2.3,-1600,-2.8,-9743121,-0.6,-5540825,-0.9,-2787647,-22.1,43,1.9
"US000","5","333131","18","0","2025","1","",353,9246,9354,9285,197211582,97079551,1659583,1632,"",1.00,1.00,1.00,1.00,1.00,1.00,1.00,1.00,"",8,2.3,-87,-0.9,-21,-0.2,-129,-1.4,5883067,3.1,648956,0.7,-40707,-2.4,62,3.9
"US000","5","333132","18","0","2025","1","",1318,45480,45622,45536,1489089669,490980191,8185755,2515,"",1.00,1.00,1.00,1.00,1.00,1.00,1.00,1.00,"",15,1.2,-999,-2.1,-1296,-2.8,-1471,-3.1,-15626188,-1.0,-6189781,-1.2,-2746940,-25.1,42,1.7
"US000","5","3332","16","0","2025","1","",5553,130712,130597,130433,3965987051,1607621754,30337842,2336,"",1.00,1.00,1.00,1.00,1.00,1.00,1.00,1.00,"",205,3.8,-394,-0.3,-546,-0.4,-833,-0.6,-73902536,-1.8,33349050,2.1,2840275,10.3,-33,-1.4
"US000","5","33324","17","0","2025","1","",5553,130712,130597,130433,3965987051,1607621754,30337842,2336,"",1.00,1.00,1.00,1.00,1.00,1.00,1.00,1.00,"",205,3.8,-394,-0.3,-546,-0.4,-833,-0.6,-73902536,-1.8,33349050,2.1,2840275,10.3,-33,-1.4
"US000","5","333241","18","0","2025","1","",956,20547,20533,20501,445361236,254143455,3318954,1669,"",1.00,1.00,1.00,1.00,1.00,1.00,1.00,1.00,"",48,5.3,-156,-0.8,-107,-0.5,-265,-1.3,747344,0.2,313147,0.1,-89999,-2.6,17,1.0
"US000","5","333242","18","0","2025","1","",423,29347,29355,29163,1696402341,411116757,10582638,4455,"",1.00,1.00,1.00,1.00,1.00,1.00,1.00,1.00,"",17,4.2,388,1.3,436,1.5,261,0.9,-90787482,-5.1,26652924,6.9,2769924,35.5,-298,-6.3
"US000","5","333243","18","0","2025","1","",552,11914,11891,11883,260111583,150700629,1840271,1682,"",1.00,1.00,1.00,1.00,1.00,1.00,1.00,1.00,"",1,0.2,-743,-5.9,-709,-5.6,-660,-5.3,-2522927,-1.0,-6443884,-4.1,-218910,-10.6,79,4.9
"US000","5","333248","18","0","2025","1","",3622,68904,68818,68886,1564111891,791660913,14595979,1747,"",1.00,1.00,1.00,1.00,1.00,1.00,1.00,1.00,"",139,4.0,117,0.2,-166,-0.2,-169,-0.2,18660529,1.2,12826863,1.6,379260,2.7,23,1.3
"US000","5","3333","16","0","2025","1","",3120,85934,85972,85921,2188852471,1057239165,17231313,1959,"",1.00,1.00,1.00,1.00,1.00,1.00,1.00,1.00,"",13,0.4,-2010,-2.3,-2030,-2.3,-2109,-2.4,-11133443,-0.5,-14363852,-1.3,84739,0.5,36,1.9
"US000","5","33331","17","0","2025","1","",3120,85934,85972,85921,2188852471,1057239165,17231313,1959,"",1.00,1.00,1.00,1.00,1.00,1.00,1.00,1.00,"",13,0.4,-2010,-2.3,-2030,-2.3,-2109,-2.4,-11133443,-0.5,-14363852,-1.3,84739,0.5,36,1.9
"US000","5","333310","18","0","2025","1","",3120,85934,85972,85921,2188852471,1057239165,17231313,1959,"",1.00,1.00,1.00,1.00,1.00,1.00,1.00,1.00,"",13,0.4,-2010,-2.3,-2030,-2.3,-2109,-2.4,-11133443,-0.5,-14363852,-1.3,84739,0.5,36,1.9
"US000","5","3334","16","0","2025","1","",3066,147871,148987,148967,2804628675,1575773595,23527715,1452,"",1.00,1.00,1.00,1.00,1.00,1.00,1.00,1.00,"",147,5.0,4587,3.2,5445,3.8,4987,3.5,130890684,4.9,56192957,3.7,-176092,-0.7,20,1.4
"US000","5","33341","17","0","2025","1","",3066,147871,148987,148967,2804628675,1575773595,23527715,1452,"",1.00,1.00,1.00,1.00,1.00,1.00,1.00,1.00,"",147,5.0,4587,3.2,5445,3.8,4987,3.5,130890684,4.9,56192957,3.7,-176092,-0.7,20,1.4
"US000","5","333413","18","0","2025","1","",935,32637,32873,32918,598373086,356321205,4846612,1403,"",1.00,1.00,1.00,1.00,1.00,1.00,1.00,1.00,"",59,6.7,514,1.6,695,2.2,584,1.8,29664357,5.2,9112216,2.6,-287991,-5.6,45,3.3
"US000","5","333414","18","0","2025","1","",545,14813,15230,15234,271593491,170799095,2712153,1384,"",1.00,1.00,1.00,1.00,1.00,1.00,1.00,1.00,"",12,2.3,-560,-3.6,-110,-0.7,10,0.1,2535246,0.9,4124819,2.5,90128,3.4,32,2.4
"US000","5","333415","18","0","2025","1","",1586,100421,100884,100815,1934662098,1048653295,15968950,1478,"",1.00,1.00,1.00,1.00,1.00,1.00,1.00,1.00,"",76,5.0,4633,4.8,4860,5.1,4393,4.6,98691081,5.4,42955922,4.3,21771,0.1,8,0.5
"US000","5","3335","16","0","2025","1","",7412,152258,151895,151459,2900511463,1654440983,26577111,1469,"",1.00,1.00,1.00,1.00,1.00,1.00,1.00,1.00,"",-109,-1.4,-5402,-3.4,-5596,-3.6,-5995,-3.8,-5850624,-0.2,-56935153,-3.3,-1406439,-5.0,50,3.5
"US000","5","33351","17","0","2025","1","",7412,152258,151895,151459,2900511463,1654440983,26577111,1469,"",1.00,1.00,1.00,1.00,1.00,1.00,1.00,1.00,"",-109,-1.4,-5402,-3.4,-5596,-3.6,-5995,-3.8,-5850624,-0.2,-56935153,-3.3,-1406439,-5.0,50,3.5
"US000","5","333511","18","0","2025","1","",1417,30661,30564,30524,545160618,348609101,5051171,1371,"",1.00,1.00,1.00,1.00,1.00,1.00,1.00,1.00,"",-50,-3.4,-1416,-4.4,-1608,-5.0,-1628,-5.1,-9615022,-1.7,-7697468,-2.2,-154067,-3.0,43,3.2
"US000","5","333514","18","0","2025","1","",2429,48972,48789,48618,887440489,514507652,8551501,1399,"",1.00,1.00,1.00,1.00,1.00,1.00,1.00,1.00,"",-96,-3.8,-2175,-4.3,-2283,-4.5,-2516,-4.9,-30313131,-3.3,-23730419,-4.4,-678529,-7.4,18,1.3
"US000","5","333515","18","0","2025","1","",1110,20724,20702,20556,389409221,227703173,3555555,1450,"",1.00,1.00,1.00,1.00,1.00,1.00,1.00,1.00,"",14,1.3,-192,-0.9,-136,-0.7,-372,-1.8,-6343845,-1.6,-3107669,-1.3,-175198,-4.7,-7,-0.5
"US000","5","333517","18","0","2025","1","",2070,41057,41035,41007,826300388,443218292,6894113,1549,"",1.00,1.00,1.00,1.00,1.00,1.00,1.00,1.00,"",26,1.3,-1040,-2.5,-1013,-2.4,-914,-2.2,31961731,4.0,-17147762,-3.7,-357691,-4.9,95,6.5
"US000","5","333519","18","0","2025","1","",386,10844,10805,10754,252200747,120402765,2524771,1796,"",1.00,1.00,1.00,1.00,1.00,1.00,1.00,1.00,"",-3,-0.8,-579,-5.1,-556,-4.9,-565,-5.0,8459643,3.5,-5251835,-4.2,-40954,-1.6,147,8.9
"US000","5","3336","16","0","2025","1","",1450,92305,92454,93560,2848061174,1101957031,17947699,2361,"",1.00,1.00,1.00,1.00,1.00,1.00,1.00,1.00,"",-47,-3.1,-590,-0.6,625,0.7,1087,1.2,36201581,1.3,-18210957,-1.6,1078165,6.4,20,0.9
"US000","5","33361","17","0","2025","1","",1450,92305,92454,93560,2848061174,1101957031,17947699,2361,"",1.00,1.00,1.00,1.00,1.00,1.00,1.00,1.00,"",-47,-3.1,-590,-0.6,625,0.7,1087,1.2,36201581,1.3,-18210957,-1.6,1078165,6.4,20,0.9
"US000","5","333611","18","0","2025","1","",414,20840,21037,21712,714950437,244415506,4039556,2595,"",1.00,1.00,1.00,1.00,1.00,1.00,1.00,1.00,"",-64,-13.4,1085,5.5,1488,7.6,1824,9.2,25403168,3.7,-19170013,-7.3,405029,11.1,-93,-3.5
"US000","5","333612","18","0","2025","1","",285,10942,10841,10770,215497664,122503807,2210819,1528,"",1.00,1.00,1.00,1.00,1.00,1.00,1.00,1.00,"",-2,-0.7,-463,-4.1,-479,-4.2,-563,-5.0,-4196526,-1.9,-3408880,-2.7,-117654,-5.1,39,2.6
"US000","5","333613","18","0","2025","1","",330,12621,12614,12727,255076887,154293499,2496614,1551,"",1.00,1.00,1.00,1.00,1.00,1.00,1.00,1.00,"",-7,-2.1,-784,-5.8,-593,-4.5,-528,-4.0,-3750046,-1.4,-486702,-0.3,-79434,-3.1,53,3.5
"US000","5","333618","18","0","2025","1","",421,47902,47962,48351,1662536186,580744219,9200710,2660,"",1.00,1.00,1.00,1.00,1.00,1.00,1.00,1.00,"",26,6.6,-428,-0.9,209,0.4,354,0.7,18744985,1.1,4854638,0.8,870224,10.4,27,1.0
"US000","5","3339","16","0","2025","1","",9185,278909,278777,278499,6482990670,3272932695,50530564,1789,"",1.00,1.00,1.00,1.00,1.00,1.00,1.00,1.00,"",321,3.6,-5241,-1.8,-5345,-1.9,-5954,-2.1,37557492,0.6,-44489369,-1.3,-578271,-1.1,45,2.6
"US000","5","33391","17","0","2025","1","",1426,47027,47034,47158,1239509219,562012330,8463432,2026,"",1.00,1.00,1.00,1.00,1.00,1.00,1.00,1.00,"",49,3.6,-66,-0.1,-84,-0.2,-127,-0.3,54801830,4.6,8552189,1.5,127726,1.5,94,4.9
"US000","5","333912","18","0","2025","1","",491,19025,18958,18943,502523170,217972427,3474453,2037,"",1.00,1.00,1.00,1.00,1.00,1.00,1.00,1.00,"",19,4.0,-522,-2.7,-638,-3.3,-684,-3.5,-10160282,-2.0,-2881802,-1.3,-184702,-5.0,24,1.2
"US000","5","333914","18","0","2025","1","",935,28002,28076,28215,736986049,344039903,4988979,2018,"",1.00,1.00,1.00,1.00,1.00,1.00,1.00,1.00,"",30,3.3,456,1.7,554,2.0,557,2.0,64962112,9.7,11433991,3.4,312428,6.7,143,7.6
"US000","5","33392","17","0","2025","1","",2448,94174,94038,93787,2061362365,1093318844,16187138,1687,"",1.00,1.00,1.00,1.00,1.00,1.00,1.00,1.00,"",84,3.6,-1697,-1.8,-2253,-2.3,-2620,-2.7,8757885,0.4,-33948147,-3.0,-933955,-5.5,46,2.8
"US000","5","333921","18","0","2025","1","",307,11355,11289,11174,276665322,130367509,2003876,1888,"",1.00,1.00,1.00,1.00,1.00,1.00,1.00,1.00,"",17,5.9,46,0.4,-23,-0.2,-172,-1.5,2719285,1.0,-1352806,-1.0,66607,3.4,27,1.5
"US000","5","333922","18","0","2025","1","",1169,35664,35587,35490,821436949,405724009,6787787,1776,"",1.00,1.00,1.00,1.00,1.00,1.00,1.00,1.00,"",49,4.4,-1203,-3.3,-1443,-3.9,-1318,-3.6,8723339,1.1,-15520248,-3.7,-625775,-8.4,82,4.8
"US000","5","333923","18","0","2025","1","",490,15650,15591,15533,334899852,205776002,3057750,1652,"",1.00,1.00,1.00,1.00,1.00,1.00,1.00,1.00,"",9,1.9,262,1.7,134,0.9,-74,-0.5,13867335,4.3,2428335,1.2,-248413,-7.5,57,3.6
"US000","5","333924","18","0","2025","1","",482,31505,31571,31590,628360242,351451324,4337725,1532,"",1.00,1.00,1.00,1.00,1.00,1.00,1.00,1.00,"",9,1.9,-802,-2.5,-921,-2.8,-1056,-3.2,-16552074,-2.6,-19503428,-5.3,-126374,-2.8,5,0.3
"US000","5","33399","17","0","2025","1","",5311,137708,137705,137554,3182119086,1617601521,25879994,1778,"",1.00,1.00,1.00,1.00,1.00,1.00,1.00,1.00,"",188,3.7,-3478,-2.5,-3008,-2.1,-3207,-2.3,-26002223,-0.8,-19093411,-1.2,227958,0.9,26,1.5
"US000","5","333991","18","0","2025","1","",253,9809,9831,9787,296097558,109742683,1844571,2322,"",1.00,1.00,1.00,1.00,1.00,1.00,1.00,1.00,"",7,2.8,-418,-4.1,-391,-3.8,-451,-4.4,13052423,4.6,-3890082,-3.4,307592,20.0,193,9.1
"US000","5","333992","18","0","2025","1","",850,15490,15548,15502,343117819,161178681,2550036,1701,"",1.00,1.00,1.00,1.00,1.00,1.00,1.00,1.00,"",35,4.3,98,0.6,63,0.4,87,0.6,-3961392,-1.1,-216054,-0.1,-28063,-1.1,-29,-1.7
"US000","5","333993","18","0","2025","1","",1002,23606,23587,23484,570156670,302355463,4557487,1862,"",1.00,1.00,1.00,1.00,1.00,1.00,1.00,1.00,"",45,4.7,-487,-2.0,-353,-1.5,-443,-1.9,9319534,1.7,-1930362,-0.6,-68276,-1.5,63,3.5
"US000","5","333994","18","0","2025","1","",369,9668,9688,9723,232449719,122088996,2261925,1845,"",1.00,1.00,1.00,1.00,1.00,1.00,1.00,1.00,"",-5,-1.3,116,1.2,113,1.2,84,0.9,13114128,6.0,3606106,3.0,-24133,-1.1,85,4.8
"US000","5","333995","18","0","2025","1","",393,15288,15295,15340,288735476,177295656,2586606,1451,"",1.00,1.00,1.00,1.00,1.00,1.00,1.00,1.00,"",11,2.9,-748,-4.7,-664,-4.2,-589,-3.7,-8151887,-2.7,-8081593,-4.4,-242475,-8.6,21,1.5
"US000","5","333996","18","0","2025","1","",305,17612,17602,17596,455338394,220242461,3388337,1990,"",1.00,1.00,1.00,1.00,1.00,1.00,1.00,1.00,"",5,1.7,-847,-4.6,-827,-4.5,-947,-5.1,-70881007,-13.5,-4765406,-2.1,53257,1.6,-201,-9.2
"US000","5","333998","18","0","2025","1","",2139,46235,46154,46122,996223450,524697581,8691032,1660,"",1.00,1.00,1.00,1.00,1.00,1.00,1.00,1.00,"",90,4.4,-1192,-2.5,-949,-2.0,-948,-2.0,21505978,2.2,-3816020,-0.7,230056,2.7,71,4.5
"US000","5","334","15","0","2025","1","",26055,1001507,1002362,999759,42658664590,13210965704,226498325,3277,"",1.00,1.00,1.00,1.00,1.00,1.00,1.00,1.00,"",408,1.6,-24163,-2.4,-22014,-2.1,-23792,-2.3,404409255,1.0,-39120410,-0.3,12981886,6.1,105,3.3
"US000","5","3341","16","0","2025","1","",2428,99441,99586,100096,5708479212,1371248263,26274721,4404,"",1.00,1.00,1.00,1.00,1.00,1.00,1.00,1.00,"",41,1.7,-9542,-8.8,-8817,-8.1,-7711,-7.2,-338967026,-5.6,-19773445,-1.4,2728690,11.6,113,2.6
"US000","5","33411","17","0","2025","1","",2428,99441,99586,100096,5708479212,1371248263,26274721,4404,"",1.00,1.00,1.00,1.00,1.00,1.00,1.00,1.00,"",41,1.7,-9542,-8.8,-8817,-8.1,-7711,-7.2,-338967026,-5.6,-19773445,-1.4,2728690,11.6,113,2.6
"US000","5","334111","18","0","2025","1","",1068,57100,57264,57806,3723036807,650994726,14846359,4990,"",1.00,1.00,1.00,1.00,1.00,1.00,1.00,1.00,"",49,4.8,-6330,-10.0,-5846,-9.3,-5113,-8.1,-294737260,-7.3,-1329207,-0.2,1863384,14.4,96,2.0
"US000","5","334112","18","0","2025","1","",282,13280,13296,13301,832391126,188547593,5384376,4817,"",1.00,1.00,1.00,1.00,1.00,1.00,1.00,1.00,"",23,8.9,-988,-6.9,-862,-6.1,-812,-5.8,-45691434,-5.2,-3311222,-1.7,861871,19.1,54,1.1
"US000","5","334118","18","0","2025","1","",1078,29061,29026,28989,1153051279,531705944,6043986,3056,"",1.00,1.00,1.00,1.00,1.00,1.00,1.00,1.00,"",-31,-2.8,-2224,-7.1,-2109,-6.8,-1786,-5.8,1461668,0.1,-15133016,-2.8,3435,0.1,204,7.2
"US000","5","3342","16","0","2025","1","",2983,78862,78906,78627,2866633859,919516839,17198577,2798,"",1.00,1.00,1.00,1.00,1.00,1.00,1.00,1.00,"",87,3.0,-5249,-6.2,-4621,-5.5,-4575,-5.5,80142297,2.9,-31018798,-3.3,24570,0.1,234,9.1
"US000","5","33421","17","0","2025","1","",438,12346,12268,12216,637798701,147485207,3392764,3996,"",1.00,1.00,1.00,1.00,1.00,1.00,1.00,1.00,"",-19,-4.2,-1655,-11.8,-1718,-12.3,-1650,-11.9,53036604,9.1,-25244797,-14.6,-99950,-2.9,772,23.9
"US000","5","334210","18","0","2025","1","",438,12346,12268,12216,637798701,147485207,3392764,3996,"",1.00,1.00,1.00,1.00,1.00,1.00,1.00,1.00,"",-19,-4.2,-1655,-11.8,-1718,-12.3,-1650,-11.9,53036604,9.1,-25244797,-14.6,-99950,-2.9,772,23.9
"US000","5","33422","17","0","2025","1","",1651,48417,48497,48341,1741601458,556559901,10144797,2767,"",1.00,1.00,1.00,1.00,1.00,1.00,1.00,1.00,"",38,2.4,-3319,-6.4,-2726,-5.3,-2620,-5.1,-8730820,-0.5,-13608121,-2.4,-49046,-0.5,143,5.4
"US000","5","334220","18","0","2025","1","",1651,48417,48497,48341,1741601458,556559901,10144797,2767,"",1.00,1.00,1.00,1.00,1.00,1.00,1.00,1.00,"",38,2.4,-3319,-6.4,-2726,-5.3,-2620,-5.1,-8730820,-0.5,-13608121,-2.4,-49046,-0.5,143,5.4
"US000","5","33429","17","0","2025","1","",894,18099,18141,18070,487233700,215471731,3661016,2070,"",1.00,1.00,1.00,1.00,1.00,1.00,1.00,1.00,"",68,8.2,-275,-1.5,-177,-1.0,-305,-1.7,35836513,7.9,7834120,3.8,173566,5.0,178,9.4
"US000","5","334290","18","0","2025","1","",894,18099,18141,18070,487233700,215471731,3661016,2070,"",1.00,1.00,1.00,1.00,1.00,1.00,1.00,1.00,"",68,8.2,-275,-1.5,-177,-1.0,-305,-1.7,35836513,7.9,7834120,3.8,173566,5.0,178,9.4
"US000","5","3343","16","0","2025","1","",1135,18965,18808,18771,642519085,210289617,5571176,2622,"",1.00,1.00,1.00,1.00,1.00,1.00,1.00,1.00,"",51,4.7,45,0.2,-120,-0.6,-219,-1.2,24419907,4.0,1490932,0.7,426106,8.3,112,4.5
"US000","5","33431","17","0","2025","1","",1135,18965,18808,18771,642519085,210289617,5571176,2622,"",1.00,1.00,1.00,1.00,1.00,1.00,1.00,1.00,"",51,4.7,45,0.2,-120,-0.6,-219,-1.2,24419907,4.0,1490932,0.7,426106,8.3,112,4.5
"US000","5","334310","18","0","2025","1","",1135,18965,18808,18771,642519085,210289617,5571176,2622,"",1.00,1.00,1.00,1.00,1.00,1.00,1.00,1.00,"",51,4.7,45,0.2,-120,-0.6,-219,-1.2,24419907,4.0,1490932,0.7,426106,8.3,112,4.5
"US000","5","3344","16","0","2025","1","",7083,385349,387025,383909,17864353950,5082686353,88244222,3565,"",1.00,1.00,1.00,1.00,1.00,1.00,1.00,1.00,"",123,1.8,-7268,-1.9,-5716,-1.5,-8769,-2.2,45100641,0.3,-94478851,-1.8,1914516,2.2,74,2.1
"US000","5","33441","17","0","2025","1","",7083,385349,387025,383909,17864353950,5082686353,88244222,3565,"",1.00,1.00,1.00,1.00,1.00,1.00,1.00,1.00,"",123,1.8,-7268,-1.9,-5716,-1.5,-8769,-2.2,45100641,0.3,-94478851,-1.8,1914516,2.2,74,2.1
"US000","5","334412","18","0","2025","1","",505,25438,25479,25451,572299531,256659059,4386940,1729,"",1.00,1.00,1.00,1.00,1.00,1.00,1.00,1.00,"",-9,-1.8,-1120,-4.2,-1127,-4.2,-1058,-4.0,-11370518,-1.9,-6112572,-2.3,70909,1.6,38,2.2
"US000","5","334413","18","0","2025","1","",2525,198366,199980,197091,13791037951,3112508281,50878626,5345,"",1.00,1.00,1.00,1.00,1.00,1.00,1.00,1.00,"",83,3.4,-3276,-1.6,-2199,-1.1,-5336,-2.6,38793575,0.3,-73937941,-2.3,283525,0.6,110,2.1
"US000","5","334416","18","0","2025","1","",440,16336,16313,16299,308428192,189041141,2971673,1454,"",1.00,1.00,1.00,1.00,1.00,1.00,1.00,1.00,"",12,2.8,-835,-4.9,-689,-4.1,-640,-3.8,-4149916,-1.3,-5540716,-2.8,123452,4.3,43,3.0
"US000","5","334417","18","0","2025","1","",426,23609,23676,23663,586035227,237366243,4792499,1906,"",1.00,1.00,1.00,1.00,1.00,1.00,1.00,1.00,"",-1,-0.2,749,3.3,766,3.3,737,3.2,16521427,2.9,5884431,2.5,649511,15.7,-7,-0.4
"US000","5","334418","18","0","2025","1","",1227,59516,59521,59279,1174011996,617916721,12623378,1519,"",1.00,1.00,1.00,1.00,1.00,1.00,1.00,1.00,"",-14,-1.1,-756,-1.3,-641,-1.1,-819,-1.4,37452812,3.3,4277984,0.7,1095192,9.5,66,4.5
"US000","5","334419","18","0","2025","1","",1960,62084,62056,62126,1432541053,669194908,12591106,1775,"",1.00,1.00,1.00,1.00,1.00,1.00,1.00,1.00,"",52,2.7,-2030,-3.2,-1826,-2.9,-1653,-2.6,-32146739,-2.2,-19050037,-2.8,-308073,-2.4,12,0.7
"US000","5","3345","16","0","2025","1","",11058,409339,408482,408840,15140987707,5523634053,86300258,2848,"",1.00,1.00,1.00,1.00,1.00,1.00,1.00,1.00,"",254,2.4,-1414,-0.3,-2106,-0.5,-1821,-0.4,549705709,3.8,111580787,2.1,7722281,9.8,115,4.2
"US000","5","33451","17","0","2025","1","",11058,409339,408482,408840,15140987707,5523634053,86300258,2848,"",1.00,1.00,1.00,1.00,1.00,1.00,1.00,1.00,"",254,2.4,-1414,-0.3,-2106,-0.5,-1821,-0.4,549705709,3.8,111580787,2.1,7722281,9.8,115,4.2
"US000","5","334510","18","0","2025","1","",2194,72847,72365,72524,3088687915,1143620491,17102078,3274,"",1.00,1.00,1.00,1.00,1.00,1.00,1.00,1.00,"",-8,-0.4,-2043,-2.7,-2529,-3.4,-2531,-3.4,154976958,5.3,3678214,0.3,857471,5.3,263,8.7
"US000","5","334511","18","0","2025","1","",1479,122606,122678,122726,4650562009,1676347263,20007836,2916,"",1.00,1.00,1.00,1.00,1.00,1.00,1.00,1.00,"",78,5.6,-301,-0.2,-482,-0.4,-495,-0.4,23734511,0.5,60556233,3.7,1698530,9.3,25,0.9
"US000","5","334512","18","0","2025","1","",560,13114,13151,13234,311225222,157922540,2655401,1818,"",1.00,1.00,1.00,1.00,1.00,1.00,1.00,1.00,"",14,2.6,261,2.0,353,2.8,394,3.1,23744430,8.3,6605210,4.4,158214,6.3,94,5.5
"US000","5","334513","18","0","2025","1","",2229,57069,56980,57019,1422906905,725834789,12258360,1919,"",1.00,1.00,1.00,1.00,1.00,1.00,1.00,1.00,"",49,2.2,302,0.5,161,0.3,115,0.2,33780606,2.4,26450284,3.8,1691887,16.0,39,2.1
"US000","5","334514","18","0","2025","1","",248,9146,9185,9220,243391791,95290436,1614813,2039,"",1.00,1.00,1.00,1.00,1.00,1.00,1.00,1.00,"",6,2.5,326,3.7,406,4.6,421,4.8,17607234,7.8,6545838,7.4,133408,9.0,65,3.3
"US000","5","334515","18","0","2025","1","",1294,35949,35883,35984,1389134310,529770234,8848738,2973,"",1.00,1.00,1.00,1.00,1.00,1.00,1.00,1.00,"",32,2.5,-882,-2.4,-735,-2.0,-533,-1.5,-20487431,-1.5,-21671996,-3.9,226436,2.6,15,0.5
"US000","5","334516","18","0","2025","1","",1311,44497,44263,44191,1555238094,562047550,12939937,2699,"",1.00,1.00,1.00,1.00,1.00,1.00,1.00,1.00,"",54,4.3,-826,-1.8,-844,-1.9,-713,-1.6,32053014,2.1,14677739,2.7,1982080,18.1,102,3.9
"US000","5","334517","18","0","2025","1","",299,12969,12898,12868,554230051,173349567,2690610,3302,"",1.00,1.00,1.00,1.00,1.00,1.00,1.00,1.00,"",16,5.7,-595,-4.4,-666,-4.9,-665,-4.9,124078730,28.8,-3126539,-1.8,-31137,-1.1,861,35.3
"US000","5","334519","18","0","2025","1","",1444,41142,41079,41074,1925611410,459451183,8182485,3604,"",1.00,1.00,1.00,1.00,1.00,1.00,1.00,1.00,"",13,0.9,2344,6.0,2230,5.7,2186,5.6,160217657,9.1,17865804,4.0,1005392,14.0,108,3.1
"US000","5","3346","16","0","2025","1","",1368,9551,9555,9516,435690777,103590579,2909371,3513,"",1.00,1.00,1.00,1.00,1.00,1.00,1.00,1.00,"",-148,-9.8,-735,-7.1,-634,-6.2,-697,-6.8,44007727,11.2,-6921035,-6.3,165723,6.0,568,19.3
"US000","5","33461","17","0","2025","1","",1368,9551,9555,9516,435690777,103590579,2909371,3513,"",1.00,1.00,1.00,1.00,1.00,1.00,1.00,1.00,"",-148,-9.8,-735,-7.1,-634,-6.2,-697,-6.8,44007727,11.2,-6921035,-6.3,165723,6.0,568,19.3
"US000","5","334610","18","0","2025","1","",1368,9551,9555,9516,435690777,103590579,2909371,3513,"",1.00,1.00,1.00,1.00,1.00,1.00,1.00,1.00,"",-148,-9.8,-735,-7.1,-634,-6.2,-697,-6.8,44007727,11.2,-6921035,-6.3,165723,6.0,568,19.3
"US000","5","335","15","0","2025","1","",10885,424593,426923,428237,9955068144,4908327249,81937373,1795,"",1.00,1.00,1.00,1.00,1.00,1.00,1.00,1.00,"",551,5.3,8177,2.0,9993,2.4,10555,2.5,642896026,6.9,169099435,3.6,3158681,4.0,77,4.5
"US000","5","3351","16","0","2025","1","",2022,35702,35609,35460,759250693,384363587,7046143,1641,"",1.00,1.00,1.00,1.00,1.00,1.00,1.00,1.00,"",105,5.5,-272,-0.8,-178,-0.5,-418,-1.2,20629408,2.8,5674580,1.5,-215129,-3.0,57,3.6
"US000","5","33513","17","0","2025","1","",2022,35702,35609,35460,759250693,384363587,7046143,1641,"",1.00,1.00,1.00,1.00,1.00,1.00,1.00,1.00,"",105,5.5,-272,-0.8,-178,-0.5,-418,-1.2,20629408,2.8,5674580,1.5,-215129,-3.0,57,3.6
"US000","5","335131","18","0","2025","1","",498,5994,5993,5962,112006731,60682759,1195772,1440,"",1.00,1.00,1.00,1.00,1.00,1.00,1.00,1.00,"",20,4.2,-500,-7.7,-448,-7.0,-476,-7.4,-9151724,-7.6,-4229451,-6.5,-233007,-16.3,-3,-0.2
"US000","5","335132","18","0","2025","1","",923,19205,19170,19111,385218632,200961539,4012858,1546,"",1.00,1.00,1.00,1.00,1.00,1.00,1.00,1.00,"",72,8.5,881,4.8,944,5.2,810,4.4,36447596,10.5,12554895,6.7,198227,5.2,79,5.4
"US000","5","335139","18","0","2025","1","",601,10503,10446,10387,262025330,122719289,1837513,1930,"",1.00,1.00,1.00,1.00,1.00,1.00,1.00,1.00,"",13,2.2,-653,-5.9,-674,-6.1,-752,-6.8,-6666464,-2.5,-2650864,-2.1,-180349,-8.9,74,4.0
"US000","5","3352","16","0","2025","1","",736,57732,58145,57990,1145896124,599581754,11493284,1521,"",1.00,1.00,1.00,1.00,1.00,1.00,1.00,1.00,"",18,2.5,-4265,-6.9,-3676,-5.9,-3142,-5.1,-65381996,-5.4,-29413631,-4.7,-1628237,-12.4,10,0.7
"US000","5","33521","17","0","2025","1","",424,9548,9593,9490,217866964,111885319,2691772,1756,"",1.00,1.00,1.00,1.00,1.00,1.00,1.00,1.00,"",20,5.0,-808,-7.8,-583,-5.7,-685,-6.7,-22267858,-9.3,-9445922,-7.8,148190,5.8,-49,-2.7
"US000","5","335210","18","0","2025","1","",424,9548,9593,9490,217866964,111885319,2691772,1756,"",1.00,1.00,1.00,1.00,1.00,1.00,1.00,1.00,"",20,5.0,-808,-7.8,-583,-5.7,-685,-6.7,-22267858,-9.3,-9445922,-7.8,148190,5.8,-49,-2.7
"US000","5","33522","17","0","2025","1","",312,48184,48552,48500,928029160,487696435,8801512,1475,"",1.00,1.00,1.00,1.00,1.00,1.00,1.00,1.00,"",-2,-0.6,-3457,-6.7,-3093,-6.0,-2457,-4.8,-43114138,-4.4,-19967709,-3.9,-1776427,-16.8,22,1.5
"US000","5","335220","18","0","2025","1","",312,48184,48552,48500,928029160,487696435,8801512,1475,"",1.00,1.00,1.00,1.00,1.00,1.00,1.00,1.00,"",-2,-0.6,-3457,-6.7,-3093,-6.0,-2457,-4.8,-43114138,-4.4,-19967709,-3.9,-1776427,-16.8,22,1.5
"US000","5","3353","16","0","2025","1","",3181,157797,158890,159657,3758594095,1856054049,23544396,1821,"",1.00,1.00,1.00,1.00,1.00,1.00,1.00,1.00,"",76,2.4,5129,3.4,5551,3.6,5821,3.8,244046185,6.9,90600288,5.1,643737,2.8,57,3.2
"US000","5","33531","17","0","2025","1","",3181,157797,158890,159657,3758594095,1856054049,23544396,1821,"",1.00,1.00,1.00,1.00,1.00,1.00,1.00,1.00,"",76,2.4,5129,3.4,5551,3.6,5821,3.8,244046185,6.9,90600288,5.1,643737,2.8,57,3.2
"US000","5","335311","18","0","2025","1","",650,34916,35319,35480,762186459,370994733,3902577,1664,"",1.00,1.00,1.00,1.00,1.00,1.00,1.00,1.00,"",30,4.8,2831,8.8,3001,9.3,2912,8.9,83960661,12.4,33043342,9.8,-314817,-7.5,50,3.1
"US000","5","335312","18","0","2025","1","",809,35968,36041,35953,796891123,428459681,5885329,1703,"",1.00,1.00,1.00,1.00,1.00,1.00,1.00,1.00,"",26,3.3,-191,-0.5,-77,-0.2,-51,-0.1,38783391,5.1,8568364,2.0,-11113,-0.2,87,5.4
"US000","5","335313","18","0","2025","1","",820,46333,46832,47389,1135477742,527055568,6780015,1864,"",1.00,1.00,1.00,1.00,1.00,1.00,1.00,1.00,"",43,5.5,4418,10.5,4405,10.4,4608,10.8,107378427,10.4,53086875,11.2,775283,12.9,-2,-0.1
"US000","5","335314","18","0","2025","1","",902,40580,40698,40835,1064038771,529544067,6976475,2011,"",1.00,1.00,1.00,1.00,1.00,1.00,1.00,1.00,"",-23,-2.5,-1929,-4.5,-1778,-4.2,-1648,-3.9,13923706,1.3,-4098293,-0.8,194384,2.9,110,5.8
"US000","5","3359","16","0","2025","1","",4946,173362,174279,175130,4291327232,2068327859,39853550,1894,"",1.00,1.00,1.00,1.00,1.00,1.00,1.00,1.00,"",352,7.7,7585,4.6,8296,5.0,8294,5.0,443602429,11.5,102238198,5.2,4358310,12.3,113,6.3
"US000","5","33591","17","0","2025","1","",963,59371,59856,60543,1472572897,779852860,16759987,1890,"",1.00,1.00,1.00,1.00,1.00,1.00,1.00,1.00,"",115,13.6,5590,10.4,5677,10.5,5502,10.0,265388554,22.0,101209608,14.9,2944145,21.3,181,10.6
"US000","5","335910","18","0","2025","1","",963,59371,59856,60543,1472572897,779852860,16759987,1890,"",1.00,1.00,1.00,1.00,1.00,1.00,1.00,1.00,"",115,13.6,5590,10.4,5677,10.5,5502,10.0,265388554,22.0,101209608,14.9,2944145,21.3,181,10.6
"US000","5","33592","17","0","2025","1","",615,25281,25543,25715,579272012,272976615,4630348,1747,"",1.00,1.00,1.00,1.00,1.00,1.00,1.00,1.00,"",32,5.5,477,1.9,892,3.6,957,3.9,59106774,11.4,-33021720,-10.8,-115805,-2.4,130,8.0
"US000","5","335921","18","0","2025","1","",294,12350,12546,12738,304965215,129310036,1538888,1870,"",1.00,1.00,1.00,1.00,1.00,1.00,1.00,1.00,"",13,4.6,555,4.7,775,6.6,933,7.9,57313597,23.1,-25030469,-16.2,-220337,-12.5,254,15.7
"US000","5","335929","18","0","2025","1","",321,12931,12997,12977,274306797,143666579,3091460,1627,"",1.00,1.00,1.00,1.00,1.00,1.00,1.00,1.00,"",19,6.3,-78,-0.6,117,0.9,24,0.2,1793177,0.7,-7991251,-5.3,104532,3.5,8,0.5
"US000","5","33593","17","0","2025","1","",767,39887,39968,40003,928652668,437359280,7089246,1788,"",1.00,1.00,1.00,1.00,1.00,1.00,1.00,1.00,"",-15,-1.9,-494,-1.2,-351,-0.9,-287,-0.7,-34435235,-3.6,-66131,0.0,47473,0.7,-49,-2.7
"US000","5","335931","18","0","2025","1","",559,28357,28397,28400,688487516,316014363,5147353,1866,"",1.00,1.00,1.00,1.00,1.00,1.00,1.00,1.00,"",-14,-2.4,-477,-1.7,-388,-1.3,-415,-1.4,-15131481,-2.2,240598,0.1,-182938,-3.4,-13,-0.7
"US000","5","335932","18","0","2025","1","",208,11530,11571,11603,240165152,121344917,1941893,1597,"",1.00,1.00,1.00,1.00,1.00,1.00,1.00,1.00,"",-1,-0.5,-17,-0.1,37,0.3,128,1.1,-19303754,-7.4,-306729,-0.3,230411,13.5,-136,-7.8
"US000","5","33599","17","0","2025","1","",2601,48823,48912,48869,1310829655,578139104,11373969,2063,"",1.00,1.00,1.00,1.00,1.00,1.00,1.00,1.00,"",220,9.2,2012,4.3,2078,4.4,2122,4.5,153542336,13.3,34116441,6.3,1482497,15.0,161,8.5
"US000","5","335991","18","0","2025","1","",282,10201,10145,10194,230979215,126419991,2195424,1745,"",1.00,1.00,1.00,1.00,1.00,1.00,1.00,1.00,"",16,6.0,-122,-1.2,-152,-1.5,-68,-0.7,7263687,3.2,2287341,1.8,-49566,-2.2,73,4.4
"US000","5","335999","18","0","2025","1","",2319,38622,38767,38675,1079850440,451719113,9178545,2147,"",1.00,1.00,1.00,1.00,1.00,1.00,1.00,1.00,"",204,9.6,2134,5.8,2230,6.1,2190,6.0,146278649,15.7,31829100,7.6,1532063,20.0,180,9.2
"US000","5","336","15","0","2025","1","",18873,1735027,1758703,1753901,45172427487,20594443211,374729238,1986,"",1.00,1.00,1.00,1.00,1.00,1.00,1.00,1.00,"",312,1.7,-52248,-2.9,-36940,-2.1,-37731,-2.1,353718269,0.8,-233529216,-1.1,-26295469,-6.6,62,3.2
"US000","5","3361","16","0","2025","1","",930,281065,292414,294467,7899236700,2847664355,86709875,2100,"",1.00,1.00,1.00,1.00,1.00,1.00,1.00,1.00,"",30,3.3,-14124,-4.8,-3492,-1.2,-334,-0.1,27827707,0.4,-21315994,-0.7,-5439707,-5.9,50,2.4
"US000","5","33611","17","0","2025","1","",631,242847,254284,256606,7091963667,2382828523,75849098,2171,"",1.00,1.00,1.00,1.00,1.00,1.00,1.00,1.00,"",20,3.3,-13885,-5.4,-2912,-1.1,769,0.3,1613232,0.0,-33168836,-1.4,-2138696,-2.7,45,2.1
"US000","5","336110","18","0","2025","1","",631,242847,254284,256606,7091963667,2382828523,75849098,2171,"",1.00,1.00,1.00,1.00,1.00,1.00,1.00,1.00,"",20,3.3,-13885,-5.4,-2912,-1.1,769,0.3,1613232,0.0,-33168836,-1.4,-2138696,-2.7,45,2.1
"US000","5","33612","17","0","2025","1","",299,38218,38130,37861,807273033,464835832,10860777,1631,"",1.00,1.00,1.00,1.00,1.00,1.00,1.00,1.00,"",10,3.5,-239,-0.6,-580,-1.5,-1103,-2.8,26214475,3.4,11852842,2.6,-3301011,-23.3,79,5.1
"US000","5","336120","18","0","2025","1","",299,38218,38130,37861,807273033,464835832,10860777,1631,"",1.00,1.00,1.00,1.00,1.00,1.00,1.00,1.00,"",10,3.5,-239,-0.6,-580,-1.5,-1103,-2.8,26214475,3.4,11852842,2.6,-3301011,-23.3,79,5.1
"US000","5","3362","16","0","2025","1","",2713,156549,158245,158839,2748016985,1599140136,29420183,1339,"",1.00,1.00,1.00,1.00,1.00,1.00,1.00,1.00,"",52,2.0,-6372,-3.9,-5650,-3.4,-5108,-3.1,-23037662,-0.8,-38508507,-2.4,-1376516,-4.5,36,2.8
"US000","5","33621","17","0","2025","1","",2713,156549,158245,158839,2748016985,1599140136,29420183,1339,"",1.00,1.00,1.00,1.00,1.00,1.00,1.00,1.00,"",52,2.0,-6372,-3.9,-5650,-3.4,-5108,-3.1,-23037662,-0.8,-38508507,-2.4,-1376516,-4.5,36,2.8
"US000","5","336211","18","0","2025","1","",969,61242,61556,61495,1164962570,659599562,12091688,1459,"",1.00,1.00,1.00,1.00,1.00,1.00,1.00,1.00,"",30,3.2,1314,2.2,1058,1.7,804,1.3,48468028,4.3,18896735,2.9,-937295,-7.2,36,2.5
"US000","5","336212","18","0","2025","1","",757,38558,38928,39162,636231545,396397657,5149013,1259,"",1.00,1.00,1.00,1.00,1.00,1.00,1.00,1.00,"",28,3.8,-4359,-10.2,-3913,-9.1,-3542,-8.3,-78210035,-10.9,-36081746,-8.3,-198951,-3.7,-24,-1.9
"US000","5","336213","18","0","2025","1","",82,15542,15550,15636,250408381,128069962,3584225,1237,"",1.00,1.00,1.00,1.00,1.00,1.00,1.00,1.00,"",2,2.5,-1449,-8.5,-1536,-9.0,-1002,-6.0,-35237674,-12.3,-16374955,-11.3,-194821,-5.2,-63,-4.8
"US000","5","336214","18","0","2025","1","",905,41207,42211,42546,696414489,415072955,8595257,1276,"",1.00,1.00,1.00,1.00,1.00,1.00,1.00,1.00,"",-8,-0.9,-1878,-4.4,-1259,-2.9,-1368,-3.1,41942019,6.4,-4948541,-1.2,-45449,-0.5,118,10.2
"US000","5","3363","16","0","2025","1","",6404,525486,533155,531135,10279222371,5220842593,118715761,1492,"",1.00,1.00,1.00,1.00,1.00,1.00,1.00,1.00,"",39,0.6,-31083,-5.6,-25075,-4.5,-26276,-4.7,-203643067,-1.9,-239939911,-4.4,-13116824,-9.9,45,3.1
"US000","5","33631","17","0","2025","1","",940,54179,54569,54444,1152447805,522485762,11334098,1630,"",1.00,1.00,1.00,1.00,1.00,1.00,1.00,1.00,"",20,2.2,-1902,-3.4,-1619,-2.9,-1593,-2.8,-7780038,-0.7,-16034168,-3.0,-712846,-5.9,39,2.5
"US000","5","336310","18","0","2025","1","",940,54179,54569,54444,1152447805,522485762,11334098,1630,"",1.00,1.00,1.00,1.00,1.00,1.00,1.00,1.00,"",20,2.2,-1902,-3.4,-1619,-2.9,-1593,-2.8,-7780038,-0.7,-16034168,-3.0,-712846,-5.9,39,2.5
"US000","5","33632","17","0","2025","1","",1045,57115,57140,56795,1172764530,555142375,12293281,1582,"",1.00,1.00,1.00,1.00,1.00,1.00,1.00,1.00,"",7,0.7,-2602,-4.4,-2519,-4.2,-2730,-4.6,-13728296,-1.2,-18780167,-3.3,-587504,-4.6,52,3.4
"US000","5","336320","18","0","2025","1","",1045,57115,57140,56795,1172764530,555142375,12293281,1582,"",1.00,1.00,1.00,1.00,1.00,1.00,1.00,1.00,"",7,0.7,-2602,-4.4,-2519,-4.2,-2730,-4.6,-13728296,-1.2,-18780167,-3.3,-587504,-4.6,52,3.4
"US000","5","33633","17","0","2025","1","",336,29485,30430,30497,543545724,283629459,6218273,1387,"",1.00,1.00,1.00,1.00,1.00,1.00,1.00,1.00,"",3,0.9,-2484,-7.8,-1611,-5.0,-1351,-4.2,-3479237,-0.6,-15306464,-5.1,-399674,-6.0,70,5.3
"US000","5","336330","18","0","2025","1","",336,29485,30430,30497,543545724,283629459,6218273,1387,"",1.00,1.00,1.00,1.00,1.00,1.00,1.00,1.00,"",3,0.9,-2484,-7.8,-1611,-5.0,-1351,-4.2,-3479237,-0.6,-15306464,-5.1,-399674,-6.0,70,5.3
"US000","5","33634","17","0","2025","1","",225,20051,20123,20032,415036694,202517265,2795106,1591,"",1.00,1.00,1.00,1.00,1.00,1.00,1.00,1.00,"",-7,-3.0,-319,-1.6,-139,-0.7,-207,-1.0,8902555,2.2,-2669193,-1.3,-504541,-15.3,51,3.3
"US000","5","336340","18","0","2025","1","",225,20051,20123,20032,415036694,202517265,2795106,1591,"",1.00,1.00,1.00,1.00,1.00,1.00,1.00,1.00,"",-7,-3.0,-319,-1.6,-139,-0.7,-207,-1.0,8902555,2.2,-2669193,-1.3,-504541,-15.3,51,3.3
"US000","5","33635","17","0","2025","1","",645,75292,76125,75669,1878374611,769522594,19875697,1909,"",1.00,1.00,1.00,1.00,1.00,1.00,1.00,1.00,"",7,1.1,-3049,-3.9,-1782,-2.3,-2036,-2.6,18186916,1.0,-24404778,-3.1,-2228064,-10.1,74,4.0
"US000","5","336350","18","0","2025","1","",645,75292,76125,75669,1878374611,769522594,19875697,1909,"",1.00,1.00,1.00,1.00,1.00,1.00,1.00,1.00,"",7,1.1,-3049,-3.9,-1782,-2.3,-2036,-2.6,18186916,1.0,-24404778,-3.1,-2228064,-10.1,74,4.0
"US000","5","33636","17","0","2025","1","",645,71223,71812,72066,1165947257,675210661,16410956,1251,"",1.00,1.00,1.00,1.00,1.00,1.00,1.00,1.00,"",13,2.1,-3992,-5.3,-4153,-5.5,-3870,-5.1,-21707565,-1.8,-31046877,-4.4,-2935885,-15.2,44,3.6
"US000","5","336360","18","0","2025","1","",645,71223,71812,72066,1165947257,675210661,16410956,1251,"",1.00,1.00,1.00,1.00,1.00,1.00,1.00,1.00,"",13,2.1,-3992,-5.3,-4153,-5.5,-3870,-5.1,-21707565,-1.8,-31046877,-4.4,-2935885,-15.2,44,3.6
"US000","5","33637","17","0","2025","1","",561,76290,77900,77939,1416852334,736813068,19150761,1409,"",1.00,1.00,1.00,1.00,1.00,1.00,1.00,1.00,"",-14,-2.4,-5931,-7.2,-4788,-5.8,-4658,-5.6,-106643430,-7.0,-55779507,-7.0,-2587245,-11.9,-11,-0.8
"US000","5","336370","18","0","2025","1","",561,76290,77900,77939,1416852334,736813068,19150761,1409,"",1.00,1.00,1.00,1.00,1.00,1.00,1.00,1.00,"",-14,-2.4,-5931,-7.2,-4788,-5.8,-4658,-5.6,-106643430,-7.0,-55779507,-7.0,-2587245,-11.9,-11,-0.8
"US000","5","33639","17","0","2025","1","",2007,141851,145056,143693,2534253416,1475521409,30637589,1358,"",1.00,1.00,1.00,1.00,1.00,1.00,1.00,1.00,"",10,0.5,-10804,-7.1,-8464,-5.5,-9831,-6.4,-77393972,-3.0,-75918757,-4.9,-3161065,-9.4,47,3.6
"US000","5","336390","18","0","2025","1","",2007,141851,145056,143693,2534253416,1475521409,30637589,1358,"",1.00,1.00,1.00,1.00,1.00,1.00,1.00,1.00,"",10,0.5,-10804,-7.1,-8464,-5.5,-9831,-6.4,-77393972,-3.0,-75918757,-4.9,-3161065,-9.4,47,3.6
"US000","5","3364","16","0","2025","1","",4678,565074,567432,562644,20030259047,8599547136,100657912,2727,"",1.00,1.00,1.00,1.00,1.00,1.00,1.00,1.00,"",114,2.5,7403,1.3,4824,0.9,1400,0.2,606094844,3.1,113613335,1.3,-5394860,-5.1,61,2.3
"US000","5","33641","17","0","2025","1","",4678,565074,567432,562644,20030259047,8599547136,100657912,2727,"",1.00,1.00,1.00,1.00,1.00,1.00,1.00,1.00,"",114,2.5,7403,1.3,4824,0.9,1400,0.2,606094844,3.1,113613335,1.3,-5394860,-5.1,61,2.3
"US000","5","336411","18","0","2025","1","",1375,258761,260552,256261,9306834537,4584893767,49979282,2769,"",1.00,1.00,1.00,1.00,1.00,1.00,1.00,1.00,"",122,9.7,2315,0.9,1882,0.7,-934,-0.4,-57627791,-0.6,1928945,0.0,-5794429,-10.4,-29,-1.0
"US000","5","336412","18","0","2025","1","",918,93410,93593,93734,3533197289,1187716037,14765246,2904,"",1.00,1.00,1.00,1.00,1.00,1.00,1.00,1.00,"",-97,-9.6,2702,3.0,2718,3.0,2840,3.1,527453200,17.5,22858150,2.0,-289623,-1.9,358,14.1
"US000","5","336413","18","0","2025","1","",1908,102962,103095,103153,2627605697,1306882156,19719746,1961,"",1.00,1.00,1.00,1.00,1.00,1.00,1.00,1.00,"",38,2.0,585,0.6,319,0.3,-119,-0.1,83053443,3.3,31288783,2.5,-979832,-4.7,57,3.0
"US000","5","336414","18","0","2025","1","",289,81287,81415,80782,3557141440,1042696963,11922293,3371,"",1.00,1.00,1.00,1.00,1.00,1.00,1.00,1.00,"",32,12.5,1551,1.9,-74,-0.1,-255,-0.3,43120346,1.2,45115287,4.5,1408771,13.4,24,0.7
"US000","5","336415","18","0","2025","1","",103,19472,19582,19524,674734010,392478315,2580118,2658,"",1.00,1.00,1.00,1.00,1.00,1.00,1.00,1.00,"",14,15.7,225,1.2,102,0.5,-43,-0.2,4126771,0.6,12561148,3.3,160902,6.7,3,0.1
"US000","5","336419","18","0","2025","1","",85,9182,9195,9190,330746074,84879898,1691227,2769,"",1.00,1.00,1.00,1.00,1.00,1.00,1.00,1.00,"",5,6.2,25,0.3,-123,-1.3,-89,-1.0,5968875,1.8,-138978,-0.2,99351,6.2,69,2.6
"US000","5","3365","16","0","2025","1","",381,21763,21759,21666,506538008,224689761,6204114,1793,"",1.00,1.00,1.00,1.00,1.00,1.00,1.00,1.00,"",1,0.3,-509,-2.3,-471,-2.1,-729,-3.3,2716920,0.5,-5652829,-2.5,-640842,-9.4,55,3.2
"US000","5","33651","17","0","2025","1","",381,21763,21759,21666,506538008,224689761,6204114,1793,"",1.00,1.00,1.00,1.00,1.00,1.00,1.00,1.00,"",1,0.3,-509,-2.3,-471,-2.1,-729,-3.3,2716920,0.5,-5652829,-2.5,-640842,-9.4,55,3.2
"US000","5","336510","18","0","2025","1","",381,21763,21759,21666,506538008,224689761,6204114,1793,"",1.00,1.00,1.00,1.00,1.00,1.00,1.00,1.00,"",1,0.3,-509,-2.3,-471,-2.1,-729,-3.3,2716920,0.5,-5652829,-2.5,-640842,-9.4,55,3.2
"US000","5","3366","16","0","2025","1","",2305,148420,148868,148464,2985738580,1727713726,23553638,1546,"",1.00,1.00,1.00,1.00,1.00,1.00,1.00,1.00,"",78,3.5,-4174,-2.7,-3816,-2.5,-3413,-2.2,16328478,0.5,554730,0.0,593747,2.6,47,3.1
"US000","5","33661","17","0","2025","1","",2305,148420,148868,148464,2985738580,1727713726,23553638,1546,"",1.00,1.00,1.00,1.00,1.00,1.00,1.00,1.00,"",78,3.5,-4174,-2.7,-3816,-2.5,-3413,-2.2,16328478,0.5,554730,0.0,593747,2.6,47,3.1
"US000","5","336611","18","0","2025","1","",1129,107895,108127,107813,2350747143,1333031367,17209071,1675,"",1.00,1.00,1.00,1.00,1.00,1.00,1.00,1.00,"",56,5.2,1149,1.1,569,0.5,775,0.7,62667911,2.7,39370075,3.0,492351,2.9,32,1.9
"US000","5","336612","18","0","2025","1","",1176,40525,40741,40651,634991437,394682359,6344567,1202,"",1.00,1.00,1.00,1.00,1.00,1.00,1.00,1.00,"",22,1.9,-5323,-11.6,-4385,-9.7,-4188,-9.3,-46339433,-6.8,-38815345,-9.0,101396,1.6,44,3.8
"US000","5","3369","16","0","2025","1","",1462,36670,36830,36686,723415796,374845504,9467755,1515,"",1.00,1.00,1.00,1.00,1.00,1.00,1.00,1.00,"",-2,-0.1,-3389,-8.5,-3260,-8.1,-3271,-8.2,-72568951,-9.1,-42280040,-10.1,-920467,-8.9,-14,-0.9
"US000","5","33699","17","0","2025","1","",1462,36670,36830,36686,723415796,374845504,9467755,1515,"",1.00,1.00,1.00,1.00,1.00,1.00,1.00,1.00,"",-2,-0.1,-3389,-8.5,-3260,-8.1,-3271,-8.2,-72568951,-9.1,-42280040,-10.1,-920467,-8.9,-14,-0.9
"US000","5","336991","18","0","2025","1","",553,9165,9104,9055,166666976,95034858,2831938,1408,"",1.00,1.00,1.00,1.00,1.00,1.00,1.00,1.00,"",-53,-8.7,-1035,-10.1,-1154,-11.2,-1143,-11.2,-18431249,-10.0,-9798214,-9.3,-469829,-14.2,15,1.1
"US000","5","336992","18","0","2025","1","",104,8324,8350,8383,229086890,74801447,2797385,2110,"",1.00,1.00,1.00,1.00,1.00,1.00,1.00,1.00,"",-4,-3.7,-236,-2.8,-216,-2.5,-137,-1.6,3046750,1.3,-2051244,-2.7,242232,9.5,76,3.7
"US000","5","336999","18","0","2025","1","",805,19181,19376,19248,327661930,205009199,3838432,1308,"",1.00,1.00,1.00,1.00,1.00,1.00,1.00,1.00,"",55,7.3,-2118,-9.9,-1890,-8.9,-1991,-9.4,-57184452,-14.9,-30430582,-12.9,-692870,-15.3,-84,-6.0
"US000","5","337","15","0","2025","1","",17976,336252,336444,335953,5097494555,3363777467,50796181,1166,"",1.00,1.00,1.00,1.00,1.00,1.00,1.00,1.00,"",-162,-0.9,-11598,-3.3,-11265,-3.2,-11385,-3.3,-72773910,-1.4,-63308157,-1.8,-3015684,-5.6,22,1.9
"US000","5","3371","16","0","2025","1","",12415,212254,212375,211942,2951338065,2071736263,26641182,1070,"",1.00,1.00,1.00,1.00,1.00,1.00,1.00,1.00,"",-220,-1.7,-8503,-3.9,-8338,-3.8,-8515,-3.9,-33834032,-1.1,-57910987,-2.7,-2330098,-8.0,29,2.8
"US000","5","33711","17","0","2025","1","",7853,111832,112035,111730,1553914198,1102218817,14718567,1069,"",1.00,1.00,1.00,1.00,1.00,1.00,1.00,1.00,"",-105,-1.3,-3919,-3.4,-3741,-3.2,-3860,-3.3,-22570806,-1.4,-21467534,-1.9,-1704760,-10.4,21,2.0
"US000","5","337110","18","0","2025","1","",7853,111832,112035,111730,1553914198,1102218817,14718567,1069,"",1.00,1.00,1.00,1.00,1.00,1.00,1.00,1.00,"",-105,-1.3,-3919,-3.4,-3741,-3.2,-3860,-3.3,-22570806,-1.4,-21467534,-1.9,-1704760,-10.4,21,2.0
"US000","5","33712","17","0","2025","1","",4562,100422,100340,100212,1397423867,969517446,11922615,1071,"",1.00,1.00,1.00,1.00,1.00,1.00,1.00,1.00,"",-115,-2.5,-4584,-4.4,-4597,-4.4,-4655,-4.4,-11263226,-0.8,-36443453,-3.6,-625338,-5.0,38,3.7
"US000","5","337121","18","0","2025","1","",841,44620,44629,44210,548736281,430612684,3446225,949,"",1.00,1.00,1.00,1.00,1.00,1.00,1.00,1.00,"",-18,-2.1,-2626,-5.6,-2384,-5.1,-2616,-5.6,-17951866,-3.2,-23047883,-5.1,-359005,-9.4,22,2.4
"US000","5","337122","18","0","2025","1","",2385,24102,24334,24357,313344290,224094751,3478475,993,"",1.00,1.00,1.00,1.00,1.00,1.00,1.00,1.00,"",-84,-3.4,-1518,-5.9,-1341,-5.2,-1241,-4.8,-7027098,-2.2,-10289811,-4.4,-246964,-6.6,32,3.3
"US000","5","337126","18","0","2025","1","",592,8886,8982,9124,147250207,83330319,1489924,1259,"",1.00,1.00,1.00,1.00,1.00,1.00,1.00,1.00,"",-23,-3.7,-355,-3.8,-352,-3.8,-343,-3.6,2759239,1.9,-2434312,-2.8,62559,4.4,70,5.9
"US000","5","337127","18","0","2025","1","",744,22814,22395,22521,388093089,231479692,3507991,1322,"",1.00,1.00,1.00,1.00,1.00,1.00,1.00,1.00,"",10,1.4,-85,-0.4,-520,-2.3,-455,-2.0,10956499,2.9,-671447,-0.3,-81928,-2.3,57,4.5
"US000","5","3372","16","0","2025","1","",4485,96623,96691,96782,1724137223,1022964576,19730363,1372,"",1.00,1.00,1.00,1.00,1.00,1.00,1.00,1.00,"",56,1.3,-1856,-1.9,-1896,-1.9,-1715,-1.7,-30843318,-1.8,4651501,0.5,-461445,-2.3,2,0.1
"US000","5","33721","17","0","2025","1","",4485,96623,96691,96782,1724137223,1022964576,19730363,1372,"",1.00,1.00,1.00,1.00,1.00,1.00,1.00,1.00,"",56,1.3,-1856,-1.9,-1896,-1.9,-1715,-1.7,-30843318,-1.8,4651501,0.5,-461445,-2.3,2,0.1
"US000","5","337211","18","0","2025","1","",555,14525,14581,14619,242639646,153208811,2661279,1281,"",1.00,1.00,1.00,1.00,1.00,1.00,1.00,1.00,"",6,1.1,-797,-5.2,-612,-4.0,-485,-3.2,6257726,2.6,1444321,1.0,-76052,-2.8,85,7.1
"US000","5","337212","18","0","2025","1","",2147,27185,27191,27184,457303674,295673675,6274701,1294,"",1.00,1.00,1.00,1.00,1.00,1.00,1.00,1.00,"",63,3.0,14,0.1,-54,-0.2,-74,-0.3,8762437,2.0,5447691,1.9,110717,1.8,27,2.1
"US000","5","337214","18","0","2025","1","",465,18159,18125,18160,400857138,200429796,4128230,1699,"",1.00,1.00,1.00,1.00,1.00,1.00,1.00,1.00,"",-5,-1.1,-424,-2.3,-412,-2.2,-289,-1.6,-48231552,-10.7,-1767673,-0.9,-205329,-4.7,-166,-8.9
"US000","5","337215","18","0","2025","1","",1318,36754,36794,36819,623336765,373652294,6666153,1303,"",1.00,1.00,1.00,1.00,1.00,1.00,1.00,1.00,"",-8,-0.6,-649,-1.7,-818,-2.2,-867,-2.3,2368071,0.4,-472838,-0.1,-290781,-4.2,31,2.4
"US000","5","3379","16","0","2025","1","",1076,27375,27378,27229,422019267,269076628,4424636,1188,"",1.00,1.00,1.00,1.00,1.00,1.00,1.00,1.00,"",2,0.2,-1239,-4.3,-1031,-3.6,-1155,-4.1,-8096560,-1.9,-10048671,-3.6,-224141,-4.8,26,2.2
"US000","5","33791","17","0","2025","1","",591,19180,19218,19033,279600263,186383538,2978783,1123,"",1.00,1.00,1.00,1.00,1.00,1.00,1.00,1.00,"",2,0.3,-845,-4.2,-604,-3.0,-747,-3.8,-9227958,-3.2,-8409932,-4.3,-225780,-7.0,5,0.4
"US000","5","337910","18","0","2025","1","",591,19180,19218,19033,279600263,186383538,2978783,1123,"",1.00,1.00,1.00,1.00,1.00,1.00,1.00,1.00,"",2,0.3,-845,-4.2,-604,-3.0,-747,-3.8,-9227958,-3.2,-8409932,-4.3,-225780,-7.0,5,0.4
"US000","5","33792","17","0","2025","1","",485,8195,8160,8196,142419004,82693090,1445853,1339,"",1.00,1.00,1.00,1.00,1.00,1.00,1.00,1.00,"",0,0.0,-394,-4.6,-427,-5.0,-408,-4.7,1131398,0.8,-1638739,-1.9,1639,0.1,74,5.8
"US000","5","337920","18","0","2025","1","",485,8195,8160,8196,142419004,82693090,1445853,1339,"",1.00,1.00,1.00,1.00,1.00,1.00,1.00,1.00,"",0,0.0,-394,-4.6,-427,-5.0,-408,-4.7,1131398,0.8,-1638739,-1.9,1639,0.1,74,5.8
"US000","5","339","15","0","2025","1","",37573,611769,611706,611664,14300359479,6831565239,119123291,1798,"",1.00,1.00,1.00,1.00,1.00,1.00,1.00,1.00,"",662,1.8,-4685,-0.8,-3892,-0.6,-4875,-0.8,492683133,3.6,94637270,1.4,6859970,6.1,74,4.3
"US000","5","3391","16","0","2025","1","",14359,327045,326027,326413,9045339996,3783412046,65689352,2131,"",1.00,1.00,1.00,1.00,1.00,1.00,1.00,1.00,"",308,2.2,-1030,-0.3,-1004,-0.3,-1019,-0.3,395496006,4.6,63558168,1.7,6558328,11.1,99,4.9
"US000","5","33911","17","0","2025","1","",14359,327045,326027,326413,9045339996,3783412046,65689352,2131,"",1.00,1.00,1.00,1.00,1.00,1.00,1.00,1.00,"",308,2.2,-1030,-0.3,-1004,-0.3,-1019,-0.3,395496006,4.6,63558168,1.7,6558328,11.1,99,4.9
"US000","5","339112","18","0","2025","1","",4437,140501,139991,140397,4478666451,1750503698,31021981,2456,"",1.00,1.00,1.00,1.00,1.00,1.00,1.00,1.00,"",357,8.8,-2330,-1.6,-2005,-1.4,-1919,-1.3,184456721,4.3,3071209,0.2,4491296,16.9,136,5.9
"US000","5","339113","18","0","2025","1","",3506,105641,105343,105435,3029853197,1246157285,20556040,2210,"",1.00,1.00,1.00,1.00,1.00,1.00,1.00,1.00,"",-3,-0.1,3574,3.5,3410,3.3,3619,3.6,194733541,6.9,70028332,6.0,1380532,7.2,71,3.3
"US000","5","339114","18","0","2025","1","",915,16698,16586,16568,402497431,205303117,4243324,1863,"",1.00,1.00,1.00,1.00,1.00,1.00,1.00,1.00,"",42,4.8,438,2.7,346,2.1,284,1.7,47230239,13.3,8933913,4.5,612220,16.9,182,10.8
"US000","5","339115","18","0","2025","1","",650,23816,23764,23774,556308221,214331111,3858070,1799,"",1.00,1.00,1.00,1.00,1.00,1.00,1.00,1.00,"",12,1.9,-364,-1.5,-419,-1.7,-427,-1.8,-599130,-0.1,-2692999,-1.2,244325,6.8,28,1.6
"US000","5","339116","18","0","2025","1","",4851,40389,40343,40239,578014696,367116835,6009937,1103,"",1.00,1.00,1.00,1.00,1.00,1.00,1.00,1.00,"",-100,-2.0,-2348,-5.5,-2336,-5.5,-2576,-6.0,-30325365,-5.0,-15782287,-4.1,-170045,-2.8,8,0.7
"US000","5","3399","16","0","2025","1","",23214,284724,285679,285251,5255019483,3048153193,53433939,1417,"",1.00,1.00,1.00,1.00,1.00,1.00,1.00,1.00,"",354,1.5,-3655,-1.3,-2888,-1.0,-3856,-1.3,97187127,1.9,31079102,1.0,301642,0.6,43,3.1
"US000","5","33991","17","0","2025","1","",2139,20236,20300,20180,329159296,204050751,4132155,1251,"",1.00,1.00,1.00,1.00,1.00,1.00,1.00,1.00,"",-89,-4.0,-1449,-6.7,-1132,-5.3,-1019,-4.8,-11741763,-3.4,-7708509,-3.6,-164956,-3.8,28,2.3
"US000","5","339910","18","0","2025","1","",2139,20236,20300,20180,329159296,204050751,4132155,1251,"",1.00,1.00,1.00,1.00,1.00,1.00,1.00,1.00,"",-89,-4.0,-1449,-6.7,-1132,-5.3,-1019,-4.8,-11741763,-3.4,-7708509,-3.6,-164956,-3.8,28,2.3
"US000","5","33992","17","0","2025","1","",2243,42198,42377,42431,856028934,478537937,8388304,1555,"",1.00,1.00,1.00,1.00,1.00,1.00,1.00,1.00,"",-51,-2.2,-645,-1.5,-612,-1.4,-562,-1.3,-21245367,-2.4,4005591,0.8,-542391,-6.1,-16,-1.0
"US000","5","339920","18","0","2025","1","",2243,42198,42377,42431,856028934,478537937,8388304,1555,"",1.00,1.00,1.00,1.00,1.00,1.00,1.00,1.00,"",-51,-2.2,-645,-1.5,-612,-1.4,-562,-1.3,-21245367,-2.4,4005591,0.8,-542391,-6.1,-16,-1.0
"US000","5","33993","17","0","2025","1","",916,10748,10745,10775,337076173,165419194,2917099,2411,"",1.00,1.00,1.00,1.00,1.00,1.00,1.00,1.00,"",15,1.7,-95,-0.9,-222,-2.0,-227,-2.1,35904706,11.9,11785904,7.7,184034,6.7,293,13.8
"US000","5","339930","18","0","2025","1","",916,10748,10745,10775,337076173,165419194,2917099,2411,"",1.00,1.00,1.00,1.00,1.00,1.00,1.00,1.00,"",15,1.7,-95,-0.9,-222,-2.0,-227,-2.1,35904706,11.9,11785904,7.7,184034,6.7,293,13.8
"US000","5","33994","17","0","2025","1","",483,9141,9066,9072,167235733,79204122,1421493,1415,"",1.00,1.00,1.00,1.00,1.00,1.00,1.00,1.00,"",-11,-2.2,-472,-4.9,-542,-5.6,-584,-6.0,752742,0.5,-3520889,-4.3,42857,3.1,85,6.4
"US000","5","339940","18","0","2025","1","",483,9141,9066,9072,167235733,79204122,1421493,1415,"",1.00,1.00,1.00,1.00,1.00,1.00,1.00,1.00,"",-11,-2.2,-472,-4.9,-542,-5.6,-584,-6.0,752742,0.5,-3520889,-4.3,42857,3.1,85,6.4
"US000","5","33995","17","0","2025","1","",7642,76647,77030,76894,1198849905,781232196,11883336,1200,"",1.00,1.00,1.00,1.00,1.00,1.00,1.00,1.00,"",96,1.3,290,0.4,636,0.8,435,0.6,35786391,3.1,15801117,2.1,224744,1.9,29,2.5
"US000","5","339950","18","0","2025","1","",7642,76647,77030,76894,1198849905,781232196,11883336,1200,"",1.00,1.00,1.00,1.00,1.00,1.00,1.00,1.00,"",96,1.3,290,0.4,636,0.8,435,0.6,35786391,3.1,15801117,2.1,224744,1.9,29,2.5
"US000","5","33999","17","0","2025","1","",9791,125754,126161,125899,2366669442,1339708993,24691552,1446,"",1.00,1.00,1.00,1.00,1.00,1.00,1.00,1.00,"",394,4.2,-1284,-1.0,-1016,-0.8,-1899,-1.5,57730418,2.5,10715888,0.8,557354,2.3,51,3.7
"US000","5","339991","18","0","2025","1","",790,27829,27797,27738,547984790,289851050,5406491,1517,"",1.00,1.00,1.00,1.00,1.00,1.00,1.00,1.00,"",-2,-0.3,-666,-2.3,-659,-2.3,-841,-2.9,9829228,1.8,-3306496,-1.1,90686,1.7,65,4.5
"US000","5","339992","18","0","2025","1","",730,10976,10962,10933,174194892,98691172,2239009,1223,"",1.00,1.00,1.00,1.00,1.00,1.00,1.00,1.00,"",-5,-0.7,-711,-6.1,-710,-6.1,-713,-6.1,-4814477,-2.7,-3022816,-3.0,-60888,-2.6,43,3.6
"US000","5","339993","18","0","2025","1","",181,4791,4764,4778,85378185,51846226,692679,1375,"",1.00,1.00,1.00,1.00,1.00,1.00,1.00,1.00,"",-8,-4.2,-309,-6.1,-326,-6.4,-290,-5.7,-4110047,-4.6,-1868642,-3.5,-63034,-8.3,22,1.6
"US000","5","339994","18","0","2025","1","",199,7569,7586,7536,133621444,84560152,881171,1359,"",1.00,1.00,1.00,1.00,1.00,1.00,1.00,1.00,"",-8,-3.9,-197,-2.5,-185,-2.4,-256,-3.3,2306849,1.8,-448170,-0.5,-134685,-13.3,60,4.6
"US000","5","339995","18","0","2025","1","",105,2937,2960,2967,42710542,26045463,465566,1112,"",1.00,1.00,1.00,1.00,1.00,1.00,1.00,1.00,"",-4,-3.7,-250,-7.8,-216,-6.8,-173,-5.5,562872,1.3,-734394,-2.7,165010,54.9,88,8.6
"US000","5","339999","18","0","2025","1","",7786,71652,72092,71947,1382779589,788714930,15006636,1479,"",1.00,1.00,1.00,1.00,1.00,1.00,1.00,1.00,"",421,5.7,849,1.2,1080,1.5,374,0.5,53955993,4.1,20096406,2.6,560265,3.9,42,2.9
"US000","5","42","14","0","2025","1","",626987,6023691,6027991,6028642,169137946160,70381249214,1140612095,2159,"",1.00,1.00,1.00,1.00,1.00,1.00,1.00,1.00,"",-7849,-1.2,-44953,-0.7,-49282,-0.8,-62763,-1.0,3730728134,2.3,360636209,0.5,35855955,3.2,66,3.2
"US000","5","423","15","0","2025","1","",337994,3395097,3396188,3393430,95037657325,39977911144,646190194,2153,"",1.00,1.00,1.00,1.00,1.00,1.00,1.00,1.00,"",954,0.3,-519,0.0,-2868,-0.1,-11505,-0.3,2486786702,2.7,389042786,1.0,27934612,4.5,59,2.8
"US000","5","4231","16","0","2025","1","",26894,369521,369678,368366,7675669210,3858674998,60297193,1599,"",1.00,1.00,1.00,1.00,1.00,1.00,1.00,1.00,"",-147,-0.5,-5663,-1.5,-6346,-1.7,-8512,-2.3,-29038228,-0.4,-41613006,-1.1,465545,0.8,23,1.5
"US000","5","42311","17","0","2025","1","",7625,138406,138013,138126,3183479156,1514912989,20620416,1772,"",1.00,1.00,1.00,1.00,1.00,1.00,1.00,1.00,"",-7,-0.1,-209,-0.2,-1003,-0.7,-1287,-0.9,21844317,0.7,3631523,0.2,49191,0.2,23,1.3
"US000","5","423110","18","0","2025","1","",7625,138406,138013,138126,3183479156,1514912989,20620416,1772,"",1.00,1.00,1.00,1.00,1.00,1.00,1.00,1.00,"",-7,-0.1,-209,-0.2,-1003,-0.7,-1287,-0.9,21844317,0.7,3631523,0.2,49191,0.2,23,1.3
"US000","5","42312","17","0","2025","1","",14625,174929,175453,174307,3542554624,1763585641,31162220,1558,"",1.00,1.00,1.00,1.00,1.00,1.00,1.00,1.00,"",-199,-1.3,-3962,-2.2,-3776,-2.1,-5689,-3.2,-18291411,-0.5,-31948792,-1.8,383212,1.2,31,2.0
"US000","5","423120","18","0","2025","1","",14625,174929,175453,174307,3542554624,1763585641,31162220,1558,"",1.00,1.00,1.00,1.00,1.00,1.00,1.00,1.00,"",-199,-1.3,-3962,-2.2,-3776,-2.1,-5689,-3.2,-18291411,-0.5,-31948792,-1.8,383212,1.2,31,2.0
"US000","5","42313","17","0","2025","1","",2556,34273,34241,33925,615514237,343817424,5403947,1387,"",1.00,1.00,1.00,1.00,1.00,1.00,1.00,1.00,"",84,3.4,-187,-0.5,-195,-0.6,-310,-0.9,4317892,0.7,-2438046,-0.7,137771,2.6,19,1.4
"US000","5","423130","18","0","2025","1","",2556,34273,34241,33925,615514237,343817424,5403947,1387,"",1.00,1.00,1.00,1.00,1.00,1.00,1.00,1.00,"",84,3.4,-187,-0.5,-195,-0.6,-310,-0.9,4317892,0.7,-2438046,-0.7,137771,2.6,19,1.4
"US000","5","42314","17","0","2025","1","",2088,21913,21971,22008,334121193,236358944,3110610,1170,"",1.00,1.00,1.00,1.00,1.00,1.00,1.00,1.00,"",-25,-1.2,-1305,-5.6,-1372,-5.9,-1226,-5.3,-36909026,-9.9,-10857691,-4.4,-104629,-3.3,-57,-4.6
"US000","5","423140","18","0","2025","1","",2088,21913,21971,22008,334121193,236358944,3110610,1170,"",1.00,1.00,1.00,1.00,1.00,1.00,1.00,1.00,"",-25,-1.2,-1305,-5.6,-1372,-5.9,-1226,-5.3,-36909026,-9.9,-10857691,-4.4,-104629,-3.3,-57,-4.6
"US000","5","4232","16","0","2025","1","",13198,108596,108670,108387,2366553551,1178515501,21764058,1677,"",1.00,1.00,1.00,1.00,1.00,1.00,1.00,1.00,"",-89,-0.7,-2940,-2.6,-2845,-2.6,-2795,-2.5,-63497384,-2.6,-8209617,-0.7,102737,0.5,-1,-0.1
"US000","5","42321","17","0","2025","1","",6033,48512,48614,48579,1108514114,531902503,9620127,1756,"",1.00,1.00,1.00,1.00,1.00,1.00,1.00,1.00,"",-52,-0.9,-1423,-2.8,-1299,-2.6,-1266,-2.5,-29189520,-2.6,-5348456,-1.0,-25754,-0.3,2,0.1
"US000","5","423210","18","0","2025","1","",6033,48512,48614,48579,1108514114,531902503,9620127,1756,"",1.00,1.00,1.00,1.00,1.00,1.00,1.00,1.00,"",-52,-0.9,-1423,-2.8,-1299,-2.6,-1266,-2.5,-29189520,-2.6,-5348456,-1.0,-25754,-0.3,2,0.1
"US000","5","42322","17","0","2025","1","",7165,60084,60056,59808,1258039437,646612998,12143931,1613,"",1.00,1.00,1.00,1.00,1.00,1.00,1.00,1.00,"",-37,-0.5,-1517,-2.5,-1546,-2.5,-1529,-2.5,-34307864,-2.7,-2861161,-0.4,128491,1.1,-3,-0.2
"US000","5","423220","18","0","2025","1","",7165,60084,60056,59808,1258039437,646612998,12143931,1613,"",1.00,1.00,1.00,1.00,1.00,1.00,1.00,1.00,"",-37,-0.5,-1517,-2.5,-1546,-2.5,-1529,-2.5,-34307864,-2.7,-2861161,-0.4,128491,1.1,-3,-0.2
"US000","5","4233","16","0","2025","1","",25872,260927,261260,261808,6215493329,2993000816,50425688,1830,"",1.00,1.00,1.00,1.00,1.00,1.00,1.00,1.00,"",454,1.8,490,0.2,609,0.2,-827,-0.3,16026803,0.3,21590319,0.7,1409246,2.9,5,0.3
"US000","5","42331","17","0","2025","1","",9696,114046,114164,114018,2647228926,1348213594,19734818,1785,"",1.00,1.00,1.00,1.00,1.00,1.00,1.00,1.00,"",116,1.2,683,0.6,538,0.5,-128,-0.1,-102916950,-3.7,27418863,2.1,1070110,5.7,-75,-4.0
"US000","5","423310","18","0","2025","1","",9696,114046,114164,114018,2647228926,1348213594,19734818,1785,"",1.00,1.00,1.00,1.00,1.00,1.00,1.00,1.00,"",116,1.2,683,0.6,538,0.5,-128,-0.1,-102916950,-3.7,27418863,2.1,1070110,5.7,-75,-4.0
"US000","5","42332","17","0","2025","1","",6607,65093,65324,65643,1389583146,704198907,13987828,1636,"",1.00,1.00,1.00,1.00,1.00,1.00,1.00,1.00,"",53,0.8,-495,-0.8,-544,-0.8,-806,-1.2,2902645,0.2,-853885,-0.1,177935,1.3,19,1.2
"US000","5","423320","18","0","2025","1","",6607,65093,65324,65643,1389583146,704198907,13987828,1636,"",1.00,1.00,1.00,1.00,1.00,1.00,1.00,1.00,"",53,0.8,-495,-0.8,-544,-0.8,-806,-1.2,2902645,0.2,-853885,-0.1,177935,1.3,19,1.2
"US000","5","42333","17","0","2025","1","",4219,45604,45499,45804,1334311545,525507532,10207661,2249,"",1.00,1.00,1.00,1.00,1.00,1.00,1.00,1.00,"",67,1.6,-70,-0.2,112,0.2,-155,-0.3,102732646,8.3,12513526,2.4,358591,3.6,175,8.4
"US000","5","423330","18","0","2025","1","",4219,45604,45499,45804,1334311545,525507532,10207661,2249,"",1.00,1.00,1.00,1.00,1.00,1.00,1.00,1.00,"",67,1.6,-70,-0.2,112,0.2,-155,-0.3,102732646,8.3,12513526,2.4,358591,3.6,175,8.4
"US000","5","42339","17","0","2025","1","",5350,36184,36273,36343,844369712,415080783,6495381,1791,"",1.00,1.00,1.00,1.00,1.00,1.00,1.00,1.00,"",218,4.2,372,1.0,503,1.4,262,0.7,13308462,1.6,-17488185,-4.0,-197390,-2.9,10,0.6
"US000","5","423390","18","0","2025","1","",5350,36184,36273,36343,844369712,415080783,6495381,1791,"",1.00,1.00,1.00,1.00,1.00,1.00,1.00,1.00,"",218,4.2,372,1.0,503,1.4,262,0.7,13308462,1.6,-17488185,-4.0,-197390,-2.9,10,0.6
"US000","5","4234","16","0","2025","1","",71972,741557,741165,739224,29342748855,9699888803,173080247,3048,"",1.00,1.00,1.00,1.00,1.00,1.00,1.00,1.00,"",-1050,-1.4,-2033,-0.3,-2985,-0.4,-3814,-0.5,1534388186,5.5,143430703,1.5,15420900,9.8,171,5.9
"US000","5","42341","17","0","2025","1","",1243,11024,11029,10914,336084530,121480735,2865325,2353,"",1.00,1.00,1.00,1.00,1.00,1.00,1.00,1.00,"",-29,-2.3,-638,-5.5,-704,-6.0,-798,-6.8,-15442396,-4.4,-47941844,-28.3,-100081,-3.4,42,1.8
"US000","5","423410","18","0","2025","1","",1243,11024,11029,10914,336084530,121480735,2865325,2353,"",1.00,1.00,1.00,1.00,1.00,1.00,1.00,1.00,"",-29,-2.3,-638,-5.5,-704,-6.0,-798,-6.8,-15442396,-4.4,-47941844,-28.3,-100081,-3.4,42,1.8
"US000","5","42342","17","0","2025","1","",5637,66606,66134,65990,1514205317,790915540,13417645,1758,"",1.00,1.00,1.00,1.00,1.00,1.00,1.00,1.00,"",-313,-5.3,-2404,-3.5,-2843,-4.1,-3021,-4.4,7016663,0.5,-10929183,-1.4,83407,0.6,78,4.6
"US000","5","423420","18","0","2025","1","",5637,66606,66134,65990,1514205317,790915540,13417645,1758,"",1.00,1.00,1.00,1.00,1.00,1.00,1.00,1.00,"",-313,-5.3,-2404,-3.5,-2843,-4.1,-3021,-4.4,7016663,0.5,-10929183,-1.4,83407,0.6,78,4.6
"US000","5","42343","17","0","2025","1","",16404,221479,221183,220417,11765136744,3036443690,64004658,4095,"",1.00,1.00,1.00,1.00,1.00,1.00,1.00,1.00,"",-1026,-5.9,-7967,-3.5,-7731,-3.4,-8192,-3.6,432526414,3.8,-58923828,-1.9,8652831,15.6,288,7.6
"US000","5","423430","18","0","2025","1","",16404,221479,221183,220417,11765136744,3036443690,64004658,4095,"",1.00,1.00,1.00,1.00,1.00,1.00,1.00,1.00,"",-1026,-5.9,-7967,-3.5,-7731,-3.4,-8192,-3.6,432526414,3.8,-58923828,-1.9,8652831,15.6,288,7.6
"US000","5","42344","17","0","2025","1","",6594,57985,58110,58331,1279932618,649907419,10710908,1693,"",1.00,1.00,1.00,1.00,1.00,1.00,1.00,1.00,"",-49,-0.7,-512,-0.9,-584,-1.0,-524,-0.9,7720358,0.6,4519431,0.7,256854,2.5,25,1.5
"US000","5","423440","18","0","2025","1","",6594,57985,58110,58331,1279932618,649907419,10710908,1693,"",1.00,1.00,1.00,1.00,1.00,1.00,1.00,1.00,"",-49,-0.7,-512,-0.9,-584,-1.0,-524,-0.9,7720358,0.6,4519431,0.7,256854,2.5,25,1.5
"US000","5","42345","17","0","2025","1","",34956,326591,326901,325806,12826335350,4392696150,70232781,3022,"",1.00,1.00,1.00,1.00,1.00,1.00,1.00,1.00,"",328,0.9,12271,3.9,11650,3.7,11509,3.7,1115480988,9.5,259681235,6.3,6036165,9.4,159,5.6
"US000","5","423450","18","0","2025","1","",34956,326591,326901,325806,12826335350,4392696150,70232781,3022,"",1.00,1.00,1.00,1.00,1.00,1.00,1.00,1.00,"",328,0.9,12271,3.9,11650,3.7,11509,3.7,1115480988,9.5,259681235,6.3,6036165,9.4,159,5.6
"US000","5","42346","17","0","2025","1","",2329,20755,20768,20710,524917290,234133306,3977880,1946,"",1.00,1.00,1.00,1.00,1.00,1.00,1.00,1.00,"",-3,-0.1,-1880,-8.3,-1812,-8.0,-1904,-8.4,-12470058,-2.3,-7655405,-3.2,-249110,-5.9,118,6.5
"US000","5","423460","18","0","2025","1","",2329,20755,20768,20710,524917290,234133306,3977880,1946,"",1.00,1.00,1.00,1.00,1.00,1.00,1.00,1.00,"",-3,-0.1,-1880,-8.3,-1812,-8.0,-1904,-8.4,-12470058,-2.3,-7655405,-3.2,-249110,-5.9,118,6.5
"US000","5","42349","17","0","2025","1","",4809,37117,37040,37056,1096137006,474311963,7871050,2275,"",1.00,1.00,1.00,1.00,1.00,1.00,1.00,1.00,"",42,0.9,-903,-2.4,-961,-2.5,-884,-2.3,-443783,0.0,4680297,1.0,740834,10.4,54,2.4
"US000","5","423490","18","0","2025","1","",4809,37117,37040,37056,1096137006,474311963,7871050,2275,"",1.00,1.00,1.00,1.00,1.00,1.00,1.00,1.00,"",42,0.9,-903,-2.4,-961,-2.5,-884,-2.3,-443783,0.0,4680297,1.0,740834,10.4,54,2.4
"US000","5","4235","16","0","2025","1","",11385,134206,134152,134405,3238349854,1490138456,23129791,1855,"",1.00,1.00,1.00,1.00,1.00,1.00,1.00,1.00,"",-6,-0.1,365,0.3,6,0.0,-78,-0.1,-145615506,-4.3,12281351,0.8,-34495,-0.1,-85,-4.4
"US000","5","42351","17","0","2025","1","",10917,131641,131585,131827,3134157129,1460988434,22559322,1831,"",1.00,1.00,1.00,1.00,1.00,1.00,1.00,1.00,"",11,0.1,402,0.3,50,0.0,-40,0.0,-138517282,-4.2,11401908,0.8,-44884,-0.2,-83,-4.3
"US000","5","423510","18","0","2025","1","",10917,131641,131585,131827,3134157129,1460988434,22559322,1831,"",1.00,1.00,1.00,1.00,1.00,1.00,1.00,1.00,"",11,0.1,402,0.3,50,0.0,-40,0.0,-138517282,-4.2,11401908,0.8,-44884,-0.2,-83,-4.3
"US000","5","42352","17","0","2025","1","",468,2565,2567,2578,104192725,29150022,570469,3119,"",1.00,1.00,1.00,1.00,1.00,1.00,1.00,1.00,"",-17,-3.5,-37,-1.4,-44,-1.7,-38,-1.5,-7098224,-6.4,879443,3.1,10389,1.9,-161,-4.9
"US000","5","423520","18","0","2025","1","",468,2565,2567,2578,104192725,29150022,570469,3119,"",1.00,1.00,1.00,1.00,1.00,1.00,1.00,1.00,"",-17,-3.5,-37,-1.4,-44,-1.7,-38,-1.5,-7098224,-6.4,879443,3.1,10389,1.9,-161,-4.9
"US000","5","4236","16","0","2025","1","",39189,374021,374761,374756,12173625836,4605522572,77320573,2500,"",1.00,1.00,1.00,1.00,1.00,1.00,1.00,1.00,"",62,0.2,-1854,-0.5,-1298,-0.3,-2152,-0.6,276977289,2.3,24499160,0.5,3335801,4.5,68,2.8
"US000","5","42361","17","0","2025","1","",19252,201427,202107,202464,6171805235,2414123109,36669471,2350,"",1.00,1.00,1.00,1.00,1.00,1.00,1.00,1.00,"",256,1.3,4426,2.2,5023,2.5,4489,2.3,280530878,4.8,68093113,2.9,2158804,6.3,54,2.4
"US000","5","423610","18","0","2025","1","",19252,201427,202107,202464,6171805235,2414123109,36669471,2350,"",1.00,1.00,1.00,1.00,1.00,1.00,1.00,1.00,"",256,1.3,4426,2.2,5023,2.5,4489,2.3,280530878,4.8,68093113,2.9,2158804,6.3,54,2.4
"US000","5","42362","17","0","2025","1","",4742,35257,35381,35420,1231049374,443385091,9321091,2679,"",1.00,1.00,1.00,1.00,1.00,1.00,1.00,1.00,"",-14,-0.3,-391,-1.1,-259,-0.7,-344,-1.0,58139370,5.0,5426690,1.2,542411,6.2,151,6.0
"US000","5","423620","18","0","2025","1","",4742,35257,35381,35420,1231049374,443385091,9321091,2679,"",1.00,1.00,1.00,1.00,1.00,1.00,1.00,1.00,"",-14,-0.3,-391,-1.1,-259,-0.7,-344,-1.0,58139370,5.0,5426690,1.2,542411,6.2,151,6.0
"US000","5","42369","17","0","2025","1","",15195,137337,137273,136872,4770771227,1748014372,31330011,2676,"",1.00,1.00,1.00,1.00,1.00,1.00,1.00,1.00,"",-180,-1.2,-5889,-4.1,-6062,-4.2,-6297,-4.4,-61692959,-1.3,-49020643,-2.7,634586,2.1,81,3.1
"US000","5","423690","18","0","2025","1","",15195,137337,137273,136872,4770771227,1748014372,31330011,2676,"",1.00,1.00,1.00,1.00,1.00,1.00,1.00,1.00,"",-180,-1.2,-5889,-4.1,-6062,-4.2,-6297,-4.4,-61692959,-1.3,-49020643,-2.7,634586,2.1,81,3.1
"US000","5","4237","16","0","2025","1","",27978,315213,315546,315669,8058418545,3650643468,54900280,1965,"",1.00,1.00,1.00,1.00,1.00,1.00,1.00,1.00,"",351,1.3,5355,1.7,5284,1.7,4689,1.5,305434840,3.9,104286621,2.9,2487442,4.7,43,2.2
"US000","5","42371","17","0","2025","1","",8240,92508,92766,92811,1964358798,1021724676,15563783,1630,"",1.00,1.00,1.00,1.00,1.00,1.00,1.00,1.00,"",32,0.4,479,0.5,357,0.4,93,0.1,38217432,2.0,19979499,2.0,232262,1.5,26,1.6
"US000","5","423710","18","0","2025","1","",8240,92508,92766,92811,1964358798,1021724676,15563783,1630,"",1.00,1.00,1.00,1.00,1.00,1.00,1.00,1.00,"",32,0.4,479,0.5,357,0.4,93,0.1,38217432,2.0,19979499,2.0,232262,1.5,26,1.6
"US000","5","42372","17","0","2025","1","",10588,121816,121707,121707,3096325858,1457423065,21187047,1956,"",1.00,1.00,1.00,1.00,1.00,1.00,1.00,1.00,"",81,0.8,2344,2.0,2339,2.0,2157,1.8,127562824,4.3,48459248,3.4,1026512,5.1,44,2.3
"US000","5","423720","18","0","2025","1","",10588,121816,121707,121707,3096325858,1457423065,21187047,1956,"",1.00,1.00,1.00,1.00,1.00,1.00,1.00,1.00,"",81,0.8,2344,2.0,2339,2.0,2157,1.8,127562824,4.3,48459248,3.4,1026512,5.1,44,2.3
"US000","5","42373","17","0","2025","1","",7415,84917,85160,85275,2620573021,996090706,15621283,2368,"",1.00,1.00,1.00,1.00,1.00,1.00,1.00,1.00,"",210,2.9,2295,2.8,2416,2.9,2352,2.8,127287197,5.1,39067097,4.1,1360838,9.5,51,2.2
"US000","5","423730","18","0","2025","1","",7415,84917,85160,85275,2620573021,996090706,15621283,2368,"",1.00,1.00,1.00,1.00,1.00,1.00,1.00,1.00,"",210,2.9,2295,2.8,2416,2.9,2352,2.8,127287197,5.1,39067097,4.1,1360838,9.5,51,2.2
"US000","5","42374","17","0","2025","1","",1735,15972,15913,15876,377160868,175405021,2528167,1822,"",1.00,1.00,1.00,1.00,1.00,1.00,1.00,1.00,"",28,1.6,237,1.5,172,1.1,87,0.6,12367387,3.4,-3219223,-1.8,-132170,-5.0,41,2.3
"US000","5","423740","18","0","2025","1","",1735,15972,15913,15876,377160868,175405021,2528167,1822,"",1.00,1.00,1.00,1.00,1.00,1.00,1.00,1.00,"",28,1.6,237,1.5,172,1.1,87,0.6,12367387,3.4,-3219223,-1.8,-132170,-5.0,41,2.3
"US000","5","4238","16","0","2025","1","",77647,775616,775260,775299,19442723910,9174558051,126968204,1929,"",1.00,1.00,1.00,1.00,1.00,1.00,1.00,1.00,"",704,0.9,5301,0.7,3626,0.5,1531,0.2,330486237,1.7,81794929,0.9,2238473,1.8,24,1.3
"US000","5","42381","17","0","2025","1","",5952,108921,108848,109000,2845552412,1379219706,16919471,2010,"",1.00,1.00,1.00,1.00,1.00,1.00,1.00,1.00,"",17,0.3,2395,2.2,1679,1.6,951,0.9,30852571,1.1,22815538,1.7,712908,4.4,-9,-0.4
"US000","5","423810","18","0","2025","1","",5952,108921,108848,109000,2845552412,1379219706,16919471,2010,"",1.00,1.00,1.00,1.00,1.00,1.00,1.00,1.00,"",17,0.3,2395,2.2,1679,1.6,951,0.9,30852571,1.1,22815538,1.7,712908,4.4,-9,-0.4
"US000","5","42382","17","0","2025","1","",9488,113422,112813,113268,2313906937,1314482065,13303847,1573,"",1.00,1.00,1.00,1.00,1.00,1.00,1.00,1.00,"",63,0.7,-3324,-2.8,-3534,-3.0,-4068,-3.5,-44234528,-1.9,-47419220,-3.5,-918630,-6.5,20,1.3
"US000","5","423820","18","0","2025","1","",9488,113422,112813,113268,2313906937,1314482065,13303847,1573,"",1.00,1.00,1.00,1.00,1.00,1.00,1.00,1.00,"",63,0.7,-3324,-2.8,-3534,-3.0,-4068,-3.5,-44234528,-1.9,-47419220,-3.5,-918630,-6.5,20,1.3
"US000","5","42383","17","0","2025","1","",36856,344761,344953,344771,9323946727,4136412374,60617598,2080,"",1.00,1.00,1.00,1.00,1.00,1.00,1.00,1.00,"",162,0.4,2015,0.6,1734,0.5,1185,0.3,95934570,1.0,30495496,0.7,1206040,2.0,12,0.6
"US000","5","423830","18","0","2025","1","",36856,344761,344953,344771,9323946727,4136412374,60617598,2080,"",1.00,1.00,1.00,1.00,1.00,1.00,1.00,1.00,"",162,0.4,2015,0.6,1734,0.5,1185,0.3,95934570,1.0,30495496,0.7,1206040,2.0,12,0.6
"US000","5","42384","17","0","2025","1","",13660,107766,107819,107690,2546996477,1248416616,19194014,1818,"",1.00,1.00,1.00,1.00,1.00,1.00,1.00,1.00,"",221,1.6,152,0.1,-64,-0.1,49,0.0,51195037,2.1,12162097,1.0,251529,1.3,36,2.0
"US000","5","423840","18","0","2025","1","",13660,107766,107819,107690,2546996477,1248416616,19194014,1818,"",1.00,1.00,1.00,1.00,1.00,1.00,1.00,1.00,"",221,1.6,152,0.1,-64,-0.1,49,0.0,51195037,2.1,12162097,1.0,251529,1.3,36,2.0
"US000","5","42385","17","0","2025","1","",6763,57848,57821,57687,1084161162,612480182,9443852,1443,"",1.00,1.00,1.00,1.00,1.00,1.00,1.00,1.00,"",59,0.9,443,0.8,368,0.6,234,0.4,39565760,3.8,14867235,2.5,583870,6.6,44,3.1
"US000","5","423850","18","0","2025","1","",6763,57848,57821,57687,1084161162,612480182,9443852,1443,"",1.00,1.00,1.00,1.00,1.00,1.00,1.00,1.00,"",59,0.9,443,0.8,368,0.6,234,0.4,39565760,3.8,14867235,2.5,583870,6.6,44,3.1
"US000","5","42386","17","0","2025","1","",4928,42898,43006,42883,1328160195,483547108,7489422,2380,"",1.00,1.00,1.00,1.00,1.00,1.00,1.00,1.00,"",182,3.8,3620,9.2,3443,8.7,3180,8.0,157172827,13.4,48873783,11.2,402756,5.7,100,4.4
"US000","5","423860","18","0","2025","1","",4928,42898,43006,42883,1328160195,483547108,7489422,2380,"",1.00,1.00,1.00,1.00,1.00,1.00,1.00,1.00,"",182,3.8,3620,9.2,3443,8.7,3180,8.0,157172827,13.4,48873783,11.2,402756,5.7,100,4.4
"US000","5","4239","16","0","2025","1","",43859,315440,315696,315516,6524074235,3326968479,58304160,1590,"",1.00,1.00,1.00,1.00,1.00,1.00,1.00,1.00,"",675,1.6,460,0.1,1081,0.3,453,0.1,261624465,4.2,50982326,1.6,2508963,4.5,60,3.9
"US000","5","42391","17","0","2025","1","",9150,63405,63535,63617,1330487364,678177489,12332092,1611,"",1.00,1.00,1.00,1.00,1.00,1.00,1.00,1.00,"",249,2.8,204,0.3,223,0.4,165,0.3,48329137,3.8,10986153,1.6,1195341,10.7,53,3.4
"US000","5","423910","18","0","2025","1","",9150,63405,63535,63617,1330487364,678177489,12332092,1611,"",1.00,1.00,1.00,1.00,1.00,1.00,1.00,1.00,"",249,2.8,204,0.3,223,0.4,165,0.3,48329137,3.8,10986153,1.6,1195341,10.7,53,3.4
"US000","5","42392","17","0","2025","1","",3188,24049,23827,23913,610162212,275911028,5476958,1961,"",1.00,1.00,1.00,1.00,1.00,1.00,1.00,1.00,"",54,1.7,170,0.7,366,1.6,373,1.6,31515001,5.4,10000873,3.8,305529,5.9,77,4.1
"US000","5","423920","18","0","2025","1","",3188,24049,23827,23913,610162212,275911028,5476958,1961,"",1.00,1.00,1.00,1.00,1.00,1.00,1.00,1.00,"",54,1.7,170,0.7,366,1.6,373,1.6,31515001,5.4,10000873,3.8,305529,5.9,77,4.1
"US000","5","42393","17","0","2025","1","",7907,100396,100452,100485,1748234767,1021467971,15366665,1339,"",1.00,1.00,1.00,1.00,1.00,1.00,1.00,1.00,"",-124,-1.5,227,0.2,34,0.0,27,0.0,8374971,0.5,3624193,0.4,195210,1.3,5,0.4
"US000","5","423930","18","0","2025","1","",7907,100396,100452,100485,1748234767,1021467971,15366665,1339,"",1.00,1.00,1.00,1.00,1.00,1.00,1.00,1.00,"",-124,-1.5,227,0.2,34,0.0,27,0.0,8374971,0.5,3624193,0.4,195210,1.3,5,0.4
"US000","5","42394","17","0","2025","1","",7495,36228,36352,36165,706935573,356945438,7626532,1500,"",1.00,1.00,1.00,1.00,1.00,1.00,1.00,1.00,"",15,0.2,-6,0.0,234,0.6,119,0.3,11012444,1.6,8451494,2.4,207521,2.8,18,1.2
"US000","5","423940","18","0","2025","1","",7495,36228,36352,36165,706935573,356945438,7626532,1500,"",1.00,1.00,1.00,1.00,1.00,1.00,1.00,1.00,"",15,0.2,-6,0.0,234,0.6,119,0.3,11012444,1.6,8451494,2.4,207521,2.8,18,1.2
"US000","5","42399","17","0","2025","1","",16119,91362,91530,91336,2128254319,994466553,17501913,1791,"",1.00,1.00,1.00,1.00,1.00,1.00,1.00,1.00,"",481,3.1,-135,-0.1,224,0.2,-231,-0.3,162392912,8.3,17919613,1.8,605362,3.6,138,8.3
"US000","5","423990","18","0","2025","1","",16119,91362,91530,91336,2128254319,994466553,17501913,1791,"",1.00,1.00,1.00,1.00,1.00,1.00,1.00,1.00,"",481,3.1,-135,-0.1,224,0.2,-231,-0.3,162392912,8.3,17919613,1.8,605362,3.6,138,8.3
"US000","5","424","15","0","2025","1","",180483,2184214,2187242,2191828,58006926233,24989721074,402576709,2040,"",1.00,1.00,1.00,1.00,1.00,1.00,1.00,1.00,"",-700,-0.4,266,0.0,-1261,-0.1,-5463,-0.2,2044667922,3.7,426727023,1.7,12851581,3.3,74,3.8
"US000","5","4241","16","0","2025","1","",9428,114139,114097,112982,2728806699,1254108090,21653317,1846,"",1.00,1.00,1.00,1.00,1.00,1.00,1.00,1.00,"",-173,-1.8,-1060,-0.9,-1280,-1.1,-1504,-1.3,97906504,3.7,1073123,0.1,968649,4.7,87,4.9
"US000","5","42411","17","0","2025","1","",1289,11183,11218,11017,366705617,137360421,2312550,2532,"",1.00,1.00,1.00,1.00,1.00,1.00,1.00,1.00,"",-19,-1.5,-404,-3.5,-279,-2.4,-296,-2.6,-16451156,-4.3,-10717880,-7.2,-173236,-7.0,-39,-1.5
"US000","5","424110","18","0","2025","1","",1289,11183,11218,11017,366705617,137360421,2312550,2532,"",1.00,1.00,1.00,1.00,1.00,1.00,1.00,1.00,"",-19,-1.5,-404,-3.5,-279,-2.4,-296,-2.6,-16451156,-4.3,-10717880,-7.2,-173236,-7.0,-39,-1.5
"US000","5","42412","17","0","2025","1","",3169,37970,37775,37288,635590154,334078620,5918287,1298,"",1.00,1.00,1.00,1.00,1.00,1.00,1.00,1.00,"",-134,-4.1,-1551,-3.9,-1870,-4.7,-1911,-4.9,3340959,0.5,-13230921,-3.8,-13976,-0.2,65,5.3
"US000","5","424120","18","0","2025","1","",3169,37970,37775,37288,635590154,334078620,5918287,1298,"",1.00,1.00,1.00,1.00,1.00,1.00,1.00,1.00,"",-134,-4.1,-1551,-3.9,-1870,-4.7,-1911,-4.9,3340959,0.5,-13230921,-3.8,-13976,-0.2,65,5.3
"US000","5","42413","17","0","2025","1","",4970,64986,65104,64677,1726510928,782669049,13422480,2046,"",1.00,1.00,1.00,1.00,1.00,1.00,1.00,1.00,"",-20,-0.4,895,1.4,869,1.4,703,1.1,111016701,6.9,25021924,3.3,1155861,9.4,107,5.5
"US000","5","424130","18","0","2025","1","",4970,64986,65104,64677,1726510928,782669049,13422480,2046,"",1.00,1.00,1.00,1.00,1.00,1.00,1.00,1.00,"",-20,-0.4,895,1.4,869,1.4,703,1.1,111016701,6.9,25021924,3.3,1155861,9.4,107,5.5
"US000","5","4242","16","0","2025","1","",22568,257838,258294,261129,14370316405,3671381885,65440300,4267,"",1.00,1.00,1.00,1.00,1.00,1.00,1.00,1.00,"",-390,-1.7,563,0.2,665,0.3,2177,0.8,1026122866,7.7,92704439,2.6,3767387,6.1,288,7.2
"US000","5","42421","17","0","2025","1","",22568,257838,258294,261129,14370316405,3671381885,65440300,4267,"",1.00,1.00,1.00,1.00,1.00,1.00,1.00,1.00,"",-390,-1.7,563,0.2,665,0.3,2177,0.8,1026122866,7.7,92704439,2.6,3767387,6.1,288,7.2
"US000","5","424210","18","0","2025","1","",22568,257838,258294,261129,14370316405,3671381885,65440300,4267,"",1.00,1.00,1.00,1.00,1.00,1.00,1.00,1.00,"",-390,-1.7,563,0.2,665,0.3,2177,0.8,1026122866,7.7,92704439,2.6,3767387,6.1,288,7.2
"US000","5","4243","16","0","2025","1","",16493,137733,137508,136797,3139031021,1461723650,32944373,1758,"",1.00,1.00,1.00,1.00,1.00,1.00,1.00,1.00,"",-53,-0.3,-4878,-3.4,-3876,-2.7,-3916,-2.8,82907608,2.7,4332610,0.3,1179259,3.7,97,5.8
"US000","5","42431","17","0","2025","1","",3690,20845,20823,20747,381759958,210150322,3831751,1411,"",1.00,1.00,1.00,1.00,1.00,1.00,1.00,1.00,"",-85,-2.3,-1399,-6.3,-1496,-6.7,-1413,-6.4,-17416763,-4.4,-14645546,-6.5,-185057,-4.6,30,2.2
"US000","5","424310","18","0","2025","1","",3690,20845,20823,20747,381759958,210150322,3831751,1411,"",1.00,1.00,1.00,1.00,1.00,1.00,1.00,1.00,"",-85,-2.3,-1399,-6.3,-1496,-6.7,-1413,-6.4,-17416763,-4.4,-14645546,-6.5,-185057,-4.6,30,2.2
"US000","5","42434","17","0","2025","1","",1852,22280,22197,22147,610492823,268909422,5251402,2115,"",1.00,1.00,1.00,1.00,1.00,1.00,1.00,1.00,"",-58,-3.0,-925,-4.0,-737,-3.2,-701,-3.1,28267923,4.9,4857030,1.8,156525,3.1,167,8.6
"US000","5","424340","18","0","2025","1","",1852,22280,22197,22147,610492823,268909422,5251402,2115,"",1.00,1.00,1.00,1.00,1.00,1.00,1.00,1.00,"",-58,-3.0,-925,-4.0,-737,-3.2,-701,-3.1,28267923,4.9,4857030,1.8,156525,3.1,167,8.6
"US000","5","42435","17","0","2025","1","",10951,94608,94488,93903,2146778240,982663906,23861220,1751,"",1.00,1.00,1.00,1.00,1.00,1.00,1.00,1.00,"",90,0.8,-2554,-2.6,-1643,-1.7,-1802,-1.9,72056448,3.5,14121126,1.5,1207791,5.3,94,5.7
"US000","5","424350","18","0","2025","1","",10951,94608,94488,93903,2146778240,982663906,23861220,1751,"",1.00,1.00,1.00,1.00,1.00,1.00,1.00,1.00,"",90,0.8,-2554,-2.6,-1643,-1.7,-1802,-1.9,72056448,3.5,14121126,1.5,1207791,5.3,94,5.7
"US000","5","4244","16","0","2025","1","",49667,826697,828328,829056,17375539561,9140130347,146611922,1614,"",1.00,1.00,1.00,1.00,1.00,1.00,1.00,1.00,"",121,0.2,12895,1.6,12713,1.6,10390,1.3,765904873,4.6,303960155,3.4,7063535,5.1,48,3.1
"US000","5","42441","17","0","2025","1","",8955,258056,258758,259058,5446895030,2983787743,45302671,1620,"",1.00,1.00,1.00,1.00,1.00,1.00,1.00,1.00,"",71,0.8,529,0.2,698,0.3,324,0.1,248340419,4.8,78180956,2.7,2791783,6.6,71,4.6
"US000","5","424410","18","0","2025","1","",8955,258056,258758,259058,5446895030,2983787743,45302671,1620,"",1.00,1.00,1.00,1.00,1.00,1.00,1.00,1.00,"",71,0.8,529,0.2,698,0.3,324,0.1,248340419,4.8,78180956,2.7,2791783,6.6,71,4.6
"US000","5","42442","17","0","2025","1","",2850,35943,36142,36175,844170265,391232376,6293249,1799,"",1.00,1.00,1.00,1.00,1.00,1.00,1.00,1.00,"",70,2.5,1122,3.2,1225,3.5,1184,3.4,48745273,6.1,19576946,5.3,209608,3.4,46,2.6
"US000","5","424420","18","0","2025","1","",2850,35943,36142,36175,844170265,391232376,6293249,1799,"",1.00,1.00,1.00,1.00,1.00,1.00,1.00,1.00,"",70,2.5,1122,3.2,1225,3.5,1184,3.4,48745273,6.1,19576946,5.3,209608,3.4,46,2.6
"US000","5","42443","17","0","2025","1","",2585,33731,33871,33883,735388823,388327861,6790396,1672,"",1.00,1.00,1.00,1.00,1.00,1.00,1.00,1.00,"",-22,-0.8,-35,-0.1,216,0.6,46,0.1,12326473,1.7,3967340,1.0,113624,1.7,24,1.5
"US000","5","424430","18","0","2025","1","",2585,33731,33871,33883,735388823,388327861,6790396,1672,"",1.00,1.00,1.00,1.00,1.00,1.00,1.00,1.00,"",-22,-0.8,-35,-0.1,216,0.6,46,0.1,12326473,1.7,3967340,1.0,113624,1.7,24,1.5
"US000","5","42444","17","0","2025","1","",764,13055,13238,13243,253379239,139556006,2265169,1479,"",1.00,1.00,1.00,1.00,1.00,1.00,1.00,1.00,"",26,3.5,1340,11.4,1464,12.4,1378,11.6,29811810,13.3,15636934,12.6,241250,11.9,20,1.4
"US000","5","424440","18","0","2025","1","",764,13055,13238,13243,253379239,139556006,2265169,1479,"",1.00,1.00,1.00,1.00,1.00,1.00,1.00,1.00,"",26,3.5,1340,11.4,1464,12.4,1378,11.6,29811810,13.3,15636934,12.6,241250,11.9,20,1.4
"US000","5","42445","17","0","2025","1","",3930,65472,65504,65040,1368823164,736774688,11443117,1612,"",1.00,1.00,1.00,1.00,1.00,1.00,1.00,1.00,"",45,1.2,1724,2.7,1744,2.7,1161,1.8,33256662,2.5,34771237,5.0,1026415,9.9,2,0.1
"US000","5","424450","18","0","2025","1","",3930,65472,65504,65040,1368823164,736774688,11443117,1612,"",1.00,1.00,1.00,1.00,1.00,1.00,1.00,1.00,"",45,1.2,1724,2.7,1744,2.7,1161,1.8,33256662,2.5,34771237,5.0,1026415,9.9,2,0.1
"US000","5","42446","17","0","2025","1","",2751,27546,27545,27616,469795894,276750768,4778653,1311,"",1.00,1.00,1.00,1.00,1.00,1.00,1.00,1.00,"",8,0.3,632,2.3,325,1.2,418,1.5,6865093,1.5,6990759,2.6,127631,2.7,-3,-0.2
"US000","5","424460","18","0","2025","1","",2751,27546,27545,27616,469795894,276750768,4778653,1311,"",1.00,1.00,1.00,1.00,1.00,1.00,1.00,1.00,"",8,0.3,632,2.3,325,1.2,418,1.5,6865093,1.5,6990759,2.6,127631,2.7,-3,-0.2
"US000","5","42447","17","0","2025","1","",3117,49771,49926,49994,975622693,535405632,8845004,1504,"",1.00,1.00,1.00,1.00,1.00,1.00,1.00,1.00,"",-5,-0.2,1887,3.9,1837,3.8,1815,3.8,59299224,6.5,36286826,7.3,917469,11.6,37,2.5
"US000","5","424470","18","0","2025","1","",3117,49771,49926,49994,975622693,535405632,8845004,1504,"",1.00,1.00,1.00,1.00,1.00,1.00,1.00,1.00,"",-5,-0.2,1887,3.9,1837,3.8,1815,3.8,59299224,6.5,36286826,7.3,917469,11.6,37,2.5
"US000","5","42448","17","0","2025","1","",5357,97153,97072,97170,1707738224,939392226,16484176,1352,"",1.00,1.00,1.00,1.00,1.00,1.00,1.00,1.00,"",-2,0.0,1470,1.5,1438,1.5,984,1.0,94685356,5.9,26274192,2.9,397393,2.5,57,4.4
"US000","5","424480","18","0","2025","1","",5357,97153,97072,97170,1707738224,939392226,16484176,1352,"",1.00,1.00,1.00,1.00,1.00,1.00,1.00,1.00,"",-2,0.0,1470,1.5,1438,1.5,984,1.0,94685356,5.9,26274192,2.9,397393,2.5,57,4.4
"US000","5","42449","17","0","2025","1","",19358,245970,246272,246877,5573726229,2748903047,44409487,1740,"",1.00,1.00,1.00,1.00,1.00,1.00,1.00,1.00,"",-70,-0.4,4226,1.7,3766,1.6,3080,1.3,232574563,4.4,82274965,3.1,1238362,2.9,47,2.8
"US000","5","424490","18","0","2025","1","",19358,245970,246272,246877,5573726229,2748903047,44409487,1740,"",1.00,1.00,1.00,1.00,1.00,1.00,1.00,1.00,"",-70,-0.4,4226,1.7,3766,1.6,3080,1.3,232574563,4.4,82274965,3.1,1238362,2.9,47,2.8
"US000","5","4245","16","0","2025","1","",7141,71754,71058,71434,1184221921,763293917,8407287,1276,"",1.00,1.00,1.00,1.00,1.00,1.00,1.00,1.00,"",-6,-0.1,1707,2.4,332,0.5,430,0.6,82084431,7.4,41086813,5.7,-139749,-1.6,75,6.2
"US000","5","42451","17","0","2025","1","",3863,38948,38637,38797,799172395,517561485,4663765,1585,"",1.00,1.00,1.00,1.00,1.00,1.00,1.00,1.00,"",-89,-2.3,581,1.5,277,0.7,56,0.1,65612776,8.9,35799202,7.4,-77646,-1.6,119,8.1
"US000","5","424510","18","0","2025","1","",3863,38948,38637,38797,799172395,517561485,4663765,1585,"",1.00,1.00,1.00,1.00,1.00,1.00,1.00,1.00,"",-89,-2.3,581,1.5,277,0.7,56,0.1,65612776,8.9,35799202,7.4,-77646,-1.6,119,8.1
"US000","5","42452","17","0","2025","1","",1231,15822,15548,15817,126764152,90431355,522010,620,"",1.00,1.00,1.00,1.00,1.00,1.00,1.00,1.00,"",-13,-1.0,362,2.3,-507,-3.2,-112,-0.7,10238072,8.8,1386070,1.6,-91661,-14.9,53,9.3
"US000","5","424520","18","0","2025","1","",1231,15822,15548,15817,126764152,90431355,522010,620,"",1.00,1.00,1.00,1.00,1.00,1.00,1.00,1.00,"",-13,-1.0,362,2.3,-507,-3.2,-112,-0.7,10238072,8.8,1386070,1.6,-91661,-14.9,53,9.3
"US000","5","42459","17","0","2025","1","",2047,16984,16873,16820,258285374,155301077,3221512,1176,"",1.00,1.00,1.00,1.00,1.00,1.00,1.00,1.00,"",96,4.9,764,4.7,562,3.4,486,3.0,6233583,2.5,3901541,2.6,29558,0.9,-14,-1.2
"US000","5","424590","18","0","2025","1","",2047,16984,16873,16820,258285374,155301077,3221512,1176,"",1.00,1.00,1.00,1.00,1.00,1.00,1.00,1.00,"",96,4.9,764,4.7,562,3.4,486,3.0,6233583,2.5,3901541,2.6,29558,0.9,-14,-1.2
"US000","5","4246","16","0","2025","1","",18575,150073,150309,150033,4553980588,1826297553,27333070,2333,"",1.00,1.00,1.00,1.00,1.00,1.00,1.00,1.00,"",1,0.0,-1485,-1.0,-1415,-0.9,-1629,-1.1,-21510054,-0.5,-21086841,-1.1,-698449,-2.5,12,0.5
"US000","5","42461","17","0","2025","1","",4317,29409,29484,29440,865068401,341805294,5498741,2260,"",1.00,1.00,1.00,1.00,1.00,1.00,1.00,1.00,"",-103,-2.3,-1337,-4.3,-1328,-4.3,-1547,-5.0,-71167386,-7.6,-15469424,-4.3,-658160,-10.7,-75,-3.2
"US000","5","424610","18","0","2025","1","",4317,29409,29484,29440,865068401,341805294,5498741,2260,"",1.00,1.00,1.00,1.00,1.00,1.00,1.00,1.00,"",-103,-2.3,-1337,-4.3,-1328,-4.3,-1547,-5.0,-71167386,-7.6,-15469424,-4.3,-658160,-10.7,-75,-3.2
"US000","5","42469","17","0","2025","1","",14258,120664,120825,120593,3688912187,1484492259,21834329,2351,"",1.00,1.00,1.00,1.00,1.00,1.00,1.00,1.00,"",104,0.7,-148,-0.1,-87,-0.1,-82,-0.1,49657332,1.4,-5617417,-0.4,-40289,-0.2,34,1.5
"US000","5","424690","18","0","2025","1","",14258,120664,120825,120593,3688912187,1484492259,21834329,2351,"",1.00,1.00,1.00,1.00,1.00,1.00,1.00,1.00,"",104,0.7,-148,-0.1,-87,-0.1,-82,-0.1,49657332,1.4,-5617417,-0.4,-40289,-0.2,34,1.5
"US000","5","4247","16","0","2025","1","",8376,100814,100826,100713,3792019820,1189976235,16548237,2894,"",1.00,1.00,1.00,1.00,1.00,1.00,1.00,1.00,"",-131,-1.5,-446,-0.4,-397,-0.4,-799,-0.8,92959419,2.5,21849122,1.9,-69235,-0.4,86,3.1
"US000","5","42471","17","0","2025","1","",2650,33618,33639,33541,991533126,400128735,5161377,2270,"",1.00,1.00,1.00,1.00,1.00,1.00,1.00,1.00,"",-70,-2.6,-751,-2.2,-652,-1.9,-727,-2.1,21353321,2.2,1375588,0.3,81146,1.6,95,4.4
"US000","5","424710","18","0","2025","1","",2650,33618,33639,33541,991533126,400128735,5161377,2270,"",1.00,1.00,1.00,1.00,1.00,1.00,1.00,1.00,"",-70,-2.6,-751,-2.2,-652,-1.9,-727,-2.1,21353321,2.2,1375588,0.3,81146,1.6,95,4.4
"US000","5","42472","17","0","2025","1","",5726,67196,67187,67172,2800486694,789847500,11386860,3206,"",1.00,1.00,1.00,1.00,1.00,1.00,1.00,1.00,"",-61,-1.1,305,0.5,255,0.4,-72,-0.1,71606098,2.6,20473534,2.7,-150381,-1.3,74,2.4
"US000","5","424720","18","0","2025","1","",5726,67196,67187,67172,2800486694,789847500,11386860,3206,"",1.00,1.00,1.00,1.00,1.00,1.00,1.00,1.00,"",-61,-1.1,305,0.5,255,0.4,-72,-0.1,71606098,2.6,20473534,2.7,-150381,-1.3,74,2.4
"US000","5","4248","16","0","2025","1","",9517,210364,209818,209209,4730985240,2354807886,31826775,1735,"",1.00,1.00,1.00,1.00,1.00,1.00,1.00,1.00,"",-37,-0.4,-3110,-1.5,-3809,-1.8,-4606,-2.2,-29025896,-0.6,-1439806,-0.1,1350112,4.4,21,1.2
"US000","5","42481","17","0","2025","1","",2943,111901,111515,111525,2050409920,1180822386,14563592,1413,"",1.00,1.00,1.00,1.00,1.00,1.00,1.00,1.00,"",-43,-1.4,-2670,-2.3,-2799,-2.4,-3131,-2.7,-4335664,-0.2,-7108975,-0.6,290954,2.0,33,2.4
"US000","5","424810","18","0","2025","1","",2943,111901,111515,111525,2050409920,1180822386,14563592,1413,"",1.00,1.00,1.00,1.00,1.00,1.00,1.00,1.00,"",-43,-1.4,-2670,-2.3,-2799,-2.4,-3131,-2.7,-4335664,-0.2,-7108975,-0.6,290954,2.0,33,2.4
"US000","5","42482","17","0","2025","1","",6574,98463,98303,97684,2680575320,1173985500,17263183,2101,"",1.00,1.00,1.00,1.00,1.00,1.00,1.00,1.00,"",6,0.1,-440,-0.4,-1010,-1.0,-1475,-1.5,-24690232,-0.9,5669169,0.5,1059158,6.5,2,0.1
"US000","5","424820","18","0","2025","1","",6574,98463,98303,97684,2680575320,1173985500,17263183,2101,"",1.00,1.00,1.00,1.00,1.00,1.00,1.00,1.00,"",6,0.1,-440,-0.4,-1010,-1.0,-1475,-1.5,-24690232,-0.9,5669169,0.5,1059158,6.5,2,0.1
"US000","5","4249","16","0","2025","1","",38718,314802,317004,320475,6132024978,3328001511,51811428,1486,"",1.00,1.00,1.00,1.00,1.00,1.00,1.00,1.00,"",-32,-0.1,-3920,-1.2,-4194,-1.3,-6006,-1.8,-52681829,-0.9,-15752592,-0.5,-569928,-1.1,9,0.6
"US000","5","42491","17","0","2025","1","",12988,115024,115491,117728,2481121587,1390555579,18072313,1644,"",1.00,1.00,1.00,1.00,1.00,1.00,1.00,1.00,"",-48,-0.4,-1266,-1.1,-1523,-1.3,-2490,-2.1,-7715360,-0.3,1675090,0.1,155925,0.9,19,1.2
"US000","5","424910","18","0","2025","1","",12988,115024,115491,117728,2481121587,1390555579,18072313,1644,"",1.00,1.00,1.00,1.00,1.00,1.00,1.00,1.00,"",-48,-0.4,-1266,-1.1,-1523,-1.3,-2490,-2.1,-7715360,-0.3,1675090,0.1,155925,0.9,19,1.2
"US000","5","42492","17","0","2025","1","",1830,24830,25076,25039,441897545,249770851,4391934,1361,"",1.00,1.00,1.00,1.00,1.00,1.00,1.00,1.00,"",-78,-4.1,-2465,-9.0,-2150,-7.9,-2193,-8.1,-80055891,-15.3,-21476735,-7.9,-777590,-15.0,-112,-7.6
"US000","5","424920","18","0","2025","1","",1830,24830,25076,25039,441897545,249770851,4391934,1361,"",1.00,1.00,1.00,1.00,1.00,1.00,1.00,1.00,"",-78,-4.1,-2465,-9.0,-2150,-7.9,-2193,-8.1,-80055891,-15.3,-21476735,-7.9,-777590,-15.0,-112,-7.6
"US000","5","42493","17","0","2025","1","",3801,45627,47084,48312,592548805,384238669,6712584,970,"",1.00,1.00,1.00,1.00,1.00,1.00,1.00,1.00,"",-11,-0.3,566,1.3,349,0.7,-172,-0.4,9409209,1.6,4754704,1.3,-109410,-1.6,11,1.1
"US000","5","424930","18","0","2025","1","",3801,45627,47084,48312,592548805,384238669,6712584,970,"",1.00,1.00,1.00,1.00,1.00,1.00,1.00,1.00,"",-11,-0.3,566,1.3,349,0.7,-172,-0.4,9409209,1.6,4754704,1.3,-109410,-1.6,11,1.1
"US000","5","42494","17","0","2025","1","",2424,24219,24306,24301,480842186,243561790,3514334,1524,"",1.00,1.00,1.00,1.00,1.00,1.00,1.00,1.00,"",85,3.6,-50,-0.2,-93,-0.4,-143,-0.6,25679008,5.6,403320,0.2,6015,0.2,87,6.1
"US000","5","424940","18","0","2025","1","",2424,24219,24306,24301,480842186,243561790,3514334,1524,"",1.00,1.00,1.00,1.00,1.00,1.00,1.00,1.00,"",85,3.6,-50,-0.2,-93,-0.4,-143,-0.6,25679008,5.6,403320,0.2,6015,0.2,87,6.1
"US000","5","42495","17","0","2025","1","",2851,23505,23554,23660,535422792,267567524,3795991,1747,"",1.00,1.00,1.00,1.00,1.00,1.00,1.00,1.00,"",49,1.7,28,0.1,-31,-0.1,-32,-0.1,3667011,0.7,-1054872,-0.4,86802,2.3,13,0.7
"US000","5","424950","18","0","2025","1","",2851,23505,23554,23660,535422792,267567524,3795991,1747,"",1.00,1.00,1.00,1.00,1.00,1.00,1.00,1.00,"",49,1.7,28,0.1,-31,-0.1,-32,-0.1,3667011,0.7,-1054872,-0.4,86802,2.3,13,0.7
"US000","5","42499","17","0","2025","1","",14824,81597,81493,81435,1600192063,792307098,15324272,1510,"",1.00,1.00,1.00,1.00,1.00,1.00,1.00,1.00,"",-29,-0.2,-733,-0.9,-746,-0.9,-976,-1.2,-3665806,-0.2,-54099,0.0,68330,0.4,11,0.7
"US000","5","424990","18","0","2025","1","",14824,81597,81493,81435,1600192063,792307098,15324272,1510,"",1.00,1.00,1.00,1.00,1.00,1.00,1.00,1.00,"",-29,-0.2,-733,-0.9,-746,-0.9,-976,-1.2,-3665806,-0.2,-54099,0.0,68330,0.4,11,0.7
"US000","5","425","15","0","2025","1","",108510,444380,444561,443384,16093362602,5413616996,91845192,2787,"",1.00,1.00,1.00,1.00,1.00,1.00,1.00,1.00,"",-8103,-6.9,-44700,-9.1,-45153,-9.2,-45795,-9.4,-800726490,-4.7,-455133600,-7.8,-4930238,-5.1,131,4.9
"US000","5","4251","16","0","2025","1","",108510,444380,444561,443384,16093362602,5413616996,91845192,2787,"",1.00,1.00,1.00,1.00,1.00,1.00,1.00,1.00,"",-8103,-6.9,-44700,-9.1,-45153,-9.2,-45795,-9.4,-800726490,-4.7,-455133600,-7.8,-4930238,-5.1,131,4.9
"US000","5","42512","17","0","2025","1","",108510,444380,444561,443384,16093362602,5413616996,91845192,2787,"",1.00,1.00,1.00,1.00,1.00,1.00,1.00,1.00,"",-8103,-6.9,-44700,-9.1,-45153,-9.2,-45795,-9.4,-800726490,-4.7,-455133600,-7.8,-4930238,-5.1,131,4.9
"US000","5","425120","18","0","2025","1","",108510,444380,444561,443384,16093362602,5413616996,91845192,2787,"",1.00,1.00,1.00,1.00,1.00,1.00,1.00,1.00,"",-8103,-6.9,-44700,-9.1,-45153,-9.2,-45795,-9.4,-800726490,-4.7,-455133600,-7.8,-4930238,-5.1,131,4.9
"US000","5","44-45","14","0","2025","1","",1061442,15362043,15244506,15275414,166062705851,109436859686,1414166745,835,"",1.00,1.00,1.00,1.00,1.00,1.00,1.00,1.00,"",-7000,-0.7,-77650,-0.5,-65171,-0.4,-60761,-0.4,3387621966,2.1,995987964,0.9,-8416252,-0.6,20,2.5
"US000","5","441","15","0","2025","1","",123929,2036970,2045367,2042860,34532586024,19768658108,276818587,1301,"",1.00,1.00,1.00,1.00,1.00,1.00,1.00,1.00,"",604,0.5,9397,0.5,8129,0.4,5287,0.3,633197555,1.9,190315478,1.0,3502707,1.3,19,1.5
"US000","5","4411","16","0","2025","1","",46463,1285933,1292001,1287945,25460383601,13468702229,195632057,1520,"",1.00,1.00,1.00,1.00,1.00,1.00,1.00,1.00,"",-854,-1.8,9072,0.7,9966,0.8,9077,0.7,651840960,2.6,198318188,1.5,3442553,1.8,28,1.9
"US000","5","44111","17","0","2025","1","",21200,1119878,1124156,1119966,22755600318,11886520157,171062027,1561,"",1.00,1.00,1.00,1.00,1.00,1.00,1.00,1.00,"",42,0.2,9436,0.8,9688,0.9,7901,0.7,499165634,2.2,181422392,1.5,3435704,2.0,22,1.4
"US000","5","441110","18","0","2025","1","",21200,1119878,1124156,1119966,22755600318,11886520157,171062027,1561,"",1.00,1.00,1.00,1.00,1.00,1.00,1.00,1.00,"",42,0.2,9436,0.8,9688,0.9,7901,0.7,499165634,2.2,181422392,1.5,3435704,2.0,22,1.4
"US000","5","44112","17","0","2025","1","",25263,166055,167845,167979,2704783283,1582182072,24570030,1244,"",1.00,1.00,1.00,1.00,1.00,1.00,1.00,1.00,"",-896,-3.4,-364,-0.2,278,0.2,1176,0.7,152675326,6.0,16895796,1.1,6849,0.0,68,5.8
"US000","5","441120","18","0","2025","1","",25263,166055,167845,167979,2704783283,1582182072,24570030,1244,"",1.00,1.00,1.00,1.00,1.00,1.00,1.00,1.00,"",-896,-3.4,-364,-0.2,278,0.2,1176,0.7,152675326,6.0,16895796,1.1,6849,0.0,68,5.8
"US000","5","4412","16","0","2025","1","",15155,159284,160422,161822,2408811160,1559782250,26682698,1154,"",1.00,1.00,1.00,1.00,1.00,1.00,1.00,1.00,"",-217,-1.4,-6439,-3.9,-6195,-3.7,-6872,-4.1,-69430093,-2.8,-57412823,-3.6,37451,0.1,13,1.1
"US000","5","44121","17","0","2025","1","",3080,50672,51169,51266,825841183,527510926,10333908,1245,"",1.00,1.00,1.00,1.00,1.00,1.00,1.00,1.00,"",-41,-1.3,-963,-1.9,-910,-1.7,-1127,-2.2,4980778,0.6,-5515762,-1.0,678681,7.0,32,2.6
"US000","5","441210","18","0","2025","1","",3080,50672,51169,51266,825841183,527510926,10333908,1245,"",1.00,1.00,1.00,1.00,1.00,1.00,1.00,1.00,"",-41,-1.3,-963,-1.9,-910,-1.7,-1127,-2.2,4980778,0.6,-5515762,-1.0,678681,7.0,32,2.6
"US000","5","44122","17","0","2025","1","",12075,108612,109253,110556,1582969977,1032271324,16348790,1112,"",1.00,1.00,1.00,1.00,1.00,1.00,1.00,1.00,"",-176,-1.4,-5476,-4.8,-5285,-4.6,-5745,-4.9,-74410871,-4.5,-51897061,-4.8,-641230,-3.8,3,0.3
"US000","5","441222","18","0","2025","1","",4483,35192,35540,36095,536722305,333532324,5700506,1159,"",1.00,1.00,1.00,1.00,1.00,1.00,1.00,1.00,"",-71,-1.6,-1385,-3.8,-1370,-3.7,-1524,-4.1,-22464416,-4.0,-16617128,-4.7,-187333,-3.2,-2,-0.2
"US000","5","441227","18","0","2025","1","",7592,73420,73713,74461,1046247672,698739000,10648284,1090,"",1.00,1.00,1.00,1.00,1.00,1.00,1.00,1.00,"",-105,-1.4,-4091,-5.3,-3915,-5.0,-4221,-5.4,-51946455,-4.7,-35279933,-4.8,-453897,-4.1,6,0.6
"US000","5","4413","16","0","2025","1","",62311,591753,592944,593093,6663391263,4740173629,54503832,865,"",1.00,1.00,1.00,1.00,1.00,1.00,1.00,1.00,"",1675,2.8,6764,1.2,4358,0.7,3082,0.5,50786688,0.8,49410113,1.1,22703,0.0,0,0.0
"US000","5","44133","17","0","2025","1","",41383,397002,398720,399494,4008619200,2925144999,32814436,774,"",1.00,1.00,1.00,1.00,1.00,1.00,1.00,1.00,"",1459,3.7,4360,1.1,2758,0.7,1035,0.3,-35952093,-0.9,-4311155,-0.1,-178212,-0.5,-12,-1.5
"US000","5","441330","18","0","2025","1","",41383,397002,398720,399494,4008619200,2925144999,32814436,774,"",1.00,1.00,1.00,1.00,1.00,1.00,1.00,1.00,"",1459,3.7,4360,1.1,2758,0.7,1035,0.3,-35952093,-0.9,-4311155,-0.1,-178212,-0.5,-12,-1.5
"US000","5","44134","17","0","2025","1","",20928,194751,194224,193599,2654772063,1815028630,21689396,1052,"",1.00,1.00,1.00,1.00,1.00,1.00,1.00,1.00,"",216,1.0,2404,1.2,1600,0.8,2047,1.1,86738781,3.4,53721268,3.1,200915,0.9,24,2.3
"US000","5","441340","18","0","2025","1","",20928,194751,194224,193599,2654772063,1815028630,21689396,1052,"",1.00,1.00,1.00,1.00,1.00,1.00,1.00,1.00,"",216,1.0,2404,1.2,1600,0.8,2047,1.1,86738781,3.4,53721268,3.1,200915,0.9,24,2.3
"US000","5","444","15","0","2025","1","",71642,1322789,1328264,1382517,15355996180,10413531841,127817792,879,"",1.00,1.00,1.00,1.00,1.00,1.00,1.00,1.00,"",-984,-1.4,-22429,-1.7,-20896,-1.5,178,0.0,-41778569,-0.3,-25674325,-0.2,-5488873,-4.1,7,0.8
"US000","5","4441","16","0","2025","1","",54148,1156857,1160763,1204138,13641868451,9208817703,108246167,894,"",1.00,1.00,1.00,1.00,1.00,1.00,1.00,1.00,"",-758,-1.4,-21693,-1.8,-18786,-1.6,3195,0.3,-60499601,-0.4,-16907398,-0.2,-5235427,-4.6,6,0.7
"US000","5","44411","17","0","2025","1","",9402,700474,705160,747104,6849621779,5092612962,52984112,734,"",1.00,1.00,1.00,1.00,1.00,1.00,1.00,1.00,"",-35,-0.4,-16266,-2.3,-13406,-1.9,10156,1.4,-1068571,0.0,-32923582,-0.6,-5706330,-9.7,6,0.8
"US000","5","444110","18","0","2025","1","",9402,700474,705160,747104,6849621779,5092612962,52984112,734,"",1.00,1.00,1.00,1.00,1.00,1.00,1.00,1.00,"",-35,-0.4,-16266,-2.3,-13406,-1.9,10156,1.4,-1068571,0.0,-32923582,-0.6,-5706330,-9.7,6,0.8
"US000","5","44412","17","0","2025","1","",6707,40686,40653,40756,665414785,392051064,4204684,1258,"",1.00,1.00,1.00,1.00,1.00,1.00,1.00,1.00,"",-144,-2.1,-1210,-2.9,-878,-2.1,-1093,-2.6,10183058,1.6,7663711,2.0,71756,1.7,51,4.2
"US000","5","444120","18","0","2025","1","",6707,40686,40653,40756,665414785,392051064,4204684,1258,"",1.00,1.00,1.00,1.00,1.00,1.00,1.00,1.00,"",-144,-2.1,-1210,-2.9,-878,-2.1,-1093,-2.6,10183058,1.6,7663711,2.0,71756,1.7,51,4.2
"US000","5","44414","17","0","2025","1","",15519,171177,170481,171641,1681981664,1215202579,13905811,756,"",1.00,1.00,1.00,1.00,1.00,1.00,1.00,1.00,"",-7,0.0,-980,-0.6,-1360,-0.8,-2041,-1.2,13677449,0.8,9298172,0.8,-21228,-0.2,12,1.6
"US000","5","444140","18","0","2025","1","",15519,171177,170481,171641,1681981664,1215202579,13905811,756,"",1.00,1.00,1.00,1.00,1.00,1.00,1.00,1.00,"",-7,0.0,-980,-0.6,-1360,-0.8,-2041,-1.2,13677449,0.8,9298172,0.8,-21228,-0.2,12,1.6
"US000","5","44418","17","0","2025","1","",22520,244520,244469,244637,4444850223,2508951098,37151560,1398,"",1.00,1.00,1.00,1.00,1.00,1.00,1.00,1.00,"",-572,-2.5,-3237,-1.3,-3142,-1.3,-3827,-1.5,-83291537,-1.8,-945699,0.0,420375,1.1,-7,-0.5
"US000","5","444180","18","0","2025","1","",22520,244520,244469,244637,4444850223,2508951098,37151560,1398,"",1.00,1.00,1.00,1.00,1.00,1.00,1.00,1.00,"",-572,-2.5,-3237,-1.3,-3142,-1.3,-3827,-1.5,-83291537,-1.8,-945699,0.0,420375,1.1,-7,-0.5
"US000","5","4442","16","0","2025","1","",17494,165932,167501,178379,1714127729,1204714138,19571625,773,"",1.00,1.00,1.00,1.00,1.00,1.00,1.00,1.00,"",-226,-1.3,-736,-0.4,-2110,-1.2,-3017,-1.7,18721032,1.1,-8766927,-0.7,-253446,-1.3,17,2.2
"US000","5","44423","17","0","2025","1","",3731,29828,29956,30542,406999234,277519381,3859645,1040,"",1.00,1.00,1.00,1.00,1.00,1.00,1.00,1.00,"",-54,-1.4,-608,-2.0,-595,-1.9,-576,-1.9,-6035813,-1.5,-12107152,-4.2,-113372,-2.9,5,0.5
"US000","5","444230","18","0","2025","1","",3731,29828,29956,30542,406999234,277519381,3859645,1040,"",1.00,1.00,1.00,1.00,1.00,1.00,1.00,1.00,"",-54,-1.4,-608,-2.0,-595,-1.9,-576,-1.9,-6035813,-1.5,-12107152,-4.2,-113372,-2.9,5,0.5
"US000","5","44424","17","0","2025","1","",13763,136104,137545,147837,1307128495,927194757,15711980,716,"",1.00,1.00,1.00,1.00,1.00,1.00,1.00,1.00,"",-172,-1.2,-128,-0.1,-1515,-1.1,-2441,-1.6,24756845,1.9,3340225,0.4,-140074,-0.9,21,3.0
"US000","5","444240","18","0","2025","1","",13763,136104,137545,147837,1307128495,927194757,15711980,716,"",1.00,1.00,1.00,1.00,1.00,1.00,1.00,1.00,"",-172,-1.2,-128,-0.1,-1515,-1.1,-2441,-1.6,24756845,1.9,3340225,0.4,-140074,-0.9,21,3.0
"US000","5","445","15","0","2025","1","",160169,3232083,3224841,3226364,27465052763,20875658163,227481504,655,"",1.00,1.00,1.00,1.00,1.00,1.00,1.00,1.00,"",1057,0.7,29199,0.9,20949,0.7,31489,1.0,949618869,3.6,434495397,2.1,-4248138,-1.8,18,2.8
"US000","5","4451","16","0","2025","1","",97500,2836516,2831398,2831294,24113149163,18305557972,188506309,655,"",1.00,1.00,1.00,1.00,1.00,1.00,1.00,1.00,"",808,0.8,31809,1.1,24449,0.9,36349,1.3,958278666,4.1,426501838,2.4,-3552493,-1.8,19,3.0
"US000","5","44511","17","0","2025","1","",58590,2638286,2631212,2630049,22456929135,16997898921,167904622,656,"",1.00,1.00,1.00,1.00,1.00,1.00,1.00,1.00,"",171,0.3,33682,1.3,25864,1.0,36622,1.4,942127258,4.4,419470725,2.5,-2990085,-1.7,20,3.1
"US000","5","445110","18","0","2025","1","",58590,2638286,2631212,2630049,22456929135,16997898921,167904622,656,"",1.00,1.00,1.00,1.00,1.00,1.00,1.00,1.00,"",171,0.3,33682,1.3,25864,1.0,36622,1.4,942127258,4.4,419470725,2.5,-2990085,-1.7,20,3.1
"US000","5","44513","17","0","2025","1","",38910,198230,200186,201245,1656220028,1307659051,20601687,637,"",1.00,1.00,1.00,1.00,1.00,1.00,1.00,1.00,"",637,1.7,-1873,-0.9,-1415,-0.7,-273,-0.1,16151408,1.0,7031113,0.5,-562408,-2.7,10,1.6
"US000","5","445131","18","0","2025","1","",35433,161756,163308,164391,1216153303,992072822,14372592,573,"",1.00,1.00,1.00,1.00,1.00,1.00,1.00,1.00,"",566,1.6,-2279,-1.4,-1024,-0.6,3,0.0,8133672,0.7,2478065,0.3,-679999,-4.5,7,1.2
"US000","5","445132","18","0","2025","1","",3477,36474,36878,36854,440066725,315586229,6229095,921,"",1.00,1.00,1.00,1.00,1.00,1.00,1.00,1.00,"",71,2.1,406,1.1,-391,-1.0,-276,-0.7,8017736,1.9,4553048,1.5,117591,1.9,18,2.0
"US000","5","4452","16","0","2025","1","",28415,226010,225283,226769,2027334955,1512032668,24128599,690,"",1.00,1.00,1.00,1.00,1.00,1.00,1.00,1.00,"",-116,-0.4,-491,-0.2,-1325,-0.6,-2861,-1.2,-3793106,-0.2,10555082,0.7,-397493,-1.6,3,0.4
"US000","5","44523","17","0","2025","1","",3315,29647,29610,30383,290693261,211362074,3295864,748,"",1.00,1.00,1.00,1.00,1.00,1.00,1.00,1.00,"",-58,-1.7,-1235,-4.0,-1266,-4.1,-1715,-5.3,-8248558,-2.8,-4739931,-2.2,-258121,-7.3,13,1.8
"US000","5","445230","18","0","2025","1","",3315,29647,29610,30383,290693261,211362074,3295864,748,"",1.00,1.00,1.00,1.00,1.00,1.00,1.00,1.00,"",-58,-1.7,-1235,-4.0,-1266,-4.1,-1715,-5.3,-8248558,-2.8,-4739931,-2.2,-258121,-7.3,13,1.8
"US000","5","44524","17","0","2025","1","",6753,64462,63076,63336,560185626,444413761,6173990,677,"",1.00,1.00,1.00,1.00,1.00,1.00,1.00,1.00,"",-28,-0.4,1355,2.1,785,1.3,68,0.1,2808819,0.5,10507600,2.4,75109,1.2,-5,-0.7
"US000","5","445240","18","0","2025","1","",6753,64462,63076,63336,560185626,444413761,6173990,677,"",1.00,1.00,1.00,1.00,1.00,1.00,1.00,1.00,"",-28,-0.4,1355,2.1,785,1.3,68,0.1,2808819,0.5,10507600,2.4,75109,1.2,-5,-0.7
"US000","5","44525","17","0","2025","1","",2231,13556,13523,13700,127110085,97178676,1534752,719,"",1.00,1.00,1.00,1.00,1.00,1.00,1.00,1.00,"",-47,-2.1,-258,-1.9,-182,-1.3,-340,-2.4,-1119886,-0.9,21989,0.0,-15067,-1.0,7,1.0
"US000","5","445250","18","0","2025","1","",2231,13556,13523,13700,127110085,97178676,1534752,719,"",1.00,1.00,1.00,1.00,1.00,1.00,1.00,1.00,"",-47,-2.1,-258,-1.9,-182,-1.3,-340,-2.4,-1119886,-0.9,21989,0.0,-15067,-1.0,7,1.0
"US000","5","44529","17","0","2025","1","",16116,118345,119074,119350,1049345983,759078157,13123993,679,"",1.00,1.00,1.00,1.00,1.00,1.00,1.00,1.00,"",17,0.1,-353,-0.3,-662,-0.6,-874,-0.7,2766519,0.3,4765424,0.6,-199414,-1.5,6,0.9
"US000","5","445291","18","0","2025","1","",2607,21028,21275,21397,173853608,134121207,2012162,630,"",1.00,1.00,1.00,1.00,1.00,1.00,1.00,1.00,"",61,2.4,1175,5.9,1237,6.2,1172,5.8,9221545,5.6,6078629,4.7,58686,3.0,-2,-0.3
"US000","5","445292","18","0","2025","1","",3076,20182,21039,20148,149951906,111028895,2386785,564,"",1.00,1.00,1.00,1.00,1.00,1.00,1.00,1.00,"",-65,-2.1,369,1.9,232,1.1,-158,-0.8,659931,0.4,2626386,2.4,-50003,-2.1,-1,-0.2
"US000","5","445298","18","0","2025","1","",10433,77135,76760,77805,725540469,513928055,8725046,723,"",1.00,1.00,1.00,1.00,1.00,1.00,1.00,1.00,"",21,0.2,-1897,-2.4,-2131,-2.7,-1888,-2.4,-7114957,-1.0,-3939591,-0.8,-208097,-2.3,11,1.5
"US000","5","4453","16","0","2025","1","",34254,169557,168160,168301,1324568645,1058067523,14846596,604,"",1.00,1.00,1.00,1.00,1.00,1.00,1.00,1.00,"",365,1.1,-2119,-1.2,-2175,-1.3,-1999,-1.2,-4866691,-0.4,-2561523,-0.2,-298152,-2.0,5,0.8
"US000","5","44532","17","0","2025","1","",34254,169557,168160,168301,1324568645,1058067523,14846596,604,"",1.00,1.00,1.00,1.00,1.00,1.00,1.00,1.00,"",365,1.1,-2119,-1.2,-2175,-1.3,-1999,-1.2,-4866691,-0.4,-2561523,-0.2,-298152,-2.0,5,0.8
"US000","5","445320","18","0","2025","1","",34254,169557,168160,168301,1324568645,1058067523,14846596,604,"",1.00,1.00,1.00,1.00,1.00,1.00,1.00,1.00,"",365,1.1,-2119,-1.2,-2175,-1.3,-1999,-1.2,-4866691,-0.4,-2561523,-0.2,-298152,-2.0,5,0.8
"US000","5","449","15","0","2025","1","",85907,788100,776751,772004,12376233578,6746187878,113878039,1222,"",1.00,1.00,1.00,1.00,1.00,1.00,1.00,1.00,"",-3248,-3.6,-29752,-3.6,-28624,-3.6,-30280,-3.8,-122109254,-1.0,-268164210,-3.8,2961515,2.7,33,2.8
"US000","5","4491","16","0","2025","1","",45623,406800,401143,399584,5648490423,3383368568,55425460,1079,"",1.00,1.00,1.00,1.00,1.00,1.00,1.00,1.00,"",-1094,-2.3,-9717,-2.3,-8990,-2.2,-8768,-2.1,115070936,2.1,-73508640,-2.1,2417897,4.6,45,4.4
"US000","5","44911","17","0","2025","1","",22307,194141,193601,193080,2945680905,1793657149,27956246,1170,"",1.00,1.00,1.00,1.00,1.00,1.00,1.00,1.00,"",-646,-2.8,-10965,-5.3,-10091,-5.0,-9892,-4.9,637187,0.0,-90037427,-4.8,-807775,-2.8,59,5.3
"US000","5","449110","18","0","2025","1","",22307,194141,193601,193080,2945680905,1793657149,27956246,1170,"",1.00,1.00,1.00,1.00,1.00,1.00,1.00,1.00,"",-646,-2.8,-10965,-5.3,-10091,-5.0,-9892,-4.9,637187,0.0,-90037427,-4.8,-807775,-2.8,59,5.3
"US000","5","44912","17","0","2025","1","",23316,212659,207542,206504,2702809518,1589711419,27469214,995,"",1.00,1.00,1.00,1.00,1.00,1.00,1.00,1.00,"",-448,-1.9,1248,0.6,1101,0.5,1124,0.5,114433749,4.4,16528787,1.1,3225672,13.3,37,3.9
"US000","5","449121","18","0","2025","1","",8966,67513,67783,67777,1185730436,688818490,10686430,1347,"",1.00,1.00,1.00,1.00,1.00,1.00,1.00,1.00,"",-149,-1.6,-1147,-1.7,-949,-1.4,-808,-1.2,20789883,1.8,-647566,-0.1,196241,1.9,42,3.2
"US000","5","449122","18","0","2025","1","",2913,12969,13012,13026,200558361,124476412,2164647,1187,"",1.00,1.00,1.00,1.00,1.00,1.00,1.00,1.00,"",23,0.8,-83,-0.6,-149,-1.1,-116,-0.9,-8434371,-4.0,1715320,1.4,-37872,-1.7,-38,-3.1
"US000","5","449129","18","0","2025","1","",11437,132177,126747,125701,1316520721,776416517,14618137,790,"",1.00,1.00,1.00,1.00,1.00,1.00,1.00,1.00,"",-322,-2.7,2478,1.9,2199,1.8,2048,1.7,102078237,8.4,15461033,2.0,3067303,26.6,48,6.5
"US000","5","4492","16","0","2025","1","",40284,381300,375608,372420,6727743155,3362819310,58452579,1375,"",1.00,1.00,1.00,1.00,1.00,1.00,1.00,1.00,"",-2154,-5.1,-20035,-5.0,-19634,-5.0,-21512,-5.5,-237180190,-3.4,-194655570,-5.5,543618,0.9,25,1.9
"US000","5","44921","17","0","2025","1","",40284,381300,375608,372420,6727743155,3362819310,58452579,1375,"",1.00,1.00,1.00,1.00,1.00,1.00,1.00,1.00,"",-2154,-5.1,-20035,-5.0,-19634,-5.0,-21512,-5.5,-237180190,-3.4,-194655570,-5.5,543618,0.9,25,1.9
"US000","5","449210","18","0","2025","1","",40284,381300,375608,372420,6727743155,3362819310,58452579,1375,"",1.00,1.00,1.00,1.00,1.00,1.00,1.00,1.00,"",-2154,-5.1,-20035,-5.0,-19634,-5.0,-21512,-5.5,-237180190,-3.4,-194655570,-5.5,543618,0.9,25,1.9
"US000","5","455","15","0","2025","1","",82984,3251694,3208507,3192278,29502761314,20857979958,219761133,705,"",1.00,1.00,1.00,1.00,1.00,1.00,1.00,1.00,"",648,0.8,-1090,0.0,8876,0.3,-12068,-0.4,1221411539,4.3,626819744,3.1,-12620841,-5.4,29,4.3
"US000","5","4551","16","0","2025","1","",12162,955014,919770,913585,7363568302,5382907852,67497961,609,"",1.00,1.00,1.00,1.00,1.00,1.00,1.00,1.00,"",-210,-1.7,-76557,-7.4,-68384,-6.9,-71880,-7.3,-331030763,-4.3,-287102261,-5.1,-7890631,-10.5,18,3.0
"US000","5","45511","17","0","2025","1","",12162,955014,919770,913585,7363568302,5382907852,67497961,609,"",1.00,1.00,1.00,1.00,1.00,1.00,1.00,1.00,"",-210,-1.7,-76557,-7.4,-68384,-6.9,-71880,-7.3,-331030763,-4.3,-287102261,-5.1,-7890631,-10.5,18,3.0
"US000","5","455110","18","0","2025","1","",12162,955014,919770,913585,7363568302,5382907852,67497961,609,"",1.00,1.00,1.00,1.00,1.00,1.00,1.00,1.00,"",-210,-1.7,-76557,-7.4,-68384,-6.9,-71880,-7.3,-331030763,-4.3,-287102261,-5.1,-7890631,-10.5,18,3.0
"US000","5","4552","16","0","2025","1","",70822,2296680,2288737,2278693,22139193012,15475072106,152263172,744,"",1.00,1.00,1.00,1.00,1.00,1.00,1.00,1.00,"",858,1.2,75467,3.4,77260,3.5,59812,2.7,1552442302,7.5,913922005,6.3,-4730210,-3.0,30,4.2
"US000","5","45521","17","0","2025","1","",70822,2296680,2288737,2278693,22139193012,15475072106,152263172,744,"",1.00,1.00,1.00,1.00,1.00,1.00,1.00,1.00,"",858,1.2,75467,3.4,77260,3.5,59812,2.7,1552442302,7.5,913922005,6.3,-4730210,-3.0,30,4.2
"US000","5","455211","18","0","2025","1","",6458,1722026,1716933,1717277,17711405042,12321863814,110034023,793,"",1.00,1.00,1.00,1.00,1.00,1.00,1.00,1.00,"",101,1.6,82308,5.0,84035,5.1,75031,4.6,1661493007,10.4,894541587,7.8,-389127,-0.4,39,5.2
"US000","5","455219","18","0","2025","1","",64364,574654,571804,561416,4427787970,3153208292,42229149,598,"",1.00,1.00,1.00,1.00,1.00,1.00,1.00,1.00,"",757,1.2,-6841,-1.2,-6775,-1.2,-15219,-2.6,-109050705,-2.4,19380418,0.6,-4341083,-9.3,-5,-0.8
"US000","5","456","15","0","2025","1","",113602,1067368,1057223,1057181,13512663191,8100548657,109242880,980,"",1.00,1.00,1.00,1.00,1.00,1.00,1.00,1.00,"",-2468,-2.1,-35576,-3.2,-32664,-3.0,-27841,-2.6,-98296956,-0.7,-155838249,-1.9,-1859190,-1.7,22,2.3
"US000","5","4561","16","0","2025","1","",113602,1067368,1057223,1057181,13512663191,8100548657,109242880,980,"",1.00,1.00,1.00,1.00,1.00,1.00,1.00,1.00,"",-2468,-2.1,-35576,-3.2,-32664,-3.0,-27841,-2.6,-98296956,-0.7,-155838249,-1.9,-1859190,-1.7,22,2.3
"US000","5","45611","17","0","2025","1","",61293,680696,680276,679156,8986796145,5427508335,67034784,1017,"",1.00,1.00,1.00,1.00,1.00,1.00,1.00,1.00,"",-1959,-3.1,-43795,-6.0,-40574,-5.6,-36257,-5.1,-322202986,-3.5,-228687179,-4.0,-2873666,-4.1,23,2.3
"US000","5","456110","18","0","2025","1","",61293,680696,680276,679156,8986796145,5427508335,67034784,1017,"",1.00,1.00,1.00,1.00,1.00,1.00,1.00,1.00,"",-1959,-3.1,-43795,-6.0,-40574,-5.6,-36257,-5.1,-322202986,-3.5,-228687179,-4.0,-2873666,-4.1,23,2.3
"US000","5","45612","17","0","2025","1","",20135,197010,187223,188497,1720073059,1062700988,16580044,693,"",1.00,1.00,1.00,1.00,1.00,1.00,1.00,1.00,"",95,0.5,9208,4.9,8654,4.8,10423,5.9,29010460,1.7,44194197,4.3,537184,3.3,-24,-3.3
"US000","5","456120","18","0","2025","1","",20135,197010,187223,188497,1720073059,1062700988,16580044,693,"",1.00,1.00,1.00,1.00,1.00,1.00,1.00,1.00,"",95,0.5,9208,4.9,8654,4.8,10423,5.9,29010460,1.7,44194197,4.3,537184,3.3,-24,-3.3
"US000","5","45613","17","0","2025","1","",10298,72700,72480,72400,945092734,595709308,8799603,1002,"",1.00,1.00,1.00,1.00,1.00,1.00,1.00,1.00,"",-364,-3.4,-424,-0.6,54,0.1,-661,-0.9,45302659,5.0,3098994,0.5,163495,1.9,52,5.5
"US000","5","456130","18","0","2025","1","",10298,72700,72480,72400,945092734,595709308,8799603,1002,"",1.00,1.00,1.00,1.00,1.00,1.00,1.00,1.00,"",-364,-3.4,-424,-0.6,54,0.1,-661,-0.9,45302659,5.0,3098994,0.5,163495,1.9,52,5.5
"US000","5","45619","17","0","2025","1","",21876,116962,117244,117128,1860701253,1014630026,16828449,1222,"",1.00,1.00,1.00,1.00,1.00,1.00,1.00,1.00,"",-240,-1.1,-565,-0.5,-798,-0.7,-1346,-1.1,149592911,8.7,25555739,2.6,313797,1.9,107,9.6
"US000","5","456191","18","0","2025","1","",10185,46641,46860,46627,655608232,338912024,5510177,1080,"",1.00,1.00,1.00,1.00,1.00,1.00,1.00,1.00,"",-317,-3.0,-498,-1.1,-449,-0.9,-774,-1.6,100951210,18.2,13935142,4.3,224648,4.3,178,19.7
"US000","5","456199","18","0","2025","1","",11691,70321,70384,70501,1205093021,675718002,11318272,1317,"",1.00,1.00,1.00,1.00,1.00,1.00,1.00,1.00,"",77,0.7,-67,-0.1,-349,-0.5,-572,-0.8,48641701,4.2,11620597,1.7,89149,0.8,59,4.7
"US000","5","457","15","0","2025","1","",118358,1036148,1035018,1035098,9080588200,6909341054,88661252,675,"",1.00,1.00,1.00,1.00,1.00,1.00,1.00,1.00,"",529,0.4,-6622,-0.6,-2876,-0.3,-4146,-0.4,79275138,0.9,53593478,0.8,678437,0.8,9,1.4
"US000","5","4571","16","0","2025","1","",110918,964710,963770,964340,7685136631,6058763347,69996269,613,"",1.00,1.00,1.00,1.00,1.00,1.00,1.00,1.00,"",693,0.6,-5563,-0.6,-2034,-0.2,-3613,-0.4,31417352,0.4,50463653,0.8,-422399,-0.6,5,0.8
"US000","5","45711","17","0","2025","1","",101844,873736,873145,873654,6778197691,5416040491,61932589,597,"",1.00,1.00,1.00,1.00,1.00,1.00,1.00,1.00,"",915,0.9,-3763,-0.4,-61,0.0,-1206,-0.1,56069087,0.8,57982978,1.1,-48942,-0.1,6,1.0
"US000","5","457110","18","0","2025","1","",101844,873736,873145,873654,6778197691,5416040491,61932589,597,"",1.00,1.00,1.00,1.00,1.00,1.00,1.00,1.00,"",915,0.9,-3763,-0.4,-61,0.0,-1206,-0.1,56069087,0.8,57982978,1.1,-48942,-0.1,6,1.0
"US000","5","45712","17","0","2025","1","",9074,90974,90625,90686,906938940,642722856,8063680,769,"",1.00,1.00,1.00,1.00,1.00,1.00,1.00,1.00,"",-222,-2.4,-1800,-1.9,-1973,-2.1,-2407,-2.6,-24651735,-2.6,-7519325,-1.2,-373457,-4.4,-3,-0.4
"US000","5","457120","18","0","2025","1","",9074,90974,90625,90686,906938940,642722856,8063680,769,"",1.00,1.00,1.00,1.00,1.00,1.00,1.00,1.00,"",-222,-2.4,-1800,-1.9,-1973,-2.1,-2407,-2.6,-24651735,-2.6,-7519325,-1.2,-373457,-4.4,-3,-0.4
"US000","5","4572","16","0","2025","1","",7440,71438,71248,70758,1395451569,850577707,18664983,1509,"",1.00,1.00,1.00,1.00,1.00,1.00,1.00,1.00,"",-164,-2.2,-1059,-1.5,-842,-1.2,-533,-0.7,47857786,3.6,3129825,0.4,1100836,6.3,68,4.7
"US000","5","45721","17","0","2025","1","",7440,71438,71248,70758,1395451569,850577707,18664983,1509,"",1.00,1.00,1.00,1.00,1.00,1.00,1.00,1.00,"",-164,-2.2,-1059,-1.5,-842,-1.2,-533,-0.7,47857786,3.6,3129825,0.4,1100836,6.3,68,4.7
"US000","5","457210","18","0","2025","1","",7440,71438,71248,70758,1395451569,850577707,18664983,1509,"",1.00,1.00,1.00,1.00,1.00,1.00,1.00,1.00,"",-164,-2.2,-1059,-1.5,-842,-1.2,-533,-0.7,47857786,3.6,3129825,0.4,1100836,6.3,68,4.7
"US000","5","458","15","0","2025","1","",117991,1147704,1104403,1104967,10178284854,6434825842,104191867,700,"",1.00,1.00,1.00,1.00,1.00,1.00,1.00,1.00,"",-2100,-1.7,-2164,-0.2,-1470,-0.1,-5605,-0.5,541290548,5.6,105893230,1.7,4456209,4.5,39,5.9
"US000","5","4581","16","0","2025","1","",81403,849355,811142,813584,7040340883,4481528044,73763014,657,"",1.00,1.00,1.00,1.00,1.00,1.00,1.00,1.00,"",-1789,-2.2,-1465,-0.2,-2852,-0.4,-5204,-0.6,425705117,6.4,71123053,1.6,3157852,4.5,42,6.8
"US000","5","45811","17","0","2025","1","",81403,849355,811142,813584,7040340883,4481528044,73763014,657,"",1.00,1.00,1.00,1.00,1.00,1.00,1.00,1.00,"",-1789,-2.2,-1465,-0.2,-2852,-0.4,-5204,-0.6,425705117,6.4,71123053,1.6,3157852,4.5,42,6.8
"US000","5","458110","18","0","2025","1","",81403,849355,811142,813584,7040340883,4481528044,73763014,657,"",1.00,1.00,1.00,1.00,1.00,1.00,1.00,1.00,"",-1789,-2.2,-1465,-0.2,-2852,-0.4,-5204,-0.6,425705117,6.4,71123053,1.6,3157852,4.5,42,6.8
"US000","5","4582","16","0","2025","1","",15127,170566,165714,166011,1292735176,895423946,13079253,594,"",1.00,1.00,1.00,1.00,1.00,1.00,1.00,1.00,"",-451,-2.9,-2134,-1.2,-1912,-1.1,-2502,-1.5,8027304,0.6,-4475640,-0.5,403638,3.2,11,1.9
"US000","5","45821","17","0","2025","1","",15127,170566,165714,166011,1292735176,895423946,13079253,594,"",1.00,1.00,1.00,1.00,1.00,1.00,1.00,1.00,"",-451,-2.9,-2134,-1.2,-1912,-1.1,-2502,-1.5,8027304,0.6,-4475640,-0.5,403638,3.2,11,1.9
"US000","5","458210","18","0","2025","1","",15127,170566,165714,166011,1292735176,895423946,13079253,594,"",1.00,1.00,1.00,1.00,1.00,1.00,1.00,1.00,"",-451,-2.9,-2134,-1.2,-1912,-1.1,-2502,-1.5,8027304,0.6,-4475640,-0.5,403638,3.2,11,1.9
"US000","5","4583","16","0","2025","1","",21461,127783,127547,125372,1845208795,1057873852,17349600,1119,"",1.00,1.00,1.00,1.00,1.00,1.00,1.00,1.00,"",140,0.7,1435,1.1,3294,2.7,2101,1.7,107558127,6.2,39245817,3.9,894719,5.4,46,4.3
"US000","5","45831","17","0","2025","1","",20266,115979,116272,114410,1653668906,955872021,15036798,1101,"",1.00,1.00,1.00,1.00,1.00,1.00,1.00,1.00,"",138,0.7,1410,1.2,3134,2.8,2282,2.0,99078148,6.4,37872823,4.1,698756,4.9,45,4.3
"US000","5","458310","18","0","2025","1","",20266,115979,116272,114410,1653668906,955872021,15036798,1101,"",1.00,1.00,1.00,1.00,1.00,1.00,1.00,1.00,"",138,0.7,1410,1.2,3134,2.8,2282,2.0,99078148,6.4,37872823,4.1,698756,4.9,45,4.3
"US000","5","45832","17","0","2025","1","",1195,11804,11275,10962,191539889,102001831,2312802,1298,"",1.00,1.00,1.00,1.00,1.00,1.00,1.00,1.00,"",2,0.2,25,0.2,160,1.4,-181,-1.6,8479979,4.6,1372994,1.4,195963,9.3,57,4.6
"US000","5","458320","18","0","2025","1","",1195,11804,11275,10962,191539889,102001831,2312802,1298,"",1.00,1.00,1.00,1.00,1.00,1.00,1.00,1.00,"",2,0.2,25,0.2,160,1.4,-181,-1.6,8479979,4.6,1372994,1.4,195963,9.3,57,4.6
"US000","5","459","15","0","2025","1","",186860,1479187,1464132,1462145,14058539747,9330128185,146313691,736,"",1.00,1.00,1.00,1.00,1.00,1.00,1.00,1.00,"",-1038,-0.6,-18613,-1.2,-16595,-1.1,-17775,-1.2,225013096,1.6,34547421,0.4,4201922,3.0,20,2.8
"US000","5","4591","16","0","2025","1","",45020,482750,467879,471465,3861355384,2889243902,36524705,627,"",1.00,1.00,1.00,1.00,1.00,1.00,1.00,1.00,"",-367,-0.8,-12501,-2.5,-11543,-2.4,-8318,-1.7,61118349,1.6,24112505,0.8,774939,2.2,24,4.0
"US000","5","45911","17","0","2025","1","",24526,295041,285590,287271,2515386358,1843080809,23846008,669,"",1.00,1.00,1.00,1.00,1.00,1.00,1.00,1.00,"",-413,-1.7,-5932,-2.0,-5411,-1.9,-5118,-1.8,40520821,1.6,9424320,0.5,527547,2.3,23,3.6
"US000","5","459110","18","0","2025","1","",24526,295041,285590,287271,2515386358,1843080809,23846008,669,"",1.00,1.00,1.00,1.00,1.00,1.00,1.00,1.00,"",-413,-1.7,-5932,-2.0,-5411,-1.9,-5118,-1.8,40520821,1.6,9424320,0.5,527547,2.3,23,3.6
"US000","5","45912","17","0","2025","1","",12803,124394,119520,118741,857879948,686130603,8498747,546,"",1.00,1.00,1.00,1.00,1.00,1.00,1.00,1.00,"",199,1.6,-4525,-3.5,-3683,-3.0,-3710,-3.0,21834429,2.6,20482535,3.1,294955,3.6,31,6.0
"US000","5","459120","18","0","2025","1","",12803,124394,119520,118741,857879948,686130603,8498747,546,"",1.00,1.00,1.00,1.00,1.00,1.00,1.00,1.00,"",199,1.6,-4525,-3.5,-3683,-3.0,-3710,-3.0,21834429,2.6,20482535,3.1,294955,3.6,31,6.0
"US000","5","45913","17","0","2025","1","",4058,30389,30024,32810,177777756,144368793,1619464,440,"",1.00,1.00,1.00,1.00,1.00,1.00,1.00,1.00,"",-87,-2.1,-1328,-4.2,-1516,-4.8,1406,4.5,-1841137,-1.0,-692005,-0.5,7349,0.5,2,0.5
"US000","5","459130","18","0","2025","1","",4058,30389,30024,32810,177777756,144368793,1619464,440,"",1.00,1.00,1.00,1.00,1.00,1.00,1.00,1.00,"",-87,-2.1,-1328,-4.2,-1516,-4.8,1406,4.5,-1841137,-1.0,-692005,-0.5,7349,0.5,2,0.5
"US000","5","45914","17","0","2025","1","",3633,32926,32745,32643,310311322,215663697,2560486,728,"",1.00,1.00,1.00,1.00,1.00,1.00,1.00,1.00,"",-66,-1.8,-716,-2.1,-933,-2.8,-896,-2.7,604236,0.2,-5102345,-2.3,-54912,-2.1,19,2.7
"US000","5","459140","18","0","2025","1","",3633,32926,32745,32643,310311322,215663697,2560486,728,"",1.00,1.00,1.00,1.00,1.00,1.00,1.00,1.00,"",-66,-1.8,-716,-2.1,-933,-2.8,-896,-2.7,604236,0.2,-5102345,-2.3,-54912,-2.1,19,2.7
"US000","5","4592","16","0","2025","1","",7707,67975,66028,64883,511286161,393508064,5947737,593,"",1.00,1.00,1.00,1.00,1.00,1.00,1.00,1.00,"",-117,-1.5,-1276,-1.8,-506,-0.8,-105,-0.2,-5259005,-1.0,3347598,0.9,-90282,-1.5,-1,-0.2
"US000","5","45921","17","0","2025","1","",7707,67975,66028,64883,511286161,393508064,5947737,593,"",1.00,1.00,1.00,1.00,1.00,1.00,1.00,1.00,"",-117,-1.5,-1276,-1.8,-506,-0.8,-105,-0.2,-5259005,-1.0,3347598,0.9,-90282,-1.5,-1,-0.2
"US000","5","459210","18","0","2025","1","",7707,67975,66028,64883,511286161,393508064,5947737,593,"",1.00,1.00,1.00,1.00,1.00,1.00,1.00,1.00,"",-117,-1.5,-1276,-1.8,-506,-0.8,-105,-0.2,-5259005,-1.0,3347598,0.9,-90282,-1.5,-1,-0.2
"US000","5","4593","16","0","2025","1","",11923,54735,59762,55388,406420195,332152936,5146634,552,"",1.00,1.00,1.00,1.00,1.00,1.00,1.00,1.00,"",-305,-2.5,-1897,-3.3,-1814,-2.9,-1886,-3.3,-5097506,-1.2,-7155717,-2.1,-95863,-1.8,11,2.0
"US000","5","45931","17","0","2025","1","",11923,54735,59762,55388,406420195,332152936,5146634,552,"",1.00,1.00,1.00,1.00,1.00,1.00,1.00,1.00,"",-305,-2.5,-1897,-3.3,-1814,-2.9,-1886,-3.3,-5097506,-1.2,-7155717,-2.1,-95863,-1.8,11,2.0
"US000","5","459310","18","0","2025","1","",11923,54735,59762,55388,406420195,332152936,5146634,552,"",1.00,1.00,1.00,1.00,1.00,1.00,1.00,1.00,"",-305,-2.5,-1897,-3.3,-1814,-2.9,-1886,-3.3,-5097506,-1.2,-7155717,-2.1,-95863,-1.8,11,2.0
"US000","5","4594","16","0","2025","1","",24757,184312,180964,178471,1665450611,1144603767,16284961,707,"",1.00,1.00,1.00,1.00,1.00,1.00,1.00,1.00,"",-965,-3.8,-9947,-5.1,-9467,-5.0,-11445,-6.0,-71211283,-4.1,-44090379,-3.7,-479758,-2.9,10,1.4
"US000","5","45941","17","0","2025","1","",5892,61232,60979,60717,780975978,483573326,6764956,985,"",1.00,1.00,1.00,1.00,1.00,1.00,1.00,1.00,"",-437,-6.9,-5530,-8.3,-5366,-8.1,-4950,-7.5,-60890615,-7.2,-35125646,-6.8,-481503,-6.6,8,0.8
"US000","5","459410","18","0","2025","1","",5892,61232,60979,60717,780975978,483573326,6764956,985,"",1.00,1.00,1.00,1.00,1.00,1.00,1.00,1.00,"",-437,-6.9,-5530,-8.3,-5366,-8.1,-4950,-7.5,-60890615,-7.2,-35125646,-6.8,-481503,-6.6,8,0.8
"US000","5","45942","17","0","2025","1","",18865,123080,119985,117754,884474633,661030441,9520005,566,"",1.00,1.00,1.00,1.00,1.00,1.00,1.00,1.00,"",-528,-2.7,-4417,-3.5,-4101,-3.3,-6495,-5.2,-10320668,-1.2,-8964733,-1.3,1745,0.0,17,3.1
"US000","5","459420","18","0","2025","1","",18865,123080,119985,117754,884474633,661030441,9520005,566,"",1.00,1.00,1.00,1.00,1.00,1.00,1.00,1.00,"",-528,-2.7,-4417,-3.5,-4101,-3.3,-6495,-5.2,-10320668,-1.2,-8964733,-1.3,1745,0.0,17,3.1
"US000","5","4595","16","0","2025","1","",18979,209750,210716,211950,1641360176,816716191,12494968,599,"",1.00,1.00,1.00,1.00,1.00,1.00,1.00,1.00,"",17,0.1,5155,2.5,4760,2.3,2145,1.0,89472894,5.8,27083008,3.4,481027,4.0,22,3.8
"US000","5","45951","17","0","2025","1","",18979,209750,210716,211950,1641360176,816716191,12494968,599,"",1.00,1.00,1.00,1.00,1.00,1.00,1.00,1.00,"",17,0.1,5155,2.5,4760,2.3,2145,1.0,89472894,5.8,27083008,3.4,481027,4.0,22,3.8
"US000","5","459510","18","0","2025","1","",18979,209750,210716,211950,1641360176,816716191,12494968,599,"",1.00,1.00,1.00,1.00,1.00,1.00,1.00,1.00,"",17,0.1,5155,2.5,4760,2.3,2145,1.0,89472894,5.8,27083008,3.4,481027,4.0,22,3.8
"US000","5","4599","16","0","2025","1","",78474,479665,478783,479988,5972667220,3753903325,69914686,958,"",1.00,1.00,1.00,1.00,1.00,1.00,1.00,1.00,"",699,0.9,1853,0.4,1975,0.4,1834,0.4,155989647,2.7,31250406,0.8,3611859,5.4,21,2.2
"US000","5","45991","17","0","2025","1","",11080,135509,134985,135398,1463477506,940181410,11140388,832,"",1.00,1.00,1.00,1.00,1.00,1.00,1.00,1.00,"",-85,-0.8,-1947,-1.4,-1769,-1.3,-1113,-0.8,179139590,13.9,-1277676,-0.1,348602,3.2,110,15.2
"US000","5","459910","18","0","2025","1","",11080,135509,134985,135398,1463477506,940181410,11140388,832,"",1.00,1.00,1.00,1.00,1.00,1.00,1.00,1.00,"",-85,-0.8,-1947,-1.4,-1769,-1.3,-1113,-0.8,179139590,13.9,-1277676,-0.1,348602,3.2,110,15.2
"US000","5","45992","17","0","2025","1","",4973,16479,16465,16396,271995294,138584310,2908131,1272,"",1.00,1.00,1.00,1.00,1.00,1.00,1.00,1.00,"",-296,-5.6,-756,-4.4,-879,-5.1,-841,-4.9,-25740418,-8.6,-7120688,-4.9,42129,1.5,-54,-4.1
"US000","5","459920","18","0","2025","1","",4973,16479,16465,16396,271995294,138584310,2908131,1272,"",1.00,1.00,1.00,1.00,1.00,1.00,1.00,1.00,"",-296,-5.6,-756,-4.4,-879,-5.1,-841,-4.9,-25740418,-8.6,-7120688,-4.9,42129,1.5,-54,-4.1
"US000","5","45993","17","0","2025","1","",2053,13628,13699,13691,322562747,144606405,1935932,1815,"",1.00,1.00,1.00,1.00,1.00,1.00,1.00,1.00,"",38,1.9,585,4.5,442,3.3,335,2.5,35696400,12.4,9240738,6.8,48226,2.6,146,8.7
"US000","5","459930","18","0","2025","1","",2053,13628,13699,13691,322562747,144606405,1935932,1815,"",1.00,1.00,1.00,1.00,1.00,1.00,1.00,1.00,"",38,1.9,585,4.5,442,3.3,335,2.5,35696400,12.4,9240738,6.8,48226,2.6,146,8.7
"US000","5","45999","17","0","2025","1","",60368,314049,313634,314503,3914631673,2530531200,53930235,959,"",1.00,1.00,1.00,1.00,1.00,1.00,1.00,1.00,"",1042,1.8,3971,1.3,4181,1.4,3453,1.1,-33105925,-0.8,30408032,1.2,3172902,6.3,-20,-2.0
"US000","5","459991","18","0","2025","1","",28121,145593,146434,146485,1262278825,1042656325,22549227,664,"",1.00,1.00,1.00,1.00,1.00,1.00,1.00,1.00,"",1983,7.6,10138,7.5,10162,7.5,9592,7.0,117620926,10.3,90592599,9.5,3054132,15.7,18,2.8
"US000","5","459999","18","0","2025","1","",32247,168456,167200,168018,2652352848,1487874875,31381008,1215,"",1.00,1.00,1.00,1.00,1.00,1.00,1.00,1.00,"",-941,-2.8,-6167,-3.5,-5981,-3.5,-6139,-3.5,-150726851,-5.4,-60184567,-3.9,118770,0.4,-24,-1.9
"US000","5","48-49","14","0","2025","1","",314735,6673067,6579762,6525354,114454931771,63260241646,1092471464,1335,"",1.00,1.00,1.00,1.00,1.00,1.00,1.00,1.00,"",-5426,-1.7,81286,1.2,91928,1.4,82190,1.3,3675764699,3.3,1685041275,2.7,17557666,1.6,26,2.0
"US000","5","481","15","0","2025","1","",7767,566395,566403,566244,19219763452,6981461994,83826896,2610,"",1.00,1.00,1.00,1.00,1.00,1.00,1.00,1.00,"",159,2.1,2884,0.5,2003,0.4,5577,1.0,480905307,2.6,388950544,5.9,-1651164,-1.9,49,1.9
"US000","5","4811","16","0","2025","1","",2837,508720,508709,508405,17133732403,6299440108,72182625,2591,"",1.00,1.00,1.00,1.00,1.00,1.00,1.00,1.00,"",77,2.8,2536,0.5,1621,0.3,5257,1.0,322772318,1.9,375822144,6.3,-2517302,-3.4,33,1.3
"US000","5","48111","17","0","2025","1","",2837,508720,508709,508405,17133732403,6299440108,72182625,2591,"",1.00,1.00,1.00,1.00,1.00,1.00,1.00,1.00,"",77,2.8,2536,0.5,1621,0.3,5257,1.0,322772318,1.9,375822144,6.3,-2517302,-3.4,33,1.3
"US000","5","481111","18","0","2025","1","",2106,494996,495124,494814,16834590953,6153544861,70226186,2616,"",1.00,1.00,1.00,1.00,1.00,1.00,1.00,1.00,"",71,3.5,2668,0.5,1681,0.3,5251,1.1,298640449,1.8,386578393,6.7,-2564595,-3.5,29,1.1
"US000","5","481112","18","0","2025","1","",731,13724,13585,13591,299141450,145895247,1956439,1688,"",1.00,1.00,1.00,1.00,1.00,1.00,1.00,1.00,"",6,0.8,-132,-1.0,-60,-0.4,6,0.0,24131869,8.8,-10756249,-6.9,47293,2.5,143,9.3
"US000","5","4812","16","0","2025","1","",4930,57675,57694,57839,2086031049,682021886,11644271,2779,"",1.00,1.00,1.00,1.00,1.00,1.00,1.00,1.00,"",82,1.7,348,0.6,382,0.7,320,0.6,158132989,8.2,13128400,2.0,866138,8.0,195,7.5
"US000","5","48121","17","0","2025","1","",4930,57675,57694,57839,2086031049,682021886,11644271,2779,"",1.00,1.00,1.00,1.00,1.00,1.00,1.00,1.00,"",82,1.7,348,0.6,382,0.7,320,0.6,158132989,8.2,13128400,2.0,866138,8.0,195,7.5
"US000","5","481211","18","0","2025","1","",3249,39047,39042,39286,1447185355,460760162,7664970,2845,"",1.00,1.00,1.00,1.00,1.00,1.00,1.00,1.00,"",16,0.5,-1070,-2.7,-1065,-2.7,-1081,-2.7,87561199,6.4,-5410365,-1.2,367409,5.0,243,9.3
"US000","5","481212","18","0","2025","1","",599,10991,10942,10854,340315422,125211418,2481177,2395,"",1.00,1.00,1.00,1.00,1.00,1.00,1.00,1.00,"",-2,-0.3,382,3.6,384,3.6,406,3.9,29007752,9.3,5758184,4.8,247407,11.1,123,5.4
"US000","5","481219","18","0","2025","1","",1082,7637,7710,7699,298530272,96050306,1498124,2989,"",1.00,1.00,1.00,1.00,1.00,1.00,1.00,1.00,"",68,6.7,1036,15.7,1063,16.0,995,14.8,41564038,16.2,12780581,15.3,251322,20.2,17,0.6
"US000","5","482","15","0","2025","1","",175,652,657,650,13736920,7240556,162187,1618,"",1.00,1.00,1.00,1.00,1.00,1.00,1.00,1.00,"",6,3.6,80,14.0,64,10.8,55,9.2,1788606,15.0,904761,14.3,49682,44.2,51,3.3
"US000","5","4821","16","0","2025","1","",175,652,657,650,13736920,7240556,162187,1618,"",1.00,1.00,1.00,1.00,1.00,1.00,1.00,1.00,"",6,3.6,80,14.0,64,10.8,55,9.2,1788606,15.0,904761,14.3,49682,44.2,51,3.3
"US000","5","48211","17","0","2025","1","",175,652,657,650,13736920,7240556,162187,1618,"",1.00,1.00,1.00,1.00,1.00,1.00,1.00,1.00,"",6,3.6,80,14.0,64,10.8,55,9.2,1788606,15.0,904761,14.3,49682,44.2,51,3.3
"US000","5","482111","18","0","2025","1","",116,414,420,412,9520057,5016252,137274,1763,"",1.00,1.00,1.00,1.00,1.00,1.00,1.00,1.00,"",4,3.6,33,8.7,13,3.2,14,3.5,1214711,14.6,472630,10.4,57032,71.1,147,9.1
"US000","5","482112","18","0","2025","1","",59,238,237,238,4216863,2224304,24913,1365,"",1.00,1.00,1.00,1.00,1.00,1.00,1.00,1.00,"",2,3.5,47,24.6,51,27.4,41,20.8,573895,15.8,432131,24.1,-7350,-22.8,-100,-6.8
"US000","5","483","15","0","2025","1","",2507,65716,65845,66900,2443066030,723063533,12670261,2841,"",1.00,1.00,1.00,1.00,1.00,1.00,1.00,1.00,"",25,1.0,474,0.7,372,0.6,137,0.2,246249668,11.2,18702858,2.7,-614396,-4.6,274,10.7
"US000","5","4831","16","0","2025","1","",1554,38974,39134,39861,1742042179,447040696,8993042,3408,"",1.00,1.00,1.00,1.00,1.00,1.00,1.00,1.00,"",10,0.6,-354,-0.9,-416,-1.1,-361,-0.9,208226963,13.6,8375401,1.9,-641239,-6.7,436,14.7
"US000","5","48311","17","0","2025","1","",1554,38974,39134,39861,1742042179,447040696,8993042,3408,"",1.00,1.00,1.00,1.00,1.00,1.00,1.00,1.00,"",10,0.6,-354,-0.9,-416,-1.1,-361,-0.9,208226963,13.6,8375401,1.9,-641239,-6.7,436,14.7
"US000","5","483111","18","0","2025","1","",595,9026,9129,9446,352771874,106103866,3156638,2949,"",1.00,1.00,1.00,1.00,1.00,1.00,1.00,1.00,"",6,1.0,-1021,-10.2,-959,-9.5,-947,-9.1,-16473205,-4.5,-5959046,-5.3,-473044,-13.0,158,5.7
"US000","5","483112","18","0","2025","1","",232,16163,16258,16244,977218875,139025538,1437490,4634,"",1.00,1.00,1.00,1.00,1.00,1.00,1.00,1.00,"",19,8.9,515,3.3,551,3.5,460,2.9,214946476,28.2,11127943,8.7,-339527,-19.1,902,24.2
"US000","5","483113","18","0","2025","1","",537,8878,8681,8817,307625167,139741746,2969915,2691,"",1.00,1.00,1.00,1.00,1.00,1.00,1.00,1.00,"",-13,-2.4,-237,-2.6,-396,-4.4,-198,-2.2,8010677,2.7,-3656194,-2.5,616,0.0,150,5.9
"US000","5","483114","18","0","2025","1","",190,4907,5066,5354,104426263,62169546,1428999,1572,"",1.00,1.00,1.00,1.00,1.00,1.00,1.00,1.00,"",-2,-1.0,389,8.6,388,8.3,324,6.4,1743015,1.7,6862698,12.4,170716,13.6,-94,-5.6
"US000","5","4832","16","0","2025","1","",953,26742,26711,27039,701023851,276022837,3677219,2010,"",1.00,1.00,1.00,1.00,1.00,1.00,1.00,1.00,"",15,1.6,828,3.2,788,3.0,498,1.9,38022705,5.7,10327457,3.9,26843,0.7,58,3.0
"US000","5","48321","17","0","2025","1","",953,26742,26711,27039,701023851,276022837,3677219,2010,"",1.00,1.00,1.00,1.00,1.00,1.00,1.00,1.00,"",15,1.6,828,3.2,788,3.0,498,1.9,38022705,5.7,10327457,3.9,26843,0.7,58,3.0
"US000","5","483211","18","0","2025","1","",667,23068,23044,23244,632237104,237334515,2918777,2104,"",1.00,1.00,1.00,1.00,1.00,1.00,1.00,1.00,"",3,0.5,749,3.4,705,3.2,530,2.3,31094901,5.2,8107398,3.5,52671,1.8,45,2.2
"US000","5","483212","18","0","2025","1","",286,3674,3667,3795,68786747,38688322,758442,1425,"",1.00,1.00,1.00,1.00,1.00,1.00,1.00,1.00,"",12,4.4,79,2.2,83,2.3,-32,-0.8,6927804,11.2,2220059,6.1,-25828,-3.3,128,9.9
"US000","5","484","15","0","2025","1","",171465,1465779,1462617,1465456,24743594333,15314351721,245282331,1300,"",1.00,1.00,1.00,1.00,1.00,1.00,1.00,1.00,"",-5652,-3.2,-35391,-2.4,-33343,-2.2,-35926,-2.4,-98740927,-0.4,-229109164,-1.5,3278157,1.4,26,2.0
"US000","5","4841","16","0","2025","1","",118962,1035387,1031502,1031185,17240989802,10781874167,166392284,1284,"",1.00,1.00,1.00,1.00,1.00,1.00,1.00,1.00,"",-4715,-3.8,-28388,-2.7,-26266,-2.5,-27818,-2.6,-233942766,-1.3,-232061607,-2.1,2326210,1.4,16,1.3
"US000","5","48411","17","0","2025","1","",46537,280895,280475,280097,4262370206,2828842070,56069642,1169,"",1.00,1.00,1.00,1.00,1.00,1.00,1.00,1.00,"",-1242,-2.6,-9425,-3.2,-7848,-2.7,-8322,-2.9,-46289372,-1.1,-46656955,-1.6,521713,0.9,22,1.9
"US000","5","484110","18","0","2025","1","",46537,280895,280475,280097,4262370206,2828842070,56069642,1169,"",1.00,1.00,1.00,1.00,1.00,1.00,1.00,1.00,"",-1242,-2.6,-9425,-3.2,-7848,-2.7,-8322,-2.9,-46289372,-1.1,-46656955,-1.6,521713,0.9,22,1.9
"US000","5","48412","17","0","2025","1","",72425,754492,751027,751088,12978619596,7953032097,110322642,1327,"",1.00,1.00,1.00,1.00,1.00,1.00,1.00,1.00,"",-3473,-4.6,-18963,-2.5,-18418,-2.4,-19496,-2.5,-187653394,-1.4,-185404652,-2.3,1804497,1.7,14,1.1
"US000","5","484121","18","0","2025","1","",60260,506363,505786,505589,8250475204,5271986630,68261270,1254,"",1.00,1.00,1.00,1.00,1.00,1.00,1.00,1.00,"",-2548,-4.1,-14802,-2.8,-14525,-2.8,-15268,-2.9,-246733412,-2.9,-152990905,-2.8,541597,0.8,-1,-0.1
"US000","5","484122","18","0","2025","1","",12165,248129,245241,245499,4728144392,2681045467,42061372,1477,"",1.00,1.00,1.00,1.00,1.00,1.00,1.00,1.00,"",-925,-7.1,-4161,-1.6,-3893,-1.6,-4228,-1.7,59080018,1.3,-32413747,-1.2,1262900,3.1,43,3.0
"US000","5","4842","16","0","2025","1","",52503,430392,431115,434271,7502604531,4532477554,78890047,1336,"",1.00,1.00,1.00,1.00,1.00,1.00,1.00,1.00,"",-937,-1.8,-7003,-1.6,-7077,-1.6,-8108,-1.8,135201839,1.8,2952443,0.1,951947,1.2,46,3.6
"US000","5","48421","17","0","2025","1","",9699,86141,86463,87466,1074703514,722036155,12903239,954,"",1.00,1.00,1.00,1.00,1.00,1.00,1.00,1.00,"",-290,-2.9,-2558,-2.9,-1859,-2.1,-3615,-4.0,-534816,0.0,-9846768,-1.3,160144,1.3,28,3.0
"US000","5","484210","18","0","2025","1","",9699,86141,86463,87466,1074703514,722036155,12903239,954,"",1.00,1.00,1.00,1.00,1.00,1.00,1.00,1.00,"",-290,-2.9,-2558,-2.9,-1859,-2.1,-3615,-4.0,-534816,0.0,-9846768,-1.3,160144,1.3,28,3.0
"US000","5","48422","17","0","2025","1","",30149,215376,215727,218080,3621360621,2347104497,46718096,1287,"",1.00,1.00,1.00,1.00,1.00,1.00,1.00,1.00,"",-548,-1.8,-1591,-0.7,-2223,-1.0,-1026,-0.5,93800676,2.7,19950609,0.9,591593,1.3,42,3.4
"US000","5","484220","18","0","2025","1","",30149,215376,215727,218080,3621360621,2347104497,46718096,1287,"",1.00,1.00,1.00,1.00,1.00,1.00,1.00,1.00,"",-548,-1.8,-1591,-0.7,-2223,-1.0,-1026,-0.5,93800676,2.7,19950609,0.9,591593,1.3,42,3.4
"US000","5","48423","17","0","2025","1","",12655,128875,128925,128725,2806540396,1463336902,19268712,1676,"",1.00,1.00,1.00,1.00,1.00,1.00,1.00,1.00,"",-99,-0.8,-2854,-2.2,-2995,-2.3,-3467,-2.6,41935979,1.5,-7151398,-0.5,200210,1.0,64,4.0
"US000","5","484230","18","0","2025","1","",12655,128875,128925,128725,2806540396,1463336902,19268712,1676,"",1.00,1.00,1.00,1.00,1.00,1.00,1.00,1.00,"",-99,-0.8,-2854,-2.2,-2995,-2.3,-3467,-2.6,41935979,1.5,-7151398,-0.5,200210,1.0,64,4.0
"US000","5","485","15","0","2025","1","",22290,567658,571813,574027,7149635118,4758824133,173507186,963,"",1.00,1.00,1.00,1.00,1.00,1.00,1.00,1.00,"",372,1.7,24856,4.6,23282,4.2,25136,4.6,87051483,1.2,171701193,3.7,11888418,7.4,-31,-3.1
"US000","5","4851","16","0","2025","1","",842,46839,47175,47283,799494743,472526814,8949292,1306,"",1.00,1.00,1.00,1.00,1.00,1.00,1.00,1.00,"",18,2.2,2363,5.3,2008,4.4,1988,4.4,109019871,15.8,34717219,7.9,1307633,17.1,125,10.6
"US000","5","48511","17","0","2025","1","",842,46839,47175,47283,799494743,472526814,8949292,1306,"",1.00,1.00,1.00,1.00,1.00,1.00,1.00,1.00,"",18,2.2,2363,5.3,2008,4.4,1988,4.4,109019871,15.8,34717219,7.9,1307633,17.1,125,10.6
"US000","5","485111","18","0","2025","1","",93,5559,5582,5568,88419949,37497045,557444,1221,"",1.00,1.00,1.00,1.00,1.00,1.00,1.00,1.00,"",-2,-2.1,-237,-4.1,-278,-4.7,-311,-5.3,2214381,2.6,-2179581,-5.5,-18474,-3.2,86,7.6
"US000","5","485112","18","0","2025","1","",22,1019,1014,1023,23176582,17024998,293194,1750,"",1.00,1.00,1.00,1.00,1.00,1.00,1.00,1.00,"",4,22.2,18,1.8,20,2.0,29,2.9,2385041,11.5,1225024,7.8,59386,25.4,145,9.0
"US000","5","485113","18","0","2025","1","",637,38236,38520,38607,596566840,400061425,7701891,1193,"",1.00,1.00,1.00,1.00,1.00,1.00,1.00,1.00,"",14,2.2,1884,5.2,1520,4.1,1489,4.0,40873406,7.4,30078633,8.1,1129728,17.2,32,2.8
"US000","5","485119","18","0","2025","1","",90,2025,2059,2085,91331372,17943346,396763,3417,"",1.00,1.00,1.00,1.00,1.00,1.00,1.00,1.00,"",2,2.3,698,52.6,746,56.8,781,59.9,63547043,228.7,5593143,45.3,136993,52.7,1791,110.1
"US000","5","4852","16","0","2025","1","",491,15481,15430,15373,218963286,145458752,2751524,1092,"",1.00,1.00,1.00,1.00,1.00,1.00,1.00,1.00,"",5,1.0,447,3.0,277,1.8,123,0.8,9740821,4.7,-7854275,-5.1,179782,7.0,29,2.7
"US000","5","48521","17","0","2025","1","",491,15481,15430,15373,218963286,145458752,2751524,1092,"",1.00,1.00,1.00,1.00,1.00,1.00,1.00,1.00,"",5,1.0,447,3.0,277,1.8,123,0.8,9740821,4.7,-7854275,-5.1,179782,7.0,29,2.7
"US000","5","485210","18","0","2025","1","",491,15481,15430,15373,218963286,145458752,2751524,1092,"",1.00,1.00,1.00,1.00,1.00,1.00,1.00,1.00,"",5,1.0,447,3.0,277,1.8,123,0.8,9740821,4.7,-7854275,-5.1,179782,7.0,29,2.7
"US000","5","4853","16","0","2025","1","",7567,155859,156987,158625,2640044647,1365859079,28650107,1292,"",1.00,1.00,1.00,1.00,1.00,1.00,1.00,1.00,"",102,1.4,7315,4.9,7639,5.1,8630,5.8,-162653230,-5.8,14447268,1.1,-248014,-0.9,-152,-10.5
"US000","5","48531","17","0","2025","1","",3328,127856,128204,128963,2347567316,1150995573,23756055,1407,"",1.00,1.00,1.00,1.00,1.00,1.00,1.00,1.00,"",136,4.3,7019,5.8,7298,6.0,7437,6.1,-168933453,-6.7,12383445,1.1,-562682,-2.3,-192,-12.0
"US000","5","485310","18","0","2025","1","",3328,127856,128204,128963,2347567316,1150995573,23756055,1407,"",1.00,1.00,1.00,1.00,1.00,1.00,1.00,1.00,"",136,4.3,7019,5.8,7298,6.0,7437,6.1,-168933453,-6.7,12383445,1.1,-562682,-2.3,-192,-12.0
"US000","5","48532","17","0","2025","1","",4239,28003,28783,29662,292477331,214863506,4894052,781,"",1.00,1.00,1.00,1.00,1.00,1.00,1.00,1.00,"",-34,-0.8,296,1.1,341,1.2,1193,4.2,6280223,2.2,2063823,1.0,314668,6.9,0,0.0
"US000","5","485320","18","0","2025","1","",4239,28003,28783,29662,292477331,214863506,4894052,781,"",1.00,1.00,1.00,1.00,1.00,1.00,1.00,1.00,"",-34,-0.8,296,1.1,341,1.2,1193,4.2,6280223,2.2,2063823,1.0,314668,6.9,0,0.0
"US000","5","4854","16","0","2025","1","",4245,216722,217670,217275,1934128516,1671227636,106526796,685,"",1.00,1.00,1.00,1.00,1.00,1.00,1.00,1.00,"",-18,-0.4,10928,5.3,10056,4.8,11122,5.4,97372961,5.3,71527493,4.5,7592913,7.7,1,0.1
"US000","5","48541","17","0","2025","1","",4245,216722,217670,217275,1934128516,1671227636,106526796,685,"",1.00,1.00,1.00,1.00,1.00,1.00,1.00,1.00,"",-18,-0.4,10928,5.3,10056,4.8,11122,5.4,97372961,5.3,71527493,4.5,7592913,7.7,1,0.1
"US000","5","485410","18","0","2025","1","",4245,216722,217670,217275,1934128516,1671227636,106526796,685,"",1.00,1.00,1.00,1.00,1.00,1.00,1.00,1.00,"",-18,-0.4,10928,5.3,10056,4.8,11122,5.4,97372961,5.3,71527493,4.5,7592913,7.7,1,0.1
"US000","5","4855","16","0","2025","1","",1368,21481,22424,22920,290665664,203816624,4164672,1004,"",1.00,1.00,1.00,1.00,1.00,1.00,1.00,1.00,"",-10,-0.7,134,0.6,99,0.4,129,0.6,9032280,3.2,4781603,2.4,294576,7.6,26,2.7
"US000","5","48551","17","0","2025","1","",1368,21481,22424,22920,290665664,203816624,4164672,1004,"",1.00,1.00,1.00,1.00,1.00,1.00,1.00,1.00,"",-10,-0.7,134,0.6,99,0.4,129,0.6,9032280,3.2,4781603,2.4,294576,7.6,26,2.7
"US000","5","485510","18","0","2025","1","",1368,21481,22424,22920,290665664,203816624,4164672,1004,"",1.00,1.00,1.00,1.00,1.00,1.00,1.00,1.00,"",-10,-0.7,134,0.6,99,0.4,129,0.6,9032280,3.2,4781603,2.4,294576,7.6,26,2.7
"US000","5","4859","16","0","2025","1","",7777,111276,112127,112551,1266338262,899935228,22464795,870,"",1.00,1.00,1.00,1.00,1.00,1.00,1.00,1.00,"",275,3.7,3669,3.4,3203,2.9,3144,2.9,24538780,2.0,54081885,6.4,2761528,14.0,-9,-1.0
"US000","5","48599","17","0","2025","1","",7777,111276,112127,112551,1266338262,899935228,22464795,870,"",1.00,1.00,1.00,1.00,1.00,1.00,1.00,1.00,"",275,3.7,3669,3.4,3203,2.9,3144,2.9,24538780,2.0,54081885,6.4,2761528,14.0,-9,-1.0
"US000","5","485991","18","0","2025","1","",4441,74413,74915,75008,820240337,599051881,15859336,844,"",1.00,1.00,1.00,1.00,1.00,1.00,1.00,1.00,"",199,4.7,3017,4.2,2809,3.9,2492,3.4,54699948,7.1,42286413,7.6,2274515,16.7,26,3.2
"US000","5","485999","18","0","2025","1","",3336,36863,37212,37543,446097925,300883347,6605459,922,"",1.00,1.00,1.00,1.00,1.00,1.00,1.00,1.00,"",76,2.3,652,1.8,394,1.1,652,1.8,-30161168,-6.3,11795472,4.1,487013,8.0,-78,-7.8
"US000","5","486","15","0","2025","1","",3445,55561,55762,55508,2932670143,779877738,7890035,4057,"",1.00,1.00,1.00,1.00,1.00,1.00,1.00,1.00,"",-46,-1.3,1080,2.0,1209,2.2,996,1.8,15281651,0.5,25344087,3.4,-274428,-3.4,-60,-1.5
"US000","5","4861","16","0","2025","1","",576,12324,12369,12340,604433925,171718841,1957435,3766,"",1.00,1.00,1.00,1.00,1.00,1.00,1.00,1.00,"",-12,-2.0,-3,0.0,-42,-0.3,-15,-0.1,-3751504,-0.6,9569240,5.9,-282511,-12.6,-18,-0.5
"US000","5","48611","17","0","2025","1","",576,12324,12369,12340,604433925,171718841,1957435,3766,"",1.00,1.00,1.00,1.00,1.00,1.00,1.00,1.00,"",-12,-2.0,-3,0.0,-42,-0.3,-15,-0.1,-3751504,-0.6,9569240,5.9,-282511,-12.6,-18,-0.5
"US000","5","486110","18","0","2025","1","",576,12324,12369,12340,604433925,171718841,1957435,3766,"",1.00,1.00,1.00,1.00,1.00,1.00,1.00,1.00,"",-12,-2.0,-3,0.0,-42,-0.3,-15,-0.1,-3751504,-0.6,9569240,5.9,-282511,-12.6,-18,-0.5
"US000","5","4862","16","0","2025","1","",2272,36182,36304,36052,2025132582,502997688,4852472,4306,"",1.00,1.00,1.00,1.00,1.00,1.00,1.00,1.00,"",3,0.1,1187,3.4,1374,3.9,1110,3.2,9583536,0.5,13825065,2.8,-66085,-1.3,-129,-2.9
"US000","5","48621","17","0","2025","1","",2272,36182,36304,36052,2025132582,502997688,4852472,4306,"",1.00,1.00,1.00,1.00,1.00,1.00,1.00,1.00,"",3,0.1,1187,3.4,1374,3.9,1110,3.2,9583536,0.5,13825065,2.8,-66085,-1.3,-129,-2.9
"US000","5","486210","18","0","2025","1","",2272,36182,36304,36052,2025132582,502997688,4852472,4306,"",1.00,1.00,1.00,1.00,1.00,1.00,1.00,1.00,"",3,0.1,1187,3.4,1374,3.9,1110,3.2,9583536,0.5,13825065,2.8,-66085,-1.3,-129,-2.9
"US000","5","4869","16","0","2025","1","",597,7055,7089,7116,303103636,105161209,1080128,3290,"",1.00,1.00,1.00,1.00,1.00,1.00,1.00,1.00,"",-37,-5.8,-104,-1.5,-123,-1.7,-99,-1.4,9449619,3.2,1949782,1.9,74168,7.4,151,4.8
"US000","5","48691","17","0","2025","1","",524,5801,5797,5815,249606588,89301224,854967,3308,"",1.00,1.00,1.00,1.00,1.00,1.00,1.00,1.00,"",-27,-4.9,-187,-3.1,-220,-3.7,-203,-3.4,3759793,1.5,301175,0.3,25871,3.1,160,5.1
"US000","5","486910","18","0","2025","1","",524,5801,5797,5815,249606588,89301224,854967,3308,"",1.00,1.00,1.00,1.00,1.00,1.00,1.00,1.00,"",-27,-4.9,-187,-3.1,-220,-3.7,-203,-3.4,3759793,1.5,301175,0.3,25871,3.1,160,5.1
"US000","5","48699","17","0","2025","1","",73,1254,1292,1301,53497048,15859985,225161,3209,"",1.00,1.00,1.00,1.00,1.00,1.00,1.00,1.00,"",-10,-12.0,83,7.1,97,8.1,104,8.7,5689826,11.9,1648607,11.6,48297,27.3,113,3.6
"US000","5","486990","18","0","2025","1","",73,1254,1292,1301,53497048,15859985,225161,3209,"",1.00,1.00,1.00,1.00,1.00,1.00,1.00,1.00,"",-10,-12.0,83,7.1,97,8.1,104,8.7,5689826,11.9,1648607,11.6,48297,27.3,113,3.6
"US000","5","487","15","0","2025","1","",3491,22742,22876,24621,261208052,193077264,4082901,858,"",1.00,1.00,1.00,1.00,1.00,1.00,1.00,1.00,"",-122,-3.4,-188,-0.8,-245,-1.1,-472,-1.9,7474484,2.9,3590132,1.9,170941,4.4,35,4.3
"US000","5","4871","16","0","2025","1","",814,8547,8520,9042,89112311,68179162,1445672,788,"",1.00,1.00,1.00,1.00,1.00,1.00,1.00,1.00,"",-40,-4.7,364,4.4,275,3.3,79,0.9,4642583,5.5,2675776,4.1,82459,6.0,20,2.6
"US000","5","48711","17","0","2025","1","",814,8547,8520,9042,89112311,68179162,1445672,788,"",1.00,1.00,1.00,1.00,1.00,1.00,1.00,1.00,"",-40,-4.7,364,4.4,275,3.3,79,0.9,4642583,5.5,2675776,4.1,82459,6.0,20,2.6
"US000","5","487110","18","0","2025","1","",814,8547,8520,9042,89112311,68179162,1445672,788,"",1.00,1.00,1.00,1.00,1.00,1.00,1.00,1.00,"",-40,-4.7,364,4.4,275,3.3,79,0.9,4642583,5.5,2675776,4.1,82459,6.0,20,2.6
"US000","5","4872","16","0","2025","1","",2382,11946,12045,13222,137815045,95774583,2273784,855,"",1.00,1.00,1.00,1.00,1.00,1.00,1.00,1.00,"",-72,-2.9,-464,-3.7,-462,-3.7,-465,-3.4,2097017,1.5,629387,0.7,62401,2.8,44,5.4
"US000","5","48721","17","0","2025","1","",2382,11946,12045,13222,137815045,95774583,2273784,855,"",1.00,1.00,1.00,1.00,1.00,1.00,1.00,1.00,"",-72,-2.9,-464,-3.7,-462,-3.7,-465,-3.4,2097017,1.5,629387,0.7,62401,2.8,44,5.4
"US000","5","487210","18","0","2025","1","",2382,11946,12045,13222,137815045,95774583,2273784,855,"",1.00,1.00,1.00,1.00,1.00,1.00,1.00,1.00,"",-72,-2.9,-464,-3.7,-462,-3.7,-465,-3.4,2097017,1.5,629387,0.7,62401,2.8,44,5.4
"US000","5","4879","16","0","2025","1","",295,2249,2311,2357,34280696,29123519,363445,1144,"",1.00,1.00,1.00,1.00,1.00,1.00,1.00,1.00,"",-10,-3.3,-88,-3.8,-58,-2.4,-86,-3.5,734884,2.2,284969,1.0,26081,7.7,61,5.6
"US000","5","48799","17","0","2025","1","",295,2249,2311,2357,34280696,29123519,363445,1144,"",1.00,1.00,1.00,1.00,1.00,1.00,1.00,1.00,"",-10,-3.3,-88,-3.8,-58,-2.4,-86,-3.5,734884,2.2,284969,1.0,26081,7.7,61,5.6
"US000","5","487990","18","0","2025","1","",295,2249,2311,2357,34280696,29123519,363445,1144,"",1.00,1.00,1.00,1.00,1.00,1.00,1.00,1.00,"",-10,-3.3,-88,-3.8,-58,-2.4,-86,-3.5,734884,2.2,284969,1.0,26081,7.7,61,5.6
"US000","5","488","15","0","2025","1","",57467,818822,816194,818906,15727926267,8236856046,145605004,1479,"",1.00,1.00,1.00,1.00,1.00,1.00,1.00,1.00,"",219,0.4,6213,0.8,5105,0.6,4507,0.6,760335124,5.1,183584810,2.3,9113558,6.7,62,4.4
"US000","5","4881","16","0","2025","1","",9356,270275,269881,269355,4362103857,2516660789,39885745,1244,"",1.00,1.00,1.00,1.00,1.00,1.00,1.00,1.00,"",129,1.4,7474,2.8,7086,2.7,5346,2.0,165316142,3.9,82475888,3.4,2537675,6.8,17,1.4
"US000","5","48811","17","0","2025","1","",2426,128635,128165,127745,1432865202,1030799719,19281803,860,"",1.00,1.00,1.00,1.00,1.00,1.00,1.00,1.00,"",41,1.7,6389,5.2,5821,4.8,4136,3.3,95799555,7.2,54133212,5.5,2550225,15.2,22,2.6
"US000","5","488111","18","0","2025","1","",274,2133,2261,2113,52348502,25905048,439336,1857,"",1.00,1.00,1.00,1.00,1.00,1.00,1.00,1.00,"",22,8.7,24,1.1,159,7.6,56,2.7,5745075,12.3,1938020,8.1,48444,12.4,141,8.2
"US000","5","488119","18","0","2025","1","",2152,126502,125904,125632,1380516700,1004894671,18842467,843,"",1.00,1.00,1.00,1.00,1.00,1.00,1.00,1.00,"",19,0.9,6365,5.3,5662,4.7,4080,3.4,90054480,7.0,52195192,5.5,2501781,15.3,20,2.4
"US000","5","48819","17","0","2025","1","",6930,141640,141716,141610,2929238655,1485861070,20603942,1591,"",1.00,1.00,1.00,1.00,1.00,1.00,1.00,1.00,"",88,1.3,1085,0.8,1265,0.9,1210,0.9,69516587,2.4,28342676,1.9,-12550,-0.1,25,1.6
"US000","5","488190","18","0","2025","1","",6930,141640,141716,141610,2929238655,1485861070,20603942,1591,"",1.00,1.00,1.00,1.00,1.00,1.00,1.00,1.00,"",88,1.3,1085,0.8,1265,0.9,1210,0.9,69516587,2.4,28342676,1.9,-12550,-0.1,25,1.6
"US000","5","4882","16","0","2025","1","",1992,39052,39581,39738,739792260,425529874,9169361,1442,"",1.00,1.00,1.00,1.00,1.00,1.00,1.00,1.00,"",3,0.2,1559,4.2,1813,4.8,1592,4.2,66553201,9.9,20875576,5.2,589931,6.9,72,5.3
"US000","5","48821","17","0","2025","1","",1992,39052,39581,39738,739792260,425529874,9169361,1442,"",1.00,1.00,1.00,1.00,1.00,1.00,1.00,1.00,"",3,0.2,1559,4.2,1813,4.8,1592,4.2,66553201,9.9,20875576,5.2,589931,6.9,72,5.3
"US000","5","488210","18","0","2025","1","",1992,39052,39581,39738,739792260,425529874,9169361,1442,"",1.00,1.00,1.00,1.00,1.00,1.00,1.00,1.00,"",3,0.2,1559,4.2,1813,4.8,1592,4.2,66553201,9.9,20875576,5.2,589931,6.9,72,5.3
"US000","5","4883","16","0","2025","1","",2969,96109,92953,97369,2642419715,1042324924,15980039,2129,"",1.00,1.00,1.00,1.00,1.00,1.00,1.00,1.00,"",-11,-0.4,1516,1.6,-1349,-1.4,131,0.1,202721142,8.3,35176756,3.5,762693,5.0,161,8.2
"US000","5","48831","17","0","2025","1","",346,9714,9873,9964,280713173,154039904,1854397,2192,"",1.00,1.00,1.00,1.00,1.00,1.00,1.00,1.00,"",16,4.8,207,2.2,255,2.7,288,3.0,25737314,10.1,13928387,9.9,162288,9.6,149,7.3
"US000","5","488310","18","0","2025","1","",346,9714,9873,9964,280713173,154039904,1854397,2192,"",1.00,1.00,1.00,1.00,1.00,1.00,1.00,1.00,"",16,4.8,207,2.2,255,2.7,288,3.0,25737314,10.1,13928387,9.9,162288,9.6,149,7.3
"US000","5","48832","17","0","2025","1","",803,61899,58618,62879,1693176324,619925577,9898244,2131,"",1.00,1.00,1.00,1.00,1.00,1.00,1.00,1.00,"",-14,-1.7,1624,2.7,-1216,-2.0,505,0.8,152906084,9.9,19286471,3.2,633863,6.8,183,9.4
"US000","5","488320","18","0","2025","1","",803,61899,58618,62879,1693176324,619925577,9898244,2131,"",1.00,1.00,1.00,1.00,1.00,1.00,1.00,1.00,"",-14,-1.7,1624,2.7,-1216,-2.0,505,0.8,152906084,9.9,19286471,3.2,633863,6.8,183,9.4
"US000","5","48833","17","0","2025","1","",941,16674,16639,16639,477424954,193105214,3125102,2206,"",1.00,1.00,1.00,1.00,1.00,1.00,1.00,1.00,"",5,0.5,-40,-0.2,-117,-0.7,-258,-1.5,13750426,3.0,3800907,2.0,165302,5.6,82,3.9
"US000","5","488330","18","0","2025","1","",941,16674,16639,16639,477424954,193105214,3125102,2206,"",1.00,1.00,1.00,1.00,1.00,1.00,1.00,1.00,"",5,0.5,-40,-0.2,-117,-0.7,-258,-1.5,13750426,3.0,3800907,2.0,165302,5.6,82,3.9
"US000","5","48839","17","0","2025","1","",879,7822,7823,7887,191105264,75254229,1102296,1874,"",1.00,1.00,1.00,1.00,1.00,1.00,1.00,1.00,"",-18,-2.0,-275,-3.4,-271,-3.3,-404,-4.9,10327318,5.7,-1839009,-2.4,-198760,-15.3,170,10.0
"US000","5","488390","18","0","2025","1","",879,7822,7823,7887,191105264,75254229,1102296,1874,"",1.00,1.00,1.00,1.00,1.00,1.00,1.00,1.00,"",-18,-2.0,-275,-3.4,-271,-3.3,-404,-4.9,10327318,5.7,-1839009,-2.4,-198760,-15.3,170,10.0
"US000","5","4884","16","0","2025","1","",14839,114300,115089,113407,1671797203,1076053979,18608195,1125,"",1.00,1.00,1.00,1.00,1.00,1.00,1.00,1.00,"",-56,-0.4,-958,-0.8,579,0.5,-688,-0.6,54550054,3.4,11670912,1.1,255747,1.4,40,3.7
"US000","5","48841","17","0","2025","1","",10680,73293,73567,73383,1054250746,682033214,10718167,1105,"",1.00,1.00,1.00,1.00,1.00,1.00,1.00,1.00,"",-14,-0.1,-548,-0.7,-400,-0.5,-404,-0.5,34659615,3.4,4602872,0.7,168302,1.6,43,4.0
"US000","5","488410","18","0","2025","1","",10680,73293,73567,73383,1054250746,682033214,10718167,1105,"",1.00,1.00,1.00,1.00,1.00,1.00,1.00,1.00,"",-14,-0.1,-548,-0.7,-400,-0.5,-404,-0.5,34659615,3.4,4602872,0.7,168302,1.6,43,4.0
"US000","5","48849","17","0","2025","1","",4159,41007,41522,40024,617546457,394020765,7890028,1163,"",1.00,1.00,1.00,1.00,1.00,1.00,1.00,1.00,"",-42,-1.0,-410,-1.0,979,2.4,-284,-0.7,19890439,3.3,7068040,1.8,87445,1.1,35,3.1
"US000","5","488490","18","0","2025","1","",4159,41007,41522,40024,617546457,394020765,7890028,1163,"",1.00,1.00,1.00,1.00,1.00,1.00,1.00,1.00,"",-42,-1.0,-410,-1.0,979,2.4,-284,-0.7,19890439,3.3,7068040,1.8,87445,1.1,35,3.1
"US000","5","4885","16","0","2025","1","",24635,262031,261421,261735,5628762784,2847067611,55669364,1654,"",1.00,1.00,1.00,1.00,1.00,1.00,1.00,1.00,"",16,0.1,-4459,-1.7,-4032,-1.5,-2832,-1.1,212821117,3.9,16136213,0.6,4646791,9.1,85,5.4
"US000","5","48851","17","0","2025","1","",24635,262031,261421,261735,5628762784,2847067611,55669364,1654,"",1.00,1.00,1.00,1.00,1.00,1.00,1.00,1.00,"",16,0.1,-4459,-1.7,-4032,-1.5,-2832,-1.1,212821117,3.9,16136213,0.6,4646791,9.1,85,5.4
"US000","5","488510","18","0","2025","1","",24635,262031,261421,261735,5628762784,2847067611,55669364,1654,"",1.00,1.00,1.00,1.00,1.00,1.00,1.00,1.00,"",16,0.1,-4459,-1.7,-4032,-1.5,-2832,-1.1,212821117,3.9,16136213,0.6,4646791,9.1,85,5.4
"US000","5","4889","16","0","2025","1","",3676,37055,37269,37302,683050448,329218869,6292300,1412,"",1.00,1.00,1.00,1.00,1.00,1.00,1.00,1.00,"",138,3.9,1081,3.0,1008,2.8,958,2.6,58373468,9.3,17249465,5.5,320721,5.4,84,6.3
"US000","5","48899","17","0","2025","1","",3676,37055,37269,37302,683050448,329218869,6292300,1412,"",1.00,1.00,1.00,1.00,1.00,1.00,1.00,1.00,"",138,3.9,1081,3.0,1008,2.8,958,2.6,58373468,9.3,17249465,5.5,320721,5.4,84,6.3
"US000","5","488991","18","0","2025","1","",1376,20686,20754,20796,293826330,183748917,3502723,1089,"",1.00,1.00,1.00,1.00,1.00,1.00,1.00,1.00,"",-28,-2.0,64,0.3,-113,-0.5,78,0.4,17929044,6.5,6556131,3.7,40722,1.2,66,6.5
"US000","5","488999","18","0","2025","1","",2300,16369,16515,16506,389224118,145469952,2789577,1819,"",1.00,1.00,1.00,1.00,1.00,1.00,1.00,1.00,"",166,7.8,1017,6.6,1121,7.3,880,5.6,40444424,11.6,10693334,7.9,279999,11.2,83,4.8
"US000","5","491","15","0","2025","1","",982,7447,7289,7114,81833861,61845891,1083837,864,"",1.00,1.00,1.00,1.00,1.00,1.00,1.00,1.00,"",-49,-4.8,-106,-1.4,20,0.3,-92,-1.3,3442900,4.4,1969341,3.3,82893,8.3,43,5.2
"US000","5","4911","16","0","2025","1","",982,7447,7289,7114,81833861,61845891,1083837,864,"",1.00,1.00,1.00,1.00,1.00,1.00,1.00,1.00,"",-49,-4.8,-106,-1.4,20,0.3,-92,-1.3,3442900,4.4,1969341,3.3,82893,8.3,43,5.2
"US000","5","49111","17","0","2025","1","",982,7447,7289,7114,81833861,61845891,1083837,864,"",1.00,1.00,1.00,1.00,1.00,1.00,1.00,1.00,"",-49,-4.8,-106,-1.4,20,0.3,-92,-1.3,3442900,4.4,1969341,3.3,82893,8.3,43,5.2
"US000","5","491110","18","0","2025","1","",982,7447,7289,7114,81833861,61845891,1083837,864,"",1.00,1.00,1.00,1.00,1.00,1.00,1.00,1.00,"",-49,-4.8,-106,-1.4,20,0.3,-92,-1.3,3442900,4.4,1969341,3.3,82893,8.3,43,5.2
"US000","5","492","15","0","2025","1","",22132,1154508,1114496,1078163,15312710389,9205415255,137712988,1056,"",1.00,1.00,1.00,1.00,1.00,1.00,1.00,1.00,"",-852,-3.7,67248,6.2,66311,6.3,51188,5.0,694554845,4.8,522351999,6.0,2806353,2.1,-11,-1.0
"US000","5","4921","16","0","2025","1","",13804,953443,920190,888249,12235340517,7540959730,98783931,1022,"",1.00,1.00,1.00,1.00,1.00,1.00,1.00,1.00,"",-439,-3.1,54725,6.1,50940,5.9,35474,4.2,480983065,4.1,399269393,5.6,-1074530,-1.1,-13,-1.3
"US000","5","49211","17","0","2025","1","",13804,953443,920190,888249,12235340517,7540959730,98783931,1022,"",1.00,1.00,1.00,1.00,1.00,1.00,1.00,1.00,"",-439,-3.1,54725,6.1,50940,5.9,35474,4.2,480983065,4.1,399269393,5.6,-1074530,-1.1,-13,-1.3
"US000","5","492110","18","0","2025","1","",13804,953443,920190,888249,12235340517,7540959730,98783931,1022,"",1.00,1.00,1.00,1.00,1.00,1.00,1.00,1.00,"",-439,-3.1,54725,6.1,50940,5.9,35474,4.2,480983065,4.1,399269393,5.6,-1074530,-1.1,-13,-1.3
"US000","5","4922","16","0","2025","1","",8328,201065,194306,189914,3077369872,1664455525,38929057,1213,"",1.00,1.00,1.00,1.00,1.00,1.00,1.00,1.00,"",-413,-4.7,12523,6.6,15371,8.6,15714,9.0,213571780,7.5,123082606,8.0,3880883,11.1,-7,-0.6
"US000","5","49221","17","0","2025","1","",8328,201065,194306,189914,3077369872,1664455525,38929057,1213,"",1.00,1.00,1.00,1.00,1.00,1.00,1.00,1.00,"",-413,-4.7,12523,6.6,15371,8.6,15714,9.0,213571780,7.5,123082606,8.0,3880883,11.1,-7,-0.6
"US000","5","492210","18","0","2025","1","",8328,201065,194306,189914,3077369872,1664455525,38929057,1213,"",1.00,1.00,1.00,1.00,1.00,1.00,1.00,1.00,"",-413,-4.7,12523,6.6,15371,8.6,15714,9.0,213571780,7.5,123082606,8.0,3880883,11.1,-7,-0.6
"US000","5","493","15","0","2025","1","",23014,1947787,1895810,1867765,26568787206,16998227515,280647838,1074,"",1.00,1.00,1.00,1.00,1.00,1.00,1.00,1.00,"",514,2.3,14136,0.7,27150,1.5,31084,1.7,1477421558,5.9,597050714,3.6,-7292348,-2.5,47,4.6
"US000","5","4931","16","0","2025","1","",23014,1947787,1895810,1867765,26568787206,16998227515,280647838,1074,"",1.00,1.00,1.00,1.00,1.00,1.00,1.00,1.00,"",514,2.3,14136,0.7,27150,1.5,31084,1.7,1477421558,5.9,597050714,3.6,-7292348,-2.5,47,4.6
"US000","5","49311","17","0","2025","1","",17603,1810478,1758357,1730292,24129093013,15553956636,253595796,1051,"",1.00,1.00,1.00,1.00,1.00,1.00,1.00,1.00,"",482,2.8,12574,0.7,25871,1.5,30189,1.8,1409383665,6.2,551484877,3.7,-7091554,-2.7,49,4.9
"US000","5","493110","18","0","2025","1","",17603,1810478,1758357,1730292,24129093013,15553956636,253595796,1051,"",1.00,1.00,1.00,1.00,1.00,1.00,1.00,1.00,"",482,2.8,12574,0.7,25871,1.5,30189,1.8,1409383665,6.2,551484877,3.7,-7091554,-2.7,49,4.9
"US000","5","49312","17","0","2025","1","",1776,73305,73326,73246,1290493217,804701350,15744320,1354,"",1.00,1.00,1.00,1.00,1.00,1.00,1.00,1.00,"",-29,-1.6,-178,-0.2,-323,-0.4,-476,-0.6,41468624,3.3,25014197,3.2,41452,0.3,49,3.8
"US000","5","493120","18","0","2025","1","",1776,73305,73326,73246,1290493217,804701350,15744320,1354,"",1.00,1.00,1.00,1.00,1.00,1.00,1.00,1.00,"",-29,-1.6,-178,-0.2,-323,-0.4,-476,-0.6,41468624,3.3,25014197,3.2,41452,0.3,49,3.8
"US000","5","49313","17","0","2025","1","",898,9950,9825,9926,152722878,101586094,1394390,1187,"",1.00,1.00,1.00,1.00,1.00,1.00,1.00,1.00,"",0,0.0,137,1.4,26,0.3,123,1.3,3366678,2.3,3312410,3.4,-211506,-13.2,15,1.3
"US000","5","493130","18","0","2025","1","",898,9950,9825,9926,152722878,101586094,1394390,1187,"",1.00,1.00,1.00,1.00,1.00,1.00,1.00,1.00,"",0,0.0,137,1.4,26,0.3,123,1.3,3366678,2.3,3312410,3.4,-211506,-13.2,15,1.3
"US000","5","49319","17","0","2025","1","",2737,54054,54302,54301,996478098,537983435,9913332,1414,"",1.00,1.00,1.00,1.00,1.00,1.00,1.00,1.00,"",61,2.3,1603,3.1,1576,3.0,1248,2.4,23202591,2.4,17239230,3.3,-30740,-0.3,-5,-0.4
"US000","5","493190","18","0","2025","1","",2737,54054,54302,54301,996478098,537983435,9913332,1414,"",1.00,1.00,1.00,1.00,1.00,1.00,1.00,1.00,"",61,2.3,1603,3.1,1576,3.0,1248,2.4,23202591,2.4,17239230,3.3,-30740,-0.3,-5,-0.4
"US000","5","51","14","0","2025","1","",292513,2846481,2874556,2852233,148026657325,40448581275,831134221,3984,"",1.00,1.00,1.00,1.00,1.00,1.00,1.00,1.00,"",1901,0.7,-60846,-2.1,-59343,-2.0,-81874,-2.8,10369832402,7.5,446150236,1.1,81489131,10.9,364,10.1
"US000","5","512","15","0","2025","1","",39266,334247,368019,350016,7890962488,2723840525,97188914,1731,"",1.00,1.00,1.00,1.00,1.00,1.00,1.00,1.00,"",-955,-2.4,-19166,-5.4,-15443,-4.0,-39241,-10.1,-701112274,-8.2,-290218273,-9.6,-9758791,-9.1,-30,-1.7
"US000","5","5121","16","0","2025","1","",33966,314165,347798,329629,7205695094,2539449127,92745078,1677,"",1.00,1.00,1.00,1.00,1.00,1.00,1.00,1.00,"",-912,-2.6,-19051,-5.7,-15228,-4.2,-39087,-10.6,-734148333,-9.2,-289096309,-10.2,-9997816,-9.7,-44,-2.6
"US000","5","51211","17","0","2025","1","",24241,169945,207556,192841,5753319372,1817000409,79695970,2328,"",1.00,1.00,1.00,1.00,1.00,1.00,1.00,1.00,"",-838,-3.3,-19559,-10.3,-15941,-7.1,-36125,-15.8,-758003446,-11.6,-286438507,-13.6,-10409272,-11.6,-13,-0.6
"US000","5","512110","18","0","2025","1","",24241,169945,207556,192841,5753319372,1817000409,79695970,2328,"",1.00,1.00,1.00,1.00,1.00,1.00,1.00,1.00,"",-838,-3.3,-19559,-10.3,-15941,-7.1,-36125,-15.8,-758003446,-11.6,-286438507,-13.6,-10409272,-11.6,-13,-0.6
"US000","5","51212","17","0","2025","1","",792,6986,6958,6890,280654737,69732986,1800477,3109,"",1.00,1.00,1.00,1.00,1.00,1.00,1.00,1.00,"",-25,-3.1,-1091,-13.5,-1172,-14.4,-1089,-13.6,-11788889,-4.0,-4718457,-6.3,139309,8.4,319,11.4
"US000","5","512120","18","0","2025","1","",792,6986,6958,6890,280654737,69732986,1800477,3109,"",1.00,1.00,1.00,1.00,1.00,1.00,1.00,1.00,"",-25,-3.1,-1091,-13.5,-1172,-14.4,-1089,-13.6,-11788889,-4.0,-4718457,-6.3,139309,8.4,319,11.4
"US000","5","51213","17","0","2025","1","",4149,119616,114923,112319,677873088,487596080,5346790,451,"",1.00,1.00,1.00,1.00,1.00,1.00,1.00,1.00,"",-83,-2.0,3230,2.8,3203,2.9,-126,-0.1,52202216,8.3,13778036,2.9,-313438,-5.5,27,6.4
"US000","5","512131","18","0","2025","1","",3950,118782,114086,111398,671468710,483372616,5274312,450,"",1.00,1.00,1.00,1.00,1.00,1.00,1.00,1.00,"",-77,-1.9,3198,2.8,3169,2.9,-102,-0.1,49450908,8.0,12036959,2.6,-341530,-6.1,25,5.9
"US000","5","512132","18","0","2025","1","",199,834,837,921,6404378,4223464,72478,570,"",1.00,1.00,1.00,1.00,1.00,1.00,1.00,1.00,"",-6,-2.9,32,4.0,34,4.2,-24,-2.5,2751308,75.3,1741077,70.1,28092,63.3,239,72.2
"US000","5","51219","17","0","2025","1","",4784,17618,18361,17579,493847897,165119652,5901841,2128,"",1.00,1.00,1.00,1.00,1.00,1.00,1.00,1.00,"",34,0.7,-1631,-8.5,-1318,-6.7,-1747,-9.0,-16558214,-3.2,-11717381,-6.6,585585,11.0,106,5.2
"US000","5","512191","18","0","2025","1","",3980,14782,14876,14794,423669578,135282575,5233229,2199,"",1.00,1.00,1.00,1.00,1.00,1.00,1.00,1.00,"",-3,-0.1,-1625,-9.9,-1582,-9.6,-1363,-8.4,-18921294,-4.3,-12070153,-8.2,482187,10.1,116,5.6
"US000","5","512199","18","0","2025","1","",804,2836,3485,2785,70178319,29837077,668612,1778,"",1.00,1.00,1.00,1.00,1.00,1.00,1.00,1.00,"",37,4.8,-6,-0.2,264,8.2,-384,-12.1,2363080,3.5,352772,1.2,103398,18.3,83,4.9
"US000","5","5122","16","0","2025","1","",5300,20082,20221,20387,685267394,184391398,4443836,2606,"",1.00,1.00,1.00,1.00,1.00,1.00,1.00,1.00,"",-43,-0.8,-115,-0.6,-215,-1.1,-154,-0.7,33036059,5.1,-1121964,-0.6,239025,5.7,146,5.9
"US000","5","51223","17","0","2025","1","",1201,5787,5852,5747,191546004,52083042,1151949,2542,"",1.00,1.00,1.00,1.00,1.00,1.00,1.00,1.00,"",-7,-0.6,41,0.7,46,0.8,-51,-0.9,-4087708,-2.1,1685875,3.3,62851,5.8,-60,-2.3
"US000","5","512230","18","0","2025","1","",1201,5787,5852,5747,191546004,52083042,1151949,2542,"",1.00,1.00,1.00,1.00,1.00,1.00,1.00,1.00,"",-7,-0.6,41,0.7,46,0.8,-51,-0.9,-4087708,-2.1,1685875,3.3,62851,5.8,-60,-2.3
"US000","5","51224","17","0","2025","1","",1939,4502,4574,4622,83394223,38972506,821782,1405,"",1.00,1.00,1.00,1.00,1.00,1.00,1.00,1.00,"",10,0.5,-168,-3.6,-127,-2.7,-76,-1.6,-3961089,-4.5,-2415884,-5.8,-10472,-1.3,-28,-2.0
"US000","5","512240","18","0","2025","1","",1939,4502,4574,4622,83394223,38972506,821782,1405,"",1.00,1.00,1.00,1.00,1.00,1.00,1.00,1.00,"",10,0.5,-168,-3.6,-127,-2.7,-76,-1.6,-3961089,-4.5,-2415884,-5.8,-10472,-1.3,-28,-2.0
"US000","5","51225","17","0","2025","1","",1341,7511,7465,7493,358982952,67938413,1866173,3687,"",1.00,1.00,1.00,1.00,1.00,1.00,1.00,1.00,"",-7,-0.5,249,3.4,112,1.5,103,1.4,42381611,13.4,107014,0.2,247326,15.3,367,11.1
"US000","5","512250","18","0","2025","1","",1341,7511,7465,7493,358982952,67938413,1866173,3687,"",1.00,1.00,1.00,1.00,1.00,1.00,1.00,1.00,"",-7,-0.5,249,3.4,112,1.5,103,1.4,42381611,13.4,107014,0.2,247326,15.3,367,11.1
"US000","5","51229","17","0","2025","1","",819,2282,2330,2525,51344215,25397437,603932,1660,"",1.00,1.00,1.00,1.00,1.00,1.00,1.00,1.00,"",-39,-4.5,-237,-9.4,-246,-9.5,-130,-4.9,-1296755,-2.5,-498969,-1.9,-60680,-9.1,93,5.9
"US000","5","512290","18","0","2025","1","",819,2282,2330,2525,51344215,25397437,603932,1660,"",1.00,1.00,1.00,1.00,1.00,1.00,1.00,1.00,"",-39,-4.5,-237,-9.4,-246,-9.5,-130,-4.9,-1296755,-2.5,-498969,-1.9,-60680,-9.1,93,5.9
"US000","5","513","15","0","2025","1","",126164,907814,905371,903780,46306697161,15688911696,293553704,3933,"",1.00,1.00,1.00,1.00,1.00,1.00,1.00,1.00,"",3342,2.7,-5879,-0.6,-5187,-0.6,-4296,-0.5,3256212937,7.6,370670761,2.4,41596465,16.5,297,8.2
"US000","5","5131","16","0","2025","1","",27683,255873,254852,253749,8208865051,2979047294,67136320,2478,"",1.00,1.00,1.00,1.00,1.00,1.00,1.00,1.00,"",-1022,-3.6,-14107,-5.2,-14831,-5.5,-15375,-5.7,-1878324,0.0,-93956738,-3.1,3021308,4.7,135,5.8
"US000","5","51311","17","0","2025","1","",7085,85560,85170,84552,2070088124,862267689,17306943,1871,"",1.00,1.00,1.00,1.00,1.00,1.00,1.00,1.00,"",-163,-2.2,-6123,-6.7,-6179,-6.8,-6482,-7.1,-57136796,-2.7,-34749838,-3.9,-419380,-2.4,80,4.5
"US000","5","513110","18","0","2025","1","",7085,85560,85170,84552,2070088124,862267689,17306943,1871,"",1.00,1.00,1.00,1.00,1.00,1.00,1.00,1.00,"",-163,-2.2,-6123,-6.7,-6179,-6.8,-6482,-7.1,-57136796,-2.7,-34749838,-3.9,-419380,-2.4,80,4.5
"US000","5","51312","17","0","2025","1","",7795,62395,62080,61836,2252692515,719919577,16889878,2790,"",1.00,1.00,1.00,1.00,1.00,1.00,1.00,1.00,"",-209,-2.6,-3447,-5.2,-3805,-5.8,-3878,-5.9,-12980980,-0.6,-27304767,-3.7,858689,5.4,142,5.4
"US000","5","513120","18","0","2025","1","",7795,62395,62080,61836,2252692515,719919577,16889878,2790,"",1.00,1.00,1.00,1.00,1.00,1.00,1.00,1.00,"",-209,-2.6,-3447,-5.2,-3805,-5.8,-3878,-5.9,-12980980,-0.6,-27304767,-3.7,858689,5.4,142,5.4
"US000","5","51313","17","0","2025","1","",5447,53737,53728,53791,1645797852,688959591,13243377,2355,"",1.00,1.00,1.00,1.00,1.00,1.00,1.00,1.00,"",96,1.8,396,0.7,129,0.2,37,0.1,55940390,3.5,8018792,1.2,1336178,11.2,72,3.2
"US000","5","513130","18","0","2025","1","",5447,53737,53728,53791,1645797852,688959591,13243377,2355,"",1.00,1.00,1.00,1.00,1.00,1.00,1.00,1.00,"",96,1.8,396,0.7,129,0.2,37,0.1,55940390,3.5,8018792,1.2,1336178,11.2,72,3.2
"US000","5","51314","17","0","2025","1","",1328,14521,14347,14172,553280841,231474576,6009081,2967,"",1.00,1.00,1.00,1.00,1.00,1.00,1.00,1.00,"",-65,-4.7,-654,-4.3,-666,-4.4,-856,-5.7,23376513,4.4,-4881421,-2.1,368599,6.5,263,9.7
"US000","5","513140","18","0","2025","1","",1328,14521,14347,14172,553280841,231474576,6009081,2967,"",1.00,1.00,1.00,1.00,1.00,1.00,1.00,1.00,"",-65,-4.7,-654,-4.3,-666,-4.4,-856,-5.7,23376513,4.4,-4881421,-2.1,368599,6.5,263,9.7
"US000","5","51319","17","0","2025","1","",6028,39660,39527,39398,1687005719,476425861,13687041,3283,"",1.00,1.00,1.00,1.00,1.00,1.00,1.00,1.00,"",-681,-10.2,-4279,-9.7,-4310,-9.8,-4196,-9.6,-11077451,-0.7,-35039504,-6.9,877222,6.8,300,10.1
"US000","5","513191","18","0","2025","1","",111,2444,2380,2438,50707625,19870110,204822,1611,"",1.00,1.00,1.00,1.00,1.00,1.00,1.00,1.00,"",-9,-7.5,-196,-7.4,-251,-9.5,-129,-5.0,14899578,41.6,-609321,-3.0,-22942,-10.1,557,52.8
"US000","5","513199","18","0","2025","1","",5917,37216,37147,36960,1636298094,456555751,13482219,3392,"",1.00,1.00,1.00,1.00,1.00,1.00,1.00,1.00,"",-672,-10.2,-4083,-9.9,-4059,-9.9,-4067,-9.9,-25977029,-1.6,-34430183,-7.0,900164,7.2,287,9.2
"US000","5","5132","16","0","2025","1","",98481,651941,650519,650031,38097832110,12709864402,226417384,4503,"",1.00,1.00,1.00,1.00,1.00,1.00,1.00,1.00,"",4364,4.6,8228,1.3,9644,1.5,11079,1.7,3258091261,9.4,464627499,3.8,38575157,20.5,323,7.7
"US000","5","51321","17","0","2025","1","",98481,651941,650519,650031,38097832110,12709864402,226417384,4503,"",1.00,1.00,1.00,1.00,1.00,1.00,1.00,1.00,"",4364,4.6,8228,1.3,9644,1.5,11079,1.7,3258091261,9.4,464627499,3.8,38575157,20.5,323,7.7
"US000","5","513210","18","0","2025","1","",98481,651941,650519,650031,38097832110,12709864402,226417384,4503,"",1.00,1.00,1.00,1.00,1.00,1.00,1.00,1.00,"",4364,4.6,8228,1.3,9644,1.5,11079,1.7,3258091261,9.4,464627499,3.8,38575157,20.5,323,7.7
"US000","5","516","15","0","2025","1","",20684,340269,340373,339664,27795024708,4574240495,96694592,6287,"",1.00,1.00,1.00,1.00,1.00,1.00,1.00,1.00,"",26,0.1,-1203,-0.4,-2036,-0.6,-3204,-0.9,4044564331,17.0,277244713,6.5,13416383,16.1,949,17.8
"US000","5","5161","16","0","2025","1","",5944,114739,114273,113916,2907796579,1096247827,18832976,1957,"",1.00,1.00,1.00,1.00,1.00,1.00,1.00,1.00,"",-47,-0.8,-4693,-3.9,-5337,-4.5,-5702,-4.8,-1958010,-0.1,-35149410,-3.1,-189207,-1.0,85,4.5
"US000","5","51611","17","0","2025","1","",4205,50388,50177,49636,997704771,443735293,7324474,1533,"",1.00,1.00,1.00,1.00,1.00,1.00,1.00,1.00,"",-72,-1.7,-1917,-3.7,-2119,-4.1,-2368,-4.6,-10395382,-1.0,-20720206,-4.5,-259651,-3.4,47,3.2
"US000","5","516110","18","0","2025","1","",4205,50388,50177,49636,997704771,443735293,7324474,1533,"",1.00,1.00,1.00,1.00,1.00,1.00,1.00,1.00,"",-72,-1.7,-1917,-3.7,-2119,-4.1,-2368,-4.6,-10395382,-1.0,-20720206,-4.5,-259651,-3.4,47,3.2
"US000","5","51612","17","0","2025","1","",1739,64351,64096,64280,1910091808,652512534,11508502,2287,"",1.00,1.00,1.00,1.00,1.00,1.00,1.00,1.00,"",25,1.5,-2776,-4.1,-3218,-4.8,-3334,-4.9,8437372,0.4,-14429204,-2.2,70444,0.6,115,5.3
"US000","5","516120","18","0","2025","1","",1739,64351,64096,64280,1910091808,652512534,11508502,2287,"",1.00,1.00,1.00,1.00,1.00,1.00,1.00,1.00,"",25,1.5,-2776,-4.1,-3218,-4.8,-3334,-4.9,8437372,0.4,-14429204,-2.2,70444,0.6,115,5.3
"US000","5","5162","16","0","2025","1","",14740,225530,226100,225748,24887228129,3477992668,77861616,8479,"",1.00,1.00,1.00,1.00,1.00,1.00,1.00,1.00,"",73,0.5,3490,1.6,3301,1.5,2498,1.1,4046522341,19.4,312394123,9.9,13605590,21.2,1280,17.8
"US000","5","51621","17","0","2025","1","",14740,225530,226100,225748,24887228129,3477992668,77861616,8479,"",1.00,1.00,1.00,1.00,1.00,1.00,1.00,1.00,"",73,0.5,3490,1.6,3301,1.5,2498,1.1,4046522341,19.4,312394123,9.9,13605590,21.2,1280,17.8
"US000","5","516210","18","0","2025","1","",14740,225530,226100,225748,24887228129,3477992668,77861616,8479,"",1.00,1.00,1.00,1.00,1.00,1.00,1.00,1.00,"",73,0.5,3490,1.6,3301,1.5,2498,1.1,4046522341,19.4,312394123,9.9,13605590,21.2,1280,17.8
"US000","5","517","15","0","2025","1","",34850,601543,598236,597530,22451759343,8026877445,146426771,2883,"",1.00,1.00,1.00,1.00,1.00,1.00,1.00,1.00,"",-927,-2.6,-29613,-4.7,-32066,-5.1,-31285,-5.0,909625521,4.2,-56870001,-0.7,7866647,5.7,253,9.6
"US000","5","5171","16","0","2025","1","",28595,547275,544507,543899,19894995213,7354564816,132883448,2807,"",1.00,1.00,1.00,1.00,1.00,1.00,1.00,1.00,"",-1065,-3.6,-30327,-5.3,-32673,-5.7,-31697,-5.5,679767935,3.5,-74134775,-1.0,5708145,4.5,244,9.5
"US000","5","51711","17","0","2025","1","",24194,511460,508776,508413,18818129017,6903643212,123939314,2841,"",1.00,1.00,1.00,1.00,1.00,1.00,1.00,1.00,"",-948,-3.8,-27149,-5.0,-29832,-5.5,-28872,-5.4,732699719,4.1,-49297163,-0.7,5203506,4.4,256,9.9
"US000","5","517111","18","0","2025","1","",17796,434470,431776,431814,15703680731,5662655909,100224220,2792,"",1.00,1.00,1.00,1.00,1.00,1.00,1.00,1.00,"",-747,-4.0,-22299,-4.9,-25353,-5.5,-24160,-5.3,594817940,3.9,-79416063,-1.4,1207664,1.2,247,9.7
"US000","5","517112","18","0","2025","1","",6398,76990,77000,76599,3114448286,1240987303,23715094,3117,"",1.00,1.00,1.00,1.00,1.00,1.00,1.00,1.00,"",-201,-3.0,-4850,-5.9,-4479,-5.5,-4712,-5.8,137881779,4.6,30118900,2.5,3995842,20.3,309,11.0
"US000","5","51712","17","0","2025","1","",4401,35815,35731,35486,1076866196,450921604,8944134,2322,"",1.00,1.00,1.00,1.00,1.00,1.00,1.00,1.00,"",-117,-2.6,-3178,-8.2,-2841,-7.4,-2825,-7.4,-52931784,-4.7,-24837612,-5.2,504639,6.0,72,3.2
"US000","5","517121","18","0","2025","1","",4401,35815,35731,35486,1076866196,450921604,8944134,2322,"",1.00,1.00,1.00,1.00,1.00,1.00,1.00,1.00,"",-117,-2.6,-3178,-8.2,-2841,-7.4,-2825,-7.4,-52931784,-4.7,-24837612,-5.2,504639,6.0,72,3.2
"US000","5","5174","16","0","2025","1","",1034,9339,9320,9308,363169834,108647359,2899340,2997,"",1.00,1.00,1.00,1.00,1.00,1.00,1.00,1.00,"",16,1.6,778,9.1,845,10.0,736,8.6,47967717,15.2,10282204,10.5,1172741,67.9,157,5.5
"US000","5","51741","17","0","2025","1","",1034,9339,9320,9308,363169834,108647359,2899340,2997,"",1.00,1.00,1.00,1.00,1.00,1.00,1.00,1.00,"",16,1.6,778,9.1,845,10.0,736,8.6,47967717,15.2,10282204,10.5,1172741,67.9,157,5.5
"US000","5","517410","18","0","2025","1","",1034,9339,9320,9308,363169834,108647359,2899340,2997,"",1.00,1.00,1.00,1.00,1.00,1.00,1.00,1.00,"",16,1.6,778,9.1,845,10.0,736,8.6,47967717,15.2,10282204,10.5,1172741,67.9,157,5.5
"US000","5","5178","16","0","2025","1","",5221,44929,44409,44323,2193594296,563665270,10643983,3787,"",1.00,1.00,1.00,1.00,1.00,1.00,1.00,1.00,"",122,2.4,-64,-0.1,-238,-0.5,-324,-0.7,181889869,9.0,6982570,1.3,985761,10.2,330,9.5
"US000","5","51781","17","0","2025","1","",5221,44929,44409,44323,2193594296,563665270,10643983,3787,"",1.00,1.00,1.00,1.00,1.00,1.00,1.00,1.00,"",122,2.4,-64,-0.1,-238,-0.5,-324,-0.7,181889869,9.0,6982570,1.3,985761,10.2,330,9.5
"US000","5","517810","18","0","2025","1","",5221,44929,44409,44323,2193594296,563665270,10643983,3787,"",1.00,1.00,1.00,1.00,1.00,1.00,1.00,1.00,"",122,2.4,-64,-0.1,-238,-0.5,-324,-0.7,181889869,9.0,6982570,1.3,985761,10.2,330,9.5
"US000","5","518","15","0","2025","1","",54959,483836,483527,482838,26521300414,6917646925,146167236,4220,"",1.00,1.00,1.00,1.00,1.00,1.00,1.00,1.00,"",608,1.1,482,0.1,406,0.1,830,0.2,2341472575,9.7,137673726,2.0,20793790,16.6,368,9.6
"US000","5","5182","16","0","2025","1","",54959,483836,483527,482838,26521300414,6917646925,146167236,4220,"",1.00,1.00,1.00,1.00,1.00,1.00,1.00,1.00,"",608,1.1,482,0.1,406,0.1,830,0.2,2341472575,9.7,137673726,2.0,20793790,16.6,368,9.6
"US000","5","51821","17","0","2025","1","",54959,483836,483527,482838,26521300414,6917646925,146167236,4220,"",1.00,1.00,1.00,1.00,1.00,1.00,1.00,1.00,"",608,1.1,482,0.1,406,0.1,830,0.2,2341472575,9.7,137673726,2.0,20793790,16.6,368,9.6
"US000","5","518210","18","0","2025","1","",54959,483836,483527,482838,26521300414,6917646925,146167236,4220,"",1.00,1.00,1.00,1.00,1.00,1.00,1.00,1.00,"",608,1.1,482,0.1,406,0.1,830,0.2,2341472575,9.7,137673726,2.0,20793790,16.6,368,9.6
"US000","5","519","15","0","2025","1","",16590,178772,179030,178405,17060913211,2517064189,51103004,7343,"",1.00,1.00,1.00,1.00,1.00,1.00,1.00,1.00,"",-193,-1.1,-5467,-3.0,-5017,-2.7,-4678,-2.6,519069312,3.1,7649310,0.3,7574637,17.4,420,6.1
"US000","5","5192","16","0","2025","1","",16590,178772,179030,178405,17060913211,2517064189,51103004,7343,"",1.00,1.00,1.00,1.00,1.00,1.00,1.00,1.00,"",-193,-1.1,-5467,-3.0,-5017,-2.7,-4678,-2.6,519069312,3.1,7649310,0.3,7574637,17.4,420,6.1
"US000","5","51921","17","0","2025","1","",2392,27516,27682,27735,356614054,110514341,2150061,992,"",1.00,1.00,1.00,1.00,1.00,1.00,1.00,1.00,"",28,1.2,-429,-1.5,-306,-1.1,-414,-1.5,-8650072,-2.4,1031134,0.9,73534,3.5,-10,-1.0
"US000","5","519210","18","0","2025","1","",2392,27516,27682,27735,356614054,110514341,2150061,992,"",1.00,1.00,1.00,1.00,1.00,1.00,1.00,1.00,"",28,1.2,-429,-1.5,-306,-1.1,-414,-1.5,-8650072,-2.4,1031134,0.9,73534,3.5,-10,-1.0
"US000","5","51929","17","0","2025","1","",14198,151256,151348,150670,16704299157,2406549848,48952943,8504,"",1.00,1.00,1.00,1.00,1.00,1.00,1.00,1.00,"",-221,-1.5,-5038,-3.2,-4711,-3.0,-4264,-2.8,527719384,3.3,6618176,0.3,7501103,18.1,515,6.4
"US000","5","519290","18","0","2025","1","",14198,151256,151348,150670,16704299157,2406549848,48952943,8504,"",1.00,1.00,1.00,1.00,1.00,1.00,1.00,1.00,"",-221,-1.5,-5038,-3.2,-4711,-3.0,-4264,-2.8,527719384,3.3,6618176,0.3,7501103,18.1,515,6.4
"US000","5","52","14","0","2025","1","",579442,6293391,6298219,6292277,331075526059,78833572267,1265140301,4046,"",1.00,1.00,1.00,1.00,1.00,1.00,1.00,1.00,"",1521,0.3,19765,0.3,25760,0.4,25331,0.4,30586084171,10.2,798020767,1.0,82577210,7.0,360,9.8
"US000","5","521","15","0","2025","1","",547,20544,20597,20677,764266715,249646636,2889398,2853,"",1.00,1.00,1.00,1.00,1.00,1.00,1.00,1.00,"",6,1.1,248,1.2,251,1.2,365,1.8,27062372,3.7,23269785,10.3,544178,23.2,62,2.2
"US000","5","5211","16","0","2025","1","",547,20544,20597,20677,764266715,249646636,2889398,2853,"",1.00,1.00,1.00,1.00,1.00,1.00,1.00,1.00,"",6,1.1,248,1.2,251,1.2,365,1.8,27062372,3.7,23269785,10.3,544178,23.2,62,2.2
"US000","5","52111","17","0","2025","1","",547,20544,20597,20677,764266715,249646636,2889398,2853,"",1.00,1.00,1.00,1.00,1.00,1.00,1.00,1.00,"",6,1.1,248,1.2,251,1.2,365,1.8,27062372,3.7,23269785,10.3,544178,23.2,62,2.2
"US000","5","521110","18","0","2025","1","",547,20544,20597,20677,764266715,249646636,2889398,2853,"",1.00,1.00,1.00,1.00,1.00,1.00,1.00,1.00,"",6,1.1,248,1.2,251,1.2,365,1.8,27062372,3.7,23269785,10.3,544178,23.2,62,2.2
"US000","5","522","15","0","2025","1","",190584,2557708,2558035,2558677,104028406203,29963395496,489781925,3128,"",1.00,1.00,1.00,1.00,1.00,1.00,1.00,1.00,"",-3535,-1.8,-17400,-0.7,-14221,-0.6,-11204,-0.4,8560897728,9.0,-794093594,-2.6,29175769,6.3,273,9.6
"US000","5","5221","16","0","2025","1","",106313,1776623,1774776,1777395,71399368211,20776480844,291149493,3092,"",1.00,1.00,1.00,1.00,1.00,1.00,1.00,1.00,"",-909,-0.8,-8904,-0.5,-9677,-0.5,-6893,-0.4,5856474306,8.9,-916237379,-4.2,12504148,4.5,267,9.5
"US000","5","52211","17","0","2025","1","",78807,1371965,1369858,1372460,61833450259,16108027695,230263089,3468,"",1.00,1.00,1.00,1.00,1.00,1.00,1.00,1.00,"",-849,-1.1,-8793,-0.6,-10373,-0.8,-7348,-0.5,5294947261,9.4,-1020508313,-6.0,9509766,4.3,317,10.1
"US000","5","522110","18","0","2025","1","",78807,1371965,1369858,1372460,61833450259,16108027695,230263089,3468,"",1.00,1.00,1.00,1.00,1.00,1.00,1.00,1.00,"",-849,-1.1,-8793,-0.6,-10373,-0.8,-7348,-0.5,5294947261,9.4,-1020508313,-6.0,9509766,4.3,317,10.1
"US000","5","52213","17","0","2025","1","",20320,311515,311937,311949,6692590217,3479619269,41717735,1651,"",1.00,1.00,1.00,1.00,1.00,1.00,1.00,1.00,"",334,1.7,2889,0.9,3644,1.2,3459,1.1,439215302,7.0,102301952,3.0,2778767,7.1,92,5.9
"US000","5","522130","18","0","2025","1","",20320,311515,311937,311949,6692590217,3479619269,41717735,1651,"",1.00,1.00,1.00,1.00,1.00,1.00,1.00,1.00,"",334,1.7,2889,0.9,3644,1.2,3459,1.1,439215302,7.0,102301952,3.0,2778767,7.1,92,5.9
"US000","5","52218","17","0","2025","1","",7186,93143,92981,92986,2873327735,1188833880,19168669,2376,"",1.00,1.00,1.00,1.00,1.00,1.00,1.00,1.00,"",-394,-5.2,-3000,-3.1,-2948,-3.1,-3004,-3.1,122311743,4.4,1968982,0.2,215615,1.1,172,7.8
"US000","5","522180","18","0","2025","1","",7186,93143,92981,92986,2873327735,1188833880,19168669,2376,"",1.00,1.00,1.00,1.00,1.00,1.00,1.00,1.00,"",-394,-5.2,-3000,-3.1,-2948,-3.1,-3004,-3.1,122311743,4.4,1968982,0.2,215615,1.1,172,7.8
"US000","5","5222","16","0","2025","1","",50545,502108,503621,502609,20060825016,5922273755,123486856,3069,"",1.00,1.00,1.00,1.00,1.00,1.00,1.00,1.00,"",-2031,-3.9,-6528,-1.3,-3470,-0.7,-3112,-0.6,1619504348,8.8,39186653,0.7,9755917,8.6,272,9.7
"US000","5","52221","17","0","2025","1","",986,63617,64238,64127,3318660420,770838032,9506543,3989,"",1.00,1.00,1.00,1.00,1.00,1.00,1.00,1.00,"",-61,-5.8,-2949,-4.4,-2396,-3.6,-1978,-3.0,414765261,14.3,54681802,7.6,253212,2.7,627,18.6
"US000","5","522210","18","0","2025","1","",986,63617,64238,64127,3318660420,770838032,9506543,3989,"",1.00,1.00,1.00,1.00,1.00,1.00,1.00,1.00,"",-61,-5.8,-2949,-4.4,-2396,-3.6,-1978,-3.0,414765261,14.3,54681802,7.6,253212,2.7,627,18.6
"US000","5","52222","17","0","2025","1","",6291,82950,83086,83098,3384401165,993337800,20002947,3135,"",1.00,1.00,1.00,1.00,1.00,1.00,1.00,1.00,"",-173,-2.7,-1428,-1.7,-1042,-1.2,-698,-0.8,198974093,6.2,-7859422,-0.8,2142076,12.0,221,7.6
"US000","5","522220","18","0","2025","1","",6291,82950,83086,83098,3384401165,993337800,20002947,3135,"",1.00,1.00,1.00,1.00,1.00,1.00,1.00,1.00,"",-173,-2.7,-1428,-1.7,-1042,-1.2,-698,-0.8,198974093,6.2,-7859422,-0.8,2142076,12.0,221,7.6
"US000","5","52229","17","0","2025","1","",43268,355541,356297,355384,13357763431,4158097923,93977366,2888,"",1.00,1.00,1.00,1.00,1.00,1.00,1.00,1.00,"",-1797,-4.0,-2151,-0.6,-32,0.0,-436,-0.1,1005764994,8.1,-7635727,-0.2,7360629,8.5,224,8.4
"US000","5","522291","18","0","2025","1","",15365,88353,88663,88483,3258318236,1003007822,18774666,2832,"",1.00,1.00,1.00,1.00,1.00,1.00,1.00,1.00,"",-257,-1.6,-2220,-2.5,-1497,-1.7,-1303,-1.5,444932372,15.8,-1605837,-0.2,822845,4.6,432,18.0
"US000","5","522292","18","0","2025","1","",17793,180948,181152,180754,6390836096,2152496736,60950707,2717,"",1.00,1.00,1.00,1.00,1.00,1.00,1.00,1.00,"",-1286,-6.7,-61,0.0,956,0.5,1177,0.7,332834730,5.5,-30168525,-1.4,4850213,8.6,132,5.1
"US000","5","522299","18","0","2025","1","",10110,86240,86482,86147,3708609099,1002593365,14251993,3306,"",1.00,1.00,1.00,1.00,1.00,1.00,1.00,1.00,"",-254,-2.5,130,0.2,509,0.6,-310,-0.4,227997892,6.6,24138635,2.5,1687571,13.4,199,6.4
"US000","5","5223","16","0","2025","1","",33726,278977,279638,278673,12568212976,3264640897,75145576,3464,"",1.00,1.00,1.00,1.00,1.00,1.00,1.00,1.00,"",-595,-1.7,-1968,-0.7,-1074,-0.4,-1199,-0.4,1084919074,9.4,82957132,2.6,6915704,10.1,315,10.0
"US000","5","52231","17","0","2025","1","",16870,81119,81068,81312,2571690004,967803776,29199203,2437,"",1.00,1.00,1.00,1.00,1.00,1.00,1.00,1.00,"",-451,-2.6,-300,-0.4,-138,-0.2,-4,0.0,245066460,10.5,10188110,1.1,1148459,4.1,236,10.7
"US000","5","522310","18","0","2025","1","",16870,81119,81068,81312,2571690004,967803776,29199203,2437,"",1.00,1.00,1.00,1.00,1.00,1.00,1.00,1.00,"",-451,-2.6,-300,-0.4,-138,-0.2,-4,0.0,245066460,10.5,10188110,1.1,1148459,4.1,236,10.7
"US000","5","52232","17","0","2025","1","",9534,127713,128306,127383,6857272523,1581497064,30923086,4127,"",1.00,1.00,1.00,1.00,1.00,1.00,1.00,1.00,"",41,0.4,-2428,-1.9,-1765,-1.4,-1581,-1.2,443938595,6.9,16430311,1.0,3978380,14.8,324,8.5
"US000","5","522320","18","0","2025","1","",9534,127713,128306,127383,6857272523,1581497064,30923086,4127,"",1.00,1.00,1.00,1.00,1.00,1.00,1.00,1.00,"",41,0.4,-2428,-1.9,-1765,-1.4,-1581,-1.2,443938595,6.9,16430311,1.0,3978380,14.8,324,8.5
"US000","5","52239","17","0","2025","1","",7322,70145,70264,69978,3139250449,715340057,15023287,3443,"",1.00,1.00,1.00,1.00,1.00,1.00,1.00,1.00,"",-185,-2.5,760,1.1,829,1.2,386,0.6,395914019,14.4,56338711,8.5,1788865,13.5,405,13.3
"US000","5","522390","18","0","2025","1","",7322,70145,70264,69978,3139250449,715340057,15023287,3443,"",1.00,1.00,1.00,1.00,1.00,1.00,1.00,1.00,"",-185,-2.5,760,1.1,829,1.2,386,0.6,395914019,14.4,56338711,8.5,1788865,13.5,405,13.3
"US000","5","523","15","0","2025","1","",152786,1087115,1089874,1087402,130797572410,16170833268,288534821,9246,"",1.00,1.00,1.00,1.00,1.00,1.00,1.00,1.00,"",2720,1.8,16906,1.6,19635,1.8,22066,2.1,18014030404,16.0,779317330,5.1,30363207,11.8,1127,13.9
"US000","5","5231","16","0","2025","1","",41213,472395,473156,472106,63364085623,7218120873,113724214,10315,"",1.00,1.00,1.00,1.00,1.00,1.00,1.00,1.00,"",-924,-2.2,-1928,-0.4,1246,0.3,3586,0.8,7826040755,14.1,231835598,3.3,9269647,8.9,1256,13.9
"US000","5","52315","17","0","2025","1","",37719,446849,447581,446651,59888050116,6849567016,105680413,10305,"",1.00,1.00,1.00,1.00,1.00,1.00,1.00,1.00,"",-803,-2.1,-2024,-0.5,1130,0.3,3662,0.8,7904176325,15.2,221061665,3.3,8881443,9.2,1341,15.0
"US000","5","523150","18","0","2025","1","",37719,446849,447581,446651,59888050116,6849567016,105680413,10305,"",1.00,1.00,1.00,1.00,1.00,1.00,1.00,1.00,"",-803,-2.1,-2024,-0.5,1130,0.3,3662,0.8,7904176325,15.2,221061665,3.3,8881443,9.2,1341,15.0
"US000","5","52316","17","0","2025","1","",3494,25546,25575,25455,3476035507,368553857,8043801,10475,"",1.00,1.00,1.00,1.00,1.00,1.00,1.00,1.00,"",-121,-3.3,96,0.4,116,0.5,-76,-0.3,-78135570,-2.2,10773933,3.0,388204,5.1,-255,-2.4
"US000","5","523160","18","0","2025","1","",3494,25546,25575,25455,3476035507,368553857,8043801,10475,"",1.00,1.00,1.00,1.00,1.00,1.00,1.00,1.00,"",-121,-3.3,96,0.4,116,0.5,-76,-0.3,-78135570,-2.2,10773933,3.0,388204,5.1,-255,-2.4
"US000","5","5232","16","0","2025","1","",1011,8312,8369,8427,879227789,125005294,3359756,8081,"",1.00,1.00,1.00,1.00,1.00,1.00,1.00,1.00,"",98,10.7,1060,14.6,1106,15.2,1219,16.9,164963532,23.1,28001622,28.9,924128,37.9,493,6.5
"US000","5","52321","17","0","2025","1","",1011,8312,8369,8427,879227789,125005294,3359756,8081,"",1.00,1.00,1.00,1.00,1.00,1.00,1.00,1.00,"",98,10.7,1060,14.6,1106,15.2,1219,16.9,164963532,23.1,28001622,28.9,924128,37.9,493,6.5
"US000","5","523210","18","0","2025","1","",1011,8312,8369,8427,879227789,125005294,3359756,8081,"",1.00,1.00,1.00,1.00,1.00,1.00,1.00,1.00,"",98,10.7,1060,14.6,1106,15.2,1219,16.9,164963532,23.1,28001622,28.9,924128,37.9,493,6.5
"US000","5","5239","16","0","2025","1","",110562,606408,608349,606869,66554258998,8827707101,171450851,8431,"",1.00,1.00,1.00,1.00,1.00,1.00,1.00,1.00,"",3546,3.3,17774,3.0,17283,2.9,17261,2.9,10023026117,17.7,519480110,6.3,20169432,13.3,1058,14.3
"US000","5","52391","17","0","2025","1","",9691,33522,33505,33508,3242462736,448015734,10198870,7443,"",1.00,1.00,1.00,1.00,1.00,1.00,1.00,1.00,"",-108,-1.1,0,0.0,28,0.1,162,0.5,404538597,14.3,18567340,4.3,1061239,11.6,916,14.0
"US000","5","523910","18","0","2025","1","",9691,33522,33505,33508,3242462736,448015734,10198870,7443,"",1.00,1.00,1.00,1.00,1.00,1.00,1.00,1.00,"",-108,-1.1,0,0.0,28,0.1,162,0.5,404538597,14.3,18567340,4.3,1061239,11.6,916,14.0
"US000","5","52394","17","0","2025","1","",89607,513328,514925,513554,58981831708,7555705946,145902818,8828,"",1.00,1.00,1.00,1.00,1.00,1.00,1.00,1.00,"",2949,3.4,16441,3.3,15651,3.1,15640,3.1,8811797736,17.6,472814655,6.7,18307927,14.3,1079,13.9
"US000","5","523940","18","0","2025","1","",89607,513328,514925,513554,58981831708,7555705946,145902818,8828,"",1.00,1.00,1.00,1.00,1.00,1.00,1.00,1.00,"",2949,3.4,16441,3.3,15651,3.1,15640,3.1,8811797736,17.6,472814655,6.7,18307927,14.3,1079,13.9
"US000","5","52399","17","0","2025","1","",11264,59558,59919,59807,4329964554,823985421,15349163,5573,"",1.00,1.00,1.00,1.00,1.00,1.00,1.00,1.00,"",705,6.7,1333,2.3,1604,2.8,1459,2.5,806689784,22.9,28098115,3.5,800266,5.5,924,19.9
"US000","5","523991","18","0","2025","1","",2955,21480,21572,21536,878970316,274191518,4342581,3141,"",1.00,1.00,1.00,1.00,1.00,1.00,1.00,1.00,"",-38,-1.3,-288,-1.3,-181,-0.8,-188,-0.9,-8854501,-1.0,-2840962,-1.0,-179376,-4.0,1,0.0
"US000","5","523999","18","0","2025","1","",8309,38078,38347,38271,3450994238,549793903,11006582,6943,"",1.00,1.00,1.00,1.00,1.00,1.00,1.00,1.00,"",743,9.8,1621,4.4,1785,4.9,1647,4.5,815544285,30.9,30939077,6.0,979642,9.8,1396,25.2
"US000","5","524","15","0","2025","1","",225302,2595202,2596639,2592542,93110939618,31939504524,472276566,2760,"",1.00,1.00,1.00,1.00,1.00,1.00,1.00,1.00,"",1767,0.8,18233,0.7,17971,0.7,12010,0.5,3621432641,4.0,762217394,2.4,21331287,4.7,91,3.4
"US000","5","5241","16","0","2025","1","",35121,1206775,1205507,1205319,48987778812,15762132434,234345834,3125,"",1.00,1.00,1.00,1.00,1.00,1.00,1.00,1.00,"",-117,-0.3,-11021,-0.9,-10569,-0.9,-12570,-1.0,971280732,2.0,317053744,2.1,12786382,5.8,91,3.0
"US000","5","52411","17","0","2025","1","",13610,649398,647334,646692,25092633767,8508780561,123772795,2980,"",1.00,1.00,1.00,1.00,1.00,1.00,1.00,1.00,"",-132,-1.0,-18693,-2.8,-18458,-2.8,-19425,-2.9,-809859640,-3.1,-49111891,-0.6,3249272,2.7,-9,-0.3
"US000","5","524113","18","0","2025","1","",5186,209165,207789,208280,10617197227,3118501817,41839862,3919,"",1.00,1.00,1.00,1.00,1.00,1.00,1.00,1.00,"",2,0.0,-2264,-1.1,-2984,-1.4,-1886,-0.9,18065574,0.2,71830961,2.4,1260810,3.1,51,1.3
"US000","5","524114","18","0","2025","1","",8424,440233,439545,438412,14475436540,5390278744,81932933,2534,"",1.00,1.00,1.00,1.00,1.00,1.00,1.00,1.00,"",-134,-1.6,-16429,-3.6,-15474,-3.4,-17539,-3.8,-827925214,-5.4,-120942852,-2.2,1988462,2.5,-48,-1.9
"US000","5","52412","17","0","2025","1","",20324,526634,527398,527902,21624304038,6724328758,103064528,3155,"",1.00,1.00,1.00,1.00,1.00,1.00,1.00,1.00,"",12,0.1,7695,1.5,7908,1.5,6973,1.3,1601873060,8.0,268562296,4.2,8419755,8.9,192,6.5
"US000","5","524126","18","0","2025","1","",12627,453635,454470,454942,19173332166,5845763971,80614762,3246,"",1.00,1.00,1.00,1.00,1.00,1.00,1.00,1.00,"",239,1.9,8507,1.9,8709,2.0,7921,1.8,1419608982,8.0,250109558,4.5,5974648,8.0,184,6.0
"US000","5","524127","18","0","2025","1","",5563,53676,53487,53608,1876085532,645267776,17662855,2693,"",1.00,1.00,1.00,1.00,1.00,1.00,1.00,1.00,"",-243,-4.2,-823,-1.5,-827,-1.5,-708,-1.3,145592290,8.4,13968995,2.2,2084428,13.4,245,10.0
"US000","5","524128","18","0","2025","1","",2134,19323,19441,19352,574886340,233297011,4786911,2283,"",1.00,1.00,1.00,1.00,1.00,1.00,1.00,1.00,"",16,0.8,11,0.1,26,0.1,-240,-1.2,36671788,6.8,4483743,2.0,360679,8.1,153,7.2
"US000","5","52413","17","0","2025","1","",1187,30743,30775,30725,2270841007,529023115,7508511,5681,"",1.00,1.00,1.00,1.00,1.00,1.00,1.00,1.00,"",3,0.3,-23,-0.1,-19,-0.1,-118,-0.4,179267312,8.6,97603339,22.6,1117355,17.5,457,8.7
"US000","5","524130","18","0","2025","1","",1187,30743,30775,30725,2270841007,529023115,7508511,5681,"",1.00,1.00,1.00,1.00,1.00,1.00,1.00,1.00,"",3,0.3,-23,-0.1,-19,-0.1,-118,-0.4,179267312,8.6,97603339,22.6,1117355,17.5,457,8.7
"US000","5","5242","16","0","2025","1","",190181,1388427,1391132,1387223,44123160806,16177372090,237930732,2444,"",1.00,1.00,1.00,1.00,1.00,1.00,1.00,1.00,"",1884,1.0,29254,2.2,28540,2.1,24580,1.8,2650151909,6.4,445163650,2.8,8544905,3.7,101,4.3
"US000","5","52421","17","0","2025","1","",160294,996427,998661,995369,32173855130,11471561892,160488475,2483,"",1.00,1.00,1.00,1.00,1.00,1.00,1.00,1.00,"",1055,0.7,16848,1.7,15401,1.6,12160,1.2,1877674520,6.2,258791476,2.3,4315003,2.8,110,4.6
"US000","5","524210","18","0","2025","1","",160294,996427,998661,995369,32173855130,11471561892,160488475,2483,"",1.00,1.00,1.00,1.00,1.00,1.00,1.00,1.00,"",1055,0.7,16848,1.7,15401,1.6,12160,1.2,1877674520,6.2,258791476,2.3,4315003,2.8,110,4.6
"US000","5","52429","17","0","2025","1","",29887,392000,392471,391854,11949305676,4705810198,77442257,2344,"",1.00,1.00,1.00,1.00,1.00,1.00,1.00,1.00,"",829,2.9,12406,3.3,13139,3.5,12420,3.3,772477389,6.9,186372174,4.1,4229902,5.8,78,3.4
"US000","5","524291","18","0","2025","1","",8561,62365,63115,63074,1723586846,749297583,12463600,2109,"",1.00,1.00,1.00,1.00,1.00,1.00,1.00,1.00,"",102,1.2,2809,4.7,3670,6.2,3823,6.5,140572052,8.9,42506567,6.0,1001029,8.7,60,2.9
"US000","5","524292","18","0","2025","1","",9812,227804,227536,227387,6452250717,2714353550,44063215,2181,"",1.00,1.00,1.00,1.00,1.00,1.00,1.00,1.00,"",203,2.1,7548,3.4,7335,3.3,6734,3.1,361424918,5.9,103068290,3.9,2270763,5.4,55,2.6
"US000","5","524298","18","0","2025","1","",11514,101831,101820,101393,3773468113,1242159065,20915442,2855,"",1.00,1.00,1.00,1.00,1.00,1.00,1.00,1.00,"",524,4.8,2049,2.1,2134,2.1,1863,1.9,270480419,7.7,40797317,3.4,958110,4.8,151,5.6
"US000","5","525","15","0","2025","1","",10223,32822,33074,32979,2374341113,510192343,11657591,5542,"",1.00,1.00,1.00,1.00,1.00,1.00,1.00,1.00,"",563,5.8,1778,5.7,2124,6.9,2094,6.8,362661026,18.0,27309852,5.7,1162769,11.1,544,10.9
"US000","5","5251","16","0","2025","1","",2136,13398,13291,13230,489387340,149525639,2679521,2829,"",1.00,1.00,1.00,1.00,1.00,1.00,1.00,1.00,"",146,7.3,1073,8.7,774,6.2,784,6.3,60610861,14.1,13276172,9.7,408932,18.0,175,6.6
"US000","5","52511","17","0","2025","1","",986,5594,5592,5589,211265747,55675098,1247581,2906,"",1.00,1.00,1.00,1.00,1.00,1.00,1.00,1.00,"",92,10.3,640,12.9,643,13.0,606,12.2,57971483,37.8,6888655,14.1,246607,24.6,530,22.3
"US000","5","525110","18","0","2025","1","",986,5594,5592,5589,211265747,55675098,1247581,2906,"",1.00,1.00,1.00,1.00,1.00,1.00,1.00,1.00,"",92,10.3,640,12.9,643,13.0,606,12.2,57971483,37.8,6888655,14.1,246607,24.6,530,22.3
"US000","5","52512","17","0","2025","1","",751,5520,5400,5293,183202219,58174975,1117461,2608,"",1.00,1.00,1.00,1.00,1.00,1.00,1.00,1.00,"",27,3.7,392,7.6,142,2.7,170,3.3,12369811,7.2,3954907,7.3,154064,16.0,66,2.6
"US000","5","525120","18","0","2025","1","",751,5520,5400,5293,183202219,58174975,1117461,2608,"",1.00,1.00,1.00,1.00,1.00,1.00,1.00,1.00,"",27,3.7,392,7.6,142,2.7,170,3.3,12369811,7.2,3954907,7.3,154064,16.0,66,2.6
"US000","5","52519","17","0","2025","1","",399,2284,2299,2348,94919374,35675566,314479,3160,"",1.00,1.00,1.00,1.00,1.00,1.00,1.00,1.00,"",27,7.3,41,1.8,-11,-0.5,8,0.3,-9730433,-9.3,2432610,7.3,8261,2.7,-344,-9.8
"US000","5","525190","18","0","2025","1","",399,2284,2299,2348,94919374,35675566,314479,3160,"",1.00,1.00,1.00,1.00,1.00,1.00,1.00,1.00,"",27,7.3,41,1.8,-11,-0.5,8,0.3,-9730433,-9.3,2432610,7.3,8261,2.7,-344,-9.8
"US000","5","5259","16","0","2025","1","",8087,19424,19783,19749,1884953773,360666704,8978070,7378,"",1.00,1.00,1.00,1.00,1.00,1.00,1.00,1.00,"",417,5.4,705,3.8,1350,7.3,1310,7.1,302050165,19.1,14033680,4.0,753837,9.2,807,12.3
"US000","5","52591","17","0","2025","1","",1472,4072,4084,4129,523788104,117552049,3561905,9839,"",1.00,1.00,1.00,1.00,1.00,1.00,1.00,1.00,"",140,10.5,417,11.4,330,8.8,487,13.4,124594791,31.2,25583062,27.8,1028641,40.6,1503,18.0
"US000","5","525910","18","0","2025","1","",1472,4072,4084,4129,523788104,117552049,3561905,9839,"",1.00,1.00,1.00,1.00,1.00,1.00,1.00,1.00,"",140,10.5,417,11.4,330,8.8,487,13.4,124594791,31.2,25583062,27.8,1028641,40.6,1503,18.0
"US000","5","52592","17","0","2025","1","",3202,3791,3951,3863,207738022,85849055,1844447,4131,"",1.00,1.00,1.00,1.00,1.00,1.00,1.00,1.00,"",192,6.4,-184,-4.6,563,16.6,442,12.9,-10279832,-4.7,-18476898,-17.7,-337188,-15.5,-534,-11.4
"US000","5","525920","18","0","2025","1","",3202,3791,3951,3863,207738022,85849055,1844447,4131,"",1.00,1.00,1.00,1.00,1.00,1.00,1.00,1.00,"",192,6.4,-184,-4.6,563,16.6,442,12.9,-10279832,-4.7,-18476898,-17.7,-337188,-15.5,-534,-11.4
"US000","5","52599","17","0","2025","1","",3413,11561,11748,11757,1153427647,157265600,3571718,7591,"",1.00,1.00,1.00,1.00,1.00,1.00,1.00,1.00,"",85,2.6,472,4.3,457,4.0,381,3.3,187735206,19.4,6927516,4.6,62384,1.8,989,15.0
"US000","5","525990","18","0","2025","1","",3413,11561,11748,11757,1153427647,157265600,3571718,7591,"",1.00,1.00,1.00,1.00,1.00,1.00,1.00,1.00,"",85,2.6,472,4.3,457,4.0,381,3.3,187735206,19.4,6927516,4.6,62384,1.8,989,15.0
"US000","5","53","14","0","2025","1","",489087,2364480,2371919,2374726,51253424374,23369178944,434058212,1663,"",1.00,1.00,1.00,1.00,1.00,1.00,1.00,1.00,"",-639,-0.1,5201,0.2,9475,0.4,5178,0.2,2382715008,4.9,461586489,2.0,19421244,4.7,73,4.6
"US000","5","531","15","0","2025","1","",427268,1789414,1794686,1794744,39370715886,17655091834,334819949,1689,"",1.00,1.00,1.00,1.00,1.00,1.00,1.00,1.00,"",-186,0.0,8342,0.5,12579,0.7,9172,0.5,1696337283,4.5,440843468,2.6,16299550,5.1,64,3.9
"US000","5","5311","16","0","2025","1","",122163,625239,627626,627718,13752941915,5930279084,113779703,1688,"",1.00,1.00,1.00,1.00,1.00,1.00,1.00,1.00,"",97,0.1,3623,0.6,5102,0.8,3191,0.5,565949732,4.3,157932954,2.7,5099830,4.7,59,3.6
"US000","5","53111","17","0","2025","1","",66065,369259,370113,369883,6482554238,3513248807,67037845,1349,"",1.00,1.00,1.00,1.00,1.00,1.00,1.00,1.00,"",287,0.4,4802,1.3,5144,1.4,4490,1.2,406676118,6.7,126087820,3.7,2858524,4.5,68,5.3
"US000","5","531110","18","0","2025","1","",66065,369259,370113,369883,6482554238,3513248807,67037845,1349,"",1.00,1.00,1.00,1.00,1.00,1.00,1.00,1.00,"",287,0.4,4802,1.3,5144,1.4,4490,1.2,406676118,6.7,126087820,3.7,2858524,4.5,68,5.3
"US000","5","53112","17","0","2025","1","",27013,154589,155753,155964,5520913350,1550140512,30254029,2732,"",1.00,1.00,1.00,1.00,1.00,1.00,1.00,1.00,"",-166,-0.6,-967,-0.6,-278,-0.2,-1073,-0.7,67800067,1.2,7381366,0.5,1250149,4.3,47,1.8
"US000","5","531120","18","0","2025","1","",27013,154589,155753,155964,5520913350,1550140512,30254029,2732,"",1.00,1.00,1.00,1.00,1.00,1.00,1.00,1.00,"",-166,-0.6,-967,-0.6,-278,-0.2,-1073,-0.7,67800067,1.2,7381366,0.5,1250149,4.3,47,1.8
"US000","5","53113","17","0","2025","1","",18582,60031,60281,60347,824130058,496339125,9302748,1053,"",1.00,1.00,1.00,1.00,1.00,1.00,1.00,1.00,"",-60,-0.3,421,0.7,512,0.9,305,0.5,15951022,2.0,17492196,3.7,603306,6.9,14,1.3
"US000","5","531130","18","0","2025","1","",18582,60031,60281,60347,824130058,496339125,9302748,1053,"",1.00,1.00,1.00,1.00,1.00,1.00,1.00,1.00,"",-60,-0.3,421,0.7,512,0.9,305,0.5,15951022,2.0,17492196,3.7,603306,6.9,14,1.3
"US000","5","53119","17","0","2025","1","",10503,41360,41479,41524,925344269,370550640,7185081,1717,"",1.00,1.00,1.00,1.00,1.00,1.00,1.00,1.00,"",36,0.3,-633,-1.5,-276,-0.7,-531,-1.3,75522525,8.9,6971572,1.9,387851,5.7,158,10.1
"US000","5","531190","18","0","2025","1","",10503,41360,41479,41524,925344269,370550640,7185081,1717,"",1.00,1.00,1.00,1.00,1.00,1.00,1.00,1.00,"",36,0.3,-633,-1.5,-276,-0.7,-531,-1.3,75522525,8.9,6971572,1.9,387851,5.7,158,10.1
"US000","5","5312","16","0","2025","1","",157518,331735,331494,330626,7864884189,3292058913,60905556,1826,"",1.00,1.00,1.00,1.00,1.00,1.00,1.00,1.00,"",-3699,-2.3,-10189,-3.0,-9769,-2.9,-9098,-2.7,-9192702,-0.1,-33662939,-1.0,2413700,4.1,50,2.8
"US000","5","53121","17","0","2025","1","",157518,331735,331494,330626,7864884189,3292058913,60905556,1826,"",1.00,1.00,1.00,1.00,1.00,1.00,1.00,1.00,"",-3699,-2.3,-10189,-3.0,-9769,-2.9,-9098,-2.7,-9192702,-0.1,-33662939,-1.0,2413700,4.1,50,2.8
"US000","5","531210","18","0","2025","1","",157518,331735,331494,330626,7864884189,3292058913,60905556,1826,"",1.00,1.00,1.00,1.00,1.00,1.00,1.00,1.00,"",-3699,-2.3,-10189,-3.0,-9769,-2.9,-9098,-2.7,-9192702,-0.1,-33662939,-1.0,2413700,4.1,50,2.8
"US000","5","5313","16","0","2025","1","",147587,832440,835566,836400,17752889782,8432753837,160134690,1636,"",1.00,1.00,1.00,1.00,1.00,1.00,1.00,1.00,"",3416,2.4,14908,1.8,17246,2.1,15079,1.8,1139580253,6.9,316573453,3.9,8786020,5.8,76,4.9
"US000","5","53131","17","0","2025","1","",102106,710868,713449,714023,13990313549,7142204196,132977794,1510,"",1.00,1.00,1.00,1.00,1.00,1.00,1.00,1.00,"",2484,2.5,10748,1.5,12182,1.7,9525,1.4,758851466,5.7,246182818,3.6,6300747,5.0,60,4.1
"US000","5","531311","18","0","2025","1","",78296,540499,542178,542439,9012861067,5197132082,98455088,1280,"",1.00,1.00,1.00,1.00,1.00,1.00,1.00,1.00,"",1835,2.4,9336,1.8,10314,1.9,8125,1.5,497883315,5.8,190019701,3.8,4162178,4.4,50,4.1
"US000","5","531312","18","0","2025","1","",23810,170369,171271,171584,4977452482,1945072114,34522706,2238,"",1.00,1.00,1.00,1.00,1.00,1.00,1.00,1.00,"",649,2.8,1412,0.8,1868,1.1,1400,0.8,260968151,5.5,56163117,3.0,2138569,6.6,98,4.6
"US000","5","53132","17","0","2025","1","",12531,27321,27277,27254,548511586,267369937,4712826,1546,"",1.00,1.00,1.00,1.00,1.00,1.00,1.00,1.00,"",-773,-5.8,-860,-3.1,-838,-3.0,-686,-2.5,19878501,3.8,-1736265,-0.6,285725,6.5,98,6.8
"US000","5","531320","18","0","2025","1","",12531,27321,27277,27254,548511586,267369937,4712826,1546,"",1.00,1.00,1.00,1.00,1.00,1.00,1.00,1.00,"",-773,-5.8,-860,-3.1,-838,-3.0,-686,-2.5,19878501,3.8,-1736265,-0.6,285725,6.5,98,6.8
"US000","5","53139","17","0","2025","1","",32950,94251,94840,95123,3214064647,1023179704,22444070,2610,"",1.00,1.00,1.00,1.00,1.00,1.00,1.00,1.00,"",1705,5.5,5020,5.6,5902,6.6,6240,7.0,360850286,12.6,72126900,7.6,2199548,10.9,144,5.8
"US000","5","531390","18","0","2025","1","",32950,94251,94840,95123,3214064647,1023179704,22444070,2610,"",1.00,1.00,1.00,1.00,1.00,1.00,1.00,1.00,"",1705,5.5,5020,5.6,5902,6.6,6240,7.0,360850286,12.6,72126900,7.6,2199548,10.9,144,5.8
"US000","5","532","15","0","2025","1","",58048,553192,555406,558179,10404663328,5438326349,93575812,1441,"",1.00,1.00,1.00,1.00,1.00,1.00,1.00,1.00,"",-494,-0.8,-2990,-0.5,-2824,-0.5,-3698,-0.7,180672659,1.8,18580675,0.3,2686345,3.0,33,2.3
"US000","5","5321","16","0","2025","1","",18280,209745,210010,210808,3395801027,1930317170,27610509,1243,"",1.00,1.00,1.00,1.00,1.00,1.00,1.00,1.00,"",-85,-0.5,-3137,-1.5,-2471,-1.2,-2186,-1.0,-2842392,-0.1,-12244762,-0.6,421886,1.6,14,1.1
"US000","5","53211","17","0","2025","1","",10618,116531,116657,117303,1789585235,1041942510,14303562,1178,"",1.00,1.00,1.00,1.00,1.00,1.00,1.00,1.00,"",-190,-1.8,-2992,-2.5,-2415,-2.0,-2555,-2.1,-19493142,-1.1,-12475211,-1.2,-25749,-0.2,13,1.1
"US000","5","532111","18","0","2025","1","",9763,104530,104699,105310,1406697582,891023217,12285883,1032,"",1.00,1.00,1.00,1.00,1.00,1.00,1.00,1.00,"",-197,-2.0,-3376,-3.1,-2744,-2.6,-2831,-2.6,-73031582,-4.9,-18598392,-2.0,-85586,-0.7,-24,-2.3
"US000","5","532112","18","0","2025","1","",855,12001,11958,11993,382887653,150919293,2017679,2458,"",1.00,1.00,1.00,1.00,1.00,1.00,1.00,1.00,"",7,0.8,384,3.3,329,2.8,276,2.4,53538440,16.3,6123181,4.2,59837,3.1,284,13.1
"US000","5","53212","17","0","2025","1","",7662,93214,93353,93505,1606215792,888374660,13306947,1323,"",1.00,1.00,1.00,1.00,1.00,1.00,1.00,1.00,"",105,1.4,-145,-0.2,-56,-0.1,369,0.4,16650750,1.0,230449,0.0,447635,3.5,12,0.9
"US000","5","532120","18","0","2025","1","",7662,93214,93353,93505,1606215792,888374660,13306947,1323,"",1.00,1.00,1.00,1.00,1.00,1.00,1.00,1.00,"",105,1.4,-145,-0.2,-56,-0.1,369,0.4,16650750,1.0,230449,0.0,447635,3.5,12,0.9
"US000","5","5322","16","0","2025","1","",17280,118092,118282,119640,1729785680,1041655476,19232342,1121,"",1.00,1.00,1.00,1.00,1.00,1.00,1.00,1.00,"",-572,-3.2,-3145,-2.6,-3223,-2.7,-4363,-3.5,-21381045,-1.2,-28466440,-2.7,-521973,-2.6,19,1.7
"US000","5","53221","17","0","2025","1","",1370,8307,8380,8259,142636787,71069165,1241170,1319,"",1.00,1.00,1.00,1.00,1.00,1.00,1.00,1.00,"",-105,-7.1,-812,-8.9,-821,-8.9,-1045,-11.2,-14149216,-9.0,-8260917,-10.4,-225453,-15.4,9,0.7
"US000","5","532210","18","0","2025","1","",1370,8307,8380,8259,142636787,71069165,1241170,1319,"",1.00,1.00,1.00,1.00,1.00,1.00,1.00,1.00,"",-105,-7.1,-812,-8.9,-821,-8.9,-1045,-11.2,-14149216,-9.0,-8260917,-10.4,-225453,-15.4,9,0.7
"US000","5","53228","17","0","2025","1","",15910,109785,109902,111381,1587148893,970586311,17991172,1106,"",1.00,1.00,1.00,1.00,1.00,1.00,1.00,1.00,"",-467,-2.9,-2333,-2.1,-2402,-2.1,-3318,-2.9,-7231829,-0.5,-20205523,-2.0,-296520,-1.6,21,1.9
"US000","5","532281","18","0","2025","1","",716,4703,4450,4574,55614252,32408837,786184,935,"",1.00,1.00,1.00,1.00,1.00,1.00,1.00,1.00,"",-12,-1.6,49,1.1,-257,-5.5,-356,-7.2,-5669072,-9.3,-1427122,-4.2,-110541,-12.3,-55,-5.6
"US000","5","532282","18","0","2025","1","",422,1849,1867,1889,72185605,15748507,344942,2972,"",1.00,1.00,1.00,1.00,1.00,1.00,1.00,1.00,"",-74,-14.9,-1054,-36.3,-1059,-36.2,-1038,-35.5,-47124576,-39.5,-25226200,-61.6,-200079,-36.7,-172,-5.5
"US000","5","532283","18","0","2025","1","",2708,32448,32394,32293,502757703,324042447,4593035,1194,"",1.00,1.00,1.00,1.00,1.00,1.00,1.00,1.00,"",-1,0.0,-874,-2.6,-569,-1.7,-619,-1.9,12846379,2.6,1073349,0.3,85055,1.9,54,4.7
"US000","5","532284","18","0","2025","1","",3257,14254,14378,15460,180988585,110108318,2428331,947,"",1.00,1.00,1.00,1.00,1.00,1.00,1.00,1.00,"",-45,-1.4,-561,-3.8,-398,-2.7,-582,-3.6,-623899,-0.3,-4248497,-3.7,-17580,-0.7,29,3.2
"US000","5","532289","18","0","2025","1","",8807,56531,56813,57165,775602748,488278202,9838680,1050,"",1.00,1.00,1.00,1.00,1.00,1.00,1.00,1.00,"",-335,-3.7,107,0.2,-119,-0.2,-723,-1.2,33339339,4.5,9622947,2.0,-53375,-0.5,50,5.0
"US000","5","5323","16","0","2025","1","",3351,27740,28046,28234,492340107,267317865,4580460,1352,"",1.00,1.00,1.00,1.00,1.00,1.00,1.00,1.00,"",-179,-5.1,-988,-3.4,-803,-2.8,-1115,-3.8,1662618,0.3,-5873408,-2.1,-120202,-2.6,49,3.8
"US000","5","53231","17","0","2025","1","",3351,27740,28046,28234,492340107,267317865,4580460,1352,"",1.00,1.00,1.00,1.00,1.00,1.00,1.00,1.00,"",-179,-5.1,-988,-3.4,-803,-2.8,-1115,-3.8,1662618,0.3,-5873408,-2.1,-120202,-2.6,49,3.8
"US000","5","532310","18","0","2025","1","",3351,27740,28046,28234,492340107,267317865,4580460,1352,"",1.00,1.00,1.00,1.00,1.00,1.00,1.00,1.00,"",-179,-5.1,-988,-3.4,-803,-2.8,-1115,-3.8,1662618,0.3,-5873408,-2.1,-120202,-2.6,49,3.8
"US000","5","5324","16","0","2025","1","",19137,197615,199068,199497,4786736514,2199035838,42152501,1853,"",1.00,1.00,1.00,1.00,1.00,1.00,1.00,1.00,"",342,1.8,4280,2.2,3673,1.9,3966,2.0,203233478,4.4,65165285,3.1,2906634,7.4,43,2.4
"US000","5","53241","17","0","2025","1","",8492,104078,104167,104176,2698252321,1187373921,19682920,1993,"",1.00,1.00,1.00,1.00,1.00,1.00,1.00,1.00,"",188,2.3,1386,1.3,1207,1.2,1107,1.1,58358266,2.2,21588959,1.9,806840,4.3,20,1.0
"US000","5","532411","18","0","2025","1","",834,4908,4888,4921,236640426,56474734,998546,3711,"",1.00,1.00,1.00,1.00,1.00,1.00,1.00,1.00,"",-1,-0.1,-68,-1.4,-119,-2.4,-156,-3.1,10466948,4.6,1005522,1.8,-18239,-1.8,245,7.1
"US000","5","532412","18","0","2025","1","",7658,99170,99279,99255,2461611895,1130899187,18684374,1908,"",1.00,1.00,1.00,1.00,1.00,1.00,1.00,1.00,"",189,2.5,1454,1.5,1326,1.4,1263,1.3,47891318,2.0,20583437,1.9,825079,4.6,11,0.6
"US000","5","53242","17","0","2025","1","",1140,10333,10306,10277,289268873,112637881,2072482,2159,"",1.00,1.00,1.00,1.00,1.00,1.00,1.00,1.00,"",-35,-3.0,-613,-5.6,-642,-5.9,-563,-5.2,3968738,1.4,-6603606,-5.5,-134368,-6.1,148,7.4
"US000","5","532420","18","0","2025","1","",1140,10333,10306,10277,289268873,112637881,2072482,2159,"",1.00,1.00,1.00,1.00,1.00,1.00,1.00,1.00,"",-35,-3.0,-613,-5.6,-642,-5.9,-563,-5.2,3968738,1.4,-6603606,-5.5,-134368,-6.1,148,7.4
"US000","5","53249","17","0","2025","1","",9505,83204,84595,85044,1799215320,899024036,20397099,1642,"",1.00,1.00,1.00,1.00,1.00,1.00,1.00,1.00,"",189,2.0,3507,4.4,3108,3.8,3422,4.2,140906474,8.5,50179932,5.9,2234162,12.3,66,4.2
"US000","5","532490","18","0","2025","1","",9505,83204,84595,85044,1799215320,899024036,20397099,1642,"",1.00,1.00,1.00,1.00,1.00,1.00,1.00,1.00,"",189,2.0,3507,4.4,3108,3.8,3422,4.2,140906474,8.5,50179932,5.9,2234162,12.3,66,4.2
"US000","5","533","15","0","2025","1","",3771,21874,21827,21803,1478045160,275760761,5662451,5207,"",1.00,1.00,1.00,1.00,1.00,1.00,1.00,1.00,"",41,1.1,-151,-0.7,-280,-1.3,-296,-1.3,505705066,52.0,2162346,0.8,435349,8.3,1819,53.7
"US000","5","5331","16","0","2025","1","",3771,21874,21827,21803,1478045160,275760761,5662451,5207,"",1.00,1.00,1.00,1.00,1.00,1.00,1.00,1.00,"",41,1.1,-151,-0.7,-280,-1.3,-296,-1.3,505705066,52.0,2162346,0.8,435349,8.3,1819,53.7
"US000","5","53311","17","0","2025","1","",3771,21874,21827,21803,1478045160,275760761,5662451,5207,"",1.00,1.00,1.00,1.00,1.00,1.00,1.00,1.00,"",41,1.1,-151,-0.7,-280,-1.3,-296,-1.3,505705066,52.0,2162346,0.8,435349,8.3,1819,53.7
"US000","5","533110","18","0","2025","1","",3771,21874,21827,21803,1478045160,275760761,5662451,5207,"",1.00,1.00,1.00,1.00,1.00,1.00,1.00,1.00,"",41,1.1,-151,-0.7,-280,-1.3,-296,-1.3,505705066,52.0,2162346,0.8,435349,8.3,1819,53.7
"US000","5","54","14","0","2025","1","",1730293,10723314,10781337,10743005,374836071970,127912864973,2440659624,2682,"",1.00,1.00,1.00,1.00,1.00,1.00,1.00,1.00,"",27447,1.6,6257,0.1,-2718,0.0,-15383,-0.1,21789434448,6.2,2710138730,2.2,225286574,10.2,156,6.2
"US000","5","541","15","0","2025","1","",1730293,10723314,10781337,10743005,374836071970,127912864973,2440659624,2682,"",1.00,1.00,1.00,1.00,1.00,1.00,1.00,1.00,"",27447,1.6,6257,0.1,-2718,0.0,-15383,-0.1,21789434448,6.2,2710138730,2.2,225286574,10.2,156,6.2
"US000","5","5411","16","0","2025","1","",209191,1198946,1204056,1204247,37167247728,13277625898,209241221,2378,"",1.00,1.00,1.00,1.00,1.00,1.00,1.00,1.00,"",1150,0.6,20276,1.7,21943,1.9,21775,1.8,2169832002,6.2,483321990,3.8,11080882,5.6,99,4.3
"US000","5","54111","17","0","2025","1","",187831,1099796,1104297,1104885,34942319851,12247619393,185887562,2437,"",1.00,1.00,1.00,1.00,1.00,1.00,1.00,1.00,"",496,0.3,17548,1.6,19068,1.8,19176,1.8,1970613856,6.0,424328204,3.6,8614097,4.9,98,4.2
"US000","5","541110","18","0","2025","1","",187831,1099796,1104297,1104885,34942319851,12247619393,185887562,2437,"",1.00,1.00,1.00,1.00,1.00,1.00,1.00,1.00,"",496,0.3,17548,1.6,19068,1.8,19176,1.8,1970613856,6.0,424328204,3.6,8614097,4.9,98,4.2
"US000","5","54119","17","0","2025","1","",21360,99150,99759,99362,2224927877,1030006505,23353659,1721,"",1.00,1.00,1.00,1.00,1.00,1.00,1.00,1.00,"",654,3.2,2728,2.8,2875,3.0,2599,2.7,199218146,9.8,58993786,6.1,2466785,11.8,109,6.8
"US000","5","541191","18","0","2025","1","",9991,56454,56392,56160,1092096918,589278148,14347972,1491,"",1.00,1.00,1.00,1.00,1.00,1.00,1.00,1.00,"",-172,-1.7,363,0.6,370,0.7,310,0.6,67331926,6.6,14944660,2.6,1228147,9.4,83,5.9
"US000","5","541199","18","0","2025","1","",11369,42696,43367,43202,1132830959,440728357,9005687,2022,"",1.00,1.00,1.00,1.00,1.00,1.00,1.00,1.00,"",826,7.8,2365,5.9,2505,6.1,2289,5.6,131886220,13.2,44049126,11.1,1238638,15.9,130,6.9
"US000","5","5412","16","0","2025","1","",186293,1152928,1197834,1196472,28044246950,12624130846,235604950,1824,"",1.00,1.00,1.00,1.00,1.00,1.00,1.00,1.00,"",2696,1.5,-31006,-2.6,-27355,-2.2,-28943,-2.4,679290686,2.5,97937998,0.8,14984579,6.8,87,5.0
"US000","5","54121","17","0","2025","1","",186293,1152928,1197834,1196472,28044246950,12624130846,235604950,1824,"",1.00,1.00,1.00,1.00,1.00,1.00,1.00,1.00,"",2696,1.5,-31006,-2.6,-27355,-2.2,-28943,-2.4,679290686,2.5,97937998,0.8,14984579,6.8,87,5.0
"US000","5","541211","18","0","2025","1","",62838,533890,545412,545913,14748730005,6520562471,101718602,2094,"",1.00,1.00,1.00,1.00,1.00,1.00,1.00,1.00,"",10,0.0,-10423,-1.9,-12632,-2.3,-11642,-2.1,228349718,1.6,-44369021,-0.7,8865608,9.5,75,3.7
"US000","5","541213","18","0","2025","1","",38090,133392,147055,145421,1611650500,1013149271,38456247,873,"",1.00,1.00,1.00,1.00,1.00,1.00,1.00,1.00,"",489,1.3,-101,-0.1,73,0.0,157,0.1,65357600,4.2,33799624,3.5,1828932,5.0,35,4.2
"US000","5","541214","18","0","2025","1","",12821,199718,213221,213065,5506988996,2196100491,48027054,2030,"",1.00,1.00,1.00,1.00,1.00,1.00,1.00,1.00,"",-88,-0.7,-19523,-8.9,-13220,-5.8,-15756,-6.9,-10976396,-0.2,-37852631,-1.7,1266840,2.7,142,7.5
"US000","5","541219","18","0","2025","1","",72544,285928,292146,292073,6176877449,2894318613,47403047,1638,"",1.00,1.00,1.00,1.00,1.00,1.00,1.00,1.00,"",2285,3.3,-959,-0.3,-1576,-0.5,-1702,-0.6,396559764,6.9,146360026,5.3,3023199,6.8,112,7.3
"US000","5","5413","16","0","2025","1","",172651,1687429,1690164,1691696,49382469990,20838927921,358057125,2248,"",1.00,1.00,1.00,1.00,1.00,1.00,1.00,1.00,"",2739,1.6,30074,1.8,27923,1.7,28143,1.7,2662510345,5.7,724689862,3.6,17421052,5.1,84,3.9
"US000","5","54131","17","0","2025","1","",29743,200980,200560,199927,5028549086,2393768302,40383243,1929,"",1.00,1.00,1.00,1.00,1.00,1.00,1.00,1.00,"",132,0.4,-2128,-1.0,-2084,-1.0,-1857,-0.9,99044843,2.0,-9817658,-0.4,3041166,8.1,57,3.0
"US000","5","541310","18","0","2025","1","",29743,200980,200560,199927,5028549086,2393768302,40383243,1929,"",1.00,1.00,1.00,1.00,1.00,1.00,1.00,1.00,"",132,0.4,-2128,-1.0,-2084,-1.0,-1857,-0.9,99044843,2.0,-9817658,-0.4,3041166,8.1,57,3.0
"US000","5","54132","17","0","2025","1","",7448,31256,31546,32161,589355722,314847306,5971862,1432,"",1.00,1.00,1.00,1.00,1.00,1.00,1.00,1.00,"",-62,-0.8,-435,-1.4,-211,-0.7,-329,-1.0,8444598,1.5,1607091,0.5,282765,5.0,35,2.5
"US000","5","541320","18","0","2025","1","",7448,31256,31546,32161,589355722,314847306,5971862,1432,"",1.00,1.00,1.00,1.00,1.00,1.00,1.00,1.00,"",-62,-0.8,-435,-1.4,-211,-0.7,-329,-1.0,8444598,1.5,1607091,0.5,282765,5.0,35,2.5
"US000","5","54133","17","0","2025","1","",100993,1176238,1178405,1179030,37172806823,15005825934,248860087,2428,"",1.00,1.00,1.00,1.00,1.00,1.00,1.00,1.00,"",2792,2.8,32023,2.8,30430,2.7,30487,2.7,2309257514,6.6,657253425,4.6,11263080,4.7,90,3.8
"US000","5","541330","18","0","2025","1","",100993,1176238,1178405,1179030,37172806823,15005825934,248860087,2428,"",1.00,1.00,1.00,1.00,1.00,1.00,1.00,1.00,"",2792,2.8,32023,2.8,30430,2.7,30487,2.7,2309257514,6.6,657253425,4.6,11263080,4.7,90,3.8
"US000","5","54134","17","0","2025","1","",3588,9274,9313,9326,167656836,98194435,1610950,1386,"",1.00,1.00,1.00,1.00,1.00,1.00,1.00,1.00,"",41,1.2,-173,-1.8,-198,-2.1,-158,-1.7,-3510128,-2.1,-1244488,-1.3,55780,3.6,-3,-0.2
"US000","5","541340","18","0","2025","1","",3588,9274,9313,9326,167656836,98194435,1610950,1386,"",1.00,1.00,1.00,1.00,1.00,1.00,1.00,1.00,"",41,1.2,-173,-1.8,-198,-2.1,-158,-1.7,-3510128,-2.1,-1244488,-1.3,55780,3.6,-3,-0.2
"US000","5","54135","17","0","2025","1","",8399,25719,26209,26261,453619737,244598368,5211200,1339,"",1.00,1.00,1.00,1.00,1.00,1.00,1.00,1.00,"",-193,-2.2,-80,-0.3,169,0.6,102,0.4,17197182,3.9,4070781,1.7,257068,5.2,48,3.7
"US000","5","541350","18","0","2025","1","",8399,25719,26209,26261,453619737,244598368,5211200,1339,"",1.00,1.00,1.00,1.00,1.00,1.00,1.00,1.00,"",-193,-2.2,-80,-0.3,169,0.6,102,0.4,17197182,3.9,4070781,1.7,257068,5.2,48,3.7
"US000","5","54136","17","0","2025","1","",2483,14205,14021,14123,428884829,179926981,3702852,2337,"",1.00,1.00,1.00,1.00,1.00,1.00,1.00,1.00,"",7,0.3,212,1.5,-161,-1.1,22,0.2,63615365,17.4,4873100,2.8,225175,6.5,343,17.2
"US000","5","541360","18","0","2025","1","",2483,14205,14021,14123,428884829,179926981,3702852,2337,"",1.00,1.00,1.00,1.00,1.00,1.00,1.00,1.00,"",7,0.3,212,1.5,-161,-1.1,22,0.2,63615365,17.4,4873100,2.8,225175,6.5,343,17.2
"US000","5","54137","17","0","2025","1","",8558,55395,55183,55363,1024495861,565775102,9050097,1425,"",1.00,1.00,1.00,1.00,1.00,1.00,1.00,1.00,"",52,0.6,757,1.4,408,0.7,-34,-0.1,49062273,5.0,14994825,2.7,200488,2.3,59,4.3
"US000","5","541370","18","0","2025","1","",8558,55395,55183,55363,1024495861,565775102,9050097,1425,"",1.00,1.00,1.00,1.00,1.00,1.00,1.00,1.00,"",52,0.6,757,1.4,408,0.7,-34,-0.1,49062273,5.0,14994825,2.7,200488,2.3,59,4.3
"US000","5","54138","17","0","2025","1","",11439,174362,174927,175505,4517101096,2035991493,43266834,1986,"",1.00,1.00,1.00,1.00,1.00,1.00,1.00,1.00,"",-30,-0.3,-102,-0.1,-430,-0.2,-90,-0.1,119398698,2.7,52952786,2.7,2095530,5.1,54,2.8
"US000","5","541380","18","0","2025","1","",11439,174362,174927,175505,4517101096,2035991493,43266834,1986,"",1.00,1.00,1.00,1.00,1.00,1.00,1.00,1.00,"",-30,-0.3,-102,-0.1,-430,-0.2,-90,-0.1,119398698,2.7,52952786,2.7,2095530,5.1,54,2.8
"US000","5","5414","16","0","2025","1","",47987,146718,147236,146133,3392672997,1478468769,31677737,1779,"",1.00,1.00,1.00,1.00,1.00,1.00,1.00,1.00,"",-73,-0.2,-2418,-1.6,-2278,-1.5,-2920,-2.0,-17000864,-0.5,-11581525,-0.8,1277897,4.2,21,1.2
"US000","5","54141","17","0","2025","1","",19137,55319,55763,55344,961690082,522240922,10494419,1333,"",1.00,1.00,1.00,1.00,1.00,1.00,1.00,1.00,"",287,1.5,-150,-0.3,290,0.5,-59,-0.1,6431757,0.7,3490146,0.7,674319,6.9,8,0.6
"US000","5","541410","18","0","2025","1","",19137,55319,55763,55344,961690082,522240922,10494419,1333,"",1.00,1.00,1.00,1.00,1.00,1.00,1.00,1.00,"",287,1.5,-150,-0.3,290,0.5,-59,-0.1,6431757,0.7,3490146,0.7,674319,6.9,8,0.6
"US000","5","54142","17","0","2025","1","",2765,19385,19428,19415,722150470,220746339,5472056,2862,"",1.00,1.00,1.00,1.00,1.00,1.00,1.00,1.00,"",-88,-3.1,819,4.4,864,4.7,963,5.2,59708200,9.0,12009494,5.8,527985,10.7,112,4.1
"US000","5","541420","18","0","2025","1","",2765,19385,19428,19415,722150470,220746339,5472056,2862,"",1.00,1.00,1.00,1.00,1.00,1.00,1.00,1.00,"",-88,-3.1,819,4.4,864,4.7,963,5.2,59708200,9.0,12009494,5.8,527985,10.7,112,4.1
"US000","5","54143","17","0","2025","1","",19586,52332,52275,51602,1210067897,536786526,10937075,1788,"",1.00,1.00,1.00,1.00,1.00,1.00,1.00,1.00,"",-349,-1.8,-2882,-5.2,-3213,-5.8,-3646,-6.6,-53505253,-4.2,-29556447,-5.2,586,0.0,31,1.8
"US000","5","541430","18","0","2025","1","",19586,52332,52275,51602,1210067897,536786526,10937075,1788,"",1.00,1.00,1.00,1.00,1.00,1.00,1.00,1.00,"",-349,-1.8,-2882,-5.2,-3213,-5.8,-3646,-6.6,-53505253,-4.2,-29556447,-5.2,586,0.0,31,1.8
"US000","5","54149","17","0","2025","1","",6499,19682,19770,19772,498764548,198694982,4774187,1943,"",1.00,1.00,1.00,1.00,1.00,1.00,1.00,1.00,"",77,1.2,-205,-1.0,-219,-1.1,-178,-0.9,-29635568,-5.6,2475282,1.3,75007,1.6,-95,-4.7
"US000","5","541490","18","0","2025","1","",6499,19682,19770,19772,498764548,198694982,4774187,1943,"",1.00,1.00,1.00,1.00,1.00,1.00,1.00,1.00,"",77,1.2,-205,-1.0,-219,-1.1,-178,-0.9,-29635568,-5.6,2475282,1.3,75007,1.6,-95,-4.7
"US000","5","5415","16","0","2025","1","",414507,2419840,2415665,2385381,114033016438,32205009706,667190969,3644,"",1.00,1.00,1.00,1.00,1.00,1.00,1.00,1.00,"",2059,0.5,-23769,-1.0,-26952,-1.1,-30854,-1.3,11852923573,11.6,388274397,1.2,88040838,15.2,415,12.9
"US000","5","54151","17","0","2025","1","",414507,2419840,2415665,2385381,114033016438,32205009706,667190969,3644,"",1.00,1.00,1.00,1.00,1.00,1.00,1.00,1.00,"",2059,0.5,-23769,-1.0,-26952,-1.1,-30854,-1.3,11852923573,11.6,388274397,1.2,88040838,15.2,415,12.9
"US000","5","541511","18","0","2025","1","",197355,1067505,1065558,1052411,59856247341,14414804425,317459439,4336,"",1.00,1.00,1.00,1.00,1.00,1.00,1.00,1.00,"",486,0.2,-20515,-1.9,-20548,-1.9,-22088,-2.1,9089990940,17.9,50191079,0.3,39316317,14.1,730,20.2
"US000","5","541512","18","0","2025","1","",175848,1135599,1133345,1117560,45316445799,15060147032,295658372,3088,"",1.00,1.00,1.00,1.00,1.00,1.00,1.00,1.00,"",-41,0.0,-6290,-0.6,-9018,-0.8,-10956,-1.0,2233372503,5.2,248835129,1.7,42953978,17.0,175,6.0
"US000","5","541513","18","0","2025","1","",6751,76582,76686,76365,3311266665,884721651,16392282,3328,"",1.00,1.00,1.00,1.00,1.00,1.00,1.00,1.00,"",124,1.9,-3979,-4.9,-4005,-5.0,-3834,-4.8,-51265116,-1.5,-30202218,-3.3,-501919,-3.0,114,3.5
"US000","5","541519","18","0","2025","1","",34553,140154,140076,139045,5549056633,1845336598,37680876,3054,"",1.00,1.00,1.00,1.00,1.00,1.00,1.00,1.00,"",1490,4.5,7015,5.3,6619,5.0,6024,4.5,580825246,11.7,119450407,6.9,6272462,20.0,185,6.4
"US000","5","5416","16","0","2025","1","",419011,1842937,1848458,1837056,60629728412,21855562147,437499089,2531,"",1.00,1.00,1.00,1.00,1.00,1.00,1.00,1.00,"",12058,3.0,7799,0.4,4382,0.2,-1,0.0,2267761595,3.9,454061237,2.1,42864679,10.9,89,3.6
"US000","5","54161","17","0","2025","1","",346250,1529051,1533577,1523132,51090255454,18028717508,363673511,2571,"",1.00,1.00,1.00,1.00,1.00,1.00,1.00,1.00,"",10989,3.3,4796,0.3,2491,0.2,-2024,-0.1,1824851624,3.7,318240324,1.8,37093318,11.4,89,3.6
"US000","5","541611","18","0","2025","1","",177815,834794,837193,831342,30930021479,10211742060,198679760,2851,"",1.00,1.00,1.00,1.00,1.00,1.00,1.00,1.00,"",6513,3.8,8840,1.1,7581,0.9,6005,0.7,1349851551,4.6,247027755,2.5,20572314,11.6,100,3.6
"US000","5","541612","18","0","2025","1","",16574,91421,91287,90767,3047952201,1071432766,23085038,2572,"",1.00,1.00,1.00,1.00,1.00,1.00,1.00,1.00,"",93,0.6,-2200,-2.3,-2219,-2.4,-2874,-3.1,100907398,3.4,2230338,0.2,2466905,12.0,150,6.2
"US000","5","541613","18","0","2025","1","",94410,313501,315340,314941,9272999327,3630632030,80423233,2267,"",1.00,1.00,1.00,1.00,1.00,1.00,1.00,1.00,"",2546,2.8,-4845,-1.5,-5049,-1.6,-4431,-1.4,236459791,2.6,19673512,0.5,7965960,11.0,90,4.1
"US000","5","541614","18","0","2025","1","",19815,162320,162490,160347,3874708605,1731063883,33265816,1843,"",1.00,1.00,1.00,1.00,1.00,1.00,1.00,1.00,"",-46,-0.2,66,0.0,270,0.2,-1483,-0.9,43471893,1.1,22982169,1.3,3138887,10.4,25,1.4
"US000","5","541618","18","0","2025","1","",37636,127015,127267,125735,3964573842,1383846769,28219664,2408,"",1.00,1.00,1.00,1.00,1.00,1.00,1.00,1.00,"",1883,5.3,2935,2.4,1908,1.5,759,0.6,94160991,2.4,26326550,1.9,2949252,11.7,22,0.9
"US000","5","54162","17","0","2025","1","",15603,101445,101824,101834,2538169542,1237446800,21509676,1920,"",1.00,1.00,1.00,1.00,1.00,1.00,1.00,1.00,"",358,2.3,2461,2.5,2185,2.2,2339,2.4,140555994,5.9,62831094,5.3,2022842,10.4,64,3.4
"US000","5","541620","18","0","2025","1","",15603,101445,101824,101834,2538169542,1237446800,21509676,1920,"",1.00,1.00,1.00,1.00,1.00,1.00,1.00,1.00,"",358,2.3,2461,2.5,2185,2.2,2339,2.4,140555994,5.9,62831094,5.3,2022842,10.4,64,3.4
"US000","5","54169","17","0","2025","1","",57158,212441,213057,212090,7001303416,2589397839,52315902,2534,"",1.00,1.00,1.00,1.00,1.00,1.00,1.00,1.00,"",711,1.3,542,0.3,-294,-0.1,-316,-0.1,302353977,4.5,72989819,2.9,3748519,7.7,110,4.5
"US000","5","541690","18","0","2025","1","",57158,212441,213057,212090,7001303416,2589397839,52315902,2534,"",1.00,1.00,1.00,1.00,1.00,1.00,1.00,1.00,"",711,1.3,542,0.3,-294,-0.1,-316,-0.1,302353977,4.5,72989819,2.9,3748519,7.7,110,4.5
"US000","5","5417","16","0","2025","1","",59093,923843,924752,925595,50570997091,11741455119,233831309,4207,"",1.00,1.00,1.00,1.00,1.00,1.00,1.00,1.00,"",1828,3.2,365,0.0,-577,-0.1,-392,0.0,1045039911,2.1,301703581,2.6,34043497,17.0,88,2.1
"US000","5","54171","17","0","2025","1","",52930,858107,858853,859312,48864340690,11233799698,224367887,4377,"",1.00,1.00,1.00,1.00,1.00,1.00,1.00,1.00,"",1826,3.6,2427,0.3,2398,0.3,2826,0.3,1041476044,2.2,320536041,2.9,33796934,17.7,81,1.9
"US000","5","541713","18","0","2025","1","",2530,21723,21655,21664,986341742,313053897,5011163,3500,"",1.00,1.00,1.00,1.00,1.00,1.00,1.00,1.00,"",-71,-2.7,-1812,-7.7,-2145,-9.0,-2210,-9.3,-60403448,-5.8,-33682433,-9.7,-81432,-1.6,108,3.2
"US000","5","541714","18","0","2025","1","",22632,287744,287532,287864,21875474245,4229411632,100136209,5849,"",1.00,1.00,1.00,1.00,1.00,1.00,1.00,1.00,"",789,3.6,-1903,-0.7,-2034,-0.7,-572,-0.2,-204009086,-0.9,79770395,1.9,19773252,24.6,-23,-0.4
"US000","5","541715","18","0","2025","1","",27768,548640,549666,549784,26002524703,6691334169,119220515,3641,"",1.00,1.00,1.00,1.00,1.00,1.00,1.00,1.00,"",1108,4.2,6142,1.1,6577,1.2,5608,1.0,1305888578,5.3,274448079,4.3,14105114,13.4,144,4.1
"US000","5","54172","17","0","2025","1","",6163,65736,65899,66283,1706656401,507655421,9463422,1990,"",1.00,1.00,1.00,1.00,1.00,1.00,1.00,1.00,"",2,0.0,-2062,-3.0,-2975,-4.3,-3218,-4.6,3563867,0.2,-18832460,-3.6,246563,2.7,84,4.4
"US000","5","541720","18","0","2025","1","",6163,65736,65899,66283,1706656401,507655421,9463422,1990,"",1.00,1.00,1.00,1.00,1.00,1.00,1.00,1.00,"",2,0.0,-2062,-3.0,-2975,-4.3,-3218,-4.6,3563867,0.2,-18832460,-3.6,246563,2.7,84,4.4
"US000","5","5418","16","0","2025","1","",79036,477595,479421,479389,13828766814,5352108773,123272564,2222,"",1.00,1.00,1.00,1.00,1.00,1.00,1.00,1.00,"",-362,-0.5,-9574,-2.0,-12785,-2.6,-11801,-2.4,90682811,0.7,-28419980,-0.5,10759624,9.6,66,3.1
"US000","5","54181","17","0","2025","1","",38903,209315,209581,209070,7194888374,2654947994,68698025,2644,"",1.00,1.00,1.00,1.00,1.00,1.00,1.00,1.00,"",245,0.6,-8463,-3.9,-8225,-3.8,-7844,-3.6,-111398662,-1.5,-29081779,-1.1,7755034,12.7,60,2.3
"US000","5","541810","18","0","2025","1","",38903,209315,209581,209070,7194888374,2654947994,68698025,2644,"",1.00,1.00,1.00,1.00,1.00,1.00,1.00,1.00,"",245,0.6,-8463,-3.9,-8225,-3.8,-7844,-3.6,-111398662,-1.5,-29081779,-1.1,7755034,12.7,60,2.3
"US000","5","54182","17","0","2025","1","",15141,62422,62908,63265,2364307013,727716857,17053249,2893,"",1.00,1.00,1.00,1.00,1.00,1.00,1.00,1.00,"",-13,-0.1,-2626,-4.0,-3778,-5.7,-2837,-4.3,30279884,1.3,-15591476,-2.1,1544014,10.0,170,6.2
"US000","5","541820","18","0","2025","1","",15141,62422,62908,63265,2364307013,727716857,17053249,2893,"",1.00,1.00,1.00,1.00,1.00,1.00,1.00,1.00,"",-13,-0.1,-2626,-4.0,-3778,-5.7,-2837,-4.3,30279884,1.3,-15591476,-2.1,1544014,10.0,170,6.2
"US000","5","54183","17","0","2025","1","",1581,18093,18048,17872,633393490,226292520,6022945,2706,"",1.00,1.00,1.00,1.00,1.00,1.00,1.00,1.00,"",8,0.5,630,3.6,486,2.8,281,1.6,47451483,8.1,13099268,6.1,1170379,24.1,136,5.3
"US000","5","541830","18","0","2025","1","",1581,18093,18048,17872,633393490,226292520,6022945,2706,"",1.00,1.00,1.00,1.00,1.00,1.00,1.00,1.00,"",8,0.5,630,3.6,486,2.8,281,1.6,47451483,8.1,13099268,6.1,1170379,24.1,136,5.3
"US000","5","54184","17","0","2025","1","",3614,16840,16787,16746,596668281,214728342,4534223,2733,"",1.00,1.00,1.00,1.00,1.00,1.00,1.00,1.00,"",-264,-6.8,-1125,-6.3,-1281,-7.1,-1219,-6.8,-8676877,-1.4,-10497581,-4.7,-67287,-1.5,146,5.6
"US000","5","541840","18","0","2025","1","",3614,16840,16787,16746,596668281,214728342,4534223,2733,"",1.00,1.00,1.00,1.00,1.00,1.00,1.00,1.00,"",-264,-6.8,-1125,-6.3,-1281,-7.1,-1219,-6.8,-8676877,-1.4,-10497581,-4.7,-67287,-1.5,146,5.6
"US000","5","54185","17","0","2025","1","",2971,29715,30061,30259,768562497,304684949,5043016,1970,"",1.00,1.00,1.00,1.00,1.00,1.00,1.00,1.00,"",-34,-1.1,13,0.0,-134,-0.4,-9,0.0,45297677,6.3,7988720,2.7,-140845,-2.7,119,6.4
"US000","5","541850","18","0","2025","1","",2971,29715,30061,30259,768562497,304684949,5043016,1970,"",1.00,1.00,1.00,1.00,1.00,1.00,1.00,1.00,"",-34,-1.1,13,0.0,-134,-0.4,-9,0.0,45297677,6.3,7988720,2.7,-140845,-2.7,119,6.4
"US000","5","54186","17","0","2025","1","",2550,31545,31490,31389,612782597,333774942,6803985,1498,"",1.00,1.00,1.00,1.00,1.00,1.00,1.00,1.00,"",-14,-0.5,-1210,-3.7,-1401,-4.3,-1385,-4.2,-5273223,-0.9,-8996900,-2.6,392312,6.1,49,3.4
"US000","5","541860","18","0","2025","1","",2550,31545,31490,31389,612782597,333774942,6803985,1498,"",1.00,1.00,1.00,1.00,1.00,1.00,1.00,1.00,"",-14,-0.5,-1210,-3.7,-1401,-4.3,-1385,-4.2,-5273223,-0.9,-8996900,-2.6,392312,6.1,49,3.4
"US000","5","54187","17","0","2025","1","",3919,16755,16928,17051,343462546,151249890,3379282,1562,"",1.00,1.00,1.00,1.00,1.00,1.00,1.00,1.00,"",-378,-8.8,-132,-0.8,-121,-0.7,11,0.1,21573650,6.7,1492522,1.0,123337,3.8,105,7.2
"US000","5","541870","18","0","2025","1","",3919,16755,16928,17051,343462546,151249890,3379282,1562,"",1.00,1.00,1.00,1.00,1.00,1.00,1.00,1.00,"",-378,-8.8,-132,-0.8,-121,-0.7,11,0.1,21573650,6.7,1492522,1.0,123337,3.8,105,7.2
"US000","5","54189","17","0","2025","1","",10357,92910,93618,93737,1314702016,738713279,11737839,1083,"",1.00,1.00,1.00,1.00,1.00,1.00,1.00,1.00,"",88,0.9,3339,3.7,1669,1.8,1201,1.3,71428879,5.7,13167246,1.8,-17320,-0.1,36,3.4
"US000","5","541890","18","0","2025","1","",10357,92910,93618,93737,1314702016,738713279,11737839,1083,"",1.00,1.00,1.00,1.00,1.00,1.00,1.00,1.00,"",88,0.9,3339,3.7,1669,1.8,1201,1.3,71428879,5.7,13167246,1.8,-17320,-0.1,36,3.4
"US000","5","5419","16","0","2025","1","",142524,873078,873751,877036,17786925550,8539575794,144284660,1564,"",1.00,1.00,1.00,1.00,1.00,1.00,1.00,1.00,"",5352,3.9,14510,1.7,12981,1.5,9610,1.1,1038394389,6.2,300151170,3.6,4813526,3.5,70,4.7
"US000","5","54191","17","0","2025","1","",10377,64751,64350,64528,2156059799,759404096,18720935,2570,"",1.00,1.00,1.00,1.00,1.00,1.00,1.00,1.00,"",-201,-1.9,-7497,-10.4,-8238,-11.3,-7236,-10.1,-34975824,-1.6,-45470548,-5.6,1191815,6.8,236,10.1
"US000","5","541910","18","0","2025","1","",10377,64751,64350,64528,2156059799,759404096,18720935,2570,"",1.00,1.00,1.00,1.00,1.00,1.00,1.00,1.00,"",-201,-1.9,-7497,-10.4,-8238,-11.3,-7236,-10.1,-34975824,-1.6,-45470548,-5.6,1191815,6.8,236,10.1
"US000","5","54192","17","0","2025","1","",17022,41924,43590,45672,451971960,310361888,7322938,795,"",1.00,1.00,1.00,1.00,1.00,1.00,1.00,1.00,"",343,2.1,-1187,-2.8,-661,-1.5,-3596,-7.3,-5740768,-1.3,-6125551,-1.9,-222901,-3.0,22,2.8
"US000","5","541921","18","0","2025","1","",12098,30911,32536,34432,286011780,215019005,5255531,674,"",1.00,1.00,1.00,1.00,1.00,1.00,1.00,1.00,"",112,0.9,-1172,-3.7,-627,-1.9,-3136,-8.3,-6285847,-2.2,-4860371,-2.2,-245367,-4.5,18,2.7
"US000","5","541922","18","0","2025","1","",4924,11013,11054,11240,165960180,95342883,2067407,1150,"",1.00,1.00,1.00,1.00,1.00,1.00,1.00,1.00,"",231,4.9,-15,-0.1,-34,-0.3,-460,-3.9,545079,0.3,-1265180,-1.3,22466,1.1,21,1.9
"US000","5","54193","17","0","2025","1","",5214,40696,41055,40720,635956401,355513309,7169100,1198,"",1.00,1.00,1.00,1.00,1.00,1.00,1.00,1.00,"",87,1.7,3226,8.6,3062,8.1,2035,5.3,40266050,6.8,16775738,5.0,385821,5.7,-6,-0.5
"US000","5","541930","18","0","2025","1","",5214,40696,41055,40720,635956401,355513309,7169100,1198,"",1.00,1.00,1.00,1.00,1.00,1.00,1.00,1.00,"",87,1.7,3226,8.6,3062,8.1,2035,5.3,40266050,6.8,16775738,5.0,385821,5.7,-6,-0.5
"US000","5","54194","17","0","2025","1","",35987,469836,467493,468619,6890716593,4097407754,51317377,1131,"",1.00,1.00,1.00,1.00,1.00,1.00,1.00,1.00,"",718,2.0,6057,1.3,5636,1.2,5588,1.2,346098881,5.3,141952669,3.6,-1615340,-3.1,43,4.0
"US000","5","541940","18","0","2025","1","",35987,469836,467493,468619,6890716593,4097407754,51317377,1131,"",1.00,1.00,1.00,1.00,1.00,1.00,1.00,1.00,"",718,2.0,6057,1.3,5636,1.2,5588,1.2,346098881,5.3,141952669,3.6,-1615340,-3.1,43,4.0
"US000","5","54199","17","0","2025","1","",73924,255871,257263,257497,7652220797,3016888747,59754310,2291,"",1.00,1.00,1.00,1.00,1.00,1.00,1.00,1.00,"",4405,6.3,13911,5.7,13182,5.4,12819,5.2,692746050,10.0,193018862,6.8,5074131,9.3,93,4.2
"US000","5","541990","18","0","2025","1","",73924,255871,257263,257497,7652220797,3016888747,59754310,2291,"",1.00,1.00,1.00,1.00,1.00,1.00,1.00,1.00,"",4405,6.3,13911,5.7,13182,5.4,12819,5.2,692746050,10.0,193018862,6.8,5074131,9.3,93,4.2
"US000","5","55","14","0","2025","1","",103718,2598413,2596367,2598856,128143986586,39312975995,584959918,3794,"",1.00,1.00,1.00,1.00,1.00,1.00,1.00,1.00,"",5012,5.1,-2251,-0.1,-3977,-0.2,-8252,-0.3,4552461825,3.7,453283596,1.2,23931009,4.3,141,3.9
"US000","5","551","15","0","2025","1","",103718,2598413,2596367,2598856,128143986586,39312975995,584959918,3794,"",1.00,1.00,1.00,1.00,1.00,1.00,1.00,1.00,"",5012,5.1,-2251,-0.1,-3977,-0.2,-8252,-0.3,4552461825,3.7,453283596,1.2,23931009,4.3,141,3.9
"US000","5","5511","16","0","2025","1","",103718,2598413,2596367,2598856,128143986586,39312975995,584959918,3794,"",1.00,1.00,1.00,1.00,1.00,1.00,1.00,1.00,"",5012,5.1,-2251,-0.1,-3977,-0.2,-8252,-0.3,4552461825,3.7,453283596,1.2,23931009,4.3,141,3.9
"US000","5","55111","17","0","2025","1","",103718,2598413,2596367,2598856,128143986586,39312975995,584959918,3794,"",1.00,1.00,1.00,1.00,1.00,1.00,1.00,1.00,"",5012,5.1,-2251,-0.1,-3977,-0.2,-8252,-0.3,4552461825,3.7,453283596,1.2,23931009,4.3,141,3.9
"US000","5","551111","18","0","2025","1","",972,8679,8765,8745,511148387,122556768,1324375,4504,"",1.00,1.00,1.00,1.00,1.00,1.00,1.00,1.00,"",4,0.4,268,3.2,364,4.3,382,4.6,38364402,8.1,8335325,7.3,185257,16.3,170,3.9
"US000","5","551112","18","0","2025","1","",15770,89777,90218,90701,5161060919,1118684223,19996236,4400,"",1.00,1.00,1.00,1.00,1.00,1.00,1.00,1.00,"",1139,7.8,3501,4.1,3731,4.3,3826,4.4,253360397,5.2,50130249,4.7,934518,4.9,38,0.9
"US000","5","551114","18","0","2025","1","",86976,2499957,2497384,2499410,122471777280,38071735004,563639307,3770,"",1.00,1.00,1.00,1.00,1.00,1.00,1.00,1.00,"",3869,4.7,-6020,-0.2,-8072,-0.3,-12460,-0.5,4260737026,3.6,394818022,1.0,22811234,4.2,144,4.0
"US000","5","56","14","0","2025","1","",684230,8721332,8794255,8835231,134365493714,77066671119,1599160817,1177,"",1.00,1.00,1.00,1.00,1.00,1.00,1.00,1.00,"",118,0.0,-151359,-1.7,-125079,-1.4,-158459,-1.8,2345820390,1.8,-267388127,-0.3,42768761,2.7,40,3.5
"US000","5","561","15","0","2025","1","",646773,8213269,8284762,8323472,123967020161,71350139792,1492020648,1153,"",1.00,1.00,1.00,1.00,1.00,1.00,1.00,1.00,"",-870,-0.1,-163582,-2.0,-137511,-1.6,-170873,-2.0,1841290306,1.5,-522841396,-0.7,38439963,2.6,39,3.5
"US000","5","5611","16","0","2025","1","",84032,616930,616908,616186,19220189698,6340471676,112584877,2397,"",1.00,1.00,1.00,1.00,1.00,1.00,1.00,1.00,"",2105,2.6,8219,1.4,5835,1.0,3556,0.6,827310069,4.5,120411386,1.9,4861993,4.5,81,3.5
"US000","5","56111","17","0","2025","1","",84032,616930,616908,616186,19220189698,6340471676,112584877,2397,"",1.00,1.00,1.00,1.00,1.00,1.00,1.00,1.00,"",2105,2.6,8219,1.4,5835,1.0,3556,0.6,827310069,4.5,120411386,1.9,4861993,4.5,81,3.5
"US000","5","561110","18","0","2025","1","",84032,616930,616908,616186,19220189698,6340471676,112584877,2397,"",1.00,1.00,1.00,1.00,1.00,1.00,1.00,1.00,"",2105,2.6,8219,1.4,5835,1.0,3556,0.6,827310069,4.5,120411386,1.9,4861993,4.5,81,3.5
"US000","5","5612","16","0","2025","1","",8187,179141,178778,178847,3185158892,1635456145,30892792,1369,"",1.00,1.00,1.00,1.00,1.00,1.00,1.00,1.00,"",268,3.4,4961,2.8,4365,2.5,2913,1.7,200796065,6.7,62392703,4.0,1533669,5.2,56,4.3
"US000","5","56121","17","0","2025","1","",8187,179141,178778,178847,3185158892,1635456145,30892792,1369,"",1.00,1.00,1.00,1.00,1.00,1.00,1.00,1.00,"",268,3.4,4961,2.8,4365,2.5,2913,1.7,200796065,6.7,62392703,4.0,1533669,5.2,56,4.3
"US000","5","561210","18","0","2025","1","",8187,179141,178778,178847,3185158892,1635456145,30892792,1369,"",1.00,1.00,1.00,1.00,1.00,1.00,1.00,1.00,"",268,3.4,4961,2.8,4365,2.5,2913,1.7,200796065,6.7,62392703,4.0,1533669,5.2,56,4.3
"US000","5","5613","16","0","2025","1","",149099,3110580,3155084,3164364,44228640802,27362525335,652576821,1082,"",1.00,1.00,1.00,1.00,1.00,1.00,1.00,1.00,"",-3362,-2.2,-173445,-5.3,-157887,-4.8,-157107,-4.7,-1002281498,-2.2,-1267945275,-4.4,9266819,1.4,30,2.9
"US000","5","56131","17","0","2025","1","",36027,286206,286774,288812,5695445723,2768205394,68967145,1525,"",1.00,1.00,1.00,1.00,1.00,1.00,1.00,1.00,"",102,0.3,2803,1.0,1261,0.4,3973,1.4,202509210,3.7,30229988,1.1,4233732,6.5,40,2.7
"US000","5","561311","18","0","2025","1","",27335,249049,250049,252491,4022689200,2320200498,57024266,1235,"",1.00,1.00,1.00,1.00,1.00,1.00,1.00,1.00,"",607,2.3,5334,2.2,3997,1.6,6527,2.7,141866340,3.7,54144684,2.4,3645561,6.8,18,1.5
"US000","5","561312","18","0","2025","1","",8692,37157,36725,36321,1672756523,448004896,11942879,3503,"",1.00,1.00,1.00,1.00,1.00,1.00,1.00,1.00,"",-505,-5.5,-2531,-6.4,-2736,-6.9,-2554,-6.6,60642870,3.8,-23914696,-5.1,588171,5.2,351,11.1
"US000","5","56132","17","0","2025","1","",94930,2429985,2471659,2477188,30039863332,20761158604,496041755,939,"",1.00,1.00,1.00,1.00,1.00,1.00,1.00,1.00,"",-3804,-3.9,-158326,-6.1,-140899,-5.4,-141104,-5.4,-1582315366,-5.0,-1213244815,-5.5,661331,0.1,6,0.6
"US000","5","561320","18","0","2025","1","",94930,2429985,2471659,2477188,30039863332,20761158604,496041755,939,"",1.00,1.00,1.00,1.00,1.00,1.00,1.00,1.00,"",-3804,-3.9,-158326,-6.1,-140899,-5.4,-141104,-5.4,-1582315366,-5.0,-1213244815,-5.5,661331,0.1,6,0.6
"US000","5","56133","17","0","2025","1","",18142,394389,396651,398364,8493331747,3833161337,87567921,1648,"",1.00,1.00,1.00,1.00,1.00,1.00,1.00,1.00,"",340,1.9,-17922,-4.3,-18249,-4.4,-19976,-4.8,377524658,4.7,-84930448,-2.2,4371756,5.3,144,9.6
"US000","5","561330","18","0","2025","1","",18142,394389,396651,398364,8493331747,3833161337,87567921,1648,"",1.00,1.00,1.00,1.00,1.00,1.00,1.00,1.00,"",340,1.9,-17922,-4.3,-18249,-4.4,-19976,-4.8,377524658,4.7,-84930448,-2.2,4371756,5.3,144,9.6
"US000","5","5614","16","0","2025","1","",60947,675138,668814,661787,12587851451,6155054703,116266784,1448,"",1.00,1.00,1.00,1.00,1.00,1.00,1.00,1.00,"",-424,-0.7,-37001,-5.2,-35726,-5.1,-37356,-5.3,178953741,1.4,-116275653,-1.9,1808835,1.6,95,7.0
"US000","5","56141","17","0","2025","1","",7470,35928,36164,35597,522696119,287223915,4448743,1120,"",1.00,1.00,1.00,1.00,1.00,1.00,1.00,1.00,"",-463,-5.8,-3384,-8.6,-3251,-8.2,-3661,-9.3,-23677472,-4.3,-15811716,-5.2,-192862,-4.2,51,4.8
"US000","5","561410","18","0","2025","1","",7470,35928,36164,35597,522696119,287223915,4448743,1120,"",1.00,1.00,1.00,1.00,1.00,1.00,1.00,1.00,"",-463,-5.8,-3384,-8.6,-3251,-8.2,-3661,-9.3,-23677472,-4.3,-15811716,-5.2,-192862,-4.2,51,4.8
"US000","5","56142","17","0","2025","1","",15220,344179,337594,331946,5108720230,3047121407,55619644,1163,"",1.00,1.00,1.00,1.00,1.00,1.00,1.00,1.00,"",-322,-2.1,-29947,-8.0,-28749,-7.8,-29741,-8.2,-234058988,-4.4,-182822448,-5.7,-1999353,-3.5,44,3.9
"US000","5","561421","18","0","2025","1","",3235,34502,34150,33402,492205337,298988441,5404632,1113,"",1.00,1.00,1.00,1.00,1.00,1.00,1.00,1.00,"",0,0.0,-1685,-4.7,-1521,-4.3,-1984,-5.6,-4951603,-1.0,-11429390,-3.7,2598,0.0,43,4.0
"US000","5","561422","18","0","2025","1","",11985,309677,303444,298544,4616514893,2748132966,50215012,1169,"",1.00,1.00,1.00,1.00,1.00,1.00,1.00,1.00,"",-322,-2.6,-28262,-8.4,-27228,-8.2,-27757,-8.5,-229107385,-4.7,-171393058,-5.9,-2001951,-3.8,45,4.0
"US000","5","56143","17","0","2025","1","",11514,75092,74677,74539,886778565,588963627,10136151,912,"",1.00,1.00,1.00,1.00,1.00,1.00,1.00,1.00,"",-60,-0.5,-3927,-5.0,-3927,-5.0,-3784,-4.8,10508502,1.2,-14526331,-2.4,16816,0.2,55,6.4
"US000","5","561431","18","0","2025","1","",5763,35461,35178,34984,292935448,229404193,3708578,640,"",1.00,1.00,1.00,1.00,1.00,1.00,1.00,1.00,"",95,1.7,-998,-2.7,-1047,-2.9,-947,-2.6,-16040534,-5.2,-9438098,-4.0,-142220,-3.7,-16,-2.4
"US000","5","561439","18","0","2025","1","",5751,39631,39499,39555,593843117,359559434,6427573,1155,"",1.00,1.00,1.00,1.00,1.00,1.00,1.00,1.00,"",-155,-2.6,-2929,-6.9,-2880,-6.8,-2837,-6.7,26549036,4.7,-5088233,-1.4,159036,2.5,127,12.4
"US000","5","56144","17","0","2025","1","",6172,87024,86493,86194,1665287184,839249139,16243798,1480,"",1.00,1.00,1.00,1.00,1.00,1.00,1.00,1.00,"",-79,-1.3,-4108,-4.5,-4320,-4.8,-4686,-5.2,33040370,2.0,-18577374,-2.2,107526,0.7,99,7.2
"US000","5","561440","18","0","2025","1","",6172,87024,86493,86194,1665287184,839249139,16243798,1480,"",1.00,1.00,1.00,1.00,1.00,1.00,1.00,1.00,"",-79,-1.3,-4108,-4.5,-4320,-4.8,-4686,-5.2,33040370,2.0,-18577374,-2.2,107526,0.7,99,7.2
"US000","5","56145","17","0","2025","1","",1279,21063,21253,20935,1270338249,261161038,5623799,4635,"",1.00,1.00,1.00,1.00,1.00,1.00,1.00,1.00,"",-6,-0.5,-1890,-8.2,-1820,-7.9,-1555,-6.9,38383188,3.1,-4839042,-1.8,404852,7.8,486,11.7
"US000","5","561450","18","0","2025","1","",1279,21063,21253,20935,1270338249,261161038,5623799,4635,"",1.00,1.00,1.00,1.00,1.00,1.00,1.00,1.00,"",-6,-0.5,-1890,-8.2,-1820,-7.9,-1555,-6.9,38383188,3.1,-4839042,-1.8,404852,7.8,486,11.7
"US000","5","56149","17","0","2025","1","",19292,111852,112633,112576,3134031104,1131335577,24194649,2146,"",1.00,1.00,1.00,1.00,1.00,1.00,1.00,1.00,"",506,2.7,6255,5.9,6341,6.0,6071,5.7,354758141,12.8,120301258,11.9,3471856,16.8,132,6.6
"US000","5","561491","18","0","2025","1","",855,7504,7608,7655,108843413,67414500,1218864,1103,"",1.00,1.00,1.00,1.00,1.00,1.00,1.00,1.00,"",7,0.8,486,6.9,505,7.1,477,6.6,11578364,11.9,5895878,9.6,71787,6.3,49,4.6
"US000","5","561492","18","0","2025","1","",3209,11431,11498,11457,202299658,104587294,1878756,1358,"",1.00,1.00,1.00,1.00,1.00,1.00,1.00,1.00,"",-32,-1.0,392,3.6,435,3.9,439,4.0,6015119,3.1,3470984,3.4,-6940,-0.4,-10,-0.7
"US000","5","561499","18","0","2025","1","",15228,92917,93527,93464,2822888033,959333783,21097029,2327,"",1.00,1.00,1.00,1.00,1.00,1.00,1.00,1.00,"",531,3.6,5377,6.1,5401,6.1,5155,5.8,337164658,13.6,110934396,13.1,3407009,19.3,154,7.1
"US000","5","5615","16","0","2025","1","",22972,182526,184040,184796,5230079034,2064358145,35792465,2189,"",1.00,1.00,1.00,1.00,1.00,1.00,1.00,1.00,"",422,1.9,-1593,-0.9,-1747,-0.9,-2601,-1.4,190711079,3.8,28935637,1.4,519338,1.5,102,4.9
"US000","5","56151","17","0","2025","1","",13628,75562,75768,75544,2139980344,968013977,17765297,2177,"",1.00,1.00,1.00,1.00,1.00,1.00,1.00,1.00,"",274,2.1,-2158,-2.8,-2370,-3.0,-2664,-3.4,131230269,6.5,4344299,0.5,142275,0.8,197,9.9
"US000","5","561510","18","0","2025","1","",13628,75562,75768,75544,2139980344,968013977,17765297,2177,"",1.00,1.00,1.00,1.00,1.00,1.00,1.00,1.00,"",274,2.1,-2158,-2.8,-2370,-3.0,-2664,-3.4,131230269,6.5,4344299,0.5,142275,0.8,197,9.9
"US000","5","56152","17","0","2025","1","",3489,22206,22628,23359,420990803,234372360,4831502,1425,"",1.00,1.00,1.00,1.00,1.00,1.00,1.00,1.00,"",79,2.3,676,3.1,434,2.0,474,2.1,25915224,6.6,11231005,5.0,356440,8.0,56,4.1
"US000","5","561520","18","0","2025","1","",3489,22206,22628,23359,420990803,234372360,4831502,1425,"",1.00,1.00,1.00,1.00,1.00,1.00,1.00,1.00,"",79,2.3,676,3.1,434,2.0,474,2.1,25915224,6.6,11231005,5.0,356440,8.0,56,4.1
"US000","5","56159","17","0","2025","1","",5855,84758,85644,85893,2669107887,861971808,13195666,2403,"",1.00,1.00,1.00,1.00,1.00,1.00,1.00,1.00,"",69,1.2,-111,-0.1,189,0.2,-411,-0.5,33565586,1.3,13360333,1.6,20623,0.2,33,1.4
"US000","5","561591","18","0","2025","1","",1013,8882,9071,9025,184122886,85938993,1187554,1575,"",1.00,1.00,1.00,1.00,1.00,1.00,1.00,1.00,"",-1,-0.1,110,1.3,80,0.9,-115,-1.3,9441912,5.4,1484951,1.8,-116560,-8.9,77,5.1
"US000","5","561599","18","0","2025","1","",4842,75876,76573,76868,2484985001,776032815,12008112,2501,"",1.00,1.00,1.00,1.00,1.00,1.00,1.00,1.00,"",70,1.5,-221,-0.3,109,0.1,-296,-0.4,24123674,1.0,11875382,1.6,137183,1.2,29,1.2
"US000","5","5616","16","0","2025","1","",39572,1048064,1042726,1030806,12487203766,8514239959,168721175,923,"",1.00,1.00,1.00,1.00,1.00,1.00,1.00,1.00,"",331,0.8,27354,2.7,17282,1.7,14419,1.4,605173914,5.1,263501190,3.2,11063281,7.0,28,3.1
"US000","5","56161","17","0","2025","1","",24136,891676,886705,874594,9265100647,6862877625,141099587,806,"",1.00,1.00,1.00,1.00,1.00,1.00,1.00,1.00,"",307,1.3,27318,3.2,18016,2.1,14946,1.7,429574192,4.9,243760094,3.7,10712092,8.2,20,2.5
"US000","5","561611","18","0","2025","1","",5789,40845,40988,40825,683514521,366298216,8315590,1286,"",1.00,1.00,1.00,1.00,1.00,1.00,1.00,1.00,"",20,0.3,891,2.2,1206,3.0,822,2.1,23461099,3.6,16738690,4.8,625415,8.1,14,1.1
"US000","5","561612","18","0","2025","1","",17443,825290,820118,808227,8146097457,6243438433,128178558,766,"",1.00,1.00,1.00,1.00,1.00,1.00,1.00,1.00,"",307,1.8,27200,3.4,17769,2.2,15118,1.9,411257477,5.3,231613953,3.9,9760365,8.2,20,2.7
"US000","5","561613","18","0","2025","1","",904,25541,25599,25542,435488669,253140976,4605439,1311,"",1.00,1.00,1.00,1.00,1.00,1.00,1.00,1.00,"",-20,-2.2,-773,-2.9,-959,-3.6,-994,-3.7,-5144384,-1.2,-4592549,-1.8,326312,7.6,30,2.3
"US000","5","56162","17","0","2025","1","",15436,156388,156021,156212,3222103119,1651362334,27621588,1587,"",1.00,1.00,1.00,1.00,1.00,1.00,1.00,1.00,"",24,0.2,36,0.0,-734,-0.5,-527,-0.3,175599722,5.8,19741096,1.2,351189,1.3,91,6.1
"US000","5","561621","18","0","2025","1","",11161,139261,138890,139037,2976541207,1492300174,25376454,1646,"",1.00,1.00,1.00,1.00,1.00,1.00,1.00,1.00,"",16,0.1,186,0.1,-627,-0.4,-554,-0.4,168186185,6.0,18759018,1.3,343949,1.4,96,6.2
"US000","5","561622","18","0","2025","1","",4275,17127,17131,17175,245561912,159062160,2245134,1102,"",1.00,1.00,1.00,1.00,1.00,1.00,1.00,1.00,"",8,0.2,-150,-0.9,-107,-0.6,27,0.2,7413537,3.1,982078,0.6,7240,0.3,38,3.6
"US000","5","5617","16","0","2025","1","",249546,2087543,2119779,2162458,21988585054,16259560607,306611899,797,"",1.00,1.00,1.00,1.00,1.00,1.00,1.00,1.00,"",160,0.1,14231,0.7,36211,1.7,11404,0.5,844781920,4.0,439812801,2.8,9062588,3.0,23,3.0
"US000","5","56171","17","0","2025","1","",17515,147341,147694,150541,2140638733,1346707096,20146796,1109,"",1.00,1.00,1.00,1.00,1.00,1.00,1.00,1.00,"",23,0.1,5532,3.9,4999,3.5,4466,3.1,126883794,6.3,62495183,4.9,1089686,5.7,30,2.8
"US000","5","561710","18","0","2025","1","",17515,147341,147694,150541,2140638733,1346707096,20146796,1109,"",1.00,1.00,1.00,1.00,1.00,1.00,1.00,1.00,"",23,0.1,5532,3.9,4999,3.5,4466,3.1,126883794,6.3,62495183,4.9,1089686,5.7,30,2.8
"US000","5","56172","17","0","2025","1","",82416,1056373,1062349,1061750,8874935798,7132735155,115149647,644,"",1.00,1.00,1.00,1.00,1.00,1.00,1.00,1.00,"",-128,-0.2,4402,0.4,3320,0.3,-1326,-0.1,235148316,2.7,151472371,2.2,3152432,2.8,16,2.5
"US000","5","561720","18","0","2025","1","",82416,1056373,1062349,1061750,8874935798,7132735155,115149647,644,"",1.00,1.00,1.00,1.00,1.00,1.00,1.00,1.00,"",-128,-0.2,4402,0.4,3320,0.3,-1326,-0.1,235148316,2.7,151472371,2.2,3152432,2.8,16,2.5
"US000","5","56173","17","0","2025","1","",121751,745595,769698,810338,9282202415,6607864592,148132046,921,"",1.00,1.00,1.00,1.00,1.00,1.00,1.00,1.00,"",104,0.1,4612,0.6,25783,3.5,7893,1.0,460158103,5.2,208768791,3.3,4408720,3.1,31,3.5
"US000","5","561730","18","0","2025","1","",121751,745595,769698,810338,9282202415,6607864592,148132046,921,"",1.00,1.00,1.00,1.00,1.00,1.00,1.00,1.00,"",104,0.1,4612,0.6,25783,3.5,7893,1.0,460158103,5.2,208768791,3.3,4408720,3.1,31,3.5
"US000","5","56174","17","0","2025","1","",6703,33794,33745,33638,369796100,276551364,4433515,843,"",1.00,1.00,1.00,1.00,1.00,1.00,1.00,1.00,"",-301,-4.3,-1472,-4.2,-1422,-4.0,-1807,-5.1,-12435659,-3.3,-11754455,-4.1,-166755,-3.6,10,1.2
"US000","5","561740","18","0","2025","1","",6703,33794,33745,33638,369796100,276551364,4433515,843,"",1.00,1.00,1.00,1.00,1.00,1.00,1.00,1.00,"",-301,-4.3,-1472,-4.2,-1422,-4.0,-1807,-5.1,-12435659,-3.3,-11754455,-4.1,-166755,-3.6,10,1.2
"US000","5","56179","17","0","2025","1","",21161,104440,106293,106191,1321012008,895702400,18749895,962,"",1.00,1.00,1.00,1.00,1.00,1.00,1.00,1.00,"",462,2.2,1157,1.1,3531,3.4,2178,2.1,35027366,2.7,28830911,3.3,578505,3.2,5,0.5
"US000","5","561790","18","0","2025","1","",21161,104440,106293,106191,1321012008,895702400,18749895,962,"",1.00,1.00,1.00,1.00,1.00,1.00,1.00,1.00,"",462,2.2,1157,1.1,3531,3.4,2178,2.1,35027366,2.7,28830911,3.3,578505,3.2,5,0.5
"US000","5","5619","16","0","2025","1","",32418,313347,318633,324228,5039311464,3018473222,68573835,1216,"",1.00,1.00,1.00,1.00,1.00,1.00,1.00,1.00,"",-370,-1.1,-6308,-2.0,-5844,-1.8,-6101,-1.8,-4154984,-0.1,-53674185,-1.7,323440,0.5,22,1.8
"US000","5","56191","17","0","2025","1","",3005,60995,61274,61273,931630642,592859543,11356844,1171,"",1.00,1.00,1.00,1.00,1.00,1.00,1.00,1.00,"",3,0.1,-2685,-4.2,-2663,-4.2,-2911,-4.5,13547836,1.5,-15215365,-2.5,87247,0.8,66,6.0
"US000","5","561910","18","0","2025","1","",3005,60995,61274,61273,931630642,592859543,11356844,1171,"",1.00,1.00,1.00,1.00,1.00,1.00,1.00,1.00,"",3,0.1,-2685,-4.2,-2663,-4.2,-2911,-4.5,13547836,1.5,-15215365,-2.5,87247,0.8,66,6.0
"US000","5","56192","17","0","2025","1","",8073,54919,56696,59019,1128505650,625995668,19409021,1526,"",1.00,1.00,1.00,1.00,1.00,1.00,1.00,1.00,"",182,2.3,916,1.7,1408,2.5,1132,2.0,84396759,8.1,32293849,5.4,521916,2.8,85,5.9
"US000","5","561920","18","0","2025","1","",8073,54919,56696,59019,1128505650,625995668,19409021,1526,"",1.00,1.00,1.00,1.00,1.00,1.00,1.00,1.00,"",182,2.3,916,1.7,1408,2.5,1132,2.0,84396759,8.1,32293849,5.4,521916,2.8,85,5.9
"US000","5","56199","17","0","2025","1","",21340,197433,200663,203936,2979175172,1799618011,37807970,1142,"",1.00,1.00,1.00,1.00,1.00,1.00,1.00,1.00,"",-555,-2.5,-4539,-2.2,-4589,-2.2,-4322,-2.1,-102099579,-3.3,-70752669,-3.8,-285723,-0.8,-13,-1.1
"US000","5","561990","18","0","2025","1","",21340,197433,200663,203936,2979175172,1799618011,37807970,1142,"",1.00,1.00,1.00,1.00,1.00,1.00,1.00,1.00,"",-555,-2.5,-4539,-2.2,-4589,-2.2,-4322,-2.1,-102099579,-3.3,-70752669,-3.8,-285723,-0.8,-13,-1.1
"US000","5","562","15","0","2025","1","",37457,508063,509493,511759,10398473553,5716531327,107140169,1569,"",1.00,1.00,1.00,1.00,1.00,1.00,1.00,1.00,"",988,2.7,12223,2.5,12432,2.5,12414,2.5,504530084,5.1,255453269,4.7,4328798,4.2,39,2.5
"US000","5","5621","16","0","2025","1","",14328,218557,218000,218569,4071764422,2319753570,38215344,1434,"",1.00,1.00,1.00,1.00,1.00,1.00,1.00,1.00,"",305,2.2,6324,3.0,5143,2.4,4836,2.3,242372479,6.3,122191788,5.6,1422402,3.9,51,3.7
"US000","5","56211","17","0","2025","1","",14328,218557,218000,218569,4071764422,2319753570,38215344,1434,"",1.00,1.00,1.00,1.00,1.00,1.00,1.00,1.00,"",305,2.2,6324,3.0,5143,2.4,4836,2.3,242372479,6.3,122191788,5.6,1422402,3.9,51,3.7
"US000","5","562111","18","0","2025","1","",11066,187427,187112,187796,3505595108,2013828084,32155380,1439,"",1.00,1.00,1.00,1.00,1.00,1.00,1.00,1.00,"",221,2.0,4502,2.5,3828,2.1,3823,2.1,203564878,6.2,105784227,5.5,1279383,4.1,54,3.9
"US000","5","562112","18","0","2025","1","",768,12874,13029,13109,292908423,133716860,2863210,1733,"",1.00,1.00,1.00,1.00,1.00,1.00,1.00,1.00,"",-11,-1.4,170,1.3,249,1.9,366,2.9,9558065,3.4,2348290,1.8,15925,0.6,22,1.3
"US000","5","562119","18","0","2025","1","",2494,18256,17859,17664,273260891,172208626,3196754,1173,"",1.00,1.00,1.00,1.00,1.00,1.00,1.00,1.00,"",95,4.0,1652,9.9,1066,6.3,647,3.8,29249536,12.0,14059271,8.9,127094,4.1,56,5.0
"US000","5","5622","16","0","2025","1","",4730,108788,109434,109687,2856637698,1353997829,20540948,2010,"",1.00,1.00,1.00,1.00,1.00,1.00,1.00,1.00,"",35,0.7,2443,2.3,3189,3.0,3289,3.1,114300140,4.2,68816437,5.4,1000473,5.1,26,1.3
"US000","5","56221","17","0","2025","1","",4730,108788,109434,109687,2856637698,1353997829,20540948,2010,"",1.00,1.00,1.00,1.00,1.00,1.00,1.00,1.00,"",35,0.7,2443,2.3,3189,3.0,3289,3.1,114300140,4.2,68816437,5.4,1000473,5.1,26,1.3
"US000","5","562211","18","0","2025","1","",1454,43850,44026,44016,1168094826,610002251,7498719,2044,"",1.00,1.00,1.00,1.00,1.00,1.00,1.00,1.00,"",52,3.7,1256,2.9,1473,3.5,1344,3.1,-15575273,-1.3,29861517,5.1,667397,9.8,-93,-4.4
"US000","5","562212","18","0","2025","1","",1680,38664,38709,38834,1046581676,422556509,6764954,2078,"",1.00,1.00,1.00,1.00,1.00,1.00,1.00,1.00,"",-42,-2.4,415,1.1,467,1.2,652,1.7,71807298,7.4,19724940,4.9,139904,2.1,116,5.9
"US000","5","562213","18","0","2025","1","",180,4649,4619,4599,155821769,57690155,908726,2593,"",1.00,1.00,1.00,1.00,1.00,1.00,1.00,1.00,"",-14,-7.2,-126,-2.6,-116,-2.4,-137,-2.9,21211540,15.8,-2962409,-4.9,-30151,-3.2,412,18.9
"US000","5","562219","18","0","2025","1","",1416,21625,22080,22238,486139427,263748914,5368549,1701,"",1.00,1.00,1.00,1.00,1.00,1.00,1.00,1.00,"",39,2.8,898,4.3,1365,6.6,1430,6.9,36856575,8.2,22192389,9.2,223323,4.3,35,2.1
"US000","5","5629","16","0","2025","1","",18399,180718,182059,183503,3470071433,2042779928,48383877,1466,"",1.00,1.00,1.00,1.00,1.00,1.00,1.00,1.00,"",648,3.7,3456,1.9,4100,2.3,4289,2.4,147857465,4.5,64445044,3.3,1905923,4.1,31,2.2
"US000","5","56291","17","0","2025","1","",9121,97405,98278,99052,2032109241,1175327953,30879179,1591,"",1.00,1.00,1.00,1.00,1.00,1.00,1.00,1.00,"",268,3.0,1577,1.6,2163,2.3,2278,2.4,73341229,3.7,32782812,2.9,1168104,3.9,25,1.6
"US000","5","562910","18","0","2025","1","",9121,97405,98278,99052,2032109241,1175327953,30879179,1591,"",1.00,1.00,1.00,1.00,1.00,1.00,1.00,1.00,"",268,3.0,1577,1.6,2163,2.3,2278,2.4,73341229,3.7,32782812,2.9,1168104,3.9,25,1.6
"US000","5","56292","17","0","2025","1","",1832,25968,26200,26239,467805969,273796015,5398463,1377,"",1.00,1.00,1.00,1.00,1.00,1.00,1.00,1.00,"",94,5.4,959,3.8,1145,4.6,1144,4.6,21998735,4.9,14449138,5.6,383974,7.7,8,0.6
"US000","5","562920","18","0","2025","1","",1832,25968,26200,26239,467805969,273796015,5398463,1377,"",1.00,1.00,1.00,1.00,1.00,1.00,1.00,1.00,"",94,5.4,959,3.8,1145,4.6,1144,4.6,21998735,4.9,14449138,5.6,383974,7.7,8,0.6
"US000","5","56299","17","0","2025","1","",7446,57345,57581,58212,970156223,593655960,12106235,1293,"",1.00,1.00,1.00,1.00,1.00,1.00,1.00,1.00,"",286,4.0,920,1.6,792,1.4,867,1.5,52517501,5.7,17213094,3.0,353845,3.0,51,4.1
"US000","5","562991","18","0","2025","1","",4633,33958,33961,34264,531015110,343984451,7186599,1199,"",1.00,1.00,1.00,1.00,1.00,1.00,1.00,1.00,"",128,2.8,1123,3.4,977,3.0,864,2.6,37089248,7.5,17164914,5.3,382261,5.6,50,4.4
"US000","5","562998","18","0","2025","1","",2813,23387,23620,23948,439141113,249671509,4919636,1428,"",1.00,1.00,1.00,1.00,1.00,1.00,1.00,1.00,"",158,6.0,-203,-0.9,-185,-0.8,3,0.0,15428253,3.6,48180,0.0,-28416,-0.6,57,4.2
"US000","5","61","14","0","2025","1","",168757,3210205,3342444,3330930,52069665293,12389800553,209086949,1216,"",1.00,1.00,1.00,1.00,1.00,1.00,1.00,1.00,"",3380,2.0,79682,2.5,64038,2.0,59348,1.8,2448001364,4.9,440433630,3.7,11969808,6.1,33,2.8
"US000","5","611","15","0","2025","1","",168757,3210205,3342444,3330930,52069665293,12389800553,209086949,1216,"",1.00,1.00,1.00,1.00,1.00,1.00,1.00,1.00,"",3380,2.0,79682,2.5,64038,2.0,59348,1.8,2448001364,4.9,440433630,3.7,11969808,6.1,33,2.8
"US000","5","6111","16","0","2025","1","",22004,998576,1009713,1002262,13159159443,4466164345,64239528,1009,"",1.00,1.00,1.00,1.00,1.00,1.00,1.00,1.00,"",389,1.8,29711,3.1,25004,2.5,23636,2.4,654056858,5.2,183808734,4.3,2738570,4.5,25,2.5
"US000","5","61111","17","0","2025","1","",22004,998576,1009713,1002262,13159159443,4466164345,64239528,1009,"",1.00,1.00,1.00,1.00,1.00,1.00,1.00,1.00,"",389,1.8,29711,3.1,25004,2.5,23636,2.4,654056858,5.2,183808734,4.3,2738570,4.5,25,2.5
"US000","5","611110","18","0","2025","1","",22004,998576,1009713,1002262,13159159443,4466164345,64239528,1009,"",1.00,1.00,1.00,1.00,1.00,1.00,1.00,1.00,"",389,1.8,29711,3.1,25004,2.5,23636,2.4,654056858,5.2,183808734,4.3,2738570,4.5,25,2.5
"US000","5","6112","16","0","2025","1","",1082,18526,19725,19997,261952777,135163602,2943786,1038,"",1.00,1.00,1.00,1.00,1.00,1.00,1.00,1.00,"",2,0.2,-772,-4.0,-642,-3.2,-538,-2.6,4915355,1.9,-1220452,-0.9,-445011,-13.1,53,5.4
"US000","5","61121","17","0","2025","1","",1082,18526,19725,19997,261952777,135163602,2943786,1038,"",1.00,1.00,1.00,1.00,1.00,1.00,1.00,1.00,"",2,0.2,-772,-4.0,-642,-3.2,-538,-2.6,4915355,1.9,-1220452,-0.9,-445011,-13.1,53,5.4
"US000","5","611210","18","0","2025","1","",1082,18526,19725,19997,261952777,135163602,2943786,1038,"",1.00,1.00,1.00,1.00,1.00,1.00,1.00,1.00,"",2,0.2,-772,-4.0,-642,-3.2,-538,-2.6,4915355,1.9,-1220452,-0.9,-445011,-13.1,53,5.4
"US000","5","6113","16","0","2025","1","",14363,1244031,1341286,1339484,27463726743,1586953770,21263165,1615,"",1.00,1.00,1.00,1.00,1.00,1.00,1.00,1.00,"",414,3.0,20640,1.7,17259,1.3,17073,1.3,1435411993,5.5,78795954,5.2,655862,3.2,63,4.1
"US000","5","61131","17","0","2025","1","",14363,1244031,1341286,1339484,27463726743,1586953770,21263165,1615,"",1.00,1.00,1.00,1.00,1.00,1.00,1.00,1.00,"",414,3.0,20640,1.7,17259,1.3,17073,1.3,1435411993,5.5,78795954,5.2,655862,3.2,63,4.1
"US000","5","611310","18","0","2025","1","",14363,1244031,1341286,1339484,27463726743,1586953770,21263165,1615,"",1.00,1.00,1.00,1.00,1.00,1.00,1.00,1.00,"",414,3.0,20640,1.7,17259,1.3,17073,1.3,1435411993,5.5,78795954,5.2,655862,3.2,63,4.1
"US000","5","6114","16","0","2025","1","",20176,79022,79394,78504,1998743016,874417750,18499271,1947,"",1.00,1.00,1.00,1.00,1.00,1.00,1.00,1.00,"",470,2.4,429,0.5,384,0.5,116,0.1,54359045,2.8,8988418,1.0,1912266,11.5,46,2.4
"US000","5","61141","17","0","2025","1","",393,3552,3577,3555,51553539,25069217,626981,1114,"",1.00,1.00,1.00,1.00,1.00,1.00,1.00,1.00,"",-21,-5.1,-50,-1.4,-94,-2.6,-115,-3.1,1575630,3.2,-74894,-0.3,84510,15.6,60,5.7
"US000","5","611410","18","0","2025","1","",393,3552,3577,3555,51553539,25069217,626981,1114,"",1.00,1.00,1.00,1.00,1.00,1.00,1.00,1.00,"",-21,-5.1,-50,-1.4,-94,-2.6,-115,-3.1,1575630,3.2,-74894,-0.3,84510,15.6,60,5.7
"US000","5","61142","17","0","2025","1","",4228,18603,18531,18270,523698867,220267355,5396075,2181,"",1.00,1.00,1.00,1.00,1.00,1.00,1.00,1.00,"",-55,-1.3,-1502,-7.5,-1482,-7.4,-1548,-7.8,-15825990,-2.9,-14220252,-6.1,518238,10.6,104,5.0
"US000","5","611420","18","0","2025","1","",4228,18603,18531,18270,523698867,220267355,5396075,2181,"",1.00,1.00,1.00,1.00,1.00,1.00,1.00,1.00,"",-55,-1.3,-1502,-7.5,-1482,-7.4,-1548,-7.8,-15825990,-2.9,-14220252,-6.1,518238,10.6,104,5.0
"US000","5","61143","17","0","2025","1","",15555,56867,57286,56679,1423490610,629081178,12476215,1923,"",1.00,1.00,1.00,1.00,1.00,1.00,1.00,1.00,"",546,3.6,1981,3.6,1960,3.5,1779,3.2,68609405,5.1,23283564,3.8,1309518,11.7,29,1.5
"US000","5","611430","18","0","2025","1","",15555,56867,57286,56679,1423490610,629081178,12476215,1923,"",1.00,1.00,1.00,1.00,1.00,1.00,1.00,1.00,"",546,3.6,1981,3.6,1960,3.5,1779,3.2,68609405,5.1,23283564,3.8,1309518,11.7,29,1.5
"US000","5","6115","16","0","2025","1","",12131,129062,131357,130571,2056402225,1136465152,21351539,1214,"",1.00,1.00,1.00,1.00,1.00,1.00,1.00,1.00,"",-42,-0.3,5485,4.4,4047,3.2,3605,2.8,118301341,6.1,48686940,4.5,1447629,7.3,30,2.5
"US000","5","61151","17","0","2025","1","",12131,129062,131357,130571,2056402225,1136465152,21351539,1214,"",1.00,1.00,1.00,1.00,1.00,1.00,1.00,1.00,"",-42,-0.3,5485,4.4,4047,3.2,3605,2.8,118301341,6.1,48686940,4.5,1447629,7.3,30,2.5
"US000","5","611511","18","0","2025","1","",1986,18604,18834,18616,198771041,144901221,3001487,818,"",1.00,1.00,1.00,1.00,1.00,1.00,1.00,1.00,"",5,0.3,-52,-0.3,-159,-0.8,-179,-1.0,-14542,0.0,-1419398,-1.0,3376,0.1,5,0.6
"US000","5","611512","18","0","2025","1","",1814,28013,28229,28189,585709116,285188787,3275664,1601,"",1.00,1.00,1.00,1.00,1.00,1.00,1.00,1.00,"",44,2.5,1390,5.2,1027,3.8,889,3.3,30371653,5.5,11345307,4.1,237880,7.8,21,1.3
"US000","5","611513","18","0","2025","1","",1682,17509,18162,17705,271902017,154740598,3254728,1176,"",1.00,1.00,1.00,1.00,1.00,1.00,1.00,1.00,"",22,1.3,1320,8.2,834,4.8,350,2.0,24795624,10.0,11182507,7.8,276479,9.3,55,4.9
"US000","5","611519","18","0","2025","1","",6649,64936,66132,66061,1000020051,551634546,11819660,1171,"",1.00,1.00,1.00,1.00,1.00,1.00,1.00,1.00,"",-113,-1.7,2827,4.6,2345,3.7,2545,4.0,63148606,6.7,27578524,5.3,929894,8.5,30,2.6
"US000","5","6116","16","0","2025","1","",66260,529779,544011,544067,3570416381,2440408289,43137310,509,"",1.00,1.00,1.00,1.00,1.00,1.00,1.00,1.00,"",974,1.5,14447,2.8,11148,2.1,11495,2.2,77775572,2.2,62494689,2.6,2006718,4.9,-1,-0.2
"US000","5","61161","17","0","2025","1","",16158,129100,133741,132233,722714843,512970569,9197440,422,"",1.00,1.00,1.00,1.00,1.00,1.00,1.00,1.00,"",211,1.3,5725,4.6,5556,4.3,5818,4.6,28493256,4.1,22918057,4.7,614449,7.2,-2,-0.5
"US000","5","611610","18","0","2025","1","",16158,129100,133741,132233,722714843,512970569,9197440,422,"",1.00,1.00,1.00,1.00,1.00,1.00,1.00,1.00,"",211,1.3,5725,4.6,5556,4.3,5818,4.6,28493256,4.1,22918057,4.7,614449,7.2,-2,-0.5
"US000","5","61162","17","0","2025","1","",21782,183864,186374,187455,1057812174,786961241,11942841,438,"",1.00,1.00,1.00,1.00,1.00,1.00,1.00,1.00,"",681,3.2,10615,6.1,8771,4.9,9186,5.2,53821737,5.4,41185445,5.5,920976,8.4,0,0.0
"US000","5","611620","18","0","2025","1","",21782,183864,186374,187455,1057812174,786961241,11942841,438,"",1.00,1.00,1.00,1.00,1.00,1.00,1.00,1.00,"",681,3.2,10615,6.1,8771,4.9,9186,5.2,53821737,5.4,41185445,5.5,920976,8.4,0,0.0
"US000","5","61163","17","0","2025","1","",2035,17552,18219,17765,133495947,91484218,1576487,575,"",1.00,1.00,1.00,1.00,1.00,1.00,1.00,1.00,"",-38,-1.8,-253,-1.4,-239,-1.3,-437,-2.4,-2540979,-1.9,-1299976,-1.4,-34110,-2.1,-1,-0.2
"US000","5","611630","18","0","2025","1","",2035,17552,18219,17765,133495947,91484218,1576487,575,"",1.00,1.00,1.00,1.00,1.00,1.00,1.00,1.00,"",-38,-1.8,-253,-1.4,-239,-1.3,-437,-2.4,-2540979,-1.9,-1299976,-1.4,-34110,-2.1,-1,-0.2
"US000","5","61169","17","0","2025","1","",26285,199263,205677,206614,1656393417,1048992261,20420542,625,"",1.00,1.00,1.00,1.00,1.00,1.00,1.00,1.00,"",120,0.5,-1640,-0.8,-2940,-1.4,-3072,-1.5,-1998442,-0.1,-308837,0.0,505403,2.5,7,1.1
"US000","5","611691","18","0","2025","1","",11347,102512,106191,105860,779179898,474806837,9949452,572,"",1.00,1.00,1.00,1.00,1.00,1.00,1.00,1.00,"",-18,-0.2,-4444,-4.2,-5715,-5.1,-6093,-5.4,-31782398,-3.9,-21926465,-4.4,-10901,-0.1,6,1.1
"US000","5","611692","18","0","2025","1","",2785,15862,15996,16491,115655827,91319677,1411986,552,"",1.00,1.00,1.00,1.00,1.00,1.00,1.00,1.00,"",22,0.8,311,2.0,98,0.6,349,2.2,3093128,2.7,1198552,1.3,8694,0.6,6,1.1
"US000","5","611699","18","0","2025","1","",12153,80889,83490,84263,761557692,482865747,9059104,707,"",1.00,1.00,1.00,1.00,1.00,1.00,1.00,1.00,"",116,1.0,2493,3.2,2677,3.3,2672,3.3,26690828,3.6,20419076,4.4,507610,5.9,3,0.4
"US000","5","6117","16","0","2025","1","",32741,211209,216958,216045,3559264708,1750227645,37652350,1275,"",1.00,1.00,1.00,1.00,1.00,1.00,1.00,1.00,"",1173,3.7,9742,4.8,6838,3.3,3961,1.9,103181200,3.0,58879347,3.5,3653774,10.7,-4,-0.3
"US000","5","61171","17","0","2025","1","",32741,211209,216958,216045,3559264708,1750227645,37652350,1275,"",1.00,1.00,1.00,1.00,1.00,1.00,1.00,1.00,"",1173,3.7,9742,4.8,6838,3.3,3961,1.9,103181200,3.0,58879347,3.5,3653774,10.7,-4,-0.3
"US000","5","611710","18","0","2025","1","",32741,211209,216958,216045,3559264708,1750227645,37652350,1275,"",1.00,1.00,1.00,1.00,1.00,1.00,1.00,1.00,"",1173,3.7,9742,4.8,6838,3.3,3961,1.9,103181200,3.0,58879347,3.5,3653774,10.7,-4,-0.3
"US000","5","62","14","0","2025","1","",2025222,22656818,22720488,22757337,371791119617,125980575670,1939423416,1259,"",1.00,1.00,1.00,1.00,1.00,1.00,1.00,1.00,"",62608,3.2,901396,4.1,855829,3.9,811079,3.7,23217764182,6.7,6058114060,5.1,102136560,5.6,32,2.6
"US000","5","621","15","0","2025","1","",751111,8948626,8986276,8978121,172311613312,68634048763,1007970463,1478,"",1.00,1.00,1.00,1.00,1.00,1.00,1.00,1.00,"",26316,3.6,359878,4.2,352885,4.1,334423,3.9,10989472340,6.8,2675507240,4.1,38241552,3.9,39,2.7
"US000","5","6211","16","0","2025","1","",241322,2973599,2978604,2971930,81780856030,23263672034,310216691,2115,"",1.00,1.00,1.00,1.00,1.00,1.00,1.00,1.00,"",3749,1.6,45235,1.5,43828,1.5,41670,1.4,4500433334,5.8,306205912,1.3,2983767,1.0,87,4.3
"US000","5","62111","17","0","2025","1","",241322,2973599,2978604,2971930,81780856030,23263672034,310216691,2115,"",1.00,1.00,1.00,1.00,1.00,1.00,1.00,1.00,"",3749,1.6,45235,1.5,43828,1.5,41670,1.4,4500433334,5.8,306205912,1.3,2983767,1.0,87,4.3
"US000","5","621111","18","0","2025","1","",224866,2889370,2893685,2887501,80125719821,22520384196,296931943,2133,"",1.00,1.00,1.00,1.00,1.00,1.00,1.00,1.00,"",2580,1.2,41932,1.5,40395,1.4,38500,1.4,4395928955,5.8,270132918,1.2,1795784,0.6,89,4.4
"US000","5","621112","18","0","2025","1","",16456,84229,84919,84429,1655136209,743287838,13284748,1506,"",1.00,1.00,1.00,1.00,1.00,1.00,1.00,1.00,"",1169,7.6,3303,4.1,3433,4.2,3170,3.9,104504379,6.7,36072994,5.1,1187983,9.8,37,2.5
"US000","5","6212","16","0","2025","1","",136701,1042962,1046690,1042777,16368429030,9559952852,127187369,1206,"",1.00,1.00,1.00,1.00,1.00,1.00,1.00,1.00,"",1468,1.1,13390,1.3,13572,1.3,12579,1.2,465525632,2.9,214006968,2.3,1928548,1.5,19,1.6
"US000","5","62121","17","0","2025","1","",136701,1042962,1046690,1042777,16368429030,9559952852,127187369,1206,"",1.00,1.00,1.00,1.00,1.00,1.00,1.00,1.00,"",1468,1.1,13390,1.3,13572,1.3,12579,1.2,465525632,2.9,214006968,2.3,1928548,1.5,19,1.6
"US000","5","621210","18","0","2025","1","",136701,1042962,1046690,1042777,16368429030,9559952852,127187369,1206,"",1.00,1.00,1.00,1.00,1.00,1.00,1.00,1.00,"",1468,1.1,13390,1.3,13572,1.3,12579,1.2,465525632,2.9,214006968,2.3,1928548,1.5,19,1.6
"US000","5","6213","16","0","2025","1","",213914,1284779,1294690,1293687,16709477900,10571714128,157089103,996,"",1.00,1.00,1.00,1.00,1.00,1.00,1.00,1.00,"",14171,7.1,88954,7.4,87777,7.3,86209,7.1,1442243807,9.4,770094249,7.9,10246775,7.0,20,2.0
"US000","5","62131","17","0","2025","1","",38932,145067,145539,144700,1515502621,1114164779,13499241,803,"",1.00,1.00,1.00,1.00,1.00,1.00,1.00,1.00,"",-419,-1.1,-605,-0.4,-685,-0.5,-612,-0.4,22799522,1.5,15264653,1.4,-417066,-3.0,15,1.9
"US000","5","621310","18","0","2025","1","",38932,145067,145539,144700,1515502621,1114164779,13499241,803,"",1.00,1.00,1.00,1.00,1.00,1.00,1.00,1.00,"",-419,-1.1,-605,-0.4,-685,-0.5,-612,-0.4,22799522,1.5,15264653,1.4,-417066,-3.0,15,1.9
"US000","5","62132","17","0","2025","1","",21324,154764,154770,154679,2079777912,1347004826,16274120,1034,"",1.00,1.00,1.00,1.00,1.00,1.00,1.00,1.00,"",-74,-0.3,2439,1.6,2516,1.7,2243,1.5,92315880,4.6,37305088,2.8,-168344,-1.0,30,3.0
"US000","5","621320","18","0","2025","1","",21324,154764,154770,154679,2079777912,1347004826,16274120,1034,"",1.00,1.00,1.00,1.00,1.00,1.00,1.00,1.00,"",-74,-0.3,2439,1.6,2516,1.7,2243,1.5,92315880,4.6,37305088,2.8,-168344,-1.0,30,3.0
"US000","5","62133","17","0","2025","1","",51748,277721,282279,281964,3422902036,2247618822,42360215,938,"",1.00,1.00,1.00,1.00,1.00,1.00,1.00,1.00,"",7760,17.6,44731,19.2,45043,19.0,44536,18.8,579171106,20.4,358331216,19.0,7484512,21.5,11,1.2
"US000","5","621330","18","0","2025","1","",51748,277721,282279,281964,3422902036,2247618822,42360215,938,"",1.00,1.00,1.00,1.00,1.00,1.00,1.00,1.00,"",7760,17.6,44731,19.2,45043,19.0,44536,18.8,579171106,20.4,358331216,19.0,7484512,21.5,11,1.2
"US000","5","62134","17","0","2025","1","",53473,508407,511842,512077,6623134548,4174296816,58265997,997,"",1.00,1.00,1.00,1.00,1.00,1.00,1.00,1.00,"",2643,5.2,28699,6.0,27390,5.7,26836,5.5,469354976,7.6,224310705,5.7,1827321,3.2,17,1.7
"US000","5","621340","18","0","2025","1","",53473,508407,511842,512077,6623134548,4174296816,58265997,997,"",1.00,1.00,1.00,1.00,1.00,1.00,1.00,1.00,"",2643,5.2,28699,6.0,27390,5.7,26836,5.5,469354976,7.6,224310705,5.7,1827321,3.2,17,1.7
"US000","5","62139","17","0","2025","1","",48437,198820,200260,200267,3068160783,1688628885,26689530,1181,"",1.00,1.00,1.00,1.00,1.00,1.00,1.00,1.00,"",4261,9.6,13690,7.4,13513,7.2,13206,7.1,278602323,10.0,134882587,8.7,1520352,6.0,29,2.5
"US000","5","621391","18","0","2025","1","",6498,32549,32619,32471,485727217,270393172,3967767,1148,"",1.00,1.00,1.00,1.00,1.00,1.00,1.00,1.00,"",-103,-1.6,-512,-1.5,-431,-1.3,-422,-1.3,15290204,3.3,-1322831,-0.5,-34515,-0.9,51,4.6
"US000","5","621399","18","0","2025","1","",41939,166271,167641,167796,2582433566,1418235713,22721763,1188,"",1.00,1.00,1.00,1.00,1.00,1.00,1.00,1.00,"",4364,11.6,14202,9.3,13944,9.1,13628,8.8,263312119,11.4,136205418,10.6,1554867,7.3,24,2.1
"US000","5","6214","16","0","2025","1","",53873,1162924,1166766,1166810,25048525878,7467042762,118482627,1653,"",1.00,1.00,1.00,1.00,1.00,1.00,1.00,1.00,"",2011,3.9,64136,5.8,65292,5.9,59020,5.3,2486295196,11.0,315650341,4.4,7648399,6.9,79,5.0
"US000","5","62141","17","0","2025","1","",3091,27874,29583,29538,524752647,190984711,3789513,1392,"",1.00,1.00,1.00,1.00,1.00,1.00,1.00,1.00,"",122,4.1,-1346,-4.6,212,0.7,-65,-0.2,20859373,4.1,2394968,1.3,199881,5.6,74,5.6
"US000","5","621410","18","0","2025","1","",3091,27874,29583,29538,524752647,190984711,3789513,1392,"",1.00,1.00,1.00,1.00,1.00,1.00,1.00,1.00,"",122,4.1,-1346,-4.6,212,0.7,-65,-0.2,20859373,4.1,2394968,1.3,199881,5.6,74,5.6
"US000","5","62142","17","0","2025","1","",18573,323689,325091,325106,4706616498,1863297351,33043977,1115,"",1.00,1.00,1.00,1.00,1.00,1.00,1.00,1.00,"",1400,8.2,17720,5.8,17524,5.7,16872,5.5,365640752,8.4,144890886,8.4,2584615,8.5,28,2.6
"US000","5","621420","18","0","2025","1","",18573,323689,325091,325106,4706616498,1863297351,33043977,1115,"",1.00,1.00,1.00,1.00,1.00,1.00,1.00,1.00,"",1400,8.2,17720,5.8,17524,5.7,16872,5.5,365640752,8.4,144890886,8.4,2584615,8.5,28,2.6
"US000","5","62149","17","0","2025","1","",32209,811361,812092,812166,19817156733,5412760700,81649137,1878,"",1.00,1.00,1.00,1.00,1.00,1.00,1.00,1.00,"",489,1.5,47762,6.3,47556,6.2,42213,5.5,2099795071,11.9,168364487,3.2,4863903,6.3,99,5.6
"US000","5","621491","18","0","2025","1","",2892,233710,233236,233250,8269650398,1095829608,18292699,2725,"",1.00,1.00,1.00,1.00,1.00,1.00,1.00,1.00,"",-89,-3.0,19645,9.2,19672,9.2,15832,7.3,1045083313,14.5,-64797892,-5.6,850006,4.9,140,5.4
"US000","5","621492","18","0","2025","1","",7942,129791,129798,130202,2377346997,1229640359,14793464,1407,"",1.00,1.00,1.00,1.00,1.00,1.00,1.00,1.00,"",-95,-1.2,1437,1.1,1489,1.2,1601,1.2,37440036,1.6,11442275,0.9,446844,3.1,5,0.4
"US000","5","621493","18","0","2025","1","",9153,182036,182506,182170,3432813019,1465069142,21928375,1449,"",1.00,1.00,1.00,1.00,1.00,1.00,1.00,1.00,"",-52,-0.6,4851,2.7,5075,2.9,4581,2.6,165606338,5.1,34557381,2.4,369424,1.7,32,2.3
"US000","5","621498","18","0","2025","1","",12222,265824,266552,266544,5737346319,1622221591,26634599,1657,"",1.00,1.00,1.00,1.00,1.00,1.00,1.00,1.00,"",725,6.3,21829,8.9,21320,8.7,20199,8.2,851665384,17.4,187162723,13.0,3197629,13.6,124,8.1
"US000","5","6215","16","0","2025","1","",29785,309058,310759,309390,7180605645,2924133161,45769739,1783,"",1.00,1.00,1.00,1.00,1.00,1.00,1.00,1.00,"",631,2.2,-1795,-0.6,-764,-0.2,-1394,-0.4,216381745,3.1,-64838025,-2.2,-5793,0.0,61,3.5
"US000","5","62151","17","0","2025","1","",29785,309058,310759,309390,7180605645,2924133161,45769739,1783,"",1.00,1.00,1.00,1.00,1.00,1.00,1.00,1.00,"",631,2.2,-1795,-0.6,-764,-0.2,-1394,-0.4,216381745,3.1,-64838025,-2.2,-5793,0.0,61,3.5
"US000","5","621511","18","0","2025","1","",22126,221472,222887,221552,5267773080,2128415788,33770877,1826,"",1.00,1.00,1.00,1.00,1.00,1.00,1.00,1.00,"",352,1.6,-5100,-2.3,-3991,-1.8,-4438,-2.0,104542214,2.0,-99382629,-4.5,-459494,-1.3,72,4.1
"US000","5","621512","18","0","2025","1","",7659,87586,87872,87838,1912832565,795717373,11998862,1677,"",1.00,1.00,1.00,1.00,1.00,1.00,1.00,1.00,"",279,3.8,3305,3.9,3227,3.8,3044,3.6,111839531,6.2,34544604,4.5,453701,3.9,39,2.4
"US000","5","6216","16","0","2025","1","",53636,1815172,1827449,1831103,18853414749,11829303189,200749867,795,"",1.00,1.00,1.00,1.00,1.00,1.00,1.00,1.00,"",3241,6.4,141924,8.5,135962,8.0,129350,7.6,1499094065,8.6,1024529883,9.5,11867509,6.3,5,0.6
"US000","5","62161","17","0","2025","1","",53636,1815172,1827449,1831103,18853414749,11829303189,200749867,795,"",1.00,1.00,1.00,1.00,1.00,1.00,1.00,1.00,"",3241,6.4,141924,8.5,135962,8.0,129350,7.6,1499094065,8.6,1024529883,9.5,11867509,6.3,5,0.6
"US000","5","621610","18","0","2025","1","",53636,1815172,1827449,1831103,18853414749,11829303189,200749867,795,"",1.00,1.00,1.00,1.00,1.00,1.00,1.00,1.00,"",3241,6.4,141924,8.5,135962,8.0,129350,7.6,1499094065,8.6,1024529883,9.5,11867509,6.3,5,0.6
"US000","5","6219","16","0","2025","1","",21880,360132,361318,362424,6370304080,3018230637,48475067,1356,"",1.00,1.00,1.00,1.00,1.00,1.00,1.00,1.00,"",1045,5.0,8034,2.3,7218,2.0,6989,2.0,379498561,6.3,109857912,3.8,3572347,8.0,54,4.1
"US000","5","62191","17","0","2025","1","",5820,172979,173972,175260,2668643385,1498620867,20406826,1179,"",1.00,1.00,1.00,1.00,1.00,1.00,1.00,1.00,"",26,0.4,6060,3.6,5861,3.5,6095,3.6,227660724,9.3,72089433,5.1,1385541,7.3,62,5.6
"US000","5","621910","18","0","2025","1","",5820,172979,173972,175260,2668643385,1498620867,20406826,1179,"",1.00,1.00,1.00,1.00,1.00,1.00,1.00,1.00,"",26,0.4,6060,3.6,5861,3.5,6095,3.6,227660724,9.3,72089433,5.1,1385541,7.3,62,5.6
"US000","5","62199","17","0","2025","1","",16060,187153,187346,187164,3701660695,1519609770,28068241,1521,"",1.00,1.00,1.00,1.00,1.00,1.00,1.00,1.00,"",1019,6.8,1974,1.1,1357,0.7,894,0.5,151837837,4.3,37768479,2.5,2186806,8.4,51,3.5
"US000","5","621991","18","0","2025","1","",2487,87904,87274,87011,1460401837,561258445,9267842,1285,"",1.00,1.00,1.00,1.00,1.00,1.00,1.00,1.00,"",56,2.3,197,0.2,-404,-0.5,-821,-0.9,65374257,4.7,-96676,0.0,515317,5.9,62,5.1
"US000","5","621999","18","0","2025","1","",13573,99249,100072,100153,2241258858,958351325,18800399,1727,"",1.00,1.00,1.00,1.00,1.00,1.00,1.00,1.00,"",963,7.6,1777,1.8,1761,1.8,1715,1.7,86463580,4.0,37865155,4.1,1671489,9.8,37,2.2
"US000","5","622","15","0","2025","1","",16540,5512292,5519402,5538477,119336684582,9815606075,104176967,1662,"",1.00,1.00,1.00,1.00,1.00,1.00,1.00,1.00,"",1240,8.1,145154,2.7,135776,2.5,125139,2.3,6947227913,6.2,339707453,3.6,8873728,9.3,57,3.6
"US000","5","6221","16","0","2025","1","",12306,5106616,5111797,5129887,111417702228,7825130243,79443117,1675,"",1.00,1.00,1.00,1.00,1.00,1.00,1.00,1.00,"",1081,9.6,136505,2.7,127185,2.6,118637,2.4,6551207439,6.2,251736439,3.3,7852599,11.0,58,3.6
"US000","5","62211","17","0","2025","1","",12306,5106616,5111797,5129887,111417702228,7825130243,79443117,1675,"",1.00,1.00,1.00,1.00,1.00,1.00,1.00,1.00,"",1081,9.6,136505,2.7,127185,2.6,118637,2.4,6551207439,6.2,251736439,3.3,7852599,11.0,58,3.6
"US000","5","622110","18","0","2025","1","",12306,5106616,5111797,5129887,111417702228,7825130243,79443117,1675,"",1.00,1.00,1.00,1.00,1.00,1.00,1.00,1.00,"",1081,9.6,136505,2.7,127185,2.6,118637,2.4,6551207439,6.2,251736439,3.3,7852599,11.0,58,3.6
"US000","5","6222","16","0","2025","1","",1579,131217,131970,132176,2206327055,896126401,12288812,1288,"",1.00,1.00,1.00,1.00,1.00,1.00,1.00,1.00,"",26,1.7,2314,1.8,2128,1.6,1490,1.1,129191806,6.2,36883691,4.3,379267,3.2,57,4.6
"US000","5","62221","17","0","2025","1","",1579,131217,131970,132176,2206327055,896126401,12288812,1288,"",1.00,1.00,1.00,1.00,1.00,1.00,1.00,1.00,"",26,1.7,2314,1.8,2128,1.6,1490,1.1,129191806,6.2,36883691,4.3,379267,3.2,57,4.6
"US000","5","622210","18","0","2025","1","",1579,131217,131970,132176,2206327055,896126401,12288812,1288,"",1.00,1.00,1.00,1.00,1.00,1.00,1.00,1.00,"",26,1.7,2314,1.8,2128,1.6,1490,1.1,129191806,6.2,36883691,4.3,379267,3.2,57,4.6
"US000","5","6223","16","0","2025","1","",2655,274459,275635,276414,5712655299,1094349431,12445038,1595,"",1.00,1.00,1.00,1.00,1.00,1.00,1.00,1.00,"",133,5.3,6335,2.4,6463,2.4,5012,1.8,266828668,4.9,51087323,4.9,641862,5.4,41,2.6
"US000","5","62231","17","0","2025","1","",2655,274459,275635,276414,5712655299,1094349431,12445038,1595,"",1.00,1.00,1.00,1.00,1.00,1.00,1.00,1.00,"",133,5.3,6335,2.4,6463,2.4,5012,1.8,266828668,4.9,51087323,4.9,641862,5.4,41,2.6
"US000","5","622310","18","0","2025","1","",2655,274459,275635,276414,5712655299,1094349431,12445038,1595,"",1.00,1.00,1.00,1.00,1.00,1.00,1.00,1.00,"",133,5.3,6335,2.4,6463,2.4,5012,1.8,266828668,4.9,51087323,4.9,641862,5.4,41,2.6
"US000","5","623","15","0","2025","1","",92209,3370021,3378719,3391082,38767869001,21397582126,310767150,882,"",1.00,1.00,1.00,1.00,1.00,1.00,1.00,1.00,"",1706,1.9,136808,4.2,126424,3.9,119426,3.7,2317643323,6.4,1194155975,5.9,13863519,4.7,20,2.3
"US000","5","6231","16","0","2025","1","",20155,1518932,1523777,1530381,18617969377,11282024409,156492192,940,"",1.00,1.00,1.00,1.00,1.00,1.00,1.00,1.00,"",302,1.5,61973,4.3,57272,3.9,55646,3.8,1034993935,5.9,639512005,6.0,7201595,4.8,17,1.8
"US000","5","62311","17","0","2025","1","",20155,1518932,1523777,1530381,18617969377,11282024409,156492192,940,"",1.00,1.00,1.00,1.00,1.00,1.00,1.00,1.00,"",302,1.5,61973,4.3,57272,3.9,55646,3.8,1034993935,5.9,639512005,6.0,7201595,4.8,17,1.8
"US000","5","623110","18","0","2025","1","",20155,1518932,1523777,1530381,18617969377,11282024409,156492192,940,"",1.00,1.00,1.00,1.00,1.00,1.00,1.00,1.00,"",302,1.5,61973,4.3,57272,3.9,55646,3.8,1034993935,5.9,639512005,6.0,7201595,4.8,17,1.8
"US000","5","6232","16","0","2025","1","",35202,679013,682423,684697,8045710409,3186707283,50671093,907,"",1.00,1.00,1.00,1.00,1.00,1.00,1.00,1.00,"",649,1.9,28764,4.4,27234,4.2,25543,3.9,551703610,7.4,160329272,5.3,3059156,6.4,27,3.1
"US000","5","62321","17","0","2025","1","",24981,413269,415624,417319,4571221003,1705627740,22347497,846,"",1.00,1.00,1.00,1.00,1.00,1.00,1.00,1.00,"",478,2.0,20544,5.2,19577,4.9,18902,4.7,350284701,8.3,103121145,6.4,1240306,5.9,26,3.2
"US000","5","623210","18","0","2025","1","",24981,413269,415624,417319,4571221003,1705627740,22347497,846,"",1.00,1.00,1.00,1.00,1.00,1.00,1.00,1.00,"",478,2.0,20544,5.2,19577,4.9,18902,4.7,350284701,8.3,103121145,6.4,1240306,5.9,26,3.2
"US000","5","62322","17","0","2025","1","",10221,265744,266799,267378,3474489406,1481079543,28323596,1002,"",1.00,1.00,1.00,1.00,1.00,1.00,1.00,1.00,"",171,1.7,8220,3.2,7657,3.0,6641,2.5,201418909,6.2,57208127,4.0,1818850,6.9,30,3.1
"US000","5","623220","18","0","2025","1","",10221,265744,266799,267378,3474489406,1481079543,28323596,1002,"",1.00,1.00,1.00,1.00,1.00,1.00,1.00,1.00,"",171,1.7,8220,3.2,7657,3.0,6641,2.5,201418909,6.2,57208127,4.0,1818850,6.9,30,3.1
"US000","5","6233","16","0","2025","1","",29404,1006294,1005914,1008434,10139435526,6091827644,91371567,775,"",1.00,1.00,1.00,1.00,1.00,1.00,1.00,1.00,"",689,2.4,40848,4.2,37167,3.8,33116,3.4,628650397,6.6,340192368,5.9,3730500,4.3,21,2.8
"US000","5","62331","17","0","2025","1","",29404,1006294,1005914,1008434,10139435526,6091827644,91371567,775,"",1.00,1.00,1.00,1.00,1.00,1.00,1.00,1.00,"",689,2.4,40848,4.2,37167,3.8,33116,3.4,628650397,6.6,340192368,5.9,3730500,4.3,21,2.8
"US000","5","623311","18","0","2025","1","",7229,494588,493745,495141,5213514817,2509858262,33902587,811,"",1.00,1.00,1.00,1.00,1.00,1.00,1.00,1.00,"",54,0.8,17470,3.7,16116,3.4,13630,2.8,324135882,6.6,133816638,5.6,1037433,3.2,25,3.2
"US000","5","623312","18","0","2025","1","",22175,511706,512169,513293,4925920709,3581969382,57468980,740,"",1.00,1.00,1.00,1.00,1.00,1.00,1.00,1.00,"",635,2.9,23378,4.8,21051,4.3,19486,3.9,304514515,6.6,206375730,6.1,2693067,4.9,16,2.2
"US000","5","6239","16","0","2025","1","",7448,165782,166605,167570,1964753689,837022790,12232298,907,"",1.00,1.00,1.00,1.00,1.00,1.00,1.00,1.00,"",66,0.9,5223,3.3,4751,2.9,5121,3.2,102295381,5.5,54122330,6.9,-127732,-1.0,21,2.4
"US000","5","62399","17","0","2025","1","",7448,165782,166605,167570,1964753689,837022790,12232298,907,"",1.00,1.00,1.00,1.00,1.00,1.00,1.00,1.00,"",66,0.9,5223,3.3,4751,2.9,5121,3.2,102295381,5.5,54122330,6.9,-127732,-1.0,21,2.4
"US000","5","623990","18","0","2025","1","",7448,165782,166605,167570,1964753689,837022790,12232298,907,"",1.00,1.00,1.00,1.00,1.00,1.00,1.00,1.00,"",66,0.9,5223,3.3,4751,2.9,5121,3.2,102295381,5.5,54122330,6.9,-127732,-1.0,21,2.4
"US000","5","624","15","0","2025","1","",1165362,4825879,4836091,4849657,41374952722,26133338706,516508836,658,"",1.00,1.00,1.00,1.00,1.00,1.00,1.00,1.00,"",33346,2.9,259556,5.7,240744,5.2,232091,5.0,2963420606,7.7,1848743392,7.6,41157761,8.7,15,2.3
"US000","5","6241","16","0","2025","1","",1061756,3318849,3326119,3333529,27413869861,17651408652,369912711,634,"",1.00,1.00,1.00,1.00,1.00,1.00,1.00,1.00,"",32303,3.1,229313,7.4,218744,7.0,212356,6.8,2418690738,9.7,1615271337,10.1,34590240,10.3,15,2.4
"US000","5","62411","17","0","2025","1","",14374,234600,236372,236539,2682193165,1068796922,19249482,875,"",1.00,1.00,1.00,1.00,1.00,1.00,1.00,1.00,"",344,2.5,7871,3.5,6471,2.8,4746,2.0,136783929,5.4,37697596,3.7,731988,4.0,22,2.6
"US000","5","624110","18","0","2025","1","",14374,234600,236372,236539,2682193165,1068796922,19249482,875,"",1.00,1.00,1.00,1.00,1.00,1.00,1.00,1.00,"",344,2.5,7871,3.5,6471,2.8,4746,2.0,136783929,5.4,37697596,3.7,731988,4.0,22,2.6
"US000","5","62412","17","0","2025","1","",1001823,2558514,2561899,2571679,18061122852,13437209560,284819654,542,"",1.00,1.00,1.00,1.00,1.00,1.00,1.00,1.00,"",30445,3.1,203742,8.7,197320,8.3,196163,8.3,1913844130,11.9,1406812137,11.7,30632070,12.1,17,3.2
"US000","5","624120","18","0","2025","1","",1001823,2558514,2561899,2571679,18061122852,13437209560,284819654,542,"",1.00,1.00,1.00,1.00,1.00,1.00,1.00,1.00,"",30445,3.1,203742,8.7,197320,8.3,196163,8.3,1913844130,11.9,1406812137,11.7,30632070,12.1,17,3.2
"US000","5","62419","17","0","2025","1","",45559,525735,527848,525311,6670553844,3145402170,65843575,975,"",1.00,1.00,1.00,1.00,1.00,1.00,1.00,1.00,"",1514,3.4,17700,3.5,14953,2.9,11447,2.2,368062679,5.8,170761604,5.7,3226182,5.2,27,2.8
"US000","5","624190","18","0","2025","1","",45559,525735,527848,525311,6670553844,3145402170,65843575,975,"",1.00,1.00,1.00,1.00,1.00,1.00,1.00,1.00,"",1514,3.4,17700,3.5,14953,2.9,11447,2.2,368062679,5.8,170761604,5.7,3226182,5.2,27,2.8
"US000","5","6242","16","0","2025","1","",15031,235148,234127,233872,3218612006,1375844200,29495049,1056,"",1.00,1.00,1.00,1.00,1.00,1.00,1.00,1.00,"",443,3.0,8792,3.9,6413,2.8,5266,2.3,215465155,7.2,84573849,6.5,3272902,12.5,41,4.0
"US000","5","62421","17","0","2025","1","",4155,50217,50329,50401,627108447,295372092,5370873,959,"",1.00,1.00,1.00,1.00,1.00,1.00,1.00,1.00,"",64,1.6,821,1.7,571,1.1,553,1.1,28956398,4.8,9565368,3.3,190864,3.7,33,3.6
"US000","5","624210","18","0","2025","1","",4155,50217,50329,50401,627108447,295372092,5370873,959,"",1.00,1.00,1.00,1.00,1.00,1.00,1.00,1.00,"",64,1.6,821,1.7,571,1.1,553,1.1,28956398,4.8,9565368,3.3,190864,3.7,33,3.6
"US000","5","62422","17","0","2025","1","",8159,146936,147100,147324,1936998022,878819593,19868736,1013,"",1.00,1.00,1.00,1.00,1.00,1.00,1.00,1.00,"",274,3.5,6153,4.4,5491,3.9,5175,3.6,136485952,7.6,64700660,7.9,2593432,15.0,34,3.5
"US000","5","624221","18","0","2025","1","",4326,96458,96410,96663,1151530886,524681468,11493808,918,"",1.00,1.00,1.00,1.00,1.00,1.00,1.00,1.00,"",57,1.3,3918,4.2,3435,3.7,3284,3.5,80683346,7.5,40581454,8.4,1487834,14.9,32,3.6
"US000","5","624229","18","0","2025","1","",3833,50478,50690,50661,785467136,354138125,8374928,1194,"",1.00,1.00,1.00,1.00,1.00,1.00,1.00,1.00,"",217,6.0,2235,4.6,2056,4.2,1891,3.9,55802606,7.6,24119206,7.3,1105598,15.2,38,3.3
"US000","5","62423","17","0","2025","1","",2717,37995,36698,36147,654505537,201652515,4255440,1363,"",1.00,1.00,1.00,1.00,1.00,1.00,1.00,1.00,"",105,4.0,1818,5.0,351,1.0,-462,-1.3,50022805,8.3,10307821,5.4,488606,13.0,85,6.7
"US000","5","624230","18","0","2025","1","",2717,37995,36698,36147,654505537,201652515,4255440,1363,"",1.00,1.00,1.00,1.00,1.00,1.00,1.00,1.00,"",105,4.0,1818,5.0,351,1.0,-462,-1.3,50022805,8.3,10307821,5.4,488606,13.0,85,6.7
"US000","5","6243","16","0","2025","1","",9669,281272,282298,283065,2783526389,957744318,14766454,759,"",1.00,1.00,1.00,1.00,1.00,1.00,1.00,1.00,"",44,0.5,4240,1.5,2026,0.7,1002,0.4,97343643,3.6,16627426,1.8,356873,2.5,20,2.7
"US000","5","62431","17","0","2025","1","",9669,281272,282298,283065,2783526389,957744318,14766454,759,"",1.00,1.00,1.00,1.00,1.00,1.00,1.00,1.00,"",44,0.5,4240,1.5,2026,0.7,1002,0.4,97343643,3.6,16627426,1.8,356873,2.5,20,2.7
"US000","5","624310","18","0","2025","1","",9669,281272,282298,283065,2783526389,957744318,14766454,759,"",1.00,1.00,1.00,1.00,1.00,1.00,1.00,1.00,"",44,0.5,4240,1.5,2026,0.7,1002,0.4,97343643,3.6,16627426,1.8,356873,2.5,20,2.7
"US000","5","6244","16","0","2025","1","",78906,990610,993547,999191,7958944466,6148341536,102334622,616,"",1.00,1.00,1.00,1.00,1.00,1.00,1.00,1.00,"",556,0.7,17211,1.8,13561,1.4,13467,1.4,231921070,3.0,132270780,2.2,2937746,3.0,9,1.5
"US000","5","62441","17","0","2025","1","",78906,990610,993547,999191,7958944466,6148341536,102334622,616,"",1.00,1.00,1.00,1.00,1.00,1.00,1.00,1.00,"",556,0.7,17211,1.8,13561,1.4,13467,1.4,231921070,3.0,132270780,2.2,2937746,3.0,9,1.5
"US000","5","624410","18","0","2025","1","",78906,990610,993547,999191,7958944466,6148341536,102334622,616,"",1.00,1.00,1.00,1.00,1.00,1.00,1.00,1.00,"",556,0.7,17211,1.8,13561,1.4,13467,1.4,231921070,3.0,132270780,2.2,2937746,3.0,9,1.5
"US000","5","71","14","0","2025","1","",186567,2376511,2409286,2502023,31073046244,14192606741,268181528,984,"",1.00,1.00,1.00,1.00,1.00,1.00,1.00,1.00,"",3083,1.7,73612,3.2,57666,2.5,63370,2.6,1814099948,6.2,529471778,3.9,12101240,4.7,32,3.4
"US000","5","711","15","0","2025","1","",80874,504847,530429,564263,14811301790,3938384455,89565539,2137,"",1.00,1.00,1.00,1.00,1.00,1.00,1.00,1.00,"",1477,1.9,6842,1.4,6636,1.3,10978,2.0,901044442,6.5,80718320,2.1,2678281,3.1,99,4.9
"US000","5","7111","16","0","2025","1","",13065,121245,132197,135439,1601120152,842624219,25577821,950,"",1.00,1.00,1.00,1.00,1.00,1.00,1.00,1.00,"",183,1.4,-26,0.0,1332,1.0,1660,1.2,13434148,0.8,5247280,0.6,26219,0.1,1,0.1
"US000","5","71111","17","0","2025","1","",4100,64693,70729,72847,818195837,469574008,15187130,907,"",1.00,1.00,1.00,1.00,1.00,1.00,1.00,1.00,"",51,1.3,1457,2.3,1539,2.2,2653,3.8,56016642,7.3,19301207,4.3,852091,5.9,39,4.5
"US000","5","711110","18","0","2025","1","",4100,64693,70729,72847,818195837,469574008,15187130,907,"",1.00,1.00,1.00,1.00,1.00,1.00,1.00,1.00,"",51,1.3,1457,2.3,1539,2.2,2653,3.8,56016642,7.3,19301207,4.3,852091,5.9,39,4.5
"US000","5","71112","17","0","2025","1","",1619,15329,16799,16654,152072602,100244834,4226953,719,"",1.00,1.00,1.00,1.00,1.00,1.00,1.00,1.00,"",113,7.5,838,5.8,1203,7.7,1112,7.2,11439810,8.1,7241428,7.8,235091,5.9,8,1.1
"US000","5","711120","18","0","2025","1","",1619,15329,16799,16654,152072602,100244834,4226953,719,"",1.00,1.00,1.00,1.00,1.00,1.00,1.00,1.00,"",113,7.5,838,5.8,1203,7.7,1112,7.2,11439810,8.1,7241428,7.8,235091,5.9,8,1.1
"US000","5","71113","17","0","2025","1","",5926,32353,35052,36057,474708043,184248252,4468423,1059,"",1.00,1.00,1.00,1.00,1.00,1.00,1.00,1.00,"",-79,-1.3,-2322,-6.7,-1689,-4.6,-2026,-5.3,-52730190,-10.0,-19960982,-9.8,-793166,-15.1,-53,-4.8
"US000","5","711130","18","0","2025","1","",5926,32353,35052,36057,474708043,184248252,4468423,1059,"",1.00,1.00,1.00,1.00,1.00,1.00,1.00,1.00,"",-79,-1.3,-2322,-6.7,-1689,-4.6,-2026,-5.3,-52730190,-10.0,-19960982,-9.8,-793166,-15.1,-53,-4.8
"US000","5","71119","17","0","2025","1","",1420,8870,9617,9881,156143670,88557125,1695315,1270,"",1.00,1.00,1.00,1.00,1.00,1.00,1.00,1.00,"",98,7.4,1,0.0,279,3.0,-79,-0.8,-1292114,-0.8,-1334373,-1.5,-267797,-13.6,-20,-1.6
"US000","5","711190","18","0","2025","1","",1420,8870,9617,9881,156143670,88557125,1695315,1270,"",1.00,1.00,1.00,1.00,1.00,1.00,1.00,1.00,"",98,7.4,1,0.0,279,3.0,-79,-0.8,-1292114,-0.8,-1334373,-1.5,-267797,-13.6,-20,-1.6
"US000","5","7112","16","0","2025","1","",8714,140917,145398,164323,8047531599,1294201271,20097253,4121,"",1.00,1.00,1.00,1.00,1.00,1.00,1.00,1.00,"",169,2.0,4176,3.1,4248,3.0,6105,3.9,652584114,8.8,64165118,5.2,754298,3.9,208,5.3
"US000","5","71121","17","0","2025","1","",8714,140917,145398,164323,8047531599,1294201271,20097253,4121,"",1.00,1.00,1.00,1.00,1.00,1.00,1.00,1.00,"",169,2.0,4176,3.1,4248,3.0,6105,3.9,652584114,8.8,64165118,5.2,754298,3.9,208,5.3
"US000","5","711211","18","0","2025","1","",3887,99785,103169,119938,7307495520,912019575,14585222,5223,"",1.00,1.00,1.00,1.00,1.00,1.00,1.00,1.00,"",213,5.8,3679,3.8,4445,4.5,6385,5.6,615442976,9.2,53908440,6.3,741372,5.4,215,4.3
"US000","5","711212","18","0","2025","1","",729,19482,20215,22169,356714891,153188637,2669424,1331,"",1.00,1.00,1.00,1.00,1.00,1.00,1.00,1.00,"",-8,-1.1,3,0.0,-580,-2.8,-642,-2.8,12830713,3.7,775557,0.5,494,0.0,73,5.8
"US000","5","711219","18","0","2025","1","",4098,21650,22014,22216,383321188,228993059,2842607,1343,"",1.00,1.00,1.00,1.00,1.00,1.00,1.00,1.00,"",-36,-0.9,494,2.3,383,1.8,362,1.7,24310425,6.8,9481121,4.3,12432,0.4,61,4.8
"US000","5","7113","16","0","2025","1","",11613,160517,167697,178752,2688808998,1098616427,26274917,1224,"",1.00,1.00,1.00,1.00,1.00,1.00,1.00,1.00,"",467,4.2,8405,5.5,7205,4.5,8340,4.9,292706037,12.2,62997219,6.1,2447958,10.3,79,6.9
"US000","5","71131","17","0","2025","1","",4929,123513,129926,138967,1881816019,773045195,19261421,1107,"",1.00,1.00,1.00,1.00,1.00,1.00,1.00,1.00,"",178,3.7,5156,4.4,5389,4.3,5930,4.5,168600410,9.8,42026824,5.7,1561003,8.8,55,5.2
"US000","5","711310","18","0","2025","1","",4929,123513,129926,138967,1881816019,773045195,19261421,1107,"",1.00,1.00,1.00,1.00,1.00,1.00,1.00,1.00,"",178,3.7,5156,4.4,5389,4.3,5930,4.5,168600410,9.8,42026824,5.7,1561003,8.8,55,5.2
"US000","5","71132","17","0","2025","1","",6684,37004,37771,39785,806992979,325571232,7013496,1626,"",1.00,1.00,1.00,1.00,1.00,1.00,1.00,1.00,"",289,4.5,3249,9.6,1816,5.1,2410,6.4,124105627,18.2,20970395,6.9,886955,14.5,154,10.5
"US000","5","711320","18","0","2025","1","",6684,37004,37771,39785,806992979,325571232,7013496,1626,"",1.00,1.00,1.00,1.00,1.00,1.00,1.00,1.00,"",289,4.5,3249,9.6,1816,5.1,2410,6.4,124105627,18.2,20970395,6.9,886955,14.5,154,10.5
"US000","5","7114","16","0","2025","1","",7169,27806,28911,29751,1194519224,248957336,7063669,3188,"",1.00,1.00,1.00,1.00,1.00,1.00,1.00,1.00,"",269,3.9,-359,-1.3,-2132,-6.9,-1095,-3.5,197495104,19.8,45647,0.0,636392,9.9,633,24.8
"US000","5","71141","17","0","2025","1","",7169,27806,28911,29751,1194519224,248957336,7063669,3188,"",1.00,1.00,1.00,1.00,1.00,1.00,1.00,1.00,"",269,3.9,-359,-1.3,-2132,-6.9,-1095,-3.5,197495104,19.8,45647,0.0,636392,9.9,633,24.8
"US000","5","711410","18","0","2025","1","",7169,27806,28911,29751,1194519224,248957336,7063669,3188,"",1.00,1.00,1.00,1.00,1.00,1.00,1.00,1.00,"",269,3.9,-359,-1.3,-2132,-6.9,-1095,-3.5,197495104,19.8,45647,0.0,636392,9.9,633,24.8
"US000","5","7115","16","0","2025","1","",40313,54362,56226,55998,1279321817,453985202,10551879,1772,"",1.00,1.00,1.00,1.00,1.00,1.00,1.00,1.00,"",389,1.0,-5354,-9.0,-4017,-6.7,-4032,-6.7,-255174961,-16.6,-51736944,-10.2,-1186586,-10.1,-195,-9.9
"US000","5","71151","17","0","2025","1","",40313,54362,56226,55998,1279321817,453985202,10551879,1772,"",1.00,1.00,1.00,1.00,1.00,1.00,1.00,1.00,"",389,1.0,-5354,-9.0,-4017,-6.7,-4032,-6.7,-255174961,-16.6,-51736944,-10.2,-1186586,-10.1,-195,-9.9
"US000","5","711510","18","0","2025","1","",40313,54362,56226,55998,1279321817,453985202,10551879,1772,"",1.00,1.00,1.00,1.00,1.00,1.00,1.00,1.00,"",389,1.0,-5354,-9.0,-4017,-6.7,-4032,-6.7,-255174961,-16.6,-51736944,-10.2,-1186586,-10.1,-195,-9.9
"US000","5","712","15","0","2025","1","",7962,166448,166092,171318,2099339662,692647053,10532392,962,"",1.00,1.00,1.00,1.00,1.00,1.00,1.00,1.00,"",143,1.8,3266,2.0,3044,1.9,1837,1.1,91611785,4.6,13820562,2.0,412431,4.1,27,2.9
"US000","5","7121","16","0","2025","1","",7962,166448,166092,171318,2099339662,692647053,10532392,962,"",1.00,1.00,1.00,1.00,1.00,1.00,1.00,1.00,"",143,1.8,3266,2.0,3044,1.9,1837,1.1,91611785,4.6,13820562,2.0,412431,4.1,27,2.9
"US000","5","71211","17","0","2025","1","",5355,98275,98813,99887,1301339980,412188304,6994443,1011,"",1.00,1.00,1.00,1.00,1.00,1.00,1.00,1.00,"",86,1.6,2227,2.3,2259,2.3,1772,1.8,57668776,4.6,9911801,2.5,356315,5.4,24,2.4
"US000","5","712110","18","0","2025","1","",5355,98275,98813,99887,1301339980,412188304,6994443,1011,"",1.00,1.00,1.00,1.00,1.00,1.00,1.00,1.00,"",86,1.6,2227,2.3,2259,2.3,1772,1.8,57668776,4.6,9911801,2.5,356315,5.4,24,2.4
"US000","5","71212","17","0","2025","1","",703,12027,11948,12696,135453845,62924014,779558,852,"",1.00,1.00,1.00,1.00,1.00,1.00,1.00,1.00,"",16,2.3,-321,-2.6,-440,-3.6,-573,-4.3,373379,0.3,-2296810,-3.5,10655,1.4,32,3.9
"US000","5","712120","18","0","2025","1","",703,12027,11948,12696,135453845,62924014,779558,852,"",1.00,1.00,1.00,1.00,1.00,1.00,1.00,1.00,"",16,2.3,-321,-2.6,-440,-3.6,-573,-4.3,373379,0.3,-2296810,-3.5,10655,1.4,32,3.9
"US000","5","71213","17","0","2025","1","",955,44068,43209,45842,526072548,153534756,1741038,912,"",1.00,1.00,1.00,1.00,1.00,1.00,1.00,1.00,"",33,3.6,998,2.3,829,2.0,404,0.9,25235882,5.0,3371104,2.2,-31062,-1.8,29,3.3
"US000","5","712130","18","0","2025","1","",955,44068,43209,45842,526072548,153534756,1741038,912,"",1.00,1.00,1.00,1.00,1.00,1.00,1.00,1.00,"",33,3.6,998,2.3,829,2.0,404,0.9,25235882,5.0,3371104,2.2,-31062,-1.8,29,3.3
"US000","5","71219","17","0","2025","1","",949,12078,12122,12893,136473289,63999979,1017353,849,"",1.00,1.00,1.00,1.00,1.00,1.00,1.00,1.00,"",8,0.9,362,3.1,396,3.4,234,1.8,8333748,6.5,2834467,4.6,76523,8.1,30,3.7
"US000","5","712190","18","0","2025","1","",949,12078,12122,12893,136473289,63999979,1017353,849,"",1.00,1.00,1.00,1.00,1.00,1.00,1.00,1.00,"",8,0.9,362,3.1,396,3.4,234,1.8,8333748,6.5,2834467,4.6,76523,8.1,30,3.7
"US000","5","713","15","0","2025","1","",97731,1705216,1712765,1766442,14162404792,9561575233,168083597,630,"",1.00,1.00,1.00,1.00,1.00,1.00,1.00,1.00,"",1463,1.5,63504,3.9,47986,2.9,50555,2.9,821443721,6.2,434932896,4.8,9010528,5.7,17,2.8
"US000","5","7131","16","0","2025","1","",4174,202116,202113,220449,2045466627,1171264227,13276444,756,"",1.00,1.00,1.00,1.00,1.00,1.00,1.00,1.00,"",142,3.5,8104,4.2,2495,1.2,1673,0.8,76982447,3.9,6706961,0.6,1009385,8.2,14,1.9
"US000","5","71311","17","0","2025","1","",1361,168545,168609,185611,1846062979,1008299246,10577672,815,"",1.00,1.00,1.00,1.00,1.00,1.00,1.00,1.00,"",36,2.7,5692,3.5,944,0.6,-81,0.0,67879187,3.8,-2134368,-0.2,869710,9.0,20,2.5
"US000","5","713110","18","0","2025","1","",1361,168545,168609,185611,1846062979,1008299246,10577672,815,"",1.00,1.00,1.00,1.00,1.00,1.00,1.00,1.00,"",36,2.7,5692,3.5,944,0.6,-81,0.0,67879187,3.8,-2134368,-0.2,869710,9.0,20,2.5
"US000","5","71312","17","0","2025","1","",2813,33571,33504,34838,199403648,162964981,2698772,452,"",1.00,1.00,1.00,1.00,1.00,1.00,1.00,1.00,"",106,3.9,2412,7.7,1551,4.9,1754,5.3,9103260,4.8,8841329,5.7,139675,5.5,-5,-1.1
"US000","5","713120","18","0","2025","1","",2813,33571,33504,34838,199403648,162964981,2698772,452,"",1.00,1.00,1.00,1.00,1.00,1.00,1.00,1.00,"",106,3.9,2412,7.7,1551,4.9,1754,5.3,9103260,4.8,8841329,5.7,139675,5.5,-5,-1.1
"US000","5","7132","16","0","2025","1","",4432,127123,128568,128853,1905427722,1180662726,23205521,1143,"",1.00,1.00,1.00,1.00,1.00,1.00,1.00,1.00,"",115,2.7,7293,6.1,7827,6.5,6940,5.7,180821654,10.5,104366277,9.7,1436883,6.6,45,4.1
"US000","5","71321","17","0","2025","1","",462,64536,66092,66374,835488215,573290305,9320460,979,"",1.00,1.00,1.00,1.00,1.00,1.00,1.00,1.00,"",12,2.7,1856,3.0,2869,4.5,2323,3.6,53006943,6.8,32099167,5.9,-597656,-6.0,28,2.9
"US000","5","713210","18","0","2025","1","",462,64536,66092,66374,835488215,573290305,9320460,979,"",1.00,1.00,1.00,1.00,1.00,1.00,1.00,1.00,"",12,2.7,1856,3.0,2869,4.5,2323,3.6,53006943,6.8,32099167,5.9,-597656,-6.0,28,2.9
"US000","5","71329","17","0","2025","1","",3970,62587,62476,62479,1069939507,607372421,13885061,1317,"",1.00,1.00,1.00,1.00,1.00,1.00,1.00,1.00,"",103,2.7,5437,9.5,4958,8.6,4617,8.0,127814711,13.6,72267110,13.5,2034539,17.2,57,4.5
"US000","5","713290","18","0","2025","1","",3970,62587,62476,62479,1069939507,607372421,13885061,1317,"",1.00,1.00,1.00,1.00,1.00,1.00,1.00,1.00,"",103,2.7,5437,9.5,4958,8.6,4617,8.0,127814711,13.6,72267110,13.5,2034539,17.2,57,4.5
"US000","5","7139","16","0","2025","1","",89125,1375977,1382084,1417140,10211510443,7209648280,131601632,564,"",1.00,1.00,1.00,1.00,1.00,1.00,1.00,1.00,"",1206,1.4,48107,3.6,37664,2.8,41942,3.0,563639620,5.8,323859658,4.7,6564260,5.2,14,2.5
"US000","5","71391","17","0","2025","1","",11141,325568,328209,362142,3425332299,2233541329,44993091,778,"",1.00,1.00,1.00,1.00,1.00,1.00,1.00,1.00,"",32,0.3,6786,2.1,3659,1.1,5849,1.6,195445916,6.1,87387361,4.1,1351890,3.1,32,4.3
"US000","5","713910","18","0","2025","1","",11141,325568,328209,362142,3425332299,2233541329,44993091,778,"",1.00,1.00,1.00,1.00,1.00,1.00,1.00,1.00,"",32,0.3,6786,2.1,3659,1.1,5849,1.6,195445916,6.1,87387361,4.1,1351890,3.1,32,4.3
"US000","5","71392","17","0","2025","1","",422,90783,88181,75245,669154166,590369177,14013602,607,"",1.00,1.00,1.00,1.00,1.00,1.00,1.00,1.00,"",-2,-0.5,3045,3.5,1106,1.3,5913,8.5,48016998,7.7,42189759,7.7,1729531,14.1,20,3.4
"US000","5","713920","18","0","2025","1","",422,90783,88181,75245,669154166,590369177,14013602,607,"",1.00,1.00,1.00,1.00,1.00,1.00,1.00,1.00,"",-2,-0.5,3045,3.5,1106,1.3,5913,8.5,48016998,7.7,42189759,7.7,1729531,14.1,20,3.4
"US000","5","71393","17","0","2025","1","",3975,32297,32464,33972,420818613,267539015,5048280,984,"",1.00,1.00,1.00,1.00,1.00,1.00,1.00,1.00,"",-25,-0.6,305,1.0,50,0.2,-99,-0.3,14239612,3.5,3987817,1.5,-11665,-0.2,31,3.3
"US000","5","713930","18","0","2025","1","",3975,32297,32464,33972,420818613,267539015,5048280,984,"",1.00,1.00,1.00,1.00,1.00,1.00,1.00,1.00,"",-25,-0.6,305,1.0,50,0.2,-99,-0.3,14239612,3.5,3987817,1.5,-11665,-0.2,31,3.3
"US000","5","71394","17","0","2025","1","",45349,641848,644229,648994,3645872612,2583950222,41963637,435,"",1.00,1.00,1.00,1.00,1.00,1.00,1.00,1.00,"",802,1.8,28138,4.6,25015,4.0,25057,4.0,233886311,6.9,133445805,5.4,1631626,4.0,11,2.6
"US000","5","713940","18","0","2025","1","",45349,641848,644229,648994,3645872612,2583950222,41963637,435,"",1.00,1.00,1.00,1.00,1.00,1.00,1.00,1.00,"",802,1.8,28138,4.6,25015,4.0,25057,4.0,233886311,6.9,133445805,5.4,1631626,4.0,11,2.6
"US000","5","71395","17","0","2025","1","",3327,70730,70990,71650,452006897,377764502,5521308,489,"",1.00,1.00,1.00,1.00,1.00,1.00,1.00,1.00,"",-32,-1.0,309,0.4,-536,-0.7,-1037,-1.4,-182323,0.0,4325464,1.2,162301,3.0,3,0.6
"US000","5","713950","18","0","2025","1","",3327,70730,70990,71650,452006897,377764502,5521308,489,"",1.00,1.00,1.00,1.00,1.00,1.00,1.00,1.00,"",-32,-1.0,309,0.4,-536,-0.7,-1037,-1.4,-182323,0.0,4325464,1.2,162301,3.0,3,0.6
"US000","5","71399","17","0","2025","1","",24911,214751,218011,225137,1598325856,1156484035,20061714,561,"",1.00,1.00,1.00,1.00,1.00,1.00,1.00,1.00,"",431,1.8,9524,4.6,8370,4.0,6259,2.9,72233106,4.7,52523452,4.8,1700577,9.3,5,0.9
"US000","5","713990","18","0","2025","1","",24911,214751,218011,225137,1598325856,1156484035,20061714,561,"",1.00,1.00,1.00,1.00,1.00,1.00,1.00,1.00,"",431,1.8,9524,4.6,8370,4.0,6259,2.9,72233106,4.7,52523452,4.8,1700577,9.3,5,0.9
"US000","5","72","14","0","2025","1","",792459,13649325,13720502,13882652,103077010130,83076064213,1251631431,577,"",1.00,1.00,1.00,1.00,1.00,1.00,1.00,1.00,"",8400,1.1,31168,0.2,7253,0.1,-20277,-0.1,2536234170,2.5,1497999555,1.8,23944061,2.0,14,2.5
"US000","5","721","15","0","2025","1","",77819,1830062,1844332,1867672,21311864369,15130546396,243541798,887,"",1.00,1.00,1.00,1.00,1.00,1.00,1.00,1.00,"",170,0.2,18293,1.0,16159,0.9,11206,0.6,978249208,4.8,463505230,3.2,9880614,4.2,33,3.9
"US000","5","7211","16","0","2025","1","",67141,1770867,1784133,1804449,20730785174,14753824156,236323567,893,"",1.00,1.00,1.00,1.00,1.00,1.00,1.00,1.00,"",89,0.1,18545,1.1,16958,1.0,11674,0.7,965829265,4.9,462193953,3.2,9827391,4.3,34,4.0
"US000","5","72111","17","0","2025","1","",61282,1496467,1506574,1525286,17033381111,11586879889,190385178,868,"",1.00,1.00,1.00,1.00,1.00,1.00,1.00,1.00,"",79,0.1,18969,1.3,17116,1.1,13165,0.9,929668511,5.8,412397363,3.7,3734421,2.0,38,4.6
"US000","5","721110","18","0","2025","1","",61282,1496467,1506574,1525286,17033381111,11586879889,190385178,868,"",1.00,1.00,1.00,1.00,1.00,1.00,1.00,1.00,"",79,0.1,18969,1.3,17116,1.1,13165,0.9,929668511,5.8,412397363,3.7,3734421,2.0,38,4.6
"US000","5","72112","17","0","2025","1","",418,245765,248887,250053,3395687143,2961262642,41847223,1052,"",1.00,1.00,1.00,1.00,1.00,1.00,1.00,1.00,"",11,2.7,-170,-0.1,357,0.1,-631,-0.3,39985317,1.2,51901031,1.8,6088408,17.0,13,1.3
"US000","5","721120","18","0","2025","1","",418,245765,248887,250053,3395687143,2961262642,41847223,1052,"",1.00,1.00,1.00,1.00,1.00,1.00,1.00,1.00,"",11,2.7,-170,-0.1,357,0.1,-631,-0.3,39985317,1.2,51901031,1.8,6088408,17.0,13,1.3
"US000","5","72119","17","0","2025","1","",5441,28635,28672,29110,301716920,205681625,4091166,806,"",1.00,1.00,1.00,1.00,1.00,1.00,1.00,1.00,"",-1,0.0,-254,-0.9,-515,-1.8,-860,-2.9,-3824563,-1.3,-2104441,-1.0,4562,0.1,5,0.6
"US000","5","721191","18","0","2025","1","",2255,11813,12047,12156,91238953,72889129,1428457,585,"",1.00,1.00,1.00,1.00,1.00,1.00,1.00,1.00,"",-87,-3.7,-399,-3.3,-410,-3.3,-435,-3.5,-5757718,-5.9,-1512941,-2.0,21455,1.5,-16,-2.7
"US000","5","721199","18","0","2025","1","",3186,16822,16625,16954,210477967,132792496,2662709,964,"",1.00,1.00,1.00,1.00,1.00,1.00,1.00,1.00,"",86,2.8,145,0.9,-105,-0.6,-425,-2.4,1933155,0.9,-591500,-0.4,-16893,-0.6,16,1.7
"US000","5","7212","16","0","2025","1","",8960,49529,50004,53030,483249156,310053288,5769318,731,"",1.00,1.00,1.00,1.00,1.00,1.00,1.00,1.00,"",117,1.3,26,0.1,-523,-1.0,-213,-0.4,8765110,1.8,909439,0.3,116510,2.1,17,2.4
"US000","5","72121","17","0","2025","1","",8960,49529,50004,53030,483249156,310053288,5769318,731,"",1.00,1.00,1.00,1.00,1.00,1.00,1.00,1.00,"",117,1.3,26,0.1,-523,-1.0,-213,-0.4,8765110,1.8,909439,0.3,116510,2.1,17,2.4
"US000","5","721211","18","0","2025","1","",5646,25599,25614,27825,229338758,170468470,3416500,670,"",1.00,1.00,1.00,1.00,1.00,1.00,1.00,1.00,"",80,1.4,-158,-0.6,-411,-1.6,-287,-1.0,3994568,1.8,367124,0.2,11303,0.3,19,2.9
"US000","5","721214","18","0","2025","1","",3314,23930,24390,25205,253910398,139584818,2352818,797,"",1.00,1.00,1.00,1.00,1.00,1.00,1.00,1.00,"",37,1.1,184,0.8,-112,-0.5,74,0.3,4770542,1.9,542315,0.4,105207,4.7,13,1.7
"US000","5","7213","16","0","2025","1","",1718,9666,10195,10193,97830039,66668952,1448913,751,"",1.00,1.00,1.00,1.00,1.00,1.00,1.00,1.00,"",-36,-2.1,-278,-2.8,-276,-2.6,-255,-2.4,3654833,3.9,401838,0.6,-63287,-4.2,47,6.7
"US000","5","72131","17","0","2025","1","",1718,9666,10195,10193,97830039,66668952,1448913,751,"",1.00,1.00,1.00,1.00,1.00,1.00,1.00,1.00,"",-36,-2.1,-278,-2.8,-276,-2.6,-255,-2.4,3654833,3.9,401838,0.6,-63287,-4.2,47,6.7
"US000","5","721310","18","0","2025","1","",1718,9666,10195,10193,97830039,66668952,1448913,751,"",1.00,1.00,1.00,1.00,1.00,1.00,1.00,1.00,"",-36,-2.1,-278,-2.8,-276,-2.6,-255,-2.4,3654833,3.9,401838,0.6,-63287,-4.2,47,6.7
"US000","5","722","15","0","2025","1","",714640,11819263,11876170,12014980,81765145761,67945517817,1008089633,528,"",1.00,1.00,1.00,1.00,1.00,1.00,1.00,1.00,"",8230,1.2,12875,0.1,-8906,-0.1,-31483,-0.3,1557984962,1.9,1034494325,1.5,14063447,1.4,10,1.9
"US000","5","7223","16","0","2025","1","",51607,736881,763751,779949,7029578557,5376597915,159315645,711,"",1.00,1.00,1.00,1.00,1.00,1.00,1.00,1.00,"",1200,2.4,25259,3.5,24968,3.4,23976,3.2,451910783,6.9,319733482,6.3,11928056,8.1,23,3.3
"US000","5","72231","17","0","2025","1","",25815,554816,577092,583591,5515437555,4229908719,134480845,742,"",1.00,1.00,1.00,1.00,1.00,1.00,1.00,1.00,"",429,1.7,20417,3.8,20440,3.7,19549,3.5,389012096,7.6,278964112,7.1,10394330,8.4,27,3.8
"US000","5","722310","18","0","2025","1","",25815,554816,577092,583591,5515437555,4229908719,134480845,742,"",1.00,1.00,1.00,1.00,1.00,1.00,1.00,1.00,"",429,1.7,20417,3.8,20440,3.7,19549,3.5,389012096,7.6,278964112,7.1,10394330,8.4,27,3.8
"US000","5","72232","17","0","2025","1","",13726,146543,150234,156415,1266560004,943377222,20965934,645,"",1.00,1.00,1.00,1.00,1.00,1.00,1.00,1.00,"",94,0.7,1430,1.0,1769,1.2,1386,0.9,42044472,3.4,23609407,2.6,1224357,6.2,15,2.4
"US000","5","722320","18","0","2025","1","",13726,146543,150234,156415,1266560004,943377222,20965934,645,"",1.00,1.00,1.00,1.00,1.00,1.00,1.00,1.00,"",94,0.7,1430,1.0,1769,1.2,1386,0.9,42044472,3.4,23609407,2.6,1224357,6.2,15,2.4
"US000","5","72233","17","0","2025","1","",12066,35522,36425,39943,247580998,203311974,3868866,511,"",1.00,1.00,1.00,1.00,1.00,1.00,1.00,1.00,"",677,5.9,3412,10.6,2759,8.2,3041,8.2,20854215,9.2,17159963,9.2,309369,8.7,1,0.2
"US000","5","722330","18","0","2025","1","",12066,35522,36425,39943,247580998,203311974,3868866,511,"",1.00,1.00,1.00,1.00,1.00,1.00,1.00,1.00,"",677,5.9,3412,10.6,2759,8.2,3041,8.2,20854215,9.2,17159963,9.2,309369,8.7,1,0.2
"US000","5","7224","16","0","2025","1","",42168,394450,398367,403875,2611832921,2214567014,36332123,504,"",1.00,1.00,1.00,1.00,1.00,1.00,1.00,1.00,"",-253,-0.6,-5764,-1.4,-8167,-2.0,-6659,-1.6,-12612584,-0.5,-7148035,-0.3,-916234,-2.5,6,1.2
"US000","5","72241","17","0","2025","1","",42168,394450,398367,403875,2611832921,2214567014,36332123,504,"",1.00,1.00,1.00,1.00,1.00,1.00,1.00,1.00,"",-253,-0.6,-5764,-1.4,-8167,-2.0,-6659,-1.6,-12612584,-0.5,-7148035,-0.3,-916234,-2.5,6,1.2
"US000","5","722410","18","0","2025","1","",42168,394450,398367,403875,2611832921,2214567014,36332123,504,"",1.00,1.00,1.00,1.00,1.00,1.00,1.00,1.00,"",-253,-0.6,-5764,-1.4,-8167,-2.0,-6659,-1.6,-12612584,-0.5,-7148035,-0.3,-916234,-2.5,6,1.2
"US000","5","7225","16","0","2025","1","",620865,10687932,10714052,10831156,72123734283,60354352888,812441865,516,"",1.00,1.00,1.00,1.00,1.00,1.00,1.00,1.00,"",7283,1.2,-6620,-0.1,-25707,-0.2,-48800,-0.4,1118686763,1.6,721908878,1.2,3051625,0.4,9,1.8
"US000","5","72251","17","0","2025","1","",620865,10687932,10714052,10831156,72123734283,60354352888,812441865,516,"",1.00,1.00,1.00,1.00,1.00,1.00,1.00,1.00,"",7283,1.2,-6620,-0.1,-25707,-0.2,-48800,-0.4,1118686763,1.6,721908878,1.2,3051625,0.4,9,1.8
"US000","5","722511","18","0","2025","1","",262786,5195104,5215988,5265795,39714882298,32631919716,456751961,585,"",1.00,1.00,1.00,1.00,1.00,1.00,1.00,1.00,"",1061,0.4,-7536,-0.1,-15706,-0.3,-27779,-0.5,412379020,1.0,241768270,0.7,-2073030,-0.5,8,1.4
"US000","5","722513","18","0","2025","1","",267726,4504524,4507224,4544919,26287168952,22517300998,276314102,447,"",1.00,1.00,1.00,1.00,1.00,1.00,1.00,1.00,"",3048,1.2,-25565,-0.6,-39548,-0.9,-53342,-1.2,211772203,0.8,120406073,0.5,-1652813,-0.6,7,1.6
"US000","5","722514","18","0","2025","1","",5118,73071,73997,75049,488988008,399511276,5058392,508,"",1.00,1.00,1.00,1.00,1.00,1.00,1.00,1.00,"",-49,-0.9,-1091,-1.5,-1637,-2.2,-1373,-1.8,-137210,0.0,-5323772,-1.3,-86150,-1.7,9,1.8
"US000","5","722515","18","0","2025","1","",85235,915233,916843,945393,5632695025,4805620898,74317410,468,"",1.00,1.00,1.00,1.00,1.00,1.00,1.00,1.00,"",3223,3.9,27572,3.1,31184,3.5,33694,3.7,494672750,9.6,365058307,8.2,6863618,10.2,26,5.9
"US000","5","81","14","0","2025","1","",875704,4594721,4618591,4644032,62059026100,35070874704,573883903,1033,"",1.00,1.00,1.00,1.00,1.00,1.00,1.00,1.00,"",-709,-0.1,39324,0.9,28300,0.6,25498,0.6,1856486212,3.1,657753119,1.9,15309592,2.7,24,2.4
"US000","5","811","15","0","2025","1","",245980,1443315,1454359,1462429,22316124115,13880855944,216634388,1181,"",1.00,1.00,1.00,1.00,1.00,1.00,1.00,1.00,"",30,0.0,6718,0.5,4541,0.3,4838,0.3,554095390,2.5,215697546,1.6,4503965,2.1,25,2.2
"US000","5","8111","16","0","2025","1","",173572,1023013,1028612,1033798,13842899520,9332318619,136242922,1035,"",1.00,1.00,1.00,1.00,1.00,1.00,1.00,1.00,"",-89,-0.1,6914,0.7,4912,0.5,4652,0.5,270241366,2.0,167201706,1.8,3310170,2.5,14,1.4
"US000","5","81111","17","0","2025","1","",95504,438977,441380,441764,6380922684,4297620002,61027947,1114,"",1.00,1.00,1.00,1.00,1.00,1.00,1.00,1.00,"",-325,-0.3,1940,0.4,2356,0.5,2138,0.5,251976258,4.1,92788139,2.2,1024301,1.7,39,3.6
"US000","5","811111","18","0","2025","1","",85466,395069,397287,397627,5761945854,3879837330,55246944,1117,"",1.00,1.00,1.00,1.00,1.00,1.00,1.00,1.00,"",-73,-0.1,2575,0.7,3016,0.8,2921,0.7,243006137,4.4,92797031,2.5,910412,1.7,39,3.6
"US000","5","811114","18","0","2025","1","",10038,43908,44093,44137,618976830,417782672,5781003,1081,"",1.00,1.00,1.00,1.00,1.00,1.00,1.00,1.00,"",-252,-2.4,-635,-1.4,-660,-1.5,-783,-1.7,8970121,1.5,-8892,0.0,113889,2.0,32,3.1
"US000","5","81112","17","0","2025","1","",42313,290696,292000,291546,4776536881,3005973332,45344857,1261,"",1.00,1.00,1.00,1.00,1.00,1.00,1.00,1.00,"",-222,-0.5,-6793,-2.3,-6773,-2.3,-7613,-2.5,-154419081,-3.1,-36283385,-1.2,326558,0.7,-10,-0.8
"US000","5","811121","18","0","2025","1","",35122,253764,254684,254003,4238391655,2643955524,39321356,1283,"",1.00,1.00,1.00,1.00,1.00,1.00,1.00,1.00,"",-303,-0.9,-4681,-1.8,-4946,-1.9,-5873,-2.3,-154925463,-3.5,-30786167,-1.2,233757,0.6,-20,-1.5
"US000","5","811122","18","0","2025","1","",7191,36932,37316,37543,538145226,362017808,6023501,1111,"",1.00,1.00,1.00,1.00,1.00,1.00,1.00,1.00,"",81,1.1,-2112,-5.4,-1827,-4.7,-1740,-4.4,506382,0.1,-5497218,-1.5,92801,1.6,55,5.2
"US000","5","81119","17","0","2025","1","",35755,293340,295232,300488,2685439955,2028725285,29870118,697,"",1.00,1.00,1.00,1.00,1.00,1.00,1.00,1.00,"",458,1.3,11767,4.2,9329,3.3,10127,3.5,172684189,6.9,110696952,5.8,1959311,7.0,21,3.1
"US000","5","811191","18","0","2025","1","",8463,75563,75760,75974,739410053,572574201,7805121,751,"",1.00,1.00,1.00,1.00,1.00,1.00,1.00,1.00,"",157,1.9,2638,3.6,2086,2.8,1773,2.4,20209607,2.8,16875103,3.0,214285,2.8,-1,-0.1
"US000","5","811192","18","0","2025","1","",19573,186027,187368,192332,1529609000,1178250170,17383651,624,"",1.00,1.00,1.00,1.00,1.00,1.00,1.00,1.00,"",4,0.0,7821,4.4,5810,3.2,7085,3.8,127404442,9.1,79860002,7.3,1480621,9.3,30,5.1
"US000","5","811198","18","0","2025","1","",7719,31750,32104,32182,416420902,277900914,4681346,1001,"",1.00,1.00,1.00,1.00,1.00,1.00,1.00,1.00,"",297,4.0,1308,4.3,1433,4.7,1269,4.1,25070140,6.4,13961847,5.3,264405,6.0,20,2.0
"US000","5","8112","16","0","2025","1","",15801,101744,101875,101469,2219620349,1081462531,18968504,1679,"",1.00,1.00,1.00,1.00,1.00,1.00,1.00,1.00,"",-346,-2.1,-2293,-2.2,-2243,-2.2,-2320,-2.2,66745906,3.1,-12167336,-1.1,293199,1.6,86,5.4
"US000","5","81121","17","0","2025","1","",15801,101744,101875,101469,2219620349,1081462531,18968504,1679,"",1.00,1.00,1.00,1.00,1.00,1.00,1.00,1.00,"",-346,-2.1,-2293,-2.2,-2243,-2.2,-2320,-2.2,66745906,3.1,-12167336,-1.1,293199,1.6,86,5.4
"US000","5","811210","18","0","2025","1","",15801,101744,101875,101469,2219620349,1081462531,18968504,1679,"",1.00,1.00,1.00,1.00,1.00,1.00,1.00,1.00,"",-346,-2.1,-2293,-2.2,-2243,-2.2,-2320,-2.2,66745906,3.1,-12167336,-1.1,293199,1.6,86,5.4
"US000","5","8113","16","0","2025","1","",31735,238714,243563,246276,5243492745,2782439292,50333031,1661,"",1.00,1.00,1.00,1.00,1.00,1.00,1.00,1.00,"",428,1.4,3967,1.7,3716,1.5,4611,1.9,213404262,4.2,65123919,2.4,732573,1.5,40,2.5
"US000","5","81131","17","0","2025","1","",31735,238714,243563,246276,5243492745,2782439292,50333031,1661,"",1.00,1.00,1.00,1.00,1.00,1.00,1.00,1.00,"",428,1.4,3967,1.7,3716,1.5,4611,1.9,213404262,4.2,65123919,2.4,732573,1.5,40,2.5
"US000","5","811310","18","0","2025","1","",31735,238714,243563,246276,5243492745,2782439292,50333031,1661,"",1.00,1.00,1.00,1.00,1.00,1.00,1.00,1.00,"",428,1.4,3967,1.7,3716,1.5,4611,1.9,213404262,4.2,65123919,2.4,732573,1.5,40,2.5
"US000","5","8114","16","0","2025","1","",24872,79844,80309,80886,1010111501,684635502,11089931,967,"",1.00,1.00,1.00,1.00,1.00,1.00,1.00,1.00,"",37,0.1,-1870,-2.3,-1844,-2.2,-2105,-2.5,3703856,0.4,-4460743,-0.6,168023,1.5,26,2.8
"US000","5","81141","17","0","2025","1","",8271,28955,29161,29148,394811994,264458611,4506729,1044,"",1.00,1.00,1.00,1.00,1.00,1.00,1.00,1.00,"",82,1.0,-418,-1.4,-241,-0.8,-401,-1.4,7519185,1.9,1918388,0.7,275239,6.5,32,3.2
"US000","5","811411","18","0","2025","1","",1993,5136,5178,5339,62376589,42334384,745674,920,"",1.00,1.00,1.00,1.00,1.00,1.00,1.00,1.00,"",32,1.6,-130,-2.5,-134,-2.5,-149,-2.7,1664726,2.7,-131353,-0.3,-15499,-2.0,48,5.5
"US000","5","811412","18","0","2025","1","",6278,23819,23983,23809,332435405,222124227,3761055,1071,"",1.00,1.00,1.00,1.00,1.00,1.00,1.00,1.00,"",50,0.8,-288,-1.2,-107,-0.4,-252,-1.0,5854459,1.8,2049741,0.9,290738,8.4,28,2.7
"US000","5","81142","17","0","2025","1","",3362,12116,12220,12316,140954155,101949639,1555828,887,"",1.00,1.00,1.00,1.00,1.00,1.00,1.00,1.00,"",-163,-4.6,-532,-4.2,-564,-4.4,-449,-3.5,-2263121,-1.6,-2627231,-2.5,-78131,-4.8,22,2.5
"US000","5","811420","18","0","2025","1","",3362,12116,12220,12316,140954155,101949639,1555828,887,"",1.00,1.00,1.00,1.00,1.00,1.00,1.00,1.00,"",-163,-4.6,-532,-4.2,-564,-4.4,-449,-3.5,-2263121,-1.6,-2627231,-2.5,-78131,-4.8,22,2.5
"US000","5","81143","17","0","2025","1","",672,1831,1823,1821,18029055,13643827,212088,760,"",1.00,1.00,1.00,1.00,1.00,1.00,1.00,1.00,"",-38,-5.4,-24,-1.3,-49,-2.6,-42,-2.3,-34414,-0.2,-179554,-1.3,13856,7.0,14,1.9
"US000","5","811430","18","0","2025","1","",672,1831,1823,1821,18029055,13643827,212088,760,"",1.00,1.00,1.00,1.00,1.00,1.00,1.00,1.00,"",-38,-5.4,-24,-1.3,-49,-2.6,-42,-2.3,-34414,-0.2,-179554,-1.3,13856,7.0,14,1.9
"US000","5","81149","17","0","2025","1","",12567,36942,37105,37601,456316297,304583425,4815286,943,"",1.00,1.00,1.00,1.00,1.00,1.00,1.00,1.00,"",156,1.3,-896,-2.4,-990,-2.6,-1213,-3.1,-1517794,-0.3,-3572346,-1.2,-42941,-0.9,22,2.4
"US000","5","811490","18","0","2025","1","",12567,36942,37105,37601,456316297,304583425,4815286,943,"",1.00,1.00,1.00,1.00,1.00,1.00,1.00,1.00,"",156,1.3,-896,-2.4,-990,-2.6,-1213,-3.1,-1517794,-0.3,-3572346,-1.2,-42941,-0.9,22,2.4
"US000","5","812","15","0","2025","1","",266750,1546485,1549195,1562663,14546262663,10707948397,165758057,721,"",1.00,1.00,1.00,1.00,1.00,1.00,1.00,1.00,"",4374,1.7,15451,1.0,15993,1.0,17573,1.1,365947827,2.6,231953543,2.2,3738009,2.3,11,1.5
"US000","5","8121","16","0","2025","1","",154589,735642,737494,744608,6009933889,4827640584,73244702,625,"",1.00,1.00,1.00,1.00,1.00,1.00,1.00,1.00,"",2475,1.6,5203,0.7,5341,0.7,6424,0.9,52411614,0.9,66387248,1.4,-687095,-0.9,0,0.0
"US000","5","81211","17","0","2025","1","",119352,542536,541892,547532,4299142815,3554223346,50743368,608,"",1.00,1.00,1.00,1.00,1.00,1.00,1.00,1.00,"",842,0.7,-1126,-0.2,-858,-0.2,260,0.0,3842230,0.1,21220821,0.6,-1582374,-3.0,1,0.2
"US000","5","812111","18","0","2025","1","",8412,35484,35204,35312,331901504,265647459,3644859,723,"",1.00,1.00,1.00,1.00,1.00,1.00,1.00,1.00,"",407,5.1,1401,4.1,950,2.8,826,2.4,15184438,4.8,11077654,4.4,-120132,-3.2,12,1.7
"US000","5","812112","18","0","2025","1","",77129,359532,359765,360991,3033731476,2441854042,32115334,648,"",1.00,1.00,1.00,1.00,1.00,1.00,1.00,1.00,"",-138,-0.2,-4583,-1.3,-5661,-1.5,-5633,-1.5,-40580412,-1.3,-17833647,-0.7,-1569563,-4.7,1,0.2
"US000","5","812113","18","0","2025","1","",33811,147520,146923,151229,933509835,846721845,14983175,483,"",1.00,1.00,1.00,1.00,1.00,1.00,1.00,1.00,"",573,1.7,2056,1.4,3853,2.7,5067,3.5,29238204,3.2,27976814,3.4,107321,0.7,3,0.6
"US000","5","81219","17","0","2025","1","",35237,193106,195602,197076,1710791074,1273417238,22501334,674,"",1.00,1.00,1.00,1.00,1.00,1.00,1.00,1.00,"",1633,4.9,6329,3.4,6199,3.3,6164,3.2,48569384,2.9,45166427,3.7,895279,4.1,-2,-0.3
"US000","5","812191","18","0","2025","1","",2397,10287,10374,10354,131865566,67189669,1306174,981,"",1.00,1.00,1.00,1.00,1.00,1.00,1.00,1.00,"",-20,-0.8,-516,-4.8,-491,-4.5,-394,-3.7,-15926351,-10.8,-4039269,-5.7,-52497,-3.9,-71,-6.7
"US000","5","812199","18","0","2025","1","",32840,182819,185228,186722,1578925508,1206227569,21195160,657,"",1.00,1.00,1.00,1.00,1.00,1.00,1.00,1.00,"",1653,5.3,6845,3.9,6690,3.7,6558,3.6,64495735,4.3,49205696,4.3,947776,4.7,3,0.5
"US000","5","8122","16","0","2025","1","",18249,131979,132088,132440,1699043483,1028648773,13996851,989,"",1.00,1.00,1.00,1.00,1.00,1.00,1.00,1.00,"",77,0.4,-1436,-1.1,-1106,-0.8,-856,-0.6,37515808,2.3,3688561,0.4,79047,0.6,30,3.1
"US000","5","81221","17","0","2025","1","",13803,102519,102678,102578,1269542183,783292948,8580432,952,"",1.00,1.00,1.00,1.00,1.00,1.00,1.00,1.00,"",31,0.2,-1604,-1.5,-1289,-1.2,-1175,-1.1,22485003,1.8,-953579,-0.1,-172588,-2.0,29,3.1
"US000","5","812210","18","0","2025","1","",13803,102519,102678,102578,1269542183,783292948,8580432,952,"",1.00,1.00,1.00,1.00,1.00,1.00,1.00,1.00,"",31,0.2,-1604,-1.5,-1289,-1.2,-1175,-1.1,22485003,1.8,-953579,-0.1,-172588,-2.0,29,3.1
"US000","5","81222","17","0","2025","1","",4446,29460,29410,29862,429501300,245355825,5416419,1117,"",1.00,1.00,1.00,1.00,1.00,1.00,1.00,1.00,"",46,1.0,168,0.6,183,0.6,319,1.1,15030805,3.6,4642140,1.9,251635,4.9,31,2.9
"US000","5","812220","18","0","2025","1","",4446,29460,29410,29862,429501300,245355825,5416419,1117,"",1.00,1.00,1.00,1.00,1.00,1.00,1.00,1.00,"",46,1.0,168,0.6,183,0.6,319,1.1,15030805,3.6,4642140,1.9,251635,4.9,31,2.9
"US000","5","8123","16","0","2025","1","",27191,256115,256655,257407,2818904606,2034331873,28115885,845,"",1.00,1.00,1.00,1.00,1.00,1.00,1.00,1.00,"",-511,-1.8,-1599,-0.6,-655,-0.3,-1116,-0.4,75329188,2.7,26722744,1.3,177700,0.6,27,3.3
"US000","5","81231","17","0","2025","1","",10005,39588,39645,39905,281343298,230606508,3818862,545,"",1.00,1.00,1.00,1.00,1.00,1.00,1.00,1.00,"",94,0.9,1191,3.1,1056,2.7,1076,2.8,13046295,4.9,11139211,5.1,163229,4.5,10,1.9
"US000","5","812310","18","0","2025","1","",10005,39588,39645,39905,281343298,230606508,3818862,545,"",1.00,1.00,1.00,1.00,1.00,1.00,1.00,1.00,"",94,0.9,1191,3.1,1056,2.7,1076,2.8,13046295,4.9,11139211,5.1,163229,4.5,10,1.9
"US000","5","81232","17","0","2025","1","",14390,87917,87887,88068,697747797,570946576,7700940,610,"",1.00,1.00,1.00,1.00,1.00,1.00,1.00,1.00,"",-563,-3.8,-2656,-2.9,-2105,-2.3,-2065,-2.3,2555125,0.4,-4585172,-0.8,-49314,-0.6,17,2.9
"US000","5","812320","18","0","2025","1","",14390,87917,87887,88068,697747797,570946576,7700940,610,"",1.00,1.00,1.00,1.00,1.00,1.00,1.00,1.00,"",-563,-3.8,-2656,-2.9,-2105,-2.3,-2065,-2.3,2555125,0.4,-4585172,-0.8,-49314,-0.6,17,2.9
"US000","5","81233","17","0","2025","1","",2796,128610,129123,129434,1839813511,1232778789,16596083,1097,"",1.00,1.00,1.00,1.00,1.00,1.00,1.00,1.00,"",-42,-1.5,-134,-0.1,394,0.3,-127,-0.1,59727768,3.4,20168705,1.7,63785,0.4,36,3.4
"US000","5","812331","18","0","2025","1","",1426,63868,64119,64246,834195161,608037303,8587317,1001,"",1.00,1.00,1.00,1.00,1.00,1.00,1.00,1.00,"",-12,-0.8,654,1.0,714,1.1,397,0.6,46360560,5.9,20260899,3.4,306627,3.7,46,4.8
"US000","5","812332","18","0","2025","1","",1370,64742,65004,65188,1005618350,624741486,8008766,1190,"",1.00,1.00,1.00,1.00,1.00,1.00,1.00,1.00,"",-30,-2.1,-788,-1.2,-320,-0.5,-524,-0.8,13367208,1.3,-92194,0.0,-242842,-2.9,25,2.1
"US000","5","8129","16","0","2025","1","",66721,422749,422958,428208,4018380685,2817327167,50400619,728,"",1.00,1.00,1.00,1.00,1.00,1.00,1.00,1.00,"",2333,3.6,13283,3.2,12413,3.0,13121,3.2,200691217,5.3,135154990,5.0,4168357,9.0,15,2.1
"US000","5","81291","17","0","2025","1","",27673,192820,191416,194014,1464841020,1160776446,17571427,585,"",1.00,1.00,1.00,1.00,1.00,1.00,1.00,1.00,"",1028,3.9,7114,3.8,6683,3.6,6982,3.7,93289949,6.8,60928799,5.5,1192708,7.3,17,3.0
"US000","5","812910","18","0","2025","1","",27673,192820,191416,194014,1464841020,1160776446,17571427,585,"",1.00,1.00,1.00,1.00,1.00,1.00,1.00,1.00,"",1028,3.9,7114,3.8,6683,3.6,6982,3.7,93289949,6.8,60928799,5.5,1192708,7.3,17,3.0
"US000","5","81292","17","0","2025","1","",611,5274,5220,5309,79928197,43796020,1209887,1167,"",1.00,1.00,1.00,1.00,1.00,1.00,1.00,1.00,"",-12,-1.9,-154,-2.8,-285,-5.2,-298,-5.3,-7212166,-8.3,-2491851,-5.4,23504,2.0,-49,-4.0
"US000","5","812921","18","0","2025","1","",490,4858,4799,4900,76380435,41214883,1169990,1211,"",1.00,1.00,1.00,1.00,1.00,1.00,1.00,1.00,"",-5,-1.0,-126,-2.5,-268,-5.3,-294,-5.7,-7185956,-8.6,-2348910,-5.4,25593,2.2,-54,-4.3
"US000","5","812922","18","0","2025","1","",121,416,421,409,3547762,2581137,39897,657,"",1.00,1.00,1.00,1.00,1.00,1.00,1.00,1.00,"",-7,-5.5,-28,-6.3,-17,-3.9,-4,-1.0,-26210,-0.7,-142941,-5.2,-2089,-5.0,20,3.1
"US000","5","81293","17","0","2025","1","",7873,131554,132341,133860,1201113877,903085295,17233305,697,"",1.00,1.00,1.00,1.00,1.00,1.00,1.00,1.00,"",54,0.7,3485,2.7,3378,2.6,3419,2.6,73867960,6.6,51842551,6.1,1942700,12.7,26,3.9
"US000","5","812930","18","0","2025","1","",7873,131554,132341,133860,1201113877,903085295,17233305,697,"",1.00,1.00,1.00,1.00,1.00,1.00,1.00,1.00,"",54,0.7,3485,2.7,3378,2.6,3419,2.6,73867960,6.6,51842551,6.1,1942700,12.7,26,3.9
"US000","5","81299","17","0","2025","1","",30564,93101,93981,95025,1272497591,709669406,14386000,1041,"",1.00,1.00,1.00,1.00,1.00,1.00,1.00,1.00,"",1263,4.3,2838,3.1,2637,2.9,3018,3.3,40745474,3.3,24875491,3.6,1009445,7.5,2,0.2
"US000","5","812990","18","0","2025","1","",30564,93101,93981,95025,1272497591,709669406,14386000,1041,"",1.00,1.00,1.00,1.00,1.00,1.00,1.00,1.00,"",1263,4.3,2838,3.1,2637,2.9,3018,3.3,40745474,3.3,24875491,3.6,1009445,7.5,2,0.2
"US000","5","813","15","0","2025","1","",180981,1402007,1410659,1414214,23010725929,9007799140,162849615,1256,"",1.00,1.00,1.00,1.00,1.00,1.00,1.00,1.00,"",2128,1.2,21949,1.6,11508,0.8,6582,0.5,900949037,4.1,226152385,2.6,7264247,4.7,37,3.0
"US000","5","8131","16","0","2025","1","",26188,206125,206597,205841,2003349155,680652980,12878899,747,"",1.00,1.00,1.00,1.00,1.00,1.00,1.00,1.00,"",306,1.2,5074,2.5,3239,1.6,3527,1.7,82099975,4.3,17725938,2.7,193965,1.5,16,2.2
"US000","5","81311","17","0","2025","1","",26188,206125,206597,205841,2003349155,680652980,12878899,747,"",1.00,1.00,1.00,1.00,1.00,1.00,1.00,1.00,"",306,1.2,5074,2.5,3239,1.6,3527,1.7,82099975,4.3,17725938,2.7,193965,1.5,16,2.2
"US000","5","813110","18","0","2025","1","",26188,206125,206597,205841,2003349155,680652980,12878899,747,"",1.00,1.00,1.00,1.00,1.00,1.00,1.00,1.00,"",306,1.2,5074,2.5,3239,1.6,3527,1.7,82099975,4.3,17725938,2.7,193965,1.5,16,2.2
"US000","5","8132","16","0","2025","1","",23408,164703,166928,166719,3968524836,1300255055,25936961,1838,"",1.00,1.00,1.00,1.00,1.00,1.00,1.00,1.00,"",325,1.4,6096,3.8,5546,3.4,4644,2.9,184584741,4.9,50314242,4.0,2160283,9.1,27,1.5
"US000","5","81321","17","0","2025","1","",23408,164703,166928,166719,3968524836,1300255055,25936961,1838,"",1.00,1.00,1.00,1.00,1.00,1.00,1.00,1.00,"",325,1.4,6096,3.8,5546,3.4,4644,2.9,184584741,4.9,50314242,4.0,2160283,9.1,27,1.5
"US000","5","813211","18","0","2025","1","",11858,77864,79683,79649,2120105194,694417319,12613149,2063,"",1.00,1.00,1.00,1.00,1.00,1.00,1.00,1.00,"",117,1.0,3299,4.4,3024,3.9,2684,3.5,119724536,6.0,24628135,3.7,1156006,10.1,40,2.0
"US000","5","813212","18","0","2025","1","",5279,40441,40502,40371,964341766,297044091,6958006,1834,"",1.00,1.00,1.00,1.00,1.00,1.00,1.00,1.00,"",79,1.5,604,1.5,462,1.2,172,0.4,41612219,4.5,2751935,0.9,374247,5.7,61,3.4
"US000","5","813219","18","0","2025","1","",6271,46398,46743,46699,884077876,308793645,6365806,1459,"",1.00,1.00,1.00,1.00,1.00,1.00,1.00,1.00,"",129,2.1,2193,5.0,2060,4.6,1788,4.0,23247986,2.7,22934172,8.0,630030,11.0,-26,-1.8
"US000","5","8133","16","0","2025","1","",37494,261193,262194,262003,4691163260,2068763615,41642497,1378,"",1.00,1.00,1.00,1.00,1.00,1.00,1.00,1.00,"",1202,3.3,3260,1.3,1009,0.4,-1042,-0.4,246284924,5.5,64960630,3.2,2443512,6.2,67,5.1
"US000","5","81331","17","0","2025","1","",37494,261193,262194,262003,4691163260,2068763615,41642497,1378,"",1.00,1.00,1.00,1.00,1.00,1.00,1.00,1.00,"",1202,3.3,3260,1.3,1009,0.4,-1042,-0.4,246284924,5.5,64960630,3.2,2443512,6.2,67,5.1
"US000","5","813311","18","0","2025","1","",7046,55972,56180,55942,1028388183,436763143,9005670,1412,"",1.00,1.00,1.00,1.00,1.00,1.00,1.00,1.00,"",126,1.8,-758,-1.3,-1149,-2.0,-1636,-2.8,43484695,4.4,-455021,-0.1,238031,2.7,88,6.6
"US000","5","813312","18","0","2025","1","",9628,76666,76965,77675,1365130967,568166735,9833216,1362,"",1.00,1.00,1.00,1.00,1.00,1.00,1.00,1.00,"",119,1.3,1047,1.4,582,0.8,363,0.5,72226216,5.6,23129464,4.2,848603,9.4,61,4.7
"US000","5","813319","18","0","2025","1","",20820,128555,129049,128386,2297644110,1063833737,22803611,1374,"",1.00,1.00,1.00,1.00,1.00,1.00,1.00,1.00,"",957,4.8,2971,2.4,1576,1.2,231,0.2,130574013,6.0,42286187,4.1,1356878,6.3,62,4.7
"US000","5","8134","16","0","2025","1","",28500,347018,351489,354136,2691132620,1013315838,17780787,590,"",1.00,1.00,1.00,1.00,1.00,1.00,1.00,1.00,"",458,1.6,8419,2.5,5662,1.6,3153,0.9,86631909,3.3,26536563,2.7,519862,3.0,10,1.7
"US000","5","81341","17","0","2025","1","",28500,347018,351489,354136,2691132620,1013315838,17780787,590,"",1.00,1.00,1.00,1.00,1.00,1.00,1.00,1.00,"",458,1.6,8419,2.5,5662,1.6,3153,0.9,86631909,3.3,26536563,2.7,519862,3.0,10,1.7
"US000","5","813410","18","0","2025","1","",28500,347018,351489,354136,2691132620,1013315838,17780787,590,"",1.00,1.00,1.00,1.00,1.00,1.00,1.00,1.00,"",458,1.6,8419,2.5,5662,1.6,3153,0.9,86631909,3.3,26536563,2.7,519862,3.0,10,1.7
"US000","5","8139","16","0","2025","1","",65391,422968,423451,425515,9656556058,3944811652,64610471,1752,"",1.00,1.00,1.00,1.00,1.00,1.00,1.00,1.00,"",-163,-0.2,-900,-0.2,-3948,-0.9,-3700,-0.9,301347488,3.2,66615012,1.7,1946625,3.1,66,3.9
"US000","5","81391","17","0","2025","1","",21739,117349,117528,117360,3558292722,1293760787,19593713,2331,"",1.00,1.00,1.00,1.00,1.00,1.00,1.00,1.00,"",115,0.5,469,0.4,163,0.1,-251,-0.2,206719499,6.2,26812541,2.1,668820,3.5,133,6.1
"US000","5","813910","18","0","2025","1","",21739,117349,117528,117360,3558292722,1293760787,19593713,2331,"",1.00,1.00,1.00,1.00,1.00,1.00,1.00,1.00,"",115,0.5,469,0.4,163,0.1,-251,-0.2,206719499,6.2,26812541,2.1,668820,3.5,133,6.1
"US000","5","81392","17","0","2025","1","",12338,89051,89195,88997,2663716156,897893697,15823864,2300,"",1.00,1.00,1.00,1.00,1.00,1.00,1.00,1.00,"",351,2.9,-687,-0.8,-426,-0.5,-523,-0.6,-25020975,-0.9,15015879,1.7,1375581,9.5,-8,-0.3
"US000","5","813920","18","0","2025","1","",12338,89051,89195,88997,2663716156,897893697,15823864,2300,"",1.00,1.00,1.00,1.00,1.00,1.00,1.00,1.00,"",351,2.9,-687,-0.8,-426,-0.5,-523,-0.6,-25020975,-0.9,15015879,1.7,1375581,9.5,-8,-0.3
"US000","5","81393","17","0","2025","1","",12688,103717,103663,106213,1596758038,806150814,13277138,1175,"",1.00,1.00,1.00,1.00,1.00,1.00,1.00,1.00,"",-155,-1.2,81,0.1,-1156,-1.1,-487,-0.5,54267551,3.5,18885575,2.4,179365,1.4,46,4.1
"US000","5","813930","18","0","2025","1","",12688,103717,103663,106213,1596758038,806150814,13277138,1175,"",1.00,1.00,1.00,1.00,1.00,1.00,1.00,1.00,"",-155,-1.2,81,0.1,-1156,-1.1,-487,-0.5,54267551,3.5,18885575,2.4,179365,1.4,46,4.1
"US000","5","81394","17","0","2025","1","",3413,7859,7780,8113,175071109,79332086,1961566,1701,"",1.00,1.00,1.00,1.00,1.00,1.00,1.00,1.00,"",-323,-8.6,-2136,-21.4,-2921,-27.3,-3277,-28.8,-23785615,-12.0,-18065374,-18.5,-456259,-18.9,271,19.0
"US000","5","813940","18","0","2025","1","",3413,7859,7780,8113,175071109,79332086,1961566,1701,"",1.00,1.00,1.00,1.00,1.00,1.00,1.00,1.00,"",-323,-8.6,-2136,-21.4,-2921,-27.3,-3277,-28.8,-23785615,-12.0,-18065374,-18.5,-456259,-18.9,271,19.0
"US000","5","81399","17","0","2025","1","",15213,104992,105285,104832,1662718033,867674268,13954190,1218,"",1.00,1.00,1.00,1.00,1.00,1.00,1.00,1.00,"",-151,-1.0,1373,1.3,392,0.4,838,0.8,89167028,5.7,23966391,2.8,179118,1.3,56,4.8
"US000","5","813990","18","0","2025","1","",15213,104992,105285,104832,1662718033,867674268,13954190,1218,"",1.00,1.00,1.00,1.00,1.00,1.00,1.00,1.00,"",-151,-1.0,1373,1.3,392,0.4,838,0.8,89167028,5.7,23966391,2.8,179118,1.3,56,4.8
"US000","5","814","15","0","2025","1","",181993,202914,204378,204726,2185913393,1474271223,28641843,824,"",1.00,1.00,1.00,1.00,1.00,1.00,1.00,1.00,"",-7241,-3.8,-4794,-2.3,-3742,-1.8,-3495,-1.7,35493958,1.7,-16050355,-1.1,-196629,-0.7,29,3.6
"US000","5","8141","16","0","2025","1","",181993,202914,204378,204726,2185913393,1474271223,28641843,824,"",1.00,1.00,1.00,1.00,1.00,1.00,1.00,1.00,"",-7241,-3.8,-4794,-2.3,-3742,-1.8,-3495,-1.7,35493958,1.7,-16050355,-1.1,-196629,-0.7,29,3.6
"US000","5","81411","17","0","2025","1","",181993,202914,204378,204726,2185913393,1474271223,28641843,824,"",1.00,1.00,1.00,1.00,1.00,1.00,1.00,1.00,"",-7241,-3.8,-4794,-2.3,-3742,-1.8,-3495,-1.7,35493958,1.7,-16050355,-1.1,-196629,-0.7,29,3.6
"US000","5","814110","18","0","2025","1","",181993,202914,204378,204726,2185913393,1474271223,28641843,824,"",1.00,1.00,1.00,1.00,1.00,1.00,1.00,1.00,"",-7241,-3.8,-4794,-2.3,-3742,-1.8,-3495,-1.7,35493958,1.7,-16050355,-1.1,-196629,-0.7,29,3.6
"US000","5","99","14","0","2025","1","",225086,178137,182162,182986,3613619674,1901519543,49798967,1535,"",1.00,1.00,1.00,1.00,1.00,1.00,1.00,1.00,"",-46098,-17.0,-15987,-8.2,-19379,-9.6,-23458,-11.4,-231138555,-6.0,-186393420,-8.9,-7235858,-12.7,61,4.1
"US000","5","999","15","0","2025","1","",225086,178137,182162,182986,3613619674,1901519543,49798967,1535,"",1.00,1.00,1.00,1.00,1.00,1.00,1.00,1.00,"",-46098,-17.0,-15987,-8.2,-19379,-9.6,-23458,-11.4,-231138555,-6.0,-186393420,-8.9,-7235858,-12.7,61,4.1
"US000","5","9999","16","0","2025","1","",225086,178137,182162,182986,3613619674,1901519543,49798967,1535,"",1.00,1.00,1.00,1.00,1.00,1.00,1.00,1.00,"",-46098,-17.0,-15987,-8.2,-19379,-9.6,-23458,-11.4,-231138555,-6.0,-186393420,-8.9,-7235858,-12.7,61,4.1
"US000","5","99999","17","0","2025","1","",225086,178137,182162,182986,3613619674,1901519543,49798967,1535,"",1.00,1.00,1.00,1.00,1.00,1.00,1.00,1.00,"",-46098,-17.0,-15987,-8.2,-19379,-9.6,-23458,-11.4,-231138555,-6.0,-186393420,-8.9,-7235858,-12.7,61,4.1
"US000","5","999999","18","0","2025","1","",225086,178137,182162,182986,3613619674,1901519543,49798967,1535,"",1.00,1.00,1.00,1.00,1.00,1.00,1.00,1.00,"",-46098,-17.0,-15987,-8.2,-19379,-9.6,-23458,-11.4,-231138555,-6.0,-186393420,-8.9,-7235858,-12.7,61,4.1
"US000","8","10","95","0","2025","1","",306014,22695595,22890518,22933857,431357036062,16243374459,106076708,1453,"",1.00,1.00,1.00,1.00,1.00,1.00,1.00,1.00,"",163,0.1,399944,1.8,336081,1.5,262515,1.2,22914348302,5.6,695045803,4.5,-1908182,-1.8,57,4.1
"US000","9","10","94","0","2025","1","",11902616,150627024,151226686,151702540,3109403289293,1172217530288,20257826744,1582,"",1.00,1.00,1.00,1.00,1.00,1.00,1.00,1.00,"",56136,0.5,1197491,0.8,1074722,0.7,839529,0.6,147454761774,5.0,20342452768,1.8,702480214,3.6,65,4.3
