"area_fips","own_code","industry_code","agglvl_code","size_code","year","qtr","disclosure_code","qtrly_estabs","month1_emplvl","month2_emplvl","month3_emplvl","total_qtrly_wages","taxable_qtrly_wages","qtrly_contributions","avg_wkly_wage","lq_disclosure_code","lq_qtrly_estabs","lq_month1_emplvl","lq_month2_emplvl","lq_month3_emplvl","lq_total_qtrly_wages","lq_taxable_qtrly_wages","lq_qtrly_contributions","lq_avg_wkly_wage","oty_disclosure_code","oty_qtrly_estabs_chg","oty_qtrly_estabs_pct_chg","oty_month1_emplvl_chg","oty_month1_emplvl_pct_chg","oty_month2_emplvl_chg","oty_month2_emplvl_pct_chg","oty_month3_emplvl_chg","oty_month3_emplvl_pct_chg","oty_total_qtrly_wages_chg","oty_total_qtrly_wages_pct_chg","oty_taxable_qtrly_wages_chg","oty_taxable_qtrly_wages_pct_chg","oty_qtrly_contributions_chg","oty_qtrly_contributions_pct_chg","oty_avg_wkly_wage_chg","oty_avg_wkly_wage_pct_chg"
"US000","0","10","10","0","2021","1","",10655451,138426603,139385792,140589959,2335660275287,927558934773,18237281430,1288,"",1.00,1.00,1.00,1.00,1.00,1.00,1.00,1.00,"",300349,2.9,-8804826,-6.0,-8425955,-5.7,-6475156,-4.4,-3767369318,-0.2,-30165124505,-3.1,813919205,4.7,67,5.5
"US000","1","10","11","0","2021","1","",61352,2866575,2868051,2867644,58888806171,0,0,1580,"",1.00,1.00,1.00,1.00,1.00,0.00,0.00,1.00,"",92,0.2,28603,1.0,28289,1.0,8626,0.3,2234588527,3.9,0,0.0,0,0.0,48,3.1
"US000","1","101","12","0","2021","1","",123,53606,53588,53634,1080948779,0,0,1551,"",1.00,1.00,1.00,1.00,1.00,0.00,0.00,1.00,"",-1,-0.8,329,0.6,97,0.2,-82,-0.2,24532950,2.3,0,0.0,0,0.0,32,2.1
"US000","1","1011","13","0","2021","1","",74,2877,2866,2949,49268439,0,0,1308,"",1.00,1.00,1.00,1.00,1.00,0.00,0.00,1.00,"",-2,-2.6,28,1.0,32,1.1,34,1.2,783365,1.6,0,0.0,0,0.0,7,0.5
"US000","1","1012","13","0","2021","1","",1,5,5,4,131060,0,0,2160,"",1.00,1.00,1.00,1.00,1.00,0.00,0.00,1.00,"",-1,-50.0,1,25.0,1,25.0,0,0.0,-47873,-26.8,0,0.0,0,0.0,-1281,-37.2
"US000","1","1013","13","0","2021","1","",48,50724,50717,50681,1031549280,0,0,1565,"",1.00,1.00,1.00,1.00,1.00,0.00,0.00,1.00,"",2,4.3,300,0.6,64,0.1,-116,-0.2,23797458,2.4,0,0.0,0,0.0,34,2.2
"US000","1","102","12","0","2021","1","",61229,2812969,2814463,2814010,57807857392,0,0,1580,"",1.00,1.00,1.00,1.00,1.00,0.00,0.00,1.00,"",93,0.2,28274,1.0,28192,1.0,8708,0.3,2210055577,4.0,0,0.0,0,0.0,48,3.1
"US000","1","1021","13","0","2021","1","",30300,669711,673938,671717,10443828376,0,0,1196,"",1.00,1.00,1.00,1.00,1.00,0.00,0.00,1.00,"",52,0.2,-36,0.0,10689,1.6,8233,1.2,583777803,5.9,0,0.0,0,0.0,56,4.9
"US000","1","1022","13","0","2021","1","",129,6587,6549,6545,129733192,0,0,1521,"",1.00,1.00,1.00,1.00,1.00,0.00,0.00,1.00,"",3,2.4,-34,-0.5,-80,-1.2,-70,-1.1,2421053,1.9,0,0.0,0,0.0,42,2.8
"US000","1","1023","13","0","2021","1","",769,12466,12355,12178,376074878,0,0,2346,"",1.00,1.00,1.00,1.00,1.00,0.00,0.00,1.00,"",-6,-0.8,557,4.7,540,4.6,395,3.4,18315333,5.1,0,0.0,0,0.0,21,0.9
"US000","1","1024","13","0","2021","1","",1461,69149,69089,69119,1476038197,0,0,1643,"",1.00,1.00,1.00,1.00,1.00,0.00,0.00,1.00,"",-5,-0.3,1236,1.8,1283,1.9,1062,1.6,52474967,3.7,0,0.0,0,0.0,31,1.9
"US000","1","1025","13","0","2021","1","",1395,429448,430248,431609,8810530844,0,0,1575,"",1.00,1.00,1.00,1.00,1.00,0.00,0.00,1.00,"",22,1.6,6414,1.5,6285,1.5,8893,2.1,349216610,4.1,0,0.0,0,0.0,37,2.4
"US000","1","1026","13","0","2021","1","",1513,41617,41807,42093,532584186,0,0,979,"",1.00,1.00,1.00,1.00,1.00,0.00,0.00,1.00,"",-13,-0.9,-2432,-5.5,-2712,-6.1,-2409,-5.4,-10189832,-1.9,0,0.0,0,0.0,38,4.0
"US000","1","1027","13","0","2021","1","",159,4744,4773,4771,64815859,0,0,1047,"",1.00,1.00,1.00,1.00,1.00,0.00,0.00,1.00,"",-7,-4.2,157,3.4,153,3.3,173,3.8,1009127,1.6,0,0.0,0,0.0,-20,-1.9
"US000","1","1028","13","0","2021","1","",25496,1579245,1575702,1575975,35974182208,0,0,1755,"",1.00,1.00,1.00,1.00,1.00,0.00,0.00,1.00,"",45,0.2,22412,1.4,12034,0.8,-7570,-0.5,1213019510,3.5,0,0.0,0,0.0,50,2.9
"US000","1","1029","13","0","2021","1","",7,2,2,3,69652,0,0,2296,"",1.00,1.00,1.00,1.00,1.00,0.00,0.00,1.00,"",2,40.0,0,0.0,0,0.0,1,50.0,11006,18.8,0,0.0,0,0.0,40,1.8
"US000","1","11","14","0","2021","1","",74,2877,2866,2949,49268439,0,0,1308,"",1.00,1.00,1.00,1.00,1.00,0.00,0.00,1.00,"",-2,-2.6,28,1.0,32,1.1,34,1.2,783365,1.6,0,0.0,0,0.0,7,0.5
"US000","1","112","15","0","2021","1","",2,15,16,16,320824,0,0,1575,"",1.00,1.00,1.00,1.00,1.00,0.00,0.00,1.00,"",0,0.0,-4,-21.1,-3,-15.8,-2,-11.1,18275,6.0,0,0.0,0,0.0,328,26.3
"US000","1","1125","16","0","2021","1","",2,15,16,16,320824,0,0,1575,"",1.00,1.00,1.00,1.00,1.00,0.00,0.00,1.00,"",0,0.0,-4,-21.1,-3,-15.8,-2,-11.1,18275,6.0,0,0.0,0,0.0,328,26.3
"US000","1","11251","17","0","2021","1","",2,15,16,16,320824,0,0,1575,"",1.00,1.00,1.00,1.00,1.00,0.00,0.00,1.00,"",0,0.0,-4,-21.1,-3,-15.8,-2,-11.1,18275,6.0,0,0.0,0,0.0,328,26.3
"US000","1","112511","18","0","2021","1","",2,15,16,16,320824,0,0,1575,"",1.00,1.00,1.00,1.00,1.00,0.00,0.00,1.00,"",0,0.0,-4,-21.1,-3,-15.8,-2,-11.1,18275,6.0,0,0.0,0,0.0,328,26.3
"US000","1","113","15","0","2021","1","",71,2855,2843,2926,48908072,0,0,1309,"",1.00,1.00,1.00,1.00,1.00,0.00,0.00,1.00,"",-2,-2.7,34,1.2,36,1.3,38,1.3,778020,1.6,0,0.0,0,0.0,5,0.4
"US000","1","1131","16","0","2021","1","",71,2855,2843,2926,48908072,0,0,1309,"",1.00,1.00,1.00,1.00,1.00,0.00,0.00,1.00,"",-2,-2.7,34,1.2,36,1.3,38,1.3,778020,1.6,0,0.0,0,0.0,5,0.4
"US000","1","11311","17","0","2021","1","",71,2855,2843,2926,48908072,0,0,1309,"",1.00,1.00,1.00,1.00,1.00,0.00,0.00,1.00,"",-2,-2.7,34,1.2,36,1.3,38,1.3,778020,1.6,0,0.0,0,0.0,5,0.4
"US000","1","113110","18","0","2021","1","",71,2855,2843,2926,48908072,0,0,1309,"",1.00,1.00,1.00,1.00,1.00,0.00,0.00,1.00,"",-2,-2.7,34,1.2,36,1.3,38,1.3,778020,1.6,0,0.0,0,0.0,5,0.4
"US000","1","114","15","0","2021","1","",1,7,7,7,39543,0,0,435,"",1.00,1.00,1.00,1.00,1.00,0.00,0.00,1.00,"",0,0.0,-2,-22.2,-1,-12.5,-2,-22.2,-12930,-24.6,0,0.0,0,0.0,-31,-6.7
"US000","1","1142","16","0","2021","1","",1,7,7,7,39543,0,0,435,"",1.00,1.00,1.00,1.00,1.00,0.00,0.00,1.00,"",0,0.0,-2,-22.2,-1,-12.5,-2,-22.2,-12930,-24.6,0,0.0,0,0.0,-31,-6.7
"US000","1","11421","17","0","2021","1","",1,7,7,7,39543,0,0,435,"",1.00,1.00,1.00,1.00,1.00,0.00,0.00,1.00,"",0,0.0,-2,-22.2,-1,-12.5,-2,-22.2,-12930,-24.6,0,0.0,0,0.0,-31,-6.7
"US000","1","114210","18","0","2021","1","",1,7,7,7,39543,0,0,435,"",1.00,1.00,1.00,1.00,1.00,0.00,0.00,1.00,"",0,0.0,-2,-22.2,-1,-12.5,-2,-22.2,-12930,-24.6,0,0.0,0,0.0,-31,-6.7
"US000","1","22","14","0","2021","1","",159,11428,11436,11468,369442229,0,0,2483,"",1.00,1.00,1.00,1.00,1.00,0.00,0.00,1.00,"",2,1.3,65,0.6,65,0.6,117,1.0,-1442309,-0.4,0,0.0,0,0.0,-28,-1.1
"US000","1","221","15","0","2021","1","",159,11428,11436,11468,369442229,0,0,2483,"",1.00,1.00,1.00,1.00,1.00,0.00,0.00,1.00,"",2,1.3,65,0.6,65,0.6,117,1.0,-1442309,-0.4,0,0.0,0,0.0,-28,-1.1
"US000","1","2211","16","0","2021","1","",153,10663,10671,10703,350852269,0,0,2527,"",1.00,1.00,1.00,1.00,1.00,0.00,0.00,1.00,"",2,1.3,59,0.6,63,0.6,107,1.0,-3528523,-1.0,0,0.0,0,0.0,-44,-1.7
"US000","1","22111","17","0","2021","1","",74,7913,7929,7958,250635468,0,0,2430,"",1.00,1.00,1.00,1.00,1.00,0.00,0.00,1.00,"",2,2.8,73,0.9,79,1.0,119,1.5,-1900123,-0.8,0,0.0,0,0.0,-47,-1.9
"US000","1","221111","18","0","2021","1","",65,5956,5978,6010,183265249,0,0,2357,"",1.00,1.00,1.00,1.00,1.00,0.00,0.00,1.00,"",2,3.2,78,1.3,90,1.5,115,2.0,175350,0.1,0,0.0,0,0.0,-35,-1.5
"US000","1","221112","18","0","2021","1","",6,618,612,612,19915542,0,0,2495,"",1.00,1.00,1.00,1.00,1.00,0.00,0.00,1.00,"",0,0.0,-5,-0.8,-9,-1.4,6,1.0,1244925,6.7,0,0.0,0,0.0,166,7.1
"US000","1","221113","18","0","2021","1","",3,1339,1339,1336,47454677,0,0,2728,"",1.00,1.00,1.00,1.00,1.00,0.00,0.00,1.00,"",0,0.0,0,0.0,-2,-0.1,-2,-0.1,-3320398,-6.5,0,0.0,0,0.0,-188,-6.4
"US000","1","22112","17","0","2021","1","",79,2750,2742,2745,100216801,0,0,2808,"",1.00,1.00,1.00,1.00,1.00,0.00,0.00,1.00,"",0,0.0,-14,-0.5,-16,-0.6,-12,-0.4,-1628400,-1.6,0,0.0,0,0.0,-31,-1.1
"US000","1","221121","18","0","2021","1","",40,2005,1999,2000,75965814,0,0,2920,"",1.00,1.00,1.00,1.00,1.00,0.00,0.00,1.00,"",0,0.0,28,1.4,19,1.0,20,1.0,378664,0.5,0,0.0,0,0.0,-18,-0.6
"US000","1","221122","18","0","2021","1","",39,745,743,745,24250987,0,0,2506,"",1.00,1.00,1.00,1.00,1.00,0.00,0.00,1.00,"",0,0.0,-42,-5.3,-35,-4.5,-32,-4.1,-2007064,-7.6,0,0.0,0,0.0,-81,-3.1
"US000","1","2213","16","0","2021","1","",6,765,765,765,18589960,0,0,1869,"",1.00,1.00,1.00,1.00,1.00,0.00,0.00,1.00,"",0,0.0,6,0.8,2,0.3,10,1.3,2086214,12.6,0,0.0,0,0.0,196,11.7
"US000","1","22131","17","0","2021","1","",6,765,765,765,18589960,0,0,1869,"",1.00,1.00,1.00,1.00,1.00,0.00,0.00,1.00,"",0,0.0,6,0.8,2,0.3,10,1.3,2086214,12.6,0,0.0,0,0.0,196,11.7
"US000","1","221310","18","0","2021","1","",6,765,765,765,18589960,0,0,1869,"",1.00,1.00,1.00,1.00,1.00,0.00,0.00,1.00,"",0,0.0,6,0.8,2,0.3,10,1.3,2086214,12.6,0,0.0,0,0.0,196,11.7
"US000","1","23","14","0","2021","1","",1,5,5,4,131060,0,0,2160,"",1.00,1.00,1.00,1.00,1.00,0.00,0.00,1.00,"",-1,-50.0,1,25.0,1,25.0,0,0.0,-47873,-26.8,0,0.0,0,0.0,-1281,-37.2
"US000","1","237","15","0","2021","1","",1,5,5,4,131060,0,0,2160,"",1.00,1.00,1.00,1.00,1.00,0.00,0.00,1.00,"",-1,-50.0,1,25.0,1,25.0,0,0.0,-47873,-26.8,0,0.0,0,0.0,-1281,-37.2
"US000","1","2371","16","0","2021","1","",1,5,5,4,131060,0,0,2160,"",1.00,1.00,1.00,1.00,1.00,0.00,0.00,1.00,"",-1,-50.0,1,25.0,1,25.0,0,0.0,-47873,-26.8,0,0.0,0,0.0,-1281,-37.2
"US000","1","23713","17","0","2021","1","",1,5,5,4,131060,0,0,2160,"",1.00,1.00,1.00,1.00,1.00,0.00,0.00,1.00,"",-1,-50.0,1,25.0,1,25.0,0,0.0,-47873,-26.8,0,0.0,0,0.0,-1281,-37.2
"US000","1","237130","18","0","2021","1","",1,5,5,4,131060,0,0,2160,"",1.00,1.00,1.00,1.00,1.00,0.00,0.00,1.00,"",-1,-50.0,1,25.0,1,25.0,0,0.0,-47873,-26.8,0,0.0,0,0.0,-1281,-37.2
"US000","1","31-33","14","0","2021","1","",48,50724,50717,50681,1031549280,0,0,1565,"",1.00,1.00,1.00,1.00,1.00,0.00,0.00,1.00,"",2,4.3,300,0.6,64,0.1,-116,-0.2,23797458,2.4,0,0.0,0,0.0,34,2.2
"US000","1","323","15","0","2021","1","",18,2676,2672,2674,70462484,0,0,2027,"",1.00,1.00,1.00,1.00,1.00,0.00,0.00,1.00,"",0,0.0,-28,-1.0,-46,-1.7,-37,-1.4,3740273,5.6,0,0.0,0,0.0,134,7.1
"US000","1","3231","16","0","2021","1","",18,2676,2672,2674,70462484,0,0,2027,"",1.00,1.00,1.00,1.00,1.00,0.00,0.00,1.00,"",0,0.0,-28,-1.0,-46,-1.7,-37,-1.4,3740273,5.6,0,0.0,0,0.0,134,7.1
"US000","1","32311","17","0","2021","1","",18,2676,2672,2674,70462484,0,0,2027,"",1.00,1.00,1.00,1.00,1.00,0.00,0.00,1.00,"",0,0.0,-28,-1.0,-46,-1.7,-37,-1.4,3740273,5.6,0,0.0,0,0.0,134,7.1
"US000","1","323111","18","0","2021","1","",6,1135,1142,1149,32656126,0,0,2200,"",1.00,1.00,1.00,1.00,1.00,0.00,0.00,1.00,"",0,0.0,12,1.1,1,0.1,19,1.7,2454778,8.1,0,0.0,0,0.0,147,7.2
"US000","1","323117","18","0","2021","1","",12,1541,1530,1525,37806358,0,0,1898,"",1.00,1.00,1.00,1.00,1.00,0.00,0.00,1.00,"",0,0.0,-40,-2.5,-47,-3.0,-56,-3.5,1285495,3.5,0,0.0,0,0.0,120,6.7
"US000","1","332","15","0","2021","1","",5,4432,4437,4448,81403612,0,0,1411,"",1.00,1.00,1.00,1.00,1.00,0.00,0.00,1.00,"",0,0.0,-31,-0.7,1,0.0,8,0.2,-775339,-0.9,0,0.0,0,0.0,-11,-0.8
"US000","1","3321","16","0","2021","1","",1,325,327,325,9865829,0,0,2330,"",1.00,1.00,1.00,1.00,1.00,0.00,0.00,1.00,"",0,0.0,1,0.3,6,1.9,3,0.9,464585,4.9,0,0.0,0,0.0,86,3.8
"US000","1","33211","17","0","2021","1","",1,325,327,325,9865829,0,0,2330,"",1.00,1.00,1.00,1.00,1.00,0.00,0.00,1.00,"",0,0.0,1,0.3,6,1.9,3,0.9,464585,4.9,0,0.0,0,0.0,86,3.8
"US000","1","332119","18","0","2021","1","",1,325,327,325,9865829,0,0,2330,"",1.00,1.00,1.00,1.00,1.00,0.00,0.00,1.00,"",0,0.0,1,0.3,6,1.9,3,0.9,464585,4.9,0,0.0,0,0.0,86,3.8
"US000","1","3329","16","0","2021","1","",4,4107,4110,4123,71537783,0,0,1338,"",1.00,1.00,1.00,1.00,1.00,0.00,0.00,1.00,"",0,0.0,-32,-0.8,-5,-0.1,5,0.1,-1239924,-1.7,0,0.0,0,0.0,-19,-1.4
"US000","1","33299","17","0","2021","1","",4,4107,4110,4123,71537783,0,0,1338,"",1.00,1.00,1.00,1.00,1.00,0.00,0.00,1.00,"",0,0.0,-32,-0.8,-5,-0.1,5,0.1,-1239924,-1.7,0,0.0,0,0.0,-19,-1.4
"US000","1","332993","18","0","2021","1","",1,1713,1711,1706,25795264,0,0,1160,"",1.00,1.00,1.00,1.00,1.00,0.00,0.00,1.00,"",0,0.0,-52,-2.9,-43,-2.5,-51,-2.9,-1517759,-5.6,0,0.0,0,0.0,-35,-2.9
"US000","1","332994","18","0","2021","1","",3,2394,2399,2417,45742519,0,0,1464,"",1.00,1.00,1.00,1.00,1.00,0.00,0.00,1.00,"",0,0.0,20,0.8,38,1.6,56,2.4,277835,0.6,0,0.0,0,0.0,-15,-1.0
"US000","1","336","15","0","2021","1","",15,42803,42798,42749,864095122,0,0,1554,"",1.00,1.00,1.00,1.00,1.00,0.00,0.00,1.00,"",0,0.0,324,0.8,73,0.2,-121,-0.3,20023123,2.4,0,0.0,0,0.0,33,2.2
"US000","1","3364","16","0","2021","1","",1,2942,2929,2944,50104171,0,0,1312,"",1.00,1.00,1.00,1.00,1.00,0.00,0.00,1.00,"",0,0.0,51,1.8,28,1.0,15,0.5,1056935,2.2,0,0.0,0,0.0,14,1.1
"US000","1","33641","17","0","2021","1","",1,2942,2929,2944,50104171,0,0,1312,"",1.00,1.00,1.00,1.00,1.00,0.00,0.00,1.00,"",0,0.0,51,1.8,28,1.0,15,0.5,1056935,2.2,0,0.0,0,0.0,14,1.1
"US000","1","336411","18","0","2021","1","",1,2942,2929,2944,50104171,0,0,1312,"",1.00,1.00,1.00,1.00,1.00,0.00,0.00,1.00,"",0,0.0,51,1.8,28,1.0,15,0.5,1056935,2.2,0,0.0,0,0.0,14,1.1
"US000","1","3366","16","0","2021","1","",14,39861,39869,39805,813990951,0,0,1571,"",1.00,1.00,1.00,1.00,1.00,0.00,0.00,1.00,"",0,0.0,273,0.7,45,0.1,-136,-0.3,18966188,2.4,0,0.0,0,0.0,34,2.2
"US000","1","33661","17","0","2021","1","",14,39861,39869,39805,813990951,0,0,1571,"",1.00,1.00,1.00,1.00,1.00,0.00,0.00,1.00,"",0,0.0,273,0.7,45,0.1,-136,-0.3,18966188,2.4,0,0.0,0,0.0,34,2.2
"US000","1","336611","18","0","2021","1","",14,39861,39869,39805,813990951,0,0,1571,"",1.00,1.00,1.00,1.00,1.00,0.00,0.00,1.00,"",0,0.0,273,0.7,45,0.1,-136,-0.3,18966188,2.4,0,0.0,0,0.0,34,2.2
"US000","1","339","15","0","2021","1","",10,813,810,810,15588062,0,0,1479,"",1.00,1.00,1.00,1.00,1.00,0.00,0.00,1.00,"",2,25.0,35,4.5,36,4.7,34,4.4,809401,5.5,0,0.0,0,0.0,14,1.0
"US000","1","3399","16","0","2021","1","",10,813,810,810,15588062,0,0,1479,"",1.00,1.00,1.00,1.00,1.00,0.00,0.00,1.00,"",2,25.0,35,4.5,36,4.7,34,4.4,809401,5.5,0,0.0,0,0.0,14,1.0
"US000","1","33991","17","0","2021","1","",10,813,810,810,15588062,0,0,1479,"",1.00,1.00,1.00,1.00,1.00,0.00,0.00,1.00,"",2,25.0,35,4.5,36,4.7,34,4.4,809401,5.5,0,0.0,0,0.0,14,1.0
"US000","1","339910","18","0","2021","1","",10,813,810,810,15588062,0,0,1479,"",1.00,1.00,1.00,1.00,1.00,0.00,0.00,1.00,"",2,25.0,35,4.5,36,4.7,34,4.4,809401,5.5,0,0.0,0,0.0,14,1.0
"US000","1","44-45","14","0","2021","1","",678,43137,43106,42901,339051573,0,0,606,"",1.00,1.00,1.00,1.00,1.00,0.00,0.00,1.00,"",7,1.0,-742,-1.7,-685,-1.6,-1058,-2.4,-13076346,-3.7,0,0.0,0,0.0,-11,-1.8
"US000","1","441","15","0","2021","1","",40,117,119,120,736360,0,0,477,"",1.00,1.00,1.00,1.00,1.00,0.00,0.00,1.00,"",0,0.0,-19,-14.0,-16,-11.9,-15,-11.1,-244105,-24.9,0,0.0,0,0.0,-80,-14.4
"US000","1","4413","16","0","2021","1","",40,117,119,120,736360,0,0,477,"",1.00,1.00,1.00,1.00,1.00,0.00,0.00,1.00,"",0,0.0,-19,-14.0,-16,-11.9,-15,-11.1,-244105,-24.9,0,0.0,0,0.0,-80,-14.4
"US000","1","44131","17","0","2021","1","",40,117,119,120,736360,0,0,477,"",1.00,1.00,1.00,1.00,1.00,0.00,0.00,1.00,"",0,0.0,-19,-14.0,-16,-11.9,-15,-11.1,-244105,-24.9,0,0.0,0,0.0,-80,-14.4
"US000","1","441310","18","0","2021","1","",40,117,119,120,736360,0,0,477,"",1.00,1.00,1.00,1.00,1.00,0.00,0.00,1.00,"",0,0.0,-19,-14.0,-16,-11.9,-15,-11.1,-244105,-24.9,0,0.0,0,0.0,-80,-14.4
"US000","1","442","15","0","2021","1","",54,229,226,231,1391409,0,0,468,"",1.00,1.00,1.00,1.00,1.00,0.00,0.00,1.00,"",-1,-1.8,-4,-1.7,-1,-0.4,-7,-2.9,-152225,-9.9,0,0.0,0,0.0,-42,-8.2
"US000","1","4421","16","0","2021","1","",1,34,34,35,135996,0,0,305,"",1.00,1.00,1.00,1.00,1.00,0.00,0.00,1.00,"",0,0.0,0,0.0,3,9.7,-3,-7.9,-39470,-22.5,0,0.0,0,0.0,-88,-22.4
"US000","1","44211","17","0","2021","1","",1,34,34,35,135996,0,0,305,"",1.00,1.00,1.00,1.00,1.00,0.00,0.00,1.00,"",0,0.0,0,0.0,3,9.7,-3,-7.9,-39470,-22.5,0,0.0,0,0.0,-88,-22.4
"US000","1","442110","18","0","2021","1","",1,34,34,35,135996,0,0,305,"",1.00,1.00,1.00,1.00,1.00,0.00,0.00,1.00,"",0,0.0,0,0.0,3,9.7,-3,-7.9,-39470,-22.5,0,0.0,0,0.0,-88,-22.4
"US000","1","4422","16","0","2021","1","",53,195,192,196,1255413,0,0,497,"",1.00,1.00,1.00,1.00,1.00,0.00,0.00,1.00,"",-1,-1.9,-4,-2.0,-4,-2.0,-4,-2.0,-112755,-8.2,0,0.0,0,0.0,-34,-6.4
"US000","1","44229","17","0","2021","1","",53,195,192,196,1255413,0,0,497,"",1.00,1.00,1.00,1.00,1.00,0.00,0.00,1.00,"",-1,-1.9,-4,-2.0,-4,-2.0,-4,-2.0,-112755,-8.2,0,0.0,0,0.0,-34,-6.4
"US000","1","442299","18","0","2021","1","",53,195,192,196,1255413,0,0,497,"",1.00,1.00,1.00,1.00,1.00,0.00,0.00,1.00,"",-1,-1.9,-4,-2.0,-4,-2.0,-4,-2.0,-112755,-8.2,0,0.0,0,0.0,-34,-6.4
"US000","1","443","15","0","2021","1","",1,9,9,9,48297,0,0,413,"",1.00,1.00,1.00,1.00,1.00,0.00,0.00,1.00,"",0,0.0,2,28.6,2,28.6,2,28.6,-3410,-6.6,0,0.0,0,0.0,-155,-27.3
"US000","1","4431","16","0","2021","1","",1,9,9,9,48297,0,0,413,"",1.00,1.00,1.00,1.00,1.00,0.00,0.00,1.00,"",0,0.0,2,28.6,2,28.6,2,28.6,-3410,-6.6,0,0.0,0,0.0,-155,-27.3
"US000","1","44314","17","0","2021","1","",1,9,9,9,48297,0,0,413,"",1.00,1.00,1.00,1.00,1.00,0.00,0.00,1.00,"",0,0.0,2,28.6,2,28.6,2,28.6,-3410,-6.6,0,0.0,0,0.0,-155,-27.3
"US000","1","443141","18","0","2021","1","",1,9,9,9,48297,0,0,413,"",1.00,1.00,1.00,1.00,1.00,0.00,0.00,1.00,"",0,0.0,2,28.6,2,28.6,2,28.6,-3410,-6.6,0,0.0,0,0.0,-155,-27.3
"US000","1","444","15","0","2021","1","",1,97,89,87,501242,0,0,424,"",1.00,1.00,1.00,1.00,1.00,0.00,0.00,1.00,"",0,0.0,2,2.1,-1,-1.1,-2,-2.2,-98848,-16.5,0,0.0,0,0.0,-81,-16.0
"US000","1","4442","16","0","2021","1","",1,97,89,87,501242,0,0,424,"",1.00,1.00,1.00,1.00,1.00,0.00,0.00,1.00,"",0,0.0,2,2.1,-1,-1.1,-2,-2.2,-98848,-16.5,0,0.0,0,0.0,-81,-16.0
"US000","1","44422","17","0","2021","1","",1,97,89,87,501242,0,0,424,"",1.00,1.00,1.00,1.00,1.00,0.00,0.00,1.00,"",0,0.0,2,2.1,-1,-1.1,-2,-2.2,-98848,-16.5,0,0.0,0,0.0,-81,-16.0
"US000","1","444220","18","0","2021","1","",1,97,89,87,501242,0,0,424,"",1.00,1.00,1.00,1.00,1.00,0.00,0.00,1.00,"",0,0.0,2,2.1,-1,-1.1,-2,-2.2,-98848,-16.5,0,0.0,0,0.0,-81,-16.0
"US000","1","445","15","0","2021","1","",199,10932,10956,10909,110370247,0,0,777,"",1.00,1.00,1.00,1.00,1.00,0.00,0.00,1.00,"",0,0.0,242,2.3,301,2.8,-10,-0.1,2108333,1.9,0,0.0,0,0.0,3,0.4
"US000","1","4451","16","0","2021","1","",199,10932,10956,10909,110370247,0,0,777,"",1.00,1.00,1.00,1.00,1.00,0.00,0.00,1.00,"",1,0.5,242,2.3,301,2.8,-10,-0.1,2108333,1.9,0,0.0,0,0.0,3,0.4
"US000","1","44511","17","0","2021","1","",174,10291,10313,10271,106048488,0,0,793,"",1.00,1.00,1.00,1.00,1.00,0.00,0.00,1.00,"",2,1.2,256,2.6,307,3.1,21,0.2,2932032,2.8,0,0.0,0,0.0,7,0.9
"US000","1","445110","18","0","2021","1","",174,10291,10313,10271,106048488,0,0,793,"",1.00,1.00,1.00,1.00,1.00,0.00,0.00,1.00,"",2,1.2,256,2.6,307,3.1,21,0.2,2932032,2.8,0,0.0,0,0.0,7,0.9
"US000","1","44512","17","0","2021","1","",25,641,643,638,4321759,0,0,519,"",1.00,1.00,1.00,1.00,1.00,0.00,0.00,1.00,"",-1,-3.8,-14,-2.1,-6,-0.9,-31,-4.6,-823699,-16.0,0,0.0,0,0.0,-83,-13.8
"US000","1","445120","18","0","2021","1","",25,641,643,638,4321759,0,0,519,"",1.00,1.00,1.00,1.00,1.00,0.00,0.00,1.00,"",-1,-3.8,-14,-2.1,-6,-0.9,-31,-4.6,-823699,-16.0,0,0.0,0,0.0,-83,-13.8
"US000","1","447","15","0","2021","1","",21,226,223,216,1106227,0,0,384,"",1.00,1.00,1.00,1.00,1.00,0.00,0.00,1.00,"",0,0.0,-25,-10.0,-25,-10.1,-19,-8.1,-403536,-26.7,0,0.0,0,0.0,-91,-19.2
"US000","1","4471","16","0","2021","1","",21,226,223,216,1106227,0,0,384,"",1.00,1.00,1.00,1.00,1.00,0.00,0.00,1.00,"",0,0.0,-25,-10.0,-25,-10.1,-19,-8.1,-403536,-26.7,0,0.0,0,0.0,-91,-19.2
"US000","1","44711","17","0","2021","1","",18,159,154,150,744694,0,0,371,"",1.00,1.00,1.00,1.00,1.00,0.00,0.00,1.00,"",0,0.0,-17,-9.7,-16,-9.4,-11,-6.8,-245966,-24.8,0,0.0,0,0.0,-80,-17.7
"US000","1","447110","18","0","2021","1","",18,159,154,150,744694,0,0,371,"",1.00,1.00,1.00,1.00,1.00,0.00,0.00,1.00,"",0,0.0,-17,-9.7,-16,-9.4,-11,-6.8,-245966,-24.8,0,0.0,0,0.0,-80,-17.7
"US000","1","44719","17","0","2021","1","",3,67,69,66,361533,0,0,413,"",1.00,1.00,1.00,1.00,1.00,0.00,0.00,1.00,"",0,0.0,-8,-10.7,-9,-11.5,-8,-10.8,-157570,-30.4,0,0.0,0,0.0,-115,-21.8
"US000","1","447190","18","0","2021","1","",3,67,69,66,361533,0,0,413,"",1.00,1.00,1.00,1.00,1.00,0.00,0.00,1.00,"",0,0.0,-8,-10.7,-9,-11.5,-8,-10.8,-157570,-30.4,0,0.0,0,0.0,-115,-21.8
"US000","1","448","15","0","2021","1","",3,29,29,29,176515,0,0,468,"",1.00,1.00,1.00,1.00,1.00,0.00,0.00,1.00,"",0,0.0,-3,-9.4,-4,-12.1,-4,-12.1,-76658,-30.3,0,0.0,0,0.0,-128,-21.5
"US000","1","4481","16","0","2021","1","",3,29,29,29,176515,0,0,468,"",1.00,1.00,1.00,1.00,1.00,0.00,0.00,1.00,"",0,0.0,-3,-9.4,-4,-12.1,-4,-12.1,-76658,-30.3,0,0.0,0,0.0,-128,-21.5
"US000","1","44814","17","0","2021","1","",1,7,7,7,54770,0,0,602,"",1.00,1.00,1.00,1.00,1.00,0.00,0.00,1.00,"",0,0.0,0,0.0,0,0.0,0,0.0,310,0.6,0,0.0,0,0.0,4,0.7
"US000","1","448140","18","0","2021","1","",1,7,7,7,54770,0,0,602,"",1.00,1.00,1.00,1.00,1.00,0.00,0.00,1.00,"",0,0.0,0,0.0,0,0.0,0,0.0,310,0.6,0,0.0,0,0.0,4,0.7
"US000","1","44819","17","0","2021","1","",2,22,22,22,121745,0,0,426,"",1.00,1.00,1.00,1.00,1.00,0.00,0.00,1.00,"",0,0.0,-3,-12.0,-4,-15.4,-4,-15.4,-76968,-38.7,0,0.0,0,0.0,-170,-28.5
"US000","1","448190","18","0","2021","1","",2,22,22,22,121745,0,0,426,"",1.00,1.00,1.00,1.00,1.00,0.00,0.00,1.00,"",0,0.0,-3,-12.0,-4,-15.4,-4,-15.4,-76968,-38.7,0,0.0,0,0.0,-170,-28.5
"US000","1","451","15","0","2021","1","",45,106,134,149,684794,0,0,406,"",1.00,1.00,1.00,1.00,1.00,0.00,0.00,1.00,"",10,28.6,31,41.3,55,69.6,68,84.0,210514,44.4,0,0.0,0,0.0,-60,-12.9
"US000","1","4511","16","0","2021","1","",44,105,133,148,659698,0,0,394,"",1.00,1.00,1.00,1.00,1.00,0.00,0.00,1.00,"",10,29.4,31,41.9,55,70.5,68,85.0,211343,47.1,0,0.0,0,0.0,-52,-11.7
"US000","1","45111","17","0","2021","1","",42,103,131,146,643627,0,0,391,"",1.00,1.00,1.00,1.00,1.00,0.00,0.00,1.00,"",10,31.2,33,47.1,57,77.0,70,92.1,223937,53.4,0,0.0,0,0.0,-49,-11.1
"US000","1","451110","18","0","2021","1","",42,103,131,146,643627,0,0,391,"",1.00,1.00,1.00,1.00,1.00,0.00,0.00,1.00,"",10,31.2,33,47.1,57,77.0,70,92.1,223937,53.4,0,0.0,0,0.0,-49,-11.1
"US000","1","45112","17","0","2021","1","",2,2,2,2,16071,0,0,618,"",1.00,1.00,1.00,1.00,1.00,0.00,0.00,1.00,"",0,0.0,-2,-50.0,-2,-50.0,-2,-50.0,-12594,-43.9,0,0.0,0,0.0,67,12.2
"US000","1","451120","18","0","2021","1","",2,2,2,2,16071,0,0,618,"",1.00,1.00,1.00,1.00,1.00,0.00,0.00,1.00,"",0,0.0,-2,-50.0,-2,-50.0,-2,-50.0,-12594,-43.9,0,0.0,0,0.0,67,12.2
"US000","1","4512","16","0","2021","1","",1,1,1,1,25096,0,0,1930,"",1.00,1.00,1.00,1.00,1.00,0.00,0.00,1.00,"",0,0.0,0,0.0,0,0.0,0,0.0,-829,-3.2,0,0.0,0,0.0,-64,-3.2
"US000","1","45121","17","0","2021","1","",1,1,1,1,25096,0,0,1930,"",1.00,1.00,1.00,1.00,1.00,0.00,0.00,1.00,"",0,0.0,0,0.0,0,0.0,0,0.0,-829,-3.2,0,0.0,0,0.0,-64,-3.2
"US000","1","451211","18","0","2021","1","",1,1,1,1,25096,0,0,1930,"",1.00,1.00,1.00,1.00,1.00,0.00,0.00,1.00,"",0,0.0,0,0.0,0,0.0,0,0.0,-829,-3.2,0,0.0,0,0.0,-64,-3.2
"US000","1","452","15","0","2021","1","",279,28948,28856,28682,214594512,0,0,573,"",1.00,1.00,1.00,1.00,1.00,0.00,0.00,1.00,"",-1,-0.4,-962,-3.2,-968,-3.2,-1042,-3.5,-14177211,-6.2,0,0.0,0,0.0,-17,-2.9
"US000","1","4522","16","0","2021","1","",205,19774,19645,19507,146138534,0,0,572,"",1.00,1.00,1.00,1.00,1.00,0.00,0.00,1.00,"",1,0.5,-585,-2.9,-602,-3.0,-720,-3.6,-9791325,-6.3,0,0.0,0,0.0,-20,-3.4
"US000","1","45221","17","0","2021","1","",205,19774,19645,19507,146138534,0,0,572,"",1.00,1.00,1.00,1.00,1.00,0.00,0.00,1.00,"",1,0.5,-585,-2.9,-602,-3.0,-720,-3.6,-9791325,-6.3,0,0.0,0,0.0,-20,-3.4
"US000","1","452210","18","0","2021","1","",205,19774,19645,19507,146138534,0,0,572,"",1.00,1.00,1.00,1.00,1.00,0.00,0.00,1.00,"",1,0.5,-585,-2.9,-602,-3.0,-720,-3.6,-9791325,-6.3,0,0.0,0,0.0,-20,-3.4
"US000","1","4523","16","0","2021","1","",74,9174,9211,9175,68455978,0,0,573,"",1.00,1.00,1.00,1.00,1.00,0.00,0.00,1.00,"",-2,-2.6,-377,-3.9,-366,-3.8,-322,-3.4,-4385886,-6.0,0,0.0,0,0.0,-14,-2.4
"US000","1","45231","17","0","2021","1","",74,9174,9211,9175,68455978,0,0,573,"",1.00,1.00,1.00,1.00,1.00,0.00,0.00,1.00,"",-2,-2.6,-377,-3.9,-366,-3.8,-322,-3.4,-4385886,-6.0,0,0.0,0,0.0,-14,-2.4
"US000","1","452311","18","0","2021","1","",30,5447,5445,5426,53078774,0,0,751,"",1.00,1.00,1.00,1.00,1.00,0.00,0.00,1.00,"",0,0.0,-182,-3.2,-207,-3.7,-200,-3.6,-4038410,-7.1,0,0.0,0,0.0,-29,-3.7
"US000","1","452319","18","0","2021","1","",44,3727,3766,3749,15377204,0,0,316,"",1.00,1.00,1.00,1.00,1.00,0.00,0.00,1.00,"",-2,-4.3,-195,-5.0,-159,-4.1,-122,-3.2,-347476,-2.2,0,0.0,0,0.0,6,1.9
"US000","1","453","15","0","2021","1","",21,80,84,81,603112,0,0,568,"",1.00,1.00,1.00,1.00,1.00,0.00,0.00,1.00,"",-1,-4.5,-32,-28.6,-67,-44.4,-73,-47.4,-271097,-31.0,0,0.0,0,0.0,84,17.4
"US000","1","4532","16","0","2021","1","",2,2,2,2,18298,0,0,704,"",1.00,1.00,1.00,1.00,1.00,0.00,0.00,1.00,"",-1,-33.3,-3,-60.0,-3,-60.0,-3,-60.0,-11997,-39.6,0,0.0,0,0.0,238,51.1
"US000","1","45322","17","0","2021","1","",2,2,2,2,18298,0,0,704,"",1.00,1.00,1.00,1.00,1.00,0.00,0.00,1.00,"",-1,-33.3,-3,-60.0,-3,-60.0,-3,-60.0,-11997,-39.6,0,0.0,0,0.0,238,51.1
"US000","1","453220","18","0","2021","1","",2,2,2,2,18298,0,0,704,"",1.00,1.00,1.00,1.00,1.00,0.00,0.00,1.00,"",-1,-33.3,-3,-60.0,-3,-60.0,-3,-60.0,-11997,-39.6,0,0.0,0,0.0,238,51.1
"US000","1","4539","16","0","2021","1","",19,78,82,79,584814,0,0,565,"",1.00,1.00,1.00,1.00,1.00,0.00,0.00,1.00,"",0,0.0,-29,-27.1,-64,-43.8,-70,-47.0,-259100,-30.7,0,0.0,0,0.0,81,16.7
"US000","1","45399","17","0","2021","1","",19,78,82,79,584814,0,0,565,"",1.00,1.00,1.00,1.00,1.00,0.00,0.00,1.00,"",0,0.0,-29,-27.1,-64,-43.8,-70,-47.0,-259100,-30.7,0,0.0,0,0.0,81,16.7
"US000","1","453998","18","0","2021","1","",19,78,82,79,584814,0,0,565,"",1.00,1.00,1.00,1.00,1.00,0.00,0.00,1.00,"",0,0.0,-29,-27.1,-64,-43.8,-70,-47.0,-259100,-30.7,0,0.0,0,0.0,81,16.7
"US000","1","454","15","0","2021","1","",14,2364,2381,2388,8838858,0,0,286,"",1.00,1.00,1.00,1.00,1.00,0.00,0.00,1.00,"",0,0.0,26,1.1,39,1.7,44,1.9,31897,0.4,0,0.0,0,0.0,-3,-1.0
"US000","1","4541","16","0","2021","1","",10,2315,2329,2338,8422354,0,0,278,"",1.00,1.00,1.00,1.00,1.00,0.00,0.00,1.00,"",0,0.0,25,1.1,35,1.5,43,1.9,38076,0.5,0,0.0,0,0.0,-3,-1.1
"US000","1","45411","17","0","2021","1","",10,2315,2329,2338,8422354,0,0,278,"",1.00,1.00,1.00,1.00,1.00,0.00,0.00,1.00,"",0,0.0,25,1.1,35,1.5,43,1.9,38076,0.5,0,0.0,0,0.0,-3,-1.1
"US000","1","454110","18","0","2021","1","",10,2315,2329,2338,8422354,0,0,278,"",1.00,1.00,1.00,1.00,1.00,0.00,0.00,1.00,"",0,0.0,25,1.1,35,1.5,43,1.9,38076,0.5,0,0.0,0,0.0,-3,-1.1
"US000","1","4542","16","0","2021","1","",4,49,52,50,416504,0,0,637,"",1.00,1.00,1.00,1.00,1.00,0.00,0.00,1.00,"",0,0.0,1,2.1,4,8.3,1,2.0,-6179,-1.5,0,0.0,0,0.0,-36,-5.3
"US000","1","45421","17","0","2021","1","",4,49,52,50,416504,0,0,637,"",1.00,1.00,1.00,1.00,1.00,0.00,0.00,1.00,"",0,0.0,1,2.1,4,8.3,1,2.0,-6179,-1.5,0,0.0,0,0.0,-36,-5.3
"US000","1","454210","18","0","2021","1","",4,49,52,50,416504,0,0,637,"",1.00,1.00,1.00,1.00,1.00,0.00,0.00,1.00,"",0,0.0,1,2.1,4,8.3,1,2.0,-6179,-1.5,0,0.0,0,0.0,-36,-5.3
"US000","1","48-49","14","0","2021","1","",29463,615146,619396,617348,9735334574,0,0,1213,"",1.00,1.00,1.00,1.00,1.00,0.00,0.00,1.00,"",43,0.1,641,0.1,11309,1.9,9174,1.5,598296458,6.5,0,0.0,0,0.0,61,5.3
"US000","1","481","15","0","2021","1","",4,19,17,16,198218,0,0,880,"",1.00,1.00,1.00,1.00,1.00,0.00,0.00,1.00,"",0,0.0,-5,-20.8,-9,-34.6,-12,-42.9,-17947,-8.3,0,0.0,0,0.0,240,37.5
"US000","1","4812","16","0","2021","1","",4,19,17,16,198218,0,0,880,"",1.00,1.00,1.00,1.00,1.00,0.00,0.00,1.00,"",0,0.0,-5,-20.8,-9,-34.6,-12,-42.9,-17947,-8.3,0,0.0,0,0.0,240,37.5
"US000","1","48121","17","0","2021","1","",4,19,17,16,198218,0,0,880,"",1.00,1.00,1.00,1.00,1.00,0.00,0.00,1.00,"",0,0.0,-5,-20.8,-9,-34.6,-12,-42.9,-17947,-8.3,0,0.0,0,0.0,240,37.5
"US000","1","481219","18","0","2021","1","",4,19,17,16,198218,0,0,880,"",1.00,1.00,1.00,1.00,1.00,0.00,0.00,1.00,"",0,0.0,-5,-20.8,-9,-34.6,-12,-42.9,-17947,-8.3,0,0.0,0,0.0,240,37.5
"US000","1","483","15","0","2021","1","",1,114,114,113,2178902,0,0,1475,"",1.00,1.00,1.00,1.00,1.00,0.00,0.00,1.00,"",0,0.0,-4,-3.4,-5,-4.2,-5,-4.2,-108281,-4.7,0,0.0,0,0.0,-12,-0.8
"US000","1","4831","16","0","2021","1","",1,114,114,113,2178902,0,0,1475,"",1.00,1.00,1.00,1.00,1.00,0.00,0.00,1.00,"",0,0.0,-4,-3.4,-5,-4.2,-5,-4.2,-108281,-4.7,0,0.0,0,0.0,-12,-0.8
"US000","1","48311","17","0","2021","1","",1,114,114,113,2178902,0,0,1475,"",1.00,1.00,1.00,1.00,1.00,0.00,0.00,1.00,"",0,0.0,-4,-3.4,-5,-4.2,-5,-4.2,-108281,-4.7,0,0.0,0,0.0,-12,-0.8
"US000","1","483113","18","0","2021","1","",1,114,114,113,2178902,0,0,1475,"",1.00,1.00,1.00,1.00,1.00,0.00,0.00,1.00,"",0,0.0,-4,-3.4,-5,-4.2,-5,-4.2,-108281,-4.7,0,0.0,0,0.0,-12,-0.8
"US000","1","484","15","0","2021","1","",2,7,7,7,174078,0,0,1913,"",1.00,1.00,1.00,1.00,1.00,0.00,0.00,1.00,"",0,0.0,-1,-12.5,-1,-12.5,-1,-12.5,-12991,-6.9,0,0.0,0,0.0,114,6.3
"US000","1","4841","16","0","2021","1","",2,7,7,7,174078,0,0,1913,"",1.00,1.00,1.00,1.00,1.00,0.00,0.00,1.00,"",0,0.0,-1,-12.5,-1,-12.5,-1,-12.5,-12991,-6.9,0,0.0,0,0.0,114,6.3
"US000","1","48412","17","0","2021","1","",2,7,7,7,174078,0,0,1913,"",1.00,1.00,1.00,1.00,1.00,0.00,0.00,1.00,"",0,0.0,-1,-12.5,-1,-12.5,-1,-12.5,-12991,-6.9,0,0.0,0,0.0,114,6.3
"US000","1","484121","18","0","2021","1","",2,7,7,7,174078,0,0,1913,"",1.00,1.00,1.00,1.00,1.00,0.00,0.00,1.00,"",0,0.0,-1,-12.5,-1,-12.5,-1,-12.5,-12991,-6.9,0,0.0,0,0.0,114,6.3
"US000","1","485","15","0","2021","1","",1,2,1,1,1292,0,0,75,"",1.00,1.00,1.00,1.00,1.00,0.00,0.00,1.00,"",-1,-50.0,0,0.0,0,0.0,-1,-50.0,-1085,-45.6,0,0.0,0,0.0,-35,-31.8
"US000","1","4853","16","0","2021","1","",1,2,1,1,1292,0,0,75,"",1.00,1.00,1.00,1.00,1.00,0.00,0.00,1.00,"",-1,-50.0,0,0.0,0,0.0,-1,-50.0,-1085,-45.6,0,0.0,0,0.0,-35,-31.8
"US000","1","48531","17","0","2021","1","",1,2,1,1,1292,0,0,75,"",1.00,1.00,1.00,1.00,1.00,0.00,0.00,1.00,"",0,0.0,0,0.0,0,0.0,-1,-50.0,-1085,-45.6,0,0.0,0,0.0,-35,-31.8
"US000","1","485310","18","0","2021","1","",1,2,1,1,1292,0,0,75,"",1.00,1.00,1.00,1.00,1.00,0.00,0.00,1.00,"",0,0.0,0,0.0,0,0.0,-1,-50.0,-1085,-45.6,0,0.0,0,0.0,-35,-31.8
"US000","1","487","15","0","2021","1","",2,108,99,102,956370,0,0,714,"",1.00,1.00,1.00,1.00,1.00,0.00,0.00,1.00,"",0,0.0,-7,-6.1,-23,-18.9,-22,-17.7,-102896,-9.7,0,0.0,0,0.0,37,5.5
"US000","1","4879","16","0","2021","1","",2,108,99,102,956370,0,0,714,"",1.00,1.00,1.00,1.00,1.00,0.00,0.00,1.00,"",0,0.0,-7,-6.1,-23,-18.9,-22,-17.7,-102896,-9.7,0,0.0,0,0.0,37,5.5
"US000","1","48799","17","0","2021","1","",2,108,99,102,956370,0,0,714,"",1.00,1.00,1.00,1.00,1.00,0.00,0.00,1.00,"",0,0.0,-7,-6.1,-23,-18.9,-22,-17.7,-102896,-9.7,0,0.0,0,0.0,37,5.5
"US000","1","487990","18","0","2021","1","",2,108,99,102,956370,0,0,714,"",1.00,1.00,1.00,1.00,1.00,0.00,0.00,1.00,"",0,0.0,-7,-6.1,-23,-18.9,-22,-17.7,-102896,-9.7,0,0.0,0,0.0,37,5.5
"US000","1","488","15","0","2021","1","",159,11382,11414,11447,384189999,0,0,2589,"",1.00,1.00,1.00,1.00,1.00,0.00,0.00,1.00,"",-4,-2.5,-52,-0.5,-28,-0.2,12,0.1,-14400341,-3.6,0,0.0,0,0.0,-92,-3.4
"US000","1","4881","16","0","2021","1","",159,11382,11414,11447,384189999,0,0,2589,"",1.00,1.00,1.00,1.00,1.00,0.00,0.00,1.00,"",-4,-2.5,-52,-0.5,-28,-0.2,12,0.1,-14400341,-3.6,0,0.0,0,0.0,-92,-3.4
"US000","1","48811","17","0","2021","1","",159,11382,11414,11447,384189999,0,0,2589,"",1.00,1.00,1.00,1.00,1.00,0.00,0.00,1.00,"",-4,-2.5,-52,-0.5,-28,-0.2,12,0.1,-14400341,-3.6,0,0.0,0,0.0,-92,-3.4
"US000","1","488111","18","0","2021","1","",158,11365,11398,11431,384098095,0,0,2592,"",1.00,1.00,1.00,1.00,1.00,0.00,0.00,1.00,"",-4,-2.5,-54,-0.5,-29,-0.3,12,0.1,-14402939,-3.6,0,0.0,0,0.0,-92,-3.4
"US000","1","488119","18","0","2021","1","",1,17,16,16,91904,0,0,433,"",1.00,1.00,1.00,1.00,1.00,0.00,0.00,1.00,"",0,0.0,2,13.3,1,6.7,0,0.0,2598,2.9,0,0.0,0,0.0,-15,-3.3
"US000","1","491","15","0","2021","1","",29284,602042,606248,604151,9340020262,0,0,1189,"",1.00,1.00,1.00,1.00,1.00,0.00,0.00,1.00,"",48,0.2,772,0.1,11411,1.9,9210,1.5,613850125,7.0,0,0.0,0,0.0,65,5.8
"US000","1","4911","16","0","2021","1","",29284,602042,606248,604151,9340020262,0,0,1189,"",1.00,1.00,1.00,1.00,1.00,0.00,0.00,1.00,"",48,0.2,772,0.1,11411,1.9,9210,1.5,613850125,7.0,0,0.0,0,0.0,65,5.8
"US000","1","49111","17","0","2021","1","",29284,602042,606248,604151,9340020262,0,0,1189,"",1.00,1.00,1.00,1.00,1.00,0.00,0.00,1.00,"",48,0.2,772,0.1,11411,1.9,9210,1.5,613850125,7.0,0,0.0,0,0.0,65,5.8
"US000","1","491110","18","0","2021","1","",29284,602042,606248,604151,9340020262,0,0,1189,"",1.00,1.00,1.00,1.00,1.00,0.00,0.00,1.00,"",48,0.2,772,0.1,11411,1.9,9210,1.5,613850125,7.0,0,0.0,0,0.0,65,5.8
"US000","1","493","15","0","2021","1","",10,1472,1496,1511,7615453,0,0,392,"",1.00,1.00,1.00,1.00,1.00,0.00,0.00,1.00,"",0,0.0,-62,-4.0,-36,-2.3,-7,-0.5,-910126,-10.7,0,0.0,0,0.0,-37,-8.6
"US000","1","4931","16","0","2021","1","",10,1472,1496,1511,7615453,0,0,392,"",1.00,1.00,1.00,1.00,1.00,0.00,0.00,1.00,"",0,0.0,-62,-4.0,-36,-2.3,-7,-0.5,-910126,-10.7,0,0.0,0,0.0,-37,-8.6
"US000","1","49311","17","0","2021","1","",8,1410,1435,1453,6241117,0,0,335,"",1.00,1.00,1.00,1.00,1.00,0.00,0.00,1.00,"",0,0.0,-61,-4.1,-35,-2.4,-3,-0.2,-872706,-12.3,0,0.0,0,0.0,-38,-10.2
"US000","1","493110","18","0","2021","1","",8,1410,1435,1453,6241117,0,0,335,"",1.00,1.00,1.00,1.00,1.00,0.00,0.00,1.00,"",0,0.0,-61,-4.1,-35,-2.4,-3,-0.2,-872706,-12.3,0,0.0,0,0.0,-38,-10.2
"US000","1","49319","17","0","2021","1","",2,62,61,58,1374336,0,0,1752,"",1.00,1.00,1.00,1.00,1.00,0.00,0.00,1.00,"",0,0.0,-1,-1.6,-1,-1.6,-4,-6.5,-37420,-2.7,0,0.0,0,0.0,10,0.6
"US000","1","493190","18","0","2021","1","",2,62,61,58,1374336,0,0,1752,"",1.00,1.00,1.00,1.00,1.00,0.00,0.00,1.00,"",0,0.0,-1,-1.6,-1,-1.6,-4,-6.5,-37420,-2.7,0,0.0,0,0.0,10,0.6
"US000","1","51","14","0","2021","1","",129,6587,6549,6545,129733192,0,0,1521,"",1.00,1.00,1.00,1.00,1.00,0.00,0.00,1.00,"",3,2.4,-34,-0.5,-80,-1.2,-70,-1.1,2421053,1.9,0,0.0,0,0.0,42,2.8
"US000","1","511","15","0","2021","1","",6,95,93,95,1772179,0,0,1445,"",1.00,1.00,1.00,1.00,1.00,0.00,0.00,1.00,"",0,0.0,-4,-4.0,-8,-7.9,-5,-5.0,-93635,-5.0,0,0.0,0,0.0,10,0.7
"US000","1","5111","16","0","2021","1","",6,95,93,95,1772179,0,0,1445,"",1.00,1.00,1.00,1.00,1.00,0.00,0.00,1.00,"",0,0.0,-4,-4.0,-8,-7.9,-5,-5.0,-93635,-5.0,0,0.0,0,0.0,10,0.7
"US000","1","51111","17","0","2021","1","",1,59,58,60,1122435,0,0,1463,"",1.00,1.00,1.00,1.00,1.00,0.00,0.00,1.00,"",0,0.0,-2,-3.3,-5,-7.9,-2,-3.2,-55595,-4.7,0,0.0,0,0.0,1,0.1
"US000","1","511110","18","0","2021","1","",1,59,58,60,1122435,0,0,1463,"",1.00,1.00,1.00,1.00,1.00,0.00,0.00,1.00,"",0,0.0,-2,-3.3,-5,-7.9,-2,-3.2,-55595,-4.7,0,0.0,0,0.0,1,0.1
"US000","1","51113","17","0","2021","1","",5,36,35,35,649744,0,0,1415,"",1.00,1.00,1.00,1.00,1.00,0.00,0.00,1.00,"",0,0.0,-2,-5.3,-3,-7.9,-3,-7.9,-38040,-5.5,0,0.0,0,0.0,23,1.7
"US000","1","511130","18","0","2021","1","",5,36,35,35,649744,0,0,1415,"",1.00,1.00,1.00,1.00,1.00,0.00,0.00,1.00,"",0,0.0,-2,-5.3,-3,-7.9,-3,-7.9,-38040,-5.5,0,0.0,0,0.0,23,1.7
"US000","1","512","15","0","2021","1","",6,34,32,32,305637,0,0,720,"",1.00,1.00,1.00,1.00,1.00,0.00,0.00,1.00,"",-3,-33.3,1,3.0,-1,-3.0,-2,-5.9,-3853,-1.2,0,0.0,0,0.0,6,0.8
"US000","1","5121","16","0","2021","1","",6,34,32,32,305637,0,0,720,"",1.00,1.00,1.00,1.00,1.00,0.00,0.00,1.00,"",-3,-33.3,1,3.0,-1,-3.0,-2,-5.9,-3853,-1.2,0,0.0,0,0.0,6,0.8
"US000","1","51213","17","0","2021","1","",2,4,4,3,5337,0,0,112,"",1.00,1.00,1.00,1.00,1.00,0.00,0.00,1.00,"",-3,-60.0,0,0.0,-1,-20.0,-2,-40.0,-3821,-41.7,0,0.0,0,0.0,-39,-25.8
"US000","1","512131","18","0","2021","1","",2,4,4,3,5337,0,0,112,"",1.00,1.00,1.00,1.00,1.00,0.00,0.00,1.00,"",-3,-60.0,0,0.0,-1,-20.0,-2,-40.0,-3821,-41.7,0,0.0,0,0.0,-39,-25.8
"US000","1","51219","17","0","2021","1","",4,30,28,29,300300,0,0,797,"",1.00,1.00,1.00,1.00,1.00,0.00,0.00,1.00,"",0,0.0,1,3.4,0,0.0,0,0.0,-32,0.0,0,0.0,0,0.0,-9,-1.1
"US000","1","512199","18","0","2021","1","",4,30,28,29,300300,0,0,797,"",1.00,1.00,1.00,1.00,1.00,0.00,0.00,1.00,"",0,0.0,1,3.4,0,0.0,0,0.0,-32,0.0,0,0.0,0,0.0,-9,-1.1
"US000","1","515","15","0","2021","1","",3,116,116,117,2717451,0,0,1797,"",1.00,1.00,1.00,1.00,1.00,0.00,0.00,1.00,"",0,0.0,-4,-3.3,-4,-3.3,-1,-0.8,171051,6.7,0,0.0,0,0.0,156,9.5
"US000","1","5151","16","0","2021","1","",3,116,116,117,2717451,0,0,1797,"",1.00,1.00,1.00,1.00,1.00,0.00,0.00,1.00,"",0,0.0,-4,-3.3,-4,-3.3,-1,-0.8,171051,6.7,0,0.0,0,0.0,156,9.5
"US000","1","51511","17","0","2021","1","",3,116,116,117,2717451,0,0,1797,"",1.00,1.00,1.00,1.00,1.00,0.00,0.00,1.00,"",0,0.0,-4,-3.3,-4,-3.3,-1,-0.8,171051,6.7,0,0.0,0,0.0,156,9.5
"US000","1","515112","18","0","2021","1","",3,116,116,117,2717451,0,0,1797,"",1.00,1.00,1.00,1.00,1.00,0.00,0.00,1.00,"",0,0.0,-4,-3.3,-4,-3.3,-1,-0.8,171051,6.7,0,0.0,0,0.0,156,9.5
"US000","1","518","15","0","2021","1","",1,1246,1240,1233,17232584,0,0,1069,"",1.00,1.00,1.00,1.00,1.00,0.00,0.00,1.00,"",0,0.0,15,1.2,14,1.1,17,1.4,156556,0.9,0,0.0,0,0.0,-4,-0.4
"US000","1","5182","16","0","2021","1","",1,1246,1240,1233,17232584,0,0,1069,"",1.00,1.00,1.00,1.00,1.00,0.00,0.00,1.00,"",0,0.0,15,1.2,14,1.1,17,1.4,156556,0.9,0,0.0,0,0.0,-4,-0.4
"US000","1","51821","17","0","2021","1","",1,1246,1240,1233,17232584,0,0,1069,"",1.00,1.00,1.00,1.00,1.00,0.00,0.00,1.00,"",0,0.0,15,1.2,14,1.1,17,1.4,156556,0.9,0,0.0,0,0.0,-4,-0.4
"US000","1","518210","18","0","2021","1","",1,1246,1240,1233,17232584,0,0,1069,"",1.00,1.00,1.00,1.00,1.00,0.00,0.00,1.00,"",0,0.0,15,1.2,14,1.1,17,1.4,156556,0.9,0,0.0,0,0.0,-4,-0.4
"US000","1","519","15","0","2021","1","",113,5096,5068,5068,107705341,0,0,1632,"",1.00,1.00,1.00,1.00,1.00,0.00,0.00,1.00,"",6,5.6,-42,-0.8,-81,-1.6,-79,-1.5,2190934,2.1,0,0.0,0,0.0,54,3.4
"US000","1","5191","16","0","2021","1","",113,5096,5068,5068,107705341,0,0,1632,"",1.00,1.00,1.00,1.00,1.00,0.00,0.00,1.00,"",6,5.6,-42,-0.8,-81,-1.6,-79,-1.5,2190934,2.1,0,0.0,0,0.0,54,3.4
"US000","1","51912","17","0","2021","1","",111,5084,5054,5056,107333065,0,0,1630,"",1.00,1.00,1.00,1.00,1.00,0.00,0.00,1.00,"",6,5.7,-41,-0.8,-82,-1.6,-78,-1.5,2219591,2.1,0,0.0,0,0.0,54,3.4
"US000","1","519120","18","0","2021","1","",111,5084,5054,5056,107333065,0,0,1630,"",1.00,1.00,1.00,1.00,1.00,0.00,0.00,1.00,"",6,5.7,-41,-0.8,-82,-1.6,-78,-1.5,2219591,2.1,0,0.0,0,0.0,54,3.4
"US000","1","51913","17","0","2021","1","",2,12,14,12,372276,0,0,2261,"",1.00,1.00,1.00,1.00,1.00,0.00,0.00,1.00,"",0,0.0,-1,-7.7,1,7.7,-1,-7.7,-28657,-7.1,0,0.0,0,0.0,-111,-4.7
"US000","1","519130","18","0","2021","1","",2,12,14,12,372276,0,0,2261,"",1.00,1.00,1.00,1.00,1.00,0.00,0.00,1.00,"",0,0.0,-1,-7.7,1,7.7,-1,-7.7,-28657,-7.1,0,0.0,0,0.0,-111,-4.7
"US000","1","52","14","0","2021","1","",762,12437,12325,12147,375911239,0,0,2350,"",1.00,1.00,1.00,1.00,1.00,0.00,0.00,1.00,"",-8,-1.0,559,4.7,541,4.6,392,3.3,18310971,5.1,0,0.0,0,0.0,20,0.9
"US000","1","522","15","0","2021","1","",627,5854,5827,5756,136189633,0,0,1802,"",1.00,1.00,1.00,1.00,1.00,0.00,0.00,1.00,"",-7,-1.1,311,5.6,267,4.8,189,3.4,6062683,4.7,0,0.0,0,0.0,1,0.1
"US000","1","5221","16","0","2021","1","",1,0,0,0,0,0,0,0,"",1.00,0.00,0.00,0.00,0.00,0.00,0.00,0.00,"",0,0.0,0,0.0,0,0.0,0,0.0,0,0.0,0,0.0,0,0.0,0,0.0
"US000","1","52212","17","0","2021","1","",1,0,0,0,0,0,0,0,"",1.00,0.00,0.00,0.00,0.00,0.00,0.00,0.00,"",0,0.0,0,0.0,0,0.0,0,0.0,0,0.0,0,0.0,0,0.0,0,0.0
"US000","1","522120","18","0","2021","1","",1,0,0,0,0,0,0,0,"",1.00,0.00,0.00,0.00,0.00,0.00,0.00,0.00,"",0,0.0,0,0.0,0,0.0,0,0.0,0,0.0,0,0.0,0,0.0,0,0.0
"US000","1","5222","16","0","2021","1","",626,5854,5827,5756,136189633,0,0,1802,"",1.00,1.00,1.00,1.00,1.00,0.00,0.00,1.00,"",-7,-1.1,311,5.6,267,4.8,189,3.4,6062683,4.7,0,0.0,0,0.0,1,0.1
"US000","1","52229","17","0","2021","1","",626,5854,5827,5756,136189633,0,0,1802,"",1.00,1.00,1.00,1.00,1.00,0.00,0.00,1.00,"",-7,-1.1,311,5.6,267,4.8,189,3.4,6062683,4.7,0,0.0,0,0.0,1,0.1
"US000","1","522292","18","0","2021","1","",287,2775,2774,2740,51642064,0,0,1438,"",1.00,1.00,1.00,1.00,1.00,0.00,0.00,1.00,"",-3,-1.0,192,7.4,177,6.8,144,5.5,3536712,7.4,0,0.0,0,0.0,10,0.7
"US000","1","522293","18","0","2021","1","",12,400,385,384,11673077,0,0,2304,"",1.00,1.00,1.00,1.00,1.00,0.00,0.00,1.00,"",1,9.1,13,3.4,-5,-1.3,-10,-2.5,133942,1.2,0,0.0,0,0.0,30,1.3
"US000","1","522294","18","0","2021","1","",42,356,352,342,6350744,0,0,1396,"",1.00,1.00,1.00,1.00,1.00,0.00,0.00,1.00,"",-2,-4.5,10,2.9,10,2.9,-2,-0.6,122010,2.0,0,0.0,0,0.0,3,0.2
"US000","1","522298","18","0","2021","1","",285,2323,2316,2290,66523748,0,0,2216,"",1.00,1.00,1.00,1.00,1.00,0.00,0.00,1.00,"",-3,-1.0,96,4.3,85,3.8,57,2.6,2270019,3.5,0,0.0,0,0.0,0,0.0
"US000","1","523","15","0","2021","1","",5,116,117,6,739072,0,0,714,"",1.00,1.00,1.00,1.00,1.00,0.00,0.00,1.00,"",-1,-16.7,0,0.0,4,3.5,-107,-94.7,-581034,-44.0,0,0.0,0,0.0,-177,-19.9
"US000","1","5239","16","0","2021","1","",5,116,117,6,739072,0,0,714,"",1.00,1.00,1.00,1.00,1.00,0.00,0.00,1.00,"",-1,-16.7,0,0.0,4,3.5,-107,-94.7,-581034,-44.0,0,0.0,0,0.0,-177,-19.9
"US000","1","52392","17","0","2021","1","",3,0,0,0,0,0,0,0,"",1.00,0.00,0.00,0.00,0.00,0.00,0.00,0.00,"",-1,-25.0,0,0.0,0,0.0,0,0.0,0,0.0,0,0.0,0,0.0,0,0.0
"US000","1","523920","18","0","2021","1","",3,0,0,0,0,0,0,0,"",1.00,0.00,0.00,0.00,0.00,0.00,0.00,0.00,"",-1,-25.0,0,0.0,0,0.0,0,0.0,0,0.0,0,0.0,0,0.0,0,0.0
"US000","1","52393","17","0","2021","1","",2,116,117,6,739072,0,0,714,"",1.00,1.00,1.00,1.00,1.00,0.00,0.00,1.00,"",0,0.0,0,0.0,4,3.5,-107,-94.7,-581034,-44.0,0,0.0,0,0.0,-177,-19.9
"US000","1","523930","18","0","2021","1","",2,116,117,6,739072,0,0,714,"",1.00,1.00,1.00,1.00,1.00,0.00,0.00,1.00,"",0,0.0,0,0.0,4,3.5,-107,-94.7,-581034,-44.0,0,0.0,0,0.0,-177,-19.9
"US000","1","524","15","0","2021","1","",129,6465,6379,6383,238916333,0,0,2868,"",1.00,1.00,1.00,1.00,1.00,0.00,0.00,1.00,"",0,0.0,247,4.0,269,4.4,309,5.1,12802216,5.7,0,0.0,0,0.0,32,1.1
"US000","1","5241","16","0","2021","1","",102,6153,6067,6068,231857707,0,0,2926,"",1.00,1.00,1.00,1.00,1.00,0.00,0.00,1.00,"",-1,-1.0,211,3.6,229,3.9,265,4.6,12022391,5.5,0,0.0,0,0.0,41,1.4
"US000","1","52412","17","0","2021","1","",102,6153,6067,6068,231857707,0,0,2926,"",1.00,1.00,1.00,1.00,1.00,0.00,0.00,1.00,"",-1,-1.0,211,3.6,229,3.9,265,4.6,12022391,5.5,0,0.0,0,0.0,41,1.4
"US000","1","524126","18","0","2021","1","",2,36,36,36,875579,0,0,1871,"",1.00,1.00,1.00,1.00,1.00,0.00,0.00,1.00,"",0,0.0,0,0.0,0,0.0,0,0.0,55034,6.7,0,0.0,0,0.0,118,6.7
"US000","1","524128","18","0","2021","1","",100,6117,6031,6032,230982128,0,0,2932,"",1.00,1.00,1.00,1.00,1.00,0.00,0.00,1.00,"",-1,-1.0,211,3.6,229,3.9,265,4.6,11967357,5.5,0,0.0,0,0.0,40,1.4
"US000","1","5242","16","0","2021","1","",27,312,312,315,7058626,0,0,1735,"",1.00,1.00,1.00,1.00,1.00,0.00,0.00,1.00,"",1,3.8,36,13.0,40,14.7,44,16.2,779825,12.4,0,0.0,0,0.0,-34,-1.9
"US000","1","52421","17","0","2021","1","",17,91,90,92,1956104,0,0,1654,"",1.00,1.00,1.00,1.00,1.00,0.00,0.00,1.00,"",0,0.0,13,16.7,10,12.5,12,15.0,227327,13.1,0,0.0,0,0.0,-22,-1.3
"US000","1","524210","18","0","2021","1","",17,91,90,92,1956104,0,0,1654,"",1.00,1.00,1.00,1.00,1.00,0.00,0.00,1.00,"",0,0.0,13,16.7,10,12.5,12,15.0,227327,13.1,0,0.0,0,0.0,-22,-1.3
"US000","1","52429","17","0","2021","1","",10,221,222,223,5102522,0,0,1768,"",1.00,1.00,1.00,1.00,1.00,0.00,0.00,1.00,"",1,11.1,23,11.6,30,15.6,32,16.8,552498,12.1,0,0.0,0,0.0,-39,-2.2
"US000","1","524292","18","0","2021","1","",4,12,12,12,210137,0,0,1347,"",1.00,1.00,1.00,1.00,1.00,0.00,0.00,1.00,"",1,33.3,1,9.1,1,9.1,1,9.1,3339,1.6,0,0.0,0,0.0,-99,-6.8
"US000","1","524298","18","0","2021","1","",6,209,210,211,4892385,0,0,1792,"",1.00,1.00,1.00,1.00,1.00,0.00,0.00,1.00,"",0,0.0,22,11.8,29,16.0,31,17.2,549159,12.6,0,0.0,0,0.0,-37,-2.0
"US000","1","525","15","0","2021","1","",1,2,2,2,66201,0,0,2546,"",1.00,1.00,1.00,1.00,1.00,0.00,0.00,1.00,"",0,0.0,1,100.0,1,100.0,1,100.0,27106,69.3,0,0.0,0,0.0,-461,-15.3
"US000","1","5251","16","0","2021","1","",1,2,2,2,66201,0,0,2546,"",1.00,1.00,1.00,1.00,1.00,0.00,0.00,1.00,"",0,0.0,1,100.0,1,100.0,1,100.0,27106,69.3,0,0.0,0,0.0,-461,-15.3
"US000","1","52511","17","0","2021","1","",1,2,2,2,66201,0,0,2546,"",1.00,1.00,1.00,1.00,1.00,0.00,0.00,1.00,"",0,0.0,1,100.0,1,100.0,1,100.0,27106,69.3,0,0.0,0,0.0,-461,-15.3
"US000","1","525110","18","0","2021","1","",1,2,2,2,66201,0,0,2546,"",1.00,1.00,1.00,1.00,1.00,0.00,0.00,1.00,"",0,0.0,1,100.0,1,100.0,1,100.0,27106,69.3,0,0.0,0,0.0,-461,-15.3
"US000","1","53","14","0","2021","1","",7,29,30,31,163639,0,0,420,"",1.00,1.00,1.00,1.00,1.00,0.00,0.00,1.00,"",2,40.0,-2,-6.5,-1,-3.2,3,10.7,4362,2.7,0,0.0,0,0.0,12,2.9
"US000","1","531","15","0","2021","1","",3,21,21,20,125589,0,0,467,"",1.00,1.00,1.00,1.00,1.00,0.00,0.00,1.00,"",1,50.0,-3,-12.5,-4,-16.0,-4,-16.7,-11644,-8.5,0,0.0,0,0.0,33,7.6
"US000","1","5311","16","0","2021","1","",2,21,21,20,125589,0,0,467,"",1.00,1.00,1.00,1.00,1.00,0.00,0.00,1.00,"",0,0.0,-3,-12.5,-4,-16.0,-4,-16.7,-11644,-8.5,0,0.0,0,0.0,33,7.6
"US000","1","53111","17","0","2021","1","",2,21,21,20,125589,0,0,467,"",1.00,1.00,1.00,1.00,1.00,0.00,0.00,1.00,"",0,0.0,-3,-12.5,-4,-16.0,-4,-16.7,-11644,-8.5,0,0.0,0,0.0,33,7.6
"US000","1","531110","18","0","2021","1","",2,21,21,20,125589,0,0,467,"",1.00,1.00,1.00,1.00,1.00,0.00,0.00,1.00,"",0,0.0,-3,-12.5,-4,-16.0,-4,-16.7,-11644,-8.5,0,0.0,0,0.0,33,7.6
"US000","1","5312","16","0","2021","1","",1,0,0,0,0,0,0,0,"",1.00,0.00,0.00,0.00,0.00,0.00,0.00,0.00,"",1,100.0,0,0.0,0,0.0,0,0.0,0,0.0,0,0.0,0,0.0,0,0.0
"US000","1","53121","17","0","2021","1","",1,0,0,0,0,0,0,0,"",1.00,0.00,0.00,0.00,0.00,0.00,0.00,0.00,"",1,100.0,0,0.0,0,0.0,0,0.0,0,0.0,0,0.0,0,0.0,0,0.0
"US000","1","531210","18","0","2021","1","",1,0,0,0,0,0,0,0,"",1.00,0.00,0.00,0.00,0.00,0.00,0.00,0.00,"",1,100.0,0,0.0,0,0.0,0,0.0,0,0.0,0,0.0,0,0.0,0,0.0
"US000","1","532","15","0","2021","1","",4,8,9,11,38050,0,0,314,"",1.00,1.00,1.00,1.00,1.00,0.00,0.00,1.00,"",1,33.3,1,14.3,3,50.0,7,175.0,16006,72.6,0,0.0,0,0.0,15,5.0
"US000","1","5322","16","0","2021","1","",4,8,9,11,38050,0,0,314,"",1.00,1.00,1.00,1.00,1.00,0.00,0.00,1.00,"",1,33.3,1,14.3,3,50.0,7,175.0,16006,72.6,0,0.0,0,0.0,15,5.0
"US000","1","53228","17","0","2021","1","",4,8,9,11,38050,0,0,314,"",1.00,1.00,1.00,1.00,1.00,0.00,0.00,1.00,"",1,33.3,1,14.3,3,50.0,7,175.0,16006,72.6,0,0.0,0,0.0,15,5.0
"US000","1","532289","18","0","2021","1","",4,8,9,11,38050,0,0,314,"",1.00,1.00,1.00,1.00,1.00,0.00,0.00,1.00,"",1,33.3,1,14.3,3,50.0,7,175.0,16006,72.6,0,0.0,0,0.0,15,5.0
"US000","1","54","14","0","2021","1","",1305,67471,67409,67434,1458369050,0,0,1663,"",1.00,1.00,1.00,1.00,1.00,0.00,0.00,1.00,"",0,0.0,1361,2.1,1408,2.1,1178,1.8,53711412,3.8,0,0.0,0,0.0,29,1.8
"US000","1","541","15","0","2021","1","",1305,67471,67409,67434,1458369050,0,0,1663,"",1.00,1.00,1.00,1.00,1.00,0.00,0.00,1.00,"",0,0.0,1361,2.1,1408,2.1,1178,1.8,53711412,3.8,0,0.0,0,0.0,29,1.8
"US000","1","5411","16","0","2021","1","",1,14,14,14,393306,0,0,2161,"",1.00,1.00,1.00,1.00,1.00,0.00,0.00,1.00,"",0,0.0,1,7.7,2,16.7,2,16.7,48276,14.0,0,0.0,0,0.0,9,0.4
"US000","1","54111","17","0","2021","1","",1,14,14,14,393306,0,0,2161,"",1.00,1.00,1.00,1.00,1.00,0.00,0.00,1.00,"",0,0.0,1,7.7,2,16.7,2,16.7,48276,14.0,0,0.0,0,0.0,9,0.4
"US000","1","541110","18","0","2021","1","",1,14,14,14,393306,0,0,2161,"",1.00,1.00,1.00,1.00,1.00,0.00,0.00,1.00,"",0,0.0,1,7.7,2,16.7,2,16.7,48276,14.0,0,0.0,0,0.0,9,0.4
"US000","1","5412","16","0","2021","1","",73,763,763,753,10722041,0,0,1086,"",1.00,1.00,1.00,1.00,1.00,0.00,0.00,1.00,"",2,2.8,-26,-3.3,-34,-4.3,-41,-5.2,-95903,-0.9,0,0.0,0,0.0,37,3.5
"US000","1","54121","17","0","2021","1","",73,763,763,753,10722041,0,0,1086,"",1.00,1.00,1.00,1.00,1.00,0.00,0.00,1.00,"",2,2.8,-26,-3.3,-34,-4.3,-41,-5.2,-95903,-0.9,0,0.0,0,0.0,37,3.5
"US000","1","541211","18","0","2021","1","",3,157,157,156,1066745,0,0,524,"",1.00,1.00,1.00,1.00,1.00,0.00,0.00,1.00,"",0,0.0,-10,-6.0,-10,-6.0,-10,-6.0,-9269,-0.9,0,0.0,0,0.0,27,5.4
"US000","1","541214","18","0","2021","1","-",0,0,0,0,0,0,0,0,"N",0.00,0,0,0,0,0,0,0,"N",0,0,0,0,0,0,0,0,0,0,0,0,0,0,0,0
"US000","1","541219","18","0","2021","1","",70,606,606,597,9655296,0,0,1232,"",1.00,1.00,1.00,1.00,1.00,0.00,0.00,1.00,"",2,2.9,-16,-2.6,-24,-3.8,-31,-4.9,-86634,-0.9,0,0.0,0,0.0,36,3.0
"US000","1","5413","16","0","2021","1","",792,53714,53633,53659,1109720165,0,0,1591,"",1.00,1.00,1.00,1.00,1.00,0.00,0.00,1.00,"",-2,-0.3,1235,2.4,1293,2.5,1016,1.9,43929062,4.1,0,0.0,0,0.0,29,1.9
"US000","1","54131","17","0","2021","1","",3,2571,2536,2539,51754972,0,0,1562,"",1.00,1.00,1.00,1.00,1.00,0.00,0.00,1.00,"",-1,-25.0,98,4.0,84,3.4,54,2.2,3861269,8.1,0,0.0,0,0.0,70,4.7
"US000","1","541310","18","0","2021","1","",3,2571,2536,2539,51754972,0,0,1562,"",1.00,1.00,1.00,1.00,1.00,0.00,0.00,1.00,"",-1,-25.0,98,4.0,84,3.4,54,2.2,3861269,8.1,0,0.0,0,0.0,70,4.7
"US000","1","54133","17","0","2021","1","",788,51139,51093,51116,1057892805,0,0,1592,"",1.00,1.00,1.00,1.00,1.00,0.00,0.00,1.00,"",-1,-0.1,1137,2.3,1209,2.4,962,1.9,40063206,3.9,0,0.0,0,0.0,27,1.7
"US000","1","541330","18","0","2021","1","",788,51139,51093,51116,1057892805,0,0,1592,"",1.00,1.00,1.00,1.00,1.00,0.00,0.00,1.00,"",-1,-0.1,1137,2.3,1209,2.4,962,1.9,40063206,3.9,0,0.0,0,0.0,27,1.7
"US000","1","54138","17","0","2021","1","",1,4,4,4,72388,0,0,1392,"",1.00,1.00,1.00,1.00,1.00,0.00,0.00,1.00,"",0,0.0,0,0.0,0,0.0,0,0.0,4587,6.8,0,0.0,0,0.0,88,6.7
"US000","1","541380","18","0","2021","1","",1,4,4,4,72388,0,0,1392,"",1.00,1.00,1.00,1.00,1.00,0.00,0.00,1.00,"",0,0.0,0,0.0,0,0.0,0,0.0,4587,6.8,0,0.0,0,0.0,88,6.7
"US000","1","5415","16","0","2021","1","",66,170,169,171,2752323,0,0,1245,"",1.00,1.00,1.00,1.00,1.00,0.00,0.00,1.00,"",1,1.5,0,0.0,7,4.3,8,4.9,5985,0.2,0,0.0,0,0.0,-35,-2.7
"US000","1","54151","17","0","2021","1","",66,170,169,171,2752323,0,0,1245,"",1.00,1.00,1.00,1.00,1.00,0.00,0.00,1.00,"",1,1.5,0,0.0,7,4.3,8,4.9,5985,0.2,0,0.0,0,0.0,-35,-2.7
"US000","1","541511","18","0","2021","1","",24,49,49,51,538664,0,0,834,"",1.00,1.00,1.00,1.00,1.00,0.00,0.00,1.00,"",1,4.3,3,6.5,5,11.4,7,15.9,4305,0.8,0,0.0,0,0.0,-86,-9.3
"US000","1","541513","18","0","2021","1","",42,121,120,120,2213659,0,0,1415,"",1.00,1.00,1.00,1.00,1.00,0.00,0.00,1.00,"",0,0.0,-3,-2.4,2,1.7,1,0.8,1680,0.1,0,0.0,0,0.0,1,0.1
"US000","1","5416","16","0","2021","1","",68,792,792,789,20284345,0,0,1973,"",1.00,1.00,1.00,1.00,1.00,0.00,0.00,1.00,"",2,3.0,-27,-3.3,-27,-3.3,-20,-2.5,-14916,-0.1,0,0.0,0,0.0,59,3.1
"US000","1","54161","17","0","2021","1","",41,81,79,78,905986,0,0,878,"",1.00,1.00,1.00,1.00,1.00,0.00,0.00,1.00,"",4,10.8,3,3.8,-2,-2.5,-1,-1.3,-86592,-8.7,0,0.0,0,0.0,-84,-8.7
"US000","1","541611","18","0","2021","1","",2,5,7,7,28223,0,0,343,"",1.00,1.00,1.00,1.00,1.00,0.00,0.00,1.00,"",0,0.0,1,25.0,3,75.0,3,75.0,2516,9.8,0,0.0,0,0.0,-151,-30.6
"US000","1","541612","18","0","2021","1","",5,33,28,27,349049,0,0,915,"",1.00,1.00,1.00,1.00,1.00,0.00,0.00,1.00,"",0,0.0,-2,-5.7,-9,-24.3,-10,-27.0,-101978,-22.6,0,0.0,0,0.0,-40,-4.2
"US000","1","541613","18","0","2021","1","",24,31,31,31,413545,0,0,1026,"",1.00,1.00,1.00,1.00,1.00,0.00,0.00,1.00,"",4,20.0,7,29.2,6,24.0,7,29.2,47798,13.1,0,0.0,0,0.0,-130,-11.2
"US000","1","541614","18","0","2021","1","",10,12,13,13,115169,0,0,699,"",1.00,1.00,1.00,1.00,1.00,0.00,0.00,1.00,"",0,0.0,-3,-20.0,-2,-13.3,-1,-7.1,-34928,-23.3,0,0.0,0,0.0,-88,-11.2
"US000","1","54162","17","0","2021","1","",21,586,592,590,16370271,0,0,2137,"",1.00,1.00,1.00,1.00,1.00,0.00,0.00,1.00,"",-1,-4.5,-18,-3.0,-9,-1.5,-5,-0.8,214719,1.3,0,0.0,0,0.0,66,3.2
"US000","1","541620","18","0","2021","1","",21,586,592,590,16370271,0,0,2137,"",1.00,1.00,1.00,1.00,1.00,0.00,0.00,1.00,"",-1,-4.5,-18,-3.0,-9,-1.5,-5,-0.8,214719,1.3,0,0.0,0,0.0,66,3.2
"US000","1","54169","17","0","2021","1","",6,125,121,121,3008088,0,0,1891,"",1.00,1.00,1.00,1.00,1.00,0.00,0.00,1.00,"",-1,-14.3,-12,-8.8,-16,-11.7,-14,-10.4,-143043,-4.5,0,0.0,0,0.0,113,6.4
"US000","1","541690","18","0","2021","1","",6,125,121,121,3008088,0,0,1891,"",1.00,1.00,1.00,1.00,1.00,0.00,0.00,1.00,"",-1,-14.3,-12,-8.8,-16,-11.7,-14,-10.4,-143043,-4.5,0,0.0,0,0.0,113,6.4
"US000","1","5417","16","0","2021","1","",103,7105,7106,7116,196592515,0,0,2127,"",1.00,1.00,1.00,1.00,1.00,0.00,0.00,1.00,"",-1,-1.0,72,1.0,62,0.9,92,1.3,5370520,2.8,0,0.0,0,0.0,36,1.7
"US000","1","54171","17","0","2021","1","",102,7105,7105,7115,196592415,0,0,2127,"",1.00,1.00,1.00,1.00,1.00,0.00,0.00,1.00,"",-1,-1.0,72,1.0,62,0.9,92,1.3,5371120,2.8,0,0.0,0,0.0,36,1.7
"US000","1","541713","18","0","2021","1","",12,2200,2193,2202,52637174,0,0,1842,"",1.00,1.00,1.00,1.00,1.00,0.00,0.00,1.00,"",1,9.1,-106,-4.6,-111,-4.8,-93,-4.1,-1628596,-3.0,0,0.0,0,0.0,28,1.5
"US000","1","541714","18","0","2021","1","",4,22,21,23,732355,0,0,2561,"",1.00,1.00,1.00,1.00,1.00,0.00,0.00,1.00,"",0,0.0,4,22.2,1,5.0,3,15.0,102681,16.3,0,0.0,0,0.0,56,2.2
"US000","1","541715","18","0","2021","1","",86,4883,4891,4890,143222886,0,0,2254,"",1.00,1.00,1.00,1.00,1.00,0.00,0.00,1.00,"",-2,-2.3,174,3.7,172,3.6,182,3.9,6897035,5.1,0,0.0,0,0.0,28,1.3
"US000","1","54172","17","0","2021","1","",1,0,1,1,100,0,0,12,"",1.00,0.00,1.00,1.00,1.00,0.00,0.00,1.00,"",0,0.0,0,0.0,0,0.0,0,0.0,-600,-85.7,0,0.0,0,0.0,-69,-85.2
"US000","1","541720","18","0","2021","1","",1,0,1,1,100,0,0,12,"",1.00,0.00,1.00,1.00,1.00,0.00,0.00,1.00,"",0,0.0,0,0.0,0,0.0,0,0.0,-600,-85.7,0,0.0,0,0.0,-69,-85.2
"US000","1","5418","16","0","2021","1","",42,166,160,162,2281674,0,0,1079,"",1.00,1.00,1.00,1.00,1.00,0.00,0.00,1.00,"",-2,-4.5,-21,-11.2,-33,-17.1,-38,-19.0,-243466,-9.6,0,0.0,0,0.0,74,7.4
"US000","1","54185","17","0","2021","1","",37,130,125,126,1792834,0,0,1086,"",1.00,1.00,1.00,1.00,1.00,0.00,0.00,1.00,"",-2,-5.1,-19,-12.8,-30,-19.4,-36,-22.2,-215744,-10.7,0,0.0,0,0.0,91,9.1
"US000","1","541850","18","0","2021","1","",37,130,125,126,1792834,0,0,1086,"",1.00,1.00,1.00,1.00,1.00,0.00,0.00,1.00,"",-2,-5.1,-19,-12.8,-30,-19.4,-36,-22.2,-215744,-10.7,0,0.0,0,0.0,91,9.1
"US000","1","54187","17","0","2021","1","",2,10,10,10,135984,0,0,1046,"",1.00,1.00,1.00,1.00,1.00,0.00,0.00,1.00,"",0,0.0,-2,-16.7,-2,-16.7,-1,-9.1,-16103,-10.6,0,0.0,0,0.0,43,4.3
"US000","1","541870","18","0","2021","1","",2,10,10,10,135984,0,0,1046,"",1.00,1.00,1.00,1.00,1.00,0.00,0.00,1.00,"",0,0.0,-2,-16.7,-2,-16.7,-1,-9.1,-16103,-10.6,0,0.0,0,0.0,43,4.3
"US000","1","54189","17","0","2021","1","",3,26,25,26,352856,0,0,1058,"",1.00,1.00,1.00,1.00,1.00,0.00,0.00,1.00,"",0,0.0,0,0.0,-1,-3.8,-1,-3.7,-11619,-3.2,0,0.0,0,0.0,-7,-0.7
"US000","1","541890","18","0","2021","1","",3,26,25,26,352856,0,0,1058,"",1.00,1.00,1.00,1.00,1.00,0.00,0.00,1.00,"",0,0.0,0,0.0,-1,-3.8,-1,-3.7,-11619,-3.2,0,0.0,0,0.0,-7,-0.7
"US000","1","5419","16","0","2021","1","",160,4747,4772,4770,115622681,0,0,1867,"",1.00,1.00,1.00,1.00,1.00,0.00,0.00,1.00,"",0,0.0,127,2.7,138,3.0,159,3.4,4711854,4.2,0,0.0,0,0.0,21,1.1
"US000","1","54194","17","0","2021","1","",2,433,466,469,3650301,0,0,616,"",1.00,1.00,1.00,1.00,1.00,0.00,0.00,1.00,"",0,0.0,-5,-1.1,8,1.7,15,3.3,139446,4.0,0,0.0,0,0.0,16,2.7
"US000","1","541940","18","0","2021","1","",2,433,466,469,3650301,0,0,616,"",1.00,1.00,1.00,1.00,1.00,0.00,0.00,1.00,"",0,0.0,-5,-1.1,8,1.7,15,3.3,139446,4.0,0,0.0,0,0.0,16,2.7
"US000","1","54199","17","0","2021","1","",158,4314,4306,4301,111972380,0,0,2000,"",1.00,1.00,1.00,1.00,1.00,0.00,0.00,1.00,"",0,0.0,132,3.2,130,3.1,144,3.5,4572408,4.3,0,0.0,0,0.0,20,1.0
"US000","1","541990","18","0","2021","1","",158,4314,4306,4301,111972380,0,0,2000,"",1.00,1.00,1.00,1.00,1.00,0.00,0.00,1.00,"",0,0.0,132,3.2,130,3.1,144,3.5,4572408,4.3,0,0.0,0,0.0,20,1.0
"US000","1","56","14","0","2021","1","",156,1678,1680,1685,17669147,0,0,809,"",1.00,1.00,1.00,1.00,1.00,0.00,0.00,1.00,"",-5,-3.1,-125,-6.9,-125,-6.9,-116,-6.4,-1236445,-6.5,0,0.0,0,0.0,2,0.2
"US000","1","561","15","0","2021","1","",136,1553,1557,1564,16621945,0,0,821,"",1.00,1.00,1.00,1.00,1.00,0.00,0.00,1.00,"",-4,-2.9,-96,-5.8,-92,-5.6,-81,-4.9,-983377,-5.6,0,0.0,0,0.0,-1,-0.1
"US000","1","5611","16","0","2021","1","",11,368,360,359,4614169,0,0,980,"",1.00,1.00,1.00,1.00,1.00,0.00,0.00,1.00,"",0,0.0,-20,-5.2,-27,-7.0,-22,-5.8,-939811,-16.9,0,0.0,0,0.0,-129,-11.6
"US000","1","56111","17","0","2021","1","",11,368,360,359,4614169,0,0,980,"",1.00,1.00,1.00,1.00,1.00,0.00,0.00,1.00,"",0,0.0,-20,-5.2,-27,-7.0,-22,-5.8,-939811,-16.9,0,0.0,0,0.0,-129,-11.6
"US000","1","561110","18","0","2021","1","",11,368,360,359,4614169,0,0,980,"",1.00,1.00,1.00,1.00,1.00,0.00,0.00,1.00,"",0,0.0,-20,-5.2,-27,-7.0,-22,-5.8,-939811,-16.9,0,0.0,0,0.0,-129,-11.6
"US000","1","5612","16","0","2021","1","",8,136,139,147,811885,0,0,444,"",1.00,1.00,1.00,1.00,1.00,0.00,0.00,1.00,"",0,0.0,-8,-5.6,-4,-2.8,-3,-2.0,90872,12.6,0,0.0,0,0.0,63,16.5
"US000","1","56121","17","0","2021","1","",8,136,139,147,811885,0,0,444,"",1.00,1.00,1.00,1.00,1.00,0.00,0.00,1.00,"",0,0.0,-8,-5.6,-4,-2.8,-3,-2.0,90872,12.6,0,0.0,0,0.0,63,16.5
"US000","1","561210","18","0","2021","1","",8,136,139,147,811885,0,0,444,"",1.00,1.00,1.00,1.00,1.00,0.00,0.00,1.00,"",0,0.0,-8,-5.6,-4,-2.8,-3,-2.0,90872,12.6,0,0.0,0,0.0,63,16.5
"US000","1","5613","16","0","2021","1","",1,2,2,2,22782,0,0,876,"",1.00,1.00,1.00,1.00,1.00,0.00,0.00,1.00,"",0,0.0,0,0.0,0,0.0,0,0.0,-3458,-13.2,0,0.0,0,0.0,-133,-13.2
"US000","1","56132","17","0","2021","1","",1,2,2,2,22782,0,0,876,"",1.00,1.00,1.00,1.00,1.00,0.00,0.00,1.00,"",0,0.0,0,0.0,0,0.0,0,0.0,-3458,-13.2,0,0.0,0,0.0,-133,-13.2
"US000","1","561320","18","0","2021","1","",1,2,2,2,22782,0,0,876,"",1.00,1.00,1.00,1.00,1.00,0.00,0.00,1.00,"",0,0.0,0,0.0,0,0.0,0,0.0,-3458,-13.2,0,0.0,0,0.0,-133,-13.2
"US000","1","5614","16","0","2021","1","",6,501,504,505,6977982,0,0,1066,"",1.00,1.00,1.00,1.00,1.00,0.00,0.00,1.00,"",0,0.0,0,0.0,-2,-0.4,-5,-1.0,288153,4.3,0,0.0,0,0.0,48,4.7
"US000","1","56142","17","0","2021","1","",1,391,394,397,4781984,0,0,934,"",1.00,1.00,1.00,1.00,1.00,0.00,0.00,1.00,"",0,0.0,2,0.5,3,0.8,4,1.0,327942,7.4,0,0.0,0,0.0,58,6.6
"US000","1","561422","18","0","2021","1","",1,391,394,397,4781984,0,0,934,"",1.00,1.00,1.00,1.00,1.00,0.00,0.00,1.00,"",0,0.0,2,0.5,3,0.8,4,1.0,327942,7.4,0,0.0,0,0.0,58,6.6
"US000","1","56149","17","0","2021","1","",5,110,110,108,2195998,0,0,1545,"",1.00,1.00,1.00,1.00,1.00,0.00,0.00,1.00,"",0,0.0,-2,-1.8,-5,-4.3,-9,-7.7,-39789,-1.8,0,0.0,0,0.0,45,3.0
"US000","1","561499","18","0","2021","1","",5,110,110,108,2195998,0,0,1545,"",1.00,1.00,1.00,1.00,1.00,0.00,0.00,1.00,"",0,0.0,-2,-1.8,-5,-4.3,-9,-7.7,-39789,-1.8,0,0.0,0,0.0,45,3.0
"US000","1","5615","16","0","2021","1","",104,495,499,497,3745340,0,0,580,"",1.00,1.00,1.00,1.00,1.00,0.00,0.00,1.00,"",-4,-3.7,-64,-11.4,-58,-10.4,-50,-9.1,-430879,-10.3,0,0.0,0,0.0,0,0.0
"US000","1","56151","17","0","2021","1","",9,8,8,7,26147,0,0,262,"",1.00,1.00,1.00,1.00,1.00,0.00,0.00,1.00,"",0,0.0,-8,-50.0,-8,-50.0,-5,-41.7,-15956,-37.9,0,0.0,0,0.0,41,18.6
"US000","1","561510","18","0","2021","1","",9,8,8,7,26147,0,0,262,"",1.00,1.00,1.00,1.00,1.00,0.00,0.00,1.00,"",0,0.0,-8,-50.0,-8,-50.0,-5,-41.7,-15956,-37.9,0,0.0,0,0.0,41,18.6
"US000","1","56152","17","0","2021","1","",44,64,65,65,402971,0,0,479,"",1.00,1.00,1.00,1.00,1.00,0.00,0.00,1.00,"",-1,-2.2,-27,-29.7,-28,-30.1,-20,-23.5,-217960,-35.1,0,0.0,0,0.0,-54,-10.1
"US000","1","561520","18","0","2021","1","",44,64,65,65,402971,0,0,479,"",1.00,1.00,1.00,1.00,1.00,0.00,0.00,1.00,"",-1,-2.2,-27,-29.7,-28,-30.1,-20,-23.5,-217960,-35.1,0,0.0,0,0.0,-54,-10.1
"US000","1","56159","17","0","2021","1","",51,423,426,425,3316222,0,0,601,"",1.00,1.00,1.00,1.00,1.00,0.00,0.00,1.00,"",-3,-5.6,-29,-6.4,-22,-4.9,-25,-5.6,-196963,-5.6,0,0.0,0,0.0,0,0.0
"US000","1","561599","18","0","2021","1","",51,423,426,425,3316222,0,0,601,"",1.00,1.00,1.00,1.00,1.00,0.00,0.00,1.00,"",-3,-5.6,-29,-6.4,-22,-4.9,-25,-5.6,-196963,-5.6,0,0.0,0,0.0,0,0.0
"US000","1","5616","16","0","2021","1","",1,8,10,10,91531,0,0,754,"",1.00,1.00,1.00,1.00,1.00,0.00,0.00,1.00,"",0,0.0,4,100.0,6,150.0,6,150.0,50305,122.0,0,0.0,0,0.0,-39,-4.9
"US000","1","56161","17","0","2021","1","",1,8,10,10,91531,0,0,754,"",1.00,1.00,1.00,1.00,1.00,0.00,0.00,1.00,"",0,0.0,4,100.0,6,150.0,6,150.0,50305,122.0,0,0.0,0,0.0,-39,-4.9
"US000","1","561611","18","0","2021","1","",1,8,10,10,91531,0,0,754,"",1.00,1.00,1.00,1.00,1.00,0.00,0.00,1.00,"",0,0.0,4,100.0,6,150.0,6,150.0,50305,122.0,0,0.0,0,0.0,-39,-4.9
"US000","1","5617","16","0","2021","1","",4,43,43,43,357170,0,0,639,"",1.00,1.00,1.00,1.00,1.00,0.00,0.00,1.00,"",0,0.0,-5,-10.4,-4,-8.5,-6,-12.2,-24290,-6.4,0,0.0,0,0.0,28,4.6
"US000","1","56172","17","0","2021","1","",4,43,43,43,357170,0,0,639,"",1.00,1.00,1.00,1.00,1.00,0.00,0.00,1.00,"",0,0.0,-5,-10.4,-4,-8.5,-6,-12.2,-24290,-6.4,0,0.0,0,0.0,28,4.6
"US000","1","561720","18","0","2021","1","",4,43,43,43,357170,0,0,639,"",1.00,1.00,1.00,1.00,1.00,0.00,0.00,1.00,"",0,0.0,-5,-10.4,-4,-8.5,-6,-12.2,-24290,-6.4,0,0.0,0,0.0,28,4.6
"US000","1","5619","16","0","2021","1","",1,0,0,1,1086,0,0,251,"",1.00,0.00,0.00,1.00,1.00,0.00,0.00,1.00,"",0,0.0,-3,-100.0,-3,-100.0,-1,-50.0,-14269,-92.9,0,0.0,0,0.0,-192,-43.3
"US000","1","56199","17","0","2021","1","",1,0,0,1,1086,0,0,251,"",1.00,0.00,0.00,1.00,1.00,0.00,0.00,1.00,"",0,0.0,-3,-100.0,-3,-100.0,-1,-50.0,-14269,-92.9,0,0.0,0,0.0,-192,-43.3
"US000","1","561990","18","0","2021","1","",1,0,0,1,1086,0,0,251,"",1.00,0.00,0.00,1.00,1.00,0.00,0.00,1.00,"",0,0.0,-3,-100.0,-3,-100.0,-1,-50.0,-14269,-92.9,0,0.0,0,0.0,-192,-43.3
"US000","1","562","15","0","2021","1","",20,125,123,121,1047202,0,0,655,"",1.00,1.00,1.00,1.00,1.00,0.00,0.00,1.00,"",-1,-4.8,-29,-18.8,-33,-21.2,-35,-22.4,-253068,-19.5,0,0.0,0,0.0,11,1.7
"US000","1","5621","16","0","2021","1","",20,125,123,121,1047202,0,0,655,"",1.00,1.00,1.00,1.00,1.00,0.00,0.00,1.00,"",-1,-4.8,-29,-18.8,-33,-21.2,-35,-22.4,-253068,-19.5,0,0.0,0,0.0,11,1.7
"US000","1","56211","17","0","2021","1","",20,125,123,121,1047202,0,0,655,"",1.00,1.00,1.00,1.00,1.00,0.00,0.00,1.00,"",-1,-4.8,-29,-18.8,-33,-21.2,-35,-22.4,-253068,-19.5,0,0.0,0,0.0,11,1.7
"US000","1","562111","18","0","2021","1","",20,125,123,121,1047202,0,0,655,"",1.00,1.00,1.00,1.00,1.00,0.00,0.00,1.00,"",-1,-4.8,-29,-18.8,-33,-21.2,-35,-22.4,-253068,-19.5,0,0.0,0,0.0,11,1.7
"US000","1","61","14","0","2021","1","",172,12730,12673,12746,241801823,0,0,1463,"",1.00,1.00,1.00,1.00,1.00,0.00,0.00,1.00,"",11,6.8,212,1.7,108,0.9,123,1.0,8280315,3.5,0,0.0,0,0.0,34,2.4
"US000","1","611","15","0","2021","1","",172,12730,12673,12746,241801823,0,0,1463,"",1.00,1.00,1.00,1.00,1.00,0.00,0.00,1.00,"",11,6.8,212,1.7,108,0.9,123,1.0,8280315,3.5,0,0.0,0,0.0,34,2.4
"US000","1","6111","16","0","2021","1","",50,5435,5425,5472,84488167,0,0,1194,"",1.00,1.00,1.00,1.00,1.00,0.00,0.00,1.00,"",4,8.7,49,0.9,17,0.3,23,0.4,3965818,4.9,0,0.0,0,0.0,50,4.4
"US000","1","61111","17","0","2021","1","",50,5435,5425,5472,84488167,0,0,1194,"",1.00,1.00,1.00,1.00,1.00,0.00,0.00,1.00,"",4,8.7,49,0.9,17,0.3,23,0.4,3965818,4.9,0,0.0,0,0.0,50,4.4
"US000","1","611110","18","0","2021","1","",50,5435,5425,5472,84488167,0,0,1194,"",1.00,1.00,1.00,1.00,1.00,0.00,0.00,1.00,"",4,8.7,49,0.9,17,0.3,23,0.4,3965818,4.9,0,0.0,0,0.0,50,4.4
"US000","1","6113","16","0","2021","1","",43,5471,5421,5453,120600386,0,0,1703,"",1.00,1.00,1.00,1.00,1.00,0.00,0.00,1.00,"",6,16.2,149,2.8,75,1.4,85,1.6,3490752,3.0,0,0.0,0,0.0,18,1.1
"US000","1","61131","17","0","2021","1","",43,5471,5421,5453,120600386,0,0,1703,"",1.00,1.00,1.00,1.00,1.00,0.00,0.00,1.00,"",6,16.2,149,2.8,75,1.4,85,1.6,3490752,3.0,0,0.0,0,0.0,18,1.1
"US000","1","611310","18","0","2021","1","",43,5471,5421,5453,120600386,0,0,1703,"",1.00,1.00,1.00,1.00,1.00,0.00,0.00,1.00,"",6,16.2,149,2.8,75,1.4,85,1.6,3490752,3.0,0,0.0,0,0.0,18,1.1
"US000","1","6114","16","0","2021","1","",1,9,10,10,174904,0,0,1392,"",1.00,1.00,1.00,1.00,1.00,0.00,0.00,1.00,"",0,0.0,2,28.6,3,42.9,2,25.0,31873,22.3,0,0.0,0,0.0,-108,-7.2
"US000","1","61143","17","0","2021","1","",1,9,10,10,174904,0,0,1392,"",1.00,1.00,1.00,1.00,1.00,0.00,0.00,1.00,"",0,0.0,2,28.6,3,42.9,2,25.0,31873,22.3,0,0.0,0,0.0,-108,-7.2
"US000","1","611430","18","0","2021","1","",1,9,10,10,174904,0,0,1392,"",1.00,1.00,1.00,1.00,1.00,0.00,0.00,1.00,"",0,0.0,2,28.6,3,42.9,2,25.0,31873,22.3,0,0.0,0,0.0,-108,-7.2
"US000","1","6115","16","0","2021","1","",12,1247,1244,1241,28482434,0,0,1761,"",1.00,1.00,1.00,1.00,1.00,0.00,0.00,1.00,"",0,0.0,38,3.1,31,2.6,32,2.6,840673,3.0,0,0.0,0,0.0,4,0.2
"US000","1","61151","17","0","2021","1","",12,1247,1244,1241,28482434,0,0,1761,"",1.00,1.00,1.00,1.00,1.00,0.00,0.00,1.00,"",0,0.0,38,3.1,31,2.6,32,2.6,840673,3.0,0,0.0,0,0.0,4,0.2
"US000","1","611512","18","0","2021","1","",1,3,3,3,23232,0,0,596,"",1.00,1.00,1.00,1.00,1.00,0.00,0.00,1.00,"",0,0.0,-3,-50.0,-3,-50.0,-3,-50.0,-22364,-49.0,0,0.0,0,0.0,11,1.9
"US000","1","611519","18","0","2021","1","",11,1244,1241,1238,28459202,0,0,1764,"",1.00,1.00,1.00,1.00,1.00,0.00,0.00,1.00,"",0,0.0,41,3.4,34,2.8,35,2.9,863037,3.1,0,0.0,0,0.0,1,0.1
"US000","1","6116","16","0","2021","1","",66,568,573,570,8055932,0,0,1087,"",1.00,1.00,1.00,1.00,1.00,0.00,0.00,1.00,"",1,1.5,-26,-4.4,-18,-3.0,-19,-3.2,-48801,-0.6,0,0.0,0,0.0,33,3.1
"US000","1","61161","17","0","2021","1","",13,22,20,18,99354,0,0,382,"",1.00,1.00,1.00,1.00,1.00,0.00,0.00,1.00,"",0,0.0,5,29.4,1,5.3,-2,-10.0,-3622,-3.5,0,0.0,0,0.0,-42,-9.9
"US000","1","611610","18","0","2021","1","",13,22,20,18,99354,0,0,382,"",1.00,1.00,1.00,1.00,1.00,0.00,0.00,1.00,"",0,0.0,5,29.4,1,5.3,-2,-10.0,-3622,-3.5,0,0.0,0,0.0,-42,-9.9
"US000","1","61169","17","0","2021","1","",53,546,553,552,7956578,0,0,1112,"",1.00,1.00,1.00,1.00,1.00,0.00,0.00,1.00,"",1,1.9,-31,-5.4,-19,-3.3,-17,-3.0,-45179,-0.6,0,0.0,0,0.0,37,3.4
"US000","1","611691","18","0","2021","1","",1,19,19,19,295357,0,0,1196,"",1.00,1.00,1.00,1.00,1.00,0.00,0.00,1.00,"",0,0.0,2,11.8,2,11.8,2,11.8,37124,14.4,0,0.0,0,0.0,28,2.4
"US000","1","611692","18","0","2021","1","",2,19,20,20,273990,0,0,1072,"",1.00,1.00,1.00,1.00,1.00,0.00,0.00,1.00,"",0,0.0,-6,-24.0,-6,-23.1,-6,-23.1,-58735,-17.7,0,0.0,0,0.0,75,7.5
"US000","1","611699","18","0","2021","1","",50,508,514,513,7387231,0,0,1111,"",1.00,1.00,1.00,1.00,1.00,0.00,0.00,1.00,"",1,2.0,-27,-5.0,-15,-2.8,-13,-2.5,-23568,-0.3,0,0.0,0,0.0,35,3.3
"US000","1","62","14","0","2021","1","",1223,416718,417575,418863,8568729021,0,0,1578,"",1.00,1.00,1.00,1.00,1.00,0.00,0.00,1.00,"",11,0.9,6202,1.5,6177,1.5,8770,2.1,340936295,4.1,0,0.0,0,0.0,37,2.4
"US000","1","621","15","0","2021","1","",479,39435,39572,39683,820975348,0,0,1596,"",1.00,1.00,1.00,1.00,1.00,0.00,0.00,1.00,"",-7,-1.4,1625,4.3,1666,4.4,1881,5.0,40887118,5.2,0,0.0,0,0.0,10,0.6
"US000","1","6211","16","0","2021","1","",345,24092,24207,24252,515828978,0,0,1641,"",1.00,1.00,1.00,1.00,1.00,0.00,0.00,1.00,"",-4,-1.1,1106,4.8,1162,5.0,1266,5.5,29587206,6.1,0,0.0,0,0.0,15,0.9
"US000","1","62111","17","0","2021","1","",345,24092,24207,24252,515828978,0,0,1641,"",1.00,1.00,1.00,1.00,1.00,0.00,0.00,1.00,"",-4,-1.1,1106,4.8,1162,5.0,1266,5.5,29587206,6.1,0,0.0,0,0.0,15,0.9
"US000","1","621111","18","0","2021","1","",345,24092,24207,24252,515828978,0,0,1641,"",1.00,1.00,1.00,1.00,1.00,0.00,0.00,1.00,"",-4,-1.1,1106,4.8,1162,5.0,1266,5.5,29587206,6.1,0,0.0,0,0.0,15,0.9
"US000","1","6213","16","0","2021","1","",7,124,124,125,2560271,0,0,1584,"",1.00,1.00,1.00,1.00,1.00,0.00,0.00,1.00,"",0,0.0,14,12.7,10,8.8,12,10.6,95087,3.9,0,0.0,0,0.0,-104,-6.2
"US000","1","62131","17","0","2021","1","",1,5,5,5,143057,0,0,2201,"",1.00,1.00,1.00,1.00,1.00,0.00,0.00,1.00,"",0,0.0,2,66.7,2,66.7,2,66.7,102335,251.3,0,0.0,0,0.0,1157,110.8
"US000","1","621310","18","0","2021","1","",1,5,5,5,143057,0,0,2201,"",1.00,1.00,1.00,1.00,1.00,0.00,0.00,1.00,"",0,0.0,2,66.7,2,66.7,2,66.7,102335,251.3,0,0.0,0,0.0,1157,110.8
"US000","1","62133","17","0","2021","1","",6,119,119,120,2417214,0,0,1558,"",1.00,1.00,1.00,1.00,1.00,0.00,0.00,1.00,"",0,0.0,12,11.2,8,7.2,10,9.1,-7248,-0.3,0,0.0,0,0.0,-148,-8.7
"US000","1","621330","18","0","2021","1","",6,119,119,120,2417214,0,0,1558,"",1.00,1.00,1.00,1.00,1.00,0.00,0.00,1.00,"",0,0.0,12,11.2,8,7.2,10,9.1,-7248,-0.3,0,0.0,0,0.0,-148,-8.7
"US000","1","6214","16","0","2021","1","",125,14979,14997,15061,297185060,0,0,1523,"",1.00,1.00,1.00,1.00,1.00,0.00,0.00,1.00,"",-3,-2.3,491,3.4,477,3.3,582,4.0,10732857,3.7,0,0.0,0,0.0,3,0.2
"US000","1","62142","17","0","2021","1","",2,54,54,55,993584,0,0,1407,"",1.00,1.00,1.00,1.00,1.00,0.00,0.00,1.00,"",0,0.0,7,14.9,7,14.9,6,12.2,214320,27.5,0,0.0,0,0.0,149,11.8
"US000","1","621420","18","0","2021","1","",2,54,54,55,993584,0,0,1407,"",1.00,1.00,1.00,1.00,1.00,0.00,0.00,1.00,"",0,0.0,7,14.9,7,14.9,6,12.2,214320,27.5,0,0.0,0,0.0,149,11.8
"US000","1","62149","17","0","2021","1","",123,14925,14943,15006,296191476,0,0,1523,"",1.00,1.00,1.00,1.00,1.00,0.00,0.00,1.00,"",-3,-2.4,484,3.4,470,3.2,576,4.0,10518537,3.7,0,0.0,0,0.0,2,0.1
"US000","1","621491","18","0","2021","1","",5,353,346,340,6678870,0,0,1483,"",1.00,1.00,1.00,1.00,1.00,0.00,0.00,1.00,"",0,0.0,5,1.4,-6,-1.7,-12,-3.4,924151,16.1,0,0.0,0,0.0,221,17.5
"US000","1","621493","18","0","2021","1","",56,5044,5036,5049,98372690,0,0,1501,"",1.00,1.00,1.00,1.00,1.00,0.00,0.00,1.00,"",-1,-1.8,22,0.4,20,0.4,40,0.8,1182428,1.2,0,0.0,0,0.0,10,0.7
"US000","1","621498","18","0","2021","1","",62,9528,9561,9617,191139916,0,0,1537,"",1.00,1.00,1.00,1.00,1.00,0.00,0.00,1.00,"",-2,-3.1,457,5.0,456,5.0,548,6.0,8411958,4.6,0,0.0,0,0.0,-11,-0.7
"US000","1","6215","16","0","2021","1","",2,240,244,245,5401039,0,0,1710,"",1.00,1.00,1.00,1.00,1.00,0.00,0.00,1.00,"",0,0.0,14,6.2,17,7.5,21,9.4,471968,9.6,0,0.0,0,0.0,30,1.8
"US000","1","62151","17","0","2021","1","",2,240,244,245,5401039,0,0,1710,"",1.00,1.00,1.00,1.00,1.00,0.00,0.00,1.00,"",0,0.0,14,6.2,17,7.5,21,9.4,471968,9.6,0,0.0,0,0.0,30,1.8
"US000","1","621511","18","0","2021","1","",2,240,244,245,5401039,0,0,1710,"",1.00,1.00,1.00,1.00,1.00,0.00,0.00,1.00,"",0,0.0,14,6.2,17,7.5,21,9.4,471968,9.6,0,0.0,0,0.0,30,1.8
"US000","1","622","15","0","2021","1","",384,360727,361344,362572,7584230861,0,0,1614,"",1.00,1.00,1.00,1.00,1.00,0.00,0.00,1.00,"",3,0.8,4879,1.4,4682,1.3,7092,2.0,298317401,4.1,0,0.0,0,0.0,40,2.5
"US000","1","6221","16","0","2021","1","",377,353719,354345,355527,7456578601,0,0,1618,"",1.00,1.00,1.00,1.00,1.00,0.00,0.00,1.00,"",3,0.8,5005,1.4,4836,1.4,7137,2.0,298846344,4.2,0,0.0,0,0.0,40,2.5
"US000","1","62211","17","0","2021","1","",377,353719,354345,355527,7456578601,0,0,1618,"",1.00,1.00,1.00,1.00,1.00,0.00,0.00,1.00,"",3,0.8,5005,1.4,4836,1.4,7137,2.0,298846344,4.2,0,0.0,0,0.0,40,2.5
"US000","1","622110","18","0","2021","1","",377,353719,354345,355527,7456578601,0,0,1618,"",1.00,1.00,1.00,1.00,1.00,0.00,0.00,1.00,"",3,0.8,5005,1.4,4836,1.4,7137,2.0,298846344,4.2,0,0.0,0,0.0,40,2.5
"US000","1","6222","16","0","2021","1","",4,5832,5840,5861,103393684,0,0,1361,"",1.00,1.00,1.00,1.00,1.00,0.00,0.00,1.00,"",0,0.0,-44,-0.7,-42,-0.7,29,0.5,734620,0.7,0,0.0,0,0.0,14,1.0
"US000","1","62221","17","0","2021","1","",4,5832,5840,5861,103393684,0,0,1361,"",1.00,1.00,1.00,1.00,1.00,0.00,0.00,1.00,"",0,0.0,-44,-0.7,-42,-0.7,29,0.5,734620,0.7,0,0.0,0,0.0,14,1.0
"US000","1","622210","18","0","2021","1","",4,5832,5840,5861,103393684,0,0,1361,"",1.00,1.00,1.00,1.00,1.00,0.00,0.00,1.00,"",0,0.0,-44,-0.7,-42,-0.7,29,0.5,734620,0.7,0,0.0,0,0.0,14,1.0
"US000","1","6223","16","0","2021","1","",3,1176,1159,1184,24258576,0,0,1591,"",1.00,1.00,1.00,1.00,1.00,0.00,0.00,1.00,"",0,0.0,-82,-6.5,-112,-8.8,-74,-5.9,-1263563,-5.0,0,0.0,0,0.0,36,2.3
"US000","1","62231","17","0","2021","1","",3,1176,1159,1184,24258576,0,0,1591,"",1.00,1.00,1.00,1.00,1.00,0.00,0.00,1.00,"",0,0.0,-82,-6.5,-112,-8.8,-74,-5.9,-1263563,-5.0,0,0.0,0,0.0,36,2.3
"US000","1","622310","18","0","2021","1","",3,1176,1159,1184,24258576,0,0,1591,"",1.00,1.00,1.00,1.00,1.00,0.00,0.00,1.00,"",0,0.0,-82,-6.5,-112,-8.8,-74,-5.9,-1263563,-5.0,0,0.0,0,0.0,36,2.3
"US000","1","623","15","0","2021","1","",7,1410,1422,1428,25165350,0,0,1363,"",1.00,1.00,1.00,1.00,1.00,0.00,0.00,1.00,"",1,16.7,75,5.6,79,5.9,89,6.6,3312002,15.2,0,0.0,0,0.0,108,8.6
"US000","1","6231","16","0","2021","1","",3,224,226,228,3189402,0,0,1086,"",1.00,1.00,1.00,1.00,1.00,0.00,0.00,1.00,"",1,50.0,11,5.2,9,4.1,12,5.6,194393,6.5,0,0.0,0,0.0,16,1.5
"US000","1","62311","17","0","2021","1","",3,224,226,228,3189402,0,0,1086,"",1.00,1.00,1.00,1.00,1.00,0.00,0.00,1.00,"",1,50.0,11,5.2,9,4.1,12,5.6,194393,6.5,0,0.0,0,0.0,16,1.5
"US000","1","623110","18","0","2021","1","",3,224,226,228,3189402,0,0,1086,"",1.00,1.00,1.00,1.00,1.00,0.00,0.00,1.00,"",1,50.0,11,5.2,9,4.1,12,5.6,194393,6.5,0,0.0,0,0.0,16,1.5
"US000","1","6233","16","0","2021","1","",4,1186,1196,1200,21975948,0,0,1416,"",1.00,1.00,1.00,1.00,1.00,0.00,0.00,1.00,"",0,0.0,64,5.7,70,6.2,77,6.9,3117609,16.5,0,0.0,0,0.0,125,9.7
"US000","1","62331","17","0","2021","1","",4,1186,1196,1200,21975948,0,0,1416,"",1.00,1.00,1.00,1.00,1.00,0.00,0.00,1.00,"",0,0.0,64,5.7,70,6.2,77,6.9,3117609,16.5,0,0.0,0,0.0,125,9.7
"US000","1","623311","18","0","2021","1","",3,1159,1168,1174,21542936,0,0,1420,"",1.00,1.00,1.00,1.00,1.00,0.00,0.00,1.00,"",0,0.0,59,5.4,67,6.1,76,6.9,3008783,16.2,0,0.0,0,0.0,124,9.6
"US000","1","623312","18","0","2021","1","",1,27,28,26,433012,0,0,1234,"",1.00,1.00,1.00,1.00,1.00,0.00,0.00,1.00,"",0,0.0,5,22.7,3,12.0,1,4.0,108826,33.6,0,0.0,0,0.0,195,18.8
"US000","1","624","15","0","2021","1","",353,15146,15237,15180,138357462,0,0,701,"",1.00,1.00,1.00,1.00,1.00,0.00,0.00,1.00,"",14,4.1,-377,-2.4,-250,-1.6,-292,-1.9,-1580226,-1.1,0,0.0,0,0.0,6,0.9
"US000","1","6241","16","0","2021","1","",141,2443,2446,2420,25689871,0,0,811,"",1.00,1.00,1.00,1.00,1.00,0.00,0.00,1.00,"",9,6.8,-31,-1.3,9,0.4,-6,-0.2,698310,2.8,0,0.0,0,0.0,25,3.2
"US000","1","62411","17","0","2021","1","",48,843,860,840,6981912,0,0,634,"",1.00,1.00,1.00,1.00,1.00,0.00,0.00,1.00,"",3,6.7,46,5.8,95,12.4,90,12.0,780794,12.6,0,0.0,0,0.0,15,2.4
"US000","1","624110","18","0","2021","1","",48,843,860,840,6981912,0,0,634,"",1.00,1.00,1.00,1.00,1.00,0.00,0.00,1.00,"",3,6.7,46,5.8,95,12.4,90,12.0,780794,12.6,0,0.0,0,0.0,15,2.4
"US000","1","62412","17","0","2021","1","",28,277,275,271,4560014,0,0,1279,"",1.00,1.00,1.00,1.00,1.00,0.00,0.00,1.00,"",4,16.7,38,15.9,32,13.2,22,8.8,427571,10.3,0,0.0,0,0.0,-26,-2.0
"US000","1","624120","18","0","2021","1","",28,277,275,271,4560014,0,0,1279,"",1.00,1.00,1.00,1.00,1.00,0.00,0.00,1.00,"",4,16.7,38,15.9,32,13.2,22,8.8,427571,10.3,0,0.0,0,0.0,-26,-2.0
"US000","1","62419","17","0","2021","1","",65,1323,1311,1309,14147945,0,0,828,"",1.00,1.00,1.00,1.00,1.00,0.00,0.00,1.00,"",2,3.2,-115,-8.0,-118,-8.3,-118,-8.3,-510055,-3.5,0,0.0,0,0.0,40,5.1
"US000","1","624190","18","0","2021","1","",65,1323,1311,1309,14147945,0,0,828,"",1.00,1.00,1.00,1.00,1.00,0.00,0.00,1.00,"",2,3.2,-115,-8.0,-118,-8.3,-118,-8.3,-510055,-3.5,0,0.0,0,0.0,40,5.1
"US000","1","6242","16","0","2021","1","",12,163,165,163,1132822,0,0,532,"",1.00,1.00,1.00,1.00,1.00,0.00,0.00,1.00,"",0,0.0,-27,-14.2,-26,-13.6,-34,-17.3,-125456,-10.0,0,0.0,0,0.0,30,6.0
"US000","1","62421","17","0","2021","1","",9,79,85,88,494296,0,0,453,"",1.00,1.00,1.00,1.00,1.00,0.00,0.00,1.00,"",0,0.0,-15,-16.0,-12,-12.4,-11,-11.1,-62189,-11.2,0,0.0,0,0.0,10,2.3
"US000","1","624210","18","0","2021","1","",9,79,85,88,494296,0,0,453,"",1.00,1.00,1.00,1.00,1.00,0.00,0.00,1.00,"",0,0.0,-15,-16.0,-12,-12.4,-11,-11.1,-62189,-11.2,0,0.0,0,0.0,10,2.3
"US000","1","62422","17","0","2021","1","",3,84,80,75,638526,0,0,617,"",1.00,1.00,1.00,1.00,1.00,0.00,0.00,1.00,"",0,0.0,-12,-12.5,-14,-14.9,-23,-23.5,-63267,-9.0,0,0.0,0,0.0,55,9.8
"US000","1","624221","18","0","2021","1","",3,84,80,75,638526,0,0,617,"",1.00,1.00,1.00,1.00,1.00,0.00,0.00,1.00,"",0,0.0,-12,-12.5,-14,-14.9,-23,-23.5,-63267,-9.0,0,0.0,0,0.0,55,9.8
"US000","1","6243","16","0","2021","1","",73,2081,2091,2127,33083370,0,0,1212,"",1.00,1.00,1.00,1.00,1.00,0.00,0.00,1.00,"",3,4.3,195,10.3,208,11.0,268,14.4,3108526,10.4,0,0.0,0,0.0,-17,-1.4
"US000","1","62431","17","0","2021","1","",73,2081,2091,2127,33083370,0,0,1212,"",1.00,1.00,1.00,1.00,1.00,0.00,0.00,1.00,"",3,4.3,195,10.3,208,11.0,268,14.4,3108526,10.4,0,0.0,0,0.0,-17,-1.4
"US000","1","624310","18","0","2021","1","",73,2081,2091,2127,33083370,0,0,1212,"",1.00,1.00,1.00,1.00,1.00,0.00,0.00,1.00,"",3,4.3,195,10.3,208,11.0,268,14.4,3108526,10.4,0,0.0,0,0.0,-17,-1.4
"US000","1","6244","16","0","2021","1","",127,10459,10535,10470,78451399,0,0,575,"",1.00,1.00,1.00,1.00,1.00,0.00,0.00,1.00,"",2,1.6,-514,-4.7,-441,-4.0,-520,-4.7,-5261606,-6.3,0,0.0,0,0.0,-11,-1.9
"US000","1","62441","17","0","2021","1","",127,10459,10535,10470,78451399,0,0,575,"",1.00,1.00,1.00,1.00,1.00,0.00,0.00,1.00,"",2,1.6,-514,-4.7,-441,-4.0,-520,-4.7,-5261606,-6.3,0,0.0,0,0.0,-11,-1.9
"US000","1","624410","18","0","2021","1","",127,10459,10535,10470,78451399,0,0,575,"",1.00,1.00,1.00,1.00,1.00,0.00,0.00,1.00,"",2,1.6,-514,-4.7,-441,-4.0,-520,-4.7,-5261606,-6.3,0,0.0,0,0.0,-11,-1.9
"US000","1","71","14","0","2021","1","",1111,33750,33820,34181,479247082,0,0,1087,"",1.00,1.00,1.00,1.00,1.00,0.00,0.00,1.00,"",-6,-0.5,-1250,-3.6,-1558,-4.4,-1263,-3.6,-313184,-0.1,0,0.0,0,0.0,41,3.9
"US000","1","711","15","0","2021","1","",7,480,490,497,10077760,0,0,1585,"",1.00,1.00,1.00,1.00,1.00,0.00,0.00,1.00,"",-2,-22.2,-820,-63.1,-1030,-67.8,-943,-65.5,-9929600,-49.6,0,0.0,0,0.0,501,46.2
"US000","1","7111","16","0","2021","1","",5,422,431,439,8868521,0,0,1584,"",1.00,1.00,1.00,1.00,1.00,0.00,0.00,1.00,"",-1,-16.7,-821,-66.0,-1032,-70.5,-945,-68.3,-9902805,-52.8,0,0.0,0,0.0,525,49.6
"US000","1","71111","17","0","2021","1","",5,422,431,439,8868521,0,0,1584,"",1.00,1.00,1.00,1.00,1.00,0.00,0.00,1.00,"",-1,-16.7,-821,-66.0,-1032,-70.5,-945,-68.3,-9902805,-52.8,0,0.0,0,0.0,525,49.6
"US000","1","711110","18","0","2021","1","",5,422,431,439,8868521,0,0,1584,"",1.00,1.00,1.00,1.00,1.00,0.00,0.00,1.00,"",-1,-16.7,-821,-66.0,-1032,-70.5,-945,-68.3,-9902805,-52.8,0,0.0,0,0.0,525,49.6
"US000","1","7113","16","0","2021","1","",2,58,59,58,1209239,0,0,1595,"",1.00,1.00,1.00,1.00,1.00,0.00,0.00,1.00,"",-1,-33.3,1,1.8,2,3.5,2,3.6,-26795,-2.2,0,0.0,0,0.0,-83,-4.9
"US000","1","71131","17","0","2021","1","",1,51,52,51,1135314,0,0,1701,"",1.00,1.00,1.00,1.00,1.00,0.00,0.00,1.00,"",0,0.0,0,0.0,1,2.0,1,2.0,-28236,-2.4,0,0.0,0,0.0,-66,-3.7
"US000","1","711310","18","0","2021","1","",1,51,52,51,1135314,0,0,1701,"",1.00,1.00,1.00,1.00,1.00,0.00,0.00,1.00,"",0,0.0,0,0.0,1,2.0,1,2.0,-28236,-2.4,0,0.0,0,0.0,-66,-3.7
"US000","1","71132","17","0","2021","1","",1,7,7,7,73925,0,0,812,"",1.00,1.00,1.00,1.00,1.00,0.00,0.00,1.00,"",-1,-50.0,1,16.7,1,16.7,1,16.7,1441,2.0,0,0.0,0,0.0,-117,-12.6
"US000","1","711320","18","0","2021","1","",1,7,7,7,73925,0,0,812,"",1.00,1.00,1.00,1.00,1.00,0.00,0.00,1.00,"",-1,-50.0,1,16.7,1,16.7,1,16.7,1441,2.0,0,0.0,0,0.0,-117,-12.6
"US000","1","712","15","0","2021","1","",548,19653,19743,20110,367242434,0,0,1424,"",1.00,1.00,1.00,1.00,1.00,0.00,0.00,1.00,"",0,0.0,222,1.1,208,1.1,425,2.2,10777972,3.0,0,0.0,0,0.0,21,1.5
"US000","1","7121","16","0","2021","1","",548,19653,19743,20110,367242434,0,0,1424,"",1.00,1.00,1.00,1.00,1.00,0.00,0.00,1.00,"",0,0.0,222,1.1,208,1.1,425,2.2,10777972,3.0,0,0.0,0,0.0,21,1.5
"US000","1","71211","17","0","2021","1","",37,5986,5977,5972,127724522,0,0,1643,"",1.00,1.00,1.00,1.00,1.00,0.00,0.00,1.00,"",1,2.8,-99,-1.6,-87,-1.4,-63,-1.0,-178081,-0.1,0,0.0,0,0.0,20,1.2
"US000","1","712110","18","0","2021","1","",37,5986,5977,5972,127724522,0,0,1643,"",1.00,1.00,1.00,1.00,1.00,0.00,0.00,1.00,"",1,2.8,-99,-1.6,-87,-1.4,-63,-1.0,-178081,-0.1,0,0.0,0,0.0,20,1.2
"US000","1","71212","17","0","2021","1","",18,552,553,558,10364461,0,0,1438,"",1.00,1.00,1.00,1.00,1.00,0.00,0.00,1.00,"",3,20.0,11,2.0,19,3.6,27,5.1,583436,6.0,0,0.0,0,0.0,33,2.3
"US000","1","712120","18","0","2021","1","",18,552,553,558,10364461,0,0,1438,"",1.00,1.00,1.00,1.00,1.00,0.00,0.00,1.00,"",3,20.0,11,2.0,19,3.6,27,5.1,583436,6.0,0,0.0,0,0.0,33,2.3
"US000","1","71219","17","0","2021","1","",493,13115,13213,13580,229153451,0,0,1325,"",1.00,1.00,1.00,1.00,1.00,0.00,0.00,1.00,"",-4,-0.8,310,2.4,276,2.1,461,3.5,10372617,4.7,0,0.0,0,0.0,26,2.0
"US000","1","712190","18","0","2021","1","",493,13115,13213,13580,229153451,0,0,1325,"",1.00,1.00,1.00,1.00,1.00,0.00,0.00,1.00,"",-4,-0.8,310,2.4,276,2.1,461,3.5,10372617,4.7,0,0.0,0,0.0,26,2.0
"US000","1","713","15","0","2021","1","",556,13617,13587,13574,101926888,0,0,577,"",1.00,1.00,1.00,1.00,1.00,0.00,0.00,1.00,"",-4,-0.7,-652,-4.6,-736,-5.1,-745,-5.2,-1161556,-1.1,0,0.0,0,0.0,23,4.2
"US000","1","7131","16","0","2021","1","",1,4,4,4,66384,0,0,1277,"",1.00,1.00,1.00,1.00,1.00,0.00,0.00,1.00,"",0,0.0,0,0.0,0,0.0,0,0.0,5118,8.4,0,0.0,0,0.0,99,8.4
"US000","1","71312","17","0","2021","1","",1,4,4,4,66384,0,0,1277,"",1.00,1.00,1.00,1.00,1.00,0.00,0.00,1.00,"",0,0.0,0,0.0,0,0.0,0,0.0,5118,8.4,0,0.0,0,0.0,99,8.4
"US000","1","713120","18","0","2021","1","",1,4,4,4,66384,0,0,1277,"",1.00,1.00,1.00,1.00,1.00,0.00,0.00,1.00,"",0,0.0,0,0.0,0,0.0,0,0.0,5118,8.4,0,0.0,0,0.0,99,8.4
"US000","1","7132","16","0","2021","1","",7,116,114,117,977934,0,0,650,"",1.00,1.00,1.00,1.00,1.00,0.00,0.00,1.00,"",-1,-12.5,-14,-10.8,-15,-11.6,-11,-8.6,-122948,-11.2,0,0.0,0,0.0,-6,-0.9
"US000","1","71329","17","0","2021","1","",7,116,114,117,977934,0,0,650,"",1.00,1.00,1.00,1.00,1.00,0.00,0.00,1.00,"",-1,-12.5,-14,-10.8,-15,-11.6,-11,-8.6,-122948,-11.2,0,0.0,0,0.0,-6,-0.9
"US000","1","713290","18","0","2021","1","",7,116,114,117,977934,0,0,650,"",1.00,1.00,1.00,1.00,1.00,0.00,0.00,1.00,"",-1,-12.5,-14,-10.8,-15,-11.6,-11,-8.6,-122948,-11.2,0,0.0,0,0.0,-6,-0.9
"US000","1","7139","16","0","2021","1","",548,13497,13469,13453,100882570,0,0,576,"",1.00,1.00,1.00,1.00,1.00,0.00,0.00,1.00,"",-3,-0.5,-638,-4.5,-721,-5.1,-734,-5.2,-1043726,-1.0,0,0.0,0,0.0,23,4.2
"US000","1","71391","17","0","2021","1","",78,1283,1277,1379,8697052,0,0,510,"",1.00,1.00,1.00,1.00,1.00,0.00,0.00,1.00,"",-1,-1.3,-142,-10.0,-144,-10.1,-97,-6.6,-1046224,-10.7,0,0.0,0,0.0,-10,-1.9
"US000","1","713910","18","0","2021","1","",78,1283,1277,1379,8697052,0,0,510,"",1.00,1.00,1.00,1.00,1.00,0.00,0.00,1.00,"",-1,-1.3,-142,-10.0,-144,-10.1,-97,-6.6,-1046224,-10.7,0,0.0,0,0.0,-10,-1.9
"US000","1","71393","17","0","2021","1","",12,40,37,36,240195,0,0,491,"",1.00,1.00,1.00,1.00,1.00,0.00,0.00,1.00,"",-1,-7.7,-2,-4.8,0,0.0,0,0.0,-43940,-15.5,0,0.0,0,0.0,-79,-13.9
"US000","1","713930","18","0","2021","1","",12,40,37,36,240195,0,0,491,"",1.00,1.00,1.00,1.00,1.00,0.00,0.00,1.00,"",-1,-7.7,-2,-4.8,0,0.0,0,0.0,-43940,-15.5,0,0.0,0,0.0,-79,-13.9
"US000","1","71394","17","0","2021","1","",168,5588,5589,5491,42660963,0,0,591,"",1.00,1.00,1.00,1.00,1.00,0.00,0.00,1.00,"",1,0.6,248,4.6,275,5.2,170,3.2,3842784,9.9,0,0.0,0,0.0,30,5.3
"US000","1","713940","18","0","2021","1","",168,5588,5589,5491,42660963,0,0,591,"",1.00,1.00,1.00,1.00,1.00,0.00,0.00,1.00,"",1,0.6,248,4.6,275,5.2,170,3.2,3842784,9.9,0,0.0,0,0.0,30,5.3
"US000","1","71395","17","0","2021","1","",97,960,959,973,5216256,0,0,416,"",1.00,1.00,1.00,1.00,1.00,0.00,0.00,1.00,"",0,0.0,-269,-21.9,-288,-23.1,-271,-21.8,-1831333,-26.0,0,0.0,0,0.0,-21,-4.8
"US000","1","713950","18","0","2021","1","",97,960,959,973,5216256,0,0,416,"",1.00,1.00,1.00,1.00,1.00,0.00,0.00,1.00,"",0,0.0,-269,-21.9,-288,-23.1,-271,-21.8,-1831333,-26.0,0,0.0,0,0.0,-21,-4.8
"US000","1","71399","17","0","2021","1","",193,5626,5607,5574,44068104,0,0,605,"",1.00,1.00,1.00,1.00,1.00,0.00,0.00,1.00,"",-2,-1.0,-473,-7.8,-564,-9.1,-536,-8.8,-1965013,-4.3,0,0.0,0,0.0,27,4.7
"US000","1","713990","18","0","2021","1","",193,5626,5607,5574,44068104,0,0,605,"",1.00,1.00,1.00,1.00,1.00,0.00,0.00,1.00,"",-2,-1.0,-473,-7.8,-564,-9.1,-536,-8.8,-1965013,-4.3,0,0.0,0,0.0,27,4.7
"US000","1","72","14","0","2021","1","",402,7867,7987,7912,53337104,0,0,518,"",1.00,1.00,1.00,1.00,1.00,0.00,0.00,1.00,"",-7,-1.7,-1182,-13.1,-1154,-12.6,-1146,-12.7,-9876648,-15.6,0,0.0,0,0.0,-17,-3.2
"US000","1","721","15","0","2021","1","",216,4909,4896,4868,35800456,0,0,563,"",1.00,1.00,1.00,1.00,1.00,0.00,0.00,1.00,"",9,4.3,-450,-8.4,-430,-8.1,-440,-8.3,-5862323,-14.1,0,0.0,0,0.0,-38,-6.3
"US000","1","7211","16","0","2021","1","",129,3559,3547,3530,26189314,0,0,568,"",1.00,1.00,1.00,1.00,1.00,0.00,0.00,1.00,"",6,4.9,-387,-9.8,-365,-9.3,-371,-9.5,-5631891,-17.7,0,0.0,0,0.0,-56,-9.0
"US000","1","72111","17","0","2021","1","",42,1235,1236,1238,13119179,0,0,816,"",1.00,1.00,1.00,1.00,1.00,0.00,0.00,1.00,"",4,10.5,-184,-13.0,-174,-12.3,-169,-12.0,-3085680,-19.0,0,0.0,0,0.0,-67,-7.6
"US000","1","721110","18","0","2021","1","",42,1235,1236,1238,13119179,0,0,816,"",1.00,1.00,1.00,1.00,1.00,0.00,0.00,1.00,"",4,10.5,-184,-13.0,-174,-12.3,-169,-12.0,-3085680,-19.0,0,0.0,0,0.0,-67,-7.6
"US000","1","72119","17","0","2021","1","",87,2324,2311,2292,13070135,0,0,435,"",1.00,1.00,1.00,1.00,1.00,0.00,0.00,1.00,"",2,2.4,-203,-8.0,-191,-7.6,-202,-8.1,-2546211,-16.3,0,0.0,0,0.0,-44,-9.2
"US000","1","721191","18","0","2021","1","",1,75,74,75,428660,0,0,442,"",1.00,1.00,1.00,1.00,1.00,0.00,0.00,1.00,"",0,0.0,-6,-7.4,-16,-17.8,-16,-17.6,-120703,-22.0,0,0.0,0,0.0,-42,-8.7
"US000","1","721199","18","0","2021","1","",86,2249,2237,2217,12641475,0,0,435,"",1.00,1.00,1.00,1.00,1.00,0.00,0.00,1.00,"",2,2.4,-197,-8.1,-175,-7.3,-186,-7.7,-2425508,-16.1,0,0.0,0,0.0,-44,-9.2
"US000","1","7212","16","0","2021","1","",64,180,175,169,1140354,0,0,502,"",1.00,1.00,1.00,1.00,1.00,0.00,0.00,1.00,"",2,3.2,-40,-18.2,-48,-21.5,-49,-22.5,-308543,-21.3,0,0.0,0,0.0,-4,-0.8
"US000","1","72121","17","0","2021","1","",64,180,175,169,1140354,0,0,502,"",1.00,1.00,1.00,1.00,1.00,0.00,0.00,1.00,"",2,3.2,-40,-18.2,-48,-21.5,-49,-22.5,-308543,-21.3,0,0.0,0,0.0,-4,-0.8
"US000","1","721211","18","0","2021","1","",64,180,175,169,1140354,0,0,502,"",1.00,1.00,1.00,1.00,1.00,0.00,0.00,1.00,"",2,3.2,-40,-18.2,-48,-21.5,-49,-22.5,-308543,-21.3,0,0.0,0,0.0,-4,-0.8
"US000","1","7213","16","0","2021","1","",23,1170,1174,1169,8470788,0,0,556,"",1.00,1.00,1.00,1.00,1.00,0.00,0.00,1.00,"",1,4.5,-23,-1.9,-17,-1.4,-20,-1.7,78111,0.9,0,0.0,0,0.0,14,2.6
"US000","1","72131","17","0","2021","1","",23,1170,1174,1169,8470788,0,0,556,"",1.00,1.00,1.00,1.00,1.00,0.00,0.00,1.00,"",1,4.5,-23,-1.9,-17,-1.4,-20,-1.7,78111,0.9,0,0.0,0,0.0,14,2.6
"US000","1","721310","18","0","2021","1","",23,1170,1174,1169,8470788,0,0,556,"",1.00,1.00,1.00,1.00,1.00,0.00,0.00,1.00,"",1,4.5,-23,-1.9,-17,-1.4,-20,-1.7,78111,0.9,0,0.0,0,0.0,14,2.6
"US000","1","722","15","0","2021","1","",186,2958,3091,3044,17536648,0,0,445,"",1.00,1.00,1.00,1.00,1.00,0.00,0.00,1.00,"",-16,-7.9,-732,-19.8,-724,-19.0,-706,-18.8,-4014325,-18.6,0,0.0,0,0.0,3,0.7
"US000","1","7223","16","0","2021","1","",7,289,288,291,2079715,0,0,553,"",1.00,1.00,1.00,1.00,1.00,0.00,0.00,1.00,"",-1,-12.5,-24,-7.7,-26,-8.3,-26,-8.2,-113190,-5.2,0,0.0,0,0.0,17,3.2
"US000","1","72231","17","0","2021","1","",4,277,276,280,2022303,0,0,560,"",1.00,1.00,1.00,1.00,1.00,0.00,0.00,1.00,"",0,0.0,-22,-7.4,-24,-8.0,-23,-7.6,-76666,-3.7,0,0.0,0,0.0,23,4.3
"US000","1","722310","18","0","2021","1","",4,277,276,280,2022303,0,0,560,"",1.00,1.00,1.00,1.00,1.00,0.00,0.00,1.00,"",0,0.0,-22,-7.4,-24,-8.0,-23,-7.6,-76666,-3.7,0,0.0,0,0.0,23,4.3
"US000","1","72233","17","0","2021","1","",3,12,12,11,57412,0,0,379,"",1.00,1.00,1.00,1.00,1.00,0.00,0.00,1.00,"",0,0.0,-2,-14.3,-2,-14.3,-3,-21.4,-36524,-38.9,0,0.0,0,0.0,-137,-26.6
"US000","1","722330","18","0","2021","1","",3,12,12,11,57412,0,0,379,"",1.00,1.00,1.00,1.00,1.00,0.00,0.00,1.00,"",0,0.0,-2,-14.3,-2,-14.3,-3,-21.4,-36524,-38.9,0,0.0,0,0.0,-137,-26.6
"US000","1","7224","16","0","2021","1","",4,14,13,13,80056,0,0,462,"",1.00,1.00,1.00,1.00,1.00,0.00,0.00,1.00,"",-2,-33.3,-6,-30.0,-5,-27.8,-2,-13.3,-36801,-31.5,0,0.0,0,0.0,-47,-9.2
"US000","1","72241","17","0","2021","1","",4,14,13,13,80056,0,0,462,"",1.00,1.00,1.00,1.00,1.00,0.00,0.00,1.00,"",-2,-33.3,-6,-30.0,-5,-27.8,-2,-13.3,-36801,-31.5,0,0.0,0,0.0,-47,-9.2
"US000","1","722410","18","0","2021","1","",4,14,13,13,80056,0,0,462,"",1.00,1.00,1.00,1.00,1.00,0.00,0.00,1.00,"",-2,-33.3,-6,-30.0,-5,-27.8,-2,-13.3,-36801,-31.5,0,0.0,0,0.0,-47,-9.2
"US000","1","7225","16","0","2021","1","",175,2655,2790,2740,15376877,0,0,434,"",1.00,1.00,1.00,1.00,1.00,0.00,0.00,1.00,"",-13,-6.9,-702,-20.9,-693,-19.9,-678,-19.8,-3864334,-20.1,0,0.0,0,0.0,1,0.2
"US000","1","72251","17","0","2021","1","",175,2655,2790,2740,15376877,0,0,434,"",1.00,1.00,1.00,1.00,1.00,0.00,0.00,1.00,"",-13,-6.9,-702,-20.9,-693,-19.9,-678,-19.8,-3864334,-20.1,0,0.0,0,0.0,1,0.2
"US000","1","722511","18","0","2021","1","",115,1976,2104,2069,11621742,0,0,436,"",1.00,1.00,1.00,1.00,1.00,0.00,0.00,1.00,"",-3,-2.5,-494,-20.0,-479,-18.5,-457,-18.1,-2774339,-19.3,0,0.0,0,0.0,-2,-0.5
"US000","1","722513","18","0","2021","1","",14,164,160,159,1039595,0,0,497,"",1.00,1.00,1.00,1.00,1.00,0.00,0.00,1.00,"",0,0.0,-66,-28.7,-81,-33.6,-77,-32.6,-572004,-35.5,0,0.0,0,0.0,-29,-5.5
"US000","1","722514","18","0","2021","1","",6,369,377,363,1964456,0,0,409,"",1.00,1.00,1.00,1.00,1.00,0.00,0.00,1.00,"",-2,-25.0,-99,-21.2,-106,-21.9,-122,-25.2,-283963,-12.6,0,0.0,0,0.0,48,13.3
"US000","1","722515","18","0","2021","1","",40,146,149,149,751084,0,0,390,"",1.00,1.00,1.00,1.00,1.00,0.00,0.00,1.00,"",-8,-16.7,-43,-22.8,-27,-15.3,-22,-12.9,-234028,-23.8,0,0.0,0,0.0,-34,-8.0
"US000","1","81","14","0","2021","1","",159,4744,4773,4771,64815859,0,0,1047,"",1.00,1.00,1.00,1.00,1.00,0.00,0.00,1.00,"",-7,-4.2,157,3.4,153,3.3,173,3.8,1009127,1.6,0,0.0,0,0.0,-20,-1.9
"US000","1","811","15","0","2021","1","",38,574,575,576,15108325,0,0,2021,"",1.00,1.00,1.00,1.00,1.00,0.00,0.00,1.00,"",-3,-7.3,-2,-0.3,-10,-1.7,-7,-1.2,299464,2.0,0,0.0,0,0.0,61,3.1
"US000","1","8111","16","0","2021","1","",36,117,116,119,937423,0,0,615,"",1.00,1.00,1.00,1.00,1.00,0.00,0.00,1.00,"",-3,-7.7,-37,-24.0,-41,-26.1,-36,-23.2,-384101,-29.1,0,0.0,0,0.0,-39,-6.0
"US000","1","81111","17","0","2021","1","",7,75,72,75,599145,0,0,623,"",1.00,1.00,1.00,1.00,1.00,0.00,0.00,1.00,"",-1,-12.5,0,0.0,-6,-7.7,-4,-5.1,-181449,-23.2,0,0.0,0,0.0,-153,-19.7
"US000","1","811111","18","0","2021","1","",7,75,72,75,599145,0,0,623,"",1.00,1.00,1.00,1.00,1.00,0.00,0.00,1.00,"",-1,-12.5,0,0.0,-6,-7.7,-4,-5.1,-181449,-23.2,0,0.0,0,0.0,-153,-19.7
"US000","1","81112","17","0","2021","1","",23,37,39,39,310617,0,0,623,"",1.00,1.00,1.00,1.00,1.00,0.00,0.00,1.00,"",0,0.0,-2,-5.1,1,2.6,3,8.3,-58897,-15.9,0,0.0,0,0.0,-132,-17.5
"US000","1","811121","18","0","2021","1","",23,37,39,39,310617,0,0,623,"",1.00,1.00,1.00,1.00,1.00,0.00,0.00,1.00,"",0,0.0,-2,-5.1,1,2.6,3,8.3,-58897,-15.9,0,0.0,0,0.0,-132,-17.5
"US000","1","81119","17","0","2021","1","",6,5,5,5,27661,0,0,426,"",1.00,1.00,1.00,1.00,1.00,0.00,0.00,1.00,"",-2,-25.0,-35,-87.5,-36,-87.8,-35,-87.5,-143755,-83.9,0,0.0,0,0.0,99,30.3
"US000","1","811192","18","0","2021","1","",6,5,5,5,27661,0,0,426,"",1.00,1.00,1.00,1.00,1.00,0.00,0.00,1.00,"",-2,-25.0,-35,-87.5,-36,-87.8,-35,-87.5,-143755,-83.9,0,0.0,0,0.0,99,30.3
"US000","1","8113","16","0","2021","1","",1,457,459,457,14170902,0,0,2382,"",1.00,1.00,1.00,1.00,1.00,0.00,0.00,1.00,"",0,0.0,36,8.6,32,7.5,30,7.0,700393,5.2,0,0.0,0,0.0,-56,-2.3
"US000","1","81131","17","0","2021","1","",1,457,459,457,14170902,0,0,2382,"",1.00,1.00,1.00,1.00,1.00,0.00,0.00,1.00,"",0,0.0,36,8.6,32,7.5,30,7.0,700393,5.2,0,0.0,0,0.0,-56,-2.3
"US000","1","811310","18","0","2021","1","",1,457,459,457,14170902,0,0,2382,"",1.00,1.00,1.00,1.00,1.00,0.00,0.00,1.00,"",0,0.0,36,8.6,32,7.5,30,7.0,700393,5.2,0,0.0,0,0.0,-56,-2.3
"US000","1","8114","16","0","2021","1","",1,0,0,0,0,0,0,0,"",1.00,0.00,0.00,0.00,0.00,0.00,0.00,0.00,"",0,0.0,-1,-100.0,-1,-100.0,-1,-100.0,-16828,-100.0,0,0.0,0,0.0,-1294,-100.0
"US000","1","81149","17","0","2021","1","",1,0,0,0,0,0,0,0,"",1.00,0.00,0.00,0.00,0.00,0.00,0.00,0.00,"",0,0.0,-1,-100.0,-1,-100.0,-1,-100.0,-16828,-100.0,0,0.0,0,0.0,-1294,-100.0
"US000","1","811490","18","0","2021","1","",1,0,0,0,0,0,0,0,"",1.00,0.00,0.00,0.00,0.00,0.00,0.00,0.00,"",0,0.0,-1,-100.0,-1,-100.0,-1,-100.0,-16828,-100.0,0,0.0,0,0.0,-1294,-100.0
"US000","1","812","15","0","2021","1","",86,1484,1485,1484,19942604,0,0,1033,"",1.00,1.00,1.00,1.00,1.00,0.00,0.00,1.00,"",-3,-3.4,34,2.3,42,2.9,44,3.1,407182,2.1,0,0.0,0,0.0,-7,-0.7
"US000","1","8121","16","0","2021","1","",4,20,19,19,171269,0,0,681,"",1.00,1.00,1.00,1.00,1.00,0.00,0.00,1.00,"",0,0.0,-3,-13.0,-3,-13.6,-3,-13.6,-33718,-16.4,0,0.0,0,0.0,-25,-3.5
"US000","1","81211","17","0","2021","1","",3,19,18,18,153672,0,0,645,"",1.00,1.00,1.00,1.00,1.00,0.00,0.00,1.00,"",0,0.0,-3,-13.6,-3,-14.3,-3,-14.3,-31351,-16.9,0,0.0,0,0.0,-22,-3.3
"US000","1","812111","18","0","2021","1","",2,4,4,4,28762,0,0,553,"",1.00,1.00,1.00,1.00,1.00,0.00,0.00,1.00,"",0,0.0,-1,-20.0,0,0.0,0,0.0,-882,-3.0,0,0.0,0,0.0,27,5.1
"US000","1","812112","18","0","2021","1","",1,15,14,14,124910,0,0,670,"",1.00,1.00,1.00,1.00,1.00,0.00,0.00,1.00,"",0,0.0,-2,-11.8,-3,-17.6,-3,-17.6,-30469,-19.6,0,0.0,0,0.0,-33,-4.7
"US000","1","81219","17","0","2021","1","",1,1,1,1,17597,0,0,1354,"",1.00,1.00,1.00,1.00,1.00,0.00,0.00,1.00,"",0,0.0,0,0.0,0,0.0,0,0.0,-2367,-11.9,0,0.0,0,0.0,-182,-11.8
"US000","1","812191","18","0","2021","1","",1,1,1,1,17597,0,0,1354,"",1.00,1.00,1.00,1.00,1.00,0.00,0.00,1.00,"",0,0.0,0,0.0,0,0.0,0,0.0,-2367,-11.9,0,0.0,0,0.0,-182,-11.8
"US000","1","8122","16","0","2021","1","",75,1458,1460,1459,19744364,0,0,1041,"",1.00,1.00,1.00,1.00,1.00,0.00,0.00,1.00,"",-2,-2.6,39,2.7,46,3.3,47,3.3,451749,2.3,0,0.0,0,0.0,-8,-0.8
"US000","1","81222","17","0","2021","1","",75,1458,1460,1459,19744364,0,0,1041,"",1.00,1.00,1.00,1.00,1.00,0.00,0.00,1.00,"",-2,-2.6,39,2.7,46,3.3,47,3.3,451749,2.3,0,0.0,0,0.0,-8,-0.8
"US000","1","812220","18","0","2021","1","",75,1458,1460,1459,19744364,0,0,1041,"",1.00,1.00,1.00,1.00,1.00,0.00,0.00,1.00,"",-2,-2.6,39,2.7,46,3.3,47,3.3,451749,2.3,0,0.0,0,0.0,-8,-0.8
"US000","1","8123","16","0","2021","1","",5,4,4,4,15219,0,0,293,"",1.00,1.00,1.00,1.00,1.00,0.00,0.00,1.00,"",-1,-16.7,-1,-20.0,-1,-20.0,0,0.0,-8870,-36.8,0,0.0,0,0.0,-104,-26.2
"US000","1","81231","17","0","2021","1","",5,4,4,4,15219,0,0,293,"",1.00,1.00,1.00,1.00,1.00,0.00,0.00,1.00,"",0,0.0,-1,-20.0,-1,-20.0,0,0.0,-8870,-36.8,0,0.0,0,0.0,-104,-26.2
"US000","1","812310","18","0","2021","1","",5,4,4,4,15219,0,0,293,"",1.00,1.00,1.00,1.00,1.00,0.00,0.00,1.00,"",0,0.0,-1,-20.0,-1,-20.0,0,0.0,-8870,-36.8,0,0.0,0,0.0,-104,-26.2
"US000","1","8129","16","0","2021","1","",2,2,2,2,11752,0,0,452,"",1.00,1.00,1.00,1.00,1.00,0.00,0.00,1.00,"",0,0.0,-1,-33.3,0,0.0,0,0.0,-1979,-14.4,0,0.0,0,0.0,-1,-0.2
"US000","1","81291","17","0","2021","1","",2,2,2,2,11752,0,0,452,"",1.00,1.00,1.00,1.00,1.00,0.00,0.00,1.00,"",0,0.0,-1,-33.3,0,0.0,0,0.0,-1979,-14.4,0,0.0,0,0.0,-1,-0.2
"US000","1","812910","18","0","2021","1","",2,2,2,2,11752,0,0,452,"",1.00,1.00,1.00,1.00,1.00,0.00,0.00,1.00,"",0,0.0,-1,-33.3,0,0.0,0,0.0,-1979,-14.4,0,0.0,0,0.0,-1,-0.2
"US000","1","813","15","0","2021","1","",35,2686,2713,2711,29764930,0,0,847,"",1.00,1.00,1.00,1.00,1.00,0.00,0.00,1.00,"",-1,-2.8,125,4.9,121,4.7,136,5.3,302481,1.0,0,0.0,0,0.0,-33,-3.8
"US000","1","8131","16","0","2021","1","-",0,0,0,0,0,0,0,0,"N",0.00,0,0,0,0,0,0,0,"N",0,0,0,0,0,0,0,0,0,0,0,0,0,0,0,0
"US000","1","81311","17","0","2021","1","-",0,0,0,0,0,0,0,0,"N",0.00,0,0,0,0,0,0,0,"N",0,0,0,0,0,0,0,0,0,0,0,0,0,0,0,0
"US000","1","813110","18","0","2021","1","-",0,0,0,0,0,0,0,0,"N",0.00,0,0,0,0,0,0,0,"N",0,0,0,0,0,0,0,0,0,0,0,0,0,0,0,0
"US000","1","8132","16","0","2021","1","",16,1305,1330,1322,17270558,0,0,1007,"",1.00,1.00,1.00,1.00,1.00,0.00,0.00,1.00,"",-1,-5.9,2,0.2,3,0.2,3,0.2,30215,0.2,0,0.0,0,0.0,0,0.0
"US000","1","81321","17","0","2021","1","",16,1305,1330,1322,17270558,0,0,1007,"",1.00,1.00,1.00,1.00,1.00,0.00,0.00,1.00,"",-1,-5.9,2,0.2,3,0.2,3,0.2,30215,0.2,0,0.0,0,0.0,0,0.0
"US000","1","813211","18","0","2021","1","",11,34,34,34,810030,0,0,1833,"",1.00,1.00,1.00,1.00,1.00,0.00,0.00,1.00,"",-1,-8.3,2,6.2,3,9.7,3,9.7,30215,3.9,0,0.0,0,0.0,-81,-4.2
"US000","1","813212","18","0","2021","1","",5,1271,1296,1288,16460528,0,0,985,"",1.00,1.00,1.00,1.00,1.00,0.00,0.00,1.00,"",0,0.0,0,0.0,0,0.0,0,0.0,0,0.0,0,0.0,0,0.0,0,0.0
"US000","1","813219","18","0","2021","1","-",0,0,0,0,0,0,0,0,"N",0.00,0,0,0,0,0,0,0,"N",0,0,0,0,0,0,0,0,0,0,0,0,0,0,0,0
"US000","1","8133","16","0","2021","1","",9,415,415,414,4793448,0,0,889,"",1.00,1.00,1.00,1.00,1.00,0.00,0.00,1.00,"",0,0.0,-24,-5.5,-25,-5.7,-24,-5.5,-736657,-13.3,0,0.0,0,0.0,-80,-8.3
"US000","1","81331","17","0","2021","1","",9,415,415,414,4793448,0,0,889,"",1.00,1.00,1.00,1.00,1.00,0.00,0.00,1.00,"",0,0.0,-24,-5.5,-25,-5.7,-24,-5.5,-736657,-13.3,0,0.0,0,0.0,-80,-8.3
"US000","1","813311","18","0","2021","1","",7,151,151,150,2697248,0,0,1377,"",1.00,1.00,1.00,1.00,1.00,0.00,0.00,1.00,"",0,0.0,-24,-13.7,-25,-14.2,-24,-13.8,-781157,-22.5,0,0.0,0,0.0,-152,-9.9
"US000","1","813312","18","0","2021","1","",2,264,264,264,2096200,0,0,611,"",1.00,1.00,1.00,1.00,1.00,0.00,0.00,1.00,"",0,0.0,0,0.0,0,0.0,0,0.0,44500,2.2,0,0.0,0,0.0,13,2.2
"US000","1","8134","16","0","2021","1","",10,966,968,975,7700924,0,0,611,"",1.00,1.00,1.00,1.00,1.00,0.00,0.00,1.00,"",0,0.0,147,17.9,143,17.3,157,19.2,1008923,15.1,0,0.0,0,0.0,-16,-2.6
"US000","1","81341","17","0","2021","1","",10,966,968,975,7700924,0,0,611,"",1.00,1.00,1.00,1.00,1.00,0.00,0.00,1.00,"",0,0.0,147,17.9,143,17.3,157,19.2,1008923,15.1,0,0.0,0,0.0,-16,-2.6
"US000","1","813410","18","0","2021","1","",10,966,968,975,7700924,0,0,611,"",1.00,1.00,1.00,1.00,1.00,0.00,0.00,1.00,"",0,0.0,147,17.9,143,17.3,157,19.2,1008923,15.1,0,0.0,0,0.0,-16,-2.6
"US000","1","8139","16","0","2021","1","-",0,0,0,0,0,0,0,0,"N",0.00,0,0,0,0,0,0,0,"N",0,0,0,0,0,0,0,0,0,0,0,0,0,0,0,0
"US000","1","81394","17","0","2021","1","-",0,0,0,0,0,0,0,0,"N",0.00,0,0,0,0,0,0,0,"N",0,0,0,0,0,0,0,0,0,0,0,0,0,0,0,0
"US000","1","813940","18","0","2021","1","-",0,0,0,0,0,0,0,0,"N",0.00,0,0,0,0,0,0,0,"N",0,0,0,0,0,0,0,0,0,0,0,0,0,0,0,0
"US000","1","92","14","0","2021","1","",25496,1579245,1575702,1575975,35974182208,0,0,1755,"",1.00,1.00,1.00,1.00,1.00,0.00,0.00,1.00,"",45,0.2,22412,1.4,12034,0.8,-7570,-0.5,1213019510,3.5,0,0.0,0,0.0,50,2.9
"US000","1","921","15","0","2021","1","",1569,147712,147577,147661,3214305853,0,0,1675,"",1.00,1.00,1.00,1.00,1.00,0.00,0.00,1.00,"",57,3.8,6205,4.4,5162,3.6,4673,3.3,168915620,5.5,0,0.0,0,0.0,29,1.8
"US000","1","9211","16","0","2021","1","",1569,147712,147577,147661,3214305853,0,0,1675,"",1.00,1.00,1.00,1.00,1.00,0.00,0.00,1.00,"",57,3.8,6205,4.4,5162,3.6,4673,3.3,168915620,5.5,0,0.0,0,0.0,29,1.8
"US000","1","92111","17","0","2021","1","",7,746,779,781,21925309,0,0,2194,"",1.00,1.00,1.00,1.00,1.00,0.00,0.00,1.00,"",1,16.7,-1,-0.1,28,3.7,28,3.7,1113209,5.3,0,0.0,0,0.0,60,2.8
"US000","1","921110","18","0","2021","1","",7,746,779,781,21925309,0,0,2194,"",1.00,1.00,1.00,1.00,1.00,0.00,0.00,1.00,"",1,16.7,-1,-0.1,28,3.7,28,3.7,1113209,5.3,0,0.0,0,0.0,60,2.8
"US000","1","92112","17","0","2021","1","",4,17756,18086,18089,347659113,0,0,1488,"",1.00,1.00,1.00,1.00,1.00,0.00,0.00,1.00,"",0,0.0,1168,7.0,1273,7.6,987,5.8,30536261,9.6,0,0.0,0,0.0,39,2.7
"US000","1","921120","18","0","2021","1","",4,17756,18086,18089,347659113,0,0,1488,"",1.00,1.00,1.00,1.00,1.00,0.00,0.00,1.00,"",0,0.0,1168,7.0,1273,7.6,987,5.8,30536261,9.6,0,0.0,0,0.0,39,2.7
"US000","1","92113","17","0","2021","1","",538,98006,97594,97530,2104207630,0,0,1657,"",1.00,1.00,1.00,1.00,1.00,0.00,0.00,1.00,"",-5,-0.9,4878,5.2,3815,4.1,3466,3.7,118646065,6.0,0,0.0,0,0.0,26,1.6
"US000","1","921130","18","0","2021","1","",538,98006,97594,97530,2104207630,0,0,1657,"",1.00,1.00,1.00,1.00,1.00,0.00,0.00,1.00,"",-5,-0.9,4878,5.2,3815,4.1,3466,3.7,118646065,6.0,0,0.0,0,0.0,26,1.6
"US000","1","92114","17","0","2021","1","",1,0,6,6,930,0,0,18,"",1.00,0.00,1.00,1.00,1.00,0.00,0.00,1.00,"",-1,-50.0,-6,-100.0,6,100.0,6,100.0,-128,-12.1,0,0.0,0,0.0,-23,-56.1
"US000","1","921140","18","0","2021","1","",1,0,6,6,930,0,0,18,"",1.00,0.00,1.00,1.00,1.00,0.00,0.00,1.00,"",-1,-50.0,-6,-100.0,6,100.0,6,100.0,-128,-12.1,0,0.0,0,0.0,-23,-56.1
"US000","1","92119","17","0","2021","1","",1019,31204,31112,31255,740512871,0,0,1826,"",1.00,1.00,1.00,1.00,1.00,0.00,0.00,1.00,"",62,6.5,166,0.5,40,0.1,186,0.6,18620213,2.6,0,0.0,0,0.0,38,2.1
"US000","1","921190","18","0","2021","1","",1019,31204,31112,31255,740512871,0,0,1826,"",1.00,1.00,1.00,1.00,1.00,0.00,0.00,1.00,"",62,6.5,166,0.5,40,0.1,186,0.6,18620213,2.6,0,0.0,0,0.0,38,2.1
"US000","1","922","15","0","2021","1","",3338,263521,263503,262594,6770739628,0,0,1979,"",1.00,1.00,1.00,1.00,1.00,0.00,0.00,1.00,"",-11,-0.3,2611,1.0,2645,1.0,3203,1.2,125430318,1.9,0,0.0,0,0.0,16,0.8
"US000","1","9221","16","0","2021","1","",3338,263521,263503,262594,6770739628,0,0,1979,"",1.00,1.00,1.00,1.00,1.00,0.00,0.00,1.00,"",-11,-0.3,2611,1.0,2645,1.0,3203,1.2,125430318,1.9,0,0.0,0,0.0,16,0.8
"US000","1","92211","17","0","2021","1","",576,33532,33551,33525,782356586,0,0,1795,"",1.00,1.00,1.00,1.00,1.00,0.00,0.00,1.00,"",2,0.3,-165,-0.5,-229,-0.7,-153,-0.5,10756054,1.4,0,0.0,0,0.0,35,2.0
"US000","1","922110","18","0","2021","1","",576,33532,33551,33525,782356586,0,0,1795,"",1.00,1.00,1.00,1.00,1.00,0.00,0.00,1.00,"",2,0.3,-165,-0.5,-229,-0.7,-153,-0.5,10756054,1.4,0,0.0,0,0.0,35,2.0
"US000","1","92212","17","0","2021","1","",1720,143077,142930,141908,3913050097,0,0,2110,"",1.00,1.00,1.00,1.00,1.00,0.00,0.00,1.00,"",-12,-0.7,-1172,-0.8,-1421,-1.0,-1263,-0.9,-16008835,-0.4,0,0.0,0,0.0,10,0.5
"US000","1","922120","18","0","2021","1","",1720,143077,142930,141908,3913050097,0,0,2110,"",1.00,1.00,1.00,1.00,1.00,0.00,0.00,1.00,"",-12,-0.7,-1172,-0.8,-1421,-1.0,-1263,-0.9,-16008835,-0.4,0,0.0,0,0.0,10,0.5
"US000","1","92213","17","0","2021","1","",334,22135,22096,22078,633300328,0,0,2204,"",1.00,1.00,1.00,1.00,1.00,0.00,0.00,1.00,"",4,1.2,896,4.2,853,4.0,838,3.9,32010167,5.3,0,0.0,0,0.0,26,1.2
"US000","1","922130","18","0","2021","1","",334,22135,22096,22078,633300328,0,0,2204,"",1.00,1.00,1.00,1.00,1.00,0.00,0.00,1.00,"",4,1.2,896,4.2,853,4.0,838,3.9,32010167,5.3,0,0.0,0,0.0,26,1.2
"US000","1","92214","17","0","2021","1","",127,35784,35556,35340,718911599,0,0,1555,"",1.00,1.00,1.00,1.00,1.00,0.00,0.00,1.00,"",1,0.8,940,2.7,967,2.8,982,2.9,32136767,4.7,0,0.0,0,0.0,28,1.8
"US000","1","922140","18","0","2021","1","",127,35784,35556,35340,718911599,0,0,1555,"",1.00,1.00,1.00,1.00,1.00,0.00,0.00,1.00,"",1,0.8,940,2.7,967,2.8,982,2.9,32136767,4.7,0,0.0,0,0.0,28,1.8
"US000","1","92215","17","0","2021","1","",2,1047,1043,1039,25986552,0,0,1917,"",1.00,1.00,1.00,1.00,1.00,0.00,0.00,1.00,"",0,0.0,-41,-3.8,-35,-3.2,-41,-3.8,-362272,-1.4,0,0.0,0,0.0,44,2.3
"US000","1","922150","18","0","2021","1","",2,1047,1043,1039,25986552,0,0,1917,"",1.00,1.00,1.00,1.00,1.00,0.00,0.00,1.00,"",0,0.0,-41,-3.8,-35,-3.2,-41,-3.8,-362272,-1.4,0,0.0,0,0.0,44,2.3
"US000","1","92216","17","0","2021","1","-",0,0,0,0,0,0,0,0,"N",0.00,0,0,0,0,0,0,0,"N",0,0,0,0,0,0,0,0,0,0,0,0,0,0,0,0
"US000","1","922160","18","0","2021","1","-",0,0,0,0,0,0,0,0,"N",0.00,0,0,0,0,0,0,0,"N",0,0,0,0,0,0,0,0,0,0,0,0,0,0,0,0
"US000","1","92219","17","0","2021","1","",579,27946,28327,28704,697134466,0,0,1893,"",1.00,1.00,1.00,1.00,1.00,0.00,0.00,1.00,"",-6,-1.0,2153,8.3,2510,9.7,2840,11.0,66898437,10.6,0,0.0,0,0.0,16,0.9
"US000","1","922190","18","0","2021","1","",579,27946,28327,28704,697134466,0,0,1893,"",1.00,1.00,1.00,1.00,1.00,0.00,0.00,1.00,"",-6,-1.0,2153,8.3,2510,9.7,2840,11.0,66898437,10.6,0,0.0,0,0.0,16,0.9
"US000","1","923","15","0","2021","1","",2574,206585,207011,207058,4826826164,0,0,1795,"",1.00,1.00,1.00,1.00,1.00,0.00,0.00,1.00,"",32,1.3,11104,5.7,10737,5.5,9578,4.9,344376422,7.7,0,0.0,0,0.0,39,2.2
"US000","1","9231","16","0","2021","1","",2574,206585,207011,207058,4826826164,0,0,1795,"",1.00,1.00,1.00,1.00,1.00,0.00,0.00,1.00,"",32,1.3,11104,5.7,10737,5.5,9578,4.9,344376422,7.7,0,0.0,0,0.0,39,2.2
"US000","1","92311","17","0","2021","1","",104,4235,4224,4196,120644477,0,0,2200,"",1.00,1.00,1.00,1.00,1.00,0.00,0.00,1.00,"",2,2.0,304,7.7,290,7.4,273,7.0,10136636,9.2,0,0.0,0,0.0,37,1.7
"US000","1","923110","18","0","2021","1","",104,4235,4224,4196,120644477,0,0,2200,"",1.00,1.00,1.00,1.00,1.00,0.00,0.00,1.00,"",2,2.0,304,7.7,290,7.4,273,7.0,10136636,9.2,0,0.0,0,0.0,37,1.7
"US000","1","92312","17","0","2021","1","",570,62953,63210,63397,1785396805,0,0,2174,"",1.00,1.00,1.00,1.00,1.00,0.00,0.00,1.00,"",15,2.7,3446,5.8,3263,5.4,3032,5.0,138662634,8.4,0,0.0,0,0.0,61,2.9
"US000","1","923120","18","0","2021","1","",570,62953,63210,63397,1785396805,0,0,2174,"",1.00,1.00,1.00,1.00,1.00,0.00,0.00,1.00,"",15,2.7,3446,5.8,3263,5.4,3032,5.0,138662634,8.4,0,0.0,0,0.0,61,2.9
"US000","1","92313","17","0","2021","1","",1539,69425,69153,69066,1452070738,0,0,1614,"",1.00,1.00,1.00,1.00,1.00,0.00,0.00,1.00,"",20,1.3,252,0.4,325,0.5,538,0.8,34221746,2.4,0,0.0,0,0.0,30,1.9
"US000","1","923130","18","0","2021","1","",1539,69425,69153,69066,1452070738,0,0,1614,"",1.00,1.00,1.00,1.00,1.00,0.00,0.00,1.00,"",20,1.3,252,0.4,325,0.5,538,0.8,34221746,2.4,0,0.0,0,0.0,30,1.9
"US000","1","92314","17","0","2021","1","",361,69972,70424,70399,1468714144,0,0,1608,"",1.00,1.00,1.00,1.00,1.00,0.00,0.00,1.00,"",-5,-1.4,7102,11.3,6859,10.8,5735,8.9,161355406,12.3,0,0.0,0,0.0,29,1.8
"US000","1","923140","18","0","2021","1","",361,69972,70424,70399,1468714144,0,0,1608,"",1.00,1.00,1.00,1.00,1.00,0.00,0.00,1.00,"",-5,-1.4,7102,11.3,6859,10.8,5735,8.9,161355406,12.3,0,0.0,0,0.0,29,1.8
"US000","1","924","15","0","2021","1","",5249,88368,87671,88546,1825018267,0,0,1592,"",1.00,1.00,1.00,1.00,1.00,0.00,0.00,1.00,"",-50,-0.9,1351,1.6,1456,1.7,2181,2.5,43668100,2.5,0,0.0,0,0.0,8,0.5
"US000","1","9241","16","0","2021","1","",5249,88368,87671,88546,1825018267,0,0,1592,"",1.00,1.00,1.00,1.00,1.00,0.00,0.00,1.00,"",-50,-0.9,1351,1.6,1456,1.7,2181,2.5,43668100,2.5,0,0.0,0,0.0,8,0.5
"US000","1","92411","17","0","2021","1","",275,16760,16701,16816,465108950,0,0,2135,"",1.00,1.00,1.00,1.00,1.00,0.00,0.00,1.00,"",2,0.7,495,3.0,378,2.3,487,3.0,8439693,1.8,0,0.0,0,0.0,-19,-0.9
"US000","1","924110","18","0","2021","1","",275,16760,16701,16816,465108950,0,0,2135,"",1.00,1.00,1.00,1.00,1.00,0.00,0.00,1.00,"",2,0.7,495,3.0,378,2.3,487,3.0,8439693,1.8,0,0.0,0,0.0,-19,-0.9
"US000","1","92412","17","0","2021","1","",4974,71608,70970,71730,1359909317,0,0,1464,"",1.00,1.00,1.00,1.00,1.00,0.00,0.00,1.00,"",-52,-1.0,856,1.2,1078,1.5,1694,2.4,35228407,2.7,0,0.0,0,0.0,13,0.9
"US000","1","924120","18","0","2021","1","",4974,71608,70970,71730,1359909317,0,0,1464,"",1.00,1.00,1.00,1.00,1.00,0.00,0.00,1.00,"",-52,-1.0,856,1.2,1078,1.5,1694,2.4,35228407,2.7,0,0.0,0,0.0,13,0.9
"US000","1","925","15","0","2021","1","",158,9167,9098,9225,262543195,0,0,2204,"",1.00,1.00,1.00,1.00,1.00,0.00,0.00,1.00,"",6,3.9,423,4.8,363,4.2,465,5.3,15424831,6.2,0,0.0,0,0.0,31,1.4
"US000","1","9251","16","0","2021","1","",158,9167,9098,9225,262543195,0,0,2204,"",1.00,1.00,1.00,1.00,1.00,0.00,0.00,1.00,"",6,3.9,423,4.8,363,4.2,465,5.3,15424831,6.2,0,0.0,0,0.0,31,1.4
"US000","1","92511","17","0","2021","1","",100,8088,8023,8149,238123087,0,0,2265,"",1.00,1.00,1.00,1.00,1.00,0.00,0.00,1.00,"",4,4.2,424,5.5,361,4.7,455,5.9,14732728,6.6,0,0.0,0,0.0,26,1.2
"US000","1","925110","18","0","2021","1","",100,8088,8023,8149,238123087,0,0,2265,"",1.00,1.00,1.00,1.00,1.00,0.00,0.00,1.00,"",4,4.2,424,5.5,361,4.7,455,5.9,14732728,6.6,0,0.0,0,0.0,26,1.2
"US000","1","92512","17","0","2021","1","",58,1079,1075,1076,24420108,0,0,1745,"",1.00,1.00,1.00,1.00,1.00,0.00,0.00,1.00,"",2,3.6,-1,-0.1,2,0.2,10,0.9,692103,2.9,0,0.0,0,0.0,44,2.6
"US000","1","925120","18","0","2021","1","",58,1079,1075,1076,24420108,0,0,1745,"",1.00,1.00,1.00,1.00,1.00,0.00,0.00,1.00,"",2,3.6,-1,-0.1,2,0.2,10,0.9,692103,2.9,0,0.0,0,0.0,44,2.6
"US000","1","926","15","0","2021","1","",10296,243115,240494,239568,5593035032,0,0,1785,"",1.00,1.00,1.00,1.00,1.00,0.00,0.00,1.00,"",18,0.2,-11165,-4.4,-19544,-7.5,-37919,-13.7,-68696325,-1.2,0,0.0,0,0.0,135,8.2
"US000","1","9261","16","0","2021","1","",10296,243115,240494,239568,5593035032,0,0,1785,"",1.00,1.00,1.00,1.00,1.00,0.00,0.00,1.00,"",18,0.2,-11165,-4.4,-19544,-7.5,-37919,-13.7,-68696325,-1.2,0,0.0,0,0.0,135,8.2
"US000","1","92611","17","0","2021","1","",4757,49964,49035,48653,1153709482,0,0,1803,"",1.00,1.00,1.00,1.00,1.00,0.00,0.00,1.00,"",82,1.8,-8572,-14.6,-17252,-26.0,-35666,-42.3,-66822332,-5.5,0,0.0,0,0.0,456,33.9
"US000","1","926110","18","0","2021","1","",4757,49964,49035,48653,1153709482,0,0,1803,"",1.00,1.00,1.00,1.00,1.00,0.00,0.00,1.00,"",82,1.8,-8572,-14.6,-17252,-26.0,-35666,-42.3,-66822332,-5.5,0,0.0,0,0.0,456,33.9
"US000","1","92612","17","0","2021","1","",1296,106589,106369,106346,2242931442,0,0,1621,"",1.00,1.00,1.00,1.00,1.00,0.00,0.00,1.00,"",-19,-1.4,-3710,-3.4,-3763,-3.4,-3563,-3.2,-42852934,-1.9,0,0.0,0,0.0,24,1.5
"US000","1","926120","18","0","2021","1","",1296,106589,106369,106346,2242931442,0,0,1621,"",1.00,1.00,1.00,1.00,1.00,0.00,0.00,1.00,"",-19,-1.4,-3710,-3.4,-3763,-3.4,-3563,-3.2,-42852934,-1.9,0,0.0,0,0.0,24,1.5
"US000","1","92613","17","0","2021","1","",197,9164,9052,9068,314943693,0,0,2664,"",1.00,1.00,1.00,1.00,1.00,0.00,0.00,1.00,"",-3,-1.5,82,0.9,17,0.2,25,0.3,-14594157,-4.4,0,0.0,0,0.0,-136,-4.9
"US000","1","926130","18","0","2021","1","",197,9164,9052,9068,314943693,0,0,2664,"",1.00,1.00,1.00,1.00,1.00,0.00,0.00,1.00,"",-3,-1.5,82,0.9,17,0.2,25,0.3,-14594157,-4.4,0,0.0,0,0.0,-136,-4.9
"US000","1","92614","17","0","2021","1","",3178,45334,44143,43819,881884925,0,0,1527,"",1.00,1.00,1.00,1.00,1.00,0.00,0.00,1.00,"",-39,-1.2,546,1.2,1109,2.6,1055,2.5,29963161,3.5,0,0.0,0,0.0,21,1.4
"US000","1","926140","18","0","2021","1","",3178,45334,44143,43819,881884925,0,0,1527,"",1.00,1.00,1.00,1.00,1.00,0.00,0.00,1.00,"",-39,-1.2,546,1.2,1109,2.6,1055,2.5,29963161,3.5,0,0.0,0,0.0,21,1.4
"US000","1","92615","17","0","2021","1","",868,32064,31895,31682,999565490,0,0,2412,"",1.00,1.00,1.00,1.00,1.00,0.00,0.00,1.00,"",-3,-0.3,489,1.5,345,1.1,230,0.7,25609937,2.6,0,0.0,0,0.0,36,1.5
"US000","1","926150","18","0","2021","1","",868,32064,31895,31682,999565490,0,0,2412,"",1.00,1.00,1.00,1.00,1.00,0.00,0.00,1.00,"",-3,-0.3,489,1.5,345,1.1,230,0.7,25609937,2.6,0,0.0,0,0.0,36,1.5
"US000","1","927","15","0","2021","1","",94,17632,17796,17891,535485678,0,0,2318,"",1.00,1.00,1.00,1.00,1.00,0.00,0.00,1.00,"",4,4.4,658,3.9,688,4.0,776,4.5,22245007,4.3,0,0.0,0,0.0,5,0.2
"US000","1","9271","16","0","2021","1","",94,17632,17796,17891,535485678,0,0,2318,"",1.00,1.00,1.00,1.00,1.00,0.00,0.00,1.00,"",4,4.4,658,3.9,688,4.0,776,4.5,22245007,4.3,0,0.0,0,0.0,5,0.2
"US000","1","92711","17","0","2021","1","",94,17632,17796,17891,535485678,0,0,2318,"",1.00,1.00,1.00,1.00,1.00,0.00,0.00,1.00,"",4,4.4,658,3.9,688,4.0,776,4.5,22245007,4.3,0,0.0,0,0.0,5,0.2
"US000","1","927110","18","0","2021","1","",94,17632,17796,17891,535485678,0,0,2318,"",1.00,1.00,1.00,1.00,1.00,0.00,0.00,1.00,"",4,4.4,658,3.9,688,4.0,776,4.5,22245007,4.3,0,0.0,0,0.0,5,0.2
"US000","1","928","15","0","2021","1","",2218,603145,602552,603432,12946228391,0,0,1651,"",1.00,1.00,1.00,1.00,1.00,0.00,0.00,1.00,"",-11,-0.5,11225,1.9,10527,1.8,9473,1.6,561655537,4.5,0,0.0,0,0.0,44,2.7
"US000","1","9281","16","0","2021","1","",2218,603145,602552,603432,12946228391,0,0,1651,"",1.00,1.00,1.00,1.00,1.00,0.00,0.00,1.00,"",-11,-0.5,11225,1.9,10527,1.8,9473,1.6,561655537,4.5,0,0.0,0,0.0,44,2.7
"US000","1","92811","17","0","2021","1","",1868,564980,564711,565735,11945095667,0,0,1626,"",1.00,1.00,1.00,1.00,1.00,0.00,0.00,1.00,"",-24,-1.3,8787,1.6,8458,1.5,7453,1.3,450645354,3.9,0,0.0,0,0.0,38,2.4
"US000","1","928110","18","0","2021","1","",1868,564980,564711,565735,11945095667,0,0,1626,"",1.00,1.00,1.00,1.00,1.00,0.00,0.00,1.00,"",-24,-1.3,8787,1.6,8458,1.5,7453,1.3,450645354,3.9,0,0.0,0,0.0,38,2.4
"US000","1","92812","17","0","2021","1","",350,38165,37841,37697,1001132724,0,0,2032,"",1.00,1.00,1.00,1.00,1.00,0.00,0.00,1.00,"",13,3.9,2438,6.8,2069,5.8,2020,5.7,111010183,12.5,0,0.0,0,0.0,115,6.0
"US000","1","928120","18","0","2021","1","",350,38165,37841,37697,1001132724,0,0,2032,"",1.00,1.00,1.00,1.00,1.00,0.00,0.00,1.00,"",13,3.9,2438,6.8,2069,5.8,2020,5.7,111010183,12.5,0,0.0,0,0.0,115,6.0
"US000","1","99","14","0","2021","1","",7,2,2,3,69652,0,0,2296,"",1.00,1.00,1.00,1.00,1.00,0.00,0.00,1.00,"",2,40.0,0,0.0,0,0.0,1,50.0,11006,18.8,0,0.0,0,0.0,40,1.8
"US000","1","999","15","0","2021","1","",7,2,2,3,69652,0,0,2296,"",1.00,1.00,1.00,1.00,1.00,0.00,0.00,1.00,"",2,40.0,0,0.0,0,0.0,1,50.0,11006,18.8,0,0.0,0,0.0,40,1.8
"US000","1","9999","16","0","2021","1","",7,2,2,3,69652,0,0,2296,"",1.00,1.00,1.00,1.00,1.00,0.00,0.00,1.00,"",2,40.0,0,0.0,0,0.0,1,50.0,11006,18.8,0,0.0,0,0.0,40,1.8
"US000","1","99999","17","0","2021","1","",7,2,2,3,69652,0,0,2296,"",1.00,1.00,1.00,1.00,1.00,0.00,0.00,1.00,"",2,40.0,0,0.0,0,0.0,1,50.0,11006,18.8,0,0.0,0,0.0,40,1.8
"US000","1","999999","18","0","2021","1","",7,2,2,3,69652,0,0,2296,"",1.00,1.00,1.00,1.00,1.00,0.00,0.00,1.00,"",2,40.0,0,0.0,0,0.0,1,50.0,11006,18.8,0,0.0,0,0.0,40,1.8
"US000","2","10","11","0","2021","1","",70056,4500713,4566957,4577090,74620188065,2601125266,10254889,1262,"",1.00,1.00,1.00,1.00,1.00,1.00,1.00,1.00,"",85,0.1,-133593,-2.9,-141037,-3.0,-137122,-2.9,41760593,0.1,-100703685,-3.7,3833047,59.7,38,3.1
"US000","2","101","12","0","2021","1","",1884,75314,75314,75091,1083477584,63150582,215268,1108,"",1.00,1.00,1.00,1.00,1.00,1.00,1.00,1.00,"",-1,-0.1,-918,-1.2,-695,-0.9,-727,-1.0,11031596,1.0,1999840,3.3,64518,42.8,23,2.1
"US000","2","1011","13","0","2021","1","",139,1982,1986,1994,20651046,82230,1121,799,"",1.00,1.00,1.00,1.00,1.00,1.00,1.00,1.00,"",-1,-0.7,-98,-4.7,-85,-4.1,-91,-4.4,-1306721,-6.0,-4211,-4.9,-46,-3.9,-14,-1.7
"US000","2","1012","13","0","2021","1","",1721,72708,72706,72474,1053760783,63068352,214147,1116,"",1.00,1.00,1.00,1.00,1.00,1.00,1.00,1.00,"",0,0.0,-798,-1.1,-588,-0.8,-621,-0.8,12567863,1.2,2004051,3.3,64564,43.2,23,2.1
"US000","2","1013","13","0","2021","1","",24,624,622,623,9065755,0,0,1119,"",1.00,1.00,1.00,1.00,1.00,0.00,0.00,1.00,"",0,0.0,-22,-3.4,-22,-3.4,-15,-2.4,-229546,-2.5,0,0.0,0,0.0,6,0.5
"US000","2","102","12","0","2021","1","",68172,4425399,4491643,4501999,73536710481,2537974684,10039621,1265,"",1.00,1.00,1.00,1.00,1.00,1.00,1.00,1.00,"",86,0.1,-132675,-2.9,-140342,-3.0,-136395,-2.9,30728997,0.0,-102703525,-3.9,3768529,60.1,38,3.1
"US000","2","1021","13","0","2021","1","",975,53302,52687,52539,882693743,28059923,242037,1285,"",1.00,1.00,1.00,1.00,1.00,1.00,1.00,1.00,"",-4,-0.4,-5612,-9.5,-5883,-10.0,-5903,-10.1,-111328290,-11.2,428329,1.6,29178,13.7,-19,-1.5
"US000","2","1022","13","0","2021","1","",324,5998,5964,5974,75948760,1901742,10055,977,"",1.00,1.00,1.00,1.00,1.00,1.00,1.00,1.00,"",4,1.2,-273,-4.4,-315,-5.0,-305,-4.9,-3555433,-4.5,-451745,-19.2,-1814,-15.3,3,0.3
"US000","2","1023","13","0","2021","1","",118,12427,12442,12427,240337529,13361777,119746,1487,"",1.00,1.00,1.00,1.00,1.00,1.00,1.00,1.00,"",3,2.6,-284,-2.2,-278,-2.2,-277,-2.2,5095896,2.2,1880291,16.4,19055,18.9,63,4.4
"US000","2","1024","13","0","2021","1","",1107,34597,34657,34751,618986962,36954729,248052,1373,"",1.00,1.00,1.00,1.00,1.00,1.00,1.00,1.00,"",86,8.4,2921,9.2,2963,9.3,3097,9.8,83598926,15.6,23078706,166.3,118788,91.9,73,5.6
"US000","2","1025","13","0","2021","1","",14679,2517697,2584010,2591436,42695371901,1185997265,3193694,1281,"",1.00,1.00,1.00,1.00,1.00,1.00,1.00,1.00,"",-20,-0.1,-116615,-4.4,-123980,-4.6,-119895,-4.4,-573393719,-1.3,-110968880,-8.6,1283665,67.2,41,3.3
"US000","2","1026","13","0","2021","1","",927,14977,14981,15235,156814275,12377936,383623,801,"",1.00,1.00,1.00,1.00,1.00,1.00,1.00,1.00,"",-4,-0.4,-2431,-14.0,-2282,-13.2,-2190,-12.6,-12540577,-7.4,-739888,-5.6,67173,21.2,51,6.8
"US000","2","1027","13","0","2021","1","",172,3087,3080,3094,43349980,4325560,35946,1080,"",1.00,1.00,1.00,1.00,1.00,1.00,1.00,1.00,"",0,0.0,-247,-7.4,-266,-7.9,-211,-6.4,3916555,9.9,-35459,-0.8,6815,23.4,169,18.6
"US000","2","1028","13","0","2021","1","",49839,1783288,1783792,1786515,28822967051,1254949914,5805942,1242,"",1.00,1.00,1.00,1.00,1.00,1.00,1.00,1.00,"",12,0.0,-10148,-0.6,-10316,-0.6,-10721,-0.6,638814170,2.3,-15909425,-1.3,2245432,63.1,34,2.8
"US000","2","1029","13","0","2021","1","",31,26,30,28,240280,45838,526,660,"",1.00,1.00,1.00,1.00,1.00,1.00,1.00,1.00,"",9,40.9,14,116.7,15,100.0,10,55.6,121469,102.2,14546,46.5,237,82.0,51,8.4
"US000","2","11","14","0","2021","1","",139,1982,1986,1994,20651046,82230,1121,799,"",1.00,1.00,1.00,1.00,1.00,1.00,1.00,1.00,"",-1,-0.7,-98,-4.7,-85,-4.1,-91,-4.4,-1306721,-6.0,-4211,-4.9,-46,-3.9,-14,-1.7
"US000","2","111","15","0","2021","1","N",2,0,0,0,0,0,0,0,"N",1.00,0,0,0,0,0,0,0,"N",0,0.0,0,0,0,0,0,0,0,0,0,0,0,0,0,0
"US000","2","1111","16","0","2021","1","N",1,0,0,0,0,0,0,0,"N",1.00,0,0,0,0,0,0,0,"N",0,0.0,0,0,0,0,0,0,0,0,0,0,0,0,0,0
"US000","2","11119","17","0","2021","1","N",1,0,0,0,0,0,0,0,"N",1.00,0,0,0,0,0,0,0,"N",0,0.0,0,0,0,0,0,0,0,0,0,0,0,0,0,0
"US000","2","111191","18","0","2021","1","N",1,0,0,0,0,0,0,0,"N",1.00,0,0,0,0,0,0,0,"N",0,0.0,0,0,0,0,0,0,0,0,0,0,0,0,0,0
"US000","2","1114","16","0","2021","1","N",1,0,0,0,0,0,0,0,"N",1.00,0,0,0,0,0,0,0,"N",0,0.0,0,0,0,0,0,0,0,0,0,0,0,0,0,0
"US000","2","11142","17","0","2021","1","N",1,0,0,0,0,0,0,0,"N",1.00,0,0,0,0,0,0,0,"N",0,0.0,0,0,0,0,0,0,0,0,0,0,0,0,0,0
"US000","2","111421","18","0","2021","1","N",1,0,0,0,0,0,0,0,"N",1.00,0,0,0,0,0,0,0,"N",0,0.0,0,0,0,0,0,0,0,0,0,0,0,0,0,0
"US000","2","112","15","0","2021","1","",55,408,407,408,5738139,0,0,1083,"",1.00,1.00,1.00,1.00,1.00,0.00,0.00,1.00,"",0,0.0,4,1.0,-2,-0.5,-8,-1.9,700081,13.9,0,0.0,0,0.0,137,14.5
"US000","2","1125","16","0","2021","1","",55,408,407,408,5738139,0,0,1083,"",1.00,1.00,1.00,1.00,1.00,0.00,0.00,1.00,"",0,0.0,4,1.0,-2,-0.5,-8,-1.9,700081,13.9,0,0.0,0,0.0,137,14.5
"US000","2","11251","17","0","2021","1","",55,408,407,408,5738139,0,0,1083,"",1.00,1.00,1.00,1.00,1.00,0.00,0.00,1.00,"",0,0.0,4,1.0,-2,-0.5,-8,-1.9,700081,13.9,0,0.0,0,0.0,137,14.5
"US000","2","112511","18","0","2021","1","",55,408,407,408,5738139,0,0,1083,"",1.00,1.00,1.00,1.00,1.00,0.00,0.00,1.00,"",0,0.0,4,1.0,-2,-0.5,-8,-1.9,700081,13.9,0,0.0,0,0.0,137,14.5
"US000","2","113","15","0","2021","1","",11,274,275,282,4543463,0,0,1262,"",1.00,1.00,1.00,1.00,1.00,0.00,0.00,1.00,"",-1,-8.3,10,3.8,12,4.6,14,5.2,38009,0.8,0,0.0,0,0.0,-46,-3.5
"US000","2","1131","16","0","2021","1","",5,151,152,158,2545104,0,0,1274,"",1.00,1.00,1.00,1.00,1.00,0.00,0.00,1.00,"",0,0.0,10,7.1,11,7.8,16,11.3,303240,13.5,0,0.0,0,0.0,54,4.4
"US000","2","11311","17","0","2021","1","",5,151,152,158,2545104,0,0,1274,"",1.00,1.00,1.00,1.00,1.00,0.00,0.00,1.00,"",0,0.0,10,7.1,11,7.8,16,11.3,303240,13.5,0,0.0,0,0.0,54,4.4
"US000","2","113110","18","0","2021","1","",5,151,152,158,2545104,0,0,1274,"",1.00,1.00,1.00,1.00,1.00,0.00,0.00,1.00,"",0,0.0,10,7.1,11,7.8,16,11.3,303240,13.5,0,0.0,0,0.0,54,4.4
"US000","2","1132","16","0","2021","1","",6,123,123,124,1998359,0,0,1246,"",1.00,1.00,1.00,1.00,1.00,0.00,0.00,1.00,"",-1,-14.3,0,0.0,1,0.8,-2,-1.6,-265231,-11.7,0,0.0,0,0.0,-162,-11.5
"US000","2","11321","17","0","2021","1","",6,123,123,124,1998359,0,0,1246,"",1.00,1.00,1.00,1.00,1.00,0.00,0.00,1.00,"",-1,-14.3,0,0.0,1,0.8,-2,-1.6,-265231,-11.7,0,0.0,0,0.0,-162,-11.5
"US000","2","113210","18","0","2021","1","",6,123,123,124,1998359,0,0,1246,"",1.00,1.00,1.00,1.00,1.00,0.00,0.00,1.00,"",-1,-14.3,0,0.0,1,0.8,-2,-1.6,-265231,-11.7,0,0.0,0,0.0,-162,-11.5
"US000","2","114","15","0","2021","1","N",2,0,0,0,0,0,0,0,"N",1.00,0,0,0,0,0,0,0,"N",0,0.0,0,0,0,0,0,0,0,0,0,0,0,0,0,0
"US000","2","1141","16","0","2021","1","N",2,0,0,0,0,0,0,0,"N",1.00,0,0,0,0,0,0,0,"N",0,0.0,0,0,0,0,0,0,0,0,0,0,0,0,0,0
"US000","2","11411","17","0","2021","1","N",2,0,0,0,0,0,0,0,"N",1.00,0,0,0,0,0,0,0,"N",0,0.0,0,0,0,0,0,0,0,0,0,0,0,0,0,0
"US000","2","114111","18","0","2021","1","N",1,0,0,0,0,0,0,0,"N",1.00,0,0,0,0,0,0,0,"N",0,0.0,0,0,0,0,0,0,0,0,0,0,0,0,0,0
"US000","2","114119","18","0","2021","1","N",1,0,0,0,0,0,0,0,"N",1.00,0,0,0,0,0,0,0,"N",0,0.0,0,0,0,0,0,0,0,0,0,0,0,0,0,0
"US000","2","115","15","0","2021","1","",69,1279,1284,1284,10092293,52956,529,605,"",1.00,1.00,1.00,1.00,1.00,1.00,1.00,1.00,"",0,0.0,-111,-8.0,-93,-6.8,-93,-6.8,-2028160,-16.7,-63,-0.1,-1,-0.2,-70,-10.4
"US000","2","1151","16","0","2021","1","N",2,0,0,0,0,0,0,0,"N",1.00,0,0,0,0,0,0,0,"N",0,0.0,0,0,0,0,0,0,0,0,0,0,0,0,0,0
"US000","2","11511","17","0","2021","1","N",2,0,0,0,0,0,0,0,"N",1.00,0,0,0,0,0,0,0,"N",0,0.0,0,0,0,0,0,0,0,0,0,0,0,0,0,0
"US000","2","115112","18","0","2021","1","N",2,0,0,0,0,0,0,0,"N",1.00,0,0,0,0,0,0,0,"N",0,0.0,0,0,0,0,0,0,0,0,0,0,0,0,0,0
"US000","2","1153","16","0","2021","1","N",67,0,0,0,0,0,0,0,"N",1.00,0,0,0,0,0,0,0,"N",0,0.0,0,0,0,0,0,0,0,0,0,0,0,0,0,0
"US000","2","11531","17","0","2021","1","N",67,0,0,0,0,0,0,0,"N",1.00,0,0,0,0,0,0,0,"N",0,0.0,0,0,0,0,0,0,0,0,0,0,0,0,0,0
"US000","2","115310","18","0","2021","1","N",67,0,0,0,0,0,0,0,"N",1.00,0,0,0,0,0,0,0,"N",0,0.0,0,0,0,0,0,0,0,0,0,0,0,0,0,0
"US000","2","22","14","0","2021","1","",60,3721,3720,3726,90293009,9140350,84861,1866,"",1.00,1.00,1.00,1.00,1.00,1.00,1.00,1.00,"",-1,-1.6,-51,-1.4,-68,-1.8,-37,-1.0,-3247589,-3.5,949286,11.6,11387,15.5,-40,-2.1
"US000","2","221","15","0","2021","1","",60,3721,3720,3726,90293009,9140350,84861,1866,"",1.00,1.00,1.00,1.00,1.00,1.00,1.00,1.00,"",-1,-1.6,-51,-1.4,-68,-1.8,-37,-1.0,-3247589,-3.5,949286,11.6,11387,15.5,-40,-2.1
"US000","2","2211","16","0","2021","1","",35,2725,2725,2732,70213434,7520660,75206,1980,"",1.00,1.00,1.00,1.00,1.00,1.00,1.00,1.00,"",-1,-2.8,-25,-0.9,-34,-1.2,-5,-0.2,-2957558,-4.0,788929,11.7,7889,11.7,-68,-3.3
"US000","2","22111","17","0","2021","1","",27,1651,1650,1649,42506821,4470629,44706,1982,"",1.00,1.00,1.00,1.00,1.00,1.00,1.00,1.00,"",-1,-3.6,-26,-1.6,-31,-1.8,-16,-1.0,-1848712,-4.2,411757,10.1,4119,10.1,-56,-2.7
"US000","2","221111","18","0","2021","1","",7,785,791,785,21058463,657406,6574,2058,"",1.00,1.00,1.00,1.00,1.00,1.00,1.00,1.00,"",0,0.0,4,0.5,8,1.0,12,1.6,-171627,-0.8,19700,3.1,198,3.1,-38,-1.8
"US000","2","221112","18","0","2021","1","",20,866,859,864,21448358,3813223,38132,1912,"",1.00,1.00,1.00,1.00,1.00,1.00,1.00,1.00,"",-1,-4.8,-30,-3.3,-39,-4.3,-28,-3.1,-1677085,-7.3,392057,11.5,3921,11.5,-75,-3.8
"US000","2","22112","17","0","2021","1","",8,1074,1075,1083,27706613,3050031,30500,1978,"",1.00,1.00,1.00,1.00,1.00,1.00,1.00,1.00,"",0,0.0,1,0.1,-3,-0.3,11,1.0,-1108846,-3.8,377172,14.1,3770,14.1,-85,-4.1
"US000","2","221121","18","0","2021","1","N",2,0,0,0,0,0,0,0,"N",1.00,0,0,0,0,0,0,0,"N",0,0.0,0,0,0,0,0,0,0,0,0,0,0,0,0,0
"US000","2","221122","18","0","2021","1","N",6,0,0,0,0,0,0,0,"N",1.00,0,0,0,0,0,0,0,"N",0,0.0,0,0,0,0,0,0,0,0,0,0,0,0,0,0
"US000","2","2212","16","0","2021","1","N",1,0,0,0,0,0,0,0,"N",1.00,0,0,0,0,0,0,0,"N",0,0.0,0,0,0,0,0,0,0,0,0,0,0,0,0,0
"US000","2","22121","17","0","2021","1","N",1,0,0,0,0,0,0,0,"N",1.00,0,0,0,0,0,0,0,"N",0,0.0,0,0,0,0,0,0,0,0,0,0,0,0,0,0
"US000","2","221210","18","0","2021","1","N",1,0,0,0,0,0,0,0,"N",1.00,0,0,0,0,0,0,0,"N",0,0.0,0,0,0,0,0,0,0,0,0,0,0,0,0,0
"US000","2","2213","16","0","2021","1","N",24,0,0,0,0,0,0,0,"N",1.00,0,0,0,0,0,0,0,"N",0,0.0,0,0,0,0,0,0,0,0,0,0,0,0,0,0
"US000","2","22131","17","0","2021","1","",23,419,418,423,6942974,1619690,9655,1272,"",1.00,1.00,1.00,1.00,1.00,1.00,1.00,1.00,"",0,0.0,-12,-2.8,-15,-3.5,-9,-2.1,-707919,-9.3,160357,11.0,3498,56.8,-90,-6.6
"US000","2","221310","18","0","2021","1","",23,419,418,423,6942974,1619690,9655,1272,"",1.00,1.00,1.00,1.00,1.00,1.00,1.00,1.00,"",0,0.0,-12,-2.8,-15,-3.5,-9,-2.1,-707919,-9.3,160357,11.0,3498,56.8,-90,-6.6
"US000","2","22132","17","0","2021","1","N",1,0,0,0,0,0,0,0,"N",1.00,0,0,0,0,0,0,0,"N",0,0.0,0,0,0,0,0,0,0,0,0,0,0,0,0,0
"US000","2","221320","18","0","2021","1","N",1,0,0,0,0,0,0,0,"N",1.00,0,0,0,0,0,0,0,"N",0,0.0,0,0,0,0,0,0,0,0,0,0,0,0,0,0
"US000","2","23","14","0","2021","1","",1721,72708,72706,72474,1053760783,63068352,214147,1116,"",1.00,1.00,1.00,1.00,1.00,1.00,1.00,1.00,"",0,0.0,-798,-1.1,-588,-0.8,-621,-0.8,12567863,1.2,2004051,3.3,64564,43.2,23,2.1
"US000","2","236","15","0","2021","1","N",1,0,0,0,0,0,0,0,"N",1.00,0,0,0,0,0,0,0,"N",0,0.0,0,0,0,0,0,0,0,0,0,0,0,0,0,0
"US000","2","2362","16","0","2021","1","N",1,0,0,0,0,0,0,0,"N",1.00,0,0,0,0,0,0,0,"N",0,0.0,0,0,0,0,0,0,0,0,0,0,0,0,0,0
"US000","2","23622","17","0","2021","1","N",1,0,0,0,0,0,0,0,"N",1.00,0,0,0,0,0,0,0,"N",0,0.0,0,0,0,0,0,0,0,0,0,0,0,0,0,0
"US000","2","236220","18","0","2021","1","N",1,0,0,0,0,0,0,0,"N",1.00,0,0,0,0,0,0,0,"N",0,0.0,0,0,0,0,0,0,0,0,0,0,0,0,0,0
"US000","2","237","15","0","2021","1","",1719,72448,72446,72216,1048431176,63068352,214147,1114,"",1.00,1.00,1.00,1.00,1.00,1.00,1.00,1.00,"",0,0.0,-792,-1.1,-582,-0.8,-614,-0.8,12067313,1.2,2004051,3.3,64564,43.2,22,2.0
"US000","2","2373","16","0","2021","1","N",1717,0,0,0,0,0,0,0,"N",1.00,0,0,0,0,0,0,0,"N",0,0.0,0,0,0,0,0,0,0,0,0,0,0,0,0,0
"US000","2","23731","17","0","2021","1","N",1717,0,0,0,0,0,0,0,"N",1.00,0,0,0,0,0,0,0,"N",0,0.0,0,0,0,0,0,0,0,0,0,0,0,0,0,0
"US000","2","237310","18","0","2021","1","N",1717,0,0,0,0,0,0,0,"N",1.00,0,0,0,0,0,0,0,"N",0,0.0,0,0,0,0,0,0,0,0,0,0,0,0,0,0
"US000","2","2379","16","0","2021","1","N",2,0,0,0,0,0,0,0,"N",1.00,0,0,0,0,0,0,0,"N",0,0.0,0,0,0,0,0,0,0,0,0,0,0,0,0,0
"US000","2","23799","17","0","2021","1","N",2,0,0,0,0,0,0,0,"N",1.00,0,0,0,0,0,0,0,"N",0,0.0,0,0,0,0,0,0,0,0,0,0,0,0,0,0
"US000","2","237990","18","0","2021","1","N",2,0,0,0,0,0,0,0,"N",1.00,0,0,0,0,0,0,0,"N",0,0.0,0,0,0,0,0,0,0,0,0,0,0,0,0,0
"US000","2","238","15","0","2021","1","N",1,0,0,0,0,0,0,0,"N",1.00,0,0,0,0,0,0,0,"N",0,0.0,0,0,0,0,0,0,0,0,0,0,0,0,0,0
"US000","2","2382","16","0","2021","1","N",1,0,0,0,0,0,0,0,"N",1.00,0,0,0,0,0,0,0,"N",0,0.0,0,0,0,0,0,0,0,0,0,0,0,0,0,0
"US000","2","23821","17","0","2021","1","N",1,0,0,0,0,0,0,0,"N",1.00,0,0,0,0,0,0,0,"N",0,0.0,0,0,0,0,0,0,0,0,0,0,0,0,0,0
"US000","2","238212","18","0","2021","1","N",1,0,0,0,0,0,0,0,"N",1.00,0,0,0,0,0,0,0,"N",0,0.0,0,0,0,0,0,0,0,0,0,0,0,0,0,0
"US000","2","31-33","14","0","2021","1","",24,624,622,623,9065755,0,0,1119,"",1.00,1.00,1.00,1.00,1.00,0.00,0.00,1.00,"",0,0.0,-22,-3.4,-22,-3.4,-15,-2.4,-229546,-2.5,0,0.0,0,0.0,6,0.5
"US000","2","311","15","0","2021","1","N",1,0,0,0,0,0,0,0,"N",1.00,0,0,0,0,0,0,0,"N",0,0.0,0,0,0,0,0,0,0,0,0,0,0,0,0,0
"US000","2","3112","16","0","2021","1","N",1,0,0,0,0,0,0,0,"N",1.00,0,0,0,0,0,0,0,"N",0,0.0,0,0,0,0,0,0,0,0,0,0,0,0,0,0
"US000","2","31121","17","0","2021","1","N",1,0,0,0,0,0,0,0,"N",1.00,0,0,0,0,0,0,0,"N",0,0.0,0,0,0,0,0,0,0,0,0,0,0,0,0,0
"US000","2","311211","18","0","2021","1","N",1,0,0,0,0,0,0,0,"N",1.00,0,0,0,0,0,0,0,"N",0,0.0,0,0,0,0,0,0,0,0,0,0,0,0,0,0
"US000","2","315","15","0","2021","1","N",1,0,0,0,0,0,0,0,"N",1.00,0,0,0,0,0,0,0,"N",0,0.0,0,0,0,0,0,0,0,0,0,0,0,0,0,0
"US000","2","3152","16","0","2021","1","N",1,0,0,0,0,0,0,0,"N",1.00,0,0,0,0,0,0,0,"N",0,0.0,0,0,0,0,0,0,0,0,0,0,0,0,0,0
"US000","2","31522","17","0","2021","1","N",1,0,0,0,0,0,0,0,"N",1.00,0,0,0,0,0,0,0,"N",0,0.0,0,0,0,0,0,0,0,0,0,0,0,0,0,0
"US000","2","315220","18","0","2021","1","N",1,0,0,0,0,0,0,0,"N",1.00,0,0,0,0,0,0,0,"N",0,0.0,0,0,0,0,0,0,0,0,0,0,0,0,0,0
"US000","2","323","15","0","2021","1","N",2,0,0,0,0,0,0,0,"N",1.00,0,0,0,0,0,0,0,"N",0,0.0,0,0,0,0,0,0,0,0,0,0,0,0,0,0
"US000","2","3231","16","0","2021","1","N",2,0,0,0,0,0,0,0,"N",1.00,0,0,0,0,0,0,0,"N",0,0.0,0,0,0,0,0,0,0,0,0,0,0,0,0,0
"US000","2","32311","17","0","2021","1","N",2,0,0,0,0,0,0,0,"N",1.00,0,0,0,0,0,0,0,"N",0,0.0,0,0,0,0,0,0,0,0,0,0,0,0,0,0
"US000","2","323111","18","0","2021","1","N",2,0,0,0,0,0,0,0,"N",1.00,0,0,0,0,0,0,0,"N",0,0.0,0,0,0,0,0,0,0,0,0,0,0,0,0,0
"US000","2","332","15","0","2021","1","N",1,0,0,0,0,0,0,0,"N",1.00,0,0,0,0,0,0,0,"N",0,0.0,0,0,0,0,0,0,0,0,0,0,0,0,0,0
"US000","2","3325","16","0","2021","1","N",1,0,0,0,0,0,0,0,"N",1.00,0,0,0,0,0,0,0,"N",0,0.0,0,0,0,0,0,0,0,0,0,0,0,0,0,0
"US000","2","33251","17","0","2021","1","N",1,0,0,0,0,0,0,0,"N",1.00,0,0,0,0,0,0,0,"N",0,0.0,0,0,0,0,0,0,0,0,0,0,0,0,0,0
"US000","2","332510","18","0","2021","1","N",1,0,0,0,0,0,0,0,"N",1.00,0,0,0,0,0,0,0,"N",0,0.0,0,0,0,0,0,0,0,0,0,0,0,0,0,0
"US000","2","334","15","0","2021","1","N",1,0,0,0,0,0,0,0,"N",1.00,0,0,0,0,0,0,0,"N",0,0.0,0,0,0,0,0,0,0,0,0,0,0,0,0,0
"US000","2","3342","16","0","2021","1","N",1,0,0,0,0,0,0,0,"N",1.00,0,0,0,0,0,0,0,"N",0,0.0,0,0,0,0,0,0,0,0,0,0,0,0,0,0
"US000","2","33429","17","0","2021","1","N",1,0,0,0,0,0,0,0,"N",1.00,0,0,0,0,0,0,0,"N",0,0.0,0,0,0,0,0,0,0,0,0,0,0,0,0,0
"US000","2","334290","18","0","2021","1","N",1,0,0,0,0,0,0,0,"N",1.00,0,0,0,0,0,0,0,"N",0,0.0,0,0,0,0,0,0,0,0,0,0,0,0,0,0
"US000","2","337","15","0","2021","1","",18,353,352,353,5509632,0,0,1202,"",1.00,1.00,1.00,1.00,1.00,0.00,0.00,1.00,"",0,0.0,-4,-1.1,-2,-0.6,0,0.0,97237,1.8,0,0.0,0,0.0,28,2.4
"US000","2","3371","16","0","2021","1","N",16,0,0,0,0,0,0,0,"N",1.00,0,0,0,0,0,0,0,"N",0,0.0,0,0,0,0,0,0,0,0,0,0,0,0,0,0
"US000","2","33712","17","0","2021","1","N",16,0,0,0,0,0,0,0,"N",1.00,0,0,0,0,0,0,0,"N",0,0.0,0,0,0,0,0,0,0,0,0,0,0,0,0,0
"US000","2","337127","18","0","2021","1","N",16,0,0,0,0,0,0,0,"N",1.00,0,0,0,0,0,0,0,"N",0,0.0,0,0,0,0,0,0,0,0,0,0,0,0,0,0
"US000","2","3372","16","0","2021","1","N",2,0,0,0,0,0,0,0,"N",1.00,0,0,0,0,0,0,0,"N",0,0.0,0,0,0,0,0,0,0,0,0,0,0,0,0,0
"US000","2","33721","17","0","2021","1","N",2,0,0,0,0,0,0,0,"N",1.00,0,0,0,0,0,0,0,"N",0,0.0,0,0,0,0,0,0,0,0,0,0,0,0,0,0
"US000","2","337211","18","0","2021","1","N",2,0,0,0,0,0,0,0,"N",1.00,0,0,0,0,0,0,0,"N",0,0.0,0,0,0,0,0,0,0,0,0,0,0,0,0,0
"US000","2","44-45","14","0","2021","1","",441,8261,7771,7783,69177754,38247,130,670,"",1.00,1.00,1.00,1.00,1.00,1.00,1.00,1.00,"",4,0.9,82,1.0,0,0.0,-18,-0.2,9889409,16.7,-10385,-21.4,-125,-49.0,94,16.3
"US000","2","445","15","0","2021","1","",435,8181,7689,7705,67967290,38247,130,665,"",1.00,1.00,1.00,1.00,1.00,1.00,1.00,1.00,"",5,1.2,105,1.3,21,0.3,0,0.0,10050674,17.4,8771,29.8,30,30.0,95,16.7
"US000","2","4453","16","0","2021","1","",435,8181,7689,7705,67967290,38247,130,665,"",1.00,1.00,1.00,1.00,1.00,1.00,1.00,1.00,"",5,1.2,105,1.3,21,0.3,0,0.0,10050674,17.4,8771,29.8,30,30.0,95,16.7
"US000","2","44531","17","0","2021","1","",435,8181,7689,7705,67967290,38247,130,665,"",1.00,1.00,1.00,1.00,1.00,1.00,1.00,1.00,"",5,1.2,105,1.3,21,0.3,0,0.0,10050674,17.4,8771,29.8,30,30.0,95,16.7
"US000","2","445310","18","0","2021","1","",435,8181,7689,7705,67967290,38247,130,665,"",1.00,1.00,1.00,1.00,1.00,1.00,1.00,1.00,"",5,1.2,105,1.3,21,0.3,0,0.0,10050674,17.4,8771,29.8,30,30.0,95,16.7
"US000","2","446","15","0","2021","1","N",2,0,0,0,0,0,0,0,"N",1.00,0,0,0,0,0,0,0,"N",0,0.0,0,0,0,0,0,0,0,0,0,0,0,0,0,0
"US000","2","4461","16","0","2021","1","N",2,0,0,0,0,0,0,0,"N",1.00,0,0,0,0,0,0,0,"N",0,0.0,0,0,0,0,0,0,0,0,0,0,0,0,0,0
"US000","2","44611","17","0","2021","1","N",2,0,0,0,0,0,0,0,"N",1.00,0,0,0,0,0,0,0,"N",0,0.0,0,0,0,0,0,0,0,0,0,0,0,0,0,0
"US000","2","446110","18","0","2021","1","N",2,0,0,0,0,0,0,0,"N",1.00,0,0,0,0,0,0,0,"N",0,0.0,0,0,0,0,0,0,0,0,0,0,0,0,0,0
"US000","2","447","15","0","2021","1","N",1,0,0,0,0,0,0,0,"N",1.00,0,0,0,0,0,0,0,"N",0,0.0,0,0,0,0,0,0,0,0,0,0,0,0,0,0
"US000","2","4471","16","0","2021","1","N",1,0,0,0,0,0,0,0,"N",1.00,0,0,0,0,0,0,0,"N",0,0.0,0,0,0,0,0,0,0,0,0,0,0,0,0,0
"US000","2","44719","17","0","2021","1","N",1,0,0,0,0,0,0,0,"N",1.00,0,0,0,0,0,0,0,"N",0,0.0,0,0,0,0,0,0,0,0,0,0,0,0,0,0
"US000","2","447190","18","0","2021","1","N",1,0,0,0,0,0,0,0,"N",1.00,0,0,0,0,0,0,0,"N",0,0.0,0,0,0,0,0,0,0,0,0,0,0,0,0,0
"US000","2","451","15","0","2021","1","N",2,0,0,0,0,0,0,0,"N",1.00,0,0,0,0,0,0,0,"N",0,0.0,0,0,0,0,0,0,0,0,0,0,0,0,0,0
"US000","2","4512","16","0","2021","1","N",2,0,0,0,0,0,0,0,"N",1.00,0,0,0,0,0,0,0,"N",0,0.0,0,0,0,0,0,0,0,0,0,0,0,0,0,0
"US000","2","45121","17","0","2021","1","N",2,0,0,0,0,0,0,0,"N",1.00,0,0,0,0,0,0,0,"N",0,0.0,0,0,0,0,0,0,0,0,0,0,0,0,0,0
"US000","2","451211","18","0","2021","1","N",2,0,0,0,0,0,0,0,"N",1.00,0,0,0,0,0,0,0,"N",0,0.0,0,0,0,0,0,0,0,0,0,0,0,0,0,0
"US000","2","453","15","0","2021","1","N",1,0,0,0,0,0,0,0,"N",1.00,0,0,0,0,0,0,0,"N",-1,-50.0,0,0,0,0,0,0,0,0,0,0,0,0,0,0
"US000","2","4532","16","0","2021","1","N",1,0,0,0,0,0,0,0,"N",1.00,0,0,0,0,0,0,0,"N",0,0.0,0,0,0,0,0,0,0,0,0,0,0,0,0,0
"US000","2","45322","17","0","2021","1","N",1,0,0,0,0,0,0,0,"N",1.00,0,0,0,0,0,0,0,"N",0,0.0,0,0,0,0,0,0,0,0,0,0,0,0,0,0
"US000","2","453220","18","0","2021","1","N",1,0,0,0,0,0,0,0,"N",1.00,0,0,0,0,0,0,0,"N",0,0.0,0,0,0,0,0,0,0,0,0,0,0,0,0,0
"US000","2","48-49","14","0","2021","1","",474,41320,41196,41030,723222980,18881326,157046,1351,"",1.00,1.00,1.00,1.00,1.00,1.00,1.00,1.00,"",-7,-1.5,-5643,-12.0,-5815,-12.4,-5848,-12.5,-117970110,-14.0,-510572,-2.6,17916,12.9,-27,-2.0
"US000","2","481","15","0","2021","1","N",1,0,0,0,0,0,0,0,"N",1.00,0,0,0,0,0,0,0,"N",0,0.0,0,0,0,0,0,0,0,0,0,0,0,0,0,0
"US000","2","4812","16","0","2021","1","N",1,0,0,0,0,0,0,0,"N",1.00,0,0,0,0,0,0,0,"N",0,0.0,0,0,0,0,0,0,0,0,0,0,0,0,0,0
"US000","2","48121","17","0","2021","1","N",1,0,0,0,0,0,0,0,"N",1.00,0,0,0,0,0,0,0,"N",0,0.0,0,0,0,0,0,0,0,0,0,0,0,0,0,0
"US000","2","481212","18","0","2021","1","N",1,0,0,0,0,0,0,0,"N",1.00,0,0,0,0,0,0,0,"N",0,0.0,0,0,0,0,0,0,0,0,0,0,0,0,0,0
"US000","2","482","15","0","2021","1","N",2,0,0,0,0,0,0,0,"N",1.00,0,0,0,0,0,0,0,"N",0,0.0,0,0,0,0,0,0,0,0,0,0,0,0,0,0
"US000","2","4821","16","0","2021","1","N",2,0,0,0,0,0,0,0,"N",1.00,0,0,0,0,0,0,0,"N",0,0.0,0,0,0,0,0,0,0,0,0,0,0,0,0,0
"US000","2","48211","17","0","2021","1","N",2,0,0,0,0,0,0,0,"N",1.00,0,0,0,0,0,0,0,"N",0,0.0,0,0,0,0,0,0,0,0,0,0,0,0,0,0
"US000","2","482111","18","0","2021","1","N",2,0,0,0,0,0,0,0,"N",1.00,0,0,0,0,0,0,0,"N",0,0.0,0,0,0,0,0,0,0,0,0,0,0,0,0,0
"US000","2","483","15","0","2021","1","",9,1767,1762,1778,31280154,2035779,12215,1360,"",1.00,1.00,1.00,1.00,1.00,1.00,1.00,1.00,"",1,12.5,-74,-4.0,-60,-3.3,-62,-3.4,-228258,-0.7,-383689,-15.9,-4721,-27.9,39,3.0
"US000","2","4831","16","0","2021","1","N",8,0,0,0,0,0,0,0,"N",1.00,0,0,0,0,0,0,0,"N",1,14.3,0,0,0,0,0,0,0,0,0,0,0,0,0,0
"US000","2","48311","17","0","2021","1","N",8,0,0,0,0,0,0,0,"N",1.00,0,0,0,0,0,0,0,"N",1,14.3,0,0,0,0,0,0,0,0,0,0,0,0,0,0
"US000","2","483114","18","0","2021","1","N",8,0,0,0,0,0,0,0,"N",1.00,0,0,0,0,0,0,0,"N",1,14.3,0,0,0,0,0,0,0,0,0,0,0,0,0,0
"US000","2","4832","16","0","2021","1","N",1,0,0,0,0,0,0,0,"N",1.00,0,0,0,0,0,0,0,"N",0,0.0,0,0,0,0,0,0,0,0,0,0,0,0,0,0
"US000","2","48321","17","0","2021","1","N",1,0,0,0,0,0,0,0,"N",1.00,0,0,0,0,0,0,0,"N",0,0.0,0,0,0,0,0,0,0,0,0,0,0,0,0,0
"US000","2","483212","18","0","2021","1","N",1,0,0,0,0,0,0,0,"N",1.00,0,0,0,0,0,0,0,"N",0,0.0,0,0,0,0,0,0,0,0,0,0,0,0,0,0
"US000","2","485","15","0","2021","1","",60,23078,22910,22892,418445576,0,0,1402,"",1.00,1.00,1.00,1.00,1.00,0.00,0.00,1.00,"",-5,-7.7,-3363,-12.7,-3540,-13.4,-3528,-13.4,-92041538,-18.0,0,0.0,0,0.0,-83,-5.6
"US000","2","4851","16","0","2021","1","",57,22538,22371,22352,410272295,0,0,1408,"",1.00,1.00,1.00,1.00,1.00,0.00,0.00,1.00,"",-5,-8.1,-3323,-12.8,-3505,-13.5,-3501,-13.5,-91337597,-18.2,0,0.0,0,0.0,-84,-5.6
"US000","2","48511","17","0","2021","1","",57,22538,22371,22352,410272295,0,0,1408,"",1.00,1.00,1.00,1.00,1.00,0.00,0.00,1.00,"",-5,-8.1,-3323,-12.8,-3505,-13.5,-3501,-13.5,-91337597,-18.2,0,0.0,0,0.0,-84,-5.6
"US000","2","485111","18","0","2021","1","",10,13942,13843,13876,283853870,0,0,1572,"",1.00,1.00,1.00,1.00,1.00,0.00,0.00,1.00,"",0,0.0,-3223,-18.8,-3341,-19.4,-3337,-19.4,-82316401,-22.5,0,0.0,0,0.0,-67,-4.1
"US000","2","485112","18","0","2021","1","N",2,0,0,0,0,0,0,0,"N",1.00,0,0,0,0,0,0,0,"N",-1,-33.3,0,0,0,0,0,0,0,0,0,0,0,0,0,0
"US000","2","485113","18","0","2021","1","N",45,0,0,0,0,0,0,0,"N",1.00,0,0,0,0,0,0,0,"N",-4,-8.2,0,0,0,0,0,0,0,0,0,0,0,0,0,0
"US000","2","4852","16","0","2021","1","N",2,0,0,0,0,0,0,0,"N",1.00,0,0,0,0,0,0,0,"N",0,0.0,0,0,0,0,0,0,0,0,0,0,0,0,0,0
"US000","2","48521","17","0","2021","1","N",2,0,0,0,0,0,0,0,"N",1.00,0,0,0,0,0,0,0,"N",0,0.0,0,0,0,0,0,0,0,0,0,0,0,0,0,0
"US000","2","485210","18","0","2021","1","N",2,0,0,0,0,0,0,0,"N",1.00,0,0,0,0,0,0,0,"N",0,0.0,0,0,0,0,0,0,0,0,0,0,0,0,0,0
"US000","2","4859","16","0","2021","1","N",1,0,0,0,0,0,0,0,"N",1.00,0,0,0,0,0,0,0,"N",0,0.0,0,0,0,0,0,0,0,0,0,0,0,0,0,0
"US000","2","48599","17","0","2021","1","N",1,0,0,0,0,0,0,0,"N",1.00,0,0,0,0,0,0,0,"N",0,0.0,0,0,0,0,0,0,0,0,0,0,0,0,0,0
"US000","2","485991","18","0","2021","1","N",1,0,0,0,0,0,0,0,"N",1.00,0,0,0,0,0,0,0,"N",0,0.0,0,0,0,0,0,0,0,0,0,0,0,0,0,0
"US000","2","487","15","0","2021","1","",9,159,208,191,2282315,2282315,8718,944,"",1.00,1.00,1.00,1.00,1.00,1.00,1.00,1.00,"",0,0.0,-4,-2.5,1,0.5,-12,-5.9,30947,1.4,30947,1.4,4412,102.5,37,4.1
"US000","2","4871","16","0","2021","1","",9,159,208,191,2282315,2282315,8718,944,"",1.00,1.00,1.00,1.00,1.00,1.00,1.00,1.00,"",0,0.0,-4,-2.5,1,0.5,-12,-5.9,30947,1.4,30947,1.4,4412,102.5,37,4.1
"US000","2","48711","17","0","2021","1","",9,159,208,191,2282315,2282315,8718,944,"",1.00,1.00,1.00,1.00,1.00,1.00,1.00,1.00,"",0,0.0,-4,-2.5,1,0.5,-12,-5.9,30947,1.4,30947,1.4,4412,102.5,37,4.1
"US000","2","487110","18","0","2021","1","",9,159,208,191,2282315,2282315,8718,944,"",1.00,1.00,1.00,1.00,1.00,1.00,1.00,1.00,"",0,0.0,-4,-2.5,1,0.5,-12,-5.9,30947,1.4,30947,1.4,4412,102.5,37,4.1
"US000","2","488","15","0","2021","1","",385,15564,15556,15403,259730430,14409415,134559,1288,"",1.00,1.00,1.00,1.00,1.00,1.00,1.00,1.00,"",-3,-0.8,-2164,-12.2,-2183,-12.3,-2218,-12.6,-23713060,-8.4,-112800,-0.8,18422,15.9,56,4.5
"US000","2","4881","16","0","2021","1","",173,4087,4066,4039,50373823,346428,2793,953,"",1.00,1.00,1.00,1.00,1.00,1.00,1.00,1.00,"",0,0.0,-387,-8.6,-388,-8.7,-381,-8.6,-3232880,-6.0,-5978,-1.7,133,5.0,26,2.8
"US000","2","48811","17","0","2021","1","N",172,0,0,0,0,0,0,0,"N",1.00,0,0,0,0,0,0,0,"N",0,0.0,0,0,0,0,0,0,0,0,0,0,0,0,0,0
"US000","2","488111","18","0","2021","1","",161,3723,3702,3673,42499481,99871,280,884,"",1.00,1.00,1.00,1.00,1.00,1.00,1.00,1.00,"",0,0.0,-367,-9.0,-371,-9.1,-366,-9.1,-3248542,-7.1,2838,2.9,28,11.1,19,2.2
"US000","2","488119","18","0","2021","1","N",11,0,0,0,0,0,0,0,"N",1.00,0,0,0,0,0,0,0,"N",0,0.0,0,0,0,0,0,0,0,0,0,0,0,0,0,0
"US000","2","48819","17","0","2021","1","N",1,0,0,0,0,0,0,0,"N",1.00,0,0,0,0,0,0,0,"N",0,0.0,0,0,0,0,0,0,0,0,0,0,0,0,0,0
"US000","2","488190","18","0","2021","1","N",1,0,0,0,0,0,0,0,"N",1.00,0,0,0,0,0,0,0,"N",0,0.0,0,0,0,0,0,0,0,0,0,0,0,0,0,0
"US000","2","4883","16","0","2021","1","",12,1029,1024,1015,19308770,1832266,12496,1452,"",1.00,1.00,1.00,1.00,1.00,1.00,1.00,1.00,"",2,20.0,105,11.4,96,10.3,79,8.4,-3845510,-16.6,44769,2.5,305,2.5,-465,-24.3
"US000","2","48831","17","0","2021","1","N",11,0,0,0,0,0,0,0,"N",1.00,0,0,0,0,0,0,0,"N",2,22.2,0,0,0,0,0,0,0,0,0,0,0,0,0,0
"US000","2","488310","18","0","2021","1","N",11,0,0,0,0,0,0,0,"N",1.00,0,0,0,0,0,0,0,"N",2,22.2,0,0,0,0,0,0,0,0,0,0,0,0,0,0
"US000","2","48832","17","0","2021","1","N",1,0,0,0,0,0,0,0,"N",1.00,0,0,0,0,0,0,0,"N",0,0.0,0,0,0,0,0,0,0,0,0,0,0,0,0,0
"US000","2","488320","18","0","2021","1","N",1,0,0,0,0,0,0,0,"N",1.00,0,0,0,0,0,0,0,"N",0,0.0,0,0,0,0,0,0,0,0,0,0,0,0,0,0
"US000","2","4884","16","0","2021","1","",200,10448,10466,10349,190047837,12230721,119270,1403,"",1.00,1.00,1.00,1.00,1.00,1.00,1.00,1.00,"",-5,-2.4,-1882,-15.3,-1891,-15.3,-1916,-15.6,-16634670,-8.0,-151591,-1.2,17984,17.8,112,8.7
"US000","2","48849","17","0","2021","1","",200,10448,10466,10349,190047837,12230721,119270,1403,"",1.00,1.00,1.00,1.00,1.00,1.00,1.00,1.00,"",-5,-2.4,-1882,-15.3,-1891,-15.3,-1916,-15.6,-16634670,-8.0,-151591,-1.2,17984,17.8,112,8.7
"US000","2","488490","18","0","2021","1","",200,10448,10466,10349,190047837,12230721,119270,1403,"",1.00,1.00,1.00,1.00,1.00,1.00,1.00,1.00,"",-5,-2.4,-1882,-15.3,-1891,-15.3,-1916,-15.6,-16634670,-8.0,-151591,-1.2,17984,17.8,112,8.7
"US000","2","493","15","0","2021","1","",8,166,166,169,1575792,0,0,726,"",1.00,1.00,1.00,1.00,1.00,0.00,0.00,1.00,"",0,0.0,-12,-6.7,-7,-4.0,-5,-2.9,-93276,-5.6,0,0.0,0,0.0,-8,-1.1
"US000","2","4931","16","0","2021","1","",8,166,166,169,1575792,0,0,726,"",1.00,1.00,1.00,1.00,1.00,0.00,0.00,1.00,"",0,0.0,-12,-6.7,-7,-4.0,-5,-2.9,-93276,-5.6,0,0.0,0,0.0,-8,-1.1
"US000","2","49311","17","0","2021","1","N",7,0,0,0,0,0,0,0,"N",1.00,0,0,0,0,0,0,0,"N",0,0.0,0,0,0,0,0,0,0,0,0,0,0,0,0,0
"US000","2","493110","18","0","2021","1","N",7,0,0,0,0,0,0,0,"N",1.00,0,0,0,0,0,0,0,"N",0,0.0,0,0,0,0,0,0,0,0,0,0,0,0,0,0
"US000","2","49319","17","0","2021","1","N",1,0,0,0,0,0,0,0,"N",1.00,0,0,0,0,0,0,0,"N",0,0.0,0,0,0,0,0,0,0,0,0,0,0,0,0,0
"US000","2","493190","18","0","2021","1","N",1,0,0,0,0,0,0,0,"N",1.00,0,0,0,0,0,0,0,"N",0,0.0,0,0,0,0,0,0,0,0,0,0,0,0,0,0
"US000","2","51","14","0","2021","1","",324,5998,5964,5974,75948760,1901742,10055,977,"",1.00,1.00,1.00,1.00,1.00,1.00,1.00,1.00,"",4,1.2,-273,-4.4,-315,-5.0,-305,-4.9,-3555433,-4.5,-451745,-19.2,-1814,-15.3,3,0.3
"US000","2","511","15","0","2021","1","N",2,0,0,0,0,0,0,0,"N",1.00,0,0,0,0,0,0,0,"N",0,0.0,0,0,0,0,0,0,0,0,0,0,0,0,0,0
"US000","2","5111","16","0","2021","1","N",2,0,0,0,0,0,0,0,"N",1.00,0,0,0,0,0,0,0,"N",0,0.0,0,0,0,0,0,0,0,0,0,0,0,0,0,0
"US000","2","51112","17","0","2021","1","N",1,0,0,0,0,0,0,0,"N",1.00,0,0,0,0,0,0,0,"N",0,0.0,0,0,0,0,0,0,0,0,0,0,0,0,0,0
"US000","2","511120","18","0","2021","1","N",1,0,0,0,0,0,0,0,"N",1.00,0,0,0,0,0,0,0,"N",0,0.0,0,0,0,0,0,0,0,0,0,0,0,0,0,0
"US000","2","51113","17","0","2021","1","N",1,0,0,0,0,0,0,0,"N",1.00,0,0,0,0,0,0,0,"N",0,0.0,0,0,0,0,0,0,0,0,0,0,0,0,0,0
"US000","2","511130","18","0","2021","1","N",1,0,0,0,0,0,0,0,"N",1.00,0,0,0,0,0,0,0,"N",0,0.0,0,0,0,0,0,0,0,0,0,0,0,0,0,0
"US000","2","515","15","0","2021","1","",66,938,942,941,11315617,0,0,926,"",1.00,1.00,1.00,1.00,1.00,0.00,0.00,1.00,"",1,1.5,-37,-3.8,-38,-3.9,-33,-3.4,-946428,-7.7,0,0.0,0,0.0,-40,-4.1
"US000","2","5151","16","0","2021","1","",66,938,942,941,11315617,0,0,926,"",1.00,1.00,1.00,1.00,1.00,0.00,0.00,1.00,"",1,1.5,-37,-3.8,-38,-3.9,-33,-3.4,-946428,-7.7,0,0.0,0,0.0,-40,-4.1
"US000","2","51512","17","0","2021","1","",66,938,942,941,11315617,0,0,926,"",1.00,1.00,1.00,1.00,1.00,0.00,0.00,1.00,"",1,1.5,-37,-3.8,-38,-3.9,-33,-3.4,-946428,-7.7,0,0.0,0,0.0,-40,-4.1
"US000","2","515120","18","0","2021","1","",66,938,942,941,11315617,0,0,926,"",1.00,1.00,1.00,1.00,1.00,0.00,0.00,1.00,"",1,1.5,-37,-3.8,-38,-3.9,-33,-3.4,-946428,-7.7,0,0.0,0,0.0,-40,-4.1
"US000","2","517","15","0","2021","1","N",9,0,0,0,0,0,0,0,"N",1.00,0,0,0,0,0,0,0,"N",1,12.5,0,0,0,0,0,0,0,0,0,0,0,0,0,0
"US000","2","5173","16","0","2021","1","",8,115,114,114,2635239,266000,1516,1773,"",1.00,1.00,1.00,1.00,1.00,1.00,1.00,1.00,"N",0,0.0,0,0,0,0,0,0,0,0,0,0,0,0,0,0
"US000","2","51731","17","0","2021","1","",8,115,114,114,2635239,266000,1516,1773,"",1.00,1.00,1.00,1.00,1.00,1.00,1.00,1.00,"N",0,0.0,0,0,0,0,0,0,0,0,0,0,0,0,0,0
"US000","2","517311","18","0","2021","1","N",5,0,0,0,0,0,0,0,"N",1.00,0,0,0,0,0,0,0,"N",0,0.0,0,0,0,0,0,0,0,0,0,0,0,0,0,0
"US000","2","517312","18","0","2021","1","N",3,0,0,0,0,0,0,0,"N",1.00,0,0,0,0,0,0,0,"N",0,0.0,0,0,0,0,0,0,0,0,0,0,0,0,0,0
"US000","2","5179","16","0","2021","1","N",1,0,0,0,0,0,0,0,"N",1.00,0,0,0,0,0,0,0,"N",1,100.0,0,0,0,0,0,0,0,0,0,0,0,0,0,0
"US000","2","51791","17","0","2021","1","N",1,0,0,0,0,0,0,0,"N",1.00,0,0,0,0,0,0,0,"N",1,100.0,0,0,0,0,0,0,0,0,0,0,0,0,0,0
"US000","2","517911","18","0","2021","1","N",1,0,0,0,0,0,0,0,"N",1.00,0,0,0,0,0,0,0,"N",1,100.0,0,0,0,0,0,0,0,0,0,0,0,0,0,0
"US000","2","518","15","0","2021","1","",19,888,885,897,17274857,0,0,1493,"",1.00,1.00,1.00,1.00,1.00,0.00,0.00,1.00,"",2,11.8,14,1.6,26,3.0,16,1.8,-1072869,-5.8,0,0.0,0,0.0,-127,-7.8
"US000","2","5182","16","0","2021","1","",19,888,885,897,17274857,0,0,1493,"",1.00,1.00,1.00,1.00,1.00,0.00,0.00,1.00,"",2,11.8,14,1.6,26,3.0,16,1.8,-1072869,-5.8,0,0.0,0,0.0,-127,-7.8
"US000","2","51821","17","0","2021","1","",19,888,885,897,17274857,0,0,1493,"",1.00,1.00,1.00,1.00,1.00,0.00,0.00,1.00,"",2,11.8,14,1.6,26,3.0,16,1.8,-1072869,-5.8,0,0.0,0,0.0,-127,-7.8
"US000","2","518210","18","0","2021","1","",19,888,885,897,17274857,0,0,1493,"",1.00,1.00,1.00,1.00,1.00,0.00,0.00,1.00,"",2,11.8,14,1.6,26,3.0,16,1.8,-1072869,-5.8,0,0.0,0,0.0,-127,-7.8
"US000","2","519","15","0","2021","1","",228,4005,3971,3970,43985813,1635742,8539,850,"",1.00,1.00,1.00,1.00,1.00,1.00,1.00,1.00,"",0,0.0,-251,-5.9,-300,-7.0,-289,-6.8,-1483943,-3.3,-463982,-22.1,-920,-9.7,29,3.5
"US000","2","5191","16","0","2021","1","",228,4005,3971,3970,43985813,1635742,8539,850,"",1.00,1.00,1.00,1.00,1.00,1.00,1.00,1.00,"",0,0.0,-251,-5.9,-300,-7.0,-289,-6.8,-1483943,-3.3,-463982,-22.1,-920,-9.7,29,3.5
"US000","2","51912","17","0","2021","1","",228,4005,3971,3970,43985813,1635742,8539,850,"",1.00,1.00,1.00,1.00,1.00,1.00,1.00,1.00,"N",1,0.4,0,0,0,0,0,0,0,0,0,0,0,0,0,0
"US000","2","519120","18","0","2021","1","",228,4005,3971,3970,43985813,1635742,8539,850,"",1.00,1.00,1.00,1.00,1.00,1.00,1.00,1.00,"N",1,0.4,0,0,0,0,0,0,0,0,0,0,0,0,0,0
"US000","2","52","14","0","2021","1","",92,11876,11885,11865,231987280,7679979,51229,1503,"",1.00,1.00,1.00,1.00,1.00,1.00,1.00,1.00,"",3,3.4,-392,-3.2,-394,-3.2,-401,-3.3,3629674,1.6,624575,8.9,16285,46.6,71,5.0
"US000","2","522","15","0","2021","1","",22,4559,4562,4559,77700291,5477944,34524,1311,"",1.00,1.00,1.00,1.00,1.00,1.00,1.00,1.00,"",0,0.0,-426,-8.5,-416,-8.4,-434,-8.7,-3862408,-4.7,648741,13.4,8648,33.4,52,4.1
"US000","2","5221","16","0","2021","1","N",2,0,0,0,0,0,0,0,"N",1.00,0,0,0,0,0,0,0,"N",0,0.0,0,0,0,0,0,0,0,0,0,0,0,0,0,0
"US000","2","52211","17","0","2021","1","N",1,0,0,0,0,0,0,0,"N",1.00,0,0,0,0,0,0,0,"N",0,0.0,0,0,0,0,0,0,0,0,0,0,0,0,0,0
"US000","2","522110","18","0","2021","1","N",1,0,0,0,0,0,0,0,"N",1.00,0,0,0,0,0,0,0,"N",0,0.0,0,0,0,0,0,0,0,0,0,0,0,0,0,0
"US000","2","52213","17","0","2021","1","N",1,0,0,0,0,0,0,0,"N",1.00,0,0,0,0,0,0,0,"N",0,0.0,0,0,0,0,0,0,0,0,0,0,0,0,0,0
"US000","2","522130","18","0","2021","1","N",1,0,0,0,0,0,0,0,"N",1.00,0,0,0,0,0,0,0,"N",0,0.0,0,0,0,0,0,0,0,0,0,0,0,0,0,0
"US000","2","5222","16","0","2021","1","",18,3886,3887,3883,63153070,5477944,34524,1250,"",1.00,1.00,1.00,1.00,1.00,1.00,1.00,1.00,"",0,0.0,-417,-9.7,-410,-9.5,-426,-9.9,-4250722,-6.3,648741,13.4,8648,33.4,45,3.7
"US000","2","52229","17","0","2021","1","",18,3886,3887,3883,63153070,5477944,34524,1250,"",1.00,1.00,1.00,1.00,1.00,1.00,1.00,1.00,"",0,0.0,-417,-9.7,-410,-9.5,-426,-9.9,-4250722,-6.3,648741,13.4,8648,33.4,45,3.7
"US000","2","522291","18","0","2021","1","N",2,0,0,0,0,0,0,0,"N",1.00,0,0,0,0,0,0,0,"N",0,0.0,0,0,0,0,0,0,0,0,0,0,0,0,0,0
"US000","2","522292","18","0","2021","1","",6,961,960,957,18421588,934567,4673,1477,"",1.00,1.00,1.00,1.00,1.00,1.00,1.00,1.00,"",0,0.0,-12,-1.2,-10,-1.0,-21,-2.1,-989573,-5.1,9986,1.1,-1799,-27.8,-57,-3.7
"US000","2","522294","18","0","2021","1","N",4,0,0,0,0,0,0,0,"N",1.00,0,0,0,0,0,0,0,"N",0,0.0,0,0,0,0,0,0,0,0,0,0,0,0,0,0
"US000","2","522298","18","0","2021","1","",6,249,253,256,6671955,2383508,14552,2031,"",1.00,1.00,1.00,1.00,1.00,1.00,1.00,1.00,"",0,0.0,1,0.4,7,2.8,9,3.6,1371536,25.9,871471,57.6,10288,241.3,380,23.0
"US000","2","5223","16","0","2021","1","N",2,0,0,0,0,0,0,0,"N",1.00,0,0,0,0,0,0,0,"N",0,0.0,0,0,0,0,0,0,0,0,0,0,0,0,0,0
"US000","2","52231","17","0","2021","1","N",1,0,0,0,0,0,0,0,"N",1.00,0,0,0,0,0,0,0,"N",0,0.0,0,0,0,0,0,0,0,0,0,0,0,0,0,0
"US000","2","522310","18","0","2021","1","N",1,0,0,0,0,0,0,0,"N",1.00,0,0,0,0,0,0,0,"N",0,0.0,0,0,0,0,0,0,0,0,0,0,0,0,0,0
"US000","2","52239","17","0","2021","1","N",1,0,0,0,0,0,0,0,"N",1.00,0,0,0,0,0,0,0,"N",0,0.0,0,0,0,0,0,0,0,0,0,0,0,0,0,0
"US000","2","522390","18","0","2021","1","N",1,0,0,0,0,0,0,0,"N",1.00,0,0,0,0,0,0,0,"N",0,0.0,0,0,0,0,0,0,0,0,0,0,0,0,0,0
"US000","2","523","15","0","2021","1","N",16,0,0,0,0,0,0,0,"N",1.00,0,0,0,0,0,0,0,"N",-1,-5.9,0,0,0,0,0,0,0,0,0,0,0,0,0,0
"US000","2","5239","16","0","2021","1","N",16,0,0,0,0,0,0,0,"N",1.00,0,0,0,0,0,0,0,"N",-1,-5.9,0,0,0,0,0,0,0,0,0,0,0,0,0,0
"US000","2","52392","17","0","2021","1","N",16,0,0,0,0,0,0,0,"N",1.00,0,0,0,0,0,0,0,"N",0,0.0,0,0,0,0,0,0,0,0,0,0,0,0,0,0
"US000","2","523920","18","0","2021","1","N",16,0,0,0,0,0,0,0,"N",1.00,0,0,0,0,0,0,0,"N",0,0.0,0,0,0,0,0,0,0,0,0,0,0,0,0,0
"US000","2","524","15","0","2021","1","",50,6211,6216,6196,132853827,1957162,15454,1646,"",1.00,1.00,1.00,1.00,1.00,1.00,1.00,1.00,"",2,4.2,63,1.0,66,1.1,85,1.4,6297195,5.0,-49392,-2.5,7516,94.7,60,3.8
"US000","2","5241","16","0","2021","1","",33,3973,3975,3969,80004520,1737398,10424,1549,"",1.00,1.00,1.00,1.00,1.00,1.00,1.00,1.00,"",2,6.5,128,3.3,137,3.6,150,3.9,8518499,11.9,-64237,-3.6,5019,92.9,115,8.0
"US000","2","52411","17","0","2021","1","",8,233,232,237,3806843,1737398,10424,1251,"",1.00,1.00,1.00,1.00,1.00,1.00,1.00,1.00,"",2,33.3,-5,-2.1,-6,-2.5,5,2.2,-391978,-9.3,-64237,-3.6,5019,92.9,-118,-8.6
"US000","2","524114","18","0","2021","1","",8,233,232,237,3806843,1737398,10424,1251,"",1.00,1.00,1.00,1.00,1.00,1.00,1.00,1.00,"",2,33.3,-5,-2.1,-6,-2.5,5,2.2,-391978,-9.3,-64237,-3.6,5019,92.9,-118,-8.6
"US000","2","52412","17","0","2021","1","",25,3740,3743,3732,76197677,0,0,1568,"",1.00,1.00,1.00,1.00,1.00,0.00,0.00,1.00,"",0,0.0,133,3.7,143,4.0,145,4.0,8910477,13.2,0,0.0,0,0.0,129,9.0
"US000","2","524126","18","0","2021","1","N",24,0,0,0,0,0,0,0,"N",1.00,0,0,0,0,0,0,0,"N",0,0.0,0,0,0,0,0,0,0,0,0,0,0,0,0,0
"US000","2","524128","18","0","2021","1","N",1,0,0,0,0,0,0,0,"N",1.00,0,0,0,0,0,0,0,"N",0,0.0,0,0,0,0,0,0,0,0,0,0,0,0,0,0
"US000","2","5242","16","0","2021","1","",17,2238,2241,2227,52849307,219764,5030,1819,"",1.00,1.00,1.00,1.00,1.00,1.00,1.00,1.00,"",0,0.0,-65,-2.8,-71,-3.1,-65,-2.8,-2221304,-4.0,14845,7.2,2497,98.6,-21,-1.1
"US000","2","52421","17","0","2021","1","N",1,0,0,0,0,0,0,0,"N",1.00,0,0,0,0,0,0,0,"N",0,0.0,0,0,0,0,0,0,0,0,0,0,0,0,0,0
"US000","2","524210","18","0","2021","1","N",1,0,0,0,0,0,0,0,"N",1.00,0,0,0,0,0,0,0,"N",0,0.0,0,0,0,0,0,0,0,0,0,0,0,0,0,0
"US000","2","52429","17","0","2021","1","N",16,0,0,0,0,0,0,0,"N",1.00,0,0,0,0,0,0,0,"N",0,0.0,0,0,0,0,0,0,0,0,0,0,0,0,0,0
"US000","2","524292","18","0","2021","1","",10,1869,1858,1846,47256793,68583,103,1957,"",1.00,1.00,1.00,1.00,1.00,1.00,1.00,1.00,"",0,0.0,-24,-1.3,-49,-2.6,-67,-3.5,-1158109,-2.4,1965,2.9,3,3.0,1,0.1
"US000","2","524298","18","0","2021","1","N",6,0,0,0,0,0,0,0,"N",1.00,0,0,0,0,0,0,0,"N",0,0.0,0,0,0,0,0,0,0,0,0,0,0,0,0,0
"US000","2","525","15","0","2021","1","N",4,0,0,0,0,0,0,0,"N",1.00,0,0,0,0,0,0,0,"N",2,100.0,0,0,0,0,0,0,0,0,0,0,0,0,0,0
"US000","2","5251","16","0","2021","1","N",3,0,0,0,0,0,0,0,"N",1.00,0,0,0,0,0,0,0,"N",2,200.0,0,0,0,0,0,0,0,0,0,0,0,0,0,0
"US000","2","52511","17","0","2021","1","N",2,0,0,0,0,0,0,0,"N",1.00,0,0,0,0,0,0,0,"N",2,100.0,0,0,0,0,0,0,0,0,0,0,0,0,0,0
"US000","2","525110","18","0","2021","1","N",2,0,0,0,0,0,0,0,"N",1.00,0,0,0,0,0,0,0,"N",2,100.0,0,0,0,0,0,0,0,0,0,0,0,0,0,0
"US000","2","52519","17","0","2021","1","N",1,0,0,0,0,0,0,0,"N",1.00,0,0,0,0,0,0,0,"N",0,0.0,0,0,0,0,0,0,0,0,0,0,0,0,0,0
"US000","2","525190","18","0","2021","1","N",1,0,0,0,0,0,0,0,"N",1.00,0,0,0,0,0,0,0,"N",0,0.0,0,0,0,0,0,0,0,0,0,0,0,0,0,0
"US000","2","5259","16","0","2021","1","N",1,0,0,0,0,0,0,0,"N",1.00,0,0,0,0,0,0,0,"N",0,0.0,0,0,0,0,0,0,0,0,0,0,0,0,0,0
"US000","2","52599","17","0","2021","1","N",1,0,0,0,0,0,0,0,"N",1.00,0,0,0,0,0,0,0,"N",0,0.0,0,0,0,0,0,0,0,0,0,0,0,0,0,0
"US000","2","525990","18","0","2021","1","N",1,0,0,0,0,0,0,0,"N",1.00,0,0,0,0,0,0,0,"N",0,0.0,0,0,0,0,0,0,0,0,0,0,0,0,0,0
"US000","2","53","14","0","2021","1","",26,551,557,562,8350249,5681798,68517,1154,"",1.00,1.00,1.00,1.00,1.00,1.00,1.00,1.00,"",0,0.0,108,24.4,116,26.3,124,28.3,1466222,21.3,1255716,28.4,2770,4.2,-48,-4.0
"US000","2","531","15","0","2021","1","",26,551,557,562,8350249,5681798,68517,1154,"",1.00,1.00,1.00,1.00,1.00,1.00,1.00,1.00,"",0,0.0,108,24.4,116,26.3,124,28.3,1466222,21.3,1255716,28.4,2770,4.2,-48,-4.0
"US000","2","5311","16","0","2021","1","N",24,0,0,0,0,0,0,0,"N",1.00,0,0,0,0,0,0,0,"N",1,4.3,0,0,0,0,0,0,0,0,0,0,0,0,0,0
"US000","2","53111","17","0","2021","1","",21,426,432,434,5899683,5655899,68494,1054,"",1.00,1.00,1.00,1.00,1.00,1.00,1.00,1.00,"",1,5.0,109,34.4,116,36.7,122,39.1,1259921,27.2,1267124,28.9,2884,4.4,-79,-7.0
"US000","2","531110","18","0","2021","1","",21,426,432,434,5899683,5655899,68494,1054,"",1.00,1.00,1.00,1.00,1.00,1.00,1.00,1.00,"",1,5.0,109,34.4,116,36.7,122,39.1,1259921,27.2,1267124,28.9,2884,4.4,-79,-7.0
"US000","2","53112","17","0","2021","1","N",1,0,0,0,0,0,0,0,"N",1.00,0,0,0,0,0,0,0,"N",0,0.0,0,0,0,0,0,0,0,0,0,0,0,0,0,0
"US000","2","531120","18","0","2021","1","N",1,0,0,0,0,0,0,0,"N",1.00,0,0,0,0,0,0,0,"N",0,0.0,0,0,0,0,0,0,0,0,0,0,0,0,0,0
"US000","2","53119","17","0","2021","1","N",2,0,0,0,0,0,0,0,"N",1.00,0,0,0,0,0,0,0,"N",0,0.0,0,0,0,0,0,0,0,0,0,0,0,0,0,0
"US000","2","531190","18","0","2021","1","N",2,0,0,0,0,0,0,0,"N",1.00,0,0,0,0,0,0,0,"N",0,0.0,0,0,0,0,0,0,0,0,0,0,0,0,0,0
"US000","2","5313","16","0","2021","1","N",2,0,0,0,0,0,0,0,"N",1.00,0,0,0,0,0,0,0,"N",0,0.0,0,0,0,0,0,0,0,0,0,0,0,0,0,0
"US000","2","53131","17","0","2021","1","N",1,0,0,0,0,0,0,0,"N",1.00,0,0,0,0,0,0,0,"N",0,0.0,0,0,0,0,0,0,0,0,0,0,0,0,0,0
"US000","2","531311","18","0","2021","1","N",1,0,0,0,0,0,0,0,"N",1.00,0,0,0,0,0,0,0,"N",0,0.0,0,0,0,0,0,0,0,0,0,0,0,0,0,0
"US000","2","53139","17","0","2021","1","N",1,0,0,0,0,0,0,0,"N",1.00,0,0,0,0,0,0,0,"N",0,0.0,0,0,0,0,0,0,0,0,0,0,0,0,0,0
"US000","2","531390","18","0","2021","1","N",1,0,0,0,0,0,0,0,"N",1.00,0,0,0,0,0,0,0,"N",0,0.0,0,0,0,0,0,0,0,0,0,0,0,0,0,0
"US000","2","54","14","0","2021","1","",567,24502,24560,24616,484779968,24727324,117161,1518,"",1.00,1.00,1.00,1.00,1.00,1.00,1.00,1.00,"",83,17.1,2096,9.4,2137,9.5,2167,9.7,74231067,18.1,22619719,1073.2,93992,405.7,110,7.8
"US000","2","541","15","0","2021","1","",567,24502,24560,24616,484779968,24727324,117161,1518,"",1.00,1.00,1.00,1.00,1.00,1.00,1.00,1.00,"",83,17.1,2096,9.4,2137,9.5,2167,9.7,74231067,18.1,22619719,1073.2,93992,405.7,110,7.8
"US000","2","5411","16","0","2021","1","",20,262,263,264,3549946,0,0,1038,"",1.00,1.00,1.00,1.00,1.00,0.00,0.00,1.00,"",1,5.3,6,2.3,4,1.5,9,3.5,161680,4.8,0,0.0,0,0.0,23,2.3
"US000","2","54111","17","0","2021","1","",20,262,263,264,3549946,0,0,1038,"",1.00,1.00,1.00,1.00,1.00,0.00,0.00,1.00,"",1,5.3,6,2.3,4,1.5,9,3.5,161680,4.8,0,0.0,0,0.0,23,2.3
"US000","2","541110","18","0","2021","1","",20,262,263,264,3549946,0,0,1038,"",1.00,1.00,1.00,1.00,1.00,0.00,0.00,1.00,"",1,5.3,6,2.3,4,1.5,9,3.5,161680,4.8,0,0.0,0,0.0,23,2.3
"US000","2","5412","16","0","2021","1","",9,210,210,204,2681036,19703,407,992,"",1.00,1.00,1.00,1.00,1.00,1.00,1.00,1.00,"",3,50.0,0,0.0,2,1.0,-7,-3.3,-355692,-11.7,19703,100.0,407,100.0,-122,-11.0
"US000","2","54121","17","0","2021","1","",9,210,210,204,2681036,19703,407,992,"",1.00,1.00,1.00,1.00,1.00,1.00,1.00,1.00,"",3,50.0,0,0.0,2,1.0,-7,-3.3,-355692,-11.7,19703,100.0,407,100.0,-122,-11.0
"US000","2","541211","18","0","2021","1","N",2,0,0,0,0,0,0,0,"N",1.00,0,0,0,0,0,0,0,"N",0,0.0,0,0,0,0,0,0,0,0,0,0,0,0,0,0
"US000","2","541219","18","0","2021","1","N",7,0,0,0,0,0,0,0,"N",1.00,0,0,0,0,0,0,0,"N",3,75.0,0,0,0,0,0,0,0,0,0,0,0,0,0,0
"US000","2","5413","16","0","2021","1","",66,5547,5551,5552,91985920,555172,5621,1275,"",1.00,1.00,1.00,1.00,1.00,1.00,1.00,1.00,"",-1,-1.5,-113,-2.0,-80,-1.4,-86,-1.5,1129906,1.2,84728,18.0,908,19.3,36,2.9
"US000","2","54133","17","0","2021","1","",55,4979,4982,4980,83173290,539772,5398,1285,"",1.00,1.00,1.00,1.00,1.00,1.00,1.00,1.00,"",-1,-1.8,-120,-2.4,-86,-1.7,-89,-1.8,1547857,1.9,84728,18.6,848,18.6,49,4.0
"US000","2","541330","18","0","2021","1","",55,4979,4982,4980,83173290,539772,5398,1285,"",1.00,1.00,1.00,1.00,1.00,1.00,1.00,1.00,"",-1,-1.8,-120,-2.4,-86,-1.7,-89,-1.8,1547857,1.9,84728,18.6,848,18.6,49,4.0
"US000","2","54138","17","0","2021","1","",11,568,569,572,8812630,15400,223,1190,"",1.00,1.00,1.00,1.00,1.00,1.00,1.00,1.00,"",0,0.0,7,1.2,6,1.1,3,0.5,-417951,-4.5,0,0.0,60,36.8,-68,-5.4
"US000","2","541380","18","0","2021","1","",11,568,569,572,8812630,15400,223,1190,"",1.00,1.00,1.00,1.00,1.00,1.00,1.00,1.00,"",0,0.0,7,1.2,6,1.1,3,0.5,-417951,-4.5,0,0.0,60,36.8,-68,-5.4
"US000","2","5415","16","0","2021","1","",273,8860,8861,8840,185749799,1213354,11868,1614,"",1.00,1.00,1.00,1.00,1.00,1.00,1.00,1.00,"",75,37.9,1419,19.1,1418,19.1,1416,19.1,41226885,28.5,203736,20.2,2114,21.7,119,8.0
"US000","2","54151","17","0","2021","1","",273,8860,8861,8840,185749799,1213354,11868,1614,"",1.00,1.00,1.00,1.00,1.00,1.00,1.00,1.00,"",75,37.9,1419,19.1,1418,19.1,1416,19.1,41226885,28.5,203736,20.2,2114,21.7,119,8.0
"US000","2","541511","18","0","2021","1","",97,2262,2267,2255,44840844,1213354,11868,1525,"",1.00,1.00,1.00,1.00,1.00,1.00,1.00,1.00,"N",6,6.6,0,0,0,0,0,0,0,0,0,0,0,0,0,0
"US000","2","541512","18","0","2021","1","",138,3603,3610,3607,84636511,0,0,1805,"",1.00,1.00,1.00,1.00,1.00,0.00,0.00,1.00,"",65,89.0,1185,49.0,1196,49.5,1202,50.0,36076310,74.3,0,0.0,0,0.0,257,16.6
"US000","2","541513","18","0","2021","1","",33,2867,2859,2853,53340156,0,0,1435,"",1.00,1.00,1.00,1.00,1.00,0.00,0.00,1.00,"",1,3.1,215,8.1,209,7.9,196,7.4,2594843,5.1,0,0.0,0,0.0,-36,-2.4
"US000","2","541519","18","0","2021","1","",5,128,125,125,2932288,0,0,1790,"",1.00,1.00,1.00,1.00,1.00,0.00,0.00,1.00,"N",3,150.0,0,0,0,0,0,0,0,0,0,0,0,0,0,0
"US000","2","5416","16","0","2021","1","",6,81,82,96,1226800,467814,7734,1093,"",1.00,1.00,1.00,1.00,1.00,1.00,1.00,1.00,"",1,20.0,7,9.5,8,10.8,8,9.1,44655,3.8,106807,29.6,1340,21.0,-63,-5.4
"US000","2","54161","17","0","2021","1","N",4,0,0,0,0,0,0,0,"N",1.00,0,0,0,0,0,0,0,"N",1,33.3,0,0,0,0,0,0,0,0,0,0,0,0,0,0
"US000","2","541611","18","0","2021","1","N",3,0,0,0,0,0,0,0,"N",1.00,0,0,0,0,0,0,0,"N",1,50.0,0,0,0,0,0,0,0,0,0,0,0,0,0,0
"US000","2","541613","18","0","2021","1","N",1,0,0,0,0,0,0,0,"N",1.00,0,0,0,0,0,0,0,"N",0,0.0,0,0,0,0,0,0,0,0,0,0,0,0,0,0
"US000","2","54162","17","0","2021","1","N",1,0,0,0,0,0,0,0,"N",1.00,0,0,0,0,0,0,0,"N",0,0.0,0,0,0,0,0,0,0,0,0,0,0,0,0,0
"US000","2","541620","18","0","2021","1","N",1,0,0,0,0,0,0,0,"N",1.00,0,0,0,0,0,0,0,"N",0,0.0,0,0,0,0,0,0,0,0,0,0,0,0,0,0
"US000","2","54169","17","0","2021","1","N",1,0,0,0,0,0,0,0,"N",1.00,0,0,0,0,0,0,0,"N",0,0.0,0,0,0,0,0,0,0,0,0,0,0,0,0,0
"US000","2","541690","18","0","2021","1","N",1,0,0,0,0,0,0,0,"N",1.00,0,0,0,0,0,0,0,"N",0,0.0,0,0,0,0,0,0,0,0,0,0,0,0,0,0
"US000","2","5417","16","0","2021","1","",169,9246,9290,9314,195483606,22453752,91040,1620,"",1.00,1.00,1.00,1.00,1.00,1.00,1.00,1.00,"",1,0.6,784,9.3,785,9.2,770,9.0,32093939,19.6,22214678,9292.0,89374,5364.6,142,9.6
"US000","2","54171","17","0","2021","1","",162,9182,9228,9250,194639657,22371609,90876,1624,"",1.00,1.00,1.00,1.00,1.00,1.00,1.00,1.00,"",1,0.6,780,9.3,783,9.3,766,9.0,32110054,19.8,22225458,15207.2,89303,5677.2,143,9.7
"US000","2","541713","18","0","2021","1","N",2,0,0,0,0,0,0,0,"N",1.00,0,0,0,0,0,0,0,"N",0,0.0,0,0,0,0,0,0,0,0,0,0,0,0,0,0
"US000","2","541714","18","0","2021","1","N",5,0,0,0,0,0,0,0,"N",1.00,0,0,0,0,0,0,0,"N",1,25.0,0,0,0,0,0,0,0,0,0,0,0,0,0,0
"US000","2","541715","18","0","2021","1","",155,9115,9160,9179,193323808,22291356,89244,1625,"",1.00,1.00,1.00,1.00,1.00,1.00,1.00,1.00,"",0,0.0,779,9.3,782,9.3,761,9.0,32283935,20.0,22216195,29558.1,89176,131141.2,146,9.9
"US000","2","54172","17","0","2021","1","",7,64,62,64,843949,82143,164,1025,"",1.00,1.00,1.00,1.00,1.00,1.00,1.00,1.00,"",0,0.0,4,6.7,2,3.3,4,6.7,-16115,-1.9,-10780,-11.6,71,76.3,-78,-7.1
"US000","2","541720","18","0","2021","1","",7,64,62,64,843949,82143,164,1025,"",1.00,1.00,1.00,1.00,1.00,1.00,1.00,1.00,"",0,0.0,4,6.7,2,3.3,4,6.7,-16115,-1.9,-10780,-11.6,71,76.3,-78,-7.1
"US000","2","5418","16","0","2021","1","",5,24,25,25,426199,0,0,1329,"",1.00,1.00,1.00,1.00,1.00,0.00,0.00,1.00,"",0,0.0,-3,-11.1,-3,-10.7,1,4.2,-63158,-12.9,-9000,-100.0,-144,-100.0,-100,-7.0
"US000","2","54182","17","0","2021","1","N",1,0,0,0,0,0,0,0,"N",1.00,0,0,0,0,0,0,0,"N",0,0.0,0,0,0,0,0,0,0,0,0,0,0,0,0,0
"US000","2","541820","18","0","2021","1","N",1,0,0,0,0,0,0,0,"N",1.00,0,0,0,0,0,0,0,"N",0,0.0,0,0,0,0,0,0,0,0,0,0,0,0,0,0
"US000","2","54185","17","0","2021","1","N",4,0,0,0,0,0,0,0,"N",1.00,0,0,0,0,0,0,0,"N",0,0.0,0,0,0,0,0,0,0,0,0,0,0,0,0,0
"US000","2","541850","18","0","2021","1","N",4,0,0,0,0,0,0,0,"N",1.00,0,0,0,0,0,0,0,"N",0,0.0,0,0,0,0,0,0,0,0,0,0,0,0,0,0
"US000","2","5419","16","0","2021","1","",19,272,278,321,3676662,17529,491,974,"",1.00,1.00,1.00,1.00,1.00,1.00,1.00,1.00,"",3,18.8,-4,-1.4,3,1.1,56,21.1,-7148,-0.2,-933,-5.1,-7,-1.4,-68,-6.5
"US000","2","54191","17","0","2021","1","N",2,0,0,0,0,0,0,0,"N",1.00,0,0,0,0,0,0,0,"N",1,100.0,0,0,0,0,0,0,0,0,0,0,0,0,0,0
"US000","2","541910","18","0","2021","1","N",2,0,0,0,0,0,0,0,"N",1.00,0,0,0,0,0,0,0,"N",1,100.0,0,0,0,0,0,0,0,0,0,0,0,0,0,0
"US000","2","54194","17","0","2021","1","",11,247,253,296,3166485,0,0,918,"",1.00,1.00,1.00,1.00,1.00,0.00,0.00,1.00,"",0,0.0,-5,-2.0,2,0.8,55,22.8,-32102,-1.0,0,0.0,0,0.0,-74,-7.5
"US000","2","541940","18","0","2021","1","",11,247,253,296,3166485,0,0,918,"",1.00,1.00,1.00,1.00,1.00,0.00,0.00,1.00,"",0,0.0,-5,-2.0,2,0.8,55,22.8,-32102,-1.0,0,0.0,0,0.0,-74,-7.5
"US000","2","54199","17","0","2021","1","N",6,0,0,0,0,0,0,0,"N",1.00,0,0,0,0,0,0,0,"N",2,50.0,0,0,0,0,0,0,0,0,0,0,0,0,0,0
"US000","2","541990","18","0","2021","1","N",6,0,0,0,0,0,0,0,"N",1.00,0,0,0,0,0,0,0,"N",2,50.0,0,0,0,0,0,0,0,0,0,0,0,0,0,0
"US000","2","56","14","0","2021","1","",540,10095,10097,10135,134206994,12227405,130891,1021,"",1.00,1.00,1.00,1.00,1.00,1.00,1.00,1.00,"",3,0.6,825,8.9,826,8.9,930,10.1,9367859,7.5,458987,3.9,24796,23.4,-17,-1.6
"US000","2","561","15","0","2021","1","",532,9732,9735,9778,128568491,9925258,72406,1015,"",1.00,1.00,1.00,1.00,1.00,1.00,1.00,1.00,"",4,0.8,831,9.3,827,9.3,935,10.6,9837564,8.3,714309,7.8,7184,11.0,-13,-1.3
"US000","2","5611","16","0","2021","1","",17,155,164,166,3216958,27154,2009,1531,"",1.00,1.00,1.00,1.00,1.00,1.00,1.00,1.00,"",3,21.4,4,2.6,-2,-1.2,-3,-1.8,-272063,-7.8,27154,100.0,2009,100.0,-126,-7.6
"US000","2","56111","17","0","2021","1","",17,155,164,166,3216958,27154,2009,1531,"",1.00,1.00,1.00,1.00,1.00,1.00,1.00,1.00,"",3,21.4,4,2.6,-2,-1.2,-3,-1.8,-272063,-7.8,27154,100.0,2009,100.0,-126,-7.6
"US000","2","561110","18","0","2021","1","",17,155,164,166,3216958,27154,2009,1531,"",1.00,1.00,1.00,1.00,1.00,1.00,1.00,1.00,"",3,21.4,4,2.6,-2,-1.2,-3,-1.8,-272063,-7.8,27154,100.0,2009,100.0,-126,-7.6
"US000","2","5612","16","0","2021","1","",11,957,951,963,14023729,371719,3717,1127,"",1.00,1.00,1.00,1.00,1.00,1.00,1.00,1.00,"",0,0.0,-1,-0.1,0,0.0,-19,-1.9,-2309421,-14.1,34844,10.3,349,10.4,-177,-13.6
"US000","2","56121","17","0","2021","1","",11,957,951,963,14023729,371719,3717,1127,"",1.00,1.00,1.00,1.00,1.00,1.00,1.00,1.00,"",0,0.0,-1,-0.1,0,0.0,-19,-1.9,-2309421,-14.1,34844,10.3,349,10.4,-177,-13.6
"US000","2","561210","18","0","2021","1","",11,957,951,963,14023729,371719,3717,1127,"",1.00,1.00,1.00,1.00,1.00,1.00,1.00,1.00,"",0,0.0,-1,-0.1,0,0.0,-19,-1.9,-2309421,-14.1,34844,10.3,349,10.4,-177,-13.6
"US000","2","5613","16","0","2021","1","",418,4131,4138,4164,54333871,7161826,52323,1008,"",1.00,1.00,1.00,1.00,1.00,1.00,1.00,1.00,"",0,0.0,308,8.1,341,9.0,373,9.8,2608109,5.0,598657,9.1,898,1.7,-38,-3.6
"US000","2","56131","17","0","2021","1","",418,4131,4138,4164,54333871,7161826,52323,1008,"",1.00,1.00,1.00,1.00,1.00,1.00,1.00,1.00,"",0,0.0,308,8.1,341,9.0,373,9.8,2608109,5.0,598657,9.1,898,1.7,-38,-3.6
"US000","2","561311","18","0","2021","1","",418,4131,4138,4164,54333871,7161826,52323,1008,"",1.00,1.00,1.00,1.00,1.00,1.00,1.00,1.00,"",0,0.0,308,8.1,341,9.0,373,9.8,2608109,5.0,598657,9.1,898,1.7,-38,-3.6
"US000","2","5614","16","0","2021","1","",12,1932,1897,1908,23511854,0,0,946,"",1.00,1.00,1.00,1.00,1.00,0.00,0.00,1.00,"",1,9.1,703,57.2,668,54.4,691,56.8,10881243,86.1,0,0.0,0,0.0,153,19.3
"US000","2","56142","17","0","2021","1","",12,1932,1897,1908,23511854,0,0,946,"",1.00,1.00,1.00,1.00,1.00,0.00,0.00,1.00,"",1,9.1,703,57.2,668,54.4,691,56.8,10881243,86.1,0,0.0,0,0.0,153,19.3
"US000","2","561421","18","0","2021","1","N",1,0,0,0,0,0,0,0,"N",1.00,0,0,0,0,0,0,0,"N",0,0.0,0,0,0,0,0,0,0,0,0,0,0,0,0,0
"US000","2","561422","18","0","2021","1","N",11,0,0,0,0,0,0,0,"N",1.00,0,0,0,0,0,0,0,"N",1,10.0,0,0,0,0,0,0,0,0,0,0,0,0,0,0
"US000","2","5615","16","0","2021","1","N",8,0,0,0,0,0,0,0,"N",1.00,0,0,0,0,0,0,0,"N",0,0.0,0,0,0,0,0,0,0,0,0,0,0,0,0,0
"US000","2","56159","17","0","2021","1","N",8,0,0,0,0,0,0,0,"N",1.00,0,0,0,0,0,0,0,"N",0,0.0,0,0,0,0,0,0,0,0,0,0,0,0,0,0
"US000","2","561591","18","0","2021","1","",6,20,20,20,264921,0,0,1019,"",1.00,1.00,1.00,1.00,1.00,0.00,0.00,1.00,"",0,0.0,-2,-9.1,-2,-9.1,-2,-9.1,2433,0.9,0,0.0,0,0.0,101,11.0
"US000","2","561599","18","0","2021","1","N",2,0,0,0,0,0,0,0,"N",1.00,0,0,0,0,0,0,0,"N",0,0.0,0,0,0,0,0,0,0,0,0,0,0,0,0,0
"US000","2","5616","16","0","2021","1","",5,153,159,159,1591503,786440,7864,780,"",1.00,1.00,1.00,1.00,1.00,1.00,1.00,1.00,"",0,0.0,0,0.0,11,7.4,8,5.3,-124610,-7.3,94130,13.6,941,13.6,-96,-11.0
"US000","2","56161","17","0","2021","1","",5,153,159,159,1591503,786440,7864,780,"",1.00,1.00,1.00,1.00,1.00,1.00,1.00,1.00,"",0,0.0,0,0.0,11,7.4,8,5.3,-124610,-7.3,94130,13.6,941,13.6,-96,-11.0
"US000","2","561611","18","0","2021","1","N",1,0,0,0,0,0,0,0,"N",1.00,0,0,0,0,0,0,0,"N",0,0.0,0,0,0,0,0,0,0,0,0,0,0,0,0,0
"US000","2","561612","18","0","2021","1","N",4,0,0,0,0,0,0,0,"N",1.00,0,0,0,0,0,0,0,"N",0,0.0,0,0,0,0,0,0,0,0,0,0,0,0,0,0
"US000","2","5617","16","0","2021","1","",59,2096,2115,2110,27020729,1547440,6189,986,"",1.00,1.00,1.00,1.00,1.00,1.00,1.00,1.00,"",0,0.0,-34,-1.6,-18,-0.8,-27,-1.3,664532,2.5,-16476,-1.1,3060,97.8,36,3.8
"US000","2","56171","17","0","2021","1","",15,107,117,117,1547440,1547440,6189,1047,"",1.00,1.00,1.00,1.00,1.00,1.00,1.00,1.00,"",0,0.0,-13,-10.8,-1,-0.8,2,1.7,-16476,-1.1,-16476,-1.1,3060,97.8,25,2.4
"US000","2","561710","18","0","2021","1","",15,107,117,117,1547440,1547440,6189,1047,"",1.00,1.00,1.00,1.00,1.00,1.00,1.00,1.00,"",0,0.0,-13,-10.8,-1,-0.8,2,1.7,-16476,-1.1,-16476,-1.1,3060,97.8,25,2.4
"US000","2","56172","17","0","2021","1","",40,1134,1141,1137,15028773,0,0,1016,"",1.00,1.00,1.00,1.00,1.00,0.00,0.00,1.00,"",0,0.0,-44,-3.7,-42,-3.6,-46,-3.9,-402331,-2.6,0,0.0,0,0.0,11,1.1
"US000","2","561720","18","0","2021","1","",40,1134,1141,1137,15028773,0,0,1016,"",1.00,1.00,1.00,1.00,1.00,0.00,0.00,1.00,"",0,0.0,-44,-3.7,-42,-3.6,-46,-3.9,-402331,-2.6,0,0.0,0,0.0,11,1.1
"US000","2","56173","17","0","2021","1","N",1,0,0,0,0,0,0,0,"N",1.00,0,0,0,0,0,0,0,"N",0,0.0,0,0,0,0,0,0,0,0,0,0,0,0,0,0
"US000","2","561730","18","0","2021","1","N",1,0,0,0,0,0,0,0,"N",1.00,0,0,0,0,0,0,0,"N",0,0.0,0,0,0,0,0,0,0,0,0,0,0,0,0,0
"US000","2","56179","17","0","2021","1","N",3,0,0,0,0,0,0,0,"N",1.00,0,0,0,0,0,0,0,"N",0,0.0,0,0,0,0,0,0,0,0,0,0,0,0,0,0
"US000","2","561790","18","0","2021","1","N",3,0,0,0,0,0,0,0,"N",1.00,0,0,0,0,0,0,0,"N",0,0.0,0,0,0,0,0,0,0,0,0,0,0,0,0,0
"US000","2","5619","16","0","2021","1","N",2,0,0,0,0,0,0,0,"N",1.00,0,0,0,0,0,0,0,"N",0,0.0,0,0,0,0,0,0,0,0,0,0,0,0,0,0
"US000","2","56192","17","0","2021","1","N",2,0,0,0,0,0,0,0,"N",1.00,0,0,0,0,0,0,0,"N",0,0.0,0,0,0,0,0,0,0,0,0,0,0,0,0,0
"US000","2","561920","18","0","2021","1","N",2,0,0,0,0,0,0,0,"N",1.00,0,0,0,0,0,0,0,"N",0,0.0,0,0,0,0,0,0,0,0,0,0,0,0,0,0
"US000","2","562","15","0","2021","1","",8,363,362,357,5638503,2302147,58485,1203,"",1.00,1.00,1.00,1.00,1.00,1.00,1.00,1.00,"",-1,-11.1,-6,-1.6,-1,-0.3,-5,-1.4,-469705,-7.7,-255322,-10.0,17612,43.1,-85,-6.6
"US000","2","5622","16","0","2021","1","N",7,0,0,0,0,0,0,0,"N",1.00,0,0,0,0,0,0,0,"N",-1,-12.5,0,0,0,0,0,0,0,0,0,0,0,0,0,0
"US000","2","56221","17","0","2021","1","N",7,0,0,0,0,0,0,0,"N",1.00,0,0,0,0,0,0,0,"N",-1,-12.5,0,0,0,0,0,0,0,0,0,0,0,0,0,0
"US000","2","562212","18","0","2021","1","N",7,0,0,0,0,0,0,0,"N",1.00,0,0,0,0,0,0,0,"N",-1,-12.5,0,0,0,0,0,0,0,0,0,0,0,0,0,0
"US000","2","5629","16","0","2021","1","N",1,0,0,0,0,0,0,0,"N",1.00,0,0,0,0,0,0,0,"N",0,0.0,0,0,0,0,0,0,0,0,0,0,0,0,0,0
"US000","2","56291","17","0","2021","1","N",1,0,0,0,0,0,0,0,"N",1.00,0,0,0,0,0,0,0,"N",0,0.0,0,0,0,0,0,0,0,0,0,0,0,0,0,0
"US000","2","562910","18","0","2021","1","N",1,0,0,0,0,0,0,0,"N",1.00,0,0,0,0,0,0,0,"N",0,0.0,0,0,0,0,0,0,0,0,0,0,0,0,0,0
"US000","2","61","14","0","2021","1","",7977,1869798,1936089,1943680,32189242057,1010918862,2484660,1292,"",1.00,1.00,1.00,1.00,1.00,1.00,1.00,1.00,"",14,0.2,-109350,-5.5,-116325,-5.7,-113225,-5.5,-815637343,-2.5,-66415929,-6.2,1001505,67.5,41,3.3
"US000","2","611","15","0","2021","1","",7977,1869798,1936089,1943680,32189242057,1010918862,2484660,1292,"",1.00,1.00,1.00,1.00,1.00,1.00,1.00,1.00,"",14,0.2,-109350,-5.5,-116325,-5.7,-113225,-5.5,-815637343,-2.5,-66415929,-6.2,1001505,67.5,41,3.3
"US000","2","6111","16","0","2021","1","",894,55828,57368,57982,745972088,28845640,106493,1006,"",1.00,1.00,1.00,1.00,1.00,1.00,1.00,1.00,"",10,1.1,-6476,-10.4,-7272,-11.2,-6411,-10.0,-46517565,-5.9,-369779,-1.3,27844,35.4,50,5.2
"US000","2","61111","17","0","2021","1","",894,55828,57368,57982,745972088,28845640,106493,1006,"",1.00,1.00,1.00,1.00,1.00,1.00,1.00,1.00,"",10,1.1,-6476,-10.4,-7272,-11.2,-6411,-10.0,-46517565,-5.9,-369779,-1.3,27844,35.4,50,5.2
"US000","2","611110","18","0","2021","1","",894,55828,57368,57982,745972088,28845640,106493,1006,"",1.00,1.00,1.00,1.00,1.00,1.00,1.00,1.00,"",10,1.1,-6476,-10.4,-7272,-11.2,-6411,-10.0,-46517565,-5.9,-369779,-1.3,27844,35.4,50,5.2
"US000","2","6112","16","0","2021","1","",840,190076,206753,209613,2112201830,141253945,436545,804,"",1.00,1.00,1.00,1.00,1.00,1.00,1.00,1.00,"",13,1.6,-23085,-10.8,-26480,-11.4,-26125,-11.1,-130579603,-5.8,-12048964,-7.9,180721,70.6,45,5.9
"US000","2","61121","17","0","2021","1","",840,190076,206753,209613,2112201830,141253945,436545,804,"",1.00,1.00,1.00,1.00,1.00,1.00,1.00,1.00,"",13,1.6,-23085,-10.8,-26480,-11.4,-26125,-11.1,-130579603,-5.8,-12048964,-7.9,180721,70.6,45,5.9
"US000","2","611210","18","0","2021","1","",840,190076,206753,209613,2112201830,141253945,436545,804,"",1.00,1.00,1.00,1.00,1.00,1.00,1.00,1.00,"",13,1.6,-23085,-10.8,-26480,-11.4,-26125,-11.1,-130579603,-5.8,-12048964,-7.9,180721,70.6,45,5.9
"US000","2","6113","16","0","2021","1","",5887,1610579,1657875,1661657,29182704578,832324859,1928563,1366,"",1.00,1.00,1.00,1.00,1.00,1.00,1.00,1.00,"",-10,-0.2,-78703,-4.7,-81449,-4.7,-79542,-4.6,-631807028,-2.1,-53237809,-6.0,788873,69.2,35,2.6
"US000","2","61131","17","0","2021","1","",5887,1610579,1657875,1661657,29182704578,832324859,1928563,1366,"",1.00,1.00,1.00,1.00,1.00,1.00,1.00,1.00,"",-10,-0.2,-78703,-4.7,-81449,-4.7,-79542,-4.6,-631807028,-2.1,-53237809,-6.0,788873,69.2,35,2.6
"US000","2","611310","18","0","2021","1","",5887,1610579,1657875,1661657,29182704578,832324859,1928563,1366,"",1.00,1.00,1.00,1.00,1.00,1.00,1.00,1.00,"",-10,-0.2,-78703,-4.7,-81449,-4.7,-79542,-4.6,-631807028,-2.1,-53237809,-6.0,788873,69.2,35,2.6
"US000","2","6114","16","0","2021","1","",21,2026,2025,2026,34463956,73845,2178,1309,"",1.00,1.00,1.00,1.00,1.00,1.00,1.00,1.00,"",1,5.0,-11,-0.5,-27,-1.3,-20,-1.0,-485284,-1.4,73845,100.0,2178,100.0,-6,-0.5
"US000","2","61143","17","0","2021","1","",21,2026,2025,2026,34463956,73845,2178,1309,"",1.00,1.00,1.00,1.00,1.00,1.00,1.00,1.00,"",1,5.0,-11,-0.5,-27,-1.3,-20,-1.0,-485284,-1.4,73845,100.0,2178,100.0,-6,-0.5
"US000","2","611430","18","0","2021","1","",21,2026,2025,2026,34463956,73845,2178,1309,"",1.00,1.00,1.00,1.00,1.00,1.00,1.00,1.00,"",1,5.0,-11,-0.5,-27,-1.3,-20,-1.0,-485284,-1.4,73845,100.0,2178,100.0,-6,-0.5
"US000","2","6115","16","0","2021","1","",280,10213,10820,11111,101201867,8036903,6650,727,"",1.00,1.00,1.00,1.00,1.00,1.00,1.00,1.00,"",-4,-1.4,-1037,-9.2,-1021,-8.6,-1106,-9.1,-6316192,-5.9,-632086,-7.3,1439,27.6,24,3.4
"US000","2","61151","17","0","2021","1","",280,10213,10820,11111,101201867,8036903,6650,727,"",1.00,1.00,1.00,1.00,1.00,1.00,1.00,1.00,"",-4,-1.4,-1037,-9.2,-1021,-8.6,-1106,-9.1,-6316192,-5.9,-632086,-7.3,1439,27.6,24,3.4
"US000","2","611512","18","0","2021","1","N",2,0,0,0,0,0,0,0,"N",1.00,0,0,0,0,0,0,0,"N",0,0.0,0,0,0,0,0,0,0,0,0,0,0,0,0,0
"US000","2","611513","18","0","2021","1","N",3,0,0,0,0,0,0,0,"N",1.00,0,0,0,0,0,0,0,"N",0,0.0,0,0,0,0,0,0,0,0,0,0,0,0,0,0
"US000","2","611519","18","0","2021","1","",275,9789,10386,10678,97147897,5912856,278,727,"",1.00,1.00,1.00,1.00,1.00,1.00,1.00,1.00,"",-4,-1.4,-1025,-9.5,-1002,-8.8,-1077,-9.2,-5901156,-5.7,-150857,-2.5,278,100.0,27,3.9
"US000","2","6116","16","0","2021","1","",30,930,1095,1132,10743330,90007,537,785,"",1.00,1.00,1.00,1.00,1.00,1.00,1.00,1.00,"",2,7.1,-46,-4.7,-90,-7.6,-42,-3.6,-188930,-1.7,-4510,-4.8,-342,-38.9,29,3.8
"US000","2","61161","17","0","2021","1","N",4,0,0,0,0,0,0,0,"N",1.00,0,0,0,0,0,0,0,"N",1,33.3,0,0,0,0,0,0,0,0,0,0,0,0,0,0
"US000","2","611610","18","0","2021","1","N",4,0,0,0,0,0,0,0,"N",1.00,0,0,0,0,0,0,0,"N",1,33.3,0,0,0,0,0,0,0,0,0,0,0,0,0,0
"US000","2","61162","17","0","2021","1","N",2,0,0,0,0,0,0,0,"N",1.00,0,0,0,0,0,0,0,"N",0,0.0,0,0,0,0,0,0,0,0,0,0,0,0,0,0
"US000","2","611620","18","0","2021","1","N",2,0,0,0,0,0,0,0,"N",1.00,0,0,0,0,0,0,0,"N",0,0.0,0,0,0,0,0,0,0,0,0,0,0,0,0,0
"US000","2","61169","17","0","2021","1","",24,292,387,414,2306837,90007,537,487,"",1.00,1.00,1.00,1.00,1.00,1.00,1.00,1.00,"",1,4.3,4,1.4,-80,-17.1,-52,-11.2,-279830,-10.8,-4510,-4.8,-342,-38.9,-2,-0.4
"US000","2","611691","18","0","2021","1","",6,114,207,233,471073,0,0,196,"",1.00,1.00,1.00,1.00,1.00,0.00,0.00,1.00,"",0,0.0,11,10.7,-75,-26.6,-44,-15.9,-54874,-10.4,0,0.0,0,0.0,13,7.1
"US000","2","611699","18","0","2021","1","",18,178,180,181,1835764,90007,537,786,"",1.00,1.00,1.00,1.00,1.00,1.00,1.00,1.00,"",1,5.9,-7,-3.8,-5,-2.7,-8,-4.2,-224956,-10.9,-4510,-4.8,-342,-38.9,-65,-7.6
"US000","2","6117","16","0","2021","1","",25,146,153,159,1954408,293663,3694,985,"",1.00,1.00,1.00,1.00,1.00,1.00,1.00,1.00,"",2,8.7,8,5.8,14,10.1,21,15.2,257259,15.2,-196626,-40.1,792,27.3,41,4.3
"US000","2","61171","17","0","2021","1","",25,146,153,159,1954408,293663,3694,985,"",1.00,1.00,1.00,1.00,1.00,1.00,1.00,1.00,"",2,8.7,8,5.8,14,10.1,21,15.2,257259,15.2,-196626,-40.1,792,27.3,41,4.3
"US000","2","611710","18","0","2021","1","",25,146,153,159,1954408,293663,3694,985,"",1.00,1.00,1.00,1.00,1.00,1.00,1.00,1.00,"",2,8.7,8,5.8,14,10.1,21,15.2,257259,15.2,-196626,-40.1,792,27.3,41,4.3
"US000","2","62","14","0","2021","1","",6702,647899,647921,647756,10506129844,175078403,709034,1247,"",1.00,1.00,1.00,1.00,1.00,1.00,1.00,1.00,"",-34,-0.5,-7265,-1.1,-7655,-1.2,-6670,-1.0,242243624,2.4,-44552951,-20.3,282160,66.1,42,3.5
"US000","2","621","15","0","2021","1","",1138,34537,34610,34490,520856389,20380694,81530,1160,"",1.00,1.00,1.00,1.00,1.00,1.00,1.00,1.00,"",-12,-1.0,-2034,-5.6,-2038,-5.6,-2095,-5.7,-31911206,-5.8,-37634861,-64.9,-2448,-2.9,-2,-0.2
"US000","2","6211","16","0","2021","1","",205,11538,11566,11595,214595059,0,0,1427,"",1.00,1.00,1.00,1.00,1.00,0.00,0.00,1.00,"",-1,-0.5,-1657,-12.6,-1680,-12.7,-1647,-12.4,-38125666,-15.1,-37788731,-100.0,-42843,-100.0,-43,-2.9
"US000","2","62111","17","0","2021","1","",205,11538,11566,11595,214595059,0,0,1427,"",1.00,1.00,1.00,1.00,1.00,0.00,0.00,1.00,"",-1,-0.5,-1657,-12.6,-1680,-12.7,-1647,-12.4,-38125666,-15.1,-37788731,-100.0,-42843,-100.0,-43,-2.9
"US000","2","621111","18","0","2021","1","",202,11412,11441,11468,212817627,0,0,1431,"",1.00,1.00,1.00,1.00,1.00,0.00,0.00,1.00,"",0,0.0,-1638,-12.6,-1663,-12.7,-1630,-12.4,-37781515,-15.1,-37788731,-100.0,-42843,-100.0,-42,-2.9
"US000","2","621112","18","0","2021","1","",3,126,125,127,1777432,0,0,1085,"",1.00,1.00,1.00,1.00,1.00,0.00,0.00,1.00,"",-1,-25.0,-19,-13.1,-17,-12.0,-17,-11.8,-344151,-16.2,0,0.0,0,0.0,-51,-4.5
"US000","2","6212","16","0","2021","1","N",2,0,0,0,0,0,0,0,"N",1.00,0,0,0,0,0,0,0,"N",0,0.0,0,0,0,0,0,0,0,0,0,0,0,0,0,0
"US000","2","62121","17","0","2021","1","N",2,0,0,0,0,0,0,0,"N",1.00,0,0,0,0,0,0,0,"N",0,0.0,0,0,0,0,0,0,0,0,0,0,0,0,0,0
"US000","2","621210","18","0","2021","1","N",2,0,0,0,0,0,0,0,"N",1.00,0,0,0,0,0,0,0,"N",0,0.0,0,0,0,0,0,0,0,0,0,0,0,0,0,0
"US000","2","6213","16","0","2021","1","",19,292,286,292,2454825,0,0,651,"",1.00,1.00,1.00,1.00,1.00,0.00,0.00,1.00,"",0,0.0,4,1.4,-2,-0.7,3,1.0,98238,4.2,0,0.0,0,0.0,22,3.5
"US000","2","62133","17","0","2021","1","N",1,0,0,0,0,0,0,0,"N",1.00,0,0,0,0,0,0,0,"N",0,0.0,0,0,0,0,0,0,0,0,0,0,0,0,0,0
"US000","2","621330","18","0","2021","1","N",1,0,0,0,0,0,0,0,"N",1.00,0,0,0,0,0,0,0,"N",0,0.0,0,0,0,0,0,0,0,0,0,0,0,0,0,0
"US000","2","62134","17","0","2021","1","N",4,0,0,0,0,0,0,0,"N",1.00,0,0,0,0,0,0,0,"N",0,0.0,0,0,0,0,0,0,0,0,0,0,0,0,0,0
"US000","2","621340","18","0","2021","1","N",4,0,0,0,0,0,0,0,"N",1.00,0,0,0,0,0,0,0,"N",0,0.0,0,0,0,0,0,0,0,0,0,0,0,0,0,0
"US000","2","62139","17","0","2021","1","",14,248,242,247,1807568,0,0,566,"",1.00,1.00,1.00,1.00,1.00,0.00,0.00,1.00,"",0,0.0,3,1.2,-2,-0.8,2,0.8,82525,4.8,0,0.0,0,0.0,24,4.4
"US000","2","621399","18","0","2021","1","",14,248,242,247,1807568,0,0,566,"",1.00,1.00,1.00,1.00,1.00,0.00,0.00,1.00,"",0,0.0,3,1.2,-2,-0.8,2,0.8,82525,4.8,0,0.0,0,0.0,24,4.4
"US000","2","6214","16","0","2021","1","",893,21506,21552,21392,289229307,20348951,81120,1036,"",1.00,1.00,1.00,1.00,1.00,1.00,1.00,1.00,"",-11,-1.2,-411,-1.9,-377,-1.7,-484,-2.2,5477003,1.9,153677,0.8,40392,99.2,40,4.0
"US000","2","62141","17","0","2021","1","",4,94,92,97,1012240,0,0,825,"",1.00,1.00,1.00,1.00,1.00,0.00,0.00,1.00,"",0,0.0,-12,-11.3,-13,-12.4,-6,-5.8,6840,0.7,0,0.0,0,0.0,86,11.6
"US000","2","621410","18","0","2021","1","",4,94,92,97,1012240,0,0,825,"",1.00,1.00,1.00,1.00,1.00,0.00,0.00,1.00,"",0,0.0,-12,-11.3,-13,-12.4,-6,-5.8,6840,0.7,0,0.0,0,0.0,86,11.6
"US000","2","62142","17","0","2021","1","",524,11988,11929,11724,162809135,20070712,80285,1054,"",1.00,1.00,1.00,1.00,1.00,1.00,1.00,1.00,"",-7,-1.3,-870,-6.8,-917,-7.1,-1052,-8.2,-3832584,-2.3,140935,0.7,40420,101.4,55,5.5
"US000","2","621420","18","0","2021","1","",524,11988,11929,11724,162809135,20070712,80285,1054,"",1.00,1.00,1.00,1.00,1.00,1.00,1.00,1.00,"",-7,-1.3,-870,-6.8,-917,-7.1,-1052,-8.2,-3832584,-2.3,140935,0.7,40420,101.4,55,5.5
"US000","2","62149","17","0","2021","1","",365,9424,9531,9571,125407932,278239,835,1015,"",1.00,1.00,1.00,1.00,1.00,1.00,1.00,1.00,"",-4,-1.1,471,5.3,553,6.2,574,6.4,9302747,8.0,12742,4.8,-28,-3.2,20,2.0
"US000","2","621492","18","0","2021","1","N",4,0,0,0,0,0,0,0,"N",1.00,0,0,0,0,0,0,0,"N",0,0.0,0,0,0,0,0,0,0,0,0,0,0,0,0,0
"US000","2","621493","18","0","2021","1","N",20,0,0,0,0,0,0,0,"N",1.00,0,0,0,0,0,0,0,"N",-1,-4.8,0,0,0,0,0,0,0,0,0,0,0,0,0,0
"US000","2","621498","18","0","2021","1","",341,8836,8945,8978,118432413,0,0,1021,"",1.00,1.00,1.00,1.00,1.00,0.00,0.00,1.00,"",-3,-0.9,474,5.7,555,6.6,573,6.8,9934121,9.2,0,0.0,0,0.0,26,2.6
"US000","2","6215","16","0","2021","1","",14,1065,1069,1072,13369165,0,0,962,"",1.00,1.00,1.00,1.00,1.00,0.00,0.00,1.00,"",0,0.0,32,3.1,23,2.2,31,3.0,680119,5.4,0,0.0,0,0.0,23,2.4
"US000","2","62151","17","0","2021","1","",14,1065,1069,1072,13369165,0,0,962,"",1.00,1.00,1.00,1.00,1.00,0.00,0.00,1.00,"",0,0.0,32,3.1,23,2.2,31,3.0,680119,5.4,0,0.0,0,0.0,23,2.4
"US000","2","621511","18","0","2021","1","N",12,0,0,0,0,0,0,0,"N",1.00,0,0,0,0,0,0,0,"N",0,0.0,0,0,0,0,0,0,0,0,0,0,0,0,0,0
"US000","2","621512","18","0","2021","1","N",2,0,0,0,0,0,0,0,"N",1.00,0,0,0,0,0,0,0,"N",0,0.0,0,0,0,0,0,0,0,0,0,0,0,0,0,0
"US000","2","6216","16","0","2021","1","",4,75,78,78,801886,0,0,801,"",1.00,1.00,1.00,1.00,1.00,0.00,0.00,1.00,"",0,0.0,-2,-2.6,1,1.3,4,5.4,33532,4.4,0,0.0,0,0.0,23,3.0
"US000","2","62161","17","0","2021","1","",4,75,78,78,801886,0,0,801,"",1.00,1.00,1.00,1.00,1.00,0.00,0.00,1.00,"",0,0.0,-2,-2.6,1,1.3,4,5.4,33532,4.4,0,0.0,0,0.0,23,3.0
"US000","2","621610","18","0","2021","1","",4,75,78,78,801886,0,0,801,"",1.00,1.00,1.00,1.00,1.00,0.00,0.00,1.00,"",0,0.0,-2,-2.6,1,1.3,4,5.4,33532,4.4,0,0.0,0,0.0,23,3.0
"US000","2","6219","16","0","2021","1","N",1,0,0,0,0,0,0,0,"N",1.00,0,0,0,0,0,0,0,"N",0,0.0,0,0,0,0,0,0,0,0,0,0,0,0,0,0
"US000","2","62191","17","0","2021","1","-",0,0,0,0,0,0,0,0,"N",0.00,0,0,0,0,0,0,0,"N",0,0,0,0,0,0,0,0,0,0,0,0,0,0,0,0
"US000","2","621910","18","0","2021","1","-",0,0,0,0,0,0,0,0,"N",0.00,0,0,0,0,0,0,0,"N",0,0,0,0,0,0,0,0,0,0,0,0,0,0,0,0
"US000","2","62199","17","0","2021","1","N",1,0,0,0,0,0,0,0,"N",1.00,0,0,0,0,0,0,0,"N",0,0.0,0,0,0,0,0,0,0,0,0,0,0,0,0,0
"US000","2","621991","18","0","2021","1","N",1,0,0,0,0,0,0,0,"N",1.00,0,0,0,0,0,0,0,"N",0,0.0,0,0,0,0,0,0,0,0,0,0,0,0,0,0
"US000","2","622","15","0","2021","1","",1098,399338,399847,400343,7220371323,75415630,295257,1389,"",1.00,1.00,1.00,1.00,1.00,1.00,1.00,1.00,"",-22,-2.0,3267,0.8,3196,0.8,4357,1.1,337785336,4.9,1859954,2.5,146040,97.9,53,4.0
"US000","2","6221","16","0","2021","1","",113,251437,252724,253926,4741313673,37589600,150529,1443,"",1.00,1.00,1.00,1.00,1.00,1.00,1.00,1.00,"",3,2.7,6143,2.5,6740,2.7,8838,3.6,383375371,8.8,1677400,4.7,78617,109.3,77,5.6
"US000","2","62211","17","0","2021","1","",113,251437,252724,253926,4741313673,37589600,150529,1443,"",1.00,1.00,1.00,1.00,1.00,1.00,1.00,1.00,"",3,2.7,6143,2.5,6740,2.7,8838,3.6,383375371,8.8,1677400,4.7,78617,109.3,77,5.6
"US000","2","622110","18","0","2021","1","",113,251437,252724,253926,4741313673,37589600,150529,1443,"",1.00,1.00,1.00,1.00,1.00,1.00,1.00,1.00,"",3,2.7,6143,2.5,6740,2.7,8838,3.6,383375371,8.8,1677400,4.7,78617,109.3,77,5.6
"US000","2","6222","16","0","2021","1","",956,113201,112624,112116,1707405746,37826030,144728,1166,"",1.00,1.00,1.00,1.00,1.00,1.00,1.00,1.00,"",-23,-2.3,-2197,-1.9,-2689,-2.3,-3240,-2.8,-36816689,-2.1,182554,0.5,67423,87.2,3,0.3
"US000","2","62221","17","0","2021","1","",956,113201,112624,112116,1707405746,37826030,144728,1166,"",1.00,1.00,1.00,1.00,1.00,1.00,1.00,1.00,"",-23,-2.3,-2197,-1.9,-2689,-2.3,-3240,-2.8,-36816689,-2.1,182554,0.5,67423,87.2,3,0.3
"US000","2","622210","18","0","2021","1","",956,113201,112624,112116,1707405746,37826030,144728,1166,"",1.00,1.00,1.00,1.00,1.00,1.00,1.00,1.00,"",-23,-2.3,-2197,-1.9,-2689,-2.3,-3240,-2.8,-36816689,-2.1,182554,0.5,67423,87.2,3,0.3
"US000","2","6223","16","0","2021","1","",29,34700,34499,34301,771651904,0,0,1721,"",1.00,1.00,1.00,1.00,1.00,0.00,0.00,1.00,"",-2,-6.5,-679,-1.9,-855,-2.4,-1241,-3.5,-8773346,-1.1,0,0.0,0,0.0,26,1.5
"US000","2","62231","17","0","2021","1","",29,34700,34499,34301,771651904,0,0,1721,"",1.00,1.00,1.00,1.00,1.00,0.00,0.00,1.00,"",-2,-6.5,-679,-1.9,-855,-2.4,-1241,-3.5,-8773346,-1.1,0,0.0,0,0.0,26,1.5
"US000","2","622310","18","0","2021","1","",29,34700,34499,34301,771651904,0,0,1721,"",1.00,1.00,1.00,1.00,1.00,0.00,0.00,1.00,"",-2,-6.5,-679,-1.9,-855,-2.4,-1241,-3.5,-8773346,-1.1,0,0.0,0,0.0,26,1.5
"US000","2","623","15","0","2021","1","",1812,113046,112641,112180,1446771548,54437557,207381,988,"",1.00,1.00,1.00,1.00,1.00,1.00,1.00,1.00,"",-7,-0.4,-6454,-5.4,-6867,-5.7,-7162,-6.0,-50780864,-3.4,-9190394,-14.4,95483,85.3,24,2.5
"US000","2","6231","16","0","2021","1","",118,17840,17672,17656,208479007,3496621,8742,905,"",1.00,1.00,1.00,1.00,1.00,1.00,1.00,1.00,"",0,0.0,-916,-4.9,-1067,-5.7,-1131,-6.0,-13322566,-6.0,278444,8.7,697,8.7,-4,-0.4
"US000","2","62311","17","0","2021","1","",118,17840,17672,17656,208479007,3496621,8742,905,"",1.00,1.00,1.00,1.00,1.00,1.00,1.00,1.00,"",0,0.0,-916,-4.9,-1067,-5.7,-1131,-6.0,-13322566,-6.0,278444,8.7,697,8.7,-4,-0.4
"US000","2","623110","18","0","2021","1","",118,17840,17672,17656,208479007,3496621,8742,905,"",1.00,1.00,1.00,1.00,1.00,1.00,1.00,1.00,"",0,0.0,-916,-4.9,-1067,-5.7,-1131,-6.0,-13322566,-6.0,278444,8.7,697,8.7,-4,-0.4
"US000","2","6232","16","0","2021","1","",1124,80643,80369,79942,1023133515,46695952,180379,980,"",1.00,1.00,1.00,1.00,1.00,1.00,1.00,1.00,"",1,0.1,-4106,-4.8,-4344,-5.1,-4628,-5.5,-42471436,-4.0,1331587,2.9,88053,95.4,12,1.2
"US000","2","62321","17","0","2021","1","",977,73141,72876,72483,915053390,38468068,147469,966,"",1.00,1.00,1.00,1.00,1.00,1.00,1.00,1.00,"",-3,-0.3,-3263,-4.3,-3505,-4.6,-3722,-4.9,-36739814,-3.9,1120213,3.0,71180,93.3,7,0.7
"US000","2","623210","18","0","2021","1","",977,73141,72876,72483,915053390,38468068,147469,966,"",1.00,1.00,1.00,1.00,1.00,1.00,1.00,1.00,"",-3,-0.3,-3263,-4.3,-3505,-4.6,-3722,-4.9,-36739814,-3.9,1120213,3.0,71180,93.3,7,0.7
"US000","2","62322","17","0","2021","1","",147,7502,7493,7459,108080125,8227884,32910,1111,"",1.00,1.00,1.00,1.00,1.00,1.00,1.00,1.00,"",4,2.8,-843,-10.1,-839,-10.1,-906,-10.8,-5731622,-5.0,211374,2.6,16873,105.2,62,5.9
"US000","2","623220","18","0","2021","1","",147,7502,7493,7459,108080125,8227884,32910,1111,"",1.00,1.00,1.00,1.00,1.00,1.00,1.00,1.00,"",4,2.8,-843,-10.1,-839,-10.1,-906,-10.8,-5731622,-5.0,211374,2.6,16873,105.2,62,5.9
"US000","2","6233","16","0","2021","1","",286,4824,4815,4771,67650635,0,0,1083,"",1.00,1.00,1.00,1.00,1.00,0.00,0.00,1.00,"",-2,-0.7,-447,-8.5,-441,-8.4,-459,-8.8,-1945398,-2.8,0,0.0,0,0.0,64,6.3
"US000","2","62331","17","0","2021","1","",286,4824,4815,4771,67650635,0,0,1083,"",1.00,1.00,1.00,1.00,1.00,0.00,0.00,1.00,"",-2,-0.7,-447,-8.5,-441,-8.4,-459,-8.8,-1945398,-2.8,0,0.0,0,0.0,64,6.3
"US000","2","623311","18","0","2021","1","",14,2058,2033,2008,25794006,0,0,976,"",1.00,1.00,1.00,1.00,1.00,0.00,0.00,1.00,"",-2,-12.5,-334,-14.0,-353,-14.8,-356,-15.1,-3405014,-11.7,0,0.0,0,0.0,33,3.5
"US000","2","623312","18","0","2021","1","",272,2766,2782,2763,41856629,0,0,1162,"",1.00,1.00,1.00,1.00,1.00,0.00,0.00,1.00,"",0,0.0,-113,-3.9,-88,-3.1,-103,-3.6,1459616,3.6,0,0.0,0,0.0,80,7.4
"US000","2","6239","16","0","2021","1","",284,9739,9785,9811,147508391,4244984,18260,1160,"",1.00,1.00,1.00,1.00,1.00,1.00,1.00,1.00,"",-6,-2.1,-985,-9.2,-1015,-9.4,-944,-8.8,6958536,5.0,-10800425,-71.8,6733,58.4,155,15.4
"US000","2","62399","17","0","2021","1","",284,9739,9785,9811,147508391,4244984,18260,1160,"",1.00,1.00,1.00,1.00,1.00,1.00,1.00,1.00,"",-6,-2.1,-985,-9.2,-1015,-9.4,-944,-8.8,6958536,5.0,-10800425,-71.8,6733,58.4,155,15.4
"US000","2","623990","18","0","2021","1","",284,9739,9785,9811,147508391,4244984,18260,1160,"",1.00,1.00,1.00,1.00,1.00,1.00,1.00,1.00,"",-6,-2.1,-985,-9.2,-1015,-9.4,-944,-8.8,6958536,5.0,-10800425,-71.8,6733,58.4,155,15.4
"US000","2","624","15","0","2021","1","",2654,100978,100823,100743,1318130584,24844522,124866,1005,"",1.00,1.00,1.00,1.00,1.00,1.00,1.00,1.00,"",7,0.3,-2044,-2.0,-1946,-1.9,-1770,-1.7,-12849642,-1.0,412350,1.7,43085,52.7,9,0.9
"US000","2","6241","16","0","2021","1","",1945,86855,86806,86737,1135819971,22791891,114562,1007,"",1.00,1.00,1.00,1.00,1.00,1.00,1.00,1.00,"",22,1.1,-1311,-1.5,-1100,-1.3,-936,-1.1,-8984512,-0.8,676910,3.1,44297,63.0,5,0.5
"US000","2","62411","17","0","2021","1","",728,28784,28725,28700,411002821,4134238,39740,1100,"",1.00,1.00,1.00,1.00,1.00,1.00,1.00,1.00,"",-3,-0.4,968,3.5,888,3.2,1008,3.6,12747438,3.2,456745,12.4,6561,19.8,-3,-0.3
"US000","2","624110","18","0","2021","1","",728,28784,28725,28700,411002821,4134238,39740,1100,"",1.00,1.00,1.00,1.00,1.00,1.00,1.00,1.00,"",-3,-0.4,968,3.5,888,3.2,1008,3.6,12747438,3.2,456745,12.4,6561,19.8,-3,-0.3
"US000","2","62412","17","0","2021","1","",176,3854,3857,3839,49326412,7921615,31789,986,"",1.00,1.00,1.00,1.00,1.00,1.00,1.00,1.00,"",1,0.6,-63,-1.6,-40,-1.0,-76,-1.9,-1551218,-3.0,572482,7.8,17025,115.3,-15,-1.5
"US000","2","624120","18","0","2021","1","",176,3854,3857,3839,49326412,7921615,31789,986,"",1.00,1.00,1.00,1.00,1.00,1.00,1.00,1.00,"",1,0.6,-63,-1.6,-40,-1.0,-76,-1.9,-1551218,-3.0,572482,7.8,17025,115.3,-15,-1.5
"US000","2","62419","17","0","2021","1","",1041,54217,54224,54198,675490738,10736038,43033,958,"",1.00,1.00,1.00,1.00,1.00,1.00,1.00,1.00,"",24,2.4,-2216,-3.9,-1948,-3.5,-1868,-3.3,-20180732,-2.9,-352317,-3.2,20711,92.8,6,0.6
"US000","2","624190","18","0","2021","1","",1041,54217,54224,54198,675490738,10736038,43033,958,"",1.00,1.00,1.00,1.00,1.00,1.00,1.00,1.00,"",24,2.4,-2216,-3.9,-1948,-3.5,-1868,-3.3,-20180732,-2.9,-352317,-3.2,20711,92.8,6,0.6
"US000","2","6242","16","0","2021","1","N",2,0,0,0,0,0,0,0,"N",1.00,0,0,0,0,0,0,0,"N",1,100.0,0,0,0,0,0,0,0,0,0,0,0,0,0,0
"US000","2","62422","17","0","2021","1","N",2,0,0,0,0,0,0,0,"N",1.00,0,0,0,0,0,0,0,"N",1,100.0,0,0,0,0,0,0,0,0,0,0,0,0,0,0
"US000","2","624229","18","0","2021","1","N",2,0,0,0,0,0,0,0,"N",1.00,0,0,0,0,0,0,0,"N",1,100.0,0,0,0,0,0,0,0,0,0,0,0,0,0,0
"US000","2","6243","16","0","2021","1","",683,12991,12842,12827,171051281,9160,275,1021,"",1.00,1.00,1.00,1.00,1.00,1.00,1.00,1.00,"",-16,-2.3,-430,-3.2,-563,-4.2,-566,-4.2,-3582210,-2.1,2796,43.9,84,44.0,19,1.9
"US000","2","62431","17","0","2021","1","",683,12991,12842,12827,171051281,9160,275,1021,"",1.00,1.00,1.00,1.00,1.00,1.00,1.00,1.00,"",-16,-2.3,-430,-3.2,-563,-4.2,-566,-4.2,-3582210,-2.1,2796,43.9,84,44.0,19,1.9
"US000","2","624310","18","0","2021","1","",683,12991,12842,12827,171051281,9160,275,1021,"",1.00,1.00,1.00,1.00,1.00,1.00,1.00,1.00,"",-16,-2.3,-430,-3.2,-563,-4.2,-566,-4.2,-3582210,-2.1,2796,43.9,84,44.0,19,1.9
"US000","2","6244","16","0","2021","1","N",24,0,0,0,0,0,0,0,"N",1.00,0,0,0,0,0,0,0,"N",0,0.0,0,0,0,0,0,0,0,0,0,0,0,0,0,0
"US000","2","62441","17","0","2021","1","N",24,0,0,0,0,0,0,0,"N",1.00,0,0,0,0,0,0,0,"N",0,0.0,0,0,0,0,0,0,0,0,0,0,0,0,0,0
"US000","2","624410","18","0","2021","1","N",24,0,0,0,0,0,0,0,"N",1.00,0,0,0,0,0,0,0,"N",0,0.0,0,0,0,0,0,0,0,0,0,0,0,0,0,0
"US000","2","71","14","0","2021","1","",914,14533,14530,14747,154751476,12353693,383497,815,"",1.00,1.00,1.00,1.00,1.00,1.00,1.00,1.00,"",-1,-0.1,-2209,-13.2,-2074,-12.5,-2053,-12.2,-11646743,-7.0,-595782,-4.6,68667,21.8,49,6.4
"US000","2","711","15","0","2021","1","",33,2311,2310,2286,21044305,10277845,337144,703,"",1.00,1.00,1.00,1.00,1.00,1.00,1.00,1.00,"",2,6.5,-938,-28.9,-772,-25.0,-623,-21.4,-2095798,-9.1,-569944,-5.3,67256,24.9,125,21.6
"US000","2","7111","16","0","2021","1","N",1,0,0,0,0,0,0,0,"N",1.00,0,0,0,0,0,0,0,"N",0,0.0,0,0,0,0,0,0,0,0,0,0,0,0,0,0
"US000","2","71113","17","0","2021","1","N",1,0,0,0,0,0,0,0,"N",1.00,0,0,0,0,0,0,0,"N",0,0.0,0,0,0,0,0,0,0,0,0,0,0,0,0,0
"US000","2","711130","18","0","2021","1","N",1,0,0,0,0,0,0,0,"N",1.00,0,0,0,0,0,0,0,"N",0,0.0,0,0,0,0,0,0,0,0,0,0,0,0,0,0
"US000","2","7112","16","0","2021","1","N",2,0,0,0,0,0,0,0,"N",1.00,0,0,0,0,0,0,0,"N",0,0.0,0,0,0,0,0,0,0,0,0,0,0,0,0,0
"US000","2","71121","17","0","2021","1","N",2,0,0,0,0,0,0,0,"N",1.00,0,0,0,0,0,0,0,"N",0,0.0,0,0,0,0,0,0,0,0,0,0,0,0,0,0
"US000","2","711211","18","0","2021","1","N",1,0,0,0,0,0,0,0,"N",1.00,0,0,0,0,0,0,0,"N",0,0.0,0,0,0,0,0,0,0,0,0,0,0,0,0,0
"US000","2","711219","18","0","2021","1","N",1,0,0,0,0,0,0,0,"N",1.00,0,0,0,0,0,0,0,"N",0,0.0,0,0,0,0,0,0,0,0,0,0,0,0,0,0
"US000","2","7113","16","0","2021","1","",30,778,794,804,8609747,184400,553,836,"",1.00,1.00,1.00,1.00,1.00,1.00,1.00,1.00,"",2,7.1,-653,-45.6,-524,-39.8,-496,-38.2,-1072292,-11.1,-4995,-2.6,-15,-2.6,284,51.4
"US000","2","71131","17","0","2021","1","N",29,0,0,0,0,0,0,0,"N",1.00,0,0,0,0,0,0,0,"N",2,7.4,0,0,0,0,0,0,0,0,0,0,0,0,0,0
"US000","2","711310","18","0","2021","1","N",29,0,0,0,0,0,0,0,"N",1.00,0,0,0,0,0,0,0,"N",2,7.4,0,0,0,0,0,0,0,0,0,0,0,0,0,0
"US000","2","71132","17","0","2021","1","N",1,0,0,0,0,0,0,0,"N",1.00,0,0,0,0,0,0,0,"N",0,0.0,0,0,0,0,0,0,0,0,0,0,0,0,0,0
"US000","2","711320","18","0","2021","1","N",1,0,0,0,0,0,0,0,"N",1.00,0,0,0,0,0,0,0,"N",0,0.0,0,0,0,0,0,0,0,0,0,0,0,0,0,0
"US000","2","712","15","0","2021","1","",842,10913,10926,11107,112868846,351350,12404,791,"",1.00,1.00,1.00,1.00,1.00,1.00,1.00,1.00,"",-1,-0.1,-974,-8.2,-920,-7.8,-1057,-8.7,-7655296,-6.4,-19666,-5.3,1836,17.4,16,2.1
"US000","2","7121","16","0","2021","1","",842,10913,10926,11107,112868846,351350,12404,791,"",1.00,1.00,1.00,1.00,1.00,1.00,1.00,1.00,"",-1,-0.1,-974,-8.2,-920,-7.8,-1057,-8.7,-7655296,-6.4,-19666,-5.3,1836,17.4,16,2.1
"US000","2","71211","17","0","2021","1","",145,2744,2733,2745,29539618,40278,343,829,"",1.00,1.00,1.00,1.00,1.00,1.00,1.00,1.00,"",3,2.1,-370,-11.9,-387,-12.4,-402,-12.8,-2234747,-7.0,6221,18.3,3,0.9,47,6.0
"US000","2","712110","18","0","2021","1","",145,2744,2733,2745,29539618,40278,343,829,"",1.00,1.00,1.00,1.00,1.00,1.00,1.00,1.00,"",3,2.1,-370,-11.9,-387,-12.4,-402,-12.8,-2234747,-7.0,6221,18.3,3,0.9,47,6.0
"US000","2","71212","17","0","2021","1","N",61,0,0,0,0,0,0,0,"N",1.00,0,0,0,0,0,0,0,"N",-6,-9.0,0,0,0,0,0,0,0,0,0,0,0,0,0,0
"US000","2","712120","18","0","2021","1","N",61,0,0,0,0,0,0,0,"N",1.00,0,0,0,0,0,0,0,"N",-6,-9.0,0,0,0,0,0,0,0,0,0,0,0,0,0,0
"US000","2","71213","17","0","2021","1","N",2,0,0,0,0,0,0,0,"N",1.00,0,0,0,0,0,0,0,"N",0,0.0,0,0,0,0,0,0,0,0,0,0,0,0,0,0
"US000","2","712130","18","0","2021","1","N",2,0,0,0,0,0,0,0,"N",1.00,0,0,0,0,0,0,0,"N",0,0.0,0,0,0,0,0,0,0,0,0,0,0,0,0,0
"US000","2","71219","17","0","2021","1","",634,7228,7251,7417,74442427,252915,12014,785,"",1.00,1.00,1.00,1.00,1.00,1.00,1.00,1.00,"",2,0.3,-372,-4.9,-307,-4.1,-393,-5.0,-3285100,-4.2,-45348,-15.2,1817,17.8,4,0.5
"US000","2","712190","18","0","2021","1","",634,7228,7251,7417,74442427,252915,12014,785,"",1.00,1.00,1.00,1.00,1.00,1.00,1.00,1.00,"",2,0.3,-372,-4.9,-307,-4.1,-393,-5.0,-3285100,-4.2,-45348,-15.2,1817,17.8,4,0.5
"US000","2","713","15","0","2021","1","",39,1309,1294,1354,20838325,1724498,33949,1215,"",1.00,1.00,1.00,1.00,1.00,1.00,1.00,1.00,"",-2,-4.9,-297,-18.5,-382,-22.8,-373,-21.6,-1895649,-8.3,-6172,-0.4,-425,-1.2,168,16.0
"US000","2","7132","16","0","2021","1","",22,889,879,886,14309193,1690622,33813,1244,"",1.00,1.00,1.00,1.00,1.00,1.00,1.00,1.00,"",0,0.0,-8,-0.9,-19,-2.1,-22,-2.4,90999,0.6,2357,0.1,-374,-1.1,30,2.5
"US000","2","71329","17","0","2021","1","",22,889,879,886,14309193,1690622,33813,1244,"",1.00,1.00,1.00,1.00,1.00,1.00,1.00,1.00,"",0,0.0,-8,-0.9,-19,-2.1,-22,-2.4,90999,0.6,2357,0.1,-374,-1.1,30,2.5
"US000","2","713290","18","0","2021","1","",22,889,879,886,14309193,1690622,33813,1244,"",1.00,1.00,1.00,1.00,1.00,1.00,1.00,1.00,"",0,0.0,-8,-0.9,-19,-2.1,-22,-2.4,90999,0.6,2357,0.1,-374,-1.1,30,2.5
"US000","2","7139","16","0","2021","1","",17,420,415,468,6529132,33876,136,1156,"",1.00,1.00,1.00,1.00,1.00,1.00,1.00,1.00,"",-2,-10.5,-289,-40.8,-363,-46.7,-351,-42.9,-1986648,-23.3,-8529,-20.1,-51,-27.3,304,35.7
"US000","2","71391","17","0","2021","1","N",2,0,0,0,0,0,0,0,"N",1.00,0,0,0,0,0,0,0,"N",-1,-33.3,0,0,0,0,0,0,0,0,0,0,0,0,0,0
"US000","2","713910","18","0","2021","1","N",2,0,0,0,0,0,0,0,"N",1.00,0,0,0,0,0,0,0,"N",-1,-33.3,0,0,0,0,0,0,0,0,0,0,0,0,0,0
"US000","2","71394","17","0","2021","1","N",2,0,0,0,0,0,0,0,"N",1.00,0,0,0,0,0,0,0,"N",-1,-33.3,0,0,0,0,0,0,0,0,0,0,0,0,0,0
"US000","2","713940","18","0","2021","1","N",2,0,0,0,0,0,0,0,"N",1.00,0,0,0,0,0,0,0,"N",-1,-33.3,0,0,0,0,0,0,0,0,0,0,0,0,0,0
"US000","2","71399","17","0","2021","1","",13,222,220,235,3275585,33876,136,1117,"",1.00,1.00,1.00,1.00,1.00,1.00,1.00,1.00,"",0,0.0,-250,-53.0,-327,-59.8,-342,-59.3,-2564474,-43.9,4244,14.3,77,130.5,273,32.3
"US000","2","713990","18","0","2021","1","",13,222,220,235,3275585,33876,136,1117,"",1.00,1.00,1.00,1.00,1.00,1.00,1.00,1.00,"",0,0.0,-250,-53.0,-327,-59.8,-342,-59.3,-2564474,-43.9,4244,14.3,77,130.5,273,32.3
"US000","2","72","14","0","2021","1","",13,444,451,488,2062799,24243,126,344,"",1.00,1.00,1.00,1.00,1.00,1.00,1.00,1.00,"",-3,-18.8,-222,-33.3,-208,-31.6,-137,-21.9,-893834,-30.2,-144106,-85.6,-1494,-92.2,-6,-1.7
"US000","2","721","15","0","2021","1","N",10,0,0,0,0,0,0,0,"N",1.00,0,0,0,0,0,0,0,"N",-1,-9.1,0,0,0,0,0,0,0,0,0,0,0,0,0,0
"US000","2","7211","16","0","2021","1","",9,351,356,393,1521621,0,0,319,"",1.00,1.00,1.00,1.00,1.00,0.00,0.00,1.00,"N",-1,-10.0,0,0,0,0,0,0,0,0,0,0,0,0,0,0
"US000","2","72111","17","0","2021","1","N",8,0,0,0,0,0,0,0,"N",1.00,0,0,0,0,0,0,0,"N",-1,-11.1,0,0,0,0,0,0,0,0,0,0,0,0,0,0
"US000","2","721110","18","0","2021","1","N",8,0,0,0,0,0,0,0,"N",1.00,0,0,0,0,0,0,0,"N",-1,-11.1,0,0,0,0,0,0,0,0,0,0,0,0,0,0
"US000","2","72119","17","0","2021","1","N",1,0,0,0,0,0,0,0,"N",1.00,0,0,0,0,0,0,0,"N",0,0.0,0,0,0,0,0,0,0,0,0,0,0,0,0,0
"US000","2","721199","18","0","2021","1","N",1,0,0,0,0,0,0,0,"N",1.00,0,0,0,0,0,0,0,"N",0,0.0,0,0,0,0,0,0,0,0,0,0,0,0,0,0
"US000","2","7212","16","0","2021","1","N",1,0,0,0,0,0,0,0,"N",1.00,0,0,0,0,0,0,0,"N",0,0.0,0,0,0,0,0,0,0,0,0,0,0,0,0,0
"US000","2","72121","17","0","2021","1","N",1,0,0,0,0,0,0,0,"N",1.00,0,0,0,0,0,0,0,"N",0,0.0,0,0,0,0,0,0,0,0,0,0,0,0,0,0
"US000","2","721214","18","0","2021","1","N",1,0,0,0,0,0,0,0,"N",1.00,0,0,0,0,0,0,0,"N",0,0.0,0,0,0,0,0,0,0,0,0,0,0,0,0,0
"US000","2","722","15","0","2021","1","N",3,0,0,0,0,0,0,0,"N",1.00,0,0,0,0,0,0,0,"N",-2,-40.0,0,0,0,0,0,0,0,0,0,0,0,0,0,0
"US000","2","7223","16","0","2021","1","N",1,0,0,0,0,0,0,0,"N",1.00,0,0,0,0,0,0,0,"N",-1,-50.0,0,0,0,0,0,0,0,0,0,0,0,0,0,0
"US000","2","72231","17","0","2021","1","N",1,0,0,0,0,0,0,0,"N",1.00,0,0,0,0,0,0,0,"N",0,0.0,0,0,0,0,0,0,0,0,0,0,0,0,0,0
"US000","2","722310","18","0","2021","1","N",1,0,0,0,0,0,0,0,"N",1.00,0,0,0,0,0,0,0,"N",0,0.0,0,0,0,0,0,0,0,0,0,0,0,0,0,0
"US000","2","7225","16","0","2021","1","N",2,0,0,0,0,0,0,0,"N",1.00,0,0,0,0,0,0,0,"N",-1,-33.3,0,0,0,0,0,0,0,0,0,0,0,0,0,0
"US000","2","72251","17","0","2021","1","N",2,0,0,0,0,0,0,0,"N",1.00,0,0,0,0,0,0,0,"N",-1,-33.3,0,0,0,0,0,0,0,0,0,0,0,0,0,0
"US000","2","722513","18","0","2021","1","N",1,0,0,0,0,0,0,0,"N",1.00,0,0,0,0,0,0,0,"N",0,0.0,0,0,0,0,0,0,0,0,0,0,0,0,0,0
"US000","2","722514","18","0","2021","1","N",1,0,0,0,0,0,0,0,"N",1.00,0,0,0,0,0,0,0,"N",0,0.0,0,0,0,0,0,0,0,0,0,0,0,0,0,0
"US000","2","81","14","0","2021","1","",172,3087,3080,3094,43349980,4325560,35946,1080,"",1.00,1.00,1.00,1.00,1.00,1.00,1.00,1.00,"",0,0.0,-247,-7.4,-266,-7.9,-211,-6.4,3916555,9.9,-35459,-0.8,6815,23.4,169,18.6
"US000","2","811","15","0","2021","1","",27,404,400,401,6158408,179963,1705,1179,"",1.00,1.00,1.00,1.00,1.00,1.00,1.00,1.00,"",-1,-3.6,-71,-14.9,-81,-16.8,-37,-8.4,-600632,-8.9,-31637,-15.0,-340,-16.6,60,5.4
"US000","2","8111","16","0","2021","1","",8,295,291,289,4742767,12000,697,1251,"",1.00,1.00,1.00,1.00,1.00,1.00,1.00,1.00,"",-1,-11.1,-53,-15.2,-60,-17.1,-23,-7.4,-257554,-5.2,0,0.0,49,7.6,110,9.6
"US000","2","81111","17","0","2021","1","",8,295,291,289,4742767,12000,697,1251,"",1.00,1.00,1.00,1.00,1.00,1.00,1.00,1.00,"",-1,-11.1,-53,-15.2,-60,-17.1,-23,-7.4,-257554,-5.2,0,0.0,49,7.6,110,9.6
"US000","2","811111","18","0","2021","1","",8,295,291,289,4742767,12000,697,1251,"",1.00,1.00,1.00,1.00,1.00,1.00,1.00,1.00,"",-1,-11.1,-53,-15.2,-60,-17.1,-23,-7.4,-257554,-5.2,0,0.0,49,7.6,110,9.6
"US000","2","8112","16","0","2021","1","N",3,0,0,0,0,0,0,0,"N",1.00,0,0,0,0,0,0,0,"N",0,0.0,0,0,0,0,0,0,0,0,0,0,0,0,0,0
"US000","2","81121","17","0","2021","1","N",3,0,0,0,0,0,0,0,"N",1.00,0,0,0,0,0,0,0,"N",0,0.0,0,0,0,0,0,0,0,0,0,0,0,0,0,0
"US000","2","811212","18","0","2021","1","N",2,0,0,0,0,0,0,0,"N",1.00,0,0,0,0,0,0,0,"N",0,0.0,0,0,0,0,0,0,0,0,0,0,0,0,0,0
"US000","2","811213","18","0","2021","1","N",1,0,0,0,0,0,0,0,"N",1.00,0,0,0,0,0,0,0,"N",0,0.0,0,0,0,0,0,0,0,0,0,0,0,0,0,0
"US000","2","8113","16","0","2021","1","N",16,0,0,0,0,0,0,0,"N",1.00,0,0,0,0,0,0,0,"N",0,0.0,0,0,0,0,0,0,0,0,0,0,0,0,0,0
"US000","2","81131","17","0","2021","1","N",16,0,0,0,0,0,0,0,"N",1.00,0,0,0,0,0,0,0,"N",0,0.0,0,0,0,0,0,0,0,0,0,0,0,0,0,0
"US000","2","811310","18","0","2021","1","N",16,0,0,0,0,0,0,0,"N",1.00,0,0,0,0,0,0,0,"N",0,0.0,0,0,0,0,0,0,0,0,0,0,0,0,0,0
"US000","2","812","15","0","2021","1","",11,220,218,221,2597342,0,0,910,"",1.00,1.00,1.00,1.00,1.00,0.00,0.00,1.00,"",1,10.0,-2,-0.9,-9,-4.0,-6,-2.6,-95964,-3.6,0,0.0,0,0.0,-9,-1.0
"US000","2","8122","16","0","2021","1","",9,161,159,162,1831759,0,0,877,"",1.00,1.00,1.00,1.00,1.00,0.00,0.00,1.00,"",1,12.5,7,4.5,-3,-1.9,0,0.0,-37484,-2.0,0,0.0,0,0.0,-25,-2.8
"US000","2","81221","17","0","2021","1","N",1,0,0,0,0,0,0,0,"N",1.00,0,0,0,0,0,0,0,"N",0,0.0,0,0,0,0,0,0,0,0,0,0,0,0,0,0
"US000","2","812210","18","0","2021","1","N",1,0,0,0,0,0,0,0,"N",1.00,0,0,0,0,0,0,0,"N",0,0.0,0,0,0,0,0,0,0,0,0,0,0,0,0,0
"US000","2","81222","17","0","2021","1","N",8,0,0,0,0,0,0,0,"N",1.00,0,0,0,0,0,0,0,"N",1,14.3,0,0,0,0,0,0,0,0,0,0,0,0,0,0
"US000","2","812220","18","0","2021","1","N",8,0,0,0,0,0,0,0,"N",1.00,0,0,0,0,0,0,0,"N",1,14.3,0,0,0,0,0,0,0,0,0,0,0,0,0,0
"US000","2","8123","16","0","2021","1","N",1,0,0,0,0,0,0,0,"N",1.00,0,0,0,0,0,0,0,"N",0,0.0,0,0,0,0,0,0,0,0,0,0,0,0,0,0
"US000","2","81232","17","0","2021","1","N",1,0,0,0,0,0,0,0,"N",1.00,0,0,0,0,0,0,0,"N",0,0.0,0,0,0,0,0,0,0,0,0,0,0,0,0,0
"US000","2","812320","18","0","2021","1","N",1,0,0,0,0,0,0,0,"N",1.00,0,0,0,0,0,0,0,"N",0,0.0,0,0,0,0,0,0,0,0,0,0,0,0,0,0
"US000","2","8129","16","0","2021","1","N",1,0,0,0,0,0,0,0,"N",1.00,0,0,0,0,0,0,0,"N",0,0.0,0,0,0,0,0,0,0,0,0,0,0,0,0,0
"US000","2","81293","17","0","2021","1","N",1,0,0,0,0,0,0,0,"N",1.00,0,0,0,0,0,0,0,"N",0,0.0,0,0,0,0,0,0,0,0,0,0,0,0,0,0
"US000","2","812930","18","0","2021","1","N",1,0,0,0,0,0,0,0,"N",1.00,0,0,0,0,0,0,0,"N",0,0.0,0,0,0,0,0,0,0,0,0,0,0,0,0,0
"US000","2","813","15","0","2021","1","",134,2463,2462,2472,34594230,4145597,34241,1079,"",1.00,1.00,1.00,1.00,1.00,1.00,1.00,1.00,"",0,0.0,-174,-6.6,-176,-6.7,-168,-6.4,4613151,15.4,-3822,-0.1,7155,26.4,205,23.5
"US000","2","8132","16","0","2021","1","N",12,0,0,0,0,0,0,0,"N",1.00,0,0,0,0,0,0,0,"N",0,0.0,0,0,0,0,0,0,0,0,0,0,0,0,0,0
"US000","2","81321","17","0","2021","1","N",12,0,0,0,0,0,0,0,"N",1.00,0,0,0,0,0,0,0,"N",0,0.0,0,0,0,0,0,0,0,0,0,0,0,0,0,0
"US000","2","813211","18","0","2021","1","N",12,0,0,0,0,0,0,0,"N",1.00,0,0,0,0,0,0,0,"N",0,0.0,0,0,0,0,0,0,0,0,0,0,0,0,0,0
"US000","2","8133","16","0","2021","1","",94,1154,1163,1160,12697036,1331962,8542,843,"",1.00,1.00,1.00,1.00,1.00,1.00,1.00,1.00,"",-1,-1.1,251,27.8,269,30.1,271,30.5,3575057,39.2,-71954,-5.1,4373,104.9,59,7.5
"US000","2","81331","17","0","2021","1","",94,1154,1163,1160,12697036,1331962,8542,843,"",1.00,1.00,1.00,1.00,1.00,1.00,1.00,1.00,"",-1,-1.1,251,27.8,269,30.1,271,30.5,3575057,39.2,-71954,-5.1,4373,104.9,59,7.5
"US000","2","813311","18","0","2021","1","N",2,0,0,0,0,0,0,0,"N",1.00,0,0,0,0,0,0,0,"N",0,0.0,0,0,0,0,0,0,0,0,0,0,0,0,0,0
"US000","2","813312","18","0","2021","1","N",4,0,0,0,0,0,0,0,"N",1.00,0,0,0,0,0,0,0,"N",0,0.0,0,0,0,0,0,0,0,0,0,0,0,0,0,0
"US000","2","813319","18","0","2021","1","",88,1012,1012,1011,10034037,36515,1106,763,"",1.00,1.00,1.00,1.00,1.00,1.00,1.00,1.00,"",-1,-1.1,274,37.1,272,36.8,273,37.0,3602936,56.0,-8436,-18.8,-247,-18.3,93,13.9
"US000","2","8134","16","0","2021","1","N",5,0,0,0,0,0,0,0,"N",1.00,0,0,0,0,0,0,0,"N",1,25.0,0,0,0,0,0,0,0,0,0,0,0,0,0,0
"US000","2","81341","17","0","2021","1","N",5,0,0,0,0,0,0,0,"N",1.00,0,0,0,0,0,0,0,"N",1,25.0,0,0,0,0,0,0,0,0,0,0,0,0,0,0
"US000","2","813410","18","0","2021","1","N",5,0,0,0,0,0,0,0,"N",1.00,0,0,0,0,0,0,0,"N",1,25.0,0,0,0,0,0,0,0,0,0,0,0,0,0,0
"US000","2","8139","16","0","2021","1","",23,594,578,589,10857564,2491037,21633,1423,"",1.00,1.00,1.00,1.00,1.00,1.00,1.00,1.00,"",0,0.0,85,16.7,69,13.6,74,14.4,2005836,22.7,5496,0.2,1237,6.1,91,6.8
"US000","2","81391","17","0","2021","1","",12,490,474,485,9086463,1587630,16229,1447,"",1.00,1.00,1.00,1.00,1.00,1.00,1.00,1.00,"",0,0.0,82,20.1,66,16.2,71,17.1,2115888,30.4,16240,1.0,568,3.6,139,10.6
"US000","2","813910","18","0","2021","1","",12,490,474,485,9086463,1587630,16229,1447,"",1.00,1.00,1.00,1.00,1.00,1.00,1.00,1.00,"",0,0.0,82,20.1,66,16.2,71,17.1,2115888,30.4,16240,1.0,568,3.6,139,10.6
"US000","2","81392","17","0","2021","1","",8,99,99,99,1666882,903407,5404,1295,"",1.00,1.00,1.00,1.00,1.00,1.00,1.00,1.00,"",0,0.0,2,2.1,3,3.1,3,3.1,-115173,-6.5,-10744,-1.2,669,14.1,-128,-9.0
"US000","2","813920","18","0","2021","1","",8,99,99,99,1666882,903407,5404,1295,"",1.00,1.00,1.00,1.00,1.00,1.00,1.00,1.00,"",0,0.0,2,2.1,3,3.1,3,3.1,-115173,-6.5,-10744,-1.2,669,14.1,-128,-9.0
"US000","2","81394","17","0","2021","1","N",2,0,0,0,0,0,0,0,"N",1.00,0,0,0,0,0,0,0,"N",0,0.0,0,0,0,0,0,0,0,0,0,0,0,0,0,0
"US000","2","813940","18","0","2021","1","N",2,0,0,0,0,0,0,0,"N",1.00,0,0,0,0,0,0,0,"N",0,0.0,0,0,0,0,0,0,0,0,0,0,0,0,0,0
"US000","2","81399","17","0","2021","1","N",1,0,0,0,0,0,0,0,"N",1.00,0,0,0,0,0,0,0,"N",0,0.0,0,0,0,0,0,0,0,0,0,0,0,0,0,0
"US000","2","813990","18","0","2021","1","N",1,0,0,0,0,0,0,0,"N",1.00,0,0,0,0,0,0,0,"N",0,0.0,0,0,0,0,0,0,0,0,0,0,0,0,0,0
"US000","2","92","14","0","2021","1","",49839,1783288,1783792,1786515,28822967051,1254949914,5805942,1242,"",1.00,1.00,1.00,1.00,1.00,1.00,1.00,1.00,"",12,0.0,-10148,-0.6,-10316,-0.6,-10721,-0.6,638814170,2.3,-15909425,-1.3,2245432,63.1,34,2.8
"US000","2","921","15","0","2021","1","",6074,228782,230166,231021,4018190637,168533265,721875,1344,"",1.00,1.00,1.00,1.00,1.00,1.00,1.00,1.00,"",10,0.2,296,0.1,158,0.1,776,0.3,80014990,2.0,11041606,7.0,279838,63.3,24,1.8
"US000","2","9211","16","0","2021","1","",6074,228782,230166,231021,4018190637,168533265,721875,1344,"",1.00,1.00,1.00,1.00,1.00,1.00,1.00,1.00,"",10,0.2,296,0.1,158,0.1,776,0.3,80014990,2.0,11041606,7.0,279838,63.3,24,1.8
"US000","2","92111","17","0","2021","1","",518,12010,11986,12010,198797709,7701629,35555,1274,"",1.00,1.00,1.00,1.00,1.00,1.00,1.00,1.00,"",12,2.4,551,4.8,632,5.6,693,6.1,17435484,9.6,-270628,-3.4,11849,50.0,48,3.9
"US000","2","921110","18","0","2021","1","",518,12010,11986,12010,198797709,7701629,35555,1274,"",1.00,1.00,1.00,1.00,1.00,1.00,1.00,1.00,"",12,2.4,551,4.8,632,5.6,693,6.1,17435484,9.6,-270628,-3.4,11849,50.0,48,3.9
"US000","2","92112","17","0","2021","1","",491,28567,29099,29262,426388080,17692195,89434,1132,"",1.00,1.00,1.00,1.00,1.00,1.00,1.00,1.00,"",3,0.6,-203,-0.7,-508,-1.7,228,0.8,20583598,5.1,1683631,10.5,27275,43.9,61,5.7
"US000","2","921120","18","0","2021","1","",491,28567,29099,29262,426388080,17692195,89434,1132,"",1.00,1.00,1.00,1.00,1.00,1.00,1.00,1.00,"",3,0.6,-203,-0.7,-508,-1.7,228,0.8,20583598,5.1,1683631,10.5,27275,43.9,61,5.7
"US000","2","92113","17","0","2021","1","",2423,98293,98955,99425,1736667386,53183792,264907,1351,"",1.00,1.00,1.00,1.00,1.00,1.00,1.00,1.00,"",-48,-1.9,-1603,-1.6,-1681,-1.7,-1875,-1.9,8730610,0.5,-2627014,-4.7,126670,91.6,30,2.3
"US000","2","921130","18","0","2021","1","",2423,98293,98955,99425,1736667386,53183792,264907,1351,"",1.00,1.00,1.00,1.00,1.00,1.00,1.00,1.00,"",-48,-1.9,-1603,-1.6,-1681,-1.7,-1875,-1.9,8730610,0.5,-2627014,-4.7,126670,91.6,30,2.3
"US000","2","92114","17","0","2021","1","",83,1889,1904,1910,30303353,0,0,1226,"",1.00,1.00,1.00,1.00,1.00,0.00,0.00,1.00,"",-6,-6.7,59,3.2,8,0.4,9,0.5,1097277,3.8,0,0.0,0,0.0,28,2.3
"US000","2","921140","18","0","2021","1","",83,1889,1904,1910,30303353,0,0,1226,"",1.00,1.00,1.00,1.00,1.00,0.00,0.00,1.00,"",-6,-6.7,59,3.2,8,0.4,9,0.5,1097277,3.8,0,0.0,0,0.0,28,2.3
"US000","2","92119","17","0","2021","1","",2559,88023,88222,88414,1626034109,89955649,331979,1418,"",1.00,1.00,1.00,1.00,1.00,1.00,1.00,1.00,"",49,2.0,1492,1.7,1707,2.0,1721,2.0,32168021,2.0,12255617,15.8,114044,52.3,2,0.1
"US000","2","921190","18","0","2021","1","",2559,88023,88222,88414,1626034109,89955649,331979,1418,"",1.00,1.00,1.00,1.00,1.00,1.00,1.00,1.00,"",49,2.0,1492,1.7,1707,2.0,1721,2.0,32168021,2.0,12255617,15.8,114044,52.3,2,0.1
"US000","2","922","15","0","2021","1","",14213,685845,684552,684950,11352908359,544492847,2352680,1275,"",1.00,1.00,1.00,1.00,1.00,1.00,1.00,1.00,"",-141,-1.0,-18997,-2.7,-19681,-2.8,-20043,-2.8,225181426,2.0,-41236979,-7.0,991597,72.9,60,4.9
"US000","2","9221","16","0","2021","1","",14213,685845,684552,684950,11352908359,544492847,2352680,1275,"",1.00,1.00,1.00,1.00,1.00,1.00,1.00,1.00,"",-141,-1.0,-18997,-2.7,-19681,-2.8,-20043,-2.8,225181426,2.0,-41236979,-7.0,991597,72.9,60,4.9
"US000","2","92211","17","0","2021","1","",3866,98411,98409,98578,1672145934,158513053,663192,1306,"",1.00,1.00,1.00,1.00,1.00,1.00,1.00,1.00,"",-18,-0.5,-2735,-2.7,-2796,-2.8,-2706,-2.7,65037417,4.0,-17864360,-10.1,303235,84.2,85,7.0
"US000","2","922110","18","0","2021","1","",3866,98411,98409,98578,1672145934,158513053,663192,1306,"",1.00,1.00,1.00,1.00,1.00,1.00,1.00,1.00,"",-18,-0.5,-2735,-2.7,-2796,-2.8,-2706,-2.7,65037417,4.0,-17864360,-10.1,303235,84.2,85,7.0
"US000","2","92212","17","0","2021","1","",2595,101246,101042,101290,2050662174,102776909,382021,1559,"",1.00,1.00,1.00,1.00,1.00,1.00,1.00,1.00,"",-9,-0.3,-2031,-2.0,-1909,-1.9,-2303,-2.2,48671737,2.4,-969362,-0.9,178093,87.3,68,4.6
"US000","2","922120","18","0","2021","1","",2595,101246,101042,101290,2050662174,102776909,382021,1559,"",1.00,1.00,1.00,1.00,1.00,1.00,1.00,1.00,"",-9,-0.3,-2031,-2.0,-1909,-1.9,-2303,-2.2,48671737,2.4,-969362,-0.9,178093,87.3,68,4.6
"US000","2","92213","17","0","2021","1","",1936,57881,57970,58115,1005331762,26849612,283388,1334,"",1.00,1.00,1.00,1.00,1.00,1.00,1.00,1.00,"",-10,-0.5,-576,-1.0,-577,-1.0,-480,-0.8,-2607417,-0.3,911509,3.5,17331,6.5,9,0.7
"US000","2","922130","18","0","2021","1","",1936,57881,57970,58115,1005331762,26849612,283388,1334,"",1.00,1.00,1.00,1.00,1.00,1.00,1.00,1.00,"",-10,-0.5,-576,-1.0,-577,-1.0,-480,-0.8,-2607417,-0.3,911509,3.5,17331,6.5,9,0.7
"US000","2","92214","17","0","2021","1","",3946,380336,379276,379196,5829103561,233799577,929772,1181,"",1.00,1.00,1.00,1.00,1.00,1.00,1.00,1.00,"",-67,-1.7,-12235,-3.1,-12926,-3.3,-12937,-3.3,140461003,2.5,-18763798,-7.4,459106,97.5,66,5.9
"US000","2","922140","18","0","2021","1","",3946,380336,379276,379196,5829103561,233799577,929772,1181,"",1.00,1.00,1.00,1.00,1.00,1.00,1.00,1.00,"",-67,-1.7,-12235,-3.1,-12926,-3.3,-12937,-3.3,140461003,2.5,-18763798,-7.4,459106,97.5,66,5.9
"US000","2","92215","17","0","2021","1","",971,20149,20104,20094,286365825,8616788,31954,1095,"",1.00,1.00,1.00,1.00,1.00,1.00,1.00,1.00,"",-3,-0.3,-557,-2.7,-530,-2.6,-558,-2.7,-4513528,-1.6,-5548709,-39.2,9305,41.1,12,1.1
"US000","2","922150","18","0","2021","1","",971,20149,20104,20094,286365825,8616788,31954,1095,"",1.00,1.00,1.00,1.00,1.00,1.00,1.00,1.00,"",-3,-0.3,-557,-2.7,-530,-2.6,-558,-2.7,-4513528,-1.6,-5548709,-39.2,9305,41.1,12,1.1
"US000","2","92216","17","0","2021","1","",118,2146,2149,2170,26110662,3986602,17693,932,"",1.00,1.00,1.00,1.00,1.00,1.00,1.00,1.00,"",0,0.0,-83,-3.7,-80,-3.6,-49,-2.2,-1225840,-4.5,11573,0.3,5377,43.7,-13,-1.4
"US000","2","922160","18","0","2021","1","",118,2146,2149,2170,26110662,3986602,17693,932,"",1.00,1.00,1.00,1.00,1.00,1.00,1.00,1.00,"",0,0.0,-83,-3.7,-80,-3.6,-49,-2.2,-1225840,-4.5,11573,0.3,5377,43.7,-13,-1.4
"US000","2","92219","17","0","2021","1","",781,25676,25602,25507,483188441,9950306,44660,1452,"",1.00,1.00,1.00,1.00,1.00,1.00,1.00,1.00,"",-34,-4.2,-780,-2.9,-863,-3.3,-1010,-3.8,-20641946,-4.1,986168,11.0,19150,75.1,-12,-0.8
"US000","2","922190","18","0","2021","1","",781,25676,25602,25507,483188441,9950306,44660,1452,"",1.00,1.00,1.00,1.00,1.00,1.00,1.00,1.00,"",-34,-4.2,-780,-2.9,-863,-3.3,-1010,-3.8,-20641946,-4.1,986168,11.0,19150,75.1,-12,-0.8
"US000","2","923","15","0","2021","1","",10573,411632,412434,413085,6212261434,363618397,1478689,1159,"",1.00,1.00,1.00,1.00,1.00,1.00,1.00,1.00,"",83,0.8,13033,3.3,13624,3.4,14077,3.5,277074910,4.7,9507976,2.7,615781,71.4,14,1.2
"US000","2","9231","16","0","2021","1","",10573,411632,412434,413085,6212261434,363618397,1478689,1159,"",1.00,1.00,1.00,1.00,1.00,1.00,1.00,1.00,"",83,0.8,13033,3.3,13624,3.4,14077,3.5,277074910,4.7,9507976,2.7,615781,71.4,14,1.2
"US000","2","92311","17","0","2021","1","",1132,42959,43173,43278,768129238,36450799,166244,1370,"",1.00,1.00,1.00,1.00,1.00,1.00,1.00,1.00,"",-12,-1.0,-613,-1.4,-552,-1.3,-458,-1.0,14354964,1.9,1037105,2.9,65037,64.3,42,3.2
"US000","2","923110","18","0","2021","1","",1132,42959,43173,43278,768129238,36450799,166244,1370,"",1.00,1.00,1.00,1.00,1.00,1.00,1.00,1.00,"",-12,-1.0,-613,-1.4,-552,-1.3,-458,-1.0,14354964,1.9,1037105,2.9,65037,64.3,42,3.2
"US000","2","92312","17","0","2021","1","",3440,140034,140650,140646,2102325123,116255395,444838,1151,"",1.00,1.00,1.00,1.00,1.00,1.00,1.00,1.00,"",45,1.3,7284,5.5,7756,5.8,7698,5.8,117550857,5.9,4982494,4.5,171325,62.6,2,0.2
"US000","2","923120","18","0","2021","1","",3440,140034,140650,140646,2102325123,116255395,444838,1151,"",1.00,1.00,1.00,1.00,1.00,1.00,1.00,1.00,"",45,1.3,7284,5.5,7756,5.8,7698,5.8,117550857,5.9,4982494,4.5,171325,62.6,2,0.2
"US000","2","92313","17","0","2021","1","",5445,221347,221342,221928,3248515821,209841219,863323,1128,"",1.00,1.00,1.00,1.00,1.00,1.00,1.00,1.00,"",33,0.6,6606,3.1,6705,3.1,7206,3.4,148812341,4.8,3399391,1.6,377098,77.6,17,1.5
"US000","2","923130","18","0","2021","1","",5445,221347,221342,221928,3248515821,209841219,863323,1128,"",1.00,1.00,1.00,1.00,1.00,1.00,1.00,1.00,"",33,0.6,6606,3.1,6705,3.1,7206,3.4,148812341,4.8,3399391,1.6,377098,77.6,17,1.5
"US000","2","92314","17","0","2021","1","",556,7292,7269,7233,93291252,1070984,4284,988,"",1.00,1.00,1.00,1.00,1.00,1.00,1.00,1.00,"",17,3.2,-244,-3.2,-285,-3.8,-369,-4.9,-3643252,-3.8,88986,9.1,2321,118.2,2,0.2
"US000","2","923140","18","0","2021","1","",556,7292,7269,7233,93291252,1070984,4284,988,"",1.00,1.00,1.00,1.00,1.00,1.00,1.00,1.00,"",17,3.2,-244,-3.2,-285,-3.8,-369,-4.9,-3643252,-3.8,88986,9.1,2321,118.2,2,0.2
"US000","2","924","15","0","2021","1","",7007,131170,130783,132168,2056247444,69454731,448227,1204,"",1.00,1.00,1.00,1.00,1.00,1.00,1.00,1.00,"",-9,-0.1,-1789,-1.3,-2016,-1.5,-2202,-1.6,-9177338,-0.4,823595,1.2,65225,17.0,13,1.1
"US000","2","9241","16","0","2021","1","",7007,131170,130783,132168,2056247444,69454731,448227,1204,"",1.00,1.00,1.00,1.00,1.00,1.00,1.00,1.00,"",-9,-0.1,-1789,-1.3,-2016,-1.5,-2202,-1.6,-9177338,-0.4,823595,1.2,65225,17.0,13,1.1
"US000","2","92411","17","0","2021","1","",1262,39977,39922,40053,760703029,21748180,113160,1463,"",1.00,1.00,1.00,1.00,1.00,1.00,1.00,1.00,"",33,2.7,-652,-1.6,-573,-1.4,-544,-1.3,-8205547,-1.1,438794,2.1,17283,18.0,5,0.3
"US000","2","924110","18","0","2021","1","",1262,39977,39922,40053,760703029,21748180,113160,1463,"",1.00,1.00,1.00,1.00,1.00,1.00,1.00,1.00,"",33,2.7,-652,-1.6,-573,-1.4,-544,-1.3,-8205547,-1.1,438794,2.1,17283,18.0,5,0.3
"US000","2","92412","17","0","2021","1","",5745,91193,90861,92115,1295544415,47706551,335067,1090,"",1.00,1.00,1.00,1.00,1.00,1.00,1.00,1.00,"",-42,-0.7,-1137,-1.2,-1443,-1.6,-1658,-1.8,-971791,-0.1,384801,0.8,47942,16.7,15,1.4
"US000","2","924120","18","0","2021","1","",5745,91193,90861,92115,1295544415,47706551,335067,1090,"",1.00,1.00,1.00,1.00,1.00,1.00,1.00,1.00,"",-42,-0.7,-1137,-1.2,-1443,-1.6,-1658,-1.8,-971791,-0.1,384801,0.8,47942,16.7,15,1.4
"US000","2","925","15","0","2021","1","",422,10639,10673,10692,191414510,11997810,90048,1380,"",1.00,1.00,1.00,1.00,1.00,1.00,1.00,1.00,"",-7,-1.6,279,2.7,242,2.3,239,2.3,12036643,6.7,1021247,9.3,30894,52.2,55,4.2
"US000","2","9251","16","0","2021","1","",422,10639,10673,10692,191414510,11997810,90048,1380,"",1.00,1.00,1.00,1.00,1.00,1.00,1.00,1.00,"",-7,-1.6,279,2.7,242,2.3,239,2.3,12036643,6.7,1021247,9.3,30894,52.2,55,4.2
"US000","2","92511","17","0","2021","1","",233,5146,5162,5152,91089182,4315381,49382,1360,"",1.00,1.00,1.00,1.00,1.00,1.00,1.00,1.00,"",-14,-5.7,86,1.7,78,1.5,44,0.9,6284990,7.4,222484,5.4,8847,21.8,77,6.0
"US000","2","925110","18","0","2021","1","",233,5146,5162,5152,91089182,4315381,49382,1360,"",1.00,1.00,1.00,1.00,1.00,1.00,1.00,1.00,"",-14,-5.7,86,1.7,78,1.5,44,0.9,6284990,7.4,222484,5.4,8847,21.8,77,6.0
"US000","2","92512","17","0","2021","1","",189,5493,5511,5540,100325328,7682429,40666,1399,"",1.00,1.00,1.00,1.00,1.00,1.00,1.00,1.00,"",7,3.8,193,3.6,164,3.1,195,3.6,5751653,6.1,798763,11.6,22047,118.4,34,2.5
"US000","2","925120","18","0","2021","1","",189,5493,5511,5540,100325328,7682429,40666,1399,"",1.00,1.00,1.00,1.00,1.00,1.00,1.00,1.00,"",7,3.8,193,3.6,164,3.1,195,3.6,5751653,6.1,798763,11.6,22047,118.4,34,2.5
"US000","2","926","15","0","2021","1","",10833,296088,296376,296035,4761068845,80592701,621619,1237,"",1.00,1.00,1.00,1.00,1.00,1.00,1.00,1.00,"",40,0.4,-4441,-1.5,-3824,-1.3,-4346,-1.4,40447788,0.9,578177,0.7,236416,61.4,28,2.3
"US000","2","9261","16","0","2021","1","",10833,296088,296376,296035,4761068845,80592701,621619,1237,"",1.00,1.00,1.00,1.00,1.00,1.00,1.00,1.00,"",40,0.4,-4441,-1.5,-3824,-1.3,-4346,-1.4,40447788,0.9,578177,0.7,236416,61.4,28,2.3
"US000","2","92611","17","0","2021","1","",816,28460,28405,28454,413921325,10939030,74474,1120,"",1.00,1.00,1.00,1.00,1.00,1.00,1.00,1.00,"",-6,-0.7,515,1.8,414,1.5,470,1.7,-7999684,-1.9,1444957,15.2,957,1.3,-40,-3.4
"US000","2","926110","18","0","2021","1","",816,28460,28405,28454,413921325,10939030,74474,1120,"",1.00,1.00,1.00,1.00,1.00,1.00,1.00,1.00,"",-6,-0.7,515,1.8,414,1.5,470,1.7,-7999684,-1.9,1444957,15.2,957,1.3,-40,-3.4
"US000","2","92612","17","0","2021","1","",3949,177434,177471,177022,2955160195,27939777,334362,1282,"",1.00,1.00,1.00,1.00,1.00,1.00,1.00,1.00,"",17,0.4,-4875,-2.7,-4499,-2.5,-4874,-2.7,39807296,1.4,-2528985,-8.3,182297,119.9,50,4.1
"US000","2","926120","18","0","2021","1","",3949,177434,177471,177022,2955160195,27939777,334362,1282,"",1.00,1.00,1.00,1.00,1.00,1.00,1.00,1.00,"",17,0.4,-4875,-2.7,-4499,-2.5,-4874,-2.7,39807296,1.4,-2528985,-8.3,182297,119.9,50,4.1
"US000","2","92613","17","0","2021","1","",376,8131,8176,8200,190462224,5845536,23949,1793,"",1.00,1.00,1.00,1.00,1.00,1.00,1.00,1.00,"",27,7.7,181,2.3,232,2.9,274,3.5,13896177,7.9,977228,20.1,12154,103.0,82,4.8
"US000","2","926130","18","0","2021","1","",376,8131,8176,8200,190462224,5845536,23949,1793,"",1.00,1.00,1.00,1.00,1.00,1.00,1.00,1.00,"",27,7.7,181,2.3,232,2.9,274,3.5,13896177,7.9,977228,20.1,12154,103.0,82,4.8
"US000","2","92614","17","0","2021","1","",3084,31299,31514,31416,399710973,5528593,25833,979,"",1.00,1.00,1.00,1.00,1.00,1.00,1.00,1.00,"",-5,-0.2,-452,-1.4,-149,-0.5,-334,-1.1,-526582,-0.1,304032,5.8,6103,30.9,8,0.8
"US000","2","926140","18","0","2021","1","",3084,31299,31514,31416,399710973,5528593,25833,979,"",1.00,1.00,1.00,1.00,1.00,1.00,1.00,1.00,"",-5,-0.2,-452,-1.4,-149,-0.5,-334,-1.1,-526582,-0.1,304032,5.8,6103,30.9,8,0.8
"US000","2","92615","17","0","2021","1","",2608,50764,50810,50943,801814128,30339765,163001,1213,"",1.00,1.00,1.00,1.00,1.00,1.00,1.00,1.00,"",7,0.3,190,0.4,178,0.4,118,0.2,-4729419,-0.6,380945,1.3,34905,27.2,-11,-0.9
"US000","2","926150","18","0","2021","1","",2608,50764,50810,50943,801814128,30339765,163001,1213,"",1.00,1.00,1.00,1.00,1.00,1.00,1.00,1.00,"",7,0.3,190,0.4,178,0.4,118,0.2,-4729419,-0.6,380945,1.3,34905,27.2,-11,-0.9
"US000","2","927","15","0","2021","1","",4,40,40,41,826534,179321,1470,1576,"",1.00,1.00,1.00,1.00,1.00,1.00,1.00,1.00,"",0,0.0,-4,-9.1,-4,-9.1,-2,-4.7,-56262,-6.4,-23857,-11.7,-81,-5.2,21,1.4
"US000","2","9271","16","0","2021","1","",4,40,40,41,826534,179321,1470,1576,"",1.00,1.00,1.00,1.00,1.00,1.00,1.00,1.00,"",0,0.0,-4,-9.1,-4,-9.1,-2,-4.7,-56262,-6.4,-23857,-11.7,-81,-5.2,21,1.4
"US000","2","92711","17","0","2021","1","",4,40,40,41,826534,179321,1470,1576,"",1.00,1.00,1.00,1.00,1.00,1.00,1.00,1.00,"",0,0.0,-4,-9.1,-4,-9.1,-2,-4.7,-56262,-6.4,-23857,-11.7,-81,-5.2,21,1.4
"US000","2","927110","18","0","2021","1","",4,40,40,41,826534,179321,1470,1576,"",1.00,1.00,1.00,1.00,1.00,1.00,1.00,1.00,"",0,0.0,-4,-9.1,-4,-9.1,-2,-4.7,-56262,-6.4,-23857,-11.7,-81,-5.2,21,1.4
"US000","2","928","15","0","2021","1","",713,19092,18768,18523,230049288,16080842,91334,942,"",1.00,1.00,1.00,1.00,1.00,1.00,1.00,1.00,"",36,5.3,1475,8.4,1185,6.7,780,4.4,13292013,6.1,2378810,17.4,25762,39.3,-3,-0.3
"US000","2","9281","16","0","2021","1","",713,19092,18768,18523,230049288,16080842,91334,942,"",1.00,1.00,1.00,1.00,1.00,1.00,1.00,1.00,"",36,5.3,1475,8.4,1185,6.7,780,4.4,13292013,6.1,2378810,17.4,25762,39.3,-3,-0.3
"US000","2","92811","17","0","2021","1","",709,19003,18679,18435,228954609,15821986,90299,942,"",1.00,1.00,1.00,1.00,1.00,1.00,1.00,1.00,"",36,5.3,1456,8.3,1164,6.6,770,4.4,12955209,6.0,2359220,17.5,25206,38.7,-3,-0.3
"US000","2","928110","18","0","2021","1","",709,19003,18679,18435,228954609,15821986,90299,942,"",1.00,1.00,1.00,1.00,1.00,1.00,1.00,1.00,"",36,5.3,1456,8.3,1164,6.6,770,4.4,12955209,6.0,2359220,17.5,25206,38.7,-3,-0.3
"US000","2","92812","17","0","2021","1","",4,89,89,88,1094679,258856,1035,950,"",1.00,1.00,1.00,1.00,1.00,1.00,1.00,1.00,"",0,0.0,19,27.1,21,30.9,10,12.8,336804,44.4,19590,8.2,556,116.1,140,17.3
"US000","2","928120","18","0","2021","1","",4,89,89,88,1094679,258856,1035,950,"",1.00,1.00,1.00,1.00,1.00,1.00,1.00,1.00,"",0,0.0,19,27.1,21,30.9,10,12.8,336804,44.4,19590,8.2,556,116.1,140,17.3
"US000","2","99","14","0","2021","1","",31,26,30,28,240280,45838,526,660,"",1.00,1.00,1.00,1.00,1.00,1.00,1.00,1.00,"",9,40.9,14,116.7,15,100.0,10,55.6,121469,102.2,14546,46.5,237,82.0,51,8.4
"US000","2","999","15","0","2021","1","",31,26,30,28,240280,45838,526,660,"",1.00,1.00,1.00,1.00,1.00,1.00,1.00,1.00,"",9,40.9,14,116.7,15,100.0,10,55.6,121469,102.2,14546,46.5,237,82.0,51,8.4
"US000","2","9999","16","0","2021","1","",31,26,30,28,240280,45838,526,660,"",1.00,1.00,1.00,1.00,1.00,1.00,1.00,1.00,"",9,40.9,14,116.7,15,100.0,10,55.6,121469,102.2,14546,46.5,237,82.0,51,8.4
"US000","2","99999","17","0","2021","1","",31,26,30,28,240280,45838,526,660,"",1.00,1.00,1.00,1.00,1.00,1.00,1.00,1.00,"",9,40.9,14,116.7,15,100.0,10,55.6,121469,102.2,14546,46.5,237,82.0,51,8.4
"US000","2","999999","18","0","2021","1","",31,26,30,28,240280,45838,526,660,"",1.00,1.00,1.00,1.00,1.00,1.00,1.00,1.00,"",9,40.9,14,116.7,15,100.0,10,55.6,121469,102.2,14546,46.5,237,82.0,51,8.4
"US000","3","10","11","0","2021","1","",170987,13611157,13695148,13772204,189941156028,9769820158,106383032,1067,"",1.00,1.00,1.00,1.00,1.00,1.00,1.00,1.00,"",-4,0.0,-910966,-6.3,-965670,-6.6,-919104,-6.3,-6032741926,-3.1,-246307289,-2.5,9072270,9.3,36,3.5
"US000","3","101","12","0","2021","1","",4394,105201,105252,105155,1434082486,116586523,1793293,1049,"",1.00,1.00,1.00,1.00,1.00,1.00,1.00,1.00,"",8,0.2,-2818,-2.6,-2501,-2.3,-2634,-2.4,-58615369,-3.9,-2322541,-2.0,277370,18.3,-16,-1.5
"US000","3","1011","13","0","2021","1","",71,1161,1157,1167,13288029,5682968,98211,880,"",1.00,1.00,1.00,1.00,1.00,1.00,1.00,1.00,"",1,1.4,-14,-1.2,-13,-1.1,-6,-0.5,123325,0.9,-247820,-4.2,12685,14.8,16,1.9
"US000","3","1012","13","0","2021","1","",4282,102568,102639,102552,1403013421,104107437,1361845,1052,"",1.00,1.00,1.00,1.00,1.00,1.00,1.00,1.00,"",5,0.1,-2907,-2.8,-2563,-2.4,-2697,-2.6,-59032174,-4.0,-2352124,-2.2,166464,13.9,-16,-1.5
"US000","3","1013","13","0","2021","1","",41,1472,1456,1436,17781036,6796118,333237,940,"",1.00,1.00,1.00,1.00,1.00,1.00,1.00,1.00,"",2,5.1,103,7.5,75,5.4,69,5.0,293480,1.7,277403,4.3,98221,41.8,-40,-4.1
"US000","3","102","12","0","2021","1","",166593,13505956,13589896,13667049,188507073542,9653233635,104589739,1067,"",1.00,1.00,1.00,1.00,1.00,1.00,1.00,1.00,"",-12,0.0,-908148,-6.3,-963169,-6.6,-916470,-6.3,-5974126557,-3.1,-243984748,-2.5,8794900,9.2,36,3.5
"US000","3","1021","13","0","2021","1","",12013,539649,538964,538583,9211821781,650410769,7283246,1315,"",1.00,1.00,1.00,1.00,1.00,1.00,1.00,1.00,"",7,0.1,-17884,-3.2,-18291,-3.3,-19346,-3.5,-410453775,-4.3,-8110209,-1.2,716581,10.9,-12,-0.9
"US000","3","1022","13","0","2021","1","",5118,116130,116059,116259,1048605225,95277278,823008,694,"",1.00,1.00,1.00,1.00,1.00,1.00,1.00,1.00,"",-14,-0.3,-15604,-11.8,-15403,-11.7,-15085,-11.5,-94130693,-8.2,-4668440,-4.7,83347,11.3,26,3.9
"US000","3","1023","13","0","2021","1","",1912,43117,43046,43303,637369612,199042077,3384109,1136,"",1.00,1.00,1.00,1.00,1.00,1.00,1.00,1.00,"",-28,-1.4,-1815,-4.0,-2005,-4.5,-1878,-4.2,-23327477,-3.5,-4891617,-2.4,103911,3.2,8,0.7
"US000","3","1024","13","0","2021","1","",4487,88641,88458,88753,1216140060,174278218,3865786,1056,"",1.00,1.00,1.00,1.00,1.00,1.00,1.00,1.00,"",31,0.7,-4850,-5.2,-5517,-5.9,-5188,-5.5,-66903209,-5.2,1098790,0.6,913766,31.0,4,0.4
"US000","3","1025","13","0","2021","1","",73047,8444311,8532134,8585531,113152554741,3513334441,26626890,1022,"",1.00,1.00,1.00,1.00,1.00,1.00,1.00,1.00,"",-187,-0.3,-633658,-7.0,-672588,-7.3,-631978,-6.9,-2601865289,-2.2,-40415782,-1.1,2113098,8.6,51,5.3
"US000","3","1026","13","0","2021","1","",4631,294554,297419,303730,2756320066,720720232,14635784,710,"",1.00,1.00,1.00,1.00,1.00,1.00,1.00,1.00,"",-47,-1.0,-98804,-25.1,-95627,-24.3,-86231,-22.1,-642707859,-18.9,-157287439,-17.9,-1649616,-10.1,43,6.4
"US000","3","1027","13","0","2021","1","",2111,31225,31181,31375,380057728,60282164,1083477,935,"",1.00,1.00,1.00,1.00,1.00,1.00,1.00,1.00,"",2,0.1,-1509,-4.6,-1542,-4.7,-1610,-4.9,-7372256,-1.9,-564731,-0.9,59967,5.9,27,3.0
"US000","3","1028","13","0","2021","1","",63172,3948156,3942441,3959260,60101401535,4239444394,46876996,1170,"",1.00,1.00,1.00,1.00,1.00,1.00,1.00,1.00,"",182,0.3,-134131,-3.3,-152322,-3.7,-155342,-3.8,-2129387849,-3.4,-29389925,-0.7,6447768,15.9,2,0.2
"US000","3","1029","13","0","2021","1","",102,173,194,255,2802794,444062,10443,1040,"",1.00,1.00,1.00,1.00,1.00,1.00,1.00,1.00,"",42,70.0,107,162.1,126,185.3,188,280.6,2021850,258.9,244605,122.6,6078,139.2,143,15.9
"US000","3","11","14","0","2021","1","",65,883,888,897,9149323,4462394,68178,791,"",1.00,1.00,1.00,1.00,1.00,1.00,1.00,1.00,"",2,3.2,-19,-2.1,-18,-2.0,1,0.1,197655,2.2,-254285,-5.4,-10426,-13.3,27,3.5
"US000","3","111","15","0","2021","1","",12,389,404,405,3685889,3132348,39616,710,"",1.00,1.00,1.00,1.00,1.00,1.00,1.00,1.00,"",1,9.1,-17,-4.2,1,0.2,-12,-2.9,-78445,-2.1,-219642,-6.6,-12618,-24.2,1,0.1
"US000","3","1111","16","0","2021","1","N",1,0,0,0,0,0,0,0,"N",1.00,0,0,0,0,0,0,0,"N",0,0.0,0,0,0,0,0,0,0,0,0,0,0,0,0,0
"US000","3","11114","17","0","2021","1","N",1,0,0,0,0,0,0,0,"N",1.00,0,0,0,0,0,0,0,"N",0,0.0,0,0,0,0,0,0,0,0,0,0,0,0,0,0
"US000","3","111140","18","0","2021","1","N",1,0,0,0,0,0,0,0,"N",1.00,0,0,0,0,0,0,0,"N",0,0.0,0,0,0,0,0,0,0,0,0,0,0,0,0,0
"US000","3","1113","16","0","2021","1","N",1,0,0,0,0,0,0,0,"N",1.00,0,0,0,0,0,0,0,"N",0,0.0,0,0,0,0,0,0,0,0,0,0,0,0,0,0
"US000","3","11133","17","0","2021","1","N",1,0,0,0,0,0,0,0,"N",1.00,0,0,0,0,0,0,0,"N",0,0.0,0,0,0,0,0,0,0,0,0,0,0,0,0,0
"US000","3","111331","18","0","2021","1","N",1,0,0,0,0,0,0,0,"N",1.00,0,0,0,0,0,0,0,"N",0,0.0,0,0,0,0,0,0,0,0,0,0,0,0,0,0
"US000","3","1114","16","0","2021","1","N",2,0,0,0,0,0,0,0,"N",1.00,0,0,0,0,0,0,0,"N",0,0.0,0,0,0,0,0,0,0,0,0,0,0,0,0,0
"US000","3","11142","17","0","2021","1","N",2,0,0,0,0,0,0,0,"N",1.00,0,0,0,0,0,0,0,"N",0,0.0,0,0,0,0,0,0,0,0,0,0,0,0,0,0
"US000","3","111421","18","0","2021","1","N",1,0,0,0,0,0,0,0,"N",1.00,0,0,0,0,0,0,0,"N",0,0.0,0,0,0,0,0,0,0,0,0,0,0,0,0,0
"US000","3","111422","18","0","2021","1","N",1,0,0,0,0,0,0,0,"N",1.00,0,0,0,0,0,0,0,"N",0,0.0,0,0,0,0,0,0,0,0,0,0,0,0,0,0
"US000","3","1119","16","0","2021","1","",8,379,394,390,3593921,3132348,39616,713,"",1.00,1.00,1.00,1.00,1.00,1.00,1.00,1.00,"",1,14.3,-7,-1.8,2,0.5,-9,-2.3,-63336,-1.7,-219642,-6.6,-12618,-24.2,-4,-0.6
"US000","3","11192","17","0","2021","1","N",3,0,0,0,0,0,0,0,"N",1.00,0,0,0,0,0,0,0,"N",0,0.0,0,0,0,0,0,0,0,0,0,0,0,0,0,0
"US000","3","111920","18","0","2021","1","N",3,0,0,0,0,0,0,0,"N",1.00,0,0,0,0,0,0,0,"N",0,0.0,0,0,0,0,0,0,0,0,0,0,0,0,0,0
"US000","3","11194","17","0","2021","1","N",2,0,0,0,0,0,0,0,"N",1.00,0,0,0,0,0,0,0,"N",0,0.0,0,0,0,0,0,0,0,0,0,0,0,0,0,0
"US000","3","111940","18","0","2021","1","N",2,0,0,0,0,0,0,0,"N",1.00,0,0,0,0,0,0,0,"N",0,0.0,0,0,0,0,0,0,0,0,0,0,0,0,0,0
"US000","3","11199","17","0","2021","1","N",3,0,0,0,0,0,0,0,"N",1.00,0,0,0,0,0,0,0,"N",1,50.0,0,0,0,0,0,0,0,0,0,0,0,0,0,0
"US000","3","111998","18","0","2021","1","N",3,0,0,0,0,0,0,0,"N",1.00,0,0,0,0,0,0,0,"N",1,50.0,0,0,0,0,0,0,0,0,0,0,0,0,0,0
"US000","3","112","15","0","2021","1","",13,74,71,77,696147,455430,8198,724,"",1.00,1.00,1.00,1.00,1.00,1.00,1.00,1.00,"",1,8.3,-9,-10.8,-15,-17.4,-7,-8.3,-118811,-14.6,-38889,-7.9,-73,-0.9,-19,-2.6
"US000","3","1121","16","0","2021","1","",9,44,42,44,395071,218403,3359,701,"",1.00,1.00,1.00,1.00,1.00,1.00,1.00,1.00,"",1,12.5,-2,-4.3,-7,-14.3,-5,-10.2,-58018,-12.8,6375,3.0,238,7.6,-25,-3.4
"US000","3","11211","17","0","2021","1","N",8,0,0,0,0,0,0,0,"N",1.00,0,0,0,0,0,0,0,"N",1,14.3,0,0,0,0,0,0,0,0,0,0,0,0,0,0
"US000","3","112111","18","0","2021","1","N",8,0,0,0,0,0,0,0,"N",1.00,0,0,0,0,0,0,0,"N",1,14.3,0,0,0,0,0,0,0,0,0,0,0,0,0,0
"US000","3","11212","17","0","2021","1","N",1,0,0,0,0,0,0,0,"N",1.00,0,0,0,0,0,0,0,"N",0,0.0,0,0,0,0,0,0,0,0,0,0,0,0,0,0
"US000","3","112120","18","0","2021","1","N",1,0,0,0,0,0,0,0,"N",1.00,0,0,0,0,0,0,0,"N",0,0.0,0,0,0,0,0,0,0,0,0,0,0,0,0,0
"US000","3","1125","16","0","2021","1","N",3,0,0,0,0,0,0,0,"N",1.00,0,0,0,0,0,0,0,"N",0,0.0,0,0,0,0,0,0,0,0,0,0,0,0,0,0
"US000","3","11251","17","0","2021","1","N",3,0,0,0,0,0,0,0,"N",1.00,0,0,0,0,0,0,0,"N",0,0.0,0,0,0,0,0,0,0,0,0,0,0,0,0,0
"US000","3","112511","18","0","2021","1","N",3,0,0,0,0,0,0,0,"N",1.00,0,0,0,0,0,0,0,"N",0,0.0,0,0,0,0,0,0,0,0,0,0,0,0,0,0
"US000","3","1129","16","0","2021","1","N",1,0,0,0,0,0,0,0,"N",1.00,0,0,0,0,0,0,0,"N",0,0.0,0,0,0,0,0,0,0,0,0,0,0,0,0,0
"US000","3","11299","17","0","2021","1","N",1,0,0,0,0,0,0,0,"N",1.00,0,0,0,0,0,0,0,"N",0,0.0,0,0,0,0,0,0,0,0,0,0,0,0,0,0
"US000","3","112990","18","0","2021","1","N",1,0,0,0,0,0,0,0,"N",1.00,0,0,0,0,0,0,0,"N",0,0.0,0,0,0,0,0,0,0,0,0,0,0,0,0,0
"US000","3","113","15","0","2021","1","N",2,0,0,0,0,0,0,0,"N",1.00,0,0,0,0,0,0,0,"N",0,0.0,0,0,0,0,0,0,0,0,0,0,0,0,0,0
"US000","3","1133","16","0","2021","1","N",2,0,0,0,0,0,0,0,"N",1.00,0,0,0,0,0,0,0,"N",0,0.0,0,0,0,0,0,0,0,0,0,0,0,0,0,0
"US000","3","11331","17","0","2021","1","N",2,0,0,0,0,0,0,0,"N",1.00,0,0,0,0,0,0,0,"N",0,0.0,0,0,0,0,0,0,0,0,0,0,0,0,0,0
"US000","3","113310","18","0","2021","1","N",2,0,0,0,0,0,0,0,"N",1.00,0,0,0,0,0,0,0,"N",0,0.0,0,0,0,0,0,0,0,0,0,0,0,0,0,0
"US000","3","114","15","0","2021","1","N",2,0,0,0,0,0,0,0,"N",1.00,0,0,0,0,0,0,0,"N",0,0.0,0,0,0,0,0,0,0,0,0,0,0,0,0,0
"US000","3","1142","16","0","2021","1","N",2,0,0,0,0,0,0,0,"N",1.00,0,0,0,0,0,0,0,"N",0,0.0,0,0,0,0,0,0,0,0,0,0,0,0,0,0
"US000","3","11421","17","0","2021","1","N",2,0,0,0,0,0,0,0,"N",1.00,0,0,0,0,0,0,0,"N",0,0.0,0,0,0,0,0,0,0,0,0,0,0,0,0,0
"US000","3","114210","18","0","2021","1","N",2,0,0,0,0,0,0,0,"N",1.00,0,0,0,0,0,0,0,"N",0,0.0,0,0,0,0,0,0,0,0,0,0,0,0,0,0
"US000","3","115","15","0","2021","1","",36,371,364,367,4118946,806891,19456,863,"",1.00,1.00,1.00,1.00,1.00,1.00,1.00,1.00,"",0,0.0,6,1.6,-4,-1.1,13,3.7,178181,4.5,11846,1.5,2368,13.9,26,3.1
"US000","3","1151","16","0","2021","1","",21,171,173,176,2073307,526466,14276,920,"",1.00,1.00,1.00,1.00,1.00,1.00,1.00,1.00,"",0,0.0,-9,-5.0,-8,-4.4,-8,-4.3,-89714,-4.1,7996,1.5,3203,28.9,4,0.4
"US000","3","11511","17","0","2021","1","",21,171,173,176,2073307,526466,14276,920,"",1.00,1.00,1.00,1.00,1.00,1.00,1.00,1.00,"",0,0.0,-9,-5.0,-8,-4.4,-8,-4.3,-89714,-4.1,7996,1.5,3203,28.9,4,0.4
"US000","3","115111","18","0","2021","1","N",1,0,0,0,0,0,0,0,"N",1.00,0,0,0,0,0,0,0,"N",0,0.0,0,0,0,0,0,0,0,0,0,0,0,0,0,0
"US000","3","115112","18","0","2021","1","",19,103,104,105,1301100,526466,14276,962,"",1.00,1.00,1.00,1.00,1.00,1.00,1.00,1.00,"",0,0.0,-8,-7.2,-8,-7.1,-7,-6.2,-1973,-0.2,7996,1.5,3203,28.9,64,7.1
"US000","3","115115","18","0","2021","1","N",1,0,0,0,0,0,0,0,"N",1.00,0,0,0,0,0,0,0,"N",0,0.0,0,0,0,0,0,0,0,0,0,0,0,0,0,0
"US000","3","1153","16","0","2021","1","",15,200,191,191,2045639,280425,5180,811,"",1.00,1.00,1.00,1.00,1.00,1.00,1.00,1.00,"",0,0.0,15,8.1,4,2.1,21,12.4,267895,15.1,3850,1.4,-835,-13.9,54,7.1
"US000","3","11531","17","0","2021","1","",15,200,191,191,2045639,280425,5180,811,"",1.00,1.00,1.00,1.00,1.00,1.00,1.00,1.00,"",0,0.0,15,8.1,4,2.1,21,12.4,267895,15.1,3850,1.4,-835,-13.9,54,7.1
"US000","3","115310","18","0","2021","1","",15,200,191,191,2045639,280425,5180,811,"",1.00,1.00,1.00,1.00,1.00,1.00,1.00,1.00,"",0,0.0,15,8.1,4,2.1,21,12.4,267895,15.1,3850,1.4,-835,-13.9,54,7.1
"US000","3","21","14","0","2021","1","",6,278,269,270,4138706,1220574,30033,1169,"",1.00,1.00,1.00,1.00,1.00,1.00,1.00,1.00,"",-1,-14.3,5,1.8,5,1.9,-7,-2.5,-74330,-1.8,6465,0.5,23111,333.9,-25,-2.1
"US000","3","211","15","0","2021","1","N",1,0,0,0,0,0,0,0,"N",1.00,0,0,0,0,0,0,0,"N",0,0.0,0,0,0,0,0,0,0,0,0,0,0,0,0,0
"US000","3","2111","16","0","2021","1","N",1,0,0,0,0,0,0,0,"N",1.00,0,0,0,0,0,0,0,"N",0,0.0,0,0,0,0,0,0,0,0,0,0,0,0,0,0
"US000","3","21112","17","0","2021","1","N",1,0,0,0,0,0,0,0,"N",1.00,0,0,0,0,0,0,0,"N",0,0.0,0,0,0,0,0,0,0,0,0,0,0,0,0,0
"US000","3","211120","18","0","2021","1","N",1,0,0,0,0,0,0,0,"N",1.00,0,0,0,0,0,0,0,"N",0,0.0,0,0,0,0,0,0,0,0,0,0,0,0,0,0
"US000","3","212","15","0","2021","1","",4,271,261,264,4036911,1157333,29748,1170,"",1.00,1.00,1.00,1.00,1.00,1.00,1.00,1.00,"",-1,-20.0,8,3.0,5,2.0,-3,-1.1,-54936,-1.3,29122,2.6,23213,355.2,-31,-2.6
"US000","3","2123","16","0","2021","1","",4,271,261,264,4036911,1157333,29748,1170,"",1.00,1.00,1.00,1.00,1.00,1.00,1.00,1.00,"",-1,-20.0,8,3.0,5,2.0,-3,-1.1,-54936,-1.3,29122,2.6,23213,355.2,-31,-2.6
"US000","3","21232","17","0","2021","1","",4,271,261,264,4036911,1157333,29748,1170,"",1.00,1.00,1.00,1.00,1.00,1.00,1.00,1.00,"N",0,0.0,0,0,0,0,0,0,0,0,0,0,0,0,0,0
"US000","3","212321","18","0","2021","1","",4,271,261,264,4036911,1157333,29748,1170,"",1.00,1.00,1.00,1.00,1.00,1.00,1.00,1.00,"N",0,0.0,0,0,0,0,0,0,0,0,0,0,0,0,0,0
"US000","3","213","15","0","2021","1","N",1,0,0,0,0,0,0,0,"N",1.00,0,0,0,0,0,0,0,"N",0,0.0,0,0,0,0,0,0,0,0,0,0,0,0,0,0
"US000","3","2131","16","0","2021","1","N",1,0,0,0,0,0,0,0,"N",1.00,0,0,0,0,0,0,0,"N",0,0.0,0,0,0,0,0,0,0,0,0,0,0,0,0,0
"US000","3","21311","17","0","2021","1","N",1,0,0,0,0,0,0,0,"N",1.00,0,0,0,0,0,0,0,"N",0,0.0,0,0,0,0,0,0,0,0,0,0,0,0,0,0
"US000","3","213112","18","0","2021","1","N",1,0,0,0,0,0,0,0,"N",1.00,0,0,0,0,0,0,0,"N",0,0.0,0,0,0,0,0,0,0,0,0,0,0,0,0,0
"US000","3","22","14","0","2021","1","",8402,244099,243804,243901,4596918835,383366261,4298800,1450,"",1.00,1.00,1.00,1.00,1.00,1.00,1.00,1.00,"",-4,0.0,-2756,-1.1,-2795,-1.1,-3206,-1.3,-125867027,-2.7,-1716120,-0.4,608984,16.5,-22,-1.5
"US000","3","221","15","0","2021","1","",8402,244099,243804,243901,4596918835,383366261,4298800,1450,"",1.00,1.00,1.00,1.00,1.00,1.00,1.00,1.00,"",-4,0.0,-2756,-1.1,-2795,-1.1,-3206,-1.3,-125867027,-2.7,-1716120,-0.4,608984,16.5,-22,-1.5
"US000","3","2211","16","0","2021","1","",938,75399,75343,75401,1804946557,73220755,590076,1842,"",1.00,1.00,1.00,1.00,1.00,1.00,1.00,1.00,"",4,0.4,-1126,-1.5,-897,-1.2,-907,-1.2,-59755996,-3.2,-5648198,-7.2,49102,9.1,-37,-2.0
"US000","3","22111","17","0","2021","1","",254,20508,20466,20504,483195566,36459213,410208,1814,"",1.00,1.00,1.00,1.00,1.00,1.00,1.00,1.00,"",0,0.0,-418,-2.0,-381,-1.8,-315,-1.5,-42302572,-8.0,-4131632,-10.2,30751,8.1,-123,-6.4
"US000","3","221111","18","0","2021","1","",57,3594,3598,3631,86808166,2502959,44105,1851,"",1.00,1.00,1.00,1.00,1.00,1.00,1.00,1.00,"",1,1.8,-51,-1.4,-32,-0.9,1,0.0,-3247769,-3.6,-35258,-1.4,9498,27.4,-55,-2.9
"US000","3","221112","18","0","2021","1","",190,14889,14848,14830,340970574,4088500,34337,1766,"",1.00,1.00,1.00,1.00,1.00,1.00,1.00,1.00,"",-1,-0.5,-300,-2.0,-290,-1.9,-284,-1.9,-32664156,-8.7,67206,1.7,11375,49.5,-131,-6.9
"US000","3","221113","18","0","2021","1","",4,1932,1927,1950,53433562,29378232,321976,2123,"",1.00,1.00,1.00,1.00,1.00,1.00,1.00,1.00,"",0,0.0,-67,-3.4,-57,-2.9,-30,-1.5,-6421038,-10.7,-4106633,-12.3,10526,3.4,-193,-8.3
"US000","3","221114","18","0","2021","1","N",1,0,0,0,0,0,0,0,"N",1.00,0,0,0,0,0,0,0,"N",0,0.0,0,0,0,0,0,0,0,0,0,0,0,0,0,0
"US000","3","221115","18","0","2021","1","N",1,0,0,0,0,0,0,0,"N",1.00,0,0,0,0,0,0,0,"N",0,0.0,0,0,0,0,0,0,0,0,0,0,0,0,0,0
"US000","3","221117","18","0","2021","1","N",1,0,0,0,0,0,0,0,"N",1.00,0,0,0,0,0,0,0,"N",0,0.0,0,0,0,0,0,0,0,0,0,0,0,0,0,0
"US000","3","22112","17","0","2021","1","",684,54891,54877,54897,1321750991,36761542,179868,1852,"",1.00,1.00,1.00,1.00,1.00,1.00,1.00,1.00,"",4,0.6,-708,-1.3,-516,-0.9,-592,-1.1,-17453424,-1.3,-1516566,-4.0,18351,11.4,-4,-0.2
"US000","3","221121","18","0","2021","1","",67,6470,6472,6480,153622038,1789815,21794,1825,"",1.00,1.00,1.00,1.00,1.00,1.00,1.00,1.00,"",1,1.5,118,1.9,75,1.2,80,1.2,-1710321,-1.1,-14224,-0.8,11779,117.6,-47,-2.5
"US000","3","221122","18","0","2021","1","",617,48421,48405,48417,1168128953,34971727,158074,1856,"",1.00,1.00,1.00,1.00,1.00,1.00,1.00,1.00,"",3,0.5,-826,-1.7,-591,-1.2,-672,-1.4,-15743103,-1.3,-1502342,-4.1,6572,4.3,2,0.1
"US000","3","2212","16","0","2021","1","",204,6736,6712,6731,96528720,13458252,72196,1104,"",1.00,1.00,1.00,1.00,1.00,1.00,1.00,1.00,"",-1,-0.5,-13,-0.2,-38,-0.6,-51,-0.8,-2158231,-2.2,74224,0.6,6194,9.4,-19,-1.7
"US000","3","22121","17","0","2021","1","",204,6736,6712,6731,96528720,13458252,72196,1104,"",1.00,1.00,1.00,1.00,1.00,1.00,1.00,1.00,"",-1,-0.5,-13,-0.2,-38,-0.6,-51,-0.8,-2158231,-2.2,74224,0.6,6194,9.4,-19,-1.7
"US000","3","221210","18","0","2021","1","",204,6736,6712,6731,96528720,13458252,72196,1104,"",1.00,1.00,1.00,1.00,1.00,1.00,1.00,1.00,"",-1,-0.5,-13,-0.2,-38,-0.6,-51,-0.8,-2158231,-2.2,74224,0.6,6194,9.4,-19,-1.7
"US000","3","2213","16","0","2021","1","",7260,161964,161749,161769,2695443558,296687254,3636528,1281,"",1.00,1.00,1.00,1.00,1.00,1.00,1.00,1.00,"",-7,-0.1,-1617,-1.0,-1860,-1.1,-2248,-1.4,-63952800,-2.3,3857854,1.3,553688,18.0,-15,-1.2
"US000","3","22131","17","0","2021","1","",4931,109800,109663,109733,1789910025,212410151,2799989,1255,"",1.00,1.00,1.00,1.00,1.00,1.00,1.00,1.00,"",-11,-0.2,-739,-0.7,-946,-0.9,-1165,-1.1,-36053638,-2.0,3952784,1.9,510941,22.3,-14,-1.1
"US000","3","221310","18","0","2021","1","",4931,109800,109663,109733,1789910025,212410151,2799989,1255,"",1.00,1.00,1.00,1.00,1.00,1.00,1.00,1.00,"",-11,-0.2,-739,-0.7,-946,-0.9,-1165,-1.1,-36053638,-2.0,3952784,1.9,510941,22.3,-14,-1.1
"US000","3","22132","17","0","2021","1","",2324,52031,51955,51908,903164116,83429514,830606,1337,"",1.00,1.00,1.00,1.00,1.00,1.00,1.00,1.00,"",5,0.2,-875,-1.7,-908,-1.7,-1074,-2.0,-27808520,-3.0,-64072,-0.1,42963,5.5,-16,-1.2
"US000","3","221320","18","0","2021","1","",2324,52031,51955,51908,903164116,83429514,830606,1337,"",1.00,1.00,1.00,1.00,1.00,1.00,1.00,1.00,"",5,0.2,-875,-1.7,-908,-1.7,-1074,-2.0,-27808520,-3.0,-64072,-0.1,42963,5.5,-16,-1.2
"US000","3","22133","17","0","2021","1","",5,133,131,128,2369417,847589,5933,1395,"",1.00,1.00,1.00,1.00,1.00,1.00,1.00,1.00,"",-1,-16.7,-3,-2.2,-6,-4.4,-9,-6.6,-90642,-3.7,-30858,-3.5,-216,-3.5,10,0.7
"US000","3","221330","18","0","2021","1","",5,133,131,128,2369417,847589,5933,1395,"",1.00,1.00,1.00,1.00,1.00,1.00,1.00,1.00,"",-1,-16.7,-3,-2.2,-6,-4.4,-9,-6.6,-90642,-3.7,-30858,-3.5,-216,-3.5,10,0.7
"US000","3","23","14","0","2021","1","",4282,102568,102639,102552,1403013421,104107437,1361845,1052,"",1.00,1.00,1.00,1.00,1.00,1.00,1.00,1.00,"",5,0.1,-2907,-2.8,-2563,-2.4,-2697,-2.6,-59032174,-4.0,-2352124,-2.2,166464,13.9,-16,-1.5
"US000","3","236","15","0","2021","1","",111,2557,2573,2585,46916748,4295834,71116,1403,"",1.00,1.00,1.00,1.00,1.00,1.00,1.00,1.00,"",2,1.8,-82,-3.1,-81,-3.1,-62,-2.3,545573,1.2,-24631,-0.6,32774,85.5,55,4.1
"US000","3","2361","16","0","2021","1","",15,174,176,176,1746414,1294555,25626,766,"",1.00,1.00,1.00,1.00,1.00,1.00,1.00,1.00,"",2,15.4,16,10.1,14,8.6,16,10.0,67482,4.0,232162,21.9,8476,49.4,-41,-5.1
"US000","3","23611","17","0","2021","1","",15,174,176,176,1746414,1294555,25626,766,"",1.00,1.00,1.00,1.00,1.00,1.00,1.00,1.00,"",2,15.4,16,10.1,14,8.6,16,10.0,67482,4.0,232162,21.9,8476,49.4,-41,-5.1
"US000","3","236115","18","0","2021","1","",9,124,123,125,1155222,1108764,20373,717,"",1.00,1.00,1.00,1.00,1.00,1.00,1.00,1.00,"",1,12.5,13,11.7,10,8.8,16,14.7,209173,22.1,195124,21.4,6613,48.1,61,9.3
"US000","3","236118","18","0","2021","1","",6,50,53,51,591192,185791,5253,886,"",1.00,1.00,1.00,1.00,1.00,1.00,1.00,1.00,"",1,20.0,3,6.4,4,8.2,0,0.0,-141691,-19.3,37038,24.9,1863,55.0,-265,-23.0
"US000","3","2362","16","0","2021","1","",96,2383,2397,2409,45170334,3001279,45490,1450,"",1.00,1.00,1.00,1.00,1.00,1.00,1.00,1.00,"",0,0.0,-98,-4.0,-95,-3.8,-78,-3.1,478091,1.1,-256793,-7.9,24298,114.7,67,4.8
"US000","3","23621","17","0","2021","1","N",1,0,0,0,0,0,0,0,"N",1.00,0,0,0,0,0,0,0,"N",1,100.0,0,0,0,0,0,0,0,0,0,0,0,0,0,0
"US000","3","236210","18","0","2021","1","N",1,0,0,0,0,0,0,0,"N",1.00,0,0,0,0,0,0,0,"N",1,100.0,0,0,0,0,0,0,0,0,0,0,0,0,0,0
"US000","3","23622","17","0","2021","1","N",95,0,0,0,0,0,0,0,"N",1.00,0,0,0,0,0,0,0,"N",-1,-1.0,0,0,0,0,0,0,0,0,0,0,0,0,0,0
"US000","3","236220","18","0","2021","1","N",95,0,0,0,0,0,0,0,"N",1.00,0,0,0,0,0,0,0,"N",-1,-1.0,0,0,0,0,0,0,0,0,0,0,0,0,0,0
"US000","3","237","15","0","2021","1","",4102,98917,98968,98858,1343674052,99120430,1273779,1045,"",1.00,1.00,1.00,1.00,1.00,1.00,1.00,1.00,"",2,0.0,-3076,-3.0,-2732,-2.7,-2976,-2.9,-62288797,-4.4,-2464627,-2.4,124588,10.8,-17,-1.6
"US000","3","2371","16","0","2021","1","",100,1912,1912,1913,27075825,3035068,36324,1089,"",1.00,1.00,1.00,1.00,1.00,1.00,1.00,1.00,"",-6,-5.7,-18,-0.9,-15,-0.8,-29,-1.5,-103429,-0.4,-346232,-10.2,-21997,-37.7,7,0.6
"US000","3","23711","17","0","2021","1","",82,1571,1568,1568,20972960,2744249,33155,1028,"",1.00,1.00,1.00,1.00,1.00,1.00,1.00,1.00,"",-6,-6.8,0,0.0,-4,-0.3,-17,-1.1,-241691,-1.1,-327507,-10.7,-21167,-39.0,-7,-0.7
"US000","3","237110","18","0","2021","1","",82,1571,1568,1568,20972960,2744249,33155,1028,"",1.00,1.00,1.00,1.00,1.00,1.00,1.00,1.00,"",-6,-6.8,0,0.0,-4,-0.3,-17,-1.1,-241691,-1.1,-327507,-10.7,-21167,-39.0,-7,-0.7
"US000","3","23712","17","0","2021","1","N",2,0,0,0,0,0,0,0,"N",1.00,0,0,0,0,0,0,0,"N",0,0.0,0,0,0,0,0,0,0,0,0,0,0,0,0,0
"US000","3","237120","18","0","2021","1","N",2,0,0,0,0,0,0,0,"N",1.00,0,0,0,0,0,0,0,"N",0,0.0,0,0,0,0,0,0,0,0,0,0,0,0,0,0
"US000","3","23713","17","0","2021","1","N",16,0,0,0,0,0,0,0,"N",1.00,0,0,0,0,0,0,0,"N",0,0.0,0,0,0,0,0,0,0,0,0,0,0,0,0,0
"US000","3","237130","18","0","2021","1","N",16,0,0,0,0,0,0,0,"N",1.00,0,0,0,0,0,0,0,"N",0,0.0,0,0,0,0,0,0,0,0,0,0,0,0,0,0
"US000","3","2372","16","0","2021","1","",12,107,109,109,1827358,883709,11350,1298,"",1.00,1.00,1.00,1.00,1.00,1.00,1.00,1.00,"",-1,-7.7,-14,-11.6,-12,-9.9,-16,-12.8,-238967,-11.6,-121098,-12.1,5026,79.5,-1,-0.1
"US000","3","23721","17","0","2021","1","",12,107,109,109,1827358,883709,11350,1298,"",1.00,1.00,1.00,1.00,1.00,1.00,1.00,1.00,"",-1,-7.7,-14,-11.6,-12,-9.9,-16,-12.8,-238967,-11.6,-121098,-12.1,5026,79.5,-1,-0.1
"US000","3","237210","18","0","2021","1","",12,107,109,109,1827358,883709,11350,1298,"",1.00,1.00,1.00,1.00,1.00,1.00,1.00,1.00,"",-1,-7.7,-14,-11.6,-12,-9.9,-16,-12.8,-238967,-11.6,-121098,-12.1,5026,79.5,-1,-0.1
"US000","3","2373","16","0","2021","1","",3944,95923,95965,95823,1299796173,93314275,1138021,1043,"",1.00,1.00,1.00,1.00,1.00,1.00,1.00,1.00,"",9,0.2,-2951,-3.0,-2642,-2.7,-2890,-2.9,-61343514,-4.5,-1777371,-1.9,136255,13.6,-17,-1.6
"US000","3","23731","17","0","2021","1","",3944,95923,95965,95823,1299796173,93314275,1138021,1043,"",1.00,1.00,1.00,1.00,1.00,1.00,1.00,1.00,"",9,0.2,-2951,-3.0,-2642,-2.7,-2890,-2.9,-61343514,-4.5,-1777371,-1.9,136255,13.6,-17,-1.6
"US000","3","237310","18","0","2021","1","",3944,95923,95965,95823,1299796173,93314275,1138021,1043,"",1.00,1.00,1.00,1.00,1.00,1.00,1.00,1.00,"",9,0.2,-2951,-3.0,-2642,-2.7,-2890,-2.9,-61343514,-4.5,-1777371,-1.9,136255,13.6,-17,-1.6
"US000","3","2379","16","0","2021","1","",46,975,982,1013,14974696,1887378,88084,1164,"",1.00,1.00,1.00,1.00,1.00,1.00,1.00,1.00,"",0,0.0,-93,-8.7,-63,-6.0,-41,-3.9,-602887,-3.9,-219926,-10.4,5304,6.4,29,2.6
"US000","3","23799","17","0","2021","1","",46,975,982,1013,14974696,1887378,88084,1164,"",1.00,1.00,1.00,1.00,1.00,1.00,1.00,1.00,"",0,0.0,-93,-8.7,-63,-6.0,-41,-3.9,-602887,-3.9,-219926,-10.4,5304,6.4,29,2.6
"US000","3","237990","18","0","2021","1","",46,975,982,1013,14974696,1887378,88084,1164,"",1.00,1.00,1.00,1.00,1.00,1.00,1.00,1.00,"",0,0.0,-93,-8.7,-63,-6.0,-41,-3.9,-602887,-3.9,-219926,-10.4,5304,6.4,29,2.6
"US000","3","238","15","0","2021","1","",69,1094,1098,1109,12422621,691173,16950,868,"",1.00,1.00,1.00,1.00,1.00,1.00,1.00,1.00,"",1,1.5,251,29.8,250,29.5,341,44.4,2711050,27.9,137134,24.8,9102,116.0,-43,-4.7
"US000","3","2381","16","0","2021","1","",3,10,10,10,125510,5790,162,965,"",1.00,1.00,1.00,1.00,1.00,1.00,1.00,1.00,"",0,0.0,1,11.1,1,11.1,1,11.1,-6002,-4.6,48,0.8,70,76.1,-159,-14.1
"US000","3","23811","17","0","2021","1","N",1,0,0,0,0,0,0,0,"N",1.00,0,0,0,0,0,0,0,"N",0,0.0,0,0,0,0,0,0,0,0,0,0,0,0,0,0
"US000","3","238112","18","0","2021","1","N",1,0,0,0,0,0,0,0,"N",1.00,0,0,0,0,0,0,0,"N",0,0.0,0,0,0,0,0,0,0,0,0,0,0,0,0,0
"US000","3","23813","17","0","2021","1","N",1,0,0,0,0,0,0,0,"N",1.00,0,0,0,0,0,0,0,"N",0,0.0,0,0,0,0,0,0,0,0,0,0,0,0,0,0
"US000","3","238132","18","0","2021","1","N",1,0,0,0,0,0,0,0,"N",1.00,0,0,0,0,0,0,0,"N",0,0.0,0,0,0,0,0,0,0,0,0,0,0,0,0,0
"US000","3","23819","17","0","2021","1","N",1,0,0,0,0,0,0,0,"N",1.00,0,0,0,0,0,0,0,"N",0,0.0,0,0,0,0,0,0,0,0,0,0,0,0,0,0
"US000","3","238192","18","0","2021","1","N",1,0,0,0,0,0,0,0,"N",1.00,0,0,0,0,0,0,0,"N",0,0.0,0,0,0,0,0,0,0,0,0,0,0,0,0,0
"US000","3","2382","16","0","2021","1","",44,487,490,492,6002927,543839,13909,943,"",1.00,1.00,1.00,1.00,1.00,1.00,1.00,1.00,"",0,0.0,-14,-2.8,-10,-2.0,72,17.1,-127643,-2.1,205244,60.6,11022,381.8,-53,-5.3
"US000","3","23821","17","0","2021","1","",28,237,239,240,2477544,543839,13909,799,"",1.00,1.00,1.00,1.00,1.00,1.00,1.00,1.00,"N",0,0.0,0,0,0,0,0,0,0,0,0,0,0,0,0,0
"US000","3","238211","18","0","2021","1","",4,47,47,47,659570,543839,13909,1079,"",1.00,1.00,1.00,1.00,1.00,1.00,1.00,1.00,"N",0,0.0,0,0,0,0,0,0,0,0,0,0,0,0,0,0
"US000","3","238212","18","0","2021","1","",24,190,192,193,1817974,0,0,730,"",1.00,1.00,1.00,1.00,1.00,0.00,0.00,1.00,"",0,0.0,-20,-9.5,-17,-8.1,64,49.6,-204385,-10.1,0,0.0,0,0.0,-122,-14.3
"US000","3","23822","17","0","2021","1","N",15,0,0,0,0,0,0,0,"N",1.00,0,0,0,0,0,0,0,"N",0,0.0,0,0,0,0,0,0,0,0,0,0,0,0,0,0
"US000","3","238221","18","0","2021","1","N",1,0,0,0,0,0,0,0,"N",1.00,0,0,0,0,0,0,0,"N",0,0.0,0,0,0,0,0,0,0,0,0,0,0,0,0,0
"US000","3","238222","18","0","2021","1","",14,233,234,234,3271109,0,0,1077,"",1.00,1.00,1.00,1.00,1.00,0.00,0.00,1.00,"N",0,0.0,0,0,0,0,0,0,0,0,0,0,0,0,0,0
"US000","3","23829","17","0","2021","1","N",1,0,0,0,0,0,0,0,"N",1.00,0,0,0,0,0,0,0,"N",0,0.0,0,0,0,0,0,0,0,0,0,0,0,0,0,0
"US000","3","238292","18","0","2021","1","N",1,0,0,0,0,0,0,0,"N",1.00,0,0,0,0,0,0,0,"N",0,0.0,0,0,0,0,0,0,0,0,0,0,0,0,0,0
"US000","3","2383","16","0","2021","1","",7,220,220,222,1802681,70502,705,628,"",1.00,1.00,1.00,1.00,1.00,1.00,1.00,1.00,"",0,0.0,45,25.7,44,25.0,46,26.1,431542,31.5,-13498,-16.1,-135,-16.1,28,4.7
"US000","3","23831","17","0","2021","1","N",1,0,0,0,0,0,0,0,"N",1.00,0,0,0,0,0,0,0,"N",0,0.0,0,0,0,0,0,0,0,0,0,0,0,0,0,0
"US000","3","238312","18","0","2021","1","N",1,0,0,0,0,0,0,0,"N",1.00,0,0,0,0,0,0,0,"N",0,0.0,0,0,0,0,0,0,0,0,0,0,0,0,0,0
"US000","3","23832","17","0","2021","1","N",1,0,0,0,0,0,0,0,"N",1.00,0,0,0,0,0,0,0,"N",0,0.0,0,0,0,0,0,0,0,0,0,0,0,0,0,0
"US000","3","238322","18","0","2021","1","N",1,0,0,0,0,0,0,0,"N",1.00,0,0,0,0,0,0,0,"N",0,0.0,0,0,0,0,0,0,0,0,0,0,0,0,0,0
"US000","3","23835","17","0","2021","1","N",3,0,0,0,0,0,0,0,"N",1.00,0,0,0,0,0,0,0,"N",0,0.0,0,0,0,0,0,0,0,0,0,0,0,0,0,0
"US000","3","238352","18","0","2021","1","N",3,0,0,0,0,0,0,0,"N",1.00,0,0,0,0,0,0,0,"N",0,0.0,0,0,0,0,0,0,0,0,0,0,0,0,0,0
"US000","3","23839","17","0","2021","1","N",2,0,0,0,0,0,0,0,"N",1.00,0,0,0,0,0,0,0,"N",0,0.0,0,0,0,0,0,0,0,0,0,0,0,0,0,0
"US000","3","238392","18","0","2021","1","N",2,0,0,0,0,0,0,0,"N",1.00,0,0,0,0,0,0,0,"N",0,0.0,0,0,0,0,0,0,0,0,0,0,0,0,0,0
"US000","3","2389","16","0","2021","1","",15,377,378,385,4491503,71042,2174,909,"",1.00,1.00,1.00,1.00,1.00,1.00,1.00,1.00,"",1,7.1,219,138.6,215,131.9,222,136.2,2413153,116.1,-54660,-43.5,-1855,-46.0,-82,-8.3
"US000","3","23891","17","0","2021","1","N",6,0,0,0,0,0,0,0,"N",1.00,0,0,0,0,0,0,0,"N",1,20.0,0,0,0,0,0,0,0,0,0,0,0,0,0,0
"US000","3","238911","18","0","2021","1","N",1,0,0,0,0,0,0,0,"N",1.00,0,0,0,0,0,0,0,"N",0,0.0,0,0,0,0,0,0,0,0,0,0,0,0,0,0
"US000","3","238912","18","0","2021","1","N",5,0,0,0,0,0,0,0,"N",1.00,0,0,0,0,0,0,0,"N",1,25.0,0,0,0,0,0,0,0,0,0,0,0,0,0,0
"US000","3","23899","17","0","2021","1","N",9,0,0,0,0,0,0,0,"N",1.00,0,0,0,0,0,0,0,"N",0,0.0,0,0,0,0,0,0,0,0,0,0,0,0,0,0
"US000","3","238992","18","0","2021","1","N",9,0,0,0,0,0,0,0,"N",1.00,0,0,0,0,0,0,0,"N",0,0.0,0,0,0,0,0,0,0,0,0,0,0,0,0,0
"US000","3","31-33","14","0","2021","1","",41,1472,1456,1436,17781036,6796118,333237,940,"",1.00,1.00,1.00,1.00,1.00,1.00,1.00,1.00,"",2,5.1,103,7.5,75,5.4,69,5.0,293480,1.7,277403,4.3,98221,41.8,-40,-4.1
"US000","3","311","15","0","2021","1","",6,85,76,76,486558,21770,17,474,"",1.00,1.00,1.00,1.00,1.00,1.00,1.00,1.00,"",0,0.0,20,30.8,13,20.6,12,18.8,138685,39.9,85,0.4,0,0.0,56,13.4
"US000","3","3114","16","0","2021","1","N",2,0,0,0,0,0,0,0,"N",1.00,0,0,0,0,0,0,0,"N",0,0.0,0,0,0,0,0,0,0,0,0,0,0,0,0,0
"US000","3","31141","17","0","2021","1","N",1,0,0,0,0,0,0,0,"N",1.00,0,0,0,0,0,0,0,"N",0,0.0,0,0,0,0,0,0,0,0,0,0,0,0,0,0
"US000","3","311412","18","0","2021","1","N",1,0,0,0,0,0,0,0,"N",1.00,0,0,0,0,0,0,0,"N",0,0.0,0,0,0,0,0,0,0,0,0,0,0,0,0,0
"US000","3","31142","17","0","2021","1","N",1,0,0,0,0,0,0,0,"N",1.00,0,0,0,0,0,0,0,"N",0,0.0,0,0,0,0,0,0,0,0,0,0,0,0,0,0
"US000","3","311421","18","0","2021","1","N",1,0,0,0,0,0,0,0,"N",1.00,0,0,0,0,0,0,0,"N",0,0.0,0,0,0,0,0,0,0,0,0,0,0,0,0,0
"US000","3","3116","16","0","2021","1","N",1,0,0,0,0,0,0,0,"N",1.00,0,0,0,0,0,0,0,"N",0,0.0,0,0,0,0,0,0,0,0,0,0,0,0,0,0
"US000","3","31161","17","0","2021","1","N",1,0,0,0,0,0,0,0,"N",1.00,0,0,0,0,0,0,0,"N",0,0.0,0,0,0,0,0,0,0,0,0,0,0,0,0,0
"US000","3","311612","18","0","2021","1","N",1,0,0,0,0,0,0,0,"N",1.00,0,0,0,0,0,0,0,"N",0,0.0,0,0,0,0,0,0,0,0,0,0,0,0,0,0
"US000","3","3117","16","0","2021","1","N",1,0,0,0,0,0,0,0,"N",1.00,0,0,0,0,0,0,0,"N",0,0.0,0,0,0,0,0,0,0,0,0,0,0,0,0,0
"US000","3","31171","17","0","2021","1","N",1,0,0,0,0,0,0,0,"N",1.00,0,0,0,0,0,0,0,"N",0,0.0,0,0,0,0,0,0,0,0,0,0,0,0,0,0
"US000","3","311710","18","0","2021","1","N",1,0,0,0,0,0,0,0,"N",1.00,0,0,0,0,0,0,0,"N",0,0.0,0,0,0,0,0,0,0,0,0,0,0,0,0,0
"US000","3","3118","16","0","2021","1","N",2,0,0,0,0,0,0,0,"N",1.00,0,0,0,0,0,0,0,"N",0,0.0,0,0,0,0,0,0,0,0,0,0,0,0,0,0
"US000","3","31181","17","0","2021","1","N",2,0,0,0,0,0,0,0,"N",1.00,0,0,0,0,0,0,0,"N",0,0.0,0,0,0,0,0,0,0,0,0,0,0,0,0,0
"US000","3","311812","18","0","2021","1","N",2,0,0,0,0,0,0,0,"N",1.00,0,0,0,0,0,0,0,"N",0,0.0,0,0,0,0,0,0,0,0,0,0,0,0,0,0
"US000","3","312","15","0","2021","1","",3,50,48,48,469900,177419,4470,743,"",1.00,1.00,1.00,1.00,1.00,1.00,1.00,1.00,"",0,0.0,-4,-7.4,-8,-14.3,-9,-15.8,-53433,-10.2,-49044,-21.7,1187,36.2,20,2.8
"US000","3","3122","16","0","2021","1","",3,50,48,48,469900,177419,4470,743,"",1.00,1.00,1.00,1.00,1.00,1.00,1.00,1.00,"",0,0.0,-4,-7.4,-8,-14.3,-9,-15.8,-53433,-10.2,-49044,-21.7,1187,36.2,20,2.8
"US000","3","31223","17","0","2021","1","",3,50,48,48,469900,177419,4470,743,"",1.00,1.00,1.00,1.00,1.00,1.00,1.00,1.00,"",0,0.0,-4,-7.4,-8,-14.3,-9,-15.8,-53433,-10.2,-49044,-21.7,1187,36.2,20,2.8
"US000","3","312230","18","0","2021","1","",3,50,48,48,469900,177419,4470,743,"",1.00,1.00,1.00,1.00,1.00,1.00,1.00,1.00,"",0,0.0,-4,-7.4,-8,-14.3,-9,-15.8,-53433,-10.2,-49044,-21.7,1187,36.2,20,2.8
"US000","3","313","15","0","2021","1","N",1,0,0,0,0,0,0,0,"N",1.00,0,0,0,0,0,0,0,"N",0,0.0,0,0,0,0,0,0,0,0,0,0,0,0,0,0
"US000","3","3132","16","0","2021","1","N",1,0,0,0,0,0,0,0,"N",1.00,0,0,0,0,0,0,0,"N",0,0.0,0,0,0,0,0,0,0,0,0,0,0,0,0,0
"US000","3","31321","17","0","2021","1","N",1,0,0,0,0,0,0,0,"N",1.00,0,0,0,0,0,0,0,"N",0,0.0,0,0,0,0,0,0,0,0,0,0,0,0,0,0
"US000","3","313210","18","0","2021","1","N",1,0,0,0,0,0,0,0,"N",1.00,0,0,0,0,0,0,0,"N",0,0.0,0,0,0,0,0,0,0,0,0,0,0,0,0,0
"US000","3","321","15","0","2021","1","",5,538,547,521,5534413,2932060,297301,795,"",1.00,1.00,1.00,1.00,1.00,1.00,1.00,1.00,"",0,0.0,19,3.7,33,6.4,21,4.2,308173,5.9,139712,5.0,110037,58.8,8,1.0
"US000","3","3211","16","0","2021","1","",3,474,481,455,4791850,2201413,287609,784,"",1.00,1.00,1.00,1.00,1.00,1.00,1.00,1.00,"",0,0.0,32,7.2,40,9.1,32,7.6,345570,7.8,184062,9.1,110875,62.7,-2,-0.3
"US000","3","32111","17","0","2021","1","",3,474,481,455,4791850,2201413,287609,784,"",1.00,1.00,1.00,1.00,1.00,1.00,1.00,1.00,"",0,0.0,32,7.2,40,9.1,32,7.6,345570,7.8,184062,9.1,110875,62.7,-2,-0.3
"US000","3","321113","18","0","2021","1","",3,474,481,455,4791850,2201413,287609,784,"",1.00,1.00,1.00,1.00,1.00,1.00,1.00,1.00,"",0,0.0,32,7.2,40,9.1,32,7.6,345570,7.8,184062,9.1,110875,62.7,-2,-0.3
"US000","3","3212","16","0","2021","1","N",1,0,0,0,0,0,0,0,"N",1.00,0,0,0,0,0,0,0,"N",0,0.0,0,0,0,0,0,0,0,0,0,0,0,0,0,0
"US000","3","32121","17","0","2021","1","N",1,0,0,0,0,0,0,0,"N",1.00,0,0,0,0,0,0,0,"N",0,0.0,0,0,0,0,0,0,0,0,0,0,0,0,0,0
"US000","3","321219","18","0","2021","1","N",1,0,0,0,0,0,0,0,"N",1.00,0,0,0,0,0,0,0,"N",0,0.0,0,0,0,0,0,0,0,0,0,0,0,0,0,0
"US000","3","3219","16","0","2021","1","N",1,0,0,0,0,0,0,0,"N",1.00,0,0,0,0,0,0,0,"N",0,0.0,0,0,0,0,0,0,0,0,0,0,0,0,0,0
"US000","3","32192","17","0","2021","1","N",1,0,0,0,0,0,0,0,"N",1.00,0,0,0,0,0,0,0,"N",0,0.0,0,0,0,0,0,0,0,0,0,0,0,0,0,0
"US000","3","321920","18","0","2021","1","N",1,0,0,0,0,0,0,0,"N",1.00,0,0,0,0,0,0,0,"N",0,0.0,0,0,0,0,0,0,0,0,0,0,0,0,0,0
"US000","3","323","15","0","2021","1","",7,33,33,33,520846,0,0,1214,"",1.00,1.00,1.00,1.00,1.00,0.00,0.00,1.00,"",0,0.0,-11,-25.0,-11,-25.0,-8,-19.5,-21934,-4.0,0,0.0,0,0.0,243,25.0
"US000","3","3231","16","0","2021","1","",7,33,33,33,520846,0,0,1214,"",1.00,1.00,1.00,1.00,1.00,0.00,0.00,1.00,"",0,0.0,-11,-25.0,-11,-25.0,-8,-19.5,-21934,-4.0,0,0.0,0,0.0,243,25.0
"US000","3","32311","17","0","2021","1","",7,33,33,33,520846,0,0,1214,"",1.00,1.00,1.00,1.00,1.00,0.00,0.00,1.00,"",0,0.0,-11,-25.0,-11,-25.0,-8,-19.5,-21934,-4.0,0,0.0,0,0.0,243,25.0
"US000","3","323111","18","0","2021","1","N",5,0,0,0,0,0,0,0,"N",1.00,0,0,0,0,0,0,0,"N",0,0.0,0,0,0,0,0,0,0,0,0,0,0,0,0,0
"US000","3","323113","18","0","2021","1","N",2,0,0,0,0,0,0,0,"N",1.00,0,0,0,0,0,0,0,"N",0,0.0,0,0,0,0,0,0,0,0,0,0,0,0,0,0
"US000","3","324","15","0","2021","1","N",1,0,0,0,0,0,0,0,"N",1.00,0,0,0,0,0,0,0,"N",0,0.0,0,0,0,0,0,0,0,0,0,0,0,0,0,0
"US000","3","3241","16","0","2021","1","N",1,0,0,0,0,0,0,0,"N",1.00,0,0,0,0,0,0,0,"N",0,0.0,0,0,0,0,0,0,0,0,0,0,0,0,0,0
"US000","3","32411","17","0","2021","1","N",1,0,0,0,0,0,0,0,"N",1.00,0,0,0,0,0,0,0,"N",0,0.0,0,0,0,0,0,0,0,0,0,0,0,0,0,0
"US000","3","324110","18","0","2021","1","N",1,0,0,0,0,0,0,0,"N",1.00,0,0,0,0,0,0,0,"N",0,0.0,0,0,0,0,0,0,0,0,0,0,0,0,0,0
"US000","3","325","15","0","2021","1","",4,59,58,59,820446,481407,1530,1076,"",1.00,1.00,1.00,1.00,1.00,1.00,1.00,1.00,"",0,0.0,1,1.7,-3,-4.9,-3,-4.8,-77369,-8.6,-5566,-1.1,761,99.0,-69,-6.0
"US000","3","3251","16","0","2021","1","N",1,0,0,0,0,0,0,0,"N",1.00,0,0,0,0,0,0,0,"N",0,0.0,0,0,0,0,0,0,0,0,0,0,0,0,0,0
"US000","3","32512","17","0","2021","1","N",1,0,0,0,0,0,0,0,"N",1.00,0,0,0,0,0,0,0,"N",0,0.0,0,0,0,0,0,0,0,0,0,0,0,0,0,0
"US000","3","325120","18","0","2021","1","N",1,0,0,0,0,0,0,0,"N",1.00,0,0,0,0,0,0,0,"N",0,0.0,0,0,0,0,0,0,0,0,0,0,0,0,0,0
"US000","3","3253","16","0","2021","1","N",1,0,0,0,0,0,0,0,"N",1.00,0,0,0,0,0,0,0,"N",0,0.0,0,0,0,0,0,0,0,0,0,0,0,0,0,0
"US000","3","32532","17","0","2021","1","N",1,0,0,0,0,0,0,0,"N",1.00,0,0,0,0,0,0,0,"N",0,0.0,0,0,0,0,0,0,0,0,0,0,0,0,0,0
"US000","3","325320","18","0","2021","1","N",1,0,0,0,0,0,0,0,"N",1.00,0,0,0,0,0,0,0,"N",0,0.0,0,0,0,0,0,0,0,0,0,0,0,0,0,0
"US000","3","3254","16","0","2021","1","N",1,0,0,0,0,0,0,0,"N",1.00,0,0,0,0,0,0,0,"N",0,0.0,0,0,0,0,0,0,0,0,0,0,0,0,0,0
"US000","3","32541","17","0","2021","1","N",1,0,0,0,0,0,0,0,"N",1.00,0,0,0,0,0,0,0,"N",0,0.0,0,0,0,0,0,0,0,0,0,0,0,0,0,0
"US000","3","325412","18","0","2021","1","N",1,0,0,0,0,0,0,0,"N",1.00,0,0,0,0,0,0,0,"N",0,0.0,0,0,0,0,0,0,0,0,0,0,0,0,0,0
"US000","3","3255","16","0","2021","1","N",1,0,0,0,0,0,0,0,"N",1.00,0,0,0,0,0,0,0,"N",0,0.0,0,0,0,0,0,0,0,0,0,0,0,0,0,0
"US000","3","32551","17","0","2021","1","N",1,0,0,0,0,0,0,0,"N",1.00,0,0,0,0,0,0,0,"N",0,0.0,0,0,0,0,0,0,0,0,0,0,0,0,0,0
"US000","3","325510","18","0","2021","1","N",1,0,0,0,0,0,0,0,"N",1.00,0,0,0,0,0,0,0,"N",0,0.0,0,0,0,0,0,0,0,0,0,0,0,0,0,0
"US000","3","326","15","0","2021","1","N",2,0,0,0,0,0,0,0,"N",1.00,0,0,0,0,0,0,0,"N",1,100.0,0,0,0,0,0,0,0,0,0,0,0,0,0,0
"US000","3","3261","16","0","2021","1","N",2,0,0,0,0,0,0,0,"N",1.00,0,0,0,0,0,0,0,"N",1,100.0,0,0,0,0,0,0,0,0,0,0,0,0,0,0
"US000","3","32611","17","0","2021","1","N",1,0,0,0,0,0,0,0,"N",1.00,0,0,0,0,0,0,0,"N",0,0.0,0,0,0,0,0,0,0,0,0,0,0,0,0,0
"US000","3","326111","18","0","2021","1","N",1,0,0,0,0,0,0,0,"N",1.00,0,0,0,0,0,0,0,"N",0,0.0,0,0,0,0,0,0,0,0,0,0,0,0,0,0
"US000","3","32619","17","0","2021","1","N",1,0,0,0,0,0,0,0,"N",1.00,0,0,0,0,0,0,0,"N",1,100.0,0,0,0,0,0,0,0,0,0,0,0,0,0,0
"US000","3","326199","18","0","2021","1","N",1,0,0,0,0,0,0,0,"N",1.00,0,0,0,0,0,0,0,"N",1,100.0,0,0,0,0,0,0,0,0,0,0,0,0,0,0
"US000","3","327","15","0","2021","1","N",2,0,0,0,0,0,0,0,"N",1.00,0,0,0,0,0,0,0,"N",0,0.0,0,0,0,0,0,0,0,0,0,0,0,0,0,0
"US000","3","3273","16","0","2021","1","N",2,0,0,0,0,0,0,0,"N",1.00,0,0,0,0,0,0,0,"N",0,0.0,0,0,0,0,0,0,0,0,0,0,0,0,0,0
"US000","3","32731","17","0","2021","1","N",1,0,0,0,0,0,0,0,"N",1.00,0,0,0,0,0,0,0,"N",0,0.0,0,0,0,0,0,0,0,0,0,0,0,0,0,0
"US000","3","327310","18","0","2021","1","N",1,0,0,0,0,0,0,0,"N",1.00,0,0,0,0,0,0,0,"N",0,0.0,0,0,0,0,0,0,0,0,0,0,0,0,0,0
"US000","3","32732","17","0","2021","1","N",1,0,0,0,0,0,0,0,"N",1.00,0,0,0,0,0,0,0,"N",0,0.0,0,0,0,0,0,0,0,0,0,0,0,0,0,0
"US000","3","327320","18","0","2021","1","N",1,0,0,0,0,0,0,0,"N",1.00,0,0,0,0,0,0,0,"N",0,0.0,0,0,0,0,0,0,0,0,0,0,0,0,0,0
"US000","3","332","15","0","2021","1","N",2,0,0,0,0,0,0,0,"N",1.00,0,0,0,0,0,0,0,"N",0,0.0,0,0,0,0,0,0,0,0,0,0,0,0,0,0
"US000","3","3327","16","0","2021","1","-",0,0,0,0,0,0,0,0,"N",0.00,0,0,0,0,0,0,0,"N",0,0,0,0,0,0,0,0,0,0,0,0,0,0,0,0
"US000","3","33271","17","0","2021","1","-",0,0,0,0,0,0,0,0,"N",0.00,0,0,0,0,0,0,0,"N",0,0,0,0,0,0,0,0,0,0,0,0,0,0,0,0
"US000","3","332710","18","0","2021","1","-",0,0,0,0,0,0,0,0,"N",0.00,0,0,0,0,0,0,0,"N",0,0,0,0,0,0,0,0,0,0,0,0,0,0,0,0
"US000","3","3329","16","0","2021","1","N",2,0,0,0,0,0,0,0,"N",1.00,0,0,0,0,0,0,0,"N",0,0.0,0,0,0,0,0,0,0,0,0,0,0,0,0,0
"US000","3","33299","17","0","2021","1","N",2,0,0,0,0,0,0,0,"N",1.00,0,0,0,0,0,0,0,"N",0,0.0,0,0,0,0,0,0,0,0,0,0,0,0,0,0
"US000","3","332992","18","0","2021","1","N",2,0,0,0,0,0,0,0,"N",1.00,0,0,0,0,0,0,0,"N",0,0.0,0,0,0,0,0,0,0,0,0,0,0,0,0,0
"US000","3","334","15","0","2021","1","",4,152,149,152,1299170,1221984,13008,662,"",1.00,1.00,1.00,1.00,1.00,1.00,1.00,1.00,"N",1,33.3,0,0,0,0,0,0,0,0,0,0,0,0,0,0
"US000","3","3344","16","0","2021","1","N",2,0,0,0,0,0,0,0,"N",1.00,0,0,0,0,0,0,0,"N",0,0.0,0,0,0,0,0,0,0,0,0,0,0,0,0,0
"US000","3","33441","17","0","2021","1","N",2,0,0,0,0,0,0,0,"N",1.00,0,0,0,0,0,0,0,"N",0,0.0,0,0,0,0,0,0,0,0,0,0,0,0,0,0
"US000","3","334418","18","0","2021","1","N",1,0,0,0,0,0,0,0,"N",1.00,0,0,0,0,0,0,0,"N",0,0.0,0,0,0,0,0,0,0,0,0,0,0,0,0,0
"US000","3","334419","18","0","2021","1","N",1,0,0,0,0,0,0,0,"N",1.00,0,0,0,0,0,0,0,"N",0,0.0,0,0,0,0,0,0,0,0,0,0,0,0,0,0
"US000","3","3345","16","0","2021","1","N",2,0,0,0,0,0,0,0,"N",1.00,0,0,0,0,0,0,0,"N",1,100.0,0,0,0,0,0,0,0,0,0,0,0,0,0,0
"US000","3","33451","17","0","2021","1","N",2,0,0,0,0,0,0,0,"N",1.00,0,0,0,0,0,0,0,"N",1,100.0,0,0,0,0,0,0,0,0,0,0,0,0,0,0
"US000","3","334511","18","0","2021","1","N",1,0,0,0,0,0,0,0,"N",1.00,0,0,0,0,0,0,0,"N",0,0.0,0,0,0,0,0,0,0,0,0,0,0,0,0,0
"US000","3","334515","18","0","2021","1","N",1,0,0,0,0,0,0,0,"N",1.00,0,0,0,0,0,0,0,"N",1,100.0,0,0,0,0,0,0,0,0,0,0,0,0,0,0
"US000","3","335","15","0","2021","1","N",2,0,0,0,0,0,0,0,"N",1.00,0,0,0,0,0,0,0,"N",0,0.0,0,0,0,0,0,0,0,0,0,0,0,0,0,0
"US000","3","3353","16","0","2021","1","N",1,0,0,0,0,0,0,0,"N",1.00,0,0,0,0,0,0,0,"N",0,0.0,0,0,0,0,0,0,0,0,0,0,0,0,0,0
"US000","3","33531","17","0","2021","1","N",1,0,0,0,0,0,0,0,"N",1.00,0,0,0,0,0,0,0,"N",0,0.0,0,0,0,0,0,0,0,0,0,0,0,0,0,0
"US000","3","335311","18","0","2021","1","N",1,0,0,0,0,0,0,0,"N",1.00,0,0,0,0,0,0,0,"N",0,0.0,0,0,0,0,0,0,0,0,0,0,0,0,0,0
"US000","3","3359","16","0","2021","1","N",1,0,0,0,0,0,0,0,"N",1.00,0,0,0,0,0,0,0,"N",0,0.0,0,0,0,0,0,0,0,0,0,0,0,0,0,0
"US000","3","33599","17","0","2021","1","N",1,0,0,0,0,0,0,0,"N",1.00,0,0,0,0,0,0,0,"N",0,0.0,0,0,0,0,0,0,0,0,0,0,0,0,0,0
"US000","3","335999","18","0","2021","1","N",1,0,0,0,0,0,0,0,"N",1.00,0,0,0,0,0,0,0,"N",0,0.0,0,0,0,0,0,0,0,0,0,0,0,0,0,0
"US000","3","336","15","0","2021","1","N",2,0,0,0,0,0,0,0,"N",1.00,0,0,0,0,0,0,0,"N",0,0.0,0,0,0,0,0,0,0,0,0,0,0,0,0,0
"US000","3","3364","16","0","2021","1","N",1,0,0,0,0,0,0,0,"N",1.00,0,0,0,0,0,0,0,"N",0,0.0,0,0,0,0,0,0,0,0,0,0,0,0,0,0
"US000","3","33641","17","0","2021","1","N",1,0,0,0,0,0,0,0,"N",1.00,0,0,0,0,0,0,0,"N",0,0.0,0,0,0,0,0,0,0,0,0,0,0,0,0,0
"US000","3","336413","18","0","2021","1","N",1,0,0,0,0,0,0,0,"N",1.00,0,0,0,0,0,0,0,"N",0,0.0,0,0,0,0,0,0,0,0,0,0,0,0,0,0
"US000","3","3369","16","0","2021","1","N",1,0,0,0,0,0,0,0,"N",1.00,0,0,0,0,0,0,0,"N",0,0.0,0,0,0,0,0,0,0,0,0,0,0,0,0,0
"US000","3","33699","17","0","2021","1","N",1,0,0,0,0,0,0,0,"N",1.00,0,0,0,0,0,0,0,"N",0,0.0,0,0,0,0,0,0,0,0,0,0,0,0,0,0
"US000","3","336992","18","0","2021","1","N",1,0,0,0,0,0,0,0,"N",1.00,0,0,0,0,0,0,0,"N",0,0.0,0,0,0,0,0,0,0,0,0,0,0,0,0,0
"US000","3","337","15","0","2021","1","-",0,0,0,0,0,0,0,0,"N",0.00,0,0,0,0,0,0,0,"N",0,0,0,0,0,0,0,0,0,0,0,0,0,0,0,0
"US000","3","3371","16","0","2021","1","-",0,0,0,0,0,0,0,0,"N",0.00,0,0,0,0,0,0,0,"N",0,0,0,0,0,0,0,0,0,0,0,0,0,0,0,0
"US000","3","33712","17","0","2021","1","-",0,0,0,0,0,0,0,0,"N",0.00,0,0,0,0,0,0,0,"N",0,0,0,0,0,0,0,0,0,0,0,0,0,0,0,0
"US000","3","337127","18","0","2021","1","-",0,0,0,0,0,0,0,0,"N",0.00,0,0,0,0,0,0,0,"N",0,0,0,0,0,0,0,0,0,0,0,0,0,0,0,0
"US000","3","42","14","0","2021","1","",39,310,306,307,4908355,3250540,13082,1227,"",1.00,1.00,1.00,1.00,1.00,1.00,1.00,1.00,"",3,8.3,11,3.7,0,0.0,1,0.3,178754,3.8,174152,5.7,5160,65.1,29,2.4
"US000","3","423","15","0","2021","1","",24,212,217,218,3915714,2666826,4862,1397,"",1.00,1.00,1.00,1.00,1.00,1.00,1.00,1.00,"",2,9.1,1,0.5,0,0.0,1,0.5,70196,1.8,170782,6.8,1551,46.8,21,1.5
"US000","3","4232","16","0","2021","1","N",1,0,0,0,0,0,0,0,"N",1.00,0,0,0,0,0,0,0,"N",0,0.0,0,0,0,0,0,0,0,0,0,0,0,0,0,0
"US000","3","42321","17","0","2021","1","N",1,0,0,0,0,0,0,0,"N",1.00,0,0,0,0,0,0,0,"N",0,0.0,0,0,0,0,0,0,0,0,0,0,0,0,0,0
"US000","3","423210","18","0","2021","1","N",1,0,0,0,0,0,0,0,"N",1.00,0,0,0,0,0,0,0,"N",0,0.0,0,0,0,0,0,0,0,0,0,0,0,0,0,0
"US000","3","4233","16","0","2021","1","",3,28,28,28,489972,465339,1536,1346,"",1.00,1.00,1.00,1.00,1.00,1.00,1.00,1.00,"",0,0.0,-4,-12.5,-3,-9.7,-2,-6.7,-109002,-18.2,-65847,-12.4,-217,-12.4,-140,-9.4
"US000","3","42332","17","0","2021","1","",3,28,28,28,489972,465339,1536,1346,"",1.00,1.00,1.00,1.00,1.00,1.00,1.00,1.00,"",0,0.0,-4,-12.5,-3,-9.7,-2,-6.7,-109002,-18.2,-65847,-12.4,-217,-12.4,-140,-9.4
"US000","3","423320","18","0","2021","1","",3,28,28,28,489972,465339,1536,1346,"",1.00,1.00,1.00,1.00,1.00,1.00,1.00,1.00,"",0,0.0,-4,-12.5,-3,-9.7,-2,-6.7,-109002,-18.2,-65847,-12.4,-217,-12.4,-140,-9.4
"US000","3","4234","16","0","2021","1","",5,123,124,124,2890872,1891184,625,1798,"",1.00,1.00,1.00,1.00,1.00,1.00,1.00,1.00,"N",0,0.0,0,0,0,0,0,0,0,0,0,0,0,0,0,0
"US000","3","42343","17","0","2021","1","N",1,0,0,0,0,0,0,0,"N",1.00,0,0,0,0,0,0,0,"N",0,0.0,0,0,0,0,0,0,0,0,0,0,0,0,0,0
"US000","3","423430","18","0","2021","1","N",1,0,0,0,0,0,0,0,"N",1.00,0,0,0,0,0,0,0,"N",0,0.0,0,0,0,0,0,0,0,0,0,0,0,0,0,0
"US000","3","42344","17","0","2021","1","N",1,0,0,0,0,0,0,0,"N",1.00,0,0,0,0,0,0,0,"N",0,0.0,0,0,0,0,0,0,0,0,0,0,0,0,0,0
"US000","3","423440","18","0","2021","1","N",1,0,0,0,0,0,0,0,"N",1.00,0,0,0,0,0,0,0,"N",0,0.0,0,0,0,0,0,0,0,0,0,0,0,0,0,0
"US000","3","42345","17","0","2021","1","",3,17,18,18,532570,17597,618,2319,"",1.00,1.00,1.00,1.00,1.00,1.00,1.00,1.00,"",0,0.0,-2,-10.5,2,12.5,1,5.9,84568,18.9,45,0.3,202,48.6,331,16.6
"US000","3","423450","18","0","2021","1","",3,17,18,18,532570,17597,618,2319,"",1.00,1.00,1.00,1.00,1.00,1.00,1.00,1.00,"",0,0.0,-2,-10.5,2,12.5,1,5.9,84568,18.9,45,0.3,202,48.6,331,16.6
"US000","3","4235","16","0","2021","1","N",1,0,0,0,0,0,0,0,"N",1.00,0,0,0,0,0,0,0,"N",0,0.0,0,0,0,0,0,0,0,0,0,0,0,0,0,0
"US000","3","42351","17","0","2021","1","N",1,0,0,0,0,0,0,0,"N",1.00,0,0,0,0,0,0,0,"N",0,0.0,0,0,0,0,0,0,0,0,0,0,0,0,0,0
"US000","3","423510","18","0","2021","1","N",1,0,0,0,0,0,0,0,"N",1.00,0,0,0,0,0,0,0,"N",0,0.0,0,0,0,0,0,0,0,0,0,0,0,0,0,0
"US000","3","4236","16","0","2021","1","",4,17,17,17,207710,146064,452,940,"",1.00,1.00,1.00,1.00,1.00,1.00,1.00,1.00,"N",2,100.0,0,0,0,0,0,0,0,0,0,0,0,0,0,0
"US000","3","42361","17","0","2021","1","N",2,0,0,0,0,0,0,0,"N",1.00,0,0,0,0,0,0,0,"N",1,100.0,0,0,0,0,0,0,0,0,0,0,0,0,0,0
"US000","3","423610","18","0","2021","1","N",2,0,0,0,0,0,0,0,"N",1.00,0,0,0,0,0,0,0,"N",1,100.0,0,0,0,0,0,0,0,0,0,0,0,0,0,0
"US000","3","42369","17","0","2021","1","N",2,0,0,0,0,0,0,0,"N",1.00,0,0,0,0,0,0,0,"N",1,100.0,0,0,0,0,0,0,0,0,0,0,0,0,0,0
"US000","3","423690","18","0","2021","1","N",2,0,0,0,0,0,0,0,"N",1.00,0,0,0,0,0,0,0,"N",1,100.0,0,0,0,0,0,0,0,0,0,0,0,0,0,0
"US000","3","4238","16","0","2021","1","N",1,0,0,0,0,0,0,0,"N",1.00,0,0,0,0,0,0,0,"N",0,0.0,0,0,0,0,0,0,0,0,0,0,0,0,0,0
"US000","3","42384","17","0","2021","1","N",1,0,0,0,0,0,0,0,"N",1.00,0,0,0,0,0,0,0,"N",0,0.0,0,0,0,0,0,0,0,0,0,0,0,0,0,0
"US000","3","423840","18","0","2021","1","N",1,0,0,0,0,0,0,0,"N",1.00,0,0,0,0,0,0,0,"N",0,0.0,0,0,0,0,0,0,0,0,0,0,0,0,0,0
"US000","3","4239","16","0","2021","1","",9,37,40,41,248073,107002,1733,485,"",1.00,1.00,1.00,1.00,1.00,1.00,1.00,1.00,"",0,0.0,14,60.9,7,21.2,8,24.2,47319,23.6,43425,68.3,1192,220.3,-36,-6.9
"US000","3","42393","17","0","2021","1","N",7,0,0,0,0,0,0,0,"N",1.00,0,0,0,0,0,0,0,"N",0,0.0,0,0,0,0,0,0,0,0,0,0,0,0,0,0
"US000","3","423930","18","0","2021","1","N",7,0,0,0,0,0,0,0,"N",1.00,0,0,0,0,0,0,0,"N",0,0.0,0,0,0,0,0,0,0,0,0,0,0,0,0,0
"US000","3","42399","17","0","2021","1","N",2,0,0,0,0,0,0,0,"N",1.00,0,0,0,0,0,0,0,"N",0,0.0,0,0,0,0,0,0,0,0,0,0,0,0,0,0
"US000","3","423990","18","0","2021","1","N",2,0,0,0,0,0,0,0,"N",1.00,0,0,0,0,0,0,0,"N",0,0.0,0,0,0,0,0,0,0,0,0,0,0,0,0,0
"US000","3","424","15","0","2021","1","N",14,0,0,0,0,0,0,0,"N",1.00,0,0,0,0,0,0,0,"N",2,16.7,0,0,0,0,0,0,0,0,0,0,0,0,0,0
"US000","3","4241","16","0","2021","1","N",2,0,0,0,0,0,0,0,"N",1.00,0,0,0,0,0,0,0,"N",0,0.0,0,0,0,0,0,0,0,0,0,0,0,0,0,0
"US000","3","42412","17","0","2021","1","N",2,0,0,0,0,0,0,0,"N",1.00,0,0,0,0,0,0,0,"N",0,0.0,0,0,0,0,0,0,0,0,0,0,0,0,0,0
"US000","3","424120","18","0","2021","1","N",2,0,0,0,0,0,0,0,"N",1.00,0,0,0,0,0,0,0,"N",0,0.0,0,0,0,0,0,0,0,0,0,0,0,0,0,0
"US000","3","4244","16","0","2021","1","N",2,0,0,0,0,0,0,0,"N",1.00,0,0,0,0,0,0,0,"N",1,100.0,0,0,0,0,0,0,0,0,0,0,0,0,0,0
"US000","3","42446","17","0","2021","1","N",2,0,0,0,0,0,0,0,"N",1.00,0,0,0,0,0,0,0,"N",1,100.0,0,0,0,0,0,0,0,0,0,0,0,0,0,0
"US000","3","424460","18","0","2021","1","N",2,0,0,0,0,0,0,0,"N",1.00,0,0,0,0,0,0,0,"N",1,100.0,0,0,0,0,0,0,0,0,0,0,0,0,0,0
"US000","3","4247","16","0","2021","1","",4,39,34,33,235221,227050,3465,512,"",1.00,1.00,1.00,1.00,1.00,1.00,1.00,1.00,"",1,33.3,5,14.7,0,0.0,-1,-2.9,77870,49.5,72810,47.2,688,24.8,156,43.8
"US000","3","42471","17","0","2021","1","N",2,0,0,0,0,0,0,0,"N",1.00,0,0,0,0,0,0,0,"N",0,0.0,0,0,0,0,0,0,0,0,0,0,0,0,0,0
"US000","3","424710","18","0","2021","1","N",2,0,0,0,0,0,0,0,"N",1.00,0,0,0,0,0,0,0,"N",0,0.0,0,0,0,0,0,0,0,0,0,0,0,0,0,0
"US000","3","42472","17","0","2021","1","N",2,0,0,0,0,0,0,0,"N",1.00,0,0,0,0,0,0,0,"N",1,100.0,0,0,0,0,0,0,0,0,0,0,0,0,0,0
"US000","3","424720","18","0","2021","1","N",2,0,0,0,0,0,0,0,"N",1.00,0,0,0,0,0,0,0,"N",1,100.0,0,0,0,0,0,0,0,0,0,0,0,0,0,0
"US000","3","4249","16","0","2021","1","",6,29,27,28,330813,213603,2572,909,"",1.00,1.00,1.00,1.00,1.00,1.00,1.00,1.00,"",0,0.0,0,0.0,-2,-6.9,1,3.7,-5958,-1.8,-5850,-2.7,2214,618.4,-5,-0.5
"US000","3","42491","17","0","2021","1","",6,29,27,28,330813,213603,2572,909,"",1.00,1.00,1.00,1.00,1.00,1.00,1.00,1.00,"",0,0.0,0,0.0,-2,-6.9,1,3.7,-5958,-1.8,-5850,-2.7,2214,618.4,-5,-0.5
"US000","3","424910","18","0","2021","1","",6,29,27,28,330813,213603,2572,909,"",1.00,1.00,1.00,1.00,1.00,1.00,1.00,1.00,"",0,0.0,0,0.0,-2,-6.9,1,3.7,-5958,-1.8,-5850,-2.7,2214,618.4,-5,-0.5
"US000","3","425","15","0","2021","1","N",1,0,0,0,0,0,0,0,"N",1.00,0,0,0,0,0,0,0,"N",-1,-50.0,0,0,0,0,0,0,0,0,0,0,0,0,0,0
"US000","3","4251","16","0","2021","1","N",1,0,0,0,0,0,0,0,"N",1.00,0,0,0,0,0,0,0,"N",-1,-50.0,0,0,0,0,0,0,0,0,0,0,0,0,0,0
"US000","3","42512","17","0","2021","1","N",1,0,0,0,0,0,0,0,"N",1.00,0,0,0,0,0,0,0,"N",-1,-50.0,0,0,0,0,0,0,0,0,0,0,0,0,0,0
"US000","3","425120","18","0","2021","1","N",1,0,0,0,0,0,0,0,"N",1.00,0,0,0,0,0,0,0,"N",-1,-50.0,0,0,0,0,0,0,0,0,0,0,0,0,0,0
"US000","3","44-45","14","0","2021","1","",682,8874,8799,8845,61483657,27363860,305572,535,"",1.00,1.00,1.00,1.00,1.00,1.00,1.00,1.00,"",8,1.2,-97,-1.1,-132,-1.5,-104,-1.2,-33626,-0.1,-1178160,-4.1,35377,13.1,6,1.1
"US000","3","444","15","0","2021","1","",5,30,26,25,411536,75603,819,1172,"",1.00,1.00,1.00,1.00,1.00,1.00,1.00,1.00,"",0,0.0,-3,-9.1,-5,-16.1,-6,-19.4,-7692,-1.8,3525,4.9,569,227.6,154,15.1
"US000","3","4441","16","0","2021","1","N",2,0,0,0,0,0,0,0,"N",1.00,0,0,0,0,0,0,0,"N",0,0.0,0,0,0,0,0,0,0,0,0,0,0,0,0,0
"US000","3","44413","17","0","2021","1","N",2,0,0,0,0,0,0,0,"N",1.00,0,0,0,0,0,0,0,"N",0,0.0,0,0,0,0,0,0,0,0,0,0,0,0,0,0
"US000","3","444130","18","0","2021","1","N",2,0,0,0,0,0,0,0,"N",1.00,0,0,0,0,0,0,0,"N",0,0.0,0,0,0,0,0,0,0,0,0,0,0,0,0,0
"US000","3","4442","16","0","2021","1","N",3,0,0,0,0,0,0,0,"N",1.00,0,0,0,0,0,0,0,"N",0,0.0,0,0,0,0,0,0,0,0,0,0,0,0,0,0
"US000","3","44422","17","0","2021","1","N",3,0,0,0,0,0,0,0,"N",1.00,0,0,0,0,0,0,0,"N",0,0.0,0,0,0,0,0,0,0,0,0,0,0,0,0,0
"US000","3","444220","18","0","2021","1","N",3,0,0,0,0,0,0,0,"N",1.00,0,0,0,0,0,0,0,"N",0,0.0,0,0,0,0,0,0,0,0,0,0,0,0,0,0
"US000","3","445","15","0","2021","1","",453,4406,4393,4399,26859581,4665912,39369,470,"",1.00,1.00,1.00,1.00,1.00,1.00,1.00,1.00,"",-2,-0.4,49,1.1,50,1.2,22,0.5,1286745,5.0,-250395,-5.1,-4527,-10.3,19,4.2
"US000","3","4451","16","0","2021","1","",20,763,777,774,4655122,3414077,34567,464,"",1.00,1.00,1.00,1.00,1.00,1.00,1.00,1.00,"",0,0.0,-1,-0.1,22,2.9,9,1.2,-91659,-1.9,-392289,-10.3,-5239,-13.2,-16,-3.3
"US000","3","44511","17","0","2021","1","",14,696,710,709,4209381,3122075,28743,459,"",1.00,1.00,1.00,1.00,1.00,1.00,1.00,1.00,"",0,0.0,4,0.6,23,3.3,11,1.6,-858,0.0,-332829,-9.6,-6230,-17.8,-9,-1.9
"US000","3","445110","18","0","2021","1","",14,696,710,709,4209381,3122075,28743,459,"",1.00,1.00,1.00,1.00,1.00,1.00,1.00,1.00,"",0,0.0,4,0.6,23,3.3,11,1.6,-858,0.0,-332829,-9.6,-6230,-17.8,-9,-1.9
"US000","3","44512","17","0","2021","1","",6,67,67,65,445741,292002,5824,517,"",1.00,1.00,1.00,1.00,1.00,1.00,1.00,1.00,"",0,0.0,-5,-6.9,-1,-1.5,-2,-3.0,-90801,-16.9,-59460,-16.9,991,20.5,-81,-13.5
"US000","3","445120","18","0","2021","1","",6,67,67,65,445741,292002,5824,517,"",1.00,1.00,1.00,1.00,1.00,1.00,1.00,1.00,"",0,0.0,-5,-6.9,-1,-1.5,-2,-3.0,-90801,-16.9,-59460,-16.9,991,20.5,-81,-13.5
"US000","3","4452","16","0","2021","1","",4,6,6,6,30579,1766,86,392,"",1.00,1.00,1.00,1.00,1.00,1.00,1.00,1.00,"",0,0.0,0,0.0,-1,-14.3,0,0.0,-2559,-7.7,1006,132.4,51,145.7,-10,-2.5
"US000","3","44523","17","0","2021","1","N",3,0,0,0,0,0,0,0,"N",1.00,0,0,0,0,0,0,0,"N",0,0.0,0,0,0,0,0,0,0,0,0,0,0,0,0,0
"US000","3","445230","18","0","2021","1","N",3,0,0,0,0,0,0,0,"N",1.00,0,0,0,0,0,0,0,"N",0,0.0,0,0,0,0,0,0,0,0,0,0,0,0,0,0
"US000","3","44529","17","0","2021","1","N",1,0,0,0,0,0,0,0,"N",1.00,0,0,0,0,0,0,0,"N",0,0.0,0,0,0,0,0,0,0,0,0,0,0,0,0,0
"US000","3","445299","18","0","2021","1","N",1,0,0,0,0,0,0,0,"N",1.00,0,0,0,0,0,0,0,"N",0,0.0,0,0,0,0,0,0,0,0,0,0,0,0,0,0
"US000","3","4453","16","0","2021","1","",429,3637,3610,3619,22173880,1250069,4716,471,"",1.00,1.00,1.00,1.00,1.00,1.00,1.00,1.00,"",-2,-0.5,50,1.4,29,0.8,13,0.4,1380963,6.6,140888,12.7,661,16.3,26,5.8
"US000","3","44531","17","0","2021","1","",429,3637,3610,3619,22173880,1250069,4716,471,"",1.00,1.00,1.00,1.00,1.00,1.00,1.00,1.00,"",-2,-0.5,50,1.4,29,0.8,13,0.4,1380963,6.6,140888,12.7,661,16.3,26,5.8
"US000","3","445310","18","0","2021","1","",429,3637,3610,3619,22173880,1250069,4716,471,"",1.00,1.00,1.00,1.00,1.00,1.00,1.00,1.00,"",-2,-0.5,50,1.4,29,0.8,13,0.4,1380963,6.6,140888,12.7,661,16.3,26,5.8
"US000","3","446","15","0","2021","1","",13,152,154,152,2393765,6571,22,1206,"",1.00,1.00,1.00,1.00,1.00,1.00,1.00,1.00,"",2,18.2,7,4.8,10,6.9,8,5.6,-75621,-3.1,163,2.5,1,4.8,-110,-8.4
"US000","3","4461","16","0","2021","1","",13,152,154,152,2393765,6571,22,1206,"",1.00,1.00,1.00,1.00,1.00,1.00,1.00,1.00,"",2,18.2,7,4.8,10,6.9,8,5.6,-75621,-3.1,163,2.5,1,4.8,-110,-8.4
"US000","3","44611","17","0","2021","1","N",11,0,0,0,0,0,0,0,"N",1.00,0,0,0,0,0,0,0,"N",2,22.2,0,0,0,0,0,0,0,0,0,0,0,0,0,0
"US000","3","446110","18","0","2021","1","N",11,0,0,0,0,0,0,0,"N",1.00,0,0,0,0,0,0,0,"N",2,22.2,0,0,0,0,0,0,0,0,0,0,0,0,0,0
"US000","3","44619","17","0","2021","1","N",2,0,0,0,0,0,0,0,"N",1.00,0,0,0,0,0,0,0,"N",0,0.0,0,0,0,0,0,0,0,0,0,0,0,0,0,0
"US000","3","446199","18","0","2021","1","N",2,0,0,0,0,0,0,0,"N",1.00,0,0,0,0,0,0,0,"N",0,0.0,0,0,0,0,0,0,0,0,0,0,0,0,0,0
"US000","3","447","15","0","2021","1","",89,1654,1666,1666,11564883,6923128,122518,535,"",1.00,1.00,1.00,1.00,1.00,1.00,1.00,1.00,"",3,3.5,-185,-10.1,-189,-10.2,-177,-9.6,-699472,-5.7,-120345,-1.7,25088,25.7,24,4.7
"US000","3","4471","16","0","2021","1","",89,1654,1666,1666,11564883,6923128,122518,535,"",1.00,1.00,1.00,1.00,1.00,1.00,1.00,1.00,"",3,3.5,-185,-10.1,-189,-10.2,-177,-9.6,-699472,-5.7,-120345,-1.7,25088,25.7,24,4.7
"US000","3","44711","17","0","2021","1","",83,1565,1578,1576,10766806,6402571,116534,527,"",1.00,1.00,1.00,1.00,1.00,1.00,1.00,1.00,"",3,3.8,-160,-9.3,-162,-9.3,-153,-8.8,-566463,-5.0,16402,0.3,25802,28.4,23,4.6
"US000","3","447110","18","0","2021","1","",83,1565,1578,1576,10766806,6402571,116534,527,"",1.00,1.00,1.00,1.00,1.00,1.00,1.00,1.00,"",3,3.8,-160,-9.3,-162,-9.3,-153,-8.8,-566463,-5.0,16402,0.3,25802,28.4,23,4.6
"US000","3","44719","17","0","2021","1","",6,89,88,90,798077,520557,5984,690,"",1.00,1.00,1.00,1.00,1.00,1.00,1.00,1.00,"",0,0.0,-25,-21.9,-27,-23.5,-24,-21.1,-133009,-14.3,-136747,-20.8,-714,-10.7,64,10.2
"US000","3","447190","18","0","2021","1","",6,89,88,90,798077,520557,5984,690,"",1.00,1.00,1.00,1.00,1.00,1.00,1.00,1.00,"",0,0.0,-25,-21.9,-27,-23.5,-24,-21.1,-133009,-14.3,-136747,-20.8,-714,-10.7,64,10.2
"US000","3","448","15","0","2021","1","",5,127,101,120,802768,361084,61013,532,"",1.00,1.00,1.00,1.00,1.00,1.00,1.00,1.00,"",0,0.0,-42,-24.9,-46,-31.3,-32,-21.1,-223081,-21.7,-196825,-35.3,685,1.1,26,5.1
"US000","3","4481","16","0","2021","1","N",2,0,0,0,0,0,0,0,"N",1.00,0,0,0,0,0,0,0,"N",0,0.0,0,0,0,0,0,0,0,0,0,0,0,0,0,0
"US000","3","44814","17","0","2021","1","N",2,0,0,0,0,0,0,0,"N",1.00,0,0,0,0,0,0,0,"N",0,0.0,0,0,0,0,0,0,0,0,0,0,0,0,0,0
"US000","3","448140","18","0","2021","1","N",2,0,0,0,0,0,0,0,"N",1.00,0,0,0,0,0,0,0,"N",0,0.0,0,0,0,0,0,0,0,0,0,0,0,0,0,0
"US000","3","4483","16","0","2021","1","N",3,0,0,0,0,0,0,0,"N",1.00,0,0,0,0,0,0,0,"N",0,0.0,0,0,0,0,0,0,0,0,0,0,0,0,0,0
"US000","3","44831","17","0","2021","1","N",3,0,0,0,0,0,0,0,"N",1.00,0,0,0,0,0,0,0,"N",0,0.0,0,0,0,0,0,0,0,0,0,0,0,0,0,0
"US000","3","448310","18","0","2021","1","N",3,0,0,0,0,0,0,0,"N",1.00,0,0,0,0,0,0,0,"N",0,0.0,0,0,0,0,0,0,0,0,0,0,0,0,0,0
"US000","3","451","15","0","2021","1","N",4,0,0,0,0,0,0,0,"N",1.00,0,0,0,0,0,0,0,"N",1,33.3,0,0,0,0,0,0,0,0,0,0,0,0,0,0
"US000","3","4511","16","0","2021","1","N",3,0,0,0,0,0,0,0,"N",1.00,0,0,0,0,0,0,0,"N",1,50.0,0,0,0,0,0,0,0,0,0,0,0,0,0,0
"US000","3","45111","17","0","2021","1","N",3,0,0,0,0,0,0,0,"N",1.00,0,0,0,0,0,0,0,"N",1,50.0,0,0,0,0,0,0,0,0,0,0,0,0,0,0
"US000","3","451110","18","0","2021","1","N",3,0,0,0,0,0,0,0,"N",1.00,0,0,0,0,0,0,0,"N",1,50.0,0,0,0,0,0,0,0,0,0,0,0,0,0,0
"US000","3","4512","16","0","2021","1","N",1,0,0,0,0,0,0,0,"N",1.00,0,0,0,0,0,0,0,"N",0,0.0,0,0,0,0,0,0,0,0,0,0,0,0,0,0
"US000","3","45121","17","0","2021","1","N",1,0,0,0,0,0,0,0,"N",1.00,0,0,0,0,0,0,0,"N",0,0.0,0,0,0,0,0,0,0,0,0,0,0,0,0,0
"US000","3","451211","18","0","2021","1","N",1,0,0,0,0,0,0,0,"N",1.00,0,0,0,0,0,0,0,"N",0,0.0,0,0,0,0,0,0,0,0,0,0,0,0,0,0
"US000","3","452","15","0","2021","1","",3,49,46,42,396134,205564,4591,667,"",1.00,1.00,1.00,1.00,1.00,1.00,1.00,1.00,"",0,0.0,11,28.9,5,12.2,1,2.4,23972,6.4,36220,21.4,939,25.7,-49,-6.8
"US000","3","4523","16","0","2021","1","",3,49,46,42,396134,205564,4591,667,"",1.00,1.00,1.00,1.00,1.00,1.00,1.00,1.00,"",0,0.0,11,28.9,5,12.2,1,2.4,23972,6.4,36220,21.4,939,25.7,-49,-6.8
"US000","3","45231","17","0","2021","1","",3,49,46,42,396134,205564,4591,667,"",1.00,1.00,1.00,1.00,1.00,1.00,1.00,1.00,"",0,0.0,11,28.9,5,12.2,1,2.4,23972,6.4,36220,21.4,939,25.7,-49,-6.8
"US000","3","452319","18","0","2021","1","",3,49,46,42,396134,205564,4591,667,"",1.00,1.00,1.00,1.00,1.00,1.00,1.00,1.00,"",0,0.0,11,28.9,5,12.2,1,2.4,23972,6.4,36220,21.4,939,25.7,-49,-6.8
"US000","3","453","15","0","2021","1","",106,2384,2336,2366,18689974,15002894,74543,609,"",1.00,1.00,1.00,1.00,1.00,1.00,1.00,1.00,"",4,3.9,59,2.5,45,2.0,79,3.5,-339941,-1.8,-647810,-4.1,11848,18.9,-27,-4.2
"US000","3","4532","16","0","2021","1","N",46,0,0,0,0,0,0,0,"N",1.00,0,0,0,0,0,0,0,"N",0,0.0,0,0,0,0,0,0,0,0,0,0,0,0,0,0
"US000","3","45321","17","0","2021","1","N",3,0,0,0,0,0,0,0,"N",1.00,0,0,0,0,0,0,0,"N",0,0.0,0,0,0,0,0,0,0,0,0,0,0,0,0,0
"US000","3","453210","18","0","2021","1","N",3,0,0,0,0,0,0,0,"N",1.00,0,0,0,0,0,0,0,"N",0,0.0,0,0,0,0,0,0,0,0,0,0,0,0,0,0
"US000","3","45322","17","0","2021","1","",43,934,919,932,7114660,6309186,1367,590,"",1.00,1.00,1.00,1.00,1.00,1.00,1.00,1.00,"",0,0.0,-83,-8.2,-70,-7.1,-51,-5.2,-1182097,-14.2,-882395,-12.3,-1837,-57.3,-51,-8.0
"US000","3","453220","18","0","2021","1","",43,934,919,932,7114660,6309186,1367,590,"",1.00,1.00,1.00,1.00,1.00,1.00,1.00,1.00,"",0,0.0,-83,-8.2,-70,-7.1,-51,-5.2,-1182097,-14.2,-882395,-12.3,-1837,-57.3,-51,-8.0
"US000","3","4533","16","0","2021","1","N",1,0,0,0,0,0,0,0,"N",1.00,0,0,0,0,0,0,0,"N",0,0.0,0,0,0,0,0,0,0,0,0,0,0,0,0,0
"US000","3","45331","17","0","2021","1","N",1,0,0,0,0,0,0,0,"N",1.00,0,0,0,0,0,0,0,"N",0,0.0,0,0,0,0,0,0,0,0,0,0,0,0,0,0
"US000","3","453310","18","0","2021","1","N",1,0,0,0,0,0,0,0,"N",1.00,0,0,0,0,0,0,0,"N",0,0.0,0,0,0,0,0,0,0,0,0,0,0,0,0,0
"US000","3","4539","16","0","2021","1","",59,1432,1399,1418,11324727,8461646,72754,615,"",1.00,1.00,1.00,1.00,1.00,1.00,1.00,1.00,"",4,7.3,142,11.0,114,8.9,131,10.2,858417,8.2,139437,1.7,13331,22.4,-10,-1.6
"US000","3","45392","17","0","2021","1","N",2,0,0,0,0,0,0,0,"N",1.00,0,0,0,0,0,0,0,"N",0,0.0,0,0,0,0,0,0,0,0,0,0,0,0,0,0
"US000","3","453920","18","0","2021","1","N",2,0,0,0,0,0,0,0,"N",1.00,0,0,0,0,0,0,0,"N",0,0.0,0,0,0,0,0,0,0,0,0,0,0,0,0,0
"US000","3","45399","17","0","2021","1","N",57,0,0,0,0,0,0,0,"N",1.00,0,0,0,0,0,0,0,"N",4,7.5,0,0,0,0,0,0,0,0,0,0,0,0,0,0
"US000","3","453991","18","0","2021","1","",48,1018,988,1003,7948517,6882991,31679,610,"",1.00,1.00,1.00,1.00,1.00,1.00,1.00,1.00,"",1,2.1,40,4.1,13,1.3,41,4.3,-33120,-0.4,-264131,-3.7,1809,6.1,-22,-3.5
"US000","3","453998","18","0","2021","1","N",9,0,0,0,0,0,0,0,"N",1.00,0,0,0,0,0,0,0,"N",3,50.0,0,0,0,0,0,0,0,0,0,0,0,0,0,0
"US000","3","454","15","0","2021","1","N",4,0,0,0,0,0,0,0,"N",1.00,0,0,0,0,0,0,0,"N",0,0.0,0,0,0,0,0,0,0,0,0,0,0,0,0,0
"US000","3","4542","16","0","2021","1","N",1,0,0,0,0,0,0,0,"N",1.00,0,0,0,0,0,0,0,"N",0,0.0,0,0,0,0,0,0,0,0,0,0,0,0,0,0
"US000","3","45421","17","0","2021","1","N",1,0,0,0,0,0,0,0,"N",1.00,0,0,0,0,0,0,0,"N",0,0.0,0,0,0,0,0,0,0,0,0,0,0,0,0,0
"US000","3","454210","18","0","2021","1","N",1,0,0,0,0,0,0,0,"N",1.00,0,0,0,0,0,0,0,"N",0,0.0,0,0,0,0,0,0,0,0,0,0,0,0,0,0
"US000","3","4543","16","0","2021","1","N",3,0,0,0,0,0,0,0,"N",1.00,0,0,0,0,0,0,0,"N",0,0.0,0,0,0,0,0,0,0,0,0,0,0,0,0,0
"US000","3","45431","17","0","2021","1","N",1,0,0,0,0,0,0,0,"N",1.00,0,0,0,0,0,0,0,"N",0,0.0,0,0,0,0,0,0,0,0,0,0,0,0,0,0
"US000","3","454310","18","0","2021","1","N",1,0,0,0,0,0,0,0,"N",1.00,0,0,0,0,0,0,0,"N",0,0.0,0,0,0,0,0,0,0,0,0,0,0,0,0,0
"US000","3","45439","17","0","2021","1","N",2,0,0,0,0,0,0,0,"N",1.00,0,0,0,0,0,0,0,"N",0,0.0,0,0,0,0,0,0,0,0,0,0,0,0,0,0
"US000","3","454390","18","0","2021","1","N",2,0,0,0,0,0,0,0,"N",1.00,0,0,0,0,0,0,0,"N",0,0.0,0,0,0,0,0,0,0,0,0,0,0,0,0,0
"US000","3","48-49","14","0","2021","1","",2890,286366,286055,285530,4548510934,236430108,2665792,1223,"",1.00,1.00,1.00,1.00,1.00,1.00,1.00,1.00,"",0,0.0,-15042,-5.0,-15364,-5.1,-16037,-5.3,-284731876,-5.9,-5390081,-2.2,67060,2.6,-10,-0.8
"US000","3","481","15","0","2021","1","",5,38,37,37,266433,37401,448,549,"",1.00,1.00,1.00,1.00,1.00,1.00,1.00,1.00,"",0,0.0,3,8.6,1,2.8,0,0.0,-13355,-4.8,-2179,-5.5,-94,-17.3,-49,-8.2
"US000","3","4811","16","0","2021","1","N",2,0,0,0,0,0,0,0,"N",1.00,0,0,0,0,0,0,0,"N",0,0.0,0,0,0,0,0,0,0,0,0,0,0,0,0,0
"US000","3","48111","17","0","2021","1","N",2,0,0,0,0,0,0,0,"N",1.00,0,0,0,0,0,0,0,"N",0,0.0,0,0,0,0,0,0,0,0,0,0,0,0,0,0
"US000","3","481111","18","0","2021","1","N",2,0,0,0,0,0,0,0,"N",1.00,0,0,0,0,0,0,0,"N",0,0.0,0,0,0,0,0,0,0,0,0,0,0,0,0,0
"US000","3","4812","16","0","2021","1","N",3,0,0,0,0,0,0,0,"N",1.00,0,0,0,0,0,0,0,"N",0,0.0,0,0,0,0,0,0,0,0,0,0,0,0,0,0
"US000","3","48121","17","0","2021","1","N",3,0,0,0,0,0,0,0,"N",1.00,0,0,0,0,0,0,0,"N",0,0.0,0,0,0,0,0,0,0,0,0,0,0,0,0,0
"US000","3","481211","18","0","2021","1","N",1,0,0,0,0,0,0,0,"N",1.00,0,0,0,0,0,0,0,"N",0,0.0,0,0,0,0,0,0,0,0,0,0,0,0,0,0
"US000","3","481219","18","0","2021","1","N",2,0,0,0,0,0,0,0,"N",1.00,0,0,0,0,0,0,0,"N",0,0.0,0,0,0,0,0,0,0,0,0,0,0,0,0,0
"US000","3","483","15","0","2021","1","",9,71,71,68,1177917,373960,6889,1294,"",1.00,1.00,1.00,1.00,1.00,1.00,1.00,1.00,"",0,0.0,-8,-10.1,-9,-11.2,-17,-20.0,130551,12.5,44979,13.7,660,10.6,303,30.6
"US000","3","4831","16","0","2021","1","N",1,0,0,0,0,0,0,0,"N",1.00,0,0,0,0,0,0,0,"N",0,0.0,0,0,0,0,0,0,0,0,0,0,0,0,0,0
"US000","3","48311","17","0","2021","1","N",1,0,0,0,0,0,0,0,"N",1.00,0,0,0,0,0,0,0,"N",0,0.0,0,0,0,0,0,0,0,0,0,0,0,0,0,0
"US000","3","483114","18","0","2021","1","N",1,0,0,0,0,0,0,0,"N",1.00,0,0,0,0,0,0,0,"N",0,0.0,0,0,0,0,0,0,0,0,0,0,0,0,0,0
"US000","3","4832","16","0","2021","1","N",8,0,0,0,0,0,0,0,"N",1.00,0,0,0,0,0,0,0,"N",0,0.0,0,0,0,0,0,0,0,0,0,0,0,0,0,0
"US000","3","48321","17","0","2021","1","N",8,0,0,0,0,0,0,0,"N",1.00,0,0,0,0,0,0,0,"N",0,0.0,0,0,0,0,0,0,0,0,0,0,0,0,0,0
"US000","3","483212","18","0","2021","1","N",8,0,0,0,0,0,0,0,"N",1.00,0,0,0,0,0,0,0,"N",0,0.0,0,0,0,0,0,0,0,0,0,0,0,0,0,0
"US000","3","485","15","0","2021","1","",1741,233955,233760,233293,3609357504,185702154,2012469,1188,"",1.00,1.00,1.00,1.00,1.00,1.00,1.00,1.00,"",3,0.2,-11593,-4.7,-11861,-4.8,-12310,-5.0,-190943084,-5.0,-4633198,-2.4,-3923,-0.2,-2,-0.2
"US000","3","4851","16","0","2021","1","",502,170407,169895,169321,3073539522,137344186,1515514,1392,"",1.00,1.00,1.00,1.00,1.00,1.00,1.00,1.00,"",2,0.4,-6716,-3.8,-6918,-3.9,-7599,-4.3,-122563626,-3.8,-1151609,-0.8,3770,0.2,3,0.2
"US000","3","48511","17","0","2021","1","",502,170407,169895,169321,3073539522,137344186,1515514,1392,"",1.00,1.00,1.00,1.00,1.00,1.00,1.00,1.00,"",2,0.4,-6716,-3.8,-6918,-3.9,-7599,-4.3,-122563626,-3.8,-1151609,-0.8,3770,0.2,3,0.2
"US000","3","485111","18","0","2021","1","",122,97601,97348,97131,1826846629,58853909,254405,1443,"",1.00,1.00,1.00,1.00,1.00,1.00,1.00,1.00,"",0,0.0,-2697,-2.7,-2766,-2.8,-2918,-2.9,-2879278,-0.2,-2213999,-3.6,653,0.3,38,2.7
"US000","3","485112","18","0","2021","1","N",6,0,0,0,0,0,0,0,"N",1.00,0,0,0,0,0,0,0,"N",0,0.0,0,0,0,0,0,0,0,0,0,0,0,0,0,0
"US000","3","485113","18","0","2021","1","",369,62650,62415,62086,982358413,76456049,1247201,1211,"",1.00,1.00,1.00,1.00,1.00,1.00,1.00,1.00,"",2,0.5,-3279,-5.0,-3627,-5.5,-4069,-6.2,-87205436,-8.2,1343402,1.8,5126,0.4,-35,-2.8
"US000","3","485119","18","0","2021","1","N",5,0,0,0,0,0,0,0,"N",1.00,0,0,0,0,0,0,0,"N",0,0.0,0,0,0,0,0,0,0,0,0,0,0,0,0,0
"US000","3","4852","16","0","2021","1","",68,5212,5219,5210,79298186,43533494,433786,1170,"",1.00,1.00,1.00,1.00,1.00,1.00,1.00,1.00,"",-2,-2.9,-138,-2.6,-185,-3.4,-160,-3.0,-5625681,-6.6,-2906443,-6.3,-681,-0.2,-45,-3.7
"US000","3","48521","17","0","2021","1","",68,5212,5219,5210,79298186,43533494,433786,1170,"",1.00,1.00,1.00,1.00,1.00,1.00,1.00,1.00,"",-2,-2.9,-138,-2.6,-185,-3.4,-160,-3.0,-5625681,-6.6,-2906443,-6.3,-681,-0.2,-45,-3.7
"US000","3","485210","18","0","2021","1","",68,5212,5219,5210,79298186,43533494,433786,1170,"",1.00,1.00,1.00,1.00,1.00,1.00,1.00,1.00,"",-2,-2.9,-138,-2.6,-185,-3.4,-160,-3.0,-5625681,-6.6,-2906443,-6.3,-681,-0.2,-45,-3.7
"US000","3","4853","16","0","2021","1","",4,27,26,27,311585,90083,1324,899,"",1.00,1.00,1.00,1.00,1.00,1.00,1.00,1.00,"",0,0.0,-3,-10.0,-4,-13.3,-4,-12.9,16162,5.5,-3714,-4.0,-524,-28.4,150,20.0
"US000","3","48531","17","0","2021","1","N",3,0,0,0,0,0,0,0,"N",1.00,0,0,0,0,0,0,0,"N",0,0.0,0,0,0,0,0,0,0,0,0,0,0,0,0,0
"US000","3","485310","18","0","2021","1","N",3,0,0,0,0,0,0,0,"N",1.00,0,0,0,0,0,0,0,"N",0,0.0,0,0,0,0,0,0,0,0,0,0,0,0,0,0
"US000","3","48532","17","0","2021","1","N",1,0,0,0,0,0,0,0,"N",1.00,0,0,0,0,0,0,0,"N",0,0.0,0,0,0,0,0,0,0,0,0,0,0,0,0,0
"US000","3","485320","18","0","2021","1","N",1,0,0,0,0,0,0,0,"N",1.00,0,0,0,0,0,0,0,"N",0,0.0,0,0,0,0,0,0,0,0,0,0,0,0,0,0
"US000","3","4854","16","0","2021","1","",1093,56884,57197,57310,442608275,1501431,7458,596,"",1.00,1.00,1.00,1.00,1.00,1.00,1.00,1.00,"",2,0.2,-4540,-7.4,-4559,-7.4,-4361,-7.1,-61442077,-12.2,8145,0.5,1959,35.6,-33,-5.2
"US000","3","48541","17","0","2021","1","",1093,56884,57197,57310,442608275,1501431,7458,596,"",1.00,1.00,1.00,1.00,1.00,1.00,1.00,1.00,"",2,0.2,-4540,-7.4,-4559,-7.4,-4361,-7.1,-61442077,-12.2,8145,0.5,1959,35.6,-33,-5.2
"US000","3","485410","18","0","2021","1","",1093,56884,57197,57310,442608275,1501431,7458,596,"",1.00,1.00,1.00,1.00,1.00,1.00,1.00,1.00,"",2,0.2,-4540,-7.4,-4559,-7.4,-4361,-7.1,-61442077,-12.2,8145,0.5,1959,35.6,-33,-5.2
"US000","3","4855","16","0","2021","1","",3,109,107,108,909292,166275,665,648,"",1.00,1.00,1.00,1.00,1.00,1.00,1.00,1.00,"",0,0.0,-6,-5.2,-11,-9.3,-10,-8.5,-96910,-9.6,-84684,-33.7,-1594,-70.6,-14,-2.1
"US000","3","48551","17","0","2021","1","",3,109,107,108,909292,166275,665,648,"",1.00,1.00,1.00,1.00,1.00,1.00,1.00,1.00,"",0,0.0,-6,-5.2,-11,-9.3,-10,-8.5,-96910,-9.6,-84684,-33.7,-1594,-70.6,-14,-2.1
"US000","3","485510","18","0","2021","1","",3,109,107,108,909292,166275,665,648,"",1.00,1.00,1.00,1.00,1.00,1.00,1.00,1.00,"",0,0.0,-6,-5.2,-11,-9.3,-10,-8.5,-96910,-9.6,-84684,-33.7,-1594,-70.6,-14,-2.1
"US000","3","4859","16","0","2021","1","",71,1316,1316,1317,12690644,3066685,53722,742,"",1.00,1.00,1.00,1.00,1.00,1.00,1.00,1.00,"",1,1.4,-190,-12.6,-184,-12.3,-176,-11.8,-1230952,-8.8,-494893,-13.9,-6853,-11.3,28,3.9
"US000","3","48599","17","0","2021","1","",71,1316,1316,1317,12690644,3066685,53722,742,"",1.00,1.00,1.00,1.00,1.00,1.00,1.00,1.00,"",1,1.4,-190,-12.6,-184,-12.3,-176,-11.8,-1230952,-8.8,-494893,-13.9,-6853,-11.3,28,3.9
"US000","3","485991","18","0","2021","1","",54,872,877,883,7706080,2385474,45490,676,"",1.00,1.00,1.00,1.00,1.00,1.00,1.00,1.00,"",1,1.9,-134,-13.3,-129,-12.8,-118,-11.8,-912181,-10.6,-229001,-8.8,-4341,-8.7,16,2.4
"US000","3","485999","18","0","2021","1","",17,444,439,434,4984564,681211,8232,873,"",1.00,1.00,1.00,1.00,1.00,1.00,1.00,1.00,"",0,0.0,-56,-11.2,-55,-11.1,-58,-11.8,-318771,-6.0,-265892,-28.1,-2512,-23.4,49,5.9
"US000","3","486","15","0","2021","1","",19,788,779,781,12941991,397937,2955,1272,"",1.00,1.00,1.00,1.00,1.00,1.00,1.00,1.00,"",0,0.0,-3,-0.4,-5,-0.6,-1,-0.1,-298766,-2.3,12863,3.3,557,23.2,-24,-1.9
"US000","3","4862","16","0","2021","1","",19,788,779,781,12941991,397937,2955,1272,"",1.00,1.00,1.00,1.00,1.00,1.00,1.00,1.00,"",0,0.0,-3,-0.4,-5,-0.6,-1,-0.1,-298766,-2.3,12863,3.3,557,23.2,-24,-1.9
"US000","3","48621","17","0","2021","1","",19,788,779,781,12941991,397937,2955,1272,"",1.00,1.00,1.00,1.00,1.00,1.00,1.00,1.00,"",0,0.0,-3,-0.4,-5,-0.6,-1,-0.1,-298766,-2.3,12863,3.3,557,23.2,-24,-1.9
"US000","3","486210","18","0","2021","1","",19,788,779,781,12941991,397937,2955,1272,"",1.00,1.00,1.00,1.00,1.00,1.00,1.00,1.00,"",0,0.0,-3,-0.4,-5,-0.6,-1,-0.1,-298766,-2.3,12863,3.3,557,23.2,-24,-1.9
"US000","3","487","15","0","2021","1","",20,532,536,562,5986297,68565,2210,848,"",1.00,1.00,1.00,1.00,1.00,1.00,1.00,1.00,"",0,0.0,-192,-26.5,-178,-24.9,-148,-20.8,-1820340,-23.3,-275495,-80.1,-15551,-87.6,9,1.1
"US000","3","4871","16","0","2021","1","",16,468,470,483,5091895,54106,2134,827,"",1.00,1.00,1.00,1.00,1.00,1.00,1.00,1.00,"",0,0.0,-147,-23.9,-132,-21.9,-115,-19.2,-1300860,-20.3,-271517,-83.4,-15607,-88.0,14,1.7
"US000","3","48711","17","0","2021","1","",16,468,470,483,5091895,54106,2134,827,"",1.00,1.00,1.00,1.00,1.00,1.00,1.00,1.00,"",0,0.0,-147,-23.9,-132,-21.9,-115,-19.2,-1300860,-20.3,-271517,-83.4,-15607,-88.0,14,1.7
"US000","3","487110","18","0","2021","1","",16,468,470,483,5091895,54106,2134,827,"",1.00,1.00,1.00,1.00,1.00,1.00,1.00,1.00,"",0,0.0,-147,-23.9,-132,-21.9,-115,-19.2,-1300860,-20.3,-271517,-83.4,-15607,-88.0,14,1.7
"US000","3","4872","16","0","2021","1","N",3,0,0,0,0,0,0,0,"N",1.00,0,0,0,0,0,0,0,"N",0,0.0,0,0,0,0,0,0,0,0,0,0,0,0,0,0
"US000","3","48721","17","0","2021","1","N",3,0,0,0,0,0,0,0,"N",1.00,0,0,0,0,0,0,0,"N",0,0.0,0,0,0,0,0,0,0,0,0,0,0,0,0,0
"US000","3","487210","18","0","2021","1","N",3,0,0,0,0,0,0,0,"N",1.00,0,0,0,0,0,0,0,"N",0,0.0,0,0,0,0,0,0,0,0,0,0,0,0,0,0
"US000","3","4879","16","0","2021","1","N",1,0,0,0,0,0,0,0,"N",1.00,0,0,0,0,0,0,0,"N",0,0.0,0,0,0,0,0,0,0,0,0,0,0,0,0,0
"US000","3","48799","17","0","2021","1","N",1,0,0,0,0,0,0,0,"N",1.00,0,0,0,0,0,0,0,"N",0,0.0,0,0,0,0,0,0,0,0,0,0,0,0,0,0
"US000","3","487990","18","0","2021","1","N",1,0,0,0,0,0,0,0,"N",1.00,0,0,0,0,0,0,0,"N",0,0.0,0,0,0,0,0,0,0,0,0,0,0,0,0,0
"US000","3","488","15","0","2021","1","",845,44410,44317,44194,821807323,48399152,624089,1427,"",1.00,1.00,1.00,1.00,1.00,1.00,1.00,1.00,"",-3,-0.4,-3015,-6.4,-3107,-6.6,-3357,-7.1,-87807586,-9.7,-532382,-1.1,82277,15.2,-47,-3.2
"US000","3","4881","16","0","2021","1","",576,32153,32074,31959,569526116,29382355,366082,1366,"",1.00,1.00,1.00,1.00,1.00,1.00,1.00,1.00,"",2,0.3,-2056,-6.0,-2173,-6.3,-2377,-6.9,-63331517,-10.0,-131155,-0.4,52980,16.9,-55,-3.9
"US000","3","48811","17","0","2021","1","",570,32125,32046,31930,569004109,29316613,365729,1366,"",1.00,1.00,1.00,1.00,1.00,1.00,1.00,1.00,"",2,0.4,-2055,-6.0,-2172,-6.3,-2373,-6.9,-63367568,-10.0,-133023,-0.5,52971,16.9,-55,-3.9
"US000","3","488111","18","0","2021","1","",34,1499,1488,1491,27261359,334454,8345,1405,"",1.00,1.00,1.00,1.00,1.00,1.00,1.00,1.00,"",1,3.0,-96,-6.0,-124,-7.7,-115,-7.2,-3909839,-12.5,40430,13.8,2232,36.5,-90,-6.0
"US000","3","488119","18","0","2021","1","",536,30626,30558,30439,541742750,28982159,357384,1364,"",1.00,1.00,1.00,1.00,1.00,1.00,1.00,1.00,"",1,0.2,-1959,-6.0,-2048,-6.3,-2258,-6.9,-59457729,-9.9,-173453,-0.6,50739,16.5,-53,-3.7
"US000","3","48819","17","0","2021","1","",6,28,28,29,522007,65742,353,1417,"",1.00,1.00,1.00,1.00,1.00,1.00,1.00,1.00,"",0,0.0,-1,-3.4,-1,-3.4,-4,-12.1,36051,7.4,1868,2.9,9,2.6,185,15.0
"US000","3","488190","18","0","2021","1","",6,28,28,29,522007,65742,353,1417,"",1.00,1.00,1.00,1.00,1.00,1.00,1.00,1.00,"",0,0.0,-1,-3.4,-1,-3.4,-4,-12.1,36051,7.4,1868,2.9,9,2.6,185,15.0
"US000","3","4882","16","0","2021","1","N",7,0,0,0,0,0,0,0,"N",1.00,0,0,0,0,0,0,0,"N",0,0.0,0,0,0,0,0,0,0,0,0,0,0,0,0,0
"US000","3","48821","17","0","2021","1","N",7,0,0,0,0,0,0,0,"N",1.00,0,0,0,0,0,0,0,"N",0,0.0,0,0,0,0,0,0,0,0,0,0,0,0,0,0
"US000","3","488210","18","0","2021","1","N",7,0,0,0,0,0,0,0,"N",1.00,0,0,0,0,0,0,0,"N",0,0.0,0,0,0,0,0,0,0,0,0,0,0,0,0,0
"US000","3","4883","16","0","2021","1","",69,4358,4346,4370,87580251,7182942,137472,1546,"",1.00,1.00,1.00,1.00,1.00,1.00,1.00,1.00,"",-1,-1.4,-124,-2.8,-110,-2.5,-124,-2.8,-8297343,-8.7,149155,2.1,28551,26.2,-101,-6.1
"US000","3","48831","17","0","2021","1","",50,3805,3833,3818,75105561,6521691,130508,1513,"",1.00,1.00,1.00,1.00,1.00,1.00,1.00,1.00,"",-1,-2.0,-114,-2.9,-74,-1.9,-104,-2.7,-8325428,-10.0,155464,2.4,28704,28.2,-126,-7.7
"US000","3","488310","18","0","2021","1","",50,3805,3833,3818,75105561,6521691,130508,1513,"",1.00,1.00,1.00,1.00,1.00,1.00,1.00,1.00,"",-1,-2.0,-114,-2.9,-74,-1.9,-104,-2.7,-8325428,-10.0,155464,2.4,28704,28.2,-126,-7.7
"US000","3","48832","17","0","2021","1","",14,367,329,368,8442136,419651,3098,1831,"",1.00,1.00,1.00,1.00,1.00,1.00,1.00,1.00,"",0,0.0,7,1.9,-15,-4.4,4,1.1,246550,3.0,2077,0.5,-19,-0.6,60,3.4
"US000","3","488320","18","0","2021","1","",14,367,329,368,8442136,419651,3098,1831,"",1.00,1.00,1.00,1.00,1.00,1.00,1.00,1.00,"",0,0.0,7,1.9,-15,-4.4,4,1.1,246550,3.0,2077,0.5,-19,-0.6,60,3.4
"US000","3","48833","17","0","2021","1","N",2,0,0,0,0,0,0,0,"N",1.00,0,0,0,0,0,0,0,"N",0,0.0,0,0,0,0,0,0,0,0,0,0,0,0,0,0
"US000","3","488330","18","0","2021","1","N",2,0,0,0,0,0,0,0,"N",1.00,0,0,0,0,0,0,0,"N",0,0.0,0,0,0,0,0,0,0,0,0,0,0,0,0,0
"US000","3","48839","17","0","2021","1","N",3,0,0,0,0,0,0,0,"N",1.00,0,0,0,0,0,0,0,"N",0,0.0,0,0,0,0,0,0,0,0,0,0,0,0,0,0
"US000","3","488390","18","0","2021","1","N",3,0,0,0,0,0,0,0,"N",1.00,0,0,0,0,0,0,0,"N",0,0.0,0,0,0,0,0,0,0,0,0,0,0,0,0,0
"US000","3","4884","16","0","2021","1","",141,4604,4604,4610,74280385,9326977,108164,1241,"",1.00,1.00,1.00,1.00,1.00,1.00,1.00,1.00,"",-3,-2.1,-663,-12.6,-639,-12.2,-615,-11.8,-13865120,-15.7,-287841,-3.0,6205,6.1,-52,-4.0
"US000","3","48841","17","0","2021","1","N",2,0,0,0,0,0,0,0,"N",1.00,0,0,0,0,0,0,0,"N",0,0.0,0,0,0,0,0,0,0,0,0,0,0,0,0,0
"US000","3","488410","18","0","2021","1","N",2,0,0,0,0,0,0,0,"N",1.00,0,0,0,0,0,0,0,"N",0,0.0,0,0,0,0,0,0,0,0,0,0,0,0,0,0
"US000","3","48849","17","0","2021","1","N",139,0,0,0,0,0,0,0,"N",1.00,0,0,0,0,0,0,0,"N",-3,-2.1,0,0,0,0,0,0,0,0,0,0,0,0,0,0
"US000","3","488490","18","0","2021","1","N",139,0,0,0,0,0,0,0,"N",1.00,0,0,0,0,0,0,0,"N",-3,-2.1,0,0,0,0,0,0,0,0,0,0,0,0,0,0
"US000","3","4885","16","0","2021","1","N",1,0,0,0,0,0,0,0,"N",1.00,0,0,0,0,0,0,0,"N",0,0.0,0,0,0,0,0,0,0,0,0,0,0,0,0,0
"US000","3","48851","17","0","2021","1","N",1,0,0,0,0,0,0,0,"N",1.00,0,0,0,0,0,0,0,"N",0,0.0,0,0,0,0,0,0,0,0,0,0,0,0,0,0
"US000","3","488510","18","0","2021","1","N",1,0,0,0,0,0,0,0,"N",1.00,0,0,0,0,0,0,0,"N",0,0.0,0,0,0,0,0,0,0,0,0,0,0,0,0,0
"US000","3","4889","16","0","2021","1","",51,2713,2710,2687,78755191,612442,2817,2241,"",1.00,1.00,1.00,1.00,1.00,1.00,1.00,1.00,"",-1,-1.9,-96,-3.4,-110,-3.9,-146,-5.2,-987983,-1.2,-57114,-8.5,1344,91.2,66,3.0
"US000","3","48899","17","0","2021","1","",51,2713,2710,2687,78755191,612442,2817,2241,"",1.00,1.00,1.00,1.00,1.00,1.00,1.00,1.00,"",-1,-1.9,-96,-3.4,-110,-3.9,-146,-5.2,-987983,-1.2,-57114,-8.5,1344,91.2,66,3.0
"US000","3","488999","18","0","2021","1","",51,2713,2710,2687,78755191,612442,2817,2241,"",1.00,1.00,1.00,1.00,1.00,1.00,1.00,1.00,"",-1,-1.9,-96,-3.4,-110,-3.9,-146,-5.2,-987983,-1.2,-57114,-8.5,1344,91.2,66,3.0
"US000","3","492","15","0","2021","1","",3,6,6,6,66667,10736,0,855,"",1.00,1.00,1.00,1.00,1.00,1.00,0.00,1.00,"N",0,0.0,0,0,0,0,0,0,0,0,0,0,0,0,0,0
"US000","3","4921","16","0","2021","1","N",2,0,0,0,0,0,0,0,"N",1.00,0,0,0,0,0,0,0,"N",0,0.0,0,0,0,0,0,0,0,0,0,0,0,0,0,0
"US000","3","49211","17","0","2021","1","N",2,0,0,0,0,0,0,0,"N",1.00,0,0,0,0,0,0,0,"N",0,0.0,0,0,0,0,0,0,0,0,0,0,0,0,0,0
"US000","3","492110","18","0","2021","1","N",2,0,0,0,0,0,0,0,"N",1.00,0,0,0,0,0,0,0,"N",0,0.0,0,0,0,0,0,0,0,0,0,0,0,0,0,0
"US000","3","4922","16","0","2021","1","N",1,0,0,0,0,0,0,0,"N",1.00,0,0,0,0,0,0,0,"N",0,0.0,0,0,0,0,0,0,0,0,0,0,0,0,0,0
"US000","3","49221","17","0","2021","1","N",1,0,0,0,0,0,0,0,"N",1.00,0,0,0,0,0,0,0,"N",0,0.0,0,0,0,0,0,0,0,0,0,0,0,0,0,0
"US000","3","492210","18","0","2021","1","N",1,0,0,0,0,0,0,0,"N",1.00,0,0,0,0,0,0,0,"N",0,0.0,0,0,0,0,0,0,0,0,0,0,0,0,0,0
"US000","3","493","15","0","2021","1","",248,6566,6549,6589,96906802,1440203,16732,1135,"",1.00,1.00,1.00,1.00,1.00,1.00,1.00,1.00,"",1,0.4,-228,-3.4,-199,-2.9,-198,-2.9,-3952093,-3.9,-6333,-0.4,3134,23.0,-10,-0.9
"US000","3","4931","16","0","2021","1","",248,6566,6549,6589,96906802,1440203,16732,1135,"",1.00,1.00,1.00,1.00,1.00,1.00,1.00,1.00,"",1,0.4,-228,-3.4,-199,-2.9,-198,-2.9,-3952093,-3.9,-6333,-0.4,3134,23.0,-10,-0.9
"US000","3","49311","17","0","2021","1","",231,6270,6259,6297,92720091,1331783,16407,1137,"",1.00,1.00,1.00,1.00,1.00,1.00,1.00,1.00,"",1,0.4,-222,-3.4,-190,-2.9,-187,-2.9,-3877424,-4.0,-23745,-1.8,2986,22.2,-11,-1.0
"US000","3","493110","18","0","2021","1","",231,6270,6259,6297,92720091,1331783,16407,1137,"",1.00,1.00,1.00,1.00,1.00,1.00,1.00,1.00,"",1,0.4,-222,-3.4,-190,-2.9,-187,-2.9,-3877424,-4.0,-23745,-1.8,2986,22.2,-11,-1.0
"US000","3","49312","17","0","2021","1","N",1,0,0,0,0,0,0,0,"N",1.00,0,0,0,0,0,0,0,"N",0,0.0,0,0,0,0,0,0,0,0,0,0,0,0,0,0
"US000","3","493120","18","0","2021","1","N",1,0,0,0,0,0,0,0,"N",1.00,0,0,0,0,0,0,0,"N",0,0.0,0,0,0,0,0,0,0,0,0,0,0,0,0,0
"US000","3","49319","17","0","2021","1","N",16,0,0,0,0,0,0,0,"N",1.00,0,0,0,0,0,0,0,"N",0,0.0,0,0,0,0,0,0,0,0,0,0,0,0,0,0
"US000","3","493190","18","0","2021","1","N",16,0,0,0,0,0,0,0,"N",1.00,0,0,0,0,0,0,0,"N",0,0.0,0,0,0,0,0,0,0,0,0,0,0,0,0,0
"US000","3","51","14","0","2021","1","",5118,116130,116059,116259,1048605225,95277278,823008,694,"",1.00,1.00,1.00,1.00,1.00,1.00,1.00,1.00,"",-14,-0.3,-15604,-11.8,-15403,-11.7,-15085,-11.5,-94130693,-8.2,-4668440,-4.7,83347,11.3,26,3.9
"US000","3","511","15","0","2021","1","",6,68,68,67,1083950,269837,383,1232,"",1.00,1.00,1.00,1.00,1.00,1.00,1.00,1.00,"",0,0.0,-3,-4.2,1,1.5,-3,-4.3,45467,4.4,-10578,-3.8,54,16.4,80,6.9
"US000","3","5111","16","0","2021","1","N",4,0,0,0,0,0,0,0,"N",1.00,0,0,0,0,0,0,0,"N",0,0.0,0,0,0,0,0,0,0,0,0,0,0,0,0,0
"US000","3","51111","17","0","2021","1","N",1,0,0,0,0,0,0,0,"N",1.00,0,0,0,0,0,0,0,"N",0,0.0,0,0,0,0,0,0,0,0,0,0,0,0,0,0
"US000","3","511110","18","0","2021","1","N",1,0,0,0,0,0,0,0,"N",1.00,0,0,0,0,0,0,0,"N",0,0.0,0,0,0,0,0,0,0,0,0,0,0,0,0,0
"US000","3","51112","17","0","2021","1","N",2,0,0,0,0,0,0,0,"N",1.00,0,0,0,0,0,0,0,"N",0,0.0,0,0,0,0,0,0,0,0,0,0,0,0,0,0
"US000","3","511120","18","0","2021","1","N",2,0,0,0,0,0,0,0,"N",1.00,0,0,0,0,0,0,0,"N",0,0.0,0,0,0,0,0,0,0,0,0,0,0,0,0,0
"US000","3","51119","17","0","2021","1","N",1,0,0,0,0,0,0,0,"N",1.00,0,0,0,0,0,0,0,"N",0,0.0,0,0,0,0,0,0,0,0,0,0,0,0,0,0
"US000","3","511199","18","0","2021","1","N",1,0,0,0,0,0,0,0,"N",1.00,0,0,0,0,0,0,0,"N",0,0.0,0,0,0,0,0,0,0,0,0,0,0,0,0,0
"US000","3","5112","16","0","2021","1","N",2,0,0,0,0,0,0,0,"N",1.00,0,0,0,0,0,0,0,"N",0,0.0,0,0,0,0,0,0,0,0,0,0,0,0,0,0
"US000","3","51121","17","0","2021","1","N",2,0,0,0,0,0,0,0,"N",1.00,0,0,0,0,0,0,0,"N",0,0.0,0,0,0,0,0,0,0,0,0,0,0,0,0,0
"US000","3","511210","18","0","2021","1","N",2,0,0,0,0,0,0,0,"N",1.00,0,0,0,0,0,0,0,"N",0,0.0,0,0,0,0,0,0,0,0,0,0,0,0,0,0
"US000","3","512","15","0","2021","1","",6,40,39,42,273097,44537,1314,521,"",1.00,1.00,1.00,1.00,1.00,1.00,1.00,1.00,"",0,0.0,-7,-14.9,-7,-15.2,-3,-6.7,-56438,-17.1,44537,100.0,1314,100.0,-30,-5.4
"US000","3","5121","16","0","2021","1","",6,40,39,42,273097,44537,1314,521,"",1.00,1.00,1.00,1.00,1.00,1.00,1.00,1.00,"",0,0.0,-7,-14.9,-7,-15.2,-3,-6.7,-56438,-17.1,44537,100.0,1314,100.0,-30,-5.4
"US000","3","51211","17","0","2021","1","N",4,0,0,0,0,0,0,0,"N",1.00,0,0,0,0,0,0,0,"N",0,0.0,0,0,0,0,0,0,0,0,0,0,0,0,0,0
"US000","3","512110","18","0","2021","1","N",4,0,0,0,0,0,0,0,"N",1.00,0,0,0,0,0,0,0,"N",0,0.0,0,0,0,0,0,0,0,0,0,0,0,0,0,0
"US000","3","51213","17","0","2021","1","N",2,0,0,0,0,0,0,0,"N",1.00,0,0,0,0,0,0,0,"N",0,0.0,0,0,0,0,0,0,0,0,0,0,0,0,0,0
"US000","3","512131","18","0","2021","1","N",2,0,0,0,0,0,0,0,"N",1.00,0,0,0,0,0,0,0,"N",0,0.0,0,0,0,0,0,0,0,0,0,0,0,0,0,0
"US000","3","515","15","0","2021","1","",34,252,254,246,2484938,222717,22066,763,"",1.00,1.00,1.00,1.00,1.00,1.00,1.00,1.00,"",-1,-2.9,-19,-7.0,-16,-5.9,-14,-5.4,-264148,-9.6,-27117,-10.9,8557,63.3,-29,-3.7
"US000","3","5151","16","0","2021","1","",17,105,105,105,896721,204315,22041,657,"",1.00,1.00,1.00,1.00,1.00,1.00,1.00,1.00,"",-1,-5.6,-10,-8.7,-12,-10.3,-10,-8.7,-164196,-15.5,-32253,-13.6,8555,63.4,-49,-6.9
"US000","3","51511","17","0","2021","1","",6,57,55,54,400535,203715,22040,557,"",1.00,1.00,1.00,1.00,1.00,1.00,1.00,1.00,"",0,0.0,-1,-1.7,-4,-6.8,-3,-5.3,-20846,-4.9,21111,11.6,8555,63.4,-2,-0.4
"US000","3","515112","18","0","2021","1","",6,57,55,54,400535,203715,22040,557,"",1.00,1.00,1.00,1.00,1.00,1.00,1.00,1.00,"",0,0.0,-1,-1.7,-4,-6.8,-3,-5.3,-20846,-4.9,21111,11.6,8555,63.4,-2,-0.4
"US000","3","51512","17","0","2021","1","",11,48,50,51,496186,600,1,768,"",1.00,1.00,1.00,1.00,1.00,1.00,1.00,1.00,"",-1,-8.3,-9,-15.8,-8,-13.8,-7,-12.1,-143350,-22.4,-53364,-98.9,0,0.0,-85,-10.0
"US000","3","515120","18","0","2021","1","",11,48,50,51,496186,600,1,768,"",1.00,1.00,1.00,1.00,1.00,1.00,1.00,1.00,"",-1,-8.3,-9,-15.8,-8,-13.8,-7,-12.1,-143350,-22.4,-53364,-98.9,0,0.0,-85,-10.0
"US000","3","5152","16","0","2021","1","",17,147,149,141,1588217,18402,25,839,"",1.00,1.00,1.00,1.00,1.00,1.00,1.00,1.00,"",0,0.0,-9,-5.8,-4,-2.6,-4,-2.8,-99952,-5.9,5136,38.7,2,8.7,-19,-2.2
"US000","3","51521","17","0","2021","1","",17,147,149,141,1588217,18402,25,839,"",1.00,1.00,1.00,1.00,1.00,1.00,1.00,1.00,"",0,0.0,-9,-5.8,-4,-2.6,-4,-2.8,-99952,-5.9,5136,38.7,2,8.7,-19,-2.2
"US000","3","515210","18","0","2021","1","",17,147,149,141,1588217,18402,25,839,"",1.00,1.00,1.00,1.00,1.00,1.00,1.00,1.00,"",0,0.0,-9,-5.8,-4,-2.6,-4,-2.8,-99952,-5.9,5136,38.7,2,8.7,-19,-2.2
"US000","3","517","15","0","2021","1","",50,944,950,959,14844847,4872886,34811,1201,"",1.00,1.00,1.00,1.00,1.00,1.00,1.00,1.00,"",-4,-7.4,-2,-0.2,1,0.1,14,1.5,-95576,-0.6,71381,1.5,6238,21.8,-13,-1.1
"US000","3","5173","16","0","2021","1","",40,803,809,817,13600239,4153903,33378,1292,"",1.00,1.00,1.00,1.00,1.00,1.00,1.00,1.00,"",-3,-7.0,-5,-0.6,-3,-0.4,9,1.1,-232473,-1.7,-23407,-0.6,6318,23.3,-23,-1.7
"US000","3","51731","17","0","2021","1","",40,803,809,817,13600239,4153903,33378,1292,"",1.00,1.00,1.00,1.00,1.00,1.00,1.00,1.00,"",-3,-7.0,-5,-0.6,-3,-0.4,9,1.1,-232473,-1.7,-23407,-0.6,6318,23.3,-23,-1.7
"US000","3","517311","18","0","2021","1","",23,441,447,450,7725682,354658,16387,1332,"",1.00,1.00,1.00,1.00,1.00,1.00,1.00,1.00,"",-1,-4.2,9,2.1,11,2.5,17,3.9,15890,0.2,-211,-0.1,2120,14.9,-36,-2.6
"US000","3","517312","18","0","2021","1","",17,362,362,367,5874557,3799245,16991,1243,"",1.00,1.00,1.00,1.00,1.00,1.00,1.00,1.00,"",-2,-10.5,-14,-3.7,-14,-3.7,-8,-2.1,-248363,-4.1,-23196,-0.6,4198,32.8,-11,-0.9
"US000","3","5174","16","0","2021","1","N",2,0,0,0,0,0,0,0,"N",1.00,0,0,0,0,0,0,0,"N",-1,-33.3,0,0,0,0,0,0,0,0,0,0,0,0,0,0
"US000","3","51741","17","0","2021","1","N",2,0,0,0,0,0,0,0,"N",1.00,0,0,0,0,0,0,0,"N",-1,-33.3,0,0,0,0,0,0,0,0,0,0,0,0,0,0
"US000","3","517410","18","0","2021","1","N",2,0,0,0,0,0,0,0,"N",1.00,0,0,0,0,0,0,0,"N",-1,-33.3,0,0,0,0,0,0,0,0,0,0,0,0,0,0
"US000","3","5179","16","0","2021","1","N",8,0,0,0,0,0,0,0,"N",1.00,0,0,0,0,0,0,0,"N",0,0.0,0,0,0,0,0,0,0,0,0,0,0,0,0,0
"US000","3","51791","17","0","2021","1","N",8,0,0,0,0,0,0,0,"N",1.00,0,0,0,0,0,0,0,"N",0,0.0,0,0,0,0,0,0,0,0,0,0,0,0,0,0
"US000","3","517911","18","0","2021","1","N",2,0,0,0,0,0,0,0,"N",1.00,0,0,0,0,0,0,0,"N",0,0.0,0,0,0,0,0,0,0,0,0,0,0,0,0,0
"US000","3","517919","18","0","2021","1","",6,90,89,88,656002,286631,1065,567,"",1.00,1.00,1.00,1.00,1.00,1.00,1.00,1.00,"",0,0.0,4,4.7,4,4.7,3,3.5,15876,2.5,10891,3.9,-108,-9.2,-10,-1.7
"US000","3","518","15","0","2021","1","",99,2682,2679,2683,49778031,487755,2131,1428,"",1.00,1.00,1.00,1.00,1.00,1.00,1.00,1.00,"",0,0.0,-59,-2.2,-49,-1.8,-55,-2.0,165385,0.3,-95878,-16.4,-395,-15.6,33,2.4
"US000","3","5182","16","0","2021","1","",99,2682,2679,2683,49778031,487755,2131,1428,"",1.00,1.00,1.00,1.00,1.00,1.00,1.00,1.00,"",0,0.0,-59,-2.2,-49,-1.8,-55,-2.0,165385,0.3,-95878,-16.4,-395,-15.6,33,2.4
"US000","3","51821","17","0","2021","1","",99,2682,2679,2683,49778031,487755,2131,1428,"",1.00,1.00,1.00,1.00,1.00,1.00,1.00,1.00,"",0,0.0,-59,-2.2,-49,-1.8,-55,-2.0,165385,0.3,-95878,-16.4,-395,-15.6,33,2.4
"US000","3","518210","18","0","2021","1","",99,2682,2679,2683,49778031,487755,2131,1428,"",1.00,1.00,1.00,1.00,1.00,1.00,1.00,1.00,"",0,0.0,-59,-2.2,-49,-1.8,-55,-2.0,165385,0.3,-95878,-16.4,-395,-15.6,33,2.4
"US000","3","519","15","0","2021","1","",4923,112144,112069,112262,980140362,89379546,762303,672,"",1.00,1.00,1.00,1.00,1.00,1.00,1.00,1.00,"",-9,-0.2,-15514,-12.2,-15333,-12.0,-15024,-11.8,-93925383,-8.7,-4650785,-4.9,67579,9.7,24,3.7
"US000","3","5191","16","0","2021","1","",4923,112144,112069,112262,980140362,89379546,762303,672,"",1.00,1.00,1.00,1.00,1.00,1.00,1.00,1.00,"",-9,-0.2,-15514,-12.2,-15333,-12.0,-15024,-11.8,-93925383,-8.7,-4650785,-4.9,67579,9.7,24,3.7
"US000","3","51912","17","0","2021","1","N",4918,0,0,0,0,0,0,0,"N",1.00,0,0,0,0,0,0,0,"N",-9,-0.2,0,0,0,0,0,0,0,0,0,0,0,0,0,0
"US000","3","519120","18","0","2021","1","N",4918,0,0,0,0,0,0,0,"N",1.00,0,0,0,0,0,0,0,"N",-9,-0.2,0,0,0,0,0,0,0,0,0,0,0,0,0,0
"US000","3","51919","17","0","2021","1","N",5,0,0,0,0,0,0,0,"N",1.00,0,0,0,0,0,0,0,"N",0,0.0,0,0,0,0,0,0,0,0,0,0,0,0,0,0
"US000","3","519190","18","0","2021","1","N",5,0,0,0,0,0,0,0,"N",1.00,0,0,0,0,0,0,0,"N",0,0.0,0,0,0,0,0,0,0,0,0,0,0,0,0,0
"US000","3","52","14","0","2021","1","",177,10109,10078,10130,222016775,50285817,889099,1690,"",1.00,1.00,1.00,1.00,1.00,1.00,1.00,1.00,"",-10,-5.3,-440,-4.2,-414,-3.9,-427,-4.0,-2876478,-1.3,-2092224,-4.0,-190318,-17.6,48,2.9
"US000","3","522","15","0","2021","1","",39,1234,1230,1227,25500958,7465440,103494,1594,"",1.00,1.00,1.00,1.00,1.00,1.00,1.00,1.00,"",1,2.6,53,4.5,58,4.9,59,5.1,2235769,9.6,-124164,-1.6,9986,10.7,69,4.5
"US000","3","5221","16","0","2021","1","",6,38,41,41,589488,370811,3602,1134,"",1.00,1.00,1.00,1.00,1.00,1.00,1.00,1.00,"",1,20.0,-3,-7.3,-1,-2.4,-1,-2.4,110013,22.9,38661,11.6,639,21.6,249,28.1
"US000","3","52211","17","0","2021","1","N",1,0,0,0,0,0,0,0,"N",1.00,0,0,0,0,0,0,0,"N",0,0.0,0,0,0,0,0,0,0,0,0,0,0,0,0,0
"US000","3","522110","18","0","2021","1","N",1,0,0,0,0,0,0,0,"N",1.00,0,0,0,0,0,0,0,"N",0,0.0,0,0,0,0,0,0,0,0,0,0,0,0,0,0
"US000","3","52213","17","0","2021","1","",4,21,21,21,251478,97602,1416,921,"",1.00,1.00,1.00,1.00,1.00,1.00,1.00,1.00,"N",0,0.0,0,0,0,0,0,0,0,0,0,0,0,0,0,0
"US000","3","522130","18","0","2021","1","",4,21,21,21,251478,97602,1416,921,"",1.00,1.00,1.00,1.00,1.00,1.00,1.00,1.00,"N",0,0.0,0,0,0,0,0,0,0,0,0,0,0,0,0,0
"US000","3","52219","17","0","2021","1","N",1,0,0,0,0,0,0,0,"N",1.00,0,0,0,0,0,0,0,"N",1,100.0,0,0,0,0,0,0,0,0,0,0,0,0,0,0
"US000","3","522190","18","0","2021","1","N",1,0,0,0,0,0,0,0,"N",1.00,0,0,0,0,0,0,0,"N",1,100.0,0,0,0,0,0,0,0,0,0,0,0,0,0,0
"US000","3","5222","16","0","2021","1","",29,1185,1178,1175,24776909,7056337,99032,1616,"",1.00,1.00,1.00,1.00,1.00,1.00,1.00,1.00,"",1,3.6,54,4.8,57,5.1,59,5.3,2097445,9.2,-168262,-2.3,9195,10.2,62,4.0
"US000","3","52222","17","0","2021","1","N",1,0,0,0,0,0,0,0,"N",1.00,0,0,0,0,0,0,0,"N",0,0.0,0,0,0,0,0,0,0,0,0,0,0,0,0,0
"US000","3","522220","18","0","2021","1","N",1,0,0,0,0,0,0,0,"N",1.00,0,0,0,0,0,0,0,"N",0,0.0,0,0,0,0,0,0,0,0,0,0,0,0,0,0
"US000","3","52229","17","0","2021","1","N",28,0,0,0,0,0,0,0,"N",1.00,0,0,0,0,0,0,0,"N",1,3.7,0,0,0,0,0,0,0,0,0,0,0,0,0,0
"US000","3","522291","18","0","2021","1","",19,384,378,361,5467201,2671559,65870,1123,"",1.00,1.00,1.00,1.00,1.00,1.00,1.00,1.00,"",0,0.0,6,1.6,8,2.2,-4,-1.1,-343355,-5.9,-542853,-16.9,-7084,-9.7,-82,-6.8
"US000","3","522292","18","0","2021","1","",8,793,792,806,19237121,4315089,33162,1857,"",1.00,1.00,1.00,1.00,1.00,1.00,1.00,1.00,"",1,14.3,50,6.7,51,6.9,64,8.6,2450175,14.6,381450,9.7,16279,96.4,117,6.7
"US000","3","522298","18","0","2021","1","N",1,0,0,0,0,0,0,0,"N",1.00,0,0,0,0,0,0,0,"N",0,0.0,0,0,0,0,0,0,0,0,0,0,0,0,0,0
"US000","3","5223","16","0","2021","1","",4,11,11,11,134561,38292,860,941,"",1.00,1.00,1.00,1.00,1.00,1.00,1.00,1.00,"",-1,-20.0,2,22.2,2,22.2,1,10.0,28311,26.6,5437,16.5,152,21.5,65,7.4
"US000","3","52231","17","0","2021","1","N",2,0,0,0,0,0,0,0,"N",1.00,0,0,0,0,0,0,0,"N",-1,-33.3,0,0,0,0,0,0,0,0,0,0,0,0,0,0
"US000","3","522310","18","0","2021","1","N",2,0,0,0,0,0,0,0,"N",1.00,0,0,0,0,0,0,0,"N",-1,-33.3,0,0,0,0,0,0,0,0,0,0,0,0,0,0
"US000","3","52232","17","0","2021","1","N",1,0,0,0,0,0,0,0,"N",1.00,0,0,0,0,0,0,0,"N",0,0.0,0,0,0,0,0,0,0,0,0,0,0,0,0,0
"US000","3","522320","18","0","2021","1","N",1,0,0,0,0,0,0,0,"N",1.00,0,0,0,0,0,0,0,"N",0,0.0,0,0,0,0,0,0,0,0,0,0,0,0,0,0
"US000","3","52239","17","0","2021","1","N",1,0,0,0,0,0,0,0,"N",1.00,0,0,0,0,0,0,0,"N",0,0.0,0,0,0,0,0,0,0,0,0,0,0,0,0,0
"US000","3","522390","18","0","2021","1","N",1,0,0,0,0,0,0,0,"N",1.00,0,0,0,0,0,0,0,"N",0,0.0,0,0,0,0,0,0,0,0,0,0,0,0,0,0
"US000","3","523","15","0","2021","1","",43,1086,1082,1084,31145290,17377677,85169,2210,"",1.00,1.00,1.00,1.00,1.00,1.00,1.00,1.00,"",-5,-10.4,-16,-1.5,0,0.0,-4,-0.4,2512840,8.8,2741893,18.7,12281,16.8,191,9.5
"US000","3","5231","16","0","2021","1","",7,22,22,22,465632,121484,418,1628,"",1.00,1.00,1.00,1.00,1.00,1.00,1.00,1.00,"",1,16.7,-1,-4.3,-1,-4.3,-1,-4.3,10640,2.3,2618,2.2,29,7.5,106,7.0
"US000","3","52311","17","0","2021","1","",4,10,10,10,234514,94484,329,1804,"",1.00,1.00,1.00,1.00,1.00,1.00,1.00,1.00,"",1,33.3,0,0.0,0,0.0,0,0.0,5375,2.3,1014,1.1,24,7.9,41,2.3
"US000","3","523110","18","0","2021","1","",4,10,10,10,234514,94484,329,1804,"",1.00,1.00,1.00,1.00,1.00,1.00,1.00,1.00,"",1,33.3,0,0.0,0,0.0,0,0.0,5375,2.3,1014,1.1,24,7.9,41,2.3
"US000","3","52312","17","0","2021","1","N",2,0,0,0,0,0,0,0,"N",1.00,0,0,0,0,0,0,0,"N",0,0.0,0,0,0,0,0,0,0,0,0,0,0,0,0,0
"US000","3","523120","18","0","2021","1","N",2,0,0,0,0,0,0,0,"N",1.00,0,0,0,0,0,0,0,"N",0,0.0,0,0,0,0,0,0,0,0,0,0,0,0,0,0
"US000","3","52313","17","0","2021","1","N",1,0,0,0,0,0,0,0,"N",1.00,0,0,0,0,0,0,0,"N",0,0.0,0,0,0,0,0,0,0,0,0,0,0,0,0,0
"US000","3","523130","18","0","2021","1","N",1,0,0,0,0,0,0,0,"N",1.00,0,0,0,0,0,0,0,"N",0,0.0,0,0,0,0,0,0,0,0,0,0,0,0,0,0
"US000","3","5239","16","0","2021","1","",36,1064,1060,1062,30679658,17256193,84751,2222,"",1.00,1.00,1.00,1.00,1.00,1.00,1.00,1.00,"",-6,-14.3,-15,-1.4,1,0.1,-3,-0.3,2502200,8.9,2739275,18.9,12252,16.9,192,9.5
"US000","3","52391","17","0","2021","1","N",1,0,0,0,0,0,0,0,"N",1.00,0,0,0,0,0,0,0,"N",0,0.0,0,0,0,0,0,0,0,0,0,0,0,0,0,0
"US000","3","523910","18","0","2021","1","N",1,0,0,0,0,0,0,0,"N",1.00,0,0,0,0,0,0,0,"N",0,0.0,0,0,0,0,0,0,0,0,0,0,0,0,0,0
"US000","3","52392","17","0","2021","1","",24,701,695,695,22747970,15112087,46331,2511,"",1.00,1.00,1.00,1.00,1.00,1.00,1.00,1.00,"",-2,-7.7,-28,-3.8,-16,-2.3,-25,-3.5,2396968,11.8,2722798,22.0,5881,14.5,337,15.5
"US000","3","523920","18","0","2021","1","",24,701,695,695,22747970,15112087,46331,2511,"",1.00,1.00,1.00,1.00,1.00,1.00,1.00,1.00,"",-2,-7.7,-28,-3.8,-16,-2.3,-25,-3.5,2396968,11.8,2722798,22.0,5881,14.5,337,15.5
"US000","3","52393","17","0","2021","1","",10,278,280,279,6383416,2121098,38029,1760,"",1.00,1.00,1.00,1.00,1.00,1.00,1.00,1.00,"",1,11.1,15,5.7,17,6.5,17,6.5,300004,4.9,14469,0.7,6442,20.4,-22,-1.2
"US000","3","523930","18","0","2021","1","",10,278,280,279,6383416,2121098,38029,1760,"",1.00,1.00,1.00,1.00,1.00,1.00,1.00,1.00,"",1,11.1,15,5.7,17,6.5,17,6.5,300004,4.9,14469,0.7,6442,20.4,-22,-1.2
"US000","3","52399","17","0","2021","1","N",1,0,0,0,0,0,0,0,"N",1.00,0,0,0,0,0,0,0,"N",-5,-83.3,0,0,0,0,0,0,0,0,0,0,0,0,0,0
"US000","3","523991","18","0","2021","1","N",1,0,0,0,0,0,0,0,"N",1.00,0,0,0,0,0,0,0,"N",-5,-83.3,0,0,0,0,0,0,0,0,0,0,0,0,0,0
"US000","3","524","15","0","2021","1","",76,7681,7658,7710,163457680,25156311,698958,1637,"",1.00,1.00,1.00,1.00,1.00,1.00,1.00,1.00,"",-1,-1.3,-481,-5.9,-476,-5.9,-484,-5.9,-7809663,-4.6,-4714400,-15.8,-212273,-23.3,23,1.4
"US000","3","5241","16","0","2021","1","",30,5677,5657,5715,120646115,20829611,636681,1633,"",1.00,1.00,1.00,1.00,1.00,1.00,1.00,1.00,"",0,0.0,85,1.5,87,1.6,90,1.6,1024729,0.9,500873,2.5,-71200,-10.1,-11,-0.7
"US000","3","52411","17","0","2021","1","",12,4348,4326,4364,79878833,20614488,633544,1414,"",1.00,1.00,1.00,1.00,1.00,1.00,1.00,1.00,"",0,0.0,86,2.0,83,2.0,83,1.9,-565018,-0.7,490288,2.4,-71470,-10.1,-38,-2.6
"US000","3","524113","18","0","2021","1","N",3,0,0,0,0,0,0,0,"N",1.00,0,0,0,0,0,0,0,"N",0,0.0,0,0,0,0,0,0,0,0,0,0,0,0,0,0
"US000","3","524114","18","0","2021","1","N",9,0,0,0,0,0,0,0,"N",1.00,0,0,0,0,0,0,0,"N",0,0.0,0,0,0,0,0,0,0,0,0,0,0,0,0,0
"US000","3","52412","17","0","2021","1","N",17,0,0,0,0,0,0,0,"N",1.00,0,0,0,0,0,0,0,"N",0,0.0,0,0,0,0,0,0,0,0,0,0,0,0,0,0
"US000","3","524126","18","0","2021","1","",16,1314,1316,1334,40349597,180123,2612,2349,"",1.00,1.00,1.00,1.00,1.00,1.00,1.00,1.00,"",0,0.0,-1,-0.1,4,0.3,5,0.4,1607558,4.1,10585,6.2,270,11.5,89,3.9
"US000","3","524128","18","0","2021","1","N",1,0,0,0,0,0,0,0,"N",1.00,0,0,0,0,0,0,0,"N",0,0.0,0,0,0,0,0,0,0,0,0,0,0,0,0,0
"US000","3","52413","17","0","2021","1","N",1,0,0,0,0,0,0,0,"N",1.00,0,0,0,0,0,0,0,"N",0,0.0,0,0,0,0,0,0,0,0,0,0,0,0,0,0
"US000","3","524130","18","0","2021","1","N",1,0,0,0,0,0,0,0,"N",1.00,0,0,0,0,0,0,0,"N",0,0.0,0,0,0,0,0,0,0,0,0,0,0,0,0,0
"US000","3","5242","16","0","2021","1","",46,2004,2001,1995,42811565,4326700,62277,1647,"",1.00,1.00,1.00,1.00,1.00,1.00,1.00,1.00,"",-1,-2.1,-566,-22.0,-563,-22.0,-574,-22.3,-8834392,-17.1,-5215273,-54.7,-141073,-69.4,100,6.5
"US000","3","52421","17","0","2021","1","",13,378,380,378,7513332,546770,8009,1526,"",1.00,1.00,1.00,1.00,1.00,1.00,1.00,1.00,"",-1,-7.1,-18,-4.5,-17,-4.3,-14,-3.6,-60844,-0.8,-28011,-4.9,-1165,-12.7,51,3.5
"US000","3","524210","18","0","2021","1","",13,378,380,378,7513332,546770,8009,1526,"",1.00,1.00,1.00,1.00,1.00,1.00,1.00,1.00,"",-1,-7.1,-18,-4.5,-17,-4.3,-14,-3.6,-60844,-0.8,-28011,-4.9,-1165,-12.7,51,3.5
"US000","3","52429","17","0","2021","1","",33,1626,1621,1617,35298233,3779930,54268,1675,"",1.00,1.00,1.00,1.00,1.00,1.00,1.00,1.00,"",0,0.0,-548,-25.2,-546,-25.2,-560,-25.7,-8773548,-19.9,-5187262,-57.8,-139908,-72.1,115,7.4
"US000","3","524291","18","0","2021","1","",8,295,297,299,7099370,267588,6213,1839,"",1.00,1.00,1.00,1.00,1.00,1.00,1.00,1.00,"",0,0.0,-5,-1.7,1,0.3,6,2.0,363813,5.4,3206,1.2,143,2.4,91,5.2
"US000","3","524292","18","0","2021","1","",18,1113,1107,1102,25407922,2153882,45899,1765,"",1.00,1.00,1.00,1.00,1.00,1.00,1.00,1.00,"",0,0.0,-534,-32.4,-536,-32.6,-555,-33.5,-8916535,-26.0,-5103892,-70.3,-139792,-75.3,164,10.2
"US000","3","524298","18","0","2021","1","",7,218,217,216,2790941,1358460,2156,989,"",1.00,1.00,1.00,1.00,1.00,1.00,1.00,1.00,"",0,0.0,-9,-4.0,-11,-4.8,-11,-4.8,-220826,-7.3,-86576,-6.0,-259,-10.7,-30,-2.9
"US000","3","525","15","0","2021","1","",19,108,108,109,1912847,286389,1478,1358,"",1.00,1.00,1.00,1.00,1.00,1.00,1.00,1.00,"",-5,-20.8,4,3.8,4,3.8,2,1.9,184576,10.7,4447,1.6,-312,-17.4,92,7.3
"US000","3","5251","16","0","2021","1","N",15,0,0,0,0,0,0,0,"N",1.00,0,0,0,0,0,0,0,"N",-1,-6.2,0,0,0,0,0,0,0,0,0,0,0,0,0,0
"US000","3","52511","17","0","2021","1","",9,37,37,37,597159,38906,39,1241,"",1.00,1.00,1.00,1.00,1.00,1.00,1.00,1.00,"",1,12.5,0,0.0,0,0.0,-1,-2.6,57324,10.6,2733,7.6,3,8.3,129,11.6
"US000","3","525110","18","0","2021","1","",9,37,37,37,597159,38906,39,1241,"",1.00,1.00,1.00,1.00,1.00,1.00,1.00,1.00,"",1,12.5,0,0.0,0,0.0,-1,-2.6,57324,10.6,2733,7.6,3,8.3,129,11.6
"US000","3","52512","17","0","2021","1","N",2,0,0,0,0,0,0,0,"N",1.00,0,0,0,0,0,0,0,"N",0,0.0,0,0,0,0,0,0,0,0,0,0,0,0,0,0
"US000","3","525120","18","0","2021","1","N",2,0,0,0,0,0,0,0,"N",1.00,0,0,0,0,0,0,0,"N",0,0.0,0,0,0,0,0,0,0,0,0,0,0,0,0,0
"US000","3","52519","17","0","2021","1","",4,60,59,61,1124546,81136,1270,1442,"",1.00,1.00,1.00,1.00,1.00,1.00,1.00,1.00,"",-2,-33.3,4,7.1,3,5.4,4,7.0,124125,12.4,-6198,-7.1,-92,-6.8,76,5.6
"US000","3","525190","18","0","2021","1","",4,60,59,61,1124546,81136,1270,1442,"",1.00,1.00,1.00,1.00,1.00,1.00,1.00,1.00,"",-2,-33.3,4,7.1,3,5.4,4,7.0,124125,12.4,-6198,-7.1,-92,-6.8,76,5.6
"US000","3","5259","16","0","2021","1","N",4,0,0,0,0,0,0,0,"N",1.00,0,0,0,0,0,0,0,"N",-4,-50.0,0,0,0,0,0,0,0,0,0,0,0,0,0,0
"US000","3","52592","17","0","2021","1","N",4,0,0,0,0,0,0,0,"N",1.00,0,0,0,0,0,0,0,"N",-4,-50.0,0,0,0,0,0,0,0,0,0,0,0,0,0,0
"US000","3","525920","18","0","2021","1","N",4,0,0,0,0,0,0,0,"N",1.00,0,0,0,0,0,0,0,"N",-4,-50.0,0,0,0,0,0,0,0,0,0,0,0,0,0,0
"US000","3","53","14","0","2021","1","",1735,33008,32968,33173,415352837,148756260,2495010,967,"",1.00,1.00,1.00,1.00,1.00,1.00,1.00,1.00,"",-18,-1.0,-1375,-4.0,-1591,-4.6,-1451,-4.2,-20450999,-4.7,-2799393,-1.8,294229,13.4,-4,-0.4
"US000","3","531","15","0","2021","1","",1728,32666,32628,32829,412521092,148691447,2494494,970,"",1.00,1.00,1.00,1.00,1.00,1.00,1.00,1.00,"",-18,-1.0,-1358,-4.0,-1569,-4.6,-1437,-4.2,-20389012,-4.7,-2789128,-1.8,294582,13.4,-5,-0.5
"US000","3","5311","16","0","2021","1","",1221,25623,25608,25761,331833166,111127296,1858546,995,"",1.00,1.00,1.00,1.00,1.00,1.00,1.00,1.00,"",-13,-1.1,-1301,-4.8,-1521,-5.6,-1428,-5.3,-19140264,-5.5,-3482132,-3.0,133096,7.7,-2,-0.2
"US000","3","53111","17","0","2021","1","",1128,24385,24303,24334,314457737,104285523,1759770,994,"",1.00,1.00,1.00,1.00,1.00,1.00,1.00,1.00,"",-13,-1.1,-482,-1.9,-643,-2.6,-603,-2.4,-12138728,-3.7,-822271,-0.8,114848,7.0,-14,-1.4
"US000","3","531110","18","0","2021","1","",1128,24385,24303,24334,314457737,104285523,1759770,994,"",1.00,1.00,1.00,1.00,1.00,1.00,1.00,1.00,"",-13,-1.1,-482,-1.9,-643,-2.6,-603,-2.4,-12138728,-3.7,-822271,-0.8,114848,7.0,-14,-1.4
"US000","3","53112","17","0","2021","1","",82,1135,1204,1321,16153602,6061676,90526,1019,"",1.00,1.00,1.00,1.00,1.00,1.00,1.00,1.00,"",1,1.2,-798,-41.3,-860,-41.7,-815,-38.2,-6884040,-29.9,-2637768,-30.3,13980,18.3,152,17.5
"US000","3","531120","18","0","2021","1","",82,1135,1204,1321,16153602,6061676,90526,1019,"",1.00,1.00,1.00,1.00,1.00,1.00,1.00,1.00,"",1,1.2,-798,-41.3,-860,-41.7,-815,-38.2,-6884040,-29.9,-2637768,-30.3,13980,18.3,152,17.5
"US000","3","53119","17","0","2021","1","",11,103,101,106,1221827,780097,8250,910,"",1.00,1.00,1.00,1.00,1.00,1.00,1.00,1.00,"",-1,-8.3,-21,-16.9,-18,-15.1,-10,-8.6,-117496,-8.8,-22093,-2.8,4268,107.2,49,5.7
"US000","3","531190","18","0","2021","1","",11,103,101,106,1221827,780097,8250,910,"",1.00,1.00,1.00,1.00,1.00,1.00,1.00,1.00,"",-1,-8.3,-21,-16.9,-18,-15.1,-10,-8.6,-117496,-8.8,-22093,-2.8,4268,107.2,49,5.7
"US000","3","5312","16","0","2021","1","",55,669,666,683,7918257,1660939,30407,905,"",1.00,1.00,1.00,1.00,1.00,1.00,1.00,1.00,"",-1,-1.8,-67,-9.1,-53,-7.4,-48,-6.6,-608200,-7.1,-107103,-6.1,3842,14.5,5,0.6
"US000","3","53121","17","0","2021","1","",55,669,666,683,7918257,1660939,30407,905,"",1.00,1.00,1.00,1.00,1.00,1.00,1.00,1.00,"",-1,-1.8,-67,-9.1,-53,-7.4,-48,-6.6,-608200,-7.1,-107103,-6.1,3842,14.5,5,0.6
"US000","3","531210","18","0","2021","1","",55,669,666,683,7918257,1660939,30407,905,"",1.00,1.00,1.00,1.00,1.00,1.00,1.00,1.00,"",-1,-1.8,-67,-9.1,-53,-7.4,-48,-6.6,-608200,-7.1,-107103,-6.1,3842,14.5,5,0.6
"US000","3","5313","16","0","2021","1","",452,6374,6354,6385,72769669,35903212,605541,879,"",1.00,1.00,1.00,1.00,1.00,1.00,1.00,1.00,"",-4,-0.9,10,0.2,5,0.1,39,0.6,-640548,-0.9,800107,2.3,157644,35.2,-10,-1.1
"US000","3","53131","17","0","2021","1","",440,6145,6124,6153,69947904,34471442,584243,876,"",1.00,1.00,1.00,1.00,1.00,1.00,1.00,1.00,"",-3,-0.7,18,0.3,16,0.3,53,0.9,-308104,-0.4,729578,2.2,154393,35.9,-8,-0.9
"US000","3","531311","18","0","2021","1","",420,5658,5636,5660,64792998,32422092,524556,882,"",1.00,1.00,1.00,1.00,1.00,1.00,1.00,1.00,"",-3,-0.7,8,0.1,9,0.2,39,0.7,204622,0.3,685540,2.2,125904,31.6,0,0.0
"US000","3","531312","18","0","2021","1","",20,487,488,493,5154906,2049350,59687,810,"",1.00,1.00,1.00,1.00,1.00,1.00,1.00,1.00,"",0,0.0,10,2.1,7,1.5,14,2.9,-512726,-9.0,44038,2.2,28489,91.3,-100,-11.0
"US000","3","53132","17","0","2021","1","",8,64,65,63,680127,289893,7685,817,"",1.00,1.00,1.00,1.00,1.00,1.00,1.00,1.00,"",0,0.0,8,14.3,6,10.2,5,8.6,44722,7.0,21761,8.1,3602,88.2,-31,-3.7
"US000","3","531320","18","0","2021","1","",8,64,65,63,680127,289893,7685,817,"",1.00,1.00,1.00,1.00,1.00,1.00,1.00,1.00,"",0,0.0,8,14.3,6,10.2,5,8.6,44722,7.0,21761,8.1,3602,88.2,-31,-3.7
"US000","3","53139","17","0","2021","1","",4,165,165,169,2141638,1141877,13613,990,"",1.00,1.00,1.00,1.00,1.00,1.00,1.00,1.00,"",-1,-20.0,-16,-8.8,-17,-9.3,-19,-10.1,-377166,-15.0,48768,4.5,-351,-2.5,-65,-6.2
"US000","3","531390","18","0","2021","1","",4,165,165,169,2141638,1141877,13613,990,"",1.00,1.00,1.00,1.00,1.00,1.00,1.00,1.00,"",-1,-20.0,-16,-8.8,-17,-9.3,-19,-10.1,-377166,-15.0,48768,4.5,-351,-2.5,-65,-6.2
"US000","3","532","15","0","2021","1","",7,342,340,344,2831745,64813,516,637,"",1.00,1.00,1.00,1.00,1.00,1.00,1.00,1.00,"",0,0.0,-17,-4.7,-22,-6.1,-14,-3.9,-61987,-2.1,-10265,-13.7,-353,-40.6,18,2.9
"US000","3","5321","16","0","2021","1","N",1,0,0,0,0,0,0,0,"N",1.00,0,0,0,0,0,0,0,"N",0,0.0,0,0,0,0,0,0,0,0,0,0,0,0,0,0
"US000","3","53211","17","0","2021","1","N",1,0,0,0,0,0,0,0,"N",1.00,0,0,0,0,0,0,0,"N",0,0.0,0,0,0,0,0,0,0,0,0,0,0,0,0,0
"US000","3","532112","18","0","2021","1","N",1,0,0,0,0,0,0,0,"N",1.00,0,0,0,0,0,0,0,"N",0,0.0,0,0,0,0,0,0,0,0,0,0,0,0,0,0
"US000","3","5322","16","0","2021","1","N",5,0,0,0,0,0,0,0,"N",1.00,0,0,0,0,0,0,0,"N",0,0.0,0,0,0,0,0,0,0,0,0,0,0,0,0,0
"US000","3","53228","17","0","2021","1","N",5,0,0,0,0,0,0,0,"N",1.00,0,0,0,0,0,0,0,"N",0,0.0,0,0,0,0,0,0,0,0,0,0,0,0,0,0
"US000","3","532283","18","0","2021","1","N",1,0,0,0,0,0,0,0,"N",1.00,0,0,0,0,0,0,0,"N",0,0.0,0,0,0,0,0,0,0,0,0,0,0,0,0,0
"US000","3","532284","18","0","2021","1","N",4,0,0,0,0,0,0,0,"N",1.00,0,0,0,0,0,0,0,"N",0,0.0,0,0,0,0,0,0,0,0,0,0,0,0,0,0
"US000","3","5324","16","0","2021","1","N",1,0,0,0,0,0,0,0,"N",1.00,0,0,0,0,0,0,0,"N",0,0.0,0,0,0,0,0,0,0,0,0,0,0,0,0,0
"US000","3","53241","17","0","2021","1","N",1,0,0,0,0,0,0,0,"N",1.00,0,0,0,0,0,0,0,"N",0,0.0,0,0,0,0,0,0,0,0,0,0,0,0,0,0
"US000","3","532412","18","0","2021","1","N",1,0,0,0,0,0,0,0,"N",1.00,0,0,0,0,0,0,0,"N",0,0.0,0,0,0,0,0,0,0,0,0,0,0,0,0,0
"US000","3","54","14","0","2021","1","",1087,20066,20087,20085,343282530,33858715,381173,1315,"",1.00,1.00,1.00,1.00,1.00,1.00,1.00,1.00,"",-14,-1.3,-1748,-8.0,-1765,-8.1,-1670,-7.7,-65821147,-16.1,373312,1.1,48601,14.6,-128,-8.9
"US000","3","541","15","0","2021","1","",1087,20066,20087,20085,343282530,33858715,381173,1315,"",1.00,1.00,1.00,1.00,1.00,1.00,1.00,1.00,"",-14,-1.3,-1748,-8.0,-1765,-8.1,-1670,-7.7,-65821147,-16.1,373312,1.1,48601,14.6,-128,-8.9
"US000","3","5411","16","0","2021","1","",36,236,233,234,5623639,867744,14062,1846,"",1.00,1.00,1.00,1.00,1.00,1.00,1.00,1.00,"",0,0.0,-6,-2.5,-13,-5.3,-12,-4.9,-588818,-9.5,98343,12.8,6540,86.9,-107,-5.5
"US000","3","54111","17","0","2021","1","N",26,0,0,0,0,0,0,0,"N",1.00,0,0,0,0,0,0,0,"N",2,8.3,0,0,0,0,0,0,0,0,0,0,0,0,0,0
"US000","3","541110","18","0","2021","1","N",26,0,0,0,0,0,0,0,"N",1.00,0,0,0,0,0,0,0,"N",2,8.3,0,0,0,0,0,0,0,0,0,0,0,0,0,0
"US000","3","54119","17","0","2021","1","N",10,0,0,0,0,0,0,0,"N",1.00,0,0,0,0,0,0,0,"N",-2,-16.7,0,0,0,0,0,0,0,0,0,0,0,0,0,0
"US000","3","541199","18","0","2021","1","N",10,0,0,0,0,0,0,0,"N",1.00,0,0,0,0,0,0,0,"N",-2,-16.7,0,0,0,0,0,0,0,0,0,0,0,0,0,0
"US000","3","5412","16","0","2021","1","",95,2845,2854,2842,43861832,16202549,60221,1185,"",1.00,1.00,1.00,1.00,1.00,1.00,1.00,1.00,"",1,1.1,-273,-8.8,-246,-7.9,-260,-8.4,-3240107,-6.9,-924697,-5.4,11938,24.7,19,1.6
"US000","3","54121","17","0","2021","1","",95,2845,2854,2842,43861832,16202549,60221,1185,"",1.00,1.00,1.00,1.00,1.00,1.00,1.00,1.00,"",1,1.1,-273,-8.8,-246,-7.9,-260,-8.4,-3240107,-6.9,-924697,-5.4,11938,24.7,19,1.6
"US000","3","541211","18","0","2021","1","",4,18,21,21,217560,145347,2970,837,"",1.00,1.00,1.00,1.00,1.00,1.00,1.00,1.00,"",0,0.0,-5,-21.7,-3,-12.5,-4,-16.0,-98519,-31.2,16069,12.4,1840,162.8,-176,-17.4
"US000","3","541214","18","0","2021","1","",21,507,510,511,7216831,759304,16189,1090,"",1.00,1.00,1.00,1.00,1.00,1.00,1.00,1.00,"",0,0.0,-32,-5.9,-18,-3.4,-17,-3.2,-138980,-1.9,-76778,-9.2,-2618,-13.9,26,2.4
"US000","3","541219","18","0","2021","1","",70,2320,2323,2310,36427441,15297898,41062,1209,"",1.00,1.00,1.00,1.00,1.00,1.00,1.00,1.00,"",1,1.4,-236,-9.2,-225,-8.8,-239,-9.4,-3002608,-7.6,-863988,-5.3,12716,44.9,20,1.7
"US000","3","5413","16","0","2021","1","",493,7962,7929,7917,134781310,3802854,63710,1306,"",1.00,1.00,1.00,1.00,1.00,1.00,1.00,1.00,"",-1,-0.2,-231,-2.8,-282,-3.4,-293,-3.6,-7756522,-5.4,-240895,-6.0,819,1.3,-30,-2.2
"US000","3","54131","17","0","2021","1","N",3,0,0,0,0,0,0,0,"N",1.00,0,0,0,0,0,0,0,"N",0,0.0,0,0,0,0,0,0,0,0,0,0,0,0,0,0
"US000","3","541310","18","0","2021","1","N",3,0,0,0,0,0,0,0,"N",1.00,0,0,0,0,0,0,0,"N",0,0.0,0,0,0,0,0,0,0,0,0,0,0,0,0,0
"US000","3","54132","17","0","2021","1","",24,870,858,858,17985156,298285,3161,1605,"",1.00,1.00,1.00,1.00,1.00,1.00,1.00,1.00,"",2,9.1,-15,-1.7,-35,-3.9,-32,-3.6,-2096599,-10.4,39415,15.2,1392,78.7,-132,-7.6
"US000","3","541320","18","0","2021","1","",24,870,858,858,17985156,298285,3161,1605,"",1.00,1.00,1.00,1.00,1.00,1.00,1.00,1.00,"",2,9.1,-15,-1.7,-35,-3.9,-32,-3.6,-2096599,-10.4,39415,15.2,1392,78.7,-132,-7.6
"US000","3","54133","17","0","2021","1","",392,6305,6293,6284,104994316,3378297,57863,1283,"",1.00,1.00,1.00,1.00,1.00,1.00,1.00,1.00,"",-4,-1.0,-211,-3.2,-228,-3.5,-243,-3.7,-5024566,-4.6,-241925,-6.7,-84,-0.1,-15,-1.2
"US000","3","541330","18","0","2021","1","",392,6305,6293,6284,104994316,3378297,57863,1283,"",1.00,1.00,1.00,1.00,1.00,1.00,1.00,1.00,"",-4,-1.0,-211,-3.2,-228,-3.5,-243,-3.7,-5024566,-4.6,-241925,-6.7,-84,-0.1,-15,-1.2
"US000","3","54134","17","0","2021","1","N",1,0,0,0,0,0,0,0,"N",1.00,0,0,0,0,0,0,0,"N",0,0.0,0,0,0,0,0,0,0,0,0,0,0,0,0,0
"US000","3","541340","18","0","2021","1","N",1,0,0,0,0,0,0,0,"N",1.00,0,0,0,0,0,0,0,"N",0,0.0,0,0,0,0,0,0,0,0,0,0,0,0,0,0
"US000","3","54135","17","0","2021","1","",36,319,313,310,3259711,28937,149,799,"",1.00,1.00,1.00,1.00,1.00,1.00,1.00,1.00,"",0,0.0,8,2.6,-2,-0.6,-4,-1.3,-131326,-3.9,-852,-2.9,21,16.4,-33,-4.0
"US000","3","541350","18","0","2021","1","",36,319,313,310,3259711,28937,149,799,"",1.00,1.00,1.00,1.00,1.00,1.00,1.00,1.00,"",0,0.0,8,2.6,-2,-0.6,-4,-1.3,-131326,-3.9,-852,-2.9,21,16.4,-33,-4.0
"US000","3","54136","17","0","2021","1","",3,6,6,6,71450,0,0,916,"",1.00,1.00,1.00,1.00,1.00,0.00,0.00,1.00,"",0,0.0,0,0.0,0,0.0,0,0.0,-8019,-10.1,0,0.0,0,0.0,-103,-10.1
"US000","3","541360","18","0","2021","1","",3,6,6,6,71450,0,0,916,"",1.00,1.00,1.00,1.00,1.00,0.00,0.00,1.00,"",0,0.0,0,0.0,0,0.0,0,0.0,-8019,-10.1,0,0.0,0,0.0,-103,-10.1
"US000","3","54137","17","0","2021","1","",26,113,113,113,1716540,93780,2438,1169,"",1.00,1.00,1.00,1.00,1.00,1.00,1.00,1.00,"",1,4.0,0,0.0,0,0.0,-3,-2.6,-13131,-0.8,-14857,-13.7,675,38.3,2,0.2
"US000","3","541370","18","0","2021","1","",26,113,113,113,1716540,93780,2438,1169,"",1.00,1.00,1.00,1.00,1.00,1.00,1.00,1.00,"",1,4.0,0,0.0,0,0.0,-3,-2.6,-13131,-0.8,-14857,-13.7,675,38.3,2,0.2
"US000","3","54138","17","0","2021","1","",8,303,298,298,5952419,3555,99,1528,"",1.00,1.00,1.00,1.00,1.00,1.00,1.00,1.00,"",0,0.0,-10,-3.2,-16,-5.1,-14,-4.5,-510944,-7.9,-495,-12.2,35,54.7,-60,-3.8
"US000","3","541380","18","0","2021","1","",8,303,298,298,5952419,3555,99,1528,"",1.00,1.00,1.00,1.00,1.00,1.00,1.00,1.00,"",0,0.0,-10,-3.2,-16,-5.1,-14,-4.5,-510944,-7.9,-495,-12.2,35,54.7,-60,-3.8
"US000","3","5414","16","0","2021","1","N",2,0,0,0,0,0,0,0,"N",1.00,0,0,0,0,0,0,0,"N",0,0.0,0,0,0,0,0,0,0,0,0,0,0,0,0,0
"US000","3","54141","17","0","2021","1","N",1,0,0,0,0,0,0,0,"N",1.00,0,0,0,0,0,0,0,"N",0,0.0,0,0,0,0,0,0,0,0,0,0,0,0,0,0
"US000","3","541410","18","0","2021","1","N",1,0,0,0,0,0,0,0,"N",1.00,0,0,0,0,0,0,0,"N",0,0.0,0,0,0,0,0,0,0,0,0,0,0,0,0,0
"US000","3","54143","17","0","2021","1","N",1,0,0,0,0,0,0,0,"N",1.00,0,0,0,0,0,0,0,"N",0,0.0,0,0,0,0,0,0,0,0,0,0,0,0,0,0
"US000","3","541430","18","0","2021","1","N",1,0,0,0,0,0,0,0,"N",1.00,0,0,0,0,0,0,0,"N",0,0.0,0,0,0,0,0,0,0,0,0,0,0,0,0,0
"US000","3","5415","16","0","2021","1","",249,4780,4800,4799,81102271,4838179,53205,1302,"",1.00,1.00,1.00,1.00,1.00,1.00,1.00,1.00,"",8,3.3,-48,-1.0,-18,-0.4,-38,-0.8,1608040,2.0,1391932,40.4,28927,119.1,35,2.8
"US000","3","54151","17","0","2021","1","",249,4780,4800,4799,81102271,4838179,53205,1302,"",1.00,1.00,1.00,1.00,1.00,1.00,1.00,1.00,"",8,3.3,-48,-1.0,-18,-0.4,-38,-0.8,1608040,2.0,1391932,40.4,28927,119.1,35,2.8
"US000","3","541511","18","0","2021","1","",38,467,474,485,9034258,912660,25933,1462,"",1.00,1.00,1.00,1.00,1.00,1.00,1.00,1.00,"",0,0.0,-4,-0.8,-4,-0.8,10,2.1,411230,4.8,301663,49.4,14644,129.7,65,4.7
"US000","3","541512","18","0","2021","1","",102,1792,1785,1785,33074462,3134748,18117,1423,"",1.00,1.00,1.00,1.00,1.00,1.00,1.00,1.00,"",2,2.0,72,4.2,82,4.8,65,3.8,1166362,3.7,456359,17.0,7314,67.7,-9,-0.6
"US000","3","541513","18","0","2021","1","",89,2044,2050,2039,30899578,206898,6226,1163,"",1.00,1.00,1.00,1.00,1.00,1.00,1.00,1.00,"",3,3.5,-139,-6.4,-132,-6.0,-151,-6.9,-1027056,-3.2,50037,31.9,4040,184.8,39,3.5
"US000","3","541519","18","0","2021","1","",20,477,491,490,8093973,583873,2929,1281,"",1.00,1.00,1.00,1.00,1.00,1.00,1.00,1.00,"",3,17.6,23,5.1,36,7.9,38,8.4,1057504,15.0,583873,100.0,2929,100.0,88,7.4
"US000","3","5416","16","0","2021","1","",115,1634,1641,1646,32794948,3004737,83786,1538,"",1.00,1.00,1.00,1.00,1.00,1.00,1.00,1.00,"",6,5.5,-401,-19.7,-414,-20.1,-413,-20.1,-7467027,-18.5,28787,1.0,974,1.2,27,1.8
"US000","3","54161","17","0","2021","1","",74,1288,1296,1284,25551282,1286078,35686,1524,"",1.00,1.00,1.00,1.00,1.00,1.00,1.00,1.00,"",8,12.1,-393,-23.4,-397,-23.4,-407,-24.1,-7678331,-23.1,148249,13.0,9850,38.1,10,0.7
"US000","3","541611","18","0","2021","1","",42,749,752,744,16487921,1028039,30634,1695,"",1.00,1.00,1.00,1.00,1.00,1.00,1.00,1.00,"",5,13.5,-361,-32.5,-362,-32.5,-368,-33.1,-6944737,-29.6,112409,12.3,8533,38.6,74,4.6
"US000","3","541612","18","0","2021","1","",22,476,481,474,7865975,185159,4830,1269,"",1.00,1.00,1.00,1.00,1.00,1.00,1.00,1.00,"",2,10.0,-36,-7.0,-38,-7.3,-45,-8.7,-658773,-7.7,54397,41.6,1456,43.2,0,0.0
"US000","3","541613","18","0","2021","1","N",4,0,0,0,0,0,0,0,"N",1.00,0,0,0,0,0,0,0,"N",1,33.3,0,0,0,0,0,0,0,0,0,0,0,0,0,0
"US000","3","541614","18","0","2021","1","",5,30,30,31,589624,72880,222,1495,"",1.00,1.00,1.00,1.00,1.00,1.00,1.00,1.00,"",0,0.0,-3,-9.1,-3,-9.1,-2,-6.1,-117091,-16.6,-11557,-13.7,99,80.5,-152,-9.2
"US000","3","541618","18","0","2021","1","N",1,0,0,0,0,0,0,0,"N",1.00,0,0,0,0,0,0,0,"N",0,0.0,0,0,0,0,0,0,0,0,0,0,0,0,0,0
"US000","3","54162","17","0","2021","1","",15,93,91,102,1206671,404272,7111,974,"",1.00,1.00,1.00,1.00,1.00,1.00,1.00,1.00,"",-1,-6.2,-13,-12.3,-18,-16.5,-14,-12.1,-36734,-3.0,-4264,-1.0,-1086,-13.2,107,12.3
"US000","3","541620","18","0","2021","1","",15,93,91,102,1206671,404272,7111,974,"",1.00,1.00,1.00,1.00,1.00,1.00,1.00,1.00,"",-1,-6.2,-13,-12.3,-18,-16.5,-14,-12.1,-36734,-3.0,-4264,-1.0,-1086,-13.2,107,12.3
"US000","3","54169","17","0","2021","1","",26,253,254,260,6036995,1314387,40989,1816,"",1.00,1.00,1.00,1.00,1.00,1.00,1.00,1.00,"",-1,-3.7,5,2.0,1,0.4,8,3.2,248038,4.3,-115198,-8.1,-7790,-16.0,42,2.4
"US000","3","541690","18","0","2021","1","",26,253,254,260,6036995,1314387,40989,1816,"",1.00,1.00,1.00,1.00,1.00,1.00,1.00,1.00,"",-1,-3.7,5,2.0,1,0.4,8,3.2,248038,4.3,-115198,-8.1,-7790,-16.0,42,2.4
"US000","3","5417","16","0","2021","1","",42,2034,2047,2063,33490312,3414093,92099,1258,"",1.00,1.00,1.00,1.00,1.00,1.00,1.00,1.00,"",-29,-40.8,-768,-27.4,-775,-27.5,-642,-23.7,-47547373,-58.7,208680,6.5,1025,1.1,-987,-44.0
"US000","3","54171","17","0","2021","1","",27,1968,1981,1995,32633387,3003885,84851,1267,"",1.00,1.00,1.00,1.00,1.00,1.00,1.00,1.00,"",-30,-52.6,-766,-28.0,-778,-28.2,-640,-24.3,-47580414,-59.3,6038,0.2,-3241,-3.7,-1010,-44.4
"US000","3","541714","18","0","2021","1","N",2,0,0,0,0,0,0,0,"N",1.00,0,0,0,0,0,0,0,"N",0,0.0,0,0,0,0,0,0,0,0,0,0,0,0,0,0
"US000","3","541715","18","0","2021","1","N",25,0,0,0,0,0,0,0,"N",1.00,0,0,0,0,0,0,0,"N",-30,-54.5,0,0,0,0,0,0,0,0,0,0,0,0,0,0
"US000","3","54172","17","0","2021","1","",15,66,66,68,856925,410208,7248,989,"",1.00,1.00,1.00,1.00,1.00,1.00,1.00,1.00,"",1,7.1,-2,-2.9,3,4.8,-2,-2.9,33041,4.0,202642,97.6,4266,143.1,43,4.5
"US000","3","541720","18","0","2021","1","",15,66,66,68,856925,410208,7248,989,"",1.00,1.00,1.00,1.00,1.00,1.00,1.00,1.00,"",1,7.1,-2,-2.9,3,4.8,-2,-2.9,33041,4.0,202642,97.6,4266,143.1,43,4.5
"US000","3","5418","16","0","2021","1","",35,457,463,463,10463052,1392944,4754,1746,"",1.00,1.00,1.00,1.00,1.00,1.00,1.00,1.00,"",-1,-2.8,-13,-2.8,-6,-1.3,-5,-1.1,-770170,-6.9,-208705,-13.0,-2274,-32.4,-96,-5.2
"US000","3","54181","17","0","2021","1","N",1,0,0,0,0,0,0,0,"N",1.00,0,0,0,0,0,0,0,"N",0,0.0,0,0,0,0,0,0,0,0,0,0,0,0,0,0
"US000","3","541810","18","0","2021","1","N",1,0,0,0,0,0,0,0,"N",1.00,0,0,0,0,0,0,0,"N",0,0.0,0,0,0,0,0,0,0,0,0,0,0,0,0,0
"US000","3","54182","17","0","2021","1","",32,438,444,442,10158102,1314551,1913,1771,"",1.00,1.00,1.00,1.00,1.00,1.00,1.00,1.00,"",0,0.0,-12,-2.7,-5,-1.1,-6,-1.3,-777262,-7.1,-196505,-13.0,-1474,-43.5,-102,-5.4
"US000","3","541820","18","0","2021","1","",32,438,444,442,10158102,1314551,1913,1771,"",1.00,1.00,1.00,1.00,1.00,1.00,1.00,1.00,"",0,0.0,-12,-2.7,-5,-1.1,-6,-1.3,-777262,-7.1,-196505,-13.0,-1474,-43.5,-102,-5.4
"US000","3","54189","17","0","2021","1","N",2,0,0,0,0,0,0,0,"N",1.00,0,0,0,0,0,0,0,"N",0,0.0,0,0,0,0,0,0,0,0,0,0,0,0,0,0
"US000","3","541890","18","0","2021","1","N",2,0,0,0,0,0,0,0,"N",1.00,0,0,0,0,0,0,0,"N",0,0.0,0,0,0,0,0,0,0,0,0,0,0,0,0,0
"US000","3","5419","16","0","2021","1","N",20,0,0,0,0,0,0,0,"N",1.00,0,0,0,0,0,0,0,"N",2,11.1,0,0,0,0,0,0,0,0,0,0,0,0,0,0
"US000","3","54191","17","0","2021","1","N",1,0,0,0,0,0,0,0,"N",1.00,0,0,0,0,0,0,0,"N",-1,-50.0,0,0,0,0,0,0,0,0,0,0,0,0,0,0
"US000","3","541910","18","0","2021","1","N",1,0,0,0,0,0,0,0,"N",1.00,0,0,0,0,0,0,0,"N",-1,-50.0,0,0,0,0,0,0,0,0,0,0,0,0,0,0
"US000","3","54194","17","0","2021","1","",5,52,50,49,482153,0,0,737,"",1.00,1.00,1.00,1.00,1.00,0.00,0.00,1.00,"",0,0.0,-1,-1.9,-8,-13.8,-6,-10.9,-74097,-13.3,0,0.0,0,0.0,-36,-4.7
"US000","3","541940","18","0","2021","1","",5,52,50,49,482153,0,0,737,"",1.00,1.00,1.00,1.00,1.00,0.00,0.00,1.00,"",0,0.0,-1,-1.9,-8,-13.8,-6,-10.9,-74097,-13.3,0,0.0,0,0.0,-36,-4.7
"US000","3","54199","17","0","2021","1","",14,50,54,58,560521,253384,9240,798,"",1.00,1.00,1.00,1.00,1.00,1.00,1.00,1.00,"",3,27.3,-2,-3.8,1,1.9,6,11.5,85104,17.9,30479,13.7,688,8.0,99,14.2
"US000","3","541990","18","0","2021","1","",14,50,54,58,560521,253384,9240,798,"",1.00,1.00,1.00,1.00,1.00,1.00,1.00,1.00,"",3,27.3,-2,-3.8,1,1.9,6,11.5,85104,17.9,30479,13.7,688,8.0,99,14.2
"US000","3","56","14","0","2021","1","",3400,68575,68371,68668,872857530,140419503,3484613,980,"",1.00,1.00,1.00,1.00,1.00,1.00,1.00,1.00,"",45,1.3,-3102,-4.3,-3752,-5.2,-3518,-4.9,-1082062,-0.1,725478,0.5,865165,33.0,46,4.9
"US000","3","561","15","0","2021","1","",2257,44381,44195,44437,572197548,114965778,3133662,993,"",1.00,1.00,1.00,1.00,1.00,1.00,1.00,1.00,"",26,1.2,-2677,-5.7,-3291,-6.9,-3099,-6.5,4755110,0.8,-97993,-0.1,797711,34.1,71,7.7
"US000","3","5611","16","0","2021","1","",123,3304,3351,3371,57229876,4956089,96064,1317,"",1.00,1.00,1.00,1.00,1.00,1.00,1.00,1.00,"",10,8.8,87,2.7,114,3.5,132,4.1,2725093,5.0,-532109,-9.7,9503,11.0,19,1.5
"US000","3","56111","17","0","2021","1","",123,3304,3351,3371,57229876,4956089,96064,1317,"",1.00,1.00,1.00,1.00,1.00,1.00,1.00,1.00,"",10,8.8,87,2.7,114,3.5,132,4.1,2725093,5.0,-532109,-9.7,9503,11.0,19,1.5
"US000","3","561110","18","0","2021","1","",123,3304,3351,3371,57229876,4956089,96064,1317,"",1.00,1.00,1.00,1.00,1.00,1.00,1.00,1.00,"",10,8.8,87,2.7,114,3.5,132,4.1,2725093,5.0,-532109,-9.7,9503,11.0,19,1.5
"US000","3","5612","16","0","2021","1","",168,9097,9027,8959,138374102,71726384,2577252,1179,"",1.00,1.00,1.00,1.00,1.00,1.00,1.00,1.00,"",6,3.7,-394,-4.2,-453,-4.8,-543,-5.7,5532084,4.2,-124894,-0.2,681515,35.9,102,9.5
"US000","3","56121","17","0","2021","1","",168,9097,9027,8959,138374102,71726384,2577252,1179,"",1.00,1.00,1.00,1.00,1.00,1.00,1.00,1.00,"",6,3.7,-394,-4.2,-453,-4.8,-543,-5.7,5532084,4.2,-124894,-0.2,681515,35.9,102,9.5
"US000","3","561210","18","0","2021","1","",168,9097,9027,8959,138374102,71726384,2577252,1179,"",1.00,1.00,1.00,1.00,1.00,1.00,1.00,1.00,"",6,3.7,-394,-4.2,-453,-4.8,-543,-5.7,5532084,4.2,-124894,-0.2,681515,35.9,102,9.5
"US000","3","5613","16","0","2021","1","",16,617,597,616,5043998,328765,9050,636,"",1.00,1.00,1.00,1.00,1.00,1.00,1.00,1.00,"",3,23.1,-164,-21.0,-229,-27.7,-195,-24.0,-299598,-5.6,-36693,-10.0,-1355,-13.0,126,24.7
"US000","3","56131","17","0","2021","1","",6,178,173,175,2828468,56000,3472,1241,"",1.00,1.00,1.00,1.00,1.00,1.00,1.00,1.00,"N",1,20.0,0,0,0,0,0,0,0,0,0,0,0,0,0,0
"US000","3","561311","18","0","2021","1","",6,178,173,175,2828468,56000,3472,1241,"",1.00,1.00,1.00,1.00,1.00,1.00,1.00,1.00,"N",1,20.0,0,0,0,0,0,0,0,0,0,0,0,0,0,0
"US000","3","56132","17","0","2021","1","",10,439,424,441,2215530,272765,5578,392,"",1.00,1.00,1.00,1.00,1.00,1.00,1.00,1.00,"N",2,25.0,0,0,0,0,0,0,0,0,0,0,0,0,0,0
"US000","3","561320","18","0","2021","1","",10,439,424,441,2215530,272765,5578,392,"",1.00,1.00,1.00,1.00,1.00,1.00,1.00,1.00,"N",2,25.0,0,0,0,0,0,0,0,0,0,0,0,0,0,0
"US000","3","5614","16","0","2021","1","",97,1612,1625,1612,25787310,5506879,92558,1227,"",1.00,1.00,1.00,1.00,1.00,1.00,1.00,1.00,"",4,4.3,7,0.4,13,0.8,-23,-1.4,383208,1.5,246701,4.7,23746,34.5,19,1.6
"US000","3","56141","17","0","2021","1","",12,170,174,175,2410987,468508,18779,1072,"",1.00,1.00,1.00,1.00,1.00,1.00,1.00,1.00,"",0,0.0,-15,-8.1,-9,-4.9,-5,-2.8,-9023,-0.4,-23814,-4.8,-1432,-7.1,53,5.2
"US000","3","561410","18","0","2021","1","",12,170,174,175,2410987,468508,18779,1072,"",1.00,1.00,1.00,1.00,1.00,1.00,1.00,1.00,"",0,0.0,-15,-8.1,-9,-4.9,-5,-2.8,-9023,-0.4,-23814,-4.8,-1432,-7.1,53,5.2
"US000","3","56142","17","0","2021","1","",52,1187,1187,1169,19843880,4411872,56739,1293,"",1.00,1.00,1.00,1.00,1.00,1.00,1.00,1.00,"",3,6.1,33,2.9,43,3.8,26,2.3,146777,0.7,303063,7.4,19675,53.1,-28,-2.1
"US000","3","561421","18","0","2021","1","",40,1028,1027,1011,17251289,4065068,54969,1298,"",1.00,1.00,1.00,1.00,1.00,1.00,1.00,1.00,"",1,2.6,26,2.6,29,2.9,13,1.3,114221,0.7,304380,8.1,19154,53.5,-21,-1.6
"US000","3","561422","18","0","2021","1","",12,159,160,158,2592591,346804,1770,1254,"",1.00,1.00,1.00,1.00,1.00,1.00,1.00,1.00,"",2,20.0,7,4.6,14,9.6,13,9.0,32556,1.3,-1317,-0.4,521,41.7,-80,-6.0
"US000","3","56143","17","0","2021","1","",7,28,28,28,399363,5420,146,1097,"",1.00,1.00,1.00,1.00,1.00,1.00,1.00,1.00,"",2,40.0,2,7.7,2,7.7,2,7.7,7227,1.8,5420,100.0,146,100.0,-63,-5.4
"US000","3","561439","18","0","2021","1","",7,28,28,28,399363,5420,146,1097,"",1.00,1.00,1.00,1.00,1.00,1.00,1.00,1.00,"",2,40.0,2,7.7,2,7.7,2,7.7,7227,1.8,5420,100.0,146,100.0,-63,-5.4
"US000","3","56144","17","0","2021","1","",7,24,24,24,247651,80214,1778,794,"",1.00,1.00,1.00,1.00,1.00,1.00,1.00,1.00,"",0,0.0,0,0.0,1,4.3,-2,-7.7,15003,6.4,4273,5.6,640,56.2,59,8.0
"US000","3","561440","18","0","2021","1","",7,24,24,24,247651,80214,1778,794,"",1.00,1.00,1.00,1.00,1.00,1.00,1.00,1.00,"",0,0.0,0,0.0,1,4.3,-2,-7.7,15003,6.4,4273,5.6,640,56.2,59,8.0
"US000","3","56149","17","0","2021","1","",19,203,212,216,2885429,540865,15116,1055,"",1.00,1.00,1.00,1.00,1.00,1.00,1.00,1.00,"",-1,-5.0,-13,-6.0,-24,-10.2,-44,-16.9,223224,8.4,-42241,-7.2,4717,45.4,192,22.2
"US000","3","561492","18","0","2021","1","N",2,0,0,0,0,0,0,0,"N",1.00,0,0,0,0,0,0,0,"N",0,0.0,0,0,0,0,0,0,0,0,0,0,0,0,0,0
"US000","3","561499","18","0","2021","1","N",17,0,0,0,0,0,0,0,"N",1.00,0,0,0,0,0,0,0,"N",-1,-5.6,0,0,0,0,0,0,0,0,0,0,0,0,0,0
"US000","3","5615","16","0","2021","1","",115,1234,1204,1299,10967344,3708530,40926,677,"",1.00,1.00,1.00,1.00,1.00,1.00,1.00,1.00,"",-2,-1.7,-399,-24.4,-648,-35.0,-570,-30.5,-3025084,-21.6,-1149342,-23.7,-13765,-25.2,74,12.3
"US000","3","56151","17","0","2021","1","N",1,0,0,0,0,0,0,0,"N",1.00,0,0,0,0,0,0,0,"N",0,0.0,0,0,0,0,0,0,0,0,0,0,0,0,0,0
"US000","3","561510","18","0","2021","1","N",1,0,0,0,0,0,0,0,"N",1.00,0,0,0,0,0,0,0,"N",0,0.0,0,0,0,0,0,0,0,0,0,0,0,0,0,0
"US000","3","56152","17","0","2021","1","N",1,0,0,0,0,0,0,0,"N",1.00,0,0,0,0,0,0,0,"N",0,0.0,0,0,0,0,0,0,0,0,0,0,0,0,0,0
"US000","3","561520","18","0","2021","1","N",1,0,0,0,0,0,0,0,"N",1.00,0,0,0,0,0,0,0,"N",0,0.0,0,0,0,0,0,0,0,0,0,0,0,0,0,0
"US000","3","56159","17","0","2021","1","",113,1148,1115,1209,10540251,3475068,40309,701,"",1.00,1.00,1.00,1.00,1.00,1.00,1.00,1.00,"",-2,-1.7,-397,-25.7,-648,-36.8,-570,-32.0,-3021230,-22.3,-1126222,-24.5,-13028,-24.4,86,14.0
"US000","3","561591","18","0","2021","1","",101,675,662,704,7249748,3216235,39186,820,"",1.00,1.00,1.00,1.00,1.00,1.00,1.00,1.00,"",-2,-1.9,-180,-21.1,-188,-22.1,-166,-19.1,-1918493,-20.9,-593546,-15.6,-10390,-21.0,-2,-0.2
"US000","3","561599","18","0","2021","1","",12,473,453,505,3290503,258833,1123,531,"",1.00,1.00,1.00,1.00,1.00,1.00,1.00,1.00,"",0,0.0,-217,-31.4,-460,-50.4,-404,-44.4,-1102737,-25.1,-532676,-67.3,-2638,-70.1,127,31.4
"US000","3","5616","16","0","2021","1","",36,481,474,466,5748846,1233413,18429,934,"",1.00,1.00,1.00,1.00,1.00,1.00,1.00,1.00,"",1,2.9,5,1.1,-6,-1.2,-6,-1.3,294293,5.4,151887,14.0,5372,41.1,53,6.0
"US000","3","56161","17","0","2021","1","N",33,0,0,0,0,0,0,0,"N",1.00,0,0,0,0,0,0,0,"N",0,0.0,0,0,0,0,0,0,0,0,0,0,0,0,0,0
"US000","3","561612","18","0","2021","1","N",33,0,0,0,0,0,0,0,"N",1.00,0,0,0,0,0,0,0,"N",0,0.0,0,0,0,0,0,0,0,0,0,0,0,0,0,0
"US000","3","56162","17","0","2021","1","N",3,0,0,0,0,0,0,0,"N",1.00,0,0,0,0,0,0,0,"N",1,50.0,0,0,0,0,0,0,0,0,0,0,0,0,0,0
"US000","3","561621","18","0","2021","1","N",3,0,0,0,0,0,0,0,"N",1.00,0,0,0,0,0,0,0,"N",1,50.0,0,0,0,0,0,0,0,0,0,0,0,0,0,0
"US000","3","5617","16","0","2021","1","",1496,23250,23087,23214,264172086,6458467,73824,877,"",1.00,1.00,1.00,1.00,1.00,1.00,1.00,1.00,"",-5,-0.3,-860,-3.6,-1071,-4.4,-1030,-4.2,-4073173,-1.5,1639366,34.0,21963,42.3,23,2.7
"US000","3","56171","17","0","2021","1","",73,837,827,860,9970525,1630084,20397,912,"",1.00,1.00,1.00,1.00,1.00,1.00,1.00,1.00,"",-2,-2.7,-39,-4.5,-34,-3.9,-42,-4.7,-312126,-3.0,-37297,-2.2,1445,7.6,13,1.4
"US000","3","561710","18","0","2021","1","",73,837,827,860,9970525,1630084,20397,912,"",1.00,1.00,1.00,1.00,1.00,1.00,1.00,1.00,"",-2,-2.7,-39,-4.5,-34,-3.9,-42,-4.7,-312126,-3.0,-37297,-2.2,1445,7.6,13,1.4
"US000","3","56172","17","0","2021","1","",898,12606,12576,12625,146576280,3486551,33357,895,"",1.00,1.00,1.00,1.00,1.00,1.00,1.00,1.00,"",-6,-0.7,-43,-0.3,-135,-1.1,-95,-0.7,1415027,1.0,1725462,98.0,19254,136.5,15,1.7
"US000","3","561720","18","0","2021","1","",898,12606,12576,12625,146576280,3486551,33357,895,"",1.00,1.00,1.00,1.00,1.00,1.00,1.00,1.00,"",-6,-0.7,-43,-0.3,-135,-1.1,-95,-0.7,1415027,1.0,1725462,98.0,19254,136.5,15,1.7
"US000","3","56173","17","0","2021","1","",233,3744,3750,3796,41987247,1094890,17612,858,"",1.00,1.00,1.00,1.00,1.00,1.00,1.00,1.00,"",2,0.9,-383,-9.3,-412,-9.9,-379,-9.1,-2144414,-4.9,-32201,-2.9,340,2.0,41,5.0
"US000","3","561730","18","0","2021","1","",233,3744,3750,3796,41987247,1094890,17612,858,"",1.00,1.00,1.00,1.00,1.00,1.00,1.00,1.00,"",2,0.9,-383,-9.3,-412,-9.9,-379,-9.1,-2144414,-4.9,-32201,-2.9,340,2.0,41,5.0
"US000","3","56179","17","0","2021","1","",292,6063,5934,5933,65638034,246942,2458,845,"",1.00,1.00,1.00,1.00,1.00,1.00,1.00,1.00,"",1,0.3,-395,-6.1,-490,-7.6,-514,-8.0,-3031660,-4.4,-16598,-6.3,924,60.2,25,3.0
"US000","3","561790","18","0","2021","1","",292,6063,5934,5933,65638034,246942,2458,845,"",1.00,1.00,1.00,1.00,1.00,1.00,1.00,1.00,"",1,0.3,-395,-6.1,-490,-7.6,-514,-8.0,-3031660,-4.4,-16598,-6.3,924,60.2,25,3.0
"US000","3","5619","16","0","2021","1","",206,4786,4830,4900,64873986,21047251,225559,1031,"",1.00,1.00,1.00,1.00,1.00,1.00,1.00,1.00,"",9,4.6,-959,-16.7,-1011,-17.3,-864,-15.0,3218287,5.2,-292909,-1.4,70732,45.7,211,25.7
"US000","3","56191","17","0","2021","1","N",1,0,0,0,0,0,0,0,"N",1.00,0,0,0,0,0,0,0,"N",0,0.0,0,0,0,0,0,0,0,0,0,0,0,0,0,0
"US000","3","561910","18","0","2021","1","N",1,0,0,0,0,0,0,0,"N",1.00,0,0,0,0,0,0,0,"N",0,0.0,0,0,0,0,0,0,0,0,0,0,0,0,0,0
"US000","3","56192","17","0","2021","1","N",21,0,0,0,0,0,0,0,"N",1.00,0,0,0,0,0,0,0,"N",0,0.0,0,0,0,0,0,0,0,0,0,0,0,0,0,0
"US000","3","561920","18","0","2021","1","N",21,0,0,0,0,0,0,0,"N",1.00,0,0,0,0,0,0,0,"N",0,0.0,0,0,0,0,0,0,0,0,0,0,0,0,0,0
"US000","3","56199","17","0","2021","1","",184,4256,4281,4300,59809079,20592181,208152,1075,"",1.00,1.00,1.00,1.00,1.00,1.00,1.00,1.00,"",9,5.1,229,5.7,219,5.4,245,6.0,6542923,12.3,-40044,-0.2,68467,49.0,63,6.2
"US000","3","561990","18","0","2021","1","",184,4256,4281,4300,59809079,20592181,208152,1075,"",1.00,1.00,1.00,1.00,1.00,1.00,1.00,1.00,"",9,5.1,229,5.7,219,5.4,245,6.0,6542923,12.3,-40044,-0.2,68467,49.0,63,6.2
"US000","3","562","15","0","2021","1","",1143,24194,24176,24231,300659982,25453725,350951,956,"",1.00,1.00,1.00,1.00,1.00,1.00,1.00,1.00,"",19,1.7,-425,-1.7,-461,-1.9,-419,-1.7,-5837172,-1.9,823471,3.3,67454,23.8,-1,-0.1
"US000","3","5621","16","0","2021","1","",260,4840,4827,4839,55550545,4221287,29679,884,"",1.00,1.00,1.00,1.00,1.00,1.00,1.00,1.00,"",1,0.4,-36,-0.7,-65,-1.3,-58,-1.2,-1108554,-2.0,399939,10.5,5323,21.9,-8,-0.9
"US000","3","56211","17","0","2021","1","",260,4840,4827,4839,55550545,4221287,29679,884,"",1.00,1.00,1.00,1.00,1.00,1.00,1.00,1.00,"",1,0.4,-36,-0.7,-65,-1.3,-58,-1.2,-1108554,-2.0,399939,10.5,5323,21.9,-8,-0.9
"US000","3","562111","18","0","2021","1","",242,4732,4717,4727,54536562,3928443,27753,888,"",1.00,1.00,1.00,1.00,1.00,1.00,1.00,1.00,"",1,0.4,-23,-0.5,-58,-1.2,-51,-1.1,-1086825,-2.0,378430,10.7,4306,18.4,-9,-1.0
"US000","3","562112","18","0","2021","1","",4,10,10,11,224821,28000,420,1674,"",1.00,1.00,1.00,1.00,1.00,1.00,1.00,1.00,"",0,0.0,1,11.1,1,11.1,2,22.2,52555,30.5,7000,33.3,105,33.3,202,13.7
"US000","3","562119","18","0","2021","1","",14,98,100,101,789162,264844,1506,609,"",1.00,1.00,1.00,1.00,1.00,1.00,1.00,1.00,"",0,0.0,-14,-12.5,-8,-7.4,-9,-8.2,-74284,-8.6,14509,5.8,912,153.5,5,0.8
"US000","3","5622","16","0","2021","1","",763,17948,17945,17951,230088546,19349118,246372,986,"",1.00,1.00,1.00,1.00,1.00,1.00,1.00,1.00,"",20,2.7,-350,-1.9,-355,-1.9,-336,-1.8,-2671441,-1.1,435727,2.3,48820,24.7,7,0.7
"US000","3","56221","17","0","2021","1","",763,17948,17945,17951,230088546,19349118,246372,986,"",1.00,1.00,1.00,1.00,1.00,1.00,1.00,1.00,"",20,2.7,-350,-1.9,-355,-1.9,-336,-1.8,-2671441,-1.1,435727,2.3,48820,24.7,7,0.7
"US000","3","562211","18","0","2021","1","",53,1127,1131,1133,15315834,1498211,39128,1042,"",1.00,1.00,1.00,1.00,1.00,1.00,1.00,1.00,"",0,0.0,-39,-3.3,-31,-2.7,-32,-2.7,-732884,-4.6,-32959,-2.2,7628,24.2,-18,-1.7
"US000","3","562212","18","0","2021","1","",569,12670,12680,12684,143530187,16112556,177326,871,"",1.00,1.00,1.00,1.00,1.00,1.00,1.00,1.00,"",21,3.8,-267,-2.1,-268,-2.1,-243,-1.9,-6647060,-4.4,374538,2.4,31128,21.3,-22,-2.5
"US000","3","562213","18","0","2021","1","",21,459,458,460,6770867,314507,8986,1135,"",1.00,1.00,1.00,1.00,1.00,1.00,1.00,1.00,"",0,0.0,-20,-4.2,-18,-3.8,-14,-3.0,160107,2.4,6344,2.1,2541,39.4,67,6.3
"US000","3","562219","18","0","2021","1","",120,3692,3676,3674,64471658,1423844,20932,1347,"",1.00,1.00,1.00,1.00,1.00,1.00,1.00,1.00,"",-1,-0.8,-24,-0.6,-38,-1.0,-47,-1.3,4548396,7.6,87804,6.6,7523,56.1,107,8.6
"US000","3","5629","16","0","2021","1","",120,1406,1404,1441,15020891,1883320,74900,815,"",1.00,1.00,1.00,1.00,1.00,1.00,1.00,1.00,"",-2,-1.6,-39,-2.7,-41,-2.8,-25,-1.7,-2057177,-12.0,-12195,-0.6,13311,21.6,-90,-9.9
"US000","3","56291","17","0","2021","1","N",4,0,0,0,0,0,0,0,"N",1.00,0,0,0,0,0,0,0,"N",-1,-20.0,0,0,0,0,0,0,0,0,0,0,0,0,0,0
"US000","3","562910","18","0","2021","1","N",4,0,0,0,0,0,0,0,"N",1.00,0,0,0,0,0,0,0,"N",-1,-20.0,0,0,0,0,0,0,0,0,0,0,0,0,0,0
"US000","3","56292","17","0","2021","1","",93,955,940,943,10616382,999834,28344,863,"",1.00,1.00,1.00,1.00,1.00,1.00,1.00,1.00,"",-1,-1.1,-80,-7.7,-92,-8.9,-94,-9.1,-1536249,-12.6,16772,1.7,7113,33.5,-40,-4.4
"US000","3","562920","18","0","2021","1","",93,955,940,943,10616382,999834,28344,863,"",1.00,1.00,1.00,1.00,1.00,1.00,1.00,1.00,"",-1,-1.1,-80,-7.7,-92,-8.9,-94,-9.1,-1536249,-12.6,16772,1.7,7113,33.5,-40,-4.4
"US000","3","56299","17","0","2021","1","N",23,0,0,0,0,0,0,0,"N",1.00,0,0,0,0,0,0,0,"N",0,0.0,0,0,0,0,0,0,0,0,0,0,0,0,0,0
"US000","3","562991","18","0","2021","1","N",1,0,0,0,0,0,0,0,"N",1.00,0,0,0,0,0,0,0,"N",0,0.0,0,0,0,0,0,0,0,0,0,0,0,0,0,0
"US000","3","562998","18","0","2021","1","",22,400,413,447,3718951,320313,12172,681,"",1.00,1.00,1.00,1.00,1.00,1.00,1.00,1.00,"",0,0.0,44,12.4,52,14.4,70,18.6,-414025,-10.0,-12122,-3.6,-1125,-8.5,-191,-21.9
"US000","3","61","14","0","2021","1","",66057,7527368,7615519,7668554,99085214056,2682826330,16654243,1002,"",1.00,1.00,1.00,1.00,1.00,1.00,1.00,1.00,"",-3,0.0,-603780,-7.4,-641139,-7.8,-602026,-7.3,-2162366453,-2.1,-30228055,-1.1,-214017,-1.3,54,5.7
"US000","3","611","15","0","2021","1","",66057,7527368,7615519,7668554,99085214056,2682826330,16654243,1002,"",1.00,1.00,1.00,1.00,1.00,1.00,1.00,1.00,"",-3,0.0,-603780,-7.4,-641139,-7.8,-602026,-7.3,-2162366453,-2.1,-30228055,-1.1,-214017,-1.3,54,5.7
"US000","3","6111","16","0","2021","1","",63532,7071584,7121603,7165747,92713439988,2461409941,15361726,1002,"",1.00,1.00,1.00,1.00,1.00,1.00,1.00,1.00,"",-55,-0.1,-548034,-7.2,-568674,-7.4,-526241,-6.8,-1859543858,-2.0,-24327295,-1.0,-180640,-1.2,53,5.6
"US000","3","61111","17","0","2021","1","",63532,7071584,7121603,7165747,92713439988,2461409941,15361726,1002,"",1.00,1.00,1.00,1.00,1.00,1.00,1.00,1.00,"",-55,-0.1,-548034,-7.2,-568674,-7.4,-526241,-6.8,-1859543858,-2.0,-24327295,-1.0,-180640,-1.2,53,5.6
"US000","3","611110","18","0","2021","1","",63532,7071584,7121603,7165747,92713439988,2461409941,15361726,1002,"",1.00,1.00,1.00,1.00,1.00,1.00,1.00,1.00,"",-55,-0.1,-548034,-7.2,-568674,-7.4,-526241,-6.8,-1859543858,-2.0,-24327295,-1.0,-180640,-1.2,53,5.6
"US000","3","6112","16","0","2021","1","",1380,342103,378234,386555,4659326671,160025450,853875,971,"",1.00,1.00,1.00,1.00,1.00,1.00,1.00,1.00,"",6,0.4,-44195,-11.4,-60318,-13.8,-61519,-13.7,-254591010,-5.2,-5695547,-3.4,-34404,-3.9,80,9.0
"US000","3","61121","17","0","2021","1","",1380,342103,378234,386555,4659326671,160025450,853875,971,"",1.00,1.00,1.00,1.00,1.00,1.00,1.00,1.00,"",6,0.4,-44195,-11.4,-60318,-13.8,-61519,-13.7,-254591010,-5.2,-5695547,-3.4,-34404,-3.9,80,9.0
"US000","3","611210","18","0","2021","1","",1380,342103,378234,386555,4659326671,160025450,853875,971,"",1.00,1.00,1.00,1.00,1.00,1.00,1.00,1.00,"",6,0.4,-44195,-11.4,-60318,-13.8,-61519,-13.7,-254591010,-5.2,-5695547,-3.4,-34404,-3.9,80,9.0
"US000","3","6113","16","0","2021","1","",325,66972,67667,67703,1165117615,7178295,100633,1329,"",1.00,1.00,1.00,1.00,1.00,1.00,1.00,1.00,"",42,14.8,-4989,-6.9,-4643,-6.4,-7501,-10.0,-23773124,-2.0,-267586,-3.6,7050,7.5,79,6.3
"US000","3","61131","17","0","2021","1","",325,66972,67667,67703,1165117615,7178295,100633,1329,"",1.00,1.00,1.00,1.00,1.00,1.00,1.00,1.00,"",42,14.8,-4989,-6.9,-4643,-6.4,-7501,-10.0,-23773124,-2.0,-267586,-3.6,7050,7.5,79,6.3
"US000","3","611310","18","0","2021","1","",325,66972,67667,67703,1165117615,7178295,100633,1329,"",1.00,1.00,1.00,1.00,1.00,1.00,1.00,1.00,"",42,14.8,-4989,-6.9,-4643,-6.4,-7501,-10.0,-23773124,-2.0,-267586,-3.6,7050,7.5,79,6.3
"US000","3","6114","16","0","2021","1","",74,1672,1678,1678,20863417,2386222,7196,958,"",1.00,1.00,1.00,1.00,1.00,1.00,1.00,1.00,"",1,1.4,-110,-6.2,-110,-6.2,-102,-5.7,-1095952,-5.0,-57295,-2.3,389,5.7,11,1.2
"US000","3","61142","17","0","2021","1","",7,314,314,316,4611875,0,0,1127,"",1.00,1.00,1.00,1.00,1.00,0.00,0.00,1.00,"",0,0.0,-11,-3.4,-12,-3.7,-11,-3.4,-245048,-5.0,0,0.0,0,0.0,-19,-1.7
"US000","3","611420","18","0","2021","1","",7,314,314,316,4611875,0,0,1127,"",1.00,1.00,1.00,1.00,1.00,0.00,0.00,1.00,"",0,0.0,-11,-3.4,-12,-3.7,-11,-3.4,-245048,-5.0,0,0.0,0,0.0,-19,-1.7
"US000","3","61143","17","0","2021","1","",67,1358,1364,1362,16251542,2386222,7196,918,"",1.00,1.00,1.00,1.00,1.00,1.00,1.00,1.00,"",1,1.5,-99,-6.8,-98,-6.7,-91,-6.3,-850904,-5.0,-57295,-2.3,389,5.7,15,1.7
"US000","3","611430","18","0","2021","1","",67,1358,1364,1362,16251542,2386222,7196,918,"",1.00,1.00,1.00,1.00,1.00,1.00,1.00,1.00,"",1,1.5,-99,-6.8,-98,-6.7,-91,-6.3,-850904,-5.0,-57295,-2.3,389,5.7,15,1.7
"US000","3","6115","16","0","2021","1","",170,9288,9574,9720,115747756,20596295,136257,935,"",1.00,1.00,1.00,1.00,1.00,1.00,1.00,1.00,"",2,1.2,-880,-8.7,-1011,-9.6,-949,-8.9,-4927857,-4.1,-356800,-1.7,-4282,-3.0,49,5.5
"US000","3","61151","17","0","2021","1","",170,9288,9574,9720,115747756,20596295,136257,935,"",1.00,1.00,1.00,1.00,1.00,1.00,1.00,1.00,"",2,1.2,-880,-8.7,-1011,-9.6,-949,-8.9,-4927857,-4.1,-356800,-1.7,-4282,-3.0,49,5.5
"US000","3","611512","18","0","2021","1","",3,71,85,76,774379,162152,41,770,"",1.00,1.00,1.00,1.00,1.00,1.00,1.00,1.00,"",0,0.0,-13,-15.5,-1,-1.2,-12,-13.6,9364,1.2,10073,6.6,-545,-93.0,86,12.6
"US000","3","611513","18","0","2021","1","",36,1986,1966,1972,25459627,3839277,38065,992,"",1.00,1.00,1.00,1.00,1.00,1.00,1.00,1.00,"",1,2.9,-185,-8.5,-211,-9.7,-226,-10.3,-392293,-1.5,46674,1.2,567,1.5,81,8.9
"US000","3","611519","18","0","2021","1","",131,7231,7523,7672,89513750,16594866,98151,921,"",1.00,1.00,1.00,1.00,1.00,1.00,1.00,1.00,"",1,0.8,-682,-8.6,-799,-9.6,-711,-8.5,-4544928,-4.8,-413547,-2.4,-4304,-4.2,39,4.4
"US000","3","6116","16","0","2021","1","",207,5884,6091,6136,62572022,3621886,47212,797,"",1.00,1.00,1.00,1.00,1.00,1.00,1.00,1.00,"",-9,-4.2,-1615,-21.5,-1618,-21.0,-1492,-19.6,-6050595,-8.8,106359,3.0,-12848,-21.4,104,15.0
"US000","3","61161","17","0","2021","1","",11,148,145,151,889687,18195,108,462,"",1.00,1.00,1.00,1.00,1.00,1.00,1.00,1.00,"",0,0.0,-132,-47.1,-155,-51.7,-132,-46.6,-391611,-30.6,-2421,-11.7,-1,-0.9,119,34.7
"US000","3","611610","18","0","2021","1","",11,148,145,151,889687,18195,108,462,"",1.00,1.00,1.00,1.00,1.00,1.00,1.00,1.00,"",0,0.0,-132,-47.1,-155,-51.7,-132,-46.6,-391611,-30.6,-2421,-11.7,-1,-0.9,119,34.7
"US000","3","61162","17","0","2021","1","",65,2106,2214,2271,23124392,395934,14127,810,"",1.00,1.00,1.00,1.00,1.00,1.00,1.00,1.00,"",-2,-3.0,-1145,-35.2,-1055,-32.3,-967,-29.9,-4421440,-16.1,-10111,-2.5,1520,12.1,159,24.4
"US000","3","611620","18","0","2021","1","",65,2106,2214,2271,23124392,395934,14127,810,"",1.00,1.00,1.00,1.00,1.00,1.00,1.00,1.00,"",-2,-3.0,-1145,-35.2,-1055,-32.3,-967,-29.9,-4421440,-16.1,-10111,-2.5,1520,12.1,159,24.4
"US000","3","61163","17","0","2021","1","",7,256,251,248,2888197,1464220,8266,883,"",1.00,1.00,1.00,1.00,1.00,1.00,1.00,1.00,"",0,0.0,-8,-3.0,-12,-4.6,-11,-4.2,-68602,-2.3,-10286,-0.7,-1075,-11.5,15,1.7
"US000","3","611630","18","0","2021","1","",7,256,251,248,2888197,1464220,8266,883,"",1.00,1.00,1.00,1.00,1.00,1.00,1.00,1.00,"",0,0.0,-8,-3.0,-12,-4.6,-11,-4.2,-68602,-2.3,-10286,-0.7,-1075,-11.5,15,1.7
"US000","3","61169","17","0","2021","1","",124,3374,3481,3466,35669746,1743537,24711,798,"",1.00,1.00,1.00,1.00,1.00,1.00,1.00,1.00,"",-7,-5.3,-330,-8.9,-396,-10.2,-382,-9.9,-1168942,-3.2,129177,8.0,-13292,-35.0,54,7.3
"US000","3","611691","18","0","2021","1","",56,1919,1949,1901,21087687,696396,8895,844,"",1.00,1.00,1.00,1.00,1.00,1.00,1.00,1.00,"",-3,-5.1,-26,-1.3,-53,-2.6,-69,-3.5,483102,2.3,128950,22.7,-10118,-53.2,40,5.0
"US000","3","611692","18","0","2021","1","N",1,0,0,0,0,0,0,0,"N",1.00,0,0,0,0,0,0,0,"N",0,0.0,0,0,0,0,0,0,0,0,0,0,0,0,0,0
"US000","3","611699","18","0","2021","1","N",67,0,0,0,0,0,0,0,"N",1.00,0,0,0,0,0,0,0,"N",-4,-5.6,0,0,0,0,0,0,0,0,0,0,0,0,0,0
"US000","3","6117","16","0","2021","1","",369,29865,30672,31015,348146587,27608241,147344,878,"",1.00,1.00,1.00,1.00,1.00,1.00,1.00,1.00,"",10,2.8,-3957,-11.7,-4765,-13.4,-4222,-12.0,-12384057,-3.4,370109,1.4,10718,7.8,82,10.3
"US000","3","61171","17","0","2021","1","",369,29865,30672,31015,348146587,27608241,147344,878,"",1.00,1.00,1.00,1.00,1.00,1.00,1.00,1.00,"",10,2.8,-3957,-11.7,-4765,-13.4,-4222,-12.0,-12384057,-3.4,370109,1.4,10718,7.8,82,10.3
"US000","3","611710","18","0","2021","1","",369,29865,30672,31015,348146587,27608241,147344,878,"",1.00,1.00,1.00,1.00,1.00,1.00,1.00,1.00,"",10,2.8,-3957,-11.7,-4765,-13.4,-4222,-12.0,-12384057,-3.4,370109,1.4,10718,7.8,82,10.3
"US000","3","62","14","0","2021","1","",6990,916943,916615,916977,14067340685,830508111,9972647,1180,"",1.00,1.00,1.00,1.00,1.00,1.00,1.00,1.00,"",-184,-2.6,-29878,-3.2,-31449,-3.3,-29952,-3.2,-439498836,-3.0,-10187727,-1.2,2327115,30.4,2,0.2
"US000","3","621","15","0","2021","1","",2128,73832,73579,73695,1064506757,172227974,2305809,1111,"",1.00,1.00,1.00,1.00,1.00,1.00,1.00,1.00,"",-158,-6.9,-3250,-4.2,-3596,-4.7,-2928,-3.8,-94428302,-8.1,6172530,3.7,448896,24.2,-47,-4.1
"US000","3","6211","16","0","2021","1","",735,21006,20717,20706,389205026,50025689,515886,1439,"",1.00,1.00,1.00,1.00,1.00,1.00,1.00,1.00,"",-146,-16.6,-2268,-9.7,-2655,-11.4,-2073,-9.1,-100280209,-20.5,5955068,13.5,87282,20.4,-188,-11.6
"US000","3","62111","17","0","2021","1","",735,21006,20717,20706,389205026,50025689,515886,1439,"",1.00,1.00,1.00,1.00,1.00,1.00,1.00,1.00,"",-146,-16.6,-2268,-9.7,-2655,-11.4,-2073,-9.1,-100280209,-20.5,5955068,13.5,87282,20.4,-188,-11.6
"US000","3","621111","18","0","2021","1","",720,20575,20283,20270,382343053,47680898,427346,1443,"",1.00,1.00,1.00,1.00,1.00,1.00,1.00,1.00,"",-149,-17.1,-2273,-9.9,-2662,-11.6,-2085,-9.3,-100271803,-20.8,5822763,13.9,87241,25.7,-191,-11.7
"US000","3","621112","18","0","2021","1","",15,431,434,436,6861973,2344791,88540,1217,"",1.00,1.00,1.00,1.00,1.00,1.00,1.00,1.00,"",3,25.0,5,1.2,7,1.6,12,2.8,-8406,-0.1,132305,6.0,41,0.0,-25,-2.0
"US000","3","6212","16","0","2021","1","",8,252,250,252,4111642,1267575,69470,1258,"",1.00,1.00,1.00,1.00,1.00,1.00,1.00,1.00,"",0,0.0,4,1.6,-3,-1.2,0,0.0,562680,15.9,62555,5.2,4253,6.5,170,15.6
"US000","3","62121","17","0","2021","1","",8,252,250,252,4111642,1267575,69470,1258,"",1.00,1.00,1.00,1.00,1.00,1.00,1.00,1.00,"",0,0.0,4,1.6,-3,-1.2,0,0.0,562680,15.9,62555,5.2,4253,6.5,170,15.6
"US000","3","621210","18","0","2021","1","",8,252,250,252,4111642,1267575,69470,1258,"",1.00,1.00,1.00,1.00,1.00,1.00,1.00,1.00,"",0,0.0,4,1.6,-3,-1.2,0,0.0,562680,15.9,62555,5.2,4253,6.5,170,15.6
"US000","3","6213","16","0","2021","1","",109,2446,2471,2458,29196232,8096290,208581,914,"",1.00,1.00,1.00,1.00,1.00,1.00,1.00,1.00,"",-1,-0.9,-63,-2.5,-37,-1.5,-50,-2.0,-936075,-3.1,1029634,14.6,65260,45.5,-10,-1.1
"US000","3","62131","17","0","2021","1","N",1,0,0,0,0,0,0,0,"N",1.00,0,0,0,0,0,0,0,"N",0,0.0,0,0,0,0,0,0,0,0,0,0,0,0,0,0
"US000","3","621310","18","0","2021","1","N",1,0,0,0,0,0,0,0,"N",1.00,0,0,0,0,0,0,0,"N",0,0.0,0,0,0,0,0,0,0,0,0,0,0,0,0,0
"US000","3","62133","17","0","2021","1","",32,1113,1110,1112,13997446,4305952,73785,969,"",1.00,1.00,1.00,1.00,1.00,1.00,1.00,1.00,"",2,6.7,-11,-1.0,-8,-0.7,-6,-0.5,140634,1.0,149493,3.6,31399,74.1,17,1.8
"US000","3","621330","18","0","2021","1","",32,1113,1110,1112,13997446,4305952,73785,969,"",1.00,1.00,1.00,1.00,1.00,1.00,1.00,1.00,"",2,6.7,-11,-1.0,-8,-0.7,-6,-0.5,140634,1.0,149493,3.6,31399,74.1,17,1.8
"US000","3","62134","17","0","2021","1","",26,700,711,690,7764296,2001574,103166,853,"",1.00,1.00,1.00,1.00,1.00,1.00,1.00,1.00,"",-3,-10.3,-133,-16.0,-123,-14.7,-140,-16.9,-2087481,-21.2,189135,10.4,13833,15.5,-57,-6.3
"US000","3","621340","18","0","2021","1","",26,700,711,690,7764296,2001574,103166,853,"",1.00,1.00,1.00,1.00,1.00,1.00,1.00,1.00,"",-3,-10.3,-133,-16.0,-123,-14.7,-140,-16.9,-2087481,-21.2,189135,10.4,13833,15.5,-57,-6.3
"US000","3","62139","17","0","2021","1","N",50,0,0,0,0,0,0,0,"N",1.00,0,0,0,0,0,0,0,"N",0,0.0,0,0,0,0,0,0,0,0,0,0,0,0,0,0
"US000","3","621399","18","0","2021","1","N",50,0,0,0,0,0,0,0,"N",1.00,0,0,0,0,0,0,0,"N",0,0.0,0,0,0,0,0,0,0,0,0,0,0,0,0,0
"US000","3","6214","16","0","2021","1","",453,28407,28413,28531,398154158,70050623,1029297,1077,"",1.00,1.00,1.00,1.00,1.00,1.00,1.00,1.00,"",2,0.4,-324,-1.1,-356,-1.2,-273,-0.9,3165264,0.8,-2798302,-3.8,181897,21.5,21,2.0
"US000","3","62141","17","0","2021","1","",12,605,593,599,7089450,1316377,29229,910,"",1.00,1.00,1.00,1.00,1.00,1.00,1.00,1.00,"",0,0.0,13,2.2,-7,-1.2,0,0.0,272295,4.0,-13768,-1.0,11777,67.5,32,3.6
"US000","3","621410","18","0","2021","1","",12,605,593,599,7089450,1316377,29229,910,"",1.00,1.00,1.00,1.00,1.00,1.00,1.00,1.00,"",0,0.0,13,2.2,-7,-1.2,0,0.0,272295,4.0,-13768,-1.0,11777,67.5,32,3.6
"US000","3","62142","17","0","2021","1","",197,13277,13257,13285,164650319,40114358,707987,954,"",1.00,1.00,1.00,1.00,1.00,1.00,1.00,1.00,"",2,1.0,-897,-6.3,-929,-6.5,-889,-6.3,-8113366,-4.7,-4679596,-10.4,156499,28.4,17,1.8
"US000","3","621420","18","0","2021","1","",197,13277,13257,13285,164650319,40114358,707987,954,"",1.00,1.00,1.00,1.00,1.00,1.00,1.00,1.00,"",2,1.0,-897,-6.3,-929,-6.5,-889,-6.3,-8113366,-4.7,-4679596,-10.4,156499,28.4,17,1.8
"US000","3","62149","17","0","2021","1","",244,14525,14563,14647,226414389,28619888,292081,1195,"",1.00,1.00,1.00,1.00,1.00,1.00,1.00,1.00,"",0,0.0,560,4.0,580,4.1,616,4.4,11006335,5.1,1895062,7.1,13621,4.9,11,0.9
"US000","3","621491","18","0","2021","1","N",1,0,0,0,0,0,0,0,"N",1.00,0,0,0,0,0,0,0,"N",0,0.0,0,0,0,0,0,0,0,0,0,0,0,0,0,0
"US000","3","621492","18","0","2021","1","N",2,0,0,0,0,0,0,0,"N",1.00,0,0,0,0,0,0,0,"N",0,0.0,0,0,0,0,0,0,0,0,0,0,0,0,0,0
"US000","3","621493","18","0","2021","1","",30,2845,2855,2861,47450354,13163300,95506,1279,"",1.00,1.00,1.00,1.00,1.00,1.00,1.00,1.00,"",0,0.0,218,8.3,247,9.5,240,9.2,5921807,14.3,867669,7.1,7074,8.0,59,4.8
"US000","3","621498","18","0","2021","1","",211,11553,11580,11657,176837694,15456588,196575,1173,"",1.00,1.00,1.00,1.00,1.00,1.00,1.00,1.00,"",0,0.0,338,3.0,322,2.9,364,3.2,5079892,3.0,1027393,7.1,6547,3.4,-1,-0.1
"US000","3","6215","16","0","2021","1","",20,164,163,162,2234665,0,0,1055,"",1.00,1.00,1.00,1.00,1.00,0.00,0.00,1.00,"",-1,-4.8,-14,-7.9,-15,-8.4,-21,-11.5,-395514,-15.0,0,0.0,0,0.0,-71,-6.3
"US000","3","62151","17","0","2021","1","",20,164,163,162,2234665,0,0,1055,"",1.00,1.00,1.00,1.00,1.00,0.00,0.00,1.00,"",-1,-4.8,-14,-7.9,-15,-8.4,-21,-11.5,-395514,-15.0,0,0.0,0,0.0,-71,-6.3
"US000","3","621511","18","0","2021","1","",12,118,117,117,1752200,0,0,1149,"",1.00,1.00,1.00,1.00,1.00,0.00,0.00,1.00,"",-1,-7.7,-7,-5.6,-8,-6.4,-12,-9.3,-278541,-13.7,0,0.0,0,0.0,-87,-7.0
"US000","3","621512","18","0","2021","1","",8,46,46,45,482465,0,0,813,"",1.00,1.00,1.00,1.00,1.00,0.00,0.00,1.00,"",0,0.0,-7,-13.2,-7,-13.2,-9,-16.7,-116973,-19.5,0,0.0,0,0.0,-52,-6.0
"US000","3","6216","16","0","2021","1","",88,3202,3195,3193,41642271,5062331,89549,1002,"",1.00,1.00,1.00,1.00,1.00,1.00,1.00,1.00,"",-10,-10.2,-300,-8.6,-257,-7.4,-249,-7.2,-2525243,-5.7,116414,2.4,10520,13.3,22,2.2
"US000","3","62161","17","0","2021","1","",88,3202,3195,3193,41642271,5062331,89549,1002,"",1.00,1.00,1.00,1.00,1.00,1.00,1.00,1.00,"",-10,-10.2,-300,-8.6,-257,-7.4,-249,-7.2,-2525243,-5.7,116414,2.4,10520,13.3,22,2.2
"US000","3","621610","18","0","2021","1","",88,3202,3195,3193,41642271,5062331,89549,1002,"",1.00,1.00,1.00,1.00,1.00,1.00,1.00,1.00,"",-10,-10.2,-300,-8.6,-257,-7.4,-249,-7.2,-2525243,-5.7,116414,2.4,10520,13.3,22,2.2
"US000","3","6219","16","0","2021","1","",715,18355,18370,18393,199962763,37725466,393026,837,"",1.00,1.00,1.00,1.00,1.00,1.00,1.00,1.00,"",-2,-0.3,-285,-1.5,-273,-1.5,-262,-1.4,5980795,3.1,1807161,5.0,99684,34.0,37,4.6
"US000","3","62191","17","0","2021","1","",603,16381,16389,16410,177985226,33817645,345895,835,"",1.00,1.00,1.00,1.00,1.00,1.00,1.00,1.00,"",-2,-0.3,-430,-2.6,-440,-2.6,-426,-2.5,3902528,2.2,1400730,4.3,77983,29.1,39,4.9
"US000","3","621910","18","0","2021","1","",603,16381,16389,16410,177985226,33817645,345895,835,"",1.00,1.00,1.00,1.00,1.00,1.00,1.00,1.00,"",-2,-0.3,-430,-2.6,-440,-2.6,-426,-2.5,3902528,2.2,1400730,4.3,77983,29.1,39,4.9
"US000","3","62199","17","0","2021","1","",112,1974,1981,1983,21977537,3907821,47131,854,"",1.00,1.00,1.00,1.00,1.00,1.00,1.00,1.00,"",0,0.0,145,7.9,167,9.2,164,9.0,2078267,10.4,406431,11.6,21701,85.3,13,1.5
"US000","3","621991","18","0","2021","1","N",1,0,0,0,0,0,0,0,"N",1.00,0,0,0,0,0,0,0,"N",0,0.0,0,0,0,0,0,0,0,0,0,0,0,0,0,0
"US000","3","621999","18","0","2021","1","N",111,0,0,0,0,0,0,0,"N",1.00,0,0,0,0,0,0,0,"N",0,0.0,0,0,0,0,0,0,0,0,0,0,0,0,0,0
"US000","3","622","15","0","2021","1","",1336,673501,673634,673850,11074424864,347619551,2076175,1265,"",1.00,1.00,1.00,1.00,1.00,1.00,1.00,1.00,"",-45,-3.3,-15154,-2.2,-16177,-2.3,-15574,-2.3,-277628316,-2.4,-1563531,-0.4,347891,20.1,-2,-0.2
"US000","3","6221","16","0","2021","1","",1316,669558,669686,669890,11017211013,346737998,2057208,1265,"",1.00,1.00,1.00,1.00,1.00,1.00,1.00,1.00,"",-43,-3.2,-15115,-2.2,-16168,-2.4,-15494,-2.3,-281411472,-2.5,-1488028,-0.4,342213,20.0,-3,-0.2
"US000","3","62211","17","0","2021","1","",1316,669558,669686,669890,11017211013,346737998,2057208,1265,"",1.00,1.00,1.00,1.00,1.00,1.00,1.00,1.00,"",-43,-3.2,-15115,-2.2,-16168,-2.4,-15494,-2.3,-281411472,-2.5,-1488028,-0.4,342213,20.0,-3,-0.2
"US000","3","622110","18","0","2021","1","",1316,669558,669686,669890,11017211013,346737998,2057208,1265,"",1.00,1.00,1.00,1.00,1.00,1.00,1.00,1.00,"",-43,-3.2,-15115,-2.2,-16168,-2.4,-15494,-2.3,-281411472,-2.5,-1488028,-0.4,342213,20.0,-3,-0.2
"US000","3","6222","16","0","2021","1","",16,3178,3183,3194,41400087,881553,18967,1000,"",1.00,1.00,1.00,1.00,1.00,1.00,1.00,1.00,"",0,0.0,-51,-1.6,-10,-0.3,-69,-2.1,-26150,-0.1,-75503,-7.9,5678,42.7,13,1.3
"US000","3","62221","17","0","2021","1","",16,3178,3183,3194,41400087,881553,18967,1000,"",1.00,1.00,1.00,1.00,1.00,1.00,1.00,1.00,"",0,0.0,-51,-1.6,-10,-0.3,-69,-2.1,-26150,-0.1,-75503,-7.9,5678,42.7,13,1.3
"US000","3","622210","18","0","2021","1","",16,3178,3183,3194,41400087,881553,18967,1000,"",1.00,1.00,1.00,1.00,1.00,1.00,1.00,1.00,"",0,0.0,-51,-1.6,-10,-0.3,-69,-2.1,-26150,-0.1,-75503,-7.9,5678,42.7,13,1.3
"US000","3","6223","16","0","2021","1","",4,765,765,766,15813764,0,0,1589,"",1.00,1.00,1.00,1.00,1.00,0.00,0.00,1.00,"",-2,-33.3,12,1.6,1,0.1,-11,-1.4,3809306,31.7,0,0.0,0,0.0,381,31.5
"US000","3","62231","17","0","2021","1","",4,765,765,766,15813764,0,0,1589,"",1.00,1.00,1.00,1.00,1.00,0.00,0.00,1.00,"",-2,-33.3,12,1.6,1,0.1,-11,-1.4,3809306,31.7,0,0.0,0,0.0,381,31.5
"US000","3","622310","18","0","2021","1","",4,765,765,766,15813764,0,0,1589,"",1.00,1.00,1.00,1.00,1.00,0.00,0.00,1.00,"",-2,-33.3,12,1.6,1,0.1,-11,-1.4,3809306,31.7,0,0.0,0,0.0,381,31.5
"US000","3","623","15","0","2021","1","",745,59447,59102,58819,613939023,82925312,1130078,799,"",1.00,1.00,1.00,1.00,1.00,1.00,1.00,1.00,"",1,0.1,-5413,-8.3,-5617,-8.7,-5715,-8.9,-29330199,-4.6,-6529433,-7.3,323480,40.1,34,4.4
"US000","3","6231","16","0","2021","1","",318,44632,44268,44052,464104379,26578394,201843,806,"",1.00,1.00,1.00,1.00,1.00,1.00,1.00,1.00,"",-6,-1.9,-3727,-7.7,-3987,-8.3,-4140,-8.6,-19702500,-4.1,-1257945,-4.5,32266,19.0,35,4.5
"US000","3","62311","17","0","2021","1","",318,44632,44268,44052,464104379,26578394,201843,806,"",1.00,1.00,1.00,1.00,1.00,1.00,1.00,1.00,"",-6,-1.9,-3727,-7.7,-3987,-8.3,-4140,-8.6,-19702500,-4.1,-1257945,-4.5,32266,19.0,35,4.5
"US000","3","623110","18","0","2021","1","",318,44632,44268,44052,464104379,26578394,201843,806,"",1.00,1.00,1.00,1.00,1.00,1.00,1.00,1.00,"",-6,-1.9,-3727,-7.7,-3987,-8.3,-4140,-8.6,-19702500,-4.1,-1257945,-4.5,32266,19.0,35,4.5
"US000","3","6232","16","0","2021","1","",326,9563,9561,9429,97697252,47486729,872773,790,"",1.00,1.00,1.00,1.00,1.00,1.00,1.00,1.00,"",7,2.2,-1017,-9.6,-988,-9.4,-1062,-10.1,-7433185,-7.1,-3964147,-7.7,292535,50.4,23,3.0
"US000","3","62321","17","0","2021","1","",218,6392,6380,6350,61819645,30684902,505119,746,"",1.00,1.00,1.00,1.00,1.00,1.00,1.00,1.00,"",6,2.8,-770,-10.8,-777,-10.9,-764,-10.7,-5427725,-8.1,-2578404,-7.8,181226,56.0,22,3.0
"US000","3","623210","18","0","2021","1","",218,6392,6380,6350,61819645,30684902,505119,746,"",1.00,1.00,1.00,1.00,1.00,1.00,1.00,1.00,"",6,2.8,-770,-10.8,-777,-10.9,-764,-10.7,-5427725,-8.1,-2578404,-7.8,181226,56.0,22,3.0
"US000","3","62322","17","0","2021","1","",108,3171,3181,3079,35877607,16801827,367654,878,"",1.00,1.00,1.00,1.00,1.00,1.00,1.00,1.00,"",1,0.9,-247,-7.2,-211,-6.2,-298,-8.8,-2005460,-5.3,-1385743,-7.6,111309,43.4,20,2.3
"US000","3","623220","18","0","2021","1","",108,3171,3181,3079,35877607,16801827,367654,878,"",1.00,1.00,1.00,1.00,1.00,1.00,1.00,1.00,"",1,0.9,-247,-7.2,-211,-6.2,-298,-8.8,-2005460,-5.3,-1385743,-7.6,111309,43.4,20,2.3
"US000","3","6233","16","0","2021","1","",53,3470,3445,3479,34258160,6802083,49217,761,"",1.00,1.00,1.00,1.00,1.00,1.00,1.00,1.00,"",-1,-1.9,-475,-12.0,-502,-12.7,-425,-10.9,-2177064,-6.0,-1087645,-13.8,-4525,-8.4,48,6.7
"US000","3","62331","17","0","2021","1","",53,3470,3445,3479,34258160,6802083,49217,761,"",1.00,1.00,1.00,1.00,1.00,1.00,1.00,1.00,"",-1,-1.9,-475,-12.0,-502,-12.7,-425,-10.9,-2177064,-6.0,-1087645,-13.8,-4525,-8.4,48,6.7
"US000","3","623311","18","0","2021","1","",28,2798,2788,2806,28659168,6201109,39994,788,"",1.00,1.00,1.00,1.00,1.00,1.00,1.00,1.00,"",-1,-3.4,-460,-14.1,-477,-14.6,-417,-12.9,-2278008,-7.4,-1090769,-15.0,-6542,-14.1,55,7.5
"US000","3","623312","18","0","2021","1","",25,672,657,673,5598992,600974,9223,645,"",1.00,1.00,1.00,1.00,1.00,1.00,1.00,1.00,"",0,0.0,-15,-2.2,-25,-3.7,-8,-1.2,100944,1.8,3124,0.5,2017,28.0,26,4.2
"US000","3","6239","16","0","2021","1","",48,1782,1828,1859,17879232,2058106,6245,754,"",1.00,1.00,1.00,1.00,1.00,1.00,1.00,1.00,"",1,2.1,-194,-9.8,-140,-7.1,-88,-4.5,-17450,-0.1,-219696,-9.6,3204,105.4,53,7.6
"US000","3","62399","17","0","2021","1","",48,1782,1828,1859,17879232,2058106,6245,754,"",1.00,1.00,1.00,1.00,1.00,1.00,1.00,1.00,"",1,2.1,-194,-9.8,-140,-7.1,-88,-4.5,-17450,-0.1,-219696,-9.6,3204,105.4,53,7.6
"US000","3","623990","18","0","2021","1","",48,1782,1828,1859,17879232,2058106,6245,754,"",1.00,1.00,1.00,1.00,1.00,1.00,1.00,1.00,"",1,2.1,-194,-9.8,-140,-7.1,-88,-4.5,-17450,-0.1,-219696,-9.6,3204,105.4,53,7.6
"US000","3","624","15","0","2021","1","",2781,110163,110300,110613,1314470041,227735274,4460585,916,"",1.00,1.00,1.00,1.00,1.00,1.00,1.00,1.00,"",18,0.7,-6061,-5.2,-6059,-5.2,-5735,-4.9,-38112019,-2.8,-8267293,-3.5,1206848,37.1,21,2.3
"US000","3","6241","16","0","2021","1","",1778,92300,92284,92456,1141043023,186355578,3702552,950,"",1.00,1.00,1.00,1.00,1.00,1.00,1.00,1.00,"",15,0.9,-4007,-4.2,-4073,-4.2,-3894,-4.0,-36511828,-3.1,-5982119,-3.1,1195140,47.7,10,1.1
"US000","3","62411","17","0","2021","1","",259,16016,16032,16013,185697922,15844320,284922,892,"",1.00,1.00,1.00,1.00,1.00,1.00,1.00,1.00,"",2,0.8,-453,-2.8,-438,-2.7,-459,-2.8,-6957219,-3.6,-466651,-2.9,62598,28.2,-8,-0.9
"US000","3","624110","18","0","2021","1","",259,16016,16032,16013,185697922,15844320,284922,892,"",1.00,1.00,1.00,1.00,1.00,1.00,1.00,1.00,"",2,0.8,-453,-2.8,-438,-2.7,-459,-2.8,-6957219,-3.6,-466651,-2.9,62598,28.2,-8,-0.9
"US000","3","62412","17","0","2021","1","",776,24427,24425,24418,264489511,72241717,1522532,833,"",1.00,1.00,1.00,1.00,1.00,1.00,1.00,1.00,"",-1,-0.1,-2000,-7.6,-2050,-7.7,-2000,-7.6,-21409205,-7.5,-2653587,-3.5,560955,58.3,1,0.1
"US000","3","624120","18","0","2021","1","",776,24427,24425,24418,264489511,72241717,1522532,833,"",1.00,1.00,1.00,1.00,1.00,1.00,1.00,1.00,"",-1,-0.1,-2000,-7.6,-2050,-7.7,-2000,-7.6,-21409205,-7.5,-2653587,-3.5,560955,58.3,1,0.1
"US000","3","62419","17","0","2021","1","",743,51857,51827,52025,690855590,98269541,1895098,1024,"",1.00,1.00,1.00,1.00,1.00,1.00,1.00,1.00,"",14,1.9,-1554,-2.9,-1585,-3.0,-1435,-2.7,-8145404,-1.2,-2861881,-2.8,571587,43.2,18,1.8
"US000","3","624190","18","0","2021","1","",743,51857,51827,52025,690855590,98269541,1895098,1024,"",1.00,1.00,1.00,1.00,1.00,1.00,1.00,1.00,"",14,1.9,-1554,-2.9,-1585,-3.0,-1435,-2.7,-8145404,-1.2,-2861881,-2.8,571587,43.2,18,1.8
"US000","3","6242","16","0","2021","1","",201,2832,2903,2915,31102699,6516262,178165,830,"",1.00,1.00,1.00,1.00,1.00,1.00,1.00,1.00,"",-1,-0.5,-207,-6.8,-134,-4.4,-93,-3.1,-236137,-0.8,-137055,-2.1,41351,30.2,34,4.3
"US000","3","62421","17","0","2021","1","",90,812,836,854,5546264,2691425,76945,512,"",1.00,1.00,1.00,1.00,1.00,1.00,1.00,1.00,"",-1,-1.1,-120,-12.9,-92,-9.9,-61,-6.7,-509932,-8.4,-201773,-7.0,-668,-0.9,8,1.6
"US000","3","624210","18","0","2021","1","",90,812,836,854,5546264,2691425,76945,512,"",1.00,1.00,1.00,1.00,1.00,1.00,1.00,1.00,"",-1,-1.1,-120,-12.9,-92,-9.9,-61,-6.7,-509932,-8.4,-201773,-7.0,-668,-0.9,8,1.6
"US000","3","62422","17","0","2021","1","",83,1589,1612,1611,20435134,3066618,81542,980,"",1.00,1.00,1.00,1.00,1.00,1.00,1.00,1.00,"",0,0.0,-103,-6.1,-80,-4.7,-73,-4.3,-665368,-3.2,-168203,-5.2,30671,60.3,19,2.0
"US000","3","624221","18","0","2021","1","",16,290,289,293,2893461,784767,18958,766,"",1.00,1.00,1.00,1.00,1.00,1.00,1.00,1.00,"",0,0.0,-27,-8.5,-30,-9.4,-21,-6.7,-269813,-8.5,-56241,-6.7,6108,47.5,-2,-0.3
"US000","3","624229","18","0","2021","1","",67,1299,1323,1318,17541673,2281851,62584,1027,"",1.00,1.00,1.00,1.00,1.00,1.00,1.00,1.00,"",0,0.0,-76,-5.5,-50,-3.6,-52,-3.8,-395555,-2.2,-111962,-4.7,24563,64.6,22,2.2
"US000","3","62423","17","0","2021","1","",28,431,455,450,5121301,758219,19678,885,"",1.00,1.00,1.00,1.00,1.00,1.00,1.00,1.00,"",0,0.0,16,3.9,38,9.1,41,10.0,939163,22.5,232921,44.3,11348,136.2,107,13.8
"US000","3","624230","18","0","2021","1","",28,431,455,450,5121301,758219,19678,885,"",1.00,1.00,1.00,1.00,1.00,1.00,1.00,1.00,"",0,0.0,16,3.9,38,9.1,41,10.0,939163,22.5,232921,44.3,11348,136.2,107,13.8
"US000","3","6243","16","0","2021","1","",211,5038,5078,5204,53331590,19662513,255537,803,"",1.00,1.00,1.00,1.00,1.00,1.00,1.00,1.00,"",-4,-1.9,-1049,-17.2,-1064,-17.3,-949,-15.4,-2484752,-4.5,-712830,-3.5,1407,0.6,102,14.6
"US000","3","62431","17","0","2021","1","",211,5038,5078,5204,53331590,19662513,255537,803,"",1.00,1.00,1.00,1.00,1.00,1.00,1.00,1.00,"",-4,-1.9,-1049,-17.2,-1064,-17.3,-949,-15.4,-2484752,-4.5,-712830,-3.5,1407,0.6,102,14.6
"US000","3","624310","18","0","2021","1","",211,5038,5078,5204,53331590,19662513,255537,803,"",1.00,1.00,1.00,1.00,1.00,1.00,1.00,1.00,"",-4,-1.9,-1049,-17.2,-1064,-17.3,-949,-15.4,-2484752,-4.5,-712830,-3.5,1407,0.6,102,14.6
"US000","3","6244","16","0","2021","1","",591,9993,10035,10038,88992729,15200921,324331,683,"",1.00,1.00,1.00,1.00,1.00,1.00,1.00,1.00,"",8,1.4,-798,-7.4,-788,-7.3,-799,-7.4,1120698,1.3,-1435289,-8.6,-31050,-8.7,58,9.3
"US000","3","62441","17","0","2021","1","",591,9993,10035,10038,88992729,15200921,324331,683,"",1.00,1.00,1.00,1.00,1.00,1.00,1.00,1.00,"",8,1.4,-798,-7.4,-788,-7.3,-799,-7.4,1120698,1.3,-1435289,-8.6,-31050,-8.7,58,9.3
"US000","3","624410","18","0","2021","1","",591,9993,10035,10038,88992729,15200921,324331,683,"",1.00,1.00,1.00,1.00,1.00,1.00,1.00,1.00,"",8,1.4,-798,-7.4,-788,-7.3,-799,-7.4,1120698,1.3,-1435289,-8.6,-31050,-8.7,58,9.3
"US000","3","71","14","0","2021","1","",3927,209797,212001,217377,1911096472,471691402,8343299,690,"",1.00,1.00,1.00,1.00,1.00,1.00,1.00,1.00,"",-49,-1.2,-70234,-25.1,-68716,-24.5,-61701,-22.1,-407574184,-17.6,-85659941,-15.4,-780411,-8.6,53,8.3
"US000","3","711","15","0","2021","1","",172,3478,3584,4020,34309000,4928507,49951,714,"",1.00,1.00,1.00,1.00,1.00,1.00,1.00,1.00,"",-1,-0.6,-3716,-51.7,-3706,-50.8,-2590,-39.2,-18134426,-34.6,-1859674,-27.4,-3804,-7.1,140,24.4
"US000","3","7111","16","0","2021","1","",13,270,279,281,3113286,1899342,24919,866,"",1.00,1.00,1.00,1.00,1.00,1.00,1.00,1.00,"",-1,-7.1,-311,-53.5,-309,-52.6,-364,-56.4,-2189636,-41.3,-1477423,-43.8,5317,27.1,191,28.3
"US000","3","71111","17","0","2021","1","",6,194,204,203,2183096,1286931,1903,838,"",1.00,1.00,1.00,1.00,1.00,1.00,1.00,1.00,"",0,0.0,-311,-61.6,-300,-59.5,-286,-58.5,-2142304,-49.5,-1527220,-54.3,-4621,-70.8,172,25.8
"US000","3","711110","18","0","2021","1","",6,194,204,203,2183096,1286931,1903,838,"",1.00,1.00,1.00,1.00,1.00,1.00,1.00,1.00,"",0,0.0,-311,-61.6,-300,-59.5,-286,-58.5,-2142304,-49.5,-1527220,-54.3,-4621,-70.8,172,25.8
"US000","3","71112","17","0","2021","1","N",1,0,0,0,0,0,0,0,"N",1.00,0,0,0,0,0,0,0,"N",0,0.0,0,0,0,0,0,0,0,0,0,0,0,0,0,0
"US000","3","711120","18","0","2021","1","N",1,0,0,0,0,0,0,0,"N",1.00,0,0,0,0,0,0,0,"N",0,0.0,0,0,0,0,0,0,0,0,0,0,0,0,0,0
"US000","3","71113","17","0","2021","1","N",6,0,0,0,0,0,0,0,"N",1.00,0,0,0,0,0,0,0,"N",-1,-14.3,0,0,0,0,0,0,0,0,0,0,0,0,0,0
"US000","3","711130","18","0","2021","1","N",6,0,0,0,0,0,0,0,"N",1.00,0,0,0,0,0,0,0,"N",-1,-14.3,0,0,0,0,0,0,0,0,0,0,0,0,0,0
"US000","3","7112","16","0","2021","1","",18,517,539,551,4350627,1439362,2956,625,"",1.00,1.00,1.00,1.00,1.00,1.00,1.00,1.00,"",0,0.0,-386,-42.7,-249,-31.6,-235,-29.9,-1690725,-28.0,-357814,-19.9,-2451,-45.3,62,11.0
"US000","3","71121","17","0","2021","1","",18,517,539,551,4350627,1439362,2956,625,"",1.00,1.00,1.00,1.00,1.00,1.00,1.00,1.00,"",0,0.0,-386,-42.7,-249,-31.6,-235,-29.9,-1690725,-28.0,-357814,-19.9,-2451,-45.3,62,11.0
"US000","3","711211","18","0","2021","1","N",2,0,0,0,0,0,0,0,"N",1.00,0,0,0,0,0,0,0,"N",0,0.0,0,0,0,0,0,0,0,0,0,0,0,0,0,0
"US000","3","711212","18","0","2021","1","N",5,0,0,0,0,0,0,0,"N",1.00,0,0,0,0,0,0,0,"N",0,0.0,0,0,0,0,0,0,0,0,0,0,0,0,0,0
"US000","3","711219","18","0","2021","1","",11,303,332,314,2036538,171467,2915,495,"",1.00,1.00,1.00,1.00,1.00,1.00,1.00,1.00,"",0,0.0,-283,-48.3,-208,-38.5,-141,-31.0,-1301493,-39.0,-90311,-34.5,-2321,-44.3,8,1.6
"US000","3","7113","16","0","2021","1","",141,2691,2766,3188,26845087,1589803,22076,717,"",1.00,1.00,1.00,1.00,1.00,1.00,1.00,1.00,"",0,0.0,-3019,-52.9,-3148,-53.2,-1991,-38.4,-14254065,-34.7,-24437,-1.5,-6670,-23.2,153,27.1
"US000","3","71131","17","0","2021","1","",135,2638,2704,3136,26183309,1587331,22071,713,"",1.00,1.00,1.00,1.00,1.00,1.00,1.00,1.00,"",1,0.7,-2949,-52.8,-3077,-53.2,-1922,-38.0,-13798959,-34.5,-20593,-1.3,-6675,-23.2,151,26.9
"US000","3","711310","18","0","2021","1","",135,2638,2704,3136,26183309,1587331,22071,713,"",1.00,1.00,1.00,1.00,1.00,1.00,1.00,1.00,"",1,0.7,-2949,-52.8,-3077,-53.2,-1922,-38.0,-13798959,-34.5,-20593,-1.3,-6675,-23.2,151,26.9
"US000","3","71132","17","0","2021","1","",6,53,62,52,661778,2472,5,914,"",1.00,1.00,1.00,1.00,1.00,1.00,1.00,1.00,"",-1,-14.3,-70,-56.9,-71,-53.4,-69,-57.0,-455106,-40.7,-3844,-60.9,5,100.0,230,33.6
"US000","3","711320","18","0","2021","1","",6,53,62,52,661778,2472,5,914,"",1.00,1.00,1.00,1.00,1.00,1.00,1.00,1.00,"",-1,-14.3,-70,-56.9,-71,-53.4,-69,-57.0,-455106,-40.7,-3844,-60.9,5,100.0,230,33.6
"US000","3","712","15","0","2021","1","",732,29488,29194,30546,257642030,18675654,407993,666,"",1.00,1.00,1.00,1.00,1.00,1.00,1.00,1.00,"",-3,-0.4,-7096,-19.4,-7166,-19.7,-6470,-17.5,-37183897,-12.6,-3418322,-15.5,97399,31.4,47,7.6
"US000","3","7121","16","0","2021","1","",732,29488,29194,30546,257642030,18675654,407993,666,"",1.00,1.00,1.00,1.00,1.00,1.00,1.00,1.00,"",-3,-0.4,-7096,-19.4,-7166,-19.7,-6470,-17.5,-37183897,-12.6,-3418322,-15.5,97399,31.4,47,7.6
"US000","3","71211","17","0","2021","1","",172,2276,2256,2321,22717874,1476673,19523,765,"",1.00,1.00,1.00,1.00,1.00,1.00,1.00,1.00,"",-3,-1.7,-561,-19.8,-510,-18.4,-420,-15.3,-2619878,-10.3,-1399816,-48.7,2595,15.3,64,9.1
"US000","3","712110","18","0","2021","1","",172,2276,2256,2321,22717874,1476673,19523,765,"",1.00,1.00,1.00,1.00,1.00,1.00,1.00,1.00,"",-3,-1.7,-561,-19.8,-510,-18.4,-420,-15.3,-2619878,-10.3,-1399816,-48.7,2595,15.3,64,9.1
"US000","3","71212","17","0","2021","1","",16,89,89,91,720407,168272,1919,618,"",1.00,1.00,1.00,1.00,1.00,1.00,1.00,1.00,"",-1,-5.9,-76,-46.1,-75,-45.7,-77,-45.8,-754424,-51.2,8677,5.4,359,23.0,-67,-9.8
"US000","3","712120","18","0","2021","1","",16,89,89,91,720407,168272,1919,618,"",1.00,1.00,1.00,1.00,1.00,1.00,1.00,1.00,"",-1,-5.9,-76,-46.1,-75,-45.7,-77,-45.8,-754424,-51.2,8677,5.4,359,23.0,-67,-9.8
"US000","3","71213","17","0","2021","1","",17,1780,1699,2052,16487321,1727683,16933,688,"",1.00,1.00,1.00,1.00,1.00,1.00,1.00,1.00,"",0,0.0,-622,-25.9,-739,-30.3,-593,-22.4,-4120672,-20.0,-555883,-24.3,-5648,-25.0,53,8.3
"US000","3","712130","18","0","2021","1","",17,1780,1699,2052,16487321,1727683,16933,688,"",1.00,1.00,1.00,1.00,1.00,1.00,1.00,1.00,"",0,0.0,-622,-25.9,-739,-30.3,-593,-22.4,-4120672,-20.0,-555883,-24.3,-5648,-25.0,53,8.3
"US000","3","71219","17","0","2021","1","",527,25343,25150,26082,217716428,15303026,369618,656,"",1.00,1.00,1.00,1.00,1.00,1.00,1.00,1.00,"",1,0.2,-5837,-18.7,-5842,-18.9,-5380,-17.1,-29688923,-12.0,-1471300,-8.8,100093,37.1,46,7.5
"US000","3","712190","18","0","2021","1","",527,25343,25150,26082,217716428,15303026,369618,656,"",1.00,1.00,1.00,1.00,1.00,1.00,1.00,1.00,"",1,0.2,-5837,-18.7,-5842,-18.9,-5380,-17.1,-29688923,-12.0,-1471300,-8.8,100093,37.1,46,7.5
"US000","3","713","15","0","2021","1","",3023,176831,179223,182811,1619145442,448087241,7885355,693,"",1.00,1.00,1.00,1.00,1.00,1.00,1.00,1.00,"",-45,-1.5,-59422,-25.2,-57844,-24.4,-52641,-22.4,-352255861,-17.9,-80381945,-15.2,-874006,-10.0,51,7.9
"US000","3","7131","16","0","2021","1","",11,322,338,342,1638163,235308,2218,377,"",1.00,1.00,1.00,1.00,1.00,1.00,1.00,1.00,"",-1,-8.3,-46,-12.5,-48,-12.4,-54,-13.6,-38017,-2.3,-62073,-20.9,-361,-14.0,41,12.2
"US000","3","71311","17","0","2021","1","N",10,0,0,0,0,0,0,0,"N",1.00,0,0,0,0,0,0,0,"N",-1,-9.1,0,0,0,0,0,0,0,0,0,0,0,0,0,0
"US000","3","713110","18","0","2021","1","N",10,0,0,0,0,0,0,0,"N",1.00,0,0,0,0,0,0,0,"N",-1,-9.1,0,0,0,0,0,0,0,0,0,0,0,0,0,0
"US000","3","71312","17","0","2021","1","N",1,0,0,0,0,0,0,0,"N",1.00,0,0,0,0,0,0,0,"N",0,0.0,0,0,0,0,0,0,0,0,0,0,0,0,0,0
"US000","3","713120","18","0","2021","1","N",1,0,0,0,0,0,0,0,"N",1.00,0,0,0,0,0,0,0,"N",0,0.0,0,0,0,0,0,0,0,0,0,0,0,0,0,0
"US000","3","7132","16","0","2021","1","",357,91566,92131,92741,970889052,394432180,7188302,810,"",1.00,1.00,1.00,1.00,1.00,1.00,1.00,1.00,"",-7,-1.9,-22526,-19.7,-22929,-19.9,-21410,-18.8,-222484936,-18.6,-71550294,-15.4,-783801,-9.8,8,1.0
"US000","3","71321","17","0","2021","1","",249,82677,83173,83826,882700315,330465032,6807908,816,"",1.00,1.00,1.00,1.00,1.00,1.00,1.00,1.00,"",-1,-0.4,-20659,-20.0,-21123,-20.3,-19665,-19.0,-199388838,-18.4,-55712905,-14.4,-835291,-10.9,13,1.6
"US000","3","713210","18","0","2021","1","",249,82677,83173,83826,882700315,330465032,6807908,816,"",1.00,1.00,1.00,1.00,1.00,1.00,1.00,1.00,"",-1,-0.4,-20659,-20.0,-21123,-20.3,-19665,-19.0,-199388838,-18.4,-55712905,-14.4,-835291,-10.9,13,1.6
"US000","3","71329","17","0","2021","1","",108,8889,8958,8915,88188737,63967148,380394,760,"",1.00,1.00,1.00,1.00,1.00,1.00,1.00,1.00,"",-6,-5.3,-1867,-17.4,-1806,-16.8,-1745,-16.4,-23096098,-20.8,-15837389,-19.8,51490,15.7,-38,-4.8
"US000","3","713290","18","0","2021","1","",108,8889,8958,8915,88188737,63967148,380394,760,"",1.00,1.00,1.00,1.00,1.00,1.00,1.00,1.00,"",-6,-5.3,-1867,-17.4,-1806,-16.8,-1745,-16.4,-23096098,-20.8,-15837389,-19.8,51490,15.7,-38,-4.8
"US000","3","7139","16","0","2021","1","",2655,84943,86754,89728,646618227,53419753,694835,571,"",1.00,1.00,1.00,1.00,1.00,1.00,1.00,1.00,"",-37,-1.4,-36850,-30.3,-34867,-28.7,-31177,-25.8,-129732908,-16.7,-8769578,-14.1,-89844,-11.4,79,16.1
"US000","3","71391","17","0","2021","1","",238,3885,3711,4365,26853347,6279780,91496,518,"",1.00,1.00,1.00,1.00,1.00,1.00,1.00,1.00,"",-2,-0.8,-403,-9.4,-506,-12.0,-435,-9.1,-2869914,-9.7,-774337,-11.0,14859,19.4,2,0.4
"US000","3","713910","18","0","2021","1","",238,3885,3711,4365,26853347,6279780,91496,518,"",1.00,1.00,1.00,1.00,1.00,1.00,1.00,1.00,"",-2,-0.8,-403,-9.4,-506,-12.0,-435,-9.1,-2869914,-9.7,-774337,-11.0,14859,19.4,2,0.4
"US000","3","71392","17","0","2021","1","",5,967,975,877,3817157,600037,7500,312,"",1.00,1.00,1.00,1.00,1.00,1.00,1.00,1.00,"",0,0.0,-178,-15.5,-75,-7.1,-142,-13.9,-911806,-19.3,-234414,-28.1,-2930,-28.1,-28,-8.2
"US000","3","713920","18","0","2021","1","",5,967,975,877,3817157,600037,7500,312,"",1.00,1.00,1.00,1.00,1.00,1.00,1.00,1.00,"",0,0.0,-178,-15.5,-75,-7.1,-142,-13.9,-911806,-19.3,-234414,-28.1,-2930,-28.1,-28,-8.2
"US000","3","71393","17","0","2021","1","N",36,0,0,0,0,0,0,0,"N",1.00,0,0,0,0,0,0,0,"N",-1,-2.7,0,0,0,0,0,0,0,0,0,0,0,0,0,0
"US000","3","713930","18","0","2021","1","N",36,0,0,0,0,0,0,0,"N",1.00,0,0,0,0,0,0,0,"N",-1,-2.7,0,0,0,0,0,0,0,0,0,0,0,0,0,0
"US000","3","71394","17","0","2021","1","",1178,34180,35012,36185,217521567,18984674,250931,476,"",1.00,1.00,1.00,1.00,1.00,1.00,1.00,1.00,"",-34,-2.8,-13901,-28.9,-12960,-27.0,-11053,-23.4,-42981402,-16.5,-2692837,-12.4,-19673,-7.3,56,13.3
"US000","3","713940","18","0","2021","1","",1178,34180,35012,36185,217521567,18984674,250931,476,"",1.00,1.00,1.00,1.00,1.00,1.00,1.00,1.00,"",-34,-2.8,-13901,-28.9,-12960,-27.0,-11053,-23.4,-42981402,-16.5,-2692837,-12.4,-19673,-7.3,56,13.3
"US000","3","71395","17","0","2021","1","N",3,0,0,0,0,0,0,0,"N",1.00,0,0,0,0,0,0,0,"N",-1,-25.0,0,0,0,0,0,0,0,0,0,0,0,0,0,0
"US000","3","713950","18","0","2021","1","N",3,0,0,0,0,0,0,0,"N",1.00,0,0,0,0,0,0,0,"N",-1,-25.0,0,0,0,0,0,0,0,0,0,0,0,0,0,0
"US000","3","71399","17","0","2021","1","",1195,45457,46607,47839,392918338,24819396,301735,648,"",1.00,1.00,1.00,1.00,1.00,1.00,1.00,1.00,"",1,0.1,-22183,-32.8,-21145,-31.2,-19380,-28.8,-82029672,-17.3,-4653263,-15.8,-73098,-19.5,107,19.8
"US000","3","713990","18","0","2021","1","",1195,45457,46607,47839,392918338,24819396,301735,648,"",1.00,1.00,1.00,1.00,1.00,1.00,1.00,1.00,"",1,0.1,-22183,-32.8,-21145,-31.2,-19380,-28.8,-82029672,-17.3,-4653263,-15.8,-73098,-19.5,107,19.8
"US000","3","72","14","0","2021","1","",704,84757,85418,86353,845223594,249028830,6292485,760,"",1.00,1.00,1.00,1.00,1.00,1.00,1.00,1.00,"",2,0.3,-28570,-25.2,-26911,-24.0,-24530,-22.1,-235133675,-21.8,-71627498,-22.3,-869205,-12.1,19,2.6
"US000","3","721","15","0","2021","1","",174,73352,73938,74865,774092120,236437265,6179210,804,"",1.00,1.00,1.00,1.00,1.00,1.00,1.00,1.00,"",-1,-0.6,-26472,-26.5,-24840,-25.1,-22578,-23.2,-224981716,-22.5,-66932097,-22.1,-868735,-12.3,25,3.2
"US000","3","7211","16","0","2021","1","",134,73014,73596,74502,771707578,235583136,6149141,805,"",1.00,1.00,1.00,1.00,1.00,1.00,1.00,1.00,"",0,0.0,-26374,-26.5,-24756,-25.2,-22503,-23.2,-224614228,-22.5,-66689115,-22.1,-863376,-12.3,25,3.2
"US000","3","72111","17","0","2021","1","N",36,0,0,0,0,0,0,0,"N",1.00,0,0,0,0,0,0,0,"N",0,0.0,0,0,0,0,0,0,0,0,0,0,0,0,0,0
"US000","3","721110","18","0","2021","1","N",36,0,0,0,0,0,0,0,"N",1.00,0,0,0,0,0,0,0,"N",0,0.0,0,0,0,0,0,0,0,0,0,0,0,0,0,0
"US000","3","72112","17","0","2021","1","",97,70703,71238,72047,753990274,227791556,6097852,813,"",1.00,1.00,1.00,1.00,1.00,1.00,1.00,1.00,"",0,0.0,-24407,-25.7,-22873,-24.3,-20778,-22.4,-211463214,-21.9,-59723024,-20.8,-822857,-11.9,23,2.9
"US000","3","721120","18","0","2021","1","",97,70703,71238,72047,753990274,227791556,6097852,813,"",1.00,1.00,1.00,1.00,1.00,1.00,1.00,1.00,"",0,0.0,-24407,-25.7,-22873,-24.3,-20778,-22.4,-211463214,-21.9,-59723024,-20.8,-822857,-11.9,23,2.9
"US000","3","72119","17","0","2021","1","N",1,0,0,0,0,0,0,0,"N",1.00,0,0,0,0,0,0,0,"N",0,0.0,0,0,0,0,0,0,0,0,0,0,0,0,0,0
"US000","3","721199","18","0","2021","1","N",1,0,0,0,0,0,0,0,"N",1.00,0,0,0,0,0,0,0,"N",0,0.0,0,0,0,0,0,0,0,0,0,0,0,0,0,0
"US000","3","7212","16","0","2021","1","N",39,0,0,0,0,0,0,0,"N",1.00,0,0,0,0,0,0,0,"N",-1,-2.5,0,0,0,0,0,0,0,0,0,0,0,0,0,0
"US000","3","72121","17","0","2021","1","N",39,0,0,0,0,0,0,0,"N",1.00,0,0,0,0,0,0,0,"N",-1,-2.5,0,0,0,0,0,0,0,0,0,0,0,0,0,0
"US000","3","721211","18","0","2021","1","",34,252,256,276,1666320,557279,13413,490,"",1.00,1.00,1.00,1.00,1.00,1.00,1.00,1.00,"",-1,-2.9,-61,-19.5,-57,-18.2,-49,-15.1,-326304,-16.4,-209313,-27.3,-4897,-26.7,6,1.2
"US000","3","721214","18","0","2021","1","N",5,0,0,0,0,0,0,0,"N",1.00,0,0,0,0,0,0,0,"N",0,0.0,0,0,0,0,0,0,0,0,0,0,0,0,0,0
"US000","3","7213","16","0","2021","1","N",1,0,0,0,0,0,0,0,"N",1.00,0,0,0,0,0,0,0,"N",0,0.0,0,0,0,0,0,0,0,0,0,0,0,0,0,0
"US000","3","72131","17","0","2021","1","N",1,0,0,0,0,0,0,0,"N",1.00,0,0,0,0,0,0,0,"N",0,0.0,0,0,0,0,0,0,0,0,0,0,0,0,0,0
"US000","3","721310","18","0","2021","1","N",1,0,0,0,0,0,0,0,"N",1.00,0,0,0,0,0,0,0,"N",0,0.0,0,0,0,0,0,0,0,0,0,0,0,0,0,0
"US000","3","722","15","0","2021","1","",530,11405,11480,11488,71131474,12591565,113275,478,"",1.00,1.00,1.00,1.00,1.00,1.00,1.00,1.00,"",3,0.6,-2098,-15.5,-2071,-15.3,-1952,-14.5,-10151959,-12.5,-4695401,-27.2,-470,-0.4,15,3.2
"US000","3","7223","16","0","2021","1","",167,4049,4059,4044,26059521,673075,2018,495,"",1.00,1.00,1.00,1.00,1.00,1.00,1.00,1.00,"",1,0.6,-207,-4.9,-189,-4.4,-184,-4.4,-865998,-3.2,5104,0.8,14,0.7,7,1.4
"US000","3","72231","17","0","2021","1","",167,4049,4059,4044,26059521,673075,2018,495,"",1.00,1.00,1.00,1.00,1.00,1.00,1.00,1.00,"",1,0.6,-207,-4.9,-189,-4.4,-184,-4.4,-865998,-3.2,5104,0.8,14,0.7,7,1.4
"US000","3","722310","18","0","2021","1","",167,4049,4059,4044,26059521,673075,2018,495,"",1.00,1.00,1.00,1.00,1.00,1.00,1.00,1.00,"",1,0.6,-207,-4.9,-189,-4.4,-184,-4.4,-865998,-3.2,5104,0.8,14,0.7,7,1.4
"US000","3","7224","16","0","2021","1","",20,312,322,319,2193885,1636580,0,531,"",1.00,1.00,1.00,1.00,1.00,1.00,0.00,1.00,"",6,42.9,103,49.3,110,51.9,116,57.1,807198,58.2,812413,98.6,0,0.0,18,3.5
"US000","3","72241","17","0","2021","1","",20,312,322,319,2193885,1636580,0,531,"",1.00,1.00,1.00,1.00,1.00,1.00,0.00,1.00,"",6,42.9,103,49.3,110,51.9,116,57.1,807198,58.2,812413,98.6,0,0.0,18,3.5
"US000","3","722410","18","0","2021","1","",20,312,322,319,2193885,1636580,0,531,"",1.00,1.00,1.00,1.00,1.00,1.00,0.00,1.00,"",6,42.9,103,49.3,110,51.9,116,57.1,807198,58.2,812413,98.6,0,0.0,18,3.5
"US000","3","7225","16","0","2021","1","",343,7044,7099,7125,42878068,10281910,111257,465,"",1.00,1.00,1.00,1.00,1.00,1.00,1.00,1.00,"",-4,-1.2,-1994,-22.1,-1992,-21.9,-1884,-20.9,-10093159,-19.1,-5512918,-34.9,-484,-0.4,15,3.3
"US000","3","72251","17","0","2021","1","",343,7044,7099,7125,42878068,10281910,111257,465,"",1.00,1.00,1.00,1.00,1.00,1.00,1.00,1.00,"",-4,-1.2,-1994,-22.1,-1992,-21.9,-1884,-20.9,-10093159,-19.1,-5512918,-34.9,-484,-0.4,15,3.3
"US000","3","722511","18","0","2021","1","",29,1263,1270,1290,10481121,9167001,103918,633,"",1.00,1.00,1.00,1.00,1.00,1.00,1.00,1.00,"",11,61.1,-825,-39.5,-812,-39.0,-780,-37.7,-6524584,-38.4,-5515023,-37.6,2018,2.0,4,0.6
"US000","3","722513","18","0","2021","1","",8,133,136,134,774910,333943,4997,444,"",1.00,1.00,1.00,1.00,1.00,1.00,1.00,1.00,"N",-1,-11.1,0,0,0,0,0,0,0,0,0,0,0,0,0,0
"US000","3","722514","18","0","2021","1","",306,5648,5693,5701,31622037,780966,2342,428,"",1.00,1.00,1.00,1.00,1.00,1.00,1.00,1.00,"",-12,-3.8,-1120,-16.5,-1131,-16.6,-1052,-15.6,-3279633,-9.4,-75377,-8.8,-390,-14.3,32,8.1
"US000","3","81","14","0","2021","1","",2111,31225,31181,31375,380057728,60282164,1083477,935,"",1.00,1.00,1.00,1.00,1.00,1.00,1.00,1.00,"",2,0.1,-1509,-4.6,-1542,-4.7,-1610,-4.9,-7372256,-1.9,-564731,-0.9,59967,5.9,27,3.0
"US000","3","811","15","0","2021","1","",594,13675,13587,13698,174819307,5486422,31086,985,"",1.00,1.00,1.00,1.00,1.00,1.00,1.00,1.00,"",1,0.2,-473,-3.3,-593,-4.2,-473,-3.3,-5042841,-2.8,-414987,-7.0,-5343,-14.7,8,0.8
"US000","3","8111","16","0","2021","1","",541,11246,11176,11282,138302811,5232319,29061,947,"",1.00,1.00,1.00,1.00,1.00,1.00,1.00,1.00,"",1,0.2,-362,-3.1,-481,-4.1,-375,-3.2,-4781221,-3.3,-381745,-6.8,-5161,-15.1,1,0.1
"US000","3","81111","17","0","2021","1","N",537,0,0,0,0,0,0,0,"N",1.00,0,0,0,0,0,0,0,"N",0,0.0,0,0,0,0,0,0,0,0,0,0,0,0,0,0
"US000","3","811111","18","0","2021","1","",532,11072,11005,11111,136961123,5231319,29060,952,"",1.00,1.00,1.00,1.00,1.00,1.00,1.00,1.00,"",0,0.0,-353,-3.1,-471,-4.1,-361,-3.1,-4601058,-3.3,-382745,-6.8,-5162,-15.1,2,0.2
"US000","3","811118","18","0","2021","1","N",5,0,0,0,0,0,0,0,"N",1.00,0,0,0,0,0,0,0,"N",0,0.0,0,0,0,0,0,0,0,0,0,0,0,0,0,0
"US000","3","81119","17","0","2021","1","N",4,0,0,0,0,0,0,0,"N",1.00,0,0,0,0,0,0,0,"N",1,33.3,0,0,0,0,0,0,0,0,0,0,0,0,0,0
"US000","3","811192","18","0","2021","1","N",2,0,0,0,0,0,0,0,"N",1.00,0,0,0,0,0,0,0,"N",1,100.0,0,0,0,0,0,0,0,0,0,0,0,0,0,0
"US000","3","811198","18","0","2021","1","N",2,0,0,0,0,0,0,0,"N",1.00,0,0,0,0,0,0,0,"N",0,0.0,0,0,0,0,0,0,0,0,0,0,0,0,0,0
"US000","3","8112","16","0","2021","1","",14,274,263,267,3463727,231370,1388,994,"",1.00,1.00,1.00,1.00,1.00,1.00,1.00,1.00,"",0,0.0,-72,-20.8,-80,-23.3,-76,-22.2,-301829,-8.0,-34194,-12.9,-471,-25.3,152,18.1
"US000","3","81121","17","0","2021","1","",14,274,263,267,3463727,231370,1388,994,"",1.00,1.00,1.00,1.00,1.00,1.00,1.00,1.00,"",0,0.0,-72,-20.8,-80,-23.3,-76,-22.2,-301829,-8.0,-34194,-12.9,-471,-25.3,152,18.1
"US000","3","811211","18","0","2021","1","N",2,0,0,0,0,0,0,0,"N",1.00,0,0,0,0,0,0,0,"N",0,0.0,0,0,0,0,0,0,0,0,0,0,0,0,0,0
"US000","3","811212","18","0","2021","1","",7,108,109,110,1653576,0,0,1167,"",1.00,1.00,1.00,1.00,1.00,0.00,0.00,1.00,"",0,0.0,2,1.9,3,2.8,3,2.8,-45733,-2.7,0,0.0,0,0.0,-62,-5.0
"US000","3","811213","18","0","2021","1","N",2,0,0,0,0,0,0,0,"N",1.00,0,0,0,0,0,0,0,"N",0,0.0,0,0,0,0,0,0,0,0,0,0,0,0,0,0
"US000","3","811219","18","0","2021","1","N",3,0,0,0,0,0,0,0,"N",1.00,0,0,0,0,0,0,0,"N",0,0.0,0,0,0,0,0,0,0,0,0,0,0,0,0,0
"US000","3","8113","16","0","2021","1","",39,2155,2148,2149,33052769,22733,637,1182,"",1.00,1.00,1.00,1.00,1.00,1.00,1.00,1.00,"",0,0.0,-39,-1.8,-32,-1.5,-22,-1.0,40209,0.1,952,4.4,289,83.0,18,1.5
"US000","3","81131","17","0","2021","1","",39,2155,2148,2149,33052769,22733,637,1182,"",1.00,1.00,1.00,1.00,1.00,1.00,1.00,1.00,"",0,0.0,-39,-1.8,-32,-1.5,-22,-1.0,40209,0.1,952,4.4,289,83.0,18,1.5
"US000","3","811310","18","0","2021","1","",39,2155,2148,2149,33052769,22733,637,1182,"",1.00,1.00,1.00,1.00,1.00,1.00,1.00,1.00,"",0,0.0,-39,-1.8,-32,-1.5,-22,-1.0,40209,0.1,952,4.4,289,83.0,18,1.5
"US000","3","812","15","0","2021","1","",1063,6452,6441,6470,65604246,9265983,190194,782,"",1.00,1.00,1.00,1.00,1.00,1.00,1.00,1.00,"",-3,-0.3,-401,-5.9,-390,-5.7,-414,-6.0,-4379227,-6.3,76775,0.8,12800,7.2,-3,-0.4
"US000","3","8121","16","0","2021","1","N",7,0,0,0,0,0,0,0,"N",1.00,0,0,0,0,0,0,0,"N",3,75.0,0,0,0,0,0,0,0,0,0,0,0,0,0,0
"US000","3","81211","17","0","2021","1","N",2,0,0,0,0,0,0,0,"N",1.00,0,0,0,0,0,0,0,"N",1,100.0,0,0,0,0,0,0,0,0,0,0,0,0,0,0
"US000","3","812112","18","0","2021","1","N",2,0,0,0,0,0,0,0,"N",1.00,0,0,0,0,0,0,0,"N",1,100.0,0,0,0,0,0,0,0,0,0,0,0,0,0,0
"US000","3","81219","17","0","2021","1","N",5,0,0,0,0,0,0,0,"N",1.00,0,0,0,0,0,0,0,"N",2,66.7,0,0,0,0,0,0,0,0,0,0,0,0,0,0
"US000","3","812199","18","0","2021","1","N",5,0,0,0,0,0,0,0,"N",1.00,0,0,0,0,0,0,0,"N",2,66.7,0,0,0,0,0,0,0,0,0,0,0,0,0,0
"US000","3","8122","16","0","2021","1","",744,2198,2185,2233,17422777,5018557,119594,608,"",1.00,1.00,1.00,1.00,1.00,1.00,1.00,1.00,"",-7,-0.9,-7,-0.3,-4,-0.2,-17,-0.8,-489502,-2.7,95324,1.9,-5582,-4.5,-14,-2.3
"US000","3","81221","17","0","2021","1","N",2,0,0,0,0,0,0,0,"N",1.00,0,0,0,0,0,0,0,"N",0,0.0,0,0,0,0,0,0,0,0,0,0,0,0,0,0
"US000","3","812210","18","0","2021","1","N",2,0,0,0,0,0,0,0,"N",1.00,0,0,0,0,0,0,0,"N",0,0.0,0,0,0,0,0,0,0,0,0,0,0,0,0,0
"US000","3","81222","17","0","2021","1","N",742,0,0,0,0,0,0,0,"N",1.00,0,0,0,0,0,0,0,"N",-7,-0.9,0,0,0,0,0,0,0,0,0,0,0,0,0,0
"US000","3","812220","18","0","2021","1","N",742,0,0,0,0,0,0,0,"N",1.00,0,0,0,0,0,0,0,"N",-7,-0.9,0,0,0,0,0,0,0,0,0,0,0,0,0,0
"US000","3","8123","16","0","2021","1","N",5,0,0,0,0,0,0,0,"N",1.00,0,0,0,0,0,0,0,"N",0,0.0,0,0,0,0,0,0,0,0,0,0,0,0,0,0
"US000","3","81232","17","0","2021","1","N",2,0,0,0,0,0,0,0,"N",1.00,0,0,0,0,0,0,0,"N",0,0.0,0,0,0,0,0,0,0,0,0,0,0,0,0,0
"US000","3","812320","18","0","2021","1","N",2,0,0,0,0,0,0,0,"N",1.00,0,0,0,0,0,0,0,"N",0,0.0,0,0,0,0,0,0,0,0,0,0,0,0,0,0
"US000","3","81233","17","0","2021","1","",3,173,178,166,1307765,0,0,584,"",1.00,1.00,1.00,1.00,1.00,0.00,0.00,1.00,"N",0,0.0,0,0,0,0,0,0,0,0,0,0,0,0,0,0
"US000","3","812331","18","0","2021","1","N",2,0,0,0,0,0,0,0,"N",1.00,0,0,0,0,0,0,0,"N",0,0.0,0,0,0,0,0,0,0,0,0,0,0,0,0,0
"US000","3","812332","18","0","2021","1","N",1,0,0,0,0,0,0,0,"N",1.00,0,0,0,0,0,0,0,"N",0,0.0,0,0,0,0,0,0,0,0,0,0,0,0,0,0
"US000","3","8129","16","0","2021","1","",307,4028,4024,4027,46540106,4115920,70125,889,"",1.00,1.00,1.00,1.00,1.00,1.00,1.00,1.00,"",1,0.3,-366,-8.3,-363,-8.3,-356,-8.1,-3504615,-7.0,82153,2.0,18919,36.9,12,1.4
"US000","3","81291","17","0","2021","1","N",224,0,0,0,0,0,0,0,"N",1.00,0,0,0,0,0,0,0,"N",3,1.4,0,0,0,0,0,0,0,0,0,0,0,0,0,0
"US000","3","812910","18","0","2021","1","N",224,0,0,0,0,0,0,0,"N",1.00,0,0,0,0,0,0,0,"N",3,1.4,0,0,0,0,0,0,0,0,0,0,0,0,0,0
"US000","3","81293","17","0","2021","1","",81,2446,2440,2449,31565664,2078337,40956,993,"",1.00,1.00,1.00,1.00,1.00,1.00,1.00,1.00,"",-2,-2.4,-371,-13.2,-362,-12.9,-331,-11.9,-3100641,-8.9,-7936,-0.4,11998,41.4,41,4.3
"US000","3","812930","18","0","2021","1","",81,2446,2440,2449,31565664,2078337,40956,993,"",1.00,1.00,1.00,1.00,1.00,1.00,1.00,1.00,"",-2,-2.4,-371,-13.2,-362,-12.9,-331,-11.9,-3100641,-8.9,-7936,-0.4,11998,41.4,41,4.3
"US000","3","81299","17","0","2021","1","N",2,0,0,0,0,0,0,0,"N",1.00,0,0,0,0,0,0,0,"N",0,0.0,0,0,0,0,0,0,0,0,0,0,0,0,0,0
"US000","3","812990","18","0","2021","1","N",2,0,0,0,0,0,0,0,"N",1.00,0,0,0,0,0,0,0,"N",0,0.0,0,0,0,0,0,0,0,0,0,0,0,0,0,0
"US000","3","813","15","0","2021","1","",454,11098,11153,11207,139634175,45529759,862197,963,"",1.00,1.00,1.00,1.00,1.00,1.00,1.00,1.00,"",4,0.9,-635,-5.4,-559,-4.8,-723,-6.1,2049812,1.5,-226519,-0.5,52510,6.5,65,7.2
"US000","3","8131","16","0","2021","1","N",5,0,0,0,0,0,0,0,"N",1.00,0,0,0,0,0,0,0,"N",1,25.0,0,0,0,0,0,0,0,0,0,0,0,0,0,0
"US000","3","81311","17","0","2021","1","N",5,0,0,0,0,0,0,0,"N",1.00,0,0,0,0,0,0,0,"N",1,25.0,0,0,0,0,0,0,0,0,0,0,0,0,0,0
"US000","3","813110","18","0","2021","1","N",5,0,0,0,0,0,0,0,"N",1.00,0,0,0,0,0,0,0,"N",1,25.0,0,0,0,0,0,0,0,0,0,0,0,0,0,0
"US000","3","8132","16","0","2021","1","",40,1673,1708,1724,15077803,8283797,126455,682,"",1.00,1.00,1.00,1.00,1.00,1.00,1.00,1.00,"",4,11.1,-205,-10.9,-159,-8.5,-177,-9.3,-684211,-4.3,-540963,-6.1,-7738,-5.8,38,5.9
"US000","3","81321","17","0","2021","1","",40,1673,1708,1724,15077803,8283797,126455,682,"",1.00,1.00,1.00,1.00,1.00,1.00,1.00,1.00,"",4,11.1,-205,-10.9,-159,-8.5,-177,-9.3,-684211,-4.3,-540963,-6.1,-7738,-5.8,38,5.9
"US000","3","813211","18","0","2021","1","",22,181,182,196,3156377,680362,9143,1303,"",1.00,1.00,1.00,1.00,1.00,1.00,1.00,1.00,"",4,22.2,39,27.5,41,29.1,41,26.5,743292,30.8,1899,0.3,-685,-7.0,32,2.5
"US000","3","813212","18","0","2021","1","",4,468,498,493,4294844,1910373,11462,679,"",1.00,1.00,1.00,1.00,1.00,1.00,1.00,1.00,"",0,0.0,-166,-26.2,-129,-20.6,-142,-22.4,-621922,-12.6,-152602,-7.4,-5042,-30.6,81,13.5
"US000","3","813219","18","0","2021","1","",14,1024,1028,1035,7626582,5693062,105850,570,"",1.00,1.00,1.00,1.00,1.00,1.00,1.00,1.00,"",0,0.0,-78,-7.1,-71,-6.5,-76,-6.8,-805581,-9.6,-390260,-6.4,-2011,-1.9,-18,-3.1
"US000","3","8133","16","0","2021","1","",193,6217,6224,6240,76114667,23323203,471722,940,"",1.00,1.00,1.00,1.00,1.00,1.00,1.00,1.00,"",4,2.1,-109,-1.7,-81,-1.3,-103,-1.6,6037288,8.6,852979,3.8,54477,13.1,88,10.3
"US000","3","81331","17","0","2021","1","",193,6217,6224,6240,76114667,23323203,471722,940,"",1.00,1.00,1.00,1.00,1.00,1.00,1.00,1.00,"",4,2.1,-109,-1.7,-81,-1.3,-103,-1.6,6037288,8.6,852979,3.8,54477,13.1,88,10.3
"US000","3","813311","18","0","2021","1","",36,1943,1937,1933,25390229,4638795,44294,1008,"",1.00,1.00,1.00,1.00,1.00,1.00,1.00,1.00,"",1,2.9,-41,-2.1,-33,-1.7,-54,-2.7,2724361,12.0,188880,4.2,3325,8.1,128,14.5
"US000","3","813312","18","0","2021","1","",64,828,834,832,12001230,1818850,51954,1110,"",1.00,1.00,1.00,1.00,1.00,1.00,1.00,1.00,"",1,1.6,6,0.7,18,2.2,23,2.8,582327,5.1,138418,8.2,-418,-0.8,33,3.1
"US000","3","813319","18","0","2021","1","",93,3446,3453,3475,38723208,16865558,375474,861,"",1.00,1.00,1.00,1.00,1.00,1.00,1.00,1.00,"",2,2.2,-74,-2.1,-66,-1.9,-72,-2.0,2730600,7.6,525681,3.2,51570,15.9,76,9.7
"US000","3","8134","16","0","2021","1","N",54,0,0,0,0,0,0,0,"N",1.00,0,0,0,0,0,0,0,"N",-3,-5.3,0,0,0,0,0,0,0,0,0,0,0,0,0,0
"US000","3","81341","17","0","2021","1","N",54,0,0,0,0,0,0,0,"N",1.00,0,0,0,0,0,0,0,"N",-3,-5.3,0,0,0,0,0,0,0,0,0,0,0,0,0,0
"US000","3","813410","18","0","2021","1","N",54,0,0,0,0,0,0,0,"N",1.00,0,0,0,0,0,0,0,"N",-3,-5.3,0,0,0,0,0,0,0,0,0,0,0,0,0,0
"US000","3","8139","16","0","2021","1","",162,1901,1917,1949,33527961,10358688,127930,1342,"",1.00,1.00,1.00,1.00,1.00,1.00,1.00,1.00,"",-2,-1.2,-240,-11.2,-232,-10.8,-341,-14.9,-3177362,-8.7,-470144,-4.3,9380,7.9,55,4.3
"US000","3","81391","17","0","2021","1","",114,1115,1134,1151,19466539,4214300,62879,1321,"",1.00,1.00,1.00,1.00,1.00,1.00,1.00,1.00,"",-1,-0.9,-211,-15.9,-212,-15.8,-300,-20.7,-3401021,-14.9,-473662,-10.1,2055,3.4,41,3.2
"US000","3","813910","18","0","2021","1","",114,1115,1134,1151,19466539,4214300,62879,1321,"",1.00,1.00,1.00,1.00,1.00,1.00,1.00,1.00,"",-1,-0.9,-211,-15.9,-212,-15.8,-300,-20.7,-3401021,-14.9,-473662,-10.1,2055,3.4,41,3.2
"US000","3","81392","17","0","2021","1","",20,617,619,620,12519522,5589070,54538,1557,"",1.00,1.00,1.00,1.00,1.00,1.00,1.00,1.00,"",0,0.0,-16,-2.5,-12,-1.9,-32,-4.9,242539,2.0,43763,0.8,3148,6.1,78,5.3
"US000","3","813920","18","0","2021","1","",20,617,619,620,12519522,5589070,54538,1557,"",1.00,1.00,1.00,1.00,1.00,1.00,1.00,1.00,"",0,0.0,-16,-2.5,-12,-1.9,-32,-4.9,242539,2.0,43763,0.8,3148,6.1,78,5.3
"US000","3","81393","17","0","2021","1","",7,17,17,31,116078,17803,80,412,"",1.00,1.00,1.00,1.00,1.00,1.00,1.00,1.00,"",0,0.0,-5,-22.7,-2,-10.5,-3,-8.8,-5351,-4.4,-235,-1.3,8,11.1,38,10.2
"US000","3","813930","18","0","2021","1","",7,17,17,31,116078,17803,80,412,"",1.00,1.00,1.00,1.00,1.00,1.00,1.00,1.00,"",0,0.0,-5,-22.7,-2,-10.5,-3,-8.8,-5351,-4.4,-235,-1.3,8,11.1,38,10.2
"US000","3","81394","17","0","2021","1","",9,61,61,59,644415,129156,3064,822,"",1.00,1.00,1.00,1.00,1.00,1.00,1.00,1.00,"",-1,-10.0,2,3.4,2,3.4,-1,-1.7,-34479,-5.1,-26927,-17.3,1076,54.1,-58,-6.6
"US000","3","813940","18","0","2021","1","",9,61,61,59,644415,129156,3064,822,"",1.00,1.00,1.00,1.00,1.00,1.00,1.00,1.00,"",-1,-10.0,2,3.4,2,3.4,-1,-1.7,-34479,-5.1,-26927,-17.3,1076,54.1,-58,-6.6
"US000","3","81399","17","0","2021","1","",12,91,86,88,781407,408359,7369,680,"",1.00,1.00,1.00,1.00,1.00,1.00,1.00,1.00,"",0,0.0,-10,-9.9,-8,-8.5,-5,-5.4,20950,2.8,-13083,-3.1,3093,72.3,71,11.7
"US000","3","813990","18","0","2021","1","",12,91,86,88,781407,408359,7369,680,"",1.00,1.00,1.00,1.00,1.00,1.00,1.00,1.00,"",0,0.0,-10,-9.9,-8,-8.5,-5,-5.4,20950,2.8,-13083,-3.1,3093,72.3,71,11.7
"US000","3","92","14","0","2021","1","",63172,3948156,3942441,3959260,60101401535,4239444394,46876996,1170,"",1.00,1.00,1.00,1.00,1.00,1.00,1.00,1.00,"",182,0.3,-134131,-3.3,-152322,-3.7,-155342,-3.8,-2129387849,-3.4,-29389925,-0.7,6447768,15.9,2,0.2
"US000","3","921","15","0","2021","1","",36738,2557726,2553969,2567569,34951647046,3070465533,31473738,1050,"",1.00,1.00,1.00,1.00,1.00,1.00,1.00,1.00,"",155,0.4,-98553,-3.7,-112866,-4.2,-118902,-4.4,-1451208733,-4.0,-26399077,-0.9,3840921,13.9,1,0.1
"US000","3","9211","16","0","2021","1","",36738,2557726,2553969,2567569,34951647046,3070465533,31473738,1050,"",1.00,1.00,1.00,1.00,1.00,1.00,1.00,1.00,"",155,0.4,-98553,-3.7,-112866,-4.2,-118902,-4.4,-1451208733,-4.0,-26399077,-0.9,3840921,13.9,1,0.1
"US000","3","92111","17","0","2021","1","",4496,173913,173813,175268,2381160691,246128392,3142756,1051,"",1.00,1.00,1.00,1.00,1.00,1.00,1.00,1.00,"",-10,-0.2,-9243,-5.0,-8869,-4.9,-8329,-4.5,-81378897,-3.3,-380484,-0.2,144358,4.8,17,1.6
"US000","3","921110","18","0","2021","1","",4496,173913,173813,175268,2381160691,246128392,3142756,1051,"",1.00,1.00,1.00,1.00,1.00,1.00,1.00,1.00,"",-10,-0.2,-9243,-5.0,-8869,-4.9,-8329,-4.5,-81378897,-3.3,-380484,-0.2,144358,4.8,17,1.6
"US000","3","92112","17","0","2021","1","",2886,255539,255297,257407,3689163717,61018206,1146188,1108,"",1.00,1.00,1.00,1.00,1.00,1.00,1.00,1.00,"",-2,-0.1,-10201,-3.8,-10750,-4.0,-10998,-4.1,-166626703,-4.3,-903706,-1.5,315674,38.0,-4,-0.4
"US000","3","921120","18","0","2021","1","",2886,255539,255297,257407,3689163717,61018206,1146188,1108,"",1.00,1.00,1.00,1.00,1.00,1.00,1.00,1.00,"",-2,-0.1,-10201,-3.8,-10750,-4.0,-10998,-4.1,-166626703,-4.3,-903706,-1.5,315674,38.0,-4,-0.4
"US000","3","92113","17","0","2021","1","",2555,70278,70218,70246,1095454560,63457340,1164900,1200,"",1.00,1.00,1.00,1.00,1.00,1.00,1.00,1.00,"",10,0.4,-2091,-2.9,-2230,-3.1,-2535,-3.5,-43879615,-3.9,523565,0.8,403282,53.0,-8,-0.7
"US000","3","921130","18","0","2021","1","",2555,70278,70218,70246,1095454560,63457340,1164900,1200,"",1.00,1.00,1.00,1.00,1.00,1.00,1.00,1.00,"",10,0.4,-2091,-2.9,-2230,-3.1,-2535,-3.5,-43879615,-3.9,523565,0.8,403282,53.0,-8,-0.7
"US000","3","92114","17","0","2021","1","",21195,1665104,1661863,1669259,22564345144,1716866153,13424491,1042,"",1.00,1.00,1.00,1.00,1.00,1.00,1.00,1.00,"",-39,-0.2,-63721,-3.7,-75770,-4.4,-79600,-4.6,-963538203,-4.1,-34580376,-2.0,1913399,16.6,1,0.1
"US000","3","921140","18","0","2021","1","",21195,1665104,1661863,1669259,22564345144,1716866153,13424491,1042,"",1.00,1.00,1.00,1.00,1.00,1.00,1.00,1.00,"",-39,-0.2,-63721,-3.7,-75770,-4.4,-79600,-4.6,-963538203,-4.1,-34580376,-2.0,1913399,16.6,1,0.1
"US000","3","92115","17","0","2021","1","",1050,106776,106737,107083,1313470853,634693460,10343103,945,"",1.00,1.00,1.00,1.00,1.00,1.00,1.00,1.00,"",124,13.4,-3968,-3.6,-4015,-3.6,-4077,-3.7,-32717585,-2.4,10360144,1.7,698491,7.2,11,1.2
"US000","3","921150","18","0","2021","1","",1050,106776,106737,107083,1313470853,634693460,10343103,945,"",1.00,1.00,1.00,1.00,1.00,1.00,1.00,1.00,"",124,13.4,-3968,-3.6,-4015,-3.6,-4077,-3.7,-32717585,-2.4,10360144,1.7,698491,7.2,11,1.2
"US000","3","92119","17","0","2021","1","",4556,286116,286041,288306,3908052081,348301982,2252300,1048,"",1.00,1.00,1.00,1.00,1.00,1.00,1.00,1.00,"",72,1.6,-9329,-3.2,-11232,-3.8,-13363,-4.4,-163067730,-4.0,-1418220,-0.4,365717,19.4,-2,-0.2
"US000","3","921190","18","0","2021","1","",4556,286116,286041,288306,3908052081,348301982,2252300,1048,"",1.00,1.00,1.00,1.00,1.00,1.00,1.00,1.00,"",72,1.6,-9329,-3.2,-11232,-3.8,-13363,-4.4,-163067730,-4.0,-1418220,-0.4,365717,19.4,-2,-0.2
"US000","3","922","15","0","2021","1","",13438,943605,941558,942222,18013043214,593341635,7286967,1470,"",1.00,1.00,1.00,1.00,1.00,1.00,1.00,1.00,"",34,0.3,-21295,-2.2,-23402,-2.4,-23667,-2.5,-695821015,-3.7,5639768,1.0,1722331,31.0,-21,-1.4
"US000","3","9221","16","0","2021","1","",13438,943605,941558,942222,18013043214,593341635,7286967,1470,"",1.00,1.00,1.00,1.00,1.00,1.00,1.00,1.00,"",34,0.3,-21295,-2.2,-23402,-2.4,-23667,-2.5,-695821015,-3.7,5639768,1.0,1722331,31.0,-21,-1.4
"US000","3","92211","17","0","2021","1","",1866,74997,74747,74718,1032007136,30304136,345582,1061,"",1.00,1.00,1.00,1.00,1.00,1.00,1.00,1.00,"",-6,-0.3,-2686,-3.5,-2819,-3.6,-2869,-3.7,-45429394,-4.2,1919635,6.8,47412,15.9,-7,-0.7
"US000","3","922110","18","0","2021","1","",1866,74997,74747,74718,1032007136,30304136,345582,1061,"",1.00,1.00,1.00,1.00,1.00,1.00,1.00,1.00,"",-6,-0.3,-2686,-3.5,-2819,-3.6,-2869,-3.7,-45429394,-4.2,1919635,6.8,47412,15.9,-7,-0.7
"US000","3","92212","17","0","2021","1","",3495,422792,422407,422332,7821656488,203338616,2843106,1424,"",1.00,1.00,1.00,1.00,1.00,1.00,1.00,1.00,"",17,0.5,-10673,-2.5,-11233,-2.6,-11467,-2.6,-427760100,-5.2,-3380031,-1.6,796317,38.9,-39,-2.7
"US000","3","922120","18","0","2021","1","",3495,422792,422407,422332,7821656488,203338616,2843106,1424,"",1.00,1.00,1.00,1.00,1.00,1.00,1.00,1.00,"",17,0.5,-10673,-2.5,-11233,-2.6,-11467,-2.6,-427760100,-5.2,-3380031,-1.6,796317,38.9,-39,-2.7
"US000","3","92213","17","0","2021","1","",1064,34624,34404,34391,634105249,18400662,191794,1415,"",1.00,1.00,1.00,1.00,1.00,1.00,1.00,1.00,"",10,0.9,-708,-2.0,-837,-2.4,-940,-2.7,-10346263,-1.6,3115,0.0,33927,21.5,11,0.8
"US000","3","922130","18","0","2021","1","",1064,34624,34404,34391,634105249,18400662,191794,1415,"",1.00,1.00,1.00,1.00,1.00,1.00,1.00,1.00,"",10,0.9,-708,-2.0,-837,-2.4,-940,-2.7,-10346263,-1.6,3115,0.0,33927,21.5,11,0.8
"US000","3","92214","17","0","2021","1","",594,61285,61227,60836,953795022,24891878,178456,1200,"",1.00,1.00,1.00,1.00,1.00,1.00,1.00,1.00,"",1,0.2,-2805,-4.4,-2838,-4.4,-3169,-5.0,-23782851,-2.4,-165003,-0.7,1437,0.8,26,2.2
"US000","3","922140","18","0","2021","1","",594,61285,61227,60836,953795022,24891878,178456,1200,"",1.00,1.00,1.00,1.00,1.00,1.00,1.00,1.00,"",1,0.2,-2805,-4.4,-2838,-4.4,-3169,-5.0,-23782851,-2.4,-165003,-0.7,1437,0.8,26,2.2
"US000","3","92215","17","0","2021","1","",269,17638,17589,17558,274149672,3613914,83666,1199,"",1.00,1.00,1.00,1.00,1.00,1.00,1.00,1.00,"",-1,-0.4,-780,-4.2,-802,-4.4,-852,-4.6,-14865409,-5.1,-753047,-17.2,21833,35.3,-9,-0.7
"US000","3","922150","18","0","2021","1","",269,17638,17589,17558,274149672,3613914,83666,1199,"",1.00,1.00,1.00,1.00,1.00,1.00,1.00,1.00,"",-1,-0.4,-780,-4.2,-802,-4.4,-852,-4.6,-14865409,-5.1,-753047,-17.2,21833,35.3,-9,-0.7
"US000","3","92216","17","0","2021","1","",5406,209590,208786,209727,4159710138,283252139,3240094,1528,"",1.00,1.00,1.00,1.00,1.00,1.00,1.00,1.00,"",14,0.3,85,0.0,-406,-0.2,-491,-0.2,538726,0.0,6482753,2.3,805168,33.1,2,0.1
"US000","3","922160","18","0","2021","1","",5406,209590,208786,209727,4159710138,283252139,3240094,1528,"",1.00,1.00,1.00,1.00,1.00,1.00,1.00,1.00,"",14,0.3,85,0.0,-406,-0.2,-491,-0.2,538726,0.0,6482753,2.3,805168,33.1,2,0.1
"US000","3","92219","17","0","2021","1","",744,122679,122398,122660,3137619509,29540290,404269,1969,"",1.00,1.00,1.00,1.00,1.00,1.00,1.00,1.00,"",-1,-0.1,-3728,-2.9,-4467,-3.5,-3879,-3.1,-174175724,-5.3,1532346,5.5,16237,4.2,-43,-2.1
"US000","3","922190","18","0","2021","1","",744,122679,122398,122660,3137619509,29540290,404269,1969,"",1.00,1.00,1.00,1.00,1.00,1.00,1.00,1.00,"",-1,-0.1,-3728,-2.9,-4467,-3.5,-3879,-3.1,-174175724,-5.3,1532346,5.5,16237,4.2,-43,-2.1
"US000","3","923","15","0","2021","1","",2214,212523,213785,215044,3381970167,139899043,1696404,1217,"",1.00,1.00,1.00,1.00,1.00,1.00,1.00,1.00,"",0,0.0,-306,-0.1,85,0.0,496,0.2,130063097,4.0,2525680,1.8,91035,5.7,46,3.9
"US000","3","9231","16","0","2021","1","",2214,212523,213785,215044,3381970167,139899043,1696404,1217,"",1.00,1.00,1.00,1.00,1.00,1.00,1.00,1.00,"",0,0.0,-306,-0.1,85,0.0,496,0.2,130063097,4.0,2525680,1.8,91035,5.7,46,3.9
"US000","3","92311","17","0","2021","1","",261,21924,22306,22890,283793743,25559285,248508,976,"",1.00,1.00,1.00,1.00,1.00,1.00,1.00,1.00,"",-14,-5.1,-4885,-18.2,-5183,-18.9,-4952,-17.8,-15982376,-5.3,-2788017,-9.8,21231,9.3,134,15.9
"US000","3","923110","18","0","2021","1","",261,21924,22306,22890,283793743,25559285,248508,976,"",1.00,1.00,1.00,1.00,1.00,1.00,1.00,1.00,"",-14,-5.1,-4885,-18.2,-5183,-18.9,-4952,-17.8,-15982376,-5.3,-2788017,-9.8,21231,9.3,134,15.9
"US000","3","92312","17","0","2021","1","",1183,75332,75781,76161,1186778364,93015030,1127173,1205,"",1.00,1.00,1.00,1.00,1.00,1.00,1.00,1.00,"",15,1.3,3446,4.8,4031,5.6,4315,6.0,105495676,9.8,6084799,7.0,51092,4.7,47,4.1
"US000","3","923120","18","0","2021","1","",1183,75332,75781,76161,1186778364,93015030,1127173,1205,"",1.00,1.00,1.00,1.00,1.00,1.00,1.00,1.00,"",15,1.3,3446,4.8,4031,5.6,4315,6.0,105495676,9.8,6084799,7.0,51092,4.7,47,4.1
"US000","3","92313","17","0","2021","1","",533,112974,113377,113670,1890050399,21081116,317666,1283,"",1.00,1.00,1.00,1.00,1.00,1.00,1.00,1.00,"",-1,-0.2,1198,1.1,1283,1.1,1172,1.0,40901163,2.2,-771348,-3.5,18637,6.2,14,1.1
"US000","3","923130","18","0","2021","1","",533,112974,113377,113670,1890050399,21081116,317666,1283,"",1.00,1.00,1.00,1.00,1.00,1.00,1.00,1.00,"",-1,-0.2,1198,1.1,1283,1.1,1172,1.0,40901163,2.2,-771348,-3.5,18637,6.2,14,1.1
"US000","3","92314","17","0","2021","1","",237,2293,2321,2323,21347661,243612,3057,710,"",1.00,1.00,1.00,1.00,1.00,1.00,1.00,1.00,"",0,0.0,-65,-2.8,-46,-1.9,-39,-1.7,-351366,-1.6,246,0.1,75,2.5,3,0.4
"US000","3","923140","18","0","2021","1","",237,2293,2321,2323,21347661,243612,3057,710,"",1.00,1.00,1.00,1.00,1.00,1.00,1.00,1.00,"",0,0.0,-65,-2.8,-46,-1.9,-39,-1.7,-351366,-1.6,246,0.1,75,2.5,3,0.4
"US000","3","924","15","0","2021","1","",4186,89974,89549,90549,1501563847,97844861,1266360,1283,"",1.00,1.00,1.00,1.00,1.00,1.00,1.00,1.00,"",-6,-0.1,-8606,-8.7,-9170,-9.3,-8251,-8.4,40714495,2.8,-1494765,-1.5,80824,6.8,144,12.6
"US000","3","9241","16","0","2021","1","",4186,89974,89549,90549,1501563847,97844861,1266360,1283,"",1.00,1.00,1.00,1.00,1.00,1.00,1.00,1.00,"",-6,-0.1,-8606,-8.7,-9170,-9.3,-8251,-8.4,40714495,2.8,-1494765,-1.5,80824,6.8,144,12.6
"US000","3","92411","17","0","2021","1","",1675,57398,57071,57129,1147548853,45990046,634521,1543,"",1.00,1.00,1.00,1.00,1.00,1.00,1.00,1.00,"",4,0.2,-1914,-3.2,-2240,-3.8,-2140,-3.6,72769756,6.8,-190808,-0.4,72680,12.9,149,10.7
"US000","3","924110","18","0","2021","1","",1675,57398,57071,57129,1147548853,45990046,634521,1543,"",1.00,1.00,1.00,1.00,1.00,1.00,1.00,1.00,"",4,0.2,-1914,-3.2,-2240,-3.8,-2140,-3.6,72769756,6.8,-190808,-0.4,72680,12.9,149,10.7
"US000","3","92412","17","0","2021","1","",2511,32576,32478,33420,354014994,51854815,631839,830,"",1.00,1.00,1.00,1.00,1.00,1.00,1.00,1.00,"",-10,-0.4,-6692,-17.0,-6930,-17.6,-6111,-15.5,-32055261,-8.3,-1303957,-2.5,8144,1.3,76,10.1
"US000","3","924120","18","0","2021","1","",2511,32576,32478,33420,354014994,51854815,631839,830,"",1.00,1.00,1.00,1.00,1.00,1.00,1.00,1.00,"",-10,-0.4,-6692,-17.0,-6930,-17.6,-6111,-15.5,-32055261,-8.3,-1303957,-2.5,8144,1.3,76,10.1
"US000","3","925","15","0","2021","1","",3771,78708,78031,78205,1123887936,247449266,3556734,1104,"",1.00,1.00,1.00,1.00,1.00,1.00,1.00,1.00,"",-4,-0.1,-740,-0.9,-2782,-3.4,-791,-1.0,-39970951,-3.4,-3594738,-1.4,607983,20.6,-19,-1.7
"US000","3","9251","16","0","2021","1","",3771,78708,78031,78205,1123887936,247449266,3556734,1104,"",1.00,1.00,1.00,1.00,1.00,1.00,1.00,1.00,"",-4,-0.1,-740,-0.9,-2782,-3.4,-791,-1.0,-39970951,-3.4,-3594738,-1.4,607983,20.6,-19,-1.7
"US000","3","92511","17","0","2021","1","",2434,50107,49536,49547,723036084,180186720,2451781,1118,"",1.00,1.00,1.00,1.00,1.00,1.00,1.00,1.00,"",-5,-0.2,-93,-0.2,-630,-1.3,-648,-1.3,-34574745,-4.6,-2130650,-1.2,310653,14.5,-43,-3.7
"US000","3","925110","18","0","2021","1","",2434,50107,49536,49547,723036084,180186720,2451781,1118,"",1.00,1.00,1.00,1.00,1.00,1.00,1.00,1.00,"",-5,-0.2,-93,-0.2,-630,-1.3,-648,-1.3,-34574745,-4.6,-2130650,-1.2,310653,14.5,-43,-3.7
"US000","3","92512","17","0","2021","1","",1337,28601,28495,28658,400851852,67262546,1104953,1079,"",1.00,1.00,1.00,1.00,1.00,1.00,1.00,1.00,"",1,0.1,-647,-2.2,-2152,-7.0,-143,-0.5,-5396206,-1.3,-1464088,-2.1,297330,36.8,22,2.1
"US000","3","925120","18","0","2021","1","",1337,28601,28495,28658,400851852,67262546,1104953,1079,"",1.00,1.00,1.00,1.00,1.00,1.00,1.00,1.00,"",1,0.1,-647,-2.2,-2152,-7.0,-143,-0.5,-5396206,-1.3,-1464088,-2.1,297330,36.8,22,2.1
"US000","3","926","15","0","2021","1","",2809,65516,65444,65568,1127469330,90068426,1591691,1324,"",1.00,1.00,1.00,1.00,1.00,1.00,1.00,1.00,"",3,0.1,-4623,-6.6,-4179,-6.0,-4214,-6.0,-113086806,-9.1,-6005292,-6.3,106934,7.2,-42,-3.1
"US000","3","9261","16","0","2021","1","",2809,65516,65444,65568,1127469330,90068426,1591691,1324,"",1.00,1.00,1.00,1.00,1.00,1.00,1.00,1.00,"",3,0.1,-4623,-6.6,-4179,-6.0,-4214,-6.0,-113086806,-9.1,-6005292,-6.3,106934,7.2,-42,-3.1
"US000","3","92611","17","0","2021","1","",612,10805,10783,10832,177291819,23384677,271208,1262,"",1.00,1.00,1.00,1.00,1.00,1.00,1.00,1.00,"",8,1.3,-1600,-12.9,-1601,-12.9,-1617,-13.0,-24087363,-12.0,-3393371,-12.7,12261,4.7,14,1.1
"US000","3","926110","18","0","2021","1","",612,10805,10783,10832,177291819,23384677,271208,1262,"",1.00,1.00,1.00,1.00,1.00,1.00,1.00,1.00,"",8,1.3,-1600,-12.9,-1601,-12.9,-1617,-13.0,-24087363,-12.0,-3393371,-12.7,12261,4.7,14,1.1
"US000","3","92612","17","0","2021","1","",398,26399,26277,26268,503162597,39182554,733738,1471,"",1.00,1.00,1.00,1.00,1.00,1.00,1.00,1.00,"",3,0.8,-1871,-6.6,-1500,-5.4,-1420,-5.1,-71311518,-12.4,-1971180,-4.8,60738,9.0,-112,-7.1
"US000","3","926120","18","0","2021","1","",398,26399,26277,26268,503162597,39182554,733738,1471,"",1.00,1.00,1.00,1.00,1.00,1.00,1.00,1.00,"",3,0.8,-1871,-6.6,-1500,-5.4,-1420,-5.1,-71311518,-12.4,-1971180,-4.8,60738,9.0,-112,-7.1
"US000","3","92613","17","0","2021","1","",429,12096,12035,12103,216831694,13537660,328332,1381,"",1.00,1.00,1.00,1.00,1.00,1.00,1.00,1.00,"",-1,-0.2,-219,-1.8,-255,-2.1,-357,-2.9,-1304731,-0.6,282943,2.1,17683,5.7,23,1.7
"US000","3","926130","18","0","2021","1","",429,12096,12035,12103,216831694,13537660,328332,1381,"",1.00,1.00,1.00,1.00,1.00,1.00,1.00,1.00,"",-1,-0.2,-219,-1.8,-255,-2.1,-357,-2.9,-1304731,-0.6,282943,2.1,17683,5.7,23,1.7
"US000","3","92614","17","0","2021","1","",513,2250,2414,2423,25341473,4759662,111113,825,"",1.00,1.00,1.00,1.00,1.00,1.00,1.00,1.00,"",-7,-1.3,-371,-14.2,-200,-7.7,-192,-7.3,-1464752,-5.5,-513863,-9.7,-21991,-16.5,37,4.7
"US000","3","926140","18","0","2021","1","",513,2250,2414,2423,25341473,4759662,111113,825,"",1.00,1.00,1.00,1.00,1.00,1.00,1.00,1.00,"",-7,-1.3,-371,-14.2,-200,-7.7,-192,-7.3,-1464752,-5.5,-513863,-9.7,-21991,-16.5,37,4.7
"US000","3","92615","17","0","2021","1","",857,13966,13935,13942,204841747,9203873,147300,1130,"",1.00,1.00,1.00,1.00,1.00,1.00,1.00,1.00,"",0,0.0,-562,-3.9,-623,-4.3,-628,-4.3,-14918442,-6.8,-409821,-4.3,38243,35.1,-32,-2.8
"US000","3","926150","18","0","2021","1","",857,13966,13935,13942,204841747,9203873,147300,1130,"",1.00,1.00,1.00,1.00,1.00,1.00,1.00,1.00,"",0,0.0,-562,-3.9,-623,-4.3,-628,-4.3,-14918442,-6.8,-409821,-4.3,38243,35.1,-32,-2.8
"US000","3","927","15","0","2021","1","N",2,0,0,0,0,0,0,0,"N",1.00,0,0,0,0,0,0,0,"N",0,0.0,0,0,0,0,0,0,0,0,0,0,0,0,0,0
"US000","3","9271","16","0","2021","1","N",2,0,0,0,0,0,0,0,"N",1.00,0,0,0,0,0,0,0,"N",0,0.0,0,0,0,0,0,0,0,0,0,0,0,0,0,0
"US000","3","92711","17","0","2021","1","N",2,0,0,0,0,0,0,0,"N",1.00,0,0,0,0,0,0,0,"N",0,0.0,0,0,0,0,0,0,0,0,0,0,0,0,0,0
"US000","3","927110","18","0","2021","1","N",2,0,0,0,0,0,0,0,"N",1.00,0,0,0,0,0,0,0,"N",0,0.0,0,0,0,0,0,0,0,0,0,0,0,0,0,0
"US000","3","928","15","0","2021","1","N",14,0,0,0,0,0,0,0,"N",1.00,0,0,0,0,0,0,0,"N",0,0.0,0,0,0,0,0,0,0,0,0,0,0,0,0,0
"US000","3","9281","16","0","2021","1","N",14,0,0,0,0,0,0,0,"N",1.00,0,0,0,0,0,0,0,"N",0,0.0,0,0,0,0,0,0,0,0,0,0,0,0,0,0
"US000","3","92811","17","0","2021","1","",12,56,57,56,713117,350578,4726,974,"",1.00,1.00,1.00,1.00,1.00,1.00,1.00,1.00,"",0,0.0,0,0.0,0,0.0,-4,-6.7,-6178,-0.9,-1879,-0.5,254,5.7,15,1.6
"US000","3","928110","18","0","2021","1","",12,56,57,56,713117,350578,4726,974,"",1.00,1.00,1.00,1.00,1.00,1.00,1.00,1.00,"",0,0.0,0,0.0,0,0.0,-4,-6.7,-6178,-0.9,-1879,-0.5,254,5.7,15,1.6
"US000","3","92812","17","0","2021","1","N",2,0,0,0,0,0,0,0,"N",1.00,0,0,0,0,0,0,0,"N",0,0.0,0,0,0,0,0,0,0,0,0,0,0,0,0,0
"US000","3","928120","18","0","2021","1","N",2,0,0,0,0,0,0,0,"N",1.00,0,0,0,0,0,0,0,"N",0,0.0,0,0,0,0,0,0,0,0,0,0,0,0,0,0
"US000","3","99","14","0","2021","1","",102,173,194,255,2802794,444062,10443,1040,"",1.00,1.00,1.00,1.00,1.00,1.00,1.00,1.00,"",42,70.0,107,162.1,126,185.3,188,280.6,2021850,258.9,244605,122.6,6078,139.2,143,15.9
"US000","3","999","15","0","2021","1","",102,173,194,255,2802794,444062,10443,1040,"",1.00,1.00,1.00,1.00,1.00,1.00,1.00,1.00,"",42,70.0,107,162.1,126,185.3,188,280.6,2021850,258.9,244605,122.6,6078,139.2,143,15.9
"US000","3","9999","16","0","2021","1","",102,173,194,255,2802794,444062,10443,1040,"",1.00,1.00,1.00,1.00,1.00,1.00,1.00,1.00,"",42,70.0,107,162.1,126,185.3,188,280.6,2021850,258.9,244605,122.6,6078,139.2,143,15.9
"US000","3","99999","17","0","2021","1","",102,173,194,255,2802794,444062,10443,1040,"",1.00,1.00,1.00,1.00,1.00,1.00,1.00,1.00,"",42,70.0,107,162.1,126,185.3,188,280.6,2021850,258.9,244605,122.6,6078,139.2,143,15.9
"US000","3","999999","18","0","2021","1","",102,173,194,255,2802794,444062,10443,1040,"",1.00,1.00,1.00,1.00,1.00,1.00,1.00,1.00,"",42,70.0,107,162.1,126,185.3,188,280.6,2021850,258.9,244605,122.6,6078,139.2,143,15.9
"US000","5","10","11","0","2021","1","",10353056,117448158,118255636,119373021,2012210125023,915187989349,18120643509,1308,"",1.00,1.00,1.00,1.00,1.00,1.00,1.00,1.00,"",300176,3.0,-7788870,-6.2,-7347537,-5.8,-5427556,-4.3,-10976512,0.0,-29818113531,-3.2,801013888,4.6,72,5.8
"US000","5","101","12","0","2021","1","",1357119,20678769,20695396,20985960,367576458997,203440944184,4851598061,1360,"",1.00,1.00,1.00,1.00,1.00,1.00,1.00,1.00,"",23304,1.7,-928339,-4.3,-972302,-4.5,-701119,-3.2,-15283469234,-4.0,-8299449543,-3.9,16634359,0.3,0,0.0
"US000","5","1011","13","0","2021","1","",140578,1594761,1607757,1637150,25491826878,14355757453,357112834,1216,"",1.00,1.00,1.00,1.00,1.00,1.00,1.00,1.00,"",743,0.5,-145358,-8.4,-141415,-8.1,-126393,-7.2,-5021913816,-16.5,-1596802955,-10.0,1344368,0.4,-125,-9.3
"US000","5","1012","13","0","2021","1","",854871,6979645,6941702,7143968,113044202482,68714852197,2115624329,1238,"",1.00,1.00,1.00,1.00,1.00,1.00,1.00,1.00,"",17268,2.1,-218206,-3.0,-287450,-4.0,-128368,-1.8,-2869352268,-2.5,-1685935011,-2.4,24457868,1.2,5,0.4
"US000","5","1013","13","0","2021","1","",361670,12104363,12145937,12204842,229040429637,120370334534,2378860898,1450,"",1.00,1.00,1.00,1.00,1.00,1.00,1.00,1.00,"",5293,1.5,-564775,-4.5,-543437,-4.3,-446358,-3.5,-7392203150,-3.1,-5016711577,-4.0,-9167877,-0.4,15,1.0
"US000","5","102","12","0","2021","1","",8995937,96769389,97560240,98387061,1644633666026,711747045165,13269045448,1297,"",1.00,1.00,1.00,1.00,1.00,1.00,1.00,1.00,"",276872,3.2,-6860531,-6.6,-6375235,-6.1,-4726437,-4.6,15272492722,0.9,-21518663988,-2.9,784379529,6.3,87,7.2
"US000","5","1021","13","0","2021","1","",1955191,27107281,26919582,26988585,356877235627,206427938673,3469828381,1017,"",1.00,1.00,1.00,1.00,1.00,1.00,1.00,1.00,"",15270,0.8,-437775,-1.6,-365212,-1.3,-210046,-0.8,1937747704,0.5,-1990590164,-1.0,217473599,6.7,18,1.8
"US000","5","1022","13","0","2021","1","",212488,2685140,2755078,2754478,110935350599,33444587865,733379859,3124,"",1.00,1.00,1.00,1.00,1.00,1.00,1.00,1.00,"",20439,10.6,-189795,-6.6,-175652,-6.0,-125758,-4.4,10918398086,10.9,357171290,1.1,46794079,6.8,467,17.6
"US000","5","1023","13","0","2021","1","",965154,8205324,8231435,8255409,293183459642,87255320804,1659560082,2740,"",1.00,1.00,1.00,1.00,1.00,1.00,1.00,1.00,"",36265,3.9,-122264,-1.5,-119996,-1.4,-71573,-0.9,18322921544,6.7,725509337,0.8,206161882,14.2,203,8.0
"US000","5","1024","13","0","2021","1","",2044507,20438810,20619398,20734685,461751323537,195253821348,4137871594,1724,"",1.00,1.00,1.00,1.00,1.00,1.00,1.00,1.00,"",109714,5.7,-567620,-2.7,-511627,-2.4,-268201,-1.3,11373574484,2.5,112557628,0.1,243021499,6.2,78,4.7
"US000","5","1025","13","0","2021","1","",1904331,22375424,22541599,22627339,299509716510,102513601144,1769317053,1023,"",1.00,1.00,1.00,1.00,1.00,1.00,1.00,1.00,"",53504,2.9,-997112,-4.3,-1006206,-4.3,-798959,-3.4,-3256639640,-1.1,-1482088903,-1.4,216741068,14.0,30,3.0
"US000","5","1026","13","0","2021","1","",888288,11921797,12388358,12856830,77070451338,59167573213,970871823,479,"",1.00,1.00,1.00,1.00,1.00,1.00,1.00,1.00,"",-1658,-0.2,-3988716,-25.1,-3670989,-22.9,-2856855,-18.2,-21402152104,-21.7,-17671498979,-23.0,-185053408,-16.0,2,0.4
"US000","5","1027","13","0","2021","1","",830212,3892875,3954000,4013223,42902929830,26302200318,489922559,835,"",1.00,1.00,1.00,1.00,1.00,1.00,1.00,1.00,"",14365,1.8,-568432,-12.7,-538372,-12.0,-416099,-9.4,-3011397327,-6.6,-1827341020,-6.5,28687438,6.2,43,5.4
"US000","5","1029","13","0","2021","1","",195766,142738,150790,156512,2403198943,1382001800,38294097,1232,"",1.00,1.00,1.00,1.00,1.00,1.00,1.00,1.00,"",28973,17.4,11183,8.5,12819,9.3,21054,15.5,390039975,19.4,257616823,22.9,10553372,38.0,85,7.4
"US000","5","11","14","0","2021","1","",109323,1102564,1115658,1137205,10579267758,8260261549,214427352,728,"",1.00,1.00,1.00,1.00,1.00,1.00,1.00,1.00,"",1609,1.5,-10603,-1.0,-8369,-0.7,-5812,-0.5,63847398,0.6,2926425,0.0,10151429,5.0,10,1.4
"US000","5","111","15","0","2021","1","",49569,450040,460269,491139,4152407432,3254210203,85099877,684,"",1.00,1.00,1.00,1.00,1.00,1.00,1.00,1.00,"",791,1.6,1333,0.3,-5578,-1.2,-1413,-0.3,48341580,1.2,23719330,0.7,4397166,5.4,11,1.6
"US000","5","1111","16","0","2021","1","",13218,47805,47616,49566,466253803,389822674,5718362,742,"",1.00,1.00,1.00,1.00,1.00,1.00,1.00,1.00,"",174,1.3,-902,-1.9,-656,-1.4,-502,-1.0,-6580601,-1.4,-652831,-0.2,78344,1.4,0,0.0
"US000","5","11111","17","0","2021","1","",1189,4340,4329,4590,40178157,33622578,516785,699,"",1.00,1.00,1.00,1.00,1.00,1.00,1.00,1.00,"",38,3.3,-97,-2.2,-63,-1.4,-70,-1.5,-3730430,-8.5,-1054466,-3.0,14290,2.8,-52,-6.9
"US000","5","111110","18","0","2021","1","",1189,4340,4329,4590,40178157,33622578,516785,699,"",1.00,1.00,1.00,1.00,1.00,1.00,1.00,1.00,"",38,3.3,-97,-2.2,-63,-1.4,-70,-1.5,-3730430,-8.5,-1054466,-3.0,14290,2.8,-52,-6.9
"US000","5","11112","17","0","2021","1","",64,232,223,231,2451845,1893017,34794,825,"",1.00,1.00,1.00,1.00,1.00,1.00,1.00,1.00,"",0,0.0,-3,-1.3,-17,-7.1,-13,-5.3,-25070,-1.0,-93986,-4.7,1925,5.9,30,3.8
"US000","5","111120","18","0","2021","1","",64,232,223,231,2451845,1893017,34794,825,"",1.00,1.00,1.00,1.00,1.00,1.00,1.00,1.00,"",0,0.0,-3,-1.3,-17,-7.1,-13,-5.3,-25070,-1.0,-93986,-4.7,1925,5.9,30,3.8
"US000","5","11113","17","0","2021","1","",95,487,474,487,4503154,3580038,77147,718,"",1.00,1.00,1.00,1.00,1.00,1.00,1.00,1.00,"",2,2.2,-186,-27.6,-142,-23.1,-119,-19.6,-1717957,-27.6,-1188843,-24.9,-37468,-32.7,-40,-5.3
"US000","5","111130","18","0","2021","1","",95,487,474,487,4503154,3580038,77147,718,"",1.00,1.00,1.00,1.00,1.00,1.00,1.00,1.00,"",2,2.2,-186,-27.6,-142,-23.1,-119,-19.6,-1717957,-27.6,-1188843,-24.9,-37468,-32.7,-40,-5.3
"US000","5","11114","17","0","2021","1","",1982,4901,4911,5085,43417607,40916757,433683,673,"",1.00,1.00,1.00,1.00,1.00,1.00,1.00,1.00,"",-26,-1.3,-42,-0.8,12,0.2,-7,-0.1,617597,1.4,844063,2.1,45733,11.8,12,1.8
"US000","5","111140","18","0","2021","1","",1982,4901,4911,5085,43417607,40916757,433683,673,"",1.00,1.00,1.00,1.00,1.00,1.00,1.00,1.00,"",-26,-1.3,-42,-0.8,12,0.2,-7,-0.1,617597,1.4,844063,2.1,45733,11.8,12,1.8
"US000","5","11115","17","0","2021","1","",3578,16132,16036,16533,168920002,138486341,2021613,800,"",1.00,1.00,1.00,1.00,1.00,1.00,1.00,1.00,"",76,2.2,-220,-1.3,-148,-0.9,61,0.4,-2038356,-1.2,-703901,-0.5,27884,1.4,-5,-0.6
"US000","5","111150","18","0","2021","1","",3578,16132,16036,16533,168920002,138486341,2021613,800,"",1.00,1.00,1.00,1.00,1.00,1.00,1.00,1.00,"",76,2.2,-220,-1.3,-148,-0.9,61,0.4,-2038356,-1.2,-703901,-0.5,27884,1.4,-5,-0.6
"US000","5","11116","17","0","2021","1","",851,2544,2618,2839,26609821,18686830,585942,767,"",1.00,1.00,1.00,1.00,1.00,1.00,1.00,1.00,"",6,0.7,-90,-3.4,-155,-5.6,-261,-8.4,-814174,-3.0,294517,1.6,-25403,-4.2,23,3.1
"US000","5","111160","18","0","2021","1","",851,2544,2618,2839,26609821,18686830,585942,767,"",1.00,1.00,1.00,1.00,1.00,1.00,1.00,1.00,"",6,0.7,-90,-3.4,-155,-5.6,-261,-8.4,-814174,-3.0,294517,1.6,-25403,-4.2,23,3.1
"US000","5","11119","17","0","2021","1","",5459,19169,19025,19801,180173217,152637113,2048398,717,"",1.00,1.00,1.00,1.00,1.00,1.00,1.00,1.00,"",78,1.4,-264,-1.4,-143,-0.7,-93,-0.5,1127789,0.6,1249785,0.8,51383,2.6,11,1.6
"US000","5","111191","18","0","2021","1","",4198,15245,15094,15725,142464832,121795769,1562022,714,"",1.00,1.00,1.00,1.00,1.00,1.00,1.00,1.00,"",22,0.5,-293,-1.9,-236,-1.5,-139,-0.9,-438555,-0.3,367640,0.3,-7425,-0.5,8,1.1
"US000","5","111199","18","0","2021","1","",1261,3924,3931,4076,37708385,30841344,486376,729,"",1.00,1.00,1.00,1.00,1.00,1.00,1.00,1.00,"",56,4.6,29,0.7,93,2.4,46,1.1,1566344,4.3,882145,2.9,58808,13.8,20,2.8
"US000","5","1112","16","0","2021","1","",5095,67819,69227,73742,658313848,478964034,18155012,721,"",1.00,1.00,1.00,1.00,1.00,1.00,1.00,1.00,"",110,2.2,-2886,-4.1,-3497,-4.8,-3794,-4.9,-19067815,-2.8,-12217958,-2.5,1325923,7.9,14,2.0
"US000","5","11121","17","0","2021","1","",5095,67819,69227,73742,658313848,478964034,18155012,721,"",1.00,1.00,1.00,1.00,1.00,1.00,1.00,1.00,"",110,2.2,-2886,-4.1,-3497,-4.8,-3794,-4.9,-19067815,-2.8,-12217958,-2.5,1325923,7.9,14,2.0
"US000","5","111211","18","0","2021","1","",1033,12086,12678,14069,119859153,101123823,2528271,712,"",1.00,1.00,1.00,1.00,1.00,1.00,1.00,1.00,"",-4,-0.4,-677,-5.3,-630,-4.7,-885,-5.9,-5215747,-4.2,-4102411,-3.9,-212034,-7.7,8,1.1
"US000","5","111219","18","0","2021","1","",4062,55733,56549,59673,538454695,377840211,15626741,723,"",1.00,1.00,1.00,1.00,1.00,1.00,1.00,1.00,"",114,2.9,-2209,-3.8,-2867,-4.8,-2909,-4.6,-13852068,-2.5,-8115547,-2.1,1537957,10.9,15,2.1
"US000","5","1113","16","0","2021","1","",10670,126555,128643,133928,1021153492,807531685,27347053,606,"",1.00,1.00,1.00,1.00,1.00,1.00,1.00,1.00,"",-163,-1.5,-3046,-2.4,-6626,-4.9,-4660,-3.4,-39163679,-3.7,-36708779,-4.3,-667676,-2.4,0,0.0
"US000","5","11131","17","0","2021","1","",411,4073,3895,3875,41196772,25411631,729328,803,"",1.00,1.00,1.00,1.00,1.00,1.00,1.00,1.00,"",-23,-5.3,-277,-6.4,-544,-12.3,-692,-15.2,-3172534,-7.2,-2314732,-8.3,-5324,-0.7,36,4.7
"US000","5","111310","18","0","2021","1","",411,4073,3895,3875,41196772,25411631,729328,803,"",1.00,1.00,1.00,1.00,1.00,1.00,1.00,1.00,"",-23,-5.3,-277,-6.4,-544,-12.3,-692,-15.2,-3172534,-7.2,-2314732,-8.3,-5324,-0.7,36,4.7
"US000","5","11132","17","0","2021","1","",306,2216,2337,2406,20992822,13572317,543573,696,"",1.00,1.00,1.00,1.00,1.00,1.00,1.00,1.00,"",-3,-1.0,-26,-1.2,123,5.6,122,5.3,752226,3.7,248978,1.9,39513,7.8,3,0.4
"US000","5","111320","18","0","2021","1","",306,2216,2337,2406,20992822,13572317,543573,696,"",1.00,1.00,1.00,1.00,1.00,1.00,1.00,1.00,"",-3,-1.0,-26,-1.2,123,5.6,122,5.3,752226,3.7,248978,1.9,39513,7.8,3,0.4
"US000","5","11133","17","0","2021","1","",9953,120266,122411,127647,958963898,768547737,26074152,598,"",1.00,1.00,1.00,1.00,1.00,1.00,1.00,1.00,"",-137,-1.4,-2743,-2.2,-6205,-4.8,-4090,-3.1,-36743371,-3.7,-34643025,-4.3,-701865,-2.6,-1,-0.2
"US000","5","111331","18","0","2021","1","",1591,21251,21791,23902,151825303,145403062,2495391,523,"",1.00,1.00,1.00,1.00,1.00,1.00,1.00,1.00,"",-47,-2.9,-1582,-6.9,-1806,-7.7,-1707,-6.7,-14534395,-8.7,-14574836,-9.1,49701,2.0,-10,-1.9
"US000","5","111332","18","0","2021","1","",1889,21078,21754,20523,184136887,131732444,5149971,671,"",1.00,1.00,1.00,1.00,1.00,1.00,1.00,1.00,"",-29,-1.5,-1624,-7.2,-2069,-8.7,-1565,-7.1,-16777480,-8.4,-13504335,-9.3,-772120,-13.0,-5,-0.7
"US000","5","111333","18","0","2021","1","",453,17534,19315,23249,122623741,105863185,4449996,471,"",1.00,1.00,1.00,1.00,1.00,1.00,1.00,1.00,"",18,4.1,987,6.0,563,3.0,1898,8.9,4763903,4.0,4871439,4.8,338588,8.2,-9,-1.9
"US000","5","111334","18","0","2021","1","",979,11822,12025,12827,92696134,77106580,2096307,583,"",1.00,1.00,1.00,1.00,1.00,1.00,1.00,1.00,"",-22,-2.2,-623,-5.0,-1009,-7.7,-1125,-8.1,-5867790,-6.0,-4703715,-5.7,-64285,-3.0,6,1.0
"US000","5","111335","18","0","2021","1","",2280,21418,20781,19247,196011506,135510607,6050067,736,"",1.00,1.00,1.00,1.00,1.00,1.00,1.00,1.00,"",-15,-0.7,-455,-2.1,-519,-2.4,-712,-3.6,-1077932,-0.5,-2121225,-1.5,-151191,-2.4,16,2.2
"US000","5","111336","18","0","2021","1","",462,5634,5667,5964,50501663,37981568,1367926,675,"",1.00,1.00,1.00,1.00,1.00,1.00,1.00,1.00,"",18,4.1,-63,-1.1,22,0.4,135,2.3,1307640,2.7,-203496,-0.5,7925,0.6,14,2.1
"US000","5","111339","18","0","2021","1","",2299,21529,21078,21935,161168664,134950291,4464494,576,"",1.00,1.00,1.00,1.00,1.00,1.00,1.00,1.00,"",-60,-2.5,617,3.0,-1387,-6.2,-1014,-4.4,-4557317,-2.7,-4406857,-3.2,-110483,-2.4,-1,-0.2
"US000","5","1114","16","0","2021","1","",9515,149981,156299,171005,1443071797,1131410985,23958416,698,"",1.00,1.00,1.00,1.00,1.00,1.00,1.00,1.00,"",344,3.8,5831,4.0,4789,3.2,5605,3.4,109275021,8.2,64058271,6.0,2813470,13.3,30,4.5
"US000","5","11141","17","0","2021","1","",2347,39960,40893,42065,395466936,316666916,7444030,742,"",1.00,1.00,1.00,1.00,1.00,1.00,1.00,1.00,"",312,15.3,4943,14.1,5198,14.6,5874,16.2,52746024,15.4,40574681,14.7,1605945,27.5,2,0.3
"US000","5","111411","18","0","2021","1","",255,10289,10224,10336,100280667,78772310,1453151,750,"",1.00,1.00,1.00,1.00,1.00,1.00,1.00,1.00,"",22,9.4,-597,-5.5,-785,-7.1,-652,-5.9,-6598238,-6.2,-4588984,-5.5,84755,6.2,0,0.0
"US000","5","111419","18","0","2021","1","",2092,29671,30669,31729,295186269,237894606,5990879,740,"",1.00,1.00,1.00,1.00,1.00,1.00,1.00,1.00,"",290,16.1,5540,23.0,5983,24.2,6526,25.9,59344262,25.2,45163665,23.4,1521190,34.0,5,0.7
"US000","5","11142","17","0","2021","1","",7168,110021,115406,128940,1047604861,814744069,16514386,682,"",1.00,1.00,1.00,1.00,1.00,1.00,1.00,1.00,"",32,0.4,888,0.8,-409,-0.4,-269,-0.2,56528997,5.7,23483590,3.0,1207525,7.9,36,5.6
"US000","5","111421","18","0","2021","1","",5020,72874,74475,82514,677768119,534927154,11302192,680,"",1.00,1.00,1.00,1.00,1.00,1.00,1.00,1.00,"",63,1.3,2197,3.1,1517,2.1,1933,2.4,34951002,5.4,25514368,5.0,951500,9.2,18,2.7
"US000","5","111422","18","0","2021","1","",2148,37147,40931,46426,369836742,279816915,5212194,685,"",1.00,1.00,1.00,1.00,1.00,1.00,1.00,1.00,"",-31,-1.4,-1309,-3.4,-1926,-4.5,-2202,-4.5,21577995,6.2,-2030778,-0.7,256025,5.2,67,10.8
"US000","5","1119","16","0","2021","1","",11071,57880,58484,62898,563614492,446480825,9921034,726,"",1.00,1.00,1.00,1.00,1.00,1.00,1.00,1.00,"",326,3.0,2336,4.2,412,0.7,1938,3.2,3878654,0.7,9240627,2.1,847105,9.3,-14,-1.9
"US000","5","11191","17","0","2021","1","",395,1572,1607,1656,11850129,11108642,66680,566,"",1.00,1.00,1.00,1.00,1.00,1.00,1.00,1.00,"",-40,-9.2,-109,-6.5,-102,-6.0,-164,-9.0,-567388,-4.6,-649473,-5.5,1648,2.5,16,2.9
"US000","5","111910","18","0","2021","1","",395,1572,1607,1656,11850129,11108642,66680,566,"",1.00,1.00,1.00,1.00,1.00,1.00,1.00,1.00,"",-40,-9.2,-109,-6.5,-102,-6.0,-164,-9.0,-567388,-4.6,-649473,-5.5,1648,2.5,16,2.9
"US000","5","11192","17","0","2021","1","",2785,9726,9724,10392,86032306,66656426,1303559,665,"",1.00,1.00,1.00,1.00,1.00,1.00,1.00,1.00,"",-67,-2.3,-410,-4.0,-592,-5.7,-323,-3.0,-6865530,-7.4,-3230818,-4.6,-83313,-6.0,-23,-3.3
"US000","5","111920","18","0","2021","1","",2785,9726,9724,10392,86032306,66656426,1303559,665,"",1.00,1.00,1.00,1.00,1.00,1.00,1.00,1.00,"",-67,-2.3,-410,-4.0,-592,-5.7,-323,-3.0,-6865530,-7.4,-3230818,-4.6,-83313,-6.0,-23,-3.3
"US000","5","11193","17","0","2021","1","",271,3552,3482,3552,51528567,23525168,817570,1123,"",1.00,1.00,1.00,1.00,1.00,1.00,1.00,1.00,"",-2,-0.7,14,0.4,-45,-1.3,-76,-2.1,-4048171,-7.3,26214,0.1,45829,5.9,-76,-6.3
"US000","5","111930","18","0","2021","1","",271,3552,3482,3552,51528567,23525168,817570,1123,"",1.00,1.00,1.00,1.00,1.00,1.00,1.00,1.00,"",-2,-0.7,14,0.4,-45,-1.3,-76,-2.1,-4048171,-7.3,26214,0.1,45829,5.9,-76,-6.3
"US000","5","11194","17","0","2021","1","",1767,7473,7675,8112,72139125,59499755,1410878,716,"",1.00,1.00,1.00,1.00,1.00,1.00,1.00,1.00,"",-8,-0.5,-96,-1.3,-185,-2.4,-144,-1.7,370331,0.5,-31981,-0.1,35632,2.6,17,2.4
"US000","5","111940","18","0","2021","1","",1767,7473,7675,8112,72139125,59499755,1410878,716,"",1.00,1.00,1.00,1.00,1.00,1.00,1.00,1.00,"",-8,-0.5,-96,-1.3,-185,-2.4,-144,-1.7,370331,0.5,-31981,-0.1,35632,2.6,17,2.4
"US000","5","11199","17","0","2021","1","",5853,35557,35996,39186,342064365,285690834,6322347,713,"",1.00,1.00,1.00,1.00,1.00,1.00,1.00,1.00,"",443,8.2,2937,9.0,1336,3.9,2645,7.2,14989412,4.6,13126685,4.8,847309,15.5,-14,-1.9
"US000","5","111991","18","0","2021","1","",346,1128,1151,1298,11140159,10507810,168983,719,"",1.00,1.00,1.00,1.00,1.00,1.00,1.00,1.00,"",0,0.0,-80,-6.6,-63,-5.2,-71,-5.2,-65551,-0.6,-334877,-3.1,-3479,-2.0,37,5.4
"US000","5","111992","18","0","2021","1","",217,941,943,1009,7252053,6224930,47651,578,"",1.00,1.00,1.00,1.00,1.00,1.00,1.00,1.00,"",3,1.4,2,0.2,5,0.5,15,1.5,89346,1.2,46036,0.7,6080,14.6,2,0.3
"US000","5","111998","18","0","2021","1","",5290,33488,33902,36879,323672153,268958094,6105713,716,"",1.00,1.00,1.00,1.00,1.00,1.00,1.00,1.00,"",440,9.1,3015,9.9,1394,4.3,2701,7.9,14965617,4.8,13415526,5.2,844708,16.1,-17,-2.3
"US000","5","112","15","0","2021","1","",27257,259981,260018,262088,2743338730,2171873802,25489757,809,"",1.00,1.00,1.00,1.00,1.00,1.00,1.00,1.00,"",386,1.4,-2047,-0.8,-2382,-0.9,-2319,-0.9,37835445,1.4,-5977753,-0.3,2386647,10.3,18,2.3
"US000","5","1121","16","0","2021","1","",17524,157267,156811,157989,1560049540,1289747859,14976612,763,"",1.00,1.00,1.00,1.00,1.00,1.00,1.00,1.00,"",116,0.7,165,0.1,-526,-0.3,-862,-0.5,48713637,3.2,17789848,1.4,1768342,13.4,26,3.5
"US000","5","11211","17","0","2021","1","",10567,52740,52683,53411,538529233,419324302,4595789,782,"",1.00,1.00,1.00,1.00,1.00,1.00,1.00,1.00,"",172,1.7,342,0.7,294,0.6,549,1.0,21208077,4.1,7382557,1.8,603178,15.1,25,3.3
"US000","5","112111","18","0","2021","1","",9447,38123,38185,38881,367034404,289518779,3307240,735,"",1.00,1.00,1.00,1.00,1.00,1.00,1.00,1.00,"",167,1.8,283,0.7,268,0.7,525,1.4,17752712,5.1,6118981,2.2,379193,13.0,29,4.1
"US000","5","112112","18","0","2021","1","",1120,14617,14498,14530,171494829,129805523,1288549,907,"",1.00,1.00,1.00,1.00,1.00,1.00,1.00,1.00,"",5,0.4,59,0.4,26,0.2,24,0.2,3455365,2.1,1263576,1.0,223985,21.0,16,1.8
"US000","5","11212","17","0","2021","1","",6957,104527,104128,104578,1021520307,870423557,10380823,753,"",1.00,1.00,1.00,1.00,1.00,1.00,1.00,1.00,"",-56,-0.8,-177,-0.2,-820,-0.8,-1411,-1.3,27505560,2.8,10407291,1.2,1165164,12.6,26,3.6
"US000","5","112120","18","0","2021","1","",6957,104527,104128,104578,1021520307,870423557,10380823,753,"",1.00,1.00,1.00,1.00,1.00,1.00,1.00,1.00,"",-56,-0.8,-177,-0.2,-820,-0.8,-1411,-1.3,27505560,2.8,10407291,1.2,1165164,12.6,26,3.6
"US000","5","1122","16","0","2021","1","",2399,30151,30031,30142,308137560,274420529,1845034,787,"",1.00,1.00,1.00,1.00,1.00,1.00,1.00,1.00,"",-28,-1.2,-900,-2.9,-936,-3.0,-844,-2.7,-16154055,-5.0,-12846312,-4.5,75318,4.3,-18,-2.2
"US000","5","11221","17","0","2021","1","",2399,30151,30031,30142,308137560,274420529,1845034,787,"",1.00,1.00,1.00,1.00,1.00,1.00,1.00,1.00,"",-28,-1.2,-900,-2.9,-936,-3.0,-844,-2.7,-16154055,-5.0,-12846312,-4.5,75318,4.3,-18,-2.2
"US000","5","112210","18","0","2021","1","",2399,30151,30031,30142,308137560,274420529,1845034,787,"",1.00,1.00,1.00,1.00,1.00,1.00,1.00,1.00,"",-28,-1.2,-900,-2.9,-936,-3.0,-844,-2.7,-16154055,-5.0,-12846312,-4.5,75318,4.3,-18,-2.2
"US000","5","1123","16","0","2021","1","",2277,44729,44963,44996,493101320,386281207,4778930,845,"",1.00,1.00,1.00,1.00,1.00,1.00,1.00,1.00,"",79,3.6,-1099,-2.4,-750,-1.6,-760,-1.7,-10914539,-2.2,-11180544,-2.8,359796,8.1,-2,-0.2
"US000","5","11231","17","0","2021","1","",751,21863,21920,21745,239965983,183063177,2771620,845,"",1.00,1.00,1.00,1.00,1.00,1.00,1.00,1.00,"",25,3.4,-768,-3.4,-549,-2.4,-716,-3.2,-5778532,-2.4,-10781391,-5.6,137094,5.2,6,0.7
"US000","5","112310","18","0","2021","1","",751,21863,21920,21745,239965983,183063177,2771620,845,"",1.00,1.00,1.00,1.00,1.00,1.00,1.00,1.00,"",25,3.4,-768,-3.4,-549,-2.4,-716,-3.2,-5778532,-2.4,-10781391,-5.6,137094,5.2,6,0.7
"US000","5","11232","17","0","2021","1","",601,7122,7083,7104,82690382,68101352,594851,896,"",1.00,1.00,1.00,1.00,1.00,1.00,1.00,1.00,"",26,4.5,-148,-2.0,-201,-2.8,-215,-2.9,-4327302,-5.0,-2167149,-3.1,82211,16.0,-22,-2.4
"US000","5","112320","18","0","2021","1","",601,7122,7083,7104,82690382,68101352,594851,896,"",1.00,1.00,1.00,1.00,1.00,1.00,1.00,1.00,"",26,4.5,-148,-2.0,-201,-2.8,-215,-2.9,-4327302,-5.0,-2167149,-3.1,82211,16.0,-22,-2.4
"US000","5","11233","17","0","2021","1","",346,4885,4877,4897,50069039,43453921,365479,788,"",1.00,1.00,1.00,1.00,1.00,1.00,1.00,1.00,"",-1,-0.3,-87,-1.7,-68,-1.4,-84,-1.7,-1639415,-3.2,-781197,-1.8,-22173,-5.7,-13,-1.6
"US000","5","112330","18","0","2021","1","",346,4885,4877,4897,50069039,43453921,365479,788,"",1.00,1.00,1.00,1.00,1.00,1.00,1.00,1.00,"",-1,-0.3,-87,-1.7,-68,-1.4,-84,-1.7,-1639415,-3.2,-781197,-1.8,-22173,-5.7,-13,-1.6
"US000","5","11234","17","0","2021","1","",429,9272,9473,9566,104179317,79716643,816373,849,"",1.00,1.00,1.00,1.00,1.00,1.00,1.00,1.00,"",14,3.4,68,0.7,200,2.2,330,3.6,1400213,1.4,3178277,4.2,122377,17.6,-7,-0.8
"US000","5","112340","18","0","2021","1","",429,9272,9473,9566,104179317,79716643,816373,849,"",1.00,1.00,1.00,1.00,1.00,1.00,1.00,1.00,"",14,3.4,68,0.7,200,2.2,330,3.6,1400213,1.4,3178277,4.2,122377,17.6,-7,-0.8
"US000","5","11239","17","0","2021","1","",150,1587,1610,1684,16196599,11946114,230607,766,"",1.00,1.00,1.00,1.00,1.00,1.00,1.00,1.00,"",15,11.1,-164,-9.4,-132,-7.6,-75,-4.3,-569503,-3.4,-629084,-5.0,40287,21.2,29,3.9
"US000","5","112390","18","0","2021","1","",150,1587,1610,1684,16196599,11946114,230607,766,"",1.00,1.00,1.00,1.00,1.00,1.00,1.00,1.00,"",15,11.1,-164,-9.4,-132,-7.6,-75,-4.3,-569503,-3.4,-629084,-5.0,40287,21.2,29,3.9
"US000","5","1124","16","0","2021","1","",385,1530,1558,1583,12618353,10913996,161599,623,"",1.00,1.00,1.00,1.00,1.00,1.00,1.00,1.00,"",29,8.1,46,3.1,66,4.4,39,2.5,818755,6.9,572122,5.5,26714,19.8,21,3.5
"US000","5","11241","17","0","2021","1","",242,981,999,1032,8686861,7419834,101576,666,"",1.00,1.00,1.00,1.00,1.00,1.00,1.00,1.00,"",16,7.1,19,2.0,24,2.5,31,3.1,677185,8.5,433974,6.2,14446,16.6,37,5.9
"US000","5","112410","18","0","2021","1","",242,981,999,1032,8686861,7419834,101576,666,"",1.00,1.00,1.00,1.00,1.00,1.00,1.00,1.00,"",16,7.1,19,2.0,24,2.5,31,3.1,677185,8.5,433974,6.2,14446,16.6,37,5.9
"US000","5","11242","17","0","2021","1","",143,549,559,551,3931492,3494162,60023,547,"",1.00,1.00,1.00,1.00,1.00,1.00,1.00,1.00,"",13,10.0,27,5.2,42,8.1,8,1.5,141570,3.7,138148,4.1,12268,25.7,-6,-1.1
"US000","5","112420","18","0","2021","1","",143,549,559,551,3931492,3494162,60023,547,"",1.00,1.00,1.00,1.00,1.00,1.00,1.00,1.00,"",13,10.0,27,5.2,42,8.1,8,1.5,141570,3.7,138148,4.1,12268,25.7,-6,-1.1
"US000","5","1125","16","0","2021","1","",956,6434,6532,6997,67462645,53616394,839550,780,"",1.00,1.00,1.00,1.00,1.00,1.00,1.00,1.00,"",40,4.4,-251,-3.8,-230,-3.4,19,0.3,-1480760,-2.1,-244370,-0.5,64172,8.3,1,0.1
"US000","5","11251","17","0","2021","1","",956,6434,6532,6997,67462645,53616394,839550,780,"",1.00,1.00,1.00,1.00,1.00,1.00,1.00,1.00,"",40,4.4,-251,-3.8,-230,-3.4,19,0.3,-1480760,-2.1,-244370,-0.5,64172,8.3,1,0.1
"US000","5","112511","18","0","2021","1","",467,3366,3436,3633,34821187,27601106,425323,770,"",1.00,1.00,1.00,1.00,1.00,1.00,1.00,1.00,"",13,2.9,-52,-1.5,-56,-1.6,12,0.3,-620784,-1.8,577831,2.1,-2584,-0.6,-7,-0.9
"US000","5","112512","18","0","2021","1","",325,2284,2309,2542,22424252,19424412,300421,725,"",1.00,1.00,1.00,1.00,1.00,1.00,1.00,1.00,"",16,5.2,-166,-6.8,-145,-5.9,18,0.7,-940404,-4.0,-761391,-3.8,45569,17.9,-1,-0.1
"US000","5","112519","18","0","2021","1","",164,784,787,822,10217206,6590876,113806,985,"",1.00,1.00,1.00,1.00,1.00,1.00,1.00,1.00,"",11,7.2,-33,-4.0,-29,-3.6,-11,-1.3,80428,0.8,-60810,-0.9,21187,22.9,36,3.8
"US000","5","1129","16","0","2021","1","",3716,19870,20123,20381,301969312,156893817,2888032,1154,"",1.00,1.00,1.00,1.00,1.00,1.00,1.00,1.00,"",150,4.2,-8,0.0,-6,0.0,89,0.4,16852407,5.9,-68497,0.0,92305,3.3,63,5.8
"US000","5","11291","17","0","2021","1","",739,3241,3416,3553,33659501,25933770,544183,761,"",1.00,1.00,1.00,1.00,1.00,1.00,1.00,1.00,"",34,4.8,22,0.7,52,1.5,50,1.4,1240006,3.8,907217,3.6,30769,6.0,19,2.6
"US000","5","112910","18","0","2021","1","",739,3241,3416,3553,33659501,25933770,544183,761,"",1.00,1.00,1.00,1.00,1.00,1.00,1.00,1.00,"",34,4.8,22,0.7,52,1.5,50,1.4,1240006,3.8,907217,3.6,30769,6.0,19,2.6
"US000","5","11292","17","0","2021","1","",1406,5722,5801,5803,53351138,41921448,554688,711,"",1.00,1.00,1.00,1.00,1.00,1.00,1.00,1.00,"",36,2.6,-49,-0.8,-100,-1.7,-84,-1.4,-1477474,-2.7,-1036061,-2.4,20265,3.8,-10,-1.4
"US000","5","112920","18","0","2021","1","",1406,5722,5801,5803,53351138,41921448,554688,711,"",1.00,1.00,1.00,1.00,1.00,1.00,1.00,1.00,"",36,2.6,-49,-0.8,-100,-1.7,-84,-1.4,-1477474,-2.7,-1036061,-2.4,20265,3.8,-10,-1.4
"US000","5","11293","17","0","2021","1","",84,623,602,633,4922188,4697614,30980,611,"",1.00,1.00,1.00,1.00,1.00,1.00,1.00,1.00,"",-6,-6.7,-121,-16.3,-87,-12.6,-66,-9.4,-706455,-12.6,-520786,-10.0,715,2.4,2,0.3
"US000","5","112930","18","0","2021","1","",84,623,602,633,4922188,4697614,30980,611,"",1.00,1.00,1.00,1.00,1.00,1.00,1.00,1.00,"",-6,-6.7,-121,-16.3,-87,-12.6,-66,-9.4,-706455,-12.6,-520786,-10.0,715,2.4,2,0.3
"US000","5","11299","17","0","2021","1","",1487,10284,10304,10392,210036485,84340985,1758181,1565,"",1.00,1.00,1.00,1.00,1.00,1.00,1.00,1.00,"",86,6.1,140,1.4,129,1.3,189,1.9,17796330,9.3,581133,0.7,40556,2.4,112,7.7
"US000","5","112990","18","0","2021","1","",1487,10284,10304,10392,210036485,84340985,1758181,1565,"",1.00,1.00,1.00,1.00,1.00,1.00,1.00,1.00,"",86,6.1,140,1.4,129,1.3,189,1.9,17796330,9.3,581133,0.7,40556,2.4,112,7.7
"US000","5","113","15","0","2021","1","",8966,51344,50731,50636,607278715,487952589,9908440,918,"",1.00,1.00,1.00,1.00,1.00,1.00,1.00,1.00,"",-19,-0.2,-584,-1.1,-823,-1.6,-394,-0.8,5416276,0.9,6273247,1.3,611695,6.6,19,2.1
"US000","5","1131","16","0","2021","1","",660,3025,2978,2939,52019452,33467857,409798,1342,"",1.00,1.00,1.00,1.00,1.00,1.00,1.00,1.00,"",25,3.9,-33,-1.1,-59,-1.9,-24,-0.8,4513909,9.5,1617799,5.1,67936,19.9,132,10.9
"US000","5","11311","17","0","2021","1","",660,3025,2978,2939,52019452,33467857,409798,1342,"",1.00,1.00,1.00,1.00,1.00,1.00,1.00,1.00,"",25,3.9,-33,-1.1,-59,-1.9,-24,-0.8,4513909,9.5,1617799,5.1,67936,19.9,132,10.9
"US000","5","113110","18","0","2021","1","",660,3025,2978,2939,52019452,33467857,409798,1342,"",1.00,1.00,1.00,1.00,1.00,1.00,1.00,1.00,"",25,3.9,-33,-1.1,-59,-1.9,-24,-0.8,4513909,9.5,1617799,5.1,67936,19.9,132,10.9
"US000","5","1132","16","0","2021","1","",330,1904,1860,1880,20033973,14476496,315640,819,"",1.00,1.00,1.00,1.00,1.00,1.00,1.00,1.00,"",17,5.4,-75,-3.8,-108,-5.5,-114,-5.7,-741534,-3.6,-69803,-0.5,25227,8.7,12,1.5
"US000","5","11321","17","0","2021","1","",330,1904,1860,1880,20033973,14476496,315640,819,"",1.00,1.00,1.00,1.00,1.00,1.00,1.00,1.00,"",17,5.4,-75,-3.8,-108,-5.5,-114,-5.7,-741534,-3.6,-69803,-0.5,25227,8.7,12,1.5
"US000","5","113210","18","0","2021","1","",330,1904,1860,1880,20033973,14476496,315640,819,"",1.00,1.00,1.00,1.00,1.00,1.00,1.00,1.00,"",17,5.4,-75,-3.8,-108,-5.5,-114,-5.7,-741534,-3.6,-69803,-0.5,25227,8.7,12,1.5
"US000","5","1133","16","0","2021","1","",7976,46415,45893,45817,535225290,440008236,9183002,894,"",1.00,1.00,1.00,1.00,1.00,1.00,1.00,1.00,"",-61,-0.8,-476,-1.0,-656,-1.4,-256,-0.6,1643901,0.3,4725251,1.1,518532,6.0,11,1.2
"US000","5","11331","17","0","2021","1","",7976,46415,45893,45817,535225290,440008236,9183002,894,"",1.00,1.00,1.00,1.00,1.00,1.00,1.00,1.00,"",-61,-0.8,-476,-1.0,-656,-1.4,-256,-0.6,1643901,0.3,4725251,1.1,518532,6.0,11,1.2
"US000","5","113310","18","0","2021","1","",7976,46415,45893,45817,535225290,440008236,9183002,894,"",1.00,1.00,1.00,1.00,1.00,1.00,1.00,1.00,"",-61,-0.8,-476,-1.0,-656,-1.4,-256,-0.6,1643901,0.3,4725251,1.1,518532,6.0,11,1.2
"US000","5","114","15","0","2021","1","",2665,7304,7323,7573,110429615,80611039,3608242,1148,"",1.00,1.00,1.00,1.00,1.00,1.00,1.00,1.00,"",51,2.0,-221,-2.9,-144,-1.9,219,3.0,-4084504,-3.6,-3888526,-4.6,84007,2.4,-35,-3.0
"US000","5","1141","16","0","2021","1","",2151,5263,5339,5540,91781347,65802640,3379362,1312,"",1.00,1.00,1.00,1.00,1.00,1.00,1.00,1.00,"",34,1.6,-282,-5.1,-184,-3.3,111,2.0,-4786079,-5.0,-4842074,-6.9,51926,1.6,-39,-2.9
"US000","5","11411","17","0","2021","1","",2151,5263,5339,5540,91781347,65802640,3379362,1312,"",1.00,1.00,1.00,1.00,1.00,1.00,1.00,1.00,"",34,1.6,-282,-5.1,-184,-3.3,111,2.0,-4786079,-5.0,-4842074,-6.9,51926,1.6,-39,-2.9
"US000","5","114111","18","0","2021","1","",966,2806,3001,3054,47083786,38364413,1759841,1226,"",1.00,1.00,1.00,1.00,1.00,1.00,1.00,1.00,"",-12,-1.2,-190,-6.3,-110,-3.5,-22,-0.7,-8658183,-15.5,-4880794,-11.3,-48614,-2.7,-175,-12.5
"US000","5","114112","18","0","2021","1","",1057,2041,1999,2164,38416350,23159823,1486710,1429,"",1.00,1.00,1.00,1.00,1.00,1.00,1.00,1.00,"",27,2.6,-122,-5.6,-99,-4.7,93,4.5,4207506,12.3,217207,0.9,90859,6.5,182,14.6
"US000","5","114119","18","0","2021","1","",128,416,339,322,6281211,4278404,132811,1346,"",1.00,1.00,1.00,1.00,1.00,1.00,1.00,1.00,"",19,17.4,30,7.8,25,8.0,40,14.2,-335402,-5.1,-178487,-4.0,9681,7.9,-209,-13.4
"US000","5","1142","16","0","2021","1","",514,2041,1984,2033,18648268,14808399,228880,710,"",1.00,1.00,1.00,1.00,1.00,1.00,1.00,1.00,"",17,3.4,61,3.1,40,2.1,108,5.6,701575,3.9,953548,6.9,32081,16.3,2,0.3
"US000","5","11421","17","0","2021","1","",514,2041,1984,2033,18648268,14808399,228880,710,"",1.00,1.00,1.00,1.00,1.00,1.00,1.00,1.00,"",17,3.4,61,3.1,40,2.1,108,5.6,701575,3.9,953548,6.9,32081,16.3,2,0.3
"US000","5","114210","18","0","2021","1","",514,2041,1984,2033,18648268,14808399,228880,710,"",1.00,1.00,1.00,1.00,1.00,1.00,1.00,1.00,"",17,3.4,61,3.1,40,2.1,108,5.6,701575,3.9,953548,6.9,32081,16.3,2,0.3
"US000","5","115","15","0","2021","1","",20866,333895,337317,325769,2965813266,2265613916,90321036,686,"",1.00,1.00,1.00,1.00,1.00,1.00,1.00,1.00,"",400,2.0,-9084,-2.6,558,0.2,-1905,-0.6,-23661399,-0.8,-17199873,-0.8,2671914,3.0,1,0.1
"US000","5","1151","16","0","2021","1","",12269,287446,289876,277598,2443443960,1876641492,84548511,660,"",1.00,1.00,1.00,1.00,1.00,1.00,1.00,1.00,"",200,1.7,-9121,-3.1,924,0.3,-2088,-0.7,-45722500,-1.8,-31295354,-1.6,1837369,2.2,-4,-0.6
"US000","5","11511","17","0","2021","1","",12269,287446,289876,277598,2443443960,1876641492,84548511,660,"",1.00,1.00,1.00,1.00,1.00,1.00,1.00,1.00,"",200,1.7,-9121,-3.1,924,0.3,-2088,-0.7,-45722500,-1.8,-31295354,-1.6,1837369,2.2,-4,-0.6
"US000","5","115111","18","0","2021","1","",549,6017,4624,4370,58839739,40356885,1213354,905,"",1.00,1.00,1.00,1.00,1.00,1.00,1.00,1.00,"",-16,-2.8,-1491,-19.9,-847,-15.5,-624,-12.5,-12576424,-17.6,-8008325,-16.6,-152273,-11.2,-12,-1.3
"US000","5","115112","18","0","2021","1","",3857,25199,25651,26526,266917494,192394362,5864726,796,"",1.00,1.00,1.00,1.00,1.00,1.00,1.00,1.00,"",43,1.1,253,1.0,-370,-1.4,-125,-0.5,-2522641,-0.9,222456,0.1,-74573,-1.3,-5,-0.6
"US000","5","115113","18","0","2021","1","",1130,11188,11460,10851,95076650,71105275,3986450,655,"",1.00,1.00,1.00,1.00,1.00,1.00,1.00,1.00,"",19,1.7,154,1.4,772,7.2,-373,-3.3,-2103058,-2.2,-1126805,-1.6,612141,18.1,-26,-3.8
"US000","5","115114","18","0","2021","1","",2202,77869,77232,77425,831058797,592580331,22331072,825,"",1.00,1.00,1.00,1.00,1.00,1.00,1.00,1.00,"",28,1.3,-1804,-2.3,-1500,-1.9,-3513,-4.3,-26906564,-3.1,-17774838,-2.9,974855,4.6,-2,-0.2
"US000","5","115115","18","0","2021","1","",2880,149510,152142,139401,988961212,849348945,47070102,517,"",1.00,1.00,1.00,1.00,1.00,1.00,1.00,1.00,"",63,2.2,-6202,-4.0,2856,1.9,2073,1.5,1114104,0.1,-3558334,-0.4,532775,1.1,2,0.4
"US000","5","115116","18","0","2021","1","",1651,17663,18767,19025,202590068,130855694,4082807,843,"",1.00,1.00,1.00,1.00,1.00,1.00,1.00,1.00,"",63,4.0,-31,-0.2,13,0.1,474,2.6,-2727917,-1.3,-1049508,-0.8,-55556,-1.3,-18,-2.1
"US000","5","1152","16","0","2021","1","",5969,30189,30536,30698,299672616,230199131,3165958,756,"",1.00,1.00,1.00,1.00,1.00,1.00,1.00,1.00,"",93,1.6,-349,-1.1,-386,-1.2,-267,-0.9,995877,0.3,276299,0.1,395699,14.3,10,1.3
"US000","5","11521","17","0","2021","1","",5969,30189,30536,30698,299672616,230199131,3165958,756,"",1.00,1.00,1.00,1.00,1.00,1.00,1.00,1.00,"",93,1.6,-349,-1.1,-386,-1.2,-267,-0.9,995877,0.3,276299,0.1,395699,14.3,10,1.3
"US000","5","115210","18","0","2021","1","",5969,30189,30536,30698,299672616,230199131,3165958,756,"",1.00,1.00,1.00,1.00,1.00,1.00,1.00,1.00,"",93,1.6,-349,-1.1,-386,-1.2,-267,-0.9,995877,0.3,276299,0.1,395699,14.3,10,1.3
"US000","5","1153","16","0","2021","1","",2628,16260,16905,17473,222696690,158773293,2606567,1015,"",1.00,1.00,1.00,1.00,1.00,1.00,1.00,1.00,"",107,4.2,386,2.4,20,0.1,450,2.6,21065224,10.4,13819182,9.5,438846,20.2,80,8.6
"US000","5","11531","17","0","2021","1","",2628,16260,16905,17473,222696690,158773293,2606567,1015,"",1.00,1.00,1.00,1.00,1.00,1.00,1.00,1.00,"",107,4.2,386,2.4,20,0.1,450,2.6,21065224,10.4,13819182,9.5,438846,20.2,80,8.6
"US000","5","115310","18","0","2021","1","",2628,16260,16905,17473,222696690,158773293,2606567,1015,"",1.00,1.00,1.00,1.00,1.00,1.00,1.00,1.00,"",107,4.2,386,2.4,20,0.1,450,2.6,21065224,10.4,13819182,9.5,438846,20.2,80,8.6
"US000","5","21","14","0","2021","1","",31255,492197,492099,499945,14912559120,6095495904,142685482,2319,"",1.00,1.00,1.00,1.00,1.00,1.00,1.00,1.00,"",-866,-2.7,-134755,-21.5,-133046,-21.3,-120581,-19.4,-5085761214,-25.4,-1599729380,-20.8,-8807061,-5.8,-145,-5.9
"US000","5","211","15","0","2021","1","",6543,116183,114463,112917,6451538836,1513197998,27058118,4333,"",1.00,1.00,1.00,1.00,1.00,1.00,1.00,1.00,"",-299,-4.4,-19181,-14.2,-20407,-15.1,-21091,-15.7,-2188803212,-25.3,-201075377,-11.7,-41040,-0.2,-600,-12.2
"US000","5","2111","16","0","2021","1","",6543,116183,114463,112917,6451538836,1513197998,27058118,4333,"",1.00,1.00,1.00,1.00,1.00,1.00,1.00,1.00,"",-299,-4.4,-19181,-14.2,-20407,-15.1,-21091,-15.7,-2188803212,-25.3,-201075377,-11.7,-41040,-0.2,-600,-12.2
"US000","5","21112","17","0","2021","1","",4515,85555,84083,82745,5040811776,1103034672,18442226,4609,"",1.00,1.00,1.00,1.00,1.00,1.00,1.00,1.00,"",-179,-3.8,-14685,-14.6,-15866,-15.9,-16651,-16.8,-1823997637,-26.6,-168740790,-13.3,-1311659,-6.6,-679,-12.8
"US000","5","211120","18","0","2021","1","",4515,85555,84083,82745,5040811776,1103034672,18442226,4609,"",1.00,1.00,1.00,1.00,1.00,1.00,1.00,1.00,"",-179,-3.8,-14685,-14.6,-15866,-15.9,-16651,-16.8,-1823997637,-26.6,-168740790,-13.3,-1311659,-6.6,-679,-12.8
"US000","5","21113","17","0","2021","1","",2028,30628,30380,30172,1410727060,410163326,8615892,3570,"",1.00,1.00,1.00,1.00,1.00,1.00,1.00,1.00,"",-120,-5.6,-4496,-12.8,-4541,-13.0,-4440,-12.8,-364805575,-20.5,-32334587,-7.3,1270619,17.3,-345,-8.8
"US000","5","211130","18","0","2021","1","",2028,30628,30380,30172,1410727060,410163326,8615892,3570,"",1.00,1.00,1.00,1.00,1.00,1.00,1.00,1.00,"",-120,-5.6,-4496,-12.8,-4541,-13.0,-4440,-12.8,-364805575,-20.5,-32334587,-7.3,1270619,17.3,-345,-8.8
"US000","5","212","15","0","2021","1","",7214,168348,167107,170812,3644048182,2215592793,53620838,1661,"",1.00,1.00,1.00,1.00,1.00,1.00,1.00,1.00,"",209,3.0,-13114,-7.2,-12846,-7.1,-10283,-5.7,-190854651,-5.0,-139424502,-5.9,773309,1.5,30,1.8
"US000","5","2121","16","0","2021","1","",776,37394,37373,37463,848655519,505241718,11097678,1745,"",1.00,1.00,1.00,1.00,1.00,1.00,1.00,1.00,"",-51,-6.2,-8990,-19.4,-7945,-17.5,-7096,-15.9,-206815819,-19.6,-101682245,-16.8,-1488667,-11.8,-43,-2.4
"US000","5","21211","17","0","2021","1","",776,37394,37373,37463,848655519,505241718,11097678,1745,"",1.00,1.00,1.00,1.00,1.00,1.00,1.00,1.00,"",-51,-6.2,-8990,-19.4,-7945,-17.5,-7096,-15.9,-206815819,-19.6,-101682245,-16.8,-1488667,-11.8,-43,-2.4
"US000","5","212111","18","0","2021","1","",425,15794,15798,15774,379160736,251757417,4803867,1847,"",1.00,1.00,1.00,1.00,1.00,1.00,1.00,1.00,"",-43,-9.2,-4590,-22.5,-4319,-21.5,-4170,-20.9,-91529174,-19.4,-52959255,-17.4,-45037,-0.9,50,2.8
"US000","5","212112","18","0","2021","1","",297,20775,20760,20833,457460141,245424551,5852281,1693,"",1.00,1.00,1.00,1.00,1.00,1.00,1.00,1.00,"",-3,-1.0,-4284,-17.1,-3486,-14.4,-2850,-12.0,-113464030,-19.9,-47739754,-16.3,-1324785,-18.5,-112,-6.2
"US000","5","212113","18","0","2021","1","",54,825,815,856,12034642,8059750,441530,1113,"",1.00,1.00,1.00,1.00,1.00,1.00,1.00,1.00,"",-5,-8.5,-116,-12.3,-140,-14.7,-76,-8.2,-1822615,-13.2,-983236,-10.9,-118845,-21.2,-18,-1.6
"US000","5","2122","16","0","2021","1","",621,41121,40736,40958,1239254800,761301224,13009485,2329,"",1.00,1.00,1.00,1.00,1.00,1.00,1.00,1.00,"",243,64.3,-1285,-3.0,-1260,-3.0,-1091,-2.6,105236746,9.3,4673242,0.6,1455990,12.6,259,12.5
"US000","5","21221","17","0","2021","1","",27,5040,5028,5101,141897169,114966111,4713192,2159,"",1.00,1.00,1.00,1.00,1.00,1.00,1.00,1.00,"",1,3.8,-142,-2.7,-151,-2.9,11,0.2,12064818,9.3,4791907,4.3,58716,1.3,220,11.3
"US000","5","212210","18","0","2021","1","",27,5040,5028,5101,141897169,114966111,4713192,2159,"",1.00,1.00,1.00,1.00,1.00,1.00,1.00,1.00,"",1,3.8,-142,-2.7,-151,-2.9,11,0.2,12064818,9.3,4791907,4.3,58716,1.3,220,11.3
"US000","5","21222","17","0","2021","1","",200,15743,15728,15825,465981050,370575633,4468800,2274,"",1.00,1.00,1.00,1.00,1.00,1.00,1.00,1.00,"",6,3.1,364,2.4,381,2.5,434,2.8,26206410,6.0,7912012,2.2,320656,7.7,73,3.3
"US000","5","212221","18","0","2021","1","",179,14178,14126,14207,417276145,333340403,3969383,2265,"",1.00,1.00,1.00,1.00,1.00,1.00,1.00,1.00,"",3,1.7,182,1.3,129,0.9,164,1.2,7377596,1.8,-1458629,-0.4,132314,3.4,15,0.7
"US000","5","212222","18","0","2021","1","",21,1565,1602,1618,48704905,37235230,499417,2349,"",1.00,1.00,1.00,1.00,1.00,1.00,1.00,1.00,"",3,16.7,182,13.2,252,18.7,270,20.0,18828814,63.0,9370641,33.6,188342,60.5,660,39.1
"US000","5","21223","17","0","2021","1","",81,16247,15863,15879,508867736,189965344,2650190,2447,"",1.00,1.00,1.00,1.00,1.00,1.00,1.00,1.00,"",1,1.2,-1504,-8.5,-1571,-9.0,-1641,-9.4,52856710,11.6,-14332713,-7.0,862574,48.3,450,22.5
"US000","5","212230","18","0","2021","1","",81,16247,15863,15879,508867736,189965344,2650190,2447,"",1.00,1.00,1.00,1.00,1.00,1.00,1.00,1.00,"",1,1.2,-1504,-8.5,-1571,-9.0,-1641,-9.4,52856710,11.6,-14332713,-7.0,862574,48.3,450,22.5
"US000","5","21229","17","0","2021","1","",313,4091,4117,4153,122508845,85794136,1177303,2287,"",1.00,1.00,1.00,1.00,1.00,1.00,1.00,1.00,"",235,301.3,-3,-0.1,81,2.0,105,2.6,14108808,13.0,6302036,7.9,214044,22.2,233,11.3
"US000","5","212291","18","0","2021","1","",25,341,349,335,8908892,4387867,155469,2006,"",1.00,1.00,1.00,1.00,1.00,1.00,1.00,1.00,"",0,0.0,9,2.7,18,5.4,0,0.0,477372,5.7,214237,5.1,23365,17.7,56,2.9
"US000","5","212299","18","0","2021","1","",288,3750,3768,3818,113599953,81406269,1021834,2313,"",1.00,1.00,1.00,1.00,1.00,1.00,1.00,1.00,"",235,443.4,-12,-0.3,63,1.7,105,2.8,13631436,13.6,6087799,8.1,190679,22.9,250,12.1
"US000","5","2123","16","0","2021","1","",5817,89833,88998,92391,1556137863,949049851,29513675,1324,"",1.00,1.00,1.00,1.00,1.00,1.00,1.00,1.00,"",17,0.3,-2839,-3.1,-3641,-3.9,-2096,-2.2,-89275578,-5.4,-42415499,-4.3,805986,2.8,-33,-2.4
"US000","5","21231","17","0","2021","1","",2486,39351,38819,40884,629634689,377989269,12712419,1220,"",1.00,1.00,1.00,1.00,1.00,1.00,1.00,1.00,"",-19,-0.8,-960,-2.4,-1559,-3.9,-626,-1.5,-37723345,-5.7,-18028151,-4.6,-359478,-2.8,-40,-3.2
"US000","5","212311","18","0","2021","1","",573,6455,6368,6676,78143829,58140185,1663318,925,"",1.00,1.00,1.00,1.00,1.00,1.00,1.00,1.00,"",-2,-0.3,-221,-3.3,-237,-3.6,-145,-2.1,-4529696,-5.5,-3081703,-5.0,91687,5.8,-24,-2.5
"US000","5","212312","18","0","2021","1","",1139,20315,19879,21222,325842112,190788998,7397237,1224,"",1.00,1.00,1.00,1.00,1.00,1.00,1.00,1.00,"",-20,-1.7,-646,-3.1,-1132,-5.4,-469,-2.2,-21911674,-6.3,-11357047,-5.6,-447879,-5.7,-37,-2.9
"US000","5","212313","18","0","2021","1","",275,5521,5528,5624,100244670,50378516,939642,1387,"",1.00,1.00,1.00,1.00,1.00,1.00,1.00,1.00,"",1,0.4,-13,-0.2,-14,-0.3,1,0.0,-4791549,-4.6,-318028,-0.6,-54235,-5.5,-65,-4.5
"US000","5","212319","18","0","2021","1","",499,7060,7044,7362,125404078,78681570,2712222,1348,"",1.00,1.00,1.00,1.00,1.00,1.00,1.00,1.00,"",2,0.4,-80,-1.1,-176,-2.4,-13,-0.2,-6490426,-4.9,-3271373,-4.0,50949,1.9,-52,-3.7
"US000","5","21232","17","0","2021","1","",2892,38721,38377,39696,674172930,404889258,13925635,1332,"",1.00,1.00,1.00,1.00,1.00,1.00,1.00,1.00,"",15,0.5,-1550,-3.8,-1736,-4.3,-1082,-2.7,-44023247,-6.1,-17196681,-4.1,936157,7.2,-36,-2.6
"US000","5","212321","18","0","2021","1","",2471,27472,26952,28082,447091349,284971943,10822779,1251,"",1.00,1.00,1.00,1.00,1.00,1.00,1.00,1.00,"",19,0.8,-373,-1.3,-863,-3.1,-375,-1.3,-12551055,-2.7,-6120461,-2.1,198466,1.9,-10,-0.8
"US000","5","212322","18","0","2021","1","",234,5814,5961,6108,111954509,62842320,2345176,1445,"",1.00,1.00,1.00,1.00,1.00,1.00,1.00,1.00,"",0,0.0,-854,-12.8,-616,-9.4,-452,-6.9,-24821242,-18.1,-9349834,-13.0,500582,27.1,-149,-9.3
"US000","5","212324","18","0","2021","1","",63,1751,1774,1795,45636818,16992682,299910,1980,"",1.00,1.00,1.00,1.00,1.00,1.00,1.00,1.00,"",-2,-3.1,-145,-7.6,-103,-5.5,-102,-5.4,-841152,-1.8,-755838,-4.3,120590,67.2,88,4.7
"US000","5","212325","18","0","2021","1","",124,3684,3690,3711,69490254,40082313,457770,1447,"",1.00,1.00,1.00,1.00,1.00,1.00,1.00,1.00,"",-2,-1.6,-178,-4.6,-154,-4.0,-153,-4.0,-5809798,-7.7,-970548,-2.4,116519,34.1,-55,-3.7
"US000","5","21239","17","0","2021","1","",439,11761,11802,11811,252330244,166171324,2875621,1646,"",1.00,1.00,1.00,1.00,1.00,1.00,1.00,1.00,"",21,5.0,-329,-2.7,-346,-2.8,-388,-3.2,-7528986,-2.9,-7190667,-4.1,229307,8.7,0,0.0
"US000","5","212391","18","0","2021","1","",32,3347,3355,3347,91668407,67112414,977766,2105,"",1.00,1.00,1.00,1.00,1.00,1.00,1.00,1.00,"",2,6.7,-169,-4.8,-165,-4.7,-162,-4.6,-7592250,-7.6,-2274616,-3.3,263819,37.0,-67,-3.1
"US000","5","212392","18","0","2021","1","",14,1325,1304,1308,29796078,17502959,81716,1747,"",1.00,1.00,1.00,1.00,1.00,1.00,1.00,1.00,"",0,0.0,-28,-2.1,-56,-4.1,-56,-4.1,1072481,3.7,-1544608,-8.1,-18771,-18.7,121,7.4
"US000","5","212393","18","0","2021","1","",109,2937,2935,2852,57670271,30776832,758037,1526,"",1.00,1.00,1.00,1.00,1.00,1.00,1.00,1.00,"",7,6.9,-162,-5.2,-175,-5.6,-270,-8.6,-3104587,-5.1,-3464822,-10.1,27767,3.8,23,1.5
"US000","5","212399","18","0","2021","1","",284,4152,4208,4304,73195488,50779119,1058102,1334,"",1.00,1.00,1.00,1.00,1.00,1.00,1.00,1.00,"",12,4.4,30,0.7,50,1.2,100,2.4,2095370,2.9,93379,0.2,-43508,-3.9,20,1.5
"US000","5","213","15","0","2021","1","",17498,207666,210529,216216,4816972102,2366705113,62006526,1752,"",1.00,1.00,1.00,1.00,1.00,1.00,1.00,1.00,"",-776,-4.2,-102460,-33.0,-99793,-32.2,-89207,-29.2,-2706103351,-36.0,-1259229501,-34.7,-9539330,-13.3,-123,-6.6
"US000","5","2131","16","0","2021","1","",17498,207666,210529,216216,4816972102,2366705113,62006526,1752,"",1.00,1.00,1.00,1.00,1.00,1.00,1.00,1.00,"",-776,-4.2,-102460,-33.0,-99793,-32.2,-89207,-29.2,-2706103351,-36.0,-1259229501,-34.7,-9539330,-13.3,-123,-6.6
"US000","5","21311","17","0","2021","1","",17498,207666,210529,216216,4816972102,2366705113,62006526,1752,"",1.00,1.00,1.00,1.00,1.00,1.00,1.00,1.00,"",-776,-4.2,-102460,-33.0,-99793,-32.2,-89207,-29.2,-2706103351,-36.0,-1259229501,-34.7,-9539330,-13.3,-123,-6.6
"US000","5","213111","18","0","2021","1","",2192,32952,32867,33757,879122991,382279034,11431684,2037,"",1.00,1.00,1.00,1.00,1.00,1.00,1.00,1.00,"",-78,-3.4,-21037,-39.0,-20925,-38.9,-18955,-36.0,-615690163,-41.2,-262033949,-40.7,-3771241,-24.8,-112,-5.2
"US000","5","213112","18","0","2021","1","",14341,164185,167089,171731,3712629528,1838896250,47142540,1703,"",1.00,1.00,1.00,1.00,1.00,1.00,1.00,1.00,"",-738,-4.9,-80801,-33.0,-78430,-31.9,-69807,-28.9,-2073817163,-35.8,-991260317,-35.0,-5374234,-10.2,-121,-6.6
"US000","5","213113","18","0","2021","1","",337,3483,3507,3509,68369412,37559897,1232439,1503,"",1.00,1.00,1.00,1.00,1.00,1.00,1.00,1.00,"",9,2.7,-644,-15.6,-450,-11.4,-467,-11.7,-10687620,-13.5,-5752337,-13.3,-321755,-20.7,-10,-0.7
"US000","5","213114","18","0","2021","1","",328,3963,3975,4102,99988236,74083903,1369166,1916,"",1.00,1.00,1.00,1.00,1.00,1.00,1.00,1.00,"",20,6.5,90,2.3,61,1.6,129,3.2,-1518373,-1.5,-400578,-0.5,-28123,-2.0,-76,-3.8
"US000","5","213115","18","0","2021","1","",300,3083,3091,3117,56861935,33886029,830697,1412,"",1.00,1.00,1.00,1.00,1.00,1.00,1.00,1.00,"",11,3.8,-68,-2.2,-49,-1.6,-107,-3.3,-4390032,-7.2,217680,0.6,-43977,-5.0,-74,-5.0
"US000","5","22","14","0","2021","1","",20095,539746,541166,541917,18638764036,6623198154,87997690,2650,"",1.00,1.00,1.00,1.00,1.00,1.00,1.00,1.00,"",932,4.9,-4201,-0.8,-3921,-0.7,-3441,-0.6,-140888594,-0.8,112992102,1.7,10428769,13.4,-2,-0.1
"US000","5","221","15","0","2021","1","",20095,539746,541166,541917,18638764036,6623198154,87997690,2650,"",1.00,1.00,1.00,1.00,1.00,1.00,1.00,1.00,"",932,4.9,-4201,-0.8,-3921,-0.7,-3441,-0.6,-140888594,-0.8,112992102,1.7,10428769,13.4,-2,-0.1
"US000","5","2211","16","0","2021","1","",10911,377359,378488,378885,13901299569,4856620061,61063935,2827,"",1.00,1.00,1.00,1.00,1.00,1.00,1.00,1.00,"",764,7.5,-5361,-1.4,-4877,-1.3,-4883,-1.3,-172478379,-1.2,105072995,2.2,10005078,19.6,2,0.1
"US000","5","22111","17","0","2021","1","",4382,140781,141348,141962,5629624899,1833890685,28112900,3063,"",1.00,1.00,1.00,1.00,1.00,1.00,1.00,1.00,"",449,11.4,-2622,-1.8,-2475,-1.7,-2008,-1.4,-93376265,-1.6,7065365,0.4,1716287,6.5,0,0.0
"US000","5","221111","18","0","2021","1","",639,6685,6685,6741,252055154,85245122,1462076,2892,"",1.00,1.00,1.00,1.00,1.00,1.00,1.00,1.00,"",10,1.6,154,2.4,149,2.3,146,2.2,12802493,5.4,1315833,1.6,27491,1.9,84,3.0
"US000","5","221112","18","0","2021","1","",1758,77756,77748,78078,2921403950,1032119790,14985115,2886,"",1.00,1.00,1.00,1.00,1.00,1.00,1.00,1.00,"",11,0.6,-3043,-3.8,-3242,-4.0,-3014,-3.7,-103793544,-3.4,-7651715,-0.7,462387,3.2,12,0.4
"US000","5","221113","18","0","2021","1","",141,37820,38248,38354,1815901875,489366553,6756156,3662,"",1.00,1.00,1.00,1.00,1.00,1.00,1.00,1.00,"",4,2.9,-2386,-5.9,-2155,-5.3,-1838,-4.6,-97002339,-5.1,-17823042,-3.5,288076,4.5,8,0.2
"US000","5","221114","18","0","2021","1","",837,5292,5288,5391,191060112,60538791,1465385,2761,"",1.00,1.00,1.00,1.00,1.00,1.00,1.00,1.00,"",288,52.5,1316,33.1,1330,33.6,1359,33.7,54238372,39.6,12081214,24.9,441914,43.2,122,4.6
"US000","5","221115","18","0","2021","1","",462,7171,7213,7196,240546652,94612502,1900418,2572,"",1.00,1.00,1.00,1.00,1.00,1.00,1.00,1.00,"",48,11.6,584,8.9,600,9.1,497,7.4,25102740,11.7,9032171,10.6,204761,12.1,73,2.9
"US000","5","221116","18","0","2021","1","",42,1152,1150,1144,35470135,12987574,305416,2375,"",1.00,1.00,1.00,1.00,1.00,1.00,1.00,1.00,"",3,7.7,57,5.2,76,7.1,65,6.0,1656188,4.9,751924,6.1,2495,0.8,-27,-1.1
"US000","5","221117","18","0","2021","1","",156,2237,2267,2262,59942105,25192325,640969,2044,"",1.00,1.00,1.00,1.00,1.00,1.00,1.00,1.00,"",12,8.3,389,21.0,404,21.7,385,20.5,10114942,20.3,3921175,18.4,195637,43.9,-14,-0.7
"US000","5","221118","18","0","2021","1","",347,2668,2749,2796,113244916,33828028,597365,3182,"",1.00,1.00,1.00,1.00,1.00,1.00,1.00,1.00,"",73,26.6,307,13.0,363,15.2,392,16.3,3504883,3.2,5437805,19.2,93526,18.6,-359,-10.1
"US000","5","22112","17","0","2021","1","",6529,236578,237140,236923,8271674670,3022729376,32951035,2686,"",1.00,1.00,1.00,1.00,1.00,1.00,1.00,1.00,"",315,5.1,-2739,-1.1,-2402,-1.0,-2875,-1.2,-79102114,-0.9,98007630,3.4,8288791,33.6,4,0.1
"US000","5","221121","18","0","2021","1","",700,25073,25190,25023,1074360428,341508633,3313239,3293,"",1.00,1.00,1.00,1.00,1.00,1.00,1.00,1.00,"",29,4.3,-1541,-5.8,-1528,-5.7,-1650,-6.2,-25234979,-2.3,6562823,2.0,-30359,-0.9,121,3.8
"US000","5","221122","18","0","2021","1","",5829,211505,211950,211900,7197314242,2681220743,29637796,2614,"",1.00,1.00,1.00,1.00,1.00,1.00,1.00,1.00,"",286,5.2,-1198,-0.6,-874,-0.4,-1225,-0.6,-53867135,-0.7,91444807,3.5,8319150,39.0,-6,-0.2
"US000","5","2212","16","0","2021","1","",3076,109834,110138,110051,3841998920,1256646830,19537230,2687,"",1.00,1.00,1.00,1.00,1.00,1.00,1.00,1.00,"",65,2.2,1142,1.1,999,0.9,948,0.9,44834038,1.2,6759804,0.5,-277167,-1.4,7,0.3
"US000","5","22121","17","0","2021","1","",3076,109834,110138,110051,3841998920,1256646830,19537230,2687,"",1.00,1.00,1.00,1.00,1.00,1.00,1.00,1.00,"",65,2.2,1142,1.1,999,0.9,948,0.9,44834038,1.2,6759804,0.5,-277167,-1.4,7,0.3
"US000","5","221210","18","0","2021","1","",3076,109834,110138,110051,3841998920,1256646830,19537230,2687,"",1.00,1.00,1.00,1.00,1.00,1.00,1.00,1.00,"",65,2.2,1142,1.1,999,0.9,948,0.9,44834038,1.2,6759804,0.5,-277167,-1.4,7,0.3
"US000","5","2213","16","0","2021","1","",6108,52553,52540,52981,895465547,509931263,7396525,1307,"",1.00,1.00,1.00,1.00,1.00,1.00,1.00,1.00,"",103,1.7,18,0.0,-43,-0.1,494,0.9,-13244253,-1.5,1159303,0.2,700858,10.5,-24,-1.8
"US000","5","22131","17","0","2021","1","",5305,44787,44832,45293,766556176,431369687,6140243,1311,"",1.00,1.00,1.00,1.00,1.00,1.00,1.00,1.00,"",108,2.1,286,0.6,273,0.6,808,1.8,-3278049,-0.4,2363762,0.6,619802,11.2,-19,-1.4
"US000","5","221310","18","0","2021","1","",5305,44787,44832,45293,766556176,431369687,6140243,1311,"",1.00,1.00,1.00,1.00,1.00,1.00,1.00,1.00,"",108,2.1,286,0.6,273,0.6,808,1.8,-3278049,-0.4,2363762,0.6,619802,11.2,-19,-1.4
"US000","5","22132","17","0","2021","1","",678,6297,6267,6245,94696555,61890133,931325,1162,"",1.00,1.00,1.00,1.00,1.00,1.00,1.00,1.00,"",-4,-0.6,-178,-2.7,-189,-2.9,-181,-2.8,-7568572,-7.4,-721413,-1.2,63649,7.3,-57,-4.7
"US000","5","221320","18","0","2021","1","",678,6297,6267,6245,94696555,61890133,931325,1162,"",1.00,1.00,1.00,1.00,1.00,1.00,1.00,1.00,"",-4,-0.6,-178,-2.7,-189,-2.9,-181,-2.8,-7568572,-7.4,-721413,-1.2,63649,7.3,-57,-4.7
"US000","5","22133","17","0","2021","1","",125,1469,1441,1443,34212816,16671443,324957,1814,"",1.00,1.00,1.00,1.00,1.00,1.00,1.00,1.00,"",-1,-0.8,-90,-5.8,-127,-8.1,-133,-8.4,-2397632,-6.5,-483046,-2.8,17407,5.7,18,1.0
"US000","5","221330","18","0","2021","1","",125,1469,1441,1443,34212816,16671443,324957,1814,"",1.00,1.00,1.00,1.00,1.00,1.00,1.00,1.00,"",-1,-0.8,-90,-5.8,-127,-8.1,-133,-8.4,-2397632,-6.5,-483046,-2.8,17407,5.7,18,1.0
"US000","5","23","14","0","2021","1","",854871,6979645,6941702,7143968,113044202482,68714852197,2115624329,1238,"",1.00,1.00,1.00,1.00,1.00,1.00,1.00,1.00,"",17268,2.1,-218206,-3.0,-287450,-4.0,-128368,-1.8,-2869352268,-2.5,-1685935011,-2.4,24457868,1.2,5,0.4
"US000","5","236","15","0","2021","1","",264478,1570257,1568110,1602493,28786945563,15717046833,451995247,1401,"",1.00,1.00,1.00,1.00,1.00,1.00,1.00,1.00,"",6295,2.4,-56760,-3.5,-64165,-3.9,-29754,-1.8,-771613432,-2.6,-462086732,-2.9,-1772671,-0.4,7,0.5
"US000","5","2361","16","0","2021","1","",205716,814170,817549,834841,13023922059,7448216950,173489211,1219,"",1.00,1.00,1.00,1.00,1.00,1.00,1.00,1.00,"",5272,2.6,7352,0.9,7037,0.9,26856,3.3,660013298,5.3,265883709,3.7,17023104,10.9,43,3.7
"US000","5","23611","17","0","2021","1","",205716,814170,817549,834841,13023922059,7448216950,173489211,1219,"",1.00,1.00,1.00,1.00,1.00,1.00,1.00,1.00,"",5272,2.6,7352,0.9,7037,0.9,26856,3.3,660013298,5.3,265883709,3.7,17023104,10.9,43,3.7
"US000","5","236115","18","0","2021","1","",86457,351340,352939,360283,6065511053,3257165495,70231062,1315,"",1.00,1.00,1.00,1.00,1.00,1.00,1.00,1.00,"",578,0.7,268,0.1,331,0.1,7977,2.3,308343366,5.4,85395917,2.7,4988574,7.6,57,4.5
"US000","5","236116","18","0","2021","1","",4210,37666,37703,37905,840614000,406559033,10813684,1713,"",1.00,1.00,1.00,1.00,1.00,1.00,1.00,1.00,"",126,3.1,137,0.4,-171,-0.5,-325,-0.9,16336857,2.0,5069016,1.3,1008543,10.3,39,2.3
"US000","5","236117","18","0","2021","1","",4857,47268,47673,48234,1436549704,533406810,10046091,2315,"",1.00,1.00,1.00,1.00,1.00,1.00,1.00,1.00,"",112,2.4,226,0.5,505,1.1,916,1.9,113379214,8.6,20564702,4.0,807550,8.7,157,7.3
"US000","5","236118","18","0","2021","1","",110192,377896,379234,388419,4681247302,3251085612,82398374,943,"",1.00,1.00,1.00,1.00,1.00,1.00,1.00,1.00,"",4456,4.2,6721,1.8,6372,1.7,18288,4.9,221953861,5.0,154854074,5.0,10218437,14.2,19,2.1
"US000","5","2362","16","0","2021","1","",58762,756087,750561,767652,15763023504,8268829883,278506036,1599,"",1.00,1.00,1.00,1.00,1.00,1.00,1.00,1.00,"",1023,1.8,-64112,-7.8,-71202,-8.7,-56610,-6.9,-1431626730,-8.3,-727970441,-8.1,-18795775,-6.3,-10,-0.6
"US000","5","23621","17","0","2021","1","",6150,128457,128151,133113,2797856808,1452648243,58200405,1657,"",1.00,1.00,1.00,1.00,1.00,1.00,1.00,1.00,"",52,0.9,-24176,-15.8,-25829,-16.8,-21487,-13.9,-600974561,-17.7,-267023057,-15.5,-11444731,-16.4,-44,-2.6
"US000","5","236210","18","0","2021","1","",6150,128457,128151,133113,2797856808,1452648243,58200405,1657,"",1.00,1.00,1.00,1.00,1.00,1.00,1.00,1.00,"",52,0.9,-24176,-15.8,-25829,-16.8,-21487,-13.9,-600974561,-17.7,-267023057,-15.5,-11444731,-16.4,-44,-2.6
"US000","5","23622","17","0","2021","1","",52612,627630,622410,634539,12965166696,6816181640,220305631,1588,"",1.00,1.00,1.00,1.00,1.00,1.00,1.00,1.00,"",971,1.9,-39936,-6.0,-45373,-6.8,-35123,-5.2,-830652169,-6.0,-460947384,-6.3,-7351044,-3.2,0,0.0
"US000","5","236220","18","0","2021","1","",52612,627630,622410,634539,12965166696,6816181640,220305631,1588,"",1.00,1.00,1.00,1.00,1.00,1.00,1.00,1.00,"",971,1.9,-39936,-6.0,-45373,-6.8,-35123,-5.2,-830652169,-6.0,-460947384,-6.3,-7351044,-3.2,0,0.0
"US000","5","237","15","0","2021","1","",53215,936758,928978,973957,18415290438,9946341524,367260012,1497,"",1.00,1.00,1.00,1.00,1.00,1.00,1.00,1.00,"",878,1.7,-49004,-5.0,-68785,-6.9,-46683,-4.6,-884268193,-4.6,-517284670,-4.9,-2633393,-0.7,14,0.9
"US000","5","2371","16","0","2021","1","",27231,505882,506218,524690,9928000649,5459885289,189725934,1491,"",1.00,1.00,1.00,1.00,1.00,1.00,1.00,1.00,"",619,2.3,-38570,-7.1,-46893,-8.5,-34029,-6.1,-772922267,-7.2,-390034499,-6.7,-2067014,-1.1,0,0.0
"US000","5","23711","17","0","2021","1","",12378,179150,176486,182585,2896599906,1748310758,56135413,1242,"",1.00,1.00,1.00,1.00,1.00,1.00,1.00,1.00,"",23,0.2,-3151,-1.7,-6448,-3.5,-3337,-1.8,-58757183,-2.0,-37053067,-2.1,-78466,-0.1,5,0.4
"US000","5","237110","18","0","2021","1","",12378,179150,176486,182585,2896599906,1748310758,56135413,1242,"",1.00,1.00,1.00,1.00,1.00,1.00,1.00,1.00,"",23,0.2,-3151,-1.7,-6448,-3.5,-3337,-1.8,-58757183,-2.0,-37053067,-2.1,-78466,-0.1,5,0.4
"US000","5","23712","17","0","2021","1","",4127,116575,118116,123829,2466292599,1378964634,65319974,1587,"",1.00,1.00,1.00,1.00,1.00,1.00,1.00,1.00,"",3,0.1,-36843,-24.0,-41965,-26.2,-36643,-22.8,-861733971,-25.9,-407988813,-22.8,-4444165,-6.4,-33,-2.0
"US000","5","237120","18","0","2021","1","",4127,116575,118116,123829,2466292599,1378964634,65319974,1587,"",1.00,1.00,1.00,1.00,1.00,1.00,1.00,1.00,"",3,0.1,-36843,-24.0,-41965,-26.2,-36643,-22.8,-861733971,-25.9,-407988813,-22.8,-4444165,-6.4,-33,-2.0
"US000","5","23713","17","0","2021","1","",10726,210157,211616,218276,4565108144,2332609897,68270547,1646,"",1.00,1.00,1.00,1.00,1.00,1.00,1.00,1.00,"",593,5.9,1424,0.7,1520,0.7,5951,2.8,147568887,3.3,55007381,2.4,2455617,3.7,31,1.9
"US000","5","237130","18","0","2021","1","",10726,210157,211616,218276,4565108144,2332609897,68270547,1646,"",1.00,1.00,1.00,1.00,1.00,1.00,1.00,1.00,"",593,5.9,1424,0.7,1520,0.7,5951,2.8,147568887,3.3,55007381,2.4,2455617,3.7,31,1.9
"US000","5","2372","16","0","2021","1","",5813,34041,34015,34586,995968917,328933562,6172159,2239,"",1.00,1.00,1.00,1.00,1.00,1.00,1.00,1.00,"",-45,-0.8,-2136,-5.9,-2065,-5.7,-1654,-4.6,-11741722,-1.2,-20028508,-5.7,-214405,-3.4,96,4.5
"US000","5","23721","17","0","2021","1","",5813,34041,34015,34586,995968917,328933562,6172159,2239,"",1.00,1.00,1.00,1.00,1.00,1.00,1.00,1.00,"",-45,-0.8,-2136,-5.9,-2065,-5.7,-1654,-4.6,-11741722,-1.2,-20028508,-5.7,-214405,-3.4,96,4.5
"US000","5","237210","18","0","2021","1","",5813,34041,34015,34586,995968917,328933562,6172159,2239,"",1.00,1.00,1.00,1.00,1.00,1.00,1.00,1.00,"",-45,-0.8,-2136,-5.9,-2065,-5.7,-1654,-4.6,-11741722,-1.2,-20028508,-5.7,-214405,-3.4,96,4.5
"US000","5","2373","16","0","2021","1","",11647,284187,278029,300369,5128173630,2975525668,130641194,1372,"",1.00,1.00,1.00,1.00,1.00,1.00,1.00,1.00,"",84,0.7,-5629,-1.9,-14074,-4.8,-6529,-2.1,-58712316,-1.1,-78405512,-2.6,750505,0.6,25,1.9
"US000","5","23731","17","0","2021","1","",11647,284187,278029,300369,5128173630,2975525668,130641194,1372,"",1.00,1.00,1.00,1.00,1.00,1.00,1.00,1.00,"",84,0.7,-5629,-1.9,-14074,-4.8,-6529,-2.1,-58712316,-1.1,-78405512,-2.6,750505,0.6,25,1.9
"US000","5","237310","18","0","2021","1","",11647,284187,278029,300369,5128173630,2975525668,130641194,1372,"",1.00,1.00,1.00,1.00,1.00,1.00,1.00,1.00,"",84,0.7,-5629,-1.9,-14074,-4.8,-6529,-2.1,-58712316,-1.1,-78405512,-2.6,750505,0.6,25,1.9
"US000","5","2379","16","0","2021","1","",8524,112648,110716,114312,2363147242,1181997005,40720725,1615,"",1.00,1.00,1.00,1.00,1.00,1.00,1.00,1.00,"",220,2.6,-2669,-2.3,-5753,-4.9,-4471,-3.8,-40891888,-1.7,-28816151,-2.4,-1102479,-2.6,32,2.0
"US000","5","23799","17","0","2021","1","",8524,112648,110716,114312,2363147242,1181997005,40720725,1615,"",1.00,1.00,1.00,1.00,1.00,1.00,1.00,1.00,"",220,2.6,-2669,-2.3,-5753,-4.9,-4471,-3.8,-40891888,-1.7,-28816151,-2.4,-1102479,-2.6,32,2.0
"US000","5","237990","18","0","2021","1","",8524,112648,110716,114312,2363147242,1181997005,40720725,1615,"",1.00,1.00,1.00,1.00,1.00,1.00,1.00,1.00,"",220,2.6,-2669,-2.3,-5753,-4.9,-4471,-3.8,-40891888,-1.7,-28816151,-2.4,-1102479,-2.6,32,2.0
"US000","5","238","15","0","2021","1","",537178,4472630,4444614,4567518,65841966481,43051463840,1296369070,1127,"",1.00,1.00,1.00,1.00,1.00,1.00,1.00,1.00,"",10095,1.9,-112442,-2.5,-154500,-3.4,-51931,-1.1,-1213470643,-1.8,-706563609,-1.6,28863932,2.3,6,0.5
"US000","5","2381","16","0","2021","1","",107194,876038,851289,896118,11630844832,7982082446,242848298,1023,"",1.00,1.00,1.00,1.00,1.00,1.00,1.00,1.00,"",2769,2.7,-16306,-1.8,-43800,-4.9,-7617,-0.8,-226966479,-1.9,-106754204,-1.3,3263118,1.4,6,0.6
"US000","5","23811","17","0","2021","1","",21961,218592,211702,224009,2962611247,2008895098,59212042,1045,"",1.00,1.00,1.00,1.00,1.00,1.00,1.00,1.00,"",852,4.0,-1555,-0.7,-9036,-4.1,-1283,-0.6,-42904745,-1.4,-7129127,-0.4,1711353,3.0,4,0.4
"US000","5","238111","18","0","2021","1","",15697,103363,99766,107055,1252307717,908716958,23113688,932,"",1.00,1.00,1.00,1.00,1.00,1.00,1.00,1.00,"",677,4.5,3649,3.7,-518,-0.5,3910,3.8,55681097,4.7,45821329,5.3,1583416,7.4,21,2.3
"US000","5","238112","18","0","2021","1","",6264,115229,111936,116954,1710303530,1100178140,36098354,1147,"",1.00,1.00,1.00,1.00,1.00,1.00,1.00,1.00,"",175,2.9,-5204,-4.3,-8518,-7.1,-5193,-4.3,-98585842,-5.5,-52950456,-4.6,127937,0.4,-3,-0.3
"US000","5","23812","17","0","2021","1","",5332,81862,80686,82964,1343842800,842588802,31484900,1263,"",1.00,1.00,1.00,1.00,1.00,1.00,1.00,1.00,"",50,0.9,-4870,-5.6,-6097,-7.0,-3090,-3.6,-35796520,-2.6,-27558574,-3.2,572237,1.9,36,2.9
"US000","5","238121","18","0","2021","1","",1360,12352,12325,12587,177698914,115237135,3712912,1100,"",1.00,1.00,1.00,1.00,1.00,1.00,1.00,1.00,"",7,0.5,-517,-4.0,-639,-4.9,-241,-1.9,-5046333,-2.8,-3034822,-2.6,214360,6.1,9,0.8
"US000","5","238122","18","0","2021","1","",3972,69510,68361,70377,1166143886,727351667,27771988,1292,"",1.00,1.00,1.00,1.00,1.00,1.00,1.00,1.00,"",43,1.1,-4353,-5.9,-5458,-7.4,-2849,-3.9,-30750187,-2.6,-24523752,-3.3,357877,1.3,42,3.4
"US000","5","23813","17","0","2021","1","",11398,83300,83475,84898,957413791,722644445,18241882,878,"",1.00,1.00,1.00,1.00,1.00,1.00,1.00,1.00,"",11,0.1,998,1.2,-1179,-1.4,1597,1.9,9237354,1.0,9353167,1.3,274586,1.5,4,0.5
"US000","5","238131","18","0","2021","1","",9827,66395,66575,67802,716153556,557625337,13055409,823,"",1.00,1.00,1.00,1.00,1.00,1.00,1.00,1.00,"",18,0.2,1723,2.7,-168,-0.3,2175,3.3,17306658,2.5,14865584,2.7,297865,2.3,5,0.6
"US000","5","238132","18","0","2021","1","",1571,16905,16900,17096,241260235,165019108,5186473,1094,"",1.00,1.00,1.00,1.00,1.00,1.00,1.00,1.00,"",-7,-0.4,-725,-4.1,-1011,-5.6,-578,-3.3,-8069304,-3.2,-5512417,-3.2,-23279,-0.4,13,1.2
"US000","5","23814","17","0","2021","1","",19555,129991,123843,134327,1585457724,1168055095,44581817,943,"",1.00,1.00,1.00,1.00,1.00,1.00,1.00,1.00,"",-177,-0.9,-8384,-6.1,-15015,-10.8,-7810,-5.5,-120098120,-7.0,-75923248,-6.1,-1050442,-2.3,4,0.4
"US000","5","238141","18","0","2021","1","",14620,64346,62111,66787,683044542,529049136,14433974,816,"",1.00,1.00,1.00,1.00,1.00,1.00,1.00,1.00,"",-77,-0.5,-1394,-2.1,-3951,-6.0,-800,-1.2,-10507301,-1.5,-2321549,-0.4,420192,3.0,13,1.6
"US000","5","238142","18","0","2021","1","",4935,65645,61732,67540,902413182,639005959,30147843,1068,"",1.00,1.00,1.00,1.00,1.00,1.00,1.00,1.00,"",-100,-2.0,-6990,-9.6,-11064,-15.2,-7010,-9.4,-109590819,-10.8,-73601699,-10.3,-1470634,-4.7,6,0.6
"US000","5","23815","17","0","2021","1","",7185,72200,71959,72489,1080316160,700956202,21372255,1151,"",1.00,1.00,1.00,1.00,1.00,1.00,1.00,1.00,"",264,3.8,-2101,-2.8,-2076,-2.8,-1252,-1.7,-25344232,-2.3,-16629478,-2.3,1035388,5.1,2,0.2
"US000","5","238151","18","0","2021","1","",4028,24771,24789,25167,305471547,217026368,5156968,943,"",1.00,1.00,1.00,1.00,1.00,1.00,1.00,1.00,"",198,5.2,39,0.2,-152,-0.6,455,1.8,-3538362,-1.1,500878,0.2,345655,7.2,-16,-1.7
"US000","5","238152","18","0","2021","1","",3157,47429,47170,47322,774844613,483929834,16215287,1260,"",1.00,1.00,1.00,1.00,1.00,1.00,1.00,1.00,"",66,2.1,-2140,-4.3,-1924,-3.9,-1707,-3.5,-21805870,-2.7,-17130356,-3.4,689733,4.4,15,1.2
"US000","5","23816","17","0","2021","1","",26408,208066,199375,213161,2663475415,1795559766,49357414,990,"",1.00,1.00,1.00,1.00,1.00,1.00,1.00,1.00,"",1363,5.4,566,0.3,-7094,-3.4,4131,2.0,9554070,0.4,14776237,0.8,612788,1.3,7,0.7
"US000","5","238161","18","0","2021","1","",20534,106449,104738,109608,1250542798,871028888,18556335,900,"",1.00,1.00,1.00,1.00,1.00,1.00,1.00,1.00,"",1267,6.6,5398,5.3,2976,2.9,7270,7.1,87147944,7.5,63471302,7.9,1766051,10.5,20,2.3
"US000","5","238162","18","0","2021","1","",5874,101617,94637,103553,1412932617,924530878,30801079,1088,"",1.00,1.00,1.00,1.00,1.00,1.00,1.00,1.00,"",96,1.7,-4832,-4.5,-10070,-9.6,-3139,-2.9,-77593874,-5.2,-48695065,-5.0,-1153263,-3.6,6,0.6
"US000","5","23817","17","0","2021","1","",8172,39172,37583,39987,455679082,344867121,8165799,901,"",1.00,1.00,1.00,1.00,1.00,1.00,1.00,1.00,"",217,2.7,1864,5.0,419,1.1,2163,5.7,40170741,9.7,20752752,6.4,784003,10.6,47,5.5
"US000","5","238171","18","0","2021","1","",7571,33919,32484,34577,379187806,289578276,6287021,867,"",1.00,1.00,1.00,1.00,1.00,1.00,1.00,1.00,"",216,2.9,1939,6.1,756,2.4,2345,7.3,40253150,11.9,21215538,7.9,823265,15.1,52,6.4
"US000","5","238172","18","0","2021","1","",601,5253,5099,5410,76491276,55288845,1878778,1120,"",1.00,1.00,1.00,1.00,1.00,1.00,1.00,1.00,"",1,0.2,-75,-1.4,-337,-6.2,-182,-3.3,-82409,-0.1,-462786,-0.8,-39262,-2.0,40,3.7
"US000","5","23819","17","0","2021","1","",7183,42855,42666,44283,582048613,398515917,10432189,1035,"",1.00,1.00,1.00,1.00,1.00,1.00,1.00,1.00,"",189,2.7,-2824,-6.2,-3722,-8.0,-2073,-4.5,-61785027,-9.6,-24395933,-5.8,-676795,-6.1,-38,-3.5
"US000","5","238191","18","0","2021","1","",3979,17465,17626,18198,209220118,148214315,3417213,906,"",1.00,1.00,1.00,1.00,1.00,1.00,1.00,1.00,"",168,4.4,565,3.3,510,3.0,902,5.2,5651748,2.8,7396403,5.3,375793,12.4,-10,-1.1
"US000","5","238192","18","0","2021","1","",3204,25390,25040,26085,372828495,250301602,7014976,1124,"",1.00,1.00,1.00,1.00,1.00,1.00,1.00,1.00,"",21,0.7,-3389,-11.8,-4232,-14.5,-2975,-10.2,-67436775,-15.3,-31792336,-11.3,-1052588,-13.0,-42,-3.6
"US000","5","2382","16","0","2021","1","",213909,2196345,2197785,2227161,35552189109,22189765979,639158428,1239,"",1.00,1.00,1.00,1.00,1.00,1.00,1.00,1.00,"",3621,1.7,-51485,-2.3,-54309,-2.4,-22849,-1.0,-351572991,-1.0,-321754636,-1.4,24726715,4.0,12,1.0
"US000","5","23821","17","0","2021","1","",90213,935532,934884,946463,15353692589,9464731060,286336493,1258,"",1.00,1.00,1.00,1.00,1.00,1.00,1.00,1.00,"",1505,1.7,-32321,-3.3,-34116,-3.5,-19117,-2.0,-311910084,-2.0,-264988818,-2.7,5882554,2.1,12,1.0
"US000","5","238211","18","0","2021","1","",53319,312059,313168,317439,4182119299,2827504702,63219034,1024,"",1.00,1.00,1.00,1.00,1.00,1.00,1.00,1.00,"",1289,2.5,5277,1.7,5022,1.6,10534,3.4,277423312,7.1,86853116,3.2,6665308,11.8,47,4.8
"US000","5","238212","18","0","2021","1","",36894,623473,621716,629024,11171573290,6637226358,223117459,1376,"",1.00,1.00,1.00,1.00,1.00,1.00,1.00,1.00,"",216,0.6,-37598,-5.7,-39138,-5.9,-29651,-4.5,-589333396,-5.0,-351841934,-5.0,-782754,-0.3,6,0.4
"US000","5","23822","17","0","2021","1","",112237,1118171,1120204,1134514,17348558363,11136016675,307250076,1187,"",1.00,1.00,1.00,1.00,1.00,1.00,1.00,1.00,"",1910,1.7,-13281,-1.2,-14243,-1.3,-30,0.0,65465818,0.4,-5186212,0.0,17298134,6.0,14,1.2
"US000","5","238221","18","0","2021","1","",83463,577294,579450,586469,7434349637,5252878513,108075894,984,"",1.00,1.00,1.00,1.00,1.00,1.00,1.00,1.00,"",1971,2.4,12701,2.2,13082,2.3,21265,3.8,287304249,4.0,200485088,4.0,11591991,12.0,12,1.2
"US000","5","238222","18","0","2021","1","",28774,540877,540754,548045,9914208726,5883138162,199174182,1404,"",1.00,1.00,1.00,1.00,1.00,1.00,1.00,1.00,"",-61,-0.2,-25982,-4.6,-27325,-4.8,-21295,-3.7,-221838431,-2.2,-205671300,-3.4,5706143,2.9,32,2.3
"US000","5","23829","17","0","2021","1","",11459,142642,142697,146184,2849938157,1589018244,45571859,1524,"",1.00,1.00,1.00,1.00,1.00,1.00,1.00,1.00,"",206,1.8,-5883,-4.0,-5950,-4.0,-3702,-2.5,-105128725,-3.6,-51579606,-3.1,1546027,3.5,-1,-0.1
"US000","5","238291","18","0","2021","1","",2600,15705,15880,16162,199305354,139341772,3196552,963,"",1.00,1.00,1.00,1.00,1.00,1.00,1.00,1.00,"",140,5.7,-571,-3.5,-356,-2.2,-64,-0.4,-8830791,-4.2,-6042377,-4.2,63493,2.0,-23,-2.3
"US000","5","238292","18","0","2021","1","",8859,126937,126817,130022,2650632803,1449676472,42375307,1594,"",1.00,1.00,1.00,1.00,1.00,1.00,1.00,1.00,"",66,0.8,-5312,-4.0,-5594,-4.2,-3638,-2.7,-96297934,-3.5,-45537229,-3.0,1482534,3.6,3,0.2
"US000","5","2383","16","0","2021","1","",131231,772953,779468,796541,9989374059,7029662398,213904720,981,"",1.00,1.00,1.00,1.00,1.00,1.00,1.00,1.00,"",1457,1.1,-37815,-4.7,-38966,-4.8,-20785,-2.5,-462722117,-4.4,-247267083,-3.4,-3428002,-1.6,-5,-0.5
"US000","5","23831","17","0","2021","1","",21282,240553,243769,247214,3468494210,2354630365,82759404,1094,"",1.00,1.00,1.00,1.00,1.00,1.00,1.00,1.00,"",279,1.3,-13515,-5.3,-13905,-5.4,-10684,-4.1,-205680713,-5.6,-111428265,-4.5,-881584,-1.1,-8,-0.7
"US000","5","238311","18","0","2021","1","",15063,111881,113803,115687,1351168244,993136494,24231009,913,"",1.00,1.00,1.00,1.00,1.00,1.00,1.00,1.00,"",258,1.7,-2953,-2.6,-2583,-2.2,-553,-0.5,-12791820,-0.9,-3354262,-0.3,663416,2.8,7,0.8
"US000","5","238312","18","0","2021","1","",6219,128672,129966,131527,2117325966,1361493871,58528395,1252,"",1.00,1.00,1.00,1.00,1.00,1.00,1.00,1.00,"",21,0.3,-10562,-7.6,-11322,-8.0,-10131,-7.2,-192888893,-8.3,-108074003,-7.4,-1545000,-2.6,-11,-0.9
"US000","5","23832","17","0","2021","1","",39928,184108,185467,192177,2087818619,1554011811,47666304,858,"",1.00,1.00,1.00,1.00,1.00,1.00,1.00,1.00,"",245,0.6,-10173,-5.2,-10841,-5.5,-5475,-2.8,-94359956,-4.3,-58272109,-3.6,-1525885,-3.1,2,0.2
"US000","5","238321","18","0","2021","1","",33146,113557,114977,118587,1120961258,887990699,20969229,745,"",1.00,1.00,1.00,1.00,1.00,1.00,1.00,1.00,"",346,1.1,-985,-0.9,-1209,-1.0,2196,1.9,24272765,2.2,18929215,2.2,1034904,5.2,16,2.2
"US000","5","238322","18","0","2021","1","",6782,70551,70490,73590,966857361,666021112,26697075,1040,"",1.00,1.00,1.00,1.00,1.00,1.00,1.00,1.00,"",-101,-1.5,-9188,-11.5,-9632,-12.0,-7671,-9.4,-118632721,-10.9,-77201324,-10.4,-2560789,-8.8,1,0.1
"US000","5","23833","17","0","2021","1","",18383,75161,76097,77516,979165323,679312394,18767888,988,"",1.00,1.00,1.00,1.00,1.00,1.00,1.00,1.00,"",359,2.0,-1613,-2.1,-1465,-1.9,395,0.5,-19933901,-2.0,-3354452,-0.5,226922,1.2,-8,-0.8
"US000","5","238331","18","0","2021","1","",15084,49537,50312,51246,573721501,419319548,9066834,876,"",1.00,1.00,1.00,1.00,1.00,1.00,1.00,1.00,"",373,2.5,413,0.8,663,1.3,2080,4.2,21589926,3.9,18919938,4.7,987601,12.2,15,1.7
"US000","5","238332","18","0","2021","1","",3299,25624,25785,26270,405443822,259992846,9701054,1204,"",1.00,1.00,1.00,1.00,1.00,1.00,1.00,1.00,"",-14,-0.4,-2026,-7.3,-2128,-7.6,-1685,-6.0,-41523827,-9.3,-22274390,-7.9,-760679,-7.3,-31,-2.5
"US000","5","23834","17","0","2021","1","",10484,54912,55642,56759,679080888,491519397,13075478,937,"",1.00,1.00,1.00,1.00,1.00,1.00,1.00,1.00,"",45,0.4,-2521,-4.4,-2367,-4.1,-930,-1.6,-17068349,-2.5,-7967116,-1.6,444068,3.5,9,1.0
"US000","5","238341","18","0","2021","1","",9150,41611,42175,42695,481151838,355455618,7746240,878,"",1.00,1.00,1.00,1.00,1.00,1.00,1.00,1.00,"",60,0.7,-1267,-3.0,-1139,-2.6,-374,-0.9,-289650,-0.1,-195062,-0.1,406847,5.5,18,2.1
"US000","5","238342","18","0","2021","1","",1334,13301,13467,14064,197929050,136063779,5329238,1119,"",1.00,1.00,1.00,1.00,1.00,1.00,1.00,1.00,"",-15,-1.1,-1254,-8.6,-1228,-8.4,-556,-3.8,-16778699,-7.8,-7772054,-5.4,37221,0.7,-10,-0.9
"US000","5","23835","17","0","2021","1","",31354,146337,147021,149623,1828977982,1313254297,33227842,953,"",1.00,1.00,1.00,1.00,1.00,1.00,1.00,1.00,"",435,1.4,-1230,-0.8,-1281,-0.9,1749,1.2,6486279,0.4,16732938,1.3,1265445,4.0,5,0.5
"US000","5","238351","18","0","2021","1","",27336,113434,114042,116085,1321047053,980747959,20779102,887,"",1.00,1.00,1.00,1.00,1.00,1.00,1.00,1.00,"",442,1.6,1176,1.0,1113,1.0,3664,3.3,40435835,3.2,37165295,3.9,1633697,8.5,12,1.4
"US000","5","238352","18","0","2021","1","",4018,32903,32979,33538,507930929,332506338,12448740,1179,"",1.00,1.00,1.00,1.00,1.00,1.00,1.00,1.00,"",-7,-0.2,-2406,-6.8,-2394,-6.8,-1915,-5.4,-33949556,-6.3,-20432357,-5.8,-368252,-2.9,1,0.1
"US000","5","23839","17","0","2021","1","",9800,71882,71472,73252,945837037,636934134,18407804,1008,"",1.00,1.00,1.00,1.00,1.00,1.00,1.00,1.00,"",94,1.0,-8763,-10.9,-9107,-11.3,-5840,-7.4,-132165477,-12.3,-82978079,-11.5,-2956968,-13.8,-27,-2.6
"US000","5","238391","18","0","2021","1","",5371,31942,32005,32791,392564352,275924278,6386141,936,"",1.00,1.00,1.00,1.00,1.00,1.00,1.00,1.00,"",173,3.3,863,2.8,730,2.3,1486,4.7,12657999,3.3,9554095,3.6,561187,9.6,0,0.0
"US000","5","238392","18","0","2021","1","",4429,39940,39467,40461,553272685,361009856,12021663,1065,"",1.00,1.00,1.00,1.00,1.00,1.00,1.00,1.00,"",-79,-1.8,-9626,-19.4,-9837,-20.0,-7326,-15.3,-144823476,-20.7,-92532174,-20.4,-3518155,-22.6,-33,-3.0
"US000","5","2389","16","0","2021","1","",84844,627294,616072,647698,8669558481,5849953017,200457624,1058,"",1.00,1.00,1.00,1.00,1.00,1.00,1.00,1.00,"",2248,2.7,-6836,-1.1,-17425,-2.8,-680,-0.1,-172209056,-1.9,-30787686,-0.5,4302101,2.2,-7,-0.7
"US000","5","23891","17","0","2021","1","",38303,332113,324548,337862,4598119064,3188278794,109304566,1067,"",1.00,1.00,1.00,1.00,1.00,1.00,1.00,1.00,"",639,1.7,-3071,-0.9,-8517,-2.6,-632,-0.2,-82695334,-1.8,-27551609,-0.9,1340254,1.2,-6,-0.6
"US000","5","238911","18","0","2021","1","",21729,121508,119147,123589,1479410639,1106576267,32581409,937,"",1.00,1.00,1.00,1.00,1.00,1.00,1.00,1.00,"",520,2.5,3024,2.6,1601,1.4,4257,3.6,36381480,2.5,38231050,3.6,1617105,5.2,0,0.0
"US000","5","238912","18","0","2021","1","",16574,210605,205401,214273,3118708425,2081702527,76723157,1142,"",1.00,1.00,1.00,1.00,1.00,1.00,1.00,1.00,"",119,0.7,-6095,-2.8,-10118,-4.7,-4889,-2.2,-119076814,-3.7,-65782659,-3.1,-276851,-0.4,-5,-0.4
"US000","5","23899","17","0","2021","1","",46541,295181,291524,309836,4071439417,2661674223,91153058,1048,"",1.00,1.00,1.00,1.00,1.00,1.00,1.00,1.00,"",1609,3.6,-3765,-1.3,-8908,-3.0,-48,0.0,-89513722,-2.2,-3236077,-0.1,2961847,3.4,-8,-0.8
"US000","5","238991","18","0","2021","1","",30700,140295,138265,147972,1676213927,1166023109,34829081,907,"",1.00,1.00,1.00,1.00,1.00,1.00,1.00,1.00,"",1207,4.1,6711,5.0,4481,3.3,8989,6.5,123314681,7.9,82120892,7.6,3601653,11.5,25,2.8
"US000","5","238992","18","0","2021","1","",15841,154886,153259,161864,2395225490,1495651114,56323977,1176,"",1.00,1.00,1.00,1.00,1.00,1.00,1.00,1.00,"",402,2.6,-10476,-6.3,-13389,-8.0,-9037,-5.3,-212828403,-8.2,-85356969,-5.4,-639806,-1.1,-21,-1.8
"US000","5","31-33","14","0","2021","1","",361670,12104363,12145937,12204842,229040429637,120370334534,2378860898,1450,"",1.00,1.00,1.00,1.00,1.00,1.00,1.00,1.00,"",5293,1.5,-564775,-4.5,-543437,-4.3,-446358,-3.5,-7392203150,-3.1,-5016711577,-4.0,-9167877,-0.4,15,1.0
"US000","5","311","15","0","2021","1","",35854,1610703,1614635,1617751,21002661381,14478228724,247309557,1001,"",1.00,1.00,1.00,1.00,1.00,1.00,1.00,1.00,"",980,2.8,-18186,-1.1,-21185,-1.3,-9660,-0.6,130437620,0.6,-19990533,-0.1,13400858,5.7,16,1.6
"US000","5","3111","16","0","2021","1","",2456,66954,67154,67572,1143117370,691248092,9828428,1308,"",1.00,1.00,1.00,1.00,1.00,1.00,1.00,1.00,"",37,1.5,2532,3.9,2615,4.1,3026,4.7,-12264003,-1.1,24232501,3.6,864386,9.6,-70,-5.1
"US000","5","31111","17","0","2021","1","",2456,66954,67154,67572,1143117370,691248092,9828428,1308,"",1.00,1.00,1.00,1.00,1.00,1.00,1.00,1.00,"",37,1.5,2532,3.9,2615,4.1,3026,4.7,-12264003,-1.1,24232501,3.6,864386,9.6,-70,-5.1
"US000","5","311111","18","0","2021","1","",673,31458,31709,31925,588270665,329263141,5088415,1428,"",1.00,1.00,1.00,1.00,1.00,1.00,1.00,1.00,"",36,5.7,2245,7.7,2280,7.7,2463,8.4,-13020838,-2.2,20722422,6.7,608482,13.6,-147,-9.3
"US000","5","311119","18","0","2021","1","",1783,35496,35445,35647,554846705,361984951,4740013,1201,"",1.00,1.00,1.00,1.00,1.00,1.00,1.00,1.00,"",1,0.1,287,0.8,335,1.0,563,1.6,756835,0.1,3510079,1.0,255904,5.7,-12,-1.0
"US000","5","3112","16","0","2021","1","",1105,62516,62504,62676,1296640654,721608831,10139312,1594,"",1.00,1.00,1.00,1.00,1.00,1.00,1.00,1.00,"",51,4.8,362,0.6,422,0.7,572,0.9,91919037,7.6,2449110,0.3,-96867,-0.9,102,6.8
"US000","5","31121","17","0","2021","1","",500,20601,20593,20739,326919629,211667597,3389625,1218,"",1.00,1.00,1.00,1.00,1.00,1.00,1.00,1.00,"",19,4.0,-95,-0.5,-92,-0.4,36,0.2,-3192090,-1.0,-788189,-0.4,140522,4.3,-9,-0.7
"US000","5","311211","18","0","2021","1","",348,14321,14311,14367,238940549,153468214,2430972,1282,"",1.00,1.00,1.00,1.00,1.00,1.00,1.00,1.00,"",14,4.2,39,0.3,40,0.3,94,0.7,-529243,-0.2,-2446838,-1.6,148780,6.5,-8,-0.6
"US000","5","311212","18","0","2021","1","",92,5037,5043,5119,65843694,40546451,793370,1000,"",1.00,1.00,1.00,1.00,1.00,1.00,1.00,1.00,"",5,5.7,-113,-2.2,-122,-2.4,-53,-1.0,-1743471,-2.6,3035273,8.1,-14154,-1.8,-7,-0.7
"US000","5","311213","18","0","2021","1","",60,1243,1239,1253,22135386,17652932,165283,1368,"",1.00,1.00,1.00,1.00,1.00,1.00,1.00,1.00,"",0,0.0,-21,-1.7,-10,-0.8,-5,-0.4,-919376,-4.0,-1376624,-7.2,5896,3.7,-43,-3.0
"US000","5","31122","17","0","2021","1","",472,29433,29463,29527,724188405,348723884,4685831,1890,"",1.00,1.00,1.00,1.00,1.00,1.00,1.00,1.00,"",23,5.1,248,0.8,292,1.0,352,1.2,90202452,14.2,1490289,0.4,-256227,-5.2,219,13.1
"US000","5","311221","18","0","2021","1","",70,13210,13279,13287,455753440,179186304,2317868,2644,"",1.00,1.00,1.00,1.00,1.00,1.00,1.00,1.00,"",4,6.1,82,0.6,145,1.1,127,1.0,88997683,24.3,-566721,-0.3,-490874,-17.5,497,23.1
"US000","5","311224","18","0","2021","1","",226,9172,9093,9090,154153001,100429299,1103935,1300,"",1.00,1.00,1.00,1.00,1.00,1.00,1.00,1.00,"",4,1.8,198,2.2,154,1.7,116,1.3,1504239,1.0,2911531,3.0,128131,13.1,-10,-0.8
"US000","5","311225","18","0","2021","1","",176,7051,7091,7150,114281964,69108281,1264028,1239,"",1.00,1.00,1.00,1.00,1.00,1.00,1.00,1.00,"",15,9.3,-32,-0.5,-7,-0.1,109,1.5,-299470,-0.3,-854521,-1.2,106516,9.2,-7,-0.6
"US000","5","31123","17","0","2021","1","",133,12482,12448,12410,245532620,161217350,2063856,1517,"",1.00,1.00,1.00,1.00,1.00,1.00,1.00,1.00,"",9,7.3,209,1.7,222,1.8,184,1.5,4908675,2.0,1747010,1.1,18838,0.9,5,0.3
"US000","5","311230","18","0","2021","1","",133,12482,12448,12410,245532620,161217350,2063856,1517,"",1.00,1.00,1.00,1.00,1.00,1.00,1.00,1.00,"",9,7.3,209,1.7,222,1.8,184,1.5,4908675,2.0,1747010,1.1,18838,0.9,5,0.3
"US000","5","3113","16","0","2021","1","",2187,74236,74286,74217,1019027433,628645689,17078897,1056,"",1.00,1.00,1.00,1.00,1.00,1.00,1.00,1.00,"",-9,-0.4,-1634,-2.2,-1799,-2.4,-469,-0.6,-35328989,-3.4,-6679915,-1.1,-321125,-1.8,-18,-1.7
"US000","5","31131","17","0","2021","1","",104,13884,13095,12937,209965612,137425293,3878224,1214,"",1.00,1.00,1.00,1.00,1.00,1.00,1.00,1.00,"",1,1.0,821,6.3,272,2.1,185,1.5,904572,0.4,1971283,1.5,365953,10.4,-35,-2.8
"US000","5","311313","18","0","2021","1","",30,6782,6561,6529,95325543,83637833,2342694,1107,"",1.00,1.00,1.00,1.00,1.00,1.00,1.00,1.00,"",0,0.0,93,1.4,112,1.7,188,3.0,-956739,-1.0,-248518,-0.3,123013,5.5,-34,-3.0
"US000","5","311314","18","0","2021","1","",74,7102,6534,6408,114640069,53787460,1535530,1320,"",1.00,1.00,1.00,1.00,1.00,1.00,1.00,1.00,"",1,1.4,728,11.4,160,2.5,-3,0.0,1861311,1.7,2219801,4.3,242940,18.8,-38,-2.8
"US000","5","31134","17","0","2021","1","",619,21761,21978,22220,326650990,191557666,4462478,1143,"",1.00,1.00,1.00,1.00,1.00,1.00,1.00,1.00,"",17,2.8,-21,-0.1,169,0.8,414,1.9,-4005091,-1.2,998724,0.5,45818,1.0,-24,-2.1
"US000","5","311340","18","0","2021","1","",619,21761,21978,22220,326650990,191557666,4462478,1143,"",1.00,1.00,1.00,1.00,1.00,1.00,1.00,1.00,"",17,2.8,-21,-0.1,169,0.8,414,1.9,-4005091,-1.2,998724,0.5,45818,1.0,-24,-2.1
"US000","5","31135","17","0","2021","1","",1464,38591,39213,39060,482410831,299662730,8738195,953,"",1.00,1.00,1.00,1.00,1.00,1.00,1.00,1.00,"",-27,-1.8,-2434,-5.9,-2240,-5.4,-1068,-2.7,-32228470,-6.3,-9649922,-3.1,-732896,-7.7,-16,-1.7
"US000","5","311351","18","0","2021","1","",291,9394,9482,9496,156187220,83377472,2483998,1270,"",1.00,1.00,1.00,1.00,1.00,1.00,1.00,1.00,"",11,3.9,-357,-3.7,-321,-3.3,-182,-1.9,-9082184,-5.5,-3768144,-4.3,-449221,-15.3,-35,-2.7
"US000","5","311352","18","0","2021","1","",1173,29197,29731,29564,326223611,216285258,6254197,851,"",1.00,1.00,1.00,1.00,1.00,1.00,1.00,1.00,"",-38,-3.1,-2077,-6.6,-1919,-6.1,-886,-2.9,-23146286,-6.6,-5881778,-2.6,-283675,-4.3,-12,-1.4
"US000","5","3114","16","0","2021","1","",2463,166732,166837,167741,2270803208,1544810982,36202149,1045,"",1.00,1.00,1.00,1.00,1.00,1.00,1.00,1.00,"",69,2.9,4977,3.1,3575,2.2,4451,2.7,101060597,4.7,55391907,3.7,1181527,3.4,20,2.0
"US000","5","31141","17","0","2021","1","",949,91168,91296,91626,1147278497,841720343,15836059,966,"",1.00,1.00,1.00,1.00,1.00,1.00,1.00,1.00,"",41,4.5,1721,1.9,1243,1.4,1336,1.5,23017302,2.0,15498895,1.9,44721,0.3,4,0.4
"US000","5","311411","18","0","2021","1","",277,27716,27617,27878,357081380,273623800,5971478,990,"",1.00,1.00,1.00,1.00,1.00,1.00,1.00,1.00,"",5,1.8,37,0.1,-481,-1.7,-417,-1.5,-10721219,-2.9,-6842239,-2.4,-274720,-4.4,-20,-2.0
"US000","5","311412","18","0","2021","1","",672,63452,63679,63748,790197117,568096543,9864581,955,"",1.00,1.00,1.00,1.00,1.00,1.00,1.00,1.00,"",36,5.7,1684,2.7,1724,2.8,1753,2.8,33738521,4.5,22341134,4.1,319441,3.3,15,1.6
"US000","5","31142","17","0","2021","1","",1514,75564,75541,76115,1123524711,703090639,20366090,1141,"",1.00,1.00,1.00,1.00,1.00,1.00,1.00,1.00,"",28,1.9,3256,4.5,2332,3.2,3115,4.3,78043295,7.5,39893012,6.0,1136806,5.9,37,3.4
"US000","5","311421","18","0","2021","1","",1107,51123,51306,51926,758348079,459567973,13062513,1134,"",1.00,1.00,1.00,1.00,1.00,1.00,1.00,1.00,"",25,2.3,2052,4.2,1189,2.4,1953,3.9,45634192,6.4,22842208,5.2,758184,6.2,31,2.8
"US000","5","311422","18","0","2021","1","",135,12443,12283,12293,209102025,127868098,4279038,1304,"",1.00,1.00,1.00,1.00,1.00,1.00,1.00,1.00,"",9,7.1,1494,13.6,1489,13.8,1481,13.7,30946893,17.4,17168787,15.5,425149,11.0,41,3.2
"US000","5","311423","18","0","2021","1","",272,11998,11952,11896,156074607,115654568,3024539,1005,"",1.00,1.00,1.00,1.00,1.00,1.00,1.00,1.00,"",-6,-2.2,-290,-2.4,-346,-2.8,-319,-2.6,1462210,0.9,-117983,-0.1,-46527,-1.5,35,3.6
"US000","5","3115","16","0","2021","1","",2334,152884,152651,153363,2492893653,1540210999,28435971,1254,"",1.00,1.00,1.00,1.00,1.00,1.00,1.00,1.00,"",67,3.0,1431,0.9,1095,0.7,1324,0.9,67442636,2.8,183132,0.0,1805496,6.8,24,2.0
"US000","5","31151","17","0","2021","1","",1666,131640,131283,131451,2201499415,1336929851,23421565,1288,"",1.00,1.00,1.00,1.00,1.00,1.00,1.00,1.00,"",45,2.8,955,0.7,582,0.4,572,0.4,65013615,3.0,-3334883,-0.2,1142919,5.1,31,2.5
"US000","5","311511","18","0","2021","1","",700,52539,52515,52571,896250526,522430543,10799423,1312,"",1.00,1.00,1.00,1.00,1.00,1.00,1.00,1.00,"",36,5.4,-954,-1.8,-1001,-1.9,-1051,-2.0,906081,0.1,-18624155,-3.4,819498,8.2,26,2.0
"US000","5","311512","18","0","2021","1","",57,3104,3151,3159,46710409,30169381,465053,1145,"",1.00,1.00,1.00,1.00,1.00,1.00,1.00,1.00,"",-3,-5.0,-59,-1.9,12,0.4,26,0.8,1705477,3.8,-448087,-1.5,7697,1.7,44,4.0
"US000","5","311513","18","0","2021","1","",686,57633,57271,57242,862329887,600796071,8808338,1156,"",1.00,1.00,1.00,1.00,1.00,1.00,1.00,1.00,"",14,2.1,1679,3.0,1310,2.3,1262,2.3,39014733,4.7,14236832,2.4,30808,0.4,24,2.1
"US000","5","311514","18","0","2021","1","",223,18364,18346,18479,396208593,183533856,3348751,1657,"",1.00,1.00,1.00,1.00,1.00,1.00,1.00,1.00,"",-2,-0.9,289,1.6,261,1.4,335,1.8,23387324,6.3,1500527,0.8,284916,9.3,73,4.6
"US000","5","31152","17","0","2021","1","",668,21244,21368,21912,291394238,203281148,5014406,1042,"",1.00,1.00,1.00,1.00,1.00,1.00,1.00,1.00,"",22,3.4,476,2.3,513,2.5,752,3.6,2429021,0.8,3518015,1.8,662577,15.2,-20,-1.9
"US000","5","311520","18","0","2021","1","",668,21244,21368,21912,291394238,203281148,5014406,1042,"",1.00,1.00,1.00,1.00,1.00,1.00,1.00,1.00,"",22,3.4,476,2.3,513,2.5,752,3.6,2429021,0.8,3518015,1.8,662577,15.2,-20,-1.9
"US000","5","3116","16","0","2021","1","",4185,531701,532934,530283,5962514359,4710146823,55248157,863,"",1.00,1.00,1.00,1.00,1.00,1.00,1.00,1.00,"",115,2.8,-5061,-0.9,-5714,-1.1,-5697,-1.1,30656975,0.5,13412805,0.3,6076644,12.4,13,1.5
"US000","5","31161","17","0","2021","1","",4185,531701,532934,530283,5962514359,4710146823,55248157,863,"",1.00,1.00,1.00,1.00,1.00,1.00,1.00,1.00,"",115,2.8,-5061,-0.9,-5714,-1.1,-5697,-1.1,30656975,0.5,13412805,0.3,6076644,12.4,13,1.5
"US000","5","311611","18","0","2021","1","",1470,147739,148428,148357,1886964263,1460324774,15326288,980,"",1.00,1.00,1.00,1.00,1.00,1.00,1.00,1.00,"",22,1.5,2981,2.1,2777,1.9,3102,2.1,92790383,5.2,32931288,2.3,1358912,9.7,30,3.2
"US000","5","311612","18","0","2021","1","",1743,140488,140810,140685,1739009220,1330899064,19418543,951,"",1.00,1.00,1.00,1.00,1.00,1.00,1.00,1.00,"",69,4.1,3416,2.5,3748,2.7,4008,2.9,47239288,2.8,37072410,2.9,1501500,8.4,1,0.1
"US000","5","311613","18","0","2021","1","",207,8028,7985,7871,129162239,82440342,1012392,1248,"",1.00,1.00,1.00,1.00,1.00,1.00,1.00,1.00,"",2,1.0,77,1.0,-6,-0.1,-104,-1.3,-1182300,-0.9,-2800051,-3.3,134767,15.4,-10,-0.8
"US000","5","311615","18","0","2021","1","",765,235446,235711,233370,2207378637,1836482643,19490934,723,"",1.00,1.00,1.00,1.00,1.00,1.00,1.00,1.00,"",22,3.0,-11535,-4.7,-12233,-4.9,-12703,-5.2,-108190396,-4.7,-53790842,-2.8,3081465,18.8,2,0.3
"US000","5","3117","16","0","2021","1","",833,30216,30177,30837,385877246,302483896,7700554,976,"",1.00,1.00,1.00,1.00,1.00,1.00,1.00,1.00,"",43,5.4,-966,-3.1,-3365,-10.0,-1779,-5.5,-39031414,-9.2,-37592033,-11.1,24244,0.3,-31,-3.1
"US000","5","31171","17","0","2021","1","",833,30216,30177,30837,385877246,302483896,7700554,976,"",1.00,1.00,1.00,1.00,1.00,1.00,1.00,1.00,"",43,5.4,-966,-3.1,-3365,-10.0,-1779,-5.5,-39031414,-9.2,-37592033,-11.1,24244,0.3,-31,-3.1
"US000","5","311710","18","0","2021","1","",833,30216,30177,30837,385877246,302483896,7700554,976,"",1.00,1.00,1.00,1.00,1.00,1.00,1.00,1.00,"",43,5.4,-966,-3.1,-3365,-10.0,-1779,-5.5,-39031414,-9.2,-37592033,-11.1,24244,0.3,-31,-3.1
"US000","5","3118","16","0","2021","1","",13838,293692,295724,297434,3120320271,2269640036,42332979,812,"",1.00,1.00,1.00,1.00,1.00,1.00,1.00,1.00,"",249,1.8,-18013,-5.8,-16576,-5.3,-11255,-3.6,-100047444,-3.1,-85206304,-3.6,1714613,4.2,15,1.9
"US000","5","31181","17","0","2021","1","",12226,220045,221862,223532,2182826342,1616423219,29443342,757,"",1.00,1.00,1.00,1.00,1.00,1.00,1.00,1.00,"",195,1.6,-17132,-7.2,-15766,-6.6,-11094,-4.7,-91449995,-4.0,-89534082,-5.2,1354467,4.8,17,2.3
"US000","5","311811","18","0","2021","1","",8056,79529,80921,82117,496717775,430836096,7513882,473,"",1.00,1.00,1.00,1.00,1.00,1.00,1.00,1.00,"",176,2.2,-8752,-9.9,-7502,-8.5,-4395,-5.1,-31782000,-6.0,-29301884,-6.4,569332,8.2,10,2.2
"US000","5","311812","18","0","2021","1","",3905,128080,128529,129073,1540500181,1084831504,19969194,922,"",1.00,1.00,1.00,1.00,1.00,1.00,1.00,1.00,"",2,0.1,-7946,-5.8,-7907,-5.8,-6305,-4.7,-44462856,-2.8,-57322309,-5.0,672091,3.5,25,2.8
"US000","5","311813","18","0","2021","1","",265,12436,12412,12342,145608386,100755619,1960266,904,"",1.00,1.00,1.00,1.00,1.00,1.00,1.00,1.00,"",17,6.9,-434,-3.4,-357,-2.8,-394,-3.1,-15205139,-9.5,-2909889,-2.8,113044,6.1,-63,-6.5
"US000","5","31182","17","0","2021","1","",1127,55057,55163,54938,743210607,512005161,10829624,1038,"",1.00,1.00,1.00,1.00,1.00,1.00,1.00,1.00,"",58,5.4,76,0.1,126,0.2,476,0.9,2874831,0.4,8925634,1.8,873328,8.8,-1,-0.1
"US000","5","311821","18","0","2021","1","",637,34674,34801,34539,448972824,313631638,6821799,996,"",1.00,1.00,1.00,1.00,1.00,1.00,1.00,1.00,"",47,8.0,582,1.7,641,1.9,891,2.6,-2987269,-0.7,1383515,0.4,507068,8.0,-28,-2.7
"US000","5","311824","18","0","2021","1","",490,20383,20362,20399,294237783,198373523,4007825,1111,"",1.00,1.00,1.00,1.00,1.00,1.00,1.00,1.00,"",11,2.3,-506,-2.4,-515,-2.5,-415,-2.0,5862100,2.0,7542119,4.0,366260,10.1,48,4.5
"US000","5","31183","17","0","2021","1","",485,18590,18699,18964,194283322,141211656,2060013,797,"",1.00,1.00,1.00,1.00,1.00,1.00,1.00,1.00,"",-4,-0.8,-957,-4.9,-936,-4.8,-637,-3.2,-11472280,-5.6,-4597856,-3.2,-513182,-19.9,-11,-1.4
"US000","5","311830","18","0","2021","1","",485,18590,18699,18964,194283322,141211656,2060013,797,"",1.00,1.00,1.00,1.00,1.00,1.00,1.00,1.00,"",-4,-0.8,-957,-4.9,-936,-4.8,-637,-3.2,-11472280,-5.6,-4597856,-3.2,-513182,-19.9,-11,-1.4
"US000","5","3119","16","0","2021","1","",6453,231772,232368,233628,3311467187,2069433376,40343110,1095,"",1.00,1.00,1.00,1.00,1.00,1.00,1.00,1.00,"",358,5.9,-1814,-0.8,-1438,-0.6,167,0.1,26030225,0.8,13818264,0.7,2151940,5.6,13,1.2
"US000","5","31191","17","0","2021","1","",934,60366,60428,60801,801741403,515177065,10833266,1019,"",1.00,1.00,1.00,1.00,1.00,1.00,1.00,1.00,"",68,7.9,1273,2.2,1225,2.1,1389,2.3,19202564,2.5,15676843,3.1,515367,5.0,3,0.3
"US000","5","311911","18","0","2021","1","",316,15863,15861,15782,204336964,128429815,3817270,993,"",1.00,1.00,1.00,1.00,1.00,1.00,1.00,1.00,"",25,8.6,-387,-2.4,-344,-2.1,-321,-2.0,3117763,1.5,-858800,-0.7,52397,1.4,37,3.9
"US000","5","311919","18","0","2021","1","",618,44503,44567,45019,597404439,386747250,7015996,1028,"",1.00,1.00,1.00,1.00,1.00,1.00,1.00,1.00,"",43,7.5,1660,3.9,1569,3.6,1710,3.9,16084801,2.8,16535643,4.5,462970,7.1,-11,-1.1
"US000","5","31192","17","0","2021","1","",1241,23705,23739,23888,348131029,217986969,3951599,1126,"",1.00,1.00,1.00,1.00,1.00,1.00,1.00,1.00,"",81,7.0,-1988,-7.7,-1936,-7.5,-1611,-6.3,-16395779,-4.5,-18536767,-7.8,-229779,-5.5,32,2.9
"US000","5","311920","18","0","2021","1","",1241,23705,23739,23888,348131029,217986969,3951599,1126,"",1.00,1.00,1.00,1.00,1.00,1.00,1.00,1.00,"",81,7.0,-1988,-7.7,-1936,-7.5,-1611,-6.3,-16395779,-4.5,-18536767,-7.8,-229779,-5.5,32,2.9
"US000","5","31193","17","0","2021","1","",237,7560,7634,7707,213742590,71618280,1562963,2154,"",1.00,1.00,1.00,1.00,1.00,1.00,1.00,1.00,"",1,0.4,-491,-6.1,-76,-1.0,20,0.3,-20013663,-8.6,-787005,-1.1,128195,8.9,-147,-6.4
"US000","5","311930","18","0","2021","1","",237,7560,7634,7707,213742590,71618280,1562963,2154,"",1.00,1.00,1.00,1.00,1.00,1.00,1.00,1.00,"",1,0.4,-491,-6.1,-76,-1.0,20,0.3,-20013663,-8.6,-787005,-1.1,128195,8.9,-147,-6.4
"US000","5","31194","17","0","2021","1","",1063,45459,45578,45742,785872954,452643150,8521664,1326,"",1.00,1.00,1.00,1.00,1.00,1.00,1.00,1.00,"",49,4.8,2151,5.0,2206,5.1,2367,5.5,52890590,7.2,20704092,4.8,711047,9.1,25,1.9
"US000","5","311941","18","0","2021","1","",427,19759,19808,19871,305534566,188197722,3934096,1186,"",1.00,1.00,1.00,1.00,1.00,1.00,1.00,1.00,"",22,5.4,1046,5.6,1060,5.7,1180,6.3,29986849,10.9,10773308,6.1,101969,2.7,54,4.8
"US000","5","311942","18","0","2021","1","",636,25700,25770,25871,480338388,264445428,4587568,1433,"",1.00,1.00,1.00,1.00,1.00,1.00,1.00,1.00,"",27,4.4,1105,4.5,1146,4.7,1187,4.8,22903741,5.0,9930784,3.9,609078,15.3,5,0.4
"US000","5","31199","17","0","2021","1","",2978,94682,94989,95490,1161979211,812007912,15473618,940,"",1.00,1.00,1.00,1.00,1.00,1.00,1.00,1.00,"",159,5.6,-2759,-2.8,-2857,-2.9,-1998,-2.0,-9653487,-0.8,-3238899,-0.4,1027110,7.1,17,1.8
"US000","5","311991","18","0","2021","1","",1483,57745,58012,58240,626696681,446550373,9545312,831,"",1.00,1.00,1.00,1.00,1.00,1.00,1.00,1.00,"",34,2.3,-2867,-4.7,-2723,-4.5,-2274,-3.8,5400398,0.9,-7349064,-1.6,436869,4.8,43,5.5
"US000","5","311999","18","0","2021","1","",1495,36937,36977,37250,535282530,365457539,5928306,1111,"",1.00,1.00,1.00,1.00,1.00,1.00,1.00,1.00,"",125,9.1,108,0.3,-134,-0.4,276,0.7,-15053885,-2.7,4110165,1.1,590241,11.1,-34,-3.0
"US000","5","312","15","0","2021","1","",14354,264392,271345,278898,3973129660,2223007320,48763535,1126,"",1.00,1.00,1.00,1.00,1.00,1.00,1.00,1.00,"",690,5.0,-20512,-7.2,-16595,-5.8,-6256,-2.2,-24111518,-0.6,-50297797,-2.2,1358668,2.9,51,4.7
"US000","5","3121","16","0","2021","1","",13931,253257,260574,268199,3706076979,2107242052,47113694,1094,"",1.00,1.00,1.00,1.00,1.00,1.00,1.00,1.00,"",626,4.7,-20324,-7.4,-16059,-5.8,-6176,-2.3,-28324587,-0.8,-45571593,-2.1,1423345,3.1,49,4.7
"US000","5","31211","17","0","2021","1","",2199,101265,101338,101862,1594105342,940352699,19967723,1208,"",1.00,1.00,1.00,1.00,1.00,1.00,1.00,1.00,"",93,4.4,529,0.5,363,0.4,579,0.6,-4833937,-0.3,977815,0.1,1941071,10.8,-10,-0.8
"US000","5","312111","18","0","2021","1","",1067,79062,79184,79347,1275963419,743527948,14954117,1239,"",1.00,1.00,1.00,1.00,1.00,1.00,1.00,1.00,"",72,7.2,658,0.8,560,0.7,589,0.7,-1729304,-0.1,2695925,0.4,1517138,11.3,-12,-1.0
"US000","5","312112","18","0","2021","1","",612,16864,16881,17014,267286246,159302558,3984761,1215,"",1.00,1.00,1.00,1.00,1.00,1.00,1.00,1.00,"",20,3.4,207,1.2,135,0.8,236,1.4,1766056,0.7,1447450,0.9,502235,14.4,-6,-0.5
"US000","5","312113","18","0","2021","1","",520,5339,5273,5501,50855677,37522193,1028845,728,"",1.00,1.00,1.00,1.00,1.00,1.00,1.00,1.00,"",1,0.2,-336,-5.9,-332,-5.9,-246,-4.3,-4870689,-8.7,-3165560,-7.8,-78302,-7.1,-27,-3.6
"US000","5","31212","17","0","2021","1","",5277,76919,80008,83858,989461500,609123602,11065507,948,"",1.00,1.00,1.00,1.00,1.00,1.00,1.00,1.00,"",247,4.9,-12028,-13.5,-9229,-10.3,-4177,-4.7,-21904552,-2.2,-35746191,-5.5,-33568,-0.3,71,8.1
"US000","5","312120","18","0","2021","1","",5277,76919,80008,83858,989461500,609123602,11065507,948,"",1.00,1.00,1.00,1.00,1.00,1.00,1.00,1.00,"",247,4.9,-12028,-13.5,-9229,-10.3,-4177,-4.7,-21904552,-2.2,-35746191,-5.5,-33568,-0.3,71,8.1
"US000","5","31213","17","0","2021","1","",5111,55919,59684,62550,794999248,385912563,12996603,1030,"",1.00,1.00,1.00,1.00,1.00,1.00,1.00,1.00,"",152,3.1,-9498,-14.5,-7952,-11.8,-3885,-5.8,-20531794,-2.5,-24406048,-5.9,-745791,-5.4,87,9.2
"US000","5","312130","18","0","2021","1","",5111,55919,59684,62550,794999248,385912563,12996603,1030,"",1.00,1.00,1.00,1.00,1.00,1.00,1.00,1.00,"",152,3.1,-9498,-14.5,-7952,-11.8,-3885,-5.8,-20531794,-2.5,-24406048,-5.9,-745791,-5.4,87,9.2
"US000","5","31214","17","0","2021","1","",1344,19154,19544,19929,327510889,171853188,3083861,1289,"",1.00,1.00,1.00,1.00,1.00,1.00,1.00,1.00,"",134,11.1,673,3.6,759,4.0,1307,7.0,18945696,6.1,13602831,8.6,261633,9.3,15,1.2
"US000","5","312140","18","0","2021","1","",1344,19154,19544,19929,327510889,171853188,3083861,1289,"",1.00,1.00,1.00,1.00,1.00,1.00,1.00,1.00,"",134,11.1,673,3.6,759,4.0,1307,7.0,18945696,6.1,13602831,8.6,261633,9.3,15,1.2
"US000","5","3122","16","0","2021","1","",423,11135,10771,10699,267052681,115765268,1649841,1890,"",1.00,1.00,1.00,1.00,1.00,1.00,1.00,1.00,"",64,17.8,-188,-1.7,-536,-4.7,-80,-0.7,4213069,1.6,-4726204,-3.9,-64677,-3.8,74,4.1
"US000","5","31223","17","0","2021","1","",423,11135,10771,10699,267052681,115765268,1649841,1890,"",1.00,1.00,1.00,1.00,1.00,1.00,1.00,1.00,"",64,17.8,-188,-1.7,-536,-4.7,-80,-0.7,4213069,1.6,-4726204,-3.9,-64677,-3.8,74,4.1
"US000","5","312230","18","0","2021","1","",423,11135,10771,10699,267052681,115765268,1649841,1890,"",1.00,1.00,1.00,1.00,1.00,1.00,1.00,1.00,"",64,17.8,-188,-1.7,-536,-4.7,-80,-0.7,4213069,1.6,-4726204,-3.9,-64677,-3.8,74,4.1
"US000","5","313","15","0","2021","1","",2645,95840,96762,96611,1191959898,847462902,17012776,951,"",1.00,1.00,1.00,1.00,1.00,1.00,1.00,1.00,"",-4,-0.2,-8326,-8.0,-7166,-6.9,-6964,-6.7,-86814671,-6.8,-61337433,-6.7,107926,0.6,4,0.4
"US000","5","3131","16","0","2021","1","",389,24970,25348,25296,255704926,198772136,5262970,780,"",1.00,1.00,1.00,1.00,1.00,1.00,1.00,1.00,"",-5,-1.3,-1212,-4.6,-919,-3.5,-1002,-3.8,-17341846,-6.4,-9619715,-4.6,443237,9.2,-20,-2.5
"US000","5","31311","17","0","2021","1","",389,24970,25348,25296,255704926,198772136,5262970,780,"",1.00,1.00,1.00,1.00,1.00,1.00,1.00,1.00,"",-5,-1.3,-1212,-4.6,-919,-3.5,-1002,-3.8,-17341846,-6.4,-9619715,-4.6,443237,9.2,-20,-2.5
"US000","5","313110","18","0","2021","1","",389,24970,25348,25296,255704926,198772136,5262970,780,"",1.00,1.00,1.00,1.00,1.00,1.00,1.00,1.00,"",-5,-1.3,-1212,-4.6,-919,-3.5,-1002,-3.8,-17341846,-6.4,-9619715,-4.6,443237,9.2,-20,-2.5
"US000","5","3132","16","0","2021","1","",1039,45388,45666,45637,600310867,423173628,7240618,1013,"",1.00,1.00,1.00,1.00,1.00,1.00,1.00,1.00,"",-6,-0.6,-4167,-8.4,-3537,-7.2,-3410,-7.0,-33187566,-5.2,-27149356,-6.0,-122552,-1.7,24,2.4
"US000","5","31321","17","0","2021","1","",368,19697,19739,19842,239699577,169461373,3215003,933,"",1.00,1.00,1.00,1.00,1.00,1.00,1.00,1.00,"",-23,-5.9,-3668,-15.7,-3279,-14.2,-3030,-13.2,-38389468,-13.8,-33746853,-16.6,-229087,-6.7,6,0.6
"US000","5","313210","18","0","2021","1","",368,19697,19739,19842,239699577,169461373,3215003,933,"",1.00,1.00,1.00,1.00,1.00,1.00,1.00,1.00,"",-23,-5.9,-3668,-15.7,-3279,-14.2,-3030,-13.2,-38389468,-13.8,-33746853,-16.6,-229087,-6.7,6,0.6
"US000","5","31322","17","0","2021","1","",241,5874,5922,5888,63542872,49291334,739925,829,"",1.00,1.00,1.00,1.00,1.00,1.00,1.00,1.00,"",5,2.1,-606,-9.4,-538,-8.3,-504,-7.9,-4753316,-7.0,-5226978,-9.6,-64185,-8.0,14,1.7
"US000","5","313220","18","0","2021","1","",241,5874,5922,5888,63542872,49291334,739925,829,"",1.00,1.00,1.00,1.00,1.00,1.00,1.00,1.00,"",5,2.1,-606,-9.4,-538,-8.3,-504,-7.9,-4753316,-7.0,-5226978,-9.6,-64185,-8.0,14,1.7
"US000","5","31323","17","0","2021","1","",284,14804,14964,14844,241899534,158060815,2199230,1251,"",1.00,1.00,1.00,1.00,1.00,1.00,1.00,1.00,"",17,6.4,499,3.5,628,4.4,425,2.9,13805165,6.1,14404880,10.0,323767,17.3,29,2.4
"US000","5","313230","18","0","2021","1","",284,14804,14964,14844,241899534,158060815,2199230,1251,"",1.00,1.00,1.00,1.00,1.00,1.00,1.00,1.00,"",17,6.4,499,3.5,628,4.4,425,2.9,13805165,6.1,14404880,10.0,323767,17.3,29,2.4
"US000","5","31324","17","0","2021","1","",146,5013,5041,5063,55168884,46360106,1086460,842,"",1.00,1.00,1.00,1.00,1.00,1.00,1.00,1.00,"",-5,-3.3,-392,-7.3,-348,-6.5,-301,-5.6,-3849947,-6.5,-2580405,-5.3,-153047,-12.3,-1,-0.1
"US000","5","313240","18","0","2021","1","",146,5013,5041,5063,55168884,46360106,1086460,842,"",1.00,1.00,1.00,1.00,1.00,1.00,1.00,1.00,"",-5,-3.3,-392,-7.3,-348,-6.5,-301,-5.6,-3849947,-6.5,-2580405,-5.3,-153047,-12.3,-1,-0.1
"US000","5","3133","16","0","2021","1","",1217,25482,25748,25678,335944105,225517138,4509188,1008,"",1.00,1.00,1.00,1.00,1.00,1.00,1.00,1.00,"",7,0.6,-2947,-10.4,-2710,-9.5,-2552,-9.0,-36285259,-9.7,-24568362,-9.8,-212759,-4.5,-1,-0.1
"US000","5","31331","17","0","2021","1","",1027,18848,19021,18974,227207777,156137090,2874147,922,"",1.00,1.00,1.00,1.00,1.00,1.00,1.00,1.00,"",12,1.2,-2109,-10.1,-1973,-9.4,-1878,-9.0,-25135914,-10.0,-18199389,-10.4,-332154,-10.4,-5,-0.5
"US000","5","313310","18","0","2021","1","",1027,18848,19021,18974,227207777,156137090,2874147,922,"",1.00,1.00,1.00,1.00,1.00,1.00,1.00,1.00,"",12,1.2,-2109,-10.1,-1973,-9.4,-1878,-9.0,-25135914,-10.0,-18199389,-10.4,-332154,-10.4,-5,-0.5
"US000","5","31332","17","0","2021","1","",190,6634,6727,6704,108736328,69380048,1635041,1251,"",1.00,1.00,1.00,1.00,1.00,1.00,1.00,1.00,"",-5,-2.6,-838,-11.2,-737,-9.9,-674,-9.1,-11149345,-9.3,-6368973,-8.4,119395,7.9,11,0.9
"US000","5","313320","18","0","2021","1","",190,6634,6727,6704,108736328,69380048,1635041,1251,"",1.00,1.00,1.00,1.00,1.00,1.00,1.00,1.00,"",-5,-2.6,-838,-11.2,-737,-9.9,-674,-9.1,-11149345,-9.3,-6368973,-8.4,119395,7.9,11,0.9
"US000","5","314","15","0","2021","1","",6314,100133,101328,102103,1122381541,797051692,16185638,853,"",1.00,1.00,1.00,1.00,1.00,1.00,1.00,1.00,"",-68,-1.1,-8705,-8.0,-7995,-7.3,-6672,-6.1,-83546519,-6.9,-49174816,-5.8,-425381,-2.6,2,0.2
"US000","5","3141","16","0","2021","1","",1646,42930,43686,43993,528744777,346311259,8498247,934,"",1.00,1.00,1.00,1.00,1.00,1.00,1.00,1.00,"",-55,-3.2,-4328,-9.2,-4028,-8.4,-3504,-7.4,-47313742,-8.2,-26023329,-7.0,-390712,-4.4,1,0.1
"US000","5","31411","17","0","2021","1","",397,26966,27396,27494,364271059,223019651,6043992,1027,"",1.00,1.00,1.00,1.00,1.00,1.00,1.00,1.00,"",-1,-0.3,-2478,-8.4,-2360,-7.9,-2149,-7.2,-39108574,-9.7,-17165789,-7.1,-237836,-3.8,-21,-2.0
"US000","5","314110","18","0","2021","1","",397,26966,27396,27494,364271059,223019651,6043992,1027,"",1.00,1.00,1.00,1.00,1.00,1.00,1.00,1.00,"",-1,-0.3,-2478,-8.4,-2360,-7.9,-2149,-7.2,-39108574,-9.7,-17165789,-7.1,-237836,-3.8,-21,-2.0
"US000","5","31412","17","0","2021","1","",1249,15964,16290,16499,164473718,123291608,2454255,779,"",1.00,1.00,1.00,1.00,1.00,1.00,1.00,1.00,"",-54,-4.1,-1850,-10.4,-1668,-9.3,-1355,-7.6,-8205168,-4.8,-8857540,-6.7,-152876,-5.9,36,4.8
"US000","5","314120","18","0","2021","1","",1249,15964,16290,16499,164473718,123291608,2454255,779,"",1.00,1.00,1.00,1.00,1.00,1.00,1.00,1.00,"",-54,-4.1,-1850,-10.4,-1668,-9.3,-1355,-7.6,-8205168,-4.8,-8857540,-6.7,-152876,-5.9,36,4.8
"US000","5","3149","16","0","2021","1","",4668,57203,57642,58110,593636764,450740433,7687391,792,"",1.00,1.00,1.00,1.00,1.00,1.00,1.00,1.00,"",-13,-0.3,-4377,-7.1,-3967,-6.4,-3168,-5.2,-36232777,-5.8,-23151487,-4.9,-34669,-0.4,4,0.5
"US000","5","31491","17","0","2021","1","",1681,24175,24356,24758,256825651,196513139,3882812,809,"",1.00,1.00,1.00,1.00,1.00,1.00,1.00,1.00,"",-16,-0.9,-354,-1.4,-212,-0.9,56,0.2,1655843,0.6,1415492,0.7,347576,9.8,11,1.4
"US000","5","314910","18","0","2021","1","",1681,24175,24356,24758,256825651,196513139,3882812,809,"",1.00,1.00,1.00,1.00,1.00,1.00,1.00,1.00,"",-16,-0.9,-354,-1.4,-212,-0.9,56,0.2,1655843,0.6,1415492,0.7,347576,9.8,11,1.4
"US000","5","31499","17","0","2021","1","",2987,33028,33286,33352,336811113,254227294,3804579,780,"",1.00,1.00,1.00,1.00,1.00,1.00,1.00,1.00,"",3,0.1,-4023,-10.9,-3755,-10.1,-3224,-8.8,-37888620,-10.1,-24566979,-8.8,-382245,-9.1,-1,-0.1
"US000","5","314994","18","0","2021","1","",164,5262,5309,5343,67446010,49556174,632085,978,"",1.00,1.00,1.00,1.00,1.00,1.00,1.00,1.00,"",-9,-5.2,-607,-10.3,-543,-9.3,-518,-8.8,-8356894,-11.0,-4292809,-8.0,-20426,-3.1,-17,-1.7
"US000","5","314999","18","0","2021","1","",2823,27766,27977,28009,269365103,204671120,3172494,742,"",1.00,1.00,1.00,1.00,1.00,1.00,1.00,1.00,"",12,0.4,-3416,-11.0,-3212,-10.3,-2706,-8.8,-29531726,-9.9,-20274170,-9.0,-361819,-10.2,1,0.1
"US000","5","315","15","0","2021","1","",6299,87950,88796,89124,1002001573,618575243,16983200,870,"",1.00,1.00,1.00,1.00,1.00,1.00,1.00,1.00,"",-156,-2.4,-16443,-15.8,-15683,-15.0,-12790,-12.5,-163532299,-14.0,-103562172,-14.3,-2641528,-13.5,5,0.6
"US000","5","3151","16","0","2021","1","",238,7780,7696,7751,66102369,50877482,931096,657,"",1.00,1.00,1.00,1.00,1.00,1.00,1.00,1.00,"",-22,-8.5,-1573,-16.8,-1564,-16.9,-1416,-15.4,-14024873,-17.5,-11660746,-18.6,-330522,-26.2,-9,-1.4
"US000","5","31511","17","0","2021","1","",117,5248,5167,5202,41654884,34651118,365603,616,"",1.00,1.00,1.00,1.00,1.00,1.00,1.00,1.00,"",-11,-8.6,-1161,-18.1,-1184,-18.6,-1093,-17.4,-9067683,-17.9,-8373844,-19.5,-237895,-39.4,2,0.3
"US000","5","315110","18","0","2021","1","",117,5248,5167,5202,41654884,34651118,365603,616,"",1.00,1.00,1.00,1.00,1.00,1.00,1.00,1.00,"",-11,-8.6,-1161,-18.1,-1184,-18.6,-1093,-17.4,-9067683,-17.9,-8373844,-19.5,-237895,-39.4,2,0.3
"US000","5","31519","17","0","2021","1","",121,2532,2529,2549,24447485,16226364,565493,741,"",1.00,1.00,1.00,1.00,1.00,1.00,1.00,1.00,"",-11,-8.3,-412,-14.0,-380,-13.1,-323,-11.2,-4957190,-16.9,-3286902,-16.8,-92627,-14.1,-37,-4.8
"US000","5","315190","18","0","2021","1","",121,2532,2529,2549,24447485,16226364,565493,741,"",1.00,1.00,1.00,1.00,1.00,1.00,1.00,1.00,"",-11,-8.3,-412,-14.0,-380,-13.1,-323,-11.2,-4957190,-16.9,-3286902,-16.8,-92627,-14.1,-37,-4.8
"US000","5","3152","16","0","2021","1","",5095,69478,70305,70419,821308506,488960940,14396027,902,"",1.00,1.00,1.00,1.00,1.00,1.00,1.00,1.00,"",-203,-3.8,-13490,-16.3,-12949,-15.6,-10554,-13.0,-143244880,-14.9,-84947574,-14.8,-2129949,-12.9,2,0.2
"US000","5","31521","17","0","2021","1","",2672,24131,24846,25134,223004814,156230534,4473551,694,"",1.00,1.00,1.00,1.00,1.00,1.00,1.00,1.00,"",-189,-6.6,-4834,-16.7,-4443,-15.2,-2755,-9.9,-39037145,-14.9,-21005011,-11.9,-395525,-8.1,-8,-1.1
"US000","5","315210","18","0","2021","1","",2672,24131,24846,25134,223004814,156230534,4473551,694,"",1.00,1.00,1.00,1.00,1.00,1.00,1.00,1.00,"",-189,-6.6,-4834,-16.7,-4443,-15.2,-2755,-9.9,-39037145,-14.9,-21005011,-11.9,-395525,-8.1,-8,-1.1
"US000","5","31522","17","0","2021","1","",700,18857,18859,18774,256645945,141445299,3523442,1048,"",1.00,1.00,1.00,1.00,1.00,1.00,1.00,1.00,"",-9,-1.3,-3974,-17.4,-3827,-16.9,-3583,-16.0,-24764508,-8.8,-24422867,-14.7,-498901,-12.4,91,9.5
"US000","5","315220","18","0","2021","1","",700,18857,18859,18774,256645945,141445299,3523442,1048,"",1.00,1.00,1.00,1.00,1.00,1.00,1.00,1.00,"",-9,-1.3,-3974,-17.4,-3827,-16.9,-3583,-16.0,-24764508,-8.8,-24422867,-14.7,-498901,-12.4,91,9.5
"US000","5","31524","17","0","2021","1","",1061,15591,15645,15710,229800889,114878641,4330865,1130,"",1.00,1.00,1.00,1.00,1.00,1.00,1.00,1.00,"",-23,-2.1,-2922,-15.8,-2953,-15.9,-2529,-13.9,-48564244,-17.4,-23497374,-17.0,-695380,-13.8,-31,-2.7
"US000","5","315240","18","0","2021","1","",1061,15591,15645,15710,229800889,114878641,4330865,1130,"",1.00,1.00,1.00,1.00,1.00,1.00,1.00,1.00,"",-23,-2.1,-2922,-15.8,-2953,-15.9,-2529,-13.9,-48564244,-17.4,-23497374,-17.0,-695380,-13.8,-31,-2.7
"US000","5","31528","17","0","2021","1","",662,10899,10955,10801,111856858,76406466,2068169,790,"",1.00,1.00,1.00,1.00,1.00,1.00,1.00,1.00,"",18,2.8,-1760,-13.9,-1726,-13.6,-1687,-13.5,-30878983,-21.6,-16022322,-17.3,-540143,-20.7,-81,-9.3
"US000","5","315280","18","0","2021","1","",662,10899,10955,10801,111856858,76406466,2068169,790,"",1.00,1.00,1.00,1.00,1.00,1.00,1.00,1.00,"",18,2.8,-1760,-13.9,-1726,-13.6,-1687,-13.5,-30878983,-21.6,-16022322,-17.3,-540143,-20.7,-81,-9.3
"US000","5","3159","16","0","2021","1","",966,10692,10795,10954,114590698,78736821,1656077,815,"",1.00,1.00,1.00,1.00,1.00,1.00,1.00,1.00,"",69,7.7,-1380,-11.4,-1170,-9.8,-820,-7.0,-6262546,-5.2,-6953852,-8.1,-181057,-9.9,36,4.6
"US000","5","31599","17","0","2021","1","",966,10692,10795,10954,114590698,78736821,1656077,815,"",1.00,1.00,1.00,1.00,1.00,1.00,1.00,1.00,"",69,7.7,-1380,-11.4,-1170,-9.8,-820,-7.0,-6262546,-5.2,-6953852,-8.1,-181057,-9.9,36,4.6
"US000","5","315990","18","0","2021","1","",966,10692,10795,10954,114590698,78736821,1656077,815,"",1.00,1.00,1.00,1.00,1.00,1.00,1.00,1.00,"",69,7.7,-1380,-11.4,-1170,-9.8,-820,-7.0,-6262546,-5.2,-6953852,-8.1,-181057,-9.9,36,4.6
"US000","5","316","15","0","2021","1","",1364,24851,24914,25205,297387036,197949172,3980798,915,"",1.00,1.00,1.00,1.00,1.00,1.00,1.00,1.00,"",5,0.4,-2701,-9.8,-2558,-9.3,-1948,-7.2,-30030679,-9.2,-22538322,-10.2,-177859,-4.3,-4,-0.4
"US000","5","3161","16","0","2021","1","",207,3233,3225,3260,46477413,28783299,455235,1104,"",1.00,1.00,1.00,1.00,1.00,1.00,1.00,1.00,"",-2,-1.0,-595,-15.5,-594,-15.6,-497,-13.2,-4563695,-8.9,-5984971,-17.2,-68294,-13.0,71,6.9
"US000","5","31611","17","0","2021","1","",207,3233,3225,3260,46477413,28783299,455235,1104,"",1.00,1.00,1.00,1.00,1.00,1.00,1.00,1.00,"",-2,-1.0,-595,-15.5,-594,-15.6,-497,-13.2,-4563695,-8.9,-5984971,-17.2,-68294,-13.0,71,6.9
"US000","5","316110","18","0","2021","1","",207,3233,3225,3260,46477413,28783299,455235,1104,"",1.00,1.00,1.00,1.00,1.00,1.00,1.00,1.00,"",-2,-1.0,-595,-15.5,-594,-15.6,-497,-13.2,-4563695,-8.9,-5984971,-17.2,-68294,-13.0,71,6.9
"US000","5","3162","16","0","2021","1","",303,10825,10809,10973,134506033,89786556,2139552,952,"",1.00,1.00,1.00,1.00,1.00,1.00,1.00,1.00,"",8,2.7,-1699,-13.6,-1658,-13.3,-1273,-10.4,-20538225,-13.2,-14494042,-13.9,-152572,-6.7,-9,-0.9
"US000","5","31621","17","0","2021","1","",303,10825,10809,10973,134506033,89786556,2139552,952,"",1.00,1.00,1.00,1.00,1.00,1.00,1.00,1.00,"",8,2.7,-1699,-13.6,-1658,-13.3,-1273,-10.4,-20538225,-13.2,-14494042,-13.9,-152572,-6.7,-9,-0.9
"US000","5","316210","18","0","2021","1","",303,10825,10809,10973,134506033,89786556,2139552,952,"",1.00,1.00,1.00,1.00,1.00,1.00,1.00,1.00,"",8,2.7,-1699,-13.6,-1658,-13.3,-1273,-10.4,-20538225,-13.2,-14494042,-13.9,-152572,-6.7,-9,-0.9
"US000","5","3169","16","0","2021","1","",854,10793,10880,10972,116403590,79379317,1386011,823,"",1.00,1.00,1.00,1.00,1.00,1.00,1.00,1.00,"",-1,-0.1,-407,-3.6,-306,-2.7,-178,-1.6,-4928759,-4.1,-2059309,-2.5,43007,3.2,-12,-1.4
"US000","5","31699","17","0","2021","1","",854,10793,10880,10972,116403590,79379317,1386011,823,"",1.00,1.00,1.00,1.00,1.00,1.00,1.00,1.00,"",-1,-0.1,-407,-3.6,-306,-2.7,-178,-1.6,-4928759,-4.1,-2059309,-2.5,43007,3.2,-12,-1.4
"US000","5","316992","18","0","2021","1","",116,907,907,916,15308582,7720700,189458,1294,"",1.00,1.00,1.00,1.00,1.00,1.00,1.00,1.00,"",-1,-0.9,-247,-21.4,-231,-20.3,-223,-19.6,-2250723,-12.8,-1305010,-14.5,-24945,-11.6,113,9.6
"US000","5","316998","18","0","2021","1","",738,9886,9973,10056,101095008,71658617,1196553,780,"",1.00,1.00,1.00,1.00,1.00,1.00,1.00,1.00,"",0,0.0,-160,-1.6,-75,-0.7,45,0.4,-2678036,-2.6,-754299,-1.0,67952,6.0,-15,-1.9
"US000","5","321","15","0","2021","1","",15028,401207,402469,404709,5113190672,3635743835,63485742,976,"",1.00,1.00,1.00,1.00,1.00,1.00,1.00,1.00,"",134,0.9,-3737,-0.9,-2538,-0.6,144,0.0,190273165,3.9,46756284,1.3,3888412,6.5,41,4.4
"US000","5","3211","16","0","2021","1","",3474,88359,88479,89010,1144497978,840538740,12875389,993,"",1.00,1.00,1.00,1.00,1.00,1.00,1.00,1.00,"",-48,-1.4,-1484,-1.7,-1180,-1.3,-326,-0.4,33966850,3.1,9095171,1.1,895897,7.5,40,4.2
"US000","5","32111","17","0","2021","1","",3474,88359,88479,89010,1144497978,840538740,12875389,993,"",1.00,1.00,1.00,1.00,1.00,1.00,1.00,1.00,"",-48,-1.4,-1484,-1.7,-1180,-1.3,-326,-0.4,33966850,3.1,9095171,1.1,895897,7.5,40,4.2
"US000","5","321113","18","0","2021","1","",3053,78213,78200,78649,1015348100,746707364,11575672,997,"",1.00,1.00,1.00,1.00,1.00,1.00,1.00,1.00,"",-21,-0.7,-1148,-1.4,-918,-1.2,-135,-0.2,45435689,4.7,12320353,1.7,939237,8.8,54,5.7
"US000","5","321114","18","0","2021","1","",421,10146,10279,10361,129149878,93831376,1299717,968,"",1.00,1.00,1.00,1.00,1.00,1.00,1.00,1.00,"",-27,-6.0,-336,-3.2,-262,-2.5,-191,-1.8,-11468839,-8.2,-3225182,-3.3,-43340,-3.2,-60,-5.8
"US000","5","3212","16","0","2021","1","",1674,80761,80844,80881,1182552031,773296491,13097666,1125,"",1.00,1.00,1.00,1.00,1.00,1.00,1.00,1.00,"",24,1.5,-904,-1.1,-825,-1.0,-664,-0.8,35717730,3.1,-3578979,-0.5,-76727,-0.6,44,4.1
"US000","5","32121","17","0","2021","1","",1674,80761,80844,80881,1182552031,773296491,13097666,1125,"",1.00,1.00,1.00,1.00,1.00,1.00,1.00,1.00,"",24,1.5,-904,-1.1,-825,-1.0,-664,-0.8,35717730,3.1,-3578979,-0.5,-76727,-0.6,44,4.1
"US000","5","321211","18","0","2021","1","",315,12672,12805,12768,173024363,120121913,2035335,1044,"",1.00,1.00,1.00,1.00,1.00,1.00,1.00,1.00,"",10,3.3,-655,-4.9,-490,-3.7,-530,-4.0,-3331769,-1.9,-2481016,-2.0,29989,1.5,25,2.5
"US000","5","321212","18","0","2021","1","",117,14924,14855,14916,217129046,155974361,2585225,1121,"",1.00,1.00,1.00,1.00,1.00,1.00,1.00,1.00,"",-2,-1.7,4,0.0,-83,-0.6,-47,-0.3,3497006,1.6,-3026451,-1.9,-234014,-8.3,21,1.9
"US000","5","321213","18","0","2021","1","",169,6799,6953,7005,104972429,68109363,1281646,1167,"",1.00,1.00,1.00,1.00,1.00,1.00,1.00,1.00,"",5,3.0,-68,-1.0,83,1.2,216,3.2,4580843,4.6,380830,0.6,52682,4.3,38,3.4
"US000","5","321214","18","0","2021","1","",876,32302,32138,32101,388447411,268638860,4691279,929,"",1.00,1.00,1.00,1.00,1.00,1.00,1.00,1.00,"",9,1.0,302,0.9,158,0.5,96,0.3,12933743,3.4,6706735,2.6,140921,3.1,26,2.9
"US000","5","321219","18","0","2021","1","",197,14064,14093,14091,298978782,160451994,2504181,1633,"",1.00,1.00,1.00,1.00,1.00,1.00,1.00,1.00,"",2,1.0,-487,-3.3,-493,-3.4,-399,-2.8,18037907,6.4,-5159077,-3.1,-66305,-2.6,147,9.9
"US000","5","3219","16","0","2021","1","",9880,232087,233146,234818,2786140663,2021908604,37512687,918,"",1.00,1.00,1.00,1.00,1.00,1.00,1.00,1.00,"",158,1.6,-1349,-0.6,-533,-0.2,1134,0.5,120588585,4.5,41240092,2.1,3069242,8.9,40,4.6
"US000","5","32191","17","0","2021","1","",3439,101236,101856,102483,1306584100,946499223,15700182,987,"",1.00,1.00,1.00,1.00,1.00,1.00,1.00,1.00,"",13,0.4,-365,-0.4,248,0.2,941,0.9,71990226,5.8,24547252,2.7,1524141,10.8,52,5.6
"US000","5","321911","18","0","2021","1","",1139,52842,53135,53478,753018795,530077112,7957146,1090,"",1.00,1.00,1.00,1.00,1.00,1.00,1.00,1.00,"",1,0.1,-156,-0.3,-33,-0.1,375,0.7,45502271,6.4,11184682,2.2,905790,12.8,65,6.3
"US000","5","321912","18","0","2021","1","",535,13258,13364,13433,146521836,119521027,1995032,844,"",1.00,1.00,1.00,1.00,1.00,1.00,1.00,1.00,"",-5,-0.9,-226,-1.7,-135,-1.0,-71,-0.5,6578932,4.7,3990613,3.5,251880,14.4,46,5.8
"US000","5","321918","18","0","2021","1","",1765,35136,35357,35572,407043469,296901084,5748004,886,"",1.00,1.00,1.00,1.00,1.00,1.00,1.00,1.00,"",17,1.0,17,0.0,416,1.2,637,1.8,19909023,5.1,9371957,3.3,366471,6.8,35,4.1
"US000","5","32192","17","0","2021","1","",2990,60620,60651,60821,613309902,481229170,7269843,777,"",1.00,1.00,1.00,1.00,1.00,1.00,1.00,1.00,"",15,0.5,-1730,-2.8,-1850,-3.0,-1398,-2.2,-3559209,-0.6,-3898981,-0.8,306968,4.4,16,2.1
"US000","5","321920","18","0","2021","1","",2990,60620,60651,60821,613309902,481229170,7269843,777,"",1.00,1.00,1.00,1.00,1.00,1.00,1.00,1.00,"",15,0.5,-1730,-2.8,-1850,-3.0,-1398,-2.2,-3559209,-0.6,-3898981,-0.8,306968,4.4,16,2.1
"US000","5","32199","17","0","2021","1","",3451,70231,70639,71514,866246661,594180211,14542662,941,"",1.00,1.00,1.00,1.00,1.00,1.00,1.00,1.00,"",130,3.9,746,1.1,1069,1.5,1591,2.3,52157568,6.4,20591821,3.6,1238133,9.3,42,4.7
"US000","5","321991","18","0","2021","1","",328,29277,29511,29832,350336275,239553412,6215769,912,"",1.00,1.00,1.00,1.00,1.00,1.00,1.00,1.00,"",7,2.2,39,0.1,386,1.3,498,1.7,13982994,4.2,6885479,3.0,457168,7.9,27,3.1
"US000","5","321992","18","0","2021","1","",816,16260,16286,16573,189902461,144350982,4404585,892,"",1.00,1.00,1.00,1.00,1.00,1.00,1.00,1.00,"",22,2.8,646,4.1,558,3.5,638,4.0,8120908,4.5,6857133,5.0,394852,9.8,5,0.6
"US000","5","321999","18","0","2021","1","",2307,24694,24842,25109,326007925,210275817,3922308,1008,"",1.00,1.00,1.00,1.00,1.00,1.00,1.00,1.00,"",101,4.6,61,0.2,125,0.5,455,1.8,30053666,10.2,6849209,3.4,386113,10.9,85,9.2
"US000","5","322","15","0","2021","1","",5334,349037,349637,350381,6363743520,3710705643,58224670,1400,"",1.00,1.00,1.00,1.00,1.00,1.00,1.00,1.00,"",-11,-0.2,-13363,-3.7,-12937,-3.6,-11359,-3.1,-236570332,-3.6,-143778472,-3.7,1325501,2.3,-2,-0.1
"US000","5","3221","16","0","2021","1","",800,89849,89520,89374,1966099986,1075841722,12754194,1688,"",1.00,1.00,1.00,1.00,1.00,1.00,1.00,1.00,"",2,0.3,-5220,-5.5,-4928,-5.2,-4724,-5.0,-180227570,-8.4,-78475205,-6.8,741050,6.2,-58,-3.3
"US000","5","32211","17","0","2021","1","",80,5201,5247,5285,121385924,64644938,507211,1780,"",1.00,1.00,1.00,1.00,1.00,1.00,1.00,1.00,"",7,9.6,-446,-7.9,-380,-6.8,-326,-5.8,-6811037,-5.3,-3790196,-5.5,-57464,-10.2,28,1.6
"US000","5","322110","18","0","2021","1","",80,5201,5247,5285,121385924,64644938,507211,1780,"",1.00,1.00,1.00,1.00,1.00,1.00,1.00,1.00,"",7,9.6,-446,-7.9,-380,-6.8,-326,-5.8,-6811037,-5.3,-3790196,-5.5,-57464,-10.2,28,1.6
"US000","5","32212","17","0","2021","1","",463,52739,52441,52325,1108537647,648631433,8243627,1624,"",1.00,1.00,1.00,1.00,1.00,1.00,1.00,1.00,"",-2,-0.4,-4379,-7.7,-4163,-7.4,-4032,-7.2,-136846793,-11.0,-64822733,-9.1,908514,12.4,-66,-3.9
"US000","5","322121","18","0","2021","1","",428,49613,49370,49318,1044643664,609305466,7784865,1626,"",1.00,1.00,1.00,1.00,1.00,1.00,1.00,1.00,"",-2,-0.5,-3209,-6.1,-2932,-5.6,-2733,-5.3,-96175297,-8.4,-49136812,-7.5,905227,13.2,-49,-2.9
"US000","5","322122","18","0","2021","1","",35,3126,3071,3007,63893983,39325967,458762,1602,"",1.00,1.00,1.00,1.00,1.00,1.00,1.00,1.00,"",0,0.0,-1170,-27.2,-1231,-28.6,-1299,-30.2,-40671496,-38.9,-15685921,-28.5,3287,0.7,-268,-14.3
"US000","5","32213","17","0","2021","1","",257,31909,31832,31764,736176415,362565351,4003356,1779,"",1.00,1.00,1.00,1.00,1.00,1.00,1.00,1.00,"",-3,-1.2,-395,-1.2,-385,-1.2,-366,-1.1,-36569740,-4.7,-9862276,-2.6,-110000,-2.7,-66,-3.6
"US000","5","322130","18","0","2021","1","",257,31909,31832,31764,736176415,362565351,4003356,1779,"",1.00,1.00,1.00,1.00,1.00,1.00,1.00,1.00,"",-3,-1.2,-395,-1.2,-385,-1.2,-366,-1.1,-36569740,-4.7,-9862276,-2.6,-110000,-2.7,-66,-3.6
"US000","5","3222","16","0","2021","1","",4534,259188,260117,261007,4397643534,2634863921,45470476,1301,"",1.00,1.00,1.00,1.00,1.00,1.00,1.00,1.00,"",-13,-0.3,-8143,-3.0,-8009,-3.0,-6635,-2.5,-56342762,-1.3,-65303267,-2.4,584451,1.3,21,1.6
"US000","5","32221","17","0","2021","1","",2328,147635,148184,148673,2509444022,1488181964,27007131,1303,"",1.00,1.00,1.00,1.00,1.00,1.00,1.00,1.00,"",-12,-0.5,-4587,-3.0,-4366,-2.9,-3451,-2.3,-15238399,-0.6,-16547594,-1.1,523983,2.0,28,2.2
"US000","5","322211","18","0","2021","1","",1566,96475,96982,97222,1721529814,996947493,18377051,1367,"",1.00,1.00,1.00,1.00,1.00,1.00,1.00,1.00,"",-14,-0.9,-2187,-2.2,-1930,-2.0,-1493,-1.5,28233954,1.7,-2010281,-0.2,516844,2.9,48,3.6
"US000","5","322212","18","0","2021","1","",372,27555,27580,27679,431567068,269962333,4797621,1203,"",1.00,1.00,1.00,1.00,1.00,1.00,1.00,1.00,"",2,0.5,-340,-1.2,-362,-1.3,-165,-0.6,-12984090,-2.9,179407,0.1,211867,4.6,-23,-1.9
"US000","5","322219","18","0","2021","1","",390,23605,23622,23772,356347140,221272138,3832459,1158,"",1.00,1.00,1.00,1.00,1.00,1.00,1.00,1.00,"",0,0.0,-2060,-8.0,-2074,-8.1,-1793,-7.0,-30488263,-7.9,-14716720,-6.2,-204728,-5.1,-2,-0.2
"US000","5","32222","17","0","2021","1","",1034,52994,53162,53524,885844122,546968445,8807776,1280,"",1.00,1.00,1.00,1.00,1.00,1.00,1.00,1.00,"",3,0.3,-1450,-2.7,-1765,-3.2,-1417,-2.6,-10125156,-1.1,-25945821,-4.5,-232083,-2.6,22,1.7
"US000","5","322220","18","0","2021","1","",1034,52994,53162,53524,885844122,546968445,8807776,1280,"",1.00,1.00,1.00,1.00,1.00,1.00,1.00,1.00,"",3,0.3,-1450,-2.7,-1765,-3.2,-1417,-2.6,-10125156,-1.1,-25945821,-4.5,-232083,-2.6,22,1.7
"US000","5","32223","17","0","2021","1","",418,14379,14438,14417,197094371,136206380,2848406,1052,"",1.00,1.00,1.00,1.00,1.00,1.00,1.00,1.00,"",-15,-3.5,-1634,-10.2,-1471,-9.2,-1450,-9.1,-30157213,-13.3,-17390229,-11.3,-243385,-7.9,-45,-4.1
"US000","5","322230","18","0","2021","1","",418,14379,14438,14417,197094371,136206380,2848406,1052,"",1.00,1.00,1.00,1.00,1.00,1.00,1.00,1.00,"",-15,-3.5,-1634,-10.2,-1471,-9.2,-1450,-9.1,-30157213,-13.3,-17390229,-11.3,-243385,-7.9,-45,-4.1
"US000","5","32229","17","0","2021","1","",754,44180,44333,44393,805261019,463507132,6807163,1398,"",1.00,1.00,1.00,1.00,1.00,1.00,1.00,1.00,"",11,1.5,-472,-1.1,-407,-0.9,-317,-0.7,-821994,-0.1,-5419623,-1.2,535936,8.5,11,0.8
"US000","5","322291","18","0","2021","1","",225,27000,26970,26915,557215694,300289481,3856496,1590,"",1.00,1.00,1.00,1.00,1.00,1.00,1.00,1.00,"",8,3.7,-307,-1.1,-394,-1.4,-360,-1.3,-2199528,-0.4,-3995315,-1.3,220805,6.1,15,1.0
"US000","5","322299","18","0","2021","1","",529,17180,17363,17478,248045325,163217651,2950667,1100,"",1.00,1.00,1.00,1.00,1.00,1.00,1.00,1.00,"",3,0.6,-165,-1.0,-13,-0.1,43,0.2,1377534,0.6,-1424308,-0.9,315131,12.0,9,0.8
"US000","5","323","15","0","2021","1","",27668,363450,362156,362809,4609689314,3208825485,61518689,977,"",1.00,1.00,1.00,1.00,1.00,1.00,1.00,1.00,"",-309,-1.1,-52431,-12.6,-53021,-12.8,-49263,-12.0,-748307704,-14.0,-483946642,-13.1,-6296088,-9.3,-18,-1.8
"US000","5","3231","16","0","2021","1","",27668,363450,362156,362809,4609689314,3208825485,61518689,977,"",1.00,1.00,1.00,1.00,1.00,1.00,1.00,1.00,"",-309,-1.1,-52431,-12.6,-53021,-12.8,-49263,-12.0,-748307704,-14.0,-483946642,-13.1,-6296088,-9.3,-18,-1.8
"US000","5","32311","17","0","2021","1","",26348,345822,344637,345153,4383371703,3044637793,58392011,977,"",1.00,1.00,1.00,1.00,1.00,1.00,1.00,1.00,"",-245,-0.9,-49812,-12.6,-50480,-12.8,-46944,-12.0,-703282914,-13.8,-456714929,-13.0,-5857502,-9.1,-15,-1.5
"US000","5","323111","18","0","2021","1","",18664,263797,262899,262824,3597107283,2428733581,46811939,1051,"",1.00,1.00,1.00,1.00,1.00,1.00,1.00,1.00,"",-366,-1.9,-37254,-12.4,-37993,-12.6,-35717,-12.0,-577863133,-13.8,-364052686,-13.0,-4871361,-9.4,-19,-1.8
"US000","5","323113","18","0","2021","1","",7216,67518,67367,67986,617625994,490588715,8720982,703,"",1.00,1.00,1.00,1.00,1.00,1.00,1.00,1.00,"",125,1.8,-9676,-12.5,-9490,-12.3,-8326,-10.9,-85030281,-12.1,-65443240,-11.8,-579173,-6.2,-1,-0.1
"US000","5","323117","18","0","2021","1","",468,14507,14371,14343,168638426,125315497,2859090,900,"",1.00,1.00,1.00,1.00,1.00,1.00,1.00,1.00,"",-4,-0.8,-2882,-16.6,-2997,-17.3,-2901,-16.8,-40389500,-19.3,-27219003,-17.8,-406968,-12.5,-28,-3.0
"US000","5","32312","17","0","2021","1","",1320,17628,17519,17656,226317611,164187692,3126678,989,"",1.00,1.00,1.00,1.00,1.00,1.00,1.00,1.00,"",-64,-4.6,-2619,-12.9,-2541,-12.7,-2319,-11.6,-45024790,-16.6,-27231713,-14.2,-438586,-12.3,-50,-4.8
"US000","5","323120","18","0","2021","1","",1320,17628,17519,17656,226317611,164187692,3126678,989,"",1.00,1.00,1.00,1.00,1.00,1.00,1.00,1.00,"",-64,-4.6,-2619,-12.9,-2541,-12.7,-2319,-11.6,-45024790,-16.6,-27231713,-14.2,-438586,-12.3,-50,-4.8
"US000","5","324","15","0","2021","1","",2349,103089,102457,103252,3513039959,1243350872,21540822,2625,"",1.00,1.00,1.00,1.00,1.00,1.00,1.00,1.00,"",16,0.7,-4732,-4.4,-6064,-5.6,-6214,-5.7,-322023266,-8.4,-47491112,-3.7,753339,3.6,-91,-3.4
"US000","5","3241","16","0","2021","1","",2349,103089,102457,103252,3513039959,1243350872,21540822,2625,"",1.00,1.00,1.00,1.00,1.00,1.00,1.00,1.00,"",16,0.7,-4732,-4.4,-6064,-5.6,-6214,-5.7,-322023266,-8.4,-47491112,-3.7,753339,3.6,-91,-3.4
"US000","5","32411","17","0","2021","1","",610,62922,62158,61629,2669776224,815683833,8834508,3300,"",1.00,1.00,1.00,1.00,1.00,1.00,1.00,1.00,"",9,1.5,-4083,-6.1,-4998,-7.4,-5539,-8.2,-287630546,-9.7,-39783655,-4.7,343250,4.0,-90,-2.7
"US000","5","324110","18","0","2021","1","",610,62922,62158,61629,2669776224,815683833,8834508,3300,"",1.00,1.00,1.00,1.00,1.00,1.00,1.00,1.00,"",9,1.5,-4083,-6.1,-4998,-7.4,-5539,-8.2,-287630546,-9.7,-39783655,-4.7,343250,4.0,-90,-2.7
"US000","5","32412","17","0","2021","1","",1219,24661,24824,26035,530020450,271777133,9805546,1620,"",1.00,1.00,1.00,1.00,1.00,1.00,1.00,1.00,"",1,0.1,-25,-0.1,-204,-0.8,95,0.4,8992444,1.7,110535,0.0,371867,3.9,31,2.0
"US000","5","324121","18","0","2021","1","",925,12701,12744,13799,237555376,132685633,6289541,1397,"",1.00,1.00,1.00,1.00,1.00,1.00,1.00,1.00,"",0,0.0,-420,-3.2,-687,-5.1,-521,-3.6,-14158761,-5.6,-7748960,-5.5,3101,0.0,-24,-1.7
"US000","5","324122","18","0","2021","1","",294,11960,12080,12236,292465074,139091500,3516005,1861,"",1.00,1.00,1.00,1.00,1.00,1.00,1.00,1.00,"",1,0.3,395,3.4,483,4.2,616,5.3,23151205,8.6,7859495,6.0,368766,11.7,74,4.1
"US000","5","32419","17","0","2021","1","",520,15506,15475,15588,313243285,155889906,2900768,1552,"",1.00,1.00,1.00,1.00,1.00,1.00,1.00,1.00,"",6,1.2,-624,-3.9,-862,-5.3,-770,-4.7,-43385164,-12.2,-7817992,-4.8,38222,1.3,-134,-7.9
"US000","5","324191","18","0","2021","1","",389,10868,10868,10975,221553613,117748637,2205034,1563,"",1.00,1.00,1.00,1.00,1.00,1.00,1.00,1.00,"",-4,-1.0,-353,-3.1,-389,-3.5,-319,-2.8,-33649168,-13.2,-1050140,-0.9,217981,11.0,-181,-10.4
"US000","5","324199","18","0","2021","1","",131,4638,4607,4613,91689672,38141269,695734,1527,"",1.00,1.00,1.00,1.00,1.00,1.00,1.00,1.00,"",10,8.3,-271,-5.5,-473,-9.3,-451,-8.9,-9735996,-9.6,-6767852,-15.1,-179759,-20.5,-28,-1.8
"US000","5","325","15","0","2021","1","",21038,856243,858924,863729,26526897737,9491270043,165876899,2374,"",1.00,1.00,1.00,1.00,1.00,1.00,1.00,1.00,"",1133,5.7,7032,0.8,8223,1.0,12450,1.5,63477818,0.2,145508087,1.6,15992504,10.7,-20,-0.8
"US000","5","3251","16","0","2021","1","",3443,146578,146260,146604,4248603595,1597401401,23846836,2231,"",1.00,1.00,1.00,1.00,1.00,1.00,1.00,1.00,"",95,2.8,-4165,-2.8,-4492,-3.0,-4210,-2.8,-182602334,-4.1,-39562866,-2.4,1359200,6.0,-30,-1.3
"US000","5","32511","17","0","2021","1","",203,25056,24940,24946,964126886,222203691,3060951,2969,"",1.00,1.00,1.00,1.00,1.00,1.00,1.00,1.00,"",-4,-1.9,-1248,-4.7,-1554,-5.9,-1565,-5.9,-31363665,-3.2,-16192259,-6.8,-255089,-7.7,72,2.5
"US000","5","325110","18","0","2021","1","",203,25056,24940,24946,964126886,222203691,3060951,2969,"",1.00,1.00,1.00,1.00,1.00,1.00,1.00,1.00,"",-4,-1.9,-1248,-4.7,-1554,-5.9,-1565,-5.9,-31363665,-3.2,-16192259,-6.8,-255089,-7.7,72,2.5
"US000","5","32512","17","0","2021","1","",758,18333,18260,18481,591949010,207378619,3877248,2480,"",1.00,1.00,1.00,1.00,1.00,1.00,1.00,1.00,"",-9,-1.2,-550,-2.9,-615,-3.3,-426,-2.3,-41110413,-6.5,-5816985,-2.7,227577,6.2,-98,-3.8
"US000","5","325120","18","0","2021","1","",758,18333,18260,18481,591949010,207378619,3877248,2480,"",1.00,1.00,1.00,1.00,1.00,1.00,1.00,1.00,"",-9,-1.2,-550,-2.9,-615,-3.3,-426,-2.3,-41110413,-6.5,-5816985,-2.7,227577,6.2,-98,-3.8
"US000","5","32513","17","0","2021","1","",289,10491,10573,10553,248103749,113867558,1716220,1811,"",1.00,1.00,1.00,1.00,1.00,1.00,1.00,1.00,"",0,0.0,-83,-0.8,-9,-0.1,-6,-0.1,-2742877,-1.1,109731,0.1,261593,18.0,-14,-0.8
"US000","5","325130","18","0","2021","1","",289,10491,10573,10553,248103749,113867558,1716220,1811,"",1.00,1.00,1.00,1.00,1.00,1.00,1.00,1.00,"",0,0.0,-83,-0.8,-9,-0.1,-6,-0.1,-2742877,-1.1,109731,0.1,261593,18.0,-14,-0.8
"US000","5","32518","17","0","2021","1","",886,38930,38835,38919,1043102893,433004279,6248401,2063,"",1.00,1.00,1.00,1.00,1.00,1.00,1.00,1.00,"",37,4.4,-1538,-3.8,-1572,-3.9,-1447,-3.6,-106098231,-9.2,-9041635,-2.0,715312,12.9,-124,-5.7
"US000","5","325180","18","0","2021","1","",886,38930,38835,38919,1043102893,433004279,6248401,2063,"",1.00,1.00,1.00,1.00,1.00,1.00,1.00,1.00,"",37,4.4,-1538,-3.8,-1572,-3.9,-1447,-3.6,-106098231,-9.2,-9041635,-2.0,715312,12.9,-124,-5.7
"US000","5","32519","17","0","2021","1","",1307,53768,53652,53705,1401321057,620947254,8944016,2007,"",1.00,1.00,1.00,1.00,1.00,1.00,1.00,1.00,"",71,5.7,-746,-1.4,-742,-1.4,-766,-1.4,-1287148,-0.1,-8621718,-1.4,409807,4.8,26,1.3
"US000","5","325193","18","0","2021","1","",215,9833,9810,9798,217080067,118719313,1241884,1702,"",1.00,1.00,1.00,1.00,1.00,1.00,1.00,1.00,"",4,1.9,-551,-5.3,-561,-5.4,-536,-5.2,-17310644,-7.4,-7649475,-6.1,-27545,-2.2,-38,-2.2
"US000","5","325194","18","0","2021","1","",100,4448,4410,4391,91375171,42522553,634645,1592,"",1.00,1.00,1.00,1.00,1.00,1.00,1.00,1.00,"",9,9.9,323,7.8,270,6.5,241,5.8,273544,0.3,1978656,4.9,164811,35.1,-101,-6.0
"US000","5","325199","18","0","2021","1","",992,39487,39432,39516,1092865819,459705388,7067487,2129,"",1.00,1.00,1.00,1.00,1.00,1.00,1.00,1.00,"",58,6.2,-518,-1.3,-451,-1.1,-471,-1.2,15749952,1.5,-2950899,-0.6,272541,4.0,55,2.7
"US000","5","3252","16","0","2021","1","",1754,91799,92039,92105,2455375944,923175968,13934418,2053,"",1.00,1.00,1.00,1.00,1.00,1.00,1.00,1.00,"",72,4.3,-1946,-2.1,-1949,-2.1,-2077,-2.2,-67312777,-2.7,-22502136,-2.4,153686,1.1,-12,-0.6
"US000","5","32521","17","0","2021","1","",1526,68339,68420,68503,1839093443,698092809,11425979,2068,"",1.00,1.00,1.00,1.00,1.00,1.00,1.00,1.00,"",62,4.2,-1133,-1.6,-1208,-1.7,-1336,-1.9,-57942270,-3.1,-12230640,-1.7,-66088,-0.6,-27,-1.3
"US000","5","325211","18","0","2021","1","",1319,59091,59178,59269,1630847097,609035143,9908809,2120,"",1.00,1.00,1.00,1.00,1.00,1.00,1.00,1.00,"",50,3.9,-440,-0.7,-482,-0.8,-619,-1.0,-36090085,-2.2,-7689027,-1.2,-151567,-1.5,-28,-1.3
"US000","5","325212","18","0","2021","1","",207,9248,9242,9234,208246346,89057666,1517170,1733,"",1.00,1.00,1.00,1.00,1.00,1.00,1.00,1.00,"",12,6.2,-693,-7.0,-726,-7.3,-717,-7.2,-21852185,-9.5,-4541613,-4.9,85479,6.0,-45,-2.5
"US000","5","32522","17","0","2021","1","",228,23460,23619,23602,616282501,225083159,2508439,2012,"",1.00,1.00,1.00,1.00,1.00,1.00,1.00,1.00,"",10,4.6,-813,-3.3,-741,-3.0,-741,-3.0,-9370507,-1.5,-10271496,-4.4,219774,9.6,34,1.7
"US000","5","325220","18","0","2021","1","",228,23460,23619,23602,616282501,225083159,2508439,2012,"",1.00,1.00,1.00,1.00,1.00,1.00,1.00,1.00,"",10,4.6,-813,-3.3,-741,-3.0,-741,-3.0,-9370507,-1.5,-10271496,-4.4,219774,9.6,34,1.7
"US000","5","3253","16","0","2021","1","",1417,37226,37258,37714,909034737,412246548,6222035,1870,"",1.00,1.00,1.00,1.00,1.00,1.00,1.00,1.00,"",35,2.5,739,2.0,599,1.6,776,2.1,33719152,3.9,8480264,2.1,836141,15.5,35,1.9
"US000","5","32531","17","0","2021","1","",1004,23458,23496,23881,566549141,262825267,4445142,1846,"",1.00,1.00,1.00,1.00,1.00,1.00,1.00,1.00,"",25,2.6,363,1.6,312,1.3,442,1.9,43679912,8.4,6657672,2.6,671650,17.8,115,6.6
"US000","5","325311","18","0","2021","1","",324,8879,8899,8979,263396665,114154633,2158351,2272,"",1.00,1.00,1.00,1.00,1.00,1.00,1.00,1.00,"",11,3.5,384,4.5,379,4.4,386,4.5,27856511,11.8,6674994,6.2,294279,15.8,149,7.0
"US000","5","325312","18","0","2021","1","",61,5602,5594,5665,159242687,66710809,570547,2179,"",1.00,1.00,1.00,1.00,1.00,1.00,1.00,1.00,"",-3,-4.7,-100,-1.8,-97,-1.7,-16,-0.3,6163448,4.0,-2260564,-3.3,226835,66.0,110,5.3
"US000","5","325314","18","0","2021","1","",619,8977,9003,9237,143909789,81959825,1716244,1220,"",1.00,1.00,1.00,1.00,1.00,1.00,1.00,1.00,"",17,2.8,79,0.9,30,0.3,72,0.8,9659953,7.2,2243242,2.8,150536,9.6,74,6.5
"US000","5","32532","17","0","2021","1","",413,13768,13762,13833,342485596,149421281,1776893,1911,"",1.00,1.00,1.00,1.00,1.00,1.00,1.00,1.00,"",10,2.5,376,2.8,287,2.1,334,2.5,-9960760,-2.8,1822592,1.2,164491,10.2,-104,-5.2
"US000","5","325320","18","0","2021","1","",413,13768,13762,13833,342485596,149421281,1776893,1911,"",1.00,1.00,1.00,1.00,1.00,1.00,1.00,1.00,"",10,2.5,376,2.8,287,2.1,334,2.5,-9960760,-2.8,1822592,1.2,164491,10.2,-104,-5.2
"US000","5","3254","16","0","2021","1","",5683,324184,325655,328897,13875998716,3972953550,73644466,3272,"",1.00,1.00,1.00,1.00,1.00,1.00,1.00,1.00,"",611,12.0,15081,4.9,15980,5.2,18105,5.8,378616436,2.8,220892379,5.9,11082042,17.7,-79,-2.4
"US000","5","32541","17","0","2021","1","",5683,324184,325655,328897,13875998716,3972953550,73644466,3272,"",1.00,1.00,1.00,1.00,1.00,1.00,1.00,1.00,"",611,12.0,15081,4.9,15980,5.2,18105,5.8,378616436,2.8,220892379,5.9,11082042,17.7,-79,-2.4
"US000","5","325411","18","0","2021","1","",1145,36538,36839,37676,1388946000,438895527,8031642,2886,"",1.00,1.00,1.00,1.00,1.00,1.00,1.00,1.00,"",156,15.8,2557,7.5,2728,8.0,3229,9.4,-34453757,-2.4,27270151,6.6,1364647,20.5,-317,-9.9
"US000","5","325412","18","0","2021","1","",3638,216615,217150,218616,9937170795,2677294719,49665094,3515,"",1.00,1.00,1.00,1.00,1.00,1.00,1.00,1.00,"",407,12.6,6172,2.9,6413,3.0,7428,3.5,73601977,0.7,111314211,4.3,5983159,13.7,-84,-2.3
"US000","5","325413","18","0","2021","1","",377,31815,32165,32811,1188638295,351538305,7768569,2834,"",1.00,1.00,1.00,1.00,1.00,1.00,1.00,1.00,"",18,5.0,4173,15.1,4460,16.1,5020,18.1,295498534,33.1,46694313,15.3,2027523,35.3,355,14.3
"US000","5","325414","18","0","2021","1","",523,39216,39501,39794,1361243626,505224999,8179161,2651,"",1.00,1.00,1.00,1.00,1.00,1.00,1.00,1.00,"",30,6.1,2179,5.9,2379,6.4,2428,6.5,43969682,3.3,35613704,7.6,1706713,26.4,-75,-2.8
"US000","5","3255","16","0","2021","1","",2277,63544,63865,64089,1321927814,650901735,12647836,1593,"",1.00,1.00,1.00,1.00,1.00,1.00,1.00,1.00,"",19,0.8,-1838,-2.8,-1778,-2.7,-1539,-2.3,-2079575,-0.2,-8083284,-1.2,359443,2.9,39,2.5
"US000","5","32551","17","0","2021","1","",1597,40982,41218,41457,851207316,410317513,7994350,1589,"",1.00,1.00,1.00,1.00,1.00,1.00,1.00,1.00,"",15,0.9,-1579,-3.7,-1515,-3.5,-1256,-2.9,-5329277,-0.6,-5560467,-1.3,217639,2.8,45,2.9
"US000","5","325510","18","0","2021","1","",1597,40982,41218,41457,851207316,410317513,7994350,1589,"",1.00,1.00,1.00,1.00,1.00,1.00,1.00,1.00,"",15,0.9,-1579,-3.7,-1515,-3.5,-1256,-2.9,-5329277,-0.6,-5560467,-1.3,217639,2.8,45,2.9
"US000","5","32552","17","0","2021","1","",680,22562,22647,22632,470720498,240584222,4653486,1601,"",1.00,1.00,1.00,1.00,1.00,1.00,1.00,1.00,"",4,0.6,-259,-1.1,-263,-1.1,-283,-1.2,3249702,0.7,-2522817,-1.0,141804,3.1,29,1.8
"US000","5","325520","18","0","2021","1","",680,22562,22647,22632,470720498,240584222,4653486,1601,"",1.00,1.00,1.00,1.00,1.00,1.00,1.00,1.00,"",4,0.6,-259,-1.1,-263,-1.1,-283,-1.2,3249702,0.7,-2522817,-1.0,141804,3.1,29,1.8
"US000","5","3256","16","0","2021","1","",3426,114740,115266,115596,2201050061,1153426319,20645579,1470,"",1.00,1.00,1.00,1.00,1.00,1.00,1.00,1.00,"",267,8.5,3400,3.1,3876,3.5,4773,4.3,-40814730,-1.8,19962934,1.8,1973984,10.6,-81,-5.2
"US000","5","32561","17","0","2021","1","",1878,57285,57424,57544,1260839345,601545136,9643735,1689,"",1.00,1.00,1.00,1.00,1.00,1.00,1.00,1.00,"",169,9.9,2479,4.5,2549,4.6,2757,5.0,-32949132,-2.5,19867875,3.4,1036609,12.0,-126,-6.9
"US000","5","325611","18","0","2021","1","",949,27854,27815,27909,677733243,280123914,4697652,1871,"",1.00,1.00,1.00,1.00,1.00,1.00,1.00,1.00,"",105,12.4,1471,5.6,1486,5.6,1683,6.4,-21467164,-3.1,12074310,4.5,485240,11.5,-173,-8.5
"US000","5","325612","18","0","2021","1","",784,24852,25021,25017,476126480,262553083,4383890,1467,"",1.00,1.00,1.00,1.00,1.00,1.00,1.00,1.00,"",59,8.1,1161,4.9,1236,5.2,1195,5.0,-7940350,-1.6,9801516,3.9,615773,16.3,-100,-6.4
"US000","5","325613","18","0","2021","1","",145,4579,4588,4618,106979622,58868139,562193,1791,"",1.00,1.00,1.00,1.00,1.00,1.00,1.00,1.00,"",5,3.6,-153,-3.2,-173,-3.6,-121,-2.6,-3541618,-3.2,-2007951,-3.3,-64404,-10.3,-1,-0.1
"US000","5","32562","17","0","2021","1","",1548,57455,57842,58052,940210716,551881183,11001844,1252,"",1.00,1.00,1.00,1.00,1.00,1.00,1.00,1.00,"",98,6.8,921,1.6,1327,2.3,2016,3.6,-7865598,-0.8,95059,0.0,937375,9.3,-42,-3.2
"US000","5","325620","18","0","2021","1","",1548,57455,57842,58052,940210716,551881183,11001844,1252,"",1.00,1.00,1.00,1.00,1.00,1.00,1.00,1.00,"",98,6.8,921,1.6,1327,2.3,2016,3.6,-7865598,-0.8,95059,0.0,937375,9.3,-42,-3.2
"US000","5","3259","16","0","2021","1","",3038,78172,78581,78724,1514906870,781164522,14935729,1485,"",1.00,1.00,1.00,1.00,1.00,1.00,1.00,1.00,"",34,1.1,-4239,-5.1,-4013,-4.9,-3378,-4.1,-56048354,-3.6,-33679204,-4.1,228008,1.6,18,1.2
"US000","5","32591","17","0","2021","1","",444,7198,7176,7175,136863908,78291406,1547196,1466,"",1.00,1.00,1.00,1.00,1.00,1.00,1.00,1.00,"",-3,-0.7,-413,-5.4,-435,-5.7,-423,-5.6,-3689828,-2.6,-4699809,-5.7,182081,13.3,45,3.2
"US000","5","325910","18","0","2021","1","",444,7198,7176,7175,136863908,78291406,1547196,1466,"",1.00,1.00,1.00,1.00,1.00,1.00,1.00,1.00,"",-3,-0.7,-413,-5.4,-435,-5.7,-423,-5.6,-3689828,-2.6,-4699809,-5.7,182081,13.3,45,3.2
"US000","5","32592","17","0","2021","1","",101,7130,7152,7163,141062821,61045093,1090231,1518,"",1.00,1.00,1.00,1.00,1.00,1.00,1.00,1.00,"",5,5.2,-588,-7.6,-546,-7.1,-504,-6.6,-20172824,-12.5,-4647524,-7.1,-134738,-11.0,-94,-5.8
"US000","5","325920","18","0","2021","1","",101,7130,7152,7163,141062821,61045093,1090231,1518,"",1.00,1.00,1.00,1.00,1.00,1.00,1.00,1.00,"",5,5.2,-588,-7.6,-546,-7.1,-504,-6.6,-20172824,-12.5,-4647524,-7.1,-134738,-11.0,-94,-5.8
"US000","5","32599","17","0","2021","1","",2493,63844,64253,64386,1236980141,641828023,12298302,1483,"",1.00,1.00,1.00,1.00,1.00,1.00,1.00,1.00,"",32,1.3,-3238,-4.8,-3032,-4.5,-2451,-3.7,-32185702,-2.5,-24331871,-3.7,180665,1.5,27,1.9
"US000","5","325991","18","0","2021","1","",442,16788,16991,17065,268137861,164960952,3219783,1217,"",1.00,1.00,1.00,1.00,1.00,1.00,1.00,1.00,"",2,0.5,-1742,-9.4,-1557,-8.4,-1309,-7.1,-23664172,-8.1,-12613442,-7.1,-246089,-7.1,3,0.2
"US000","5","325992","18","0","2021","1","",223,7300,7272,7267,138444598,81016905,1421859,1463,"",1.00,1.00,1.00,1.00,1.00,1.00,1.00,1.00,"",-22,-9.0,-1600,-18.0,-1550,-17.6,-1416,-16.3,-18983711,-12.1,-12968148,-13.8,57305,4.2,87,6.3
"US000","5","325998","18","0","2021","1","",1828,39756,39990,40054,830397682,395850166,7656660,1600,"",1.00,1.00,1.00,1.00,1.00,1.00,1.00,1.00,"",52,2.9,104,0.3,75,0.2,274,0.7,10462181,1.3,1249719,0.3,369449,5.1,15,0.9
"US000","5","326","15","0","2021","1","",13427,710092,714369,717244,10209288901,6759631095,123852849,1100,"",1.00,1.00,1.00,1.00,1.00,1.00,1.00,1.00,"",155,1.2,-14247,-2.0,-11960,-1.6,-9246,-1.3,-165390006,-1.6,-26680424,-0.4,9317697,8.1,0,0.0
"US000","5","3261","16","0","2021","1","",11347,581899,585146,587568,8253430852,5472119870,104448174,1086,"",1.00,1.00,1.00,1.00,1.00,1.00,1.00,1.00,"",151,1.3,-5806,-1.0,-4789,-0.8,-2983,-0.5,-10796967,-0.1,26457316,0.5,7942920,8.2,7,0.6
"US000","5","32611","17","0","2021","1","",1515,96442,96777,97205,1529637285,980348946,17128978,1215,"",1.00,1.00,1.00,1.00,1.00,1.00,1.00,1.00,"",43,2.9,428,0.4,127,0.1,497,0.5,25797695,1.7,17847628,1.9,1383637,8.8,16,1.3
"US000","5","326111","18","0","2021","1","",504,37969,38041,38253,561605709,370491080,5933368,1134,"",1.00,1.00,1.00,1.00,1.00,1.00,1.00,1.00,"",22,4.6,1641,4.5,1302,3.5,1420,3.9,30563527,5.8,26369176,7.7,912380,18.2,19,1.7
"US000","5","326112","18","0","2021","1","",463,22385,22616,22742,379414815,243534434,4337836,1292,"",1.00,1.00,1.00,1.00,1.00,1.00,1.00,1.00,"",32,7.4,525,2.4,694,3.2,795,3.6,16864944,4.7,8044100,3.4,555686,14.7,19,1.5
"US000","5","326113","18","0","2021","1","",548,36088,36120,36210,588616761,366323432,6857774,1253,"",1.00,1.00,1.00,1.00,1.00,1.00,1.00,1.00,"",-11,-2.0,-1738,-4.6,-1869,-4.9,-1718,-4.5,-21630776,-3.5,-16565648,-4.3,-84429,-1.2,15,1.2
"US000","5","32612","17","0","2021","1","",1096,49744,50081,50695,764321845,489239979,9112426,1172,"",1.00,1.00,1.00,1.00,1.00,1.00,1.00,1.00,"",26,2.4,-2190,-4.2,-1962,-3.8,-1535,-2.9,-23498476,-3.0,-14817275,-2.9,335982,3.8,8,0.7
"US000","5","326121","18","0","2021","1","",495,21680,21784,22012,325687616,218267138,4157205,1148,"",1.00,1.00,1.00,1.00,1.00,1.00,1.00,1.00,"",11,2.3,-1784,-7.6,-1646,-7.0,-1471,-6.3,-27249923,-7.7,-15785663,-6.7,149747,3.7,-9,-0.8
"US000","5","326122","18","0","2021","1","",601,28064,28297,28683,438634229,270972841,4955221,1190,"",1.00,1.00,1.00,1.00,1.00,1.00,1.00,1.00,"",15,2.6,-406,-1.4,-316,-1.1,-64,-0.2,3751447,0.9,968388,0.4,186235,3.9,21,1.8
"US000","5","32613","17","0","2021","1","",410,19031,19105,19186,294379355,177522686,3527702,1185,"",1.00,1.00,1.00,1.00,1.00,1.00,1.00,1.00,"",-3,-0.7,-1588,-7.7,-1555,-7.5,-1557,-7.5,-13998668,-4.5,-12501686,-6.6,-30771,-0.9,38,3.3
"US000","5","326130","18","0","2021","1","",410,19031,19105,19186,294379355,177522686,3527702,1185,"",1.00,1.00,1.00,1.00,1.00,1.00,1.00,1.00,"",-3,-0.7,-1588,-7.7,-1555,-7.5,-1557,-7.5,-13998668,-4.5,-12501686,-6.6,-30771,-0.9,38,3.3
"US000","5","32614","17","0","2021","1","",568,29029,29261,29383,389816038,265990723,5221318,1026,"",1.00,1.00,1.00,1.00,1.00,1.00,1.00,1.00,"",6,1.1,-1565,-5.1,-1478,-4.8,-1218,-4.0,-13860874,-3.4,-9041853,-3.3,62447,1.2,13,1.3
"US000","5","326140","18","0","2021","1","",568,29029,29261,29383,389816038,265990723,5221318,1026,"",1.00,1.00,1.00,1.00,1.00,1.00,1.00,1.00,"",6,1.1,-1565,-5.1,-1478,-4.8,-1218,-4.0,-13860874,-3.4,-9041853,-3.3,62447,1.2,13,1.3
"US000","5","32615","17","0","2021","1","",888,36198,36499,36314,467784522,316310009,6213702,990,"",1.00,1.00,1.00,1.00,1.00,1.00,1.00,1.00,"",-3,-0.3,-1739,-4.6,-1461,-3.8,-1400,-3.7,-43212408,-8.5,-14376625,-4.3,345438,5.9,-48,-4.6
"US000","5","326150","18","0","2021","1","",888,36198,36499,36314,467784522,316310009,6213702,990,"",1.00,1.00,1.00,1.00,1.00,1.00,1.00,1.00,"",-3,-0.3,-1739,-4.6,-1461,-3.8,-1400,-3.7,-43212408,-8.5,-14376625,-4.3,345438,5.9,-48,-4.6
"US000","5","32616","17","0","2021","1","",537,35592,35603,35625,531326661,320739784,6616257,1148,"",1.00,1.00,1.00,1.00,1.00,1.00,1.00,1.00,"",10,1.9,1634,4.8,1397,4.1,1335,3.9,15735698,3.1,10197255,3.3,692172,11.7,-13,-1.1
"US000","5","326160","18","0","2021","1","",537,35592,35603,35625,531326661,320739784,6616257,1148,"",1.00,1.00,1.00,1.00,1.00,1.00,1.00,1.00,"",10,1.9,1634,4.8,1397,4.1,1335,3.9,15735698,3.1,10197255,3.3,692172,11.7,-13,-1.1
"US000","5","32619","17","0","2021","1","",6333,315863,317820,319160,4276165146,2921967743,56627791,1036,"",1.00,1.00,1.00,1.00,1.00,1.00,1.00,1.00,"",72,1.1,-786,-0.2,143,0.0,895,0.3,42240066,1.0,49149872,1.7,5154015,10.0,10,1.0
"US000","5","326191","18","0","2021","1","",349,15467,15518,15601,188337659,130320178,2370685,933,"",1.00,1.00,1.00,1.00,1.00,1.00,1.00,1.00,"",8,2.3,1635,11.8,1639,11.8,1669,12.0,20422712,12.2,15642296,13.6,357521,17.8,2,0.2
"US000","5","326199","18","0","2021","1","",5984,300396,302302,303559,4087827487,2791647565,54257106,1041,"",1.00,1.00,1.00,1.00,1.00,1.00,1.00,1.00,"",64,1.1,-2421,-0.8,-1496,-0.5,-774,-0.3,21817354,0.5,33507576,1.2,4796494,9.7,11,1.1
"US000","5","3262","16","0","2021","1","",2080,128193,129223,129676,1955858049,1287511225,19404675,1166,"",1.00,1.00,1.00,1.00,1.00,1.00,1.00,1.00,"",4,0.2,-8441,-6.2,-7171,-5.3,-6263,-4.6,-154593039,-7.3,-53137740,-4.0,1374777,7.6,-25,-2.1
"US000","5","32621","17","0","2021","1","",471,54374,55169,55229,881944476,610722205,6584845,1235,"",1.00,1.00,1.00,1.00,1.00,1.00,1.00,1.00,"",-24,-4.8,-3045,-5.3,-2128,-3.7,-2000,-3.5,-102478984,-10.4,-12426327,-2.0,1573621,31.4,-86,-6.5
"US000","5","326211","18","0","2021","1","",165,48553,49352,49400,813884444,559991091,5879510,1275,"",1.00,1.00,1.00,1.00,1.00,1.00,1.00,1.00,"",10,6.5,-2518,-4.9,-1608,-3.2,-1483,-2.9,-96757626,-10.6,-9064198,-1.6,1543298,35.6,-99,-7.2
"US000","5","326212","18","0","2021","1","",306,5821,5817,5829,68060032,50731114,705335,899,"",1.00,1.00,1.00,1.00,1.00,1.00,1.00,1.00,"",-34,-10.0,-527,-8.3,-520,-8.2,-517,-8.1,-5721358,-7.8,-3362129,-6.2,30323,4.5,4,0.4
"US000","5","32622","17","0","2021","1","",450,21911,21977,22141,331684201,202381105,3498127,1159,"",1.00,1.00,1.00,1.00,1.00,1.00,1.00,1.00,"",8,1.8,-1037,-4.5,-905,-4.0,-584,-2.6,1544610,0.5,-6349341,-3.0,-15833,-0.5,48,4.3
"US000","5","326220","18","0","2021","1","",450,21911,21977,22141,331684201,202381105,3498127,1159,"",1.00,1.00,1.00,1.00,1.00,1.00,1.00,1.00,"",8,1.8,-1037,-4.5,-905,-4.0,-584,-2.6,1544610,0.5,-6349341,-3.0,-15833,-0.5,48,4.3
"US000","5","32629","17","0","2021","1","",1159,51908,52077,52306,742229372,474407915,9321703,1096,"",1.00,1.00,1.00,1.00,1.00,1.00,1.00,1.00,"",20,1.8,-4359,-7.7,-4138,-7.4,-3679,-6.6,-53658665,-6.7,-34362072,-6.8,-183011,-1.9,6,0.6
"US000","5","326291","18","0","2021","1","",486,28820,28884,28916,395452523,258367187,5342898,1054,"",1.00,1.00,1.00,1.00,1.00,1.00,1.00,1.00,"",5,1.0,-2508,-8.0,-2386,-7.6,-2324,-7.4,-34612203,-8.0,-20552131,-7.4,-246862,-4.4,-4,-0.4
"US000","5","326299","18","0","2021","1","",673,23088,23193,23390,346776849,216040728,3978805,1149,"",1.00,1.00,1.00,1.00,1.00,1.00,1.00,1.00,"",15,2.3,-1851,-7.4,-1752,-7.0,-1355,-5.5,-19046462,-5.2,-13809941,-6.0,63851,1.6,18,1.6
"US000","5","327","15","0","2021","1","",16735,391164,388201,394757,6047396447,3803501533,91974336,1189,"",1.00,1.00,1.00,1.00,1.00,1.00,1.00,1.00,"",42,0.3,-15564,-3.8,-18522,-4.6,-13769,-3.4,-197405447,-3.2,-144468363,-3.7,669104,0.7,10,0.8
"US000","5","3271","16","0","2021","1","",1397,34132,34169,34405,493171760,304149115,7824312,1108,"",1.00,1.00,1.00,1.00,1.00,1.00,1.00,1.00,"",5,0.4,-2669,-7.3,-2561,-7.0,-2128,-5.8,-42766912,-8.0,-23127568,-7.1,57448,0.7,-16,-1.4
"US000","5","32711","17","0","2021","1","",752,13390,13440,13614,192529206,118727117,2734037,1099,"",1.00,1.00,1.00,1.00,1.00,1.00,1.00,1.00,"",15,2.0,-1031,-7.1,-923,-6.4,-692,-4.8,-13849414,-6.7,-6795894,-5.4,228266,9.1,-6,-0.5
"US000","5","327110","18","0","2021","1","",752,13390,13440,13614,192529206,118727117,2734037,1099,"",1.00,1.00,1.00,1.00,1.00,1.00,1.00,1.00,"",15,2.0,-1031,-7.1,-923,-6.4,-692,-4.8,-13849414,-6.7,-6795894,-5.4,228266,9.1,-6,-0.5
"US000","5","32712","17","0","2021","1","",645,20742,20729,20791,300642554,185421998,5090275,1114,"",1.00,1.00,1.00,1.00,1.00,1.00,1.00,1.00,"",-10,-1.5,-1638,-7.3,-1638,-7.3,-1436,-6.5,-28917498,-8.8,-16331674,-8.1,-170818,-3.2,-22,-1.9
"US000","5","327120","18","0","2021","1","",645,20742,20729,20791,300642554,185421998,5090275,1114,"",1.00,1.00,1.00,1.00,1.00,1.00,1.00,1.00,"",-10,-1.5,-1638,-7.3,-1638,-7.3,-1436,-6.5,-28917498,-8.8,-16331674,-8.1,-170818,-3.2,-22,-1.9
"US000","5","3272","16","0","2021","1","",1878,79705,79867,79563,1230096671,822129464,15839681,1187,"",1.00,1.00,1.00,1.00,1.00,1.00,1.00,1.00,"",-22,-1.2,-5641,-6.6,-5288,-6.2,-5028,-5.9,-78785388,-6.0,-39894485,-4.6,89498,0.6,3,0.3
"US000","5","32721","17","0","2021","1","",1878,79705,79867,79563,1230096671,822129464,15839681,1187,"",1.00,1.00,1.00,1.00,1.00,1.00,1.00,1.00,"",-22,-1.2,-5641,-6.6,-5288,-6.2,-5028,-5.9,-78785388,-6.0,-39894485,-4.6,89498,0.6,3,0.3
"US000","5","327211","18","0","2021","1","",176,11069,11132,11084,173807084,107659357,1763348,1205,"",1.00,1.00,1.00,1.00,1.00,1.00,1.00,1.00,"",5,2.9,-384,-3.4,-288,-2.5,-288,-2.5,-5227949,-2.9,-4479375,-4.0,162325,10.1,-1,-0.1
"US000","5","327212","18","0","2021","1","",415,12201,12185,12094,203202312,141325272,2998572,1285,"",1.00,1.00,1.00,1.00,1.00,1.00,1.00,1.00,"",-3,-0.7,-1503,-11.0,-1327,-9.8,-1258,-9.4,-19459458,-8.7,-6892095,-4.6,18928,0.6,18,1.4
"US000","5","327213","18","0","2021","1","",125,12478,12476,12534,252826411,149675857,3169345,1556,"",1.00,1.00,1.00,1.00,1.00,1.00,1.00,1.00,"",7,5.9,-64,-0.5,-67,-0.5,32,0.3,-8164214,-3.1,-1836037,-1.2,536208,20.4,-46,-2.9
"US000","5","327215","18","0","2021","1","",1162,43957,44074,43851,600260864,423468978,7908416,1050,"",1.00,1.00,1.00,1.00,1.00,1.00,1.00,1.00,"",-31,-2.6,-3690,-7.7,-3606,-7.6,-3514,-7.4,-45933767,-7.1,-26686978,-5.9,-627963,-7.4,5,0.5
"US000","5","3273","16","0","2021","1","",8995,186246,182757,188843,2853836443,1783968019,51201012,1181,"",1.00,1.00,1.00,1.00,1.00,1.00,1.00,1.00,"",-42,-0.5,-4248,-2.2,-7674,-4.0,-4380,-2.3,-42956860,-1.5,-52649105,-2.9,-340969,-0.7,17,1.5
"US000","5","32731","17","0","2021","1","",405,13807,13801,13969,304695216,153280585,3297796,1691,"",1.00,1.00,1.00,1.00,1.00,1.00,1.00,1.00,"",26,6.9,-116,-0.8,-194,-1.4,-23,-0.2,-5827638,-1.9,-2127637,-1.4,59011,1.8,-19,-1.1
"US000","5","327310","18","0","2021","1","",405,13807,13801,13969,304695216,153280585,3297796,1691,"",1.00,1.00,1.00,1.00,1.00,1.00,1.00,1.00,"",26,6.9,-116,-0.8,-194,-1.4,-23,-0.2,-5827638,-1.9,-2127637,-1.4,59011,1.8,-19,-1.1
"US000","5","32732","17","0","2021","1","",5416,92771,89403,94401,1370194432,887494975,29946956,1143,"",1.00,1.00,1.00,1.00,1.00,1.00,1.00,1.00,"",-19,-0.3,-1004,-1.1,-4144,-4.4,-1425,-1.5,-19914293,-1.4,-23035102,-2.5,-355059,-1.2,10,0.9
"US000","5","327320","18","0","2021","1","",5416,92771,89403,94401,1370194432,887494975,29946956,1143,"",1.00,1.00,1.00,1.00,1.00,1.00,1.00,1.00,"",-19,-0.3,-1004,-1.1,-4144,-4.4,-1425,-1.5,-19914293,-1.4,-23035102,-2.5,-355059,-1.2,10,0.9
"US000","5","32733","17","0","2021","1","",1090,25901,25971,26605,416285259,245262479,5927194,1224,"",1.00,1.00,1.00,1.00,1.00,1.00,1.00,1.00,"",-10,-0.9,-245,-0.9,-334,-1.3,-177,-0.7,27648368,7.1,1549783,0.6,319904,5.7,92,8.1
"US000","5","327331","18","0","2021","1","",842,18059,18024,18411,275412904,172843483,4062800,1166,"",1.00,1.00,1.00,1.00,1.00,1.00,1.00,1.00,"",-6,-0.7,-90,-0.5,-147,-0.8,-90,-0.5,15474064,6.0,3332689,2.0,368624,10.0,72,6.6
"US000","5","327332","18","0","2021","1","",248,7842,7947,8194,140872355,72418996,1864394,1356,"",1.00,1.00,1.00,1.00,1.00,1.00,1.00,1.00,"",-4,-1.6,-155,-1.9,-187,-2.3,-87,-1.1,12174304,9.5,-1782906,-2.4,-48720,-2.5,139,11.4
"US000","5","32739","17","0","2021","1","",2084,53767,53582,53868,762661536,497929980,12029066,1092,"",1.00,1.00,1.00,1.00,1.00,1.00,1.00,1.00,"",-39,-1.8,-2883,-5.1,-3002,-5.3,-2755,-4.9,-44863297,-5.6,-29036149,-5.5,-364825,-2.9,-5,-0.5
"US000","5","327390","18","0","2021","1","",2084,53767,53582,53868,762661536,497929980,12029066,1092,"",1.00,1.00,1.00,1.00,1.00,1.00,1.00,1.00,"",-39,-1.8,-2883,-5.1,-3002,-5.3,-2755,-4.9,-44863297,-5.6,-29036149,-5.5,-364825,-2.9,-5,-0.5
"US000","5","3274","16","0","2021","1","",371,14638,14631,14709,291888491,171237680,2667626,1532,"",1.00,1.00,1.00,1.00,1.00,1.00,1.00,1.00,"",5,1.4,-956,-6.1,-878,-5.7,-740,-4.8,-18209447,-5.9,-8506110,-4.7,227053,9.3,-5,-0.3
"US000","5","32741","17","0","2021","1","",91,3976,3941,3960,81606326,43136455,694147,1586,"",1.00,1.00,1.00,1.00,1.00,1.00,1.00,1.00,"",1,1.1,-286,-6.7,-295,-7.0,-257,-6.1,-9719289,-10.6,-4291466,-9.0,18405,2.7,-72,-4.3
"US000","5","327410","18","0","2021","1","",91,3976,3941,3960,81606326,43136455,694147,1586,"",1.00,1.00,1.00,1.00,1.00,1.00,1.00,1.00,"",1,1.1,-286,-6.7,-295,-7.0,-257,-6.1,-9719289,-10.6,-4291466,-9.0,18405,2.7,-72,-4.3
"US000","5","32742","17","0","2021","1","",280,10662,10690,10749,210282165,128101225,1973479,1512,"",1.00,1.00,1.00,1.00,1.00,1.00,1.00,1.00,"",4,1.4,-670,-5.9,-583,-5.2,-483,-4.3,-8490158,-3.9,-4214644,-3.2,208648,11.8,20,1.3
"US000","5","327420","18","0","2021","1","",280,10662,10690,10749,210282165,128101225,1973479,1512,"",1.00,1.00,1.00,1.00,1.00,1.00,1.00,1.00,"",4,1.4,-670,-5.9,-583,-5.2,-483,-4.3,-8490158,-3.9,-4214644,-3.2,208648,11.8,20,1.3
"US000","5","3279","16","0","2021","1","",4094,76443,76777,77237,1178403082,722017255,14441705,1180,"",1.00,1.00,1.00,1.00,1.00,1.00,1.00,1.00,"",96,2.4,-2050,-2.6,-2121,-2.7,-1493,-1.9,-14686840,-1.2,-20291095,-2.7,636074,4.6,14,1.2
"US000","5","32791","17","0","2021","1","",348,9413,9439,9437,144842576,91156316,1745492,1182,"",1.00,1.00,1.00,1.00,1.00,1.00,1.00,1.00,"",2,0.6,-875,-8.5,-859,-8.3,-778,-7.6,-7678895,-5.0,-8992255,-9.0,-19896,-1.1,39,3.4
"US000","5","327910","18","0","2021","1","",348,9413,9439,9437,144842576,91156316,1745492,1182,"",1.00,1.00,1.00,1.00,1.00,1.00,1.00,1.00,"",2,0.6,-875,-8.5,-859,-8.3,-778,-7.6,-7678895,-5.0,-8992255,-9.0,-19896,-1.1,39,3.4
"US000","5","32799","17","0","2021","1","",3746,67030,67338,67800,1033560506,630860939,12696213,1180,"",1.00,1.00,1.00,1.00,1.00,1.00,1.00,1.00,"",94,2.6,-1175,-1.7,-1262,-1.8,-715,-1.0,-7007945,-0.7,-11298840,-1.8,655970,5.4,10,0.9
"US000","5","327991","18","0","2021","1","",2769,33796,34118,34456,394688478,307524091,5596292,890,"",1.00,1.00,1.00,1.00,1.00,1.00,1.00,1.00,"",95,3.6,470,1.4,475,1.4,789,2.3,10626128,2.8,6806267,2.3,589566,11.8,9,1.0
"US000","5","327992","18","0","2021","1","",171,5031,5010,5021,112161312,53912694,1065371,1718,"",1.00,1.00,1.00,1.00,1.00,1.00,1.00,1.00,"",10,6.2,-347,-6.5,-329,-6.2,-310,-5.8,-7938629,-6.6,-2589644,-4.6,80089,8.1,-9,-0.5
"US000","5","327993","18","0","2021","1","",306,17183,17145,17110,356858045,157487087,3701863,1601,"",1.00,1.00,1.00,1.00,1.00,1.00,1.00,1.00,"",-7,-2.2,-403,-2.3,-471,-2.7,-256,-1.5,2650974,0.7,-4799844,-3.0,-82351,-2.2,46,3.0
"US000","5","327999","18","0","2021","1","",500,11020,11065,11213,169852671,111937067,2332687,1177,"",1.00,1.00,1.00,1.00,1.00,1.00,1.00,1.00,"",-4,-0.8,-895,-7.5,-937,-7.8,-938,-7.7,-12346418,-6.8,-10715619,-8.7,68666,3.0,11,0.9
"US000","5","331","15","0","2021","1","",5591,343447,344749,345999,6344106519,3474385994,72019964,1416,"",1.00,1.00,1.00,1.00,1.00,1.00,1.00,1.00,"",76,1.4,-38455,-10.1,-36155,-9.5,-33012,-8.7,-667403020,-9.5,-397870065,-10.3,-10363736,-12.6,-1,-0.1
"US000","5","3311","16","0","2021","1","",906,78518,78426,78978,1877983936,795448352,15952574,1837,"",1.00,1.00,1.00,1.00,1.00,1.00,1.00,1.00,"",5,0.6,-7738,-9.0,-7597,-8.8,-6783,-7.9,-117368072,-5.9,-68903534,-8.0,-4988290,-23.8,53,3.0
"US000","5","33111","17","0","2021","1","",906,78518,78426,78978,1877983936,795448352,15952574,1837,"",1.00,1.00,1.00,1.00,1.00,1.00,1.00,1.00,"",5,0.6,-7738,-9.0,-7597,-8.8,-6783,-7.9,-117368072,-5.9,-68903534,-8.0,-4988290,-23.8,53,3.0
"US000","5","331110","18","0","2021","1","",906,78518,78426,78978,1877983936,795448352,15952574,1837,"",1.00,1.00,1.00,1.00,1.00,1.00,1.00,1.00,"",5,0.6,-7738,-9.0,-7597,-8.8,-6783,-7.9,-117368072,-5.9,-68903534,-8.0,-4988290,-23.8,53,3.0
"US000","5","3312","16","0","2021","1","",1209,53064,53084,53519,928675329,524429802,11889134,1342,"",1.00,1.00,1.00,1.00,1.00,1.00,1.00,1.00,"",21,1.8,-4882,-8.4,-4887,-8.4,-4340,-7.5,-64913651,-6.5,-36148492,-6.4,-1361113,-10.3,23,1.7
"US000","5","33121","17","0","2021","1","",507,23447,23408,23605,422182813,229275759,5946310,1383,"",1.00,1.00,1.00,1.00,1.00,1.00,1.00,1.00,"",14,2.8,-3370,-12.6,-3460,-12.9,-3119,-11.7,-50256785,-10.6,-28381960,-11.0,-1017165,-14.6,27,2.0
"US000","5","331210","18","0","2021","1","",507,23447,23408,23605,422182813,229275759,5946310,1383,"",1.00,1.00,1.00,1.00,1.00,1.00,1.00,1.00,"",14,2.8,-3370,-12.6,-3460,-12.9,-3119,-11.7,-50256785,-10.6,-28381960,-11.0,-1017165,-14.6,27,2.0
"US000","5","33122","17","0","2021","1","",702,29617,29676,29914,506492516,295154043,5942824,1310,"",1.00,1.00,1.00,1.00,1.00,1.00,1.00,1.00,"",7,1.0,-1512,-4.9,-1427,-4.6,-1221,-3.9,-14656866,-2.8,-7766532,-2.6,-343948,-5.5,22,1.7
"US000","5","331221","18","0","2021","1","",447,19451,19455,19569,360712862,200195777,4002704,1424,"",1.00,1.00,1.00,1.00,1.00,1.00,1.00,1.00,"",-1,-0.2,-1015,-5.0,-981,-4.8,-892,-4.4,-8304916,-2.3,-5727655,-2.8,-129700,-3.1,36,2.6
"US000","5","331222","18","0","2021","1","",255,10166,10221,10345,145779654,94958266,1940120,1095,"",1.00,1.00,1.00,1.00,1.00,1.00,1.00,1.00,"",8,3.2,-497,-4.7,-446,-4.2,-329,-3.1,-6351950,-4.2,-2038877,-2.1,-214248,-9.9,-2,-0.2
"US000","5","3313","16","0","2021","1","",722,55339,55664,56011,980018831,562201346,10294691,1354,"",1.00,1.00,1.00,1.00,1.00,1.00,1.00,1.00,"",33,4.8,-4662,-7.8,-4539,-7.5,-3784,-6.3,-124974944,-11.3,-61758033,-9.9,-119271,-1.1,-63,-4.4
"US000","5","33131","17","0","2021","1","",722,55339,55664,56011,980018831,562201346,10294691,1354,"",1.00,1.00,1.00,1.00,1.00,1.00,1.00,1.00,"",33,4.8,-4662,-7.8,-4539,-7.5,-3784,-6.3,-124974944,-11.3,-61758033,-9.9,-119271,-1.1,-63,-4.4
"US000","5","331313","18","0","2021","1","",114,6969,7141,7202,154178098,69159808,1484647,1669,"",1.00,1.00,1.00,1.00,1.00,1.00,1.00,1.00,"",4,3.6,-1337,-16.1,-1226,-14.7,-1110,-13.4,-42184286,-21.5,-20092971,-22.5,-14809,-1.0,-145,-8.0
"US000","5","331314","18","0","2021","1","",117,5433,5512,5520,86515107,52703461,957199,1213,"",1.00,1.00,1.00,1.00,1.00,1.00,1.00,1.00,"",4,3.5,-443,-7.5,-380,-6.4,-276,-4.8,-7240009,-7.7,-3647860,-6.5,44479,4.9,-19,-1.5
"US000","5","331315","18","0","2021","1","",165,16357,16339,16456,341165999,198399701,2517461,1602,"",1.00,1.00,1.00,1.00,1.00,1.00,1.00,1.00,"",8,5.1,-952,-5.5,-952,-5.5,-715,-4.2,-43827237,-11.4,-24691167,-11.1,368362,17.1,-114,-6.6
"US000","5","331318","18","0","2021","1","",326,26580,26672,26833,398159627,241938376,5335384,1147,"",1.00,1.00,1.00,1.00,1.00,1.00,1.00,1.00,"",17,5.5,-1930,-6.8,-1981,-6.9,-1683,-5.9,-31723412,-7.4,-13326035,-5.2,-517303,-8.8,-11,-0.9
"US000","5","3314","16","0","2021","1","",1020,55069,55345,55212,1024527879,590581717,11981994,1427,"",1.00,1.00,1.00,1.00,1.00,1.00,1.00,1.00,"",32,3.2,-6510,-10.6,-5945,-9.7,-5934,-9.7,-140084981,-12.0,-84513114,-12.5,-1564179,-11.5,-34,-2.3
"US000","5","33141","17","0","2021","1","",138,7370,7337,7268,162284930,95852121,1501360,1704,"",1.00,1.00,1.00,1.00,1.00,1.00,1.00,1.00,"",9,7.0,-1083,-12.8,-1000,-12.0,-1047,-12.6,-25245919,-13.5,-22939345,-19.3,-186638,-11.1,-20,-1.2
"US000","5","331410","18","0","2021","1","",138,7370,7337,7268,162284930,95852121,1501360,1704,"",1.00,1.00,1.00,1.00,1.00,1.00,1.00,1.00,"",9,7.0,-1083,-12.8,-1000,-12.0,-1047,-12.6,-25245919,-13.5,-22939345,-19.3,-186638,-11.1,-20,-1.2
"US000","5","33142","17","0","2021","1","",322,25089,25364,25400,466005259,262651922,5432886,1418,"",1.00,1.00,1.00,1.00,1.00,1.00,1.00,1.00,"",3,0.9,-2237,-8.2,-1954,-7.2,-1849,-6.8,-28753758,-5.8,-17981561,-6.4,-837019,-13.3,24,1.7
"US000","5","331420","18","0","2021","1","",322,25089,25364,25400,466005259,262651922,5432886,1418,"",1.00,1.00,1.00,1.00,1.00,1.00,1.00,1.00,"",3,0.9,-2237,-8.2,-1954,-7.2,-1849,-6.8,-28753758,-5.8,-17981561,-6.4,-837019,-13.3,24,1.7
"US000","5","33149","17","0","2021","1","",560,22610,22644,22544,396237690,232077674,5047748,1349,"",1.00,1.00,1.00,1.00,1.00,1.00,1.00,1.00,"",20,3.7,-3190,-12.4,-2991,-11.7,-3038,-11.9,-86085304,-17.8,-43592208,-15.8,-540522,-9.7,-96,-6.6
"US000","5","331491","18","0","2021","1","",296,13021,12987,12911,218604684,134231085,2831264,1296,"",1.00,1.00,1.00,1.00,1.00,1.00,1.00,1.00,"",10,3.5,-2157,-14.2,-2079,-13.8,-2164,-14.4,-64520688,-22.8,-34559003,-20.5,-289343,-9.3,-146,-10.1
"US000","5","331492","18","0","2021","1","",264,9589,9657,9633,177633006,97846589,2216484,1419,"",1.00,1.00,1.00,1.00,1.00,1.00,1.00,1.00,"",10,3.9,-1033,-9.7,-912,-8.6,-874,-8.3,-21564616,-10.8,-9033205,-8.5,-251179,-10.2,-31,-2.1
"US000","5","3315","16","0","2021","1","",1734,101457,102230,102279,1532900544,1001724777,21901571,1156,"",1.00,1.00,1.00,1.00,1.00,1.00,1.00,1.00,"",-15,-0.9,-14663,-12.6,-13187,-11.4,-12171,-10.6,-220061372,-12.6,-146546892,-12.8,-2330883,-9.6,-13,-1.1
"US000","5","33151","17","0","2021","1","",739,53127,53292,53459,842961466,533848407,11903186,1217,"",1.00,1.00,1.00,1.00,1.00,1.00,1.00,1.00,"",5,0.7,-8170,-13.3,-7474,-12.3,-6661,-11.1,-125916015,-13.0,-79777138,-13.0,-1628051,-12.0,-10,-0.8
"US000","5","331511","18","0","2021","1","",375,32064,32131,32238,538608327,314887194,6239935,1289,"",1.00,1.00,1.00,1.00,1.00,1.00,1.00,1.00,"",-3,-0.8,-2949,-8.4,-2822,-8.1,-2410,-7.0,-39572155,-6.8,-16107851,-4.9,-240794,-3.7,14,1.1
"US000","5","331512","18","0","2021","1","",113,10127,10045,10054,144906138,105909879,2431416,1106,"",1.00,1.00,1.00,1.00,1.00,1.00,1.00,1.00,"",2,1.8,-3178,-23.9,-3016,-23.1,-2951,-22.7,-54623992,-27.4,-44149345,-29.4,-489472,-16.8,-64,-5.5
"US000","5","331513","18","0","2021","1","",251,10936,11116,11167,159447001,113051334,3231835,1108,"",1.00,1.00,1.00,1.00,1.00,1.00,1.00,1.00,"",6,2.4,-2043,-15.7,-1636,-12.8,-1300,-10.4,-31719868,-16.6,-19519942,-14.7,-897785,-21.7,-47,-4.1
"US000","5","33152","17","0","2021","1","",995,48330,48938,48820,689939078,467876370,9998385,1090,"",1.00,1.00,1.00,1.00,1.00,1.00,1.00,1.00,"",-20,-2.0,-6493,-11.8,-5713,-10.5,-5510,-10.1,-94145357,-12.0,-66769754,-12.5,-702832,-6.6,-15,-1.4
"US000","5","331523","18","0","2021","1","",307,21646,21953,22109,307138376,208335116,4423828,1079,"",1.00,1.00,1.00,1.00,1.00,1.00,1.00,1.00,"",-7,-2.2,-2012,-8.5,-1796,-7.6,-1515,-6.4,-28207737,-8.4,-16229247,-7.2,-153003,-3.3,-10,-0.9
"US000","5","331524","18","0","2021","1","",390,15513,15627,15580,207559868,148791405,3059620,1025,"",1.00,1.00,1.00,1.00,1.00,1.00,1.00,1.00,"",-12,-3.0,-1667,-9.7,-1390,-8.2,-1373,-8.1,-20593970,-9.0,-16125178,-9.8,-44903,-1.4,-4,-0.4
"US000","5","331529","18","0","2021","1","",298,11171,11358,11131,175240834,110749849,2514937,1201,"",1.00,1.00,1.00,1.00,1.00,1.00,1.00,1.00,"",-1,-0.3,-2814,-20.1,-2527,-18.2,-2622,-19.1,-45343650,-20.6,-34415329,-23.7,-504926,-16.7,-22,-1.8
"US000","5","332","15","0","2021","1","",58704,1353264,1359094,1367614,20119478760,13031124370,269548669,1138,"",1.00,1.00,1.00,1.00,1.00,1.00,1.00,1.00,"",301,0.5,-100299,-6.9,-94455,-6.5,-81936,-5.7,-1560573419,-7.2,-811311223,-5.9,-9156427,-3.3,-10,-0.9
"US000","5","3321","16","0","2021","1","",2224,88553,89203,89552,1289070458,862232202,20137593,1113,"",1.00,1.00,1.00,1.00,1.00,1.00,1.00,1.00,"",7,0.3,-8937,-9.2,-8335,-8.5,-7680,-7.9,-174699516,-11.9,-68786740,-7.4,-944555,-4.5,-43,-3.7
"US000","5","33211","17","0","2021","1","",2224,88553,89203,89552,1289070458,862232202,20137593,1113,"",1.00,1.00,1.00,1.00,1.00,1.00,1.00,1.00,"",7,0.3,-8937,-9.2,-8335,-8.5,-7680,-7.9,-174699516,-11.9,-68786740,-7.4,-944555,-4.5,-43,-3.7
"US000","5","332111","18","0","2021","1","",492,19026,19168,19078,299827168,189109348,5294786,1208,"",1.00,1.00,1.00,1.00,1.00,1.00,1.00,1.00,"",18,3.8,-2779,-12.7,-2617,-12.0,-2559,-11.8,-72780306,-19.5,-25328285,-11.8,-508331,-8.8,-110,-8.3
"US000","5","332112","18","0","2021","1","",95,6576,6712,6610,114582835,61390016,1541504,1329,"",1.00,1.00,1.00,1.00,1.00,1.00,1.00,1.00,"",4,4.4,-1694,-20.5,-1653,-19.8,-1653,-20.0,-45187209,-28.3,-14896646,-19.5,-499064,-24.5,-152,-10.3
"US000","5","332114","18","0","2021","1","",180,6579,6529,6605,100436316,54757001,1287540,1176,"",1.00,1.00,1.00,1.00,1.00,1.00,1.00,1.00,"",5,2.9,-97,-1.5,-152,-2.3,-124,-1.8,-8940587,-8.2,-1745305,-3.1,-90192,-6.5,-81,-6.4
"US000","5","332117","18","0","2021","1","",166,8539,8630,8734,114309857,80037899,2744712,1018,"",1.00,1.00,1.00,1.00,1.00,1.00,1.00,1.00,"",2,1.2,-692,-7.5,-580,-6.3,-401,-4.4,-8745637,-7.1,-5608716,-6.5,92454,3.5,-12,-1.2
"US000","5","332119","18","0","2021","1","",1291,47833,48164,48525,659914282,476937938,9269051,1054,"",1.00,1.00,1.00,1.00,1.00,1.00,1.00,1.00,"",-22,-1.7,-3675,-7.1,-3333,-6.5,-2943,-5.7,-39045777,-5.6,-21207788,-4.3,60578,0.7,10,1.0
"US000","5","3322","16","0","2021","1","",1323,34635,35007,35267,572565260,366378610,7278575,1259,"",1.00,1.00,1.00,1.00,1.00,1.00,1.00,1.00,"",9,0.7,-1876,-5.1,-1393,-3.8,-962,-2.7,-899056,-0.2,-9345234,-2.5,350247,5.1,46,3.8
"US000","5","33221","17","0","2021","1","",1323,34635,35007,35267,572565260,366378610,7278575,1259,"",1.00,1.00,1.00,1.00,1.00,1.00,1.00,1.00,"",9,0.7,-1876,-5.1,-1393,-3.8,-962,-2.7,-899056,-0.2,-9345234,-2.5,350247,5.1,46,3.8
"US000","5","332215","18","0","2021","1","",281,8516,8537,8598,160514210,96560420,1912285,1444,"",1.00,1.00,1.00,1.00,1.00,1.00,1.00,1.00,"",14,5.2,-413,-4.6,-333,-3.8,-214,-2.4,-5424668,-3.3,-2366682,-2.4,58031,3.1,5,0.3
"US000","5","332216","18","0","2021","1","",1042,26119,26470,26669,412051050,269818190,5366290,1200,"",1.00,1.00,1.00,1.00,1.00,1.00,1.00,1.00,"",-5,-0.5,-1463,-5.3,-1060,-3.9,-748,-2.7,4525612,1.1,-6978552,-2.5,292216,5.8,60,5.3
"US000","5","3323","16","0","2021","1","",15620,378872,379832,382756,5384451904,3578804001,75303284,1089,"",1.00,1.00,1.00,1.00,1.00,1.00,1.00,1.00,"",332,2.2,-15030,-3.8,-14667,-3.7,-11095,-2.8,-208569084,-3.7,-122236176,-3.3,204133,0.3,-3,-0.3
"US000","5","33231","17","0","2021","1","",6663,163383,163395,164779,2469749358,1587706841,32282320,1159,"",1.00,1.00,1.00,1.00,1.00,1.00,1.00,1.00,"",219,3.4,-8913,-5.2,-9257,-5.4,-7613,-4.4,-174459236,-6.6,-74741977,-4.5,-1108613,-3.3,-20,-1.7
"US000","5","332311","18","0","2021","1","",1185,32420,32544,32919,486067312,305037487,6070472,1146,"",1.00,1.00,1.00,1.00,1.00,1.00,1.00,1.00,"",88,8.0,-207,-0.6,-250,-0.8,250,0.8,-15211621,-3.0,4001245,1.3,-178692,-2.9,-33,-2.8
"US000","5","332312","18","0","2021","1","",3543,88285,88140,88561,1327786344,872967150,17906570,1156,"",1.00,1.00,1.00,1.00,1.00,1.00,1.00,1.00,"",115,3.4,-4168,-4.5,-4368,-4.7,-3991,-4.3,-84766672,-6.0,-40360490,-4.4,-222498,-1.2,-19,-1.6
"US000","5","332313","18","0","2021","1","",1935,42678,42711,43299,655895702,409702204,8305278,1176,"",1.00,1.00,1.00,1.00,1.00,1.00,1.00,1.00,"",16,0.8,-4538,-9.6,-4639,-9.8,-3872,-8.2,-74480943,-10.2,-38382732,-8.6,-707423,-7.8,-13,-1.1
"US000","5","33232","17","0","2021","1","",8957,215489,216437,217977,2914702546,1991097160,43020964,1035,"",1.00,1.00,1.00,1.00,1.00,1.00,1.00,1.00,"",113,1.3,-6117,-2.8,-5410,-2.4,-3482,-1.6,-34109848,-1.2,-47494199,-2.3,1312746,3.1,12,1.2
"US000","5","332321","18","0","2021","1","",1401,64829,65407,65989,853798349,570737774,10812643,1004,"",1.00,1.00,1.00,1.00,1.00,1.00,1.00,1.00,"",15,1.1,-811,-1.2,-227,-0.3,783,1.2,13970091,1.7,-1278077,-0.2,292348,2.8,18,1.8
"US000","5","332322","18","0","2021","1","",4466,108552,108855,109492,1492661895,1025171840,23288300,1054,"",1.00,1.00,1.00,1.00,1.00,1.00,1.00,1.00,"",29,0.7,-5030,-4.4,-4784,-4.2,-4280,-3.8,-32795892,-2.1,-46179458,-4.3,370058,1.6,22,2.1
"US000","5","332323","18","0","2021","1","",3090,42108,42175,42496,568242302,395187546,8920021,1034,"",1.00,1.00,1.00,1.00,1.00,1.00,1.00,1.00,"",69,2.3,-276,-0.7,-399,-0.9,15,0.0,-15284047,-2.6,-36664,0.0,650340,7.9,-23,-2.2
"US000","5","3324","16","0","2021","1","",2009,84780,85068,85525,1467611261,887122813,20242229,1326,"",1.00,1.00,1.00,1.00,1.00,1.00,1.00,1.00,"",24,1.2,-7721,-8.3,-7129,-7.7,-6468,-7.0,-110347541,-7.0,-68802541,-7.2,-296767,-1.4,10,0.8
"US000","5","33241","17","0","2021","1","",402,18441,18497,18451,340107948,203474464,5044299,1417,"",1.00,1.00,1.00,1.00,1.00,1.00,1.00,1.00,"",11,2.8,-2749,-13.0,-2660,-12.6,-2534,-12.1,-55879276,-14.1,-27110198,-11.8,-663295,-11.6,-26,-1.8
"US000","5","332410","18","0","2021","1","",402,18441,18497,18451,340107948,203474464,5044299,1417,"",1.00,1.00,1.00,1.00,1.00,1.00,1.00,1.00,"",11,2.8,-2749,-13.0,-2660,-12.6,-2534,-12.1,-55879276,-14.1,-27110198,-11.8,-663295,-11.6,-26,-1.8
"US000","5","33242","17","0","2021","1","",951,33146,33104,33422,525502758,335947141,7530163,1217,"",1.00,1.00,1.00,1.00,1.00,1.00,1.00,1.00,"",-4,-0.4,-5057,-13.2,-4802,-12.7,-4351,-11.5,-82984002,-13.6,-48739760,-12.7,-667435,-8.1,-16,-1.3
"US000","5","332420","18","0","2021","1","",951,33146,33104,33422,525502758,335947141,7530163,1217,"",1.00,1.00,1.00,1.00,1.00,1.00,1.00,1.00,"",-4,-0.4,-5057,-13.2,-4802,-12.7,-4351,-11.5,-82984002,-13.6,-48739760,-12.7,-667435,-8.1,-16,-1.3
"US000","5","33243","17","0","2021","1","",656,33193,33467,33652,602000555,347701208,7667767,1385,"",1.00,1.00,1.00,1.00,1.00,1.00,1.00,1.00,"",17,2.7,85,0.3,333,1.0,417,1.3,28515737,5.0,7047417,2.1,1033963,15.6,55,4.1
"US000","5","332431","18","0","2021","1","",222,19692,19863,19887,412700538,213978682,4734255,1602,"",1.00,1.00,1.00,1.00,1.00,1.00,1.00,1.00,"",23,11.6,1478,8.1,1494,8.1,1395,7.5,37367395,10.0,14948109,7.5,1065806,29.1,29,1.8
"US000","5","332439","18","0","2021","1","",434,13501,13604,13765,189300017,133722526,2933512,1069,"",1.00,1.00,1.00,1.00,1.00,1.00,1.00,1.00,"",-6,-1.4,-1393,-9.4,-1161,-7.9,-978,-6.6,-8851658,-4.5,-7900692,-5.6,-31843,-1.1,39,3.8
"US000","5","3325","16","0","2021","1","",748,23309,23341,23507,409317116,231038453,4125804,1346,"",1.00,1.00,1.00,1.00,1.00,1.00,1.00,1.00,"",31,4.3,-1365,-5.5,-1334,-5.4,-1133,-4.6,-49243291,-10.7,-13735982,-5.6,19854,0.5,-84,-5.9
"US000","5","33251","17","0","2021","1","",748,23309,23341,23507,409317116,231038453,4125804,1346,"",1.00,1.00,1.00,1.00,1.00,1.00,1.00,1.00,"",31,4.3,-1365,-5.5,-1334,-5.4,-1133,-4.6,-49243291,-10.7,-13735982,-5.6,19854,0.5,-84,-5.9
"US000","5","332510","18","0","2021","1","",748,23309,23341,23507,409317116,231038453,4125804,1346,"",1.00,1.00,1.00,1.00,1.00,1.00,1.00,1.00,"",31,4.3,-1365,-5.5,-1334,-5.4,-1133,-4.6,-49243291,-10.7,-13735982,-5.6,19854,0.5,-84,-5.9
"US000","5","3326","16","0","2021","1","",1276,39988,40104,40124,559535457,372681635,7610244,1074,"",1.00,1.00,1.00,1.00,1.00,1.00,1.00,1.00,"",-24,-1.8,-2133,-5.1,-2072,-4.9,-1970,-4.7,-13582594,-2.4,-14223553,-3.7,155002,2.1,28,2.7
"US000","5","33261","17","0","2021","1","",1276,39988,40104,40124,559535457,372681635,7610244,1074,"",1.00,1.00,1.00,1.00,1.00,1.00,1.00,1.00,"",-24,-1.8,-2133,-5.1,-2072,-4.9,-1970,-4.7,-13582594,-2.4,-14223553,-3.7,155002,2.1,28,2.7
"US000","5","332613","18","0","2021","1","",420,16046,16139,16142,237329196,150851898,3262815,1133,"",1.00,1.00,1.00,1.00,1.00,1.00,1.00,1.00,"",-16,-3.7,-1348,-7.7,-1252,-7.2,-1181,-6.8,-8665828,-3.5,-8920154,-5.6,-25088,-0.8,44,4.0
"US000","5","332618","18","0","2021","1","",856,23942,23965,23982,322206261,221829737,4347429,1034,"",1.00,1.00,1.00,1.00,1.00,1.00,1.00,1.00,"",-8,-0.9,-785,-3.2,-820,-3.3,-789,-3.2,-4916766,-1.5,-5303399,-2.3,180090,4.3,18,1.8
"US000","5","3327","16","0","2021","1","",21459,321479,323712,325361,4450819548,3072696507,64317914,1058,"",1.00,1.00,1.00,1.00,1.00,1.00,1.00,1.00,"",-250,-1.2,-34994,-9.8,-32822,-9.2,-29946,-8.4,-553427487,-11.1,-300923240,-8.9,-4597376,-6.7,-23,-2.1
"US000","5","33271","17","0","2021","1","",19365,251353,252528,254200,3397078801,2397754655,49215309,1034,"",1.00,1.00,1.00,1.00,1.00,1.00,1.00,1.00,"",-260,-1.3,-25669,-9.3,-24401,-8.8,-21961,-8.0,-386438002,-10.2,-231712449,-8.8,-3165806,-6.0,-18,-1.7
"US000","5","332710","18","0","2021","1","",19365,251353,252528,254200,3397078801,2397754655,49215309,1034,"",1.00,1.00,1.00,1.00,1.00,1.00,1.00,1.00,"",-260,-1.3,-25669,-9.3,-24401,-8.8,-21961,-8.0,-386438002,-10.2,-231712449,-8.8,-3165806,-6.0,-18,-1.7
"US000","5","33272","17","0","2021","1","",2094,70126,71184,71161,1053740747,674941852,15102605,1144,"",1.00,1.00,1.00,1.00,1.00,1.00,1.00,1.00,"",10,0.5,-9325,-11.7,-8421,-10.6,-7985,-10.1,-166989485,-13.7,-69210791,-9.3,-1431570,-8.7,-39,-3.3
"US000","5","332721","18","0","2021","1","",1345,36200,36569,36856,501478432,359314097,7887207,1056,"",1.00,1.00,1.00,1.00,1.00,1.00,1.00,1.00,"",22,1.7,-4148,-10.3,-3823,-9.5,-3421,-8.5,-61177287,-10.9,-32100776,-8.2,-50763,-0.6,-17,-1.6
"US000","5","332722","18","0","2021","1","",749,33926,34615,34305,552262315,315627755,7215398,1239,"",1.00,1.00,1.00,1.00,1.00,1.00,1.00,1.00,"",-12,-1.6,-5177,-13.2,-4598,-11.7,-4564,-11.7,-105812198,-16.1,-37110015,-10.5,-1380807,-16.1,-57,-4.4
"US000","5","3328","16","0","2021","1","",6224,123365,123862,124403,1556637036,1084374472,22541406,967,"",1.00,1.00,1.00,1.00,1.00,1.00,1.00,1.00,"",-57,-0.9,-14409,-10.5,-14428,-10.4,-13323,-9.7,-206937305,-11.7,-117189859,-9.8,-1689839,-7.0,-17,-1.7
"US000","5","33281","17","0","2021","1","",6224,123365,123862,124403,1556637036,1084374472,22541406,967,"",1.00,1.00,1.00,1.00,1.00,1.00,1.00,1.00,"",-57,-0.9,-14409,-10.5,-14428,-10.4,-13323,-9.7,-206937305,-11.7,-117189859,-9.8,-1689839,-7.0,-17,-1.7
"US000","5","332811","18","0","2021","1","",684,16766,16914,17075,261805262,159447015,3536993,1190,"",1.00,1.00,1.00,1.00,1.00,1.00,1.00,1.00,"",1,0.1,-2834,-14.5,-2757,-14.0,-2452,-12.6,-41935312,-13.8,-22918240,-12.6,-363567,-9.3,-2,-0.2
"US000","5","332812","18","0","2021","1","",3026,54741,54825,54966,670081945,474967137,9586027,940,"",1.00,1.00,1.00,1.00,1.00,1.00,1.00,1.00,"",-4,-0.1,-5122,-8.6,-5276,-8.8,-4941,-8.2,-83664868,-11.1,-44034535,-8.5,-883375,-8.4,-27,-2.8
"US000","5","332813","18","0","2021","1","",2514,51858,52123,52362,624749829,449960320,9418386,922,"",1.00,1.00,1.00,1.00,1.00,1.00,1.00,1.00,"",-54,-2.1,-6453,-11.1,-6395,-10.9,-5930,-10.2,-81337125,-11.5,-50237084,-10.0,-442897,-4.5,-8,-0.9
"US000","5","3329","16","0","2021","1","",7821,258283,258965,261119,4429470720,2575795677,47991620,1313,"",1.00,1.00,1.00,1.00,1.00,1.00,1.00,1.00,"",229,3.0,-13834,-5.1,-12275,-4.5,-9359,-3.5,-242867545,-5.2,-96067898,-3.6,-2357126,-4.7,-12,-0.9
"US000","5","33291","17","0","2021","1","",1807,83385,83230,83719,1553618379,836146352,15551877,1432,"",1.00,1.00,1.00,1.00,1.00,1.00,1.00,1.00,"",45,2.6,-7719,-8.5,-7549,-8.3,-6786,-7.5,-225229127,-12.7,-74001848,-8.1,-571862,-3.5,-75,-5.0
"US000","5","332911","18","0","2021","1","",672,24747,24746,24862,465590303,272256588,5095186,1445,"",1.00,1.00,1.00,1.00,1.00,1.00,1.00,1.00,"",16,2.4,-2418,-8.9,-2267,-8.4,-2014,-7.5,-57814609,-11.0,-22336541,-7.6,-46474,-0.9,-45,-3.0
"US000","5","332912","18","0","2021","1","",579,33404,33134,33249,632861868,321112129,6515701,1464,"",1.00,1.00,1.00,1.00,1.00,1.00,1.00,1.00,"",-2,-0.3,-3941,-10.6,-4123,-11.1,-3883,-10.5,-152193526,-19.4,-36952601,-10.3,-587078,-8.3,-157,-9.7
"US000","5","332913","18","0","2021","1","",227,11266,11311,11434,188551536,103597148,1715292,1279,"",1.00,1.00,1.00,1.00,1.00,1.00,1.00,1.00,"",18,8.6,-249,-2.2,-148,-1.3,-28,-0.2,-2402003,-1.3,-5080098,-4.7,41126,2.5,-1,-0.1
"US000","5","332919","18","0","2021","1","",329,13968,14039,14174,266614672,139180487,2225698,1459,"",1.00,1.00,1.00,1.00,1.00,1.00,1.00,1.00,"",13,4.1,-1111,-7.4,-1011,-6.7,-861,-5.7,-12818989,-4.6,-9632608,-6.5,20564,0.9,31,2.2
"US000","5","33299","17","0","2021","1","",6014,174898,175735,177400,2875852341,1739649325,32439743,1257,"",1.00,1.00,1.00,1.00,1.00,1.00,1.00,1.00,"",184,3.2,-6115,-3.4,-4726,-2.6,-2573,-1.4,-17638418,-0.6,-22066050,-1.3,-1785264,-5.2,24,1.9
"US000","5","332991","18","0","2021","1","",245,20635,20661,20589,326212914,215746195,3753745,1216,"",1.00,1.00,1.00,1.00,1.00,1.00,1.00,1.00,"",0,0.0,-2295,-10.0,-2158,-9.5,-2208,-9.7,-47097242,-12.6,-27118628,-11.2,-1094948,-22.6,-41,-3.3
"US000","5","332992","18","0","2021","1","",193,11531,11669,11864,166185578,127819093,1676406,1094,"",1.00,1.00,1.00,1.00,1.00,1.00,1.00,1.00,"",34,21.4,1186,11.5,1437,14.0,1866,18.7,15138331,10.0,14159254,12.5,147392,9.6,-46,-4.0
"US000","5","332993","18","0","2021","1","",73,15276,15268,15237,353995313,129130766,1474217,1784,"",1.00,1.00,1.00,1.00,1.00,1.00,1.00,1.00,"",3,4.3,844,5.8,961,6.7,901,6.3,2368718,0.7,9256450,7.7,163688,12.5,-100,-5.3
"US000","5","332994","18","0","2021","1","",674,23404,23534,23934,504973602,262996883,5645317,1644,"",1.00,1.00,1.00,1.00,1.00,1.00,1.00,1.00,"",62,10.1,3528,17.8,3533,17.7,3855,19.2,156419193,44.9,50941799,24.0,380887,7.2,302,22.5
"US000","5","332996","18","0","2021","1","",958,27301,27516,28107,404667027,257651796,6663581,1126,"",1.00,1.00,1.00,1.00,1.00,1.00,1.00,1.00,"",8,0.8,-4509,-14.2,-4197,-13.2,-3428,-10.9,-80064833,-16.5,-34333836,-11.8,-540813,-7.5,-51,-4.3
"US000","5","332999","18","0","2021","1","",3871,76751,77087,77669,1119817907,746304592,13226477,1116,"",1.00,1.00,1.00,1.00,1.00,1.00,1.00,1.00,"",77,2.0,-4869,-6.0,-4302,-5.3,-3559,-4.4,-64402585,-5.4,-34971089,-4.5,-841470,-6.0,-3,-0.3
"US000","5","333","15","0","2021","1","",31427,1030761,1034051,1039274,20017460762,10880785018,230329241,1488,"",1.00,1.00,1.00,1.00,1.00,1.00,1.00,1.00,"",254,0.8,-78095,-7.0,-71629,-6.5,-64054,-5.8,-1333231777,-6.2,-660894574,-5.7,-7616990,-3.2,3,0.2
"US000","5","3331","16","0","2021","1","",4381,190782,192310,193512,3650352083,2111446943,54743846,1461,"",1.00,1.00,1.00,1.00,1.00,1.00,1.00,1.00,"",-15,-0.3,-24541,-11.4,-21950,-10.2,-19456,-9.1,-644794842,-15.0,-198136276,-8.6,-6525757,-10.7,-82,-5.3
"US000","5","33311","17","0","2021","1","",1741,77045,77812,78597,1194908614,842292937,23600793,1181,"",1.00,1.00,1.00,1.00,1.00,1.00,1.00,1.00,"",20,1.2,-14,0.0,982,1.3,1913,2.5,60160568,5.3,21085596,2.6,645497,2.8,45,4.0
"US000","5","333111","18","0","2021","1","",1483,58963,59466,60072,979784084,669058357,17598834,1267,"",1.00,1.00,1.00,1.00,1.00,1.00,1.00,1.00,"",19,1.3,-305,-0.5,400,0.7,1079,1.8,53449005,5.8,8741990,1.3,-96326,-0.5,61,5.1
"US000","5","333112","18","0","2021","1","",258,18082,18346,18525,215124530,173234580,6001959,903,"",1.00,1.00,1.00,1.00,1.00,1.00,1.00,1.00,"",1,0.4,291,1.6,582,3.3,834,4.7,6711563,3.2,12343606,7.7,741823,14.1,0,0.0
"US000","5","33312","17","0","2021","1","",1002,65079,65531,65695,1265346086,783316592,15001295,1487,"",1.00,1.00,1.00,1.00,1.00,1.00,1.00,1.00,"",7,0.7,-5824,-8.2,-5528,-7.8,-4962,-7.0,-190580765,-13.1,-43382366,-5.2,-1905281,-11.3,-93,-5.9
"US000","5","333120","18","0","2021","1","",1002,65079,65531,65695,1265346086,783316592,15001295,1487,"",1.00,1.00,1.00,1.00,1.00,1.00,1.00,1.00,"",7,0.7,-5824,-8.2,-5528,-7.8,-4962,-7.0,-190580765,-13.1,-43382366,-5.2,-1905281,-11.3,-93,-5.9
"US000","5","33313","17","0","2021","1","",1638,48658,48967,49220,1190097383,485837414,16141758,1870,"",1.00,1.00,1.00,1.00,1.00,1.00,1.00,1.00,"",-42,-2.5,-18703,-27.8,-17404,-26.2,-16407,-25.0,-514374645,-30.2,-175839506,-26.6,-5265973,-24.6,-103,-5.2
"US000","5","333131","18","0","2021","1","",305,8207,8274,8286,142453974,84573209,2125658,1327,"",1.00,1.00,1.00,1.00,1.00,1.00,1.00,1.00,"",23,8.2,-2018,-19.7,-1870,-18.4,-1738,-17.3,-35692387,-20.0,-17668900,-17.3,-786171,-27.0,-26,-1.9
"US000","5","333132","18","0","2021","1","",1333,40451,40693,40934,1047643409,401264205,14016100,1980,"",1.00,1.00,1.00,1.00,1.00,1.00,1.00,1.00,"",-65,-4.6,-16685,-29.2,-15534,-27.6,-14669,-26.4,-478682258,-31.4,-158170606,-28.3,-4479802,-24.2,-105,-5.0
"US000","5","3332","16","0","2021","1","",4708,116435,116904,117489,3335667643,1273987748,28176408,2194,"",1.00,1.00,1.00,1.00,1.00,1.00,1.00,1.00,"",137,3.0,-2071,-1.7,-1303,-1.1,-768,-0.6,267388882,8.7,-2107906,-0.2,456411,1.6,199,10.0
"US000","5","33324","17","0","2021","1","",4708,116435,116904,117489,3335667643,1273987748,28176408,2194,"",1.00,1.00,1.00,1.00,1.00,1.00,1.00,1.00,"",137,3.0,-2071,-1.7,-1303,-1.1,-768,-0.6,267388882,8.7,-2107906,-0.2,456411,1.6,199,10.0
"US000","5","333241","18","0","2021","1","",784,18435,18582,18765,320623129,204386386,3111140,1326,"",1.00,1.00,1.00,1.00,1.00,1.00,1.00,1.00,"",45,6.1,-793,-4.1,-589,-3.1,-386,-2.0,-19305074,-5.7,-8321523,-3.9,7694,0.2,-37,-2.7
"US000","5","333242","18","0","2021","1","",334,24795,24894,24740,1683292430,294560384,8309415,5219,"",1.00,1.00,1.00,1.00,1.00,1.00,1.00,1.00,"",17,5.4,1599,6.9,1758,7.6,1587,6.9,318487277,23.3,22634260,8.3,157644,1.9,686,15.1
"US000","5","333243","18","0","2021","1","",492,11902,11925,12021,213751876,137287102,2101856,1376,"",1.00,1.00,1.00,1.00,1.00,1.00,1.00,1.00,"",8,1.7,-915,-7.1,-810,-6.4,-650,-5.1,-16522024,-7.2,-9638447,-6.6,177045,9.2,-14,-1.0
"US000","5","333244","18","0","2021","1","",399,6334,6316,6341,103388432,69861683,1184821,1256,"",1.00,1.00,1.00,1.00,1.00,1.00,1.00,1.00,"",0,0.0,127,2.0,147,2.4,175,2.8,3063996,3.1,4863476,7.5,28909,2.5,7,0.6
"US000","5","333249","18","0","2021","1","",2699,54969,55187,55622,1014611776,567892193,13469176,1412,"",1.00,1.00,1.00,1.00,1.00,1.00,1.00,1.00,"",67,2.5,-2089,-3.7,-1809,-3.2,-1494,-2.6,-18335293,-1.8,-11645672,-2.0,85119,0.6,19,1.4
"US000","5","3333","16","0","2021","1","",3012,84807,85119,85417,1772347876,906871223,17324694,1602,"",1.00,1.00,1.00,1.00,1.00,1.00,1.00,1.00,"",3,0.1,-7107,-7.7,-6914,-7.5,-6679,-7.3,-130266736,-6.8,-77085043,-7.8,-807110,-4.5,11,0.7
"US000","5","33331","17","0","2021","1","",3012,84807,85119,85417,1772347876,906871223,17324694,1602,"",1.00,1.00,1.00,1.00,1.00,1.00,1.00,1.00,"",3,0.1,-7107,-7.7,-6914,-7.5,-6679,-7.3,-130266736,-6.8,-77085043,-7.8,-807110,-4.5,11,0.7
"US000","5","333314","18","0","2021","1","",639,21300,21322,21378,509261255,228577123,5557244,1836,"",1.00,1.00,1.00,1.00,1.00,1.00,1.00,1.00,"",10,1.6,485,2.3,464,2.2,449,2.1,5618362,1.1,5385377,2.4,85921,1.6,-21,-1.1
"US000","5","333316","18","0","2021","1","",284,5509,5496,5482,114761077,59784831,1428750,1606,"",1.00,1.00,1.00,1.00,1.00,1.00,1.00,1.00,"",-11,-3.7,-702,-11.3,-696,-11.2,-681,-11.0,-22729783,-16.5,-5840522,-8.9,131498,10.1,-103,-6.0
"US000","5","333318","18","0","2021","1","",2089,57998,58301,58557,1148325544,618509269,10338700,1516,"",1.00,1.00,1.00,1.00,1.00,1.00,1.00,1.00,"",4,0.2,-6890,-10.6,-6682,-10.3,-6447,-9.9,-113155315,-9.0,-76629898,-11.0,-1024529,-9.0,22,1.5
"US000","5","3334","16","0","2021","1","",2499,133956,134289,135095,1986135286,1289599854,26919005,1136,"",1.00,1.00,1.00,1.00,1.00,1.00,1.00,1.00,"",89,3.7,-3917,-2.8,-3544,-2.6,-2702,-2.0,-31264924,-1.5,-8642439,-0.7,1577692,6.2,10,0.9
"US000","5","33341","17","0","2021","1","",2499,133956,134289,135095,1986135286,1289599854,26919005,1136,"",1.00,1.00,1.00,1.00,1.00,1.00,1.00,1.00,"",89,3.7,-3917,-2.8,-3544,-2.6,-2702,-2.0,-31264924,-1.5,-8642439,-0.7,1577692,6.2,10,0.9
"US000","5","333413","18","0","2021","1","",735,29545,29409,29725,411176554,283637179,5191451,1070,"",1.00,1.00,1.00,1.00,1.00,1.00,1.00,1.00,"",29,4.1,-845,-2.8,-901,-3.0,-614,-2.0,-11440521,-2.7,-7536368,-2.6,108440,2.1,-1,-0.1
"US000","5","333414","18","0","2021","1","",466,14970,15098,15184,229997039,151234885,2782374,1173,"",1.00,1.00,1.00,1.00,1.00,1.00,1.00,1.00,"",22,5.0,-317,-2.1,-193,-1.3,47,0.3,213561,0.1,2163623,1.5,31354,1.1,13,1.1
"US000","5","333415","18","0","2021","1","",1298,89441,89782,90186,1344961693,854727790,18945180,1152,"",1.00,1.00,1.00,1.00,1.00,1.00,1.00,1.00,"",38,3.0,-2755,-3.0,-2450,-2.7,-2135,-2.3,-20037964,-1.5,-3269694,-0.4,1437898,8.2,14,1.2
"US000","5","3335","16","0","2021","1","",7906,160035,160428,160660,2467995073,1573825577,33055383,1184,"",1.00,1.00,1.00,1.00,1.00,1.00,1.00,1.00,"",-168,-2.1,-14950,-8.5,-14115,-8.1,-13031,-7.5,-248287505,-9.1,-128838232,-7.6,-1165371,-3.4,-14,-1.2
"US000","5","33351","17","0","2021","1","",7906,160035,160428,160660,2467995073,1573825577,33055383,1184,"",1.00,1.00,1.00,1.00,1.00,1.00,1.00,1.00,"",-168,-2.1,-14950,-8.5,-14115,-8.1,-13031,-7.5,-248287505,-9.1,-128838232,-7.6,-1165371,-3.4,-14,-1.2
"US000","5","333511","18","0","2021","1","",1587,33965,34129,34030,501163880,337272190,6457488,1132,"",1.00,1.00,1.00,1.00,1.00,1.00,1.00,1.00,"",-43,-2.6,-2223,-6.1,-2113,-5.8,-1919,-5.3,-41219499,-7.6,-24820169,-6.9,79947,1.3,-23,-2.0
"US000","5","333514","18","0","2021","1","",2825,55660,55753,55818,843197543,536381533,11536493,1164,"",1.00,1.00,1.00,1.00,1.00,1.00,1.00,1.00,"",-94,-3.2,-5628,-9.2,-5290,-8.7,-4995,-8.2,-84308724,-9.1,-41388033,-7.2,-589710,-4.9,-5,-0.4
"US000","5","333515","18","0","2021","1","",1052,20822,20811,20813,312672370,204904834,3954554,1155,"",1.00,1.00,1.00,1.00,1.00,1.00,1.00,1.00,"",-16,-1.5,-2593,-11.1,-2498,-10.7,-2333,-10.1,-35438640,-10.2,-21774286,-9.6,-308273,-7.2,5,0.4
"US000","5","333517","18","0","2021","1","",2036,38173,38299,38536,608529404,378624321,7820386,1221,"",1.00,1.00,1.00,1.00,1.00,1.00,1.00,1.00,"",-20,-1.0,-3380,-8.1,-3186,-7.7,-2812,-6.8,-66450636,-9.8,-31347827,-7.6,-223313,-2.8,-31,-2.5
"US000","5","333519","18","0","2021","1","",406,11415,11436,11463,202431876,116642699,3286462,1361,"",1.00,1.00,1.00,1.00,1.00,1.00,1.00,1.00,"",5,1.2,-1126,-9.0,-1028,-8.2,-972,-7.8,-20870006,-9.3,-9507917,-7.5,-124022,-3.6,-15,-1.1
"US000","5","3336","16","0","2021","1","",1293,88837,88375,88697,1998434036,967539856,18674897,1734,"",1.00,1.00,1.00,1.00,1.00,1.00,1.00,1.00,"",22,1.7,-8348,-8.6,-8088,-8.4,-7893,-8.2,-265104888,-11.7,-98026373,-9.2,-1682465,-8.3,-66,-3.7
"US000","5","33361","17","0","2021","1","",1293,88837,88375,88697,1998434036,967539856,18674897,1734,"",1.00,1.00,1.00,1.00,1.00,1.00,1.00,1.00,"",22,1.7,-8348,-8.6,-8088,-8.4,-7893,-8.2,-265104888,-11.7,-98026373,-9.2,-1682465,-8.3,-66,-3.7
"US000","5","333611","18","0","2021","1","",362,21473,21214,20997,529953628,242927683,4997998,1920,"",1.00,1.00,1.00,1.00,1.00,1.00,1.00,1.00,"",-4,-1.1,-2381,-10.0,-2640,-11.1,-3090,-12.8,-79644651,-13.1,-37951945,-13.5,-483125,-8.8,-39,-2.0
"US000","5","333612","18","0","2021","1","",282,10942,10947,11041,175061955,111906640,2131689,1227,"",1.00,1.00,1.00,1.00,1.00,1.00,1.00,1.00,"",3,1.1,-1108,-9.2,-1053,-8.8,-920,-7.7,-22444409,-11.4,-11084114,-9.0,-254499,-10.7,-39,-3.1
"US000","5","333613","18","0","2021","1","",306,12540,12346,12410,196859168,131880183,2819281,1218,"",1.00,1.00,1.00,1.00,1.00,1.00,1.00,1.00,"",4,1.3,-1088,-8.0,-1317,-9.6,-1029,-7.7,-23012959,-10.5,-13076595,-9.0,40400,1.5,-28,-2.2
"US000","5","333618","18","0","2021","1","",343,43882,43868,44249,1096559285,480825350,8725929,1917,"",1.00,1.00,1.00,1.00,1.00,1.00,1.00,1.00,"",19,5.9,-3771,-7.9,-3078,-6.6,-2854,-6.1,-140002869,-11.3,-35913719,-7.0,-985241,-10.1,-97,-4.8
"US000","5","3339","16","0","2021","1","",7628,255909,256626,258404,4806528765,2757513817,51435008,1439,"",1.00,1.00,1.00,1.00,1.00,1.00,1.00,1.00,"",186,2.5,-17161,-6.3,-15715,-5.8,-13525,-5.0,-280901764,-5.5,-148058305,-5.1,529610,1.0,3,0.2
"US000","5","33391","17","0","2021","1","",1257,43744,43591,43772,876604040,482210030,9167996,1543,"",1.00,1.00,1.00,1.00,1.00,1.00,1.00,1.00,"",4,0.3,-3393,-7.2,-3406,-7.2,-3134,-6.7,-126075599,-12.6,-42925707,-8.2,-520170,-5.4,-98,-6.0
"US000","5","333912","18","0","2021","1","",406,17756,17730,17788,375290572,190939720,4293118,1626,"",1.00,1.00,1.00,1.00,1.00,1.00,1.00,1.00,"",-7,-1.7,-1920,-9.8,-1854,-9.5,-1760,-9.0,-73770356,-16.4,-21165466,-10.0,-433211,-9.2,-136,-7.7
"US000","5","333914","18","0","2021","1","",851,25988,25861,25984,501313468,291270310,4874878,1486,"",1.00,1.00,1.00,1.00,1.00,1.00,1.00,1.00,"",11,1.3,-1473,-5.4,-1552,-5.7,-1374,-5.0,-52305243,-9.4,-21760241,-7.0,-86959,-1.8,-68,-4.4
"US000","5","33392","17","0","2021","1","",1950,82935,83357,84070,1416400694,880144109,15959567,1306,"",1.00,1.00,1.00,1.00,1.00,1.00,1.00,1.00,"",52,2.7,-5387,-6.1,-4481,-5.1,-3567,-4.1,-85493022,-5.7,-41239912,-4.5,998369,6.7,-8,-0.6
"US000","5","333921","18","0","2021","1","",229,10545,10503,10536,206400071,113814664,1615136,1508,"",1.00,1.00,1.00,1.00,1.00,1.00,1.00,1.00,"",11,5.0,-580,-5.2,-614,-5.5,-546,-4.9,-17483510,-7.8,-4573740,-3.9,123255,8.3,-42,-2.7
"US000","5","333922","18","0","2021","1","",914,33810,33984,34259,594059658,354362328,7172792,1343,"",1.00,1.00,1.00,1.00,1.00,1.00,1.00,1.00,"",33,3.7,-154,-0.5,258,0.8,537,1.6,4757303,0.8,5945145,1.7,409435,6.1,2,0.1
"US000","5","333923","18","0","2021","1","",409,13122,13200,13318,223942980,153929673,2856695,1304,"",1.00,1.00,1.00,1.00,1.00,1.00,1.00,1.00,"",-1,-0.2,-2236,-14.6,-2103,-13.7,-1917,-12.6,-35902658,-13.8,-23894967,-13.4,195772,7.4,-3,-0.2
"US000","5","333924","18","0","2021","1","",398,25458,25670,25957,391997985,258037444,4314944,1174,"",1.00,1.00,1.00,1.00,1.00,1.00,1.00,1.00,"",9,2.3,-2417,-8.7,-2022,-7.3,-1641,-5.9,-36864157,-8.6,-18716350,-6.8,269907,6.7,-16,-1.3
"US000","5","33399","17","0","2021","1","",4421,129230,129678,130562,2513524031,1395159678,26307445,1489,"",1.00,1.00,1.00,1.00,1.00,1.00,1.00,1.00,"",130,3.0,-8381,-6.1,-7828,-5.7,-6824,-5.0,-69333143,-2.7,-63892686,-4.4,51411,0.2,44,3.0
"US000","5","333991","18","0","2021","1","",224,10236,10402,10528,230452853,109198803,1893389,1706,"",1.00,1.00,1.00,1.00,1.00,1.00,1.00,1.00,"",6,2.8,215,2.1,416,4.2,566,5.7,30455779,15.2,6347055,6.2,203435,12.0,166,10.8
"US000","5","333992","18","0","2021","1","",645,14080,14188,14290,335099075,139762347,3043398,1817,"",1.00,1.00,1.00,1.00,1.00,1.00,1.00,1.00,"",22,3.5,-1271,-8.3,-1208,-7.8,-1034,-6.7,25456885,8.2,-7143476,-4.9,-147569,-4.6,266,17.2
"US000","5","333993","18","0","2021","1","",760,22266,22362,22453,417638165,257854289,4115811,1437,"",1.00,1.00,1.00,1.00,1.00,1.00,1.00,1.00,"",40,5.6,301,1.4,405,1.8,398,1.8,10374790,2.5,4412428,1.7,393485,10.6,13,0.9
"US000","5","333994","18","0","2021","1","",357,8710,8735,8771,156372083,96558959,2298829,1376,"",1.00,1.00,1.00,1.00,1.00,1.00,1.00,1.00,"",-1,-0.3,-1168,-11.8,-1137,-11.5,-1083,-11.0,-17282736,-10.0,-10671203,-10.0,-272246,-10.6,22,1.6
"US000","5","333995","18","0","2021","1","",372,14742,14717,14790,222273587,154546862,2695542,1159,"",1.00,1.00,1.00,1.00,1.00,1.00,1.00,1.00,"",-2,-0.5,-2388,-13.9,-2370,-13.9,-2258,-13.2,-45260380,-16.9,-22623530,-12.8,-294464,-9.8,-45,-3.7
"US000","5","333996","18","0","2021","1","",266,17352,17336,17505,407347019,200124164,3537448,1801,"",1.00,1.00,1.00,1.00,1.00,1.00,1.00,1.00,"",1,0.4,-1807,-9.4,-1763,-9.2,-1549,-8.1,-43340462,-9.6,-15393833,-7.1,-337457,-8.7,-14,-0.8
"US000","5","333997","18","0","2021","1","",145,3618,3617,3638,69265885,37807276,608039,1470,"",1.00,1.00,1.00,1.00,1.00,1.00,1.00,1.00,"",7,5.1,-92,-2.5,-92,-2.5,-56,-1.5,2399529,3.6,-1607003,-4.1,77265,14.6,81,5.8
"US000","5","333999","18","0","2021","1","",1652,38226,38321,38587,675075364,399306978,8114989,1353,"",1.00,1.00,1.00,1.00,1.00,1.00,1.00,1.00,"",57,3.6,-2171,-5.4,-2079,-5.1,-1808,-4.5,-32136548,-4.5,-17213124,-4.1,428962,5.6,6,0.4
"US000","5","334","15","0","2021","1","",21771,1048867,1047827,1051387,36831478699,12148341576,251744800,2700,"",1.00,1.00,1.00,1.00,1.00,1.00,1.00,1.00,"",760,3.6,-28355,-2.6,-29862,-2.8,-25649,-2.4,1405239818,4.0,-427021305,-3.4,4277635,1.7,170,6.7
"US000","5","3341","16","0","2021","1","",1901,154447,154774,154760,7440108295,1704514268,39794209,3700,"",1.00,1.00,1.00,1.00,1.00,1.00,1.00,1.00,"",18,1.0,-6172,-3.8,-6355,-3.9,-6293,-3.9,484067013,7.0,-138361487,-7.5,-3584864,-8.3,375,11.3
"US000","5","33411","17","0","2021","1","",1901,154447,154774,154760,7440108295,1704514268,39794209,3700,"",1.00,1.00,1.00,1.00,1.00,1.00,1.00,1.00,"",18,1.0,-6172,-3.8,-6355,-3.9,-6293,-3.9,484067013,7.0,-138361487,-7.5,-3584864,-8.3,375,11.3
"US000","5","334111","18","0","2021","1","",810,107213,107624,107674,5584513273,1023248135,27275905,3996,"",1.00,1.00,1.00,1.00,1.00,1.00,1.00,1.00,"",13,1.6,-1619,-1.5,-1676,-1.5,-1723,-1.6,495647631,9.7,-67287097,-6.2,-3082340,-10.2,411,11.5
"US000","5","334112","18","0","2021","1","",233,15886,15833,15829,784779355,204387576,6742102,3809,"",1.00,1.00,1.00,1.00,1.00,1.00,1.00,1.00,"",-13,-5.3,-1301,-7.6,-1303,-7.6,-1319,-7.7,7778258,1.0,-26203313,-11.4,-485495,-6.7,325,9.3
"US000","5","334118","18","0","2021","1","",858,31348,31317,31257,1070815667,476878557,5776202,2631,"",1.00,1.00,1.00,1.00,1.00,1.00,1.00,1.00,"",18,2.1,-3252,-9.4,-3376,-9.7,-3251,-9.4,-19358876,-1.8,-44871077,-8.6,-17029,-0.3,207,8.5
"US000","5","3342","16","0","2021","1","",2511,85501,85376,85471,2522227672,892518521,22998335,2271,"",1.00,1.00,1.00,1.00,1.00,1.00,1.00,1.00,"",96,4.0,-1719,-2.0,-1741,-2.0,-1449,-1.7,-32228172,-1.3,-26254415,-2.9,2159916,10.4,15,0.7
"US000","5","33421","17","0","2021","1","",438,16315,16343,16287,635182275,186756451,5607012,2995,"",1.00,1.00,1.00,1.00,1.00,1.00,1.00,1.00,"",23,5.5,-1027,-5.9,-964,-5.6,-1026,-5.9,20835939,3.4,-3664225,-1.9,-85955,-1.5,267,9.8
"US000","5","334210","18","0","2021","1","",438,16315,16343,16287,635182275,186756451,5607012,2995,"",1.00,1.00,1.00,1.00,1.00,1.00,1.00,1.00,"",23,5.5,-1027,-5.9,-964,-5.6,-1026,-5.9,20835939,3.4,-3664225,-1.9,-85955,-1.5,267,9.8
"US000","5","33422","17","0","2021","1","",1392,51450,51348,51514,1502545530,523307430,13186690,2247,"",1.00,1.00,1.00,1.00,1.00,1.00,1.00,1.00,"",56,4.2,-265,-0.5,-318,-0.6,-5,0.0,-26956067,-1.8,-13232568,-2.5,2005168,17.9,-32,-1.4
"US000","5","334220","18","0","2021","1","",1392,51450,51348,51514,1502545530,523307430,13186690,2247,"",1.00,1.00,1.00,1.00,1.00,1.00,1.00,1.00,"",56,4.2,-265,-0.5,-318,-0.6,-5,0.0,-26956067,-1.8,-13232568,-2.5,2005168,17.9,-32,-1.4
"US000","5","33429","17","0","2021","1","",681,17736,17685,17670,384499867,182454640,4204633,1671,"",1.00,1.00,1.00,1.00,1.00,1.00,1.00,1.00,"",17,2.6,-427,-2.4,-459,-2.5,-418,-2.3,-26108044,-6.4,-9357622,-4.9,240703,6.1,-71,-4.1
"US000","5","334290","18","0","2021","1","",681,17736,17685,17670,384499867,182454640,4204633,1671,"",1.00,1.00,1.00,1.00,1.00,1.00,1.00,1.00,"",17,2.6,-427,-2.4,-459,-2.5,-418,-2.3,-26108044,-6.4,-9357622,-4.9,240703,6.1,-71,-4.1
"US000","5","3343","16","0","2021","1","",870,18586,18767,18773,1053710074,198241944,5854885,4332,"",1.00,1.00,1.00,1.00,1.00,1.00,1.00,1.00,"",22,2.6,-1680,-8.3,-1481,-7.3,-1425,-7.1,464008758,78.7,-16269832,-7.6,-326884,-5.3,2091,93.3
"US000","5","33431","17","0","2021","1","",870,18586,18767,18773,1053710074,198241944,5854885,4332,"",1.00,1.00,1.00,1.00,1.00,1.00,1.00,1.00,"",22,2.6,-1680,-8.3,-1481,-7.3,-1425,-7.1,464008758,78.7,-16269832,-7.6,-326884,-5.3,2091,93.3
"US000","5","334310","18","0","2021","1","",870,18586,18767,18773,1053710074,198241944,5854885,4332,"",1.00,1.00,1.00,1.00,1.00,1.00,1.00,1.00,"",22,2.6,-1680,-8.3,-1481,-7.3,-1425,-7.1,464008758,78.7,-16269832,-7.6,-326884,-5.3,2091,93.3
"US000","5","3344","16","0","2021","1","",6010,364223,364867,365255,12884605474,4205710014,83825466,2717,"",1.00,1.00,1.00,1.00,1.00,1.00,1.00,1.00,"",89,1.5,-9555,-2.6,-9192,-2.5,-7936,-2.1,868386767,7.2,-75460952,-1.8,-1088369,-1.3,243,9.8
"US000","5","33441","17","0","2021","1","",6010,364223,364867,365255,12884605474,4205710014,83825466,2717,"",1.00,1.00,1.00,1.00,1.00,1.00,1.00,1.00,"",89,1.5,-9555,-2.6,-9192,-2.5,-7936,-2.1,868386767,7.2,-75460952,-1.8,-1088369,-1.3,243,9.8
"US000","5","334412","18","0","2021","1","",525,26442,26492,26393,448996404,239579949,5627680,1306,"",1.00,1.00,1.00,1.00,1.00,1.00,1.00,1.00,"",-23,-4.2,-650,-2.4,-710,-2.6,-752,-2.8,-23868440,-5.0,-9928714,-4.0,-123235,-2.1,-34,-2.5
"US000","5","334413","18","0","2021","1","",1912,184653,185154,185158,9771086359,2540182887,45807102,4063,"",1.00,1.00,1.00,1.00,1.00,1.00,1.00,1.00,"",36,1.9,-717,-0.4,-554,-0.3,-379,-0.2,936473483,10.6,5387774,0.2,-1568608,-3.3,400,10.9
"US000","5","334416","18","0","2021","1","",425,15755,15869,15887,245327471,147282393,3367281,1192,"",1.00,1.00,1.00,1.00,1.00,1.00,1.00,1.00,"",-18,-4.1,-1132,-6.7,-1021,-6.0,-1012,-6.0,-4735785,-1.9,-6673601,-4.3,257485,8.3,53,4.7
"US000","5","334417","18","0","2021","1","",366,21765,21825,21953,463687293,199039984,4461596,1633,"",1.00,1.00,1.00,1.00,1.00,1.00,1.00,1.00,"",11,3.1,-448,-2.0,-393,-1.8,-319,-1.4,51963505,12.6,-5063403,-2.5,221825,5.2,209,14.7
"US000","5","334418","18","0","2021","1","",1157,56825,56857,56787,866202799,501428137,11743439,1173,"",1.00,1.00,1.00,1.00,1.00,1.00,1.00,1.00,"",3,0.3,-3793,-6.3,-3770,-6.2,-3329,-5.5,-40314232,-4.4,-31245577,-5.9,23860,0.2,20,1.7
"US000","5","334419","18","0","2021","1","",1625,58783,58670,59077,1089305148,578196664,12818368,1424,"",1.00,1.00,1.00,1.00,1.00,1.00,1.00,1.00,"",80,5.2,-2815,-4.6,-2744,-4.5,-2145,-3.5,-51131764,-4.5,-27937431,-4.6,100304,0.8,-4,-0.3
"US000","5","3345","16","0","2021","1","",9252,415519,413278,416266,12551376884,5041528177,95682802,2326,"",1.00,1.00,1.00,1.00,1.00,1.00,1.00,1.00,"",257,2.9,-8691,-2.0,-10673,-2.5,-8207,-1.9,-374718573,-2.9,-166905459,-3.2,6862121,7.7,-18,-0.8
"US000","5","33451","17","0","2021","1","",9252,415519,413278,416266,12551376884,5041528177,95682802,2326,"",1.00,1.00,1.00,1.00,1.00,1.00,1.00,1.00,"",257,2.9,-8691,-2.0,-10673,-2.5,-8207,-1.9,-374718573,-2.9,-166905459,-3.2,6862121,7.7,-18,-0.8
"US000","5","334510","18","0","2021","1","",1802,73799,74153,74604,2605604444,1014787905,17608670,2702,"",1.00,1.00,1.00,1.00,1.00,1.00,1.00,1.00,"",137,8.2,555,0.8,748,1.0,902,1.2,-1731981,-0.1,2327324,0.2,1137959,6.9,-29,-1.1
"US000","5","334511","18","0","2021","1","",1010,136331,133922,135825,4299114789,1588675247,27130201,2443,"",1.00,1.00,1.00,1.00,1.00,1.00,1.00,1.00,"",-52,-4.9,1729,1.3,-975,-0.7,685,0.5,-448184700,-9.4,-57137571,-3.5,5838254,27.4,-264,-9.8
"US000","5","334512","18","0","2021","1","",487,12968,13014,13055,273198668,141689876,3416161,1615,"",1.00,1.00,1.00,1.00,1.00,1.00,1.00,1.00,"",8,1.7,-1462,-10.1,-1246,-8.7,-1122,-7.9,-19361430,-6.6,-17339219,-10.9,87833,2.6,40,2.5
"US000","5","334513","18","0","2021","1","",1992,59082,59171,59444,1329571769,725846147,12332480,1727,"",1.00,1.00,1.00,1.00,1.00,1.00,1.00,1.00,"",38,1.9,-4437,-7.0,-3990,-6.3,-3625,-5.7,-31635697,-2.3,-39904436,-5.2,-760264,-5.8,72,4.4
"US000","5","334514","18","0","2021","1","",227,8800,8757,8761,177119963,82709204,1669066,1553,"",1.00,1.00,1.00,1.00,1.00,1.00,1.00,1.00,"",-6,-2.6,-600,-6.4,-581,-6.2,-571,-6.1,-21735677,-10.9,-4855959,-5.5,-318240,-16.0,-82,-5.0
"US000","5","334515","18","0","2021","1","",1185,37459,37430,37505,1293126933,491676492,10321496,2655,"",1.00,1.00,1.00,1.00,1.00,1.00,1.00,1.00,"",24,2.1,-985,-2.6,-1073,-2.8,-1012,-2.6,100322458,8.4,-6246850,-1.3,1063376,11.5,271,11.4
"US000","5","334516","18","0","2021","1","",1030,39753,39832,39982,1295461520,468833961,11099564,2500,"",1.00,1.00,1.00,1.00,1.00,1.00,1.00,1.00,"",88,9.3,49,0.1,181,0.5,192,0.5,90173923,7.5,-2074113,-0.4,504539,4.8,166,7.1
"US000","5","334517","18","0","2021","1","",284,13576,13577,13617,394080832,168167205,3867494,2231,"",1.00,1.00,1.00,1.00,1.00,1.00,1.00,1.00,"",5,1.8,-884,-6.1,-784,-5.5,-756,-5.3,-38681012,-8.9,-14983670,-8.2,-97735,-2.5,-81,-3.5
"US000","5","334519","18","0","2021","1","",1235,33751,33422,33473,884097966,359142140,8237670,2027,"",1.00,1.00,1.00,1.00,1.00,1.00,1.00,1.00,"",15,1.2,-2656,-7.3,-2953,-8.1,-2900,-8.0,-3884457,-0.4,-26690965,-6.9,-593601,-6.7,150,8.0
"US000","5","3346","16","0","2021","1","",1227,10591,10765,10862,379450300,105828652,3589103,2718,"",1.00,1.00,1.00,1.00,1.00,1.00,1.00,1.00,"",278,29.3,-538,-4.8,-420,-3.8,-339,-3.0,-4275975,-1.1,-3769160,-3.4,255715,7.7,76,2.9
"US000","5","33461","17","0","2021","1","",1227,10591,10765,10862,379450300,105828652,3589103,2718,"",1.00,1.00,1.00,1.00,1.00,1.00,1.00,1.00,"",278,29.3,-538,-4.8,-420,-3.8,-339,-3.0,-4275975,-1.1,-3769160,-3.4,255715,7.7,76,2.9
"US000","5","334613","18","0","2021","1","N",71,0,0,0,0,0,0,0,"N",1.00,0,0,0,0,0,0,0,"N",-10,-12.3,0,0,0,0,0,0,0,0,0,0,0,0,0,0
"US000","5","334614","18","0","2021","1","N",1156,0,0,0,0,0,0,0,"N",1.00,0,0,0,0,0,0,0,"N",288,33.2,0,0,0,0,0,0,0,0,0,0,0,0,0,0
"US000","5","335","15","0","2021","1","",8572,383033,384983,387287,7290205689,3976842214,76191188,1456,"",1.00,1.00,1.00,1.00,1.00,1.00,1.00,1.00,"",190,2.3,-11756,-3.0,-9876,-2.5,-6482,-1.6,-6941072,-0.1,-113983695,-2.8,-81973,-0.1,33,2.3
"US000","5","3351","16","0","2021","1","",1731,40402,40641,40630,706385130,384244849,9246840,1340,"",1.00,1.00,1.00,1.00,1.00,1.00,1.00,1.00,"",55,3.3,-4394,-9.8,-4357,-9.7,-4243,-9.5,-61226469,-8.0,-38068970,-9.0,-1216235,-11.6,25,1.9
"US000","5","33511","17","0","2021","1","",193,6069,6349,6289,120644156,60508568,1497355,1488,"",1.00,1.00,1.00,1.00,1.00,1.00,1.00,1.00,"",0,0.0,-425,-6.5,-309,-4.6,-366,-5.5,-11872665,-9.0,-5522394,-8.4,-259907,-14.8,-56,-3.6
"US000","5","335110","18","0","2021","1","",193,6069,6349,6289,120644156,60508568,1497355,1488,"",1.00,1.00,1.00,1.00,1.00,1.00,1.00,1.00,"",0,0.0,-425,-6.5,-309,-4.6,-366,-5.5,-11872665,-9.0,-5522394,-8.4,-259907,-14.8,-56,-3.6
"US000","5","33512","17","0","2021","1","",1538,34333,34292,34341,585740974,323736281,7749485,1313,"",1.00,1.00,1.00,1.00,1.00,1.00,1.00,1.00,"",55,3.7,-3969,-10.4,-4048,-10.6,-3877,-10.1,-49353804,-7.8,-32546576,-9.1,-956328,-11.0,37,2.9
"US000","5","335121","18","0","2021","1","",443,7847,7866,7887,127782777,69836702,2008549,1250,"",1.00,1.00,1.00,1.00,1.00,1.00,1.00,1.00,"",4,0.9,-497,-6.0,-462,-5.5,-353,-4.3,11054658,9.5,-1321460,-1.9,156433,8.4,169,15.6
"US000","5","335122","18","0","2021","1","",746,19520,19504,19477,327065892,185363939,4313257,1290,"",1.00,1.00,1.00,1.00,1.00,1.00,1.00,1.00,"",29,4.0,-2400,-10.9,-2488,-11.3,-2500,-11.4,-43375891,-11.7,-20567124,-10.0,-756739,-14.9,-7,-0.5
"US000","5","335129","18","0","2021","1","",349,6966,6922,6977,130892305,68535640,1427679,1448,"",1.00,1.00,1.00,1.00,1.00,1.00,1.00,1.00,"",22,6.7,-1072,-13.3,-1098,-13.7,-1024,-12.8,-17032571,-11.5,-10657992,-13.5,-356022,-20.0,29,2.0
"US000","5","3352","16","0","2021","1","",586,67121,67867,68475,1256266225,614971321,11699569,1425,"",1.00,1.00,1.00,1.00,1.00,1.00,1.00,1.00,"",17,3.0,4971,8.0,5606,9.0,6158,9.9,127259556,11.3,20664734,3.5,1471263,14.4,30,2.2
"US000","5","33521","17","0","2021","1","",310,13243,13136,13232,230820712,129881517,2180979,1345,"",1.00,1.00,1.00,1.00,1.00,1.00,1.00,1.00,"",7,2.3,1801,15.7,1603,13.9,1620,14.0,20710448,9.9,14309700,12.4,609404,38.8,-57,-4.1
"US000","5","335210","18","0","2021","1","",310,13243,13136,13232,230820712,129881517,2180979,1345,"",1.00,1.00,1.00,1.00,1.00,1.00,1.00,1.00,"",7,2.3,1801,15.7,1603,13.9,1620,14.0,20710448,9.9,14309700,12.4,609404,38.8,-57,-4.1
"US000","5","33522","17","0","2021","1","",276,53878,54731,55243,1025445513,485089804,9518590,1444,"",1.00,1.00,1.00,1.00,1.00,1.00,1.00,1.00,"",10,3.8,3170,6.3,4003,7.9,4538,8.9,106549108,11.6,6355034,1.3,861859,10.0,50,3.6
"US000","5","335220","18","0","2021","1","",276,53878,54731,55243,1025445513,485089804,9518590,1444,"",1.00,1.00,1.00,1.00,1.00,1.00,1.00,1.00,"",10,3.8,3170,6.3,4003,7.9,4538,8.9,106549108,11.6,6355034,1.3,861859,10.0,50,3.6
"US000","5","3353","16","0","2021","1","",2873,135435,135951,136543,2600863540,1457316749,22803461,1471,"",1.00,1.00,1.00,1.00,1.00,1.00,1.00,1.00,"",-20,-0.7,-6638,-4.7,-5713,-4.0,-4468,-3.2,-140012370,-5.1,-50278878,-3.3,-957219,-4.0,-18,-1.2
"US000","5","33531","17","0","2021","1","",2873,135435,135951,136543,2600863540,1457316749,22803461,1471,"",1.00,1.00,1.00,1.00,1.00,1.00,1.00,1.00,"",-20,-0.7,-6638,-4.7,-5713,-4.0,-4468,-3.2,-140012370,-5.1,-50278878,-3.3,-957219,-4.0,-18,-1.2
"US000","5","335311","18","0","2021","1","",526,25593,25708,25832,432716488,252581071,3578526,1295,"",1.00,1.00,1.00,1.00,1.00,1.00,1.00,1.00,"",-2,-0.4,-1543,-5.7,-1367,-5.0,-863,-3.2,-49080021,-10.2,-12880071,-4.9,-208116,-5.5,-79,-5.7
"US000","5","335312","18","0","2021","1","",654,34749,35057,35246,641303395,380028988,6727151,1409,"",1.00,1.00,1.00,1.00,1.00,1.00,1.00,1.00,"",14,2.2,-1939,-5.3,-1512,-4.1,-1207,-3.3,5376858,0.8,-10642372,-2.7,-751605,-10.0,71,5.3
"US000","5","335313","18","0","2021","1","",758,33884,33979,34113,647755644,350776015,5418406,1466,"",1.00,1.00,1.00,1.00,1.00,1.00,1.00,1.00,"",-3,-0.4,-949,-2.7,-820,-2.4,-624,-1.8,-42581888,-6.2,-6287021,-1.8,-404929,-7.0,-60,-3.9
"US000","5","335314","18","0","2021","1","",935,41209,41207,41352,879088013,473930675,7079378,1639,"",1.00,1.00,1.00,1.00,1.00,1.00,1.00,1.00,"",-29,-3.0,-2207,-5.1,-2014,-4.7,-1774,-4.1,-53727319,-5.8,-20469414,-4.1,407431,6.1,-20,-1.2
"US000","5","3359","16","0","2021","1","",3382,140075,140524,141639,2726690794,1520309295,32441318,1490,"",1.00,1.00,1.00,1.00,1.00,1.00,1.00,1.00,"",138,4.3,-5695,-3.9,-5412,-3.7,-3929,-2.7,67038211,2.5,-46300581,-3.0,620218,1.9,86,6.1
"US000","5","33591","17","0","2021","1","",435,40555,40882,41492,736439509,496630289,10510192,1382,"",1.00,1.00,1.00,1.00,1.00,1.00,1.00,1.00,"",67,18.2,527,1.3,639,1.6,1234,3.1,54130167,7.9,21804338,4.6,590813,6.0,76,5.8
"US000","5","335911","18","0","2021","1","",293,35798,36135,36721,649725149,448553381,9419997,1380,"",1.00,1.00,1.00,1.00,1.00,1.00,1.00,1.00,"",36,14.0,8880,33.0,9012,33.2,9518,35.0,170324835,35.5,104888735,30.5,2438554,34.9,18,1.3
"US000","5","335912","18","0","2021","1","",142,4757,4747,4771,86714360,48076908,1090195,1402,"",1.00,1.00,1.00,1.00,1.00,1.00,1.00,1.00,"",31,27.9,-8353,-63.7,-8373,-63.8,-8284,-63.5,-116194668,-57.3,-83084397,-63.3,-1847741,-62.9,210,17.6
"US000","5","33592","17","0","2021","1","",454,22920,22982,23102,415029459,254149381,5066276,1388,"",1.00,1.00,1.00,1.00,1.00,1.00,1.00,1.00,"",15,3.4,-1031,-4.3,-821,-3.4,-674,-2.8,-11210649,-2.6,-5487046,-2.1,228751,4.7,13,0.9
"US000","5","335921","18","0","2021","1","",196,11426,11502,11589,222774040,133289616,2388369,1489,"",1.00,1.00,1.00,1.00,1.00,1.00,1.00,1.00,"",7,3.7,-384,-3.3,-211,-1.8,-111,-0.9,306337,0.1,-1652919,-1.2,202022,9.2,31,2.1
"US000","5","335929","18","0","2021","1","",258,11494,11480,11513,192255419,120859765,2677907,1286,"",1.00,1.00,1.00,1.00,1.00,1.00,1.00,1.00,"",8,3.2,-647,-5.3,-610,-5.0,-563,-4.7,-11516986,-5.7,-3834127,-3.1,26729,1.0,-9,-0.7
"US000","5","33593","17","0","2021","1","",769,40006,39942,40226,692195228,388567921,8009799,1329,"",1.00,1.00,1.00,1.00,1.00,1.00,1.00,1.00,"",1,0.1,-2753,-6.4,-2874,-6.7,-2485,-5.8,-39733195,-5.4,-28780440,-6.9,-200761,-2.4,12,0.9
"US000","5","335931","18","0","2021","1","",555,29278,29227,29395,525880445,284579335,6303145,1381,"",1.00,1.00,1.00,1.00,1.00,1.00,1.00,1.00,"",-4,-0.7,-2260,-7.2,-2357,-7.5,-2085,-6.6,-27439742,-5.0,-25593474,-8.3,-219812,-3.4,31,2.3
"US000","5","335932","18","0","2021","1","",214,10728,10715,10831,166314783,103988586,1706654,1189,"",1.00,1.00,1.00,1.00,1.00,1.00,1.00,1.00,"",5,2.4,-493,-4.4,-517,-4.6,-400,-3.6,-12293453,-6.9,-3186966,-3.0,19051,1.1,-35,-2.9
"US000","5","33599","17","0","2021","1","",1724,36594,36718,36819,883026598,380961704,8855051,1850,"",1.00,1.00,1.00,1.00,1.00,1.00,1.00,1.00,"",55,3.3,-2438,-6.2,-2356,-6.0,-2004,-5.2,63851888,7.8,-33837433,-8.2,1415,0.0,233,14.4
"US000","5","335991","18","0","2021","1","",222,7888,7868,7874,142251912,85952912,1699984,1389,"",1.00,1.00,1.00,1.00,1.00,1.00,1.00,1.00,"",23,11.6,-1131,-12.5,-1180,-13.0,-1137,-12.6,-21585433,-13.2,-19944070,-18.8,-160648,-8.6,-7,-0.5
"US000","5","335999","18","0","2021","1","",1502,28706,28850,28945,740774686,295008792,7155067,1976,"",1.00,1.00,1.00,1.00,1.00,1.00,1.00,1.00,"",32,2.2,-1307,-4.4,-1176,-3.9,-867,-2.9,85437321,13.0,-13893363,-4.5,162063,2.3,293,17.4
"US000","5","336","15","0","2021","1","",15871,1633931,1641898,1645943,32472022242,16961125115,372521224,1523,"",1.00,1.00,1.00,1.00,1.00,1.00,1.00,1.00,"",504,3.3,-91233,-5.3,-89967,-5.2,-77579,-4.5,-2691623034,-7.7,-1251437985,-6.9,-22300120,-5.6,-43,-2.7
"US000","5","3361","16","0","2021","1","",670,248322,250502,253872,5078014096,2236020356,69113952,1557,"",1.00,1.00,1.00,1.00,1.00,1.00,1.00,1.00,"",87,14.9,7887,3.3,7181,3.0,11981,5.0,-33164102,-0.6,-43584972,-1.9,-6586068,-8.7,-68,-4.2
"US000","5","33611","17","0","2021","1","",474,214647,216333,219462,4508923062,1874097690,56864568,1600,"",1.00,1.00,1.00,1.00,1.00,1.00,1.00,1.00,"",78,19.7,9271,4.5,7818,3.7,11914,5.7,-35176537,-0.8,-33048376,-1.7,-6672089,-10.5,-87,-5.2
"US000","5","336111","18","0","2021","1","",372,139937,139884,142338,3092486167,1202405767,33548137,1690,"",1.00,1.00,1.00,1.00,1.00,1.00,1.00,1.00,"",56,17.7,5617,4.2,4787,3.5,8095,6.0,87630438,2.9,-20718141,-1.7,803137,2.5,-28,-1.6
"US000","5","336112","18","0","2021","1","",102,74710,76449,77124,1416436895,671691923,23316431,1432,"",1.00,1.00,1.00,1.00,1.00,1.00,1.00,1.00,"",22,27.5,3654,5.1,3031,4.1,3819,5.2,-122806975,-8.0,-12330235,-1.8,-7475226,-24.3,-199,-12.2
"US000","5","33612","17","0","2021","1","",196,33675,34169,34410,569091034,361922666,12249384,1284,"",1.00,1.00,1.00,1.00,1.00,1.00,1.00,1.00,"",9,4.8,-1384,-3.9,-637,-1.8,67,0.2,2012435,0.4,-10536596,-2.8,86021,0.7,28,2.2
"US000","5","336120","18","0","2021","1","",196,33675,34169,34410,569091034,361922666,12249384,1284,"",1.00,1.00,1.00,1.00,1.00,1.00,1.00,1.00,"",9,4.8,-1384,-3.9,-637,-1.8,67,0.2,2012435,0.4,-10536596,-2.8,86021,0.7,28,2.2
"US000","5","3362","16","0","2021","1","",2304,157348,159667,161872,2212094435,1449912869,32088120,1066,"",1.00,1.00,1.00,1.00,1.00,1.00,1.00,1.00,"",56,2.5,-1170,-0.7,303,0.2,2750,1.7,81531739,3.8,24855243,1.7,447269,1.4,35,3.4
"US000","5","33621","17","0","2021","1","",2304,157348,159667,161872,2212094435,1449912869,32088120,1066,"",1.00,1.00,1.00,1.00,1.00,1.00,1.00,1.00,"",56,2.5,-1170,-0.7,303,0.2,2750,1.7,81531739,3.8,24855243,1.7,447269,1.4,35,3.4
"US000","5","336211","18","0","2021","1","",840,52979,53377,53862,743368807,507147427,12617142,1071,"",1.00,1.00,1.00,1.00,1.00,1.00,1.00,1.00,"",3,0.4,-4478,-7.8,-4579,-7.9,-4012,-6.9,-99612006,-11.8,-47996305,-8.6,-777124,-5.8,-52,-4.6
"US000","5","336212","18","0","2021","1","",645,36250,37018,37409,439001006,333009916,6181469,915,"",1.00,1.00,1.00,1.00,1.00,1.00,1.00,1.00,"",45,7.5,-2925,-7.5,-1795,-4.6,-1174,-3.0,-36036772,-7.6,-15952749,-4.6,-429959,-6.5,-25,-2.7
"US000","5","336213","18","0","2021","1","",58,19257,19531,20023,298299702,155862566,4427754,1171,"",1.00,1.00,1.00,1.00,1.00,1.00,1.00,1.00,"",5,9.4,1519,8.6,1734,9.7,2326,13.1,59936418,25.1,20793924,15.4,447667,11.2,138,13.4
"US000","5","336214","18","0","2021","1","",761,48862,49741,50578,731424920,453892960,8861755,1131,"",1.00,1.00,1.00,1.00,1.00,1.00,1.00,1.00,"",3,0.4,4714,10.7,4943,11.0,5610,12.5,157244099,27.4,68010373,17.6,1206685,15.8,142,14.4
"US000","5","3363","16","0","2021","1","",5806,547925,547966,548887,8262498617,4980305852,135081234,1159,"",1.00,1.00,1.00,1.00,1.00,1.00,1.00,1.00,"",53,0.9,-36910,-6.3,-38114,-6.5,-32772,-5.6,-890626649,-9.7,-345763502,-6.5,-5530000,-3.9,-46,-3.8
"US000","5","33631","17","0","2021","1","",928,56443,56537,56496,928868700,514123205,12811166,1265,"",1.00,1.00,1.00,1.00,1.00,1.00,1.00,1.00,"",-9,-1.0,-3960,-6.6,-3483,-5.8,-3001,-5.0,-80426309,-8.0,-30189008,-5.5,-669296,-5.0,-30,-2.3
"US000","5","336310","18","0","2021","1","",928,56443,56537,56496,928868700,514123205,12811166,1265,"",1.00,1.00,1.00,1.00,1.00,1.00,1.00,1.00,"",-9,-1.0,-3960,-6.6,-3483,-5.8,-3001,-5.0,-80426309,-8.0,-30189008,-5.5,-669296,-5.0,-30,-2.3
"US000","5","33632","17","0","2021","1","",798,57402,57311,57043,886120973,522597536,13460909,1191,"",1.00,1.00,1.00,1.00,1.00,1.00,1.00,1.00,"",7,0.9,-5651,-9.0,-5878,-9.3,-5619,-9.0,-160196352,-15.3,-42587261,-7.5,-772983,-5.4,-87,-6.8
"US000","5","336320","18","0","2021","1","",798,57402,57311,57043,886120973,522597536,13460909,1191,"",1.00,1.00,1.00,1.00,1.00,1.00,1.00,1.00,"",7,0.9,-5651,-9.0,-5878,-9.3,-5619,-9.0,-160196352,-15.3,-42587261,-7.5,-772983,-5.4,-87,-6.8
"US000","5","33633","17","0","2021","1","",309,31417,31429,31873,474796528,284851662,8133607,1157,"",1.00,1.00,1.00,1.00,1.00,1.00,1.00,1.00,"",19,6.6,-2327,-6.9,-2233,-6.6,-1434,-4.3,-43739131,-8.4,-14966209,-5.0,797457,10.9,-31,-2.6
"US000","5","336330","18","0","2021","1","",309,31417,31429,31873,474796528,284851662,8133607,1157,"",1.00,1.00,1.00,1.00,1.00,1.00,1.00,1.00,"",19,6.6,-2327,-6.9,-2233,-6.6,-1434,-4.3,-43739131,-8.4,-14966209,-5.0,797457,10.9,-31,-2.6
"US000","5","33634","17","0","2021","1","",220,21242,21745,21693,342858737,205470898,3797343,1223,"",1.00,1.00,1.00,1.00,1.00,1.00,1.00,1.00,"",4,1.9,-3073,-12.6,-2342,-9.7,-2101,-8.8,-35874241,-9.5,-21490985,-9.5,-75457,-1.9,12,1.0
"US000","5","336340","18","0","2021","1","",220,21242,21745,21693,342858737,205470898,3797343,1223,"",1.00,1.00,1.00,1.00,1.00,1.00,1.00,1.00,"",4,1.9,-3073,-12.6,-2342,-9.7,-2101,-8.8,-35874241,-9.5,-21490985,-9.5,-75457,-1.9,12,1.0
"US000","5","33635","17","0","2021","1","",603,78346,78465,78521,1395068716,734876721,19572324,1368,"",1.00,1.00,1.00,1.00,1.00,1.00,1.00,1.00,"",0,0.0,-3752,-4.6,-3563,-4.3,-2572,-3.2,-183114350,-11.6,-46996434,-6.0,-1358233,-6.5,-117,-7.9
"US000","5","336350","18","0","2021","1","",603,78346,78465,78521,1395068716,734876721,19572324,1368,"",1.00,1.00,1.00,1.00,1.00,1.00,1.00,1.00,"",0,0.0,-3752,-4.6,-3563,-4.3,-2572,-3.2,-183114350,-11.6,-46996434,-6.0,-1358233,-6.5,-117,-7.9
"US000","5","33636","17","0","2021","1","",593,73566,73180,73676,954959980,627490485,19776201,1000,"",1.00,1.00,1.00,1.00,1.00,1.00,1.00,1.00,"",-7,-1.2,-5812,-7.3,-6460,-8.1,-5494,-6.9,-117289924,-10.9,-61565671,-8.9,-2136025,-9.7,-39,-3.8
"US000","5","336360","18","0","2021","1","",593,73566,73180,73676,954959980,627490485,19776201,1000,"",1.00,1.00,1.00,1.00,1.00,1.00,1.00,1.00,"",-7,-1.2,-5812,-7.3,-6460,-8.1,-5494,-6.9,-117289924,-10.9,-61565671,-8.9,-2136025,-9.7,-39,-3.8
"US000","5","33637","17","0","2021","1","",575,81027,81162,80912,1209932279,721307250,22268050,1149,"",1.00,1.00,1.00,1.00,1.00,1.00,1.00,1.00,"",3,0.5,-6892,-7.8,-6716,-7.6,-6390,-7.3,-147356776,-10.9,-66307587,-8.4,-2184581,-8.9,-42,-3.5
"US000","5","336370","18","0","2021","1","",575,81027,81162,80912,1209932279,721307250,22268050,1149,"",1.00,1.00,1.00,1.00,1.00,1.00,1.00,1.00,"",3,0.5,-6892,-7.8,-6716,-7.6,-6390,-7.3,-147356776,-10.9,-66307587,-8.4,-2184581,-8.9,-42,-3.5
"US000","5","33639","17","0","2021","1","",1780,148482,148137,148673,2069892704,1369588095,35261634,1073,"",1.00,1.00,1.00,1.00,1.00,1.00,1.00,1.00,"",36,2.1,-5443,-3.5,-7439,-4.8,-6161,-4.0,-122629566,-5.6,-61660347,-4.3,869118,2.5,-17,-1.6
"US000","5","336390","18","0","2021","1","",1780,148482,148137,148673,2069892704,1369588095,35261634,1073,"",1.00,1.00,1.00,1.00,1.00,1.00,1.00,1.00,"",36,2.1,-5443,-3.5,-7439,-4.8,-6161,-4.0,-122629566,-5.6,-61660347,-4.3,869118,2.5,-17,-1.6
"US000","5","3364","16","0","2021","1","",3629,480452,482319,479082,13585877363,6291201801,91756460,2174,"",1.00,1.00,1.00,1.00,1.00,1.00,1.00,1.00,"",193,5.6,-58091,-10.8,-57875,-10.7,-58832,-10.9,-1720641088,-11.2,-855218547,-12.0,-7754484,-7.8,-11,-0.5
"US000","5","33641","17","0","2021","1","",3629,480452,482319,479082,13585877363,6291201801,91756460,2174,"",1.00,1.00,1.00,1.00,1.00,1.00,1.00,1.00,"",193,5.6,-58091,-10.8,-57875,-10.7,-58832,-10.9,-1720641088,-11.2,-855218547,-12.0,-7754484,-7.8,-11,-0.5
"US000","5","336411","18","0","2021","1","",858,215701,217953,215219,6463103846,3428297368,40405479,2299,"",1.00,1.00,1.00,1.00,1.00,1.00,1.00,1.00,"",75,9.6,-27272,-11.2,-26361,-10.8,-26803,-11.1,-722584955,-10.1,-506896573,-12.9,-1162257,-2.8,25,1.1
"US000","5","336412","18","0","2021","1","",788,76508,76045,75929,1853875647,843483710,14389901,1872,"",1.00,1.00,1.00,1.00,1.00,1.00,1.00,1.00,"",32,4.2,-14960,-16.4,-15449,-16.9,-15280,-16.8,-547496715,-22.8,-166611840,-16.5,-2920995,-16.9,-149,-7.4
"US000","5","336413","18","0","2021","1","",1668,97307,96067,95743,1940516157,1021016287,20735197,1549,"",1.00,1.00,1.00,1.00,1.00,1.00,1.00,1.00,"",69,4.3,-20556,-17.4,-20709,-17.7,-20479,-17.6,-483433582,-19.9,-245876496,-19.4,-4018741,-16.2,-45,-2.8
"US000","5","336414","18","0","2021","1","",197,70311,71300,70675,2753744666,723274905,12938913,2994,"",1.00,1.00,1.00,1.00,1.00,1.00,1.00,1.00,"",18,10.1,4058,6.1,3845,5.7,2447,3.6,49112353,1.8,29966400,4.3,613182,5.0,-97,-3.1
"US000","5","336415","18","0","2021","1","",63,13317,13681,14215,374450214,214110600,2006568,2097,"",1.00,1.00,1.00,1.00,1.00,1.00,1.00,1.00,"",-1,-1.6,390,3.0,633,4.9,1114,8.5,-1810234,-0.5,36802179,20.8,-20239,-1.0,-125,-5.6
"US000","5","336419","18","0","2021","1","",55,7308,7273,7301,200186833,61018931,1280402,2111,"",1.00,1.00,1.00,1.00,1.00,1.00,1.00,1.00,"",0,0.0,249,3.5,166,2.3,169,2.4,-14427955,-6.7,-2602217,-4.1,-245434,-16.1,-214,-9.2
"US000","5","3365","16","0","2021","1","",342,19804,19654,19351,345845309,203591459,5750977,1357,"",1.00,1.00,1.00,1.00,1.00,1.00,1.00,1.00,"",1,0.3,-4786,-19.5,-4403,-18.3,-4587,-19.2,-130341688,-27.4,-51251789,-20.1,-2910456,-33.6,-157,-10.4
"US000","5","33651","17","0","2021","1","",342,19804,19654,19351,345845309,203591459,5750977,1357,"",1.00,1.00,1.00,1.00,1.00,1.00,1.00,1.00,"",1,0.3,-4786,-19.5,-4403,-18.3,-4587,-19.2,-130341688,-27.4,-51251789,-20.1,-2910456,-33.6,-157,-10.4
"US000","5","336510","18","0","2021","1","",342,19804,19654,19351,345845309,203591459,5750977,1357,"",1.00,1.00,1.00,1.00,1.00,1.00,1.00,1.00,"",1,0.3,-4786,-19.5,-4403,-18.3,-4587,-19.2,-130341688,-27.4,-51251789,-20.1,-2910456,-33.6,-157,-10.4
"US000","5","3366","16","0","2021","1","",1986,143532,144951,145910,2350708233,1438616029,27071747,1249,"",1.00,1.00,1.00,1.00,1.00,1.00,1.00,1.00,"",62,3.2,478,0.3,1204,0.8,2143,1.5,-43647111,-1.8,4102434,0.3,-581428,-2.1,-34,-2.7
"US000","5","33661","17","0","2021","1","",1986,143532,144951,145910,2350708233,1438616029,27071747,1249,"",1.00,1.00,1.00,1.00,1.00,1.00,1.00,1.00,"",62,3.2,478,0.3,1204,0.8,2143,1.5,-43647111,-1.8,4102434,0.3,-581428,-2.1,-34,-2.7
"US000","5","336611","18","0","2021","1","",913,100659,101083,101279,1824482072,1064605799,19750636,1389,"",1.00,1.00,1.00,1.00,1.00,1.00,1.00,1.00,"",59,6.9,-325,-0.3,-140,-0.1,-4,0.0,-67093568,-3.5,-6986527,-0.7,-1643974,-7.7,-49,-3.4
"US000","5","336612","18","0","2021","1","",1073,42873,43868,44631,526226161,374010230,7321111,924,"",1.00,1.00,1.00,1.00,1.00,1.00,1.00,1.00,"",3,0.3,803,1.9,1344,3.2,2147,5.1,23446457,4.7,11088961,3.1,1062546,17.0,11,1.2
"US000","5","3369","16","0","2021","1","",1134,36548,36839,36969,636984189,361476749,11658734,1332,"",1.00,1.00,1.00,1.00,1.00,1.00,1.00,1.00,"",52,4.8,1359,3.9,1737,4.9,1738,4.9,45265865,7.6,15423148,4.5,615047,5.6,38,2.9
"US000","5","33699","17","0","2021","1","",1134,36548,36839,36969,636984189,361476749,11658734,1332,"",1.00,1.00,1.00,1.00,1.00,1.00,1.00,1.00,"",52,4.8,1359,3.9,1737,4.9,1738,4.9,45265865,7.6,15423148,4.5,615047,5.6,38,2.9
"US000","5","336991","18","0","2021","1","",487,9975,10184,10307,161102930,99070852,3303940,1220,"",1.00,1.00,1.00,1.00,1.00,1.00,1.00,1.00,"",16,3.4,237,2.4,470,4.8,596,6.1,16062631,11.1,5589747,6.0,-162520,-4.7,72,6.3
"US000","5","336992","18","0","2021","1","",82,8635,8614,8508,172989570,74955001,3530521,1550,"",1.00,1.00,1.00,1.00,1.00,1.00,1.00,1.00,"",0,0.0,462,5.7,394,4.8,254,3.1,-5008227,-2.8,1599594,2.2,215534,6.5,-117,-7.0
"US000","5","336999","18","0","2021","1","",565,17938,18041,18154,302891689,187450896,4824273,1291,"",1.00,1.00,1.00,1.00,1.00,1.00,1.00,1.00,"",36,6.8,660,3.8,873,5.1,888,5.1,34211461,12.7,8233807,4.6,562033,13.2,92,7.7
"US000","5","337","15","0","2021","1","",17733,364521,366400,366447,4313175716,3173622535,57487697,907,"",1.00,1.00,1.00,1.00,1.00,1.00,1.00,1.00,"",106,0.6,-17135,-4.5,-17219,-4.5,-15415,-4.0,-290823585,-6.3,-162261375,-4.9,-1951226,-3.3,-19,-2.1
"US000","5","3371","16","0","2021","1","",12635,232468,234594,234614,2550262983,1975465454,31451430,839,"",1.00,1.00,1.00,1.00,1.00,1.00,1.00,1.00,"",8,0.1,-6112,-2.6,-5876,-2.4,-5175,-2.2,-94091656,-3.6,-62269475,-3.1,-89277,-0.3,-10,-1.2
"US000","5","33711","17","0","2021","1","",8051,117432,118613,119189,1302243732,1019019184,18075559,846,"",1.00,1.00,1.00,1.00,1.00,1.00,1.00,1.00,"",-55,-0.7,-119,-0.1,12,0.0,427,0.4,-4381408,-0.3,9621305,1.0,459535,2.6,-4,-0.5
"US000","5","337110","18","0","2021","1","",8051,117432,118613,119189,1302243732,1019019184,18075559,846,"",1.00,1.00,1.00,1.00,1.00,1.00,1.00,1.00,"",-55,-0.7,-119,-0.1,12,0.0,427,0.4,-4381408,-0.3,9621305,1.0,459535,2.6,-4,-0.5
"US000","5","33712","17","0","2021","1","",4584,115036,115981,115425,1248019251,956446270,13375871,831,"",1.00,1.00,1.00,1.00,1.00,1.00,1.00,1.00,"",63,1.4,-5993,-5.0,-5888,-4.8,-5602,-4.6,-89710248,-6.7,-71890780,-7.0,-548812,-3.9,-17,-2.0
"US000","5","337121","18","0","2021","1","",840,55707,56346,55237,551653191,457097990,4030572,761,"",1.00,1.00,1.00,1.00,1.00,1.00,1.00,1.00,"",14,1.7,-1723,-3.0,-1660,-2.9,-2353,-4.1,-29927427,-5.1,-39829748,-8.0,-362172,-8.2,-15,-1.9
"US000","5","337122","18","0","2021","1","",2505,27890,28190,28367,291577422,225271745,4066169,797,"",1.00,1.00,1.00,1.00,1.00,1.00,1.00,1.00,"",23,0.9,-804,-2.8,-535,-1.9,11,0.0,-5347197,-1.8,-1865548,-0.8,208701,5.4,-2,-0.3
"US000","5","337124","18","0","2021","1","",333,5374,5425,5395,69058914,46878455,978532,984,"",1.00,1.00,1.00,1.00,1.00,1.00,1.00,1.00,"",1,0.3,-386,-6.7,-537,-9.0,-533,-9.0,-4485885,-6.1,-1270061,-2.6,42809,4.6,22,2.3
"US000","5","337125","18","0","2021","1","",245,5209,5233,5350,65405990,42064218,792709,956,"",1.00,1.00,1.00,1.00,1.00,1.00,1.00,1.00,"",8,3.4,316,6.5,346,7.1,485,10.0,9699701,17.4,2689590,6.8,147936,22.9,78,8.9
"US000","5","337127","18","0","2021","1","",661,20856,20787,21076,270323734,185133862,3507889,995,"",1.00,1.00,1.00,1.00,1.00,1.00,1.00,1.00,"",17,2.6,-3396,-14.0,-3502,-14.4,-3212,-13.2,-59649440,-18.1,-31615013,-14.6,-586086,-14.3,-51,-4.9
"US000","5","3372","16","0","2021","1","",4109,96247,95784,95935,1275022004,874735895,20141386,1022,"",1.00,1.00,1.00,1.00,1.00,1.00,1.00,1.00,"",80,2.0,-12992,-11.9,-13588,-12.4,-12628,-11.6,-256374426,-16.7,-133354391,-13.2,-2723802,-11.9,-58,-5.4
"US000","5","33721","17","0","2021","1","",4109,96247,95784,95935,1275022004,874735895,20141386,1022,"",1.00,1.00,1.00,1.00,1.00,1.00,1.00,1.00,"",80,2.0,-12992,-11.9,-13588,-12.4,-12628,-11.6,-256374426,-16.7,-133354391,-13.2,-2723802,-11.9,-58,-5.4
"US000","5","337211","18","0","2021","1","",526,15247,14984,14924,183283480,130491904,2893530,937,"",1.00,1.00,1.00,1.00,1.00,1.00,1.00,1.00,"",5,1.0,-2959,-16.3,-3140,-17.3,-3109,-17.2,-57067989,-23.7,-32677366,-20.0,-685873,-19.2,-83,-8.1
"US000","5","337212","18","0","2021","1","",1825,24259,24325,24538,327673619,232490522,5889910,1034,"",1.00,1.00,1.00,1.00,1.00,1.00,1.00,1.00,"",98,5.7,-972,-3.9,-978,-3.9,-636,-2.5,-26109205,-7.4,-11943125,-4.9,-181786,-3.0,-44,-4.1
"US000","5","337214","18","0","2021","1","",417,20008,19531,19547,306253963,190377552,4363653,1196,"",1.00,1.00,1.00,1.00,1.00,1.00,1.00,1.00,"",2,0.5,-3790,-15.9,-4293,-18.0,-3985,-16.9,-93581050,-23.4,-39818880,-17.3,-812791,-15.7,-101,-7.8
"US000","5","337215","18","0","2021","1","",1341,36733,36944,36926,457810942,321375917,6994293,955,"",1.00,1.00,1.00,1.00,1.00,1.00,1.00,1.00,"",-25,-1.8,-5271,-12.5,-5177,-12.3,-4898,-11.7,-79616182,-14.8,-48915020,-13.2,-1043352,-13.0,-30,-3.0
"US000","5","3379","16","0","2021","1","",989,35806,36022,35898,487890729,323421186,5894881,1045,"",1.00,1.00,1.00,1.00,1.00,1.00,1.00,1.00,"",18,1.9,1969,5.8,2245,6.6,2388,7.1,59642497,13.9,33362491,11.5,861853,17.1,68,7.0
"US000","5","33791","17","0","2021","1","",545,24909,25267,25186,344784248,231225302,3967289,1056,"",1.00,1.00,1.00,1.00,1.00,1.00,1.00,1.00,"",4,0.7,2878,13.1,3272,14.9,3384,15.5,62851490,22.3,34285636,17.4,646661,19.5,68,6.9
"US000","5","337910","18","0","2021","1","",545,24909,25267,25186,344784248,231225302,3967289,1056,"",1.00,1.00,1.00,1.00,1.00,1.00,1.00,1.00,"",4,0.7,2878,13.1,3272,14.9,3384,15.5,62851490,22.3,34285636,17.4,646661,19.5,68,6.9
"US000","5","33792","17","0","2021","1","",444,10897,10755,10712,143106481,92195884,1927592,1020,"",1.00,1.00,1.00,1.00,1.00,1.00,1.00,1.00,"",14,3.3,-909,-7.7,-1027,-8.7,-996,-8.5,-3208993,-2.2,-923145,-1.0,215192,12.6,63,6.6
"US000","5","337920","18","0","2021","1","",444,10897,10755,10712,143106481,92195884,1927592,1020,"",1.00,1.00,1.00,1.00,1.00,1.00,1.00,1.00,"",14,3.3,-909,-7.7,-1027,-8.7,-996,-8.5,-3208993,-2.2,-923145,-1.0,215192,12.6,63,6.6
"US000","5","339","15","0","2021","1","",33592,588388,590942,594318,10679733611,5708804153,112308604,1390,"",1.00,1.00,1.00,1.00,1.00,1.00,1.00,1.00,"",495,1.5,-27532,-4.5,-26273,-4.3,-20684,-3.4,-573303223,-5.1,-230929640,-3.9,751807,0.7,-15,-1.1
"US000","5","3391","16","0","2021","1","",12821,317713,318494,320145,6730896441,3190159980,60052961,1624,"",1.00,1.00,1.00,1.00,1.00,1.00,1.00,1.00,"",266,2.1,-11550,-3.5,-11252,-3.4,-9211,-2.8,-380995722,-5.4,-92749947,-2.8,451756,0.8,-37,-2.2
"US000","5","33911","17","0","2021","1","",12821,317713,318494,320145,6730896441,3190159980,60052961,1624,"",1.00,1.00,1.00,1.00,1.00,1.00,1.00,1.00,"",266,2.1,-11550,-3.5,-11252,-3.4,-9211,-2.8,-380995722,-5.4,-92749947,-2.8,451756,0.8,-37,-2.2
"US000","5","339112","18","0","2021","1","",2855,135284,135456,136239,3261500321,1450093283,26491446,1849,"",1.00,1.00,1.00,1.00,1.00,1.00,1.00,1.00,"",296,11.6,-1753,-1.3,-1929,-1.4,-1346,-1.0,-93868313,-2.8,-12064696,-0.8,-24726,-0.1,-30,-1.6
"US000","5","339113","18","0","2021","1","",3293,103142,103221,103478,2225191346,1042166088,19532601,1657,"",1.00,1.00,1.00,1.00,1.00,1.00,1.00,1.00,"",171,5.5,-1613,-1.5,-1534,-1.5,-1273,-1.2,-188142435,-7.8,-22907928,-2.2,-267213,-1.3,-115,-6.5
"US000","5","339114","18","0","2021","1","",678,15332,15426,15505,289858609,163391077,3668864,1446,"",1.00,1.00,1.00,1.00,1.00,1.00,1.00,1.00,"",9,1.3,-1272,-7.7,-1111,-6.7,-1014,-6.1,-23559933,-7.5,-8914292,-5.2,220610,6.4,-10,-0.7
"US000","5","339115","18","0","2021","1","",618,22880,22934,23111,453969582,194912512,4063677,1520,"",1.00,1.00,1.00,1.00,1.00,1.00,1.00,1.00,"",-24,-3.7,-2534,-10.0,-2503,-9.8,-2297,-9.0,-47661993,-9.5,-27497434,-12.4,299112,7.9,2,0.1
"US000","5","339116","18","0","2021","1","",5377,41075,41457,41812,500376583,339597020,6296373,929,"",1.00,1.00,1.00,1.00,1.00,1.00,1.00,1.00,"",-186,-3.3,-4378,-9.6,-4175,-9.1,-3281,-7.3,-27763048,-5.3,-21365597,-5.9,223973,3.7,34,3.8
"US000","5","3399","16","0","2021","1","",20771,270675,272448,274173,3948837170,2518644173,52255643,1115,"",1.00,1.00,1.00,1.00,1.00,1.00,1.00,1.00,"",229,1.1,-15982,-5.6,-15021,-5.2,-11473,-4.0,-192307501,-4.6,-138179693,-5.2,300051,0.6,3,0.3
"US000","5","33991","17","0","2021","1","",2091,19525,19497,19598,262212409,175095684,4639877,1032,"",1.00,1.00,1.00,1.00,1.00,1.00,1.00,1.00,"",-28,-1.3,-2977,-13.2,-2919,-13.0,-2321,-10.6,-36481139,-12.2,-26885758,-13.3,-37869,-0.8,1,0.1
"US000","5","339910","18","0","2021","1","",2091,19525,19497,19598,262212409,175095684,4639877,1032,"",1.00,1.00,1.00,1.00,1.00,1.00,1.00,1.00,"",-28,-1.3,-2977,-13.2,-2919,-13.0,-2321,-10.6,-36481139,-12.2,-26885758,-13.3,-37869,-0.8,1,0.1
"US000","5","33992","17","0","2021","1","",2025,43558,44631,45002,713189597,422000272,8626773,1236,"",1.00,1.00,1.00,1.00,1.00,1.00,1.00,1.00,"",64,3.3,1550,3.7,2180,5.1,2759,6.5,75864289,11.9,18219412,4.5,792049,10.1,75,6.5
"US000","5","339920","18","0","2021","1","",2025,43558,44631,45002,713189597,422000272,8626773,1236,"",1.00,1.00,1.00,1.00,1.00,1.00,1.00,1.00,"",64,3.3,1550,3.7,2180,5.1,2759,6.5,75864289,11.9,18219412,4.5,792049,10.1,75,6.5
"US000","5","33993","17","0","2021","1","",739,10847,10906,10867,251436420,129584165,2588975,1779,"",1.00,1.00,1.00,1.00,1.00,1.00,1.00,1.00,"",26,3.6,152,1.4,130,1.2,225,2.1,5424897,2.2,4846331,3.9,99946,4.0,11,0.6
"US000","5","339930","18","0","2021","1","",739,10847,10906,10867,251436420,129584165,2588975,1779,"",1.00,1.00,1.00,1.00,1.00,1.00,1.00,1.00,"",26,3.6,152,1.4,130,1.2,225,2.1,5424897,2.2,4846331,3.9,99946,4.0,11,0.6
"US000","5","33994","17","0","2021","1","",498,9815,9787,9888,143807652,80842795,1584498,1125,"",1.00,1.00,1.00,1.00,1.00,1.00,1.00,1.00,"",-6,-1.2,-659,-6.3,-716,-6.8,-613,-5.8,-11753770,-7.6,-5376611,-6.2,-57129,-3.5,-15,-1.3
"US000","5","339940","18","0","2021","1","",498,9815,9787,9888,143807652,80842795,1584498,1125,"",1.00,1.00,1.00,1.00,1.00,1.00,1.00,1.00,"",-6,-1.2,-659,-6.3,-716,-6.8,-613,-5.8,-11753770,-7.6,-5376611,-6.2,-57129,-3.5,-15,-1.3
"US000","5","33995","17","0","2021","1","",7277,70125,70248,70599,853638357,621222397,11494433,934,"",1.00,1.00,1.00,1.00,1.00,1.00,1.00,1.00,"",31,0.4,-8566,-10.9,-8518,-10.8,-7582,-9.7,-140674471,-14.1,-85714189,-12.1,-766155,-6.2,-40,-4.1
"US000","5","339950","18","0","2021","1","",7277,70125,70248,70599,853638357,621222397,11494433,934,"",1.00,1.00,1.00,1.00,1.00,1.00,1.00,1.00,"",31,0.4,-8566,-10.9,-8518,-10.8,-7582,-9.7,-140674471,-14.1,-85714189,-12.1,-766155,-6.2,-40,-4.1
"US000","5","33999","17","0","2021","1","",8141,116805,117379,118219,1724552735,1089898860,23321087,1129,"",1.00,1.00,1.00,1.00,1.00,1.00,1.00,1.00,"",142,1.8,-5482,-4.5,-5178,-4.2,-3941,-3.2,-84687307,-4.7,-43268878,-3.8,269209,1.2,-9,-0.8
"US000","5","339991","18","0","2021","1","",777,27622,27656,27833,419577325,260764627,5401628,1165,"",1.00,1.00,1.00,1.00,1.00,1.00,1.00,1.00,"",7,0.9,-2773,-9.1,-2606,-8.6,-2336,-7.7,-49322416,-10.5,-24136641,-8.5,-505380,-8.6,-26,-2.2
"US000","5","339992","18","0","2021","1","",651,10696,10787,10867,165674166,97985008,3064152,1182,"",1.00,1.00,1.00,1.00,1.00,1.00,1.00,1.00,"",7,1.1,-295,-2.7,-275,-2.5,-177,-1.6,7711783,4.9,8259098,9.2,598925,24.3,81,7.4
"US000","5","339993","18","0","2021","1","",194,5010,5024,5109,78888662,47949025,904187,1202,"",1.00,1.00,1.00,1.00,1.00,1.00,1.00,1.00,"",0,0.0,-499,-9.1,-498,-9.0,-385,-7.0,-652510,-0.8,-2994169,-5.9,115044,14.6,91,8.2
"US000","5","339994","18","0","2021","1","",214,8369,8420,8432,116492622,79079921,1237488,1066,"",1.00,1.00,1.00,1.00,1.00,1.00,1.00,1.00,"",-11,-4.9,-354,-4.1,-375,-4.3,-318,-3.6,-3126378,-2.6,-1939023,-2.4,94252,8.2,15,1.4
"US000","5","339995","18","0","2021","1","",105,3217,3229,3227,43121879,27381600,409077,1029,"",1.00,1.00,1.00,1.00,1.00,1.00,1.00,1.00,"",-3,-2.8,78,2.5,96,3.1,110,3.5,5932718,16.0,1461069,5.6,9657,2.4,115,12.6
"US000","5","339999","18","0","2021","1","",6200,61891,62263,62751,900798081,576738679,12304555,1112,"",1.00,1.00,1.00,1.00,1.00,1.00,1.00,1.00,"",142,2.3,-1639,-2.6,-1520,-2.4,-835,-1.3,-45230504,-4.8,-23919212,-4.0,-43289,-0.4,-32,-2.8
"US000","5","42","14","0","2021","1","",611617,5550789,5570754,5597813,124250877725,57476884458,1077853866,1715,"",1.00,1.00,1.00,1.00,1.00,1.00,1.00,1.00,"",-331,-0.1,-286031,-4.9,-278890,-4.8,-240156,-4.1,-1244387848,-1.0,-2058703047,-3.5,46315868,4.5,62,3.8
"US000","5","423","15","0","2021","1","",308287,3056265,3066788,3079606,67414025238,31950485945,597415167,1690,"",1.00,1.00,1.00,1.00,1.00,1.00,1.00,1.00,"",4791,1.6,-142807,-4.5,-137460,-4.3,-119493,-3.7,-436963704,-0.6,-1008870404,-3.1,24267435,4.2,59,3.6
"US000","5","4231","16","0","2021","1","",25457,340944,342117,343493,5679740012,3153066262,55609862,1277,"",1.00,1.00,1.00,1.00,1.00,1.00,1.00,1.00,"",147,0.6,-19435,-5.4,-19070,-5.3,-17177,-4.8,-76775428,-1.3,-130760642,-4.0,2698145,5.1,50,4.1
"US000","5","42311","17","0","2021","1","",6969,121311,121548,122492,2262083372,1195044436,18604164,1429,"",1.00,1.00,1.00,1.00,1.00,1.00,1.00,1.00,"",204,3.0,-10319,-7.8,-10584,-8.0,-9539,-7.2,-73731755,-3.2,-63117976,-5.0,1064588,6.1,67,4.9
"US000","5","423110","18","0","2021","1","",6969,121311,121548,122492,2262083372,1195044436,18604164,1429,"",1.00,1.00,1.00,1.00,1.00,1.00,1.00,1.00,"",204,3.0,-10319,-7.8,-10584,-8.0,-9539,-7.2,-73731755,-3.2,-63117976,-5.0,1064588,6.1,67,4.9
"US000","5","42312","17","0","2021","1","",14090,167840,168736,169004,2700933893,1486283209,28861497,1233,"",1.00,1.00,1.00,1.00,1.00,1.00,1.00,1.00,"",-37,-0.3,-6900,-3.9,-6281,-3.6,-5743,-3.3,33242205,1.2,-47931668,-3.1,1365143,5.0,59,5.0
"US000","5","423120","18","0","2021","1","",14090,167840,168736,169004,2700933893,1486283209,28861497,1233,"",1.00,1.00,1.00,1.00,1.00,1.00,1.00,1.00,"",-37,-0.3,-6900,-3.9,-6281,-3.6,-5743,-3.3,33242205,1.2,-47931668,-3.1,1365143,5.0,59,5.0
"US000","5","42313","17","0","2021","1","",2319,30592,30561,30563,459131238,285174969,5328772,1155,"",1.00,1.00,1.00,1.00,1.00,1.00,1.00,1.00,"",-17,-0.7,-755,-2.4,-761,-2.4,-712,-2.3,-16922752,-3.6,-7926661,-2.7,216221,4.2,-14,-1.2
"US000","5","423130","18","0","2021","1","",2319,30592,30561,30563,459131238,285174969,5328772,1155,"",1.00,1.00,1.00,1.00,1.00,1.00,1.00,1.00,"",-17,-0.7,-755,-2.4,-761,-2.4,-712,-2.3,-16922752,-3.6,-7926661,-2.7,216221,4.2,-14,-1.2
"US000","5","42314","17","0","2021","1","",2079,21201,21272,21434,257591509,186563648,2815429,930,"",1.00,1.00,1.00,1.00,1.00,1.00,1.00,1.00,"",-3,-0.1,-1461,-6.4,-1444,-6.4,-1183,-5.2,-19363126,-7.0,-11784337,-5.9,52193,1.9,-10,-1.1
"US000","5","423140","18","0","2021","1","",2079,21201,21272,21434,257591509,186563648,2815429,930,"",1.00,1.00,1.00,1.00,1.00,1.00,1.00,1.00,"",-3,-0.1,-1461,-6.4,-1444,-6.4,-1183,-5.2,-19363126,-7.0,-11784337,-5.9,52193,1.9,-10,-1.1
"US000","5","4232","16","0","2021","1","",12228,108872,109348,109881,1963359730,1048693645,22624254,1381,"",1.00,1.00,1.00,1.00,1.00,1.00,1.00,1.00,"",132,1.1,-6685,-5.8,-6551,-5.7,-5225,-4.5,-96238185,-4.7,-59054092,-5.3,438735,2.0,10,0.7
"US000","5","42321","17","0","2021","1","",5592,47720,47879,48107,886962480,458978757,9810793,1424,"",1.00,1.00,1.00,1.00,1.00,1.00,1.00,1.00,"",90,1.6,-4135,-8.0,-4202,-8.1,-3582,-6.9,-91791608,-9.4,-46658171,-9.2,-313705,-3.1,-27,-1.9
"US000","5","423210","18","0","2021","1","",5592,47720,47879,48107,886962480,458978757,9810793,1424,"",1.00,1.00,1.00,1.00,1.00,1.00,1.00,1.00,"",90,1.6,-4135,-8.0,-4202,-8.1,-3582,-6.9,-91791608,-9.4,-46658171,-9.2,-313705,-3.1,-27,-1.9
"US000","5","42322","17","0","2021","1","",6636,61152,61469,61774,1076397250,589714888,12813461,1347,"",1.00,1.00,1.00,1.00,1.00,1.00,1.00,1.00,"",42,0.6,-2550,-4.0,-2349,-3.7,-1643,-2.6,-4446577,-0.4,-12395921,-2.1,752440,6.2,41,3.1
"US000","5","423220","18","0","2021","1","",6636,61152,61469,61774,1076397250,589714888,12813461,1347,"",1.00,1.00,1.00,1.00,1.00,1.00,1.00,1.00,"",42,0.6,-2550,-4.0,-2349,-3.7,-1643,-2.6,-4446577,-0.4,-12395921,-2.1,752440,6.2,41,3.1
"US000","5","4233","16","0","2021","1","",23268,240742,241480,243218,4469626780,2440722142,48239884,1422,"",1.00,1.00,1.00,1.00,1.00,1.00,1.00,1.00,"",454,2.0,-3917,-1.6,-3719,-1.5,-2815,-1.1,174028822,4.1,-8561704,-0.3,2936562,6.5,75,5.6
"US000","5","42331","17","0","2021","1","",9039,108767,109302,109668,2088908527,1132905171,19267794,1471,"",1.00,1.00,1.00,1.00,1.00,1.00,1.00,1.00,"",103,1.2,-2374,-2.1,-1879,-1.7,-1398,-1.3,143155894,7.4,-3102159,-0.3,1355825,7.6,124,9.2
"US000","5","423310","18","0","2021","1","",9039,108767,109302,109668,2088908527,1132905171,19267794,1471,"",1.00,1.00,1.00,1.00,1.00,1.00,1.00,1.00,"",103,1.2,-2374,-2.1,-1879,-1.7,-1398,-1.3,143155894,7.4,-3102159,-0.3,1355825,7.6,124,9.2
"US000","5","42332","17","0","2021","1","",6303,61398,61397,62264,1025361814,589228758,13704938,1279,"",1.00,1.00,1.00,1.00,1.00,1.00,1.00,1.00,"",88,1.4,-1579,-2.5,-1883,-3.0,-1597,-2.5,-22523541,-2.1,-11921765,-2.0,631924,4.8,7,0.6
"US000","5","423320","18","0","2021","1","",6303,61398,61397,62264,1025361814,589228758,13704938,1279,"",1.00,1.00,1.00,1.00,1.00,1.00,1.00,1.00,"",88,1.4,-1579,-2.5,-1883,-3.0,-1597,-2.5,-22523541,-2.1,-11921765,-2.0,631924,4.8,7,0.6
"US000","5","42333","17","0","2021","1","",3611,39970,40012,40080,812092762,404125075,9465135,1561,"",1.00,1.00,1.00,1.00,1.00,1.00,1.00,1.00,"",130,3.7,392,1.0,455,1.2,167,0.4,44876058,5.8,4065676,1.0,495545,5.5,74,5.0
"US000","5","423330","18","0","2021","1","",3611,39970,40012,40080,812092762,404125075,9465135,1561,"",1.00,1.00,1.00,1.00,1.00,1.00,1.00,1.00,"",130,3.7,392,1.0,455,1.2,167,0.4,44876058,5.8,4065676,1.0,495545,5.5,74,5.0
"US000","5","42339","17","0","2021","1","",4315,30607,30769,31206,543263677,314463138,5802017,1354,"",1.00,1.00,1.00,1.00,1.00,1.00,1.00,1.00,"",133,3.2,-356,-1.1,-412,-1.3,13,0.0,8520411,1.6,2396544,0.8,453268,8.5,32,2.4
"US000","5","423390","18","0","2021","1","",4315,30607,30769,31206,543263677,314463138,5802017,1354,"",1.00,1.00,1.00,1.00,1.00,1.00,1.00,1.00,"",133,3.2,-356,-1.1,-412,-1.3,13,0.0,8520411,1.6,2396544,0.8,453268,8.5,32,2.4
"US000","5","4234","16","0","2021","1","",65193,671815,674560,676066,21031057531,7741574372,155466465,2400,"",1.00,1.00,1.00,1.00,1.00,1.00,1.00,1.00,"",2382,3.8,-28154,-4.0,-27489,-3.9,-25695,-3.7,410976657,2.0,-135521168,-1.7,6530914,4.4,138,6.1
"US000","5","42341","17","0","2021","1","",1232,12166,12226,12291,300090230,155476751,3017002,1888,"",1.00,1.00,1.00,1.00,1.00,1.00,1.00,1.00,"",-7,-0.6,-1936,-13.7,-1903,-13.5,-1701,-12.2,-44710782,-13.0,-20972060,-11.9,-184842,-5.8,3,0.2
"US000","5","423410","18","0","2021","1","",1232,12166,12226,12291,300090230,155476751,3017002,1888,"",1.00,1.00,1.00,1.00,1.00,1.00,1.00,1.00,"",-7,-0.6,-1936,-13.7,-1903,-13.5,-1701,-12.2,-44710782,-13.0,-20972060,-11.9,-184842,-5.8,3,0.2
"US000","5","42342","17","0","2021","1","",6043,70907,70853,70641,1282087037,744496294,16482405,1393,"",1.00,1.00,1.00,1.00,1.00,1.00,1.00,1.00,"",59,1.0,-7909,-10.0,-7878,-10.0,-8106,-10.3,-178767779,-12.2,-84320728,-10.2,-536171,-3.2,-34,-2.4
"US000","5","423420","18","0","2021","1","",6043,70907,70853,70641,1282087037,744496294,16482405,1393,"",1.00,1.00,1.00,1.00,1.00,1.00,1.00,1.00,"",59,1.0,-7909,-10.0,-7878,-10.0,-8106,-10.3,-178767779,-12.2,-84320728,-10.2,-536171,-3.2,-34,-2.4
"US000","5","42343","17","0","2021","1","",15290,212546,213695,214475,8778819650,2620850995,54572833,3162,"",1.00,1.00,1.00,1.00,1.00,1.00,1.00,1.00,"",800,5.5,-14861,-6.5,-14265,-6.3,-13479,-5.9,333329671,3.9,-73580373,-2.7,1128286,2.1,310,10.9
"US000","5","423430","18","0","2021","1","",15290,212546,213695,214475,8778819650,2620850995,54572833,3162,"",1.00,1.00,1.00,1.00,1.00,1.00,1.00,1.00,"",800,5.5,-14861,-6.5,-14265,-6.3,-13479,-5.9,333329671,3.9,-73580373,-2.7,1128286,2.1,310,10.9
"US000","5","42344","17","0","2021","1","",6371,50034,50134,50394,893276728,491013877,9639911,1369,"",1.00,1.00,1.00,1.00,1.00,1.00,1.00,1.00,"",-41,-0.6,-7307,-12.7,-7268,-12.7,-6620,-11.6,-125871082,-12.4,-74104678,-13.1,-529269,-5.2,0,0.0
"US000","5","423440","18","0","2021","1","",6371,50034,50134,50394,893276728,491013877,9639911,1369,"",1.00,1.00,1.00,1.00,1.00,1.00,1.00,1.00,"",-41,-0.6,-7307,-12.7,-7268,-12.7,-6620,-11.6,-125871082,-12.4,-74104678,-13.1,-529269,-5.2,0,0.0
"US000","5","42345","17","0","2021","1","",29755,270949,272279,272554,8386449714,3133818760,59628017,2372,"",1.00,1.00,1.00,1.00,1.00,1.00,1.00,1.00,"",1444,5.1,6057,2.3,6084,2.3,6255,2.3,355875509,4.4,114273329,3.8,5337811,9.8,48,2.1
"US000","5","423450","18","0","2021","1","",29755,270949,272279,272554,8386449714,3133818760,59628017,2372,"",1.00,1.00,1.00,1.00,1.00,1.00,1.00,1.00,"",1444,5.1,6057,2.3,6084,2.3,6255,2.3,355875509,4.4,114273329,3.8,5337811,9.8,48,2.1
"US000","5","42346","17","0","2021","1","",2284,22562,22454,22545,470962860,216741887,5035935,1609,"",1.00,1.00,1.00,1.00,1.00,1.00,1.00,1.00,"",2,0.1,-1600,-6.6,-1713,-7.1,-1690,-7.0,-35678334,-7.0,-9698746,-4.3,562578,12.6,-2,-0.1
"US000","5","423460","18","0","2021","1","",2284,22562,22454,22545,470962860,216741887,5035935,1609,"",1.00,1.00,1.00,1.00,1.00,1.00,1.00,1.00,"",2,0.1,-1600,-6.6,-1713,-7.1,-1690,-7.0,-35678334,-7.0,-9698746,-4.3,562578,12.6,-2,-0.1
"US000","5","42349","17","0","2021","1","",4218,32651,32919,33166,919371312,379175808,7090362,2149,"",1.00,1.00,1.00,1.00,1.00,1.00,1.00,1.00,"",125,3.1,-598,-1.8,-546,-1.6,-354,-1.1,106799454,13.1,12882088,3.5,752521,11.9,278,14.9
"US000","5","423490","18","0","2021","1","",4218,32651,32919,33166,919371312,379175808,7090362,2149,"",1.00,1.00,1.00,1.00,1.00,1.00,1.00,1.00,"",125,3.1,-598,-1.8,-546,-1.6,-354,-1.1,106799454,13.1,12882088,3.5,752521,11.9,278,14.9
"US000","5","4235","16","0","2021","1","",11071,121810,122137,122584,2357674807,1230966717,22944951,1484,"",1.00,1.00,1.00,1.00,1.00,1.00,1.00,1.00,"",-173,-1.5,-11340,-8.5,-11167,-8.4,-10582,-7.9,-185994967,-7.3,-103242431,-7.7,-442581,-1.9,15,1.0
"US000","5","42351","17","0","2021","1","",10557,119231,119553,120000,2276481068,1203900532,22251540,1464,"",1.00,1.00,1.00,1.00,1.00,1.00,1.00,1.00,"",-166,-1.5,-11293,-8.7,-11151,-8.5,-10583,-8.1,-183088711,-7.4,-103235645,-7.9,-592844,-2.6,15,1.0
"US000","5","423510","18","0","2021","1","",10557,119231,119553,120000,2276481068,1203900532,22251540,1464,"",1.00,1.00,1.00,1.00,1.00,1.00,1.00,1.00,"",-166,-1.5,-11293,-8.7,-11151,-8.5,-10583,-8.1,-183088711,-7.4,-103235645,-7.9,-592844,-2.6,15,1.0
"US000","5","42352","17","0","2021","1","",514,2579,2584,2584,81193739,27066185,693411,2419,"",1.00,1.00,1.00,1.00,1.00,1.00,1.00,1.00,"",-7,-1.3,-47,-1.8,-16,-0.6,1,0.0,-2906256,-3.5,-6786,0.0,150263,27.7,-66,-2.7
"US000","5","423520","18","0","2021","1","",514,2579,2584,2584,81193739,27066185,693411,2419,"",1.00,1.00,1.00,1.00,1.00,1.00,1.00,1.00,"",-7,-1.3,-47,-1.8,-16,-0.6,1,0.0,-2906256,-3.5,-6786,0.0,150263,27.7,-66,-2.7
"US000","5","4236","16","0","2021","1","",35673,336699,337632,338936,8659965269,3701315314,73947553,1972,"",1.00,1.00,1.00,1.00,1.00,1.00,1.00,1.00,"",317,0.9,-15480,-4.4,-15352,-4.3,-12635,-3.6,98313758,1.1,-109373664,-2.9,2920355,4.1,102,5.5
"US000","5","42361","17","0","2021","1","",17363,171818,172562,172969,3892518033,1834403942,33630605,1736,"",1.00,1.00,1.00,1.00,1.00,1.00,1.00,1.00,"",249,1.5,-8884,-4.9,-8567,-4.7,-7583,-4.2,-183987964,-4.5,-93695461,-4.9,1277937,4.0,2,0.1
"US000","5","423610","18","0","2021","1","",17363,171818,172562,172969,3892518033,1834403942,33630605,1736,"",1.00,1.00,1.00,1.00,1.00,1.00,1.00,1.00,"",249,1.5,-8884,-4.9,-8567,-4.7,-7583,-4.2,-183987964,-4.5,-93695461,-4.9,1277937,4.0,2,0.1
"US000","5","42362","17","0","2021","1","",4206,31700,31827,32040,959562175,355593099,8152693,2317,"",1.00,1.00,1.00,1.00,1.00,1.00,1.00,1.00,"",168,4.2,-735,-2.3,-607,-1.9,-257,-0.8,180998329,23.2,3382368,1.0,283442,3.6,468,25.3
"US000","5","423620","18","0","2021","1","",4206,31700,31827,32040,959562175,355593099,8152693,2317,"",1.00,1.00,1.00,1.00,1.00,1.00,1.00,1.00,"",168,4.2,-735,-2.3,-607,-1.9,-257,-0.8,180998329,23.2,3382368,1.0,283442,3.6,468,25.3
"US000","5","42369","17","0","2021","1","",14104,133181,133243,133927,3807885061,1511318273,32164255,2195,"",1.00,1.00,1.00,1.00,1.00,1.00,1.00,1.00,"",-100,-0.7,-5861,-4.2,-6178,-4.4,-4795,-3.5,101303393,2.7,-19060571,-1.2,1358976,4.4,145,7.1
"US000","5","423690","18","0","2021","1","",14104,133181,133243,133927,3807885061,1511318273,32164255,2195,"",1.00,1.00,1.00,1.00,1.00,1.00,1.00,1.00,"",-100,-0.7,-5861,-4.2,-6178,-4.4,-4795,-3.5,101303393,2.7,-19060571,-1.2,1358976,4.4,145,7.1
"US000","5","4237","16","0","2021","1","",25447,277341,278635,279974,5378743098,2857425542,48913180,1485,"",1.00,1.00,1.00,1.00,1.00,1.00,1.00,1.00,"",350,1.4,-5901,-2.1,-5309,-1.9,-3957,-1.4,-52123272,-1.0,-35332067,-1.2,3719095,8.2,12,0.8
"US000","5","42371","17","0","2021","1","",7891,85593,86208,86529,1475634363,845552137,14908629,1318,"",1.00,1.00,1.00,1.00,1.00,1.00,1.00,1.00,"",95,1.2,-1201,-1.4,-943,-1.1,-382,-0.4,7917431,0.5,-3138295,-0.4,935907,6.7,20,1.5
"US000","5","423710","18","0","2021","1","",7891,85593,86208,86529,1475634363,845552137,14908629,1318,"",1.00,1.00,1.00,1.00,1.00,1.00,1.00,1.00,"",95,1.2,-1201,-1.4,-943,-1.1,-382,-0.4,7917431,0.5,-3138295,-0.4,935907,6.7,20,1.5
"US000","5","42372","17","0","2021","1","",9558,105844,106132,106801,2058183578,1122717736,18381426,1490,"",1.00,1.00,1.00,1.00,1.00,1.00,1.00,1.00,"",81,0.9,-3423,-3.1,-3347,-3.1,-2806,-2.6,-45165598,-2.1,-32332217,-2.8,1008973,5.8,12,0.8
"US000","5","423720","18","0","2021","1","",9558,105844,106132,106801,2058183578,1122717736,18381426,1490,"",1.00,1.00,1.00,1.00,1.00,1.00,1.00,1.00,"",81,0.9,-3423,-3.1,-3347,-3.1,-2806,-2.6,-45165598,-2.1,-32332217,-2.8,1008973,5.8,12,0.8
"US000","5","42373","17","0","2021","1","",6339,71792,72139,72451,1590861321,747546978,13014460,1697,"",1.00,1.00,1.00,1.00,1.00,1.00,1.00,1.00,"",164,2.7,-372,-0.5,-199,-0.3,47,0.1,3999470,0.3,8860764,1.2,1594211,14.0,9,0.5
"US000","5","423730","18","0","2021","1","",6339,71792,72139,72451,1590861321,747546978,13014460,1697,"",1.00,1.00,1.00,1.00,1.00,1.00,1.00,1.00,"",164,2.7,-372,-0.5,-199,-0.3,47,0.1,3999470,0.3,8860764,1.2,1594211,14.0,9,0.5
"US000","5","42374","17","0","2021","1","",1659,14112,14156,14193,254063836,141608691,2608665,1381,"",1.00,1.00,1.00,1.00,1.00,1.00,1.00,1.00,"",10,0.6,-905,-6.0,-820,-5.5,-816,-5.4,-18874575,-6.9,-8722319,-5.8,180004,7.4,-19,-1.4
"US000","5","423740","18","0","2021","1","",1659,14112,14156,14193,254063836,141608691,2608665,1381,"",1.00,1.00,1.00,1.00,1.00,1.00,1.00,1.00,"",10,0.6,-905,-6.0,-820,-5.5,-816,-5.4,-18874575,-6.9,-8722319,-5.8,180004,7.4,-19,-1.4
"US000","5","4238","16","0","2021","1","",71692,675405,676416,679168,13074314135,7157594758,117495316,1486,"",1.00,1.00,1.00,1.00,1.00,1.00,1.00,1.00,"",675,1.0,-39084,-5.5,-37880,-5.3,-34516,-4.8,-828383837,-6.0,-371528772,-4.9,2529577,2.2,-11,-0.7
"US000","5","42381","17","0","2021","1","",5559,90428,90470,90817,1891797485,1039455486,15568501,1607,"",1.00,1.00,1.00,1.00,1.00,1.00,1.00,1.00,"",73,1.3,-4803,-5.0,-4733,-5.0,-4525,-4.7,-99208791,-5.0,-45444211,-4.2,827967,5.6,-1,-0.1
"US000","5","423810","18","0","2021","1","",5559,90428,90470,90817,1891797485,1039455486,15568501,1607,"",1.00,1.00,1.00,1.00,1.00,1.00,1.00,1.00,"",73,1.3,-4803,-5.0,-4733,-5.0,-4525,-4.7,-99208791,-5.0,-45444211,-4.2,827967,5.6,-1,-0.1
"US000","5","42382","17","0","2021","1","",8873,102567,102448,103781,1621580429,1056927117,12630751,1212,"",1.00,1.00,1.00,1.00,1.00,1.00,1.00,1.00,"",18,0.2,1501,1.5,1467,1.5,1788,1.8,78316410,5.1,28623576,2.8,1227765,10.8,41,3.5
"US000","5","423820","18","0","2021","1","",8873,102567,102448,103781,1621580429,1056927117,12630751,1212,"",1.00,1.00,1.00,1.00,1.00,1.00,1.00,1.00,"",18,0.2,1501,1.5,1467,1.5,1788,1.8,78316410,5.1,28623576,2.8,1227765,10.8,41,3.5
"US000","5","42383","17","0","2021","1","",34619,301865,302305,303367,6280763545,3275002246,57845690,1597,"",1.00,1.00,1.00,1.00,1.00,1.00,1.00,1.00,"",38,0.1,-27654,-8.4,-26676,-8.1,-24672,-7.5,-654635015,-9.4,-274304461,-7.7,-796219,-1.4,-25,-1.5
"US000","5","423830","18","0","2021","1","",34619,301865,302305,303367,6280763545,3275002246,57845690,1597,"",1.00,1.00,1.00,1.00,1.00,1.00,1.00,1.00,"",38,0.1,-27654,-8.4,-26676,-8.1,-24672,-7.5,-654635015,-9.4,-274304461,-7.7,-796219,-1.4,-25,-1.5
"US000","5","42384","17","0","2021","1","",12247,95972,96248,96308,1768817684,987138229,17162983,1415,"",1.00,1.00,1.00,1.00,1.00,1.00,1.00,1.00,"",296,2.5,-2013,-2.1,-1962,-2.0,-1416,-1.4,-37865321,-2.1,-20735485,-2.1,1058803,6.6,-4,-0.3
"US000","5","423840","18","0","2021","1","",12247,95972,96248,96308,1768817684,987138229,17162983,1415,"",1.00,1.00,1.00,1.00,1.00,1.00,1.00,1.00,"",296,2.5,-2013,-2.1,-1962,-2.0,-1416,-1.4,-37865321,-2.1,-20735485,-2.1,1058803,6.6,-4,-0.3
"US000","5","42385","17","0","2021","1","",6262,53071,53206,53321,781252391,489617031,8448925,1130,"",1.00,1.00,1.00,1.00,1.00,1.00,1.00,1.00,"",99,1.6,-2770,-5.0,-2790,-5.0,-2406,-4.3,-31919091,-3.9,-25044644,-4.9,313815,3.9,10,0.9
"US000","5","423850","18","0","2021","1","",6262,53071,53206,53321,781252391,489617031,8448925,1130,"",1.00,1.00,1.00,1.00,1.00,1.00,1.00,1.00,"",99,1.6,-2770,-5.0,-2790,-5.0,-2406,-4.3,-31919091,-3.9,-25044644,-4.9,313815,3.9,10,0.9
"US000","5","42386","17","0","2021","1","",4132,31502,31739,31574,730102601,309454649,5838466,1777,"",1.00,1.00,1.00,1.00,1.00,1.00,1.00,1.00,"",151,3.8,-3345,-9.6,-3186,-9.1,-3285,-9.4,-83072029,-10.2,-34623547,-10.1,-102554,-1.7,-16,-0.9
"US000","5","423860","18","0","2021","1","",4132,31502,31739,31574,730102601,309454649,5838466,1777,"",1.00,1.00,1.00,1.00,1.00,1.00,1.00,1.00,"",151,3.8,-3345,-9.6,-3186,-9.1,-3285,-9.4,-83072029,-10.2,-34623547,-10.1,-102554,-1.7,-16,-0.9
"US000","5","4239","16","0","2021","1","",38258,282637,284463,286286,4799543876,2619127193,52173702,1298,"",1.00,1.00,1.00,1.00,1.00,1.00,1.00,1.00,"",507,1.3,-12811,-4.3,-10923,-3.7,-6891,-2.4,119232748,2.5,-55495864,-2.1,2936633,6.0,76,6.2
"US000","5","42391","17","0","2021","1","",7419,58966,59624,60427,1093489205,557399584,10539582,1410,"",1.00,1.00,1.00,1.00,1.00,1.00,1.00,1.00,"",321,4.5,2534,4.5,2994,5.3,3707,6.5,127751990,13.2,35925415,6.9,1067532,11.3,97,7.4
"US000","5","423910","18","0","2021","1","",7419,58966,59624,60427,1093489205,557399584,10539582,1410,"",1.00,1.00,1.00,1.00,1.00,1.00,1.00,1.00,"",321,4.5,2534,4.5,2994,5.3,3707,6.5,127751990,13.2,35925415,6.9,1067532,11.3,97,7.4
"US000","5","42392","17","0","2021","1","",2489,19988,19912,20128,433751876,205215215,4944882,1667,"",1.00,1.00,1.00,1.00,1.00,1.00,1.00,1.00,"",144,6.1,-941,-4.5,-816,-3.9,-305,-1.5,34943791,8.8,-22547,0.0,176036,3.7,185,12.5
"US000","5","423920","18","0","2021","1","",2489,19988,19912,20128,433751876,205215215,4944882,1667,"",1.00,1.00,1.00,1.00,1.00,1.00,1.00,1.00,"",144,6.1,-941,-4.5,-816,-3.9,-305,-1.5,34943791,8.8,-22547,0.0,176036,3.7,185,12.5
"US000","5","42393","17","0","2021","1","",7676,93306,93643,94220,1301407682,840722034,15813455,1068,"",1.00,1.00,1.00,1.00,1.00,1.00,1.00,1.00,"",-128,-1.6,-6028,-6.1,-5619,-5.7,-4703,-4.8,-58059040,-4.3,-40434394,-4.6,637293,4.2,14,1.3
"US000","5","423930","18","0","2021","1","",7676,93306,93643,94220,1301407682,840722034,15813455,1068,"",1.00,1.00,1.00,1.00,1.00,1.00,1.00,1.00,"",-128,-1.6,-6028,-6.1,-5619,-5.7,-4703,-4.8,-58059040,-4.3,-40434394,-4.6,637293,4.2,14,1.3
"US000","5","42394","17","0","2021","1","",6972,30528,30831,31071,501743136,267202197,6683243,1253,"",1.00,1.00,1.00,1.00,1.00,1.00,1.00,1.00,"",-109,-1.5,-5441,-15.1,-5137,-14.3,-3967,-11.3,-45478437,-8.3,-35400978,-11.7,387878,6.2,73,6.2
"US000","5","423940","18","0","2021","1","",6972,30528,30831,31071,501743136,267202197,6683243,1253,"",1.00,1.00,1.00,1.00,1.00,1.00,1.00,1.00,"",-109,-1.5,-5441,-15.1,-5137,-14.3,-3967,-11.3,-45478437,-8.3,-35400978,-11.7,387878,6.2,73,6.2
"US000","5","42399","17","0","2021","1","",13702,79849,80453,80440,1469151977,748588163,14192540,1408,"",1.00,1.00,1.00,1.00,1.00,1.00,1.00,1.00,"",279,2.1,-2935,-3.5,-2345,-2.8,-1623,-2.0,60074444,4.3,-15563360,-2.0,667894,4.9,95,7.2
"US000","5","423990","18","0","2021","1","",13702,79849,80453,80440,1469151977,748588163,14192540,1408,"",1.00,1.00,1.00,1.00,1.00,1.00,1.00,1.00,"",279,2.1,-2935,-3.5,-2345,-2.8,-1623,-2.0,60074444,4.3,-15563360,-2.0,667894,4.9,95,7.2
"US000","5","424","15","0","2021","1","",170178,2019483,2025756,2038299,42810073022,20272167774,380240648,1624,"",1.00,1.00,1.00,1.00,1.00,1.00,1.00,1.00,"",1242,0.7,-111151,-5.2,-111399,-5.2,-94802,-4.4,-770453262,-1.8,-854112475,-4.0,17864307,4.9,53,3.4
"US000","5","4241","16","0","2021","1","",10174,115679,116037,115439,2151488243,1134376859,21772224,1430,"",1.00,1.00,1.00,1.00,1.00,1.00,1.00,1.00,"",-223,-2.1,-10873,-8.6,-11360,-8.9,-10980,-8.7,-150510633,-6.5,-104576437,-8.4,-286791,-1.3,33,2.4
"US000","5","42411","17","0","2021","1","",1494,11436,11425,11186,287693722,124866502,2633099,1950,"",1.00,1.00,1.00,1.00,1.00,1.00,1.00,1.00,"",-58,-3.7,-1471,-11.4,-1400,-10.9,-1447,-11.5,-43134012,-13.0,-13870599,-10.0,108415,4.3,-40,-2.0
"US000","5","424110","18","0","2021","1","",1494,11436,11425,11186,287693722,124866502,2633099,1950,"",1.00,1.00,1.00,1.00,1.00,1.00,1.00,1.00,"",-58,-3.7,-1471,-11.4,-1400,-10.9,-1447,-11.5,-43134012,-13.0,-13870599,-10.0,108415,4.3,-40,-2.0
"US000","5","42412","17","0","2021","1","",3583,42239,42419,41909,549096757,330331552,6936516,1001,"",1.00,1.00,1.00,1.00,1.00,1.00,1.00,1.00,"",-113,-3.1,-5818,-12.1,-5945,-12.3,-5687,-11.9,-98626684,-15.2,-52613842,-13.7,-736286,-9.6,-37,-3.6
"US000","5","424120","18","0","2021","1","",3583,42239,42419,41909,549096757,330331552,6936516,1001,"",1.00,1.00,1.00,1.00,1.00,1.00,1.00,1.00,"",-113,-3.1,-5818,-12.1,-5945,-12.3,-5687,-11.9,-98626684,-15.2,-52613842,-13.7,-736286,-9.6,-37,-3.6
"US000","5","42413","17","0","2021","1","",5097,62004,62193,62344,1314697764,679178805,12202609,1626,"",1.00,1.00,1.00,1.00,1.00,1.00,1.00,1.00,"",-52,-1.0,-3584,-5.5,-4015,-6.1,-3846,-5.8,-8749937,-0.7,-38091996,-5.3,341080,2.9,83,5.4
"US000","5","424130","18","0","2021","1","",5097,62004,62193,62344,1314697764,679178805,12202609,1626,"",1.00,1.00,1.00,1.00,1.00,1.00,1.00,1.00,"",-52,-1.0,-3584,-5.5,-4015,-6.1,-3846,-5.8,-8749937,-0.7,-38091996,-5.3,341080,2.9,83,5.4
"US000","5","4242","16","0","2021","1","",21486,236837,238331,240912,10007963449,2893670385,58704321,3225,"",1.00,1.00,1.00,1.00,1.00,1.00,1.00,1.00,"",792,3.8,1145,0.5,1575,0.7,3470,1.5,388071862,4.0,102333930,3.7,5945781,11.3,98,3.1
"US000","5","42421","17","0","2021","1","",21486,236837,238331,240912,10007963449,2893670385,58704321,3225,"",1.00,1.00,1.00,1.00,1.00,1.00,1.00,1.00,"",792,3.8,1145,0.5,1575,0.7,3470,1.5,388071862,4.0,102333930,3.7,5945781,11.3,98,3.1
"US000","5","424210","18","0","2021","1","",21486,236837,238331,240912,10007963449,2893670385,58704321,3225,"",1.00,1.00,1.00,1.00,1.00,1.00,1.00,1.00,"",792,3.8,1145,0.5,1575,0.7,3470,1.5,388071862,4.0,102333930,3.7,5945781,11.3,98,3.1
"US000","5","4243","16","0","2021","1","",15584,130382,130791,131527,2692318064,1213162536,31451532,1582,"",1.00,1.00,1.00,1.00,1.00,1.00,1.00,1.00,"",-44,-0.3,-19241,-12.9,-19108,-12.7,-16333,-11.0,-71380485,-2.6,-152394684,-11.2,-911349,-2.8,156,10.9
"US000","5","42431","17","0","2021","1","",3649,21675,21908,22063,327970534,196922667,4304251,1153,"",1.00,1.00,1.00,1.00,1.00,1.00,1.00,1.00,"",-30,-0.8,-2274,-9.5,-2178,-9.0,-1683,-7.1,-22112336,-6.3,-15769655,-7.4,-44956,-1.0,28,2.5
"US000","5","424310","18","0","2021","1","",3649,21675,21908,22063,327970534,196922667,4304251,1153,"",1.00,1.00,1.00,1.00,1.00,1.00,1.00,1.00,"",-30,-0.8,-2274,-9.5,-2178,-9.0,-1683,-7.1,-22112336,-6.3,-15769655,-7.4,-44956,-1.0,28,2.5
"US000","5","42432","17","0","2021","1","",2803,25697,25903,25984,466498822,228591775,5301605,1388,"",1.00,1.00,1.00,1.00,1.00,1.00,1.00,1.00,"",28,1.0,-3512,-12.0,-3343,-11.4,-2783,-9.7,-26000524,-5.3,-29157465,-11.3,-30678,-0.6,85,6.5
"US000","5","424320","18","0","2021","1","",2803,25697,25903,25984,466498822,228591775,5301605,1388,"",1.00,1.00,1.00,1.00,1.00,1.00,1.00,1.00,"",28,1.0,-3512,-12.0,-3343,-11.4,-2783,-9.7,-26000524,-5.3,-29157465,-11.3,-30678,-0.6,85,6.5
"US000","5","42433","17","0","2021","1","",7319,60489,60639,61039,1344254984,556141741,16340538,1703,"",1.00,1.00,1.00,1.00,1.00,1.00,1.00,1.00,"",-48,-0.7,-12205,-16.8,-12279,-16.8,-10735,-15.0,-20234636,-1.5,-96086115,-14.7,-839481,-4.9,255,17.6
"US000","5","424330","18","0","2021","1","",7319,60489,60639,61039,1344254984,556141741,16340538,1703,"",1.00,1.00,1.00,1.00,1.00,1.00,1.00,1.00,"",-48,-0.7,-12205,-16.8,-12279,-16.8,-10735,-15.0,-20234636,-1.5,-96086115,-14.7,-839481,-4.9,255,17.6
"US000","5","42434","17","0","2021","1","",1813,22521,22341,22441,553593724,231506353,5505138,1898,"",1.00,1.00,1.00,1.00,1.00,1.00,1.00,1.00,"",6,0.3,-1250,-5.3,-1308,-5.5,-1132,-4.8,-3032989,-0.5,-11381449,-4.7,3766,0.1,89,4.9
"US000","5","424340","18","0","2021","1","",1813,22521,22341,22441,553593724,231506353,5505138,1898,"",1.00,1.00,1.00,1.00,1.00,1.00,1.00,1.00,"",6,0.3,-1250,-5.3,-1308,-5.5,-1132,-4.8,-3032989,-0.5,-11381449,-4.7,3766,0.1,89,4.9
"US000","5","4244","16","0","2021","1","",45178,731062,732288,734923,12149745484,7024937541,131795636,1275,"",1.00,1.00,1.00,1.00,1.00,1.00,1.00,1.00,"",377,0.8,-51746,-6.6,-51827,-6.6,-46114,-5.9,-429336747,-3.4,-470764930,-6.3,6664718,5.3,39,3.2
"US000","5","42441","17","0","2021","1","",7111,228458,228189,228564,3662330654,2263507635,40766881,1233,"",1.00,1.00,1.00,1.00,1.00,1.00,1.00,1.00,"",273,4.0,-17813,-7.2,-18768,-7.6,-17815,-7.2,-327081142,-8.2,-192276340,-7.8,963989,2.4,-12,-1.0
"US000","5","424410","18","0","2021","1","",7111,228458,228189,228564,3662330654,2263507635,40766881,1233,"",1.00,1.00,1.00,1.00,1.00,1.00,1.00,1.00,"",273,4.0,-17813,-7.2,-18768,-7.6,-17815,-7.2,-327081142,-8.2,-192276340,-7.8,963989,2.4,-12,-1.0
"US000","5","42442","17","0","2021","1","",2525,30454,30624,30642,558520414,289650577,5378089,1405,"",1.00,1.00,1.00,1.00,1.00,1.00,1.00,1.00,"",52,2.1,-859,-2.7,-807,-2.6,-834,-2.6,-20576157,-3.6,-9695317,-3.2,438177,8.9,-13,-0.9
"US000","5","424420","18","0","2021","1","",2525,30454,30624,30642,558520414,289650577,5378089,1405,"",1.00,1.00,1.00,1.00,1.00,1.00,1.00,1.00,"",52,2.1,-859,-2.7,-807,-2.6,-834,-2.6,-20576157,-3.6,-9695317,-3.2,438177,8.9,-13,-0.9
"US000","5","42443","17","0","2021","1","",2642,31209,31156,31441,532007598,323028845,6028317,1309,"",1.00,1.00,1.00,1.00,1.00,1.00,1.00,1.00,"",-50,-1.9,-2882,-8.5,-2453,-7.3,-2037,-6.1,-43365981,-7.5,-28136687,-8.0,86208,1.5,-3,-0.2
"US000","5","424430","18","0","2021","1","",2642,31209,31156,31441,532007598,323028845,6028317,1309,"",1.00,1.00,1.00,1.00,1.00,1.00,1.00,1.00,"",-50,-1.9,-2882,-8.5,-2453,-7.3,-2037,-6.1,-43365981,-7.5,-28136687,-8.0,86208,1.5,-3,-0.2
"US000","5","42444","17","0","2021","1","",689,10975,10949,10907,156091127,100849531,1662059,1097,"",1.00,1.00,1.00,1.00,1.00,1.00,1.00,1.00,"",2,0.3,-680,-5.8,-767,-6.5,-945,-8.0,-10039979,-6.0,-8405796,-7.7,12148,0.7,9,0.8
"US000","5","424440","18","0","2021","1","",689,10975,10949,10907,156091127,100849531,1662059,1097,"",1.00,1.00,1.00,1.00,1.00,1.00,1.00,1.00,"",2,0.3,-680,-5.8,-767,-6.5,-945,-8.0,-10039979,-6.0,-8405796,-7.7,12148,0.7,9,0.8
"US000","5","42445","17","0","2021","1","",3695,56331,56668,56848,942044585,551076153,9996879,1280,"",1.00,1.00,1.00,1.00,1.00,1.00,1.00,1.00,"",-29,-0.8,-1476,-2.6,-1123,-1.9,-778,-1.4,-6593759,-0.7,-4435079,-0.8,1752939,21.3,16,1.3
"US000","5","424450","18","0","2021","1","",3695,56331,56668,56848,942044585,551076153,9996879,1280,"",1.00,1.00,1.00,1.00,1.00,1.00,1.00,1.00,"",-29,-0.8,-1476,-2.6,-1123,-1.9,-778,-1.4,-6593759,-0.7,-4435079,-0.8,1752939,21.3,16,1.3
"US000","5","42446","17","0","2021","1","",2711,24463,24556,24945,338004240,217022985,4391675,1055,"",1.00,1.00,1.00,1.00,1.00,1.00,1.00,1.00,"",0,0.0,-4061,-14.2,-3752,-13.3,-3042,-10.9,-51577138,-13.2,-33139030,-13.2,-163278,-3.6,-5,-0.5
"US000","5","424460","18","0","2021","1","",2711,24463,24556,24945,338004240,217022985,4391675,1055,"",1.00,1.00,1.00,1.00,1.00,1.00,1.00,1.00,"",0,0.0,-4061,-14.2,-3752,-13.3,-3042,-10.9,-51577138,-13.2,-33139030,-13.2,-163278,-3.6,-5,-0.5
"US000","5","42447","17","0","2021","1","",2984,43602,43731,43808,694403450,402489049,7310807,1222,"",1.00,1.00,1.00,1.00,1.00,1.00,1.00,1.00,"",18,0.6,-3722,-7.9,-3614,-7.6,-3260,-6.9,-21776467,-3.0,-25614801,-6.0,580758,8.6,56,4.8
"US000","5","424470","18","0","2021","1","",2984,43602,43731,43808,694403450,402489049,7310807,1222,"",1.00,1.00,1.00,1.00,1.00,1.00,1.00,1.00,"",18,0.6,-3722,-7.9,-3614,-7.6,-3260,-6.9,-21776467,-3.0,-25614801,-6.0,580758,8.6,56,4.8
"US000","5","42448","17","0","2021","1","",4903,86470,87070,87656,1224298039,741179737,16294904,1082,"",1.00,1.00,1.00,1.00,1.00,1.00,1.00,1.00,"",62,1.3,-10573,-10.9,-10571,-10.8,-9023,-9.3,-112304177,-8.4,-83651009,-10.1,399847,2.5,23,2.2
"US000","5","424480","18","0","2021","1","",4903,86470,87070,87656,1224298039,741179737,16294904,1082,"",1.00,1.00,1.00,1.00,1.00,1.00,1.00,1.00,"",62,1.3,-10573,-10.9,-10571,-10.8,-9023,-9.3,-112304177,-8.4,-83651009,-10.1,399847,2.5,23,2.2
"US000","5","42449","17","0","2021","1","",17918,219100,219345,220112,4042045377,2136133029,39966025,1416,"",1.00,1.00,1.00,1.00,1.00,1.00,1.00,1.00,"",49,0.3,-9680,-4.2,-9972,-4.3,-8380,-3.7,163978053,4.2,-85410871,-3.8,2593930,6.9,113,8.7
"US000","5","424490","18","0","2021","1","",17918,219100,219345,220112,4042045377,2136133029,39966025,1416,"",1.00,1.00,1.00,1.00,1.00,1.00,1.00,1.00,"",49,0.3,-9680,-4.2,-9972,-4.3,-8380,-3.7,163978053,4.2,-85410871,-3.8,2593930,6.9,113,8.7
"US000","5","4245","16","0","2021","1","",6659,66547,65568,66730,851711741,591258609,7330643,988,"",1.00,1.00,1.00,1.00,1.00,1.00,1.00,1.00,"",82,1.2,-875,-1.3,-1290,-1.9,140,0.2,12640387,1.5,-4251757,-0.7,483897,7.1,24,2.5
"US000","5","42451","17","0","2021","1","",3944,38889,38534,39007,585722947,418198562,4669216,1161,"",1.00,1.00,1.00,1.00,1.00,1.00,1.00,1.00,"",-42,-1.1,-1188,-3.0,-1180,-3.0,-920,-2.3,-4900123,-0.8,-12257050,-2.8,-89876,-1.9,23,2.0
"US000","5","424510","18","0","2021","1","",3944,38889,38534,39007,585722947,418198562,4669216,1161,"",1.00,1.00,1.00,1.00,1.00,1.00,1.00,1.00,"",-42,-1.1,-1188,-3.0,-1180,-3.0,-920,-2.3,-4900123,-0.8,-12257050,-2.8,-89876,-1.9,23,2.0
"US000","5","42452","17","0","2021","1","",1272,16732,15985,16546,104626245,79403136,658381,490,"",1.00,1.00,1.00,1.00,1.00,1.00,1.00,1.00,"",1,0.1,-800,-4.6,-1372,-7.9,-341,-2.0,-2126929,-2.0,-1261520,-1.6,77876,13.4,14,2.9
"US000","5","424520","18","0","2021","1","",1272,16732,15985,16546,104626245,79403136,658381,490,"",1.00,1.00,1.00,1.00,1.00,1.00,1.00,1.00,"",1,0.1,-800,-4.6,-1372,-7.9,-341,-2.0,-2126929,-2.0,-1261520,-1.6,77876,13.4,14,2.9
"US000","5","42459","17","0","2021","1","",1443,10926,11049,11177,161362549,93656911,2003046,1123,"",1.00,1.00,1.00,1.00,1.00,1.00,1.00,1.00,"",123,9.3,1113,11.3,1262,12.9,1401,14.3,19667439,13.9,9266813,11.0,495897,32.9,10,0.9
"US000","5","424590","18","0","2021","1","",1443,10926,11049,11177,161362549,93656911,2003046,1123,"",1.00,1.00,1.00,1.00,1.00,1.00,1.00,1.00,"",123,9.3,1113,11.3,1262,12.9,1401,14.3,19667439,13.9,9266813,11.0,495897,32.9,10,0.9
"US000","5","4246","16","0","2021","1","",18014,142680,142922,143212,3548112055,1585224042,28553614,1909,"",1.00,1.00,1.00,1.00,1.00,1.00,1.00,1.00,"",-89,-0.5,-3609,-2.5,-3779,-2.6,-3060,-2.1,-57265826,-1.6,-34751774,-2.1,1077399,3.9,15,0.8
"US000","5","42461","17","0","2021","1","",4522,28057,28189,28309,707023441,301889705,5969392,1930,"",1.00,1.00,1.00,1.00,1.00,1.00,1.00,1.00,"",-83,-1.8,-41,-0.1,26,0.1,139,0.5,29739962,4.4,-9283635,-3.0,47453,0.8,79,4.3
"US000","5","424610","18","0","2021","1","",4522,28057,28189,28309,707023441,301889705,5969392,1930,"",1.00,1.00,1.00,1.00,1.00,1.00,1.00,1.00,"",-83,-1.8,-41,-0.1,26,0.1,139,0.5,29739962,4.4,-9283635,-3.0,47453,0.8,79,4.3
"US000","5","42469","17","0","2021","1","",13492,114623,114733,114903,2841088614,1283334337,22584222,1904,"",1.00,1.00,1.00,1.00,1.00,1.00,1.00,1.00,"",-6,0.0,-3568,-3.0,-3805,-3.2,-3199,-2.7,-87005788,-3.0,-25468139,-1.9,1029946,4.8,0,0.0
"US000","5","424690","18","0","2021","1","",13492,114623,114733,114903,2841088614,1283334337,22584222,1904,"",1.00,1.00,1.00,1.00,1.00,1.00,1.00,1.00,"",-6,0.0,-3568,-3.0,-3805,-3.2,-3199,-2.7,-87005788,-3.0,-25468139,-1.9,1029946,4.8,0,0.0
"US000","5","4247","16","0","2021","1","",8313,96237,96005,95931,2594479751,1009718533,17453567,2078,"",1.00,1.00,1.00,1.00,1.00,1.00,1.00,1.00,"",48,0.6,-6922,-6.7,-7142,-6.9,-6898,-6.7,-295430147,-10.2,-65771799,-6.1,225767,1.3,-79,-3.7
"US000","5","42471","17","0","2021","1","",2729,32662,32672,32684,742929893,352614692,5487701,1749,"",1.00,1.00,1.00,1.00,1.00,1.00,1.00,1.00,"",16,0.6,-1368,-4.0,-1536,-4.5,-1516,-4.4,-49965146,-6.3,-11881986,-3.3,291784,5.6,-37,-2.1
"US000","5","424710","18","0","2021","1","",2729,32662,32672,32684,742929893,352614692,5487701,1749,"",1.00,1.00,1.00,1.00,1.00,1.00,1.00,1.00,"",16,0.6,-1368,-4.0,-1536,-4.5,-1516,-4.4,-49965146,-6.3,-11881986,-3.3,291784,5.6,-37,-2.1
"US000","5","42472","17","0","2021","1","",5584,63575,63333,63247,1851549858,657103841,11965866,2247,"",1.00,1.00,1.00,1.00,1.00,1.00,1.00,1.00,"",32,0.6,-5554,-8.0,-5606,-8.1,-5382,-7.8,-245465001,-11.7,-53889813,-7.6,-66017,-0.5,-94,-4.0
"US000","5","424720","18","0","2021","1","",5584,63575,63333,63247,1851549858,657103841,11965866,2247,"",1.00,1.00,1.00,1.00,1.00,1.00,1.00,1.00,"",32,0.6,-5554,-8.0,-5606,-8.1,-5382,-7.8,-245465001,-11.7,-53889813,-7.6,-66017,-0.5,-94,-4.0
"US000","5","4248","16","0","2021","1","",8358,195271,195073,195553,3859037104,1986987714,31467571,1520,"",1.00,1.00,1.00,1.00,1.00,1.00,1.00,1.00,"",129,1.6,-7840,-3.9,-7920,-3.9,-7345,-3.6,-217747053,-5.3,-80312914,-3.9,2952634,10.4,-25,-1.6
"US000","5","42481","17","0","2021","1","",2937,108076,107603,107833,1649563650,1030658773,15441484,1177,"",1.00,1.00,1.00,1.00,1.00,1.00,1.00,1.00,"",-39,-1.3,-4748,-4.2,-4921,-4.4,-4916,-4.4,-62411390,-3.6,-49681407,-4.6,1019066,7.1,8,0.7
"US000","5","424810","18","0","2021","1","",2937,108076,107603,107833,1649563650,1030658773,15441484,1177,"",1.00,1.00,1.00,1.00,1.00,1.00,1.00,1.00,"",-39,-1.3,-4748,-4.2,-4921,-4.4,-4916,-4.4,-62411390,-3.6,-49681407,-4.6,1019066,7.1,8,0.7
"US000","5","42482","17","0","2021","1","",5421,87195,87470,87720,2209473454,956328941,16026087,1943,"",1.00,1.00,1.00,1.00,1.00,1.00,1.00,1.00,"",168,3.2,-3092,-3.4,-2999,-3.3,-2429,-2.7,-155335663,-6.6,-30631507,-3.1,1933568,13.7,-71,-3.5
"US000","5","424820","18","0","2021","1","",5421,87195,87470,87720,2209473454,956328941,16026087,1943,"",1.00,1.00,1.00,1.00,1.00,1.00,1.00,1.00,"",168,3.2,-3092,-3.4,-2999,-3.3,-2429,-2.7,-155335663,-6.6,-30631507,-3.1,1933568,13.7,-71,-3.5
"US000","5","4249","16","0","2021","1","",36412,304788,308741,314072,4955217131,2832831555,51711540,1233,"",1.00,1.00,1.00,1.00,1.00,1.00,1.00,1.00,"",170,0.5,-11190,-3.5,-10548,-3.3,-7682,-2.4,50505380,1.0,-43622110,-1.5,1712251,3.4,50,4.2
"US000","5","42491","17","0","2021","1","",12480,112177,112714,115886,2024526561,1185458077,18878031,1371,"",1.00,1.00,1.00,1.00,1.00,1.00,1.00,1.00,"",58,0.5,-37,0.0,-208,-0.2,219,0.2,34968119,1.8,12113950,1.0,350663,1.9,24,1.8
"US000","5","424910","18","0","2021","1","",12480,112177,112714,115886,2024526561,1185458077,18878031,1371,"",1.00,1.00,1.00,1.00,1.00,1.00,1.00,1.00,"",58,0.5,-37,0.0,-208,-0.2,219,0.2,34968119,1.8,12113950,1.0,350663,1.9,24,1.8
"US000","5","42492","17","0","2021","1","",2060,28860,29206,29180,376337029,240740040,4777956,995,"",1.00,1.00,1.00,1.00,1.00,1.00,1.00,1.00,"",-82,-3.8,-5306,-15.5,-5085,-14.8,-4889,-14.4,-54693698,-12.7,-38296960,-13.7,-326583,-6.4,25,2.6
"US000","5","424920","18","0","2021","1","",2060,28860,29206,29180,376337029,240740040,4777956,995,"",1.00,1.00,1.00,1.00,1.00,1.00,1.00,1.00,"",-82,-3.8,-5306,-15.5,-5085,-14.8,-4889,-14.4,-54693698,-12.7,-38296960,-13.7,-326583,-6.4,25,2.6
"US000","5","42493","17","0","2021","1","",3536,41441,43701,45023,441301471,309026291,6170480,782,"",1.00,1.00,1.00,1.00,1.00,1.00,1.00,1.00,"",58,1.7,-952,-2.2,-1087,-2.4,-488,-1.1,4199552,1.0,-3177322,-1.0,553686,9.9,22,2.9
"US000","5","424930","18","0","2021","1","",3536,41441,43701,45023,441301471,309026291,6170480,782,"",1.00,1.00,1.00,1.00,1.00,1.00,1.00,1.00,"",58,1.7,-952,-2.2,-1087,-2.4,-488,-1.1,4199552,1.0,-3177322,-1.0,553686,9.9,22,2.9
"US000","5","42494","17","0","2021","1","",1931,24053,23991,24024,441800038,222279275,3587510,1415,"",1.00,1.00,1.00,1.00,1.00,1.00,1.00,1.00,"",49,2.6,-603,-2.4,-572,-2.3,-388,-1.6,34947594,8.6,-699221,-0.3,339995,10.5,140,11.0
"US000","5","424940","18","0","2021","1","",1931,24053,23991,24024,441800038,222279275,3587510,1415,"",1.00,1.00,1.00,1.00,1.00,1.00,1.00,1.00,"",49,2.6,-603,-2.4,-572,-2.3,-388,-1.6,34947594,8.6,-699221,-0.3,339995,10.5,140,11.0
"US000","5","42495","17","0","2021","1","",2741,21754,21875,21904,420842047,215679797,3774911,1482,"",1.00,1.00,1.00,1.00,1.00,1.00,1.00,1.00,"",-109,-3.8,-827,-3.7,-708,-3.1,-631,-2.8,7166965,1.7,-1835036,-0.8,107433,2.9,72,5.1
"US000","5","424950","18","0","2021","1","",2741,21754,21875,21904,420842047,215679797,3774911,1482,"",1.00,1.00,1.00,1.00,1.00,1.00,1.00,1.00,"",-109,-3.8,-827,-3.7,-708,-3.1,-631,-2.8,7166965,1.7,-1835036,-0.8,107433,2.9,72,5.1
"US000","5","42499","17","0","2021","1","",13664,76503,77254,78055,1250409985,659648075,14522652,1245,"",1.00,1.00,1.00,1.00,1.00,1.00,1.00,1.00,"",196,1.5,-3465,-4.3,-2888,-3.6,-1505,-1.9,23916848,2.0,-11727521,-1.7,687057,5.0,64,5.4
"US000","5","424990","18","0","2021","1","",13664,76503,77254,78055,1250409985,659648075,14522652,1245,"",1.00,1.00,1.00,1.00,1.00,1.00,1.00,1.00,"",196,1.5,-3465,-4.3,-2888,-3.6,-1505,-1.9,23916848,2.0,-11727521,-1.7,687057,5.0,64,5.4
"US000","5","425","15","0","2021","1","",133152,475041,478210,479908,14026779465,5254230739,100198051,2259,"",1.00,1.00,1.00,1.00,1.00,1.00,1.00,1.00,"",-6364,-4.6,-32073,-6.3,-30031,-5.9,-25861,-5.1,-36970882,-0.3,-195720168,-3.6,4184126,4.4,125,5.9
"US000","5","4251","16","0","2021","1","",133152,475041,478210,479908,14026779465,5254230739,100198051,2259,"",1.00,1.00,1.00,1.00,1.00,1.00,1.00,1.00,"",-6364,-4.6,-32073,-6.3,-30031,-5.9,-25861,-5.1,-36970882,-0.3,-195720168,-3.6,4184126,4.4,125,5.9
"US000","5","42511","17","0","2021","1","",3664,28874,29186,29267,825145802,327275683,6778123,2181,"",1.00,1.00,1.00,1.00,1.00,1.00,1.00,1.00,"",46,1.3,-1379,-4.6,-1116,-3.7,-1023,-3.4,20181294,2.5,4308056,1.3,382985,6.0,136,6.7
"US000","5","425110","18","0","2021","1","",3664,28874,29186,29267,825145802,327275683,6778123,2181,"",1.00,1.00,1.00,1.00,1.00,1.00,1.00,1.00,"",46,1.3,-1379,-4.6,-1116,-3.7,-1023,-3.4,20181294,2.5,4308056,1.3,382985,6.0,136,6.7
"US000","5","42512","17","0","2021","1","",129488,446167,449024,450641,13201633663,4926955056,93419928,2264,"",1.00,1.00,1.00,1.00,1.00,1.00,1.00,1.00,"",-6410,-4.7,-30694,-6.4,-28915,-6.0,-24838,-5.2,-57152176,-0.4,-200028224,-3.9,3801141,4.2,125,5.8
"US000","5","425120","18","0","2021","1","",129488,446167,449024,450641,13201633663,4926955056,93419928,2264,"",1.00,1.00,1.00,1.00,1.00,1.00,1.00,1.00,"",-6410,-4.7,-30694,-6.4,-28915,-6.0,-24838,-5.2,-57152176,-0.4,-200028224,-3.9,3801141,4.2,125,5.8
"US000","5","44-45","14","0","2021","1","",1043216,15132466,15013474,15065463,136317268042,94509237508,1419401435,696,"",1.00,1.00,1.00,1.00,1.00,1.00,1.00,1.00,"",1092,0.1,-332212,-2.1,-293102,-1.9,-192491,-1.3,4158033423,3.1,-506521315,-0.5,79584760,5.9,33,5.0
"US000","5","441","15","0","2021","1","",118779,1907091,1914184,1920612,27053729061,16404609288,278958854,1087,"",1.00,1.00,1.00,1.00,1.00,1.00,1.00,1.00,"",1125,1.0,-107114,-5.3,-108005,-5.3,-90914,-4.5,934232063,3.6,-411969495,-2.4,18007985,6.9,90,9.0
"US000","5","4411","16","0","2021","1","",46523,1213723,1216734,1217938,19937097285,11258092649,200725135,1261,"",1.00,1.00,1.00,1.00,1.00,1.00,1.00,1.00,"",416,0.9,-87762,-6.7,-88262,-6.8,-76990,-5.9,578480501,3.0,-470876613,-4.0,8811013,4.6,116,10.1
"US000","5","44111","17","0","2021","1","",20428,1051166,1052750,1052000,17839072784,9872675348,174993198,1304,"",1.00,1.00,1.00,1.00,1.00,1.00,1.00,1.00,"",137,0.7,-83235,-7.3,-83706,-7.4,-76104,-6.7,515766340,3.0,-466481744,-4.5,5828892,3.4,128,10.9
"US000","5","441110","18","0","2021","1","",20428,1051166,1052750,1052000,17839072784,9872675348,174993198,1304,"",1.00,1.00,1.00,1.00,1.00,1.00,1.00,1.00,"",137,0.7,-83235,-7.3,-83706,-7.4,-76104,-6.7,515766340,3.0,-466481744,-4.5,5828892,3.4,128,10.9
"US000","5","44112","17","0","2021","1","",26095,162557,163984,165938,2098024501,1385417301,25731937,983,"",1.00,1.00,1.00,1.00,1.00,1.00,1.00,1.00,"",279,1.1,-4527,-2.7,-4556,-2.7,-886,-0.5,62714161,3.1,-4394869,-0.3,2982121,13.1,48,5.1
"US000","5","441120","18","0","2021","1","",26095,162557,163984,165938,2098024501,1385417301,25731937,983,"",1.00,1.00,1.00,1.00,1.00,1.00,1.00,1.00,"",279,1.1,-4527,-2.7,-4556,-2.7,-886,-0.5,62714161,3.1,-4394869,-0.3,2982121,13.1,48,5.1
"US000","5","4412","16","0","2021","1","",14252,152427,154961,159026,2079046173,1355362359,27019720,1029,"",1.00,1.00,1.00,1.00,1.00,1.00,1.00,1.00,"",208,1.5,959,0.6,1518,1.0,3433,2.2,279374128,15.5,76176936,6.0,3198095,13.4,127,14.1
"US000","5","44121","17","0","2021","1","",2786,48487,49561,50668,783030964,471278713,10099678,1215,"",1.00,1.00,1.00,1.00,1.00,1.00,1.00,1.00,"",76,2.8,401,0.8,649,1.3,1391,2.8,155473949,24.8,38498581,8.9,1626924,19.2,225,22.7
"US000","5","441210","18","0","2021","1","",2786,48487,49561,50668,783030964,471278713,10099678,1215,"",1.00,1.00,1.00,1.00,1.00,1.00,1.00,1.00,"",76,2.8,401,0.8,649,1.3,1391,2.8,155473949,24.8,38498581,8.9,1626924,19.2,225,22.7
"US000","5","44122","17","0","2021","1","",11466,103940,105400,108358,1296015209,884083646,16920042,941,"",1.00,1.00,1.00,1.00,1.00,1.00,1.00,1.00,"",132,1.2,558,0.5,869,0.8,2042,1.9,123900179,10.6,37678355,4.5,1571171,10.2,80,9.3
"US000","5","441222","18","0","2021","1","",4422,34104,34900,36302,452172396,289932704,5899977,991,"",1.00,1.00,1.00,1.00,1.00,1.00,1.00,1.00,"",66,1.5,537,1.6,577,1.7,1081,3.1,49988453,12.4,13744506,5.0,653985,12.5,91,10.1
"US000","5","441228","18","0","2021","1","",7044,69836,70500,72056,843842813,594150942,11020065,917,"",1.00,1.00,1.00,1.00,1.00,1.00,1.00,1.00,"",66,0.9,21,0.0,292,0.4,961,1.4,73911726,9.6,23933849,4.2,917186,9.1,75,8.9
"US000","5","4413","16","0","2021","1","",58004,540941,542489,543648,5037585603,3791154280,51213999,714,"",1.00,1.00,1.00,1.00,1.00,1.00,1.00,1.00,"",501,0.9,-20311,-3.6,-21261,-3.8,-17357,-3.1,76377434,1.5,-17269818,-0.5,5998877,13.3,35,5.2
"US000","5","44131","17","0","2021","1","",37636,363724,365371,365974,3114322181,2339576149,30482980,656,"",1.00,1.00,1.00,1.00,1.00,1.00,1.00,1.00,"",447,1.2,-13487,-3.6,-14227,-3.7,-11234,-3.0,137771183,4.6,21583832,0.9,3803550,14.3,50,8.3
"US000","5","441310","18","0","2021","1","",37636,363724,365371,365974,3114322181,2339576149,30482980,656,"",1.00,1.00,1.00,1.00,1.00,1.00,1.00,1.00,"",447,1.2,-13487,-3.6,-14227,-3.7,-11234,-3.0,137771183,4.6,21583832,0.9,3803550,14.3,50,8.3
"US000","5","44132","17","0","2021","1","",20368,177217,177118,177674,1923263422,1451578131,20731019,834,"",1.00,1.00,1.00,1.00,1.00,1.00,1.00,1.00,"",54,0.3,-6824,-3.7,-7034,-3.8,-6123,-3.3,-61393749,-3.1,-38853650,-2.6,2195327,11.8,4,0.5
"US000","5","441320","18","0","2021","1","",20368,177217,177118,177674,1923263422,1451578131,20731019,834,"",1.00,1.00,1.00,1.00,1.00,1.00,1.00,1.00,"",54,0.3,-6824,-3.7,-7034,-3.8,-6123,-3.3,-61393749,-3.1,-38853650,-2.6,2195327,11.8,4,0.5
"US000","5","442","15","0","2021","1","",45380,438426,433749,437109,4565663394,3154384170,56729307,805,"",1.00,1.00,1.00,1.00,1.00,1.00,1.00,1.00,"",-1035,-2.2,-31643,-6.7,-31621,-6.8,-20740,-4.5,-26992547,-0.6,-73357904,-2.3,5368562,10.5,44,5.8
"US000","5","4421","16","0","2021","1","",22294,209398,210420,212081,2571118843,1743441289,31952381,939,"",1.00,1.00,1.00,1.00,1.00,1.00,1.00,1.00,"",321,1.5,-11303,-5.1,-11626,-5.2,-8465,-3.8,23123110,0.9,-28231855,-1.6,2963665,10.2,53,6.0
"US000","5","44211","17","0","2021","1","",22294,209398,210420,212081,2571118843,1743441289,31952381,939,"",1.00,1.00,1.00,1.00,1.00,1.00,1.00,1.00,"",321,1.5,-11303,-5.1,-11626,-5.2,-8465,-3.8,23123110,0.9,-28231855,-1.6,2963665,10.2,53,6.0
"US000","5","442110","18","0","2021","1","",22294,209398,210420,212081,2571118843,1743441289,31952381,939,"",1.00,1.00,1.00,1.00,1.00,1.00,1.00,1.00,"",321,1.5,-11303,-5.1,-11626,-5.2,-8465,-3.8,23123110,0.9,-28231855,-1.6,2963665,10.2,53,6.0
"US000","5","4422","16","0","2021","1","",23086,229028,223329,225028,1994544551,1410942881,24776926,679,"",1.00,1.00,1.00,1.00,1.00,1.00,1.00,1.00,"",-1356,-5.5,-20340,-8.2,-19995,-8.2,-12275,-5.2,-50115657,-2.5,-45126049,-3.1,2404897,10.7,33,5.1
"US000","5","44221","17","0","2021","1","",9278,67688,68119,68516,939689417,615465818,11170870,1061,"",1.00,1.00,1.00,1.00,1.00,1.00,1.00,1.00,"",-164,-1.7,-2912,-4.1,-2771,-3.9,-1828,-2.6,-25745771,-2.7,-11181225,-1.8,700866,6.7,9,0.9
"US000","5","442210","18","0","2021","1","",9278,67688,68119,68516,939689417,615465818,11170870,1061,"",1.00,1.00,1.00,1.00,1.00,1.00,1.00,1.00,"",-164,-1.7,-2912,-4.1,-2771,-3.9,-1828,-2.6,-25745771,-2.7,-11181225,-1.8,700866,6.7,9,0.9
"US000","5","44229","17","0","2021","1","",13808,161340,155210,156512,1054855134,795477063,13606056,515,"",1.00,1.00,1.00,1.00,1.00,1.00,1.00,1.00,"",-1192,-7.9,-17428,-9.7,-17224,-10.0,-10447,-6.3,-24369886,-2.3,-33944824,-4.1,1704031,14.3,34,7.1
"US000","5","442291","18","0","2021","1","",2343,10102,10204,10303,124866513,85880601,1638950,941,"",1.00,1.00,1.00,1.00,1.00,1.00,1.00,1.00,"",67,2.9,457,4.7,549,5.7,812,8.6,15027410,13.7,7754425,9.9,317267,24.0,61,6.9
"US000","5","442299","18","0","2021","1","",11465,151238,145006,146209,929988621,709596462,11967106,485,"",1.00,1.00,1.00,1.00,1.00,1.00,1.00,1.00,"",-1259,-9.9,-17885,-10.6,-17773,-10.9,-11259,-7.2,-39397296,-4.1,-41699249,-5.6,1386764,13.1,28,6.1
"US000","5","443","15","0","2021","1","",43030,429065,423279,415163,6287684199,3421680702,60737741,1145,"",1.00,1.00,1.00,1.00,1.00,1.00,1.00,1.00,"",-988,-2.2,-44646,-9.4,-39672,-8.6,-42725,-9.3,192866701,3.2,-116534219,-3.3,3155843,5.5,136,13.5
"US000","5","4431","16","0","2021","1","",43030,429065,423279,415163,6287684199,3421680702,60737741,1145,"",1.00,1.00,1.00,1.00,1.00,1.00,1.00,1.00,"",-988,-2.2,-44646,-9.4,-39672,-8.6,-42725,-9.3,192866701,3.2,-116534219,-3.3,3155843,5.5,136,13.5
"US000","5","44314","17","0","2021","1","",43030,429065,423279,415163,6287684199,3421680702,60737741,1145,"",1.00,1.00,1.00,1.00,1.00,1.00,1.00,1.00,"",-988,-2.2,-44646,-9.4,-39672,-8.6,-42725,-9.3,192866701,3.2,-116534219,-3.3,3155843,5.5,136,13.5
"US000","5","443141","18","0","2021","1","",5393,45821,46011,45832,549190547,386556152,6075769,921,"",1.00,1.00,1.00,1.00,1.00,1.00,1.00,1.00,"",-97,-1.8,-1127,-2.4,-972,-2.1,-305,-0.7,29725049,5.7,6552864,1.7,380323,6.7,65,7.6
"US000","5","443142","18","0","2021","1","",37637,383244,377268,369331,5738493652,3035124550,54661972,1172,"",1.00,1.00,1.00,1.00,1.00,1.00,1.00,1.00,"",-891,-2.3,-43519,-10.2,-38700,-9.3,-42420,-10.3,163141652,2.9,-123087083,-3.9,2775520,5.3,146,14.2
"US000","5","444","15","0","2021","1","",68451,1353920,1358379,1399878,12995692429,9278330250,147454788,729,"",1.00,1.00,1.00,1.00,1.00,1.00,1.00,1.00,"",-191,-0.3,104289,8.3,86817,6.8,84563,6.4,1443793421,12.5,731595724,8.6,27919204,23.4,34,4.9
"US000","5","4441","16","0","2021","1","",52158,1202744,1205291,1234060,11636341982,8281158274,129231697,737,"",1.00,1.00,1.00,1.00,1.00,1.00,1.00,1.00,"",-366,-0.7,93530,8.4,75516,6.7,69985,6.0,1279941235,12.4,653364783,8.6,24767250,23.7,35,5.0
"US000","5","44411","17","0","2021","1","",9238,774431,776799,801833,6403190971,4884318037,73284119,628,"",1.00,1.00,1.00,1.00,1.00,1.00,1.00,1.00,"",-2,0.0,90323,13.2,72805,10.3,65152,8.8,1040067028,19.4,583340102,13.6,18500120,33.8,46,7.9
"US000","5","444110","18","0","2021","1","",9238,774431,776799,801833,6403190971,4884318037,73284119,628,"",1.00,1.00,1.00,1.00,1.00,1.00,1.00,1.00,"",-2,0.0,90323,13.2,72805,10.3,65152,8.8,1040067028,19.4,583340102,13.6,18500120,33.8,46,7.9
"US000","5","44412","17","0","2021","1","",6243,39297,39524,39565,585195907,336585422,4588295,1141,"",1.00,1.00,1.00,1.00,1.00,1.00,1.00,1.00,"",-409,-6.1,-535,-1.3,-684,-1.7,-702,-1.7,48125276,9.0,16637660,5.2,427283,10.3,111,10.8
"US000","5","444120","18","0","2021","1","",6243,39297,39524,39565,585195907,336585422,4588295,1141,"",1.00,1.00,1.00,1.00,1.00,1.00,1.00,1.00,"",-409,-6.1,-535,-1.3,-684,-1.7,-702,-1.7,48125276,9.0,16637660,5.2,427283,10.3,111,10.8
"US000","5","44413","17","0","2021","1","",14646,158522,158259,160313,1236927074,957734456,13598538,598,"",1.00,1.00,1.00,1.00,1.00,1.00,1.00,1.00,"",119,0.8,5157,3.4,5230,3.4,5663,3.7,80534751,7.0,47737552,5.2,2424418,21.7,19,3.3
"US000","5","444130","18","0","2021","1","",14646,158522,158259,160313,1236927074,957734456,13598538,598,"",1.00,1.00,1.00,1.00,1.00,1.00,1.00,1.00,"",119,0.8,5157,3.4,5230,3.4,5663,3.7,80534751,7.0,47737552,5.2,2424418,21.7,19,3.3
"US000","5","44419","17","0","2021","1","",22031,230494,230709,232349,3411028030,2102520359,37760745,1135,"",1.00,1.00,1.00,1.00,1.00,1.00,1.00,1.00,"",-74,-0.3,-1415,-0.6,-1835,-0.8,-128,-0.1,111214180,3.4,5649469,0.3,3415429,9.9,42,3.8
"US000","5","444190","18","0","2021","1","",22031,230494,230709,232349,3411028030,2102520359,37760745,1135,"",1.00,1.00,1.00,1.00,1.00,1.00,1.00,1.00,"",-74,-0.3,-1415,-0.6,-1835,-0.8,-128,-0.1,111214180,3.4,5649469,0.3,3415429,9.9,42,3.8
"US000","5","4442","16","0","2021","1","",16293,151176,153088,165818,1359350447,997171976,18223091,667,"",1.00,1.00,1.00,1.00,1.00,1.00,1.00,1.00,"",175,1.1,10759,7.7,11301,8.0,14578,9.6,163852186,13.7,78230941,8.5,3151954,20.9,31,4.9
"US000","5","44421","17","0","2021","1","",3968,32090,32212,33136,342220097,260693938,4145233,811,"",1.00,1.00,1.00,1.00,1.00,1.00,1.00,1.00,"",-53,-1.3,873,2.8,1074,3.4,1300,4.1,23689507,7.4,14600774,5.9,777850,23.1,31,4.0
"US000","5","444210","18","0","2021","1","",3968,32090,32212,33136,342220097,260693938,4145233,811,"",1.00,1.00,1.00,1.00,1.00,1.00,1.00,1.00,"",-53,-1.3,873,2.8,1074,3.4,1300,4.1,23689507,7.4,14600774,5.9,777850,23.1,31,4.0
"US000","5","44422","17","0","2021","1","",12325,119086,120876,132682,1017130350,736478038,14077858,630,"",1.00,1.00,1.00,1.00,1.00,1.00,1.00,1.00,"",228,1.9,9886,9.1,10227,9.2,13278,11.1,140162679,16.0,63630167,9.5,2374104,20.3,33,5.5
"US000","5","444220","18","0","2021","1","",12325,119086,120876,132682,1017130350,736478038,14077858,630,"",1.00,1.00,1.00,1.00,1.00,1.00,1.00,1.00,"",228,1.9,9886,9.1,10227,9.2,13278,11.1,140162679,16.0,63630167,9.5,2374104,20.3,33,5.5
"US000","5","445","15","0","2021","1","",147025,3148965,3147179,3136570,20948964805,16996325326,208888738,513,"",1.00,1.00,1.00,1.00,1.00,1.00,1.00,1.00,"",942,0.6,108088,3.6,114435,3.8,113187,3.7,461364320,2.3,304677760,1.8,31584177,17.8,-7,-1.3
"US000","5","4451","16","0","2021","1","",89902,2787870,2785857,2771498,18461900795,14973985008,174944114,511,"",1.00,1.00,1.00,1.00,1.00,1.00,1.00,1.00,"",631,0.7,119401,4.5,123981,4.7,116920,4.4,411711818,2.3,264717741,1.8,26184016,17.6,-11,-2.1
"US000","5","44511","17","0","2021","1","",57087,2632645,2630287,2614868,17571311620,14192705243,161914657,515,"",1.00,1.00,1.00,1.00,1.00,1.00,1.00,1.00,"",-96,-0.2,120949,4.8,125571,5.0,117509,4.7,396015045,2.3,260862152,1.9,23843678,17.3,-13,-2.5
"US000","5","445110","18","0","2021","1","",57087,2632645,2630287,2614868,17571311620,14192705243,161914657,515,"",1.00,1.00,1.00,1.00,1.00,1.00,1.00,1.00,"",-96,-0.2,120949,4.8,125571,5.0,117509,4.7,396015045,2.3,260862152,1.9,23843678,17.3,-13,-2.5
"US000","5","44512","17","0","2021","1","",32815,155225,155570,156630,890589175,781279765,13029457,440,"",1.00,1.00,1.00,1.00,1.00,1.00,1.00,1.00,"",727,2.3,-1548,-1.0,-1590,-1.0,-589,-0.4,15696773,1.8,3855589,0.5,2340338,21.9,11,2.6
"US000","5","445120","18","0","2021","1","",32815,155225,155570,156630,890589175,781279765,13029457,440,"",1.00,1.00,1.00,1.00,1.00,1.00,1.00,1.00,"",727,2.3,-1548,-1.0,-1590,-1.0,-589,-0.4,15696773,1.8,3855589,0.5,2340338,21.9,11,2.6
"US000","5","4452","16","0","2021","1","",25451,197984,198814,201893,1411379748,1131675860,20028809,544,"",1.00,1.00,1.00,1.00,1.00,1.00,1.00,1.00,"",-85,-0.3,-14124,-6.7,-12716,-6.0,-8139,-3.9,-39127375,-2.7,-24074911,-2.1,2270667,12.8,16,3.0
"US000","5","44521","17","0","2021","1","",6204,57734,57243,57576,419474857,348213106,5474772,561,"",1.00,1.00,1.00,1.00,1.00,1.00,1.00,1.00,"",193,3.2,2447,4.4,2746,5.0,2949,5.4,33402380,8.7,27797289,8.7,1239143,29.3,19,3.5
"US000","5","445210","18","0","2021","1","",6204,57734,57243,57576,419474857,348213106,5474772,561,"",1.00,1.00,1.00,1.00,1.00,1.00,1.00,1.00,"",193,3.2,2447,4.4,2746,5.0,2949,5.4,33402380,8.7,27797289,8.7,1239143,29.3,19,3.5
"US000","5","44522","17","0","2021","1","",2249,13996,14170,14851,110502251,87859738,1675464,593,"",1.00,1.00,1.00,1.00,1.00,1.00,1.00,1.00,"",8,0.4,-228,-1.6,-203,-1.4,488,3.4,6397313,6.1,3167728,3.7,447366,36.4,34,6.1
"US000","5","445220","18","0","2021","1","",2249,13996,14170,14851,110502251,87859738,1675464,593,"",1.00,1.00,1.00,1.00,1.00,1.00,1.00,1.00,"",8,0.4,-228,-1.6,-203,-1.4,488,3.4,6397313,6.1,3167728,3.7,447366,36.4,34,6.1
"US000","5","44523","17","0","2021","1","",3254,28834,29023,30044,235923177,181979783,3511058,619,"",1.00,1.00,1.00,1.00,1.00,1.00,1.00,1.00,"",-14,-0.4,-2866,-9.0,-2703,-8.5,-2062,-6.4,-16198925,-6.4,-13613668,-7.0,419398,13.6,10,1.6
"US000","5","445230","18","0","2021","1","",3254,28834,29023,30044,235923177,181979783,3511058,619,"",1.00,1.00,1.00,1.00,1.00,1.00,1.00,1.00,"",-14,-0.4,-2866,-9.0,-2703,-8.5,-2062,-6.4,-16198925,-6.4,-13613668,-7.0,419398,13.6,10,1.6
"US000","5","44529","17","0","2021","1","",13744,97420,98378,99422,645479463,513623233,9367515,505,"",1.00,1.00,1.00,1.00,1.00,1.00,1.00,1.00,"",-272,-1.9,-13477,-12.2,-12556,-11.3,-9514,-8.7,-62728143,-8.9,-41426260,-7.5,164760,1.8,11,2.2
"US000","5","445291","18","0","2021","1","",2431,17193,17561,17856,130459079,100361647,1748484,572,"",1.00,1.00,1.00,1.00,1.00,1.00,1.00,1.00,"",-84,-3.3,-2422,-12.3,-2166,-11.0,-1515,-7.8,-12972786,-9.0,-10666892,-9.6,-80209,-4.4,8,1.4
"US000","5","445292","18","0","2021","1","",2909,17583,17787,17751,95424892,73732720,1782378,415,"",1.00,1.00,1.00,1.00,1.00,1.00,1.00,1.00,"",-147,-4.8,-4253,-19.5,-4133,-18.9,-3215,-15.3,-27958678,-22.7,-12452025,-14.4,-80039,-4.3,-25,-5.7
"US000","5","445299","18","0","2021","1","",8404,62644,63030,63815,419595492,339528866,5836653,511,"",1.00,1.00,1.00,1.00,1.00,1.00,1.00,1.00,"",-41,-0.5,-6802,-9.8,-6257,-9.0,-4784,-7.0,-21796679,-4.9,-18307343,-5.1,325008,5.9,20,4.1
"US000","5","4453","16","0","2021","1","",31672,163111,162508,163179,1075684262,890664458,13915815,508,"",1.00,1.00,1.00,1.00,1.00,1.00,1.00,1.00,"",396,1.3,2811,1.8,3170,2.0,4406,2.8,88779877,9.0,64034930,7.7,3129494,29.0,32,6.7
"US000","5","44531","17","0","2021","1","",31672,163111,162508,163179,1075684262,890664458,13915815,508,"",1.00,1.00,1.00,1.00,1.00,1.00,1.00,1.00,"",396,1.3,2811,1.8,3170,2.0,4406,2.8,88779877,9.0,64034930,7.7,3129494,29.0,32,6.7
"US000","5","445310","18","0","2021","1","",31672,163111,162508,163179,1075684262,890664458,13915815,508,"",1.00,1.00,1.00,1.00,1.00,1.00,1.00,1.00,"",396,1.3,2811,1.8,3170,2.0,4406,2.8,88779877,9.0,64034930,7.7,3129494,29.0,32,6.7
"US000","5","446","15","0","2021","1","",111734,1005036,1009177,1007659,10440227567,6753162110,101596370,797,"",1.00,1.00,1.00,1.00,1.00,1.00,1.00,1.00,"",-391,-0.3,-33204,-3.2,-19075,-1.9,-13140,-1.3,-529896349,-4.8,-243063904,-3.5,11488520,12.7,-23,-2.8
"US000","5","4461","16","0","2021","1","",111734,1005036,1009177,1007659,10440227567,6753162110,101596370,797,"",1.00,1.00,1.00,1.00,1.00,1.00,1.00,1.00,"",-391,-0.3,-33204,-3.2,-19075,-1.9,-13140,-1.3,-529896349,-4.8,-243063904,-3.5,11488520,12.7,-23,-2.8
"US000","5","44611","17","0","2021","1","",64303,684283,688340,692940,7589545051,4844673966,67096519,848,"",1.00,1.00,1.00,1.00,1.00,1.00,1.00,1.00,"",10,0.0,7279,1.1,9556,1.4,16922,2.5,-235412915,-3.0,-56722458,-1.2,11046188,19.7,-41,-4.6
"US000","5","446110","18","0","2021","1","",64303,684283,688340,692940,7589545051,4844673966,67096519,848,"",1.00,1.00,1.00,1.00,1.00,1.00,1.00,1.00,"",10,0.0,7279,1.1,9556,1.4,16922,2.5,-235412915,-3.0,-56722458,-1.2,11046188,19.7,-41,-4.6
"US000","5","44612","17","0","2021","1","",17062,154348,153422,146120,1056355735,709526162,12490578,537,"",1.00,1.00,1.00,1.00,1.00,1.00,1.00,1.00,"",475,2.9,-25922,-14.4,-14913,-8.9,-19340,-11.7,-201508208,-16.0,-112661464,-13.7,-763788,-5.8,-28,-5.0
"US000","5","446120","18","0","2021","1","",17062,154348,153422,146120,1056355735,709526162,12490578,537,"",1.00,1.00,1.00,1.00,1.00,1.00,1.00,1.00,"",475,2.9,-25922,-14.4,-14913,-8.9,-19340,-11.7,-201508208,-16.0,-112661464,-13.7,-763788,-5.8,-28,-5.0
"US000","5","44613","17","0","2021","1","",10631,66261,66555,66918,629832115,461434059,7773440,728,"",1.00,1.00,1.00,1.00,1.00,1.00,1.00,1.00,"",-292,-2.7,-5942,-8.2,-5958,-8.2,-4973,-6.9,-65321158,-9.4,-39114059,-7.8,522267,7.2,-13,-1.8
"US000","5","446130","18","0","2021","1","",10631,66261,66555,66918,629832115,461434059,7773440,728,"",1.00,1.00,1.00,1.00,1.00,1.00,1.00,1.00,"",-292,-2.7,-5942,-8.2,-5958,-8.2,-4973,-6.9,-65321158,-9.4,-39114059,-7.8,522267,7.2,-13,-1.8
"US000","5","44619","17","0","2021","1","",19738,100144,100860,101681,1164494666,737527923,14235833,888,"",1.00,1.00,1.00,1.00,1.00,1.00,1.00,1.00,"",-584,-2.9,-8619,-7.9,-7760,-7.1,-5749,-5.4,-27654068,-2.3,-34565923,-4.5,683853,5.0,41,4.8
"US000","5","446191","18","0","2021","1","",9672,41322,41689,42004,349017446,243890895,4582538,644,"",1.00,1.00,1.00,1.00,1.00,1.00,1.00,1.00,"",-626,-6.1,-6702,-14.0,-5961,-12.5,-4951,-10.5,-11389414,-3.2,-23495316,-8.8,352019,8.3,61,10.5
"US000","5","446199","18","0","2021","1","",10066,58822,59171,59677,815477220,493637028,9653295,1059,"",1.00,1.00,1.00,1.00,1.00,1.00,1.00,1.00,"",42,0.4,-1917,-3.2,-1799,-3.0,-798,-1.3,-16264654,-2.0,-11070607,-2.2,331834,3.6,5,0.5
"US000","5","447","15","0","2021","1","",107725,922087,915288,917844,5665462622,4760710140,61691596,475,"",1.00,1.00,1.00,1.00,1.00,1.00,1.00,1.00,"",1139,1.1,-16074,-1.7,-21950,-2.3,-17258,-1.8,127391186,2.3,63736011,1.4,8602909,16.2,20,4.4
"US000","5","4471","16","0","2021","1","",107725,922087,915288,917844,5665462622,4760710140,61691596,475,"",1.00,1.00,1.00,1.00,1.00,1.00,1.00,1.00,"",1139,1.1,-16074,-1.7,-21950,-2.3,-17258,-1.8,127391186,2.3,63736011,1.4,8602909,16.2,20,4.4
"US000","5","44711","17","0","2021","1","",98047,828391,821768,824275,4883492652,4175237117,53399783,455,"",1.00,1.00,1.00,1.00,1.00,1.00,1.00,1.00,"",1292,1.3,-11284,-1.3,-17286,-2.1,-13338,-1.6,105876798,2.2,60792994,1.5,7511308,16.4,17,3.9
"US000","5","447110","18","0","2021","1","",98047,828391,821768,824275,4883492652,4175237117,53399783,455,"",1.00,1.00,1.00,1.00,1.00,1.00,1.00,1.00,"",1292,1.3,-11284,-1.3,-17286,-2.1,-13338,-1.6,105876798,2.2,60792994,1.5,7511308,16.4,17,3.9
"US000","5","44719","17","0","2021","1","",9678,93696,93520,93569,781969970,585473023,8291813,643,"",1.00,1.00,1.00,1.00,1.00,1.00,1.00,1.00,"",-153,-1.6,-4790,-4.9,-4664,-4.8,-3920,-4.0,21514388,2.8,2943017,0.5,1091601,15.2,46,7.7
"US000","5","447190","18","0","2021","1","",9678,93696,93520,93569,781969970,585473023,8291813,643,"",1.00,1.00,1.00,1.00,1.00,1.00,1.00,1.00,"",-153,-1.6,-4790,-4.9,-4664,-4.8,-3920,-4.0,21514388,2.8,2943017,0.5,1091601,15.2,46,7.7
"US000","5","448","15","0","2021","1","",112576,989226,950378,957114,6299360602,4525428690,79921783,502,"",1.00,1.00,1.00,1.00,1.00,1.00,1.00,1.00,"",-5513,-4.7,-278371,-22.0,-270954,-22.2,-242119,-20.2,-1341838022,-17.6,-1091965606,-19.4,-4890196,-5.8,24,5.0
"US000","5","4481","16","0","2021","1","",76616,719817,687934,694893,4093544172,3053009910,54263721,449,"",1.00,1.00,1.00,1.00,1.00,1.00,1.00,1.00,"",-4488,-5.5,-233966,-24.5,-226926,-24.8,-203095,-22.6,-1169739046,-22.2,-893806820,-22.6,-5631818,-9.4,10,2.3
"US000","5","44811","17","0","2021","1","",5717,30489,29107,29615,248440256,181332992,3436952,643,"",1.00,1.00,1.00,1.00,1.00,1.00,1.00,1.00,"",-266,-4.4,-15793,-34.1,-15704,-35.0,-14206,-32.4,-132550860,-34.8,-97959361,-35.1,-1539996,-30.9,-9,-1.4
"US000","5","448110","18","0","2021","1","",5717,30489,29107,29615,248440256,181332992,3436952,643,"",1.00,1.00,1.00,1.00,1.00,1.00,1.00,1.00,"",-266,-4.4,-15793,-34.1,-15704,-35.0,-14206,-32.4,-132550860,-34.8,-97959361,-35.1,-1539996,-30.9,-9,-1.4
"US000","5","44812","17","0","2021","1","",24674,172517,166158,168106,963752274,723743036,14459221,439,"",1.00,1.00,1.00,1.00,1.00,1.00,1.00,1.00,"",-2297,-8.5,-63493,-26.9,-62213,-27.2,-54693,-24.5,-330897038,-25.6,-249148880,-25.6,-1214649,-7.7,4,0.9
"US000","5","448120","18","0","2021","1","",24674,172517,166158,168106,963752274,723743036,14459221,439,"",1.00,1.00,1.00,1.00,1.00,1.00,1.00,1.00,"",-2297,-8.5,-63493,-26.9,-62213,-27.2,-54693,-24.5,-330897038,-25.6,-249148880,-25.6,-1214649,-7.7,4,0.9
"US000","5","44813","17","0","2021","1","",3888,32734,29668,29576,152215592,115003832,2133198,382,"",1.00,1.00,1.00,1.00,1.00,1.00,1.00,1.00,"",-733,-15.9,-17070,-34.3,-19265,-39.4,-16205,-35.4,-56477100,-27.1,-51548893,-31.0,-253943,-10.6,49,14.7
"US000","5","448130","18","0","2021","1","",3888,32734,29668,29576,152215592,115003832,2133198,382,"",1.00,1.00,1.00,1.00,1.00,1.00,1.00,1.00,"",-733,-15.9,-17070,-34.3,-19265,-39.4,-16205,-35.4,-56477100,-27.1,-51548893,-31.0,-253943,-10.6,49,14.7
"US000","5","44814","17","0","2021","1","",22560,356433,338343,341305,1864559872,1399166498,22904943,415,"",1.00,1.00,1.00,1.00,1.00,1.00,1.00,1.00,"",-873,-3.7,-91545,-20.4,-90304,-21.1,-83745,-19.7,-427805415,-18.7,-317994135,-18.5,-1678319,-6.8,9,2.2
"US000","5","448140","18","0","2021","1","",22560,356433,338343,341305,1864559872,1399166498,22904943,415,"",1.00,1.00,1.00,1.00,1.00,1.00,1.00,1.00,"",-873,-3.7,-91545,-20.4,-90304,-21.1,-83745,-19.7,-427805415,-18.7,-317994135,-18.5,-1678319,-6.8,9,2.2
"US000","5","44815","17","0","2021","1","",8183,41880,40523,41015,326822357,215269442,4192477,611,"",1.00,1.00,1.00,1.00,1.00,1.00,1.00,1.00,"",27,0.3,-8608,-17.0,-8821,-17.9,-7133,-14.8,-55178403,-14.4,-40421176,-15.8,35019,0.8,15,2.5
"US000","5","448150","18","0","2021","1","",8183,41880,40523,41015,326822357,215269442,4192477,611,"",1.00,1.00,1.00,1.00,1.00,1.00,1.00,1.00,"",27,0.3,-8608,-17.0,-8821,-17.9,-7133,-14.8,-55178403,-14.4,-40421176,-15.8,35019,0.8,15,2.5
"US000","5","44819","17","0","2021","1","",11594,85764,84135,85276,537753821,418494110,7136930,486,"",1.00,1.00,1.00,1.00,1.00,1.00,1.00,1.00,"",-346,-2.9,-37457,-30.4,-30619,-26.7,-27113,-24.1,-166830230,-23.7,-136734375,-24.6,-979930,-12.1,22,4.7
"US000","5","448190","18","0","2021","1","",11594,85764,84135,85276,537753821,418494110,7136930,486,"",1.00,1.00,1.00,1.00,1.00,1.00,1.00,1.00,"",-346,-2.9,-37457,-30.4,-30619,-26.7,-27113,-24.1,-166830230,-23.7,-136734375,-24.6,-979930,-12.1,22,4.7
"US000","5","4482","16","0","2021","1","",15766,160706,155818,157183,971943053,689924944,11523667,473,"",1.00,1.00,1.00,1.00,1.00,1.00,1.00,1.00,"",-377,-2.3,-24604,-13.3,-24750,-13.7,-23077,-12.8,-77874939,-7.4,-103585501,-13.1,359885,3.2,29,6.5
"US000","5","44821","17","0","2021","1","",15766,160706,155818,157183,971943053,689924944,11523667,473,"",1.00,1.00,1.00,1.00,1.00,1.00,1.00,1.00,"",-377,-2.3,-24604,-13.3,-24750,-13.7,-23077,-12.8,-77874939,-7.4,-103585501,-13.1,359885,3.2,29,6.5
"US000","5","448210","18","0","2021","1","",15766,160706,155818,157183,971943053,689924944,11523667,473,"",1.00,1.00,1.00,1.00,1.00,1.00,1.00,1.00,"",-377,-2.3,-24604,-13.3,-24750,-13.7,-23077,-12.8,-77874939,-7.4,-103585501,-13.1,359885,3.2,29,6.5
"US000","5","4483","16","0","2021","1","",20194,108703,106626,105038,1233873377,782493836,14134395,889,"",1.00,1.00,1.00,1.00,1.00,1.00,1.00,1.00,"",-648,-3.1,-19801,-15.4,-19278,-15.3,-15947,-13.2,-94224037,-7.1,-94573285,-10.8,381737,2.8,73,8.9
"US000","5","44831","17","0","2021","1","",19005,98792,97405,95955,1107699356,707335014,12415056,875,"",1.00,1.00,1.00,1.00,1.00,1.00,1.00,1.00,"",-527,-2.7,-15935,-13.9,-15471,-13.7,-12195,-11.3,-64521885,-5.5,-73913537,-9.5,437380,3.7,69,8.6
"US000","5","448310","18","0","2021","1","",19005,98792,97405,95955,1107699356,707335014,12415056,875,"",1.00,1.00,1.00,1.00,1.00,1.00,1.00,1.00,"",-527,-2.7,-15935,-13.9,-15471,-13.7,-12195,-11.3,-64521885,-5.5,-73913537,-9.5,437380,3.7,69,8.6
"US000","5","44832","17","0","2021","1","",1189,9911,9221,9083,126174021,75158822,1719339,1032,"",1.00,1.00,1.00,1.00,1.00,1.00,1.00,1.00,"",-121,-9.2,-3866,-28.1,-3807,-29.2,-3752,-29.2,-29702152,-19.1,-20659748,-21.6,-55643,-3.1,125,13.8
"US000","5","448320","18","0","2021","1","",1189,9911,9221,9083,126174021,75158822,1719339,1032,"",1.00,1.00,1.00,1.00,1.00,1.00,1.00,1.00,"",-121,-9.2,-3866,-28.1,-3807,-29.2,-3752,-29.2,-29702152,-19.1,-20659748,-21.6,-55643,-3.1,125,13.8
"US000","5","451","15","0","2021","1","",47525,515917,502203,501844,3142560027,2486716345,34135479,477,"",1.00,1.00,1.00,1.00,1.00,1.00,1.00,1.00,"",-797,-1.6,-35486,-6.4,-33066,-6.2,-21007,-4.0,84317302,2.8,-15158447,-0.6,4197910,14.0,39,8.9
"US000","5","4511","16","0","2021","1","",40591,458301,446898,447555,2827940095,2230683336,30061426,482,"",1.00,1.00,1.00,1.00,1.00,1.00,1.00,1.00,"",-618,-1.5,-10184,-2.2,-9955,-2.2,-2606,-0.6,163404401,6.1,48937400,2.2,4287499,16.6,35,7.8
"US000","5","45111","17","0","2021","1","",22462,275515,269524,271758,1828163668,1424724952,19747330,517,"",1.00,1.00,1.00,1.00,1.00,1.00,1.00,1.00,"",-163,-0.7,3534,1.3,4735,1.8,8423,3.2,180055772,10.9,99742410,7.5,3505645,21.6,42,8.8
"US000","5","451110","18","0","2021","1","",22462,275515,269524,271758,1828163668,1424724952,19747330,517,"",1.00,1.00,1.00,1.00,1.00,1.00,1.00,1.00,"",-163,-0.7,3534,1.3,4735,1.8,8423,3.2,180055772,10.9,99742410,7.5,3505645,21.6,42,8.8
"US000","5","45112","17","0","2021","1","",10521,117000,112257,111253,624174236,504132447,6320551,423,"",1.00,1.00,1.00,1.00,1.00,1.00,1.00,1.00,"",-369,-3.4,-12005,-9.3,-12246,-9.8,-9721,-8.0,-4647703,-0.7,-35968187,-6.7,435958,7.4,35,9.0
"US000","5","451120","18","0","2021","1","",10521,117000,112257,111253,624174236,504132447,6320551,423,"",1.00,1.00,1.00,1.00,1.00,1.00,1.00,1.00,"",-369,-3.4,-12005,-9.3,-12246,-9.8,-9721,-8.0,-4647703,-0.7,-35968187,-6.7,435958,7.4,35,9.0
"US000","5","45113","17","0","2021","1","",3976,38104,36912,36306,170880965,139658423,1728811,354,"",1.00,1.00,1.00,1.00,1.00,1.00,1.00,1.00,"",-5,-0.1,2130,5.9,1159,3.2,1634,4.7,21599437,14.5,12299666,9.7,351066,25.5,30,9.3
"US000","5","451130","18","0","2021","1","",3976,38104,36912,36306,170880965,139658423,1728811,354,"",1.00,1.00,1.00,1.00,1.00,1.00,1.00,1.00,"",-5,-0.1,2130,5.9,1159,3.2,1634,4.7,21599437,14.5,12299666,9.7,351066,25.5,30,9.3
"US000","5","45114","17","0","2021","1","",3632,27682,28205,28238,204721226,162167514,2264734,562,"",1.00,1.00,1.00,1.00,1.00,1.00,1.00,1.00,"",-81,-2.2,-3843,-12.2,-3603,-11.3,-2942,-9.4,-33603105,-14.1,-27136489,-14.3,-5170,-0.2,-20,-3.4
"US000","5","451140","18","0","2021","1","",3632,27682,28205,28238,204721226,162167514,2264734,562,"",1.00,1.00,1.00,1.00,1.00,1.00,1.00,1.00,"",-81,-2.2,-3843,-12.2,-3603,-11.3,-2942,-9.4,-33603105,-14.1,-27136489,-14.3,-5170,-0.2,-20,-3.4
"US000","5","4512","16","0","2021","1","",6934,57616,55305,54289,314619932,256033009,4074053,434,"",1.00,1.00,1.00,1.00,1.00,1.00,1.00,1.00,"",-179,-2.5,-25302,-30.5,-23111,-29.5,-18401,-25.3,-79087099,-20.1,-64095847,-20.0,-89589,-2.2,46,11.9
"US000","5","45121","17","0","2021","1","",6934,57616,55305,54289,314619932,256033009,4074053,434,"",1.00,1.00,1.00,1.00,1.00,1.00,1.00,1.00,"",-179,-2.5,-25302,-30.5,-23111,-29.5,-18401,-25.3,-79087099,-20.1,-64095847,-20.0,-89589,-2.2,46,11.9
"US000","5","451211","18","0","2021","1","",6127,54373,52090,51012,290813063,238064418,3672525,426,"",1.00,1.00,1.00,1.00,1.00,1.00,1.00,1.00,"",-113,-1.8,-21929,-28.7,-19721,-27.5,-15307,-23.1,-54023954,-15.7,-42683387,-15.2,151772,4.3,55,14.8
"US000","5","451212","18","0","2021","1","",807,3243,3215,3277,23806869,17968591,401528,564,"",1.00,1.00,1.00,1.00,1.00,1.00,1.00,1.00,"",-66,-7.6,-3373,-51.0,-3390,-51.3,-3094,-48.6,-25063145,-51.3,-21412460,-54.4,-241361,-37.5,-12,-2.1
"US000","5","452","15","0","2021","1","",65790,3056714,2983844,2992594,20668124578,15400177643,195723687,528,"",1.00,1.00,1.00,1.00,1.00,1.00,1.00,1.00,"",1171,1.8,38559,1.3,58745,2.0,64126,2.2,1530359613,8.0,15776078,0.1,-50169401,-20.4,30,6.0
"US000","5","4522","16","0","2021","1","",11538,945263,893909,889526,5554280415,4286873863,63506941,470,"",1.00,1.00,1.00,1.00,1.00,1.00,1.00,1.00,"",-171,-1.5,-114153,-10.8,-97500,-9.8,-87418,-8.9,-467814173,-7.8,-486885994,-10.2,-23427325,-26.9,11,2.4
"US000","5","45221","17","0","2021","1","",11538,945263,893909,889526,5554280415,4286873863,63506941,470,"",1.00,1.00,1.00,1.00,1.00,1.00,1.00,1.00,"",-171,-1.5,-114153,-10.8,-97500,-9.8,-87418,-8.9,-467814173,-7.8,-486885994,-10.2,-23427325,-26.9,11,2.4
"US000","5","452210","18","0","2021","1","",11538,945263,893909,889526,5554280415,4286873863,63506941,470,"",1.00,1.00,1.00,1.00,1.00,1.00,1.00,1.00,"",-171,-1.5,-114153,-10.8,-97500,-9.8,-87418,-8.9,-467814173,-7.8,-486885994,-10.2,-23427325,-26.9,11,2.4
"US000","5","4523","16","0","2021","1","",54252,2111451,2089935,2103068,15113844163,11113303780,132216746,553,"",1.00,1.00,1.00,1.00,1.00,1.00,1.00,1.00,"",1342,2.5,152712,7.8,156245,8.1,151544,7.8,1998173786,15.2,502662072,4.7,-26742076,-16.8,35,6.8
"US000","5","45231","17","0","2021","1","",54252,2111451,2089935,2103068,15113844163,11113303780,132216746,553,"",1.00,1.00,1.00,1.00,1.00,1.00,1.00,1.00,"",1342,2.5,152712,7.8,156245,8.1,151544,7.8,1998173786,15.2,502662072,4.7,-26742076,-16.8,35,6.8
"US000","5","452311","18","0","2021","1","",6204,1592909,1579730,1594546,12515902848,8921986028,98030087,606,"",1.00,1.00,1.00,1.00,1.00,1.00,1.00,1.00,"",12,0.2,127211,8.7,135213,9.4,128771,8.8,1900276421,17.9,461599330,5.5,-31387011,-24.3,46,8.2
"US000","5","452319","18","0","2021","1","",48048,518542,510205,508522,2597941315,2191317752,34186659,390,"",1.00,1.00,1.00,1.00,1.00,1.00,1.00,1.00,"",1330,2.8,25501,5.2,21032,4.3,22773,4.7,97897365,3.9,41062742,1.9,4644935,15.7,-3,-0.8
"US000","5","453","15","0","2021","1","",112542,757804,766827,769703,5710109631,4021801730,71262755,574,"",1.00,1.00,1.00,1.00,1.00,1.00,1.00,1.00,"",-265,-0.2,-64961,-7.9,-59983,-7.3,-39146,-4.8,-159467020,-2.7,-170652524,-4.1,6207386,9.5,23,4.2
"US000","5","4531","16","0","2021","1","",11977,49835,55975,52404,292618617,256433864,3907304,427,"",1.00,1.00,1.00,1.00,1.00,1.00,1.00,1.00,"",-286,-2.3,-6077,-10.9,-6336,-10.2,-2604,-4.7,-24705681,-7.8,-20394254,-7.4,285988,7.9,4,0.9
"US000","5","45311","17","0","2021","1","",11977,49835,55975,52404,292618617,256433864,3907304,427,"",1.00,1.00,1.00,1.00,1.00,1.00,1.00,1.00,"",-286,-2.3,-6077,-10.9,-6336,-10.2,-2604,-4.7,-24705681,-7.8,-20394254,-7.4,285988,7.9,4,0.9
"US000","5","453110","18","0","2021","1","",11977,49835,55975,52404,292618617,256433864,3907304,427,"",1.00,1.00,1.00,1.00,1.00,1.00,1.00,1.00,"",-286,-2.3,-6077,-10.9,-6336,-10.2,-2604,-4.7,-24705681,-7.8,-20394254,-7.4,285988,7.9,4,0.9
"US000","5","4532","16","0","2021","1","",24815,186860,185204,184937,1323326763,957858595,15980131,548,"",1.00,1.00,1.00,1.00,1.00,1.00,1.00,1.00,"",-1148,-4.4,-40273,-17.7,-39696,-17.7,-32042,-14.8,-212136890,-13.8,-185025392,-16.2,-1452096,-8.3,18,3.4
"US000","5","45321","17","0","2021","1","",6667,78246,78558,78192,766633793,511820982,8927546,753,"",1.00,1.00,1.00,1.00,1.00,1.00,1.00,1.00,"",-362,-5.2,-14194,-15.4,-13798,-14.9,-12098,-13.4,-92689008,-10.8,-75476633,-12.9,-604008,-6.3,32,4.4
"US000","5","453210","18","0","2021","1","",6667,78246,78558,78192,766633793,511820982,8927546,753,"",1.00,1.00,1.00,1.00,1.00,1.00,1.00,1.00,"",-362,-5.2,-14194,-15.4,-13798,-14.9,-12098,-13.4,-92689008,-10.8,-75476633,-12.9,-604008,-6.3,32,4.4
"US000","5","45322","17","0","2021","1","",18148,108614,106646,106745,556692970,446037613,7052585,399,"",1.00,1.00,1.00,1.00,1.00,1.00,1.00,1.00,"",-786,-4.2,-26079,-19.4,-25898,-19.5,-19944,-15.7,-119447882,-17.7,-109548759,-19.7,-848088,-10.7,3,0.8
"US000","5","453220","18","0","2021","1","",18148,108614,106646,106745,556692970,446037613,7052585,399,"",1.00,1.00,1.00,1.00,1.00,1.00,1.00,1.00,"",-786,-4.2,-26079,-19.4,-25898,-19.5,-19944,-15.7,-119447882,-17.7,-109548759,-19.7,-848088,-10.7,3,0.8
"US000","5","4533","16","0","2021","1","",17003,164060,164858,167395,966185947,542133392,8989840,449,"",1.00,1.00,1.00,1.00,1.00,1.00,1.00,1.00,"",-265,-1.5,-14631,-8.2,-14339,-8.0,-10289,-5.8,-57925376,-5.7,-45190655,-7.7,343350,4.0,8,1.8
"US000","5","45331","17","0","2021","1","",17003,164060,164858,167395,966185947,542133392,8989840,449,"",1.00,1.00,1.00,1.00,1.00,1.00,1.00,1.00,"",-265,-1.5,-14631,-8.2,-14339,-8.0,-10289,-5.8,-57925376,-5.7,-45190655,-7.7,343350,4.0,8,1.8
"US000","5","453310","18","0","2021","1","",17003,164060,164858,167395,966185947,542133392,8989840,449,"",1.00,1.00,1.00,1.00,1.00,1.00,1.00,1.00,"",-265,-1.5,-14631,-8.2,-14339,-8.0,-10289,-5.8,-57925376,-5.7,-45190655,-7.7,343350,4.0,8,1.8
"US000","5","4539","16","0","2021","1","",58747,357049,360790,364967,3127978304,2265375879,42385480,667,"",1.00,1.00,1.00,1.00,1.00,1.00,1.00,1.00,"",1434,2.5,-3980,-1.1,388,0.1,5789,1.6,135300927,4.5,79957777,3.7,7030144,19.9,28,4.4
"US000","5","45391","17","0","2021","1","",9974,114493,116349,115419,805756623,638846013,8998845,537,"",1.00,1.00,1.00,1.00,1.00,1.00,1.00,1.00,"",-8,-0.1,-8827,-7.2,-6473,-5.3,-7313,-6.0,-11915957,-1.5,-25803057,-3.9,507805,6.0,25,4.9
"US000","5","453910","18","0","2021","1","",9974,114493,116349,115419,805756623,638846013,8998845,537,"",1.00,1.00,1.00,1.00,1.00,1.00,1.00,1.00,"",-8,-0.1,-8827,-7.2,-6473,-5.3,-7313,-6.0,-11915957,-1.5,-25803057,-3.9,507805,6.0,25,4.9
"US000","5","45392","17","0","2021","1","",4941,14298,14496,14718,215797547,111512898,2525184,1144,"",1.00,1.00,1.00,1.00,1.00,1.00,1.00,1.00,"",-153,-3.0,-3140,-18.0,-2991,-17.1,-2266,-13.3,-28310937,-11.6,-17144418,-13.3,246547,10.8,59,5.4
"US000","5","453920","18","0","2021","1","",4941,14298,14496,14718,215797547,111512898,2525184,1144,"",1.00,1.00,1.00,1.00,1.00,1.00,1.00,1.00,"",-153,-3.0,-3140,-18.0,-2991,-17.1,-2266,-13.3,-28310937,-11.6,-17144418,-13.3,246547,10.8,59,5.4
"US000","5","45393","17","0","2021","1","",2066,12635,12594,12736,211328601,112544365,2010336,1285,"",1.00,1.00,1.00,1.00,1.00,1.00,1.00,1.00,"",-43,-2.0,-513,-3.9,-584,-4.4,-402,-3.1,16195005,8.3,-191165,-0.2,18183,0.9,144,12.6
"US000","5","453930","18","0","2021","1","",2066,12635,12594,12736,211328601,112544365,2010336,1285,"",1.00,1.00,1.00,1.00,1.00,1.00,1.00,1.00,"",-43,-2.0,-513,-3.9,-584,-4.4,-402,-3.1,16195005,8.3,-191165,-0.2,18183,0.9,144,12.6
"US000","5","45399","17","0","2021","1","",41766,215623,217351,222094,1895095533,1402472603,28851115,668,"",1.00,1.00,1.00,1.00,1.00,1.00,1.00,1.00,"",1638,4.1,8500,4.1,10436,5.0,15770,7.6,159332816,9.2,123096417,9.6,6257609,27.7,22,3.4
"US000","5","453991","18","0","2021","1","",12533,46392,47130,47772,291832609,248417730,4039317,477,"",1.00,1.00,1.00,1.00,1.00,1.00,1.00,1.00,"",874,7.5,1978,4.5,2296,5.1,3186,7.1,31923209,12.3,25306759,11.3,864449,27.2,29,6.5
"US000","5","453998","18","0","2021","1","",29233,169231,170221,174322,1603262924,1154054873,24811798,720,"",1.00,1.00,1.00,1.00,1.00,1.00,1.00,1.00,"",764,2.7,6522,4.0,8140,5.0,12584,7.8,127409607,8.6,97789658,9.3,5393160,27.8,20,2.9
"US000","5","454","15","0","2021","1","",62659,608215,608987,609373,12539689127,7305911114,122300337,1584,"",1.00,1.00,1.00,1.00,1.00,1.00,1.00,1.00,"",5895,10.4,28351,4.9,31227,5.4,32682,5.7,1441902755,13.0,500395211,7.4,18111861,17.4,107,7.2
"US000","5","4541","16","0","2021","1","",38752,447448,446136,446423,10278002504,5792190621,88252433,1770,"",1.00,1.00,1.00,1.00,1.00,1.00,1.00,1.00,"",5324,15.9,42381,10.5,44052,11.0,43088,10.7,1470258187,16.7,571349250,10.9,17845009,25.3,91,5.4
"US000","5","45411","17","0","2021","1","",38752,447448,446136,446423,10278002504,5792190621,88252433,1770,"",1.00,1.00,1.00,1.00,1.00,1.00,1.00,1.00,"",5324,15.9,42381,10.5,44052,11.0,43088,10.7,1470258187,16.7,571349250,10.9,17845009,25.3,91,5.4
"US000","5","454110","18","0","2021","1","",38752,447448,446136,446423,10278002504,5792190621,88252433,1770,"",1.00,1.00,1.00,1.00,1.00,1.00,1.00,1.00,"",5324,15.9,42381,10.5,44052,11.0,43088,10.7,1470258187,16.7,571349250,10.9,17845009,25.3,91,5.4
"US000","5","4542","16","0","2021","1","",3443,27980,29140,29528,275077259,216344812,4578523,733,"",1.00,1.00,1.00,1.00,1.00,1.00,1.00,1.00,"",-116,-3.3,-11684,-29.5,-11402,-28.1,-10035,-25.4,-103921025,-27.4,-78673393,-26.7,-1351763,-22.8,3,0.4
"US000","5","45421","17","0","2021","1","",3443,27980,29140,29528,275077259,216344812,4578523,733,"",1.00,1.00,1.00,1.00,1.00,1.00,1.00,1.00,"",-116,-3.3,-11684,-29.5,-11402,-28.1,-10035,-25.4,-103921025,-27.4,-78673393,-26.7,-1351763,-22.8,3,0.4
"US000","5","454210","18","0","2021","1","",3443,27980,29140,29528,275077259,216344812,4578523,733,"",1.00,1.00,1.00,1.00,1.00,1.00,1.00,1.00,"",-116,-3.3,-11684,-29.5,-11402,-28.1,-10035,-25.4,-103921025,-27.4,-78673393,-26.7,-1351763,-22.8,3,0.4
"US000","5","4543","16","0","2021","1","",20464,132787,133711,133422,1986609364,1297375681,29469381,1146,"",1.00,1.00,1.00,1.00,1.00,1.00,1.00,1.00,"",687,3.5,-2346,-1.7,-1423,-1.1,-371,-0.3,75565593,4.0,7719354,0.6,1618615,5.8,55,5.0
"US000","5","45431","17","0","2021","1","",7874,73768,73968,73256,1097881676,760364971,20255297,1146,"",1.00,1.00,1.00,1.00,1.00,1.00,1.00,1.00,"",178,2.3,-2031,-2.7,-1432,-1.9,-1148,-1.5,13596219,1.3,-3290195,-0.4,1220236,6.4,37,3.3
"US000","5","454310","18","0","2021","1","",7874,73768,73968,73256,1097881676,760364971,20255297,1146,"",1.00,1.00,1.00,1.00,1.00,1.00,1.00,1.00,"",178,2.3,-2031,-2.7,-1432,-1.9,-1148,-1.5,13596219,1.3,-3290195,-0.4,1220236,6.4,37,3.3
"US000","5","45439","17","0","2021","1","",12590,59019,59743,60166,888727688,537010710,9214084,1146,"",1.00,1.00,1.00,1.00,1.00,1.00,1.00,1.00,"",509,4.2,-315,-0.5,9,0.0,777,1.3,61969374,7.5,11009549,2.1,398379,4.5,77,7.2
"US000","5","454390","18","0","2021","1","",12590,59019,59743,60166,888727688,537010710,9214084,1146,"",1.00,1.00,1.00,1.00,1.00,1.00,1.00,1.00,"",509,4.2,-315,-0.5,9,0.0,777,1.3,61969374,7.5,11009549,2.1,398379,4.5,77,7.2
"US000","5","48-49","14","0","2021","1","",280263,5884280,5794188,5783392,77670325824,47818618553,884575390,1026,"",1.00,1.00,1.00,1.00,1.00,1.00,1.00,1.00,"",13577,5.1,184669,3.2,210701,3.8,226042,4.1,-835009277,-1.1,461642096,1.0,81144202,10.1,-50,-4.6
"US000","5","481","15","0","2021","1","",6137,445454,443791,445312,10089082900,4568026533,55910652,1745,"",1.00,1.00,1.00,1.00,1.00,1.00,1.00,1.00,"",155,2.6,-68953,-13.4,-74237,-14.3,-71323,-13.8,-3845957916,-27.6,-1120286713,-19.7,1945,0.0,-331,-15.9
"US000","5","4811","16","0","2021","1","",2481,398550,397081,398192,8710537778,4080926141,47081068,1684,"",1.00,1.00,1.00,1.00,1.00,1.00,1.00,1.00,"",38,1.6,-67922,-14.6,-73024,-15.5,-70982,-15.1,-3867736313,-30.7,-1116156178,-21.5,-1161971,-2.4,-381,-18.5
"US000","5","48111","17","0","2021","1","",2481,398550,397081,398192,8710537778,4080926141,47081068,1684,"",1.00,1.00,1.00,1.00,1.00,1.00,1.00,1.00,"",38,1.6,-67922,-14.6,-73024,-15.5,-70982,-15.1,-3867736313,-30.7,-1116156178,-21.5,-1161971,-2.4,-381,-18.5
"US000","5","481111","18","0","2021","1","",1850,386072,384558,385476,8504290770,3953026599,45216674,1698,"",1.00,1.00,1.00,1.00,1.00,1.00,1.00,1.00,"",21,1.1,-69300,-15.2,-74414,-16.2,-72615,-15.9,-3892676204,-31.4,-1129593137,-22.2,-1613890,-3.4,-386,-18.5
"US000","5","481112","18","0","2021","1","",631,12478,12523,12716,206247008,127899542,1864394,1262,"",1.00,1.00,1.00,1.00,1.00,1.00,1.00,1.00,"",17,2.8,1378,12.4,1390,12.5,1633,14.7,24939891,13.8,13436959,11.7,451919,32.0,6,0.5
"US000","5","4812","16","0","2021","1","",3656,46904,46710,47120,1378545122,487100392,8829584,2260,"",1.00,1.00,1.00,1.00,1.00,1.00,1.00,1.00,"",117,3.3,-1031,-2.2,-1213,-2.5,-341,-0.7,21778397,1.6,-4130535,-0.8,1163916,15.2,75,3.4
"US000","5","48121","17","0","2021","1","",3656,46904,46710,47120,1378545122,487100392,8829584,2260,"",1.00,1.00,1.00,1.00,1.00,1.00,1.00,1.00,"",117,3.3,-1031,-2.2,-1213,-2.5,-341,-0.7,21778397,1.6,-4130535,-0.8,1163916,15.2,75,3.4
"US000","5","481211","18","0","2021","1","",2396,30122,29991,30226,929183863,309144988,5340310,2374,"",1.00,1.00,1.00,1.00,1.00,1.00,1.00,1.00,"",66,2.8,-1585,-5.0,-1840,-5.8,-1261,-4.0,-4194774,-0.4,-13612949,-4.2,605451,12.8,107,4.7
"US000","5","481212","18","0","2021","1","",539,10123,10141,10246,269242491,108000855,2272394,2036,"",1.00,1.00,1.00,1.00,1.00,1.00,1.00,1.00,"",21,4.1,385,4.0,610,6.4,832,8.8,33049388,14.0,4409581,4.3,367285,19.3,136,7.2
"US000","5","481219","18","0","2021","1","",721,6659,6578,6648,180118768,69954549,1216880,2090,"",1.00,1.00,1.00,1.00,1.00,1.00,1.00,1.00,"",30,4.3,169,2.6,17,0.3,88,1.3,-7076217,-3.8,5072833,7.8,191180,18.6,-113,-5.1
"US000","5","482","15","0","2021","1","",116,404,405,401,7037535,3885625,70515,1342,"",1.00,1.00,1.00,1.00,1.00,1.00,1.00,1.00,"",13,12.6,-10,-2.4,-5,-1.2,-10,-2.4,496553,7.6,-153426,-3.8,9204,15.0,120,9.8
"US000","5","4821","16","0","2021","1","",116,404,405,401,7037535,3885625,70515,1342,"",1.00,1.00,1.00,1.00,1.00,1.00,1.00,1.00,"",13,12.6,-10,-2.4,-5,-1.2,-10,-2.4,496553,7.6,-153426,-3.8,9204,15.0,120,9.8
"US000","5","48211","17","0","2021","1","",116,404,405,401,7037535,3885625,70515,1342,"",1.00,1.00,1.00,1.00,1.00,1.00,1.00,1.00,"",13,12.6,-10,-2.4,-5,-1.2,-10,-2.4,496553,7.6,-153426,-3.8,9204,15.0,120,9.8
"US000","5","482111","18","0","2021","1","",72,227,230,229,4053491,2377539,38838,1364,"",1.00,1.00,1.00,1.00,1.00,1.00,1.00,1.00,"",14,24.1,-8,-3.4,-3,-1.3,-1,-0.4,465120,13.0,-36194,-1.5,2190,6.0,178,15.0
"US000","5","482112","18","0","2021","1","",44,177,175,172,2984044,1508086,31677,1314,"",1.00,1.00,1.00,1.00,1.00,1.00,1.00,1.00,"",-1,-2.2,-2,-1.1,-2,-1.1,-9,-5.0,31433,1.1,-117232,-7.2,7014,28.4,45,3.5
"US000","5","483","15","0","2021","1","",2175,54685,54935,55222,1367799150,558673641,12903155,1915,"",1.00,1.00,1.00,1.00,1.00,1.00,1.00,1.00,"",59,2.8,-9799,-15.2,-9653,-14.9,-9149,-14.2,-241375869,-15.0,-91305237,-14.0,-659314,-4.9,-5,-0.3
"US000","5","4831","16","0","2021","1","",1366,30953,31052,31180,888543560,332522732,8892717,2200,"",1.00,1.00,1.00,1.00,1.00,1.00,1.00,1.00,"",52,4.0,-7654,-19.8,-7674,-19.8,-7196,-18.8,-183711443,-17.1,-69361653,-17.3,-270402,-3.0,62,2.9
"US000","5","48311","17","0","2021","1","",1366,30953,31052,31180,888543560,332522732,8892717,2200,"",1.00,1.00,1.00,1.00,1.00,1.00,1.00,1.00,"",52,4.0,-7654,-19.8,-7674,-19.8,-7196,-18.8,-183711443,-17.1,-69361653,-17.3,-270402,-3.0,62,2.9
"US000","5","483111","18","0","2021","1","",544,9986,10160,10027,312622792,105821899,3918231,2391,"",1.00,1.00,1.00,1.00,1.00,1.00,1.00,1.00,"",18,3.4,-13,-0.1,85,0.8,121,1.2,9581081,3.2,1322989,1.3,430840,12.4,58,2.5
"US000","5","483112","18","0","2021","1","",171,10030,9966,9995,319192066,85640592,844365,2456,"",1.00,1.00,1.00,1.00,1.00,1.00,1.00,1.00,"",9,5.6,-4889,-32.8,-4946,-33.2,-4769,-32.3,-139555050,-30.4,-41368032,-32.6,-39985,-4.5,82,3.5
"US000","5","483113","18","0","2021","1","",476,8550,8445,8432,208914281,117008641,3185428,1896,"",1.00,1.00,1.00,1.00,1.00,1.00,1.00,1.00,"",36,8.2,-793,-8.5,-727,-7.9,-578,-6.4,-25356137,-10.8,-8716162,-6.9,-216244,-6.4,-68,-3.5
"US000","5","483114","18","0","2021","1","",175,2387,2481,2726,47814421,24051600,944693,1453,"",1.00,1.00,1.00,1.00,1.00,1.00,1.00,1.00,"",-11,-5.9,-1959,-45.1,-2086,-45.7,-1970,-42.0,-28381337,-37.2,-20600448,-46.1,-445013,-32.0,161,12.5
"US000","5","4832","16","0","2021","1","",809,23732,23883,24042,479255590,226150909,4010438,1543,"",1.00,1.00,1.00,1.00,1.00,1.00,1.00,1.00,"",7,0.9,-2145,-8.3,-1979,-7.7,-1953,-7.5,-57664426,-10.7,-21943584,-8.8,-388912,-8.8,-51,-3.2
"US000","5","48321","17","0","2021","1","",809,23732,23883,24042,479255590,226150909,4010438,1543,"",1.00,1.00,1.00,1.00,1.00,1.00,1.00,1.00,"",7,0.9,-2145,-8.3,-1979,-7.7,-1953,-7.5,-57664426,-10.7,-21943584,-8.8,-388912,-8.8,-51,-3.2
"US000","5","483211","18","0","2021","1","",567,21083,21230,21276,443012230,202821213,3521444,1608,"",1.00,1.00,1.00,1.00,1.00,1.00,1.00,1.00,"",0,0.0,-1039,-4.7,-903,-4.1,-842,-3.8,-42158272,-8.7,-11990280,-5.6,-73617,-2.0,-79,-4.7
"US000","5","483212","18","0","2021","1","",242,2649,2653,2766,36243360,23329696,488994,1037,"",1.00,1.00,1.00,1.00,1.00,1.00,1.00,1.00,"",7,3.0,-1106,-29.5,-1076,-28.9,-1111,-28.7,-15506154,-30.0,-9953304,-29.9,-315295,-39.2,-14,-1.3
"US000","5","484","15","0","2021","1","",152974,1465624,1459233,1473724,19694594047,13847983736,239292563,1033,"",1.00,1.00,1.00,1.00,1.00,1.00,1.00,1.00,"",9232,6.4,-28486,-1.9,-31357,-2.1,-15253,-1.0,-314952751,-1.6,-118687470,-0.8,19366688,8.8,1,0.1
"US000","5","4841","16","0","2021","1","",101446,1033369,1029955,1037695,13941055126,9880183384,160002346,1037,"",1.00,1.00,1.00,1.00,1.00,1.00,1.00,1.00,"",8293,8.9,-8842,-0.8,-10037,-1.0,821,0.1,18166774,0.1,61637581,0.6,15681319,10.9,7,0.7
"US000","5","48411","17","0","2021","1","",39984,271771,270298,272360,3343114766,2466190938,53931622,947,"",1.00,1.00,1.00,1.00,1.00,1.00,1.00,1.00,"",2407,6.4,3873,1.4,2957,1.1,6609,2.5,12365729,0.4,41805651,1.7,4675102,9.5,-13,-1.4
"US000","5","484110","18","0","2021","1","",39984,271771,270298,272360,3343114766,2466190938,53931622,947,"",1.00,1.00,1.00,1.00,1.00,1.00,1.00,1.00,"",2407,6.4,3873,1.4,2957,1.1,6609,2.5,12365729,0.4,41805651,1.7,4675102,9.5,-13,-1.4
"US000","5","48412","17","0","2021","1","",61462,761598,759657,765335,10597940360,7413992446,106070724,1070,"",1.00,1.00,1.00,1.00,1.00,1.00,1.00,1.00,"",5886,10.6,-12715,-1.6,-12994,-1.7,-5788,-0.8,5801045,0.1,19831930,0.3,11006217,11.6,16,1.5
"US000","5","484121","18","0","2021","1","",50630,505177,504370,507648,6678568261,4846469186,67492563,1016,"",1.00,1.00,1.00,1.00,1.00,1.00,1.00,1.00,"",4729,10.3,-10456,-2.0,-10817,-2.1,-6596,-1.3,-11811599,-0.2,-3757399,-0.1,6864822,11.3,17,1.7
"US000","5","484122","18","0","2021","1","",10832,256421,255287,257687,3919372099,2567523260,38578161,1176,"",1.00,1.00,1.00,1.00,1.00,1.00,1.00,1.00,"",1157,12.0,-2259,-0.9,-2177,-0.8,808,0.3,17612644,0.5,23589329,0.9,4141395,12.0,11,0.9
"US000","5","4842","16","0","2021","1","",51528,432255,429278,436029,5753538921,3967800352,79290217,1023,"",1.00,1.00,1.00,1.00,1.00,1.00,1.00,1.00,"",939,1.9,-19644,-4.3,-21320,-4.7,-16074,-3.6,-333119525,-5.5,-180325051,-4.3,3685369,4.9,-14,-1.4
"US000","5","48421","17","0","2021","1","",9206,93614,92934,95265,926377013,677715488,13664467,759,"",1.00,1.00,1.00,1.00,1.00,1.00,1.00,1.00,"",452,5.2,-200,-0.2,-754,-0.8,778,0.8,-13215111,-1.4,634328,0.1,877229,6.9,-10,-1.3
"US000","5","484210","18","0","2021","1","",9206,93614,92934,95265,926377013,677715488,13664467,759,"",1.00,1.00,1.00,1.00,1.00,1.00,1.00,1.00,"",452,5.2,-200,-0.2,-754,-0.8,778,0.8,-13215111,-1.4,634328,0.1,877229,6.9,-10,-1.3
"US000","5","48422","17","0","2021","1","",30140,209646,207739,211945,2707012268,1992017262,45673336,993,"",1.00,1.00,1.00,1.00,1.00,1.00,1.00,1.00,"",265,0.9,-11217,-5.1,-11891,-5.4,-8192,-3.7,-219496783,-7.5,-120714213,-5.7,1179453,2.7,-29,-2.8
"US000","5","484220","18","0","2021","1","",30140,209646,207739,211945,2707012268,1992017262,45673336,993,"",1.00,1.00,1.00,1.00,1.00,1.00,1.00,1.00,"",265,0.9,-11217,-5.1,-11891,-5.4,-8192,-3.7,-219496783,-7.5,-120714213,-5.7,1179453,2.7,-29,-2.8
"US000","5","48423","17","0","2021","1","",12182,128995,128605,128819,2120149640,1298067602,19952414,1266,"",1.00,1.00,1.00,1.00,1.00,1.00,1.00,1.00,"",222,1.9,-8227,-6.0,-8675,-6.3,-8660,-6.3,-100407631,-4.5,-60245166,-4.4,1628687,8.9,22,1.8
"US000","5","484230","18","0","2021","1","",12182,128995,128605,128819,2120149640,1298067602,19952414,1266,"",1.00,1.00,1.00,1.00,1.00,1.00,1.00,1.00,"",222,1.9,-8227,-6.0,-8675,-6.3,-8660,-6.3,-100407631,-4.5,-60245166,-4.4,1628687,8.9,22,1.8
"US000","5","485","15","0","2021","1","",20161,351304,361399,367966,3858135362,2316024635,95403502,824,"",1.00,1.00,1.00,1.00,1.00,1.00,1.00,1.00,"",-620,-3.0,-143806,-29.0,-137341,-27.5,-118403,-24.3,-980601098,-20.3,-918047951,-28.4,-22352093,-19.0,70,9.3
"US000","5","4851","16","0","2021","1","",776,38262,38298,38369,464236461,328213700,6896397,932,"",1.00,1.00,1.00,1.00,1.00,1.00,1.00,1.00,"",-8,-1.0,-6724,-14.9,-6962,-15.4,-6687,-14.8,-101049600,-17.9,-60881284,-15.6,-581166,-7.8,-32,-3.3
"US000","5","48511","17","0","2021","1","",776,38262,38298,38369,464236461,328213700,6896397,932,"",1.00,1.00,1.00,1.00,1.00,1.00,1.00,1.00,"",-8,-1.0,-6724,-14.9,-6962,-15.4,-6687,-14.8,-101049600,-17.9,-60881284,-15.6,-581166,-7.8,-32,-3.3
"US000","5","485111","18","0","2021","1","",103,5113,5085,5059,66208279,35103572,623056,1001,"",1.00,1.00,1.00,1.00,1.00,1.00,1.00,1.00,"",-5,-4.6,-1295,-20.2,-1334,-20.8,-1326,-20.8,-14517713,-18.0,-8647213,-19.8,-211863,-25.4,31,3.2
"US000","5","485112","18","0","2021","1","",20,1178,1184,1168,19606398,14510898,218110,1282,"",1.00,1.00,1.00,1.00,1.00,1.00,1.00,1.00,"",2,11.1,-178,-13.1,-170,-12.6,-206,-15.0,-6291779,-24.3,-2436450,-14.4,5421,2.5,-181,-12.4
"US000","5","485113","18","0","2021","1","",605,31385,31435,31517,369507285,273527599,5973773,904,"",1.00,1.00,1.00,1.00,1.00,1.00,1.00,1.00,"",-14,-2.3,-5146,-14.1,-5358,-14.6,-5098,-13.9,-78694921,-17.6,-48483347,-15.1,-371946,-5.9,-37,-3.9
"US000","5","485119","18","0","2021","1","",48,586,594,625,8914499,5071631,81458,1140,"",1.00,1.00,1.00,1.00,1.00,1.00,1.00,1.00,"",9,23.1,-105,-15.2,-100,-14.4,-57,-8.4,-1545187,-14.8,-1314274,-20.6,-2778,-3.3,-28,-2.4
"US000","5","4852","16","0","2021","1","",496,12056,11953,12081,130432361,102161674,2118801,834,"",1.00,1.00,1.00,1.00,1.00,1.00,1.00,1.00,"",-14,-2.7,-5980,-33.2,-5749,-32.5,-5376,-30.8,-73891487,-36.2,-55996569,-35.4,-527153,-19.9,-52,-5.9
"US000","5","48521","17","0","2021","1","",496,12056,11953,12081,130432361,102161674,2118801,834,"",1.00,1.00,1.00,1.00,1.00,1.00,1.00,1.00,"",-14,-2.7,-5980,-33.2,-5749,-32.5,-5376,-30.8,-73891487,-36.2,-55996569,-35.4,-527153,-19.9,-52,-5.9
"US000","5","485210","18","0","2021","1","",496,12056,11953,12081,130432361,102161674,2118801,834,"",1.00,1.00,1.00,1.00,1.00,1.00,1.00,1.00,"",-14,-2.7,-5980,-33.2,-5749,-32.5,-5376,-30.8,-73891487,-36.2,-55996569,-35.4,-527153,-19.9,-52,-5.9
"US000","5","4853","16","0","2021","1","",6937,39109,39950,40992,1286466531,256583674,6390965,2473,"",1.00,1.00,1.00,1.00,1.00,1.00,1.00,1.00,"",-570,-7.6,-32840,-45.6,-32387,-44.8,-27507,-40.2,-116365670,-8.3,-202432674,-44.1,-3415574,-34.8,952,62.6
"US000","5","48531","17","0","2021","1","",2831,23667,23763,23824,1169313129,162168991,3981854,3787,"",1.00,1.00,1.00,1.00,1.00,1.00,1.00,1.00,"",-155,-5.2,-12525,-34.6,-12611,-34.7,-11865,-33.2,43691355,3.9,-71129553,-30.5,-720987,-15.3,1387,57.8
"US000","5","485310","18","0","2021","1","",2831,23667,23763,23824,1169313129,162168991,3981854,3787,"",1.00,1.00,1.00,1.00,1.00,1.00,1.00,1.00,"",-155,-5.2,-12525,-34.6,-12611,-34.7,-11865,-33.2,43691355,3.9,-71129553,-30.5,-720987,-15.3,1387,57.8
"US000","5","48532","17","0","2021","1","",4106,15442,16187,17168,117153402,94414683,2409111,554,"",1.00,1.00,1.00,1.00,1.00,1.00,1.00,1.00,"",-415,-9.2,-20315,-56.8,-19776,-55.0,-15642,-47.7,-160057025,-57.7,-131303121,-58.2,-2694587,-52.8,-58,-9.5
"US000","5","485320","18","0","2021","1","",4106,15442,16187,17168,117153402,94414683,2409111,554,"",1.00,1.00,1.00,1.00,1.00,1.00,1.00,1.00,"",-415,-9.2,-20315,-56.8,-19776,-55.0,-15642,-47.7,-160057025,-57.7,-131303121,-58.2,-2694587,-52.8,-58,-9.5
"US000","5","4854","16","0","2021","1","",4236,165199,173304,176840,1066457478,970920726,63313882,478,"",1.00,1.00,1.00,1.00,1.00,1.00,1.00,1.00,"",-83,-1.9,-55694,-25.2,-49462,-22.2,-40782,-18.7,-404009887,-27.5,-335095230,-25.7,-13291117,-17.4,-35,-6.8
"US000","5","48541","17","0","2021","1","",4236,165199,173304,176840,1066457478,970920726,63313882,478,"",1.00,1.00,1.00,1.00,1.00,1.00,1.00,1.00,"",-83,-1.9,-55694,-25.2,-49462,-22.2,-40782,-18.7,-404009887,-27.5,-335095230,-25.7,-13291117,-17.4,-35,-6.8
"US000","5","485410","18","0","2021","1","",4236,165199,173304,176840,1066457478,970920726,63313882,478,"",1.00,1.00,1.00,1.00,1.00,1.00,1.00,1.00,"",-83,-1.9,-55694,-25.2,-49462,-22.2,-40782,-18.7,-404009887,-27.5,-335095230,-25.7,-13291117,-17.4,-35,-6.8
"US000","5","4855","16","0","2021","1","",1275,12818,13782,14884,126048970,99814960,2137186,701,"",1.00,1.00,1.00,1.00,1.00,1.00,1.00,1.00,"",-64,-4.8,-13515,-51.3,-13373,-49.2,-11056,-42.6,-119105955,-48.6,-93830372,-48.5,-1822814,-46.0,-11,-1.5
"US000","5","48551","17","0","2021","1","",1275,12818,13782,14884,126048970,99814960,2137186,701,"",1.00,1.00,1.00,1.00,1.00,1.00,1.00,1.00,"",-64,-4.8,-13515,-51.3,-13373,-49.2,-11056,-42.6,-119105955,-48.6,-93830372,-48.5,-1822814,-46.0,-11,-1.5
"US000","5","485510","18","0","2021","1","",1275,12818,13782,14884,126048970,99814960,2137186,701,"",1.00,1.00,1.00,1.00,1.00,1.00,1.00,1.00,"",-64,-4.8,-13515,-51.3,-13373,-49.2,-11056,-42.6,-119105955,-48.6,-93830372,-48.5,-1822814,-46.0,-11,-1.5
"US000","5","4859","16","0","2021","1","",6441,83860,84112,84800,784493561,558329901,14546271,716,"",1.00,1.00,1.00,1.00,1.00,1.00,1.00,1.00,"",119,1.9,-29053,-25.7,-29408,-25.9,-26995,-24.1,-166178499,-17.5,-169811822,-23.3,-2714269,-15.7,67,10.3
"US000","5","48599","17","0","2021","1","",6441,83860,84112,84800,784493561,558329901,14546271,716,"",1.00,1.00,1.00,1.00,1.00,1.00,1.00,1.00,"",119,1.9,-29053,-25.7,-29408,-25.9,-26995,-24.1,-166178499,-17.5,-169811822,-23.3,-2714269,-15.7,67,10.3
"US000","5","485991","18","0","2021","1","",3717,58752,58850,59287,494694986,383651890,10204331,645,"",1.00,1.00,1.00,1.00,1.00,1.00,1.00,1.00,"",42,1.1,-18208,-23.7,-18508,-23.9,-17383,-22.7,-121619696,-19.7,-104525577,-21.4,-1847279,-15.3,29,4.7
"US000","5","485999","18","0","2021","1","",2724,25108,25262,25513,289798575,174678011,4341940,881,"",1.00,1.00,1.00,1.00,1.00,1.00,1.00,1.00,"",77,2.9,-10845,-30.2,-10900,-30.1,-9612,-27.4,-44558803,-13.3,-65286245,-27.2,-866990,-16.6,161,22.4
"US000","5","486","15","0","2021","1","",3260,49887,49848,49489,2044959927,645822643,9247770,3162,"",1.00,1.00,1.00,1.00,1.00,1.00,1.00,1.00,"",28,0.9,-1909,-3.7,-1980,-3.8,-2563,-4.9,-254421799,-11.1,-25203747,-3.8,352333,4.0,-247,-7.2
"US000","5","4861","16","0","2021","1","",589,11555,11486,11392,468101888,149176093,2370569,3137,"",1.00,1.00,1.00,1.00,1.00,1.00,1.00,1.00,"",-1,-0.2,-964,-7.7,-1054,-8.4,-1180,-9.4,-17859589,-3.7,-7778569,-5.0,-130897,-5.2,157,5.3
"US000","5","48611","17","0","2021","1","",589,11555,11486,11392,468101888,149176093,2370569,3137,"",1.00,1.00,1.00,1.00,1.00,1.00,1.00,1.00,"",-1,-0.2,-964,-7.7,-1054,-8.4,-1180,-9.4,-17859589,-3.7,-7778569,-5.0,-130897,-5.2,157,5.3
"US000","5","486110","18","0","2021","1","",589,11555,11486,11392,468101888,149176093,2370569,3137,"",1.00,1.00,1.00,1.00,1.00,1.00,1.00,1.00,"",-1,-0.2,-964,-7.7,-1054,-8.4,-1180,-9.4,-17859589,-3.7,-7778569,-5.0,-130897,-5.2,157,5.3
"US000","5","4862","16","0","2021","1","",2024,30170,30134,29957,1280158349,383632574,5352766,3273,"",1.00,1.00,1.00,1.00,1.00,1.00,1.00,1.00,"",32,1.6,-574,-1.9,-629,-2.0,-1074,-3.5,-163924608,-11.4,-15839388,-4.0,268093,5.3,-328,-9.1
"US000","5","48621","17","0","2021","1","",2024,30170,30134,29957,1280158349,383632574,5352766,3273,"",1.00,1.00,1.00,1.00,1.00,1.00,1.00,1.00,"",32,1.6,-574,-1.9,-629,-2.0,-1074,-3.5,-163924608,-11.4,-15839388,-4.0,268093,5.3,-328,-9.1
"US000","5","486210","18","0","2021","1","",2024,30170,30134,29957,1280158349,383632574,5352766,3273,"",1.00,1.00,1.00,1.00,1.00,1.00,1.00,1.00,"",32,1.6,-574,-1.9,-629,-2.0,-1074,-3.5,-163924608,-11.4,-15839388,-4.0,268093,5.3,-328,-9.1
"US000","5","4869","16","0","2021","1","",647,8162,8228,8140,296699690,113013976,1524435,2791,"",1.00,1.00,1.00,1.00,1.00,1.00,1.00,1.00,"",-3,-0.5,-371,-4.3,-297,-3.5,-309,-3.7,-72637602,-19.7,-1585790,-1.4,215137,16.4,-551,-16.5
"US000","5","48691","17","0","2021","1","",586,7473,7538,7442,275133620,105365068,1332578,2828,"",1.00,1.00,1.00,1.00,1.00,1.00,1.00,1.00,"",-4,-0.7,-154,-2.0,-111,-1.5,-112,-1.5,-65722055,-19.3,628416,0.6,194642,17.1,-617,-17.9
"US000","5","486910","18","0","2021","1","",586,7473,7538,7442,275133620,105365068,1332578,2828,"",1.00,1.00,1.00,1.00,1.00,1.00,1.00,1.00,"",-4,-0.7,-154,-2.0,-111,-1.5,-112,-1.5,-65722055,-19.3,628416,0.6,194642,17.1,-617,-17.9
"US000","5","48699","17","0","2021","1","",61,689,690,698,21566070,7648908,191857,2396,"",1.00,1.00,1.00,1.00,1.00,1.00,1.00,1.00,"",1,1.7,-217,-24.0,-186,-21.2,-197,-22.0,-6915547,-24.3,-2214206,-22.4,20495,12.0,-59,-2.4
"US000","5","486990","18","0","2021","1","",61,689,690,698,21566070,7648908,191857,2396,"",1.00,1.00,1.00,1.00,1.00,1.00,1.00,1.00,"",1,1.7,-217,-24.0,-186,-21.2,-197,-22.0,-6915547,-24.3,-2214206,-22.4,20495,12.0,-59,-2.4
"US000","5","487","15","0","2021","1","",3366,13233,13969,15851,131819532,97692804,2242053,707,"",1.00,1.00,1.00,1.00,1.00,1.00,1.00,1.00,"",4,0.1,-13575,-50.6,-12510,-47.2,-10510,-39.9,-115276548,-46.7,-88562005,-47.5,-2298295,-50.6,-9,-1.3
"US000","5","4871","16","0","2021","1","",854,4770,5007,5677,45517332,33311959,853024,680,"",1.00,1.00,1.00,1.00,1.00,1.00,1.00,1.00,"",-80,-8.6,-6574,-58.0,-6280,-55.6,-5362,-48.6,-58515317,-56.2,-42071457,-55.8,-1185010,-58.1,-33,-4.6
"US000","5","48711","17","0","2021","1","",854,4770,5007,5677,45517332,33311959,853024,680,"",1.00,1.00,1.00,1.00,1.00,1.00,1.00,1.00,"",-80,-8.6,-6574,-58.0,-6280,-55.6,-5362,-48.6,-58515317,-56.2,-42071457,-55.8,-1185010,-58.1,-33,-4.6
"US000","5","487110","18","0","2021","1","",854,4770,5007,5677,45517332,33311959,853024,680,"",1.00,1.00,1.00,1.00,1.00,1.00,1.00,1.00,"",-80,-8.6,-6574,-58.0,-6280,-55.6,-5362,-48.6,-58515317,-56.2,-42071457,-55.8,-1185010,-58.1,-33,-4.6
"US000","5","4872","16","0","2021","1","",2245,6989,7434,8533,66992164,49225785,1149385,673,"",1.00,1.00,1.00,1.00,1.00,1.00,1.00,1.00,"",91,4.2,-5782,-45.3,-5044,-40.4,-4131,-32.6,-44688918,-40.0,-34215935,-41.0,-905500,-44.1,-7,-1.0
"US000","5","48721","17","0","2021","1","",2245,6989,7434,8533,66992164,49225785,1149385,673,"",1.00,1.00,1.00,1.00,1.00,1.00,1.00,1.00,"",91,4.2,-5782,-45.3,-5044,-40.4,-4131,-32.6,-44688918,-40.0,-34215935,-41.0,-905500,-44.1,-7,-1.0
"US000","5","487210","18","0","2021","1","",2245,6989,7434,8533,66992164,49225785,1149385,673,"",1.00,1.00,1.00,1.00,1.00,1.00,1.00,1.00,"",91,4.2,-5782,-45.3,-5044,-40.4,-4131,-32.6,-44688918,-40.0,-34215935,-41.0,-905500,-44.1,-7,-1.0
"US000","5","4879","16","0","2021","1","",267,1474,1528,1641,19310036,15155060,239644,960,"",1.00,1.00,1.00,1.00,1.00,1.00,1.00,1.00,"",-7,-2.6,-1219,-45.3,-1186,-43.7,-1017,-38.3,-12072313,-38.5,-12274613,-44.7,-207785,-46.4,62,6.9
"US000","5","48799","17","0","2021","1","",267,1474,1528,1641,19310036,15155060,239644,960,"",1.00,1.00,1.00,1.00,1.00,1.00,1.00,1.00,"",-7,-2.6,-1219,-45.3,-1186,-43.7,-1017,-38.3,-12072313,-38.5,-12274613,-44.7,-207785,-46.4,62,6.9
"US000","5","487990","18","0","2021","1","",267,1474,1528,1641,19310036,15155060,239644,960,"",1.00,1.00,1.00,1.00,1.00,1.00,1.00,1.00,"",-7,-2.6,-1219,-45.3,-1186,-43.7,-1017,-38.3,-12072313,-38.5,-12274613,-44.7,-207785,-46.4,62,6.9
"US000","5","488","15","0","2021","1","",50727,684066,685781,692092,10732920186,6169909914,118727540,1201,"",1.00,1.00,1.00,1.00,1.00,1.00,1.00,1.00,"",2110,4.3,-65634,-8.8,-62598,-8.4,-49023,-6.6,-493960809,-4.4,-402610739,-6.1,1619655,1.4,44,3.8
"US000","5","4881","16","0","2021","1","",8325,193257,194607,196595,2653768511,1626066128,29516518,1048,"",1.00,1.00,1.00,1.00,1.00,1.00,1.00,1.00,"",173,2.1,-44695,-18.8,-43722,-18.3,-40094,-16.9,-517739125,-16.3,-333067078,-17.0,-3335064,-10.2,21,2.0
"US000","5","48811","17","0","2021","1","",2267,78922,79588,81034,690995129,522610575,10609726,666,"",1.00,1.00,1.00,1.00,1.00,1.00,1.00,1.00,"",-2,-0.1,-32448,-29.1,-31788,-28.5,-29290,-26.5,-259218781,-27.3,-216409377,-29.3,-2836241,-21.1,8,1.2
"US000","5","488111","18","0","2021","1","",231,2035,1991,2021,36137139,21104071,355143,1379,"",1.00,1.00,1.00,1.00,1.00,1.00,1.00,1.00,"",5,2.2,231,12.8,184,10.2,256,14.5,1306069,3.7,1048972,5.2,39564,12.5,-116,-7.8
"US000","5","488119","18","0","2021","1","",2036,76887,77597,79013,654857990,501506504,10254583,647,"",1.00,1.00,1.00,1.00,1.00,1.00,1.00,1.00,"",-7,-0.3,-32679,-29.8,-31972,-29.2,-29546,-27.2,-260524850,-28.5,-217458349,-30.2,-2875805,-21.9,2,0.3
"US000","5","48819","17","0","2021","1","",6058,114335,115019,115561,1962773382,1103455553,18906792,1313,"",1.00,1.00,1.00,1.00,1.00,1.00,1.00,1.00,"",175,3.0,-12247,-9.7,-11934,-9.4,-10804,-8.5,-258520344,-11.6,-116657701,-9.6,-498823,-2.6,-36,-2.7
"US000","5","488190","18","0","2021","1","",6058,114335,115019,115561,1962773382,1103455553,18906792,1313,"",1.00,1.00,1.00,1.00,1.00,1.00,1.00,1.00,"",175,3.0,-12247,-9.7,-11934,-9.4,-10804,-8.5,-258520344,-11.6,-116657701,-9.6,-498823,-2.6,-36,-2.7
"US000","5","4882","16","0","2021","1","",1791,32734,32804,32995,472389415,322369847,7824808,1106,"",1.00,1.00,1.00,1.00,1.00,1.00,1.00,1.00,"",49,2.8,-2846,-8.0,-2767,-7.8,-2333,-6.6,-55392267,-10.5,-31058356,-8.8,-257444,-3.2,-38,-3.3
"US000","5","48821","17","0","2021","1","",1791,32734,32804,32995,472389415,322369847,7824808,1106,"",1.00,1.00,1.00,1.00,1.00,1.00,1.00,1.00,"",49,2.8,-2846,-8.0,-2767,-7.8,-2333,-6.6,-55392267,-10.5,-31058356,-8.8,-257444,-3.2,-38,-3.3
"US000","5","488210","18","0","2021","1","",1791,32734,32804,32995,472389415,322369847,7824808,1106,"",1.00,1.00,1.00,1.00,1.00,1.00,1.00,1.00,"",49,2.8,-2846,-8.0,-2767,-7.8,-2333,-6.6,-55392267,-10.5,-31058356,-8.8,-257444,-3.2,-38,-3.3
"US000","5","4883","16","0","2021","1","",2805,85857,84965,88698,1931635532,854756426,14151878,1718,"",1.00,1.00,1.00,1.00,1.00,1.00,1.00,1.00,"",25,0.9,-8148,-8.7,-7412,-8.0,-1188,-1.3,43997955,2.3,-14989666,-1.7,895773,6.8,141,8.9
"US000","5","48831","17","0","2021","1","",319,5997,6078,6106,120705811,66077821,969284,1532,"",1.00,1.00,1.00,1.00,1.00,1.00,1.00,1.00,"",2,0.6,-933,-13.5,-953,-13.6,-1014,-14.2,-17042569,-12.4,-7094381,-9.7,-186818,-16.2,24,1.6
"US000","5","488310","18","0","2021","1","",319,5997,6078,6106,120705811,66077821,969284,1532,"",1.00,1.00,1.00,1.00,1.00,1.00,1.00,1.00,"",2,0.6,-933,-13.5,-953,-13.6,-1014,-14.2,-17042569,-12.4,-7094381,-9.7,-186818,-16.2,24,1.6
"US000","5","48832","17","0","2021","1","",790,58028,56989,60730,1371697728,567584778,8850660,1801,"",1.00,1.00,1.00,1.00,1.00,1.00,1.00,1.00,"",6,0.8,-5197,-8.2,-4639,-7.5,1608,2.7,98638516,7.7,4997685,0.9,1130883,14.6,204,12.8
"US000","5","488320","18","0","2021","1","",790,58028,56989,60730,1371697728,567584778,8850660,1801,"",1.00,1.00,1.00,1.00,1.00,1.00,1.00,1.00,"",6,0.8,-5197,-8.2,-4639,-7.5,1608,2.7,98638516,7.7,4997685,0.9,1130883,14.6,204,12.8
"US000","5","48833","17","0","2021","1","",884,14934,14914,14934,311528364,155772622,2957804,1605,"",1.00,1.00,1.00,1.00,1.00,1.00,1.00,1.00,"",9,1.0,-1180,-7.3,-1057,-6.6,-955,-6.0,-27524161,-8.1,-10025208,-6.0,-65416,-2.2,-26,-1.6
"US000","5","488330","18","0","2021","1","",884,14934,14914,14934,311528364,155772622,2957804,1605,"",1.00,1.00,1.00,1.00,1.00,1.00,1.00,1.00,"",9,1.0,-1180,-7.3,-1057,-6.6,-955,-6.0,-27524161,-8.1,-10025208,-6.0,-65416,-2.2,-26,-1.6
"US000","5","48839","17","0","2021","1","",812,6898,6984,6928,127703629,65321205,1374130,1416,"",1.00,1.00,1.00,1.00,1.00,1.00,1.00,1.00,"",8,1.0,-838,-10.8,-763,-9.8,-827,-10.7,-10073831,-7.3,-2867762,-4.2,17124,1.3,48,3.5
"US000","5","488390","18","0","2021","1","",812,6898,6984,6928,127703629,65321205,1374130,1416,"",1.00,1.00,1.00,1.00,1.00,1.00,1.00,1.00,"",8,1.0,-838,-10.8,-763,-9.8,-827,-10.7,-10073831,-7.3,-2867762,-4.2,17124,1.3,48,3.5
"US000","5","4884","16","0","2021","1","",14238,105902,106396,105907,1170733683,860433304,16685413,849,"",1.00,1.00,1.00,1.00,1.00,1.00,1.00,1.00,"",883,6.6,-2018,-1.9,-1355,-1.3,-209,-0.2,33149659,2.9,8703182,1.0,1820076,12.2,33,4.0
"US000","5","48841","17","0","2021","1","",9909,66003,66191,66387,718940151,534158277,9771464,835,"",1.00,1.00,1.00,1.00,1.00,1.00,1.00,1.00,"",162,1.7,-2104,-3.1,-2070,-3.0,-719,-1.1,22338353,3.2,-341859,-0.1,1041880,11.9,45,5.7
"US000","5","488410","18","0","2021","1","",9909,66003,66191,66387,718940151,534158277,9771464,835,"",1.00,1.00,1.00,1.00,1.00,1.00,1.00,1.00,"",162,1.7,-2104,-3.1,-2070,-3.0,-719,-1.1,22338353,3.2,-341859,-0.1,1041880,11.9,45,5.7
"US000","5","48849","17","0","2021","1","",4329,39899,40205,39520,451793532,326275027,6913949,872,"",1.00,1.00,1.00,1.00,1.00,1.00,1.00,1.00,"",721,20.0,86,0.2,715,1.8,510,1.3,10811306,2.5,9045041,2.9,778196,12.7,12,1.4
"US000","5","488490","18","0","2021","1","",4329,39899,40205,39520,451793532,326275027,6913949,872,"",1.00,1.00,1.00,1.00,1.00,1.00,1.00,1.00,"",721,20.0,86,0.2,715,1.8,510,1.3,10811306,2.5,9045041,2.9,778196,12.7,12,1.4
"US000","5","4885","16","0","2021","1","",20723,233288,233675,234821,4047561598,2259086628,45160943,1331,"",1.00,1.00,1.00,1.00,1.00,1.00,1.00,1.00,"",829,4.2,-7413,-3.1,-6661,-2.8,-4169,-1.7,21796018,0.5,-27187587,-1.2,3091985,7.3,41,3.2
"US000","5","48851","17","0","2021","1","",20723,233288,233675,234821,4047561598,2259086628,45160943,1331,"",1.00,1.00,1.00,1.00,1.00,1.00,1.00,1.00,"",829,4.2,-7413,-3.1,-6661,-2.8,-4169,-1.7,21796018,0.5,-27187587,-1.2,3091985,7.3,41,3.2
"US000","5","488510","18","0","2021","1","",20723,233288,233675,234821,4047561598,2259086628,45160943,1331,"",1.00,1.00,1.00,1.00,1.00,1.00,1.00,1.00,"",829,4.2,-7413,-3.1,-6661,-2.8,-4169,-1.7,21796018,0.5,-27187587,-1.2,3091985,7.3,41,3.2
"US000","5","4889","16","0","2021","1","",2845,33028,33334,33076,456831447,247197581,5387980,1060,"",1.00,1.00,1.00,1.00,1.00,1.00,1.00,1.00,"",151,5.6,-514,-1.5,-681,-2.0,-1030,-3.0,-19773049,-4.1,-5011234,-2.0,-595671,-10.0,-22,-2.0
"US000","5","48899","17","0","2021","1","",2845,33028,33334,33076,456831447,247197581,5387980,1060,"",1.00,1.00,1.00,1.00,1.00,1.00,1.00,1.00,"",151,5.6,-514,-1.5,-681,-2.0,-1030,-3.0,-19773049,-4.1,-5011234,-2.0,-595671,-10.0,-22,-2.0
"US000","5","488991","18","0","2021","1","",1338,20908,21168,20879,213063441,152919693,3475177,781,"",1.00,1.00,1.00,1.00,1.00,1.00,1.00,1.00,"",65,5.1,829,4.1,992,4.9,414,2.0,966189,0.5,6079343,4.1,-207503,-5.6,-25,-3.1
"US000","5","488999","18","0","2021","1","",1507,12120,12166,12197,243768006,94277888,1912803,1542,"",1.00,1.00,1.00,1.00,1.00,1.00,1.00,1.00,"",86,6.1,-1343,-10.0,-1673,-12.1,-1444,-10.6,-20739238,-7.8,-11090577,-10.5,-388168,-16.9,51,3.4
"US000","5","491","15","0","2021","1","",974,7363,7253,7198,62069833,52238273,881937,657,"",1.00,1.00,1.00,1.00,1.00,1.00,1.00,1.00,"",38,4.1,405,5.8,370,5.4,382,5.6,5986584,10.7,6110456,13.2,200074,29.3,30,4.8
"US000","5","4911","16","0","2021","1","",974,7363,7253,7198,62069833,52238273,881937,657,"",1.00,1.00,1.00,1.00,1.00,1.00,1.00,1.00,"",38,4.1,405,5.8,370,5.4,382,5.6,5986584,10.7,6110456,13.2,200074,29.3,30,4.8
"US000","5","49111","17","0","2021","1","",974,7363,7253,7198,62069833,52238273,881937,657,"",1.00,1.00,1.00,1.00,1.00,1.00,1.00,1.00,"",38,4.1,405,5.8,370,5.4,382,5.6,5986584,10.7,6110456,13.2,200074,29.3,30,4.8
"US000","5","491110","18","0","2021","1","",974,7363,7253,7198,62069833,52238273,881937,657,"",1.00,1.00,1.00,1.00,1.00,1.00,1.00,1.00,"",38,4.1,405,5.8,370,5.4,382,5.6,5986584,10.7,6110456,13.2,200074,29.3,30,4.8
"US000","5","492","15","0","2021","1","",20677,1144587,1075449,1057041,12420935393,7610724863,113544079,875,"",1.00,1.00,1.00,1.00,1.00,1.00,1.00,1.00,"",1857,9.9,201532,21.4,231783,27.5,221142,26.5,2501266778,25.2,1402089424,22.6,33768173,42.3,2,0.2
"US000","5","4921","16","0","2021","1","",12188,972046,907274,894036,10311859352,6422558949,85718574,858,"",1.00,1.00,1.00,1.00,1.00,1.00,1.00,1.00,"",1090,9.8,160949,19.8,192442,26.9,186059,26.3,1549938808,17.7,1079861002,20.2,24153580,39.2,-47,-5.2
"US000","5","49211","17","0","2021","1","",12188,972046,907274,894036,10311859352,6422558949,85718574,858,"",1.00,1.00,1.00,1.00,1.00,1.00,1.00,1.00,"",1090,9.8,160949,19.8,192442,26.9,186059,26.3,1549938808,17.7,1079861002,20.2,24153580,39.2,-47,-5.2
"US000","5","492110","18","0","2021","1","",12188,972046,907274,894036,10311859352,6422558949,85718574,858,"",1.00,1.00,1.00,1.00,1.00,1.00,1.00,1.00,"",1090,9.8,160949,19.8,192442,26.9,186059,26.3,1549938808,17.7,1079861002,20.2,24153580,39.2,-47,-5.2
"US000","5","4922","16","0","2021","1","",8489,172541,168175,163005,2109076041,1188165914,27825505,966,"",1.00,1.00,1.00,1.00,1.00,1.00,1.00,1.00,"",767,9.9,40583,30.8,39341,30.5,35083,27.4,951327970,82.2,322228422,37.2,9614593,52.8,279,40.6
"US000","5","49221","17","0","2021","1","",8489,172541,168175,163005,2109076041,1188165914,27825505,966,"",1.00,1.00,1.00,1.00,1.00,1.00,1.00,1.00,"",767,9.9,40583,30.8,39341,30.5,35083,27.4,951327970,82.2,322228422,37.2,9614593,52.8,279,40.6
"US000","5","492210","18","0","2021","1","",8489,172541,168175,163005,2109076041,1188165914,27825505,966,"",1.00,1.00,1.00,1.00,1.00,1.00,1.00,1.00,"",767,9.9,40583,30.8,39341,30.5,35083,27.4,951327970,82.2,322228422,37.2,9614593,52.8,279,40.6
"US000","5","493","15","0","2021","1","",19696,1667673,1642125,1619096,17260971959,11947635886,236351624,808,"",1.00,1.00,1.00,1.00,1.00,1.00,1.00,1.00,"",701,3.7,314904,23.3,308229,23.1,280752,21.0,2903787598,20.2,1818299504,18.0,51135832,27.6,-15,-1.8
"US000","5","4931","16","0","2021","1","",19696,1667673,1642125,1619096,17260971959,11947635886,236351624,808,"",1.00,1.00,1.00,1.00,1.00,1.00,1.00,1.00,"",701,3.7,314904,23.3,308229,23.1,280752,21.0,2903787598,20.2,1818299504,18.0,51135832,27.6,-15,-1.8
"US000","5","49311","17","0","2021","1","",14753,1543034,1517371,1493973,15519601044,10798932891,211437033,786,"",1.00,1.00,1.00,1.00,1.00,1.00,1.00,1.00,"",671,4.8,319386,26.1,312526,25.9,284771,23.6,2959651437,23.6,1856803412,20.8,49573419,30.6,-11,-1.4
"US000","5","493110","18","0","2021","1","",14753,1543034,1517371,1493973,15519601044,10798932891,211437033,786,"",1.00,1.00,1.00,1.00,1.00,1.00,1.00,1.00,"",671,4.8,319386,26.1,312526,25.9,284771,23.6,2959651437,23.6,1856803412,20.8,49573419,30.6,-11,-1.4
"US000","5","49312","17","0","2021","1","",1538,66255,66412,66610,931952631,634574287,14144915,1079,"",1.00,1.00,1.00,1.00,1.00,1.00,1.00,1.00,"",101,7.0,-245,-0.4,-229,-0.3,-287,-0.4,31403811,3.5,-265012,0.0,1047304,8.0,40,3.8
"US000","5","493120","18","0","2021","1","",1538,66255,66412,66610,931952631,634574287,14144915,1079,"",1.00,1.00,1.00,1.00,1.00,1.00,1.00,1.00,"",101,7.0,-245,-0.4,-229,-0.3,-287,-0.4,31403811,3.5,-265012,0.0,1047304,8.0,40,3.8
"US000","5","49313","17","0","2021","1","",965,10325,10273,10339,121582317,91388556,1634523,907,"",1.00,1.00,1.00,1.00,1.00,1.00,1.00,1.00,"",15,1.6,-420,-3.9,-298,-2.8,-247,-2.3,-4909400,-3.9,-2349337,-2.5,137032,9.2,-8,-0.9
"US000","5","493130","18","0","2021","1","",965,10325,10273,10339,121582317,91388556,1634523,907,"",1.00,1.00,1.00,1.00,1.00,1.00,1.00,1.00,"",15,1.6,-420,-3.9,-298,-2.8,-247,-2.3,-4909400,-3.9,-2349337,-2.5,137032,9.2,-8,-0.9
"US000","5","49319","17","0","2021","1","",2440,48059,48069,48174,687835967,422740152,9135153,1100,"",1.00,1.00,1.00,1.00,1.00,1.00,1.00,1.00,"",-86,-3.4,-3817,-7.4,-3770,-7.3,-3485,-6.7,-82358250,-10.7,-35889559,-7.8,378077,4.3,-44,-3.8
"US000","5","493190","18","0","2021","1","",2440,48059,48069,48174,687835967,422740152,9135153,1100,"",1.00,1.00,1.00,1.00,1.00,1.00,1.00,1.00,"",-86,-3.4,-3817,-7.4,-3770,-7.3,-3485,-6.7,-82358250,-10.7,-35889559,-7.8,378077,4.3,-44,-3.8
"US000","5","51","14","0","2021","1","",212488,2685140,2755078,2754478,110935350599,33444587865,733379859,3124,"",1.00,1.00,1.00,1.00,1.00,1.00,1.00,1.00,"",20439,10.6,-189795,-6.6,-175652,-6.0,-125758,-4.4,10918398086,10.9,357171290,1.1,46794079,6.8,467,17.6
"US000","5","511","15","0","2021","1","",67616,776470,779174,782214,33052424764,11551062278,209201468,3263,"",1.00,1.00,1.00,1.00,1.00,1.00,1.00,1.00,"",9475,16.3,-3909,-0.5,-3924,-0.5,-606,-0.1,3899827607,13.4,459323257,4.1,18095190,9.5,396,13.8
"US000","5","5111","16","0","2021","1","",19511,247583,247227,246940,5439809922,2403703149,60994953,1692,"",1.00,1.00,1.00,1.00,1.00,1.00,1.00,1.00,"",-82,-0.4,-35238,-12.5,-35038,-12.4,-33534,-12.0,-610388635,-10.1,-298589973,-11.0,-76293,-0.1,41,2.5
"US000","5","51111","17","0","2021","1","",6672,105115,104658,104192,1758904565,895255717,21808233,1293,"",1.00,1.00,1.00,1.00,1.00,1.00,1.00,1.00,"",-229,-3.3,-19362,-15.6,-19116,-15.4,-18236,-14.9,-266493772,-13.2,-148920848,-14.3,-1476440,-6.3,32,2.5
"US000","5","511110","18","0","2021","1","",6672,105115,104658,104192,1758904565,895255717,21808233,1293,"",1.00,1.00,1.00,1.00,1.00,1.00,1.00,1.00,"",-229,-3.3,-19362,-15.6,-19116,-15.4,-18236,-14.9,-266493772,-13.2,-148920848,-14.3,-1476440,-6.3,32,2.5
"US000","5","51112","17","0","2021","1","",6658,68595,68740,68731,1918202282,704107470,19172737,2148,"",1.00,1.00,1.00,1.00,1.00,1.00,1.00,1.00,"",-94,-1.4,-9985,-12.7,-9911,-12.6,-9557,-12.2,-222355119,-10.4,-84667516,-10.7,-7517,0.0,51,2.4
"US000","5","511120","18","0","2021","1","",6658,68595,68740,68731,1918202282,704107470,19172737,2148,"",1.00,1.00,1.00,1.00,1.00,1.00,1.00,1.00,"",-94,-1.4,-9985,-12.7,-9911,-12.6,-9557,-12.2,-222355119,-10.4,-84667516,-10.7,-7517,0.0,51,2.4
"US000","5","51113","17","0","2021","1","",3963,50592,50592,50778,1293921128,571340681,13119886,1965,"",1.00,1.00,1.00,1.00,1.00,1.00,1.00,1.00,"",150,3.9,-2727,-5.1,-2801,-5.2,-2730,-5.1,-77707895,-5.7,-34932005,-5.8,1440136,12.3,-11,-0.6
"US000","5","511130","18","0","2021","1","",3963,50592,50592,50778,1293921128,571340681,13119886,1965,"",1.00,1.00,1.00,1.00,1.00,1.00,1.00,1.00,"",150,3.9,-2727,-5.1,-2801,-5.2,-2730,-5.1,-77707895,-5.7,-34932005,-5.8,1440136,12.3,-11,-0.6
"US000","5","51114","17","0","2021","1","",867,12798,12734,12723,270222928,129883008,4105771,1630,"",1.00,1.00,1.00,1.00,1.00,1.00,1.00,1.00,"",36,4.3,-1869,-12.7,-1840,-12.6,-1773,-12.2,-25810484,-8.7,-21284314,-14.1,-172393,-4.0,68,4.4
"US000","5","511140","18","0","2021","1","",867,12798,12734,12723,270222928,129883008,4105771,1630,"",1.00,1.00,1.00,1.00,1.00,1.00,1.00,1.00,"",36,4.3,-1869,-12.7,-1840,-12.6,-1773,-12.2,-25810484,-8.7,-21284314,-14.1,-172393,-4.0,68,4.4
"US000","5","51119","17","0","2021","1","",1351,10483,10503,10516,198559019,103116273,2788326,1455,"",1.00,1.00,1.00,1.00,1.00,1.00,1.00,1.00,"",55,4.2,-1295,-11.0,-1370,-11.5,-1238,-10.5,-18021365,-8.3,-8785290,-7.9,139921,5.3,43,3.0
"US000","5","511191","18","0","2021","1","",104,2887,2881,2872,38495610,21895710,402918,1028,"",1.00,1.00,1.00,1.00,1.00,1.00,1.00,1.00,"",4,4.0,-672,-18.9,-699,-19.5,-647,-18.4,-7573112,-16.4,-5240787,-19.3,20797,5.4,31,3.1
"US000","5","511199","18","0","2021","1","",1247,7596,7622,7644,160063409,81220563,2385408,1616,"",1.00,1.00,1.00,1.00,1.00,1.00,1.00,1.00,"",51,4.3,-623,-7.6,-671,-8.1,-591,-7.2,-10448253,-6.1,-3544503,-4.2,119124,5.3,26,1.6
"US000","5","5112","16","0","2021","1","",48105,528887,531947,535274,27612614842,9147359129,148206515,3992,"",1.00,1.00,1.00,1.00,1.00,1.00,1.00,1.00,"",9557,24.8,31329,6.3,31114,6.2,32928,6.6,4510216242,19.5,757913230,9.0,18171483,14.0,440,12.4
"US000","5","51121","17","0","2021","1","",48105,528887,531947,535274,27612614842,9147359129,148206515,3992,"",1.00,1.00,1.00,1.00,1.00,1.00,1.00,1.00,"",9557,24.8,31329,6.3,31114,6.2,32928,6.6,4510216242,19.5,757913230,9.0,18171483,14.0,440,12.4
"US000","5","511210","18","0","2021","1","",48105,528887,531947,535274,27612614842,9147359129,148206515,3992,"",1.00,1.00,1.00,1.00,1.00,1.00,1.00,1.00,"",9557,24.8,31329,6.3,31114,6.2,32928,6.6,4510216242,19.5,757913230,9.0,18171483,14.0,440,12.4
"US000","5","512","15","0","2021","1","",35098,267201,329410,321641,7647453147,2600191700,108592410,1922,"",1.00,1.00,1.00,1.00,1.00,1.00,1.00,1.00,"",1412,4.2,-154556,-36.6,-143234,-30.3,-98312,-23.4,-326945317,-4.1,-428004793,-14.1,1118798,1.0,522,37.3
"US000","5","5121","16","0","2021","1","",30707,249939,311930,303946,7156292088,2453320670,104889621,1907,"",1.00,1.00,1.00,1.00,1.00,1.00,1.00,1.00,"",1079,3.6,-152407,-37.9,-141287,-31.2,-96950,-24.2,-329005053,-4.4,-416106171,-14.5,955215,0.9,532,38.7
"US000","5","51211","17","0","2021","1","",21900,184792,245743,235131,6324951537,2088926502,96129619,2193,"",1.00,1.00,1.00,1.00,1.00,1.00,1.00,1.00,"",1055,5.1,-42516,-18.7,-36529,-12.9,-1027,-0.4,187598139,3.1,-28291448,-1.3,5125059,5.6,294,15.5
"US000","5","512110","18","0","2021","1","",21900,184792,245743,235131,6324951537,2088926502,96129619,2193,"",1.00,1.00,1.00,1.00,1.00,1.00,1.00,1.00,"",1055,5.1,-42516,-18.7,-36529,-12.9,-1027,-0.4,187598139,3.1,-28291448,-1.3,5125059,5.6,294,15.5
"US000","5","51212","17","0","2021","1","",711,7715,7814,7880,272333542,86887920,1891006,2685,"",1.00,1.00,1.00,1.00,1.00,1.00,1.00,1.00,"",27,3.9,-130,-1.7,-88,-1.1,84,1.1,-26591243,-8.9,-3012906,-3.4,86326,4.8,-245,-8.4
"US000","5","512120","18","0","2021","1","",711,7715,7814,7880,272333542,86887920,1891006,2685,"",1.00,1.00,1.00,1.00,1.00,1.00,1.00,1.00,"",27,3.9,-130,-1.7,-88,-1.1,84,1.1,-26591243,-8.9,-3012906,-3.4,86326,4.8,-245,-8.4
"US000","5","51213","17","0","2021","1","",4456,39759,39558,42147,160725947,125501276,1617282,305,"",1.00,1.00,1.00,1.00,1.00,1.00,1.00,1.00,"",-197,-4.2,-107390,-73.0,-102890,-72.2,-94993,-69.3,-450174160,-73.7,-374164498,-74.9,-4175321,-72.1,-25,-7.6
"US000","5","512131","18","0","2021","1","",4238,38655,38546,41006,156657539,122630844,1559403,306,"",1.00,1.00,1.00,1.00,1.00,1.00,1.00,1.00,"",-208,-4.7,-107519,-73.6,-102937,-72.8,-95068,-69.9,-450338365,-74.2,-374135779,-75.3,-4181431,-72.8,-25,-7.6
"US000","5","512132","18","0","2021","1","",218,1104,1012,1141,4068408,2870432,57879,288,"",1.00,1.00,1.00,1.00,1.00,1.00,1.00,1.00,"",11,5.3,129,13.2,47,4.9,75,7.0,164205,4.2,-28719,-1.0,6110,11.8,-12,-4.0
"US000","5","51219","17","0","2021","1","",3640,17673,18815,18788,398281062,152004972,5251714,1663,"",1.00,1.00,1.00,1.00,1.00,1.00,1.00,1.00,"",194,5.6,-2371,-11.8,-1780,-8.6,-1014,-5.1,-39837789,-9.1,-10637319,-6.5,-80849,-1.5,-10,-0.6
"US000","5","512191","18","0","2021","1","",3084,15319,15768,15963,353401523,132458190,4810649,1733,"",1.00,1.00,1.00,1.00,1.00,1.00,1.00,1.00,"",150,5.1,-1218,-7.4,-878,-5.3,-829,-4.9,-38149314,-9.7,-8271301,-5.9,-75335,-1.5,-75,-4.1
"US000","5","512199","18","0","2021","1","",556,2354,3047,2825,44879539,19546782,441065,1259,"",1.00,1.00,1.00,1.00,1.00,1.00,1.00,1.00,"",44,8.6,-1153,-32.9,-902,-22.8,-185,-6.1,-1688475,-3.6,-2366018,-10.8,-5514,-1.2,232,22.6
"US000","5","5122","16","0","2021","1","",4391,17262,17480,17695,491161059,146871030,3702789,2162,"",1.00,1.00,1.00,1.00,1.00,1.00,1.00,1.00,"",333,8.2,-2149,-11.1,-1947,-10.0,-1362,-7.1,2059736,0.4,-11898622,-7.5,163583,4.6,212,10.9
"US000","5","51223","17","0","2021","1","",977,5017,5028,5061,139577597,42400694,967225,2132,"",1.00,1.00,1.00,1.00,1.00,1.00,1.00,1.00,"",43,4.6,-211,-4.0,-229,-4.4,-195,-3.7,7652887,5.8,-1760194,-4.0,4004,0.4,198,10.2
"US000","5","512230","18","0","2021","1","",977,5017,5028,5061,139577597,42400694,967225,2132,"",1.00,1.00,1.00,1.00,1.00,1.00,1.00,1.00,"",43,4.6,-211,-4.0,-229,-4.4,-195,-3.7,7652887,5.8,-1760194,-4.0,4004,0.4,198,10.2
"US000","5","51224","17","0","2021","1","",1636,3932,4060,4140,56123047,31982764,703677,1068,"",1.00,1.00,1.00,1.00,1.00,1.00,1.00,1.00,"",58,3.7,-745,-15.9,-714,-15.0,-487,-10.5,-6143115,-9.9,-3027160,-8.6,7766,1.1,47,4.6
"US000","5","512240","18","0","2021","1","",1636,3932,4060,4140,56123047,31982764,703677,1068,"",1.00,1.00,1.00,1.00,1.00,1.00,1.00,1.00,"",58,3.7,-745,-15.9,-714,-15.0,-487,-10.5,-6143115,-9.9,-3027160,-8.6,7766,1.1,47,4.6
"US000","5","51225","17","0","2021","1","",1064,6273,6318,6403,259043959,54672842,1610545,3147,"",1.00,1.00,1.00,1.00,1.00,1.00,1.00,1.00,"",123,13.1,-264,-4.0,-307,-4.6,-150,-2.3,10960990,4.4,-439980,-0.8,258794,19.1,243,8.4
"US000","5","512250","18","0","2021","1","",1064,6273,6318,6403,259043959,54672842,1610545,3147,"",1.00,1.00,1.00,1.00,1.00,1.00,1.00,1.00,"",123,13.1,-264,-4.0,-307,-4.6,-150,-2.3,10960990,4.4,-439980,-0.8,258794,19.1,243,8.4
"US000","5","51229","17","0","2021","1","",714,2040,2074,2091,36416456,17814730,421342,1354,"",1.00,1.00,1.00,1.00,1.00,1.00,1.00,1.00,"",109,18.0,-929,-31.3,-697,-25.2,-530,-20.2,-10411026,-22.2,-6671288,-27.2,-106981,-20.2,62,4.8
"US000","5","512290","18","0","2021","1","",714,2040,2074,2091,36416456,17814730,421342,1354,"",1.00,1.00,1.00,1.00,1.00,1.00,1.00,1.00,"",109,18.0,-929,-31.3,-697,-25.2,-530,-20.2,-10411026,-22.2,-6671288,-27.2,-106981,-20.2,62,4.8
"US000","5","515","15","0","2021","1","",9405,237023,236887,236475,7133098939,2216998671,54256868,2317,"",1.00,1.00,1.00,1.00,1.00,1.00,1.00,1.00,"",115,1.2,-23498,-9.0,-24361,-9.3,-23719,-9.1,-376951641,-5.0,-102326358,-4.4,4061196,8.1,101,4.6
"US000","5","5151","16","0","2021","1","",8172,190229,190202,189843,5094170680,1762007428,40183112,2061,"",1.00,1.00,1.00,1.00,1.00,1.00,1.00,1.00,"",69,0.9,-21076,-10.0,-21846,-10.3,-20923,-9.9,-259810006,-4.9,-85987708,-4.7,3259389,8.8,113,5.8
"US000","5","51511","17","0","2021","1","",5194,67098,67206,66853,1222430067,561465429,11746115,1402,"",1.00,1.00,1.00,1.00,1.00,1.00,1.00,1.00,"",16,0.3,-12684,-15.9,-12378,-15.6,-11384,-14.6,-187635014,-13.3,-63386286,-10.1,98391,0.8,32,2.3
"US000","5","515111","18","0","2021","1","",1207,14596,14617,14565,376008172,129533787,2746347,1982,"",1.00,1.00,1.00,1.00,1.00,1.00,1.00,1.00,"",7,0.6,-1775,-10.8,-1788,-10.9,-1658,-10.2,-41910217,-10.0,-6909689,-5.1,295408,12.1,14,0.7
"US000","5","515112","18","0","2021","1","",3987,52502,52589,52288,846421895,431931642,8999768,1241,"",1.00,1.00,1.00,1.00,1.00,1.00,1.00,1.00,"",9,0.2,-10909,-17.2,-10590,-16.8,-9726,-15.7,-145724797,-14.7,-56476597,-11.6,-197017,-2.1,27,2.2
"US000","5","51512","17","0","2021","1","",2978,123131,122996,122990,3871740613,1200541999,28436997,2421,"",1.00,1.00,1.00,1.00,1.00,1.00,1.00,1.00,"",53,1.8,-8392,-6.4,-9468,-7.1,-9539,-7.2,-72174992,-1.8,-22601422,-1.8,3160998,12.5,126,5.5
"US000","5","515120","18","0","2021","1","",2978,123131,122996,122990,3871740613,1200541999,28436997,2421,"",1.00,1.00,1.00,1.00,1.00,1.00,1.00,1.00,"",53,1.8,-8392,-6.4,-9468,-7.1,-9539,-7.2,-72174992,-1.8,-22601422,-1.8,3160998,12.5,126,5.5
"US000","5","5152","16","0","2021","1","",1233,46794,46685,46632,2038928259,454991243,14073756,3358,"",1.00,1.00,1.00,1.00,1.00,1.00,1.00,1.00,"",46,3.9,-2422,-4.9,-2515,-5.1,-2796,-5.7,-117141635,-5.4,-16338650,-3.5,801807,6.0,-7,-0.2
"US000","5","51521","17","0","2021","1","",1233,46794,46685,46632,2038928259,454991243,14073756,3358,"",1.00,1.00,1.00,1.00,1.00,1.00,1.00,1.00,"",46,3.9,-2422,-4.9,-2515,-5.1,-2796,-5.7,-117141635,-5.4,-16338650,-3.5,801807,6.0,-7,-0.2
"US000","5","515210","18","0","2021","1","",1233,46794,46685,46632,2038928259,454991243,14073756,3358,"",1.00,1.00,1.00,1.00,1.00,1.00,1.00,1.00,"",46,3.9,-2422,-4.9,-2515,-5.1,-2796,-5.7,-117141635,-5.4,-16338650,-3.5,801807,6.0,-7,-0.2
"US000","5","517","15","0","2021","1","",35696,674311,673674,673899,20367253209,7946936412,172433537,2325,"",1.00,1.00,1.00,1.00,1.00,1.00,1.00,1.00,"",429,1.2,-30860,-4.4,-29070,-4.1,-28592,-4.1,-66427005,-0.3,-300812241,-3.6,-2827742,-1.6,91,4.1
"US000","5","5173","16","0","2021","1","",26529,584536,584166,584181,17460477434,6935340575,148760264,2299,"",1.00,1.00,1.00,1.00,1.00,1.00,1.00,1.00,"",49,0.2,-27751,-4.5,-25699,-4.2,-25557,-4.2,-188111504,-1.1,-257250205,-3.6,-2408959,-1.6,76,3.4
"US000","5","51731","17","0","2021","1","",26529,584536,584166,584181,17460477434,6935340575,148760264,2299,"",1.00,1.00,1.00,1.00,1.00,1.00,1.00,1.00,"",49,0.2,-27751,-4.5,-25699,-4.2,-25557,-4.2,-188111504,-1.1,-257250205,-3.6,-2408959,-1.6,76,3.4
"US000","5","517311","18","0","2021","1","",19263,485463,484829,485062,14417747012,5623317203,125919033,2286,"",1.00,1.00,1.00,1.00,1.00,1.00,1.00,1.00,"",-260,-1.3,-25747,-5.0,-24243,-4.8,-23568,-4.6,-340609477,-2.3,-254185916,-4.3,-795678,-0.6,58,2.6
"US000","5","517312","18","0","2021","1","",7266,99073,99337,99119,3042730422,1312023372,22841231,2360,"",1.00,1.00,1.00,1.00,1.00,1.00,1.00,1.00,"",309,4.4,-2004,-2.0,-1456,-1.4,-1989,-2.0,152497973,5.3,-3064289,-0.2,-1613281,-6.6,159,7.2
"US000","5","5174","16","0","2021","1","",831,8320,8342,8429,241967541,86282074,1809748,2225,"",1.00,1.00,1.00,1.00,1.00,1.00,1.00,1.00,"",23,2.8,-469,-5.3,-407,-4.7,-382,-4.3,-3404160,-1.4,-4448605,-4.9,121023,7.2,76,3.5
"US000","5","51741","17","0","2021","1","",831,8320,8342,8429,241967541,86282074,1809748,2225,"",1.00,1.00,1.00,1.00,1.00,1.00,1.00,1.00,"",23,2.8,-469,-5.3,-407,-4.7,-382,-4.3,-3404160,-1.4,-4448605,-4.9,121023,7.2,76,3.5
"US000","5","517410","18","0","2021","1","",831,8320,8342,8429,241967541,86282074,1809748,2225,"",1.00,1.00,1.00,1.00,1.00,1.00,1.00,1.00,"",23,2.8,-469,-5.3,-407,-4.7,-382,-4.3,-3404160,-1.4,-4448605,-4.9,121023,7.2,76,3.5
"US000","5","5179","16","0","2021","1","",8336,81455,81166,81289,2664808234,925313763,21863525,2521,"",1.00,1.00,1.00,1.00,1.00,1.00,1.00,1.00,"",357,4.5,-2640,-3.1,-2964,-3.5,-2653,-3.2,125088659,4.9,-39113431,-4.1,-539806,-2.4,197,8.5
"US000","5","51791","17","0","2021","1","",8336,81455,81166,81289,2664808234,925313763,21863525,2521,"",1.00,1.00,1.00,1.00,1.00,1.00,1.00,1.00,"",357,4.5,-2640,-3.1,-2964,-3.5,-2653,-3.2,125088659,4.9,-39113431,-4.1,-539806,-2.4,197,8.5
"US000","5","517911","18","0","2021","1","",4435,47043,46776,46686,1133495032,524751058,11109181,1862,"",1.00,1.00,1.00,1.00,1.00,1.00,1.00,1.00,"",-2,0.0,-2884,-5.8,-3281,-6.6,-3168,-6.4,-25805806,-2.2,-36968756,-6.6,-1530726,-12.1,77,4.3
"US000","5","517919","18","0","2021","1","",3901,34412,34390,34603,1531313202,400562705,10754344,3417,"",1.00,1.00,1.00,1.00,1.00,1.00,1.00,1.00,"",359,10.1,244,0.7,317,0.9,515,1.5,150894465,10.9,-2144675,-0.5,990920,10.1,304,9.8
"US000","5","518","15","0","2021","1","",34103,369134,372254,374191,15003858533,4459790212,93181741,3104,"",1.00,1.00,1.00,1.00,1.00,1.00,1.00,1.00,"",5704,20.1,9919,2.8,11441,3.2,12140,3.4,1827857624,13.9,254590455,6.1,10840282,13.2,294,10.5
"US000","5","5182","16","0","2021","1","",34103,369134,372254,374191,15003858533,4459790212,93181741,3104,"",1.00,1.00,1.00,1.00,1.00,1.00,1.00,1.00,"",5704,20.1,9919,2.8,11441,3.2,12140,3.4,1827857624,13.9,254590455,6.1,10840282,13.2,294,10.5
"US000","5","51821","17","0","2021","1","",34103,369134,372254,374191,15003858533,4459790212,93181741,3104,"",1.00,1.00,1.00,1.00,1.00,1.00,1.00,1.00,"",5704,20.1,9919,2.8,11441,3.2,12140,3.4,1827857624,13.9,254590455,6.1,10840282,13.2,294,10.5
"US000","5","518210","18","0","2021","1","",34103,369134,372254,374191,15003858533,4459790212,93181741,3104,"",1.00,1.00,1.00,1.00,1.00,1.00,1.00,1.00,"",5704,20.1,9919,2.8,11441,3.2,12140,3.4,1827857624,13.9,254590455,6.1,10840282,13.2,294,10.5
"US000","5","519","15","0","2021","1","",30570,361001,363679,366058,27731262007,4669608592,95713835,5867,"",1.00,1.00,1.00,1.00,1.00,1.00,1.00,1.00,"",3304,12.1,13109,3.8,13496,3.9,13331,3.8,5961036818,27.4,474400970,11.3,15506355,19.3,1086,22.7
"US000","5","5191","16","0","2021","1","",30570,361001,363679,366058,27731262007,4669608592,95713835,5867,"",1.00,1.00,1.00,1.00,1.00,1.00,1.00,1.00,"",3304,12.1,13109,3.8,13496,3.9,13331,3.8,5961036818,27.4,474400970,11.3,15506355,19.3,1086,22.7
"US000","5","51911","17","0","2021","1","",777,10797,10831,10932,445021366,141620275,2999598,3154,"",1.00,1.00,1.00,1.00,1.00,1.00,1.00,1.00,"",30,4.0,-45,-0.4,-9,-0.1,43,0.4,26716495,6.4,2431476,1.7,741006,32.8,190,6.4
"US000","5","519110","18","0","2021","1","",777,10797,10831,10932,445021366,141620275,2999598,3154,"",1.00,1.00,1.00,1.00,1.00,1.00,1.00,1.00,"",30,4.0,-45,-0.4,-9,-0.1,43,0.4,26716495,6.4,2431476,1.7,741006,32.8,190,6.4
"US000","5","51912","17","0","2021","1","",2189,25169,25121,25207,288106784,81879788,1704669,881,"",1.00,1.00,1.00,1.00,1.00,1.00,1.00,1.00,"",25,1.2,-2825,-10.1,-3014,-10.7,-2879,-10.3,-8173140,-2.8,-4836442,-5.6,87666,5.4,69,8.5
"US000","5","519120","18","0","2021","1","",2189,25169,25121,25207,288106784,81879788,1704669,881,"",1.00,1.00,1.00,1.00,1.00,1.00,1.00,1.00,"",25,1.2,-2825,-10.1,-3014,-10.7,-2879,-10.3,-8173140,-2.8,-4836442,-5.6,87666,5.4,69,8.5
"US000","5","51913","17","0","2021","1","",20126,298814,301185,303231,25587462710,4170513725,84904635,6537,"",1.00,1.00,1.00,1.00,1.00,1.00,1.00,1.00,"",2635,15.1,15500,5.5,15851,5.6,15166,5.3,5414031477,26.8,463720042,12.5,13980716,19.7,1103,20.3
"US000","5","519130","18","0","2021","1","",20126,298814,301185,303231,25587462710,4170513725,84904635,6537,"",1.00,1.00,1.00,1.00,1.00,1.00,1.00,1.00,"",2635,15.1,15500,5.5,15851,5.6,15166,5.3,5414031477,26.8,463720042,12.5,13980716,19.7,1103,20.3
"US000","5","51919","17","0","2021","1","",7478,26221,26542,26688,1410671147,275594804,6104933,4097,"",1.00,1.00,1.00,1.00,1.00,1.00,1.00,1.00,"",614,8.9,479,1.9,668,2.6,1001,3.9,528461986,59.9,13085894,5.0,696967,12.9,1463,55.5
"US000","5","519190","18","0","2021","1","",7478,26221,26542,26688,1410671147,275594804,6104933,4097,"",1.00,1.00,1.00,1.00,1.00,1.00,1.00,1.00,"",614,8.9,479,1.9,668,2.6,1001,3.9,528461986,59.9,13085894,5.0,696967,12.9,1463,55.5
"US000","5","52","14","0","2021","1","",525024,6081038,6098700,6108723,256245933732,68771397896,1265840157,3233,"",1.00,1.00,1.00,1.00,1.00,1.00,1.00,1.00,"",20862,4.1,30939,0.5,31562,0.5,53767,0.9,20109166112,8.5,1551030856,2.3,178994736,16.5,234,7.8
"US000","5","521","15","0","2021","1","",616,20726,20760,20735,700443699,238652678,3646585,2598,"",1.00,1.00,1.00,1.00,1.00,1.00,1.00,1.00,"",143,30.2,767,3.8,767,3.8,781,3.9,63399261,10.0,10937614,4.8,634645,21.1,144,5.9
"US000","5","5211","16","0","2021","1","",616,20726,20760,20735,700443699,238652678,3646585,2598,"",1.00,1.00,1.00,1.00,1.00,1.00,1.00,1.00,"",143,30.2,767,3.8,767,3.8,781,3.9,63399261,10.0,10937614,4.8,634645,21.1,144,5.9
"US000","5","52111","17","0","2021","1","",616,20726,20760,20735,700443699,238652678,3646585,2598,"",1.00,1.00,1.00,1.00,1.00,1.00,1.00,1.00,"",143,30.2,767,3.8,767,3.8,781,3.9,63399261,10.0,10937614,4.8,634645,21.1,144,5.9
"US000","5","521110","18","0","2021","1","",616,20726,20760,20735,700443699,238652678,3646585,2598,"",1.00,1.00,1.00,1.00,1.00,1.00,1.00,1.00,"",143,30.2,767,3.8,767,3.8,781,3.9,63399261,10.0,10937614,4.8,634645,21.1,144,5.9
"US000","5","522","15","0","2021","1","",186523,2689964,2699818,2703179,87735958742,29187000032,532285753,2502,"",1.00,1.00,1.00,1.00,1.00,1.00,1.00,1.00,"",4989,2.7,29478,1.1,31373,1.2,40633,1.5,8260910101,10.4,961665461,3.4,78754038,17.4,207,9.0
"US000","5","5221","16","0","2021","1","",106362,1749805,1750051,1747080,51695472632,19047313120,305367582,2274,"",1.00,1.00,1.00,1.00,1.00,1.00,1.00,1.00,"",38,0.0,-33498,-1.9,-36225,-2.0,-34178,-1.9,664155696,1.3,-42798336,-0.2,36183215,13.4,73,3.3
"US000","5","52211","17","0","2021","1","",81129,1370902,1371610,1368524,44546424208,15198603859,247935195,2501,"",1.00,1.00,1.00,1.00,1.00,1.00,1.00,1.00,"",-254,-0.3,-25500,-1.8,-28002,-2.0,-25791,-1.8,482854418,1.1,-70532557,-0.5,28355619,12.9,74,3.0
"US000","5","522110","18","0","2021","1","",81129,1370902,1371610,1368524,44546424208,15198603859,247935195,2501,"",1.00,1.00,1.00,1.00,1.00,1.00,1.00,1.00,"",-254,-0.3,-25500,-1.8,-28002,-2.0,-25791,-1.8,482854418,1.1,-70532557,-0.5,28355619,12.9,74,3.0
"US000","5","52212","17","0","2021","1","",6764,89910,89390,89378,2165748208,1008716198,18186204,1860,"",1.00,1.00,1.00,1.00,1.00,1.00,1.00,1.00,"",-101,-1.5,-3459,-3.7,-3615,-3.9,-3631,-3.9,76970021,3.7,5012443,0.5,2573979,16.5,135,7.8
"US000","5","522120","18","0","2021","1","",6764,89910,89390,89378,2165748208,1008716198,18186204,1860,"",1.00,1.00,1.00,1.00,1.00,1.00,1.00,1.00,"",-101,-1.5,-3459,-3.7,-3615,-3.9,-3631,-3.9,76970021,3.7,5012443,0.5,2573979,16.5,135,7.8
"US000","5","52213","17","0","2021","1","",17813,280270,280370,280407,4702096560,2730802779,37995771,1290,"",1.00,1.00,1.00,1.00,1.00,1.00,1.00,1.00,"",364,2.1,-4041,-1.4,-4122,-1.4,-4362,-1.5,81053876,1.8,22855718,0.8,5193699,15.8,41,3.3
"US000","5","522130","18","0","2021","1","",17813,280270,280370,280407,4702096560,2730802779,37995771,1290,"",1.00,1.00,1.00,1.00,1.00,1.00,1.00,1.00,"",364,2.1,-4041,-1.4,-4122,-1.4,-4362,-1.5,81053876,1.8,22855718,0.8,5193699,15.8,41,3.3
"US000","5","52219","17","0","2021","1","",656,8723,8681,8771,281203656,109190284,1250412,2479,"",1.00,1.00,1.00,1.00,1.00,1.00,1.00,1.00,"",29,4.6,-498,-5.4,-486,-5.3,-394,-4.3,23277381,9.0,-133940,-0.1,59918,5.0,319,14.8
"US000","5","522190","18","0","2021","1","",656,8723,8681,8771,281203656,109190284,1250412,2479,"",1.00,1.00,1.00,1.00,1.00,1.00,1.00,1.00,"",29,4.6,-498,-5.4,-486,-5.3,-394,-4.3,23277381,9.0,-133940,-0.1,59918,5.0,319,14.8
"US000","5","5222","16","0","2021","1","",50522,615155,621177,625772,22276033397,6767290592,149443705,2761,"",1.00,1.00,1.00,1.00,1.00,1.00,1.00,1.00,"",2466,5.1,39869,6.9,42867,7.4,46509,8.0,4321046197,24.1,678920767,11.2,28713595,23.8,370,15.5
"US000","5","52221","17","0","2021","1","",778,68241,68549,68243,2416690882,711564917,15625210,2720,"",1.00,1.00,1.00,1.00,1.00,1.00,1.00,1.00,"",32,4.3,-1490,-2.1,-1659,-2.4,-1292,-1.9,-65062555,-2.6,4585189,0.6,6182118,65.5,-14,-0.5
"US000","5","522210","18","0","2021","1","",778,68241,68549,68243,2416690882,711564917,15625210,2720,"",1.00,1.00,1.00,1.00,1.00,1.00,1.00,1.00,"",32,4.3,-1490,-2.1,-1659,-2.4,-1292,-1.9,-65062555,-2.6,4585189,0.6,6182118,65.5,-14,-0.5
"US000","5","52222","17","0","2021","1","",5968,90072,90454,90598,2863202587,953635122,22536590,2437,"",1.00,1.00,1.00,1.00,1.00,1.00,1.00,1.00,"",169,2.9,-3074,-3.3,-3087,-3.3,-2870,-3.1,-129686382,-4.3,-33580343,-3.4,649519,3.0,-28,-1.1
"US000","5","522220","18","0","2021","1","",5968,90072,90454,90598,2863202587,953635122,22536590,2437,"",1.00,1.00,1.00,1.00,1.00,1.00,1.00,1.00,"",169,2.9,-3074,-3.3,-3087,-3.3,-2870,-3.1,-129686382,-4.3,-33580343,-3.4,649519,3.0,-28,-1.1
"US000","5","52229","17","0","2021","1","",43776,456842,462174,466931,16996139928,5102090553,111281905,2830,"",1.00,1.00,1.00,1.00,1.00,1.00,1.00,1.00,"",2265,5.5,44433,10.8,47613,11.5,50671,12.2,4515795134,36.2,707915921,16.1,21881958,24.5,513,22.1
"US000","5","522291","18","0","2021","1","",15565,91053,91403,91481,2329181164,894621699,18104532,1962,"",1.00,1.00,1.00,1.00,1.00,1.00,1.00,1.00,"",-199,-1.3,-10953,-10.7,-10768,-10.5,-10526,-10.3,93815652,4.2,-90623675,-9.2,-344716,-1.9,277,16.4
"US000","5","522292","18","0","2021","1","",17758,275565,280448,285135,11578836473,3294689243,77723821,3177,"",1.00,1.00,1.00,1.00,1.00,1.00,1.00,1.00,"",2209,14.2,58409,26.9,61736,28.2,64318,29.1,4366748068,60.5,797547097,31.9,20465697,35.7,643,25.4
"US000","5","522293","18","0","2021","1","",790,5954,5960,5989,330875077,61340959,1726188,4265,"",1.00,1.00,1.00,1.00,1.00,1.00,1.00,1.00,"",95,13.7,245,4.3,125,2.1,126,2.1,-9528598,-2.8,1435338,2.4,408655,31.0,-248,-5.5
"US000","5","522294","18","0","2021","1","",516,17121,17102,16945,909235578,165646567,2760457,4101,"",1.00,1.00,1.00,1.00,1.00,1.00,1.00,1.00,"",3,0.6,-102,-0.6,-95,-0.6,-180,-1.1,-36234524,-3.8,3626230,2.2,79422,3.0,-132,-3.1
"US000","5","522298","18","0","2021","1","",9147,67149,67261,67381,1848011636,685792085,10966907,2113,"",1.00,1.00,1.00,1.00,1.00,1.00,1.00,1.00,"",157,1.7,-3166,-4.5,-3385,-4.8,-3067,-4.4,100994536,5.8,-4069069,-0.6,1272900,13.1,206,10.8
"US000","5","5223","16","0","2021","1","",29639,325004,328590,330327,13764452713,3372396320,77474466,3228,"",1.00,1.00,1.00,1.00,1.00,1.00,1.00,1.00,"",2485,9.2,23107,7.7,24731,8.1,28302,9.4,3275708208,31.2,325543030,10.7,13857228,21.8,562,21.1
"US000","5","52231","17","0","2021","1","",14363,121259,124486,127068,4504780785,1395644481,34332186,2788,"",1.00,1.00,1.00,1.00,1.00,1.00,1.00,1.00,"",2435,20.4,29458,32.1,30960,33.1,33614,36.0,1779558596,65.3,377132524,37.0,10480564,43.9,532,23.6
"US000","5","522310","18","0","2021","1","",14363,121259,124486,127068,4504780785,1395644481,34332186,2788,"",1.00,1.00,1.00,1.00,1.00,1.00,1.00,1.00,"",2435,20.4,29458,32.1,30960,33.1,33614,36.0,1779558596,65.3,377132524,37.0,10480564,43.9,532,23.6
"US000","5","52232","17","0","2021","1","",7274,125417,125736,125211,6720538026,1269171637,25304699,4121,"",1.00,1.00,1.00,1.00,1.00,1.00,1.00,1.00,"",531,7.9,-2302,-1.8,-1953,-1.5,-854,-0.7,1233788395,22.5,-35382450,-2.7,1496072,6.3,802,24.2
"US000","5","522320","18","0","2021","1","",7274,125417,125736,125211,6720538026,1269171637,25304699,4121,"",1.00,1.00,1.00,1.00,1.00,1.00,1.00,1.00,"",531,7.9,-2302,-1.8,-1953,-1.5,-854,-0.7,1233788395,22.5,-35382450,-2.7,1496072,6.3,802,24.2
"US000","5","52239","17","0","2021","1","",8002,78328,78368,78048,2539133902,707580202,17837581,2496,"",1.00,1.00,1.00,1.00,1.00,1.00,1.00,1.00,"",-481,-5.7,-4049,-4.9,-4276,-5.2,-4458,-5.4,262361217,11.5,-16207044,-2.2,1880592,11.8,373,17.6
"US000","5","522390","18","0","2021","1","",8002,78328,78368,78048,2539133902,707580202,17837581,2496,"",1.00,1.00,1.00,1.00,1.00,1.00,1.00,1.00,"",-481,-5.7,-4049,-4.9,-4276,-5.2,-4458,-5.4,262361217,11.5,-16207044,-2.2,1880592,11.8,373,17.6
"US000","5","523","15","0","2021","1","",127123,944630,948783,947869,96909554065,12553356000,260614624,7871,"",1.00,1.00,1.00,1.00,1.00,1.00,1.00,1.00,"",8620,7.3,225,0.0,-62,0.0,5030,0.5,11731655152,13.8,355829305,2.9,54280092,26.3,940,13.6
"US000","5","5231","16","0","2021","1","",41388,436692,437872,436154,48828383890,6033575189,114604019,8597,"",1.00,1.00,1.00,1.00,1.00,1.00,1.00,1.00,"",2977,7.8,-5050,-1.1,-6180,-1.4,-4044,-0.9,5267223160,12.1,152363127,2.6,26996257,30.8,1016,13.4
"US000","5","52311","17","0","2021","1","",7890,139850,140079,139517,20417196640,2172468803,49055666,11233,"",1.00,1.00,1.00,1.00,1.00,1.00,1.00,1.00,"",617,8.5,-2560,-1.8,-3049,-2.1,-2577,-1.8,3230363491,18.8,96586817,4.7,15902471,48.0,1958,21.1
"US000","5","523110","18","0","2021","1","",7890,139850,140079,139517,20417196640,2172468803,49055666,11233,"",1.00,1.00,1.00,1.00,1.00,1.00,1.00,1.00,"",617,8.5,-2560,-1.8,-3049,-2.1,-2577,-1.8,3230363491,18.8,96586817,4.7,15902471,48.0,1958,21.1
"US000","5","52312","17","0","2021","1","",30342,275321,276183,274991,26101524320,3586520591,59024636,7288,"",1.00,1.00,1.00,1.00,1.00,1.00,1.00,1.00,"",2225,7.9,-1509,-0.5,-2122,-0.8,-751,-0.3,1551113890,6.3,58428353,1.7,10845769,22.5,469,6.9
"US000","5","523120","18","0","2021","1","",30342,275321,276183,274991,26101524320,3586520591,59024636,7288,"",1.00,1.00,1.00,1.00,1.00,1.00,1.00,1.00,"",2225,7.9,-1509,-0.5,-2122,-0.8,-751,-0.3,1551113890,6.3,58428353,1.7,10845769,22.5,469,6.9
"US000","5","52313","17","0","2021","1","",1757,13326,13411,13510,1749826023,173079022,4272312,10033,"",1.00,1.00,1.00,1.00,1.00,1.00,1.00,1.00,"",115,7.0,-971,-6.8,-993,-6.9,-712,-5.0,397970649,29.4,-4060834,-2.3,241923,6.0,2765,38.0
"US000","5","523130","18","0","2021","1","",1757,13326,13411,13510,1749826023,173079022,4272312,10033,"",1.00,1.00,1.00,1.00,1.00,1.00,1.00,1.00,"",115,7.0,-971,-6.8,-993,-6.9,-712,-5.0,397970649,29.4,-4060834,-2.3,241923,6.0,2765,38.0
"US000","5","52314","17","0","2021","1","",1399,8195,8199,8136,559836907,101506773,2251405,5267,"",1.00,1.00,1.00,1.00,1.00,1.00,1.00,1.00,"",20,1.5,-10,-0.1,-16,-0.2,-4,0.0,87775130,18.6,1408791,1.4,6094,0.3,831,18.7
"US000","5","523140","18","0","2021","1","",1399,8195,8199,8136,559836907,101506773,2251405,5267,"",1.00,1.00,1.00,1.00,1.00,1.00,1.00,1.00,"",20,1.5,-10,-0.1,-16,-0.2,-4,0.0,87775130,18.6,1408791,1.4,6094,0.3,831,18.7
"US000","5","5232","16","0","2021","1","",413,6098,6134,6106,530050333,77249521,2029814,6670,"",1.00,1.00,1.00,1.00,1.00,1.00,1.00,1.00,"",99,31.5,167,2.8,226,3.8,68,1.1,37050398,7.5,376975,0.5,419284,26.0,306,4.8
"US000","5","52321","17","0","2021","1","",413,6098,6134,6106,530050333,77249521,2029814,6670,"",1.00,1.00,1.00,1.00,1.00,1.00,1.00,1.00,"",99,31.5,167,2.8,226,3.8,68,1.1,37050398,7.5,376975,0.5,419284,26.0,306,4.8
"US000","5","523210","18","0","2021","1","",413,6098,6134,6106,530050333,77249521,2029814,6670,"",1.00,1.00,1.00,1.00,1.00,1.00,1.00,1.00,"",99,31.5,167,2.8,226,3.8,68,1.1,37050398,7.5,376975,0.5,419284,26.0,306,4.8
"US000","5","5239","16","0","2021","1","",85322,501840,504777,505609,47551119842,6442531290,143980791,7256,"",1.00,1.00,1.00,1.00,1.00,1.00,1.00,1.00,"",5544,6.9,5108,1.0,5892,1.2,9006,1.8,6427381594,15.6,203089203,3.3,26864551,22.9,896,14.1
"US000","5","52391","17","0","2021","1","",7366,29332,29641,29903,2264378168,342244923,8486295,5880,"",1.00,1.00,1.00,1.00,1.00,1.00,1.00,1.00,"",576,8.5,-987,-3.3,-839,-2.8,-510,-1.7,73907219,3.4,-7515895,-2.1,1071968,14.5,338,6.1
"US000","5","523910","18","0","2021","1","",7366,29332,29641,29903,2264378168,342244923,8486295,5880,"",1.00,1.00,1.00,1.00,1.00,1.00,1.00,1.00,"",576,8.5,-987,-3.3,-839,-2.8,-510,-1.7,73907219,3.4,-7515895,-2.1,1071968,14.5,338,6.1
"US000","5","52392","17","0","2021","1","",24933,221709,222753,223053,30060191548,3023981768,70966352,10392,"",1.00,1.00,1.00,1.00,1.00,1.00,1.00,1.00,"",1786,7.7,1176,0.5,1575,0.7,2669,1.2,4766097542,18.8,56798895,1.9,13853768,24.3,1576,17.9
"US000","5","523920","18","0","2021","1","",24933,221709,222753,223053,30060191548,3023981768,70966352,10392,"",1.00,1.00,1.00,1.00,1.00,1.00,1.00,1.00,"",1786,7.7,1176,0.5,1575,0.7,2669,1.2,4766097542,18.8,56798895,1.9,13853768,24.3,1576,17.9
"US000","5","52393","17","0","2021","1","",46142,204610,206087,206240,12844327613,2499889428,50974502,4805,"",1.00,1.00,1.00,1.00,1.00,1.00,1.00,1.00,"",2622,6.0,4167,2.1,4564,2.3,5861,2.9,1467752864,12.9,117607019,4.9,9275277,22.2,446,10.2
"US000","5","523930","18","0","2021","1","",46142,204610,206087,206240,12844327613,2499889428,50974502,4805,"",1.00,1.00,1.00,1.00,1.00,1.00,1.00,1.00,"",2622,6.0,4167,2.1,4564,2.3,5861,2.9,1467752864,12.9,117607019,4.9,9275277,22.2,446,10.2
"US000","5","52399","17","0","2021","1","",6881,46189,46296,46413,2382222513,576415171,13553642,3958,"",1.00,1.00,1.00,1.00,1.00,1.00,1.00,1.00,"",560,8.9,752,1.7,592,1.3,986,2.2,119623969,5.3,36199184,6.7,2663538,24.5,135,3.5
"US000","5","523991","18","0","2021","1","",2476,18460,18357,18333,653359960,213286013,4394569,2734,"",1.00,1.00,1.00,1.00,1.00,1.00,1.00,1.00,"",84,3.5,735,4.1,550,3.1,578,3.3,1790320,0.3,23558921,12.4,1088738,32.9,-88,-3.1
"US000","5","523999","18","0","2021","1","",4405,27729,27939,28080,1728862553,363129158,9159073,4764,"",1.00,1.00,1.00,1.00,1.00,1.00,1.00,1.00,"",476,12.1,17,0.1,42,0.2,408,1.5,117833649,7.3,12640263,3.6,1574800,20.8,300,6.7
"US000","5","524","15","0","2021","1","",203821,2405934,2409258,2416814,69902304703,26521745334,462846518,2231,"",1.00,1.00,1.00,1.00,1.00,1.00,1.00,1.00,"",6268,3.2,-1402,-0.1,-2679,-0.1,4829,0.2,10441685,0.0,184806288,0.7,43734576,10.4,1,0.0
"US000","5","5241","16","0","2021","1","",30109,1187702,1186755,1190469,39819806659,13896242901,239181634,2578,"",1.00,1.00,1.00,1.00,1.00,1.00,1.00,1.00,"",702,2.4,-19841,-1.6,-22880,-1.9,-21852,-1.8,-768636193,-1.9,-230400157,-1.6,17020698,7.7,-3,-0.1
"US000","5","52411","17","0","2021","1","",10558,634938,633113,634509,21468930966,7481938072,131257416,2604,"",1.00,1.00,1.00,1.00,1.00,1.00,1.00,1.00,"",291,2.8,-3005,-0.5,-5107,-0.8,-5116,-0.8,-471546845,-2.1,-99679911,-1.3,6103999,4.9,-39,-1.5
"US000","5","524113","18","0","2021","1","",5039,235230,234624,235197,9367943625,2958890343,50634474,3066,"",1.00,1.00,1.00,1.00,1.00,1.00,1.00,1.00,"",-359,-6.7,-4313,-1.8,-5203,-2.2,-5908,-2.5,-544088458,-5.5,-101567719,-3.3,787967,1.6,-109,-3.4
"US000","5","524114","18","0","2021","1","",5519,399708,398489,399312,12100987341,4523047729,80622942,2332,"",1.00,1.00,1.00,1.00,1.00,1.00,1.00,1.00,"",650,13.3,1308,0.3,96,0.0,792,0.2,72541613,0.6,1887808,0.0,5316032,7.1,10,0.4
"US000","5","52412","17","0","2021","1","",18619,525508,526381,528721,16934971260,6048359236,101565988,2473,"",1.00,1.00,1.00,1.00,1.00,1.00,1.00,1.00,"",370,2.0,-16590,-3.1,-17518,-3.2,-16550,-3.0,-235154001,-1.4,-118216701,-1.9,10512052,11.5,44,1.8
"US000","5","524126","18","0","2021","1","",11506,443655,443999,445212,14564223160,5162893796,81639904,2522,"",1.00,1.00,1.00,1.00,1.00,1.00,1.00,1.00,"",77,0.7,-20461,-4.4,-21598,-4.6,-21981,-4.7,-438083597,-2.9,-199241594,-3.7,8288940,11.3,44,1.8
"US000","5","524127","18","0","2021","1","",5666,64951,65524,66423,1985086188,717375115,16238950,2327,"",1.00,1.00,1.00,1.00,1.00,1.00,1.00,1.00,"",167,3.0,3648,6.0,4057,6.6,5160,8.4,250982374,14.5,73427909,11.4,1722638,11.9,153,7.0
"US000","5","524128","18","0","2021","1","",1447,16902,16858,17086,385661912,168090325,3687134,1750,"",1.00,1.00,1.00,1.00,1.00,1.00,1.00,1.00,"",126,9.5,223,1.3,23,0.1,271,1.6,-48052778,-11.1,7596984,4.7,500474,15.7,-239,-12.0
"US000","5","52413","17","0","2021","1","",932,27256,27261,27239,1415904433,365945593,6358230,3997,"",1.00,1.00,1.00,1.00,1.00,1.00,1.00,1.00,"",41,4.6,-246,-0.9,-255,-0.9,-186,-0.7,-61935347,-4.2,-12503545,-3.3,404647,6.8,-140,-3.4
"US000","5","524130","18","0","2021","1","",932,27256,27261,27239,1415904433,365945593,6358230,3997,"",1.00,1.00,1.00,1.00,1.00,1.00,1.00,1.00,"",41,4.6,-246,-0.9,-255,-0.9,-186,-0.7,-61935347,-4.2,-12503545,-3.3,404647,6.8,-140,-3.4
"US000","5","5242","16","0","2021","1","",173712,1218232,1222503,1226345,30082498044,12625502433,223664884,1893,"",1.00,1.00,1.00,1.00,1.00,1.00,1.00,1.00,"",5566,3.3,18439,1.5,20201,1.7,26681,2.2,779077878,2.7,415206445,3.4,26713878,13.6,15,0.8
"US000","5","52421","17","0","2021","1","",149834,869780,873525,873531,21915436436,8939375378,148431562,1933,"",1.00,1.00,1.00,1.00,1.00,1.00,1.00,1.00,"",4802,3.3,22803,2.7,23723,2.8,26001,3.1,879555198,4.2,406574762,4.8,18586751,14.3,25,1.3
"US000","5","524210","18","0","2021","1","",149834,869780,873525,873531,21915436436,8939375378,148431562,1933,"",1.00,1.00,1.00,1.00,1.00,1.00,1.00,1.00,"",4802,3.3,22803,2.7,23723,2.8,26001,3.1,879555198,4.2,406574762,4.8,18586751,14.3,25,1.3
"US000","5","52429","17","0","2021","1","",23878,348452,348978,352814,8167061608,3686127055,75233322,1795,"",1.00,1.00,1.00,1.00,1.00,1.00,1.00,1.00,"",764,3.3,-4364,-1.2,-3522,-1.0,680,0.2,-100477320,-1.2,8631683,0.2,8127127,12.1,-9,-0.5
"US000","5","524291","18","0","2021","1","",7434,54527,54295,58023,1312863072,595672001,14457812,1816,"",1.00,1.00,1.00,1.00,1.00,1.00,1.00,1.00,"",175,2.4,-23,0.0,-249,-0.5,4254,7.9,94259299,7.7,39146859,7.0,2782285,23.8,89,5.2
"US000","5","524292","18","0","2021","1","",7612,207234,207934,208095,4457940682,2165628686,41606579,1651,"",1.00,1.00,1.00,1.00,1.00,1.00,1.00,1.00,"",307,4.2,-1073,-0.5,65,0.0,-403,-0.2,-138025318,-3.0,-8796035,-0.4,3610774,9.5,-47,-2.8
"US000","5","524298","18","0","2021","1","",8832,86691,86749,86696,2396257854,924826368,19168931,2126,"",1.00,1.00,1.00,1.00,1.00,1.00,1.00,1.00,"",282,3.3,-3268,-3.6,-3338,-3.7,-3171,-3.5,-56711301,-2.3,-21719141,-2.3,1734068,9.9,29,1.4
"US000","5","525","15","0","2021","1","",6941,19784,20081,20126,997672523,270643852,6446677,3838,"",1.00,1.00,1.00,1.00,1.00,1.00,1.00,1.00,"",842,13.8,1871,10.4,2163,12.1,2494,14.1,42759913,4.5,37792188,16.2,1591385,32.8,-284,-6.9
"US000","5","5251","16","0","2021","1","",1376,8097,8288,8239,217026918,84184811,1578172,2034,"",1.00,1.00,1.00,1.00,1.00,1.00,1.00,1.00,"",167,13.8,694,9.4,777,10.3,916,12.5,-9880184,-4.4,4759275,6.0,175031,12.5,-321,-13.6
"US000","5","52511","17","0","2021","1","",650,3364,3386,3418,78258613,30950227,738651,1776,"",1.00,1.00,1.00,1.00,1.00,1.00,1.00,1.00,"",63,10.7,347,11.5,312,10.1,313,10.1,3813419,5.1,2656562,9.4,57271,8.4,-92,-4.9
"US000","5","525110","18","0","2021","1","",650,3364,3386,3418,78258613,30950227,738651,1776,"",1.00,1.00,1.00,1.00,1.00,1.00,1.00,1.00,"",63,10.7,347,11.5,312,10.1,313,10.1,3813419,5.1,2656562,9.4,57271,8.4,-92,-4.9
"US000","5","52512","17","0","2021","1","",504,3187,3343,3251,91574170,31606790,650443,2161,"",1.00,1.00,1.00,1.00,1.00,1.00,1.00,1.00,"",80,18.9,225,7.6,340,11.3,474,17.1,-11427651,-11.1,2747709,9.5,169727,35.3,-558,-20.5
"US000","5","525120","18","0","2021","1","",504,3187,3343,3251,91574170,31606790,650443,2161,"",1.00,1.00,1.00,1.00,1.00,1.00,1.00,1.00,"",80,18.9,225,7.6,340,11.3,474,17.1,-11427651,-11.1,2747709,9.5,169727,35.3,-558,-20.5
"US000","5","52519","17","0","2021","1","",222,1546,1559,1570,47194135,21627794,189078,2330,"",1.00,1.00,1.00,1.00,1.00,1.00,1.00,1.00,"",24,12.1,122,8.6,125,8.7,129,9.0,-2265952,-4.6,-644996,-2.9,-51967,-21.6,-325,-12.2
"US000","5","525190","18","0","2021","1","",222,1546,1559,1570,47194135,21627794,189078,2330,"",1.00,1.00,1.00,1.00,1.00,1.00,1.00,1.00,"",24,12.1,122,8.6,125,8.7,129,9.0,-2265952,-4.6,-644996,-2.9,-51967,-21.6,-325,-12.2
"US000","5","5259","16","0","2021","1","",5565,11687,11793,11887,780645605,186459041,4868505,5094,"",1.00,1.00,1.00,1.00,1.00,1.00,1.00,1.00,"",675,13.8,1177,11.2,1386,13.3,1578,15.3,52640097,7.2,33032913,21.5,1416354,41.0,-286,-5.3
"US000","5","52591","17","0","2021","1","",762,2032,2093,2123,146182099,36865831,1213056,5399,"",1.00,1.00,1.00,1.00,1.00,1.00,1.00,1.00,"",201,35.8,329,19.3,396,23.3,391,22.6,34508470,30.9,8731314,31.0,454115,59.8,377,7.5
"US000","5","525910","18","0","2021","1","",762,2032,2093,2123,146182099,36865831,1213056,5399,"",1.00,1.00,1.00,1.00,1.00,1.00,1.00,1.00,"",201,35.8,329,19.3,396,23.3,391,22.6,34508470,30.9,8731314,31.0,454115,59.8,377,7.5
"US000","5","52592","17","0","2021","1","",2510,2984,2972,2926,118899677,58268778,1247563,3089,"",1.00,1.00,1.00,1.00,1.00,1.00,1.00,1.00,"",160,6.8,181,6.5,282,10.5,399,15.8,3791811,3.3,2220169,4.0,103063,9.0,-223,-6.7
"US000","5","525920","18","0","2021","1","",2510,2984,2972,2926,118899677,58268778,1247563,3089,"",1.00,1.00,1.00,1.00,1.00,1.00,1.00,1.00,"",160,6.8,181,6.5,282,10.5,399,15.8,3791811,3.3,2220169,4.0,103063,9.0,-223,-6.7
"US000","5","52599","17","0","2021","1","",2293,6671,6728,6838,515563829,91324432,2407886,5879,"",1.00,1.00,1.00,1.00,1.00,1.00,1.00,1.00,"",314,15.9,667,11.1,708,11.8,788,13.0,14339816,2.9,22081430,31.9,859176,55.5,-521,-8.1
"US000","5","525990","18","0","2021","1","",2293,6671,6728,6838,515563829,91324432,2407886,5879,"",1.00,1.00,1.00,1.00,1.00,1.00,1.00,1.00,"",314,15.9,667,11.1,708,11.8,788,13.0,14339816,2.9,22081430,31.9,859176,55.5,-521,-8.1
"US000","5","53","14","0","2021","1","",440130,2124286,2132735,2146686,36937525910,18483922908,393719925,1331,"",1.00,1.00,1.00,1.00,1.00,1.00,1.00,1.00,"",15403,3.6,-153203,-6.7,-151558,-6.6,-125340,-5.5,-1786244568,-4.6,-825521519,-4.3,27167146,7.4,23,1.8
"US000","5","531","15","0","2021","1","",382609,1653639,1660047,1667512,29295515341,14369575599,307931968,1357,"",1.00,1.00,1.00,1.00,1.00,1.00,1.00,1.00,"",16554,4.5,-37967,-2.2,-37498,-2.2,-21952,-1.3,-461359972,-1.6,14154534,0.1,35082416,12.9,5,0.4
"US000","5","5311","16","0","2021","1","",115993,582042,582861,584562,9948199568,4774445064,105089185,1312,"",1.00,1.00,1.00,1.00,1.00,1.00,1.00,1.00,"",1903,1.7,-32651,-5.3,-33504,-5.4,-28345,-4.6,-462308669,-4.4,-154328757,-3.1,13930457,15.3,9,0.7
"US000","5","53111","17","0","2021","1","",63461,350890,351179,351263,4607201252,2849237492,63580351,1009,"",1.00,1.00,1.00,1.00,1.00,1.00,1.00,1.00,"",727,1.2,-11528,-3.2,-12594,-3.5,-11194,-3.1,-115262009,-2.4,-57554053,-2.0,10032539,18.7,8,0.8
"US000","5","531110","18","0","2021","1","",63461,350890,351179,351263,4607201252,2849237492,63580351,1009,"",1.00,1.00,1.00,1.00,1.00,1.00,1.00,1.00,"",727,1.2,-11528,-3.2,-12594,-3.5,-11194,-3.1,-115262009,-2.4,-57554053,-2.0,10032539,18.7,8,0.8
"US000","5","53112","17","0","2021","1","",25550,135183,135507,136982,4042253872,1248577443,27003148,2288,"",1.00,1.00,1.00,1.00,1.00,1.00,1.00,1.00,"",500,2.0,-18527,-12.1,-18606,-12.1,-15156,-10.0,-370655581,-8.4,-111491634,-8.2,1723922,6.8,74,3.3
"US000","5","531120","18","0","2021","1","",25550,135183,135507,136982,4042253872,1248577443,27003148,2288,"",1.00,1.00,1.00,1.00,1.00,1.00,1.00,1.00,"",500,2.0,-18527,-12.1,-18606,-12.1,-15156,-10.0,-370655581,-8.4,-111491634,-8.2,1723922,6.8,74,3.3
"US000","5","53113","17","0","2021","1","",16909,56583,56803,56768,618465050,387946251,8487523,839,"",1.00,1.00,1.00,1.00,1.00,1.00,1.00,1.00,"",670,4.1,-439,-0.8,-225,-0.4,-69,-0.1,28724899,4.9,21325405,5.8,1863198,28.1,43,5.4
"US000","5","531130","18","0","2021","1","",16909,56583,56803,56768,618465050,387946251,8487523,839,"",1.00,1.00,1.00,1.00,1.00,1.00,1.00,1.00,"",670,4.1,-439,-0.8,-225,-0.4,-69,-0.1,28724899,4.9,21325405,5.8,1863198,28.1,43,5.4
"US000","5","53119","17","0","2021","1","",10073,39386,39372,39549,680279394,288683878,6018163,1327,"",1.00,1.00,1.00,1.00,1.00,1.00,1.00,1.00,"",6,0.1,-2157,-5.2,-2079,-5.0,-1926,-4.6,-5115978,-0.7,-6608475,-2.2,310798,5.4,56,4.4
"US000","5","531190","18","0","2021","1","",10073,39386,39372,39549,680279394,288683878,6018163,1327,"",1.00,1.00,1.00,1.00,1.00,1.00,1.00,1.00,"",6,0.1,-2157,-5.2,-2079,-5.0,-1926,-4.6,-5115978,-0.7,-6608475,-2.2,310798,5.4,56,4.4
"US000","5","5312","16","0","2021","1","",141356,334831,338077,341201,6837044670,3047699486,59646547,1556,"",1.00,1.00,1.00,1.00,1.00,1.00,1.00,1.00,"",9733,7.4,3744,1.1,5458,1.6,11709,3.6,294968862,4.5,147255520,5.1,8146859,15.8,36,2.4
"US000","5","53121","17","0","2021","1","",141356,334831,338077,341201,6837044670,3047699486,59646547,1556,"",1.00,1.00,1.00,1.00,1.00,1.00,1.00,1.00,"",9733,7.4,3744,1.1,5458,1.6,11709,3.6,294968862,4.5,147255520,5.1,8146859,15.8,36,2.4
"US000","5","531210","18","0","2021","1","",141356,334831,338077,341201,6837044670,3047699486,59646547,1556,"",1.00,1.00,1.00,1.00,1.00,1.00,1.00,1.00,"",9733,7.4,3744,1.1,5458,1.6,11709,3.6,294968862,4.5,147255520,5.1,8146859,15.8,36,2.4
"US000","5","5313","16","0","2021","1","",125260,736766,739109,741749,12510271103,6547431049,143196236,1302,"",1.00,1.00,1.00,1.00,1.00,1.00,1.00,1.00,"",4918,4.1,-9060,-1.2,-9452,-1.3,-5316,-0.7,-294020165,-2.3,21227771,0.3,13005100,10.0,-16,-1.2
"US000","5","53131","17","0","2021","1","",88902,628357,629947,631678,9781797432,5491703316,121525818,1194,"",1.00,1.00,1.00,1.00,1.00,1.00,1.00,1.00,"",2430,2.8,-15093,-2.3,-15701,-2.4,-12782,-2.0,-536483302,-5.2,-61201349,-1.1,10013681,9.0,-37,-3.0
"US000","5","531311","18","0","2021","1","",66766,470628,471730,472974,6047200440,3912309568,88515974,986,"",1.00,1.00,1.00,1.00,1.00,1.00,1.00,1.00,"",2164,3.3,-4609,-1.0,-5301,-1.1,-3353,-0.7,-97959305,-1.6,5897479,0.2,8557529,10.7,-7,-0.7
"US000","5","531312","18","0","2021","1","",22136,157729,158217,158704,3734596992,1579393748,33009844,1816,"",1.00,1.00,1.00,1.00,1.00,1.00,1.00,1.00,"",266,1.2,-10484,-6.2,-10400,-6.2,-9429,-5.6,-438523997,-10.5,-67098828,-4.1,1456152,4.6,-91,-4.8
"US000","5","53132","17","0","2021","1","",13467,34342,34563,34748,578827772,318068953,5213116,1289,"",1.00,1.00,1.00,1.00,1.00,1.00,1.00,1.00,"",263,2.0,1291,3.9,1533,4.6,1790,5.4,53395023,10.2,25094116,8.6,752472,16.9,65,5.3
"US000","5","531320","18","0","2021","1","",13467,34342,34563,34748,578827772,318068953,5213116,1289,"",1.00,1.00,1.00,1.00,1.00,1.00,1.00,1.00,"",263,2.0,1291,3.9,1533,4.6,1790,5.4,53395023,10.2,25094116,8.6,752472,16.9,65,5.3
"US000","5","53139","17","0","2021","1","",22891,74067,74599,75323,2149645899,737658780,16457302,2215,"",1.00,1.00,1.00,1.00,1.00,1.00,1.00,1.00,"",2225,10.8,4742,6.8,4716,6.7,5676,8.1,189068114,9.6,57335004,8.4,2238947,15.7,49,2.3
"US000","5","531390","18","0","2021","1","",22891,74067,74599,75323,2149645899,737658780,16457302,2215,"",1.00,1.00,1.00,1.00,1.00,1.00,1.00,1.00,"",2225,10.8,4742,6.8,4716,6.7,5676,8.1,189068114,9.6,57335004,8.4,2238947,15.7,49,2.3
"US000","5","532","15","0","2021","1","",54178,450714,452630,459028,6971668361,3885085308,80535257,1181,"",1.00,1.00,1.00,1.00,1.00,1.00,1.00,1.00,"",-1223,-2.2,-112490,-20.0,-111592,-19.8,-101114,-18.1,-1244410844,-15.1,-809450302,-17.2,-7960142,-9.0,57,5.1
"US000","5","5321","16","0","2021","1","",16610,176108,176352,178391,2356293460,1399252175,24743175,1024,"",1.00,1.00,1.00,1.00,1.00,1.00,1.00,1.00,"",-564,-3.3,-51152,-22.5,-51218,-22.5,-48911,-21.5,-475475064,-16.8,-327810997,-19.0,-1579956,-6.0,66,6.9
"US000","5","53211","17","0","2021","1","",10161,91928,91880,92857,1084014814,660182347,10816461,904,"",1.00,1.00,1.00,1.00,1.00,1.00,1.00,1.00,"",-600,-5.6,-45286,-33.0,-45202,-33.0,-44233,-32.3,-458897567,-29.7,-289389733,-30.5,-3115854,-22.4,38,4.4
"US000","5","532111","18","0","2021","1","",9378,82832,82767,83695,866341803,554342920,9227626,802,"",1.00,1.00,1.00,1.00,1.00,1.00,1.00,1.00,"",-589,-5.9,-44709,-35.1,-44598,-35.0,-43687,-34.3,-445954973,-34.0,-284511882,-33.9,-3358535,-26.7,10,1.3
"US000","5","532112","18","0","2021","1","",783,9096,9113,9162,217673011,105839427,1588835,1835,"",1.00,1.00,1.00,1.00,1.00,1.00,1.00,1.00,"",-11,-1.4,-577,-6.0,-604,-6.2,-546,-5.6,-12942594,-5.6,-4877851,-4.4,242681,18.0,6,0.3
"US000","5","53212","17","0","2021","1","",6449,84180,84472,85534,1272278646,739069828,13926714,1155,"",1.00,1.00,1.00,1.00,1.00,1.00,1.00,1.00,"",36,0.6,-5866,-6.5,-6016,-6.6,-4678,-5.2,-16577497,-1.3,-38421264,-4.9,1535898,12.4,56,5.1
"US000","5","532120","18","0","2021","1","",6449,84180,84472,85534,1272278646,739069828,13926714,1155,"",1.00,1.00,1.00,1.00,1.00,1.00,1.00,1.00,"",36,0.6,-5866,-6.5,-6016,-6.6,-4678,-5.2,-16577497,-1.3,-38421264,-4.9,1535898,12.4,56,5.1
"US000","5","5322","16","0","2021","1","",17542,105965,106639,108648,1357609232,830490538,18205392,975,"",1.00,1.00,1.00,1.00,1.00,1.00,1.00,1.00,"",-771,-4.2,-29092,-21.5,-27404,-20.4,-23884,-18.0,-151189598,-10.0,-175088861,-17.4,-3020080,-14.2,108,12.5
"US000","5","53221","17","0","2021","1","",1531,8194,8257,8310,108826890,64588171,1246485,1014,"",1.00,1.00,1.00,1.00,1.00,1.00,1.00,1.00,"",-101,-6.2,-2366,-22.4,-2201,-21.0,-1936,-18.9,-26984593,-19.9,-16320658,-20.2,-335369,-21.2,12,1.2
"US000","5","532210","18","0","2021","1","",1531,8194,8257,8310,108826890,64588171,1246485,1014,"",1.00,1.00,1.00,1.00,1.00,1.00,1.00,1.00,"",-101,-6.2,-2366,-22.4,-2201,-21.0,-1936,-18.9,-26984593,-19.9,-16320658,-20.2,-335369,-21.2,12,1.2
"US000","5","53228","17","0","2021","1","",16011,97771,98382,100338,1248782342,765902367,16958907,972,"",1.00,1.00,1.00,1.00,1.00,1.00,1.00,1.00,"",-670,-4.0,-26726,-21.5,-25203,-20.4,-21948,-17.9,-124205005,-9.0,-158768203,-17.2,-2684711,-13.7,117,13.7
"US000","5","532281","18","0","2021","1","",803,3456,3410,3583,36600963,21880101,600806,808,"",1.00,1.00,1.00,1.00,1.00,1.00,1.00,1.00,"",-84,-9.5,-2963,-46.2,-3046,-47.2,-2946,-45.1,-23250314,-38.8,-18372400,-45.6,-323855,-35.0,96,13.5
"US000","5","532282","18","0","2021","1","",931,4387,4222,3518,77561998,28978387,602760,1476,"",1.00,1.00,1.00,1.00,1.00,1.00,1.00,1.00,"",-331,-26.2,-2311,-34.5,-2030,-32.5,-2690,-43.3,26522554,52.0,-2771018,-8.7,117353,24.2,861,140.0
"US000","5","532283","18","0","2021","1","",2750,34460,34548,34603,437679852,302334432,5809148,975,"",1.00,1.00,1.00,1.00,1.00,1.00,1.00,1.00,"",-61,-2.2,-1947,-5.3,-1575,-4.4,-1556,-4.3,-5866811,-1.3,-13375586,-4.2,180426,3.2,33,3.5
"US000","5","532284","18","0","2021","1","",2782,11351,11623,13042,115539572,74586917,1764955,740,"",1.00,1.00,1.00,1.00,1.00,1.00,1.00,1.00,"",69,2.5,-1343,-10.6,-1300,-10.1,-234,-1.8,-31882937,-21.6,-5504661,-6.9,-13677,-0.8,-135,-15.4
"US000","5","532289","18","0","2021","1","",8745,44117,44579,45592,581399957,338122530,8181238,999,"",1.00,1.00,1.00,1.00,1.00,1.00,1.00,1.00,"",-263,-2.9,-18162,-29.2,-17252,-27.9,-14522,-24.2,-89727497,-13.4,-118744538,-26.0,-2644958,-24.4,158,18.8
"US000","5","5323","16","0","2021","1","",3513,26471,26418,26913,364265510,225696239,4377617,1053,"",1.00,1.00,1.00,1.00,1.00,1.00,1.00,1.00,"",-18,-0.5,-5909,-18.2,-5951,-18.4,-5055,-15.8,-83677438,-18.7,-41465211,-15.5,-472331,-9.7,-16,-1.5
"US000","5","53231","17","0","2021","1","",3513,26471,26418,26913,364265510,225696239,4377617,1053,"",1.00,1.00,1.00,1.00,1.00,1.00,1.00,1.00,"",-18,-0.5,-5909,-18.2,-5951,-18.4,-5055,-15.8,-83677438,-18.7,-41465211,-15.5,-472331,-9.7,-16,-1.5
"US000","5","532310","18","0","2021","1","",3513,26471,26418,26913,364265510,225696239,4377617,1053,"",1.00,1.00,1.00,1.00,1.00,1.00,1.00,1.00,"",-18,-0.5,-5909,-18.2,-5951,-18.4,-5055,-15.8,-83677438,-18.7,-41465211,-15.5,-472331,-9.7,-16,-1.5
"US000","5","5324","16","0","2021","1","",16513,142170,143221,145076,2893500159,1429646356,33209073,1551,"",1.00,1.00,1.00,1.00,1.00,1.00,1.00,1.00,"",130,0.8,-26337,-15.6,-27019,-15.9,-23264,-13.8,-534068744,-15.6,-265085233,-15.6,-2887775,-8.0,-9,-0.6
"US000","5","53241","17","0","2021","1","",7246,79068,79482,80164,1635977412,815656232,18101081,1582,"",1.00,1.00,1.00,1.00,1.00,1.00,1.00,1.00,"",102,1.4,-7256,-8.4,-7214,-8.3,-6567,-7.6,-238773526,-12.7,-88886964,-9.8,-199859,-1.1,-84,-5.0
"US000","5","532411","18","0","2021","1","",820,4830,4846,4880,227265378,51752905,950227,3603,"",1.00,1.00,1.00,1.00,1.00,1.00,1.00,1.00,"",-12,-1.4,-435,-8.3,-395,-7.5,-419,-7.9,-29657348,-11.5,-3286975,-6.0,-71184,-7.0,-148,-3.9
"US000","5","532412","18","0","2021","1","",6426,74238,74636,75284,1408712034,763903327,17150854,1450,"",1.00,1.00,1.00,1.00,1.00,1.00,1.00,1.00,"",114,1.8,-6821,-8.4,-6819,-8.4,-6148,-7.5,-209116178,-12.9,-85599989,-10.1,-128675,-0.7,-80,-5.2
"US000","5","53242","17","0","2021","1","",1003,7925,7994,7979,184675879,83579333,2012488,1783,"",1.00,1.00,1.00,1.00,1.00,1.00,1.00,1.00,"",-5,-0.5,-1645,-17.2,-1613,-16.8,-1524,-16.0,-30959039,-14.4,-15453658,-15.6,-106098,-5.0,48,2.8
"US000","5","532420","18","0","2021","1","",1003,7925,7994,7979,184675879,83579333,2012488,1783,"",1.00,1.00,1.00,1.00,1.00,1.00,1.00,1.00,"",-5,-0.5,-1645,-17.2,-1613,-16.8,-1524,-16.0,-30959039,-14.4,-15453658,-15.6,-106098,-5.0,48,2.8
"US000","5","53249","17","0","2021","1","",8264,55177,55745,56933,1072846868,530410791,13095504,1475,"",1.00,1.00,1.00,1.00,1.00,1.00,1.00,1.00,"",33,0.4,-17436,-24.0,-18192,-24.6,-15173,-21.0,-264336179,-19.8,-160744611,-23.3,-2581818,-16.5,64,4.5
"US000","5","532490","18","0","2021","1","",8264,55177,55745,56933,1072846868,530410791,13095504,1475,"",1.00,1.00,1.00,1.00,1.00,1.00,1.00,1.00,"",33,0.4,-17436,-24.0,-18192,-24.6,-15173,-21.0,-264336179,-19.8,-160744611,-23.3,-2581818,-16.5,64,4.5
"US000","5","533","15","0","2021","1","",3343,19933,20058,20146,670342208,229262001,5252700,2572,"",1.00,1.00,1.00,1.00,1.00,1.00,1.00,1.00,"",72,2.2,-2746,-12.1,-2468,-11.0,-2274,-10.1,-80473752,-10.7,-30225751,-11.6,44872,0.9,10,0.4
"US000","5","5331","16","0","2021","1","",3343,19933,20058,20146,670342208,229262001,5252700,2572,"",1.00,1.00,1.00,1.00,1.00,1.00,1.00,1.00,"",72,2.2,-2746,-12.1,-2468,-11.0,-2274,-10.1,-80473752,-10.7,-30225751,-11.6,44872,0.9,10,0.4
"US000","5","53311","17","0","2021","1","",3343,19933,20058,20146,670342208,229262001,5252700,2572,"",1.00,1.00,1.00,1.00,1.00,1.00,1.00,1.00,"",72,2.2,-2746,-12.1,-2468,-11.0,-2274,-10.1,-80473752,-10.7,-30225751,-11.6,44872,0.9,10,0.4
"US000","5","533110","18","0","2021","1","",3343,19933,20058,20146,670342208,229262001,5252700,2572,"",1.00,1.00,1.00,1.00,1.00,1.00,1.00,1.00,"",72,2.2,-2746,-12.1,-2468,-11.0,-2274,-10.1,-80473752,-10.7,-30225751,-11.6,44872,0.9,10,0.4
"US000","5","54","14","0","2021","1","",1371159,9563989,9657069,9695632,266281402116,100776440334,2101160420,2125,"",1.00,1.00,1.00,1.00,1.00,1.00,1.00,1.00,"",83587,6.5,-82197,-0.9,-78186,-0.8,20586,0.2,10823645324,4.2,1039627462,1.0,162663666,8.4,96,4.7
"US000","5","541","15","0","2021","1","",1371159,9563989,9657069,9695632,266281402116,100776440334,2101160420,2125,"",1.00,1.00,1.00,1.00,1.00,1.00,1.00,1.00,"",83587,6.5,-82197,-0.9,-78186,-0.8,20586,0.2,10823645324,4.2,1039627462,1.0,162663666,8.4,96,4.7
"US000","5","5411","16","0","2021","1","",194677,1126261,1132811,1136965,27872950441,11269371130,195749681,1894,"",1.00,1.00,1.00,1.00,1.00,1.00,1.00,1.00,"",3058,1.6,-26818,-2.3,-25139,-2.2,-16826,-1.5,119769746,0.4,-101966384,-0.9,21206075,12.1,46,2.5
"US000","5","54111","17","0","2021","1","",178159,1024782,1030097,1032999,26037899844,10291692480,175190702,1946,"",1.00,1.00,1.00,1.00,1.00,1.00,1.00,1.00,"",1930,1.1,-33151,-3.1,-31951,-3.0,-24396,-2.3,-54955220,-0.2,-184871462,-1.8,18498151,11.8,51,2.7
"US000","5","541110","18","0","2021","1","",178159,1024782,1030097,1032999,26037899844,10291692480,175190702,1946,"",1.00,1.00,1.00,1.00,1.00,1.00,1.00,1.00,"",1930,1.1,-33151,-3.1,-31951,-3.0,-24396,-2.3,-54955220,-0.2,-184871462,-1.8,18498151,11.8,51,2.7
"US000","5","54119","17","0","2021","1","",16518,101479,102714,103966,1835050597,977678650,20558979,1374,"",1.00,1.00,1.00,1.00,1.00,1.00,1.00,1.00,"",1128,7.3,6333,6.7,6812,7.1,7570,7.9,174724966,10.5,82905078,9.3,2707924,15.2,41,3.1
"US000","5","541191","18","0","2021","1","",9312,70004,70859,72040,1232189725,697417694,14583921,1336,"",1.00,1.00,1.00,1.00,1.00,1.00,1.00,1.00,"",441,5.0,6677,10.5,7180,11.3,7885,12.3,188712882,18.1,83897778,13.7,2573559,21.4,76,6.0
"US000","5","541199","18","0","2021","1","",7206,31475,31855,31926,602860872,280260956,5975058,1461,"",1.00,1.00,1.00,1.00,1.00,1.00,1.00,1.00,"",687,10.5,-344,-1.1,-368,-1.1,-315,-1.0,-13987916,-2.3,-992700,-0.4,134365,2.3,-17,-1.2
"US000","5","5412","16","0","2021","1","",158866,1065670,1105663,1113999,20716646644,10187611064,206807913,1455,"",1.00,1.00,1.00,1.00,1.00,1.00,1.00,1.00,"",8162,5.4,-20896,-1.9,-29111,-2.6,-9343,-0.8,336062117,1.6,11894077,0.1,19690708,10.5,49,3.5
"US000","5","54121","17","0","2021","1","",158866,1065670,1105663,1113999,20716646644,10187611064,206807913,1455,"",1.00,1.00,1.00,1.00,1.00,1.00,1.00,1.00,"",8162,5.4,-20896,-1.9,-29111,-2.6,-9343,-0.8,336062117,1.6,11894077,0.1,19690708,10.5,49,3.5
"US000","5","541211","18","0","2021","1","",57246,500445,515142,518341,11118471772,5516640739,89755349,1673,"",1.00,1.00,1.00,1.00,1.00,1.00,1.00,1.00,"",1654,3.0,-2971,-0.6,-6679,-1.3,-3915,-0.7,-436529,0.0,31322001,0.6,14304336,19.0,15,0.9
"US000","5","541213","18","0","2021","1","",35351,132098,143492,143630,1129888863,788744551,32399986,622,"",1.00,1.00,1.00,1.00,1.00,1.00,1.00,1.00,"",2124,6.4,-15022,-10.2,-16328,-10.2,-9096,-6.0,-59634296,-5.0,-46759858,-5.6,-3142931,-8.8,25,4.2
"US000","5","541214","18","0","2021","1","",10156,165645,172740,175373,4094069790,1625611844,40816351,1839,"",1.00,1.00,1.00,1.00,1.00,1.00,1.00,1.00,"",527,5.5,-5973,-3.5,-9623,-5.3,-3692,-2.1,213523737,5.5,-34984040,-2.1,2786604,7.3,159,9.5
"US000","5","541219","18","0","2021","1","",56113,267482,274289,276655,4374216219,2256613930,43836227,1233,"",1.00,1.00,1.00,1.00,1.00,1.00,1.00,1.00,"",3857,7.4,3070,1.2,3519,1.3,7360,2.7,182609205,4.4,62315974,2.8,5742699,15.1,31,2.6
"US000","5","5413","16","0","2021","1","",146179,1482539,1486573,1492918,34483983315,16095434458,339077015,1783,"",1.00,1.00,1.00,1.00,1.00,1.00,1.00,1.00,"",4938,3.5,-34731,-2.3,-34496,-2.3,-27852,-1.8,-930171870,-2.6,-306790119,-1.9,11676781,3.6,-10,-0.6
"US000","5","54131","17","0","2021","1","",25514,183075,183472,184071,3732581591,1984659244,37033607,1564,"",1.00,1.00,1.00,1.00,1.00,1.00,1.00,1.00,"",707,2.9,-12838,-6.6,-12622,-6.4,-11145,-5.7,-313266563,-7.7,-124384801,-5.9,1319143,3.7,-26,-1.6
"US000","5","541310","18","0","2021","1","",25514,183075,183472,184071,3732581591,1984659244,37033607,1564,"",1.00,1.00,1.00,1.00,1.00,1.00,1.00,1.00,"",707,2.9,-12838,-6.6,-12622,-6.4,-11145,-5.7,-313266563,-7.7,-124384801,-5.9,1319143,3.7,-26,-1.6
"US000","5","54132","17","0","2021","1","",6763,29454,29845,30862,448259613,262960389,5648117,1147,"",1.00,1.00,1.00,1.00,1.00,1.00,1.00,1.00,"",176,2.7,-1456,-4.7,-1299,-4.2,-793,-2.5,-9886373,-2.2,-5041405,-1.9,56162,1.0,19,1.7
"US000","5","541320","18","0","2021","1","",6763,29454,29845,30862,448259613,262960389,5648117,1147,"",1.00,1.00,1.00,1.00,1.00,1.00,1.00,1.00,"",176,2.7,-1456,-4.7,-1299,-4.2,-793,-2.5,-9886373,-2.2,-5041405,-1.9,56162,1.0,19,1.7
"US000","5","54133","17","0","2021","1","",82077,1002510,1004061,1007578,25227509512,11223347578,235468880,1931,"",1.00,1.00,1.00,1.00,1.00,1.00,1.00,1.00,"",3153,4.0,-12551,-1.2,-13861,-1.4,-10394,-1.0,-449517143,-1.8,-111595941,-1.0,9987479,4.4,-11,-0.6
"US000","5","541330","18","0","2021","1","",82077,1002510,1004061,1007578,25227509512,11223347578,235468880,1931,"",1.00,1.00,1.00,1.00,1.00,1.00,1.00,1.00,"",3153,4.0,-12551,-1.2,-13861,-1.4,-10394,-1.0,-449517143,-1.8,-111595941,-1.0,9987479,4.4,-11,-0.6
"US000","5","54134","17","0","2021","1","",3130,8814,8843,8915,126732525,82557398,1594770,1101,"",1.00,1.00,1.00,1.00,1.00,1.00,1.00,1.00,"",216,7.4,-619,-6.6,-557,-5.9,-441,-4.7,-8667104,-6.4,-6490066,-7.3,46752,3.0,-7,-0.6
"US000","5","541340","18","0","2021","1","",3130,8814,8843,8915,126732525,82557398,1594770,1101,"",1.00,1.00,1.00,1.00,1.00,1.00,1.00,1.00,"",216,7.4,-619,-6.6,-557,-5.9,-441,-4.7,-8667104,-6.4,-6490066,-7.3,46752,3.0,-7,-0.6
"US000","5","54135","17","0","2021","1","",7886,24679,25735,25414,335446299,210069021,4667974,1021,"",1.00,1.00,1.00,1.00,1.00,1.00,1.00,1.00,"",373,5.0,1155,4.9,1911,8.0,1690,7.1,20093413,6.4,13502022,6.9,663469,16.6,-3,-0.3
"US000","5","541350","18","0","2021","1","",7886,24679,25735,25414,335446299,210069021,4667974,1021,"",1.00,1.00,1.00,1.00,1.00,1.00,1.00,1.00,"",373,5.0,1155,4.9,1911,8.0,1690,7.1,20093413,6.4,13502022,6.9,663469,16.6,-3,-0.3
"US000","5","54136","17","0","2021","1","",2231,12535,12482,12690,296898441,132504725,3263381,1817,"",1.00,1.00,1.00,1.00,1.00,1.00,1.00,1.00,"",-38,-1.7,-2531,-16.8,-2574,-17.1,-2087,-14.1,-71652599,-19.4,-27033155,-16.9,-700590,-17.7,-77,-4.1
"US000","5","541360","18","0","2021","1","",2231,12535,12482,12690,296898441,132504725,3263381,1817,"",1.00,1.00,1.00,1.00,1.00,1.00,1.00,1.00,"",-38,-1.7,-2531,-16.8,-2574,-17.1,-2087,-14.1,-71652599,-19.4,-27033155,-16.9,-700590,-17.7,-77,-4.1
"US000","5","54137","17","0","2021","1","",8061,51756,51741,52146,767278903,471669820,9398364,1138,"",1.00,1.00,1.00,1.00,1.00,1.00,1.00,1.00,"",76,1.0,-706,-1.3,-719,-1.4,-434,-0.8,-21330725,-2.7,-5155363,-1.1,643050,7.3,-17,-1.5
"US000","5","541370","18","0","2021","1","",8061,51756,51741,52146,767278903,471669820,9398364,1138,"",1.00,1.00,1.00,1.00,1.00,1.00,1.00,1.00,"",76,1.0,-706,-1.3,-719,-1.4,-434,-0.8,-21330725,-2.7,-5155363,-1.1,643050,7.3,-17,-1.5
"US000","5","54138","17","0","2021","1","",10517,169716,170394,171242,3549276431,1727666283,42001922,1602,"",1.00,1.00,1.00,1.00,1.00,1.00,1.00,1.00,"",275,2.7,-5185,-3.0,-4775,-2.7,-4248,-2.4,-75944776,-2.1,-40591410,-2.3,-338684,-0.8,10,0.6
"US000","5","541380","18","0","2021","1","",10517,169716,170394,171242,3549276431,1727666283,42001922,1602,"",1.00,1.00,1.00,1.00,1.00,1.00,1.00,1.00,"",275,2.7,-5185,-3.0,-4775,-2.7,-4248,-2.4,-75944776,-2.1,-40591410,-2.3,-338684,-0.8,10,0.6
"US000","5","5414","16","0","2021","1","",40163,131010,132905,134311,2467709546,1219929907,27525268,1430,"",1.00,1.00,1.00,1.00,1.00,1.00,1.00,1.00,"",1477,3.8,-9783,-6.9,-8729,-6.2,-4648,-3.3,-62733264,-2.5,-60163181,-4.7,920773,3.5,44,3.2
"US000","5","54141","17","0","2021","1","",15385,44325,45083,45406,639917506,380601944,7944412,1095,"",1.00,1.00,1.00,1.00,1.00,1.00,1.00,1.00,"",599,4.1,-3123,-6.6,-2618,-5.5,-1335,-2.9,-44410049,-6.5,-19975047,-5.0,436436,5.8,-18,-1.6
"US000","5","541410","18","0","2021","1","",15385,44325,45083,45406,639917506,380601944,7944412,1095,"",1.00,1.00,1.00,1.00,1.00,1.00,1.00,1.00,"",599,4.1,-3123,-6.6,-2618,-5.5,-1335,-2.9,-44410049,-6.5,-19975047,-5.0,436436,5.8,-18,-1.6
"US000","5","54142","17","0","2021","1","",2518,18734,19081,19514,573316134,197354873,5102426,2308,"",1.00,1.00,1.00,1.00,1.00,1.00,1.00,1.00,"",84,3.5,289,1.6,520,2.8,1051,5.7,43128731,8.1,8355809,4.4,335152,7.0,102,4.6
"US000","5","541420","18","0","2021","1","",2518,18734,19081,19514,573316134,197354873,5102426,2308,"",1.00,1.00,1.00,1.00,1.00,1.00,1.00,1.00,"",84,3.5,289,1.6,520,2.8,1051,5.7,43128731,8.1,8355809,4.4,335152,7.0,102,4.6
"US000","5","54143","17","0","2021","1","",17659,53934,54604,55076,943793908,514516652,11189210,1331,"",1.00,1.00,1.00,1.00,1.00,1.00,1.00,1.00,"",449,2.6,-5037,-8.5,-4663,-7.9,-2996,-5.2,-60668760,-6.0,-35021973,-6.4,141247,1.3,16,1.2
"US000","5","541430","18","0","2021","1","",17659,53934,54604,55076,943793908,514516652,11189210,1331,"",1.00,1.00,1.00,1.00,1.00,1.00,1.00,1.00,"",449,2.6,-5037,-8.5,-4663,-7.9,-2996,-5.2,-60668760,-6.0,-35021973,-6.4,141247,1.3,16,1.2
"US000","5","54149","17","0","2021","1","",4601,14017,14137,14315,310681998,127456438,3289220,1688,"",1.00,1.00,1.00,1.00,1.00,1.00,1.00,1.00,"",345,8.1,-1912,-12.0,-1968,-12.2,-1368,-8.7,-783186,-0.3,-13521970,-9.6,7938,0.2,182,12.1
"US000","5","541490","18","0","2021","1","",4601,14017,14137,14315,310681998,127456438,3289220,1688,"",1.00,1.00,1.00,1.00,1.00,1.00,1.00,1.00,"",345,8.1,-1912,-12.0,-1968,-12.2,-1368,-8.7,-783186,-0.3,-13521970,-9.6,7938,0.2,182,12.1
"US000","5","5415","16","0","2021","1","",315834,2230973,2244194,2236598,80300344125,26233814955,574439473,2761,"",1.00,1.00,1.00,1.00,1.00,1.00,1.00,1.00,"",24900,8.6,10674,0.5,18776,0.8,37922,1.7,7588222026,10.4,656029240,2.6,30132372,5.5,236,9.3
"US000","5","54151","17","0","2021","1","",315834,2230973,2244194,2236598,80300344125,26233814955,574439473,2761,"",1.00,1.00,1.00,1.00,1.00,1.00,1.00,1.00,"",24900,8.6,10674,0.5,18776,0.8,37922,1.7,7588222026,10.4,656029240,2.6,30132372,5.5,236,9.3
"US000","5","541511","18","0","2021","1","",144293,985715,992552,990080,39310920394,11874307039,261914796,3056,"",1.00,1.00,1.00,1.00,1.00,1.00,1.00,1.00,"",13964,10.7,1799,0.2,6688,0.7,16286,1.7,4749436627,13.7,312436151,2.7,3219212,1.2,346,12.8
"US000","5","541512","18","0","2021","1","",145306,1050949,1056071,1051049,34310660971,12258035381,264718615,2507,"",1.00,1.00,1.00,1.00,1.00,1.00,1.00,1.00,"",8111,5.9,6196,0.6,8459,0.8,16654,1.6,2322558703,7.3,270156783,2.3,23460857,9.7,146,6.2
"US000","5","541513","18","0","2021","1","",5140,74525,74538,74320,2684100292,728018035,16786503,2773,"",1.00,1.00,1.00,1.00,1.00,1.00,1.00,1.00,"",358,7.5,219,0.3,-30,0.0,-11,0.0,216855282,8.8,10673834,1.5,1547852,10.2,222,8.7
"US000","5","541519","18","0","2021","1","",21095,119784,121033,121149,3994662468,1373454500,31019559,2547,"",1.00,1.00,1.00,1.00,1.00,1.00,1.00,1.00,"",2467,13.2,2460,2.1,3659,3.1,4993,4.3,299371414,8.1,62762472,4.8,1904451,6.5,116,4.8
"US000","5","5416","16","0","2021","1","",309661,1551987,1567802,1577816,42323425359,16328377724,349489746,2079,"",1.00,1.00,1.00,1.00,1.00,1.00,1.00,1.00,"",25130,8.8,2542,0.2,6470,0.4,28931,1.9,1299518263,3.2,280273408,1.7,33191154,10.5,47,2.3
"US000","5","54161","17","0","2021","1","",248634,1273995,1287442,1295380,35495812502,13429765030,284476198,2124,"",1.00,1.00,1.00,1.00,1.00,1.00,1.00,1.00,"",23729,10.6,9297,0.7,13158,1.0,31049,2.5,1337743834,3.9,307289810,2.3,30274036,11.9,51,2.5
"US000","5","541611","18","0","2021","1","",130006,685006,692018,695882,21114545714,7481176740,152505375,2351,"",1.00,1.00,1.00,1.00,1.00,1.00,1.00,1.00,"",12313,10.5,12407,1.8,15200,2.2,23927,3.6,587987330,2.9,207924719,2.9,19760654,14.9,8,0.3
"US000","5","541612","18","0","2021","1","",12098,82549,82808,83393,2240908812,840020669,18581052,2079,"",1.00,1.00,1.00,1.00,1.00,1.00,1.00,1.00,"",874,7.8,1820,2.3,1215,1.5,2465,3.0,36885950,1.7,17214475,2.1,911310,5.2,-12,-0.6
"US000","5","541613","18","0","2021","1","",63952,264100,268417,271311,6463301622,2710445388,61544472,1856,"",1.00,1.00,1.00,1.00,1.00,1.00,1.00,1.00,"",7534,13.4,-8996,-3.3,-8461,-3.1,-3228,-1.2,428401522,7.1,44050472,1.7,5015303,8.9,167,9.9
"US000","5","541614","18","0","2021","1","",16286,138749,139496,139913,2861558110,1343651585,28276165,1579,"",1.00,1.00,1.00,1.00,1.00,1.00,1.00,1.00,"",945,6.2,2996,2.2,3786,2.8,5534,4.1,126239729,4.6,20781644,1.6,2936019,11.6,24,1.5
"US000","5","541618","18","0","2021","1","",26292,103591,104703,104881,2815498244,1054470648,23569134,2075,"",1.00,1.00,1.00,1.00,1.00,1.00,1.00,1.00,"",2063,8.5,1070,1.0,1418,1.4,2351,2.3,158229303,6.0,17318500,1.7,1650750,7.5,86,4.3
"US000","5","54162","17","0","2021","1","",13042,88778,89027,89555,1724471402,923168457,19293849,1488,"",1.00,1.00,1.00,1.00,1.00,1.00,1.00,1.00,"",441,3.5,-853,-1.0,-962,-1.1,-191,-0.2,-45760485,-2.6,-17791386,-1.9,976488,5.3,-29,-1.9
"US000","5","541620","18","0","2021","1","",13042,88778,89027,89555,1724471402,923168457,19293849,1488,"",1.00,1.00,1.00,1.00,1.00,1.00,1.00,1.00,"",441,3.5,-853,-1.0,-962,-1.1,-191,-0.2,-45760485,-2.6,-17791386,-1.9,976488,5.3,-29,-1.9
"US000","5","54169","17","0","2021","1","",47985,189214,191333,192881,5103141455,1975444237,45719699,2054,"",1.00,1.00,1.00,1.00,1.00,1.00,1.00,1.00,"",960,2.0,-5902,-3.0,-5726,-2.9,-1927,-1.0,7534914,0.1,-9225016,-0.5,1940630,4.4,51,2.5
"US000","5","541690","18","0","2021","1","",47985,189214,191333,192881,5103141455,1975444237,45719699,2054,"",1.00,1.00,1.00,1.00,1.00,1.00,1.00,1.00,"",960,2.0,-5902,-3.0,-5726,-2.9,-1927,-1.0,7534914,0.1,-9225016,-0.5,1940630,4.4,51,2.5
"US000","5","5417","16","0","2021","1","",39499,790358,794743,800276,35582959768,8837950277,185737258,3442,"",1.00,1.00,1.00,1.00,1.00,1.00,1.00,1.00,"",5038,14.6,40267,5.4,39052,5.2,41918,5.5,2217918434,6.6,657982242,8.0,25839229,16.2,41,1.2
"US000","5","54171","17","0","2021","1","",34494,730159,733804,738721,34222944706,8426638030,176644905,3585,"",1.00,1.00,1.00,1.00,1.00,1.00,1.00,1.00,"",4614,15.4,42070,6.1,41496,6.0,43890,6.3,2299966787,7.2,676421497,8.7,24580408,16.2,35,1.0
"US000","5","541713","18","0","2021","1","",2029,22714,22925,23195,840243510,308064996,5323574,2817,"",1.00,1.00,1.00,1.00,1.00,1.00,1.00,1.00,"",204,11.2,2051,9.9,2031,9.7,2110,10.0,108701061,14.9,22305672,7.8,957742,21.9,122,4.5
"US000","5","541714","18","0","2021","1","",13105,239318,241261,243629,15647795676,3260780761,73930587,4986,"",1.00,1.00,1.00,1.00,1.00,1.00,1.00,1.00,"",2319,21.5,18345,8.3,18568,8.3,19492,8.7,1595385959,11.4,357596689,12.3,12265993,19.9,130,2.7
"US000","5","541715","18","0","2021","1","",19360,468127,469618,471897,17734905520,4857792273,97390744,2903,"",1.00,1.00,1.00,1.00,1.00,1.00,1.00,1.00,"",2091,12.1,21674,4.9,20897,4.7,22288,5.0,595879767,3.5,296519136,6.5,11356673,13.2,-38,-1.3
"US000","5","54172","17","0","2021","1","",5005,60199,60939,61555,1360015062,411312247,9092353,1718,"",1.00,1.00,1.00,1.00,1.00,1.00,1.00,1.00,"",424,9.3,-1803,-2.9,-2444,-3.9,-1972,-3.1,-82048353,-5.7,-18439255,-4.3,1258821,16.1,-44,-2.5
"US000","5","541720","18","0","2021","1","",5005,60199,60939,61555,1360015062,411312247,9092353,1718,"",1.00,1.00,1.00,1.00,1.00,1.00,1.00,1.00,"",424,9.3,-1803,-2.9,-2444,-3.9,-1972,-3.1,-82048353,-5.7,-18439255,-4.3,1258821,16.1,-44,-2.5
"US000","5","5418","16","0","2021","1","",59551,428909,432075,436444,10740020659,4380407178,109971975,1910,"",1.00,1.00,1.00,1.00,1.00,1.00,1.00,1.00,"",5226,9.6,-49787,-10.4,-50366,-10.4,-42335,-8.8,-186204387,-1.7,-256690860,-5.5,8155481,8.0,159,9.1
"US000","5","54181","17","0","2021","1","",25772,191965,193018,194654,5798391195,2215373254,60343302,2308,"",1.00,1.00,1.00,1.00,1.00,1.00,1.00,1.00,"",3423,15.3,-10736,-5.3,-10431,-5.1,-8366,-4.1,64120703,1.1,-55728278,-2.5,6149509,11.3,136,6.3
"US000","5","541810","18","0","2021","1","",25772,191965,193018,194654,5798391195,2215373254,60343302,2308,"",1.00,1.00,1.00,1.00,1.00,1.00,1.00,1.00,"",3423,15.3,-10736,-5.3,-10431,-5.1,-8366,-4.1,64120703,1.1,-55728278,-2.5,6149509,11.3,136,6.3
"US000","5","54182","17","0","2021","1","",11958,56224,56950,57875,1784575034,589575626,14206590,2408,"",1.00,1.00,1.00,1.00,1.00,1.00,1.00,1.00,"",916,8.3,-2847,-4.8,-3531,-5.8,-2197,-3.7,47733306,2.7,-14159340,-2.3,2016573,16.5,177,7.9
"US000","5","541820","18","0","2021","1","",11958,56224,56950,57875,1784575034,589575626,14206590,2408,"",1.00,1.00,1.00,1.00,1.00,1.00,1.00,1.00,"",916,8.3,-2847,-4.8,-3531,-5.8,-2197,-3.7,47733306,2.7,-14159340,-2.3,2016573,16.5,177,7.9
"US000","5","54183","17","0","2021","1","",1253,16468,16500,16564,489798066,187309504,5260952,2282,"",1.00,1.00,1.00,1.00,1.00,1.00,1.00,1.00,"",81,6.9,-699,-4.1,-680,-4.0,-581,-3.4,12397914,2.6,-2009809,-1.1,1102840,26.5,142,6.6
"US000","5","541830","18","0","2021","1","",1253,16468,16500,16564,489798066,187309504,5260952,2282,"",1.00,1.00,1.00,1.00,1.00,1.00,1.00,1.00,"",81,6.9,-699,-4.1,-680,-4.0,-581,-3.4,12397914,2.6,-2009809,-1.1,1102840,26.5,142,6.6
"US000","5","54184","17","0","2021","1","",3421,17508,17629,17622,495022746,194154219,4900899,2165,"",1.00,1.00,1.00,1.00,1.00,1.00,1.00,1.00,"",200,6.2,-1445,-7.6,-1375,-7.2,-1065,-5.7,-26576730,-5.1,-8938642,-4.4,176513,3.7,40,1.9
"US000","5","541840","18","0","2021","1","",3421,17508,17629,17622,495022746,194154219,4900899,2165,"",1.00,1.00,1.00,1.00,1.00,1.00,1.00,1.00,"",200,6.2,-1445,-7.6,-1375,-7.2,-1065,-5.7,-26576730,-5.1,-8938642,-4.4,176513,3.7,40,1.9
"US000","5","54185","17","0","2021","1","",3163,28358,28553,29002,534627889,252115017,5848522,1436,"",1.00,1.00,1.00,1.00,1.00,1.00,1.00,1.00,"",-107,-3.3,-6615,-18.9,-6589,-18.7,-5645,-16.3,-181273399,-25.3,-56259177,-18.2,-496085,-7.8,-141,-8.9
"US000","5","541850","18","0","2021","1","",3163,28358,28553,29002,534627889,252115017,5848522,1436,"",1.00,1.00,1.00,1.00,1.00,1.00,1.00,1.00,"",-107,-3.3,-6615,-18.9,-6589,-18.7,-5645,-16.3,-181273399,-25.3,-56259177,-18.2,-496085,-7.8,-141,-8.9
"US000","5","54186","17","0","2021","1","",2394,35872,35716,35523,548474173,335230181,7269438,1182,"",1.00,1.00,1.00,1.00,1.00,1.00,1.00,1.00,"",-32,-1.3,-5004,-12.2,-5058,-12.4,-4741,-11.8,-67149034,-10.9,-43776309,-11.6,-567448,-7.2,17,1.5
"US000","5","541860","18","0","2021","1","",2394,35872,35716,35523,548474173,335230181,7269438,1182,"",1.00,1.00,1.00,1.00,1.00,1.00,1.00,1.00,"",-32,-1.3,-5004,-12.2,-5058,-12.4,-4741,-11.8,-67149034,-10.9,-43776309,-11.6,-567448,-7.2,17,1.5
"US000","5","54187","17","0","2021","1","",3020,11059,11256,11413,185926431,91366416,2319692,1272,"",1.00,1.00,1.00,1.00,1.00,1.00,1.00,1.00,"",600,24.8,-2145,-16.2,-2261,-16.7,-1846,-13.9,13784370,8.0,-1517632,-1.6,152003,7.0,278,28.0
"US000","5","541870","18","0","2021","1","",3020,11059,11256,11413,185926431,91366416,2319692,1272,"",1.00,1.00,1.00,1.00,1.00,1.00,1.00,1.00,"",600,24.8,-2145,-16.2,-2261,-16.7,-1846,-13.9,13784370,8.0,-1517632,-1.6,152003,7.0,278,28.0
"US000","5","54189","17","0","2021","1","",8570,71455,72453,73791,903205125,515282961,9822580,957,"",1.00,1.00,1.00,1.00,1.00,1.00,1.00,1.00,"",145,1.7,-20296,-22.1,-20441,-22.0,-17894,-19.5,-49241517,-5.2,-74301673,-12.6,-378424,-3.7,162,20.4
"US000","5","541890","18","0","2021","1","",8570,71455,72453,73791,903205125,515282961,9822580,957,"",1.00,1.00,1.00,1.00,1.00,1.00,1.00,1.00,"",145,1.7,-20296,-22.1,-20441,-22.0,-17894,-19.5,-49241517,-5.2,-74301673,-12.6,-378424,-3.7,162,20.4
"US000","5","5419","16","0","2021","1","",106729,756282,760303,766305,11793362259,6223543641,112362091,1192,"",1.00,1.00,1.00,1.00,1.00,1.00,1.00,1.00,"",5658,5.6,6335,0.8,5357,0.7,12819,1.7,441264259,3.9,159059039,2.6,11851093,11.8,32,2.8
"US000","5","54191","17","0","2021","1","",8543,75974,76230,76667,2202297247,768719078,18269578,2221,"",1.00,1.00,1.00,1.00,1.00,1.00,1.00,1.00,"",326,4.0,-9265,-10.9,-9926,-11.5,-8742,-10.2,-147160837,-6.3,-62845825,-7.6,459169,2.6,110,5.2
"US000","5","541910","18","0","2021","1","",8543,75974,76230,76667,2202297247,768719078,18269578,2221,"",1.00,1.00,1.00,1.00,1.00,1.00,1.00,1.00,"",326,4.0,-9265,-10.9,-9926,-11.5,-8742,-10.2,-147160837,-6.3,-62845825,-7.6,459169,2.6,110,5.2
"US000","5","54192","17","0","2021","1","",14108,33226,34645,36586,306603024,222324797,6076339,677,"",1.00,1.00,1.00,1.00,1.00,1.00,1.00,1.00,"",3,0.0,-9210,-21.7,-9886,-22.2,-8121,-18.2,-50131245,-14.1,-39645481,-15.1,-530715,-8.0,52,8.3
"US000","5","541921","18","0","2021","1","",10175,24024,25248,26755,179736659,143509526,4263727,546,"",1.00,1.00,1.00,1.00,1.00,1.00,1.00,1.00,"",-39,-0.4,-8094,-25.2,-8831,-25.9,-7779,-22.5,-44445184,-19.8,-36732493,-20.4,-713623,-14.3,32,6.2
"US000","5","541922","18","0","2021","1","",3933,9202,9397,9831,126866365,78815271,1812612,1030,"",1.00,1.00,1.00,1.00,1.00,1.00,1.00,1.00,"",42,1.1,-1116,-10.8,-1055,-10.1,-342,-3.4,-5686061,-4.3,-2912988,-3.6,182908,11.2,41,4.1
"US000","5","54193","17","0","2021","1","",4368,41342,41878,41679,518487358,307668374,6388647,958,"",1.00,1.00,1.00,1.00,1.00,1.00,1.00,1.00,"",318,7.9,-876,-2.1,-1212,-2.8,-1125,-2.6,26738058,5.4,2341069,0.8,264779,4.3,72,8.1
"US000","5","541930","18","0","2021","1","",4368,41342,41878,41679,518487358,307668374,6388647,958,"",1.00,1.00,1.00,1.00,1.00,1.00,1.00,1.00,"",318,7.9,-876,-2.1,-1212,-2.8,-1125,-2.6,26738058,5.4,2341069,0.8,264779,4.3,72,8.1
"US000","5","54194","17","0","2021","1","",32847,425993,425739,427921,4592866798,3073603380,40874554,828,"",1.00,1.00,1.00,1.00,1.00,1.00,1.00,1.00,"",569,1.8,18740,4.6,18889,4.6,20819,5.1,306467249,7.1,172559060,5.9,8495327,26.2,18,2.2
"US000","5","541940","18","0","2021","1","",32847,425993,425739,427921,4592866798,3073603380,40874554,828,"",1.00,1.00,1.00,1.00,1.00,1.00,1.00,1.00,"",569,1.8,18740,4.6,18889,4.6,20819,5.1,306467249,7.1,172559060,5.9,8495327,26.2,18,2.2
"US000","5","54199","17","0","2021","1","",46863,179747,181811,183452,4173107832,1851228012,40752973,1767,"",1.00,1.00,1.00,1.00,1.00,1.00,1.00,1.00,"",4442,10.5,6946,4.0,7492,4.3,9988,5.8,305351034,7.9,86650216,4.9,3162533,8.4,52,3.0
"US000","5","541990","18","0","2021","1","",46863,179747,181811,183452,4173107832,1851228012,40752973,1767,"",1.00,1.00,1.00,1.00,1.00,1.00,1.00,1.00,"",4442,10.5,6946,4.0,7492,4.3,9988,5.8,305351034,7.9,86650216,4.9,3162533,8.4,52,3.0
"US000","5","55","14","0","2021","1","",77402,2315410,2316050,2324534,93496280930,30207546210,536347962,3102,"",1.00,1.00,1.00,1.00,1.00,1.00,1.00,1.00,"",5952,8.3,-88910,-3.7,-87063,-3.6,-78472,-3.3,-848623260,-0.9,-793400295,-2.6,-19828355,-3.6,83,2.7
"US000","5","551","15","0","2021","1","",77402,2315410,2316050,2324534,93496280930,30207546210,536347962,3102,"",1.00,1.00,1.00,1.00,1.00,1.00,1.00,1.00,"",5952,8.3,-88910,-3.7,-87063,-3.6,-78472,-3.3,-848623260,-0.9,-793400295,-2.6,-19828355,-3.6,83,2.7
"US000","5","5511","16","0","2021","1","",77402,2315410,2316050,2324534,93496280930,30207546210,536347962,3102,"",1.00,1.00,1.00,1.00,1.00,1.00,1.00,1.00,"",5952,8.3,-88910,-3.7,-87063,-3.6,-78472,-3.3,-848623260,-0.9,-793400295,-2.6,-19828355,-3.6,83,2.7
"US000","5","55111","17","0","2021","1","",77402,2315410,2316050,2324534,93496280930,30207546210,536347962,3102,"",1.00,1.00,1.00,1.00,1.00,1.00,1.00,1.00,"",5952,8.3,-88910,-3.7,-87063,-3.6,-78472,-3.3,-848623260,-0.9,-793400295,-2.6,-19828355,-3.6,83,2.7
"US000","5","551111","18","0","2021","1","",913,10046,10083,10084,570677402,140468353,2206003,4359,"",1.00,1.00,1.00,1.00,1.00,1.00,1.00,1.00,"",48,5.5,-609,-5.7,-624,-5.8,-659,-6.1,15538816,2.8,-7094957,-4.8,498923,29.2,369,9.2
"US000","5","551112","18","0","2021","1","",10864,72398,73213,73957,4387593080,860667598,16369659,4611,"",1.00,1.00,1.00,1.00,1.00,1.00,1.00,1.00,"",796,7.9,465,0.6,779,1.1,1514,2.1,158683050,3.8,8428957,1.0,2440772,17.5,110,2.4
"US000","5","551114","18","0","2021","1","",65625,2232966,2232754,2240493,88538010448,29206410259,517772300,3047,"",1.00,1.00,1.00,1.00,1.00,1.00,1.00,1.00,"",5108,8.4,-88766,-3.8,-87218,-3.8,-79327,-3.4,-1022845126,-1.1,-794734295,-2.6,-22768050,-4.2,78,2.6
"US000","5","56","14","0","2021","1","",595946,8559411,8646279,8714519,101973640491,64269834804,1500363212,908,"",1.00,1.00,1.00,1.00,1.00,1.00,1.00,1.00,"",20175,3.5,-396513,-4.4,-346378,-3.9,-210315,-2.4,1398552420,1.4,-133669539,-0.2,100186188,7.2,44,5.1
"US000","5","561","15","0","2021","1","",564652,8116494,8204291,8268478,94976678079,59893262462,1404002654,891,"",1.00,1.00,1.00,1.00,1.00,1.00,1.00,1.00,"",18880,3.5,-392724,-4.6,-340763,-4.0,-207964,-2.5,1623125627,1.7,-52820825,-0.1,95730537,7.3,47,5.6
"US000","5","5611","16","0","2021","1","",59230,518890,522243,525896,13229627607,4729624430,102234593,1948,"",1.00,1.00,1.00,1.00,1.00,1.00,1.00,1.00,"",4264,7.8,-16784,-3.1,-16566,-3.1,-13289,-2.5,-657155517,-4.7,-64406388,-1.3,8433277,9.0,-38,-1.9
"US000","5","56111","17","0","2021","1","",59230,518890,522243,525896,13229627607,4729624430,102234593,1948,"",1.00,1.00,1.00,1.00,1.00,1.00,1.00,1.00,"",4264,7.8,-16784,-3.1,-16566,-3.1,-13289,-2.5,-657155517,-4.7,-64406388,-1.3,8433277,9.0,-38,-1.9
"US000","5","561110","18","0","2021","1","",59230,518890,522243,525896,13229627607,4729624430,102234593,1948,"",1.00,1.00,1.00,1.00,1.00,1.00,1.00,1.00,"",4264,7.8,-16784,-3.1,-16566,-3.1,-13289,-2.5,-657155517,-4.7,-64406388,-1.3,8433277,9.0,-38,-1.9
"US000","5","5612","16","0","2021","1","",6474,155614,156689,156969,2085162596,1253547781,27672584,1025,"",1.00,1.00,1.00,1.00,1.00,1.00,1.00,1.00,"",311,5.0,-7385,-4.5,-7071,-4.3,-6684,-4.1,-115084819,-5.2,-59326721,-4.5,1326248,5.0,-10,-1.0
"US000","5","56121","17","0","2021","1","",6474,155614,156689,156969,2085162596,1253547781,27672584,1025,"",1.00,1.00,1.00,1.00,1.00,1.00,1.00,1.00,"",311,5.0,-7385,-4.5,-7071,-4.3,-6684,-4.1,-115084819,-5.2,-59326721,-4.5,1326248,5.0,-10,-1.0
"US000","5","561210","18","0","2021","1","",6474,155614,156689,156969,2085162596,1253547781,27672584,1025,"",1.00,1.00,1.00,1.00,1.00,1.00,1.00,1.00,"",311,5.0,-7385,-4.5,-7071,-4.3,-6684,-4.1,-115084819,-5.2,-59326721,-4.5,1326248,5.0,-10,-1.0
"US000","5","5613","16","0","2021","1","",129105,3350114,3417611,3445527,38004446672,25197775548,663382948,859,"",1.00,1.00,1.00,1.00,1.00,1.00,1.00,1.00,"",6860,5.6,-89889,-2.6,-42863,-1.2,47468,1.4,4222169706,12.5,1500387077,6.3,62203861,10.3,102,13.5
"US000","5","56131","17","0","2021","1","",26419,270166,275917,276758,4254145732,2272426316,62392116,1193,"",1.00,1.00,1.00,1.00,1.00,1.00,1.00,1.00,"",2024,8.3,2772,1.0,4913,1.8,7859,2.9,160092281,3.9,112237222,5.2,7071914,12.8,23,2.0
"US000","5","561311","18","0","2021","1","",18650,231692,236830,237061,2993528436,1866157111,51910805,979,"",1.00,1.00,1.00,1.00,1.00,1.00,1.00,1.00,"",1735,10.3,4715,2.1,6532,2.8,8338,3.6,202330603,7.2,127992186,7.4,6621036,14.6,40,4.3
"US000","5","561312","18","0","2021","1","",7769,38474,39087,39697,1260617296,406269205,10481311,2481,"",1.00,1.00,1.00,1.00,1.00,1.00,1.00,1.00,"",289,3.9,-1943,-4.8,-1619,-4.0,-479,-1.2,-42238322,-3.2,-15754964,-3.7,450878,4.5,2,0.1
"US000","5","56132","17","0","2021","1","",87214,2736848,2793113,2811664,28629831354,20161285026,540589911,792,"",1.00,1.00,1.00,1.00,1.00,1.00,1.00,1.00,"",2906,3.4,-90844,-3.2,-49283,-1.7,29857,1.1,3608296507,14.4,1239490292,6.6,46594942,9.4,109,16.0
"US000","5","561320","18","0","2021","1","",87214,2736848,2793113,2811664,28629831354,20161285026,540589911,792,"",1.00,1.00,1.00,1.00,1.00,1.00,1.00,1.00,"",2906,3.4,-90844,-3.2,-49283,-1.7,29857,1.1,3608296507,14.4,1239490292,6.6,46594942,9.4,109,16.0
"US000","5","56133","17","0","2021","1","",15472,343100,348581,357105,5120469586,2764064206,60400921,1127,"",1.00,1.00,1.00,1.00,1.00,1.00,1.00,1.00,"",1930,14.3,-1817,-0.5,1507,0.4,9752,2.8,453780918,9.7,148659563,5.7,8537005,16.5,91,8.8
"US000","5","561330","18","0","2021","1","",15472,343100,348581,357105,5120469586,2764064206,60400921,1127,"",1.00,1.00,1.00,1.00,1.00,1.00,1.00,1.00,"",1930,14.3,-1817,-0.5,1507,0.4,9752,2.8,453780918,9.7,148659563,5.7,8537005,16.5,91,8.8
"US000","5","5614","16","0","2021","1","",52717,833141,825150,818178,10973447463,6187608662,128542921,1023,"",1.00,1.00,1.00,1.00,1.00,1.00,1.00,1.00,"",2430,4.8,-33443,-3.9,-38679,-4.5,-36122,-4.2,132976524,1.2,-188817509,-3.0,7304828,6.0,55,5.7
"US000","5","56141","17","0","2021","1","",7030,37331,37937,37943,402679919,240904568,4810238,821,"",1.00,1.00,1.00,1.00,1.00,1.00,1.00,1.00,"",208,3.0,-9615,-20.5,-9465,-20.0,-8908,-19.0,-20720921,-4.9,-35956304,-13.0,-103468,-2.1,129,18.6
"US000","5","561410","18","0","2021","1","",7030,37331,37937,37943,402679919,240904568,4810238,821,"",1.00,1.00,1.00,1.00,1.00,1.00,1.00,1.00,"",208,3.0,-9615,-20.5,-9465,-20.0,-8908,-19.0,-20720921,-4.9,-35956304,-13.0,-103468,-2.1,129,18.6
"US000","5","56142","17","0","2021","1","",11972,496047,487676,480223,5312101243,3523604034,70235584,837,"",1.00,1.00,1.00,1.00,1.00,1.00,1.00,1.00,"",1395,13.2,2818,0.6,-1399,-0.3,-3540,-0.7,15015975,0.3,20973901,0.6,6419332,10.1,3,0.4
"US000","5","561421","18","0","2021","1","",2547,37976,38374,38436,389792453,281674783,5273669,784,"",1.00,1.00,1.00,1.00,1.00,1.00,1.00,1.00,"",307,13.7,2235,6.3,2727,7.7,2804,7.9,27638788,7.6,16745082,6.3,629905,13.6,3,0.4
"US000","5","561422","18","0","2021","1","",9425,458071,449302,441787,4922308790,3241929251,64961915,842,"",1.00,1.00,1.00,1.00,1.00,1.00,1.00,1.00,"",1088,13.1,583,0.1,-4126,-0.9,-6344,-1.4,-12622813,-0.3,4228819,0.1,5789427,9.8,4,0.5
"US000","5","56143","17","0","2021","1","",10977,76702,76027,75688,723286796,514793232,10305850,731,"",1.00,1.00,1.00,1.00,1.00,1.00,1.00,1.00,"",-75,-0.7,-6398,-7.7,-6605,-8.0,-6554,-8.0,-65874547,-8.3,-48237478,-8.6,-349994,-3.3,-3,-0.4
"US000","5","561431","18","0","2021","1","",5451,33841,33459,33328,244717330,194178108,3462559,561,"",1.00,1.00,1.00,1.00,1.00,1.00,1.00,1.00,"",67,1.2,993,3.0,642,2.0,854,2.6,17158635,7.5,11483329,6.3,439105,14.5,26,4.9
"US000","5","561439","18","0","2021","1","",5526,42861,42568,42360,478569466,320615124,6843291,864,"",1.00,1.00,1.00,1.00,1.00,1.00,1.00,1.00,"",-142,-2.5,-7391,-14.7,-7247,-14.5,-7408,-14.9,-83033182,-14.8,-59720807,-15.7,-789099,-10.3,-1,-0.1
"US000","5","56144","17","0","2021","1","",5421,110448,110214,110256,1509056505,923330252,20280455,1052,"",1.00,1.00,1.00,1.00,1.00,1.00,1.00,1.00,"",270,5.2,-9996,-8.3,-9968,-8.3,-8853,-7.4,-71758751,-4.5,-82699848,-8.2,-558050,-2.7,38,3.7
"US000","5","561440","18","0","2021","1","",5421,110448,110214,110256,1509056505,923330252,20280455,1052,"",1.00,1.00,1.00,1.00,1.00,1.00,1.00,1.00,"",270,5.2,-9996,-8.3,-9968,-8.3,-8853,-7.4,-71758751,-4.5,-82699848,-8.2,-558050,-2.7,38,3.7
"US000","5","56145","17","0","2021","1","",1153,22156,22231,22119,1077842412,237700474,6009286,3740,"",1.00,1.00,1.00,1.00,1.00,1.00,1.00,1.00,"",57,5.2,11,0.0,-10,0.0,-167,-0.7,61110165,6.0,5743444,2.5,546435,10.0,221,6.3
"US000","5","561450","18","0","2021","1","",1153,22156,22231,22119,1077842412,237700474,6009286,3740,"",1.00,1.00,1.00,1.00,1.00,1.00,1.00,1.00,"",57,5.2,11,0.0,-10,0.0,-167,-0.7,61110165,6.0,5743444,2.5,546435,10.0,221,6.3
"US000","5","56149","17","0","2021","1","",16164,90457,91065,91949,1948480588,747276102,16901508,1644,"",1.00,1.00,1.00,1.00,1.00,1.00,1.00,1.00,"",575,3.7,-10263,-10.2,-11232,-11.0,-8100,-8.1,215204603,12.4,-48641224,-6.1,1350573,8.7,324,24.5
"US000","5","561491","18","0","2021","1","",843,6581,6588,6594,67832809,48680104,1126702,792,"",1.00,1.00,1.00,1.00,1.00,1.00,1.00,1.00,"",-5,-0.6,-1548,-19.0,-1614,-19.7,-1376,-17.3,-20426677,-23.1,-12693798,-20.7,-234900,-17.3,-46,-5.5
"US000","5","561492","18","0","2021","1","",3137,10940,11021,11133,144307441,87065285,1627067,1006,"",1.00,1.00,1.00,1.00,1.00,1.00,1.00,1.00,"",56,1.8,-860,-7.3,-906,-7.6,-699,-5.9,-6171410,-4.1,-3001622,-3.3,86372,5.6,29,3.0
"US000","5","561499","18","0","2021","1","",12184,72936,73456,74222,1736340338,611530713,14147739,1816,"",1.00,1.00,1.00,1.00,1.00,1.00,1.00,1.00,"",524,4.5,-7855,-9.7,-8712,-10.6,-6025,-7.5,241802690,16.2,-32945804,-5.1,1499101,11.9,398,28.1
"US000","5","5615","16","0","2021","1","",20480,127813,128347,129870,2419010538,1218761938,21029783,1446,"",1.00,1.00,1.00,1.00,1.00,1.00,1.00,1.00,"",-1391,-6.4,-82368,-39.2,-83181,-39.3,-78480,-37.7,-1374972944,-36.2,-759951774,-38.4,-9887241,-32.0,56,4.0
"US000","5","56151","17","0","2021","1","",12375,52611,52638,52984,1173644882,578941905,9739910,1712,"",1.00,1.00,1.00,1.00,1.00,1.00,1.00,1.00,"",-959,-7.2,-37036,-41.3,-37148,-41.4,-34714,-39.6,-662558588,-36.1,-400044480,-40.9,-5001129,-33.9,126,7.9
"US000","5","561510","18","0","2021","1","",12375,52611,52638,52984,1173644882,578941905,9739910,1712,"",1.00,1.00,1.00,1.00,1.00,1.00,1.00,1.00,"",-959,-7.2,-37036,-41.3,-37148,-41.4,-34714,-39.6,-662558588,-36.1,-400044480,-40.9,-5001129,-33.9,126,7.9
"US000","5","56152","17","0","2021","1","",3003,12314,12718,13444,170742899,109069067,2537539,1024,"",1.00,1.00,1.00,1.00,1.00,1.00,1.00,1.00,"",-263,-8.1,-14710,-54.4,-14622,-53.5,-13432,-50.0,-233531720,-57.8,-128913230,-54.2,-2548695,-50.1,-124,-10.8
"US000","5","561520","18","0","2021","1","",3003,12314,12718,13444,170742899,109069067,2537539,1024,"",1.00,1.00,1.00,1.00,1.00,1.00,1.00,1.00,"",-263,-8.1,-14710,-54.4,-14622,-53.5,-13432,-50.0,-233531720,-57.8,-128913230,-54.2,-2548695,-50.1,-124,-10.8
"US000","5","56159","17","0","2021","1","",5102,62888,62991,63442,1074622757,530750966,8752334,1310,"",1.00,1.00,1.00,1.00,1.00,1.00,1.00,1.00,"",-169,-3.2,-30622,-32.7,-31411,-33.3,-30334,-32.3,-478882636,-30.8,-230994064,-30.3,-2337417,-21.1,37,2.9
"US000","5","561591","18","0","2021","1","",994,6054,6081,6232,99184994,51896220,869215,1246,"",1.00,1.00,1.00,1.00,1.00,1.00,1.00,1.00,"",-7,-0.7,-3298,-35.3,-3425,-36.0,-3236,-34.2,-46365769,-31.9,-24043007,-31.7,-188621,-17.8,60,5.1
"US000","5","561599","18","0","2021","1","",4108,56834,56910,57210,975437763,478854746,7883119,1317,"",1.00,1.00,1.00,1.00,1.00,1.00,1.00,1.00,"",-162,-3.8,-27324,-32.5,-27986,-33.0,-27098,-32.1,-432516867,-30.7,-206951057,-30.2,-2148796,-21.4,35,2.7
"US000","5","5616","16","0","2021","1","",35757,913668,916124,910029,8716956158,6410350693,137282498,734,"",1.00,1.00,1.00,1.00,1.00,1.00,1.00,1.00,"",745,2.1,-41528,-4.3,-43563,-4.5,-29369,-3.1,-263223139,-2.9,-250887720,-3.8,10800669,8.5,8,1.1
"US000","5","56161","17","0","2021","1","",21514,765419,766603,760110,6270557145,5022459980,109317976,631,"",1.00,1.00,1.00,1.00,1.00,1.00,1.00,1.00,"",215,1.0,-39233,-4.9,-42165,-5.2,-28976,-3.7,-240196843,-3.7,-230544693,-4.4,8452879,8.4,6,1.0
"US000","5","561611","18","0","2021","1","",5286,37072,37334,37399,469471327,292333718,6992062,969,"",1.00,1.00,1.00,1.00,1.00,1.00,1.00,1.00,"",-15,-0.3,-916,-2.4,-1127,-2.9,-456,-1.2,-22934272,-4.7,-3125058,-1.1,753196,12.1,-25,-2.5
"US000","5","561612","18","0","2021","1","",15389,701386,702190,695629,5475758388,4514952230,98052407,602,"",1.00,1.00,1.00,1.00,1.00,1.00,1.00,1.00,"",226,1.5,-37019,-5.0,-39623,-5.3,-27247,-3.8,-201543825,-3.5,-207638212,-4.4,7748456,8.6,7,1.2
"US000","5","561613","18","0","2021","1","",839,26961,27079,27082,325327430,215174032,4273507,925,"",1.00,1.00,1.00,1.00,1.00,1.00,1.00,1.00,"",4,0.5,-1298,-4.6,-1415,-5.0,-1273,-4.5,-15718746,-4.6,-19781423,-8.4,-48773,-1.1,0,0.0
"US000","5","56162","17","0","2021","1","",14243,148249,149521,149919,2446399013,1387890713,27964522,1261,"",1.00,1.00,1.00,1.00,1.00,1.00,1.00,1.00,"",530,3.9,-2295,-1.5,-1398,-0.9,-393,-0.3,-23026296,-0.9,-20343027,-1.4,2347790,9.2,0,0.0
"US000","5","561621","18","0","2021","1","",10102,131701,133027,133354,2261824107,1253144606,25815458,1311,"",1.00,1.00,1.00,1.00,1.00,1.00,1.00,1.00,"",470,4.9,-1581,-1.2,-589,-0.4,113,0.1,-12817148,-0.6,-15261219,-1.2,2204214,9.3,-1,-0.1
"US000","5","561622","18","0","2021","1","",4141,16548,16494,16565,184574906,134746107,2149064,859,"",1.00,1.00,1.00,1.00,1.00,1.00,1.00,1.00,"",60,1.5,-714,-4.1,-809,-4.7,-506,-3.0,-10209148,-5.2,-5081808,-3.6,143576,7.2,-12,-1.4
"US000","5","5617","16","0","2021","1","",231705,1939182,1958159,1996246,15989828010,12675052652,274940897,626,"",1.00,1.00,1.00,1.00,1.00,1.00,1.00,1.00,"",5423,2.4,-75021,-3.7,-60260,-3.0,-50612,-2.5,207466683,1.3,122867580,1.0,25919431,10.4,27,4.5
"US000","5","56171","17","0","2021","1","",16039,128846,129349,131914,1542257187,1043167141,19200558,912,"",1.00,1.00,1.00,1.00,1.00,1.00,1.00,1.00,"",464,3.0,4965,4.0,4668,3.7,5645,4.5,123052364,8.7,45823743,4.6,2153429,12.6,38,4.3
"US000","5","561710","18","0","2021","1","",16039,128846,129349,131914,1542257187,1043167141,19200558,912,"",1.00,1.00,1.00,1.00,1.00,1.00,1.00,1.00,"",464,3.0,4965,4.0,4668,3.7,5645,4.5,123052364,8.7,45823743,4.6,2153429,12.6,38,4.3
"US000","5","56172","17","0","2021","1","",76737,1012690,1015373,1016331,6647678753,5569132418,102022948,504,"",1.00,1.00,1.00,1.00,1.00,1.00,1.00,1.00,"",1674,2.2,-80133,-7.3,-82253,-7.5,-70428,-6.5,-212758373,-3.1,-199243313,-3.5,7967408,8.5,21,4.3
"US000","5","561720","18","0","2021","1","",76737,1012690,1015373,1016331,6647678753,5569132418,102022948,504,"",1.00,1.00,1.00,1.00,1.00,1.00,1.00,1.00,"",1674,2.2,-80133,-7.3,-82253,-7.5,-70428,-6.5,-212758373,-3.1,-199243313,-3.5,7967408,8.5,21,4.3
"US000","5","56173","17","0","2021","1","",113638,670261,685028,718721,6544047889,5122863890,132771758,728,"",1.00,1.00,1.00,1.00,1.00,1.00,1.00,1.00,"",2573,2.3,3437,0.5,18961,2.8,13792,2.0,268561968,4.3,257187522,5.3,13445037,11.3,17,2.4
"US000","5","561730","18","0","2021","1","",113638,670261,685028,718721,6544047889,5122863890,132771758,728,"",1.00,1.00,1.00,1.00,1.00,1.00,1.00,1.00,"",2573,2.3,3437,0.5,18961,2.8,13792,2.0,268561968,4.3,257187522,5.3,13445037,11.3,17,2.4
"US000","5","56174","17","0","2021","1","",7407,36451,36221,36564,321442491,254439318,4761962,679,"",1.00,1.00,1.00,1.00,1.00,1.00,1.00,1.00,"",-170,-2.2,-2507,-6.4,-2464,-6.4,-1701,-4.4,-6911751,-2.1,-8415934,-3.2,382101,8.7,25,3.8
"US000","5","561740","18","0","2021","1","",7407,36451,36221,36564,321442491,254439318,4761962,679,"",1.00,1.00,1.00,1.00,1.00,1.00,1.00,1.00,"",-170,-2.2,-2507,-6.4,-2464,-6.4,-1701,-4.4,-6911751,-2.1,-8415934,-3.2,382101,8.7,25,3.8
"US000","5","56179","17","0","2021","1","",17884,90934,92188,92716,934401690,685449885,16183671,782,"",1.00,1.00,1.00,1.00,1.00,1.00,1.00,1.00,"",882,5.2,-783,-0.9,828,0.9,2080,2.3,35522475,4.0,27515562,4.2,1971456,13.9,24,3.2
"US000","5","561790","18","0","2021","1","",17884,90934,92188,92716,934401690,685449885,16183671,782,"",1.00,1.00,1.00,1.00,1.00,1.00,1.00,1.00,"",882,5.2,-783,-0.9,828,0.9,2080,2.3,35522475,4.0,27515562,4.2,1971456,13.9,24,3.2
"US000","5","5619","16","0","2021","1","",29184,278072,279968,285763,3558199035,2220540758,48916430,973,"",1.00,1.00,1.00,1.00,1.00,1.00,1.00,1.00,"",238,0.8,-46306,-14.3,-48580,-14.8,-40876,-12.5,-529050867,-12.9,-352685370,-13.7,-10370536,-17.5,10,1.0
"US000","5","56191","17","0","2021","1","",2709,61893,62291,62580,731639968,509096708,10422780,904,"",1.00,1.00,1.00,1.00,1.00,1.00,1.00,1.00,"",92,3.5,731,1.2,1116,1.8,1528,2.5,26019969,3.7,17983545,3.7,870881,9.1,16,1.8
"US000","5","561910","18","0","2021","1","",2709,61893,62291,62580,731639968,509096708,10422780,904,"",1.00,1.00,1.00,1.00,1.00,1.00,1.00,1.00,"",92,3.5,731,1.2,1116,1.8,1528,2.5,26019969,3.7,17983545,3.7,870881,9.1,16,1.8
"US000","5","56192","17","0","2021","1","",6300,22760,23451,24464,388365821,222412377,6178605,1268,"",1.00,1.00,1.00,1.00,1.00,1.00,1.00,1.00,"",92,1.5,-37163,-62.0,-37548,-61.6,-32418,-57.0,-549454730,-58.6,-340990275,-60.5,-12984724,-67.8,51,4.2
"US000","5","561920","18","0","2021","1","",6300,22760,23451,24464,388365821,222412377,6178605,1268,"",1.00,1.00,1.00,1.00,1.00,1.00,1.00,1.00,"",92,1.5,-37163,-62.0,-37548,-61.6,-32418,-57.0,-549454730,-58.6,-340990275,-60.5,-12984724,-67.8,51,4.2
"US000","5","56199","17","0","2021","1","",20175,193419,194226,198719,2438193246,1489031673,32315045,960,"",1.00,1.00,1.00,1.00,1.00,1.00,1.00,1.00,"",54,0.3,-9874,-4.9,-12148,-5.9,-9986,-4.8,-5616106,-0.2,-29678640,-2.0,1743307,5.7,48,5.3
"US000","5","561990","18","0","2021","1","",20175,193419,194226,198719,2438193246,1489031673,32315045,960,"",1.00,1.00,1.00,1.00,1.00,1.00,1.00,1.00,"",54,0.3,-9874,-4.9,-12148,-5.9,-9986,-4.8,-5616106,-0.2,-29678640,-2.0,1743307,5.7,48,5.3
"US000","5","562","15","0","2021","1","",31294,442917,441988,446041,6996962412,4376572342,96360558,1213,"",1.00,1.00,1.00,1.00,1.00,1.00,1.00,1.00,"",1295,4.3,-3789,-0.8,-5615,-1.3,-2351,-0.5,-224573207,-3.1,-80848714,-1.8,4455651,4.8,-28,-2.3
"US000","5","5621","16","0","2021","1","",12183,190883,190401,190982,2682320299,1758016920,34763731,1082,"",1.00,1.00,1.00,1.00,1.00,1.00,1.00,1.00,"",505,4.3,2063,1.1,1247,0.7,1583,0.8,-58934895,-2.1,-30700869,-1.7,2802961,8.8,-33,-3.0
"US000","5","56211","17","0","2021","1","",12183,190883,190401,190982,2682320299,1758016920,34763731,1082,"",1.00,1.00,1.00,1.00,1.00,1.00,1.00,1.00,"",505,4.3,2063,1.1,1247,0.7,1583,0.8,-58934895,-2.1,-30700869,-1.7,2802961,8.8,-33,-3.0
"US000","5","562111","18","0","2021","1","",9581,165571,165110,165570,2320136970,1534620934,29189203,1079,"",1.00,1.00,1.00,1.00,1.00,1.00,1.00,1.00,"",278,3.0,1584,1.0,789,0.5,1131,0.7,-56597016,-2.4,-33325900,-2.1,2442615,9.1,-34,-3.1
"US000","5","562112","18","0","2021","1","",717,11360,11477,11553,198514927,106580867,2812416,1332,"",1.00,1.00,1.00,1.00,1.00,1.00,1.00,1.00,"",7,1.0,-496,-4.2,-380,-3.2,-289,-2.4,-8706633,-4.2,-3159832,-2.9,-164047,-5.5,-13,-1.0
"US000","5","562119","18","0","2021","1","",1885,13952,13814,13859,163668402,116815119,2762112,907,"",1.00,1.00,1.00,1.00,1.00,1.00,1.00,1.00,"",220,13.2,975,7.5,838,6.5,741,5.6,6368754,4.0,5784863,5.2,524393,23.4,-22,-2.4
"US000","5","5622","16","0","2021","1","",4115,98164,97754,98116,1994702706,1087155567,19026241,1566,"",1.00,1.00,1.00,1.00,1.00,1.00,1.00,1.00,"",76,1.9,-2127,-2.1,-2095,-2.1,-1965,-2.0,-85244043,-4.1,-19777985,-1.8,128809,0.7,-33,-2.1
"US000","5","56221","17","0","2021","1","",4115,98164,97754,98116,1994702706,1087155567,19026241,1566,"",1.00,1.00,1.00,1.00,1.00,1.00,1.00,1.00,"",76,1.9,-2127,-2.1,-2095,-2.1,-1965,-2.0,-85244043,-4.1,-19777985,-1.8,128809,0.7,-33,-2.1
"US000","5","562211","18","0","2021","1","",1177,37360,37233,37278,799189082,474914077,6647027,1649,"",1.00,1.00,1.00,1.00,1.00,1.00,1.00,1.00,"",50,4.4,-555,-1.5,-76,-0.2,-56,-0.1,15795027,2.0,-1558841,-0.3,470049,7.6,43,2.7
"US000","5","562212","18","0","2021","1","",1578,38007,37845,38037,746490911,368426425,7209941,1513,"",1.00,1.00,1.00,1.00,1.00,1.00,1.00,1.00,"",7,0.4,-1065,-2.7,-1256,-3.2,-1096,-2.8,-79559555,-9.6,-10737516,-2.8,-506876,-6.6,-112,-6.9
"US000","5","562213","18","0","2021","1","",176,4851,4849,4835,141393019,55298660,1076313,2245,"",1.00,1.00,1.00,1.00,1.00,1.00,1.00,1.00,"",5,2.9,-181,-3.6,-209,-4.1,-259,-5.1,-6723911,-4.5,-2749427,-4.7,50475,4.9,-6,-0.3
"US000","5","562219","18","0","2021","1","",1184,17946,17827,17966,307629694,188516405,4092960,1321,"",1.00,1.00,1.00,1.00,1.00,1.00,1.00,1.00,"",14,1.2,-326,-1.8,-554,-3.0,-554,-3.0,-14755604,-4.6,-4732201,-2.4,115161,2.9,-27,-2.0
"US000","5","5629","16","0","2021","1","",14996,153870,153833,156943,2319939407,1531399855,42570586,1152,"",1.00,1.00,1.00,1.00,1.00,1.00,1.00,1.00,"",714,5.0,-3725,-2.4,-4767,-3.0,-1969,-1.2,-80394269,-3.3,-30369860,-1.9,1523881,3.7,-14,-1.2
"US000","5","56291","17","0","2021","1","",7456,84763,84775,86923,1405500369,912486010,28252272,1265,"",1.00,1.00,1.00,1.00,1.00,1.00,1.00,1.00,"",416,5.9,-4727,-5.3,-5433,-6.0,-3196,-3.5,-99917114,-6.6,-44710158,-4.7,357942,1.3,-23,-1.8
"US000","5","562910","18","0","2021","1","",7456,84763,84775,86923,1405500369,912486010,28252272,1265,"",1.00,1.00,1.00,1.00,1.00,1.00,1.00,1.00,"",416,5.9,-4727,-5.3,-5433,-6.0,-3196,-3.5,-99917114,-6.6,-44710158,-4.7,357942,1.3,-23,-1.8
"US000","5","56292","17","0","2021","1","",1407,19934,20019,20287,259996958,173960187,3711848,996,"",1.00,1.00,1.00,1.00,1.00,1.00,1.00,1.00,"",76,5.7,98,0.5,105,0.5,303,1.5,-2679413,-1.0,2759958,1.6,273577,8.0,-19,-1.9
"US000","5","562920","18","0","2021","1","",1407,19934,20019,20287,259996958,173960187,3711848,996,"",1.00,1.00,1.00,1.00,1.00,1.00,1.00,1.00,"",76,5.7,98,0.5,105,0.5,303,1.5,-2679413,-1.0,2759958,1.6,273577,8.0,-19,-1.9
"US000","5","56299","17","0","2021","1","",6133,49173,49039,49733,654442080,444953658,10606466,1021,"",1.00,1.00,1.00,1.00,1.00,1.00,1.00,1.00,"",222,3.8,904,1.9,561,1.2,924,1.9,22202258,3.5,11580340,2.7,892362,9.2,19,1.9
"US000","5","562991","18","0","2021","1","",4020,29041,28986,29331,367637200,255846581,6284650,971,"",1.00,1.00,1.00,1.00,1.00,1.00,1.00,1.00,"",128,3.3,959,3.4,908,3.2,975,3.4,26242323,7.7,11007644,4.5,613113,10.8,39,4.2
"US000","5","562998","18","0","2021","1","",2113,20132,20053,20402,286804880,189107077,4321816,1092,"",1.00,1.00,1.00,1.00,1.00,1.00,1.00,1.00,"",94,4.7,-55,-0.3,-347,-1.7,-51,-0.2,-4040065,-1.4,572696,0.3,279249,6.9,-8,-0.7
"US000","5","61","14","0","2021","1","",137511,2697749,2814534,2840807,38296340142,8910084484,174277166,1058,"",1.00,1.00,1.00,1.00,1.00,1.00,1.00,1.00,"",6648,5.1,-242339,-8.2,-245200,-8.0,-177328,-5.9,-877519122,-2.2,-292345397,-3.2,13175970,8.2,56,5.6
"US000","5","611","15","0","2021","1","",137511,2697749,2814534,2840807,38296340142,8910084484,174277166,1058,"",1.00,1.00,1.00,1.00,1.00,1.00,1.00,1.00,"",6648,5.1,-242339,-8.2,-245200,-8.0,-177328,-5.9,-877519122,-2.2,-292345397,-3.2,13175970,8.2,56,5.6
"US000","5","6111","16","0","2021","1","",19545,838060,847851,850218,9490846935,3290083610,58060321,864,"",1.00,1.00,1.00,1.00,1.00,1.00,1.00,1.00,"",569,3.0,-51266,-5.8,-50709,-5.6,-34843,-3.9,-36855659,-0.4,6045248,0.2,7630576,15.1,41,5.0
"US000","5","61111","17","0","2021","1","",19545,838060,847851,850218,9490846935,3290083610,58060321,864,"",1.00,1.00,1.00,1.00,1.00,1.00,1.00,1.00,"",569,3.0,-51266,-5.8,-50709,-5.6,-34843,-3.9,-36855659,-0.4,6045248,0.2,7630576,15.1,41,5.0
"US000","5","611110","18","0","2021","1","",19545,838060,847851,850218,9490846935,3290083610,58060321,864,"",1.00,1.00,1.00,1.00,1.00,1.00,1.00,1.00,"",569,3.0,-51266,-5.8,-50709,-5.6,-34843,-3.9,-36855659,-0.4,6045248,0.2,7630576,15.1,41,5.0
"US000","5","6112","16","0","2021","1","",886,21089,22235,22352,257394311,143778447,3758877,904,"",1.00,1.00,1.00,1.00,1.00,1.00,1.00,1.00,"",40,4.7,-2353,-10.0,-2637,-10.6,-2400,-9.7,-2031390,-0.8,-11511985,-7.4,-172384,-4.4,85,10.4
"US000","5","61121","17","0","2021","1","",886,21089,22235,22352,257394311,143778447,3758877,904,"",1.00,1.00,1.00,1.00,1.00,1.00,1.00,1.00,"",40,4.7,-2353,-10.0,-2637,-10.6,-2400,-9.7,-2031390,-0.8,-11511985,-7.4,-172384,-4.4,85,10.4
"US000","5","611210","18","0","2021","1","",886,21089,22235,22352,257394311,143778447,3758877,904,"",1.00,1.00,1.00,1.00,1.00,1.00,1.00,1.00,"",40,4.7,-2353,-10.0,-2637,-10.6,-2400,-9.7,-2031390,-0.8,-11511985,-7.4,-172384,-4.4,85,10.4
"US000","5","6113","16","0","2021","1","",11213,1141292,1225883,1241047,21078495283,1251015782,21935621,1348,"",1.00,1.00,1.00,1.00,1.00,1.00,1.00,1.00,"",796,7.6,-75813,-6.2,-77252,-5.9,-56801,-4.4,-611753952,-2.8,-42073508,-3.3,1759749,8.7,37,2.8
"US000","5","61131","17","0","2021","1","",11213,1141292,1225883,1241047,21078495283,1251015782,21935621,1348,"",1.00,1.00,1.00,1.00,1.00,1.00,1.00,1.00,"",796,7.6,-75813,-6.2,-77252,-5.9,-56801,-4.4,-611753952,-2.8,-42073508,-3.3,1759749,8.7,37,2.8
"US000","5","611310","18","0","2021","1","",11213,1141292,1225883,1241047,21078495283,1251015782,21935621,1348,"",1.00,1.00,1.00,1.00,1.00,1.00,1.00,1.00,"",796,7.6,-75813,-6.2,-77252,-5.9,-56801,-4.4,-611753952,-2.8,-42073508,-3.3,1759749,8.7,37,2.8
"US000","5","6114","16","0","2021","1","",13796,67605,68611,69126,1401813481,670541775,13802795,1575,"",1.00,1.00,1.00,1.00,1.00,1.00,1.00,1.00,"",1488,12.1,-1043,-1.5,-856,-1.2,385,0.6,13026347,0.9,7141505,1.1,1044149,8.2,26,1.7
"US000","5","61141","17","0","2021","1","",322,3370,3437,3419,42013719,24358352,728204,948,"",1.00,1.00,1.00,1.00,1.00,1.00,1.00,1.00,"",15,4.9,-359,-9.6,-318,-8.5,-278,-7.5,558913,1.3,-1050039,-4.1,-183139,-20.1,92,10.7
"US000","5","611410","18","0","2021","1","",322,3370,3437,3419,42013719,24358352,728204,948,"",1.00,1.00,1.00,1.00,1.00,1.00,1.00,1.00,"",15,4.9,-359,-9.6,-318,-8.5,-278,-7.5,558913,1.3,-1050039,-4.1,-183139,-20.1,92,10.7
"US000","5","61142","17","0","2021","1","",3303,19701,19882,20074,445466558,220940814,4511201,1723,"",1.00,1.00,1.00,1.00,1.00,1.00,1.00,1.00,"",375,12.8,1014,5.4,994,5.3,1374,7.3,30737074,7.4,14002255,6.8,839841,22.9,22,1.3
"US000","5","611420","18","0","2021","1","",3303,19701,19882,20074,445466558,220940814,4511201,1723,"",1.00,1.00,1.00,1.00,1.00,1.00,1.00,1.00,"",375,12.8,1014,5.4,994,5.3,1374,7.3,30737074,7.4,14002255,6.8,839841,22.9,22,1.3
"US000","5","61143","17","0","2021","1","",10171,44534,45292,45633,914333204,425242609,8563390,1558,"",1.00,1.00,1.00,1.00,1.00,1.00,1.00,1.00,"",1098,12.1,-1698,-3.7,-1532,-3.3,-711,-1.5,-18269640,-2.0,-5810711,-1.3,387447,4.7,14,0.9
"US000","5","611430","18","0","2021","1","",10171,44534,45292,45633,914333204,425242609,8563390,1558,"",1.00,1.00,1.00,1.00,1.00,1.00,1.00,1.00,"",1098,12.1,-1698,-3.7,-1532,-3.3,-711,-1.5,-18269640,-2.0,-5810711,-1.3,387447,4.7,14,0.9
"US000","5","6115","16","0","2021","1","",10836,106227,108388,109073,1420175521,862070504,20061156,1012,"",1.00,1.00,1.00,1.00,1.00,1.00,1.00,1.00,"",467,4.5,-8425,-7.3,-8367,-7.2,-5263,-4.6,-31968844,-2.2,-29932082,-3.4,1233136,6.5,43,4.4
"US000","5","61151","17","0","2021","1","",10836,106227,108388,109073,1420175521,862070504,20061156,1012,"",1.00,1.00,1.00,1.00,1.00,1.00,1.00,1.00,"",467,4.5,-8425,-7.3,-8367,-7.2,-5263,-4.6,-31968844,-2.2,-29932082,-3.4,1233136,6.5,43,4.4
"US000","5","611511","18","0","2021","1","",1774,16241,16476,16732,143115622,115904687,2799511,668,"",1.00,1.00,1.00,1.00,1.00,1.00,1.00,1.00,"",28,1.6,-1165,-6.7,-1100,-6.3,-611,-3.5,-5333398,-3.6,-3945797,-3.3,36350,1.3,13,2.0
"US000","5","611512","18","0","2021","1","",1487,20296,20383,20232,352997328,199925358,2688690,1337,"",1.00,1.00,1.00,1.00,1.00,1.00,1.00,1.00,"",93,6.7,-1225,-5.7,-1135,-5.3,-1098,-5.1,-24680154,-6.5,-10162352,-4.8,401435,17.6,-17,-1.3
"US000","5","611513","18","0","2021","1","",1496,14792,15575,15741,208462897,120064267,2846545,1043,"",1.00,1.00,1.00,1.00,1.00,1.00,1.00,1.00,"",25,1.7,-2103,-12.4,-2093,-11.8,-930,-5.6,-3737122,-1.8,-5785886,-4.6,-11646,-0.4,87,9.1
"US000","5","611519","18","0","2021","1","",6079,54898,55954,56368,715599674,426176192,11726410,988,"",1.00,1.00,1.00,1.00,1.00,1.00,1.00,1.00,"",321,5.6,-3932,-6.7,-4039,-6.7,-2624,-4.4,1781830,0.2,-10038047,-2.3,806997,7.4,62,6.7
"US000","5","6116","16","0","2021","1","",58373,366895,380128,385599,2210999705,1559048914,29699632,450,"",1.00,1.00,1.00,1.00,1.00,1.00,1.00,1.00,"",949,1.7,-97565,-21.0,-98510,-20.6,-73825,-16.1,-289633500,-11.6,-227624616,-12.7,-422908,-1.4,39,9.5
"US000","5","61161","17","0","2021","1","",14798,92858,96251,96090,440873089,322291832,6154351,357,"",1.00,1.00,1.00,1.00,1.00,1.00,1.00,1.00,"",38,0.3,-19201,-17.1,-19399,-16.8,-14296,-13.0,-81236405,-15.6,-58083272,-15.3,-276660,-4.3,1,0.3
"US000","5","611610","18","0","2021","1","",14798,92858,96251,96090,440873089,322291832,6154351,357,"",1.00,1.00,1.00,1.00,1.00,1.00,1.00,1.00,"",38,0.3,-19201,-17.1,-19399,-16.8,-14296,-13.0,-81236405,-15.6,-58083272,-15.3,-276660,-4.3,1,0.3
"US000","5","61162","17","0","2021","1","",18101,108840,113956,117368,565589395,443191711,6749259,384,"",1.00,1.00,1.00,1.00,1.00,1.00,1.00,1.00,"",170,0.9,-33948,-23.8,-31855,-21.8,-20228,-14.7,-86787991,-13.3,-71404378,-13.9,86316,1.3,31,8.8
"US000","5","611620","18","0","2021","1","",18101,108840,113956,117368,565589395,443191711,6749259,384,"",1.00,1.00,1.00,1.00,1.00,1.00,1.00,1.00,"",170,0.9,-33948,-23.8,-31855,-21.8,-20228,-14.7,-86787991,-13.3,-71404378,-13.9,86316,1.3,31,8.8
"US000","5","61163","17","0","2021","1","",1954,14249,14642,14354,88909629,66278273,1475524,474,"",1.00,1.00,1.00,1.00,1.00,1.00,1.00,1.00,"",3,0.2,-5786,-28.9,-5973,-29.0,-4916,-25.5,-31291899,-26.0,-22717972,-25.5,-397651,-21.2,11,2.4
"US000","5","611630","18","0","2021","1","",1954,14249,14642,14354,88909629,66278273,1475524,474,"",1.00,1.00,1.00,1.00,1.00,1.00,1.00,1.00,"",3,0.2,-5786,-28.9,-5973,-29.0,-4916,-25.5,-31291899,-26.0,-22717972,-25.5,-397651,-21.2,11,2.4
"US000","5","61169","17","0","2021","1","",23520,150948,155279,157787,1115627592,727287098,15320498,555,"",1.00,1.00,1.00,1.00,1.00,1.00,1.00,1.00,"",738,3.2,-38630,-20.4,-41283,-21.0,-34385,-17.9,-90317205,-7.5,-75418994,-9.4,165087,1.1,74,15.4
"US000","5","611691","18","0","2021","1","",10457,81822,84508,85031,519266698,339226903,7706060,477,"",1.00,1.00,1.00,1.00,1.00,1.00,1.00,1.00,"",487,4.9,-14640,-15.2,-15431,-15.4,-11709,-12.1,-30217701,-5.5,-23758247,-6.5,332376,4.5,44,10.2
"US000","5","611692","18","0","2021","1","",2503,13062,13260,13851,79730371,66991281,1130125,458,"",1.00,1.00,1.00,1.00,1.00,1.00,1.00,1.00,"",12,0.5,-1534,-10.5,-1576,-10.6,-966,-6.5,-427728,-0.5,-741244,-1.1,191990,20.5,40,9.6
"US000","5","611699","18","0","2021","1","",10560,56064,57511,58905,516630523,321068914,6484313,691,"",1.00,1.00,1.00,1.00,1.00,1.00,1.00,1.00,"",239,2.3,-22456,-28.6,-24276,-29.7,-21710,-26.9,-59671776,-10.4,-50919503,-13.7,-359279,-5.2,139,25.2
"US000","5","6117","16","0","2021","1","",22862,156581,161438,163392,2436614906,1133545452,26958764,1168,"",1.00,1.00,1.00,1.00,1.00,1.00,1.00,1.00,"",2339,11.4,-5874,-3.6,-6869,-4.1,-4581,-2.7,81697876,3.5,5610041,0.5,2103652,8.5,78,7.2
"US000","5","61171","17","0","2021","1","",22862,156581,161438,163392,2436614906,1133545452,26958764,1168,"",1.00,1.00,1.00,1.00,1.00,1.00,1.00,1.00,"",2339,11.4,-5874,-3.6,-6869,-4.1,-4581,-2.7,81697876,3.5,5610041,0.5,2103652,8.5,78,7.2
"US000","5","611710","18","0","2021","1","",22862,156581,161438,163392,2436614906,1133545452,26958764,1168,"",1.00,1.00,1.00,1.00,1.00,1.00,1.00,1.00,"",2339,11.4,-5874,-3.6,-6869,-4.1,-4581,-2.7,81697876,3.5,5610041,0.5,2103652,8.5,78,7.2
"US000","5","62","14","0","2021","1","",1766820,19677675,19727065,19786532,261213376368,93603516660,1595039887,1018,"",1.00,1.00,1.00,1.00,1.00,1.00,1.00,1.00,"",46856,2.7,-754773,-3.7,-761006,-3.7,-621631,-3.0,-2379120518,-0.9,-1189743506,-1.3,203565098,14.6,26,2.6
"US000","5","621","15","0","2021","1","",639790,7686016,7729322,7761102,123317867766,52710907551,872937355,1228,"",1.00,1.00,1.00,1.00,1.00,1.00,1.00,1.00,"",16645,2.7,-95970,-1.2,-84846,-1.1,6957,0.1,1228514720,1.0,104843569,0.2,140000265,19.1,21,1.7
"US000","5","6211","16","0","2021","1","",219864,2681124,2693465,2699312,59722828847,19078161699,289347936,1707,"",1.00,1.00,1.00,1.00,1.00,1.00,1.00,1.00,"",2803,1.3,-12962,-0.5,-9490,-0.4,12128,0.5,-132151783,-0.2,-135200186,-0.7,46758783,19.3,-2,-0.1
"US000","5","62111","17","0","2021","1","",219864,2681124,2693465,2699312,59722828847,19078161699,289347936,1707,"",1.00,1.00,1.00,1.00,1.00,1.00,1.00,1.00,"",2803,1.3,-12962,-0.5,-9490,-0.4,12128,0.5,-132151783,-0.2,-135200186,-0.7,46758783,19.3,-2,-0.1
"US000","5","621111","18","0","2021","1","",207910,2621038,2632418,2638361,58765100209,18609559161,281342747,1718,"",1.00,1.00,1.00,1.00,1.00,1.00,1.00,1.00,"",2206,1.1,-15670,-0.6,-12604,-0.5,8466,0.3,-216787769,-0.4,-173707644,-0.9,45131262,19.1,-2,-0.1
"US000","5","621112","18","0","2021","1","",11954,60086,61047,60951,957728638,468602538,8005189,1214,"",1.00,1.00,1.00,1.00,1.00,1.00,1.00,1.00,"",597,5.3,2708,4.7,3114,5.4,3662,6.4,84635986,9.7,38507458,9.0,1627521,25.5,47,4.0
"US000","5","6212","16","0","2021","1","",131762,962968,969429,973815,12627014843,7869317678,122330176,1003,"",1.00,1.00,1.00,1.00,1.00,1.00,1.00,1.00,"",-399,-0.3,-14704,-1.5,-15113,-1.5,19199,2.0,342455061,2.8,79419995,1.0,21526041,21.4,31,3.2
"US000","5","62121","17","0","2021","1","",131762,962968,969429,973815,12627014843,7869317678,122330176,1003,"",1.00,1.00,1.00,1.00,1.00,1.00,1.00,1.00,"",-399,-0.3,-14704,-1.5,-15113,-1.5,19199,2.0,342455061,2.8,79419995,1.0,21526041,21.4,31,3.2
"US000","5","621210","18","0","2021","1","",131762,962968,969429,973815,12627014843,7869317678,122330176,1003,"",1.00,1.00,1.00,1.00,1.00,1.00,1.00,1.00,"",-399,-0.3,-14704,-1.5,-15113,-1.5,19199,2.0,342455061,2.8,79419995,1.0,21526041,21.4,31,3.2
"US000","5","6213","16","0","2021","1","",162597,962996,974189,980881,10679155843,7148004561,114372550,845,"",1.00,1.00,1.00,1.00,1.00,1.00,1.00,1.00,"",6978,4.5,-21554,-2.2,-18412,-1.9,2241,0.2,61813429,0.6,42032197,0.6,18085320,18.8,16,1.9
"US000","5","62131","17","0","2021","1","",38928,138188,139448,140058,1223972829,938799663,13034197,676,"",1.00,1.00,1.00,1.00,1.00,1.00,1.00,1.00,"",-40,-0.1,-3461,-2.4,-3206,-2.2,-13,0.0,15202908,1.3,6110251,0.7,1758273,15.6,19,2.9
"US000","5","621310","18","0","2021","1","",38928,138188,139448,140058,1223972829,938799663,13034197,676,"",1.00,1.00,1.00,1.00,1.00,1.00,1.00,1.00,"",-40,-0.1,-3461,-2.4,-3206,-2.2,-13,0.0,15202908,1.3,6110251,0.7,1758273,15.6,19,2.9
"US000","5","62132","17","0","2021","1","",20700,141525,142213,142888,1547829756,1076611409,15186301,837,"",1.00,1.00,1.00,1.00,1.00,1.00,1.00,1.00,"",-102,-0.5,-139,-0.1,-16,0.0,2801,2.0,15107550,1.0,7281902,0.7,1922950,14.5,3,0.4
"US000","5","621320","18","0","2021","1","",20700,141525,142213,142888,1547829756,1076611409,15186301,837,"",1.00,1.00,1.00,1.00,1.00,1.00,1.00,1.00,"",-102,-0.5,-139,-0.1,-16,0.0,2801,2.0,15107550,1.0,7281902,0.7,1922950,14.5,3,0.4
"US000","5","62133","17","0","2021","1","",26262,138011,140784,141037,1435288879,975875107,18039281,789,"",1.00,1.00,1.00,1.00,1.00,1.00,1.00,1.00,"",3452,15.1,13358,10.7,14027,11.1,15789,12.6,195526632,15.8,139701198,16.7,4272543,31.0,29,3.8
"US000","5","621330","18","0","2021","1","",26262,138011,140784,141037,1435288879,975875107,18039281,789,"",1.00,1.00,1.00,1.00,1.00,1.00,1.00,1.00,"",3452,15.1,13358,10.7,14027,11.1,15789,12.6,195526632,15.8,139701198,16.7,4272543,31.0,29,3.8
"US000","5","62134","17","0","2021","1","",43135,394684,398940,402035,4526711463,3035710140,49133623,874,"",1.00,1.00,1.00,1.00,1.00,1.00,1.00,1.00,"",1975,4.8,-30482,-7.2,-29391,-6.9,-21427,-5.1,-331440273,-6.8,-157833952,-4.9,6804899,16.1,-4,-0.5
"US000","5","621340","18","0","2021","1","",43135,394684,398940,402035,4526711463,3035710140,49133623,874,"",1.00,1.00,1.00,1.00,1.00,1.00,1.00,1.00,"",1975,4.8,-30482,-7.2,-29391,-6.9,-21427,-5.1,-331440273,-6.8,-157833952,-4.9,6804899,16.1,-4,-0.5
"US000","5","62139","17","0","2021","1","",33572,150588,152804,154863,1945352916,1121008242,18979148,980,"",1.00,1.00,1.00,1.00,1.00,1.00,1.00,1.00,"",1693,5.3,-830,-0.5,174,0.1,5091,3.4,167416612,9.4,46772798,4.4,3326655,21.3,76,8.4
"US000","5","621391","18","0","2021","1","",6880,32791,32878,33019,380648252,240929839,3851914,890,"",1.00,1.00,1.00,1.00,1.00,1.00,1.00,1.00,"",-143,-2.0,-1537,-4.5,-1572,-4.6,-934,-2.8,-8951117,-2.3,-8384432,-3.4,567636,17.3,15,1.7
"US000","5","621399","18","0","2021","1","",26692,117797,119926,121844,1564704664,880078403,15127234,1004,"",1.00,1.00,1.00,1.00,1.00,1.00,1.00,1.00,"",1836,7.4,707,0.6,1746,1.5,6025,5.2,176367729,12.7,55157230,6.7,2759019,22.3,91,10.0
"US000","5","6214","16","0","2021","1","",42949,982860,984014,989086,17441973474,5703156458,103486070,1362,"",1.00,1.00,1.00,1.00,1.00,1.00,1.00,1.00,"",1937,4.7,-6932,-0.7,-8162,-0.8,-7591,-0.8,-168285427,-1.0,-90328049,-1.6,9789496,10.4,-2,-0.1
"US000","5","62141","17","0","2021","1","",2249,24005,24306,24578,321021173,128506797,2737517,1016,"",1.00,1.00,1.00,1.00,1.00,1.00,1.00,1.00,"",164,7.9,-830,-3.3,-614,-2.5,-324,-1.3,983377,0.3,1978574,1.6,-11011,-0.4,27,2.7
"US000","5","621410","18","0","2021","1","",2249,24005,24306,24578,321021173,128506797,2737517,1016,"",1.00,1.00,1.00,1.00,1.00,1.00,1.00,1.00,"",164,7.9,-830,-3.3,-614,-2.5,-324,-1.3,983377,0.3,1978574,1.6,-11011,-0.4,27,2.7
"US000","5","62142","17","0","2021","1","",12718,259081,259867,260350,2925562019,1204773491,25449010,866,"",1.00,1.00,1.00,1.00,1.00,1.00,1.00,1.00,"",896,7.6,-2782,-1.1,-3084,-1.2,-2602,-1.0,27840646,1.0,35195829,3.0,3674579,16.9,17,2.0
"US000","5","621420","18","0","2021","1","",12718,259081,259867,260350,2925562019,1204773491,25449010,866,"",1.00,1.00,1.00,1.00,1.00,1.00,1.00,1.00,"",896,7.6,-2782,-1.1,-3084,-1.2,-2602,-1.0,27840646,1.0,35195829,3.0,3674579,16.9,17,2.0
"US000","5","62149","17","0","2021","1","",27982,699774,699841,704158,14195390282,4369876170,75299543,1557,"",1.00,1.00,1.00,1.00,1.00,1.00,1.00,1.00,"",877,3.2,-3320,-0.5,-4464,-0.6,-4665,-0.7,-197109450,-1.4,-127502452,-2.8,6125928,8.9,-12,-0.8
"US000","5","621491","18","0","2021","1","",2771,200997,200440,202444,6326352108,989861216,19308731,2418,"",1.00,1.00,1.00,1.00,1.00,1.00,1.00,1.00,"",4,0.1,-8005,-3.8,-7905,-3.8,-10727,-5.0,-21046402,-0.3,-104265392,-9.5,-826818,-4.1,95,4.1
"US000","5","621492","18","0","2021","1","",7985,130344,130095,130291,1988643449,1139334773,15714853,1175,"",1.00,1.00,1.00,1.00,1.00,1.00,1.00,1.00,"",172,2.2,-1746,-1.3,-2436,-1.8,-2165,-1.6,-195662126,-9.0,-75722828,-6.2,1309368,9.1,-94,-7.4
"US000","5","621493","18","0","2021","1","",8093,168348,168433,168866,2555033900,1177655616,19972093,1166,"",1.00,1.00,1.00,1.00,1.00,1.00,1.00,1.00,"",126,1.6,2558,1.5,1854,1.1,2734,1.6,-46238527,-1.8,14988176,1.3,3426660,20.7,-38,-3.2
"US000","5","621498","18","0","2021","1","",9133,200085,200873,202557,3325360825,1063024565,20303866,1272,"",1.00,1.00,1.00,1.00,1.00,1.00,1.00,1.00,"",575,6.7,3873,2.0,4023,2.0,5493,2.8,65837605,2.0,37497592,3.7,2216718,12.3,-3,-0.2
"US000","5","6215","16","0","2021","1","",24056,299563,302678,303220,5892586395,2615863012,47734466,1502,"",1.00,1.00,1.00,1.00,1.00,1.00,1.00,1.00,"",1283,5.6,13620,4.8,16244,5.7,16434,5.7,885663809,17.7,172197017,7.0,8092833,20.4,157,11.7
"US000","5","62151","17","0","2021","1","",24056,299563,302678,303220,5892586395,2615863012,47734466,1502,"",1.00,1.00,1.00,1.00,1.00,1.00,1.00,1.00,"",1283,5.6,13620,4.8,16244,5.7,16434,5.7,885663809,17.7,172197017,7.0,8092833,20.4,157,11.7
"US000","5","621511","18","0","2021","1","",17581,220430,223226,223767,4503547303,1971579649,35395715,1557,"",1.00,1.00,1.00,1.00,1.00,1.00,1.00,1.00,"",1117,6.8,13178,6.4,15727,7.6,15465,7.4,847998080,23.2,163808251,9.1,6204195,21.3,203,15.0
"US000","5","621512","18","0","2021","1","",6475,79133,79452,79453,1389039092,644283363,12338751,1347,"",1.00,1.00,1.00,1.00,1.00,1.00,1.00,1.00,"",166,2.6,442,0.6,517,0.7,969,1.2,37665729,2.8,8388766,1.3,1888638,18.1,26,2.0
"US000","5","6216","16","0","2021","1","",42428,1488430,1495393,1503669,12709380604,8137016813,158395153,654,"",1.00,1.00,1.00,1.00,1.00,1.00,1.00,1.00,"",2820,7.1,-47131,-3.1,-43444,-2.8,-31343,-2.0,8158734,0.1,17945514,0.2,31023498,24.4,18,2.8
"US000","5","62161","17","0","2021","1","",42428,1488430,1495393,1503669,12709380604,8137016813,158395153,654,"",1.00,1.00,1.00,1.00,1.00,1.00,1.00,1.00,"",2820,7.1,-47131,-3.1,-43444,-2.8,-31343,-2.0,8158734,0.1,17945514,0.2,31023498,24.4,18,2.8
"US000","5","621610","18","0","2021","1","",42428,1488430,1495393,1503669,12709380604,8137016813,158395153,654,"",1.00,1.00,1.00,1.00,1.00,1.00,1.00,1.00,"",2820,7.1,-47131,-3.1,-43444,-2.8,-31343,-2.0,8158734,0.1,17945514,0.2,31023498,24.4,18,2.8
"US000","5","6219","16","0","2021","1","",16134,308075,310154,311119,4244927760,2159387330,37271004,1054,"",1.00,1.00,1.00,1.00,1.00,1.00,1.00,1.00,"",1223,8.2,-6307,-2.0,-6469,-2.0,-4111,-1.3,230860897,5.8,18777081,0.9,4724294,14.5,75,7.7
"US000","5","62191","17","0","2021","1","",5502,161048,162223,163307,1823022396,1187627643,18726490,865,"",1.00,1.00,1.00,1.00,1.00,1.00,1.00,1.00,"",65,1.2,-10614,-6.2,-10380,-6.0,-8726,-5.1,-33787696,-1.8,-30737981,-2.5,1842275,10.9,35,4.2
"US000","5","621910","18","0","2021","1","",5502,161048,162223,163307,1823022396,1187627643,18726490,865,"",1.00,1.00,1.00,1.00,1.00,1.00,1.00,1.00,"",65,1.2,-10614,-6.2,-10380,-6.0,-8726,-5.1,-33787696,-1.8,-30737981,-2.5,1842275,10.9,35,4.2
"US000","5","62199","17","0","2021","1","",10632,147027,147931,147812,2421905364,971759687,18544514,1262,"",1.00,1.00,1.00,1.00,1.00,1.00,1.00,1.00,"",1158,12.2,4307,3.0,3911,2.7,4615,3.2,264648593,12.3,49515062,5.4,2882019,18.4,104,9.0
"US000","5","621991","18","0","2021","1","",2135,77127,77398,77105,970130816,380760271,5755826,967,"",1.00,1.00,1.00,1.00,1.00,1.00,1.00,1.00,"",145,7.3,-936,-1.2,-1118,-1.4,-1305,-1.7,-63956266,-6.2,-10030095,-2.6,678647,13.4,-49,-4.8
"US000","5","621999","18","0","2021","1","",8497,69900,70533,70707,1451774548,590999416,12788688,1587,"",1.00,1.00,1.00,1.00,1.00,1.00,1.00,1.00,"",1013,13.5,5243,8.1,5029,7.7,5920,9.1,328604859,29.3,59545157,11.2,2203372,20.8,257,19.3
"US000","5","622","15","0","2021","1","",11860,5044227,5046058,5061937,84179267969,8144499756,99492632,1282,"",1.00,1.00,1.00,1.00,1.00,1.00,1.00,1.00,"",855,7.8,-101879,-2.0,-104738,-2.0,-96448,-1.9,-2184966370,-2.5,-379060168,-4.4,11910015,13.6,-8,-0.6
"US000","5","6221","16","0","2021","1","",8574,4688597,4689084,4704176,78819701048,6575053302,74928607,1292,"",1.00,1.00,1.00,1.00,1.00,1.00,1.00,1.00,"",685,8.7,-91354,-1.9,-94319,-2.0,-85693,-1.8,-2025601898,-2.5,-372754136,-5.4,9780008,15.0,-8,-0.6
"US000","5","62211","17","0","2021","1","",8574,4688597,4689084,4704176,78819701048,6575053302,74928607,1292,"",1.00,1.00,1.00,1.00,1.00,1.00,1.00,1.00,"",685,8.7,-91354,-1.9,-94319,-2.0,-85693,-1.8,-2025601898,-2.5,-372754136,-5.4,9780008,15.0,-8,-0.6
"US000","5","622110","18","0","2021","1","",8574,4688597,4689084,4704176,78819701048,6575053302,74928607,1292,"",1.00,1.00,1.00,1.00,1.00,1.00,1.00,1.00,"",685,8.7,-91354,-1.9,-94319,-2.0,-85693,-1.8,-2025601898,-2.5,-372754136,-5.4,9780008,15.0,-8,-0.6
"US000","5","6222","16","0","2021","1","",1330,120554,121127,121681,1503814221,683542294,11696330,955,"",1.00,1.00,1.00,1.00,1.00,1.00,1.00,1.00,"",62,4.9,-6326,-5.0,-5955,-4.7,-5641,-4.4,-76956810,-4.9,-18294795,-2.6,668364,6.1,-2,-0.2
"US000","5","62221","17","0","2021","1","",1330,120554,121127,121681,1503814221,683542294,11696330,955,"",1.00,1.00,1.00,1.00,1.00,1.00,1.00,1.00,"",62,4.9,-6326,-5.0,-5955,-4.7,-5641,-4.4,-76956810,-4.9,-18294795,-2.6,668364,6.1,-2,-0.2
"US000","5","622210","18","0","2021","1","",1330,120554,121127,121681,1503814221,683542294,11696330,955,"",1.00,1.00,1.00,1.00,1.00,1.00,1.00,1.00,"",62,4.9,-6326,-5.0,-5955,-4.7,-5641,-4.4,-76956810,-4.9,-18294795,-2.6,668364,6.1,-2,-0.2
"US000","5","6223","16","0","2021","1","",1956,235076,235847,236080,3855752700,885904160,12867695,1259,"",1.00,1.00,1.00,1.00,1.00,1.00,1.00,1.00,"",108,5.8,-4199,-1.8,-4464,-1.9,-5114,-2.1,-82407662,-2.1,11988763,1.4,1461643,12.8,-2,-0.2
"US000","5","62231","17","0","2021","1","",1956,235076,235847,236080,3855752700,885904160,12867695,1259,"",1.00,1.00,1.00,1.00,1.00,1.00,1.00,1.00,"",108,5.8,-4199,-1.8,-4464,-1.9,-5114,-2.1,-82407662,-2.1,11988763,1.4,1461643,12.8,-2,-0.2
"US000","5","622310","18","0","2021","1","",1956,235076,235847,236080,3855752700,885904160,12867695,1259,"",1.00,1.00,1.00,1.00,1.00,1.00,1.00,1.00,"",108,5.8,-4199,-1.8,-4464,-1.9,-5114,-2.1,-82407662,-2.1,11988763,1.4,1461643,12.8,-2,-0.2
"US000","5","623","15","0","2021","1","",84686,3069815,3058408,3053578,27513923768,15746064905,255687276,692,"",1.00,1.00,1.00,1.00,1.00,1.00,1.00,1.00,"",1450,1.7,-284059,-8.5,-302234,-9.0,-296157,-8.8,-1233200077,-4.3,-903333248,-5.4,19133912,8.1,33,5.0
"US000","5","6231","16","0","2021","1","",18393,1402850,1395416,1392971,13629417697,8468284556,130411725,750,"",1.00,1.00,1.00,1.00,1.00,1.00,1.00,1.00,"",140,0.8,-171584,-10.9,-181759,-11.5,-177529,-11.3,-885644953,-6.1,-718592537,-7.8,7387602,6.0,41,5.8
"US000","5","62311","17","0","2021","1","",18393,1402850,1395416,1392971,13629417697,8468284556,130411725,750,"",1.00,1.00,1.00,1.00,1.00,1.00,1.00,1.00,"",140,0.8,-171584,-10.9,-181759,-11.5,-177529,-11.3,-885644953,-6.1,-718592537,-7.8,7387602,6.0,41,5.8
"US000","5","623110","18","0","2021","1","",18393,1402850,1395416,1392971,13629417697,8468284556,130411725,750,"",1.00,1.00,1.00,1.00,1.00,1.00,1.00,1.00,"",140,0.8,-171584,-10.9,-181759,-11.5,-177529,-11.3,-885644953,-6.1,-718592537,-7.8,7387602,6.0,41,5.8
"US000","5","6232","16","0","2021","1","",31567,612454,612680,612903,5444171299,2325260796,41068638,684,"",1.00,1.00,1.00,1.00,1.00,1.00,1.00,1.00,"",684,2.2,-34908,-5.4,-36796,-5.7,-34899,-5.4,17214032,0.3,24590587,1.1,4141045,11.2,40,6.2
"US000","5","62321","17","0","2021","1","",22669,381088,380654,380513,3153559674,1276010071,18431709,637,"",1.00,1.00,1.00,1.00,1.00,1.00,1.00,1.00,"",354,1.6,-27400,-6.7,-28995,-7.1,-27591,-6.8,47411952,1.5,17198534,1.4,2273562,14.1,52,8.9
"US000","5","623210","18","0","2021","1","",22669,381088,380654,380513,3153559674,1276010071,18431709,637,"",1.00,1.00,1.00,1.00,1.00,1.00,1.00,1.00,"",354,1.6,-27400,-6.7,-28995,-7.1,-27591,-6.8,47411952,1.5,17198534,1.4,2273562,14.1,52,8.9
"US000","5","62322","17","0","2021","1","",8898,231366,232026,232390,2290611625,1049250725,22636929,760,"",1.00,1.00,1.00,1.00,1.00,1.00,1.00,1.00,"",330,3.9,-7508,-3.1,-7801,-3.3,-7308,-3.0,-30197920,-1.3,7392053,0.7,1867483,9.0,14,1.9
"US000","5","623220","18","0","2021","1","",8898,231366,232026,232390,2290611625,1049250725,22636929,760,"",1.00,1.00,1.00,1.00,1.00,1.00,1.00,1.00,"",330,3.9,-7508,-3.1,-7801,-3.3,-7308,-3.0,-30197920,-1.3,7392053,0.7,1867483,9.0,14,1.9
"US000","5","6233","16","0","2021","1","",27914,900009,895582,893202,7023893919,4342945908,73134733,603,"",1.00,1.00,1.00,1.00,1.00,1.00,1.00,1.00,"",409,1.5,-68760,-7.1,-74362,-7.7,-74624,-7.7,-377010302,-5.1,-210017732,-4.6,6032473,9.0,15,2.6
"US000","5","62331","17","0","2021","1","",27914,900009,895582,893202,7023893919,4342945908,73134733,603,"",1.00,1.00,1.00,1.00,1.00,1.00,1.00,1.00,"",409,1.5,-68760,-7.1,-74362,-7.7,-74624,-7.7,-377010302,-5.1,-210017732,-4.6,6032473,9.0,15,2.6
"US000","5","623311","18","0","2021","1","",7297,464199,461476,459998,3795755329,1890132306,29620052,632,"",1.00,1.00,1.00,1.00,1.00,1.00,1.00,1.00,"",-74,-1.0,-43569,-8.6,-46172,-9.1,-46896,-9.3,-304824035,-7.4,-157588081,-7.7,2020309,7.3,10,1.6
"US000","5","623312","18","0","2021","1","",20617,435810,434106,433204,3228138590,2452813602,43514681,572,"",1.00,1.00,1.00,1.00,1.00,1.00,1.00,1.00,"",483,2.4,-25191,-5.5,-28190,-6.1,-27728,-6.0,-72186267,-2.2,-52429651,-2.1,4012164,10.2,22,4.0
"US000","5","6239","16","0","2021","1","",6812,154502,154730,154502,1416440853,609573645,11072180,705,"",1.00,1.00,1.00,1.00,1.00,1.00,1.00,1.00,"",217,3.3,-8807,-5.4,-9317,-5.7,-9105,-5.6,12241146,0.9,686434,0.1,1572792,16.6,45,6.8
"US000","5","62399","17","0","2021","1","",6812,154502,154730,154502,1416440853,609573645,11072180,705,"",1.00,1.00,1.00,1.00,1.00,1.00,1.00,1.00,"",217,3.3,-8807,-5.4,-9317,-5.7,-9105,-5.6,12241146,0.9,686434,0.1,1572792,16.6,45,6.8
"US000","5","623990","18","0","2021","1","",6812,154502,154730,154502,1416440853,609573645,11072180,705,"",1.00,1.00,1.00,1.00,1.00,1.00,1.00,1.00,"",217,3.3,-8807,-5.4,-9317,-5.7,-9105,-5.6,12241146,0.9,686434,0.1,1572792,16.6,45,6.8
"US000","5","624","15","0","2021","1","",1030484,3877617,3893277,3909915,26202316865,17002044448,366922624,518,"",1.00,1.00,1.00,1.00,1.00,1.00,1.00,1.00,"",27906,2.8,-272865,-6.6,-269188,-6.5,-235983,-5.7,-189468791,-0.7,-12193659,-0.1,32520906,9.7,29,5.9
"US000","5","6241","16","0","2021","1","",934743,2637242,2644545,2648194,17091754967,11279042010,251172442,497,"",1.00,1.00,1.00,1.00,1.00,1.00,1.00,1.00,"",27921,3.1,-75374,-2.8,-69093,-2.5,-61327,-2.3,550861608,3.3,503456617,4.7,26887107,12.0,28,6.0
"US000","5","62411","17","0","2021","1","",12275,192073,193652,194553,1806470491,778468928,16642213,718,"",1.00,1.00,1.00,1.00,1.00,1.00,1.00,1.00,"",537,4.6,-15412,-7.4,-15885,-7.6,-14269,-6.8,-37669119,-2.0,-19355544,-2.4,587997,3.7,38,5.6
"US000","5","624110","18","0","2021","1","",12275,192073,193652,194553,1806470491,778468928,16642213,718,"",1.00,1.00,1.00,1.00,1.00,1.00,1.00,1.00,"",537,4.6,-15412,-7.4,-15885,-7.6,-14269,-6.8,-37669119,-2.0,-19355544,-2.4,587997,3.7,38,5.6
"US000","5","62412","17","0","2021","1","",887248,2006382,2009574,2010361,10828844015,8354248236,182723819,415,"",1.00,1.00,1.00,1.00,1.00,1.00,1.00,1.00,"",25043,2.9,-51380,-2.5,-43870,-2.1,-42374,-2.1,466301932,4.5,433129755,5.5,20760566,12.8,27,7.0
"US000","5","624120","18","0","2021","1","",887248,2006382,2009574,2010361,10828844015,8354248236,182723819,415,"",1.00,1.00,1.00,1.00,1.00,1.00,1.00,1.00,"",25043,2.9,-51380,-2.5,-43870,-2.1,-42374,-2.1,466301932,4.5,433129755,5.5,20760566,12.8,27,7.0
"US000","5","62419","17","0","2021","1","",35220,438787,441319,443280,4456440461,2146324846,51806410,777,"",1.00,1.00,1.00,1.00,1.00,1.00,1.00,1.00,"",2341,7.1,-8582,-1.9,-9338,-2.1,-4684,-1.0,122228795,2.8,89682406,4.4,5538544,12.0,34,4.6
"US000","5","624190","18","0","2021","1","",35220,438787,441319,443280,4456440461,2146324846,51806410,777,"",1.00,1.00,1.00,1.00,1.00,1.00,1.00,1.00,"",2341,7.1,-8582,-1.9,-9338,-2.1,-4684,-1.0,122228795,2.8,89682406,4.4,5538544,12.0,34,4.6
"US000","5","6242","16","0","2021","1","",12691,191097,192046,193174,2049789455,915360166,22806014,821,"",1.00,1.00,1.00,1.00,1.00,1.00,1.00,1.00,"",422,3.4,5361,2.9,5168,2.8,6722,3.6,97305671,5.0,59441464,6.9,4137721,22.2,15,1.9
"US000","5","62421","17","0","2021","1","",3555,39708,39985,40199,388079810,195156473,4280333,747,"",1.00,1.00,1.00,1.00,1.00,1.00,1.00,1.00,"",149,4.4,3046,8.3,3154,8.6,3153,8.5,50504801,15.0,25462009,15.0,924159,27.5,42,6.0
"US000","5","624210","18","0","2021","1","",3555,39708,39985,40199,388079810,195156473,4280333,747,"",1.00,1.00,1.00,1.00,1.00,1.00,1.00,1.00,"",149,4.4,3046,8.3,3154,8.6,3153,8.5,50504801,15.0,25462009,15.0,924159,27.5,42,6.0
"US000","5","62422","17","0","2021","1","",6981,120921,121309,122065,1228001890,602917636,15572799,778,"",1.00,1.00,1.00,1.00,1.00,1.00,1.00,1.00,"",169,2.5,1957,1.6,1440,1.2,2737,2.3,49722484,4.2,30971275,5.4,2628767,20.3,19,2.5
"US000","5","624221","18","0","2021","1","",3912,80290,80465,80872,731833626,359953392,8659016,699,"",1.00,1.00,1.00,1.00,1.00,1.00,1.00,1.00,"",125,3.3,2027,2.6,1872,2.4,2451,3.1,36864688,5.3,27111061,8.1,1586176,22.4,17,2.5
"US000","5","624229","18","0","2021","1","",3069,40631,40844,41193,496168264,242964244,6913783,933,"",1.00,1.00,1.00,1.00,1.00,1.00,1.00,1.00,"",44,1.5,-70,-0.2,-432,-1.0,286,0.7,12857796,2.7,3860214,1.6,1042591,17.8,25,2.8
"US000","5","62423","17","0","2021","1","",2155,30468,30752,30910,433707755,117286057,2952882,1086,"",1.00,1.00,1.00,1.00,1.00,1.00,1.00,1.00,"",104,5.1,358,1.2,574,1.9,832,2.8,-2921614,-0.7,3008180,2.6,584795,24.7,-29,-2.6
"US000","5","624230","18","0","2021","1","",2155,30468,30752,30910,433707755,117286057,2952882,1086,"",1.00,1.00,1.00,1.00,1.00,1.00,1.00,1.00,"",104,5.1,358,1.2,574,1.9,832,2.8,-2921614,-0.7,3008180,2.6,584795,24.7,-29,-2.6
"US000","5","6243","16","0","2021","1","",9381,263603,264468,266804,2064957957,778543735,15715215,600,"",1.00,1.00,1.00,1.00,1.00,1.00,1.00,1.00,"",-51,-0.5,-53700,-16.9,-54341,-17.0,-50079,-15.8,-223233402,-9.8,-70549441,-8.3,127808,0.8,46,8.3
"US000","5","62431","17","0","2021","1","",9381,263603,264468,266804,2064957957,778543735,15715215,600,"",1.00,1.00,1.00,1.00,1.00,1.00,1.00,1.00,"",-51,-0.5,-53700,-16.9,-54341,-17.0,-50079,-15.8,-223233402,-9.8,-70549441,-8.3,127808,0.8,46,8.3
"US000","5","624310","18","0","2021","1","",9381,263603,264468,266804,2064957957,778543735,15715215,600,"",1.00,1.00,1.00,1.00,1.00,1.00,1.00,1.00,"",-51,-0.5,-53700,-16.9,-54341,-17.0,-50079,-15.8,-223233402,-9.8,-70549441,-8.3,127808,0.8,46,8.3
"US000","5","6244","16","0","2021","1","",73669,785675,792218,801743,4995814486,4029098537,77228953,484,"",1.00,1.00,1.00,1.00,1.00,1.00,1.00,1.00,"",-386,-0.5,-149152,-16.0,-150922,-16.0,-131299,-14.1,-614402668,-11.0,-504542299,-11.1,1368270,1.8,23,5.0
"US000","5","62441","17","0","2021","1","",73669,785675,792218,801743,4995814486,4029098537,77228953,484,"",1.00,1.00,1.00,1.00,1.00,1.00,1.00,1.00,"",-386,-0.5,-149152,-16.0,-150922,-16.0,-131299,-14.1,-614402668,-11.0,-504542299,-11.1,1368270,1.8,23,5.0
"US000","5","624410","18","0","2021","1","",73669,785675,792218,801743,4995814486,4029098537,77228953,484,"",1.00,1.00,1.00,1.00,1.00,1.00,1.00,1.00,"",-386,-0.5,-149152,-16.0,-150922,-16.0,-131299,-14.1,-614402668,-11.0,-504542299,-11.1,1368270,1.8,23,5.0
"US000","5","71","14","0","2021","1","",159663,1495911,1542731,1644671,16329309817,7998164234,163011093,805,"",1.00,1.00,1.00,1.00,1.00,1.00,1.00,1.00,"",1558,1.0,-737852,-33.0,-718438,-31.8,-595794,-26.6,-4951690166,-23.3,-2844313979,-26.2,-43399180,-21.0,76,10.4
"US000","5","711","15","0","2021","1","",64591,268217,278598,301900,7628209026,2048184470,47741452,2074,"",1.00,1.00,1.00,1.00,1.00,1.00,1.00,1.00,"",1873,3.0,-196311,-42.3,-206450,-42.6,-168533,-35.8,-2231300167,-22.6,-958150288,-31.9,-22122802,-31.7,472,29.5
"US000","5","7111","16","0","2021","1","",10775,57733,61284,66059,644154987,329817904,10721543,803,"",1.00,1.00,1.00,1.00,1.00,1.00,1.00,1.00,"",-10,-0.1,-62033,-51.8,-68122,-52.6,-58048,-46.8,-675960296,-51.2,-372037420,-53.0,-10873689,-50.4,-13,-1.6
"US000","5","71111","17","0","2021","1","",3534,25895,26969,29067,256117680,152497710,4766897,721,"",1.00,1.00,1.00,1.00,1.00,1.00,1.00,1.00,"",-127,-3.5,-41920,-61.8,-45655,-62.9,-41471,-58.8,-418339781,-62.0,-248831434,-62.0,-7816141,-62.1,-17,-2.3
"US000","5","711110","18","0","2021","1","",3534,25895,26969,29067,256117680,152497710,4766897,721,"",1.00,1.00,1.00,1.00,1.00,1.00,1.00,1.00,"",-127,-3.5,-41920,-61.8,-45655,-62.9,-41471,-58.8,-418339781,-62.0,-248831434,-62.0,-7816141,-62.1,-17,-2.3
"US000","5","71112","17","0","2021","1","",1169,8949,9806,10117,74026987,49447260,2343246,592,"",1.00,1.00,1.00,1.00,1.00,1.00,1.00,1.00,"",8,0.7,-4000,-30.9,-4142,-29.7,-2731,-21.3,-47065299,-38.9,-28652910,-36.7,-1213903,-34.1,-111,-15.8
"US000","5","711120","18","0","2021","1","",1169,8949,9806,10117,74026987,49447260,2343246,592,"",1.00,1.00,1.00,1.00,1.00,1.00,1.00,1.00,"",8,0.7,-4000,-30.9,-4142,-29.7,-2731,-21.3,-47065299,-38.9,-28652910,-36.7,-1213903,-34.1,-111,-15.8
"US000","5","71113","17","0","2021","1","",5238,20433,21770,23569,284551516,110671879,3227933,998,"",1.00,1.00,1.00,1.00,1.00,1.00,1.00,1.00,"",49,0.9,-11915,-36.8,-14163,-39.4,-10057,-29.9,-148521680,-34.3,-55323695,-33.3,-1366313,-29.7,17,1.7
"US000","5","711130","18","0","2021","1","",5238,20433,21770,23569,284551516,110671879,3227933,998,"",1.00,1.00,1.00,1.00,1.00,1.00,1.00,1.00,"",49,0.9,-11915,-36.8,-14163,-39.4,-10057,-29.9,-148521680,-34.3,-55323695,-33.3,-1366313,-29.7,17,1.7
"US000","5","71119","17","0","2021","1","",834,2456,2739,3306,29458804,17201055,383467,800,"",1.00,1.00,1.00,1.00,1.00,1.00,1.00,1.00,"",60,7.8,-4198,-63.1,-4162,-60.3,-3789,-53.4,-62033536,-67.8,-39229381,-69.5,-477332,-55.5,-222,-21.7
"US000","5","711190","18","0","2021","1","",834,2456,2739,3306,29458804,17201055,383467,800,"",1.00,1.00,1.00,1.00,1.00,1.00,1.00,1.00,"",60,7.8,-4198,-63.1,-4162,-60.3,-3789,-53.4,-62033536,-67.8,-39229381,-69.5,-477332,-55.5,-222,-21.7
"US000","5","7112","16","0","2021","1","",7126,87447,88839,97308,4317046009,790454377,13345199,3641,"",1.00,1.00,1.00,1.00,1.00,1.00,1.00,1.00,"",201,2.9,-35351,-28.8,-37129,-29.5,-33947,-25.9,-754414493,-14.9,-166734406,-17.4,-1832956,-12.1,561,18.2
"US000","5","71121","17","0","2021","1","",7126,87447,88839,97308,4317046009,790454377,13345199,3641,"",1.00,1.00,1.00,1.00,1.00,1.00,1.00,1.00,"",201,2.9,-35351,-28.8,-37129,-29.5,-33947,-25.9,-754414493,-14.9,-166734406,-17.4,-1832956,-12.1,561,18.2
"US000","5","711211","18","0","2021","1","",2682,52292,52513,58535,3816513435,504521650,8368279,5392,"",1.00,1.00,1.00,1.00,1.00,1.00,1.00,1.00,"",114,4.4,-28065,-34.9,-29817,-36.2,-28924,-33.1,-684242236,-15.2,-127177416,-20.1,-1558910,-15.7,1240,29.9
"US000","5","711212","18","0","2021","1","",770,17209,18204,20328,247919722,119641491,2801237,1026,"",1.00,1.00,1.00,1.00,1.00,1.00,1.00,1.00,"",2,0.3,-5651,-24.7,-5545,-23.3,-4087,-16.7,-60407687,-19.6,-30336810,-20.2,-240003,-7.9,24,2.4
"US000","5","711219","18","0","2021","1","",3674,17946,18122,18445,252612852,166291236,2175683,1069,"",1.00,1.00,1.00,1.00,1.00,1.00,1.00,1.00,"",85,2.4,-1635,-8.3,-1767,-8.9,-936,-4.8,-9764570,-3.7,-9220180,-5.3,-34043,-1.5,40,3.9
"US000","5","7113","16","0","2021","1","",8877,63493,66013,73141,1057734721,429863160,10271941,1205,"",1.00,1.00,1.00,1.00,1.00,1.00,1.00,1.00,"",72,0.8,-79824,-55.7,-81374,-55.2,-64096,-46.7,-528175739,-33.3,-333275453,-43.7,-8259450,-44.6,350,40.9
"US000","5","71131","17","0","2021","1","",3789,44827,46530,52667,614643613,266000703,6355442,985,"",1.00,1.00,1.00,1.00,1.00,1.00,1.00,1.00,"",86,2.3,-64375,-59.0,-65776,-58.6,-51735,-49.6,-406343226,-39.8,-247271935,-48.2,-6539647,-50.7,262,36.2
"US000","5","711310","18","0","2021","1","",3789,44827,46530,52667,614643613,266000703,6355442,985,"",1.00,1.00,1.00,1.00,1.00,1.00,1.00,1.00,"",86,2.3,-64375,-59.0,-65776,-58.6,-51735,-49.6,-406343226,-39.8,-247271935,-48.2,-6539647,-50.7,262,36.2
"US000","5","71132","17","0","2021","1","",5088,18666,19483,20474,443091108,163862457,3916499,1744,"",1.00,1.00,1.00,1.00,1.00,1.00,1.00,1.00,"",-14,-0.3,-15449,-45.3,-15598,-44.5,-12361,-37.6,-121832513,-21.6,-86003518,-34.4,-1719803,-30.5,466,36.5
"US000","5","711320","18","0","2021","1","",5088,18666,19483,20474,443091108,163862457,3916499,1744,"",1.00,1.00,1.00,1.00,1.00,1.00,1.00,1.00,"",-14,-0.3,-15449,-45.3,-15598,-44.5,-12361,-37.6,-121832513,-21.6,-86003518,-34.4,-1719803,-30.5,466,36.5
"US000","5","7114","16","0","2021","1","",5347,20846,22076,23459,554040246,173738173,5426269,1926,"",1.00,1.00,1.00,1.00,1.00,1.00,1.00,1.00,"",288,5.7,-7774,-27.2,-9043,-29.1,-5643,-19.4,-121648375,-18.0,-40205177,-18.8,-925053,-14.6,171,9.7
"US000","5","71141","17","0","2021","1","",5347,20846,22076,23459,554040246,173738173,5426269,1926,"",1.00,1.00,1.00,1.00,1.00,1.00,1.00,1.00,"",288,5.7,-7774,-27.2,-9043,-29.1,-5643,-19.4,-121648375,-18.0,-40205177,-18.8,-925053,-14.6,171,9.7
"US000","5","711410","18","0","2021","1","",5347,20846,22076,23459,554040246,173738173,5426269,1926,"",1.00,1.00,1.00,1.00,1.00,1.00,1.00,1.00,"",288,5.7,-7774,-27.2,-9043,-29.1,-5643,-19.4,-121648375,-18.0,-40205177,-18.8,-925053,-14.6,171,9.7
"US000","5","7115","16","0","2021","1","",32466,38698,40386,41933,1055233063,324310856,7976500,2012,"",1.00,1.00,1.00,1.00,1.00,1.00,1.00,1.00,"",1322,4.2,-11329,-22.6,-10782,-21.1,-6799,-14.0,-151101264,-12.5,-45897832,-12.4,-231654,-2.8,155,8.3
"US000","5","71151","17","0","2021","1","",32466,38698,40386,41933,1055233063,324310856,7976500,2012,"",1.00,1.00,1.00,1.00,1.00,1.00,1.00,1.00,"",1322,4.2,-11329,-22.6,-10782,-21.1,-6799,-14.0,-151101264,-12.5,-45897832,-12.4,-231654,-2.8,155,8.3
"US000","5","711510","18","0","2021","1","",32466,38698,40386,41933,1055233063,324310856,7976500,2012,"",1.00,1.00,1.00,1.00,1.00,1.00,1.00,1.00,"",1322,4.2,-11329,-22.6,-10782,-21.1,-6799,-14.0,-151101264,-12.5,-45897832,-12.4,-231654,-2.8,155,8.3
"US000","5","712","15","0","2021","1","",7058,116076,117096,121938,1258857529,432272650,7991569,818,"",1.00,1.00,1.00,1.00,1.00,1.00,1.00,1.00,"",117,1.7,-44422,-27.7,-43489,-27.1,-39819,-24.6,-318483187,-20.2,-108416337,-20.1,-634507,-7.4,64,8.5
"US000","5","7121","16","0","2021","1","",7058,116076,117096,121938,1258857529,432272650,7991569,818,"",1.00,1.00,1.00,1.00,1.00,1.00,1.00,1.00,"",117,1.7,-44422,-27.7,-43489,-27.1,-39819,-24.6,-318483187,-20.2,-108416337,-20.1,-634507,-7.4,64,8.5
"US000","5","71211","17","0","2021","1","",4721,67826,68375,69770,791548687,250124308,5065165,887,"",1.00,1.00,1.00,1.00,1.00,1.00,1.00,1.00,"",62,1.3,-30360,-30.9,-29985,-30.5,-27345,-28.2,-208781577,-20.9,-66158520,-20.9,-591219,-10.5,101,12.8
"US000","5","712110","18","0","2021","1","",4721,67826,68375,69770,791548687,250124308,5065165,887,"",1.00,1.00,1.00,1.00,1.00,1.00,1.00,1.00,"",62,1.3,-30360,-30.9,-29985,-30.5,-27345,-28.2,-208781577,-20.9,-66158520,-20.9,-591219,-10.5,101,12.8
"US000","5","71212","17","0","2021","1","",651,9005,8771,9211,82663655,40822006,584201,707,"",1.00,1.00,1.00,1.00,1.00,1.00,1.00,1.00,"",17,2.7,-3974,-30.6,-4226,-32.5,-4218,-31.4,-33440212,-28.8,-15664639,-27.7,-99146,-14.5,27,4.0
"US000","5","712120","18","0","2021","1","",651,9005,8771,9211,82663655,40822006,584201,707,"",1.00,1.00,1.00,1.00,1.00,1.00,1.00,1.00,"",17,2.7,-3974,-30.6,-4226,-32.5,-4218,-31.4,-33440212,-28.8,-15664639,-27.7,-99146,-14.5,27,4.0
"US000","5","71213","17","0","2021","1","",833,30489,31268,33676,305193732,100249811,1532170,738,"",1.00,1.00,1.00,1.00,1.00,1.00,1.00,1.00,"",11,1.3,-9029,-22.8,-8125,-20.6,-7192,-17.6,-66879588,-18.0,-22914931,-18.6,17298,1.1,21,2.9
"US000","5","712130","18","0","2021","1","",833,30489,31268,33676,305193732,100249811,1532170,738,"",1.00,1.00,1.00,1.00,1.00,1.00,1.00,1.00,"",11,1.3,-9029,-22.8,-8125,-20.6,-7192,-17.6,-66879588,-18.0,-22914931,-18.6,17298,1.1,21,2.9
"US000","5","71219","17","0","2021","1","",853,8756,8682,9281,79451455,41076525,810033,686,"",1.00,1.00,1.00,1.00,1.00,1.00,1.00,1.00,"",27,3.3,-1059,-10.8,-1153,-11.7,-1064,-10.3,-9381810,-10.6,-3678247,-8.2,38560,5.0,3,0.4
"US000","5","712190","18","0","2021","1","",853,8756,8682,9281,79451455,41076525,810033,686,"",1.00,1.00,1.00,1.00,1.00,1.00,1.00,1.00,"",27,3.3,-1059,-10.8,-1153,-11.7,-1064,-10.3,-9381810,-10.6,-3678247,-8.2,38560,5.0,3,0.4
"US000","5","713","15","0","2021","1","",88014,1111618,1147037,1220833,7442243262,5517707114,107278072,494,"",1.00,1.00,1.00,1.00,1.00,1.00,1.00,1.00,"",-432,-0.5,-497119,-30.9,-468499,-29.0,-387442,-24.1,-2401906812,-24.4,-1777747354,-24.4,-20641871,-16.1,24,5.1
"US000","5","7131","16","0","2021","1","",3665,93123,96659,114735,876518680,554412223,5830409,664,"",1.00,1.00,1.00,1.00,1.00,1.00,1.00,1.00,"",-102,-2.7,-85840,-48.0,-85429,-46.9,-76928,-40.1,-582069784,-39.9,-399186706,-41.9,-4494659,-43.5,55,9.0
"US000","5","71311","17","0","2021","1","",1125,76537,78931,95173,794009030,484993644,4622827,731,"",1.00,1.00,1.00,1.00,1.00,1.00,1.00,1.00,"",25,2.3,-73225,-48.9,-73711,-48.3,-67500,-41.5,-540829396,-40.5,-361799308,-42.7,-3928217,-45.9,69,10.4
"US000","5","713110","18","0","2021","1","",1125,76537,78931,95173,794009030,484993644,4622827,731,"",1.00,1.00,1.00,1.00,1.00,1.00,1.00,1.00,"",25,2.3,-73225,-48.9,-73711,-48.3,-67500,-41.5,-540829396,-40.5,-361799308,-42.7,-3928217,-45.9,69,10.4
"US000","5","71312","17","0","2021","1","",2540,16586,17728,19562,82509650,69418579,1207582,353,"",1.00,1.00,1.00,1.00,1.00,1.00,1.00,1.00,"",-127,-4.8,-12615,-43.2,-11718,-39.8,-9428,-32.5,-41240388,-33.3,-37387398,-35.0,-566442,-31.9,27,8.3
"US000","5","713120","18","0","2021","1","",2540,16586,17728,19562,82509650,69418579,1207582,353,"",1.00,1.00,1.00,1.00,1.00,1.00,1.00,1.00,"",-127,-4.8,-12615,-43.2,-11718,-39.8,-9428,-32.5,-41240388,-33.3,-37387398,-35.0,-566442,-31.9,27,8.3
"US000","5","7132","16","0","2021","1","",3485,77708,86624,88213,773608869,591376289,10663779,707,"",1.00,1.00,1.00,1.00,1.00,1.00,1.00,1.00,"",53,1.5,-36315,-31.8,-27827,-24.3,-25353,-22.3,-307984475,-28.5,-210426178,-26.2,-4148761,-28.0,-23,-3.2
"US000","5","71321","17","0","2021","1","",390,46070,51555,52186,480706460,370757528,6637001,740,"",1.00,1.00,1.00,1.00,1.00,1.00,1.00,1.00,"",-1,-0.3,-27927,-37.7,-22688,-30.6,-21541,-29.2,-265098301,-35.5,-189137284,-33.8,-3527659,-34.7,-35,-4.5
"US000","5","713210","18","0","2021","1","",390,46070,51555,52186,480706460,370757528,6637001,740,"",1.00,1.00,1.00,1.00,1.00,1.00,1.00,1.00,"",-1,-0.3,-27927,-37.7,-22688,-30.6,-21541,-29.2,-265098301,-35.5,-189137284,-33.8,-3527659,-34.7,-35,-4.5
"US000","5","71329","17","0","2021","1","",3095,31638,35069,36027,292902409,220618761,4026778,658,"",1.00,1.00,1.00,1.00,1.00,1.00,1.00,1.00,"",54,1.8,-8388,-21.0,-5139,-12.8,-3812,-9.6,-42886174,-12.8,-21288894,-8.8,-621102,-13.4,13,2.0
"US000","5","713290","18","0","2021","1","",3095,31638,35069,36027,292902409,220618761,4026778,658,"",1.00,1.00,1.00,1.00,1.00,1.00,1.00,1.00,"",54,1.8,-8388,-21.0,-5139,-12.8,-3812,-9.6,-42886174,-12.8,-21288894,-8.8,-621102,-13.4,13,2.0
"US000","5","7139","16","0","2021","1","",80864,940787,963754,1017885,5792115713,4371918602,90783884,457,"",1.00,1.00,1.00,1.00,1.00,1.00,1.00,1.00,"",-383,-0.5,-374964,-28.5,-355243,-26.9,-285161,-21.9,-1511852553,-20.7,-1168134470,-21.1,-11998451,-11.7,29,6.8
"US000","5","71391","17","0","2021","1","",10753,245501,245212,274729,2031317872,1455999785,34986370,612,"",1.00,1.00,1.00,1.00,1.00,1.00,1.00,1.00,"",-87,-0.8,-35809,-12.7,-34706,-12.4,-21450,-7.2,-175525705,-8.0,-141361435,-8.8,-459739,-1.3,18,3.0
"US000","5","713910","18","0","2021","1","",10753,245501,245212,274729,2031317872,1455999785,34986370,612,"",1.00,1.00,1.00,1.00,1.00,1.00,1.00,1.00,"",-87,-0.8,-35809,-12.7,-34706,-12.4,-21450,-7.2,-175525705,-8.0,-141361435,-8.8,-459739,-1.3,18,3.0
"US000","5","71392","17","0","2021","1","",392,76664,76253,69216,387830266,343050067,8933565,403,"",1.00,1.00,1.00,1.00,1.00,1.00,1.00,1.00,"",13,3.4,-9993,-11.5,-8688,-10.2,-1335,-1.9,-63888760,-14.1,-61417157,-15.2,-870807,-8.9,-27,-6.3
"US000","5","713920","18","0","2021","1","",392,76664,76253,69216,387830266,343050067,8933565,403,"",1.00,1.00,1.00,1.00,1.00,1.00,1.00,1.00,"",13,3.4,-9993,-11.5,-8688,-10.2,-1335,-1.9,-63888760,-14.1,-61417157,-15.2,-870807,-8.9,-27,-6.3
"US000","5","71393","17","0","2021","1","",4006,28143,28602,30545,293307993,210465635,5132342,775,"",1.00,1.00,1.00,1.00,1.00,1.00,1.00,1.00,"",37,0.9,-1045,-3.6,-753,-2.6,-103,-0.3,4832014,1.7,606714,0.3,634938,14.1,29,3.9
"US000","5","713930","18","0","2021","1","",4006,28143,28602,30545,293307993,210465635,5132342,775,"",1.00,1.00,1.00,1.00,1.00,1.00,1.00,1.00,"",37,0.9,-1045,-3.6,-753,-2.6,-103,-0.3,4832014,1.7,606714,0.3,634938,14.1,29,3.9
"US000","5","71394","17","0","2021","1","",40579,420227,432403,447431,2051953355,1545230496,28034840,364,"",1.00,1.00,1.00,1.00,1.00,1.00,1.00,1.00,"",-62,-0.2,-236759,-36.0,-228367,-34.6,-200682,-31.0,-894936257,-30.4,-662166981,-30.0,-7523421,-21.2,18,5.2
"US000","5","713940","18","0","2021","1","",40579,420227,432403,447431,2051953355,1545230496,28034840,364,"",1.00,1.00,1.00,1.00,1.00,1.00,1.00,1.00,"",-62,-0.2,-236759,-36.0,-228367,-34.6,-200682,-31.0,-894936257,-30.4,-662166981,-30.0,-7523421,-21.2,18,5.2
"US000","5","71395","17","0","2021","1","",3441,43290,48430,51481,220386102,197878205,3062748,355,"",1.00,1.00,1.00,1.00,1.00,1.00,1.00,1.00,"",-99,-2.8,-31147,-41.8,-25822,-34.8,-21096,-29.1,-136044482,-38.2,-115248062,-36.8,-1584335,-34.1,-17,-4.6
"US000","5","713950","18","0","2021","1","",3441,43290,48430,51481,220386102,197878205,3062748,355,"",1.00,1.00,1.00,1.00,1.00,1.00,1.00,1.00,"",-99,-2.8,-31147,-41.8,-25822,-34.8,-21096,-29.1,-136044482,-38.2,-115248062,-36.8,-1584335,-34.1,-17,-4.6
"US000","5","71399","17","0","2021","1","",21693,126962,132854,144483,807320125,619294414,10634019,461,"",1.00,1.00,1.00,1.00,1.00,1.00,1.00,1.00,"",-185,-0.8,-60211,-32.2,-56907,-30.0,-40495,-21.9,-246289363,-23.4,-188547549,-23.3,-2195087,-17.1,28,6.5
"US000","5","713990","18","0","2021","1","",21693,126962,132854,144483,807320125,619294414,10634019,461,"",1.00,1.00,1.00,1.00,1.00,1.00,1.00,1.00,"",-185,-0.8,-60211,-32.2,-56907,-30.0,-40495,-21.9,-246289363,-23.4,-188547549,-23.3,-2195087,-17.1,28,6.5
"US000","5","72","14","0","2021","1","",728625,10425886,10845627,11212159,60741141521,51169408979,807860730,432,"",1.00,1.00,1.00,1.00,1.00,1.00,1.00,1.00,"",-3216,-0.4,-3250864,-23.8,-2952551,-21.4,-2261061,-16.8,-16450461938,-21.3,-14827185000,-22.5,-141654228,-14.9,-3,-0.7
"US000","5","721","15","0","2021","1","",73427,1189211,1226029,1270332,11050533878,7638455944,139914750,692,"",1.00,1.00,1.00,1.00,1.00,1.00,1.00,1.00,"",489,0.7,-787925,-39.9,-769361,-38.6,-707879,-35.8,-6353877809,-36.5,-5645676414,-42.5,-81866077,-36.9,17,2.5
"US000","5","7211","16","0","2021","1","",63641,1141974,1177183,1218245,10670153944,7366828634,133612612,696,"",1.00,1.00,1.00,1.00,1.00,1.00,1.00,1.00,"",454,0.7,-779197,-40.6,-760617,-39.3,-701519,-36.5,-6316631542,-37.2,-5623092264,-43.3,-81971236,-38.0,18,2.7
"US000","5","72111","17","0","2021","1","",58381,944244,972151,1008818,7347536414,5711505656,108080802,580,"",1.00,1.00,1.00,1.00,1.00,1.00,1.00,1.00,"",454,0.8,-671552,-41.6,-656652,-40.3,-604904,-37.5,-6273143267,-46.1,-4431092248,-43.7,-67460673,-38.4,-67,-10.4
"US000","5","721110","18","0","2021","1","",58381,944244,972151,1008818,7347536414,5711505656,108080802,580,"",1.00,1.00,1.00,1.00,1.00,1.00,1.00,1.00,"",454,0.8,-671552,-41.6,-656652,-40.3,-604904,-37.5,-6273143267,-46.1,-4431092248,-43.7,-67460673,-38.4,-67,-10.4
"US000","5","72112","17","0","2021","1","",379,174366,180626,183992,1684351311,1511108046,22598687,721,"",1.00,1.00,1.00,1.00,1.00,1.00,1.00,1.00,"",18,5.0,-101165,-36.7,-98167,-35.2,-92406,-33.4,-1258494938,-42.8,-1163310683,-43.5,-14029354,-38.3,-97,-11.9
"US000","5","721120","18","0","2021","1","",379,174366,180626,183992,1684351311,1511108046,22598687,721,"",1.00,1.00,1.00,1.00,1.00,1.00,1.00,1.00,"",18,5.0,-101165,-36.7,-98167,-35.2,-92406,-33.4,-1258494938,-42.8,-1163310683,-43.5,-14029354,-38.3,-97,-11.9
"US000","5","72119","17","0","2021","1","",4881,23364,24406,25435,1638266219,144214932,2933123,5164,"",1.00,1.00,1.00,1.00,1.00,1.00,1.00,1.00,"",-18,-0.4,-6480,-21.7,-5798,-19.2,-4209,-14.2,1215006663,287.1,-28689333,-16.6,-481209,-14.1,4075,374.2
"US000","5","721191","18","0","2021","1","",2555,9688,10406,10910,59639842,50258129,977700,444,"",1.00,1.00,1.00,1.00,1.00,1.00,1.00,1.00,"",-147,-5.4,-3604,-27.1,-3129,-23.1,-2034,-15.7,-12747993,-17.6,-12973104,-20.5,-160849,-14.1,24,5.7
"US000","5","721199","18","0","2021","1","",2326,13676,14000,14525,1578626377,93956803,1955423,8632,"",1.00,1.00,1.00,1.00,1.00,1.00,1.00,1.00,"",129,5.9,-2876,-17.4,-2669,-16.0,-2175,-13.0,1227754656,349.9,-15716229,-14.3,-320360,-14.1,7010,432.2
"US000","5","7212","16","0","2021","1","",7921,38876,39593,42670,312751116,219826728,4827873,596,"",1.00,1.00,1.00,1.00,1.00,1.00,1.00,1.00,"",118,1.5,-5752,-12.9,-5820,-12.8,-3985,-8.5,-23741018,-7.1,-10229665,-4.4,304056,6.7,28,4.9
"US000","5","72121","17","0","2021","1","",7921,38876,39593,42670,312751116,219826728,4827873,596,"",1.00,1.00,1.00,1.00,1.00,1.00,1.00,1.00,"",118,1.5,-5752,-12.9,-5820,-12.8,-3985,-8.5,-23741018,-7.1,-10229665,-4.4,304056,6.7,28,4.9
"US000","5","721211","18","0","2021","1","",4964,22515,22734,24801,163138291,129866114,3172885,537,"",1.00,1.00,1.00,1.00,1.00,1.00,1.00,1.00,"",154,3.2,31,0.1,-109,-0.5,686,2.8,7958312,5.1,5422851,4.4,359927,12.8,21,4.1
"US000","5","721214","18","0","2021","1","",2957,16361,16859,17869,149612825,89960614,1654988,676,"",1.00,1.00,1.00,1.00,1.00,1.00,1.00,1.00,"",-36,-1.2,-5783,-26.1,-5711,-25.3,-4671,-20.7,-31699330,-17.5,-15652516,-14.8,-55871,-3.3,54,8.7
"US000","5","7213","16","0","2021","1","",1865,8361,9253,9417,67628818,51800582,1474265,577,"",1.00,1.00,1.00,1.00,1.00,1.00,1.00,1.00,"",-83,-4.3,-2976,-26.3,-2924,-24.0,-2375,-20.1,-13505249,-16.6,-12354485,-19.3,-198897,-11.9,47,8.9
"US000","5","72131","17","0","2021","1","",1865,8361,9253,9417,67628818,51800582,1474265,577,"",1.00,1.00,1.00,1.00,1.00,1.00,1.00,1.00,"",-83,-4.3,-2976,-26.3,-2924,-24.0,-2375,-20.1,-13505249,-16.6,-12354485,-19.3,-198897,-11.9,47,8.9
"US000","5","721310","18","0","2021","1","",1865,8361,9253,9417,67628818,51800582,1474265,577,"",1.00,1.00,1.00,1.00,1.00,1.00,1.00,1.00,"",-83,-4.3,-2976,-26.3,-2924,-24.0,-2375,-20.1,-13505249,-16.6,-12354485,-19.3,-198897,-11.9,47,8.9
"US000","5","722","15","0","2021","1","",655198,9236675,9619598,9941827,49690607643,43530953035,667945980,398,"",1.00,1.00,1.00,1.00,1.00,1.00,1.00,1.00,"",-3705,-0.6,-2462939,-21.1,-2183190,-18.5,-1553182,-13.5,-10096584129,-16.9,-9181508586,-17.4,-59788151,-8.2,4,1.0
"US000","5","7223","16","0","2021","1","",42308,398320,442954,452135,3201411861,2566717018,81676908,571,"",1.00,1.00,1.00,1.00,1.00,1.00,1.00,1.00,"",507,1.2,-294647,-42.5,-283680,-39.0,-230991,-33.8,-1646017991,-34.0,-1383366264,-35.0,-36694377,-31.0,39,7.3
"US000","5","72231","17","0","2021","1","",22686,309178,347179,345760,2525711017,2051553958,70012358,582,"",1.00,1.00,1.00,1.00,1.00,1.00,1.00,1.00,"",-96,-0.4,-205237,-39.9,-197562,-36.3,-169278,-32.9,-1211079261,-32.4,-1013852137,-33.1,-30197189,-30.1,34,6.2
"US000","5","722310","18","0","2021","1","",22686,309178,347179,345760,2525711017,2051553958,70012358,582,"",1.00,1.00,1.00,1.00,1.00,1.00,1.00,1.00,"",-96,-0.4,-205237,-39.9,-197562,-36.3,-169278,-32.9,-1211079261,-32.4,-1013852137,-33.1,-30197189,-30.1,34,6.2
"US000","5","72232","17","0","2021","1","",12416,70551,76084,84158,555109988,418082982,9625647,555,"",1.00,1.00,1.00,1.00,1.00,1.00,1.00,1.00,"",-339,-2.7,-87739,-55.4,-84350,-52.6,-63023,-42.8,-446706658,-44.6,-375771723,-47.3,-6800254,-41.4,59,11.9
"US000","5","722320","18","0","2021","1","",12416,70551,76084,84158,555109988,418082982,9625647,555,"",1.00,1.00,1.00,1.00,1.00,1.00,1.00,1.00,"",-339,-2.7,-87739,-55.4,-84350,-52.6,-63023,-42.8,-446706658,-44.6,-375771723,-47.3,-6800254,-41.4,59,11.9
"US000","5","72233","17","0","2021","1","",7206,18591,19691,22217,120590856,97080078,2038903,460,"",1.00,1.00,1.00,1.00,1.00,1.00,1.00,1.00,"",942,15.0,-1671,-8.2,-1768,-8.2,1310,6.3,11767928,10.8,6257596,6.9,303066,17.5,59,14.7
"US000","5","722330","18","0","2021","1","",7206,18591,19691,22217,120590856,97080078,2038903,460,"",1.00,1.00,1.00,1.00,1.00,1.00,1.00,1.00,"",942,15.0,-1671,-8.2,-1768,-8.2,1310,6.3,11767928,10.8,6257596,6.9,303066,17.5,59,14.7
"US000","5","7224","16","0","2021","1","",41103,239754,266324,289871,1281336019,1148365671,18526604,371,"",1.00,1.00,1.00,1.00,1.00,1.00,1.00,1.00,"",-1747,-4.1,-151858,-38.8,-130423,-32.9,-84788,-22.6,-605901526,-32.1,-537792486,-31.9,-5388935,-22.5,-3,-0.8
"US000","5","72241","17","0","2021","1","",41103,239754,266324,289871,1281336019,1148365671,18526604,371,"",1.00,1.00,1.00,1.00,1.00,1.00,1.00,1.00,"",-1747,-4.1,-151858,-38.8,-130423,-32.9,-84788,-22.6,-605901526,-32.1,-537792486,-31.9,-5388935,-22.5,-3,-0.8
"US000","5","722410","18","0","2021","1","",41103,239754,266324,289871,1281336019,1148365671,18526604,371,"",1.00,1.00,1.00,1.00,1.00,1.00,1.00,1.00,"",-1747,-4.1,-151858,-38.8,-130423,-32.9,-84788,-22.6,-605901526,-32.1,-537792486,-31.9,-5388935,-22.5,-3,-0.8
"US000","5","7225","16","0","2021","1","",571787,8598601,8910320,9199821,45207859763,39815870346,567742468,391,"",1.00,1.00,1.00,1.00,1.00,1.00,1.00,1.00,"",-2465,-0.4,-2016434,-19.0,-1769087,-16.6,-1237403,-11.9,-7844664612,-14.8,-7260349836,-15.4,-17704839,-3.0,5,1.3
"US000","5","72251","17","0","2021","1","",571787,8598601,8910320,9199821,45207859763,39815870346,567742468,391,"",1.00,1.00,1.00,1.00,1.00,1.00,1.00,1.00,"",-2465,-0.4,-2016434,-19.0,-1769087,-16.6,-1237403,-11.9,-7844664612,-14.8,-7260349836,-15.4,-17704839,-3.0,5,1.3
"US000","5","722511","18","0","2021","1","",248187,3709498,3982513,4181400,22755344010,19819039089,288355435,442,"",1.00,1.00,1.00,1.00,1.00,1.00,1.00,1.00,"",-3100,-1.2,-1615577,-30.3,-1377340,-25.7,-965431,-18.8,-7190977189,-24.0,-6541737111,-24.8,-48518198,-14.4,5,1.1
"US000","5","722513","18","0","2021","1","",249071,4129720,4153689,4212433,18881095538,16802640762,225411359,349,"",1.00,1.00,1.00,1.00,1.00,1.00,1.00,1.00,"",-325,-0.1,-302726,-6.8,-302384,-6.8,-210615,-4.8,-327486202,-1.7,-429355409,-2.5,27824353,14.1,16,4.8
"US000","5","722514","18","0","2021","1","",5565,54244,56867,59783,292049537,255257373,3916308,394,"",1.00,1.00,1.00,1.00,1.00,1.00,1.00,1.00,"",-597,-9.7,-49992,-48.0,-48452,-46.0,-40950,-40.7,-202261379,-40.9,-178914942,-41.2,-2468819,-38.7,26,7.1
"US000","5","722515","18","0","2021","1","",68964,705139,717251,746205,3279370678,2938933122,50059366,349,"",1.00,1.00,1.00,1.00,1.00,1.00,1.00,1.00,"",1557,2.3,-48139,-6.4,-40911,-5.4,-20407,-2.7,-123939842,-3.6,-110342374,-3.6,5457825,12.2,4,1.2
"US000","5","81","14","0","2021","1","",830212,3892875,3954000,4013223,42902929830,26302200318,489922559,835,"",1.00,1.00,1.00,1.00,1.00,1.00,1.00,1.00,"",14365,1.8,-568432,-12.7,-538372,-12.0,-416099,-9.4,-3011397327,-6.6,-1827341020,-6.5,28687438,6.2,43,5.4
"US000","5","811","15","0","2021","1","",233852,1281312,1288058,1308874,15286567084,10720962325,194350123,910,"",1.00,1.00,1.00,1.00,1.00,1.00,1.00,1.00,"",2305,1.0,-52001,-3.9,-55619,-4.1,-27090,-2.0,-589221121,-3.7,-263357751,-2.4,13413351,7.4,-3,-0.3
"US000","5","8111","16","0","2021","1","",165370,901422,903323,916924,9384130673,7092719728,117979581,796,"",1.00,1.00,1.00,1.00,1.00,1.00,1.00,1.00,"",1824,1.1,-39358,-4.2,-43147,-4.6,-21995,-2.3,-383023211,-3.9,-185686896,-2.6,9943310,9.2,-2,-0.3
"US000","5","81111","17","0","2021","1","",93456,397695,398372,401637,4403554480,3359056292,53782996,848,"",1.00,1.00,1.00,1.00,1.00,1.00,1.00,1.00,"",609,0.7,-5624,-1.4,-6835,-1.7,-204,-0.1,12428023,0.3,19349217,0.6,6008738,12.6,11,1.3
"US000","5","811111","18","0","2021","1","",82684,352944,353318,356297,3921109785,2989495686,48238067,852,"",1.00,1.00,1.00,1.00,1.00,1.00,1.00,1.00,"",873,1.1,-3218,-0.9,-4519,-1.3,1382,0.4,27130832,0.7,30179557,1.0,5694015,13.4,11,1.3
"US000","5","811112","18","0","2021","1","",2030,7191,7295,7355,71659231,58721255,916174,757,"",1.00,1.00,1.00,1.00,1.00,1.00,1.00,1.00,"",-41,-2.0,-416,-5.5,-386,-5.0,-225,-3.0,-187720,-0.3,-444109,-0.8,82006,9.8,32,4.4
"US000","5","811113","18","0","2021","1","",3810,15286,15389,15469,165822802,127343751,1904518,829,"",1.00,1.00,1.00,1.00,1.00,1.00,1.00,1.00,"",-100,-2.6,-364,-2.3,-332,-2.1,-128,-0.8,-238665,-0.1,-1418279,-1.1,79527,4.4,13,1.6
"US000","5","811118","18","0","2021","1","",4932,22274,22370,22516,244962662,183495600,2724237,842,"",1.00,1.00,1.00,1.00,1.00,1.00,1.00,1.00,"",-123,-2.4,-1626,-6.8,-1598,-6.7,-1233,-5.2,-14276424,-5.5,-8967952,-4.7,153190,6.0,7,0.8
"US000","5","81112","17","0","2021","1","",41145,259466,260612,262669,3244421262,2326269768,41518308,957,"",1.00,1.00,1.00,1.00,1.00,1.00,1.00,1.00,"",279,0.7,-20857,-7.4,-20575,-7.3,-16684,-6.0,-399416957,-11.0,-189915899,-7.5,1140351,2.8,-43,-4.3
"US000","5","811121","18","0","2021","1","",34965,227250,228133,229511,2866088936,2049686699,35941567,966,"",1.00,1.00,1.00,1.00,1.00,1.00,1.00,1.00,"",101,0.3,-20485,-8.3,-20106,-8.1,-16725,-6.8,-376873561,-11.6,-186786762,-8.4,782504,2.2,-42,-4.2
"US000","5","811122","18","0","2021","1","",6180,32216,32479,33158,378332326,276583069,5576741,892,"",1.00,1.00,1.00,1.00,1.00,1.00,1.00,1.00,"",178,3.0,-372,-1.1,-469,-1.4,41,0.1,-22543396,-5.6,-3129137,-1.1,357847,6.9,-46,-4.9
"US000","5","81119","17","0","2021","1","",30769,244261,244339,252618,1736154931,1407393668,22678277,541,"",1.00,1.00,1.00,1.00,1.00,1.00,1.00,1.00,"",936,3.1,-12877,-5.0,-15737,-6.1,-5107,-2.0,3965723,0.2,-15120214,-1.1,2794221,14.1,25,4.8
"US000","5","811191","18","0","2021","1","",7456,60676,61234,61907,486147120,390577092,5748470,610,"",1.00,1.00,1.00,1.00,1.00,1.00,1.00,1.00,"",116,1.6,-978,-1.6,-800,-1.3,495,0.8,14661070,3.1,3524638,0.9,1105966,23.8,22,3.7
"US000","5","811192","18","0","2021","1","",17047,158242,157571,164841,986687711,827724503,13173229,474,"",1.00,1.00,1.00,1.00,1.00,1.00,1.00,1.00,"",580,3.5,-11958,-7.0,-14989,-8.7,-6121,-3.6,-17809679,-1.8,-23173060,-2.7,1419641,12.1,23,5.1
"US000","5","811198","18","0","2021","1","",6266,25343,25534,25870,263320100,189092073,3756578,792,"",1.00,1.00,1.00,1.00,1.00,1.00,1.00,1.00,"",240,4.0,59,0.2,52,0.2,519,2.0,7114332,2.8,4528208,2.5,268614,7.7,15,1.9
"US000","5","8112","16","0","2021","1","",16470,103722,104464,104595,1721735189,980974344,19848400,1270,"",1.00,1.00,1.00,1.00,1.00,1.00,1.00,1.00,"",22,0.1,-1416,-1.3,-931,-0.9,-51,0.0,-3990155,-0.2,-6728639,-0.7,943561,5.0,6,0.5
"US000","5","81121","17","0","2021","1","",16470,103722,104464,104595,1721735189,980974344,19848400,1270,"",1.00,1.00,1.00,1.00,1.00,1.00,1.00,1.00,"",22,0.1,-1416,-1.3,-931,-0.9,-51,0.0,-3990155,-0.2,-6728639,-0.7,943561,5.0,6,0.5
"US000","5","811211","18","0","2021","1","",2248,13947,14180,14244,162183821,108488043,2335354,883,"",1.00,1.00,1.00,1.00,1.00,1.00,1.00,1.00,"",3,0.1,-41,-0.3,73,0.5,317,2.3,8144164,5.3,2524212,2.4,196070,9.2,37,4.4
"US000","5","811212","18","0","2021","1","",6599,37425,37701,37627,607268626,348452311,7853865,1243,"",1.00,1.00,1.00,1.00,1.00,1.00,1.00,1.00,"",-72,-1.1,-1189,-3.1,-944,-2.4,-838,-2.2,14088662,2.4,-6703418,-1.9,345246,4.6,60,5.1
"US000","5","811213","18","0","2021","1","",1956,15138,15097,15144,221391322,128184137,2689841,1126,"",1.00,1.00,1.00,1.00,1.00,1.00,1.00,1.00,"",-6,-0.3,33,0.2,-15,-0.1,165,1.1,-7889968,-3.4,-2271664,-1.7,-166356,-5.8,-45,-3.8
"US000","5","811219","18","0","2021","1","",5667,37212,37486,37580,730891420,395849853,6969340,1502,"",1.00,1.00,1.00,1.00,1.00,1.00,1.00,1.00,"",97,1.7,-219,-0.6,-45,-0.1,305,0.8,-18333013,-2.4,-277769,-0.1,568601,8.9,-38,-2.5
"US000","5","8113","16","0","2021","1","",29190,202964,206179,211647,3448597243,2100302886,46382639,1282,"",1.00,1.00,1.00,1.00,1.00,1.00,1.00,1.00,"",114,0.4,-9246,-4.4,-9890,-4.6,-5831,-2.7,-212371997,-5.8,-79528215,-3.6,1457112,3.2,-26,-2.0
"US000","5","81131","17","0","2021","1","",29190,202964,206179,211647,3448597243,2100302886,46382639,1282,"",1.00,1.00,1.00,1.00,1.00,1.00,1.00,1.00,"",114,0.4,-9246,-4.4,-9890,-4.6,-5831,-2.7,-212371997,-5.8,-79528215,-3.6,1457112,3.2,-26,-2.0
"US000","5","811310","18","0","2021","1","",29190,202964,206179,211647,3448597243,2100302886,46382639,1282,"",1.00,1.00,1.00,1.00,1.00,1.00,1.00,1.00,"",114,0.4,-9246,-4.4,-9890,-4.6,-5831,-2.7,-212371997,-5.8,-79528215,-3.6,1457112,3.2,-26,-2.0
"US000","5","8114","16","0","2021","1","",22822,73204,74092,75708,732103979,546965367,10139503,758,"",1.00,1.00,1.00,1.00,1.00,1.00,1.00,1.00,"",345,1.5,-1981,-2.6,-1651,-2.2,787,1.1,10164242,1.4,8585999,1.6,1069368,11.8,20,2.7
"US000","5","81141","17","0","2021","1","",7289,26908,27209,27528,289782924,215162902,4104521,819,"",1.00,1.00,1.00,1.00,1.00,1.00,1.00,1.00,"",348,5.0,677,2.6,904,3.4,1362,5.2,15164374,5.5,12714527,6.3,457625,12.5,14,1.7
"US000","5","811411","18","0","2021","1","",1828,4927,5045,5243,45520137,35379430,709677,690,"",1.00,1.00,1.00,1.00,1.00,1.00,1.00,1.00,"",33,1.8,157,3.3,262,5.5,365,7.5,4105429,9.9,3350535,10.5,4767,0.7,28,4.2
"US000","5","811412","18","0","2021","1","",5461,21981,22164,22285,244262787,179783472,3394844,849,"",1.00,1.00,1.00,1.00,1.00,1.00,1.00,1.00,"",315,6.1,520,2.4,642,3.0,997,4.7,11058945,4.7,9363992,5.5,452858,15.4,12,1.4
"US000","5","81142","17","0","2021","1","",3674,12746,12888,13133,119733232,94458012,1727015,713,"",1.00,1.00,1.00,1.00,1.00,1.00,1.00,1.00,"",-52,-1.4,-999,-7.3,-991,-7.1,-538,-3.9,-3028008,-2.5,-3321057,-3.4,125846,7.9,27,3.9
"US000","5","811420","18","0","2021","1","",3674,12746,12888,13133,119733232,94458012,1727015,713,"",1.00,1.00,1.00,1.00,1.00,1.00,1.00,1.00,"",-52,-1.4,-999,-7.3,-991,-7.1,-538,-3.9,-3028008,-2.5,-3321057,-3.4,125846,7.9,27,3.9
"US000","5","81143","17","0","2021","1","",803,1562,1585,1605,11292068,9616454,152852,548,"",1.00,1.00,1.00,1.00,1.00,1.00,1.00,1.00,"",-74,-8.4,-697,-30.9,-689,-30.3,-478,-22.9,-4687348,-29.3,-3928302,-29.0,-25260,-14.2,-9,-1.6
"US000","5","811430","18","0","2021","1","",803,1562,1585,1605,11292068,9616454,152852,548,"",1.00,1.00,1.00,1.00,1.00,1.00,1.00,1.00,"",-74,-8.4,-697,-30.9,-689,-30.3,-478,-22.9,-4687348,-29.3,-3928302,-29.0,-25260,-14.2,-9,-1.6
"US000","5","81149","17","0","2021","1","",11056,31988,32410,33442,311295755,227727999,4155115,734,"",1.00,1.00,1.00,1.00,1.00,1.00,1.00,1.00,"",123,1.1,-962,-2.9,-875,-2.6,441,1.3,2715224,0.9,3120831,1.4,511157,14.0,16,2.2
"US000","5","811490","18","0","2021","1","",11056,31988,32410,33442,311295755,227727999,4155115,734,"",1.00,1.00,1.00,1.00,1.00,1.00,1.00,1.00,"",123,1.1,-962,-2.9,-875,-2.6,441,1.3,2715224,0.9,3120831,1.4,511157,14.0,16,2.2
"US000","5","812","15","0","2021","1","",237077,1221737,1263973,1288189,9468380725,7356901912,126034845,579,"",1.00,1.00,1.00,1.00,1.00,1.00,1.00,1.00,"",2714,1.2,-304293,-19.9,-268158,-17.5,-200298,-13.5,-1531322086,-13.9,-1273541949,-14.8,-1026955,-0.8,21,3.8
"US000","5","8121","16","0","2021","1","",137014,590860,628445,641875,3937520391,3381755470,56013705,488,"",1.00,1.00,1.00,1.00,1.00,1.00,1.00,1.00,"",2180,1.6,-150839,-20.3,-118693,-15.9,-77063,-10.7,-661929679,-14.4,-555120618,-14.1,2160640,4.0,7,1.5
"US000","5","81211","17","0","2021","1","",110220,451523,481829,492832,2972628929,2609107897,41664587,481,"",1.00,1.00,1.00,1.00,1.00,1.00,1.00,1.00,"",1367,1.3,-118431,-20.8,-90011,-15.7,-55550,-10.1,-505535826,-14.5,-425505594,-14.0,2297352,5.8,6,1.3
"US000","5","812111","18","0","2021","1","",6521,26184,27241,27599,184520251,163946507,2855186,526,"",1.00,1.00,1.00,1.00,1.00,1.00,1.00,1.00,"",272,4.4,-6508,-19.9,-5684,-17.3,-4143,-13.1,-44702997,-19.5,-37552199,-18.6,177162,6.6,-17,-3.1
"US000","5","812112","18","0","2021","1","",73914,327196,340736,346223,2214683986,1909039405,28271424,504,"",1.00,1.00,1.00,1.00,1.00,1.00,1.00,1.00,"",-1032,-1.4,-89225,-21.4,-75286,-18.1,-53879,-13.5,-470798685,-17.5,-402023378,-17.4,762109,2.8,1,0.2
"US000","5","812113","18","0","2021","1","",29785,98143,113852,119010,573424692,536121985,10537977,400,"",1.00,1.00,1.00,1.00,1.00,1.00,1.00,1.00,"",2127,7.7,-22698,-18.8,-9041,-7.4,2472,2.1,9965856,1.8,14069983,2.7,1358081,14.8,39,10.8
"US000","5","81219","17","0","2021","1","",26794,139337,146616,149043,964891462,772647573,14349118,512,"",1.00,1.00,1.00,1.00,1.00,1.00,1.00,1.00,"",813,3.1,-32408,-18.9,-28682,-16.4,-21513,-12.6,-156393853,-13.9,-129615024,-14.4,-136712,-0.9,12,2.4
"US000","5","812191","18","0","2021","1","",3039,14755,15567,14790,126211230,75911914,1536566,646,"",1.00,1.00,1.00,1.00,1.00,1.00,1.00,1.00,"",-34,-1.1,-7380,-33.3,-6874,-30.6,-7382,-33.3,-48204130,-27.6,-26092350,-25.6,142009,10.2,43,7.1
"US000","5","812199","18","0","2021","1","",23755,124582,131049,134253,838680232,696735659,12812552,496,"",1.00,1.00,1.00,1.00,1.00,1.00,1.00,1.00,"",847,3.7,-25028,-16.7,-21808,-14.3,-14131,-9.5,-108189723,-11.4,-103522674,-12.9,-278721,-2.1,11,2.3
"US000","5","8122","16","0","2021","1","",18204,128757,128778,129768,1412048636,912693521,14569606,841,"",1.00,1.00,1.00,1.00,1.00,1.00,1.00,1.00,"",-25,-0.1,-5332,-4.0,-4508,-3.4,-3173,-2.4,77613164,5.8,25001573,2.8,1856947,14.6,72,9.4
"US000","5","81221","17","0","2021","1","",13762,101992,102024,102632,1078864795,713489104,9344433,812,"",1.00,1.00,1.00,1.00,1.00,1.00,1.00,1.00,"",-51,-0.4,-4248,-4.0,-3577,-3.4,-2238,-2.1,60655375,6.0,23954848,3.5,1460742,18.5,70,9.4
"US000","5","812210","18","0","2021","1","",13762,101992,102024,102632,1078864795,713489104,9344433,812,"",1.00,1.00,1.00,1.00,1.00,1.00,1.00,1.00,"",-51,-0.4,-4248,-4.0,-3577,-3.4,-2238,-2.1,60655375,6.0,23954848,3.5,1460742,18.5,70,9.4
"US000","5","81222","17","0","2021","1","",4442,26765,26754,27136,333183841,199204417,5225173,953,"",1.00,1.00,1.00,1.00,1.00,1.00,1.00,1.00,"",26,0.6,-1084,-3.9,-931,-3.4,-935,-3.3,16957789,5.4,1046725,0.5,396205,8.2,80,9.2
"US000","5","812220","18","0","2021","1","",4442,26765,26754,27136,333183841,199204417,5225173,953,"",1.00,1.00,1.00,1.00,1.00,1.00,1.00,1.00,"",26,0.6,-1084,-3.9,-931,-3.4,-935,-3.3,16957789,5.4,1046725,0.5,396205,8.2,80,9.2
"US000","5","8123","16","0","2021","1","",29433,225039,225708,228429,1847153536,1451882676,24104854,628,"",1.00,1.00,1.00,1.00,1.00,1.00,1.00,1.00,"",-1347,-4.4,-63827,-22.1,-62748,-21.8,-54287,-19.2,-486579146,-20.8,-394304724,-21.4,-2702648,-10.1,2,0.3
"US000","5","81231","17","0","2021","1","",9496,34377,34469,34713,189648767,164625205,3127541,423,"",1.00,1.00,1.00,1.00,1.00,1.00,1.00,1.00,"",-52,-0.5,-2581,-7.0,-2558,-6.9,-1896,-5.2,-12370153,-6.1,-8852817,-5.1,475718,17.9,1,0.2
"US000","5","812310","18","0","2021","1","",9496,34377,34469,34713,189648767,164625205,3127541,423,"",1.00,1.00,1.00,1.00,1.00,1.00,1.00,1.00,"",-52,-0.5,-2581,-7.0,-2558,-6.9,-1896,-5.2,-12370153,-6.1,-8852817,-5.1,475718,17.9,1,0.2
"US000","5","81232","17","0","2021","1","",17115,81564,81969,83566,459157807,401461171,5754736,429,"",1.00,1.00,1.00,1.00,1.00,1.00,1.00,1.00,"",-1297,-7.0,-36368,-30.8,-35800,-30.4,-29709,-26.2,-217214223,-32.1,-196701394,-32.9,-1535547,-21.1,-18,-4.0
"US000","5","812320","18","0","2021","1","",17115,81564,81969,83566,459157807,401461171,5754736,429,"",1.00,1.00,1.00,1.00,1.00,1.00,1.00,1.00,"",-1297,-7.0,-36368,-30.8,-35800,-30.4,-29709,-26.2,-217214223,-32.1,-196701394,-32.9,-1535547,-21.1,-18,-4.0
"US000","5","81233","17","0","2021","1","",2822,109098,109270,110150,1198346962,885796300,15222577,842,"",1.00,1.00,1.00,1.00,1.00,1.00,1.00,1.00,"",2,0.1,-24878,-18.6,-24390,-18.2,-22682,-17.1,-256994770,-17.7,-188750513,-17.6,-1642819,-9.7,3,0.4
"US000","5","812331","18","0","2021","1","",1413,51134,51127,51769,509972241,397754758,6310965,764,"",1.00,1.00,1.00,1.00,1.00,1.00,1.00,1.00,"",-32,-2.2,-15982,-23.8,-15951,-23.8,-14935,-22.4,-140875756,-21.6,-121020510,-23.3,-1086263,-14.7,16,2.1
"US000","5","812332","18","0","2021","1","",1409,57964,58143,58381,688374721,488041542,8911612,910,"",1.00,1.00,1.00,1.00,1.00,1.00,1.00,1.00,"",34,2.5,-8896,-13.3,-8439,-12.7,-7747,-11.7,-116119014,-14.4,-67730003,-12.2,-556556,-5.9,-20,-2.2
"US000","5","8129","16","0","2021","1","",52426,277081,281042,288117,2271658162,1610570245,31346680,619,"",1.00,1.00,1.00,1.00,1.00,1.00,1.00,1.00,"",1906,3.8,-84295,-23.3,-82209,-22.6,-65775,-18.6,-460426425,-16.9,-349118180,-17.8,-2341894,-7.0,34,5.8
"US000","5","81291","17","0","2021","1","",21589,125533,126265,130687,767429170,641135032,10657990,463,"",1.00,1.00,1.00,1.00,1.00,1.00,1.00,1.00,"",770,3.7,-14729,-10.5,-14138,-10.1,-7744,-5.6,-38336001,-4.8,-40011857,-5.9,724985,7.3,19,4.3
"US000","5","812910","18","0","2021","1","",21589,125533,126265,130687,767429170,641135032,10657990,463,"",1.00,1.00,1.00,1.00,1.00,1.00,1.00,1.00,"",770,3.7,-14729,-10.5,-14138,-10.1,-7744,-5.6,-38336001,-4.8,-40011857,-5.9,724985,7.3,19,4.3
"US000","5","81292","17","0","2021","1","",640,5497,5501,5580,84569337,41714747,1231076,1177,"",1.00,1.00,1.00,1.00,1.00,1.00,1.00,1.00,"",-21,-3.2,-1935,-26.0,-2069,-27.3,-1941,-25.8,-45443314,-35.0,-15167017,-26.7,-278480,-18.4,-155,-11.6
"US000","5","812921","18","0","2021","1","",486,5120,5107,5175,81446120,39497820,1195230,1220,"",1.00,1.00,1.00,1.00,1.00,1.00,1.00,1.00,"",-7,-1.4,-1823,-26.3,-1972,-27.9,-1868,-26.5,-44922708,-35.5,-14594531,-27.0,-270032,-18.4,-164,-11.8
"US000","5","812922","18","0","2021","1","",154,377,394,405,3123217,2216927,35846,613,"",1.00,1.00,1.00,1.00,1.00,1.00,1.00,1.00,"",-14,-8.3,-112,-22.9,-97,-19.8,-73,-15.3,-520606,-14.3,-572486,-20.5,-8448,-19.1,36,6.2
"US000","5","81293","17","0","2021","1","",7953,81953,83500,84538,636641370,491162522,10116987,588,"",1.00,1.00,1.00,1.00,1.00,1.00,1.00,1.00,"",-461,-5.5,-61136,-42.7,-60435,-42.0,-54277,-39.1,-353904124,-35.7,-287814222,-36.9,-3448250,-25.4,51,9.5
"US000","5","812930","18","0","2021","1","",7953,81953,83500,84538,636641370,491162522,10116987,588,"",1.00,1.00,1.00,1.00,1.00,1.00,1.00,1.00,"",-461,-5.5,-61136,-42.7,-60435,-42.0,-54277,-39.1,-353904124,-35.7,-287814222,-36.9,-3448250,-25.4,51,9.5
"US000","5","81299","17","0","2021","1","",22244,64098,65776,67312,783018285,436557944,9340627,916,"",1.00,1.00,1.00,1.00,1.00,1.00,1.00,1.00,"",1618,7.8,-6495,-9.2,-5567,-7.8,-1813,-2.6,-22742986,-2.8,-6125084,-1.4,659851,7.6,35,4.0
"US000","5","812990","18","0","2021","1","",22244,64098,65776,67312,783018285,436557944,9340627,916,"",1.00,1.00,1.00,1.00,1.00,1.00,1.00,1.00,"",1618,7.8,-6495,-9.2,-5567,-7.8,-1813,-2.6,-22742986,-2.8,-6125084,-1.4,659851,7.6,35,4.0
"US000","5","813","15","0","2021","1","",156795,1171186,1182468,1195387,16347793816,6863063812,141463405,1063,"",1.00,1.00,1.00,1.00,1.00,1.00,1.00,1.00,"",4166,2.7,-202580,-14.7,-205173,-14.8,-181177,-13.2,-914284063,-5.3,-334848518,-4.7,11778268,9.1,100,10.4
"US000","5","8131","16","0","2021","1","",24507,179215,180715,181110,1487880390,501063353,11047184,635,"",1.00,1.00,1.00,1.00,1.00,1.00,1.00,1.00,"",507,2.1,-22519,-11.2,-22586,-11.1,-18969,-9.5,-85965970,-5.5,-22372083,-4.3,1952241,21.5,35,5.8
"US000","5","81311","17","0","2021","1","",24507,179215,180715,181110,1487880390,501063353,11047184,635,"",1.00,1.00,1.00,1.00,1.00,1.00,1.00,1.00,"",507,2.1,-22519,-11.2,-22586,-11.1,-18969,-9.5,-85965970,-5.5,-22372083,-4.3,1952241,21.5,35,5.8
"US000","5","813110","18","0","2021","1","",24507,179215,180715,181110,1487880390,501063353,11047184,635,"",1.00,1.00,1.00,1.00,1.00,1.00,1.00,1.00,"",507,2.1,-22519,-11.2,-22586,-11.1,-18969,-9.5,-85965970,-5.5,-22372083,-4.3,1952241,21.5,35,5.8
"US000","5","8132","16","0","2021","1","",19277,138191,139939,140607,2754993061,942130916,20849302,1518,"",1.00,1.00,1.00,1.00,1.00,1.00,1.00,1.00,"",1224,6.8,-8688,-5.9,-9690,-6.5,-8782,-5.9,-32762995,-1.2,17752828,1.9,3016226,16.9,75,5.2
"US000","5","81321","17","0","2021","1","",19277,138191,139939,140607,2754993061,942130916,20849302,1518,"",1.00,1.00,1.00,1.00,1.00,1.00,1.00,1.00,"",1224,6.8,-8688,-5.9,-9690,-6.5,-8782,-5.9,-32762995,-1.2,17752828,1.9,3016226,16.9,75,5.2
"US000","5","813211","18","0","2021","1","",10201,64992,66337,66822,1494237385,514160611,10353014,1740,"",1.00,1.00,1.00,1.00,1.00,1.00,1.00,1.00,"",436,4.5,-4213,-6.1,-4961,-7.0,-4190,-5.9,-7902240,-0.5,10075204,2.0,1547628,17.6,101,6.2
"US000","5","813212","18","0","2021","1","",4444,36234,36336,36254,691223464,220406514,5511611,1466,"",1.00,1.00,1.00,1.00,1.00,1.00,1.00,1.00,"",138,3.2,-4080,-10.1,-4325,-10.6,-4475,-11.0,-47035187,-6.4,-996428,-0.5,749979,15.8,66,4.7
"US000","5","813219","18","0","2021","1","",4632,36965,37266,37531,569532212,207563791,4984677,1176,"",1.00,1.00,1.00,1.00,1.00,1.00,1.00,1.00,"",650,16.3,-395,-1.1,-404,-1.1,-117,-0.3,22174432,4.1,8674052,4.4,718619,16.8,55,4.9
"US000","5","8133","16","0","2021","1","",27026,218430,219776,221550,3090923408,1494408996,35012760,1081,"",1.00,1.00,1.00,1.00,1.00,1.00,1.00,1.00,"",1974,7.9,-6512,-2.9,-7995,-3.5,-5728,-2.5,14921036,0.5,24795394,1.7,4759476,15.7,37,3.5
"US000","5","81331","17","0","2021","1","",27026,218430,219776,221550,3090923408,1494408996,35012760,1081,"",1.00,1.00,1.00,1.00,1.00,1.00,1.00,1.00,"",1974,7.9,-6512,-2.9,-7995,-3.5,-5728,-2.5,14921036,0.5,24795394,1.7,4759476,15.7,37,3.5
"US000","5","813311","18","0","2021","1","",5376,50218,50370,50735,726000852,340982299,8519945,1107,"",1.00,1.00,1.00,1.00,1.00,1.00,1.00,1.00,"",377,7.5,-1112,-2.2,-1446,-2.8,-608,-1.2,16542564,2.3,12562690,3.8,1698918,24.9,47,4.4
"US000","5","813312","18","0","2021","1","",7694,65631,66063,66845,885100581,408690177,8168644,1029,"",1.00,1.00,1.00,1.00,1.00,1.00,1.00,1.00,"",270,3.6,-4446,-6.3,-4521,-6.4,-3946,-5.6,-39479221,-4.3,-6104050,-1.5,707326,9.5,20,2.0
"US000","5","813319","18","0","2021","1","",13956,102581,103343,103970,1479821975,744736520,18324171,1102,"",1.00,1.00,1.00,1.00,1.00,1.00,1.00,1.00,"",1327,10.5,-954,-0.9,-2028,-1.9,-1174,-1.1,37857693,2.6,18336754,2.5,2353232,14.7,42,4.0
"US000","5","8134","16","0","2021","1","",25446,241441,248850,254618,1634267480,665930233,12745011,506,"",1.00,1.00,1.00,1.00,1.00,1.00,1.00,1.00,"",-115,-0.4,-130179,-35.0,-126671,-33.7,-115256,-31.2,-431702368,-20.9,-141560235,-17.5,-1390766,-9.8,79,18.5
"US000","5","81341","17","0","2021","1","",25446,241441,248850,254618,1634267480,665930233,12745011,506,"",1.00,1.00,1.00,1.00,1.00,1.00,1.00,1.00,"",-115,-0.4,-130179,-35.0,-126671,-33.7,-115256,-31.2,-431702368,-20.9,-141560235,-17.5,-1390766,-9.8,79,18.5
"US000","5","813410","18","0","2021","1","",25446,241441,248850,254618,1634267480,665930233,12745011,506,"",1.00,1.00,1.00,1.00,1.00,1.00,1.00,1.00,"",-115,-0.4,-130179,-35.0,-126671,-33.7,-115256,-31.2,-431702368,-20.9,-141560235,-17.5,-1390766,-9.8,79,18.5
"US000","5","8139","16","0","2021","1","",60539,393909,393188,397502,7379729477,3259530314,61809148,1438,"",1.00,1.00,1.00,1.00,1.00,1.00,1.00,1.00,"",576,1.0,-34682,-8.1,-38231,-8.9,-32442,-7.5,-378773766,-4.9,-213464422,-6.1,3441091,5.9,50,3.6
"US000","5","81391","17","0","2021","1","",19864,109134,109258,109619,2645467697,1066472042,18887103,1861,"",1.00,1.00,1.00,1.00,1.00,1.00,1.00,1.00,"",288,1.5,-7819,-6.7,-8016,-6.8,-7212,-6.2,-118765660,-4.3,-53504459,-4.8,890118,4.9,44,2.4
"US000","5","813910","18","0","2021","1","",19864,109134,109258,109619,2645467697,1066472042,18887103,1861,"",1.00,1.00,1.00,1.00,1.00,1.00,1.00,1.00,"",288,1.5,-7819,-6.7,-8016,-6.8,-7212,-6.2,-118765660,-4.3,-53504459,-4.8,890118,4.9,44,2.4
"US000","5","81392","17","0","2021","1","",9541,84868,84736,84746,2160777244,759225565,15773774,1960,"",1.00,1.00,1.00,1.00,1.00,1.00,1.00,1.00,"",531,5.9,-1833,-2.1,-2172,-2.5,-1954,-2.3,-22653645,-1.0,-12147944,-1.6,2132090,15.6,24,1.2
"US000","5","813920","18","0","2021","1","",9541,84868,84736,84746,2160777244,759225565,15773774,1960,"",1.00,1.00,1.00,1.00,1.00,1.00,1.00,1.00,"",531,5.9,-1833,-2.1,-2172,-2.5,-1954,-2.3,-22653645,-1.0,-12147944,-1.6,2132090,15.6,24,1.2
"US000","5","81393","17","0","2021","1","",12998,96546,96614,99806,1252713563,667883677,12717281,987,"",1.00,1.00,1.00,1.00,1.00,1.00,1.00,1.00,"",-157,-1.2,-9799,-9.2,-10375,-9.7,-6700,-6.3,-48122065,-3.7,-37093552,-5.3,897333,7.6,48,5.1
"US000","5","813930","18","0","2021","1","",12998,96546,96614,99806,1252713563,667883677,12717281,987,"",1.00,1.00,1.00,1.00,1.00,1.00,1.00,1.00,"",-157,-1.2,-9799,-9.2,-10375,-9.7,-6700,-6.3,-48122065,-3.7,-37093552,-5.3,897333,7.6,48,5.1
"US000","5","81394","17","0","2021","1","",3139,9219,7984,8312,147909820,82516165,2066905,1338,"",1.00,1.00,1.00,1.00,1.00,1.00,1.00,1.00,"",97,3.2,-5054,-35.4,-7688,-49.1,-7845,-48.6,-99758140,-40.3,-69003395,-45.5,-1508390,-42.2,98,7.9
"US000","5","813940","18","0","2021","1","",3139,9219,7984,8312,147909820,82516165,2066905,1338,"",1.00,1.00,1.00,1.00,1.00,1.00,1.00,1.00,"",97,3.2,-5054,-35.4,-7688,-49.1,-7845,-48.6,-99758140,-40.3,-69003395,-45.5,-1508390,-42.2,98,7.9
"US000","5","81399","17","0","2021","1","",14997,94142,94596,95019,1172861153,683432865,12364085,954,"",1.00,1.00,1.00,1.00,1.00,1.00,1.00,1.00,"",-183,-1.2,-10177,-9.8,-9980,-9.5,-8731,-8.4,-89474256,-7.1,-41715072,-5.8,1029940,9.1,22,2.4
"US000","5","813990","18","0","2021","1","",14997,94142,94596,95019,1172861153,683432865,12364085,954,"",1.00,1.00,1.00,1.00,1.00,1.00,1.00,1.00,"",-183,-1.2,-10177,-9.8,-9980,-9.5,-8731,-8.4,-89474256,-7.1,-41715072,-5.8,1029940,9.1,22,2.4
"US000","5","814","15","0","2021","1","",202488,218640,219501,220773,1800188205,1361272269,28074186,630,"",1.00,1.00,1.00,1.00,1.00,1.00,1.00,1.00,"",5180,2.6,-9558,-4.2,-9422,-4.1,-7534,-3.3,23429943,1.3,44407198,3.4,4522774,19.2,32,5.4
"US000","5","8141","16","0","2021","1","",202488,218640,219501,220773,1800188205,1361272269,28074186,630,"",1.00,1.00,1.00,1.00,1.00,1.00,1.00,1.00,"",5180,2.6,-9558,-4.2,-9422,-4.1,-7534,-3.3,23429943,1.3,44407198,3.4,4522774,19.2,32,5.4
"US000","5","81411","17","0","2021","1","",202488,218640,219501,220773,1800188205,1361272269,28074186,630,"",1.00,1.00,1.00,1.00,1.00,1.00,1.00,1.00,"",5180,2.6,-9558,-4.2,-9422,-4.1,-7534,-3.3,23429943,1.3,44407198,3.4,4522774,19.2,32,5.4
"US000","5","814110","18","0","2021","1","",202488,218640,219501,220773,1800188205,1361272269,28074186,630,"",1.00,1.00,1.00,1.00,1.00,1.00,1.00,1.00,"",5180,2.6,-9558,-4.2,-9422,-4.1,-7534,-3.3,23429943,1.3,44407198,3.4,4522774,19.2,32,5.4
"US000","5","99","14","0","2021","1","",195766,142738,150790,156512,2403198943,1382001800,38294097,1232,"",1.00,1.00,1.00,1.00,1.00,1.00,1.00,1.00,"",28973,17.4,11183,8.5,12819,9.3,21054,15.5,390039975,19.4,257616823,22.9,10553372,38.0,85,7.4
"US000","5","999","15","0","2021","1","",195766,142738,150790,156512,2403198943,1382001800,38294097,1232,"",1.00,1.00,1.00,1.00,1.00,1.00,1.00,1.00,"",28973,17.4,11183,8.5,12819,9.3,21054,15.5,390039975,19.4,257616823,22.9,10553372,38.0,85,7.4
"US000","5","9999","16","0","2021","1","",195766,142738,150790,156512,2403198943,1382001800,38294097,1232,"",1.00,1.00,1.00,1.00,1.00,1.00,1.00,1.00,"",28973,17.4,11183,8.5,12819,9.3,21054,15.5,390039975,19.4,257616823,22.9,10553372,38.0,85,7.4
"US000","5","99999","17","0","2021","1","",195766,142738,150790,156512,2403198943,1382001800,38294097,1232,"",1.00,1.00,1.00,1.00,1.00,1.00,1.00,1.00,"",28973,17.4,11183,8.5,12819,9.3,21054,15.5,390039975,19.4,257616823,22.9,10553372,38.0,85,7.4
"US000","5","999999","18","0","2021","1","",195766,142738,150790,156512,2403198943,1382001800,38294097,1232,"",1.00,1.00,1.00,1.00,1.00,1.00,1.00,1.00,"",28973,17.4,11183,8.5,12819,9.3,21054,15.5,390039975,19.4,257616823,22.9,10553372,38.0,85,7.4
"US000","8","10","95","0","2021","1","",302395,20978445,21130156,21216938,323450150264,12370945424,116637921,1179,"",1.00,1.00,1.00,1.00,1.00,1.00,1.00,1.00,"",173,0.1,-1015956,-4.6,-1078418,-4.9,-1047600,-4.7,-3756392806,-1.1,-347010974,-2.7,12905317,12.4,43,3.8
"US000","9","10","94","0","2021","1","",10594099,135560028,136517741,137722315,2276771469116,927558934773,18237281430,1282,"",1.00,1.00,1.00,1.00,1.00,1.00,1.00,1.00,"",300257,2.9,-8833429,-6.1,-8454244,-5.8,-6483782,-4.5,-6001957845,-0.3,-30165124505,-3.1,813919205,4.7,67,5.5
